20.1416 57.0962
20.5078 58.3957
20.874 59.5827
21.2402 60.6517
21.6064 62.5463
21.9727 64.534
22.3389 65.9301
22.7051 66.6864
23.0713 66.9974
23.4375 67.0445
23.8037 66.7913
24.1699 66.3672
24.5361 65.999
24.9023 65.9736
25.2686 66.1801
25.6348 66.6042
26.001 67.1051
26.3672 67.4348
26.7334 67.9474
27.0996 68.4546
27.4658 68.8832
27.832 69.2985
28.1982 69.7686
28.5645 70.2574
28.9307 70.7133
29.2969 71.1363
29.6631 71.5743
30.0293 72.0941
30.3955 72.7419
30.7617 73.5079
31.1279 74.6827
31.4941 75.396
31.8604 76.0368
32.2266 76.6525
32.5928 77.2786
32.959 77.5642
33.3252 78.1912
33.6914 78.8186
34.0576 79.439
34.4238 80.0639
34.79 80.7144
35.1563 81.4029
35.5225 82.1268
35.8887 82.8749
36.2549 83.6441
36.6211 84.4493
36.9873 85.8111
37.3535 86.7793
37.7197 87.794
38.0859 88.8276
38.4521 89.86
38.8184 90.8924
39.1846 91.4554
39.5508 92.5274
39.917 93.6254
40.2832 94.7458
40.6494 95.8672
41.0156 96.9493
41.3818 97.9456
41.748 98.8206
42.1143 99.5555
42.4805 100.142
42.8467 100.575
43.2129 100.668
43.5791 100.699
43.9453 100.57
44.3115 100.272
44.6777 99.8003
45.0439 99.1573
45.4102 98.3549
45.7764 97.7897
46.1426 96.8805
46.5088 95.9844
46.875 95.1593
47.2412 94.4287
47.6074 93.7943
47.9736 93.2454
48.3398 92.7634
48.7061 92.3264
49.0723 91.9156
49.4385 91.4205
49.8047 91.0449
50.1709 90.7206
50.5371 90.4624
50.9033 90.2745
51.2695 90.1403
51.6357 90.0133
52.0019 89.8369
52.3682 89.6219
52.7344 89.3627
53.1006 89.041
53.4668 88.677
53.833 88.2968
54.1992 87.9263
54.5654 87.5858
54.9316 87.2857
55.2978 87.0247
55.6641 86.7171
56.0303 86.4713
56.3965 86.2171
56.7627 85.9649
57.1289 85.7361
57.4951 85.5505
57.8613 85.4181
58.2275 85.339
58.5937 85.3058
58.96 85.3379
59.3262 85.3608
59.6924 85.4235
60.0586 85.5318
60.4248 85.6831
60.791 85.8653
61.1572 86.0638
61.5234 86.2664
61.8896 86.615
62.2559 86.7629
62.6221 86.8893
62.9883 86.9957
63.3545 87.0834
63.7207 87.1506
64.0869 87.1941
64.4531 87.212
64.8193 87.2038
65.1855 87.1717
65.5518 87.0505
65.918 87.0167
66.2842 86.9881
66.6504 86.9656
67.0166 86.9381
67.3828 86.8906
67.749 86.8339
68.1152 86.7529
68.4814 86.66
68.8476 86.5664
69.2139 86.4832
69.5801 86.4223
69.9463 86.3959
70.3125 86.4162
70.6787 86.4916
71.0449 86.6228
71.4111 86.8017
71.7773 86.9265
72.1435 87.1441
72.5098 87.3865
72.876 87.6509
73.2422 87.9369
73.6084 88.2405
73.9746 88.7161
74.3408 89.0329
74.707 89.3496
75.0732 89.6724
75.4394 90.0097
75.8057 90.3684
76.1719 90.7515
76.5381 91.1598
76.9043 91.5927
77.2705 92.0502
77.6367 92.5319
78.0029 93.0353
78.3691 93.3435
78.7353 93.8575
79.1016 94.3715
79.4678 94.874
79.834 95.3543
80.2002 95.9671
80.5664 96.3422
80.9326 96.6853
81.2988 97.0028
81.665 97.3009
82.0312 97.5838
82.3975 97.8539
82.7637 98.1135
83.1299 98.3655
83.4961 98.6125
83.8623 98.8549
84.2285 99.0913
84.5947 99.3184
84.9609 99.3859
85.3271 99.6112
85.6934 99.8215
86.0596 100.014
86.4258 100.275
86.792 100.408
87.1582 100.504
87.5244 100.557
87.8906 100.565
88.2568 100.53
88.623 100.456
88.9893 100.35
89.3555 100.221
89.7217 100.078
90.0879 99.927
90.4541 99.7722
90.8203 99.6114
91.1865 99.4394
91.5527 99.2231
91.9189 99.0219
92.2851 98.8027
92.6514 98.3256
93.0176 98.0684
93.3838 97.7956
93.75 97.507
94.1162 97.2022
94.4824 96.8814
94.8486 96.5451
95.2148 96.1934
95.581 95.8261
95.9473 95.4436
96.3135 95.0474
96.6797 94.6407
97.0459 94.2284
97.4121 93.8171
97.7783 93.4144
98.1445 93.308
98.5107 92.935
98.8769 92.5242
99.2432 92.2333
99.6094 91.9821
99.9756 91.7703
100.342 91.5955
100.708 91.4539
101.074 91.3415
101.44 91.2542
101.807 91.1873
102.173 91.1352
102.539 91.0919
102.905 91.0511
103.271 91.0062
103.638 90.9513
104.004 90.8812
104.37 90.7925
104.736 90.5718
105.103 90.4332
105.469 90.2868
105.835 90.1312
106.201 89.9656
106.567 89.792
106.934 89.6162
107.3 89.444
107.666 89.2788
108.032 89.1221
108.398 88.9754
108.765 88.841
109.131 88.7205
109.497 88.6146
109.863 88.5225
110.229 88.442
110.596 88.3707
110.962 88.3822
111.328 88.3503
111.694 88.3238
112.061 88.3014
112.427 88.2837
112.793 88.2728
113.159 88.2713
113.525 88.2816
113.892 88.3049
114.258 88.3423
114.624 88.3947
114.99 88.4634
115.356 88.5503
115.723 88.6576
116.089 88.7872
116.455 88.9405
116.821 89.1173
117.187 89.4508
117.554 89.5741
117.92 89.7636
118.286 89.9604
118.652 90.1613
119.019 90.3654
119.385 90.5716
119.751 90.7764
120.117 90.9739
120.483 91.1592
120.85 91.3306
121.216 91.4896
121.582 91.638
121.948 91.7777
122.314 91.9091
122.681 92.0304
123.047 92.138
123.413 92.1759
123.779 92.219
124.146 92.1286
124.512 92.1067
124.878 92.0353
125.244 91.927
125.61 91.8409
125.977 91.7793
126.343 91.7316
126.709 91.6891
127.075 91.645
127.441 91.594
127.808 91.5333
128.174 91.462
128.54 91.3814
128.906 91.2941
129.272 91.2054
129.639 91.1477
130.005 91.1061
130.371 91.0829
130.737 91.1598
131.104 91.1626
131.47 91.1743
131.836 91.1936
132.202 91.22
132.568 91.2529
132.935 91.2919
133.301 91.3363
133.667 91.3856
134.033 91.4396
134.399 91.4986
134.766 91.5634
135.132 91.6346
135.498 91.7833
135.864 91.8652
136.23 91.9519
136.597 92.0415
136.963 92.1333
137.329 92.2043
137.695 92.3008
138.062 92.4038
138.428 92.518
138.794 92.6487
139.16 92.8009
139.526 92.9789
139.893 93.187
140.259 93.4319
140.625 93.7015
140.991 93.9422
141.357 94.153
141.724 94.4173
142.09 94.5987
142.456 94.7754
142.822 94.9528
143.188 95.1352
143.555 95.2265
143.921 95.4232
144.287 95.6306
144.653 95.8487
145.02 96.075
145.386 96.3022
145.752 96.5224
146.118 96.7308
146.484 96.9264
146.851 97.1096
147.217 97.2805
147.583 97.4389
147.949 97.6634
148.315 97.7797
148.682 97.8821
149.048 97.972
149.414 98.0508
149.78 98.1197
150.146 98.1135
150.513 98.1617
150.879 98.2019
151.245 98.2345
151.611 98.2596
151.978 98.2771
152.344 98.2864
152.71 98.2858
153.076 98.2733
153.442 98.2463
153.809 98.202
154.175 97.9969
154.541 97.8874
154.907 97.7411
155.273 97.5363
155.64 97.3102
156.006 97.1214
156.372 96.9445
156.738 96.7644
157.104 96.5892
157.471 96.4114
157.837 96.2387
158.203 96.0758
158.569 95.9245
158.936 95.7864
159.302 95.6635
159.668 95.5566
160.034 95.4646
160.4 95.3869
160.767 95.335
161.133 95.2893
161.499 95.2481
161.865 95.2102
162.231 95.1746
162.598 95.1405
162.964 95.1078
163.33 95.2137
163.696 95.1915
164.062 95.1704
164.429 95.1517
164.795 95.1364
165.161 95.1257
165.527 95.12
165.894 95.1192
166.26 95.1226
166.626 95.2272
166.992 95.2184
167.358 95.2041
167.725 95.1818
168.091 95.1492
168.457 95.1046
168.823 95.0477
169.189 94.9799
169.556 94.9053
169.922 94.8511
170.288 94.7735
170.654 94.7028
171.02 94.6403
171.387 94.5866
171.753 94.5421
172.119 94.5074
172.485 94.429
172.852 94.4128
173.218 94.4091
173.584 94.4217
173.95 94.4584
174.316 94.5374
174.683 94.6235
175.049 94.662
175.415 94.6716
175.781 94.6571
176.147 94.6134
176.514 94.426
176.88 94.3809
177.246 94.3482
177.612 94.3149
177.979 94.2754
178.345 94.2279
178.711 94.0841
179.077 94.0369
179.443 93.9837
179.81 93.9247
180.176 93.8602
180.542 93.7905
180.908 93.7159
181.274 93.637
181.641 93.5544
182.007 93.4692
182.373 93.3823
182.739 93.4122
183.105 93.3345
183.472 93.2558
183.838 93.1759
184.204 93.0948
184.57 93.0125
184.937 93.0034
185.303 92.9243
185.669 92.8467
186.035 92.7724
186.401 92.7029
186.768 92.6394
187.134 92.5828
187.5 92.5339
187.866 92.4928
188.232 92.46
188.599 92.4354
188.965 92.4189
189.331 92.4406
189.697 92.4174
190.063 92.3971
190.43 92.3769
190.796 92.3559
191.162 92.3126
191.528 92.2997
191.895 92.2863
192.261 92.2695
192.627 92.2469
192.993 92.2161
193.359 92.1755
193.726 92.124
194.092 92.0615
194.458 91.9895
194.824 91.9113
195.19 91.8316
195.557 91.7563
195.923 91.6579
196.289 91.5979
196.655 91.5522
197.021 91.5241
197.388 91.444
197.754 91.4653
198.12 91.505
198.486 91.5273
198.853 91.5493
199.219 91.5857
199.585 91.6391
199.951 91.7062
200.317 91.7815
200.684 91.8597
201.05 91.9371
201.416 92.0109
201.782 92.0791
202.148 92.1394
202.515 92.1914
202.881 92.2368
203.247 92.3
203.613 92.3084
203.979 92.3007
204.346 92.2758
204.712 92.233
205.078 92.1714
205.444 92.0911
205.811 91.9929
206.177 91.8786
206.543 91.7501
206.909 91.6096
207.275 91.4596
207.642 91.3029
208.008 91.1431
208.374 90.9838
208.74 90.8277
209.106 90.7783
209.473 90.5986
209.839 90.4688
210.205 90.3469
210.571 90.2337
210.937 90.13
211.304 90.0364
211.67 89.9534
212.036 89.8816
212.402 89.8214
212.769 89.773
213.135 89.7363
213.501 89.7093
213.867 89.6866
214.233 89.6602
214.6 89.6254
214.966 89.5816
215.332 89.5514
215.698 89.4372
216.064 89.344
216.431 89.2342
216.797 89.1416
217.163 89.0766
217.529 89.0353
217.895 89.0145
218.262 89.0111
218.628 89.0219
218.994 89.0429
219.36 89.0711
219.727 89.1047
220.093 89.1432
220.459 89.1869
220.825 89.2361
221.191 89.2909
221.558 89.3521
221.924 89.4171
222.29 89.491
222.656 89.569
223.022 89.6455
223.389 89.7067
223.755 89.7448
224.121 89.7596
224.487 89.7525
224.854 89.7248
225.22 89.6771
225.586 89.61
225.952 89.523
226.318 89.4181
226.685 89.3104
227.051 89.2182
227.417 89.1438
227.783 89.0854
228.149 89.0752
228.516 89.1113
228.882 89.0853
229.248 89.0684
229.614 89.06
229.98 89.0594
230.347 89.0657
230.713 89.0775
231.079 89.0936
231.445 89.1131
231.812 89.1359
232.178 89.1629
232.544 89.1954
232.91 89.2333
233.276 89.2749
233.643 89.3171
234.009 89.3567
234.375 89.3945
234.741 89.4115
235.107 89.3964
235.474 89.3795
235.84 89.3399
236.206 89.3181
236.572 89.3182
236.938 89.3341
237.305 89.3622
237.671 89.4001
238.037 89.4463
238.403 89.4994
238.77 89.5586
239.136 89.6236
239.502 89.6942
239.868 89.7705
240.234 89.9216
240.601 90.0079
240.967 90.0991
241.333 90.1957
241.699 90.2543
242.065 90.3542
242.432 90.4642
242.798 90.5902
243.164 90.7334
243.53 90.8663
243.896 90.982
244.263 91.0858
244.629 91.1807
244.995 91.2683
245.361 91.3481
245.728 91.4186
246.094 91.4772
246.46 91.5159
246.826 91.5473
247.192 91.5732
247.559 91.5942
247.925 91.6102
248.291 91.6145
248.657 91.6267
249.023 91.6338
249.39 91.6365
249.756 91.6349
250.122 91.6292
250.488 91.62
250.854 91.6102
251.221 91.6071
251.587 91.6174
251.953 91.6428
252.319 91.6831
252.686 91.7854
253.052 91.8596
253.418 91.9486
253.784 92.0524
254.15 92.1591
254.517 92.213
254.883 92.3074
255.249 92.3903
255.615 92.4653
255.981 92.5358
256.348 92.6045
256.714 92.6734
257.08 92.7443
257.446 92.8186
257.812 92.8975
258.179 92.9824
258.545 93.0741
258.911 93.2488
259.277 93.3534
259.644 93.4621
260.01 93.5733
260.376 93.6843
260.742 93.7928
261.108 93.8484
261.475 93.9486
261.841 94.0446
262.207 94.1376
262.573 94.2297
262.939 94.3239
263.306 94.4233
263.672 94.5313
264.038 94.6517
264.404 94.7903
264.77 94.9479
265.137 95.1352
265.503 95.2551
265.869 95.3596
266.235 95.4518
266.602 95.5333
266.968 95.6052
267.334 95.668
267.7 95.7033
268.066 95.753
268.433 95.7939
268.799 95.8263
269.165 95.8502
269.531 95.866
269.897 95.874
270.264 95.8754
270.63 95.8715
270.996 95.8413
271.362 95.8294
271.728 95.8178
272.095 95.8075
272.461 95.7996
272.827 95.795
273.193 95.795
273.56 95.8002
273.926 95.8107
274.292 95.7982
274.658 95.8174
275.024 95.8417
275.391 95.8716
275.757 95.9079
276.123 95.9512
276.489 96.0014
276.855 96.0562
277.222 96.1073
277.588 96.1573
277.954 96.2024
278.32 96.2422
278.686 96.2766
279.053 96.3049
279.419 96.3265
279.785 96.3406
280.151 96.3471
280.518 96.347
280.884 96.2882
281.25 96.2837
281.616 96.2844
281.982 96.2866
282.349 96.2849
282.715 96.2782
283.081 96.2676
283.447 96.2324
283.813 96.2227
284.18 96.2124
284.546 96.2017
284.912 96.1911
285.278 96.1808
285.645 96.1711
286.011 96.1619
286.377 96.1531
286.743 96.1442
287.109 96.1426
287.476 96.1335
287.842 96.1224
288.208 96.1079
288.574 96.0886
288.94 96.0626
289.307 96.028
289.673 95.9599
290.039 95.8941
290.405 95.8146
290.771 95.7213
291.138 95.6151
291.504 95.497
291.87 95.3679
292.236 95.2295
292.603 95.0867
292.969 94.9489
293.335 94.8243
293.701 94.7504
294.067 94.655
294.434 94.5713
294.8 94.4959
295.166 94.4256
295.532 94.3574
295.898 94.262
296.265 94.1917
296.631 94.1183
296.997 94.0415
297.363 93.9615
297.729 93.8783
298.096 93.7923
298.462 93.7044
298.828 93.6154
299.194 93.5263
299.561 93.4377
299.927 93.3498
300.293 93.3187
300.659 93.2263
301.025 93.1281
301.392 93.0168
301.758 92.8985
302.124 92.786
302.49 92.7346
302.856 92.6972
303.223 92.6715
303.589 92.6549
303.955 92.645
304.321 92.6396
304.687 92.6368
305.054 92.6352
305.42 92.6332
305.786 92.6293
306.152 92.6213
306.519 92.6069
306.885 92.5996
307.251 92.5715
307.617 92.5336
307.983 92.4531
308.35 92.3878
308.716 92.3138
309.082 92.2331
309.448 92.1482
309.814 92.0613
310.181 91.9742
310.547 91.8885
310.913 91.8064
311.279 91.7298
311.645 91.661
312.012 91.6015
312.378 91.5521
312.744 91.5128
313.11 91.4834
313.477 91.489
313.843 91.4723
314.209 91.4762
314.575 91.4775
314.941 91.4852
315.308 91.4958
315.674 91.5029
316.04 91.5012
316.406 91.4886
316.772 91.4654
317.139 91.4335
317.505 91.3949
317.871 91.3528
318.237 91.3103
318.603 91.2698
318.97 91.2326
319.336 91.199
319.702 91.1691
320.068 91.1863
320.435 91.189
320.801 91.1727
321.167 91.1577
321.533 91.1434
321.899 91.1292
322.266 91.1144
322.632 91.0983
322.998 91.0807
323.364 91.0622
323.73 91.0452
324.097 91.0334
324.463 91.0302
324.829 91.0376
325.195 91.0565
325.561 91.0878
325.928 91.1323
326.294 91.1868
326.66 91.3037
327.026 91.3775
327.393 91.4635
327.759 91.5614
328.125 91.6696
328.491 91.7839
328.857 91.8958
329.224 91.9981
329.59 92.0889
329.956 92.1695
330.322 92.2425
330.688 92.3103
331.055 92.3753
331.421 92.4391
331.787 92.5029
332.153 92.5673
332.52 92.6326
332.886 92.7413
333.252 92.8046
333.618 92.8683
333.984 92.9324
334.351 92.9972
334.717 93.0627
335.083 93.1291
335.449 93.1962
335.815 93.2638
336.182 93.3323
336.548 93.4019
336.914 93.4738
337.28 93.5496
337.646 93.6327
338.013 93.7296
338.379 93.8348
338.745 93.9405
339.111 93.9961
339.478 94.0127
339.844 94.0469
340.21 94.0668
340.576 94.0732
340.942 94.0672
341.309 94.0545
341.675 94.0456
342.041 94.0446
342.407 94.0515
342.773 94.0656
343.14 94.0867
343.506 94.1143
343.872 94.1488
344.238 94.1902
344.604 94.2389
344.971 94.319
345.337 94.3827
345.703 94.453
346.069 94.4754
346.436 94.5494
346.802 94.6267
347.168 94.7047
347.534 94.7807
347.9 94.852
348.267 94.916
348.633 94.97
348.999 95.0116
349.365 95.0392
349.731 95.0534
350.098 95.0568
350.464 95.0518
350.83 95.04
351.196 94.9804
351.562 94.9686
351.929 94.9598
352.295 94.9548
352.661 94.9328
353.027 94.9355
353.394 94.9415
353.76 94.9516
354.126 94.9664
354.492 94.987
354.858 95.014
355.225 95.0479
355.591 95.0881
355.957 95.1336
356.323 95.1826
356.689 95.232
357.056 95.2787
357.422 95.3173
357.788 95.3476
358.154 95.3676
358.52 95.3759
358.887 95.3503
359.253 95.3392
359.619 95.3211
359.985 95.3004
360.352 95.2798
360.718 95.2617
361.084 95.2478
361.45 95.2397
361.816 95.2383
362.183 95.2437
362.549 95.2555
362.915 95.2725
363.281 95.2923
363.647 95.3235
364.014 95.3403
364.38 95.3533
364.746 95.3631
365.112 95.3702
365.478 95.3847
365.845 95.3905
366.211 95.3947
366.577 95.3974
366.943 95.3986
367.31 95.3986
367.676 95.3973
368.042 95.3951
368.408 95.3919
368.774 95.388
369.141 95.3834
369.507 95.3778
369.873 95.3806
370.239 95.3711
370.605 95.3591
370.972 95.3442
371.338 95.3263
371.704 95.3055
372.07 95.3084
372.436 95.2839
372.803 95.2571
373.169 95.2282
373.535 95.1969
373.901 95.163
374.268 95.1261
374.634 95.0862
375 95.0433
375.366 94.998
375.732 94.9294
376.099 94.8819
376.465 94.8355
376.831 94.7902
377.197 94.746
377.563 94.7027
377.93 94.6602
378.296 94.6183
378.662 94.6043
379.028 94.5635
379.395 94.5243
379.761 94.4873
380.127 94.4533
380.493 94.423
380.859 94.3974
381.226 94.3772
381.592 94.3636
381.958 94.3529
382.324 94.3568
382.69 94.3697
383.057 94.387
383.423 94.4
383.789 94.4053
384.155 94.403
384.521 94.3936
384.888 94.3773
385.254 94.3652
385.62 94.3368
385.986 94.2981
386.353 94.2462
386.719 94.1755
387.085 94.0708
387.451 93.949
387.817 93.8567
388.184 93.7589
388.55 93.7154
388.916 93.6796
389.282 93.6501
389.648 93.626
390.015 93.6074
390.381 93.5948
390.747 93.5894
391.113 93.5923
391.479 93.6048
391.846 93.6085
392.212 93.6328
392.578 93.666
392.944 93.7054
393.311 93.7491
393.677 93.7961
394.043 93.8452
394.409 93.9131
394.775 93.9578
395.142 93.996
395.508 94.0265
395.874 94.0483
396.24 94.0604
396.606 94.0617
396.973 94.0518
397.339 94.0356
397.705 94.021
398.071 94.0115
398.437 94.0038
398.804 93.9974
399.17 93.9917
399.536 93.9865
399.902 93.9817
400.269 93.9773
400.635 93.9812
401.001 93.9804
401.367 93.9824
401.733 93.9886
402.1 94.0003
402.466 94.0189
402.832 94.0449
403.198 94.0775
403.564 94.1134
403.931 94.1492
404.297 94.1831
404.663 94.1977
405.029 94.2289
405.395 94.2554
405.762 94.2761
406.128 94.2907
406.494 94.3144
406.86 94.3195
407.227 94.322
407.593 94.3235
407.959 94.3253
408.325 94.3282
408.691 94.3327
409.058 94.3387
409.424 94.3461
409.79 94.3547
410.156 94.3643
410.522 94.3749
410.889 94.3861
411.255 94.4202
411.621 94.4325
411.987 94.4447
412.353 94.4564
412.72 94.4977
413.086 94.5048
413.452 94.5094
413.818 94.511
414.185 94.5094
414.551 94.5049
414.917 94.4989
415.283 94.4931
415.649 94.4889
416.016 94.4868
416.382 94.487
416.748 94.4892
417.114 94.4931
417.48 94.498
417.847 94.5109
418.213 94.5151
418.579 94.5188
418.945 94.5257
419.311 94.5245
419.678 94.5221
420.044 94.5188
420.41 94.5141
420.776 94.5075
421.143 94.4979
421.509 94.4838
421.875 94.4641
422.241 94.4411
422.607 94.4208
422.974 94.4063
423.34 94.3977
423.706 94.394
424.072 94.3945
424.438 94.3872
424.805 94.3921
425.171 94.3897
425.537 94.3901
425.903 94.3851
426.27 94.3711
426.636 94.34
427.002 94.2917
427.368 94.2686
427.734 94.2563
428.101 94.2499
428.467 94.2475
428.833 94.248
429.199 94.2512
429.565 94.2567
429.932 94.2647
430.298 94.2752
430.664 94.2858
431.03 94.3006
431.396 94.3327
431.763 94.3534
432.129 94.3768
432.495 94.4035
432.861 94.4342
433.228 94.4703
433.594 94.5142
433.96 94.5706
434.326 94.6524
434.692 94.7443
435.059 94.8042
435.425 94.8374
435.791 94.849
436.157 94.8416
436.523 94.8215
436.89 94.8033
437.256 94.7784
437.622 94.7534
437.988 94.7478
438.354 94.7412
438.721 94.7321
439.087 94.7189
439.453 94.6997
439.819 94.6717
440.186 94.6318
440.552 94.5855
440.918 94.5437
441.284 94.5051
441.65 94.4661
442.017 94.4234
442.383 94.3731
442.749 94.313
443.115 94.2591
443.481 94.2022
443.848 94.1913
444.214 94.1734
444.58 94.162
444.946 94.1579
445.312 94.1617
445.679 94.1739
446.045 94.1901
446.411 94.2036
446.777 94.2132
447.144 94.2194
447.51 94.223
447.876 94.2244
448.242 94.2239
448.608 94.2215
448.975 94.2176
449.341 94.212
449.707 94.2007
450.073 94.1894
450.439 94.1836
450.806 94.1697
451.172 94.1553
451.538 94.1415
451.904 94.1294
452.27 94.1195
452.637 94.1121
453.003 94.1069
453.369 94.1032
453.735 94.1
454.102 94.0966
454.468 94.0926
454.834 94.088
455.2 94.083
455.566 94.078
455.933 94.0833
456.299 94.0787
456.665 94.0738
457.031 94.0842
457.397 94.0791
457.764 94.0733
458.13 94.0668
458.496 94.0596
458.862 94.0521
459.228 94.0447
459.595 94.0378
459.961 94.0317
460.327 94.0261
460.693 94.0211
461.06 94.0166
461.426 94.0127
461.792 94.0099
462.158 94.0429
462.524 94.0459
462.891 94.0519
463.257 94.0616
463.623 94.1032
463.989 94.1193
464.355 94.1401
464.722 94.166
465.088 94.1966
465.454 94.2311
465.82 94.2678
466.186 94.3048
466.553 94.3409
466.919 94.3753
467.285 94.4081
467.651 94.4396
468.018 94.4703
468.384 94.5432
468.75 94.574
469.116 94.6061
469.482 94.6398
469.849 94.6809
470.215 94.7164
470.581 94.7541
470.947 94.7944
471.313 94.8376
471.68 94.8839
472.046 94.9336
472.412 94.9872
472.778 95.0453
473.145 95.1085
473.511 95.1771
473.877 95.248
474.243 95.3452
474.609 95.4042
474.976 95.4557
475.342 95.5007
475.708 95.5407
476.074 95.5777
476.44 95.6011
476.807 95.6391
477.173 95.6788
477.539 95.7213
477.905 95.7676
478.271 95.8192
478.638 95.8787
479.004 95.9527
479.37 96.0405
479.736 96.1039
480.103 96.1556
480.469 96.2183
480.835 96.2543
481.201 96.285
481.567 96.3106
481.934 96.3313
482.3 96.3469
482.666 96.3576
483.032 96.3591
483.398 96.3618
483.765 96.3598
484.131 96.3533
484.497 96.3421
484.863 96.3262
485.229 96.3056
485.596 96.2825
485.962 96.2631
486.328 96.2515
486.694 96.2502
487.061 96.2607
487.427 96.2788
487.793 96.3046
488.159 96.3384
488.525 96.381
488.892 96.4332
489.258 96.4963
489.624 96.5221
489.99 96.5932
490.356 96.66
490.723 96.7203
491.089 96.7759
491.455 96.8281
491.821 96.8781
492.187 96.9266
492.554 96.9745
492.92 97.0354
493.286 97.0823
493.652 97.1327
494.019 97.1891
494.385 97.2465
494.751 97.295
495.117 97.3356
495.483 97.3717
495.85 97.4059
496.216 97.3891
496.582 97.4201
496.948 97.4553
497.314 97.4829
497.681 97.4995
498.047 97.5095
498.413 97.5152
498.779 97.5174
499.145 97.4896
499.512 97.483
499.878 97.4721
500.244 97.4575
500.61 97.4423
500.977 97.4301
501.343 97.4222
501.709 97.419
502.075 97.4199
502.441 97.4041
502.808 97.4117
503.174 97.4219
503.54 97.4341
503.906 97.4477
504.272 97.4624
504.639 97.4779
505.005 97.4938
505.371 97.4972
505.737 97.5078
506.103 97.5145
506.47 97.5158
506.836 97.5113
507.202 97.5042
507.568 97.4991
507.935 97.4976
508.301 97.4994
508.667 97.5046
509.033 97.5004
509.399 97.5124
509.766 97.527
510.132 97.5442
510.498 97.5635
510.864 97.5842
511.23 97.6139
511.597 97.6348
511.963 97.6552
512.329 97.675
512.695 97.6943
513.061 97.7134
513.428 97.7321
513.794 97.7505
514.16 97.7681
514.526 97.7846
514.893 97.7994
515.259 97.812
515.625 97.8163
515.991 97.826
516.357 97.8335
516.724 97.8389
517.09 97.8425
517.456 97.8478
517.822 97.8484
518.188 97.847
518.555 97.8434
518.921 97.8369
519.287 97.8269
519.653 97.8127
520.019 97.7938
520.386 97.7697
520.752 97.7402
521.118 97.7053
521.484 97.6656
521.851 97.6221
522.217 97.5982
522.583 97.5518
522.949 97.5054
523.315 97.4593
523.682 97.3902
524.048 97.344
524.414 97.2964
524.78 97.2465
525.146 97.1928
525.513 97.1329
525.879 97.0638
526.245 96.9883
526.611 96.9202
526.977 96.8585
527.344 96.8006
527.71 96.7447
528.076 96.69
528.442 96.6365
528.809 96.6077
529.175 96.5567
529.541 96.5073
529.907 96.4324
530.273 96.381
530.64 96.3233
531.006 96.2552
531.372 96.2018
531.738 96.1612
532.104 96.1291
532.471 96.1036
532.837 96.0833
533.203 96.0674
533.569 96.0554
533.935 96.046
534.302 96.0376
534.668 96.0287
535.034 96.018
535.4 96.0261
535.767 96.0116
536.133 95.9976
536.499 95.9763
536.865 95.9538
537.231 95.9311
537.598 95.909
537.964 95.888
538.33 95.8682
538.696 95.8498
539.062 95.8324
539.429 95.8157
539.795 95.7994
540.161 95.7831
540.527 95.7667
540.893 95.7498
541.26 95.7323
541.626 95.7219
541.992 95.6828
542.358 95.6565
542.725 95.6303
543.091 95.6065
543.457 95.5864
543.823 95.5704
544.189 95.5582
544.556 95.5496
544.922 95.5421
545.288 95.5307
545.654 95.5119
546.02 95.4856
546.387 95.4528
546.753 95.4148
547.119 95.3732
547.485 95.3297
547.852 95.2859
548.218 95.2545
548.584 95.2194
548.95 95.1855
549.316 95.1526
549.683 95.1209
550.049 95.0904
550.415 95.0609
550.781 95.0322
551.147 95.0042
551.514 94.9767
551.88 94.9497
552.246 94.9234
552.612 94.8983
552.978 94.8749
553.345 94.8538
553.711 94.8357
554.077 94.8207
554.443 94.8141
554.81 94.82
555.176 94.8137
555.542 94.8111
555.908 94.8119
556.274 94.8165
556.641 94.825
557.007 94.8381
557.373 94.856
557.739 94.8786
558.105 94.904
558.472 94.9298
558.838 94.955
559.204 94.9792
559.57 95.0027
559.936 95.0256
560.303 95.0477
560.669 95.0716
561.035 95.0842
561.401 95.0826
561.768 95.1075
562.134 95.1392
562.5 95.1728
562.866 95.2062
563.232 95.2383
563.599 95.2691
563.965 95.2985
564.331 95.3265
564.697 95.3534
565.063 95.3793
565.43 95.4047
565.796 95.4297
566.162 95.4548
566.528 95.4804
566.894 95.5359
567.261 95.564
567.627 95.5946
567.993 95.6217
568.359 95.655
568.726 95.692
569.092 95.7325
569.458 95.7731
569.824 95.8095
570.19 95.8407
570.557 95.8672
570.923 95.8896
571.289 95.9084
571.655 95.9241
572.021 95.9368
572.388 95.947
572.754 95.9769
573.12 95.9819
573.486 95.9853
573.852 95.9873
574.219 96.0041
574.585 96.0034
574.951 96.0017
575.317 95.9989
575.684 95.995
576.05 95.9898
576.416 95.9831
576.782 95.975
577.148 95.9654
577.515 95.9542
577.881 95.9411
578.247 95.9255
578.613 95.9069
578.979 95.8703
579.346 95.8376
579.712 95.8051
580.078 95.7767
580.444 95.7524
580.81 95.7456
581.177 95.7265
581.543 95.7085
581.909 95.6907
582.275 95.6726
582.642 95.6539
583.008 95.6344
583.374 95.6142
583.74 95.5932
584.106 95.5715
584.473 95.5485
584.839 95.5228
585.205 95.4477
585.571 95.4212
585.937 95.4047
586.304 95.3946
586.67 95.3886
587.036 95.3854
587.402 95.3747
587.768 95.3755
588.135 95.3785
588.501 95.3842
588.867 95.3934
589.233 95.4073
589.6 95.4271
589.966 95.4546
590.332 95.4923
590.698 95.5374
591.064 95.5773
591.431 95.6212
591.797 95.6543
592.163 95.6859
592.529 95.7168
592.895 95.7469
593.262 95.776
593.628 95.8037
593.994 95.8101
594.36 95.8351
594.727 95.8589
595.093 95.8822
595.459 95.9068
595.825 95.9362
596.191 95.9738
596.558 95.9968
596.924 96.0066
597.29 96.0067
597.656 95.9851
598.022 95.9669
598.389 95.9434
598.755 95.917
599.121 95.8899
599.487 95.8632
599.853 95.8381
600.22 95.8155
600.586 95.8047
600.952 95.7883
601.318 95.7756
601.685 95.7663
602.051 95.7597
602.417 95.7552
602.783 95.7519
603.149 95.7491
603.516 95.7466
603.882 95.7468
604.248 95.747
604.614 95.7481
604.98 95.7502
605.347 95.7534
605.713 95.7576
606.079 95.7632
606.445 95.7705
606.811 95.7758
607.178 95.7849
607.544 95.7962
607.91 95.8097
608.276 95.8256
608.643 95.8441
609.009 95.8653
609.375 95.8887
609.741 95.9135
610.107 95.9362
610.474 95.9578
610.84 95.9786
611.206 95.9989
611.572 96.0187
611.938 96.0381
612.305 96.0567
612.671 96.0739
613.037 96.0892
613.403 96.0738
613.769 96.0813
614.136 96.0832
614.502 96.0768
614.868 96.0591
615.234 96.0362
615.601 96.019
615.967 95.9855
616.333 95.9791
616.699 95.9731
617.065 95.9674
617.432 95.9616
617.798 95.9558
618.164 95.9496
618.53 95.9431
618.896 95.936
619.263 95.9281
619.629 95.9196
619.995 95.908
620.361 95.8984
620.727 95.8889
621.094 95.8795
621.46 95.87
621.826 95.8601
622.192 95.8383
622.559 95.8283
622.925 95.8184
623.291 95.8088
623.657 95.7998
624.023 95.7917
624.39 95.785
624.756 95.78
625.122 95.7768
625.488 95.7753
625.854 95.7754
626.221 95.7768
626.587 95.7894
626.953 95.7937
627.319 95.7987
627.685 95.8046
628.052 95.8114
628.418 95.836
628.784 95.8457
629.15 95.8584
629.517 95.8757
629.883 95.8985
630.249 95.9197
630.615 95.934
630.981 95.9426
631.348 95.947
631.714 95.9481
632.08 95.9466
632.446 95.943
632.812 95.9376
633.179 95.9529
633.545 95.9456
633.911 95.9366
634.277 95.926
634.643 95.924
635.01 95.9082
635.376 95.8903
635.742 95.8704
636.108 95.8485
636.475 95.8252
636.841 95.8013
637.207 95.7778
637.573 95.7556
637.939 95.7355
638.306 95.7176
638.672 95.7019
639.038 95.6883
639.404 95.6764
639.77 95.6876
640.137 95.6777
640.503 95.681
640.869 95.672
641.235 95.6633
641.602 95.6551
641.968 95.6479
642.334 95.6419
642.7 95.6372
643.066 95.6337
643.433 95.6313
643.799 95.6296
644.165 95.6285
644.531 95.6275
644.897 95.6263
645.264 95.6244
645.63 95.6217
645.996 95.629
646.362 95.6216
646.728 95.606
647.095 95.5829
647.461 95.5469
647.827 95.5225
648.193 95.509
648.56 95.5031
648.926 95.5037
649.292 95.5102
649.658 95.5228
650.024 95.5413
650.391 95.5648
650.757 95.588
651.123 95.6064
651.489 95.6193
651.855 95.6266
652.222 95.6282
652.588 95.6207
652.954 95.599
653.32 95.5952
653.686 95.5966
654.053 95.6028
654.419 95.6135
654.785 95.6286
655.151 95.6478
655.518 95.6712
655.884 95.6991
656.25 95.7324
656.616 95.7732
656.982 95.82
657.349 95.8579
657.715 95.8874
658.081 95.9108
658.447 95.9297
658.813 95.9456
659.18 95.9495
659.546 95.9648
659.912 95.9795
660.278 95.9941
660.644 96.0088
661.011 96.0235
661.377 96.0384
661.743 96.0532
662.109 96.0677
662.476 96.0819
662.842 96.0956
663.208 96.1087
663.574 96.1212
663.94 96.1332
664.307 96.1445
664.673 96.1552
665.039 96.1652
665.405 96.1881
665.771 96.2002
666.138 96.2053
666.504 96.2087
666.87 96.2099
667.236 96.2085
667.602 96.2039
667.969 96.1949
668.335 96.18
668.701 96.156
669.067 96.1179
669.434 96.0907
669.8 96.071
670.166 96.0558
670.532 96.0437
670.898 96.0347
671.265 96.0287
671.631 96.0034
671.997 95.9993
672.363 95.9758
672.729 95.9676
673.096 95.9554
673.462 95.9378
673.828 95.9134
674.194 95.8805
674.56 95.8374
674.927 95.7854
675.293 95.7305
675.659 95.6763
676.025 95.625
676.392 95.5779
676.758 95.5352
677.124 95.4958
677.49 95.4262
677.856 95.3921
678.223 95.3581
678.589 95.3299
678.955 95.2972
679.321 95.2652
679.687 95.2344
680.054 95.2055
680.42 95.1785
680.786 95.1538
681.152 95.131
681.518 95.1101
681.885 95.0908
682.251 95.0729
682.617 95.0559
682.983 95.0394
683.35 95.023
683.716 94.994
684.082 94.9762
684.448 94.9581
684.814 94.9399
685.181 94.927
685.547 94.9084
685.913 94.8892
686.279 94.8688
686.645 94.8476
687.012 94.8278
687.378 94.8129
687.744 94.8041
688.11 94.8015
688.477 94.805
688.843 94.8146
689.209 94.8307
689.575 94.8542
689.941 94.8877
690.308 94.9218
690.674 94.9477
691.04 94.9669
691.406 94.9814
691.772 94.9826
692.139 94.9942
692.505 95.0038
692.871 95.012
693.237 95.0193
693.603 95.0263
693.97 95.0336
694.336 95.0417
694.702 95.0513
695.068 95.0627
695.435 95.076
695.801 95.0907
696.167 95.1151
696.533 95.1314
696.899 95.1479
697.266 95.1647
697.632 95.1817
697.998 95.199
698.364 95.2092
698.73 95.2271
699.097 95.245
699.463 95.2625
699.829 95.279
700.195 95.2941
700.561 95.3075
700.928 95.3186
701.294 95.327
701.66 95.3326
702.026 95.3353
702.393 95.3445
702.759 95.3418
703.125 95.3374
703.491 95.3316
703.857 95.3251
704.224 95.3181
704.59 95.311
704.956 95.321
705.322 95.314
705.688 95.3069
706.055 95.2994
706.421 95.2913
706.787 95.2823
707.153 95.2721
707.519 95.2604
707.886 95.2469
708.252 95.2298
708.618 95.2081
708.984 95.1833
709.351 95.1572
709.717 95.1328
710.083 95.1113
710.449 95.0925
710.815 95.0759
711.182 95.0612
711.548 95.0641
711.914 95.0523
712.28 95.0423
712.646 95.0342
713.013 95.0283
713.379 95.0247
713.745 95.0236
714.111 95.0247
714.477 95.0352
714.844 95.0393
715.21 95.0434
715.576 95.0465
715.942 95.0479
716.309 95.0472
716.675 95.0439
717.041 95.0378
717.407 95.0285
717.773 95.0288
718.14 95.0141
718.506 94.9967
718.872 94.9772
719.238 94.9561
719.604 94.9331
719.971 94.9074
720.337 94.8785
720.703 94.8439
721.069 94.8252
721.435 94.8099
721.802 94.7974
722.168 94.7873
722.534 94.7797
722.9 94.7746
723.267 94.7723
723.633 94.7728
723.999 94.7765
724.365 94.796
724.731 94.804
725.098 94.8154
725.464 94.8303
725.83 94.8493
726.196 94.8735
726.562 94.9054
726.929 94.9713
727.295 95.0057
727.661 95.0314
728.027 95.0518
728.393 95.0683
728.76 95.0819
729.126 95.0935
729.492 95.1036
729.858 95.1129
730.225 95.122
730.591 95.1319
730.957 95.1493
731.323 95.1603
731.689 95.1738
732.056 95.1909
732.422 95.213
732.788 95.2402
733.154 95.285
733.52 95.3079
733.887 95.3269
734.253 95.3431
734.619 95.3567
734.985 95.3683
735.352 95.3779
735.718 95.386
736.084 95.3925
736.45 95.3979
736.816 95.4025
737.183 95.4066
737.549 95.4171
737.915 95.4211
738.281 95.4259
738.647 95.4321
739.014 95.4396
739.38 95.4608
739.746 95.4706
740.112 95.4807
740.478 95.4905
740.845 95.4997
741.211 95.5078
741.577 95.5142
741.943 95.5185
742.31 95.5204
742.676 95.5198
743.042 95.5166
743.408 95.511
743.774 95.5033
744.141 95.5111
744.507 95.5003
744.873 95.4881
745.239 95.4801
745.605 95.4672
745.972 95.4549
746.338 95.4436
746.704 95.4338
747.07 95.4256
747.436 95.4193
747.803 95.415
748.169 95.4131
748.535 95.4137
748.901 95.4173
749.268 95.4247
749.634 95.4368
750 95.4553
750.366 95.4637
750.732 95.4918
751.099 95.5337
751.465 95.5773
751.831 95.6076
752.197 95.6369
752.563 95.667
752.93 95.6983
753.296 95.7309
753.662 95.7647
754.028 95.8
754.394 95.8371
754.761 95.8765
755.127 95.9187
755.493 95.9643
755.859 96.014
756.226 96.0689
756.592 96.1301
756.958 96.1526
757.324 96.2218
757.69 96.3218
758.057 96.4003
758.423 96.478
758.789 96.5533
759.155 96.6249
759.521 96.6928
759.888 96.7574
760.254 96.8193
760.62 96.8791
760.986 96.9372
761.352 96.9937
761.719 97.0486
762.085 97.1016
762.451 97.1522
762.817 97.2
763.184 97.2447
763.55 97.2603
763.916 97.3133
764.282 97.3491
764.648 97.3822
765.015 97.4127
765.381 97.4406
765.747 97.4661
766.113 97.4891
766.479 97.5096
766.846 97.5275
767.212 97.5425
767.578 97.5545
767.944 97.5645
768.31 97.5751
768.677 97.5887
769.043 97.6058
769.409 97.6265
769.775 97.6509
770.142 97.6576
770.508 97.6888
770.874 97.7225
771.24 97.7567
771.606 97.7884
771.973 97.8165
772.339 97.8411
772.705 97.8629
773.071 97.8822
773.437 97.8997
773.804 97.9157
774.17 97.9308
774.536 97.9453
774.902 97.9596
775.268 97.9738
775.635 97.9877
776.001 98.002
776.367 98.0134
776.733 98.0123
777.1 98.0208
777.466 98.0275
777.832 98.0323
778.198 98.0356
778.564 98.0376
778.931 98.0384
779.297 98.0381
779.663 98.0369
780.029 98.0349
780.395 98.0329
780.762 98.0317
781.128 98.0316
781.494 98.0327
781.86 98.0348
782.227 98.0375
782.593 98.0413
782.959 98.0452
783.325 98.0462
783.691 98.0504
784.058 98.0546
784.424 98.0587
784.79 98.0629
785.156 98.0671
785.522 98.0714
785.889 98.076
786.255 98.0806
786.621 98.0854
786.987 98.0902
787.353 98.0951
787.72 98.0999
788.086 98.1046
788.452 98.109
788.818 98.111
789.185 98.1112
789.551 98.1061
789.917 98.1018
790.283 98.0949
790.649 98.0855
791.016 98.0743
791.382 98.0622
791.748 98.0499
792.114 98.0384
792.48 98.0281
792.847 98.0194
793.213 98.0121
793.579 98.0061
793.945 98.0011
794.311 97.9969
794.678 97.9795
795.044 97.9764
795.41 97.9755
795.776 97.9771
796.143 97.9611
796.509 97.964
796.875 97.965
797.241 97.9628
797.607 97.9571
797.974 97.9478
798.34 97.9346
798.706 97.9177
799.072 97.8977
799.438 97.8762
799.805 97.8554
800.171 97.8369
800.537 97.821
800.903 97.7926
801.269 97.7845
801.636 97.7782
802.002 97.7734
802.368 97.7698
802.734 97.763
803.101 97.761
803.467 97.7596
803.833 97.7586
804.199 97.7581
804.565 97.7583
804.932 97.7593
805.298 97.761
805.664 97.7633
806.03 97.7659
806.396 97.768
806.763 97.7684
807.129 97.7402
807.495 97.7204
807.861 97.7088
808.227 97.7085
808.594 97.7122
808.96 97.7147
809.326 97.7034
809.692 97.7063
810.059 97.7076
810.425 97.7076
810.791 97.7067
811.157 97.705
811.523 97.7024
811.89 97.6989
812.256 97.6944
812.622 97.689
812.988 97.6826
813.354 97.6755
813.721 97.6675
814.087 97.6586
814.453 97.649
814.819 97.6389
815.185 97.6283
815.552 97.6175
815.918 97.6154
816.284 97.6038
816.65 97.5918
817.017 97.5793
817.383 97.5663
817.749 97.5527
818.115 97.5386
818.481 97.524
818.848 97.5092
819.214 97.486
819.58 97.4704
819.946 97.4546
820.312 97.4384
820.679 97.4217
821.045 97.4045
821.411 97.3866
821.777 97.3681
822.143 97.3562
822.51 97.3366
822.876 97.3165
823.242 97.2959
823.608 97.275
823.975 97.254
824.341 97.2333
824.707 97.2129
825.073 97.1929
825.439 97.1608
825.806 97.1407
826.172 97.1204
826.538 97.0998
826.904 97.0787
827.27 97.0571
827.637 97.0351
828.003 97.0126
828.369 96.99
828.735 96.9712
829.102 96.9498
829.468 96.9294
829.834 96.9097
830.2 96.8906
830.566 96.8716
830.933 96.8524
831.299 96.8333
831.665 96.8033
832.031 96.7843
832.397 96.7654
832.764 96.7467
833.13 96.7282
833.496 96.7098
833.862 96.6912
834.228 96.672
834.595 96.6519
834.961 96.6306
835.327 96.6104
835.693 96.5883
836.06 96.5679
836.426 96.5491
836.792 96.5312
837.158 96.5132
837.524 96.4939
837.891 96.4453
838.257 96.4149
838.623 96.3915
838.989 96.3737
839.355 96.3599
839.722 96.3494
840.088 96.3417
840.454 96.3367
840.82 96.3339
841.186 96.3329
841.553 96.3334
841.919 96.339
842.285 96.3412
842.651 96.3435
843.018 96.3457
843.384 96.3474
843.75 96.3542
844.116 96.3535
844.482 96.3514
844.849 96.3478
845.215 96.3428
845.581 96.3363
845.947 96.3284
846.313 96.3191
846.68 96.3084
847.046 96.2965
847.412 96.2835
847.778 96.2699
848.144 96.2559
848.511 96.2601
848.877 96.2467
849.243 96.2335
849.609 96.2202
849.976 96.2141
850.342 96.2005
850.708 96.186
851.074 96.1706
851.44 96.1541
851.807 96.1365
852.173 96.1179
852.539 96.0983
852.905 96.078
853.271 96.057
853.638 96.0358
854.004 96.0149
854.37 95.9947
854.736 95.9757
855.102 95.9815
855.469 95.9648
855.835 95.9495
856.201 95.9434
856.567 95.9312
856.934 95.9202
857.3 95.9102
857.666 95.9013
858.032 95.8932
858.398 95.8861
858.765 95.8799
859.131 95.8748
859.497 95.8711
859.863 95.8691
860.229 95.8694
860.596 95.8726
860.962 95.8791
861.328 95.887
861.694 95.8977
862.06 95.9112
862.427 95.9349
862.793 95.9472
863.159 95.957
863.525 95.9645
863.892 95.9701
864.258 95.9741
864.624 95.9769
864.99 95.9788
865.356 95.9802
865.723 95.9814
866.089 95.9824
866.455 95.9835
866.821 95.9848
867.187 95.9861
867.554 95.9873
867.92 95.9993
868.286 95.9998
868.652 96.0099
869.018 96.0092
869.385 96.0086
869.751 96.0083
870.117 96.0089
870.483 96.0105
870.85 96.0135
871.216 96.0178
871.582 96.0235
871.948 96.0305
872.314 96.0386
872.681 96.0475
873.047 96.0569
873.413 96.0663
873.779 96.0752
874.145 96.0834
874.512 96.0911
874.878 96.1014
875.244 96.1043
875.61 96.1059
875.977 96.1061
876.343 96.1046
876.709 96.1013
877.075 96.0964
877.441 96.0901
877.808 96.0826
878.174 96.0741
878.54 96.0647
878.906 96.0547
879.272 96.0441
879.639 96.0327
880.005 96.0206
880.371 96.0076
880.737 95.988
881.103 95.9815
881.47 95.9636
881.836 95.9442
882.202 95.9246
882.568 95.9061
882.935 95.8891
883.301 95.8736
883.667 95.8592
884.033 95.8458
884.399 95.8332
884.766 95.8216
885.132 95.8113
885.498 95.8029
885.864 95.7966
886.23 95.7927
886.597 95.7913
886.963 95.7927
887.329 95.7956
887.695 95.7963
888.061 95.8012
888.428 95.8075
888.794 95.8145
889.16 95.8218
889.526 95.829
889.893 95.8358
890.259 95.8425
890.625 95.8494
890.991 95.8569
891.357 95.8656
891.724 95.876
892.09 95.8883
892.456 95.9028
892.822 95.9191
893.188 95.9487
893.555 95.9685
893.921 95.9819
894.287 96.003
894.653 96.025
895.019 96.048
895.386 96.0725
895.752 96.0989
896.118 96.1276
896.484 96.1587
896.851 96.1915
897.217 96.2247
897.583 96.2564
897.949 96.2853
898.315 96.3107
898.682 96.3329
899.048 96.3521
899.414 96.3785
899.78 96.3925
900.146 96.4047
900.513 96.4133
900.879 96.4234
901.245 96.4323
901.611 96.4401
901.977 96.4472
902.344 96.4537
902.71 96.4598
903.076 96.4656
903.442 96.4715
903.809 96.4776
904.175 96.4845
904.541 96.4925
904.907 96.5025
905.273 96.5151
905.64 96.5356
906.006 96.5585
906.372 96.5928
906.738 96.6215
907.104 96.6255
907.471 96.6451
907.837 96.6593
908.203 96.6693
908.569 96.676
908.935 96.6804
909.302 96.6832
909.668 96.685
910.034 96.6861
910.4 96.6865
910.767 96.6864
911.133 96.6857
911.499 96.6852
911.865 96.6825
912.231 96.6793
912.598 96.6755
912.964 96.6713
913.33 96.6667
913.696 96.6649
914.062 96.6593
914.429 96.6531
914.795 96.6462
915.161 96.6385
915.527 96.6302
915.893 96.6213
916.26 96.6122
916.626 96.6034
916.992 96.5953
917.358 96.5883
917.725 96.5768
918.091 96.5741
918.457 96.5732
918.823 96.574
919.189 96.5763
919.556 96.5802
919.922 96.5854
920.288 96.5869
920.654 96.5943
921.02 96.6029
921.387 96.6127
921.753 96.6235
922.119 96.6352
922.485 96.6475
922.852 96.6601
923.218 96.6728
923.584 96.6852
923.95 96.6999
924.316 96.7108
924.683 96.721
925.049 96.7303
925.415 96.7386
925.781 96.7458
926.147 96.7516
926.514 96.7562
926.88 96.7492
927.246 96.751
927.612 96.7525
927.978 96.7545
928.345 96.7577
928.711 96.7622
929.077 96.7679
929.443 96.7745
929.81 96.7814
930.176 96.7792
930.542 96.7852
930.908 96.79
931.274 96.7934
931.641 96.7956
932.007 96.797
932.373 96.798
932.739 96.799
933.105 96.7907
933.472 96.7931
933.838 96.7963
934.204 96.8006
934.57 96.8059
934.936 96.8126
935.303 96.8204
935.669 96.8298
936.035 96.8406
936.401 96.8529
936.768 96.8675
937.134 96.8841
937.5 96.902
937.866 96.92
938.232 96.9372
938.599 96.9537
938.965 96.9699
939.331 96.9868
939.697 96.9871
940.063 97.0063
940.43 97.0286
940.796 97.0561
941.162 97.0864
941.528 97.1103
941.894 97.129
942.261 97.1441
942.627 97.1595
942.993 97.1686
943.359 97.1751
943.726 97.1792
944.092 97.1808
944.458 97.1803
944.824 97.1777
945.19 97.1733
945.557 97.1673
945.923 97.1597
946.289 97.1541
946.655 97.1437
947.021 97.1319
947.388 97.1189
947.754 97.1046
948.12 97.0892
948.486 97.0571
948.852 97.0384
949.219 97.0188
949.585 96.998
949.951 96.9761
950.317 96.9527
950.684 96.928
951.05 96.9023
951.416 96.8765
951.782 96.8513
952.148 96.8267
952.515 96.8025
952.881 96.7819
953.247 96.7591
953.613 96.7365
953.979 96.7142
954.346 96.6922
954.712 96.6535
955.078 96.6316
955.444 96.6097
955.81 96.5877
956.177 96.566
956.543 96.545
956.909 96.5251
957.275 96.5068
957.642 96.4906
958.008 96.4764
958.374 96.4643
958.74 96.454
959.106 96.445
959.473 96.4409
959.839 96.4346
960.205 96.429
960.571 96.4239
960.937 96.4206
961.304 96.4172
961.67 96.4142
962.036 96.4115
962.402 96.409
962.768 96.4065
963.135 96.404
963.501 96.4013
963.867 96.3984
964.233 96.3954
964.6 96.3923
964.966 96.3891
965.332 96.3856
965.698 96.3864
966.064 96.3821
966.431 96.3772
966.797 96.3716
967.163 96.3644
967.529 96.3571
967.895 96.3492
968.262 96.3409
968.628 96.3322
968.994 96.3232
969.36 96.3139
969.727 96.3043
970.093 96.2943
970.459 96.2838
970.825 96.2729
971.191 96.2615
971.558 96.2496
971.924 96.2372
972.29 96.2353
972.656 96.2217
973.022 96.2075
973.389 96.189
973.755 96.1742
974.121 96.1601
974.487 96.1469
974.853 96.1348
975.22 96.1239
975.586 96.1138
975.952 96.1041
976.318 96.0944
976.685 96.0841
977.051 96.0731
977.417 96.0612
977.783 96.0488
978.149 96.0362
978.516 96.0236
978.882 96.0233
979.248 96.013
979.614 96.0036
979.98 95.9957
980.347 95.9894
980.713 95.9849
981.079 95.9823
981.445 95.9816
981.811 95.9829
982.178 95.9862
982.544 95.9915
982.91 95.9986
983.276 96.0072
983.643 96.017
984.009 96.0278
984.375 96.0395
984.741 96.0519
985.107 96.0651
985.474 96.0897
985.84 96.1035
986.206 96.1175
986.572 96.1317
986.938 96.146
987.305 96.1603
987.671 96.1745
988.037 96.1886
988.403 96.2027
988.769 96.2166
989.136 96.2305
989.502 96.2445
989.868 96.2583
990.234 96.2707
990.601 96.2808
990.967 96.2882
991.333 96.2931
991.699 96.2932
992.065 96.2896
992.432 96.2897
992.798 96.2897
993.164 96.2897
993.53 96.29
993.896 96.2905
994.263 96.2911
994.629 96.2919
994.995 96.2929
995.361 96.2943
995.727 96.2961
996.094 96.2982
996.46 96.3006
996.826 96.3028
997.192 96.3047
997.559 96.3059
997.925 96.3074
998.291 96.3063
998.657 96.3066
999.023 96.3044
999.39 96.3018
999.756 96.299
1000.12 96.296
1000.49 96.2927
1000.85 96.289
1001.22 96.2844
1001.59 96.2787
1001.95 96.2717
1002.32 96.2632
1002.69 96.2532
1003.05 96.2418
1003.42 96.2293
1003.78 96.2159
1004.15 96.2005
1004.52 96.1864
1004.88 96.1851
1005.25 96.1709
1005.62 96.1566
1005.98 96.1425
1006.35 96.1287
1006.71 96.1152
1007.08 96.102
1007.45 96.0893
1007.81 96.0769
1008.18 96.0648
1008.54 96.0528
1008.91 96.0408
1009.28 96.0285
1009.64 96.016
1010.01 96.0031
1010.38 95.9851
1010.74 95.9702
1011.11 95.9541
1011.47 95.9443
1011.84 95.9226
1012.21 95.8972
1012.57 95.8726
1012.94 95.8526
1013.31 95.8362
1013.67 95.8223
1014.04 95.8104
1014.4 95.7999
1014.77 95.7904
1015.14 95.7818
1015.5 95.7736
1015.87 95.7656
1016.24 95.7547
1016.6 95.7458
1016.97 95.7362
1017.33 95.7258
1017.7 95.7149
1018.07 95.71
1018.43 95.6981
1018.8 95.6861
1019.16 95.6745
1019.53 95.6637
1019.9 95.6537
1020.26 95.6443
1020.63 95.635
1021 95.6256
1021.36 95.6163
1021.73 95.6071
1022.09 95.5984
1022.46 95.5883
1022.83 95.5823
1023.19 95.5776
1023.56 95.5742
1023.93 95.5723
1024.29 95.5718
1024.66 95.5755
1025.02 95.5773
1025.39 95.5804
1025.76 95.5845
1026.12 95.5894
1026.49 95.595
1026.86 95.6011
1027.22 95.6074
1027.59 95.6135
1027.95 95.6189
1028.32 95.623
1028.69 95.6193
1029.05 95.6154
1029.42 95.6098
1029.79 95.6041
1030.15 95.5986
1030.52 95.5929
1030.88 95.5868
1031.25 95.5809
1031.62 95.5744
1031.98 95.5672
1032.35 95.559
1032.71 95.5499
1033.08 95.5397
1033.45 95.5283
1033.81 95.5155
1034.18 95.5014
1034.55 95.4859
1034.91 95.4584
1035.28 95.4389
1035.64 95.4186
1036.01 95.3982
1036.38 95.3786
1036.74 95.3604
1037.11 95.3435
1037.48 95.334
1037.84 95.3194
1038.21 95.3058
1038.57 95.2934
1038.94 95.2822
1039.31 95.2725
1039.67 95.2646
1040.04 95.2588
1040.41 95.2553
1040.77 95.2538
1041.14 95.2506
1041.5 95.2522
1041.87 95.2541
1042.24 95.2559
1042.6 95.2573
1042.97 95.2584
1043.33 95.2591
1043.7 95.2594
1044.07 95.2557
1044.43 95.2551
1044.8 95.2538
1045.17 95.2517
1045.53 95.2486
1045.9 95.2444
1046.26 95.2386
1046.63 95.2309
1047 95.205
1047.36 95.1892
1047.73 95.1697
1048.1 95.1458
1048.46 95.1172
1048.83 95.0839
1049.19 95.0485
1049.56 95.0159
1049.93 94.9871
1050.29 94.9615
1050.66 94.9436
1051.03 94.9227
1051.39 94.9033
1051.76 94.8849
1052.12 94.8672
1052.49 94.85
1052.86 94.833
1053.22 94.8054
1053.59 94.7902
1053.95 94.7757
1054.32 94.7617
1054.69 94.748
1055.05 94.7341
1055.42 94.72
1055.79 94.7054
1056.15 94.6903
1056.52 94.6748
1056.88 94.6588
1057.25 94.6528
1057.62 94.636
1057.98 94.6189
1058.35 94.6013
1058.72 94.5835
1059.08 94.5654
1059.45 94.5382
1059.81 94.5194
1060.18 94.5007
1060.55 94.4825
1060.91 94.4649
1061.28 94.4482
1061.65 94.4326
1062.01 94.4182
1062.38 94.405
1062.74 94.3929
1063.11 94.3819
1063.48 94.3718
1063.84 94.3589
1064.21 94.3491
1064.58 94.3401
1064.94 94.3321
1065.31 94.325
1065.67 94.3056
1066.04 94.3017
1066.41 94.2997
1066.77 94.2998
1067.14 94.3021
1067.5 94.3061
1067.87 94.3107
1068.24 94.3151
1068.6 94.3191
1068.97 94.3225
1069.34 94.3254
1069.7 94.328
1070.07 94.3303
1070.43 94.3234
1070.8 94.3254
1071.17 94.3268
1071.53 94.3275
1071.9 94.3192
1072.27 94.3184
1072.63 94.3173
1073 94.3162
1073.36 94.315
1073.73 94.3137
1074.1 94.3121
1074.46 94.3096
1074.83 94.306
1075.2 94.3009
1075.56 94.2943
1075.93 94.286
1076.29 94.2763
1076.66 94.2682
1077.03 94.2577
1077.39 94.2461
1077.76 94.2267
1078.12 94.2138
1078.49 94.2003
1078.86 94.1864
1079.22 94.172
1079.59 94.1573
1079.96 94.1424
1080.32 94.1272
1080.69 94.1117
1081.05 94.0961
1081.42 94.0802
1081.79 94.0639
1082.15 94.0471
1082.52 94.0296
1082.89 94.0111
1083.25 93.9995
1083.62 93.9787
1083.98 93.9427
1084.35 93.921
1084.72 93.9006
1085.08 93.8819
1085.45 93.865
1085.82 93.8497
1086.18 93.8358
1086.55 93.8231
1086.91 93.8115
1087.28 93.8011
1087.65 93.7919
1088.01 93.7837
1088.38 93.7765
1088.74 93.7704
1089.11 93.7654
1089.48 93.7615
1089.84 93.7658
1090.21 93.77
1090.58 93.7701
1090.94 93.7713
1091.31 93.7734
1091.67 93.7763
1092.04 93.78
1092.41 93.7843
1092.77 93.7888
1093.14 93.7931
1093.51 93.797
1093.87 93.8001
1094.24 93.8023
1094.6 93.8035
1094.97 93.8039
1095.34 93.8037
1095.7 93.8031
1096.07 93.8025
1096.44 93.8121
1096.8 93.812
1097.17 93.8121
1097.53 93.8124
1097.9 93.8127
1098.27 93.8127
1098.63 93.8122
1099 93.8111
1099.37 93.8091
1099.73 93.806
1100.1 93.8017
1100.46 93.7962
1100.83 93.7896
1101.2 93.7818
1101.56 93.7728
1101.93 93.7628
1102.29 93.7516
1102.66 93.7401
1103.03 93.7402
1103.39 93.7252
1103.76 93.7089
1104.13 93.6914
1104.49 93.6727
1104.86 93.6528
1105.22 93.6318
1105.59 93.6097
1105.96 93.5866
1106.32 93.5626
1106.69 93.5381
1107.06 93.5135
1107.42 93.4891
1107.79 93.4653
1108.15 93.4424
1108.52 93.4205
1108.89 93.3972
1109.25 93.3951
1109.62 93.3773
1109.99 93.3607
1110.35 93.3456
1110.72 93.3318
1111.08 93.3194
1111.45 93.3082
1111.82 93.2981
1112.18 93.289
1112.55 93.2809
1112.91 93.2735
1113.28 93.2667
1113.65 93.2605
1114.01 93.2548
1114.38 93.2495
1114.75 93.2465
1115.11 93.2432
1115.48 93.2404
1115.84 93.2453
1116.21 93.244
1116.58 93.2431
1116.94 93.2426
1117.31 93.2424
1117.68 93.2425
1118.04 93.2428
1118.41 93.243
1118.77 93.2433
1119.14 93.2434
1119.51 93.2433
1119.87 93.2432
1120.24 93.2432
1120.61 93.2434
1120.97 93.2529
1121.34 93.2534
1121.7 93.2541
1122.07 93.2548
1122.44 93.2641
1122.8 93.2649
1123.17 93.2656
1123.54 93.2662
1123.9 93.2667
1124.27 93.2673
1124.63 93.2681
1125 93.2692
1125.37 93.2709
1125.73 93.2732
1126.1 93.2759
1126.46 93.2788
1126.83 93.2817
1127.2 93.2939
1127.56 93.2962
1127.93 93.2984
1128.3 93.3003
1128.66 93.3021
1129.03 93.3108
1129.39 93.3125
1129.76 93.3143
1130.13 93.3163
1130.49 93.3185
1130.86 93.321
1131.23 93.3238
1131.59 93.3268
1131.96 93.33
1132.32 93.3334
1132.69 93.337
1133.06 93.3406
1133.42 93.3517
1133.79 93.3544
1134.16 93.357
1134.52 93.3595
1134.89 93.3623
1135.25 93.366
1135.62 93.3666
1135.99 93.3701
1136.35 93.3754
1136.72 93.3771
1137.08 93.3705
1137.45 93.3504
1137.82 93.3315
1138.18 93.318
1138.55 93.3063
1138.92 93.2951
1139.28 93.2838
1139.65 93.2625
1140.01 93.2468
1140.38 93.228
1140.75 93.2054
1141.11 93.1815
1141.48 93.1614
1141.85 93.1491
1142.21 93.1354
1142.58 93.1241
1142.94 93.1151
1143.31 93.1081
1143.68 93.1028
1144.04 93.0988
1144.41 93.0956
1144.78 93.0926
1145.14 93.0896
1145.51 93.084
1145.87 93.0792
1146.24 93.0733
1146.61 93.066
1146.97 93.0568
1147.34 93.0457
1147.7 93.0322
1148.07 93.0159
1148.44 93.0032
1148.8 92.9809
1149.17 92.9544
1149.54 92.9227
1149.9 92.8858
1150.27 92.8475
1150.63 92.811
1151 92.7766
1151.37 92.744
1151.73 92.6966
1152.1 92.6672
1152.47 92.6379
1152.83 92.6082
1153.2 92.5799
1153.56 92.5558
1153.93 92.5369
1154.3 92.5234
1154.66 92.5152
1155.03 92.513
1155.4 92.5116
1155.76 92.5128
1156.13 92.515
1156.49 92.5172
1156.86 92.5196
1157.23 92.5221
1157.59 92.5247
1157.96 92.5339
1158.33 92.537
1158.69 92.5402
1159.06 92.5436
1159.42 92.5474
1159.79 92.5516
1160.16 92.5564
1160.52 92.562
1160.89 92.5684
1161.25 92.5758
1161.62 92.5827
1161.99 92.5913
1162.35 92.6012
1162.72 92.6121
1163.09 92.6234
1163.45 92.6345
1163.82 92.645
1164.18 92.6621
1164.55 92.6706
1164.92 92.6782
1165.28 92.6851
1165.65 92.6911
1166.02 92.6965
1166.38 92.7011
1166.75 92.7047
1167.11 92.7073
1167.48 92.7087
1167.85 92.7091
1168.21 92.712
1168.58 92.7111
1168.95 92.7096
1169.31 92.7073
1169.68 92.7042
1170.04 92.7003
1170.41 92.6937
1170.78 92.6868
1171.14 92.6792
1171.51 92.6714
1171.87 92.6638
1172.24 92.6571
1172.61 92.6518
1172.97 92.648
1173.34 92.6461
1173.71 92.6462
1174.07 92.6486
1174.44 92.6535
1174.8 92.6562
1175.17 92.6647
1175.54 92.6759
1175.9 92.69
1176.27 92.707
1176.64 92.7313
1177 92.7535
1177.37 92.7783
1177.73 92.8029
1178.1 92.8229
1178.47 92.8373
1178.83 92.8467
1179.2 92.8516
1179.57 92.8527
1179.93 92.8504
1180.3 92.8454
1180.66 92.8379
1181.03 92.8232
1181.4 92.812
1181.76 92.799
1182.13 92.7841
1182.49 92.7426
1182.86 92.7178
1183.23 92.6887
1183.59 92.6619
1183.96 92.6375
1184.33 92.6146
1184.69 92.5936
1185.06 92.5748
1185.42 92.5587
1185.79 92.5452
1186.16 92.5346
1186.52 92.5269
1186.89 92.5218
1187.26 92.5191
1187.62 92.5181
1187.99 92.519
1188.35 92.5216
1188.72 92.5288
1189.09 92.5346
1189.45 92.5413
1189.82 92.5488
1190.19 92.5569
1190.55 92.5653
1190.92 92.5739
1191.28 92.5825
1191.65 92.5909
1192.02 92.5989
1192.38 92.6066
1192.75 92.614
1193.12 92.6211
1193.48 92.6279
1193.85 92.6342
1194.21 92.6326
1194.58 92.6372
1194.95 92.635
1195.31 92.6352
1195.68 92.6335
1196.04 92.6294
1196.41 92.6228
1196.78 92.6136
1197.14 92.6017
1197.51 92.5867
1197.88 92.568
1198.24 92.5445
1198.61 92.5149
1198.97 92.4783
1199.34 92.4371
1199.71 92.3903
1200.07 92.3346
1200.44 92.2909
1200.81 92.2506
1201.17 92.1834
1201.54 92.156
1201.9 92.1319
1202.27 92.1107
1202.64 92.0922
1203 92.0761
1203.37 92.0623
1203.74 92.0506
1204.1 92.0406
1204.47 92.0324
1204.83 92.0255
1205.2 92.0198
1205.57 92.0151
1205.93 92.0111
1206.3 92.0075
1206.66 92.0042
1207.03 92.0006
1207.4 91.9883
1207.76 91.9827
1208.13 91.9755
1208.5 91.9664
1208.86 91.9551
1209.23 91.9433
1209.59 91.9328
1209.96 91.9242
1210.33 91.9172
1210.69 91.9113
1211.06 91.9064
1211.43 91.9023
1211.79 91.8991
1212.16 91.8968
1212.52 91.8955
1212.89 91.8952
1213.26 91.8967
1213.62 91.8979
1213.99 91.8996
1214.36 91.9015
1214.72 91.9036
1215.09 91.9059
1215.45 91.9083
1215.82 91.9108
1216.19 91.9131
1216.55 91.9148
1216.92 91.916
1217.29 91.9175
1217.65 91.92
1218.02 91.9236
1218.38 91.9282
1218.75 91.9337
1219.12 91.9401
1219.48 91.9551
1219.85 91.9636
1220.21 91.9736
1220.58 91.9829
1220.95 91.9918
1221.31 92.0001
1221.68 92.0079
1222.05 92.0149
1222.41 92.0212
1222.78 92.0265
1223.14 92.0308
1223.51 92.0341
1223.88 92.0365
1224.24 92.0379
1224.61 92.0387
1224.98 92.0389
1225.34 92.0388
1225.71 92.0497
1226.07 92.049
1226.44 92.048
1226.81 92.0578
1227.17 92.0556
1227.54 92.0524
1227.91 92.0482
1228.27 92.0423
1228.64 92.0343
1229 92.024
1229.37 92.0131
1229.74 92.0039
1230.1 91.9964
1230.47 91.9899
1230.83 91.9838
1231.2 91.9777
1231.57 91.971
1231.93 91.9645
1232.3 91.9543
1232.67 91.9422
1233.03 91.9274
1233.4 91.9188
1233.76 91.8936
1234.13 91.8673
1234.5 91.8479
1234.86 91.832
1235.23 91.8182
1235.6 91.8057
1235.96 91.7941
1236.33 91.783
1236.69 91.7719
1237.06 91.7607
1237.43 91.7491
1237.79 91.7368
1238.16 91.7178
1238.53 91.7083
1238.89 91.7011
1239.26 91.6958
1239.62 91.6921
1239.99 91.692
1240.36 91.69
1240.72 91.6889
1241.09 91.6886
1241.45 91.6893
1241.82 91.6909
1242.19 91.6936
1242.55 91.697
1242.92 91.7009
1243.29 91.7049
1243.65 91.7088
1244.02 91.7124
1244.38 91.7196
1244.75 91.7218
1245.12 91.7233
1245.48 91.7242
1245.85 91.7246
1246.22 91.7247
1246.58 91.7285
1246.95 91.7285
1247.31 91.7284
1247.68 91.7284
1248.05 91.7285
1248.41 91.7289
1248.78 91.7295
1249.15 91.7301
1249.51 91.7307
1249.88 91.731
1250.24 91.7335
1250.61 91.7323
1250.98 91.7303
1251.34 91.7276
1251.71 91.724
1252.08 91.7195
1252.44 91.7141
1252.81 91.717
1253.17 91.7106
1253.54 91.7031
1253.91 91.6945
1254.27 91.6848
1254.64 91.674
1255 91.6622
1255.37 91.6494
1255.74 91.6359
1256.1 91.6218
1256.47 91.6054
1256.84 91.5901
1257.2 91.5749
1257.57 91.5596
1257.93 91.5442
1258.3 91.5283
1258.67 91.5118
1259.03 91.4942
1259.4 91.488
1259.77 91.4676
1260.13 91.4451
1260.5 91.4199
1260.86 91.3905
1261.23 91.356
1261.6 91.3259
1261.96 91.3
1262.33 91.2768
1262.7 91.2486
1263.06 91.229
1263.43 91.2099
1263.79 91.1911
1264.16 91.1726
1264.53 91.1544
1264.89 91.1363
1265.26 91.118
1265.62 91.0992
1265.99 91.0929
1266.36 91.0711
1266.72 91.0469
1267.09 91.0195
1267.46 90.989
1267.82 90.9564
1268.19 90.922
1268.55 90.8847
1268.92 90.8333
1269.29 90.8071
1269.65 90.7835
1270.02 90.7618
1270.39 90.7411
1270.75 90.7206
1271.12 90.6995
1271.48 90.6766
1271.85 90.6518
1272.22 90.6309
1272.58 90.6279
1272.95 90.6155
1273.32 90.6064
1273.68 90.6003
1274.05 90.597
1274.41 90.5961
1274.78 90.5977
1275.15 90.6122
1275.51 90.6194
1275.88 90.6298
1276.24 90.6446
1276.61 90.6692
1276.98 90.6911
1277.34 90.707
1277.71 90.7204
1278.08 90.7326
1278.44 90.7445
1278.81 90.7567
1279.17 90.7678
1279.54 90.7803
1279.91 90.7941
1280.27 90.8101
1280.64 90.829
1281.01 90.8561
1281.37 90.8714
1281.74 90.8831
1282.1 90.8919
1282.47 90.8984
1282.84 90.9027
1283.2 90.905
1283.57 90.9054
1283.94 90.9042
1284.3 90.9019
1284.67 90.899
1285.03 90.8959
1285.4 90.8969
1285.77 90.8941
1286.13 90.8916
1286.5 90.8897
1286.87 90.8883
1287.23 90.8881
1287.6 90.8876
1287.96 90.8876
1288.33 90.8884
1288.7 90.89
1289.06 90.8927
1289.43 90.897
1289.79 90.9034
1290.16 90.9125
1290.53 90.9247
1290.89 90.9365
1291.26 90.9454
1291.63 90.9516
1291.99 90.9425
1292.36 90.9465
1292.72 90.9493
1293.09 90.9516
1293.46 90.9466
1293.82 90.9499
1294.19 90.9538
1294.56 90.9574
1294.92 90.9581
1295.29 90.9553
1295.65 90.9496
1296.02 90.9418
1296.39 90.9326
1296.75 90.9226
1297.12 90.9123
1297.49 90.902
1297.85 90.8918
1298.22 90.8819
1298.58 90.8812
1298.95 90.873
1299.32 90.8654
1299.68 90.8618
1300.05 90.856
1300.41 90.8504
1300.78 90.845
1301.15 90.8395
1301.51 90.8339
1301.88 90.8281
1302.25 90.8222
1302.61 90.8164
1302.98 90.8107
1303.34 90.8052
1303.71 90.7997
1304.08 90.7943
1304.44 90.7886
1304.81 90.7826
1305.18 90.7873
1305.54 90.7803
1305.91 90.7752
1306.27 90.7656
1306.64 90.755
1307.01 90.7436
1307.37 90.7318
1307.74 90.7198
1308.11 90.708
1308.47 90.6966
1308.84 90.6859
1309.2 90.6764
1309.57 90.6681
1309.94 90.661
1310.3 90.6552
1310.67 90.6505
1311.04 90.6469
1311.4 90.6443
1311.77 90.6496
1312.13 90.655
1312.5 90.6552
1312.87 90.656
1313.23 90.6576
1313.6 90.6599
1313.96 90.6629
1314.33 90.6665
1314.7 90.6704
1315.06 90.674
1315.43 90.6766
1315.8 90.6772
1316.16 90.6753
1316.53 90.6701
1316.89 90.661
1317.26 90.6479
1317.63 90.6342
1317.99 90.6197
1318.36 90.6185
1318.73 90.6113
1319.09 90.6042
1319.46 90.5972
1319.82 90.5902
1320.19 90.5834
1320.56 90.5769
1320.92 90.5709
1321.29 90.5654
1321.66 90.5607
1322.02 90.5569
1322.39 90.5543
1322.75 90.5532
1323.12 90.5537
1323.49 90.556
1323.85 90.5602
1324.22 90.5698
1324.58 90.5735
1324.95 90.5816
1325.32 90.5914
1325.68 90.6028
1326.05 90.6154
1326.42 90.6292
1326.78 90.644
1327.15 90.6598
1327.51 90.6772
1327.88 90.6973
1328.25 90.7195
1328.61 90.7379
1328.98 90.7524
1329.35 90.7641
1329.71 90.7726
1330.08 90.7777
1330.44 90.7701
1330.81 90.7672
1331.18 90.7564
1331.54 90.7496
1331.91 90.7394
1332.28 90.7258
1332.64 90.7111
1333.01 90.6978
1333.37 90.6864
1333.74 90.6768
1334.11 90.669
1334.47 90.6629
1334.84 90.6584
1335.2 90.6553
1335.57 90.6536
1335.94 90.653
1336.3 90.6534
1336.67 90.6649
1337.04 90.6675
1337.4 90.6709
1337.77 90.682
1338.13 90.6861
1338.5 90.6907
1338.87 90.6958
1339.23 90.7013
1339.6 90.7073
1339.97 90.7138
1340.33 90.7209
1340.7 90.7288
1341.06 90.7376
1341.43 90.7475
1341.8 90.7588
1342.16 90.7718
1342.53 90.7867
1342.9 90.8126
1343.26 90.8321
1343.63 90.854
1343.99 90.8785
1344.36 90.8887
1344.73 90.9165
1345.09 90.948
1345.46 90.9842
1345.83 91.0256
1346.19 91.07
1346.56 91.1178
1346.92 91.1718
1347.29 91.213
1347.66 91.2481
1348.02 91.2775
1348.39 91.301
1348.75 91.3124
1349.12 91.3244
1349.49 91.3332
1349.85 91.3395
1350.22 91.3446
1350.59 91.3497
1350.95 91.3446
1351.32 91.3521
1351.68 91.36
1352.05 91.368
1352.42 91.3758
1352.78 91.3835
1353.15 91.3908
1353.52 91.3978
1353.88 91.4047
1354.25 91.4119
1354.61 91.4196
1354.98 91.4333
1355.35 91.4434
1355.71 91.4549
1356.08 91.468
1356.45 91.4831
1356.81 91.5001
1357.18 91.5078
1357.54 91.5259
1357.91 91.5428
1358.28 91.5579
1358.64 91.5713
1359.01 91.5834
1359.37 91.5941
1359.74 91.6039
1360.11 91.6128
1360.47 91.6211
1360.84 91.6292
1361.21 91.6462
1361.57 91.6546
1361.94 91.663
1362.3 91.6717
1362.67 91.6807
1363.04 91.6903
1363.4 91.7006
1363.77 91.7118
1364.14 91.7229
1364.5 91.7347
1364.87 91.7474
1365.23 91.7611
1365.6 91.7758
1365.97 91.7911
1366.33 91.8054
1366.7 91.8175
1367.07 91.8267
1367.43 91.8395
1367.8 91.8424
1368.16 91.8429
1368.53 91.8412
1368.9 91.8376
1369.26 91.8324
1369.63 91.8259
1369.99 91.8185
1370.36 91.821
1370.73 91.813
1371.09 91.8045
1371.46 91.7958
1371.83 91.787
1372.19 91.7783
1372.56 91.7699
1372.92 91.7619
1373.29 91.7546
1373.66 91.7531
1374.02 91.7475
1374.39 91.7424
1374.76 91.7378
1375.12 91.7334
1375.49 91.7291
1375.85 91.7249
1376.22 91.7207
1376.59 91.7168
1376.95 91.7227
1377.32 91.7188
1377.69 91.7154
1378.05 91.7129
1378.42 91.7113
1378.78 91.7113
1379.15 91.7131
1379.52 91.717
1379.88 91.7242
1380.25 91.7262
1380.62 91.7263
1380.98 91.7249
1381.35 91.7224
1381.71 91.7194
1382.08 91.7166
1382.45 91.7147
1382.81 91.7141
1383.18 91.7154
1383.54 91.7175
1383.91 91.7215
1384.28 91.7283
1384.64 91.7388
1385.01 91.7558
1385.38 91.774
1385.74 91.7907
1386.11 91.8006
1386.47 91.809
1386.84 91.8165
1387.21 91.8234
1387.57 91.83
1387.94 91.8363
1388.31 91.8425
1388.67 91.8484
1389.04 91.854
1389.4 91.8586
1389.77 91.8608
1390.14 91.8549
1390.5 91.8515
1390.87 91.8442
1391.24 91.8343
1391.6 91.825
1391.97 91.8126
1392.33 91.8095
1392.7 91.808
1393.07 91.808
1393.43 91.8091
1393.8 91.8111
1394.16 91.8136
1394.53 91.8163
1394.9 91.819
1395.26 91.8216
1395.63 91.8242
1396 91.8266
1396.36 91.8326
1396.73 91.8351
1397.09 91.8375
1397.46 91.84
1397.83 91.8425
1398.19 91.8506
1398.56 91.8531
1398.93 91.8557
1399.29 91.8584
1399.66 91.8612
1400.02 91.8641
1400.39 91.8672
1400.76 91.8704
1401.12 91.8738
1401.49 91.8775
1401.86 91.8816
1402.22 91.8862
1402.59 91.8914
1402.95 91.8993
1403.32 91.905
1403.69 91.911
1404.05 91.9171
1404.42 91.931
1404.79 91.9367
1405.15 91.9422
1405.52 91.9474
1405.88 91.9523
1406.25 91.9569
1406.62 91.9615
1406.98 91.9661
1407.35 91.9709
1407.71 91.9761
1408.08 91.9816
1408.45 91.9876
1408.81 91.9939
1409.18 92.0005
1409.55 92.0056
1409.91 92.0118
1410.28 92.018
1410.64 92.0262
1411.01 92.0306
1411.38 92.0343
1411.74 92.037
1412.11 92.0387
1412.48 92.0393
1412.84 92.0382
1413.21 92.0343
1413.57 92.0257
1413.94 92.0224
1414.31 92.0249
1414.67 92.032
1415.04 92.0442
1415.41 92.0619
1415.77 92.0765
1416.14 92.075
1416.5 92.0862
1416.87 92.0964
1417.24 92.1052
1417.6 92.1132
1417.97 92.1203
1418.33 92.1268
1418.7 92.1326
1419.07 92.1376
1419.43 92.1421
1419.8 92.1461
1420.17 92.1499
1420.53 92.1541
1420.9 92.159
1421.26 92.1654
1421.63 92.1736
1422 92.1843
1422.36 92.197
1422.73 92.1831
1423.1 92.193
1423.46 92.2017
1423.83 92.209
1424.19 92.2113
1424.56 92.2114
1424.93 92.211
1425.29 92.2104
1425.66 92.2099
1426.03 92.2098
1426.39 92.2108
1426.76 92.2134
1427.12 92.2188
1427.49 92.2271
1427.86 92.2329
1428.22 92.2353
1428.59 92.2353
1428.95 92.2304
1429.32 92.23
1429.69 92.2286
1430.05 92.2265
1430.42 92.224
1430.79 92.2213
1431.15 92.2186
1431.52 92.2159
1431.88 92.2133
1432.25 92.2109
1432.62 92.2086
1432.98 92.2066
1433.35 92.2048
1433.72 92.2034
1434.08 92.2023
1434.45 92.2016
1434.81 92.2014
1435.18 92.209
1435.55 92.2163
1435.91 92.2168
1436.28 92.2177
1436.65 92.2188
1437.01 92.2202
1437.38 92.2219
1437.74 92.224
1438.11 92.2264
1438.48 92.2291
1438.84 92.2321
1439.21 92.2355
1439.58 92.2391
1439.94 92.243
1440.31 92.2473
1440.67 92.252
1441.04 92.2571
1441.41 92.2663
1441.77 92.2722
1442.14 92.2763
1442.5 92.2829
1442.87 92.29
1443.24 92.2976
1443.6 92.3059
1443.97 92.3149
1444.34 92.3246
1444.7 92.3352
1445.07 92.3467
1445.43 92.3591
1445.8 92.3726
1446.17 92.387
1446.53 92.4024
1446.9 92.4188
1447.27 92.436
1447.63 92.4632
1448 92.481
1448.36 92.4992
1448.73 92.5068
1449.1 92.5243
1449.46 92.5417
1449.83 92.5587
1450.2 92.575
1450.56 92.5906
1450.93 92.6052
1451.29 92.6188
1451.66 92.6316
1452.03 92.6435
1452.39 92.6547
1452.76 92.6655
1453.12 92.6758
1453.49 92.6839
1453.86 92.6919
1454.22 92.6988
1454.59 92.7041
1454.96 92.708
1455.32 92.7016
1455.69 92.7052
1456.05 92.7084
1456.42 92.7112
1456.79 92.7133
1457.15 92.7148
1457.52 92.7154
1457.89 92.7151
1458.25 92.714
1458.62 92.712
1458.98 92.7094
1459.35 92.7062
1459.72 92.6998
1460.08 92.6971
1460.45 92.6948
1460.82 92.6933
1461.18 92.6926
1461.55 92.6926
1461.91 92.6932
1462.28 92.6943
1462.65 92.6959
1463.01 92.6977
1463.38 92.6997
1463.74 92.7019
1464.11 92.7044
1464.48 92.7073
1464.84 92.7107
1465.21 92.7149
1465.58 92.7201
1465.94 92.731
1466.31 92.7387
1466.67 92.7474
1467.04 92.7571
1467.41 92.7675
1467.77 92.7781
1468.14 92.7833
1468.51 92.7936
1468.87 92.8035
1469.24 92.8126
1469.6 92.8208
1469.97 92.828
1470.34 92.8343
1470.7 92.8396
1471.07 92.8441
1471.44 92.8477
1471.8 92.8505
1472.17 92.8544
1472.53 92.8555
1472.9 92.8559
1473.27 92.8557
1473.63 92.855
1474 92.854
1474.37 92.8528
1474.73 92.8526
1475.1 92.8511
1475.46 92.8496
1475.83 92.8482
1476.2 92.8473
1476.56 92.8469
1476.93 92.8477
1477.29 92.85
1477.66 92.8545
1478.03 92.8618
1478.39 92.8704
1478.76 92.8808
1479.13 92.8889
1479.49 92.8954
1479.86 92.9009
1480.22 92.906
1480.59 92.911
1480.96 92.9162
1481.32 92.9186
1481.69 92.9249
1482.06 92.9314
1482.42 92.9383
1482.79 92.9454
1483.15 92.9527
1483.52 92.9603
1483.89 92.9681
1484.25 92.9815
1484.62 92.9895
1484.99 92.9975
1485.35 93.0054
1485.72 93.0131
1486.08 93.0205
1486.45 93.0275
1486.82 93.034
1487.18 93.04
1487.55 93.0454
1487.91 93.0483
1488.28 93.0524
1488.65 93.0558
1489.01 93.0586
1489.38 93.0606
1489.75 93.0619
1490.11 93.0625
1490.48 93.0576
1490.84 93.0583
1491.21 93.0604
1491.58 93.0643
1491.94 93.0703
1492.31 93.0784
1492.68 93.0886
1493.04 93.1009
1493.41 93.1151
1493.77 93.1311
1494.14 93.1484
1494.51 93.1517
1494.87 93.1709
1495.24 93.1916
1495.61 93.2138
1495.97 93.2358
1496.34 93.2554
1496.7 93.2781
1497.07 93.2929
1497.44 93.3056
1497.8 93.3165
1498.17 93.3259
1498.54 93.3343
1498.9 93.3419
1499.27 93.3489
1499.63 93.3556
1500 93.362
1500.37 93.3682
1500.73 93.3779
1501.1 93.3841
1501.46 93.39
1501.83 93.3957
1502.2 93.4011
1502.56 93.4064
1502.93 93.4204
1503.3 93.425
1503.66 93.4294
1504.03 93.4337
1504.39 93.438
1504.76 93.4423
1505.13 93.4467
1505.49 93.4511
1505.86 93.4556
1506.23 93.4599
1506.59 93.4642
1506.96 93.4683
1507.32 93.4745
1507.69 93.4784
1508.06 93.482
1508.42 93.4852
1508.79 93.4879
1509.16 93.4959
1509.52 93.4976
1509.89 93.4991
1510.25 93.5007
1510.62 93.5025
1510.99 93.5048
1511.35 93.5079
1511.72 93.512
1512.08 93.5174
1512.45 93.5242
1512.82 93.5326
1513.18 93.5427
1513.55 93.5543
1513.92 93.5565
1514.28 93.5689
1514.65 93.582
1515.01 93.5954
1515.38 93.609
1515.75 93.621
1516.11 93.6311
1516.48 93.6391
1516.85 93.6451
1517.21 93.6497
1517.58 93.6534
1517.94 93.6565
1518.31 93.6592
1518.68 93.6617
1519.04 93.6639
1519.41 93.6657
1519.78 93.667
1520.14 93.6674
1520.51 93.6664
1520.87 93.6652
1521.24 93.6597
1521.61 93.6555
1521.97 93.6507
1522.34 93.6461
1522.7 93.6422
1523.07 93.6393
1523.44 93.6372
1523.8 93.6359
1524.17 93.6352
1524.54 93.635
1524.9 93.6352
1525.27 93.6358
1525.63 93.6366
1526 93.6375
1526.37 93.6383
1526.73 93.6388
1527.1 93.6416
1527.47 93.644
1527.83 93.643
1528.2 93.6414
1528.56 93.6392
1528.93 93.6363
1529.3 93.6327
1529.66 93.6283
1530.03 93.623
1530.4 93.6167
1530.76 93.6095
1531.13 93.6012
1531.49 93.5918
1531.86 93.5812
1532.23 93.5696
1532.59 93.5571
1532.96 93.5441
1533.33 93.5312
1533.69 93.5152
1534.06 93.5036
1534.42 93.493
1534.79 93.4833
1535.16 93.4744
1535.52 93.4664
1535.89 93.4592
1536.25 93.4526
1536.62 93.4465
1536.99 93.4407
1537.35 93.4349
1537.72 93.4286
1538.09 93.4217
1538.45 93.4136
1538.82 93.404
1539.18 93.3927
1539.55 93.3805
1539.92 93.3578
1540.28 93.349
1540.65 93.3412
1541.02 93.3341
1541.38 93.3273
1541.75 93.3208
1542.11 93.3146
1542.48 93.3086
1542.85 93.3031
1543.21 93.298
1543.58 93.2932
1543.95 93.2888
1544.31 93.2847
1544.68 93.2809
1545.04 93.2773
1545.41 93.274
1545.78 93.2707
1546.14 93.2653
1546.51 93.2626
1546.87 93.2579
1547.24 93.2525
1547.61 93.246
1547.97 93.2379
1548.34 93.2275
1548.71 93.2135
1549.07 93.1971
1549.44 93.1847
1549.8 93.1753
1550.17 93.1679
1550.54 93.1622
1550.9 93.1578
1551.27 93.1543
1551.64 93.1515
1552 93.1453
1552.37 93.1436
1552.73 93.1419
1553.1 93.1393
1553.47 93.1375
1553.83 93.1352
1554.2 93.1324
1554.57 93.129
1554.93 93.1251
1555.3 93.1205
1555.66 93.1155
1556.03 93.1101
1556.4 93.1046
1556.76 93.0993
1557.13 93.0945
1557.49 93.0903
1557.86 93.0872
1558.23 93.083
1558.59 93.0826
1558.96 93.0836
1559.33 93.0861
1559.69 93.0842
1560.06 93.0881
1560.42 93.0934
1560.79 93.1004
1561.16 93.1093
1561.52 93.1192
1561.89 93.1276
1562.26 93.1335
1562.62 93.137
1562.99 93.1385
1563.35 93.138
1563.72 93.136
1564.09 93.1328
1564.45 93.1256
1564.82 93.1223
1565.19 93.1192
1565.55 93.1163
1565.92 93.1136
1566.28 93.1136
1566.65 93.1114
1567.02 93.109
1567.38 93.1066
1567.75 93.1039
1568.12 93.1011
1568.48 93.098
1568.85 93.0945
1569.21 93.0905
1569.58 93.0858
1569.95 93.0801
1570.31 93.0733
1570.68 93.0587
1571.04 93.0478
1571.41 93.0356
1571.78 93.0227
1572.14 93.0101
1572.51 93.0025
1572.88 92.9921
1573.24 92.9827
1573.61 92.974
1573.97 92.9659
1574.34 92.9584
1574.71 92.9513
1575.07 92.9445
1575.44 92.9379
1575.81 92.9315
1576.17 92.9253
1576.54 92.9192
1576.9 92.9119
1577.27 92.906
1577.64 92.9002
1578 92.8944
1578.37 92.8884
1578.74 92.882
1579.1 92.8788
1579.47 92.8706
1579.83 92.8611
1580.2 92.8497
1580.57 92.8365
1580.93 92.8224
1581.3 92.8093
1581.66 92.7981
1582.03 92.7887
1582.4 92.781
1582.76 92.7748
1583.13 92.7666
1583.5 92.763
1583.86 92.7603
1584.23 92.7586
1584.59 92.7578
1584.96 92.7582
1585.33 92.7601
1585.69 92.7577
1586.06 92.7623
1586.43 92.7707
1586.79 92.7851
1587.16 92.7965
1587.52 92.8051
1587.89 92.8122
1588.26 92.8185
1588.62 92.8243
1588.99 92.8322
1589.36 92.8377
1589.72 92.843
1590.09 92.8482
1590.45 92.8533
1590.82 92.8584
1591.19 92.8637
1591.55 92.8691
1591.92 92.8748
1592.29 92.8788
1592.65 92.8849
1593.02 92.8913
1593.38 92.8979
1593.75 92.9047
1594.12 92.9116
1594.48 92.9184
1594.85 92.9252
1595.21 92.9334
1595.58 92.9394
1595.95 92.9452
1596.31 92.9511
1596.68 92.9573
1597.05 92.9643
1597.41 92.9727
1597.78 92.9835
1598.14 92.998
1598.51 93.0159
1598.88 93.0151
1599.24 93.0313
1599.61 93.0452
1599.98 93.0573
1600.34 93.0681
1600.71 93.078
1601.07 93.087
1601.44 93.0964
1601.81 93.1042
1602.17 93.1114
1602.54 93.118
1602.91 93.1241
1603.27 93.1297
1603.64 93.1347
1604 93.1393
1604.37 93.1434
1604.74 93.1471
1605.1 93.1503
1605.47 93.1522
1605.83 93.1554
1606.2 93.1581
1606.57 93.1605
1606.93 93.1623
1607.3 93.1638
1607.67 93.1679
1608.03 93.1686
1608.4 93.1689
1608.76 93.1689
1609.13 93.1685
1609.5 93.1677
1609.86 93.1664
1610.23 93.1649
1610.6 93.163
1610.96 93.161
1611.33 93.159
1611.69 93.1617
1612.06 93.1601
1612.43 93.1588
1612.79 93.1581
1613.16 93.1579
1613.53 93.158
1613.89 93.1629
1614.26 93.1637
1614.62 93.1646
1614.99 93.1657
1615.36 93.1669
1615.72 93.1683
1616.09 93.1698
1616.45 93.1715
1616.82 93.1732
1617.19 93.175
1617.55 93.1767
1617.92 93.178
1618.29 93.1805
1618.65 93.1811
1619.02 93.1809
1619.38 93.1799
1619.75 93.1774
1620.12 93.1731
1620.48 93.1674
1620.85 93.1603
1621.22 93.1519
1621.58 93.1426
1621.95 93.1328
1622.31 93.1229
1622.68 93.1132
1623.05 93.1039
1623.41 93.0951
1623.78 93.0867
1624.15 93.0789
1624.51 93.0717
1624.88 93.0721
1625.24 93.0658
1625.61 93.0601
1625.98 93.0564
1626.34 93.0522
1626.71 93.0486
1627.08 93.0457
1627.44 93.0434
1627.81 93.0417
1628.17 93.0404
1628.54 93.0393
1628.91 93.0384
1629.27 93.0374
1629.64 93.0363
1630 93.0352
1630.37 93.0341
1630.74 93.0329
1631.1 93.032
1631.47 93.0291
1631.84 93.028
1632.2 93.0236
1632.57 93.0238
1632.93 93.0247
1633.3 93.0258
1633.67 93.0259
1634.03 93.0243
1634.4 93.0211
1634.77 93.0179
1635.13 93.0161
1635.5 93.0156
1635.86 93.0163
1636.23 93.0179
1636.6 93.0201
1636.96 93.0227
1637.33 93.0256
1637.7 93.0288
1638.06 93.0284
1638.43 93.0324
1638.79 93.0366
1639.16 93.0407
1639.53 93.0447
1639.89 93.0484
1640.26 93.0517
1640.62 93.0546
1640.99 93.057
1641.36 93.0592
1641.72 93.0611
1642.09 93.063
1642.46 93.065
1642.82 93.0672
1643.19 93.0695
1643.55 93.0718
1643.92 93.0741
1644.29 93.0789
1644.65 93.086
1645.02 93.088
1645.39 93.0897
1645.75 93.0912
1646.12 93.0925
1646.48 93.0937
1646.85 93.0949
1647.22 93.0963
1647.58 93.0979
1647.95 93.0999
1648.32 93.1024
1648.68 93.1054
1649.05 93.1088
1649.41 93.1127
1649.78 93.117
1650.15 93.1216
1650.51 93.1331
1650.88 93.1396
1651.24 93.1442
1651.61 93.1486
1651.98 93.1528
1652.34 93.1567
1652.71 93.1603
1653.08 93.1635
1653.44 93.1663
1653.81 93.1688
1654.17 93.1709
1654.54 93.1727
1654.91 93.1742
1655.27 93.1756
1655.64 93.177
1656.01 93.1786
1656.37 93.1807
1656.74 93.184
1657.1 93.1869
1657.47 93.1879
1657.84 93.1909
1658.2 93.1939
1658.57 93.1967
1658.94 93.1992
1659.3 93.2013
1659.67 93.203
1660.03 93.204
1660.4 93.2044
1660.77 93.204
1661.13 93.2026
1661.5 93.2001
1661.87 93.1964
1662.23 93.1911
1662.6 93.1842
1662.96 93.1675
1663.33 93.1551
1663.7 93.1405
1664.06 93.1282
1664.43 93.1121
1664.79 93.0964
1665.16 93.0816
1665.53 93.0679
1665.89 93.0553
1666.26 93.0437
1666.63 93.0332
1666.99 93.0237
1667.36 93.0152
1667.72 93.0076
1668.09 93.0009
1668.46 92.9952
1668.82 92.9903
1669.19 92.9865
1669.56 92.9838
1669.92 92.9819
1670.29 92.9808
1670.65 92.982
1671.02 92.9821
1671.39 92.9832
1671.75 92.9855
1672.12 92.9889
1672.49 92.9933
1672.85 92.9984
1673.22 93.0038
1673.58 93.0087
1673.95 93.0126
1674.32 93.0154
1674.68 93.0168
1675.05 93.0168
1675.41 93.0136
1675.78 93.011
1676.15 93.0077
1676.51 93.004
1676.88 93
1677.25 92.9992
1677.61 92.9957
1677.98 92.9921
1678.34 92.9883
1678.71 92.9842
1679.08 92.9798
1679.44 92.9748
1679.81 92.9692
1680.18 92.963
1680.54 92.9559
1680.91 92.948
1681.27 92.9391
1681.64 92.9252
1682.01 92.9135
1682.37 92.9008
1682.74 92.8872
1683.11 92.8731
1683.47 92.8679
1683.84 92.8545
1684.2 92.8415
1684.57 92.8293
1684.94 92.8177
1685.3 92.8067
1685.67 92.7963
1686.04 92.7865
1686.4 92.7771
1686.77 92.7684
1687.13 92.7601
1687.5 92.7541
1687.87 92.7474
1688.23 92.7413
1688.6 92.7357
1688.96 92.7305
1689.33 92.7256
1689.7 92.721
1690.06 92.7238
1690.43 92.719
1690.8 92.7141
1691.16 92.709
1691.53 92.7036
1691.89 92.6979
1692.26 92.6918
1692.63 92.6854
1692.99 92.6788
1693.36 92.6724
1693.73 92.667
1694.09 92.6615
1694.46 92.6566
1694.82 92.652
1695.19 92.6476
1695.56 92.6435
1695.92 92.6396
1696.29 92.6359
1696.66 92.6376
1697.02 92.634
1697.39 92.6307
1697.75 92.6278
1698.12 92.6256
1698.49 92.6241
1698.85 92.6234
1699.22 92.6235
1699.58 92.6243
1699.95 92.6303
1700.32 92.6323
1700.68 92.6348
1701.05 92.6377
1701.42 92.641
1701.78 92.6445
1702.15 92.6483
1702.51 92.6521
1702.88 92.6557
1703.25 92.6594
1703.61 92.6623
1703.98 92.6647
1704.35 92.6664
1704.71 92.6675
1705.08 92.6682
1705.44 92.6685
1705.81 92.6687
1706.18 92.6699
1706.54 92.6698
1706.91 92.67
1707.28 92.6708
1707.64 92.6723
1708.01 92.6745
1708.37 92.6771
1708.74 92.6793
1709.11 92.6807
1709.47 92.6811
1709.84 92.6825
1710.2 92.6819
1710.57 92.6803
1710.94 92.678
1711.3 92.675
1711.67 92.6717
1712.04 92.668
1712.4 92.665
1712.77 92.6612
1713.13 92.6576
1713.5 92.6543
1713.87 92.6512
1714.23 92.6482
1714.6 92.6455
1714.97 92.6429
1715.33 92.6404
1715.7 92.638
1716.06 92.6393
1716.43 92.6373
1716.8 92.6356
1717.16 92.6344
1717.53 92.6339
1717.9 92.6342
1718.26 92.6372
1718.63 92.6391
1718.99 92.6418
1719.36 92.6452
1719.73 92.6493
1720.09 92.6539
1720.46 92.6586
1720.83 92.6631
1721.19 92.667
1721.56 92.6703
1721.92 92.6733
1722.29 92.6761
1722.66 92.6743
1723.02 92.6773
1723.39 92.6801
1723.75 92.6828
1724.12 92.6853
1724.49 92.6851
1724.85 92.6863
1725.22 92.687
1725.59 92.6873
1725.95 92.6871
1726.32 92.6868
1726.68 92.6864
1727.05 92.6861
1727.42 92.6862
1727.78 92.6859
1728.15 92.6843
1728.52 92.6809
1728.88 92.6761
1729.25 92.6645
1729.61 92.6592
1729.98 92.6537
1730.35 92.6484
1730.71 92.6359
1731.08 92.6324
1731.45 92.6292
1731.81 92.6263
1732.18 92.6235
1732.54 92.621
1732.91 92.6186
1733.28 92.6164
1733.64 92.6144
1734.01 92.6125
1734.37 92.6108
1734.74 92.6091
1735.11 92.6075
1735.47 92.6061
1735.84 92.6039
1736.21 92.6029
1736.57 92.6026
1736.94 92.6016
1737.3 92.6038
1737.67 92.6078
1738.04 92.6141
1738.4 92.6239
1738.77 92.6361
1739.14 92.645
1739.5 92.6516
1739.87 92.6566
1740.23 92.6604
1740.6 92.6631
1740.97 92.6647
1741.33 92.6653
1741.7 92.6649
1742.07 92.6636
1742.43 92.6594
1742.8 92.657
1743.16 92.6489
1743.53 92.6451
1743.9 92.6411
1744.26 92.6367
1744.63 92.6322
1744.99 92.6275
1745.36 92.6225
1745.73 92.6173
1746.09 92.6117
1746.46 92.6056
1746.83 92.5987
1747.19 92.5912
1747.56 92.5832
1747.92 92.5752
1748.29 92.5676
1748.66 92.5594
1749.02 92.5536
1749.39 92.5435
1749.76 92.5401
1750.12 92.5372
1750.49 92.5349
1750.85 92.5328
1751.22 92.531
1751.59 92.5293
1751.95 92.5275
1752.32 92.5256
1752.69 92.5234
1753.05 92.5206
1753.42 92.5174
1753.78 92.5135
1754.15 92.5094
1754.52 92.5051
1754.88 92.501
1755.25 92.4876
1755.62 92.4838
1755.98 92.4797
1756.35 92.4749
1756.71 92.4691
1757.08 92.4624
1757.45 92.4551
1757.81 92.4479
1758.18 92.4414
1758.54 92.4362
1758.91 92.4321
1759.28 92.4291
1759.64 92.427
1760.01 92.4257
1760.38 92.425
1760.74 92.4249
1761.11 92.4255
1761.47 92.4271
1761.84 92.4275
1762.21 92.4296
1762.57 92.4328
1762.94 92.4372
1763.31 92.4428
1763.67 92.4497
1764.04 92.4577
1764.4 92.4659
1764.77 92.4736
1765.14 92.48
1765.5 92.4851
1765.87 92.489
1766.24 92.4916
1766.6 92.4934
1766.97 92.4942
1767.33 92.4943
1767.7 92.4921
1768.07 92.4906
1768.43 92.4883
1768.8 92.4859
1769.16 92.483
1769.53 92.4796
1769.9 92.4758
1770.26 92.4716
1770.63 92.4671
1771 92.4624
1771.36 92.4575
1771.73 92.4528
1772.09 92.4485
1772.46 92.4448
1772.83 92.4422
1773.19 92.441
1773.56 92.4417
1773.93 92.4398
1774.29 92.4443
1774.66 92.4483
1775.02 92.4451
1775.39 92.4487
1775.76 92.4514
1776.12 92.4535
1776.49 92.4552
1776.86 92.4569
1777.22 92.4587
1777.59 92.4608
1777.95 92.4633
1778.32 92.4662
1778.69 92.4696
1779.05 92.4731
1779.42 92.4769
1779.79 92.4805
1780.15 92.4864
1780.52 92.4897
1780.88 92.4924
1781.25 92.4946
1781.62 92.497
1781.98 92.4985
1782.35 92.4993
1782.71 92.4996
1783.08 92.4995
1783.45 92.499
1783.81 92.4982
1784.18 92.4972
1784.55 92.4961
1784.91 92.4949
1785.28 92.4939
1785.64 92.4929
1786.01 92.4956
1786.38 92.4952
1786.74 92.4947
1787.11 92.4942
1787.48 92.4936
1787.84 92.4971
1788.21 92.4962
1788.57 92.4952
1788.94 92.494
1789.31 92.4926
1789.67 92.4911
1790.04 92.4893
1790.41 92.4877
1790.77 92.4864
1791.14 92.4859
1791.5 92.4864
1791.87 92.4881
1792.24 92.4943
1792.6 92.4985
1792.97 92.5033
1793.33 92.5086
1793.7 92.5139
1794.07 92.519
1794.43 92.524
1794.8 92.5289
1795.17 92.5333
1795.53 92.5373
1795.9 92.5409
1796.26 92.5441
1796.63 92.547
1797 92.5498
1797.36 92.5524
1797.73 92.5549
1798.1 92.5572
1798.46 92.5631
1798.83 92.5649
1799.19 92.5666
1799.56 92.568
1799.93 92.5692
1800.29 92.5701
1800.66 92.5706
1801.03 92.5728
1801.39 92.5729
1801.76 92.5728
1802.12 92.5726
1802.49 92.5723
1802.86 92.5718
1803.22 92.5712
1803.59 92.5704
1803.95 92.5695
1804.32 92.5685
1804.69 92.5696
1805.05 92.5679
1805.42 92.566
1805.79 92.5638
1806.15 92.5614
1806.52 92.5587
1806.88 92.5556
1807.25 92.552
1807.62 92.5513
1807.98 92.5465
1808.35 92.5411
1808.72 92.5354
1809.08 92.5297
1809.45 92.5242
1809.81 92.519
1810.18 92.5142
1810.55 92.5098
1810.91 92.508
1811.28 92.5059
1811.65 92.5045
1812.01 92.504
1812.38 92.5043
1812.74 92.5054
1813.11 92.507
1813.48 92.5091
1813.84 92.5117
1814.21 92.5192
1814.58 92.5223
1814.94 92.5257
1815.31 92.5294
1815.67 92.5332
1816.04 92.5371
1816.41 92.5412
1816.77 92.5455
1817.14 92.5572
1817.5 92.5621
1817.87 92.5676
1818.24 92.5736
1818.6 92.5801
1818.97 92.5871
1819.34 92.5946
1819.7 92.6024
1820.07 92.6102
1820.43 92.6155
1820.8 92.6226
1821.17 92.6292
1821.53 92.635
1821.9 92.6401
1822.27 92.6446
1822.63 92.6485
1823 92.6559
1823.36 92.6589
1823.73 92.6617
1824.1 92.6642
1824.46 92.6665
1824.83 92.6685
1825.2 92.6704
1825.56 92.672
1825.93 92.6734
1826.29 92.6746
1826.66 92.6756
1827.03 92.6784
1827.39 92.6788
1827.76 92.6792
1828.12 92.6796
1828.49 92.6802
1828.86 92.6813
1829.22 92.6851
1829.59 92.6875
1829.96 92.6906
1830.32 92.6942
1830.69 92.6985
1831.05 92.7035
1831.42 92.709
1831.79 92.7152
1832.15 92.7218
1832.52 92.7289
1832.89 92.7365
1833.25 92.7446
1833.62 92.7486
1833.98 92.7579
1834.35 92.7684
1834.72 92.78
1835.08 92.7915
1835.45 92.8064
1835.82 92.8151
1836.18 92.8226
1836.55 92.8292
1836.91 92.8351
1837.28 92.8404
1837.65 92.8451
1838.01 92.8494
1838.38 92.8531
1838.74 92.8562
1839.11 92.8585
1839.48 92.8602
1839.84 92.8613
1840.21 92.8634
1840.58 92.8636
1840.94 92.8635
1841.31 92.8629
1841.67 92.8632
1842.04 92.8618
1842.41 92.8599
1842.77 92.8574
1843.14 92.8542
1843.51 92.8501
1843.87 92.8451
1844.24 92.8391
1844.6 92.832
1844.97 92.8238
1845.34 92.8146
1845.7 92.8046
1846.07 92.7942
1846.44 92.7842
1846.8 92.7799
1847.17 92.7714
1847.53 92.7637
1847.9 92.7548
1848.27 92.7484
1848.63 92.742
1849 92.7357
1849.37 92.7293
1849.73 92.7229
1850.1 92.7163
1850.46 92.7096
1850.83 92.7028
1851.2 92.6958
1851.56 92.6887
1851.93 92.6814
1852.29 92.6741
1852.66 92.6669
1853.03 92.6598
1853.39 92.6596
1853.76 92.6531
1854.13 92.647
1854.49 92.6413
1854.86 92.636
1855.22 92.6312
1855.59 92.627
1855.96 92.6233
1856.32 92.6202
1856.69 92.6177
1857.06 92.6157
1857.42 92.6141
1857.79 92.6129
1858.15 92.6119
1858.52 92.6108
1858.89 92.6094
1859.25 92.6077
1859.62 92.6074
1859.99 92.6036
1860.35 92.5998
1860.72 92.5953
1861.08 92.5901
1861.45 92.5841
1861.82 92.578
1862.18 92.5722
1862.55 92.5675
1862.91 92.564
1863.28 92.5619
1863.65 92.5611
1864.01 92.5615
1864.38 92.5632
1864.75 92.5661
1865.11 92.5702
1865.48 92.5756
1865.84 92.5824
1866.21 92.5897
1866.58 92.5984
1866.94 92.6085
1867.31 92.6201
1867.68 92.633
1868.04 92.6468
1868.41 92.6603
1868.77 92.6726
1869.14 92.6835
1869.51 92.6926
1869.87 92.7002
1870.24 92.7061
1870.61 92.7106
1870.97 92.7139
1871.34 92.7162
1871.7 92.7178
1872.07 92.7189
1872.44 92.7199
1872.8 92.7203
1873.17 92.7211
1873.54 92.7214
1873.9 92.7214
1874.27 92.721
1874.63 92.7205
1875 92.7198
1875.37 92.719
1875.73 92.718
1876.1 92.7168
1876.46 92.7154
1876.83 92.7138
1877.2 92.7121
1877.56 92.7102
1877.93 92.7082
1878.3 92.7062
1878.66 92.7029
1879.03 92.7012
1879.39 92.6994
1879.76 92.6976
1880.13 92.6958
1880.49 92.694
1880.86 92.6922
1881.23 92.6908
1881.59 92.6897
1881.96 92.689
1882.32 92.6886
1882.69 92.6883
1883.06 92.6881
1883.42 92.6878
1883.79 92.6876
1884.16 92.6875
1884.52 92.6875
1884.89 92.6886
1885.25 92.6891
1885.62 92.69
1885.99 92.6909
1886.35 92.6924
1886.72 92.6945
1887.08 92.6973
1887.45 92.7008
1887.82 92.705
1888.18 92.7097
1888.55 92.7149
1888.92 92.7203
1889.28 92.7255
1889.65 92.7301
1890.01 92.7336
1890.38 92.7359
1890.75 92.7357
1891.11 92.7359
1891.48 92.7358
1891.85 92.7359
1892.21 92.7364
1892.58 92.7376
1892.94 92.7393
1893.31 92.7415
1893.68 92.7439
1894.04 92.7466
1894.41 92.7494
1894.78 92.7523
1895.14 92.7551
1895.51 92.7579
1895.87 92.7606
1896.24 92.7634
1896.61 92.7663
1896.97 92.7747
1897.34 92.7778
1897.7 92.7812
1898.07 92.7847
1898.44 92.7885
1898.8 92.7933
1899.17 92.7969
1899.54 92.8005
1899.9 92.8039
1900.27 92.807
1900.63 92.8098
1901 92.8119
1901.37 92.8132
1901.73 92.8137
1902.1 92.8134
1902.47 92.8124
1902.83 92.8107
1903.2 92.8072
1903.56 92.8046
1903.93 92.8021
1904.3 92.8
1904.66 92.7984
1905.03 92.7974
1905.4 92.7982
1905.76 92.7981
1906.13 92.7983
1906.49 92.7985
1906.86 92.7987
1907.23 92.7987
1907.59 92.7987
1907.96 92.7988
1908.33 92.799
1908.69 92.7994
1909.06 92.7999
1909.42 92.8059
1909.79 92.8072
1910.16 92.8089
1910.52 92.8108
1910.89 92.813
1911.25 92.8153
1911.62 92.8177
1911.99 92.823
1912.35 92.8251
1912.72 92.8272
1913.09 92.8291
1913.45 92.8308
1913.82 92.8323
1914.18 92.8335
1914.55 92.8343
1914.92 92.835
1915.28 92.8354
1915.65 92.8362
1916.02 92.836
1916.38 92.8358
1916.75 92.8354
1917.11 92.8349
1917.48 92.8342
1917.85 92.8333
1918.21 92.8322
1918.58 92.832
1918.95 92.8308
1919.31 92.8296
1919.68 92.8284
1920.04 92.8274
1920.41 92.8264
1920.78 92.8257
1921.14 92.8253
1921.51 92.8255
1921.87 92.8254
1922.24 92.8252
1922.61 92.8248
1922.97 92.8241
1923.34 92.823
1923.71 92.8214
1924.07 92.8194
1924.44 92.817
1924.8 92.8144
1925.17 92.8123
1925.54 92.809
1925.9 92.8052
1926.27 92.8009
1926.64 92.7957
1927 92.7895
1927.37 92.7819
1927.73 92.7645
1928.1 92.7549
1928.47 92.7457
1928.83 92.7369
1929.2 92.7283
1929.57 92.7198
1929.93 92.7113
1930.3 92.7027
1930.66 92.694
1931.03 92.6859
1931.4 92.6782
1931.76 92.673
1932.13 92.6697
1932.49 92.6678
1932.86 92.6671
1933.23 92.6671
1933.59 92.6676
1933.96 92.6686
1934.33 92.6702
1934.69 92.6719
1935.06 92.6738
1935.42 92.6758
1935.79 92.6781
1936.16 92.6806
1936.52 92.6835
1936.89 92.6869
1937.26 92.6909
1937.62 92.6956
1937.99 92.6949
1938.35 92.7005
1938.72 92.7072
1939.09 92.715
1939.45 92.7239
1939.82 92.7335
1940.19 92.7434
1940.55 92.7537
1940.92 92.7637
1941.28 92.7734
1941.65 92.7826
1942.02 92.7913
1942.38 92.7994
1942.75 92.8071
1943.12 92.8144
1943.48 92.8213
1943.85 92.828
1944.21 92.8345
1944.58 92.8374
1944.95 92.844
1945.31 92.8503
1945.68 92.8564
1946.04 92.8625
1946.41 92.8726
1946.78 92.8787
1947.14 92.8848
1947.51 92.8909
1947.88 92.897
1948.24 92.903
1948.61 92.9087
1948.97 92.914
1949.34 92.9188
1949.71 92.9231
1950.07 92.9269
1950.44 92.9305
1950.81 92.9339
1951.17 92.9353
1951.54 92.9387
1951.9 92.9421
1952.27 92.9455
1952.64 92.9501
1953 92.9533
1953.37 92.9564
1953.74 92.9591
1954.1 92.9615
1954.47 92.9636
1954.83 92.9653
1955.2 92.9669
1955.57 92.9683
1955.93 92.9695
1956.3 92.9703
1956.66 92.9703
1957.03 92.9689
1957.4 92.9664
1957.76 92.9585
1958.13 92.9575
1958.5 92.9534
1958.86 92.956
1959.23 92.9596
1959.59 92.9645
1959.96 92.9704
1960.33 92.9774
1960.69 92.9853
1961.06 92.9939
1961.43 93.0027
1961.79 93.0112
1962.16 93.0187
1962.52 93.0252
1962.89 93.0304
1963.26 93.0344
1963.62 93.0377
1963.99 93.0359
1964.36 93.0391
1964.72 93.0414
1965.09 93.0445
1965.45 93.0475
1965.82 93.0506
1966.19 93.0539
1966.55 93.0576
1966.92 93.0619
1967.29 93.0669
1967.65 93.0728
1968.02 93.0798
1968.38 93.0879
1968.75 93.0969
1969.12 93.1067
1969.48 93.1168
1969.85 93.127
1970.21 93.137
1970.58 93.1401
1970.95 93.1525
1971.31 93.1618
1971.68 93.1709
1972.05 93.18
1972.41 93.1891
1972.78 93.1979
1973.14 93.206
1973.51 93.2129
1973.88 93.2185
1974.24 93.2229
1974.61 93.2264
1974.98 93.2293
1975.34 93.232
1975.71 93.2347
1976.07 93.2375
1976.44 93.2406
1976.81 93.2439
1977.17 93.2491
1977.54 93.2527
1977.91 93.2564
1978.27 93.2599
1978.64 93.2634
1979 93.2666
1979.37 93.2697
1979.74 93.2726
1980.1 93.2753
1980.47 93.2779
1980.83 93.2804
1981.2 93.283
1981.57 93.2855
1981.93 93.2882
1982.3 93.2909
1982.67 93.2938
1983.03 93.2968
1983.4 93.301
1983.76 93.3019
1984.13 93.3052
1984.5 93.3088
1984.86 93.3128
1985.23 93.317
1985.6 93.3217
1985.96 93.3269
1986.33 93.3325
1986.69 93.3386
1987.06 93.3452
1987.43 93.3522
1987.79 93.3596
1988.16 93.3674
1988.53 93.3754
1988.89 93.3836
1989.26 93.3936
1989.62 93.402
1989.99 93.4102
1990.36 93.4121
1990.72 93.4202
1991.09 93.4281
1991.45 93.4357
1991.82 93.4429
1992.19 93.4495
1992.55 93.4554
1992.92 93.4607
1993.29 93.4652
1993.65 93.4689
1994.02 93.4716
1994.38 93.4733
1994.75 93.474
1995.12 93.4737
1995.48 93.4701
1995.85 93.4684
1996.22 93.4663
1996.58 93.4641
1996.95 93.4618
1997.31 93.4599
1997.68 93.4585
1998.05 93.4576
1998.41 93.4573
1998.78 93.4575
1999.15 93.4582
1999.51 93.4593
1999.88 93.4609
2000.24 93.4628
2000.61 93.4651
2000.98 93.4677
2001.34 93.4704
2001.71 93.4764
2002.08 93.4793
2002.44 93.482
2002.81 93.4846
2003.17 93.4873
2003.54 93.4894
2003.91 93.491
2004.27 93.492
2004.64 93.4924
2005 93.4921
2005.37 93.4911
2005.74 93.4893
2006.1 93.4867
2006.47 93.4831
2006.84 93.4781
2007.2 93.4714
2007.57 93.4632
2007.93 93.451
2008.3 93.4465
2008.67 93.4431
2009.03 93.4404
2009.4 93.4382
2009.77 93.4354
2010.13 93.4336
2010.5 93.4319
2010.86 93.4301
2011.23 93.4282
2011.6 93.4264
2011.96 93.4246
2012.33 93.4227
2012.7 93.4207
2013.06 93.4185
2013.43 93.416
2013.79 93.4131
2014.16 93.4092
2014.53 93.4049
2014.89 93.4
2015.26 93.3946
2015.62 93.3892
2015.99 93.3841
2016.36 93.3825
2016.72 93.3787
2017.09 93.3755
2017.46 93.3728
2017.82 93.3705
2018.19 93.3686
2018.55 93.3669
2018.92 93.3653
2019.29 93.3638
2019.65 93.362
2020.02 93.36
2020.39 93.3559
2020.75 93.3523
2021.12 93.348
2021.48 93.343
2021.85 93.3374
2022.22 93.3313
2022.58 93.3249
2022.95 93.3195
2023.32 93.3133
2023.68 93.3075
2024.05 93.3021
2024.41 93.2974
2024.78 93.2935
2025.15 93.2902
2025.51 93.2878
2025.88 93.2862
2026.24 93.2861
2026.61 93.2865
2026.98 93.2874
2027.34 93.2887
2027.71 93.2905
2028.08 93.2927
2028.44 93.2953
2028.81 93.2984
2029.17 93.3019
2029.54 93.3027
2029.91 93.3062
2030.27 93.3098
2030.64 93.3131
2031.01 93.3162
2031.37 93.319
2031.74 93.3217
2032.1 93.3242
2032.47 93.3292
2032.84 93.3318
2033.2 93.334
2033.57 93.3357
2033.94 93.337
2034.3 93.3377
2034.67 93.338
2035.03 93.3378
2035.4 93.3369
2035.77 93.3405
2036.13 93.3384
2036.5 93.3354
2036.87 93.3319
2037.23 93.3282
2037.6 93.3245
2037.96 93.3209
2038.33 93.3174
2038.7 93.3157
2039.06 93.312
2039.43 93.3083
2039.79 93.3047
2040.16 93.3011
2040.53 93.2977
2040.89 93.2944
2041.26 93.2912
2041.63 93.2882
2041.99 93.2854
2042.36 93.2871
2042.72 93.2847
2043.09 93.2827
2043.46 93.2809
2043.82 93.2794
2044.19 93.2781
2044.56 93.2768
2044.92 93.277
2045.29 93.2755
2045.65 93.2738
2046.02 93.2721
2046.39 93.2703
2046.75 93.2684
2047.12 93.2665
2047.49 93.2643
2047.85 93.2619
2048.22 93.2591
2048.58 93.2561
2048.95 93.2552
2049.32 93.252
2049.68 93.2489
2050.05 93.2462
2050.41 93.244
2050.78 93.2423
2051.15 93.2423
2051.51 93.2426
2051.88 93.2436
2052.25 93.2452
2052.61 93.2473
2052.98 93.2497
2053.34 93.2525
2053.71 93.2556
2054.08 93.259
2054.44 93.2625
2054.81 93.2661
2055.18 93.2698
2055.54 93.2753
2055.91 93.279
2056.27 93.2826
2056.64 93.2861
2057.01 93.2951
2057.37 93.2982
2057.74 93.3011
2058.11 93.3038
2058.47 93.3062
2058.84 93.3083
2059.2 93.3101
2059.57 93.3114
2059.94 93.3124
2060.3 93.3131
2060.67 93.3135
2061.03 93.3137
2061.4 93.3138
2061.77 93.3138
2062.13 93.317
2062.5 93.3168
2062.87 93.3167
2063.23 93.3196
2063.6 93.3198
2063.96 93.3202
2064.33 93.3207
2064.7 93.3213
2065.06 93.3219
2065.43 93.3225
2065.8 93.3229
2066.16 93.3231
2066.53 93.3231
2066.89 93.323
2067.26 93.3228
2067.63 93.3224
2067.99 93.322
2068.36 93.3215
2068.73 93.3204
2069.09 93.3199
2069.46 93.3176
2069.82 93.3171
2070.19 93.317
2070.56 93.3174
2070.92 93.3185
2071.29 93.3205
2071.66 93.3233
2072.02 93.3265
2072.39 93.3296
2072.75 93.3322
2073.12 93.3343
2073.49 93.3361
2073.85 93.3376
2074.22 93.339
2074.58 93.3403
2074.95 93.3397
2075.32 93.3411
2075.68 93.3418
2076.05 93.3427
2076.42 93.3434
2076.78 93.3439
2077.15 93.3444
2077.51 93.3449
2077.88 93.3456
2078.25 93.3464
2078.61 93.3475
2078.98 93.3488
2079.35 93.3503
2079.71 93.352
2080.08 93.3537
2080.44 93.3553
2080.81 93.3569
2081.18 93.3584
2081.54 93.3589
2081.91 93.3605
2082.28 93.3616
2082.64 93.3624
2083.01 93.3628
2083.37 93.3629
2083.74 93.3627
2084.11 93.362
2084.47 93.3607
2084.84 93.3588
2085.2 93.3561
2085.57 93.3526
2085.94 93.3483
2086.3 93.3432
2086.67 93.3377
2087.04 93.3319
2087.4 93.3263
2087.77 93.3209
2088.13 93.3062
2088.5 93.3023
2088.87 93.2995
2089.23 93.2981
2089.6 93.2979
2089.97 93.2988
2090.33 93.3002
2090.7 93.3017
2091.06 93.3029
2091.43 93.3038
2091.8 93.3043
2092.16 93.3044
2092.53 93.304
2092.9 93.303
2093.26 93.3015
2093.63 93.2993
2093.99 93.2955
2094.36 93.2921
2094.73 93.2905
2095.09 93.2866
2095.46 93.2824
2095.82 93.2782
2096.19 93.2741
2096.56 93.2702
2096.92 93.2668
2097.29 93.264
2097.66 93.2618
2098.02 93.2604
2098.39 93.2598
2098.75 93.26
2099.12 93.2608
2099.49 93.2623
2099.85 93.264
2100.22 93.2664
2100.59 93.268
2100.95 93.2694
2101.32 93.2697
2101.68 93.2708
2102.05 93.2718
2102.42 93.2726
2102.78 93.2736
2103.15 93.2748
2103.52 93.2764
2103.88 93.2783
2104.25 93.2806
2104.61 93.2833
2104.98 93.2864
2105.35 93.2897
2105.71 93.2935
2106.08 93.2976
2106.45 93.3063
2106.81 93.3116
2107.18 93.3173
2107.54 93.3217
2107.91 93.3278
2108.28 93.3342
2108.64 93.3405
2109.01 93.3468
2109.37 93.3528
2109.74 93.3586
2110.11 93.3642
2110.47 93.3696
2110.84 93.3746
2111.21 93.3791
2111.57 93.3826
2111.94 93.3849
2112.3 93.3858
2112.67 93.3825
2113.04 93.3805
2113.4 93.3777
2113.77 93.3744
2114.14 93.3701
2114.5 93.3661
2114.87 93.3618
2115.23 93.3573
2115.6 93.3528
2115.97 93.3485
2116.33 93.3444
2116.7 93.3403
2117.07 93.3362
2117.43 93.3317
2117.8 93.3266
2118.16 93.3207
2118.53 93.3139
2118.9 93.299
2119.26 93.2919
2119.63 93.2855
2119.99 93.2799
2120.36 93.2753
2120.73 93.271
2121.09 93.2677
2121.46 93.265
2121.83 93.2629
2122.19 93.2611
2122.56 93.2594
2122.92 93.2574
2123.29 93.2549
2123.66 93.2517
2124.02 93.2476
2124.39 93.2427
2124.76 93.2329
2125.12 93.2272
2125.49 93.221
2125.85 93.2146
2126.22 93.208
2126.59 93.201
2126.95 93.1936
2127.32 93.1897
2127.69 93.1817
2128.05 93.1732
2128.42 93.1641
2128.78 93.1544
2129.15 93.1441
2129.52 93.1331
2129.88 93.1215
2130.25 93.1094
2130.61 93.0968
2130.98 93.0743
2131.35 93.0606
2131.71 93.0471
2132.08 93.0337
2132.45 93.0208
2132.81 93.0083
2133.18 92.9964
2133.54 92.9848
2133.91 92.9751
2134.28 92.9638
2134.64 92.9529
2135.01 92.9424
2135.38 92.9326
2135.74 92.9237
2136.11 92.9158
2136.47 92.9088
2136.84 92.9028
2137.21 92.8912
2137.57 92.8866
2137.94 92.8818
2138.31 92.8768
2138.67 92.8713
2139.04 92.8654
2139.4 92.8588
2139.77 92.8516
2140.14 92.8437
2140.5 92.8377
2140.87 92.8286
2141.24 92.8194
2141.6 92.8108
2141.97 92.8031
2142.33 92.7966
2142.7 92.791
2143.07 92.7862
2143.43 92.7836
2143.8 92.7808
2144.16 92.7785
2144.53 92.7767
2144.9 92.7752
2145.26 92.7743
2145.63 92.7738
2146 92.7737
2146.36 92.7741
2146.73 92.7793
2147.09 92.7803
2147.46 92.7819
2147.83 92.7839
2148.19 92.7865
2148.56 92.7898
2148.93 92.7936
2149.29 92.798
2149.66 92.809
2150.02 92.8145
2150.39 92.8203
2150.76 92.8264
2151.12 92.8326
2151.49 92.839
2151.86 92.8453
2152.22 92.8516
2152.59 92.8577
2152.95 92.8638
2153.32 92.8694
2153.69 92.8751
2154.05 92.8805
2154.42 92.8856
2154.78 92.8904
2155.15 92.8947
2155.52 92.902
2155.88 92.9048
2156.25 92.907
2156.62 92.9084
2156.98 92.9093
2157.35 92.9095
2157.71 92.9093
2158.08 92.9087
2158.45 92.9078
2158.81 92.9065
2159.18 92.9049
2159.55 92.903
2159.91 92.8997
2160.28 92.8975
2160.64 92.8954
2161.01 92.8935
2161.38 92.8919
2161.74 92.8869
2162.11 92.8863
2162.48 92.8864
2162.84 92.8877
2163.21 92.8905
2163.57 92.8949
2163.94 92.9004
2164.31 92.9062
2164.67 92.912
2165.04 92.9177
2165.41 92.9238
2165.77 92.9303
2166.14 92.9375
2166.5 92.938
2166.87 92.9465
2167.24 92.9557
2167.6 92.9653
2167.97 92.9762
2168.33 92.9842
2168.7 92.9911
2169.07 92.9968
2169.43 93.0016
2169.8 93.0054
2170.17 93.0086
2170.53 93.0111
2170.9 93.0133
2171.26 93.0152
2171.63 93.0169
2172 93.0188
2172.36 93.0208
2172.73 93.0231
2173.1 93.0252
2173.46 93.0281
2173.83 93.0313
2174.19 93.0373
2174.56 93.0409
2174.93 93.0444
2175.29 93.0478
2175.66 93.0509
2176.03 93.0537
2176.39 93.0561
2176.76 93.058
2177.12 93.0595
2177.49 93.0606
2177.86 93.0614
2178.22 93.062
2178.59 93.0623
2178.95 93.0625
2179.32 93.0618
2179.69 93.0617
2180.05 93.0614
2180.42 93.0597
2180.79 93.0583
2181.15 93.0563
2181.52 93.0533
2181.88 93.0495
2182.25 93.0447
2182.62 93.0389
2182.98 93.0321
2183.35 93.0241
2183.72 93.0147
2184.08 93.0033
2184.45 92.9898
2184.81 92.9779
2185.18 92.9685
2185.55 92.9608
2185.91 92.9581
2186.28 92.9528
2186.65 92.9481
2187.01 92.945
2187.38 92.9426
2187.74 92.9409
2188.11 92.9398
2188.48 92.9393
2188.84 92.9392
2189.21 92.9395
2189.57 92.9401
2189.94 92.9409
2190.31 92.9419
2190.67 92.9432
2191.04 92.9447
2191.41 92.9465
2191.77 92.9485
2192.14 92.9509
2192.5 92.9573
2192.87 92.96
2193.24 92.963
2193.6 92.9663
2193.97 92.9697
2194.34 92.9732
2194.7 92.9766
2195.07 92.9799
2195.43 92.9831
2195.8 92.9863
2196.17 92.99
2196.53 92.9944
2196.9 92.9997
2197.27 93.0046
2197.63 93.0081
2198 93.0102
2198.36 93.0112
2198.73 93.0077
2199.1 93.0039
2199.46 93.0031
2199.83 93.0022
2200.2 93.0014
2200.56 93.0008
2200.93 93.0003
2201.29 93
2201.66 92.9997
2202.03 92.9996
2202.39 92.9997
2202.76 93.0001
2203.12 93.0006
2203.49 93.001
2203.86 93.0012
2204.22 93.0009
2204.59 93
2204.96 92.997
2205.32 92.9959
2205.69 92.9946
2206.05 92.994
2206.42 92.9936
2206.79 92.9934
2207.15 92.9936
2207.52 92.994
2207.89 92.9946
2208.25 92.9953
2208.62 92.996
2208.98 92.9966
2209.35 92.9971
2209.72 92.9974
2210.08 92.9975
2210.45 92.9974
2210.82 92.9972
2211.18 92.9998
2211.55 92.9994
2211.91 92.9989
2212.28 93.001
2212.65 93.0001
2213.01 92.999
2213.38 92.9977
2213.74 92.996
2214.11 92.9938
2214.48 92.9911
2214.84 92.9877
2215.21 92.9832
2215.58 92.9774
2215.94 92.9698
2216.31 92.9596
2216.67 92.9454
2217.04 92.9326
2217.41 92.9155
2217.77 92.9073
2218.14 92.8993
2218.51 92.8936
2218.87 92.8849
2219.24 92.8755
2219.6 92.8649
2219.97 92.8527
2220.34 92.838
2220.7 92.8184
2221.07 92.8027
2221.44 92.7899
2221.8 92.7789
2222.17 92.7691
2222.53 92.7605
2222.9 92.7529
2223.27 92.7427
2223.63 92.7375
2224 92.733
2224.36 92.7292
2224.73 92.7262
2225.1 92.7256
2225.46 92.7235
2225.83 92.722
2226.2 92.7208
2226.56 92.7199
2226.93 92.7192
2227.29 92.7186
2227.66 92.718
2228.03 92.7173
2228.39 92.7165
2228.76 92.7153
2229.13 92.7138
2229.49 92.7114
2229.86 92.7085
2230.22 92.7052
2230.59 92.7013
2230.96 92.6967
2231.32 92.6912
2231.69 92.687
2232.06 92.6789
2232.42 92.6684
2232.79 92.6543
2233.15 92.6436
2233.52 92.6354
2233.89 92.6287
2234.25 92.623
2234.62 92.618
2234.99 92.6135
2235.35 92.6096
2235.72 92.6057
2236.08 92.6029
2236.45 92.6005
2236.82 92.5985
2237.18 92.597
2237.55 92.5959
2237.91 92.5955
2238.28 92.5963
2238.65 92.5967
2239.01 92.5979
2239.38 92.5998
2239.75 92.6021
2240.11 92.6048
2240.48 92.6077
2240.84 92.6106
2241.21 92.6135
2241.58 92.6161
2241.94 92.6197
2242.31 92.6207
2242.68 92.6207
2243.04 92.6196
2243.41 92.6175
2243.77 92.6145
2244.14 92.6106
2244.51 92.6058
2244.87 92.6038
2245.24 92.5979
2245.61 92.5916
2245.97 92.5851
2246.34 92.5786
2246.7 92.5723
2247.07 92.5659
2247.44 92.5596
2247.8 92.5532
2248.17 92.5437
2248.53 92.5369
2248.9 92.5301
2249.27 92.5236
2249.63 92.5176
2250 92.5123
2250.37 92.508
2250.73 92.5048
2251.1 92.5041
2251.46 92.5025
2251.83 92.502
2252.2 92.5027
2252.56 92.5048
2252.93 92.5088
2253.3 92.5143
2253.66 92.5193
2254.03 92.5231
2254.39 92.5268
2254.76 92.5295
2255.13 92.532
2255.49 92.5347
2255.86 92.5375
2256.23 92.5404
2256.59 92.5433
2256.96 92.5462
2257.32 92.549
2257.69 92.5522
2258.06 92.5551
2258.42 92.5579
2258.79 92.5605
2259.16 92.5631
2259.52 92.5657
2259.89 92.5684
2260.25 92.5759
2260.62 92.5794
2260.99 92.5834
2261.35 92.5879
2261.72 92.5928
2262.08 92.5982
2262.45 92.6036
2262.82 92.6085
2263.18 92.6127
2263.55 92.6161
2263.92 92.6188
2264.28 92.6219
2264.65 92.6239
2265.01 92.6254
2265.38 92.6267
2265.75 92.6279
2266.11 92.629
2266.48 92.6328
2266.85 92.6341
2267.21 92.6356
2267.58 92.6374
2267.94 92.6395
2268.31 92.6418
2268.68 92.6443
2269.04 92.6469
2269.41 92.6493
2269.78 92.6512
2270.14 92.6523
2270.51 92.6523
2270.87 92.6472
2271.24 92.6445
2271.61 92.6404
2271.97 92.6358
2272.34 92.6314
2272.7 92.6234
2273.07 92.6213
2273.44 92.6195
2273.8 92.618
2274.17 92.6165
2274.54 92.615
2274.9 92.6133
2275.27 92.6114
2275.63 92.6093
2276 92.6069
2276.37 92.6042
2276.73 92.6014
2277.1 92.5984
2277.47 92.5975
2277.83 92.5949
2278.2 92.5928
2278.56 92.5913
2278.93 92.5911
2279.3 92.5909
2279.66 92.591
2280.03 92.5911
2280.4 92.5911
2280.76 92.5909
2281.13 92.5905
2281.49 92.5899
2281.86 92.5892
2282.23 92.5883
2282.59 92.5873
2282.96 92.5861
2283.32 92.5846
2283.69 92.5877
2284.06 92.5856
2284.42 92.5831
2284.79 92.5801
2285.16 92.5763
2285.52 92.5705
2285.89 92.5631
2286.25 92.5526
2286.62 92.5414
2286.99 92.533
2287.35 92.5259
2287.72 92.5199
2288.09 92.5145
2288.45 92.5097
2288.82 92.5052
2289.18 92.5008
2289.55 92.4964
2289.92 92.4916
2290.28 92.4892
2290.65 92.4838
2291.02 92.4752
2291.38 92.4698
2291.75 92.4646
2292.11 92.4598
2292.48 92.4554
2292.85 92.4515
2293.21 92.4479
2293.58 92.4448
2293.95 92.442
2294.31 92.4396
2294.68 92.4374
2295.04 92.4355
2295.41 92.434
2295.78 92.4328
2296.14 92.432
2296.51 92.4315
2296.87 92.4333
2297.24 92.4358
2297.61 92.4366
2297.97 92.4377
2298.34 92.439
2298.71 92.4408
2299.07 92.443
2299.44 92.4457
2299.8 92.4486
2300.17 92.4516
2300.54 92.4544
2300.9 92.457
2301.27 92.4593
2301.64 92.461
2302 92.4621
2302.37 92.4626
2302.73 92.4624
2303.1 92.4613
2303.47 92.4635
2303.83 92.4608
2304.2 92.4574
2304.57 92.4532
2304.93 92.4482
2305.3 92.4426
2305.66 92.4363
2306.03 92.4293
2306.4 92.4216
2306.76 92.4133
2307.13 92.4041
2307.49 92.3942
2307.86 92.3835
2308.23 92.3721
2308.59 92.3608
2308.96 92.3503
2309.33 92.3409
2309.69 92.3318
2310.06 92.3319
2310.42 92.3266
2310.79 92.3222
2311.16 92.3185
2311.52 92.3154
2311.89 92.3129
2312.26 92.3109
2312.62 92.3093
2312.99 92.3081
2313.35 92.3072
2313.72 92.3066
2314.09 92.3061
2314.45 92.3058
2314.82 92.3057
2315.19 92.3057
2315.55 92.3058
2315.92 92.31
2316.28 92.3102
2316.65 92.3143
2317.02 92.3147
2317.38 92.3151
2317.75 92.3156
2318.11 92.3161
2318.48 92.3168
2318.85 92.3176
2319.21 92.3184
2319.58 92.3194
2319.95 92.3204
2320.31 92.3215
2320.68 92.3225
2321.04 92.3233
2321.41 92.3239
2321.78 92.3242
2322.14 92.3235
2322.51 92.322
2322.88 92.3194
2323.24 92.3158
2323.61 92.3119
2323.97 92.3092
2324.34 92.3079
2324.71 92.3077
2325.07 92.3082
2325.44 92.3092
2325.81 92.3105
2326.17 92.312
2326.54 92.3136
2326.9 92.3152
2327.27 92.3167
2327.64 92.3181
2328 92.3211
2328.37 92.3223
2328.74 92.3232
2329.1 92.3242
2329.47 92.3261
2329.83 92.3272
2330.2 92.3285
2330.57 92.33
2330.93 92.3319
2331.3 92.3342
2331.66 92.3367
2332.03 92.3394
2332.4 92.3422
2332.76 92.3449
2333.13 92.3475
2333.5 92.35
2333.86 92.3523
2334.23 92.3577
2334.59 92.3592
2334.96 92.3603
2335.33 92.3609
2335.69 92.361
2336.06 92.3623
2336.43 92.3611
2336.79 92.3593
2337.16 92.3568
2337.52 92.3536
2337.89 92.3496
2338.26 92.3452
2338.62 92.3413
2338.99 92.3388
2339.36 92.3377
2339.72 92.338
2340.09 92.3398
2340.45 92.345
2340.82 92.3501
2341.19 92.3564
2341.55 92.3638
2341.92 92.372
2342.28 92.3808
2342.65 92.3845
2343.02 92.3935
2343.38 92.4024
2343.75 92.4111
2344.12 92.4192
2344.48 92.4265
2344.85 92.433
2345.21 92.4387
2345.58 92.4435
2345.95 92.4476
2346.31 92.451
2346.68 92.455
2347.05 92.4572
2347.41 92.4589
2347.78 92.4601
2348.14 92.4608
2348.51 92.4611
2348.88 92.4609
2349.24 92.4606
2349.61 92.4594
2349.98 92.4575
2350.34 92.4549
2350.71 92.4518
2351.07 92.4483
2351.44 92.4448
2351.81 92.4416
2352.17 92.4389
2352.54 92.4367
2352.91 92.4336
2353.27 92.4327
2353.64 92.4321
2354 92.4316
2354.37 92.4311
2354.74 92.4304
2355.1 92.4295
2355.47 92.4294
2355.83 92.4275
2356.2 92.4249
2356.57 92.4215
2356.93 92.4172
2357.3 92.412
2357.67 92.4061
2358.03 92.3997
2358.4 92.3933
2358.76 92.3828
2359.13 92.3776
2359.5 92.3729
2359.86 92.3685
2360.23 92.3644
2360.6 92.3605
2360.96 92.3567
2361.33 92.3529
2361.69 92.3491
2362.06 92.3485
2362.43 92.3448
2362.79 92.3409
2363.16 92.3366
2363.53 92.3319
2363.89 92.3267
2364.26 92.3209
2364.62 92.3144
2364.99 92.3049
2365.36 92.2968
2365.72 92.2884
2366.09 92.2798
2366.45 92.2712
2366.82 92.2626
2367.19 92.2542
2367.55 92.2463
2367.92 92.239
2368.29 92.2323
2368.65 92.2299
2369.02 92.2243
2369.38 92.2193
2369.75 92.2148
2370.12 92.2109
2370.48 92.2073
2370.85 92.2038
2371.22 92.1945
2371.58 92.1885
2371.95 92.1807
2372.31 92.1698
2372.68 92.1574
2373.05 92.147
2373.41 92.1371
2373.78 92.1267
2374.15 92.1145
2374.51 92.1015
2374.88 92.0912
2375.24 92.0807
2375.61 92.0736
2375.98 92.0673
2376.34 92.0616
2376.71 92.0567
2377.07 92.0526
2377.44 92.0431
2377.81 92.0415
2378.17 92.0406
2378.54 92.04
2378.91 92.0395
2379.27 92.0388
2379.64 92.0381
2380 92.0373
2380.37 92.0367
2380.74 92.0361
2381.1 92.0359
2381.47 92.0362
2381.84 92.0355
2382.2 92.037
2382.57 92.0391
2382.93 92.0421
2383.3 92.0457
2383.67 92.0522
2384.03 92.0572
2384.4 92.0623
2384.77 92.0676
2385.13 92.0728
2385.5 92.0778
2385.86 92.0826
2386.23 92.0872
2386.6 92.0916
2386.96 92.096
2387.33 92.1002
2387.7 92.1045
2388.06 92.1089
2388.43 92.1108
2388.79 92.1152
2389.16 92.1198
2389.53 92.1248
2389.89 92.1316
2390.26 92.1375
2390.62 92.1441
2390.99 92.1512
2391.36 92.1588
2391.72 92.1669
2392.09 92.1754
2392.46 92.1843
2392.82 92.1933
2393.19 92.2025
2393.55 92.2116
2393.92 92.2207
2394.29 92.2297
2394.65 92.2309
2395.02 92.2397
2395.39 92.2484
2395.75 92.2575
2396.12 92.2656
2396.48 92.2734
2396.85 92.2805
2397.22 92.2866
2397.58 92.2913
2397.95 92.2943
2398.32 92.2958
2398.68 92.2959
2399.05 92.2951
2399.41 92.2938
2399.78 92.292
2400.15 92.2899
2400.51 92.287
2400.88 92.2827
2401.24 92.2721
2401.61 92.267
2401.98 92.2616
2402.34 92.2635
2402.71 92.2668
2403.08 92.2713
2403.44 92.2763
2403.81 92.2811
2404.17 92.2851
2404.54 92.288
2404.91 92.29
2405.27 92.291
2405.64 92.2911
2406.01 92.2903
2406.37 92.2887
2406.74 92.2866
2407.1 92.284
2407.47 92.281
2407.84 92.2821
2408.2 92.2801
2408.57 92.2765
2408.94 92.2725
2409.3 92.268
2409.67 92.263
2410.03 92.2573
2410.4 92.2509
2410.77 92.2438
2411.13 92.2362
2411.5 92.2286
2411.86 92.2217
2412.23 92.2156
2412.6 92.2104
2412.96 92.2057
2413.33 92.2015
2413.7 92.1976
2414.06 92.194
2414.43 92.1998
2414.79 92.1964
2415.16 92.1929
2415.53 92.1892
2415.89 92.1853
2416.26 92.1812
2416.63 92.1769
2416.99 92.1726
2417.36 92.1683
2417.72 92.1641
2418.09 92.1603
2418.46 92.157
2418.82 92.1543
2419.19 92.1523
2419.56 92.1511
2419.92 92.1508
2420.29 92.1512
2420.65 92.1566
2421.02 92.1608
2421.39 92.1632
2421.75 92.1662
2422.12 92.1699
2422.49 92.1741
2422.85 92.1788
2423.22 92.1839
2423.58 92.1894
2423.95 92.1952
2424.32 92.2011
2424.68 92.2071
2425.05 92.213
2425.41 92.2187
2425.78 92.2242
2426.15 92.2294
2426.51 92.2362
2426.88 92.2406
2427.25 92.2423
2427.61 92.2465
2427.98 92.2508
2428.34 92.2549
2428.71 92.259
2429.08 92.2631
2429.44 92.2672
2429.81 92.2713
2430.18 92.2754
2430.54 92.2794
2430.91 92.2832
2431.27 92.2867
2431.64 92.2899
2432.01 92.2927
2432.37 92.2951
2432.74 92.3011
2433.11 92.3025
2433.47 92.3036
2433.84 92.3069
2434.2 92.3074
2434.57 92.3076
2434.94 92.3075
2435.3 92.3072
2435.67 92.3065
2436.03 92.3055
2436.4 92.3042
2436.77 92.3025
2437.13 92.3006
2437.5 92.2985
2437.87 92.2962
2438.23 92.2939
2438.6 92.2917
2438.96 92.2905
2439.33 92.2888
2439.7 92.2872
2440.06 92.2859
2440.43 92.288
2440.8 92.2868
2441.16 92.2857
2441.53 92.2845
2441.89 92.2834
2442.26 92.2824
2442.63 92.2815
2442.99 92.2807
2443.36 92.2802
2443.73 92.2801
2444.09 92.2804
2444.46 92.2813
2444.82 92.2829
2445.19 92.2883
2445.56 92.2915
2445.92 92.2952
2446.29 92.2992
2446.66 92.3035
2447.02 92.3082
2447.39 92.3125
2447.75 92.3169
2448.12 92.3212
2448.49 92.3254
2448.85 92.3296
2449.22 92.3338
2449.58 92.3381
2449.95 92.3424
2450.32 92.3469
2450.68 92.3516
2451.05 92.3568
2451.42 92.3619
2451.78 92.3682
2452.15 92.3719
2452.51 92.3723
2452.88 92.3703
2453.25 92.3672
2453.61 92.3633
2453.98 92.3613
2454.35 92.3595
2454.71 92.3582
2455.08 92.3572
2455.44 92.3565
2455.81 92.3561
2456.18 92.3558
2456.54 92.3555
2456.91 92.3553
2457.28 92.3549
2457.64 92.356
2458.01 92.355
2458.37 92.3536
2458.74 92.352
2459.11 92.3502
2459.47 92.3482
2459.84 92.3463
2460.2 92.348
2460.57 92.3463
2460.94 92.3448
2461.3 92.3435
2461.67 92.3424
2462.04 92.3415
2462.4 92.3408
2462.77 92.3405
2463.13 92.3404
2463.5 92.3427
2463.87 92.343
2464.23 92.3437
2464.6 92.3446
2464.97 92.3459
2465.33 92.3474
2465.7 92.3492
2466.06 92.3511
2466.43 92.3516
2466.8 92.3532
2467.16 92.3546
2467.53 92.3557
2467.9 92.3565
2468.26 92.3569
2468.63 92.3569
2468.99 92.3564
2469.36 92.3552
2469.73 92.3496
2470.09 92.3469
2470.46 92.3439
2470.82 92.3407
2471.19 92.3377
2471.56 92.3348
2471.92 92.3322
2472.29 92.3299
2472.66 92.3281
2473.02 92.3265
2473.39 92.3256
2473.75 92.3254
2474.12 92.3257
2474.49 92.3265
2474.85 92.3276
2475.22 92.3289
2475.59 92.3303
2475.95 92.3334
2476.32 92.3352
2476.68 92.3371
2477.05 92.3391
2477.42 92.3411
2477.78 92.3432
2478.15 92.3453
2478.52 92.3475
2478.88 92.3496
2479.25 92.3517
2479.61 92.3565
2479.98 92.3586
2480.35 92.3606
2480.71 92.3625
2481.08 92.3643
2481.45 92.366
2481.81 92.3676
2482.18 92.3738
2482.54 92.3753
2482.91 92.3767
2483.28 92.3783
2483.64 92.38
2484.01 92.3818
2484.37 92.3837
2484.74 92.3859
2485.11 92.3883
2485.47 92.3911
2485.84 92.3945
2486.21 92.3964
2486.57 92.4001
2486.94 92.405
2487.3 92.4112
2487.67 92.4194
2488.04 92.4311
2488.4 92.4416
2488.77 92.4488
2489.14 92.4547
2489.5 92.4599
2489.87 92.4648
2490.23 92.4698
2490.6 92.4753
2490.97 92.4814
2491.33 92.4886
2491.7 92.4973
2492.07 92.5083
2492.43 92.5239
2492.8 92.5253
2493.16 92.5378
2493.53 92.5481
2493.9 92.5572
2494.26 92.5684
2494.63 92.5766
2494.99 92.5844
2495.36 92.592
2495.73 92.5994
2496.09 92.6065
2496.46 92.6135
2496.83 92.6201
2497.19 92.6264
2497.56 92.6323
2497.92 92.6378
2498.29 92.6429
2498.66 92.6473
2499.02 92.6521
2499.39 92.6556
2499.76 92.6584
2500.12 92.6605
2500.49 92.6635
2500.85 92.6634
2501.22 92.6628
2501.59 92.662
2501.95 92.6614
2502.32 92.6614
2502.69 92.6623
2503.05 92.6643
2503.42 92.6672
2503.78 92.6711
2504.15 92.676
2504.52 92.6819
2504.88 92.689
2505.25 92.6976
2505.61 92.7012
2505.98 92.7121
2506.35 92.7261
2506.71 92.7405
2507.08 92.7491
2507.45 92.7563
2507.81 92.7625
2508.18 92.768
2508.54 92.7729
2508.91 92.7773
2509.28 92.7813
2509.64 92.7849
2510.01 92.7881
2510.38 92.791
2510.74 92.7934
2511.11 92.7954
2511.47 92.7969
2511.84 92.7976
2512.21 92.798
2512.57 92.7971
2512.94 92.793
2513.31 92.79
2513.67 92.7873
2514.04 92.7851
2514.4 92.7832
2514.77 92.7815
2515.14 92.7799
2515.5 92.7785
2515.87 92.777
2516.24 92.7757
2516.6 92.7747
2516.97 92.774
2517.33 92.7739
2517.7 92.7743
2518.07 92.7754
2518.43 92.7772
2518.8 92.7785
2519.16 92.7829
2519.53 92.7864
2519.9 92.7906
2520.26 92.7952
2520.63 92.8002
2521 92.8054
2521.36 92.8105
2521.73 92.8156
2522.09 92.8206
2522.46 92.8256
2522.83 92.8305
2523.19 92.8353
2523.56 92.84
2523.93 92.8443
2524.29 92.8482
2524.66 92.8515
2525.02 92.8541
2525.39 92.852
2525.76 92.8529
2526.12 92.8529
2526.49 92.8519
2526.86 92.8499
2527.22 92.847
2527.59 92.8432
2527.95 92.8385
2528.32 92.8331
2528.69 92.827
2529.05 92.8204
2529.42 92.8133
2529.78 92.8059
2530.15 92.7982
2530.52 92.7901
2530.88 92.7817
2531.25 92.764
2531.62 92.7541
2531.98 92.7446
2532.35 92.7332
2532.71 92.7203
2533.08 92.7038
2533.45 92.6888
2533.81 92.6772
2534.18 92.6675
2534.55 92.659
2534.91 92.6515
2535.28 92.6446
2535.64 92.6382
2536.01 92.6321
2536.38 92.6261
2536.74 92.6202
2537.11 92.6145
2537.48 92.6073
2537.84 92.602
2538.21 92.6009
2538.57 92.5961
2538.94 92.5917
2539.31 92.5878
2539.67 92.5845
2540.04 92.5817
2540.41 92.5794
2540.77 92.5776
2541.14 92.5761
2541.5 92.5749
2541.87 92.5738
2542.24 92.5728
2542.6 92.5716
2542.97 92.5703
2543.33 92.5686
2543.7 92.5666
2544.07 92.5637
2544.43 92.5604
2544.8 92.5589
2545.17 92.5549
2545.53 92.5507
2545.9 92.5465
2546.26 92.5424
2546.63 92.5383
2547 92.5345
2547.36 92.5311
2547.73 92.5279
2548.1 92.5252
2548.46 92.5228
2548.83 92.5207
2549.19 92.5184
2549.56 92.5154
2549.93 92.5034
2550.29 92.5016
2550.66 92.4998
2551.03 92.4975
2551.39 92.4923
2551.76 92.4901
2552.12 92.4874
2552.49 92.4845
2552.86 92.4815
2553.22 92.4784
2553.59 92.4755
2553.95 92.4726
2554.32 92.47
2554.69 92.4678
2555.05 92.4659
2555.42 92.4644
2555.79 92.4633
2556.15 92.4608
2556.52 92.4597
2556.88 92.4584
2557.25 92.4567
2557.62 92.4546
2557.98 92.4527
2558.35 92.4497
2558.72 92.4462
2559.08 92.442
2559.45 92.4372
2559.81 92.4318
2560.18 92.4257
2560.55 92.4189
2560.91 92.4113
2561.28 92.4031
2561.65 92.3942
2562.01 92.3788
2562.38 92.3695
2562.74 92.3602
2563.11 92.3508
2563.48 92.3415
2563.84 92.3324
2564.21 92.3246
2564.57 92.3198
2564.94 92.3152
2565.31 92.3128
2565.67 92.3128
2566.04 92.3157
2566.41 92.3225
2566.77 92.3306
2567.14 92.3369
2567.5 92.3424
2567.87 92.3475
2568.24 92.3554
2568.6 92.3604
2568.97 92.3653
2569.34 92.3703
2569.7 92.3752
2570.07 92.3802
2570.43 92.3854
2570.8 92.3883
2571.17 92.3935
2571.53 92.3987
2571.9 92.4037
2572.27 92.4084
2572.63 92.4127
2573 92.4163
2573.36 92.4192
2573.73 92.4214
2574.1 92.4229
2574.46 92.4241
2574.83 92.4241
2575.2 92.4238
2575.56 92.4233
2575.93 92.4227
2576.29 92.4222
2576.66 92.4216
2577.03 92.421
2577.39 92.4215
2577.76 92.4209
2578.12 92.42
2578.49 92.4189
2578.86 92.4177
2579.22 92.4162
2579.59 92.4144
2579.96 92.4125
2580.32 92.4104
2580.69 92.4088
2581.05 92.4066
2581.42 92.4043
2581.79 92.4021
2582.15 92.4001
2582.52 92.3984
2582.89 92.3972
2583.25 92.3966
2583.62 92.3967
2583.98 92.3996
2584.35 92.4007
2584.72 92.4025
2585.08 92.4049
2585.45 92.4078
2585.82 92.4112
2586.18 92.415
2586.55 92.4192
2586.91 92.4277
2587.28 92.4321
2587.65 92.4365
2588.01 92.4409
2588.38 92.4453
2588.74 92.4497
2589.11 92.454
2589.48 92.4582
2589.84 92.4625
2590.21 92.4669
2590.58 92.4672
2590.94 92.4719
2591.31 92.4768
2591.67 92.4811
2592.04 92.4847
2592.41 92.4874
2592.77 92.4892
2593.14 92.4911
2593.51 92.4914
2593.87 92.491
2594.24 92.49
2594.6 92.4886
2594.97 92.4866
2595.34 92.4842
2595.7 92.4815
2596.07 92.4784
2596.44 92.475
2596.8 92.4714
2597.17 92.471
2597.53 92.4674
2597.9 92.4638
2598.27 92.4604
2598.63 92.4573
2599 92.4555
2599.36 92.4532
2599.73 92.4512
2600.1 92.4492
2600.46 92.4472
2600.83 92.4452
2601.2 92.4433
2601.56 92.4415
2601.93 92.4398
2602.29 92.4382
2602.66 92.4368
2603.03 92.4357
2603.39 92.4347
2603.76 92.4363
2604.13 92.4357
2604.49 92.4354
2604.86 92.4353
2605.22 92.4372
2605.59 92.4377
2605.96 92.4385
2606.32 92.4398
2606.69 92.4414
2607.06 92.4437
2607.42 92.4467
2607.79 92.4507
2608.15 92.4551
2608.52 92.4585
2608.89 92.4607
2609.25 92.4619
2609.62 92.4624
2609.99 92.4623
2610.35 92.4624
2610.72 92.4622
2611.08 92.4617
2611.45 92.4615
2611.82 92.4609
2612.18 92.4601
2612.55 92.4593
2612.91 92.4585
2613.28 92.4577
2613.65 92.4571
2614.01 92.4566
2614.38 92.4563
2614.75 92.4562
2615.11 92.4563
2615.48 92.4563
2615.84 92.4562
2616.21 92.456
2616.58 92.4579
2616.94 92.4573
2617.31 92.4564
2617.68 92.4562
2618.04 92.4541
2618.41 92.4516
2618.77 92.4487
2619.14 92.4455
2619.51 92.4419
2619.87 92.438
2620.24 92.434
2620.61 92.43
2620.97 92.4261
2621.34 92.4224
2621.7 92.419
2622.07 92.4161
2622.44 92.4139
2622.8 92.4126
2623.17 92.4114
2623.53 92.4115
2623.9 92.413
2624.27 92.4161
2624.63 92.4203
2625 92.4248
2625.37 92.4287
2625.73 92.4321
2626.1 92.435
2626.46 92.4374
2626.83 92.4394
2627.2 92.4409
2627.56 92.4422
2627.93 92.4432
2628.3 92.444
2628.66 92.4447
2629.03 92.4453
2629.39 92.4459
2629.76 92.4534
2630.13 92.454
2630.49 92.4547
2630.86 92.4554
2631.23 92.4563
2631.59 92.4572
2631.96 92.4581
2632.32 92.459
2632.69 92.4596
2633.06 92.4599
2633.42 92.4597
2633.79 92.4589
2634.16 92.4576
2634.52 92.4558
2634.89 92.4539
2635.25 92.4521
2635.62 92.4505
2635.99 92.4493
2636.35 92.4496
2636.72 92.4501
2637.08 92.4513
2637.45 92.4534
2637.82 92.4564
2638.18 92.46
2638.55 92.4643
2638.92 92.4688
2639.28 92.4732
2639.65 92.4772
2640.01 92.4807
2640.38 92.4838
2640.75 92.4864
2641.11 92.4887
2641.48 92.4906
2641.85 92.4921
2642.21 92.4949
2642.58 92.4969
2642.94 92.4996
2643.31 92.5028
2643.68 92.5066
2644.04 92.5111
2644.41 92.5164
2644.78 92.5224
2645.14 92.5292
2645.51 92.5369
2645.87 92.5455
2646.24 92.5547
2646.61 92.5644
2646.97 92.5742
2647.34 92.5836
2647.7 92.5927
2648.07 92.6012
2648.44 92.6141
2648.8 92.6216
2649.17 92.6265
2649.54 92.6337
2649.9 92.6407
2650.27 92.6474
2650.63 92.6539
2651 92.6601
2651.37 92.666
2651.73 92.6718
2652.1 92.6774
2652.47 92.6829
2652.83 92.6884
2653.2 92.6941
2653.56 92.6999
2653.93 92.7061
2654.3 92.7125
2654.66 92.7232
2655.03 92.7299
2655.4 92.7368
2655.76 92.7402
2656.13 92.747
2656.49 92.7539
2656.86 92.7608
2657.23 92.7677
2657.59 92.7745
2657.96 92.7812
2658.32 92.7878
2658.69 92.7944
2659.06 92.8009
2659.42 92.8075
2659.79 92.8143
2660.16 92.8214
2660.52 92.8331
2660.89 92.8411
2661.25 92.8498
2661.62 92.8595
2661.99 92.8704
2662.35 92.874
2662.72 92.8864
2663.09 92.9015
2663.45 92.9176
2663.82 92.9319
2664.18 92.9454
2664.55 92.9591
2664.92 92.9742
2665.28 92.9899
2665.65 93.0027
2666.02 93.0137
2666.38 93.0235
2666.75 93.0331
2667.11 93.0422
2667.48 93.0514
2667.85 93.0609
2668.21 93.0706
2668.58 93.0805
2668.95 93.0838
2669.31 93.094
2669.68 93.1042
2670.04 93.1143
2670.41 93.1242
2670.78 93.1338
2671.14 93.143
2671.51 93.1516
2671.87 93.1598
2672.24 93.1674
2672.61 93.1746
2672.97 93.1856
2673.34 93.1919
2673.71 93.1977
2674.07 93.203
2674.44 93.2078
2674.8 93.2124
2675.17 93.2166
2675.54 93.2213
2675.9 93.2255
2676.27 93.2296
2676.64 93.2336
2677 93.2376
2677.37 93.2417
2677.73 93.2458
2678.1 93.2499
2678.47 93.2542
2678.83 93.2586
2679.2 93.2688
2679.57 93.2737
2679.93 93.2789
2680.3 93.2842
2680.66 93.2898
2681.03 93.2956
2681.4 93.3015
2681.76 93.3074
2682.13 93.3133
2682.49 93.3192
2682.86 93.3251
2683.23 93.3308
2683.59 93.3366
2683.96 93.3422
2684.33 93.3479
2684.69 93.3536
2685.06 93.3593
2685.42 93.3706
2685.79 93.3764
2686.16 93.3821
2686.52 93.3879
2686.89 93.3936
2687.26 93.3993
2687.62 93.4051
2687.99 93.4111
2688.35 93.4167
2688.72 93.4229
2689.09 93.4294
2689.45 93.4362
2689.82 93.4433
2690.19 93.4508
2690.55 93.4587
2690.92 93.4672
2691.28 93.4764
2691.65 93.4915
2692.02 93.5018
2692.38 93.5125
2692.75 93.5231
2693.11 93.5335
2693.48 93.5436
2693.85 93.5536
2694.21 93.5638
2694.58 93.575
2694.95 93.5775
2695.31 93.5908
2695.68 93.6024
2696.04 93.6111
2696.41 93.6179
2696.78 93.6232
2697.14 93.6274
2697.51 93.6316
2697.88 93.6336
2698.24 93.6348
2698.61 93.6352
2698.97 93.6349
2699.34 93.6339
2699.71 93.6322
2700.07 93.6297
2700.44 93.6264
2700.81 93.6221
2701.17 93.6167
2701.54 93.6096
2701.9 93.6031
2702.27 93.5968
2702.64 93.5905
2703 93.5844
2703.37 93.5781
2703.74 93.5646
2704.1 93.5579
2704.47 93.5509
2704.83 93.5438
2705.2 93.5367
2705.57 93.5296
2705.93 93.5227
2706.3 93.5156
2706.66 93.5075
2707.03 93.4986
2707.4 93.4902
2707.76 93.4829
2708.13 93.4763
2708.5 93.471
2708.86 93.4663
2709.23 93.4621
2709.59 93.4585
2709.96 93.4539
2710.33 93.4518
2710.69 93.4503
2711.06 93.4494
2711.43 93.449
2711.79 93.4492
2712.16 93.4499
2712.52 93.4511
2712.89 93.4527
2713.26 93.4546
2713.62 93.4567
2713.99 93.4588
2714.36 93.4609
2714.72 93.463
2715.09 93.4648
2715.45 93.4662
2715.82 93.4671
2716.19 93.4688
2716.55 93.4682
2716.92 93.4668
2717.28 93.4647
2717.65 93.4621
2718.02 93.4591
2718.38 93.4562
2718.75 93.4535
2719.12 93.4511
2719.48 93.4491
2719.85 93.4474
2720.21 93.446
2720.58 93.4449
2720.95 93.4461
2721.31 93.4452
2721.68 93.4444
2722.05 93.4436
2722.41 93.4431
2722.78 93.4418
2723.14 93.4404
2723.51 93.4389
2723.88 93.4372
2724.24 93.4353
2724.61 93.4331
2724.98 93.4306
2725.34 93.4278
2725.71 93.4246
2726.07 93.4209
2726.44 93.4167
2726.81 93.4122
2727.17 93.4072
2727.54 93.4042
2727.91 93.399
2728.27 93.3911
2728.64 93.386
2729 93.381
2729.37 93.3763
2729.74 93.3717
2730.1 93.3674
2730.47 93.3632
2730.83 93.3592
2731.2 93.3553
2731.57 93.3514
2731.93 93.3474
2732.3 93.3431
2732.67 93.3386
2733.03 93.3337
2733.4 93.3283
2733.76 93.3222
2734.13 93.3153
2734.5 93.2985
2734.86 93.2918
2735.23 93.2869
2735.6 93.2835
2735.96 93.281
2736.33 93.2794
2736.69 93.2781
2737.06 93.2771
2737.43 93.2762
2737.79 93.2751
2738.16 93.2739
2738.53 93.2724
2738.89 93.2708
2739.26 93.2691
2739.62 93.2674
2739.99 93.2657
2740.36 93.264
2740.72 93.2617
2741.09 93.2599
2741.45 93.2581
2741.82 93.2564
2742.19 93.2546
2742.55 93.2527
2742.92 93.2505
2743.29 93.2481
2743.65 93.2451
2744.02 93.2416
2744.38 93.2374
2744.75 93.2324
2745.12 93.2268
2745.48 93.2204
2745.85 93.2134
2746.22 93.206
2746.58 93.1982
2746.95 93.1855
2747.31 93.1807
2747.68 93.1731
2748.05 93.1659
2748.41 93.1593
2748.78 93.1535
2749.15 93.1487
2749.51 93.1447
2749.88 93.1416
2750.24 93.1393
2750.61 93.1377
2750.98 93.1369
2751.34 93.137
2751.71 93.1379
2752.07 93.14
2752.44 93.1432
2752.81 93.1476
2753.17 93.1531
2753.54 93.1534
2753.91 93.159
2754.27 93.1638
2754.64 93.1677
2755 93.1706
2755.37 93.1727
2755.74 93.174
2756.1 93.1746
2756.47 93.1748
2756.84 93.1747
2757.2 93.1745
2757.57 93.1743
2757.93 93.1741
2758.3 93.1741
2758.67 93.1742
2759.03 93.1744
2759.4 93.1752
2759.77 93.1754
2760.13 93.1757
2760.5 93.1755
2760.86 93.1751
2761.23 93.1742
2761.6 93.1728
2761.96 93.1708
2762.33 93.1683
2762.7 93.1652
2763.06 93.1615
2763.43 93.1573
2763.79 93.1526
2764.16 93.1473
2764.53 93.1413
2764.89 93.1347
2765.26 93.1197
2765.62 93.1102
2765.99 93.0993
2766.36 93.0862
2766.72 93.0736
2767.09 93.0635
2767.46 93.0553
2767.82 93.0486
2768.19 93.0433
2768.55 93.0393
2768.92 93.0367
2769.29 93.0353
2769.65 93.0352
2770.02 93.0361
2770.39 93.0381
2770.75 93.0411
2771.12 93.0448
2771.48 93.0503
2771.85 93.0556
2772.22 93.0612
2772.58 93.0671
2772.95 93.0732
2773.32 93.0751
2773.68 93.0812
2774.05 93.0872
2774.41 93.093
2774.78 93.0986
2775.15 93.104
2775.51 93.1092
2775.88 93.1143
2776.24 93.1191
2776.61 93.1239
2776.98 93.1285
2777.34 93.133
2777.71 93.1411
2778.08 93.1454
2778.44 93.1494
2778.81 93.153
2779.17 93.1564
2779.54 93.1593
2779.91 93.163
2780.27 93.1656
2780.64 93.1678
2781.01 93.1697
2781.37 93.1713
2781.74 93.1727
2782.1 93.174
2782.47 93.1751
2782.84 93.1762
2783.2 93.1774
2783.57 93.1785
2783.94 93.1843
2784.3 93.1852
2784.67 93.1862
2785.03 93.187
2785.4 93.1878
2785.77 93.1885
2786.13 93.1924
2786.5 93.1931
2786.86 93.1937
2787.23 93.1945
2787.6 93.1955
2787.96 93.1967
2788.33 93.1983
2788.7 93.2003
2789.06 93.2026
2789.43 93.2054
2789.79 93.2085
2790.16 93.2163
2790.53 93.22
2790.89 93.2239
2791.26 93.228
2791.63 93.2321
2791.99 93.2363
2792.36 93.2404
2792.72 93.2442
2793.09 93.2481
2793.46 93.2521
2793.82 93.2562
2794.19 93.2604
2794.56 93.2647
2794.92 93.2693
2795.29 93.2741
2795.65 93.2791
2796.02 93.2897
2796.39 93.2955
2796.75 93.3013
2797.12 93.3072
2797.49 93.313
2797.85 93.3187
2798.22 93.3242
2798.58 93.3293
2798.95 93.3342
2799.32 93.34
2799.68 93.3445
2800.05 93.3486
2800.41 93.3523
2800.78 93.3556
2801.15 93.3585
2801.51 93.361
2801.88 93.3631
2802.25 93.3705
2802.61 93.3722
2802.98 93.3737
2803.34 93.3752
2803.71 93.3768
2804.08 93.3786
2804.44 93.3807
2804.81 93.3832
2805.18 93.3862
2805.54 93.3898
2805.91 93.3959
2806.27 93.4002
2806.64 93.4052
2807.01 93.4109
2807.37 93.4173
2807.74 93.4243
2808.11 93.4318
2808.47 93.4452
2808.84 93.452
2809.2 93.4582
2809.57 93.4636
2809.94 93.4684
2810.3 93.4725
2810.67 93.4761
2811.03 93.4792
2811.4 93.4819
2811.77 93.4843
2812.13 93.4864
2812.5 93.4907
2812.87 93.4925
2813.23 93.4943
2813.6 93.496
2813.96 93.4978
2814.33 93.4996
2814.7 93.5055
2815.06 93.5073
2815.43 93.509
2815.8 93.5107
2816.16 93.5122
2816.53 93.5135
2816.89 93.5147
2817.26 93.5157
2817.63 93.5166
2817.99 93.5174
2818.36 93.5182
2818.73 93.5198
2819.09 93.5204
2819.46 93.5213
2819.82 93.5225
2820.19 93.5243
2820.56 93.5265
2820.92 93.5292
2821.29 93.532
2821.66 93.5347
2822.02 93.5371
2822.39 93.5393
2822.75 93.5415
2823.12 93.5438
2823.49 93.5463
2823.85 93.549
2824.22 93.5519
2824.58 93.5549
2824.95 93.558
2825.32 93.5605
2825.68 93.5637
2826.05 93.5669
2826.42 93.5699
2826.78 93.5729
2827.15 93.5786
2827.51 93.5812
2827.88 93.5836
2828.25 93.5859
2828.61 93.5879
2828.98 93.5899
2829.35 93.5917
2829.71 93.5934
2830.08 93.5951
2830.44 93.5968
2830.81 93.5987
2831.18 93.6007
2831.54 93.6031
2831.91 93.607
2832.28 93.6099
2832.64 93.6135
2833.01 93.6219
2833.37 93.6266
2833.74 93.6319
2834.11 93.6375
2834.47 93.6435
2834.84 93.6498
2835.2 93.6565
2835.57 93.6635
2835.94 93.6708
2836.3 93.6785
2836.67 93.6865
2837.04 93.695
2837.4 93.7038
2837.77 93.713
2838.13 93.7226
2838.5 93.7258
2838.87 93.7357
2839.23 93.7484
2839.6 93.7582
2839.97 93.768
2840.33 93.7778
2840.7 93.7876
2841.06 93.7975
2841.43 93.8074
2841.8 93.8174
2842.16 93.8276
2842.53 93.838
2842.9 93.8493
2843.26 93.8629
2843.63 93.8744
2843.99 93.8822
2844.36 93.8879
2844.73 93.8923
2845.09 93.8907
2845.46 93.893
2845.82 93.8962
2846.19 93.8989
2846.56 93.9014
2846.92 93.9035
2847.29 93.9055
2847.66 93.9072
2848.02 93.9086
2848.39 93.9096
2848.75 93.9102
2849.12 93.9104
2849.49 93.9102
2849.85 93.9096
2850.22 93.9088
2850.59 93.9076
2850.95 93.9063
2851.32 93.9049
2851.68 93.9016
2852.05 93.9005
2852.42 93.8994
2852.78 93.8986
2853.15 93.8979
2853.52 93.8976
2853.88 93.8975
2854.25 93.8977
2854.61 93.8983
2854.98 93.8992
2855.35 93.9005
2855.71 93.9021
2856.08 93.9041
2856.45 93.9064
2856.81 93.9088
2857.18 93.9113
2857.54 93.9138
2857.91 93.9104
2858.28 93.9125
2858.64 93.9148
2859.01 93.9173
2859.37 93.92
2859.74 93.923
2860.11 93.9262
2860.47 93.9297
2860.84 93.9339
2861.21 93.939
2861.57 93.9454
2861.94 93.9526
2862.3 93.9591
2862.67 93.965
2863.04 93.9706
2863.4 93.976
2863.77 93.9803
2864.14 93.9855
2864.5 93.9849
2864.87 93.9897
2865.23 93.9941
2865.6 93.9979
2865.97 94.0014
2866.33 94.0044
2866.7 94.007
2867.07 94.0095
2867.43 94.0119
2867.8 94.0142
2868.16 94.0164
2868.53 94.0186
2868.9 94.0208
2869.26 94.0229
2869.63 94.0249
2869.99 94.026
2870.36 94.0282
2870.73 94.0305
2871.09 94.0297
2871.46 94.0323
2871.83 94.0352
2872.19 94.0385
2872.56 94.0421
2872.92 94.0459
2873.29 94.0501
2873.66 94.0547
2874.02 94.0595
2874.39 94.0648
2874.76 94.0704
2875.12 94.0765
2875.49 94.0827
2875.85 94.089
2876.22 94.0943
2876.59 94.1006
2876.95 94.1073
2877.32 94.1144
2877.69 94.1139
2878.05 94.1214
2878.42 94.1286
2878.78 94.1349
2879.15 94.1402
2879.52 94.1447
2879.88 94.1484
2880.25 94.1514
2880.61 94.1537
2880.98 94.1554
2881.35 94.1565
2881.71 94.1569
2882.08 94.1569
2882.45 94.1562
2882.81 94.1552
2883.18 94.1538
2883.54 94.1523
2883.91 94.1506
2884.28 94.1499
2884.64 94.1481
2885.01 94.1463
2885.38 94.1445
2885.74 94.1426
2886.11 94.1405
2886.47 94.1383
2886.84 94.1361
2887.21 94.1337
2887.57 94.1314
2887.94 94.129
2888.31 94.1267
2888.67 94.1218
2889.04 94.1202
2889.4 94.1191
2889.77 94.1185
2890.14 94.1184
2890.5 94.1166
2890.87 94.1167
2891.24 94.1169
2891.6 94.1168
2891.97 94.1164
2892.33 94.1155
2892.7 94.1142
2893.07 94.1125
2893.43 94.1103
2893.8 94.1077
2894.16 94.1048
2894.53 94.1018
2894.9 94.0946
2895.26 94.0918
2895.63 94.0892
2896 94.0869
2896.36 94.0848
2896.73 94.0829
2897.09 94.0798
2897.46 94.0781
2897.83 94.0765
2898.19 94.0748
2898.56 94.0729
2898.93 94.0708
2899.29 94.0682
2899.66 94.0652
2900.02 94.0618
2900.39 94.0579
2900.76 94.0508
2901.12 94.0464
2901.49 94.0417
2901.86 94.0367
2902.22 94.0315
2902.59 94.026
2902.95 94.0203
2903.32 94.0144
2903.69 94.0104
2904.05 94.0041
2904.42 93.9977
2904.78 93.9914
2905.15 93.9852
2905.52 93.9792
2905.88 93.9735
2906.25 93.968
2906.62 93.9629
2906.98 93.9519
2907.35 93.9466
2907.71 93.9411
2908.08 93.935
2908.45 93.9282
2908.81 93.9208
2909.18 93.9127
2909.55 93.9043
2909.91 93.8955
2910.28 93.8854
2910.64 93.8751
2911.01 93.8635
2911.38 93.8525
2911.74 93.8431
2912.11 93.8349
2912.48 93.8274
2912.84 93.8206
2913.21 93.8072
2913.57 93.8015
2913.94 93.7961
2914.31 93.791
2914.67 93.7862
2915.04 93.7816
2915.41 93.777
2915.77 93.7723
2916.14 93.7673
2916.5 93.7614
2916.87 93.7533
2917.24 93.7438
2917.6 93.73
2917.97 93.7215
2918.33 93.715
2918.7 93.7096
2919.07 93.7052
2919.43 93.6987
2919.8 93.6963
2920.17 93.6944
2920.53 93.6928
2920.9 93.6915
2921.26 93.6904
2921.63 93.6893
2922 93.6883
2922.36 93.6871
2922.73 93.6859
2923.1 93.6846
2923.46 93.6834
2923.83 93.6818
2924.19 93.68
2924.56 93.6781
2924.93 93.676
2925.29 93.6736
2925.66 93.6668
2926.03 93.6628
2926.39 93.659
2926.76 93.6562
2927.12 93.6543
2927.49 93.6533
2927.86 93.6529
2928.22 93.653
2928.59 93.6534
2928.95 93.6542
2929.32 93.655
2929.69 93.6546
2930.05 93.6555
2930.42 93.6563
2930.79 93.6568
2931.15 93.657
2931.52 93.6554
2931.88 93.6546
2932.25 93.6535
2932.62 93.6521
2932.98 93.6505
2933.35 93.6487
2933.72 93.6469
2934.08 93.645
2934.45 93.6433
2934.81 93.6418
2935.18 93.6404
2935.55 93.6392
2935.91 93.6384
2936.28 93.6385
2936.65 93.6384
2937.01 93.6387
2937.38 93.6395
2937.74 93.6424
2938.11 93.6444
2938.48 93.6468
2938.84 93.6497
2939.21 93.653
2939.57 93.6566
2939.94 93.6606
2940.31 93.6649
2940.67 93.6694
2941.04 93.674
2941.41 93.6788
2941.77 93.6835
2942.14 93.6881
2942.5 93.6926
2942.87 93.6937
2943.24 93.6974
2943.6 93.7006
2943.97 93.7019
2944.34 93.7026
2944.7 93.7022
2945.07 93.7008
2945.43 93.6987
2945.8 93.6959
2946.17 93.6926
2946.53 93.6885
2946.9 93.6835
2947.27 93.6773
2947.63 93.6695
2948 93.6591
2948.36 93.6462
2948.73 93.637
2949.1 93.6293
2949.46 93.6245
2949.83 93.6185
2950.2 93.6098
2950.56 93.605
2950.93 93.6003
2951.29 93.5957
2951.66 93.5912
2952.03 93.5867
2952.39 93.5821
2952.76 93.5775
2953.12 93.5728
2953.49 93.568
2953.86 93.5632
2954.22 93.5587
2954.59 93.5547
2954.96 93.5513
2955.32 93.5488
2955.69 93.5472
2956.05 93.5456
2956.42 93.5446
2956.79 93.5454
2957.15 93.5469
2957.52 93.5487
2957.89 93.5507
2958.25 93.5526
2958.62 93.5543
2958.98 93.5557
2959.35 93.5567
2959.72 93.5573
2960.08 93.5574
2960.45 93.5571
2960.82 93.5565
2961.18 93.5556
2961.55 93.5545
2961.91 93.5532
2962.28 93.5515
2962.65 93.5461
2963.01 93.5421
2963.38 93.5367
2963.74 93.5289
2964.11 93.5217
2964.48 93.5163
2964.84 93.5122
2965.21 93.5089
2965.58 93.5062
2965.94 93.5035
2966.31 93.5007
2966.67 93.4974
2967.04 93.4936
2967.41 93.4893
2967.77 93.4845
2968.14 93.4792
2968.51 93.4712
2968.87 93.4686
2969.24 93.4623
2969.6 93.4559
2969.97 93.4494
2970.34 93.443
2970.7 93.4367
2971.07 93.4306
2971.44 93.4247
2971.8 93.419
2972.17 93.4134
2972.53 93.4079
2972.9 93.4025
2973.27 93.3971
2973.63 93.3916
2974 93.386
2974.36 93.3804
2974.73 93.3726
2975.1 93.3667
2975.46 93.3644
2975.83 93.3582
2976.2 93.3516
2976.56 93.3448
2976.93 93.3375
2977.29 93.3296
2977.66 93.3213
2978.03 93.313
2978.39 93.3056
2978.76 93.2991
2979.13 93.2937
2979.49 93.289
2979.86 93.2851
2980.22 93.2817
2980.59 93.2789
2980.96 93.2768
2981.32 93.2749
2981.69 93.2732
2982.06 93.2741
2982.42 93.2727
2982.79 93.2714
2983.15 93.2703
2983.52 93.2692
2983.89 93.2681
2984.25 93.2669
2984.62 93.2656
2984.99 93.2643
2985.35 93.2627
2985.72 93.261
2986.08 93.2591
2986.45 93.2571
2986.82 93.2551
2987.18 93.254
2987.55 93.2518
2987.91 93.2497
2988.28 93.2478
2988.65 93.2485
2989.01 93.2467
2989.38 93.2451
2989.75 93.2437
2990.11 93.2427
2990.48 93.242
2990.84 93.2417
2991.21 93.2418
2991.58 93.2422
2991.94 93.2428
2992.31 93.2436
2992.68 93.2445
2993.04 93.2455
2993.41 93.2476
2993.77 93.2482
2994.14 93.2484
2994.51 93.2483
2994.87 93.2479
2995.24 93.2498
2995.61 93.2493
2995.97 93.2487
2996.34 93.2479
2996.7 93.2471
2997.07 93.2463
2997.44 93.2455
2997.8 93.2448
2998.17 93.244
2998.53 93.2433
2998.9 93.2425
2999.27 93.2447
2999.63 93.244
3000 93.2433
3000.37 93.2426
3000.73 93.2418
3001.1 93.2411
3001.46 93.2442
3001.83 93.2434
3002.2 93.2425
3002.56 93.2416
3002.93 93.2405
3003.3 93.2393
3003.66 93.2378
3004.03 93.2362
3004.39 93.2343
3004.76 93.2323
3005.13 93.23
3005.49 93.2298
3005.86 93.2269
3006.23 93.2239
3006.59 93.2207
3006.96 93.2172
3007.32 93.2136
3007.69 93.2098
3008.06 93.2111
3008.42 93.207
3008.79 93.2028
3009.16 93.1985
3009.52 93.1942
3009.89 93.1898
3010.25 93.1856
3010.62 93.1816
3010.99 93.1776
3011.35 93.1738
3011.72 93.1716
3012.08 93.1678
3012.45 93.164
3012.82 93.1601
3013.18 93.1561
3013.55 93.152
3013.92 93.1479
3014.28 93.1437
3014.65 93.1448
3015.01 93.1407
3015.38 93.1366
3015.75 93.1324
3016.11 93.1283
3016.48 93.1241
3016.85 93.12
3017.21 93.1157
3017.58 93.1114
3017.94 93.108
3018.31 93.1035
3018.68 93.0989
3019.04 93.0942
3019.41 93.0895
3019.78 93.0848
3020.14 93.0802
3020.51 93.0757
3020.87 93.0712
3021.24 93.0719
3021.61 93.0675
3021.97 93.0632
3022.34 93.0592
3022.7 93.0556
3023.07 93.0523
3023.44 93.0496
3023.8 93.0473
3024.17 93.0468
3024.54 93.0453
3024.9 93.0441
3025.27 93.043
3025.63 93.0421
3026 93.0412
3026.37 93.0405
3026.73 93.0397
3027.1 93.0391
3027.47 93.0385
3027.83 93.0395
3028.2 93.0389
3028.56 93.0385
3028.93 93.0383
3029.3 93.0385
3029.66 93.0392
3030.03 93.0406
3030.4 93.0436
3030.76 93.0468
3031.13 93.051
3031.49 93.0564
3031.86 93.063
3032.23 93.0705
3032.59 93.0784
3032.96 93.0861
3033.32 93.0938
3033.69 93.1014
3034.06 93.1036
3034.42 93.1112
3034.79 93.1189
3035.16 93.1267
3035.52 93.1347
3035.89 93.1429
3036.25 93.1524
3036.62 93.1607
3036.99 93.169
3037.35 93.1775
3037.72 93.1862
3038.09 93.1953
3038.45 93.2041
3038.82 93.2112
3039.18 93.2162
3039.55 93.2192
3039.92 93.2207
3040.28 93.2209
3040.65 93.2177
3041.02 93.2176
3041.38 93.2172
3041.75 93.2166
3042.11 93.2155
3042.48 93.2121
3042.85 93.2102
3043.21 93.2077
3043.58 93.2046
3043.95 93.201
3044.31 93.1968
3044.68 93.192
3045.04 93.1866
3045.41 93.1808
3045.78 93.1743
3046.14 93.1674
3046.51 93.1601
3046.87 93.1524
3047.24 93.1467
3047.61 93.1385
3047.97 93.1301
3048.34 93.1213
3048.71 93.104
3049.07 93.0941
3049.44 93.0855
3049.8 93.0784
3050.17 93.0728
3050.54 93.0682
3050.9 93.0643
3051.27 93.0608
3051.64 93.0574
3052 93.054
3052.37 93.0506
3052.73 93.0472
3053.1 93.0437
3053.47 93.0402
3053.83 93.0381
3054.2 93.0345
3054.57 93.0308
3054.93 93.0245
3055.3 93.0205
3055.66 93.0165
3056.03 93.0128
3056.4 93.0094
3056.76 93.0064
3057.13 93.0039
3057.49 93.0019
3057.86 93.0004
3058.23 92.9994
3058.59 92.9988
3058.96 92.9987
3059.33 92.9988
3059.69 92.9993
3060.06 93
3060.42 92.9988
3060.79 93.0001
3061.16 93.0012
3061.52 93.0033
3061.89 93.0057
3062.26 93.0082
3062.62 93.0108
3062.99 93.0133
3063.35 93.0158
3063.72 93.0182
3064.09 93.0204
3064.45 93.0223
3064.82 93.0241
3065.19 93.0257
3065.55 93.0272
3065.92 93.0287
3066.28 93.0303
3066.65 93.0321
3067.02 93.0313
3067.38 93.0331
3067.75 93.0354
3068.11 93.0383
3068.48 93.0419
3068.85 93.0464
3069.21 93.0519
3069.58 93.0575
3069.95 93.0616
3070.31 93.0642
3070.68 93.0657
3071.04 93.0663
3071.41 93.0664
3071.78 93.066
3072.14 93.0653
3072.51 93.0644
3072.88 93.0634
3073.24 93.0592
3073.61 93.0577
3073.97 93.0557
3074.34 93.0535
3074.71 93.0509
3075.07 93.0486
3075.44 93.0469
3075.81 93.046
3076.17 93.0457
3076.54 93.0461
3076.9 93.0471
3077.27 93.0486
3077.64 93.0504
3078 93.0526
3078.37 93.0552
3078.74 93.0581
3079.1 93.0614
3079.47 93.067
3079.83 93.0692
3080.2 93.0736
3080.57 93.0785
3080.93 93.0839
3081.3 93.0897
3081.66 93.0959
3082.03 93.1026
3082.4 93.1096
3082.76 93.1169
3083.13 93.1244
3083.5 93.1318
3083.86 93.1392
3084.23 93.1465
3084.59 93.1535
3084.96 93.1601
3085.33 93.1663
3085.69 93.1749
3086.06 93.1802
3086.43 93.1832
3086.79 93.1881
3087.16 93.1927
3087.52 93.1972
3087.89 93.2014
3088.26 93.2053
3088.62 93.2089
3088.99 93.2121
3089.36 93.2149
3089.72 93.2171
3090.09 93.2187
3090.45 93.2198
3090.82 93.2203
3091.19 93.2201
3091.55 93.2192
3091.92 93.2161
3092.28 93.2137
3092.65 93.2109
3093.02 93.2083
3093.38 93.2054
3093.75 93.2026
3094.12 93.1999
3094.48 93.1973
3094.85 93.195
3095.21 93.1928
3095.58 93.1909
3095.95 93.1891
3096.31 93.1876
3096.68 93.1863
3097.05 93.1852
3097.41 93.1844
3097.78 93.1838
3098.14 93.1837
3098.51 93.1838
3098.88 93.1843
3099.24 93.1852
3099.61 93.1855
3099.98 93.1867
3100.34 93.1881
3100.71 93.1898
3101.07 93.1918
3101.44 93.1941
3101.81 93.1967
3102.17 93.1996
3102.54 93.2029
3102.91 93.2067
3103.27 93.2111
3103.64 93.2162
3104 93.2215
3104.37 93.2285
3104.74 93.2369
3105.1 93.2474
3105.47 93.2577
3105.83 93.2565
3106.2 93.2641
3106.57 93.27
3106.93 93.2746
3107.3 93.2783
3107.67 93.2811
3108.03 93.2832
3108.4 93.2847
3108.76 93.2858
3109.13 93.2866
3109.5 93.2873
3109.86 93.2877
3110.23 93.2884
3110.6 93.2885
3110.96 93.2885
3111.33 93.2883
3111.69 93.288
3112.06 93.2877
3112.43 93.2888
3112.79 93.2886
3113.16 93.2884
3113.53 93.2883
3113.89 93.2881
3114.26 93.288
3114.62 93.2878
3114.99 93.2875
3115.36 93.287
3115.72 93.2862
3116.09 93.2852
3116.45 93.2846
3116.82 93.2825
3117.19 93.2799
3117.55 93.2768
3117.92 93.2733
3118.29 93.2693
3118.65 93.2648
3119.02 93.2632
3119.38 93.2577
3119.75 93.2518
3120.12 93.2453
3120.48 93.2384
3120.85 93.2309
3121.22 93.2228
3121.58 93.2142
3121.95 93.2051
3122.31 93.1956
3122.68 93.1794
3123.05 93.1698
3123.41 93.1605
3123.78 93.1517
3124.15 93.1433
3124.51 93.1351
3124.88 93.1271
3125.24 93.1193
3125.61 93.1156
3125.98 93.1077
3126.34 93.0997
3126.71 93.0912
3127.07 93.082
3127.44 93.0716
3127.81 93.0604
3128.17 93.0506
3128.54 93.0422
3128.91 93.0313
3129.27 93.0248
3129.64 93.0185
3130 93.0123
3130.37 93.0062
3130.74 93.0003
3131.1 92.9946
3131.47 92.989
3131.84 92.9837
3132.2 92.9827
3132.57 92.9776
3132.93 92.9728
3133.3 92.9682
3133.67 92.9639
3134.03 92.9601
3134.4 92.9567
3134.77 92.9546
3135.13 92.9522
3135.5 92.9501
3135.86 92.9481
3136.23 92.9463
3136.6 92.9443
3136.96 92.9422
3137.33 92.9398
3137.7 92.937
3138.06 92.934
3138.43 92.9306
3138.79 92.9323
3139.16 92.9285
3139.53 92.9245
3139.89 92.9202
3140.26 92.9156
3140.62 92.9109
3140.99 92.9064
3141.36 92.901
3141.72 92.8954
3142.09 92.8896
3142.46 92.8835
3142.82 92.8772
3143.19 92.8707
3143.55 92.8639
3143.92 92.8568
3144.29 92.8494
3144.65 92.8416
3145.02 92.8386
3145.39 92.8293
3145.75 92.8191
3146.12 92.8079
3146.48 92.7963
3146.85 92.7852
3147.22 92.771
3147.58 92.762
3147.95 92.7536
3148.32 92.7457
3148.68 92.7382
3149.05 92.7311
3149.41 92.7243
3149.78 92.7178
3150.15 92.7115
3150.51 92.7055
3150.88 92.6996
3151.24 92.6939
3151.61 92.6948
3151.98 92.6895
3152.34 92.6843
3152.71 92.6792
3153.08 92.6744
3153.44 92.6706
3153.81 92.6657
3154.17 92.6608
3154.54 92.6557
3154.91 92.6505
3155.27 92.6453
3155.64 92.6401
3156.01 92.6349
3156.37 92.6297
3156.74 92.6245
3157.1 92.6193
3157.47 92.614
3157.84 92.6084
3158.2 92.6071
3158.57 92.6009
3158.94 92.5944
3159.3 92.5877
3159.67 92.5789
3160.03 92.5725
3160.4 92.5663
3160.77 92.5603
3161.13 92.5546
3161.5 92.5492
3161.86 92.5442
3162.23 92.5395
3162.6 92.5352
3162.96 92.5313
3163.33 92.5276
3163.7 92.5242
3164.06 92.521
3164.43 92.5178
3164.79 92.5165
3165.16 92.5132
3165.53 92.5098
3165.89 92.5037
3166.26 92.4995
3166.63 92.4948
3166.99 92.4891
3167.36 92.4821
3167.72 92.4728
3168.09 92.4563
3168.46 92.4465
3168.82 92.4384
3169.19 92.4312
3169.56 92.4246
3169.92 92.4185
3170.29 92.4126
3170.65 92.407
3171.02 92.4015
3171.39 92.3997
3171.75 92.393
3172.12 92.3881
3172.49 92.3832
3172.85 92.3783
3173.22 92.3733
3173.58 92.3684
3173.95 92.3634
3174.32 92.3584
3174.68 92.3535
3175.05 92.3487
3175.41 92.3439
3175.78 92.3391
3176.15 92.3343
3176.51 92.3295
3176.88 92.3247
3177.25 92.3197
3177.61 92.3189
3177.98 92.3127
3178.34 92.3071
3178.71 92.3012
3179.08 92.2952
3179.44 92.289
3179.81 92.2827
3180.18 92.2762
3180.54 92.2698
3180.91 92.2634
3181.27 92.2571
3181.64 92.251
3182.01 92.2451
3182.37 92.2394
3182.74 92.2338
3183.11 92.2284
3183.47 92.223
3183.84 92.2177
3184.2 92.2166
3184.57 92.211
3184.94 92.2052
3185.3 92.1993
3185.67 92.1934
3186.03 92.1874
3186.4 92.1816
3186.77 92.1761
3187.13 92.1709
3187.5 92.1662
3187.87 92.1619
3188.23 92.158
3188.6 92.1546
3188.96 92.1516
3189.33 92.1488
3189.7 92.1464
3190.06 92.1442
3190.43 92.1422
3190.8 92.1422
3191.16 92.1407
3191.53 92.1397
3191.89 92.1392
3192.26 92.1392
3192.63 92.1396
3192.99 92.14
3193.36 92.1405
3193.73 92.141
3194.09 92.1415
3194.46 92.1421
3194.82 92.1427
3195.19 92.1432
3195.56 92.1438
3195.92 92.1442
3196.29 92.1445
3196.66 92.1446
3197.02 92.1439
3197.39 92.1429
3197.75 92.1412
3198.12 92.1391
3198.49 92.1365
3198.85 92.1333
3199.22 92.1296
3199.58 92.1254
3199.95 92.1208
3200.32 92.116
3200.68 92.1111
3201.05 92.1061
3201.42 92.1011
3201.78 92.0961
3202.15 92.091
3202.51 92.0821
3202.88 92.0768
3203.25 92.071
3203.61 92.0646
3203.98 92.0606
3204.35 92.0565
3204.71 92.0536
3205.08 92.0519
3205.44 92.051
3205.81 92.051
3206.18 92.0517
3206.54 92.053
3206.91 92.0551
3207.28 92.0577
3207.64 92.0609
3208.01 92.0646
3208.37 92.0687
3208.74 92.0774
3209.11 92.0821
3209.47 92.087
3209.84 92.0919
3210.2 92.097
3210.57 92.1013
3210.94 92.1064
3211.3 92.1115
3211.67 92.1167
3212.04 92.1217
3212.4 92.1263
3212.77 92.1306
3213.13 92.1343
3213.5 92.1376
3213.87 92.1405
3214.23 92.1431
3214.6 92.1454
3214.97 92.1509
3215.33 92.153
3215.7 92.155
3216.06 92.1572
3216.43 92.1594
3216.8 92.1629
3217.16 92.1654
3217.53 92.1681
3217.9 92.171
3218.26 92.1739
3218.63 92.1768
3218.99 92.1796
3219.36 92.1823
3219.73 92.1849
3220.09 92.1874
3220.46 92.1899
3220.82 92.1922
3221.19 92.1976
3221.56 92.1997
3221.92 92.2017
3222.29 92.2036
3222.66 92.2054
3223.02 92.2071
3223.39 92.2097
3223.75 92.2112
3224.12 92.2126
3224.49 92.2139
3224.85 92.2151
3225.22 92.2163
3225.59 92.2175
3225.95 92.2187
3226.32 92.2199
3226.68 92.2212
3227.05 92.2224
3227.42 92.2259
3227.78 92.2271
3228.15 92.2284
3228.52 92.2296
3228.88 92.2308
3229.25 92.2319
3229.61 92.2329
3229.98 92.2353
3230.35 92.2365
3230.71 92.2376
3231.08 92.2386
3231.45 92.2396
3231.81 92.2404
3232.18 92.241
3232.54 92.2415
3232.91 92.2417
3233.28 92.2437
3233.64 92.243
3234.01 92.2421
3234.37 92.2408
3234.74 92.2392
3235.11 92.2373
3235.47 92.2351
3235.84 92.2327
3236.21 92.23
3236.57 92.2286
3236.94 92.2254
3237.3 92.2219
3237.67 92.2182
3238.04 92.2145
3238.4 92.211
3238.77 92.2081
3239.14 92.2059
3239.5 92.2037
3239.87 92.2032
3240.23 92.2032
3240.6 92.2036
3240.97 92.2044
3241.33 92.2055
3241.7 92.2069
3242.07 92.2084
3242.43 92.2099
3242.8 92.2113
3243.16 92.2121
3243.53 92.2133
3243.9 92.2141
3244.26 92.2146
3244.63 92.2149
3244.99 92.215
3245.36 92.2152
3245.73 92.2169
3246.09 92.2185
3246.46 92.2208
3246.83 92.2238
3247.19 92.2276
3247.56 92.2319
3247.92 92.2367
3248.29 92.2419
3248.66 92.2472
3249.02 92.2526
3249.39 92.2561
3249.76 92.2614
3250.12 92.2665
3250.49 92.2714
3250.85 92.276
3251.22 92.2804
3251.59 92.2845
3251.95 92.291
3252.32 92.2945
3252.69 92.2976
3253.05 92.3006
3253.42 92.3033
3253.78 92.3059
3254.15 92.3083
3254.52 92.3104
3254.88 92.3121
3255.25 92.3135
3255.61 92.3144
3255.98 92.3139
3256.35 92.314
3256.71 92.3137
3257.08 92.313
3257.45 92.3122
3257.81 92.3115
3258.18 92.3098
3258.54 92.3105
3258.91 92.312
3259.28 92.3143
3259.64 92.3172
3260.01 92.3208
3260.38 92.3249
3260.74 92.3295
3261.11 92.3345
3261.47 92.3399
3261.84 92.3456
3262.21 92.3516
3262.57 92.3545
3262.94 92.3609
3263.31 92.3677
3263.67 92.3749
3264.04 92.3827
3264.4 92.3945
3264.77 92.4037
3265.14 92.4135
3265.5 92.4238
3265.87 92.4345
3266.24 92.4455
3266.6 92.4572
3266.97 92.4697
3267.33 92.4834
3267.7 92.4966
3268.07 92.5083
3268.43 92.5191
3268.8 92.5292
3269.16 92.5331
3269.53 92.5425
3269.9 92.5515
3270.26 92.5634
3270.63 92.5715
3271 92.5793
3271.36 92.5868
3271.73 92.594
3272.09 92.601
3272.46 92.6076
3272.83 92.6142
3273.19 92.6209
3273.56 92.628
3273.93 92.6359
3274.29 92.6458
3274.66 92.6592
3275.02 92.6674
3275.39 92.6737
3275.76 92.6748
3276.12 92.6796
3276.49 92.6838
3276.86 92.6864
3277.22 92.6883
3277.59 92.6895
3277.95 92.6901
3278.32 92.6904
3278.69 92.6904
3279.05 92.6901
3279.42 92.6897
3279.78 92.6889
3280.15 92.6879
3280.52 92.6865
3280.88 92.685
3281.25 92.6834
3281.62 92.6817
3281.98 92.6801
3282.35 92.6781
3282.71 92.6757
3283.08 92.6756
3283.45 92.6764
3283.81 92.6781
3284.18 92.6809
3284.55 92.6846
3284.91 92.6888
3285.28 92.6926
3285.64 92.6961
3286.01 92.6993
3286.38 92.7023
3286.74 92.7051
3287.11 92.7076
3287.48 92.71
3287.84 92.7121
3288.21 92.7142
3288.57 92.7167
3288.94 92.7211
3289.31 92.7229
3289.67 92.7247
3290.04 92.7266
3290.41 92.7285
3290.77 92.7306
3291.14 92.7328
3291.5 92.7352
3291.87 92.7378
3292.24 92.7406
3292.6 92.7435
3292.97 92.7464
3293.33 92.7491
3293.7 92.7515
3294.07 92.7535
3294.43 92.7552
3294.8 92.7565
3295.17 92.7589
3295.53 92.7594
3295.9 92.7592
3296.26 92.7584
3296.63 92.7571
3297 92.7551
3297.36 92.7527
3297.73 92.7499
3298.1 92.7468
3298.46 92.7435
3298.83 92.7401
3299.19 92.7369
3299.56 92.7338
3299.93 92.731
3300.29 92.7285
3300.66 92.7263
3301.03 92.726
3301.39 92.7248
3301.76 92.7266
3302.12 92.7259
3302.49 92.7254
3302.86 92.7254
3303.22 92.7257
3303.59 92.7265
3303.95 92.7277
3304.32 92.7293
3304.69 92.7315
3305.05 92.7342
3305.42 92.7374
3305.79 92.7409
3306.15 92.7446
3306.52 92.7483
3306.88 92.752
3307.25 92.7568
3307.62 92.7608
3307.98 92.7654
3308.35 92.7657
3308.72 92.7709
3309.08 92.778
3309.45 92.7866
3309.81 92.7915
3310.18 92.7943
3310.55 92.7956
3310.91 92.7958
3311.28 92.795
3311.65 92.7933
3312.01 92.7909
3312.38 92.7881
3312.74 92.7851
3313.11 92.7822
3313.48 92.7761
3313.84 92.7746
3314.21 92.7735
3314.57 92.7728
3314.94 92.7707
3315.31 92.7705
3315.67 92.7705
3316.04 92.7705
3316.41 92.7701
3316.77 92.7693
3317.14 92.7679
3317.5 92.7657
3317.87 92.7628
3318.24 92.7591
3318.6 92.7548
3318.97 92.75
3319.34 92.7448
3319.7 92.7344
3320.07 92.7289
3320.43 92.7237
3320.8 92.7191
3321.17 92.7159
3321.53 92.7125
3321.9 92.7096
3322.27 92.7073
3322.63 92.7056
3323 92.7044
3323.36 92.7036
3323.73 92.7033
3324.1 92.7034
3324.46 92.7039
3324.83 92.7049
3325.2 92.7065
3325.56 92.7088
3325.93 92.7121
3326.29 92.7164
3326.66 92.7226
3327.03 92.7281
3327.39 92.7316
3327.76 92.7309
3328.12 92.7332
3328.49 92.7347
3328.86 92.7358
3329.22 92.7365
3329.59 92.7371
3329.96 92.7376
3330.32 92.7382
3330.69 92.7387
3331.05 92.7394
3331.42 92.7401
3331.79 92.741
3332.15 92.7415
3332.52 92.7426
3332.89 92.7437
3333.25 92.7448
3333.62 92.7457
3333.98 92.7463
3334.35 92.7448
3334.72 92.7447
3335.08 92.7439
3335.45 92.7425
3335.82 92.7405
3336.18 92.738
3336.55 92.7352
3336.91 92.7323
3337.28 92.7294
3337.65 92.7267
3338.01 92.7208
3338.38 92.7188
3338.74 92.7171
3339.11 92.7157
3339.48 92.7148
3339.84 92.7143
3340.21 92.7144
3340.58 92.7151
3340.94 92.7144
3341.31 92.7161
3341.67 92.7185
3342.04 92.7217
3342.41 92.7256
3342.77 92.7297
3343.14 92.7333
3343.51 92.7363
3343.87 92.7385
3344.24 92.7408
3344.6 92.7419
3344.97 92.7424
3345.34 92.7425
3345.7 92.7423
3346.07 92.7418
3346.44 92.741
3346.8 92.7401
3347.17 92.7389
3347.53 92.7391
3347.9 92.7378
3348.27 92.7365
3348.63 92.7352
3349 92.7339
3349.36 92.7326
3349.73 92.7313
3350.1 92.73
3350.46 92.7297
3350.83 92.7285
3351.2 92.7274
3351.56 92.7263
3351.93 92.7253
3352.29 92.7242
3352.66 92.723
3353.03 92.7219
3353.39 92.7207
3353.76 92.7197
3354.13 92.72
3354.49 92.7193
3354.86 92.7189
3355.22 92.7188
3355.59 92.719
3355.96 92.7194
3356.32 92.7199
3356.69 92.7222
3357.06 92.7228
3357.42 92.7233
3357.79 92.7235
3358.15 92.7235
3358.52 92.7233
3358.89 92.7227
3359.25 92.7218
3359.62 92.7204
3359.99 92.7186
3360.35 92.7179
3360.72 92.7151
3361.08 92.7124
3361.45 92.71
3361.82 92.7081
3362.18 92.7068
3362.55 92.7058
3362.91 92.7072
3363.28 92.7071
3363.65 92.707
3364.01 92.707
3364.38 92.7071
3364.75 92.7072
3365.11 92.7073
3365.48 92.7074
3365.84 92.7075
3366.21 92.7076
3366.58 92.7075
3366.94 92.7106
3367.31 92.7104
3367.68 92.71
3368.04 92.7095
3368.41 92.7088
3368.77 92.7103
3369.14 92.7092
3369.51 92.708
3369.87 92.7068
3370.24 92.7056
3370.61 92.7044
3370.97 92.703
3371.34 92.7017
3371.7 92.7003
3372.07 92.6987
3372.44 92.697
3372.8 92.6952
3373.17 92.6932
3373.53 92.6935
3373.9 92.6912
3374.27 92.6887
3374.63 92.6863
3375 92.6833
3375.37 92.6809
3375.73 92.6787
3376.1 92.6768
3376.46 92.6751
3376.83 92.6736
3377.2 92.6723
3377.56 92.6711
3377.93 92.6699
3378.3 92.6688
3378.66 92.6677
3379.03 92.6666
3379.39 92.6656
3379.76 92.6648
3380.13 92.6658
3380.49 92.6652
3380.86 92.6648
3381.23 92.6661
3381.59 92.6661
3381.96 92.6663
3382.32 92.6666
3382.69 92.667
3383.06 92.6673
3383.42 92.6677
3383.79 92.668
3384.16 92.6683
3384.52 92.6686
3384.89 92.6689
3385.25 92.6691
3385.62 92.6693
3385.99 92.6696
3386.35 92.6698
3386.72 92.6714
3387.08 92.6716
3387.45 92.6735
3387.82 92.6741
3388.18 92.6748
3388.55 92.6758
3388.92 92.677
3389.28 92.6785
3389.65 92.6801
3390.01 92.6819
3390.38 92.6837
3390.75 92.6857
3391.11 92.6878
3391.48 92.6899
3391.85 92.6919
3392.21 92.6939
3392.58 92.6956
3392.94 92.6982
3393.31 92.6995
3393.68 92.7028
3394.04 92.7037
3394.41 92.7044
3394.78 92.7051
3395.14 92.7057
3395.51 92.7063
3395.87 92.7069
3396.24 92.7076
3396.61 92.7083
3396.97 92.7092
3397.34 92.7102
3397.7 92.7114
3398.07 92.7128
3398.44 92.7145
3398.8 92.7164
3399.17 92.7185
3399.54 92.7217
3399.9 92.7273
3400.27 92.7297
3400.63 92.732
3401 92.7343
3401.37 92.7363
3401.73 92.738
3402.1 92.7395
3402.47 92.7406
3402.83 92.7415
3403.2 92.7422
3403.56 92.7426
3403.93 92.7428
3404.3 92.7427
3404.66 92.7424
3405.03 92.7418
3405.4 92.7411
3405.76 92.7412
3406.13 92.742
3406.49 92.7403
3406.86 92.7384
3407.23 92.7366
3407.59 92.7348
3407.96 92.7333
3408.32 92.732
3408.69 92.7309
3409.06 92.73
3409.42 92.7293
3409.79 92.7289
3410.16 92.7286
3410.52 92.7285
3410.89 92.7287
3411.25 92.7291
3411.62 92.7299
3411.99 92.7295
3412.35 92.7309
3412.72 92.7302
3413.09 92.7324
3413.45 92.7346
3413.82 92.737
3414.18 92.7393
3414.55 92.7416
3414.92 92.744
3415.28 92.7463
3415.65 92.7487
3416.02 92.751
3416.38 92.7534
3416.75 92.7556
3417.11 92.7578
3417.48 92.7597
3417.85 92.7615
3418.21 92.7621
3418.58 92.765
3418.95 92.7689
3419.31 92.7692
3419.68 92.7741
3420.04 92.7795
3420.41 92.7853
3420.78 92.7914
3421.14 92.7979
3421.51 92.8048
3421.87 92.8124
3422.24 92.8207
3422.61 92.8293
3422.97 92.8372
3423.34 92.8441
3423.71 92.8502
3424.07 92.8557
3424.44 92.862
3424.8 92.8664
3425.17 92.8704
3425.54 92.8718
3425.9 92.8755
3426.27 92.879
3426.64 92.8824
3427 92.8858
3427.37 92.8893
3427.73 92.893
3428.1 92.8968
3428.47 92.9009
3428.83 92.9053
3429.2 92.91
3429.57 92.915
3429.93 92.9202
3430.3 92.9256
3430.66 92.9337
3431.03 92.939
3431.4 92.9441
3431.76 92.949
3432.13 92.9514
3432.49 92.9559
3432.86 92.96
3433.23 92.9638
3433.59 92.9671
3433.96 92.97
3434.33 92.9724
3434.69 92.9743
3435.06 92.9757
3435.42 92.9767
3435.79 92.9773
3436.16 92.9776
3436.52 92.9773
3436.89 92.9769
3437.26 92.9761
3437.62 92.9751
3437.99 92.9739
3438.35 92.9725
3438.72 92.9717
3439.09 92.9699
3439.45 92.9679
3439.82 92.9654
3440.19 92.9624
3440.55 92.9586
3440.92 92.954
3441.28 92.9485
3441.65 92.9429
3442.02 92.938
3442.38 92.9337
3442.75 92.9258
3443.11 92.9222
3443.48 92.9188
3443.85 92.9154
3444.21 92.9123
3444.58 92.9095
3444.95 92.907
3445.31 92.9035
3445.68 92.9016
3446.04 92.9001
3446.41 92.899
3446.78 92.8982
3447.14 92.8978
3447.51 92.8976
3447.88 92.8978
3448.24 92.8981
3448.61 92.8988
3448.97 92.8991
3449.34 92.9005
3449.71 92.902
3450.07 92.9038
3450.44 92.9059
3450.81 92.9082
3451.17 92.9104
3451.54 92.9122
3451.9 92.911
3452.27 92.9111
3452.64 92.9096
3453 92.906
3453.37 92.8999
3453.74 92.8949
3454.1 92.8911
3454.47 92.8879
3454.83 92.885
3455.2 92.8812
3455.57 92.879
3455.93 92.8768
3456.3 92.8747
3456.66 92.8726
3457.03 92.8705
3457.4 92.8684
3457.76 92.8664
3458.13 92.8644
3458.5 92.8652
3458.86 92.8635
3459.23 92.8619
3459.59 92.8603
3459.96 92.8588
3460.33 92.8574
3460.69 92.8561
3461.06 92.8548
3461.43 92.8552
3461.79 92.8536
3462.16 92.8519
3462.52 92.8499
3462.89 92.8476
3463.26 92.845
3463.62 92.8421
3463.99 92.8388
3464.36 92.8353
3464.72 92.8345
3465.09 92.8305
3465.45 92.8264
3465.82 92.8223
3466.19 92.8181
3466.55 92.814
3466.92 92.8101
3467.28 92.8065
3467.65 92.8022
3468.02 92.7992
3468.38 92.7967
3468.75 92.7947
3469.12 92.7935
3469.48 92.7934
3469.85 92.7943
3470.21 92.7962
3470.58 92.7991
3470.95 92.8027
3471.31 92.8051
3471.68 92.8095
3472.05 92.8142
3472.41 92.819
3472.78 92.8239
3473.14 92.8287
3473.51 92.836
3473.88 92.8401
3474.24 92.8438
3474.61 92.8471
3474.98 92.85
3475.34 92.8524
3475.71 92.8544
3476.07 92.8559
3476.44 92.857
3476.81 92.8577
3477.17 92.858
3477.54 92.8581
3477.91 92.8585
3478.27 92.8584
3478.64 92.8582
3479 92.858
3479.37 92.8577
3479.74 92.8577
3480.1 92.8572
3480.47 92.8567
3480.83 92.8561
3481.2 92.8554
3481.57 92.8546
3481.93 92.8538
3482.3 92.8528
3482.67 92.8518
3483.03 92.8505
3483.4 92.849
3483.76 92.8472
3484.13 92.8451
3484.5 92.8424
3484.86 92.8399
3485.23 92.8373
3485.6 92.8346
3485.96 92.8292
3486.33 92.8272
3486.69 92.8253
3487.06 92.8237
3487.43 92.8222
3487.79 92.8207
3488.16 92.8191
3488.53 92.8172
3488.89 92.8151
3489.26 92.8126
3489.62 92.8099
3489.99 92.8068
3490.36 92.8034
3490.72 92.7998
3491.09 92.7967
3491.45 92.7925
3491.82 92.788
3492.19 92.7787
3492.55 92.7728
3492.92 92.7663
3493.29 92.7592
3493.65 92.7514
3494.02 92.7432
3494.38 92.7345
3494.75 92.7254
3495.12 92.716
3495.48 92.7065
3495.85 92.6968
3496.22 92.6874
3496.58 92.6783
3496.95 92.6696
3497.31 92.663
3497.68 92.6547
3498.05 92.6464
3498.41 92.6302
3498.78 92.6218
3499.15 92.6145
3499.51 92.6081
3499.88 92.6026
3500.24 92.5977
3500.61 92.5932
3500.98 92.5893
3501.34 92.5858
3501.71 92.5828
3502.07 92.5805
3502.44 92.579
3502.81 92.5784
3503.17 92.5788
3503.54 92.5802
3503.91 92.5779
3504.27 92.5791
3504.64 92.5829
3505 92.5871
3505.37 92.5915
3505.74 92.5958
3506.1 92.5998
3506.47 92.6033
3506.84 92.6064
3507.2 92.6091
3507.57 92.6117
3507.93 92.6141
3508.3 92.6165
3508.67 92.619
3509.03 92.6217
3509.4 92.6249
3509.77 92.6287
3510.13 92.6336
3510.5 92.6316
3510.86 92.6367
3511.23 92.6402
3511.6 92.6422
3511.96 92.643
3512.33 92.6429
3512.7 92.6422
3513.06 92.6411
3513.43 92.6398
3513.79 92.6382
3514.16 92.6365
3514.53 92.6346
3514.89 92.6327
3515.26 92.6308
3515.62 92.6288
3515.99 92.6269
3516.36 92.6249
3516.72 92.6209
3517.09 92.6192
3517.46 92.6175
3517.82 92.6157
3518.19 92.6138
3518.55 92.6117
3518.92 92.6095
3519.29 92.6071
3519.65 92.6046
3520.02 92.6021
3520.39 92.5996
3520.75 92.5973
3521.12 92.5952
3521.48 92.5933
3521.85 92.5917
3522.22 92.5903
3522.58 92.5892
3522.95 92.589
3523.32 92.588
3523.68 92.5885
3524.05 92.5873
3524.41 92.5858
3524.78 92.5842
3525.15 92.5826
3525.51 92.581
3525.88 92.5798
3526.24 92.5792
3526.61 92.5791
3526.98 92.5796
3527.34 92.5808
3527.71 92.5826
3528.08 92.585
3528.44 92.588
3528.81 92.5916
3529.17 92.5989
3529.54 92.604
3529.91 92.6099
3530.27 92.6135
3530.64 92.6203
3531.01 92.6282
3531.37 92.6369
3531.74 92.6461
3532.1 92.6549
3532.47 92.6629
3532.84 92.6703
3533.2 92.6771
3533.57 92.6834
3533.94 92.6891
3534.3 92.6943
3534.67 92.699
3535.03 92.7034
3535.4 92.7111
3535.77 92.7146
3536.13 92.7178
3536.5 92.721
3536.86 92.7236
3537.23 92.7257
3537.6 92.7275
3537.96 92.7288
3538.33 92.7298
3538.7 92.7305
3539.06 92.7312
3539.43 92.7318
3539.79 92.7325
3540.16 92.7333
3540.53 92.7345
3540.89 92.736
3541.26 92.7396
3541.63 92.7416
3541.99 92.7437
3542.36 92.746
3542.72 92.7484
3543.09 92.7504
3543.46 92.753
3543.82 92.7556
3544.19 92.7585
3544.56 92.7615
3544.92 92.7647
3545.29 92.7681
3545.65 92.7716
3546.02 92.775
3546.39 92.7784
3546.75 92.7816
3547.12 92.7846
3547.49 92.7884
3547.85 92.7912
3548.22 92.794
3548.58 92.7968
3548.95 92.7996
3549.32 92.8022
3549.68 92.8036
3550.05 92.806
3550.41 92.8083
3550.78 92.8104
3551.15 92.8122
3551.51 92.814
3551.88 92.8157
3552.25 92.8174
3552.61 92.8192
3552.98 92.8212
3553.34 92.8233
3553.71 92.8251
3554.08 92.8273
3554.44 92.8297
3554.81 92.8325
3555.18 92.8362
3555.54 92.8421
3555.91 92.8546
3556.27 92.8544
3556.64 92.862
3557.01 92.8683
3557.37 92.874
3557.74 92.8793
3558.11 92.8843
3558.47 92.889
3558.84 92.8936
3559.2 92.898
3559.57 92.9022
3559.94 92.9084
3560.3 92.9122
3560.67 92.9157
3561.03 92.9191
3561.4 92.9222
3561.77 92.9251
3562.13 92.9279
3562.5 92.9305
3562.87 92.9315
3563.23 92.9337
3563.6 92.9357
3563.96 92.9375
3564.33 92.9389
3564.7 92.9402
3565.06 92.9414
3565.43 92.9426
3565.8 92.9438
3566.16 92.9452
3566.53 92.9467
3566.89 92.9485
3567.26 92.9505
3567.63 92.9527
3567.99 92.9551
3568.36 92.9577
3568.73 92.9603
3569.09 92.9614
3569.46 92.9642
3569.82 92.967
3570.19 92.9699
3570.56 92.9728
3570.92 92.9757
3571.29 92.9786
3571.66 92.9815
3572.02 92.9862
3572.39 92.9891
3572.75 92.9921
3573.12 92.995
3573.49 92.998
3573.85 93.001
3574.22 93.004
3574.58 93.0072
3574.95 93.0104
3575.32 93.0138
3575.68 93.0152
3576.05 93.0186
3576.42 93.022
3576.78 93.0252
3577.15 93.0282
3577.51 93.0309
3577.88 93.0332
3578.25 93.0354
3578.61 93.0368
3578.98 93.0379
3579.35 93.0387
3579.71 93.0393
3580.08 93.0397
3580.44 93.0399
3580.81 93.0398
3581.18 93.0397
3581.54 93.0393
3581.91 93.039
3582.28 93.0381
3582.64 93.0383
3583.01 93.0387
3583.37 93.0393
3583.74 93.0401
3584.11 93.0409
3584.47 93.0423
3584.84 93.043
3585.2 93.0436
3585.57 93.044
3585.94 93.0442
3586.3 93.0443
3586.67 93.0444
3587.04 93.0445
3587.4 93.0448
3587.77 93.0454
3588.13 93.0463
3588.5 93.0476
3588.87 93.0476
3589.23 93.0494
3589.6 93.0517
3589.97 93.0545
3590.33 93.0579
3590.7 93.0616
3591.06 93.0657
3591.43 93.0701
3591.8 93.0744
3592.16 93.0786
3592.53 93.0825
3592.9 93.086
3593.26 93.0892
3593.63 93.0921
3593.99 93.0947
3594.36 93.0971
3594.73 93.0994
3595.09 93.1019
3595.46 93.0998
3595.82 93.1025
3596.19 93.1054
3596.56 93.1076
3596.92 93.1059
3597.29 93.1054
3597.66 93.1042
3598.02 93.1023
3598.39 93.1001
3598.75 93.0976
3599.12 93.095
3599.49 93.0921
3599.85 93.0891
3600.22 93.086
3600.59 93.0827
3600.95 93.0794
3601.32 93.0759
3601.68 93.0722
3602.05 93.0715
3602.42 93.0678
3602.78 93.064
3603.15 93.0594
3603.52 93.0556
3603.88 93.0518
3604.25 93.0482
3604.61 93.0446
3604.98 93.0412
3605.35 93.0378
3605.71 93.0346
3606.08 93.0314
3606.45 93.0283
3606.81 93.0251
3607.18 93.0218
3607.54 93.0184
3607.91 93.0147
3608.28 93.013
3608.64 93.0087
3609.01 93.0008
3609.37 92.9951
3609.74 92.9889
3610.11 92.9823
3610.47 92.9754
3610.84 92.9683
3611.21 92.9608
3611.57 92.9531
3611.94 92.9452
3612.3 92.937
3612.67 92.9288
3613.04 92.9205
3613.4 92.9124
3613.77 92.9045
3614.14 92.8967
3614.5 92.889
3614.87 92.8837
3615.23 92.8707
3615.6 92.8631
3615.97 92.8558
3616.33 92.8489
3616.7 92.8424
3617.07 92.8363
3617.43 92.8306
3617.8 92.8253
3618.16 92.8202
3618.53 92.8154
3618.9 92.8106
3619.26 92.8058
3619.63 92.8009
3619.99 92.7958
3620.36 92.7904
3620.73 92.7845
3621.09 92.7782
3621.46 92.7668
3621.83 92.759
3622.19 92.751
3622.56 92.743
3622.92 92.7353
3623.29 92.7279
3623.66 92.7209
3624.02 92.7142
3624.39 92.7078
3624.76 92.7016
3625.12 92.6954
3625.49 92.6892
3625.85 92.683
3626.22 92.6766
3626.59 92.6701
3626.95 92.6634
3627.32 92.6564
3627.69 92.6434
3628.05 92.6371
3628.42 92.6278
3628.78 92.6174
3629.15 92.605
3629.52 92.5902
3629.88 92.5792
3630.25 92.5698
3630.61 92.5617
3630.98 92.5547
3631.35 92.5486
3631.71 92.5435
3632.08 92.5393
3632.45 92.5361
3632.81 92.5337
3633.18 92.5321
3633.54 92.5313
3633.91 92.5288
3634.28 92.5293
3634.64 92.5275
3635.01 92.5282
3635.38 92.5286
3635.74 92.5287
3636.11 92.5285
3636.47 92.5281
3636.84 92.5274
3637.21 92.5266
3637.57 92.5257
3637.94 92.5246
3638.31 92.5235
3638.67 92.5224
3639.04 92.5214
3639.4 92.5204
3639.77 92.5195
3640.14 92.5191
3640.5 92.5188
3640.87 92.5192
3641.24 92.5192
3641.6 92.5194
3641.97 92.5198
3642.33 92.5202
3642.7 92.5205
3643.07 92.5205
3643.43 92.52
3643.8 92.5189
3644.16 92.5172
3644.53 92.5147
3644.9 92.5115
3645.26 92.5075
3645.63 92.5027
3646 92.4935
3646.36 92.4863
3646.73 92.4786
3647.09 92.4709
3647.46 92.4663
3647.83 92.4589
3648.19 92.4518
3648.56 92.4449
3648.93 92.4383
3649.29 92.4321
3649.66 92.4263
3650.02 92.4208
3650.39 92.4154
3650.76 92.4102
3651.12 92.4051
3651.49 92.3997
3651.86 92.3941
3652.22 92.3813
3652.59 92.3722
3652.95 92.3657
3653.32 92.3609
3653.69 92.3574
3654.05 92.3548
3654.42 92.3528
3654.78 92.3516
3655.15 92.3511
3655.52 92.3512
3655.88 92.3519
3656.25 92.353
3656.62 92.3542
3656.98 92.3554
3657.35 92.3563
3657.71 92.3568
3658.08 92.3567
3658.45 92.3553
3658.81 92.3539
3659.18 92.3519
3659.55 92.3493
3659.91 92.3464
3660.28 92.3433
3660.64 92.3423
3661.01 92.3393
3661.38 92.3364
3661.74 92.3338
3662.11 92.3313
3662.48 92.3289
3662.84 92.3268
3663.21 92.3248
3663.57 92.323
3663.94 92.3212
3664.31 92.3195
3664.67 92.3192
3665.04 92.3174
3665.41 92.3155
3665.77 92.3135
3666.14 92.3112
3666.5 92.3089
3666.87 92.3064
3667.24 92.3076
3667.6 92.3049
3667.97 92.3022
3668.33 92.2996
3668.7 92.297
3669.07 92.2945
3669.43 92.2921
3669.8 92.2899
3670.17 92.2878
3670.53 92.2859
3670.9 92.2857
3671.26 92.2841
3671.63 92.2828
3672 92.2815
3672.36 92.2803
3672.73 92.2793
3673.1 92.2781
3673.46 92.2769
3673.83 92.2775
3674.19 92.2757
3674.56 92.2737
3674.93 92.2715
3675.29 92.2693
3675.66 92.2673
3676.03 92.2654
3676.39 92.264
3676.76 92.2634
3677.12 92.2631
3677.49 92.2632
3677.86 92.2637
3678.22 92.2647
3678.59 92.2659
3678.95 92.2674
3679.32 92.269
3679.69 92.2707
3680.05 92.2726
3680.42 92.2743
3680.79 92.2759
3681.15 92.2776
3681.52 92.2792
3681.88 92.2809
3682.25 92.2827
3682.62 92.2845
3682.98 92.2867
3683.35 92.2883
3683.72 92.2899
3684.08 92.2914
3684.45 92.2926
3684.81 92.2935
3685.18 92.294
3685.55 92.294
3685.91 92.2936
3686.28 92.2926
3686.65 92.2922
3687.01 92.2908
3687.38 92.2889
3687.74 92.2866
3688.11 92.2839
3688.48 92.2809
3688.84 92.2776
3689.21 92.2725
3689.57 92.2679
3689.94 92.2625
3690.31 92.256
3690.67 92.2484
3691.04 92.2415
3691.41 92.2357
3691.77 92.2308
3692.14 92.2265
3692.5 92.2227
3692.87 92.2193
3693.24 92.2182
3693.6 92.2151
3693.97 92.2122
3694.34 92.2095
3694.7 92.2072
3695.07 92.2052
3695.43 92.2043
3695.8 92.2035
3696.17 92.2029
3696.53 92.2026
3696.9 92.2024
3697.27 92.2023
3697.63 92.2023
3698 92.2023
3698.36 92.2023
3698.73 92.2022
3699.1 92.2021
3699.46 92.2019
3699.83 92.2025
3700.2 92.2017
3700.56 92.2007
3700.93 92.1993
3701.29 92.1976
3701.66 92.1935
3702.03 92.1913
3702.39 92.189
3702.76 92.1866
3703.12 92.184
3703.49 92.1812
3703.86 92.1781
3704.22 92.1748
3704.59 92.1713
3704.96 92.1676
3705.32 92.1639
3705.69 92.16
3706.05 92.1561
3706.42 92.1543
3706.79 92.1503
3707.15 92.1461
3707.52 92.1401
3707.89 92.1358
3708.25 92.1315
3708.62 92.1273
3708.98 92.1231
3709.35 92.119
3709.72 92.115
3710.08 92.1111
3710.45 92.1073
3710.82 92.1035
3711.18 92.0997
3711.55 92.0959
3711.91 92.0922
3712.28 92.0885
3712.65 92.0862
3713.01 92.0828
3713.38 92.0797
3713.74 92.0757
3714.11 92.0739
3714.48 92.0728
3714.84 92.0722
3715.21 92.0723
3715.58 92.073
3715.94 92.0742
3716.31 92.076
3716.67 92.0783
3717.04 92.0809
3717.41 92.0839
3717.77 92.087
3718.14 92.09
3718.51 92.0928
3718.87 92.095
3719.24 92.0942
3719.6 92.0956
3719.97 92.0946
3720.34 92.0945
3720.7 92.0938
3721.07 92.0926
3721.44 92.0909
3721.8 92.0886
3722.17 92.0853
3722.53 92.0802
3722.9 92.0722
3723.27 92.0688
3723.63 92.0672
3724 92.0668
3724.36 92.0675
3724.73 92.069
3725.1 92.071
3725.46 92.0734
3725.83 92.0724
3726.2 92.0746
3726.56 92.0778
3726.93 92.081
3727.29 92.084
3727.66 92.0865
3728.03 92.0886
3728.39 92.0903
3728.76 92.0917
3729.13 92.0927
3729.49 92.0934
3729.86 92.094
3730.22 92.0945
3730.59 92.0948
3730.96 92.0953
3731.32 92.0958
3731.69 92.0964
3732.06 92.0972
3732.42 92.1008
3732.79 92.1021
3733.15 92.1036
3733.52 92.1054
3733.89 92.1075
3734.25 92.11
3734.62 92.1127
3734.99 92.1158
3735.35 92.119
3735.72 92.1224
3736.08 92.1258
3736.45 92.1294
3736.82 92.1329
3737.18 92.1364
3737.55 92.1399
3737.91 92.1434
3738.28 92.1503
3738.65 92.1537
3739.01 92.1571
3739.38 92.1603
3739.75 92.1635
3740.11 92.1667
3740.48 92.1698
3740.84 92.1729
3741.21 92.176
3741.58 92.1791
3741.94 92.1824
3742.31 92.1857
3742.68 92.1891
3743.04 92.1928
3743.41 92.1966
3743.77 92.2008
3744.14 92.2052
3744.51 92.211
3744.87 92.2151
3745.24 92.219
3745.61 92.2194
3745.97 92.2226
3746.34 92.2255
3746.7 92.228
3747.07 92.2302
3747.44 92.232
3747.8 92.2337
3748.17 92.235
3748.53 92.2361
3748.9 92.2369
3749.27 92.2374
3749.63 92.2375
3750 92.2371
3750.37 92.2363
3750.73 92.2334
3751.1 92.2309
3751.46 92.2275
3751.83 92.2237
3752.2 92.2175
3752.56 92.2102
3752.93 92.2042
3753.3 92.1992
3753.66 92.1948
3754.03 92.1909
3754.39 92.1874
3754.76 92.1842
3755.13 92.1814
3755.49 92.1789
3755.86 92.1769
3756.23 92.1753
3756.59 92.1743
3756.96 92.1745
3757.32 92.1751
3757.69 92.1761
3758.06 92.1775
3758.42 92.18
3758.79 92.1821
3759.16 92.1843
3759.52 92.1868
3759.89 92.1894
3760.25 92.1921
3760.62 92.1951
3760.99 92.1981
3761.35 92.2013
3761.72 92.2046
3762.08 92.2082
3762.45 92.2119
3762.82 92.2158
3763.18 92.2249
3763.55 92.2292
3763.92 92.2336
3764.28 92.238
3764.65 92.2423
3765.01 92.2475
3765.38 92.2517
3765.75 92.2557
3766.11 92.2595
3766.48 92.263
3766.85 92.2664
3767.21 92.2696
3767.58 92.2726
3767.94 92.2755
3768.31 92.2783
3768.68 92.281
3769.04 92.2837
3769.41 92.2902
3769.78 92.2925
3770.14 92.2947
3770.51 92.2968
3770.87 92.2989
3771.24 92.3011
3771.61 92.303
3771.97 92.3049
3772.34 92.3068
3772.7 92.3084
3773.07 92.3094
3773.44 92.3095
3773.8 92.309
3774.17 92.308
3774.54 92.3066
3774.9 92.3047
3775.27 92.303
3775.63 92.3006
3776 92.2981
3776.37 92.2956
3776.73 92.293
3777.1 92.2904
3777.47 92.2879
3777.83 92.2854
3778.2 92.2862
3778.56 92.2838
3778.93 92.2813
3779.3 92.2789
3779.66 92.2763
3780.03 92.2737
3780.4 92.271
3780.76 92.2681
3781.13 92.2651
3781.49 92.2611
3781.86 92.258
3782.23 92.2551
3782.59 92.2524
3782.96 92.2499
3783.32 92.2477
3783.69 92.2457
3784.06 92.2439
3784.42 92.2441
3784.79 92.2427
3785.16 92.2414
3785.52 92.2404
3785.89 92.2398
3786.25 92.2395
3786.62 92.2395
3786.99 92.2399
3787.35 92.2407
3787.72 92.2436
3788.09 92.2457
3788.45 92.2482
3788.82 92.2511
3789.18 92.2542
3789.55 92.2575
3789.92 92.261
3790.28 92.2646
3790.65 92.2683
3791.02 92.2727
3791.38 92.2767
3791.75 92.2807
3792.11 92.2847
3792.48 92.2886
3792.85 92.2924
3793.21 92.2961
3793.58 92.2997
3793.95 92.3077
3794.31 92.311
3794.68 92.314
3795.04 92.317
3795.41 92.3197
3795.78 92.3224
3796.14 92.3249
3796.51 92.3273
3796.87 92.3295
3797.24 92.3316
3797.61 92.3355
3797.97 92.3374
3798.34 92.3394
3798.71 92.3414
3799.07 92.3435
3799.44 92.3457
3799.8 92.3482
3800.17 92.3553
3800.54 92.3582
3800.9 92.3614
3801.27 92.3647
3801.64 92.3681
3802 92.3715
3802.37 92.375
3802.73 92.3783
3803.1 92.3814
3803.47 92.3843
3803.83 92.387
3804.2 92.3919
3804.57 92.3943
3804.93 92.3964
3805.3 92.3983
3805.66 92.4001
3806.03 92.4062
3806.4 92.4076
3806.76 92.409
3807.13 92.4102
3807.49 92.4114
3807.86 92.4126
3808.23 92.4137
3808.59 92.4147
3808.96 92.4157
3809.33 92.4164
3809.69 92.4168
3810.06 92.417
3810.42 92.4168
3810.79 92.4185
3811.16 92.4176
3811.52 92.4164
3811.89 92.4149
3812.26 92.4137
3812.62 92.4117
3812.99 92.4097
3813.35 92.4076
3813.72 92.4056
3814.09 92.4035
3814.45 92.4013
3814.82 92.399
3815.19 92.3965
3815.55 92.3938
3815.92 92.391
3816.28 92.3883
3816.65 92.3858
3817.02 92.3835
3817.38 92.3845
3817.75 92.3826
3818.11 92.3809
3818.48 92.3807
3818.85 92.3793
3819.21 92.3782
3819.58 92.3773
3819.95 92.3765
3820.31 92.3761
3820.68 92.3761
3821.04 92.3764
3821.41 92.3771
3821.78 92.3781
3822.14 92.3796
3822.51 92.3813
3822.88 92.3833
3823.24 92.3856
3823.61 92.3889
3823.97 92.3914
3824.34 92.394
3824.71 92.3998
3825.07 92.4025
3825.44 92.4051
3825.81 92.4078
3826.17 92.4105
3826.54 92.4133
3826.9 92.4161
3827.27 92.4191
3827.64 92.4221
3828 92.4253
3828.37 92.4287
3828.74 92.4322
3829.1 92.436
3829.47 92.44
3829.83 92.4439
3830.2 92.4469
3830.57 92.4505
3830.93 92.4564
3831.3 92.459
3831.66 92.4611
3832.03 92.4628
3832.4 92.4642
3832.76 92.4655
3833.13 92.4666
3833.5 92.4676
3833.86 92.4688
3834.23 92.47
3834.59 92.4714
3834.96 92.4731
3835.33 92.4752
3835.69 92.4778
3836.06 92.4808
3836.43 92.4841
3836.79 92.4863
3837.16 92.4915
3837.52 92.4941
3837.89 92.4962
3838.26 92.4979
3838.62 92.4992
3838.99 92.5003
3839.36 92.501
3839.72 92.5015
3840.09 92.5018
3840.45 92.502
3840.82 92.502
3841.19 92.5018
3841.55 92.5015
3841.92 92.5011
3842.28 92.5006
3842.65 92.5001
3843.02 92.5007
3843.38 92.5019
3843.75 92.5012
3844.12 92.5006
3844.48 92.5
3844.85 92.4993
3845.21 92.4985
3845.58 92.4977
3845.95 92.4967
3846.31 92.4957
3846.68 92.4945
3847.05 92.4931
3847.41 92.4917
3847.78 92.4901
3848.14 92.4884
3848.51 92.4867
3848.88 92.4849
3849.24 92.4841
3849.61 92.4822
3849.98 92.4832
3850.34 92.4812
3850.71 92.4792
3851.07 92.4771
3851.44 92.4749
3851.81 92.4725
3852.17 92.4699
3852.54 92.4673
3852.91 92.4645
3853.27 92.4617
3853.64 92.4589
3854 92.4563
3854.37 92.4543
3854.74 92.453
3855.1 92.4525
3855.47 92.454
3855.83 92.4551
3856.2 92.457
3856.57 92.4588
3856.93 92.4608
3857.3 92.4631
3857.67 92.4656
3858.03 92.4683
3858.4 92.4712
3858.76 92.4743
3859.13 92.4776
3859.5 92.4811
3859.86 92.4847
3860.23 92.4886
3860.6 92.4927
3860.96 92.4973
3861.33 92.5024
3861.69 92.5114
3862.06 92.518
3862.43 92.5254
3862.79 92.5284
3863.16 92.5357
3863.53 92.5426
3863.89 92.5488
3864.26 92.5547
3864.62 92.5604
3864.99 92.5658
3865.36 92.5712
3865.72 92.5765
3866.09 92.5816
3866.45 92.5863
3866.82 92.5908
3867.19 92.5948
3867.55 92.5985
3867.92 92.6024
3868.29 92.6051
3868.65 92.6075
3869.02 92.6094
3869.38 92.6095
3869.75 92.6109
3870.12 92.6118
3870.48 92.6122
3870.85 92.6122
3871.22 92.6118
3871.58 92.611
3871.95 92.6101
3872.31 92.6092
3872.68 92.6082
3873.05 92.6073
3873.41 92.6065
3873.78 92.6055
3874.15 92.6055
3874.51 92.606
3874.88 92.6074
3875.24 92.6098
3875.61 92.6137
3875.98 92.6142
3876.34 92.6204
3876.71 92.6253
3877.07 92.629
3877.44 92.6321
3877.81 92.6347
3878.17 92.6371
3878.54 92.6392
3878.91 92.6412
3879.27 92.643
3879.64 92.6446
3880 92.6476
3880.37 92.6489
3880.74 92.65
3881.1 92.6508
3881.47 92.6514
3881.84 92.6518
3882.2 92.652
3882.57 92.6534
3882.93 92.6534
3883.3 92.6534
3883.67 92.6532
3884.03 92.653
3884.4 92.6528
3884.77 92.6527
3885.13 92.6528
3885.5 92.6531
3885.86 92.6537
3886.23 92.6569
3886.6 92.6583
3886.96 92.6599
3887.33 92.6618
3887.7 92.664
3888.06 92.6664
3888.43 92.6688
3888.79 92.6715
3889.16 92.6735
3889.53 92.6761
3889.89 92.6789
3890.26 92.6818
3890.62 92.6847
3890.99 92.6876
3891.36 92.6905
3891.72 92.6932
3892.09 92.6959
3892.46 92.7003
3892.82 92.7027
3893.19 92.705
3893.55 92.7072
3893.92 92.709
3894.29 92.7105
3894.65 92.7113
3895.02 92.7117
3895.39 92.7133
3895.75 92.7131
3896.12 92.7125
3896.48 92.7115
3896.85 92.7103
3897.22 92.7088
3897.58 92.7069
3897.95 92.7048
3898.32 92.7023
3898.68 92.6986
3899.05 92.6949
3899.41 92.6914
3899.78 92.6884
3900.15 92.6861
3900.51 92.6846
3900.88 92.6837
3901.24 92.6834
3901.61 92.6836
3901.98 92.6855
3902.34 92.6865
3902.71 92.6879
3903.08 92.6897
3903.44 92.6918
3903.81 92.6942
3904.17 92.6967
3904.54 92.6992
3904.91 92.7048
3905.27 92.7073
3905.64 92.7097
3906.01 92.712
3906.37 92.7142
3906.74 92.7162
3907.1 92.7182
3907.47 92.7201
3907.84 92.7219
3908.2 92.7238
3908.57 92.725
3908.94 92.7267
3909.3 92.7285
3909.67 92.7305
3910.03 92.7326
3910.4 92.7348
3910.77 92.7372
3911.13 92.7394
3911.5 92.7417
3911.86 92.7439
3912.23 92.7459
3912.6 92.7476
3912.96 92.7489
3913.33 92.7496
3913.7 92.7497
3914.06 92.7491
3914.43 92.7478
3914.79 92.7458
3915.16 92.741
3915.53 92.7375
3915.89 92.7338
3916.26 92.7305
3916.63 92.7284
3916.99 92.725
3917.36 92.7258
3917.72 92.7274
3918.09 92.7297
3918.46 92.7326
3918.82 92.7361
3919.19 92.74
3919.56 92.7445
3919.92 92.7495
3920.29 92.7551
3920.65 92.7613
3921.02 92.768
3921.39 92.7752
3921.75 92.7769
3922.12 92.7844
3922.49 92.7923
3922.85 92.8003
3923.22 92.8094
3923.58 92.8171
3923.95 92.8246
3924.32 92.8315
3924.68 92.8379
3925.05 92.8438
3925.41 92.8494
3925.78 92.8549
3926.15 92.8607
3926.51 92.867
3926.88 92.8738
3927.25 92.8805
3927.61 92.8866
3927.98 92.8868
3928.34 92.8923
3928.71 92.8974
3929.08 92.9023
3929.44 92.9071
3929.81 92.9116
3930.18 92.9159
3930.54 92.9199
3930.91 92.9236
3931.27 92.9267
3931.64 92.9291
3932.01 92.9307
3932.37 92.9316
3932.74 92.9319
3933.11 92.9319
3933.47 92.9316
3933.84 92.9312
3934.2 92.9306
3934.57 92.929
3934.94 92.9284
3935.3 92.9277
3935.67 92.9256
3936.03 92.9247
3936.4 92.9236
3936.77 92.9224
3937.13 92.921
3937.5 92.9196
3937.87 92.9179
3938.23 92.9161
3938.6 92.9143
3938.96 92.9128
3939.33 92.9119
3939.7 92.9117
3940.06 92.9123
3940.43 92.9135
3940.8 92.9153
3941.16 92.9159
3941.53 92.9194
3941.89 92.9224
3942.26 92.9257
3942.63 92.9291
3942.99 92.9327
3943.36 92.9364
3943.73 92.9401
3944.09 92.9438
3944.46 92.9476
3944.82 92.9513
3945.19 92.9551
3945.56 92.959
3945.92 92.9629
3946.29 92.967
3946.66 92.9712
3947.02 92.9756
3947.39 92.9801
3947.75 92.9858
3948.12 92.9908
3948.49 92.9959
3948.85 93.0009
3949.22 93.0059
3949.58 93.011
3949.95 93.0161
3950.32 93.0211
3950.68 93.0261
3951.05 93.0309
3951.42 93.0355
3951.78 93.0398
3952.15 93.0438
3952.51 93.0474
3952.88 93.0508
3953.25 93.0538
3953.61 93.0566
3953.98 93.0623
3954.35 93.0653
3954.71 93.0679
3955.08 93.0708
3955.44 93.0739
3955.81 93.0773
3956.18 93.0812
3956.54 93.0856
3956.91 93.0903
3957.28 93.0952
3957.64 93.1002
3958.01 93.105
3958.37 93.1096
3958.74 93.1138
3959.11 93.1177
3959.47 93.1212
3959.84 93.1244
3960.2 93.1316
3960.57 93.1358
3960.94 93.1382
3961.3 93.1403
3961.67 93.1421
3962.04 93.1435
3962.4 93.1448
3962.77 93.1459
3963.13 93.1467
3963.5 93.1474
3963.87 93.1479
3964.23 93.1483
3964.6 93.1485
3964.97 93.1486
3965.33 93.1486
3965.7 93.1485
3966.06 93.1482
3966.43 93.1505
3966.8 93.1499
3967.16 93.1523
3967.53 93.1514
3967.9 93.1505
3968.26 93.1496
3968.63 93.1488
3968.99 93.1481
3969.36 93.1476
3969.73 93.1473
3970.09 93.1473
3970.46 93.1476
3970.82 93.1482
3971.19 93.1491
3971.56 93.1502
3971.92 93.1515
3972.29 93.1529
3972.66 93.1567
3973.02 93.158
3973.39 93.1592
3973.75 93.1615
3974.12 93.1626
3974.49 93.1638
3974.85 93.1649
3975.22 93.1662
3975.59 93.1675
3975.95 93.169
3976.32 93.1706
3976.68 93.1723
3977.05 93.1742
3977.42 93.1761
3977.78 93.1782
3978.15 93.1803
3978.52 93.1861
3978.88 93.1885
3979.25 93.191
3979.61 93.1936
3979.98 93.1964
3980.35 93.2
3980.71 93.2028
3981.08 93.2056
3981.45 93.2084
3981.81 93.2111
3982.18 93.2137
3982.54 93.2162
3982.91 93.2186
3983.28 93.2208
3983.64 93.2229
3984.01 93.225
3984.37 93.2272
3984.74 93.2328
3985.11 93.2355
3985.47 93.2385
3985.84 93.2419
3986.21 93.2454
3986.57 93.2493
3986.94 93.2531
3987.3 93.2571
3987.67 93.2611
3988.04 93.2652
3988.4 93.2692
3988.77 93.2733
3989.14 93.2773
3989.5 93.2814
3989.87 93.2855
3990.23 93.2895
3990.6 93.2934
3990.97 93.2982
3991.33 93.3005
3991.7 93.3019
3992.07 93.3026
3992.43 93.3026
3992.8 93.3021
3993.16 93.3011
3993.53 93.301
3993.9 93.2997
3994.26 93.2982
3994.63 93.2967
3994.99 93.2951
3995.36 93.2936
3995.73 93.2922
3996.09 93.2909
3996.46 93.2896
3996.83 93.2883
3997.19 93.2872
3997.56 93.2861
3997.92 93.285
3998.29 93.284
3998.66 93.2831
3999.02 93.2825
3999.39 93.2821
3999.76 93.2822
4000.12 93.2823
4000.49 93.2827
4000.85 93.2835
4001.22 93.2846
4001.59 93.2859
4001.95 93.2873
4002.32 93.2888
4002.69 93.2901
4003.05 93.2914
4003.42 93.2937
4003.78 93.2948
4004.15 93.2957
4004.52 93.2964
4004.88 93.2971
4005.25 93.2978
4005.61 93.2985
4005.98 93.2993
4006.35 93.301
4006.71 93.3021
4007.08 93.3034
4007.45 93.3048
4007.81 93.3062
4008.18 93.3076
4008.54 93.3089
4008.91 93.3102
4009.28 93.3139
4009.64 93.3149
4010.01 93.3157
4010.38 93.3164
4010.74 93.3169
4011.11 93.3172
4011.47 93.3174
4011.84 93.3175
4012.21 93.3173
4012.57 93.317
4012.94 93.3175
4013.31 93.3166
4013.67 93.3156
4014.04 93.3144
4014.4 93.313
4014.77 93.3117
4015.14 93.3104
4015.5 93.3085
4015.87 93.3076
4016.24 93.307
4016.6 93.3067
4016.97 93.3069
4017.33 93.3074
4017.7 93.3083
4018.07 93.3095
4018.43 93.3112
4018.8 93.3132
4019.16 93.3156
4019.53 93.3171
4019.9 93.3199
4020.26 93.3229
4020.63 93.326
4021 93.3289
4021.36 93.3315
4021.73 93.3357
4022.09 93.3376
4022.46 93.3393
4022.83 93.3409
4023.19 93.3423
4023.56 93.3438
4023.93 93.3454
4024.29 93.3471
4024.66 93.3491
4025.02 93.3512
4025.39 93.3535
4025.76 93.3559
4026.12 93.3583
4026.49 93.3609
4026.86 93.3635
4027.22 93.3662
4027.59 93.369
4027.95 93.3744
4028.32 93.3772
4028.69 93.3799
4029.05 93.3826
4029.42 93.3852
4029.78 93.3877
4030.15 93.3902
4030.52 93.3926
4030.88 93.3949
4031.25 93.3972
4031.62 93.3995
4031.98 93.4018
4032.35 93.4029
4032.71 93.4051
4033.08 93.4072
4033.45 93.4094
4033.81 93.4114
4034.18 93.413
4034.55 93.4145
4034.91 93.4157
4035.28 93.4167
4035.64 93.4176
4036.01 93.4184
4036.38 93.4192
4036.74 93.4199
4037.11 93.4206
4037.48 93.4214
4037.84 93.4222
4038.21 93.4229
4038.57 93.4235
4038.94 93.422
4039.31 93.4225
4039.67 93.4228
4040.04 93.4229
4040.41 93.4219
4040.77 93.4221
4041.14 93.4223
4041.5 93.4224
4041.87 93.4226
4042.24 93.4227
4042.6 93.4228
4042.97 93.4229
4043.33 93.4228
4043.7 93.4224
4044.07 93.4217
4044.43 93.4206
4044.8 93.4192
4045.17 93.4175
4045.53 93.4148
4045.9 93.4132
4046.26 93.4101
4046.63 93.4094
4047 93.4089
4047.36 93.4085
4047.73 93.4082
4048.1 93.4081
4048.46 93.4081
4048.83 93.4083
4049.19 93.4088
4049.56 93.4094
4049.93 93.4104
4050.29 93.4118
4050.66 93.4135
4051.03 93.4156
4051.39 93.4181
4051.76 93.4208
4052.12 93.4196
4052.49 93.4208
4052.86 93.4235
4053.22 93.4263
4053.59 93.4291
4053.95 93.4321
4054.32 93.4352
4054.69 93.4386
4055.05 93.442
4055.42 93.4454
4055.79 93.4488
4056.15 93.452
4056.52 93.4553
4056.88 93.4586
4057.25 93.4619
4057.62 93.4654
4057.98 93.4689
4058.35 93.4725
4058.72 93.4689
4059.08 93.4719
4059.45 93.4742
4059.81 93.4754
4060.18 93.475
4060.55 93.4716
4060.91 93.4707
4061.28 93.471
4061.65 93.4721
4062.01 93.4737
4062.38 93.4758
4062.74 93.4783
4063.11 93.4812
4063.48 93.4846
4063.84 93.4885
4064.21 93.4929
4064.57 93.4978
4064.94 93.5024
4065.31 93.5017
4065.67 93.507
4066.04 93.5124
4066.41 93.5176
4066.77 93.5225
4067.14 93.527
4067.5 93.531
4067.87 93.5346
4068.24 93.5377
4068.6 93.5404
4068.97 93.5427
4069.34 93.5443
4069.7 93.5453
4070.07 93.5455
4070.43 93.5445
4070.8 93.5432
4071.17 93.5388
4071.53 93.535
4071.9 93.5368
4072.27 93.5391
4072.63 93.5421
4073 93.5459
4073.36 93.5508
4073.73 93.5574
4074.1 93.5662
4074.46 93.5717
4074.83 93.5755
4075.2 93.5782
4075.56 93.5798
4075.93 93.5803
4076.29 93.5799
4076.66 93.5788
4077.03 93.5712
4077.39 93.5697
4077.76 93.5682
4078.12 93.5632
4078.49 93.562
4078.86 93.5608
4079.22 93.5596
4079.59 93.5586
4079.96 93.5577
4080.32 93.5569
4080.69 93.5564
4081.05 93.556
4081.42 93.5558
4081.79 93.5555
4082.15 93.5552
4082.52 93.5549
4082.89 93.5544
4083.25 93.5512
4083.62 93.5499
4083.98 93.5482
4084.35 93.5457
4084.72 93.5411
4085.08 93.537
4085.45 93.533
4085.82 93.5296
4086.18 93.5266
4086.55 93.5238
4086.91 93.5212
4087.28 93.5186
4087.65 93.516
4088.01 93.5132
4088.38 93.5103
4088.74 93.507
4089.11 93.5033
4089.48 93.4925
4089.84 93.4845
4090.21 93.4784
4090.58 93.474
4090.94 93.4709
4091.31 93.4667
4091.67 93.4651
4092.04 93.4646
4092.41 93.4651
4092.77 93.4667
4093.14 93.4694
4093.51 93.4727
4093.87 93.4764
4094.24 93.4801
4094.6 93.4839
4094.97 93.4876
4095.34 93.4912
4095.7 93.4939
4096.07 93.4971
4096.44 93.5
4096.8 93.5028
4097.17 93.5055
4097.53 93.508
4097.9 93.5069
4098.27 93.5093
4098.63 93.5118
4099 93.5144
4099.36 93.5175
4099.73 93.5215
4100.1 93.5261
4100.46 93.5281
4100.83 93.528
4101.2 93.5262
4101.56 93.523
4101.93 93.5111
4102.29 93.5053
4102.66 93.4988
4103.03 93.4912
4103.39 93.4819
4103.76 93.4729
4104.13 93.4651
4104.49 93.46
4104.86 93.4557
4105.22 93.4521
4105.59 93.4492
4105.96 93.4467
4106.32 93.4446
4106.69 93.4431
4107.06 93.4419
4107.42 93.441
4107.79 93.4404
4108.15 93.4376
4108.52 93.4372
4108.89 93.4367
4109.25 93.4361
4109.62 93.4354
4109.98 93.4346
4110.35 93.4337
4110.72 93.4322
4111.08 93.4314
4111.45 93.4307
4111.82 93.43
4112.18 93.4291
4112.55 93.4282
4112.91 93.4271
4113.28 93.4259
4113.65 93.4246
4114.01 93.4221
4114.38 93.4203
4114.75 93.4183
4115.11 93.4161
4115.48 93.4135
4115.84 93.4105
4116.21 93.407
4116.58 93.4033
4116.94 93.3996
4117.31 93.3964
4117.68 93.3934
4118.04 93.3906
4118.41 93.388
4118.77 93.3857
4119.14 93.3834
4119.51 93.3813
4119.87 93.3792
4120.24 93.3758
4120.6 93.3739
4120.97 93.3721
4121.34 93.3703
4121.7 93.3686
4122.07 93.3671
4122.44 93.3656
4122.8 93.3644
4123.17 93.3633
4123.53 93.3625
4123.9 93.3614
4124.27 93.3609
4124.63 93.3606
4125 93.3605
4125.37 93.3603
4125.73 93.3601
4126.1 93.3595
4126.46 93.357
4126.83 93.3558
4127.2 93.3542
4127.56 93.3521
4127.93 93.3495
4128.3 93.3465
4128.66 93.3431
4129.03 93.3394
4129.39 93.3356
4129.76 93.3318
4130.13 93.3279
4130.49 93.3249
4130.86 93.3208
4131.23 93.3164
4131.59 93.3115
4131.96 93.3056
4132.32 93.2969
4132.69 93.2862
4133.06 93.2831
4133.42 93.281
4133.79 93.2798
4134.15 93.2794
4134.52 93.2795
4134.89 93.2803
4135.25 93.2815
4135.62 93.2832
4135.99 93.2852
4136.35 93.2876
4136.72 93.2902
4137.08 93.2921
4137.45 93.2952
4137.82 93.2984
4138.18 93.3018
4138.55 93.3052
4138.92 93.311
4139.28 93.3146
4139.65 93.3182
4140.01 93.3219
4140.38 93.3257
4140.75 93.3297
4141.11 93.3339
4141.48 93.3386
4141.85 93.344
4142.21 93.3502
4142.58 93.3573
4142.94 93.3636
4143.31 93.3651
4143.68 93.3701
4144.04 93.374
4144.41 93.3773
4144.77 93.3799
4145.14 93.3816
4145.51 93.383
4145.87 93.3841
4146.24 93.3851
4146.61 93.3861
4146.97 93.387
4147.34 93.3877
4147.7 93.3882
4148.07 93.3884
4148.44 93.3884
4148.8 93.3882
4149.17 93.3878
4149.54 93.3873
4149.9 93.3874
4150.27 93.3868
4150.63 93.386
4151 93.3846
4151.37 93.3833
4151.73 93.382
4152.1 93.3805
4152.47 93.3789
4152.83 93.3774
4153.2 93.376
4153.56 93.375
4153.93 93.3747
4154.3 93.375
4154.66 93.3759
4155.03 93.3773
4155.4 93.3791
4155.76 93.3811
4156.13 93.3834
4156.49 93.3829
4156.86 93.3855
4157.23 93.388
4157.59 93.3906
4157.96 93.3932
4158.32 93.3956
4158.69 93.3978
4159.06 93.3998
4159.42 93.4015
4159.79 93.403
4160.16 93.4042
4160.52 93.4053
4160.89 93.4062
4161.25 93.4068
4161.62 93.4072
4161.99 93.4074
4162.35 93.4074
4162.72 93.4072
4163.09 93.4045
4163.45 93.4015
4163.82 93.4012
4164.18 93.4009
4164.55 93.4007
4164.92 93.4007
4165.28 93.4006
4165.65 93.4006
4166.02 93.4007
4166.38 93.4007
4166.75 93.4009
4167.11 93.4009
4167.48 93.4007
4167.85 93.4002
4168.21 93.3992
4168.58 93.3977
4168.94 93.3958
4169.31 93.3934
4169.68 93.3848
4170.04 93.3818
4170.41 93.3785
4170.78 93.3749
4171.14 93.3712
4171.51 93.3674
4171.87 93.3638
4172.24 93.3605
4172.61 93.3574
4172.97 93.3546
4173.34 93.352
4173.71 93.3499
4174.07 93.348
4174.44 93.3466
4174.8 93.3457
4175.17 93.3451
4175.54 93.345
4175.9 93.3401
4176.27 93.3403
4176.64 93.3406
4177 93.3411
4177.37 93.3416
4177.73 93.3423
4178.1 93.3432
4178.47 93.3451
4178.83 93.3486
4179.2 93.3466
4179.56 93.3425
4179.93 93.3388
4180.3 93.3355
4180.66 93.3327
4181.03 93.3306
4181.4 93.329
4181.76 93.3258
4182.13 93.3258
4182.49 93.3245
4182.86 93.3252
4183.23 93.326
4183.59 93.327
4183.96 93.328
4184.33 93.3292
4184.69 93.3303
4185.06 93.3316
4185.42 93.3329
4185.79 93.3344
4186.16 93.336
4186.52 93.3376
4186.89 93.3392
4187.26 93.3408
4187.62 93.3423
4187.99 93.3453
4188.35 93.3466
4188.72 93.3478
4189.09 93.3494
4189.45 93.3503
4189.82 93.351
4190.19 93.3514
4190.55 93.3516
4190.92 93.3515
4191.28 93.3511
4191.65 93.3503
4192.02 93.3492
4192.38 93.3478
4192.75 93.346
4193.11 93.3439
4193.48 93.3415
4193.85 93.339
4194.21 93.3359
4194.58 93.3333
4194.95 93.3308
4195.31 93.3284
4195.68 93.3284
4196.04 93.3263
4196.41 93.3243
4196.78 93.3225
4197.14 93.3208
4197.51 93.3191
4197.88 93.3173
4198.24 93.3155
4198.61 93.3135
4198.97 93.3114
4199.34 93.3091
4199.71 93.3066
4200.07 93.304
4200.44 93.2996
4200.81 93.2964
4201.17 93.2932
4201.54 93.2901
4201.9 93.2871
4202.27 93.2851
4202.64 93.2822
4203 93.2795
4203.37 93.2769
4203.73 93.2745
4204.1 93.2723
4204.47 93.2702
4204.83 93.2683
4205.2 93.2665
4205.57 93.2647
4205.93 93.263
4206.3 93.2612
4206.66 93.2561
4207.03 93.2539
4207.4 93.2516
4207.76 93.2491
4208.13 93.2465
4208.5 93.2441
4208.86 93.2405
4209.23 93.2385
4209.59 93.2367
4209.96 93.2353
4210.33 93.2342
4210.69 93.2337
4211.06 93.2337
4211.43 93.2347
4211.79 93.2373
4212.16 93.2409
4212.52 93.2413
4212.89 93.2436
4213.26 93.2454
4213.62 93.2469
4213.99 93.2482
4214.35 93.2494
4214.72 93.2504
4215.09 93.2489
4215.45 93.2498
4215.82 93.2505
4216.19 93.2508
4216.55 93.2507
4216.92 93.25
4217.28 93.2488
4217.65 93.2469
4218.02 93.2443
4218.38 93.2408
4218.75 93.2324
4219.12 93.2251
4219.48 93.2177
4219.85 93.2115
4220.21 93.206
4220.58 93.2011
4220.95 93.1965
4221.31 93.1922
4221.68 93.1914
4222.05 93.1877
4222.41 93.1843
4222.78 93.181
4223.14 93.1778
4223.51 93.1748
4223.88 93.1717
4224.24 93.1686
4224.61 93.1655
4224.98 93.1627
4225.34 93.1593
4225.71 93.1557
4226.07 93.152
4226.44 93.1481
4226.81 93.144
4227.17 93.1398
4227.54 93.1354
4227.9 93.1309
4228.27 93.1301
4228.64 93.1255
4229 93.121
4229.37 93.1167
4229.74 93.1125
4230.1 93.1087
4230.47 93.1051
4230.83 93.1019
4231.2 93.0991
4231.57 93.0966
4231.93 93.0946
4232.3 93.093
4232.67 93.0919
4233.03 93.0913
4233.4 93.0912
4233.76 93.0915
4234.13 93.0923
4234.5 93.0935
4234.86 93.0952
4235.23 93.0968
4235.6 93.0986
4235.96 93.1005
4236.33 93.1025
4236.69 93.1044
4237.06 93.1063
4237.43 93.1096
4237.79 93.111
4238.16 93.1122
4238.52 93.1131
4238.89 93.1136
4239.26 93.1137
4239.62 93.1132
4239.99 93.112
4240.36 93.1098
4240.72 93.1065
4241.09 93.1038
4241.45 93.1025
4241.82 93.1021
4242.19 93.1024
4242.55 93.1034
4242.92 93.105
4243.29 93.1089
4243.65 93.1118
4244.02 93.115
4244.38 93.1185
4244.75 93.1222
4245.12 93.126
4245.48 93.1296
4245.85 93.1331
4246.22 93.1364
4246.58 93.1395
4246.95 93.1424
4247.31 93.1452
4247.68 93.1473
4248.05 93.1497
4248.41 93.1521
4248.78 93.1543
4249.15 93.1565
4249.51 93.1603
4249.88 93.1623
4250.24 93.1643
4250.61 93.1662
4250.98 93.168
4251.34 93.1697
4251.71 93.1712
4252.07 93.1723
4252.44 93.1731
4252.81 93.1734
4253.17 93.1733
4253.54 93.1727
4253.91 93.1716
4254.27 93.1729
4254.64 93.1709
4255 93.1682
4255.37 93.1648
4255.74 93.1592
4256.1 93.1532
4256.47 93.1458
4256.84 93.1384
4257.2 93.1323
4257.57 93.127
4257.93 93.1225
4258.3 93.1184
4258.67 93.1149
4259.03 93.1117
4259.4 93.109
4259.77 93.1066
4260.13 93.1046
4260.5 93.1029
4260.86 93.1047
4261.23 93.1034
4261.6 93.1024
4261.96 93.1039
4262.33 93.1034
4262.69 93.103
4263.06 93.1026
4263.43 93.1023
4263.79 93.102
4264.16 93.1016
4264.53 93.101
4264.89 93.1002
4265.26 93.0991
4265.62 93.0978
4265.99 93.0963
4266.36 93.0946
4266.72 93.0928
4267.09 93.0909
4267.46 93.0931
4267.82 93.0914
4268.19 93.0924
4268.55 93.0912
4268.92 93.0901
4269.29 93.0891
4269.65 93.0884
4270.02 93.0877
4270.39 93.0872
4270.75 93.0867
4271.12 93.0862
4271.48 93.0856
4271.85 93.085
4272.22 93.0844
4272.58 93.0836
4272.95 93.0827
4273.31 93.0818
4273.68 93.0808
4274.05 93.0828
4274.41 93.0836
4274.78 93.0825
4275.15 93.0816
4275.51 93.0808
4275.88 93.0802
4276.24 93.0799
4276.61 93.08
4276.98 93.0804
4277.34 93.0812
4277.71 93.0824
4278.08 93.0839
4278.44 93.0857
4278.81 93.0876
4279.17 93.0897
4279.54 93.0919
4279.91 93.0942
4280.27 93.0987
4280.64 93.1011
4281.01 93.1037
4281.37 93.1064
4281.74 93.1093
4282.1 93.1124
4282.47 93.1158
4282.84 93.1195
4283.2 93.1233
4283.57 93.1272
4283.94 93.1311
4284.3 93.1349
4284.67 93.1386
4285.03 93.1424
4285.4 93.1461
4285.77 93.1499
4286.13 93.1537
4286.5 93.162
4286.86 93.1666
4287.23 93.1704
4287.6 93.174
4287.96 93.1774
4288.33 93.1805
4288.7 93.1832
4289.06 93.1855
4289.43 93.1873
4289.79 93.1886
4290.16 93.1894
4290.53 93.1896
4290.89 93.1895
4291.26 93.1888
4291.63 93.1878
4291.99 93.1866
4292.36 93.1856
4292.72 93.1865
4293.09 93.1863
4293.46 93.1884
4293.82 93.1886
4294.19 93.1889
4294.56 93.1893
4294.92 93.1898
4295.29 93.1902
4295.65 93.1907
4296.02 93.1911
4296.39 93.1916
4296.75 93.192
4297.12 93.1924
4297.48 93.1927
4297.85 93.1929
4298.22 93.193
4298.58 93.193
4298.95 93.1945
4299.32 93.1942
4299.68 93.1939
4300.05 93.1956
4300.41 93.1957
4300.78 93.196
4301.15 93.1967
4301.51 93.1977
4301.88 93.1989
4302.25 93.2003
4302.61 93.2019
4302.98 93.2035
4303.34 93.2054
4303.71 93.2072
4304.08 93.2091
4304.44 93.211
4304.81 93.213
4305.18 93.2183
4305.54 93.2202
4305.91 93.2222
4306.27 93.2243
4306.64 93.2277
4307.01 93.2298
4307.37 93.2319
4307.74 93.234
4308.1 93.2362
4308.47 93.2385
4308.84 93.2409
4309.2 93.2434
4309.57 93.2461
4309.94 93.249
4310.3 93.2519
4310.67 93.255
4311.03 93.2618
4311.4 93.2648
4311.77 93.2676
4312.13 93.2703
4312.5 93.2728
4312.87 93.2752
4313.23 93.2777
4313.6 93.2796
4313.96 93.2812
4314.33 93.2826
4314.7 93.2839
4315.06 93.2849
4315.43 93.2858
4315.8 93.2866
4316.16 93.2873
4316.53 93.2879
4316.89 93.2884
4317.26 93.2889
4317.63 93.2889
4317.99 93.2887
4318.36 93.2883
4318.73 93.2876
4319.09 93.2869
4319.46 93.2862
4319.82 93.2857
4320.19 93.2854
4320.56 93.2852
4320.92 93.2852
4321.29 93.2853
4321.65 93.2856
4322.02 93.2861
4322.39 93.2867
4322.75 93.2874
4323.12 93.2883
4323.49 93.2898
4323.85 93.2908
4324.22 93.2921
4324.58 93.2936
4324.95 93.2952
4325.32 93.297
4325.68 93.2987
4326.05 93.2992
4326.42 93.3006
4326.78 93.3017
4327.15 93.3024
4327.51 93.3027
4327.88 93.3029
4328.25 93.3029
4328.61 93.3029
4328.98 93.3029
4329.35 93.303
4329.71 93.3053
4330.08 93.3059
4330.44 93.3066
4330.81 93.3073
4331.18 93.3082
4331.54 93.309
4331.91 93.3099
4332.27 93.3108
4332.64 93.3142
4333.01 93.3152
4333.37 93.3162
4333.74 93.3173
4334.11 93.3184
4334.47 93.3195
4334.84 93.3208
4335.2 93.322
4335.57 93.3233
4335.94 93.328
4336.3 93.3293
4336.67 93.3307
4337.04 93.3321
4337.4 93.3336
4337.77 93.3351
4338.13 93.3367
4338.5 93.3383
4338.87 93.34
4339.23 93.3428
4339.6 93.3445
4339.97 93.3462
4340.33 93.348
4340.7 93.3499
4341.06 93.3519
4341.43 93.354
4341.8 93.3562
4342.16 93.3606
4342.53 93.3628
4342.9 93.365
4343.26 93.3672
4343.63 93.3695
4343.99 93.3718
4344.36 93.3742
4344.73 93.3767
4345.09 93.3792
4345.46 93.3818
4345.82 93.3828
4346.19 93.385
4346.56 93.3871
4346.92 93.3889
4347.29 93.3903
4347.66 93.3915
4348.02 93.3917
4348.39 93.392
4348.75 93.392
4349.12 93.3917
4349.49 93.3911
4349.85 93.3903
4350.22 93.3892
4350.59 93.3878
4350.95 93.386
4351.32 93.384
4351.68 93.3817
4352.05 93.3791
4352.42 93.3768
4352.78 93.3738
4353.15 93.3704
4353.52 93.3666
4353.88 93.3624
4354.25 93.353
4354.61 93.3467
4354.98 93.3401
4355.35 93.3342
4355.71 93.3291
4356.08 93.3245
4356.44 93.3202
4356.81 93.316
4357.18 93.3117
4357.54 93.3072
4357.91 93.3027
4358.28 93.2985
4358.64 93.2959
4359.01 93.2933
4359.37 93.2914
4359.74 93.2899
4360.11 93.2888
4360.47 93.2885
4360.84 93.2881
4361.21 93.2877
4361.57 93.2874
4361.94 93.287
4362.3 93.2866
4362.67 93.2862
4363.04 93.2858
4363.4 93.2855
4363.77 93.2853
4364.14 93.2853
4364.5 93.2856
4364.87 93.286
4365.23 93.288
4365.6 93.2887
4365.97 93.2894
4366.33 93.2902
4366.7 93.2928
4367.06 93.2932
4367.43 93.2934
4367.8 93.2933
4368.16 93.2928
4368.53 93.2918
4368.9 93.2901
4369.26 93.2878
4369.63 93.2857
4369.99 93.2843
4370.36 93.2836
4370.73 93.2834
4371.09 93.2837
4371.46 93.2844
4371.83 93.2864
4372.19 93.2877
4372.56 93.2894
4372.92 93.2943
4373.29 93.2966
4373.66 93.2992
4374.02 93.302
4374.39 93.3051
4374.76 93.3083
4375.12 93.3118
4375.49 93.3156
4375.85 93.3197
4376.22 93.3242
4376.59 93.329
4376.95 93.3336
4377.32 93.3378
4377.69 93.3415
4378.05 93.3446
4378.42 93.3475
4378.78 93.3529
4379.15 93.3548
4379.52 93.3563
4379.88 93.3573
4380.25 93.3578
4380.61 93.3579
4380.98 93.3575
4381.35 93.3566
4381.71 93.3554
4382.08 93.3539
4382.45 93.3522
4382.81 93.3505
4383.18 93.3489
4383.54 93.3474
4383.91 93.3461
4384.28 93.3451
4384.64 93.3443
4385.01 93.3461
4385.38 93.3456
4385.74 93.3452
4386.11 93.3449
4386.47 93.3448
4386.84 93.3449
4387.21 93.3451
4387.57 93.3453
4387.94 93.3457
4388.31 93.3462
4388.67 93.3469
4389.04 93.3477
4389.4 93.3488
4389.77 93.3502
4390.14 93.3518
4390.5 93.3536
4390.87 93.3557
4391.23 93.3584
4391.6 93.3608
4391.97 93.3636
4392.33 93.3667
4392.7 93.3703
4393.07 93.3743
4393.43 93.379
4393.8 93.3842
4394.16 93.3901
4394.53 93.3967
4394.9 93.4041
4395.26 93.4118
4395.63 93.4192
4396 93.4257
4396.36 93.4314
4396.73 93.4363
4397.09 93.4406
4397.46 93.4466
4397.83 93.4489
4398.19 93.4519
4398.56 93.4545
4398.93 93.4566
4399.29 93.4583
4399.66 93.4597
4400.02 93.4607
4400.39 93.4615
4400.76 93.4621
4401.12 93.4626
4401.49 93.4629
4401.85 93.4633
4402.22 93.4638
4402.59 93.4643
4402.95 93.4651
4403.32 93.4662
4403.69 93.4694
4404.05 93.4711
4404.42 93.4731
4404.78 93.4752
4405.15 93.4776
4405.52 93.4803
4405.88 93.4833
4406.25 93.4865
4406.62 93.4896
4406.98 93.4927
4407.35 93.4955
4407.71 93.4983
4408.08 93.5008
4408.45 93.5032
4408.81 93.5055
4409.18 93.5077
4409.55 93.5098
4409.91 93.5135
4410.28 93.5154
4410.64 93.5173
4411.01 93.5188
4411.38 93.5207
4411.74 93.5228
4412.11 93.5252
4412.48 93.5278
4412.84 93.5309
4413.21 93.5344
4413.57 93.5383
4413.94 93.5425
4414.31 93.5469
4414.67 93.5514
4415.04 93.5559
4415.4 93.5604
4415.77 93.5675
4416.14 93.572
4416.5 93.5765
4416.87 93.581
4417.24 93.5854
4417.6 93.5882
4417.97 93.5927
4418.33 93.5973
4418.7 93.602
4419.07 93.6068
4419.43 93.6117
4419.8 93.6167
4420.17 93.6218
4420.53 93.627
4420.9 93.6322
4421.26 93.637
4421.63 93.6411
4422 93.6464
4422.36 93.6491
4422.73 93.6513
4423.1 93.6529
4423.46 93.6541
4423.83 93.6549
4424.19 93.6554
4424.56 93.6554
4424.93 93.6547
4425.29 93.6536
4425.66 93.652
4426.02 93.65
4426.39 93.6479
4426.76 93.6461
4427.12 93.6446
4427.49 93.6433
4427.86 93.6421
4428.22 93.6404
4428.59 93.6394
4428.95 93.6384
4429.32 93.6372
4429.69 93.6359
4430.05 93.6344
4430.42 93.6345
4430.79 93.6329
4431.15 93.6313
4431.52 93.6296
4431.88 93.628
4432.25 93.6264
4432.62 93.6248
4432.98 93.6234
4433.35 93.6221
4433.72 93.6208
4434.08 93.6198
4434.45 93.6209
4434.81 93.6204
4435.18 93.6199
4435.55 93.6196
4435.91 93.6194
4436.28 93.6192
4436.65 93.6191
4437.01 93.6213
4437.38 93.6211
4437.74 93.6208
4438.11 93.6204
4438.48 93.6198
4438.84 93.619
4439.21 93.6179
4439.57 93.6163
4439.94 93.6143
4440.31 93.6119
4440.67 93.6089
4441.04 93.6059
4441.41 93.6029
4441.77 93.6
4442.14 93.5972
4442.5 93.5945
4442.87 93.592
4443.24 93.5895
4443.6 93.5907
4443.97 93.5884
4444.34 93.5861
4444.7 93.5838
4445.07 93.5816
4445.43 93.5793
4445.8 93.5771
4446.17 93.5748
4446.53 93.5736
4446.9 93.5714
4447.27 93.5692
4447.63 93.5671
4448 93.5651
4448.36 93.5633
4448.73 93.5616
4449.1 93.56
4449.46 93.5586
4449.83 93.5573
4450.19 93.5589
4450.56 93.5578
4450.93 93.557
4451.29 93.5561
4451.66 93.5554
4452.03 93.5546
4452.39 93.554
4452.76 93.5547
4453.12 93.5542
4453.49 93.5537
4453.86 93.5535
4454.22 93.5533
4454.59 93.5534
4454.96 93.5535
4455.32 93.5538
4455.69 93.5542
4456.05 93.5546
4456.42 93.5551
4456.79 93.5574
4457.15 93.558
4457.52 93.5586
4457.89 93.5591
4458.25 93.5597
4458.62 93.5602
4458.98 93.563
4459.35 93.5634
4459.72 93.5638
4460.08 93.5641
4460.45 93.5644
4460.81 93.5646
4461.18 93.5647
4461.55 93.5645
4461.91 93.5642
4462.28 93.5635
4462.65 93.5625
4463.01 93.5635
4463.38 93.5619
4463.74 93.5599
4464.11 93.5575
4464.48 93.5546
4464.84 93.5512
4465.21 93.5458
4465.58 93.5408
4465.94 93.5351
4466.31 93.5289
4466.67 93.5219
4467.04 93.5145
4467.41 93.5064
4467.77 93.4983
4468.14 93.4905
4468.51 93.4833
4468.87 93.4767
4469.24 93.4707
4469.6 93.4678
4469.97 93.4626
4470.34 93.4577
4470.7 93.453
4471.07 93.4485
4471.44 93.4421
4471.8 93.4378
4472.17 93.4335
4472.53 93.4292
4472.9 93.4249
4473.27 93.4207
4473.63 93.4165
4474 93.4123
4474.36 93.4082
4474.73 93.4043
4475.1 93.4005
4475.46 93.3969
4475.83 93.3934
4476.2 93.3932
4476.56 93.3899
4476.93 93.3866
4477.29 93.3834
4477.66 93.38
4478.03 93.377
4478.39 93.3741
4478.76 93.3714
4479.13 93.3687
4479.49 93.366
4479.86 93.3634
4480.22 93.3607
4480.59 93.3579
4480.96 93.3549
4481.32 93.3516
4481.69 93.3479
4482.06 93.3438
4482.42 93.3393
4482.79 93.3346
4483.15 93.3303
4483.52 93.3226
4483.89 93.3194
4484.25 93.3166
4484.62 93.3141
4484.98 93.3119
4485.35 93.3099
4485.72 93.3082
4486.08 93.3068
4486.45 93.3056
4486.82 93.3046
4487.18 93.3038
4487.55 93.3031
4487.91 93.3025
4488.28 93.302
4488.65 93.3014
4489.01 93.3008
4489.38 93.3
4489.75 93.298
4490.11 93.2964
4490.48 93.2943
4490.84 93.2918
4491.21 93.2887
4491.58 93.2851
4491.94 93.2811
4492.31 93.2767
4492.68 93.272
4493.04 93.2672
4493.41 93.2623
4493.77 93.2573
4494.14 93.2522
4494.51 93.2469
4494.87 93.2416
4495.24 93.2363
4495.6 93.2322
4495.97 93.2232
4496.34 93.2182
4496.7 93.2131
4497.07 93.2078
4497.44 93.2021
4497.8 93.1962
4498.17 93.1901
4498.53 93.1838
4498.9 93.1774
4499.27 93.1709
4499.63 93.1644
4500 93.1578
4500.37 93.1512
4500.73 93.1445
4501.1 93.1377
4501.46 93.1309
4501.83 93.1242
4502.2 93.1145
4502.56 93.108
4502.93 93.102
4503.3 93.0965
4503.66 93.0916
4504.03 93.0871
4504.39 93.0831
4504.76 93.0794
4505.13 93.076
4505.49 93.0726
4505.86 93.0693
4506.23 93.0657
4506.59 93.0618
4506.96 93.0573
4507.32 93.0522
4507.69 93.0463
4508.06 93.0393
4508.42 93.0236
4508.79 93.0165
4509.15 93.0098
4509.52 93.0034
4509.89 92.9972
4510.25 92.9912
4510.62 92.9854
4510.99 92.9796
4511.35 92.9741
4511.72 92.9686
4512.08 92.9632
4512.45 92.9578
4512.82 92.9524
4513.18 92.9469
4513.55 92.9411
4513.92 92.9348
4514.28 92.9198
4514.65 92.9114
4515.01 92.9047
4515.38 92.9009
4515.75 92.8957
4516.11 92.8909
4516.48 92.8863
4516.85 92.8818
4517.21 92.8772
4517.58 92.8726
4517.94 92.8678
4518.31 92.8628
4518.68 92.8577
4519.04 92.8523
4519.41 92.8466
4519.77 92.8408
4520.14 92.8349
4520.51 92.8253
4520.87 92.819
4521.24 92.8125
4521.61 92.8058
4521.97 92.8017
4522.34 92.7948
4522.7 92.7877
4523.07 92.7807
4523.44 92.7739
4523.8 92.7674
4524.17 92.7614
4524.54 92.7558
4524.9 92.7507
4525.27 92.7459
4525.63 92.7415
4526 92.7374
4526.37 92.7336
4526.73 92.7278
4527.1 92.7247
4527.47 92.7218
4527.83 92.7191
4528.2 92.7165
4528.56 92.7139
4528.93 92.7112
4529.3 92.7085
4529.66 92.706
4530.03 92.7038
4530.4 92.7019
4530.76 92.7004
4531.13 92.6993
4531.49 92.6985
4531.86 92.6979
4532.23 92.6976
4532.59 92.6973
4532.96 92.6961
4533.32 92.696
4533.69 92.6958
4534.06 92.6955
4534.42 92.695
4534.79 92.6937
4535.16 92.6928
4535.52 92.6918
4535.89 92.6906
4536.25 92.6894
4536.62 92.6883
4536.99 92.6873
4537.35 92.6865
4537.72 92.6859
4538.09 92.6855
4538.45 92.6854
4538.82 92.6855
4539.18 92.6856
4539.55 92.6864
4539.92 92.6875
4540.28 92.6888
4540.65 92.69
4541.02 92.6908
4541.38 92.6897
4541.75 92.6897
4542.11 92.6891
4542.48 92.6878
4542.85 92.6858
4543.21 92.6829
4543.58 92.6792
4543.94 92.6742
4544.31 92.6679
4544.68 92.6597
4545.04 92.6474
4545.41 92.6296
4545.78 92.6228
4546.14 92.6168
4546.51 92.6113
4546.87 92.6065
4547.24 92.6023
4547.61 92.5988
4547.97 92.5954
4548.34 92.5932
4548.71 92.5918
4549.07 92.5909
4549.44 92.5906
4549.8 92.5909
4550.17 92.5916
4550.54 92.5926
4550.9 92.5938
4551.27 92.5955
4551.64 92.597
4552 92.5985
4552.37 92.6001
4552.73 92.6015
4553.1 92.6027
4553.47 92.6038
4553.83 92.6047
4554.2 92.6053
4554.56 92.6048
4554.93 92.605
4555.3 92.6049
4555.66 92.6046
4556.03 92.6041
4556.4 92.6037
4556.76 92.6035
4557.13 92.604
4557.49 92.6041
4557.86 92.6083
4558.23 92.61
4558.59 92.6105
4558.96 92.6103
4559.33 92.6095
4559.69 92.6084
4560.06 92.6069
4560.42 92.6052
4560.79 92.6033
4561.16 92.6013
4561.52 92.5992
4561.89 92.5971
4562.26 92.595
4562.62 92.5929
4562.99 92.591
4563.35 92.5891
4563.72 92.5857
4564.09 92.5842
4564.45 92.5828
4564.82 92.5815
4565.19 92.5803
4565.55 92.5793
4565.92 92.5786
4566.28 92.5782
4566.65 92.5782
4567.02 92.5788
4567.38 92.578
4567.75 92.5792
4568.11 92.5812
4568.48 92.5841
4568.85 92.5881
4569.21 92.5923
4569.58 92.5957
4569.95 92.5977
4570.31 92.5997
4570.68 92.6013
4571.04 92.6026
4571.41 92.6036
4571.78 92.6044
4572.14 92.605
4572.51 92.6055
4572.88 92.606
4573.24 92.6068
4573.61 92.6082
4573.97 92.6064
4574.34 92.6087
4574.71 92.6117
4575.07 92.6153
4575.44 92.6194
4575.81 92.6237
4576.17 92.6269
4576.54 92.6305
4576.9 92.6334
4577.27 92.6355
4577.64 92.6368
4578 92.6373
4578.37 92.6376
4578.73 92.6383
4579.1 92.6393
4579.47 92.6406
4579.83 92.642
4580.2 92.6435
4580.57 92.6435
4580.93 92.6453
4581.3 92.6469
4581.66 92.6486
4582.03 92.6505
4582.4 92.6521
4582.76 92.6537
4583.13 92.6554
4583.5 92.6572
4583.86 92.6592
4584.23 92.6616
4584.59 92.6645
4584.96 92.6681
4585.33 92.6724
4585.69 92.6765
4586.06 92.6799
4586.43 92.6829
4586.79 92.6855
4587.16 92.6857
4587.52 92.6881
4587.89 92.6903
4588.26 92.6924
4588.62 92.6945
4588.99 92.6967
4589.35 92.6992
4589.72 92.7021
4590.09 92.7059
4590.45 92.711
4590.82 92.7183
4591.19 92.7242
4591.55 92.729
4591.92 92.7332
4592.28 92.7369
4592.65 92.7402
4593.02 92.7432
4593.38 92.7458
4593.75 92.7464
4594.12 92.7486
4594.48 92.7509
4594.85 92.7525
4595.21 92.7537
4595.58 92.7548
4595.95 92.7557
4596.31 92.7564
4596.68 92.757
4597.05 92.7576
4597.41 92.758
4597.78 92.7584
4598.14 92.7586
4598.51 92.7587
4598.88 92.7585
4599.24 92.7582
4599.61 92.7576
4599.98 92.7569
4600.34 92.7552
4600.71 92.752
4601.07 92.7508
4601.44 92.7499
4601.81 92.7495
4602.17 92.7497
4602.54 92.7507
4602.9 92.7527
4603.27 92.7556
4603.64 92.7595
4604 92.764
4604.37 92.769
4604.74 92.7745
4605.1 92.7802
4605.47 92.7864
4605.83 92.7938
4606.2 92.8004
4606.57 92.7981
4606.93 92.7995
4607.3 92.8023
4607.67 92.8046
4608.03 92.8065
4608.4 92.8084
4608.76 92.8104
4609.13 92.8126
4609.5 92.8149
4609.86 92.8175
4610.23 92.8202
4610.6 92.8232
4610.96 92.8263
4611.33 92.8296
4611.69 92.8329
4612.06 92.8363
4612.43 92.8397
4612.79 92.8429
4613.16 92.8462
4613.52 92.8491
4613.89 92.8517
4614.26 92.854
4614.62 92.8562
4614.99 92.8582
4615.36 92.8601
4615.72 92.8619
4616.09 92.8638
4616.45 92.8657
4616.82 92.8677
4617.19 92.8697
4617.55 92.8718
4617.92 92.874
4618.29 92.8762
4618.65 92.8786
4619.02 92.8827
4619.38 92.8857
4619.75 92.8871
4620.12 92.8907
4620.48 92.8949
4620.85 92.8995
4621.22 92.9042
4621.58 92.9089
4621.95 92.9134
4622.31 92.9179
4622.68 92.9222
4623.05 92.9265
4623.41 92.9308
4623.78 92.9349
4624.15 92.9389
4624.51 92.9428
4624.88 92.9467
4625.24 92.9531
4625.61 92.9567
4625.98 92.9602
4626.34 92.9627
4626.71 92.966
4627.07 92.9692
4627.44 92.9723
4627.81 92.9753
4628.17 92.9783
4628.54 92.9812
4628.91 92.9841
4629.27 92.987
4629.64 92.9898
4630 92.9926
4630.37 92.9955
4630.74 92.9984
4631.1 93.0013
4631.47 93.0062
4631.84 93.0092
4632.2 93.0124
4632.57 93.0156
4632.93 93.0172
4633.3 93.0205
4633.67 93.0238
4634.03 93.0272
4634.4 93.0306
4634.77 93.0338
4635.13 93.0369
4635.5 93.0398
4635.86 93.0425
4636.23 93.0451
4636.6 93.0477
4636.96 93.0504
4637.33 93.0536
4637.69 93.0569
4638.06 93.0631
4638.43 93.0673
4638.79 93.0694
4639.16 93.0676
4639.53 93.0682
4639.89 93.0677
4640.26 93.0662
4640.62 93.0639
4640.99 93.0608
4641.36 93.0569
4641.72 93.0523
4642.09 93.0473
4642.46 93.0422
4642.82 93.0371
4643.19 93.0321
4643.55 93.0273
4643.92 93.0205
4644.29 93.0164
4644.65 93.0124
4645.02 93.0086
4645.39 93.0051
4645.75 93.0042
4646.12 93.0014
4646.48 92.999
4646.85 92.997
4647.22 92.9953
4647.58 92.9939
4647.95 92.9927
4648.31 92.9916
4648.68 92.9907
4649.05 92.99
4649.41 92.9894
4649.78 92.9907
4650.15 92.9907
4650.51 92.991
4650.88 92.9917
4651.24 92.9927
4651.61 92.9941
4651.98 92.9958
4652.34 92.9983
4652.71 93.0005
4653.08 93.003
4653.44 93.0059
4653.81 93.0089
4654.17 93.012
4654.54 93.015
4654.91 93.0179
4655.27 93.0206
4655.64 93.0232
4656.01 93.0284
4656.37 93.0308
4656.74 93.0331
4657.1 93.0354
4657.47 93.0376
4657.84 93.0398
4658.2 93.0419
4658.57 93.0439
4658.94 93.046
4659.3 93.0479
4659.67 93.0498
4660.03 93.0518
4660.4 93.0539
4660.77 93.0562
4661.13 93.0589
4661.5 93.0619
4661.86 93.0653
4662.23 93.0708
4662.6 93.0745
4662.96 93.0783
4663.33 93.0819
4663.7 93.0855
4664.06 93.0889
4664.43 93.0923
4664.79 93.0957
4665.16 93.0991
4665.53 93.1024
4665.89 93.106
4666.26 93.1097
4666.63 93.1136
4666.99 93.1175
4667.36 93.1217
4667.72 93.126
4668.09 93.1305
4668.46 93.1394
4668.82 93.1443
4669.19 93.1494
4669.56 93.1546
4669.92 93.16
4670.29 93.1656
4670.65 93.1713
4671.02 93.1773
4671.39 93.1834
4671.75 93.1896
4672.12 93.1938
4672.48 93.2
4672.85 93.2063
4673.22 93.2126
4673.58 93.2188
4673.95 93.2249
4674.32 93.2309
4674.68 93.2401
4675.05 93.2457
4675.41 93.2512
4675.78 93.2566
4676.15 93.262
4676.51 93.2673
4676.88 93.2726
4677.25 93.2778
4677.61 93.2831
4677.98 93.2884
4678.34 93.2907
4678.71 93.2958
4679.08 93.3009
4679.44 93.3059
4679.81 93.3106
4680.18 93.315
4680.54 93.319
4680.91 93.3221
4681.27 93.3258
4681.64 93.33
4682.01 93.3347
4682.37 93.3396
4682.74 93.3447
4683.1 93.3497
4683.47 93.3548
4683.84 93.3597
4684.2 93.3646
4684.57 93.3693
4684.94 93.3708
4685.3 93.3752
4685.67 93.3794
4686.03 93.3832
4686.4 93.3869
4686.77 93.3912
4687.13 93.3944
4687.5 93.3974
4687.87 93.4006
4688.23 93.4038
4688.6 93.4073
4688.96 93.4111
4689.33 93.4154
4689.7 93.4202
4690.06 93.4258
4690.43 93.4324
4690.8 93.4406
4691.16 93.4495
4691.53 93.4508
4691.89 93.4588
4692.26 93.4659
4692.63 93.4723
4692.99 93.4797
4693.36 93.4849
4693.73 93.4895
4694.09 93.4937
4694.46 93.4975
4694.82 93.5011
4695.19 93.5044
4695.56 93.5074
4695.92 93.5103
4696.29 93.513
4696.65 93.5156
4697.02 93.5181
4697.39 93.5204
4697.75 93.5226
4698.12 93.5251
4698.49 93.5272
4698.85 93.5291
4699.22 93.5336
4699.58 93.5354
4699.95 93.537
4700.32 93.5385
4700.68 93.5399
4701.05 93.5412
4701.42 93.5425
4701.78 93.5437
4702.15 93.5448
4702.51 93.5459
4702.88 93.5471
4703.25 93.5482
4703.61 93.5495
4703.98 93.5508
4704.35 93.5522
4704.71 93.5541
4705.08 93.5555
4705.44 93.5586
4705.81 93.56
4706.18 93.5614
4706.54 93.5629
4706.91 93.5645
4707.27 93.566
4707.64 93.5676
4708.01 93.5692
4708.37 93.5706
4708.74 93.5721
4709.11 93.5734
4709.47 93.5747
4709.84 93.5759
4710.2 93.577
4710.57 93.578
4710.94 93.5791
4711.3 93.5799
4711.67 93.5815
4712.04 93.582
4712.4 93.5826
4712.77 93.583
4713.13 93.5835
4713.5 93.5839
4713.87 93.5844
4714.23 93.5851
4714.6 93.5859
4714.97 93.5869
4715.33 93.5881
4715.7 93.5893
4716.06 93.5906
4716.43 93.5921
4716.8 93.5936
4717.16 93.5953
4717.53 93.5946
4717.9 93.5963
4718.26 93.598
4718.63 93.5999
4718.99 93.6018
4719.36 93.6039
4719.73 93.606
4720.09 93.6083
4720.46 93.6106
4720.82 93.613
4721.19 93.6155
4721.56 93.618
4721.92 93.6207
4722.29 93.6234
4722.66 93.6262
4723.02 93.6292
4723.39 93.6324
4723.75 93.6355
4724.12 93.6355
4724.49 93.6392
4724.85 93.6429
4725.22 93.6466
4725.59 93.6505
4725.95 93.6544
4726.32 93.6585
4726.68 93.6628
4727.05 93.6671
4727.42 93.6714
4727.78 93.6756
4728.15 93.6795
4728.52 93.6832
4728.88 93.6867
4729.25 93.6901
4729.61 93.6935
4729.98 93.6981
4730.35 93.7012
4730.71 93.7026
4731.08 93.7057
4731.44 93.7086
4731.81 93.7115
4732.18 93.7144
4732.54 93.7171
4732.91 93.7199
4733.28 93.7227
4733.64 93.7257
4734.01 93.7289
4734.37 93.7324
4734.74 93.7364
4735.11 93.7409
4735.47 93.7464
4735.84 93.7534
4736.21 93.762
4736.57 93.7676
4736.94 93.7723
4737.3 93.7741
4737.67 93.7782
4738.04 93.7819
4738.4 93.7852
4738.77 93.7883
4739.14 93.7911
4739.5 93.7937
4739.87 93.7962
4740.23 93.7986
4740.6 93.8009
4740.97 93.8033
4741.33 93.8056
4741.7 93.808
4742.06 93.8104
4742.43 93.815
4742.8 93.8173
4743.16 93.8195
4743.53 93.8217
4743.9 93.8235
4744.26 93.8258
4744.63 93.8282
4744.99 93.8308
4745.36 93.8335
4745.73 93.8365
4746.09 93.8396
4746.46 93.8428
4746.83 93.846
4747.19 93.8493
4747.56 93.8525
4747.92 93.8556
4748.29 93.8586
4748.66 93.8637
4749.02 93.8666
4749.39 93.8693
4749.76 93.872
4750.12 93.8743
4750.49 93.8769
4750.85 93.8793
4751.22 93.8817
4751.59 93.8839
4751.95 93.886
4752.32 93.888
4752.69 93.8898
4753.05 93.8916
4753.42 93.8932
4753.78 93.8947
4754.15 93.8962
4754.52 93.9
4754.88 93.9013
4755.25 93.9026
4755.61 93.9039
4755.98 93.9052
4756.35 93.9067
4756.71 93.9088
4757.08 93.9105
4757.45 93.9124
4757.81 93.9146
4758.18 93.917
4758.54 93.9199
4758.91 93.9232
4759.28 93.927
4759.64 93.9317
4760.01 93.9374
4760.38 93.9425
4760.74 93.9489
4761.11 93.9521
4761.47 93.9548
4761.84 93.957
4762.21 93.9589
4762.57 93.9605
4762.94 93.9618
4763.31 93.9642
4763.67 93.9652
4764.04 93.966
4764.4 93.9666
4764.77 93.9669
4765.14 93.9669
4765.5 93.9667
4765.87 93.9663
4766.23 93.9656
4766.6 93.9647
4766.97 93.9637
4767.33 93.9622
4767.7 93.9607
4768.07 93.959
4768.43 93.9574
4768.8 93.9557
4769.16 93.9541
4769.53 93.9524
4769.9 93.9517
4770.26 93.9499
4770.63 93.9482
4771 93.9465
4771.36 93.9448
4771.73 93.9433
4772.09 93.9419
4772.46 93.9406
4772.83 93.9395
4773.19 93.939
4773.56 93.9382
4773.93 93.9375
4774.29 93.937
4774.66 93.9366
4775.02 93.9365
4775.39 93.9367
4775.76 93.9373
4776.12 93.9384
4776.49 93.939
4776.85 93.9408
4777.22 93.9435
4777.59 93.9472
4777.95 93.9523
4778.32 93.9575
4778.69 93.9617
4779.05 93.9651
4779.42 93.9694
4779.78 93.9719
4780.15 93.9739
4780.52 93.9756
4780.88 93.977
4781.25 93.978
4781.62 93.9787
4781.98 93.9791
4782.35 93.9792
4782.71 93.9801
4783.08 93.9797
4783.45 93.979
4783.81 93.9782
4784.18 93.9771
4784.55 93.9759
4784.91 93.9746
4785.28 93.9735
4785.64 93.972
4786.01 93.9705
4786.38 93.9689
4786.74 93.9673
4787.11 93.9658
4787.48 93.9642
4787.84 93.9627
4788.21 93.9612
4788.57 93.9596
4788.94 93.958
4789.31 93.9576
4789.67 93.9559
4790.04 93.9539
4790.4 93.9518
4790.77 93.9495
4791.14 93.9469
4791.5 93.9436
4791.87 93.9409
4792.24 93.9384
4792.6 93.9358
4792.97 93.9334
4793.33 93.9311
4793.7 93.9289
4794.07 93.9267
4794.43 93.9245
4794.8 93.9224
4795.17 93.9202
4795.53 93.9181
4795.9 93.9175
4796.26 93.9151
4796.63 93.9125
4797 93.9097
4797.36 93.9067
4797.73 93.902
4798.1 93.8998
4798.46 93.8982
4798.83 93.8972
4799.19 93.8966
4799.56 93.8964
4799.93 93.8964
4800.29 93.8966
4800.66 93.8969
4801.02 93.8972
4801.39 93.8976
4801.76 93.8979
4802.12 93.8983
4802.49 93.9
4802.86 93.9005
4803.22 93.901
4803.59 93.9016
4803.95 93.9044
4804.32 93.9053
4804.69 93.9061
4805.05 93.907
4805.42 93.9078
4805.79 93.9085
4806.15 93.9092
4806.52 93.9097
4806.88 93.91
4807.25 93.9103
4807.62 93.9103
4807.98 93.9102
4808.35 93.9098
4808.72 93.9093
4809.08 93.9117
4809.45 93.9109
4809.81 93.9099
4810.18 93.9109
4810.55 93.9096
4810.91 93.9081
4811.28 93.9066
4811.65 93.905
4812.01 93.9034
4812.38 93.9018
4812.74 93.9003
4813.11 93.8988
4813.48 93.8975
4813.84 93.8964
4814.21 93.8955
4814.57 93.8949
4814.94 93.8945
4815.31 93.8944
4815.67 93.8965
4816.04 93.8986
4816.41 93.8989
4816.77 93.8996
4817.14 93.9004
4817.5 93.9014
4817.87 93.9023
4818.24 93.903
4818.6 93.9035
4818.97 93.9039
4819.34 93.9041
4819.7 93.9043
4820.07 93.9045
4820.43 93.9047
4820.8 93.905
4821.17 93.9054
4821.53 93.9058
4821.9 93.9081
4822.27 93.9109
4822.63 93.9114
4823 93.9118
4823.36 93.9122
4823.73 93.9126
4824.1 93.913
4824.46 93.9134
4824.83 93.9137
4825.19 93.914
4825.56 93.9142
4825.93 93.9142
4826.29 93.914
4826.66 93.9134
4827.03 93.9125
4827.39 93.9113
4827.76 93.9099
4828.12 93.9082
4828.49 93.9089
4828.86 93.9074
4829.22 93.9057
4829.59 93.904
4829.96 93.9023
4830.32 93.9004
4830.69 93.8986
4831.05 93.8968
4831.42 93.8951
4831.79 93.8935
4832.15 93.892
4832.52 93.8906
4832.89 93.8895
4833.25 93.8885
4833.62 93.8877
4833.98 93.8871
4834.35 93.8866
4834.72 93.8888
4835.08 93.8915
4835.45 93.8916
4835.81 93.8917
4836.18 93.8919
4836.55 93.8921
4836.91 93.8923
4837.28 93.8925
4837.65 93.8926
4838.01 93.8927
4838.38 93.8928
4838.74 93.8929
4839.11 93.8929
4839.48 93.8929
4839.84 93.893
4840.21 93.8931
4840.58 93.8931
4840.94 93.895
4841.31 93.8948
4841.67 93.8963
4842.04 93.8959
4842.41 93.8955
4842.77 93.8951
4843.14 93.8947
4843.51 93.8943
4843.87 93.8939
4844.24 93.8935
4844.6 93.8934
4844.97 93.8935
4845.34 93.8939
4845.7 93.8947
4846.07 93.8958
4846.44 93.8972
4846.8 93.8989
4847.17 93.902
4847.53 93.9041
4847.9 93.9063
4848.27 93.9072
4848.63 93.9091
4849 93.9107
4849.36 93.912
4849.73 93.913
4850.1 93.9139
4850.46 93.9145
4850.83 93.9151
4851.2 93.9156
4851.56 93.9161
4851.93 93.9166
4852.29 93.9171
4852.66 93.9176
4853.03 93.9185
4853.39 93.9187
4853.76 93.9188
4854.13 93.9187
4854.49 93.9185
4854.86 93.9182
4855.22 93.9178
4855.59 93.9174
4855.96 93.917
4856.32 93.9167
4856.69 93.9163
4857.06 93.9159
4857.42 93.9154
4857.79 93.9148
4858.15 93.9139
4858.52 93.9128
4858.89 93.9113
4859.25 93.9084
4859.62 93.906
4859.98 93.9031
4860.35 93.8998
4860.72 93.8961
4861.08 93.8941
4861.45 93.8898
4861.82 93.8853
4862.18 93.8808
4862.55 93.8763
4862.91 93.8719
4863.28 93.8679
4863.65 93.8642
4864.01 93.8608
4864.38 93.8577
4864.75 93.8548
4865.11 93.8522
4865.48 93.85
4865.84 93.8477
4866.21 93.8455
4866.58 93.8432
4866.94 93.8409
4867.31 93.8385
4867.68 93.8386
4868.04 93.8359
4868.41 93.8332
4868.77 93.8303
4869.14 93.8273
4869.51 93.8242
4869.87 93.8211
4870.24 93.8181
4870.6 93.815
4870.97 93.8121
4871.34 93.8093
4871.7 93.8061
4872.07 93.8039
4872.44 93.8019
4872.8 93.8001
4873.17 93.7984
4873.53 93.797
4873.9 93.7957
4874.27 93.796
4874.63 93.7949
4875 93.7939
4875.37 93.793
4875.73 93.7922
4876.1 93.7915
4876.46 93.7909
4876.83 93.7903
4877.2 93.7899
4877.56 93.7895
4877.93 93.7894
4878.3 93.7891
4878.66 93.7889
4879.03 93.7889
4879.39 93.7889
4879.76 93.7892
4880.13 93.7895
4880.49 93.79
4880.86 93.7896
4881.23 93.7901
4881.59 93.7907
4881.96 93.7915
4882.32 93.7924
4882.69 93.7934
4883.06 93.7947
4883.42 93.7962
4883.79 93.7982
4884.15 93.8004
4884.52 93.803
4884.89 93.8058
4885.25 93.8089
4885.62 93.8124
4885.99 93.8161
4886.35 93.8202
4886.72 93.8246
4887.08 93.8295
4887.45 93.8305
4887.82 93.836
4888.18 93.8421
4888.55 93.8484
4888.92 93.854
4889.28 93.8589
4889.65 93.8632
4890.01 93.8674
4890.38 93.871
4890.75 93.8746
4891.11 93.8784
4891.48 93.8821
4891.85 93.8855
4892.21 93.8881
4892.58 93.8901
4892.94 93.8915
4893.31 93.8924
4893.68 93.8924
4894.04 93.8929
4894.41 93.8932
4894.77 93.8931
4895.14 93.8928
4895.51 93.8922
4895.87 93.8915
4896.24 93.8899
4896.61 93.8884
4896.97 93.8868
4897.34 93.8849
4897.7 93.8828
4898.07 93.8805
4898.44 93.8778
4898.8 93.8748
4899.17 93.8715
4899.54 93.868
4899.9 93.8642
4900.27 93.8616
4900.63 93.8575
4901 93.8532
4901.37 93.8488
4901.73 93.8446
4902.1 93.8404
4902.47 93.8338
4902.83 93.8304
4903.2 93.8276
4903.56 93.8256
4903.93 93.8244
4904.3 93.8242
4904.66 93.8242
4905.03 93.8239
4905.4 93.8234
4905.76 93.8226
4906.13 93.8217
4906.49 93.8208
4906.86 93.8212
4907.23 93.8203
4907.59 93.8193
4907.96 93.8183
4908.32 93.8171
4908.69 93.8169
4909.06 93.8156
4909.42 93.8143
4909.79 93.8129
4910.16 93.8115
4910.52 93.81
4910.89 93.8086
4911.25 93.8071
4911.62 93.8056
4911.99 93.8041
4912.35 93.8025
4912.72 93.8008
4913.09 93.7989
4913.45 93.7994
4913.82 93.7972
4914.18 93.7946
4914.55 93.7918
4914.92 93.7874
4915.28 93.7833
4915.65 93.7787
4916.02 93.7733
4916.38 93.7659
4916.75 93.7587
4917.11 93.7537
4917.48 93.7498
4917.85 93.7468
4918.21 93.7444
4918.58 93.7424
4918.94 93.7407
4919.31 93.7393
4919.68 93.7378
4920.04 93.7366
4920.41 93.7351
4920.78 93.7321
4921.14 93.7303
4921.51 93.7283
4921.87 93.7264
4922.24 93.7246
4922.61 93.7229
4922.97 93.7214
4923.34 93.7199
4923.71 93.7186
4924.07 93.7173
4924.44 93.7161
4924.8 93.7149
4925.17 93.7137
4925.54 93.7125
4925.9 93.7114
4926.27 93.7106
4926.64 93.7094
4927 93.7075
4927.37 93.7062
4927.73 93.7049
4928.1 93.7034
4928.47 93.7019
4928.83 93.7003
4929.2 93.6986
4929.56 93.6968
4929.93 93.695
4930.3 93.6932
4930.66 93.6912
4931.03 93.6891
4931.4 93.6868
4931.76 93.6843
4932.13 93.6815
4932.49 93.6785
4932.86 93.6767
4933.23 93.6709
4933.59 93.6668
4933.96 93.6625
4934.33 93.6579
4934.69 93.6531
4935.06 93.6481
4935.42 93.643
4935.79 93.6381
4936.16 93.6333
4936.52 93.6288
4936.89 93.6245
4937.26 93.6206
4937.62 93.6171
4937.99 93.6139
4938.35 93.611
4938.72 93.6085
4939.09 93.6062
4939.45 93.6046
4939.82 93.6028
4940.19 93.6011
4940.55 93.5994
4940.92 93.5977
4941.28 93.596
4941.65 93.594
4942.02 93.592
4942.38 93.5897
4942.75 93.5873
4943.11 93.5848
4943.48 93.5821
4943.85 93.5792
4944.21 93.5762
4944.58 93.5732
4944.95 93.5701
4945.31 93.5669
4945.68 93.5626
4946.04 93.5615
4946.41 93.5585
4946.78 93.5556
4947.14 93.5528
4947.51 93.5502
4947.88 93.5478
4948.24 93.5456
4948.61 93.5435
4948.97 93.5416
4949.34 93.5398
4949.71 93.5382
4950.07 93.5368
4950.44 93.5354
4950.81 93.5341
4951.17 93.5328
4951.54 93.5314
4951.9 93.53
4952.27 93.5283
4952.64 93.5278
4953 93.5257
4953.37 93.5232
4953.73 93.5202
4954.1 93.5168
4954.47 93.5129
4954.83 93.5084
4955.2 93.5035
4955.57 93.4983
4955.93 93.493
4956.3 93.4874
4956.66 93.4818
4957.03 93.4761
4957.4 93.4703
4957.76 93.4614
4958.13 93.4559
4958.5 93.4506
4958.86 93.4457
4959.23 93.4435
4959.59 93.439
4959.96 93.4347
4960.33 93.4305
4960.69 93.4264
4961.06 93.4223
4961.43 93.4182
4961.79 93.4139
4962.16 93.4096
4962.52 93.405
4962.89 93.4002
4963.26 93.3949
4963.62 93.3886
4963.99 93.3786
4964.35 93.3747
4964.72 93.3718
4965.09 93.3697
4965.45 93.3694
4965.82 93.3685
4966.19 93.3682
4966.55 93.3685
4966.92 93.3694
4967.28 93.371
4967.65 93.3732
4968.02 93.3758
4968.38 93.3786
4968.75 93.3811
4969.12 93.3834
4969.48 93.3854
4969.85 93.3872
4970.21 93.3897
4970.58 93.3908
4970.95 93.3918
4971.31 93.3924
4971.68 93.3928
4972.05 93.3929
4972.41 93.3927
4972.78 93.3921
4973.14 93.3909
4973.51 93.3889
4973.88 93.3858
4974.24 93.3812
4974.61 93.3776
4974.98 93.3748
4975.34 93.3726
4975.71 93.3705
4976.07 93.3685
4976.44 93.3663
4976.81 93.3642
4977.17 93.3619
4977.54 93.3595
4977.9 93.3569
4978.27 93.3541
4978.64 93.3536
4979 93.3507
4979.37 93.3479
4979.74 93.3452
4980.1 93.3427
4980.47 93.3403
4980.83 93.3381
4981.2 93.3361
4981.57 93.3342
4981.93 93.3326
4982.3 93.3311
4982.67 93.3298
4983.03 93.3287
4983.4 93.3279
4983.76 93.3273
4984.13 93.327
4984.5 93.3267
4984.86 93.3263
4985.23 93.3259
4985.6 93.3253
4985.96 93.3244
4986.33 93.3233
4986.69 93.3221
4987.06 93.3207
4987.43 93.3192
4987.79 93.3176
4988.16 93.3158
4988.52 93.3134
4988.89 93.3113
4989.26 93.3091
4989.62 93.3068
4989.99 93.3042
4990.36 93.3015
4990.72 93.2984
4991.09 93.2947
4991.45 93.2902
4991.82 93.2854
4992.19 93.2792
4992.55 93.2745
4992.92 93.2704
4993.29 93.2668
4993.65 93.2633
4994.02 93.2599
4994.38 93.2565
4994.75 93.2509
4995.12 93.2472
4995.48 93.2432
4995.85 93.2392
4996.22 93.2348
4996.58 93.2304
4996.95 93.2258
4997.31 93.2209
4997.68 93.2159
4998.05 93.2119
4998.41 93.2062
4998.78 93.2002
4999.15 93.1941
4999.51 93.1882
4999.88 93.1824
5000.24 93.1766
5000.61 93.1707
5000.98 93.1606
5001.34 93.1543
5001.71 93.1477
5002.07 93.141
5002.44 93.1341
5002.81 93.1273
5003.17 93.1205
5003.54 93.114
5003.91 93.1077
5004.27 93.1017
5004.64 93.0984
5005 93.0928
5005.37 93.0874
5005.74 93.0822
5006.1 93.0771
5006.47 93.0721
5006.84 93.0673
5007.2 93.0603
5007.57 93.056
5007.93 93.0518
5008.3 93.0477
5008.67 93.0437
5009.03 93.0398
5009.4 93.0362
5009.77 93.033
5010.13 93.0302
5010.5 93.0279
5010.86 93.026
5011.23 93.0244
5011.6 93.0229
5011.96 93.0219
5012.33 93.0213
5012.69 93.0213
5013.06 93.0219
5013.43 93.0219
5013.79 93.0239
5014.16 93.0266
5014.53 93.0298
5014.89 93.0333
5015.26 93.0366
5015.62 93.0395
5015.99 93.042
5016.36 93.0441
5016.72 93.0458
5017.09 93.0473
5017.46 93.0485
5017.82 93.048
5018.19 93.0492
5018.55 93.0501
5018.92 93.051
5019.29 93.051
5019.65 93.0514
5020.02 93.0517
5020.39 93.0517
5020.75 93.0514
5021.12 93.0509
5021.48 93.05
5021.85 93.0489
5022.22 93.0476
5022.58 93.0461
5022.95 93.0445
5023.31 93.0428
5023.68 93.0412
5024.05 93.0396
5024.41 93.038
5024.78 93.0364
5025.15 93.0346
5025.51 93.03
5025.88 93.0268
5026.24 93.0226
5026.61 93.0176
5026.98 93.0139
5027.34 93.0111
5027.71 93.0089
5028.08 93.0073
5028.44 93.0062
5028.81 93.0055
5029.17 93.0053
5029.54 93.0056
5029.91 93.0067
5030.27 93.0084
5030.64 93.0108
5031.01 93.01
5031.37 93.0132
5031.74 93.0163
5032.1 93.0197
5032.47 93.0229
5032.84 93.0257
5033.2 93.028
5033.57 93.0298
5033.94 93.0311
5034.3 93.0318
5034.67 93.0321
5035.03 93.0318
5035.4 93.0312
5035.77 93.0302
5036.13 93.0289
5036.5 93.0275
5036.86 93.0259
5037.23 93.0238
5037.6 93.0221
5037.96 93.0184
5038.33 93.017
5038.7 93.0161
5039.06 93.0157
5039.43 93.0157
5039.79 93.0163
5040.16 93.0174
5040.53 93.0191
5040.89 93.0213
5041.26 93.0241
5041.63 93.0275
5041.99 93.0313
5042.36 93.0356
5042.72 93.0401
5043.09 93.0448
5043.46 93.0496
5043.82 93.0511
5044.19 93.0572
5044.56 93.062
5044.92 93.0667
5045.29 93.0712
5045.65 93.0755
5046.02 93.0794
5046.39 93.083
5046.75 93.0862
5047.12 93.0893
5047.48 93.0923
5047.85 93.0954
5048.22 93.0987
5048.58 93.1021
5048.95 93.1057
5049.32 93.1093
5049.68 93.1129
5050.05 93.1165
5050.41 93.1166
5050.78 93.1203
5051.15 93.1241
5051.51 93.1281
5051.88 93.1322
5052.25 93.1365
5052.61 93.141
5052.98 93.1457
5053.34 93.1505
5053.71 93.1554
5054.08 93.1601
5054.44 93.1646
5054.81 93.1689
5055.18 93.1728
5055.54 93.1765
5055.91 93.1799
5056.27 93.183
5056.64 93.1857
5057.01 93.185
5057.37 93.1872
5057.74 93.1892
5058.1 93.1914
5058.47 93.1938
5058.84 93.1967
5059.2 93.2002
5059.57 93.2045
5059.94 93.2099
5060.3 93.2162
5060.67 93.2226
5061.03 93.2287
5061.4 93.2345
5061.77 93.24
5062.13 93.2454
5062.5 93.2513
5062.87 93.2566
5063.23 93.2617
5063.6 93.2629
5063.96 93.268
5064.33 93.2731
5064.7 93.2781
5065.06 93.283
5065.43 93.2879
5065.8 93.2929
5066.16 93.2982
5066.53 93.304
5066.89 93.3106
5067.26 93.3193
5067.63 93.3269
5067.99 93.333
5068.36 93.3382
5068.73 93.3445
5069.09 93.3489
5069.46 93.3531
5069.82 93.3546
5070.19 93.3587
5070.56 93.3626
5070.92 93.3666
5071.29 93.3707
5071.65 93.375
5072.02 93.3793
5072.39 93.3839
5072.75 93.3887
5073.12 93.3935
5073.49 93.3985
5073.85 93.4034
5074.22 93.4083
5074.58 93.4133
5074.95 93.4193
5075.32 93.4242
5075.68 93.4292
5076.05 93.4344
5076.42 93.4353
5076.78 93.4407
5077.15 93.4462
5077.51 93.4518
5077.88 93.4572
5078.25 93.4624
5078.61 93.4675
5078.98 93.4724
5079.35 93.4772
5079.71 93.4818
5080.08 93.4864
5080.44 93.4908
5080.81 93.4951
5081.18 93.5008
5081.54 93.5048
5081.91 93.5086
5082.27 93.5125
5082.64 93.5163
5083.01 93.5174
5083.37 93.5211
5083.74 93.5249
5084.11 93.5287
5084.47 93.5325
5084.84 93.5362
5085.2 93.5396
5085.57 93.5427
5085.94 93.5455
5086.3 93.5482
5086.67 93.5506
5087.04 93.5536
5087.4 93.5559
5087.77 93.5582
5088.13 93.5606
5088.5 93.5631
5088.87 93.5657
5089.23 93.5685
5089.6 93.5698
5089.97 93.5728
5090.33 93.5759
5090.7 93.5791
5091.06 93.5824
5091.43 93.5856
5091.8 93.5887
5092.16 93.5916
5092.53 93.5943
5092.9 93.5968
5093.26 93.5998
5093.63 93.6016
5093.99 93.6032
5094.36 93.6045
5094.73 93.6057
5095.09 93.6067
5095.46 93.6075
5095.82 93.6082
5096.19 93.6078
5096.56 93.6083
5096.92 93.6089
5097.29 93.6094
5097.66 93.6101
5098.02 93.611
5098.39 93.6123
5098.75 93.6141
5099.12 93.6166
5099.49 93.6198
5099.85 93.6244
5100.22 93.6301
5100.59 93.6372
5100.95 93.646
5101.32 93.6583
5101.68 93.6684
5102.05 93.6768
5102.42 93.6773
5102.78 93.6846
5103.15 93.6913
5103.52 93.6973
5103.88 93.7027
5104.25 93.7076
5104.61 93.7119
5104.98 93.7155
5105.35 93.7186
5105.71 93.7213
5106.08 93.7236
5106.44 93.7256
5106.81 93.7276
5107.18 93.7294
5107.54 93.7313
5107.91 93.7332
5108.28 93.7351
5108.64 93.737
5109.01 93.7385
5109.37 93.7405
5109.74 93.7424
5110.11 93.7443
5110.47 93.7463
5110.84 93.7483
5111.21 93.7504
5111.57 93.7525
5111.94 93.7561
5112.3 93.7586
5112.67 93.7613
5113.04 93.7642
5113.4 93.7673
5113.77 93.7706
5114.14 93.774
5114.5 93.7774
5114.87 93.7807
5115.23 93.7839
5115.6 93.7848
5115.97 93.7879
5116.33 93.791
5116.7 93.7942
5117.06 93.7974
5117.43 93.8008
5117.8 93.8042
5118.16 93.8092
5118.53 93.813
5118.9 93.8169
5119.26 93.821
5119.63 93.8251
5119.99 93.8293
5120.36 93.8336
5120.73 93.8378
5121.09 93.8421
5121.46 93.8464
5121.83 93.8507
5122.19 93.8527
5122.56 93.8571
5122.92 93.8616
5123.29 93.8662
5123.66 93.8709
5124.02 93.878
5124.39 93.8828
5124.76 93.8876
5125.12 93.8922
5125.49 93.8966
5125.85 93.9008
5126.22 93.9048
5126.59 93.9086
5126.95 93.9123
5127.32 93.9158
5127.69 93.9193
5128.05 93.9227
5128.42 93.9262
5128.78 93.9286
5129.15 93.9323
5129.52 93.9361
5129.88 93.9401
5130.25 93.9471
5130.61 93.9516
5130.98 93.9563
5131.35 93.9611
5131.71 93.9662
5132.08 93.9715
5132.45 93.9768
5132.81 93.9823
5133.18 93.9876
5133.54 93.9926
5133.91 93.9972
5134.28 94.0013
5134.64 94.0051
5135.01 94.0084
5135.38 94.0097
5135.74 94.0124
5136.11 94.0149
5136.47 94.0176
5136.84 94.0196
5137.21 94.0217
5137.57 94.0239
5137.94 94.0265
5138.31 94.0296
5138.67 94.0331
5139.04 94.0366
5139.4 94.0395
5139.77 94.042
5140.14 94.044
5140.5 94.0457
5140.87 94.047
5141.23 94.0481
5141.6 94.0482
5141.97 94.049
5142.33 94.0495
5142.7 94.0495
5143.07 94.0495
5143.43 94.0493
5143.8 94.049
5144.16 94.0486
5144.53 94.0483
5144.9 94.0482
5145.26 94.0482
5145.63 94.0484
5146 94.0488
5146.36 94.0494
5146.73 94.0501
5147.09 94.0511
5147.46 94.0522
5147.83 94.0535
5148.19 94.0543
5148.56 94.0559
5148.93 94.0588
5149.29 94.0607
5149.66 94.0628
5150.02 94.065
5150.39 94.0675
5150.76 94.0703
5151.12 94.0733
5151.49 94.0765
5151.85 94.0799
5152.22 94.0834
5152.59 94.087
5152.95 94.0906
5153.32 94.0942
5153.69 94.0978
5154.05 94.1014
5154.42 94.1049
5154.78 94.1111
5155.15 94.1144
5155.52 94.1176
5155.88 94.1208
5156.25 94.1237
5156.62 94.1266
5156.98 94.1295
5157.35 94.1321
5157.71 94.1347
5158.08 94.1372
5158.45 94.1396
5158.81 94.1419
5159.18 94.1441
5159.55 94.1461
5159.91 94.148
5160.28 94.1498
5160.64 94.1515
5161.01 94.1538
5161.38 94.1545
5161.74 94.1562
5162.11 94.1582
5162.48 94.1607
5162.84 94.1636
5163.21 94.1669
5163.57 94.1707
5163.94 94.1747
5164.31 94.1789
5164.67 94.1833
5165.04 94.1878
5165.4 94.1923
5165.77 94.1966
5166.14 94.2009
5166.5 94.205
5166.87 94.209
5167.24 94.2149
5167.6 94.219
5167.97 94.2211
5168.33 94.2253
5168.7 94.2296
5169.07 94.234
5169.43 94.2386
5169.8 94.2433
5170.17 94.2483
5170.53 94.2534
5170.9 94.2586
5171.26 94.2638
5171.63 94.2688
5172 94.2736
5172.36 94.278
5172.73 94.2821
5173.1 94.2857
5173.46 94.2911
5173.83 94.294
5174.19 94.2962
5174.56 94.2989
5174.93 94.3013
5175.29 94.3034
5175.66 94.3053
5176.02 94.3071
5176.39 94.3087
5176.76 94.3102
5177.12 94.3117
5177.49 94.3132
5177.86 94.3146
5178.22 94.316
5178.59 94.3175
5178.95 94.3189
5179.32 94.3203
5179.69 94.3233
5180.05 94.3246
5180.42 94.3258
5180.79 94.3274
5181.15 94.3286
5181.52 94.3297
5181.88 94.3309
5182.25 94.3322
5182.62 94.3335
5182.98 94.3348
5183.35 94.3363
5183.72 94.3379
5184.08 94.3395
5184.45 94.3412
5184.81 94.343
5185.18 94.3447
5185.55 94.3463
5185.91 94.3498
5186.28 94.3512
5186.65 94.3524
5187.01 94.3534
5187.38 94.3553
5187.74 94.3562
5188.11 94.3569
5188.48 94.3574
5188.84 94.3579
5189.21 94.3582
5189.57 94.3585
5189.94 94.3587
5190.31 94.3589
5190.67 94.359
5191.04 94.3592
5191.41 94.3593
5191.77 94.3611
5192.14 94.3611
5192.5 94.361
5192.87 94.3609
5193.24 94.3608
5193.6 94.3607
5193.97 94.3619
5194.34 94.3618
5194.7 94.3618
5195.07 94.3619
5195.43 94.362
5195.8 94.3623
5196.17 94.3628
5196.53 94.3634
5196.9 94.3641
5197.27 94.365
5197.63 94.366
5198 94.369
5198.36 94.3701
5198.73 94.3714
5199.1 94.3726
5199.46 94.3739
5199.83 94.3753
5200.19 94.3767
5200.56 94.3787
5200.93 94.3801
5201.29 94.3816
5201.66 94.3832
5202.03 94.3849
5202.39 94.3868
5202.76 94.3889
5203.12 94.391
5203.49 94.3933
5203.86 94.3957
5204.22 94.3997
5204.59 94.4022
5204.96 94.4047
5205.32 94.4071
5205.69 94.4096
5206.05 94.4122
5206.42 94.4148
5206.79 94.4176
5207.15 94.418
5207.52 94.4208
5207.89 94.4236
5208.25 94.4266
5208.62 94.4299
5208.98 94.4334
5209.35 94.4373
5209.72 94.4415
5210.08 94.446
5210.45 94.4508
5210.81 94.4553
5211.18 94.4595
5211.55 94.4633
5211.91 94.4667
5212.28 94.4697
5212.65 94.4723
5213.01 94.4745
5213.38 94.4739
5213.74 94.4756
5214.11 94.477
5214.48 94.478
5214.84 94.4785
5215.21 94.4786
5215.58 94.4783
5215.94 94.4776
5216.31 94.4767
5216.67 94.4744
5217.04 94.4734
5217.41 94.4723
5217.77 94.4712
5218.14 94.4701
5218.51 94.469
5218.87 94.4679
5219.24 94.4667
5219.6 94.4653
5219.97 94.4647
5220.34 94.4631
5220.7 94.4614
5221.07 94.4596
5221.44 94.4578
5221.8 94.456
5222.17 94.4543
5222.53 94.4526
5222.9 94.4514
5223.27 94.4503
5223.63 94.4494
5224 94.4487
5224.36 94.448
5224.73 94.4474
5225.1 94.447
5225.46 94.4465
5225.83 94.4462
5226.2 94.4458
5226.56 94.4469
5226.93 94.4466
5227.29 94.4463
5227.66 94.446
5228.03 94.4458
5228.39 94.4458
5228.76 94.4474
5229.13 94.4479
5229.49 94.4485
5229.86 94.4493
5230.22 94.4503
5230.59 94.4513
5230.96 94.4523
5231.32 94.4532
5231.69 94.454
5232.06 94.4547
5232.42 94.455
5232.79 94.4552
5233.15 94.456
5233.52 94.4558
5233.89 94.4555
5234.25 94.455
5234.62 94.4543
5234.98 94.4539
5235.35 94.4527
5235.72 94.4514
5236.08 94.4498
5236.45 94.4481
5236.82 94.4462
5237.18 94.4442
5237.55 94.4421
5237.91 94.4399
5238.28 94.4378
5238.65 94.4356
5239.01 94.4335
5239.38 94.4313
5239.75 94.4322
5240.11 94.4301
5240.48 94.428
5240.84 94.4258
5241.21 94.4243
5241.58 94.4219
5241.94 94.4193
5242.31 94.4165
5242.68 94.4136
5243.04 94.4104
5243.41 94.4071
5243.77 94.4037
5244.14 94.4001
5244.51 94.3964
5244.87 94.3927
5245.24 94.389
5245.6 94.3854
5245.97 94.3845
5246.34 94.381
5246.7 94.3776
5247.07 94.3742
5247.44 94.3701
5247.8 94.3668
5248.17 94.3637
5248.53 94.3606
5248.9 94.3577
5249.27 94.3548
5249.63 94.3521
5250 94.3497
5250.37 94.3475
5250.73 94.3456
5251.1 94.3441
5251.46 94.3428
5251.83 94.3419
5252.2 94.3413
5252.56 94.3415
5252.93 94.3415
5253.3 94.342
5253.66 94.3438
5254.03 94.3456
5254.39 94.3477
5254.76 94.3498
5255.13 94.3518
5255.49 94.3535
5255.86 94.355
5256.23 94.3564
5256.59 94.3577
5256.96 94.359
5257.32 94.3602
5257.69 94.3614
5258.06 94.3625
5258.42 94.3636
5258.79 94.3648
5259.15 94.3665
5259.52 94.369
5259.89 94.3699
5260.25 94.3708
5260.62 94.3715
5260.99 94.3723
5261.35 94.3729
5261.72 94.3734
5262.08 94.3736
5262.45 94.3736
5262.82 94.3734
5263.18 94.3728
5263.55 94.372
5263.92 94.371
5264.28 94.3697
5264.65 94.3683
5265.01 94.3668
5265.38 94.3654
5265.75 94.3639
5266.11 94.3627
5266.48 94.3615
5266.85 94.3603
5267.21 94.3589
5267.58 94.3573
5267.94 94.3556
5268.31 94.3536
5268.68 94.3512
5269.04 94.3483
5269.41 94.345
5269.77 94.341
5270.14 94.3364
5270.51 94.331
5270.87 94.3249
5271.24 94.3185
5271.61 94.3125
5271.97 94.304
5272.34 94.3016
5272.7 94.298
5273.07 94.2948
5273.44 94.2919
5273.8 94.2892
5274.17 94.2867
5274.54 94.2843
5274.9 94.282
5275.27 94.2798
5275.63 94.2776
5276 94.2755
5276.37 94.2735
5276.73 94.2715
5277.1 94.2697
5277.47 94.268
5277.83 94.2664
5278.2 94.2652
5278.56 94.2641
5278.93 94.2646
5279.3 94.2638
5279.66 94.2632
5280.03 94.2627
5280.4 94.2625
5280.76 94.2623
5281.13 94.2624
5281.49 94.2626
5281.86 94.2629
5282.23 94.2634
5282.59 94.2641
5282.96 94.2648
5283.32 94.2657
5283.69 94.2667
5284.06 94.2676
5284.42 94.2699
5284.79 94.2706
5285.16 94.2717
5285.52 94.2722
5285.89 94.2724
5286.25 94.2724
5286.62 94.2722
5286.99 94.272
5287.35 94.2717
5287.72 94.2714
5288.09 94.2712
5288.45 94.2713
5288.82 94.2716
5289.18 94.2721
5289.55 94.273
5289.92 94.274
5290.28 94.2763
5290.65 94.2777
5291.02 94.2791
5291.38 94.2806
5291.75 94.2812
5292.11 94.2825
5292.48 94.2837
5292.85 94.2848
5293.21 94.2857
5293.58 94.2863
5293.94 94.2867
5294.31 94.2867
5294.68 94.2865
5295.04 94.2861
5295.41 94.2857
5295.78 94.2853
5296.14 94.285
5296.51 94.2841
5296.87 94.2842
5297.24 94.2845
5297.61 94.2848
5297.97 94.2852
5298.34 94.2849
5298.71 94.2853
5299.07 94.2858
5299.44 94.2861
5299.8 94.2863
5300.17 94.2863
5300.54 94.2861
5300.9 94.2858
5301.27 94.2856
5301.64 94.2856
5302 94.2859
5302.37 94.2865
5302.73 94.2876
5303.1 94.2885
5303.47 94.2893
5303.83 94.2901
5304.2 94.2908
5304.56 94.2915
5304.93 94.2925
5305.3 94.293
5305.66 94.2934
5306.03 94.2937
5306.4 94.2939
5306.76 94.2941
5307.13 94.2941
5307.49 94.2941
5307.86 94.2941
5308.23 94.294
5308.59 94.2939
5308.96 94.2944
5309.33 94.2942
5309.69 94.2939
5310.06 94.2937
5310.42 94.2935
5310.79 94.2933
5311.16 94.2931
5311.52 94.2938
5311.89 94.2936
5312.26 94.2934
5312.62 94.2931
5312.99 94.2928
5313.35 94.2923
5313.72 94.2917
5314.09 94.2908
5314.45 94.2898
5314.82 94.2885
5315.19 94.2867
5315.55 94.2851
5315.92 94.2835
5316.28 94.282
5316.65 94.2806
5317.02 94.2793
5317.38 94.2781
5317.75 94.2783
5318.11 94.2773
5318.48 94.2764
5318.85 94.2754
5319.21 94.2744
5319.58 94.2734
5319.95 94.2722
5320.31 94.2709
5320.68 94.2695
5321.04 94.268
5321.41 94.266
5321.78 94.2638
5322.14 94.2614
5322.51 94.2586
5322.88 94.2555
5323.24 94.2522
5323.61 94.2487
5323.97 94.2455
5324.34 94.2441
5324.71 94.2416
5325.07 94.2395
5325.44 94.2379
5325.81 94.2366
5326.17 94.2355
5326.54 94.2348
5326.9 94.2342
5327.27 94.2351
5327.64 94.2349
5328 94.2349
5328.37 94.2349
5328.73 94.235
5329.1 94.2351
5329.47 94.2352
5329.83 94.2351
5330.2 94.2351
5330.57 94.2349
5330.93 94.2364
5331.3 94.236
5331.66 94.2354
5332.03 94.2346
5332.4 94.2336
5332.76 94.2325
5333.13 94.2312
5333.5 94.2302
5333.86 94.2286
5334.23 94.227
5334.59 94.2255
5334.96 94.224
5335.33 94.2226
5335.69 94.2213
5336.06 94.2201
5336.43 94.219
5336.79 94.218
5337.16 94.2171
5337.52 94.2182
5337.89 94.2174
5338.26 94.2166
5338.62 94.2159
5338.99 94.2152
5339.35 94.2146
5339.72 94.2149
5340.09 94.2142
5340.45 94.2135
5340.82 94.2127
5341.19 94.212
5341.55 94.2112
5341.92 94.2105
5342.28 94.2099
5342.65 94.2092
5343.02 94.2086
5343.38 94.2079
5343.75 94.2072
5344.12 94.2084
5344.48 94.2077
5344.85 94.2069
5345.21 94.2061
5345.58 94.2052
5345.95 94.2052
5346.31 94.2041
5346.68 94.203
5347.05 94.202
5347.41 94.201
5347.78 94.2002
5348.14 94.1995
5348.51 94.1991
5348.88 94.1988
5349.24 94.1987
5349.61 94.1988
5349.98 94.1992
5350.34 94.1996
5350.71 94.2003
5351.07 94.2009
5351.44 94.2016
5351.81 94.2025
5352.17 94.2039
5352.54 94.2048
5352.9 94.2057
5353.27 94.2067
5353.64 94.2076
5354 94.2085
5354.37 94.2092
5354.74 94.2099
5355.1 94.2104
5355.47 94.2107
5355.83 94.2108
5356.2 94.2107
5356.57 94.2104
5356.93 94.2101
5357.3 94.2096
5357.67 94.2089
5358.03 94.2072
5358.4 94.206
5358.76 94.2045
5359.13 94.2028
5359.5 94.2006
5359.86 94.1981
5360.23 94.1959
5360.6 94.1943
5360.96 94.1931
5361.33 94.1923
5361.69 94.1917
5362.06 94.1911
5362.43 94.1906
5362.79 94.1901
5363.16 94.1896
5363.52 94.1899
5363.89 94.1893
5364.26 94.189
5364.62 94.1882
5364.99 94.1872
5365.36 94.186
5365.72 94.1848
5366.09 94.1834
5366.45 94.1822
5366.82 94.1812
5367.19 94.1806
5367.55 94.1803
5367.92 94.1805
5368.29 94.1809
5368.65 94.1817
5369.02 94.1828
5369.38 94.184
5369.75 94.1855
5370.12 94.1872
5370.48 94.1906
5370.85 94.1923
5371.22 94.194
5371.58 94.1956
5371.95 94.1973
5372.31 94.199
5372.68 94.2007
5373.05 94.2023
5373.41 94.2039
5373.78 94.2055
5374.15 94.2069
5374.51 94.2083
5374.88 94.2095
5375.24 94.2106
5375.61 94.2115
5375.98 94.2122
5376.34 94.2127
5376.71 94.2115
5377.07 94.2112
5377.44 94.2107
5377.81 94.2101
5378.17 94.2094
5378.54 94.2085
5378.91 94.2074
5379.27 94.2061
5379.64 94.2044
5380 94.2024
5380.37 94.2001
5380.74 94.1976
5381.1 94.195
5381.47 94.1924
5381.84 94.19
5382.2 94.1879
5382.57 94.1862
5382.93 94.1831
5383.3 94.1815
5383.67 94.181
5384.03 94.181
5384.4 94.1814
5384.77 94.1823
5385.13 94.1834
5385.5 94.1845
5385.86 94.1853
5386.23 94.1857
5386.6 94.1858
5386.96 94.1855
5387.33 94.185
5387.69 94.1844
5388.06 94.1836
5388.43 94.1828
5388.79 94.1821
5389.16 94.1811
5389.53 94.1813
5389.89 94.1802
5390.26 94.179
5390.62 94.1777
5390.99 94.1763
5391.36 94.1748
5391.72 94.1731
5392.09 94.1712
5392.46 94.1692
5392.82 94.167
5393.19 94.1646
5393.55 94.1622
5393.92 94.1597
5394.29 94.1572
5394.65 94.1547
5395.02 94.1521
5395.39 94.1497
5395.75 94.1473
5396.12 94.1473
5396.48 94.145
5396.85 94.1427
5397.22 94.1405
5397.58 94.1384
5397.95 94.1363
5398.31 94.1342
5398.68 94.132
5399.05 94.1298
5399.41 94.1274
5399.78 94.1249
5400.15 94.1221
5400.51 94.119
5400.88 94.1158
5401.24 94.1102
5401.61 94.1065
5401.98 94.1028
5402.34 94.0991
5402.71 94.0973
5403.08 94.094
5403.44 94.0908
5403.81 94.0878
5404.17 94.0848
5404.54 94.0821
5404.91 94.0794
5405.27 94.0769
5405.64 94.0745
5406.01 94.0723
5406.37 94.0701
5406.74 94.0681
5407.1 94.0663
5407.47 94.064
5407.84 94.0624
5408.2 94.0609
5408.57 94.0593
5408.94 94.0577
5409.3 94.0575
5409.67 94.056
5410.03 94.0545
5410.4 94.0529
5410.77 94.0513
5411.13 94.0497
5411.5 94.048
5411.86 94.0463
5412.23 94.0446
5412.6 94.0428
5412.96 94.0411
5413.33 94.0392
5413.7 94.0374
5414.06 94.0354
5414.43 94.0333
5414.79 94.0312
5415.16 94.0291
5415.53 94.0269
5415.89 94.026
5416.26 94.0237
5416.63 94.0213
5416.99 94.0191
5417.36 94.0169
5417.72 94.0149
5418.09 94.013
5418.46 94.0112
5418.82 94.0094
5419.19 94.0077
5419.56 94.0061
5419.92 94.0032
5420.29 94.0017
5420.65 94.0004
5421.02 93.9992
5421.39 93.9981
5421.75 93.9972
5422.12 93.9963
5422.48 93.9961
5422.85 93.9953
5423.22 93.9945
5423.58 93.9936
5423.95 93.9926
5424.32 93.9913
5424.68 93.9897
5425.05 93.9878
5425.41 93.9855
5425.78 93.9816
5426.15 93.9782
5426.51 93.9744
5426.88 93.9704
5427.25 93.9661
5427.61 93.9616
5427.98 93.9572
5428.34 93.9529
5428.71 93.9516
5429.08 93.9479
5429.44 93.9446
5429.81 93.9417
5430.18 93.939
5430.54 93.9366
5430.91 93.9345
5431.27 93.9326
5431.64 93.9309
5432.01 93.9306
5432.37 93.9293
5432.74 93.9283
5433.1 93.9273
5433.47 93.9264
5433.84 93.9256
5434.2 93.9248
5434.57 93.924
5434.94 93.9232
5435.3 93.9231
5435.67 93.9218
5436.03 93.9202
5436.4 93.9184
5436.77 93.9166
5437.13 93.9151
5437.5 93.914
5437.87 93.9131
5438.23 93.9118
5438.6 93.911
5438.96 93.91
5439.33 93.9089
5439.7 93.9075
5440.06 93.906
5440.43 93.9043
5440.8 93.9025
5441.16 93.9006
5441.53 93.8986
5441.89 93.8974
5442.26 93.8953
5442.63 93.8932
5442.99 93.8912
5443.36 93.8895
5443.73 93.888
5444.09 93.8868
5444.46 93.8854
5444.82 93.8845
5445.19 93.8836
5445.56 93.8827
5445.92 93.8816
5446.29 93.8804
5446.65 93.879
5447.02 93.8774
5447.39 93.8754
5447.75 93.8728
5448.12 93.8697
5448.49 93.8675
5448.85 93.8661
5449.22 93.8655
5449.58 93.8654
5449.95 93.8657
5450.32 93.8663
5450.68 93.8678
5451.05 93.8688
5451.42 93.8699
5451.78 93.871
5452.15 93.8721
5452.51 93.8733
5452.88 93.8746
5453.25 93.8759
5453.61 93.8773
5453.98 93.8788
5454.35 93.8805
5454.71 93.8822
5455.08 93.8829
5455.44 93.8847
5455.81 93.8866
5456.18 93.8886
5456.54 93.891
5456.91 93.8931
5457.27 93.8951
5457.64 93.897
5458.01 93.8986
5458.37 93.8998
5458.74 93.9005
5459.11 93.9007
5459.47 93.9004
5459.84 93.8995
5460.2 93.8983
5460.57 93.8965
5460.94 93.8945
5461.3 93.8924
5461.67 93.8899
5462.04 93.8872
5462.4 93.8843
5462.77 93.879
5463.13 93.8763
5463.5 93.8738
5463.87 93.8715
5464.23 93.8696
5464.6 93.8678
5464.97 93.8663
5465.33 93.865
5465.7 93.8638
5466.06 93.8627
5466.43 93.8615
5466.8 93.8601
5467.16 93.8585
5467.53 93.8566
5467.9 93.8537
5468.26 93.8514
5468.63 93.8493
5468.99 93.8459
5469.36 93.8448
5469.73 93.8438
5470.09 93.8429
5470.46 93.8421
5470.82 93.8413
5471.19 93.8405
5471.56 93.8396
5471.92 93.8387
5472.29 93.8378
5472.66 93.8368
5473.02 93.8359
5473.39 93.8349
5473.75 93.8341
5474.12 93.8332
5474.49 93.8327
5474.85 93.832
5475.22 93.831
5475.59 93.8305
5475.95 93.8301
5476.32 93.8299
5476.68 93.8297
5477.05 93.8297
5477.42 93.8296
5477.78 93.8297
5478.15 93.8298
5478.52 93.8299
5478.88 93.8301
5479.25 93.8302
5479.61 93.8303
5479.98 93.8304
5480.35 93.8303
5480.71 93.8302
5481.08 93.8299
5481.44 93.8296
5481.81 93.8294
5482.18 93.8291
5482.54 93.8288
5482.91 93.8283
5483.28 93.8276
5483.64 93.8268
5484.01 93.8259
5484.37 93.8248
5484.74 93.8235
5485.11 93.8221
5485.47 93.8206
5485.84 93.819
5486.21 93.8174
5486.57 93.8158
5486.94 93.8144
5487.3 93.8131
5487.67 93.8125
5488.04 93.8118
5488.4 93.8114
5488.77 93.8113
5489.14 93.8115
5489.5 93.8119
5489.87 93.8125
5490.23 93.8133
5490.6 93.8142
5490.97 93.8152
5491.33 93.8162
5491.7 93.8172
5492.06 93.8181
5492.43 93.819
5492.8 93.8198
5493.16 93.8204
5493.53 93.8214
5493.9 93.8217
5494.26 93.8219
5494.63 93.8219
5494.99 93.8219
5495.36 93.822
5495.73 93.822
5496.09 93.8222
5496.46 93.8224
5496.83 93.8227
5497.19 93.8232
5497.56 93.8237
5497.92 93.8244
5498.29 93.8251
5498.66 93.8259
5499.02 93.8267
5499.39 93.8274
5499.76 93.8268
5500.12 93.8276
5500.49 93.8263
5500.85 93.8277
5501.22 93.8293
5501.59 93.8313
5501.95 93.8334
5502.32 93.8356
5502.69 93.8379
5503.05 93.8403
5503.42 93.8426
5503.78 93.8449
5504.15 93.847
5504.52 93.8489
5504.88 93.8505
5505.25 93.8518
5505.61 93.8529
5505.98 93.8536
5506.35 93.8539
5506.71 93.8538
5507.08 93.8537
5507.45 93.8534
5507.81 93.8529
5508.18 93.8524
5508.54 93.8518
5508.91 93.8513
5509.28 93.8509
5509.64 93.8506
5510.01 93.8503
5510.38 93.8502
5510.74 93.8501
5511.11 93.8501
5511.47 93.8501
5511.84 93.8503
5512.21 93.8519
5512.57 93.8523
5512.94 93.8526
5513.31 93.8531
5513.67 93.8545
5514.04 93.8549
5514.4 93.8554
5514.77 93.8559
5515.14 93.8566
5515.5 93.8573
5515.87 93.8583
5516.23 93.8594
5516.6 93.8608
5516.97 93.8624
5517.33 93.8644
5517.7 93.8669
5518.07 93.8702
5518.43 93.8751
5518.8 93.8801
5519.16 93.8833
5519.53 93.8857
5519.9 93.8875
5520.26 93.8871
5520.63 93.8885
5521 93.8895
5521.36 93.8904
5521.73 93.891
5522.09 93.8915
5522.46 93.892
5522.83 93.8923
5523.19 93.8927
5523.56 93.893
5523.93 93.8934
5524.29 93.8926
5524.66 93.8928
5525.02 93.8929
5525.39 93.8929
5525.76 93.8928
5526.12 93.8926
5526.49 93.8925
5526.85 93.8915
5527.22 93.8914
5527.59 93.8912
5527.95 93.8911
5528.32 93.891
5528.69 93.8909
5529.05 93.8908
5529.42 93.8907
5529.78 93.8906
5530.15 93.8905
5530.52 93.8896
5530.88 93.8894
5531.25 93.8892
5531.62 93.889
5531.98 93.8888
5532.35 93.8886
5532.71 93.8884
5533.08 93.8874
5533.45 93.8873
5533.81 93.8871
5534.18 93.8871
5534.55 93.8873
5534.91 93.8877
5535.28 93.8884
5535.64 93.8894
5536.01 93.8908
5536.38 93.8926
5536.74 93.8953
5537.11 93.8979
5537.48 93.9008
5537.84 93.904
5538.21 93.9075
5538.57 93.9111
5538.94 93.9149
5539.31 93.9188
5539.67 93.9198
5540.04 93.9236
5540.4 93.9274
5540.77 93.9309
5541.14 93.9342
5541.5 93.9373
5541.87 93.9401
5542.24 93.9427
5542.6 93.945
5542.97 93.9478
5543.33 93.9497
5543.7 93.9514
5544.07 93.953
5544.43 93.9545
5544.8 93.9559
5545.17 93.9574
5545.53 93.9588
5545.9 93.9603
5546.26 93.961
5546.63 93.9626
5547 93.9641
5547.36 93.9658
5547.73 93.9675
5548.1 93.9692
5548.46 93.9709
5548.83 93.9725
5549.19 93.9747
5549.56 93.9763
5549.93 93.978
5550.29 93.9796
5550.66 93.9813
5551.02 93.983
5551.39 93.9847
5551.76 93.9864
5552.12 93.9881
5552.49 93.9898
5552.86 93.9905
5553.22 93.9922
5553.59 93.9938
5553.95 93.9954
5554.32 93.9968
5554.69 93.9982
5555.05 93.9995
5555.42 94.0014
5555.79 94.0026
5556.15 94.0036
5556.52 94.0047
5556.88 94.0057
5557.25 94.0068
5557.62 94.0079
5557.98 94.0091
5558.35 94.0103
5558.72 94.0115
5559.08 94.0129
5559.45 94.0135
5559.81 94.015
5560.18 94.0166
5560.55 94.0185
5560.91 94.0206
5561.28 94.0232
5561.65 94.0258
5562.01 94.0286
5562.38 94.0314
5562.74 94.0342
5563.11 94.0369
5563.48 94.0394
5563.84 94.0418
5564.21 94.0439
5564.57 94.0457
5564.94 94.047
5565.31 94.0476
5565.67 94.0472
5566.04 94.0424
5566.41 94.0395
5566.77 94.0383
5567.14 94.0378
5567.5 94.0358
5567.87 94.0361
5568.24 94.0365
5568.6 94.037
5568.97 94.0378
5569.34 94.0387
5569.7 94.04
5570.07 94.0416
5570.43 94.0435
5570.8 94.046
5571.17 94.0494
5571.53 94.0532
5571.9 94.0555
5572.27 94.0542
5572.63 94.0551
5573 94.0551
5573.36 94.0543
5573.73 94.0512
5574.1 94.0496
5574.46 94.0479
5574.83 94.046
5575.19 94.0442
5575.56 94.0423
5575.93 94.0406
5576.29 94.039
5576.66 94.0377
5577.03 94.0365
5577.39 94.0355
5577.76 94.0347
5578.12 94.0342
5578.49 94.0339
5578.86 94.0344
5579.22 94.0345
5579.59 94.0348
5579.96 94.0363
5580.32 94.0371
5580.69 94.0381
5581.05 94.0394
5581.42 94.041
5581.79 94.0429
5582.15 94.0452
5582.52 94.0481
5582.89 94.0517
5583.25 94.0565
5583.62 94.0603
5583.98 94.063
5584.35 94.065
5584.72 94.0666
5585.08 94.068
5585.45 94.0686
5585.81 94.0699
5586.18 94.0719
5586.55 94.0733
5586.91 94.0749
5587.28 94.0767
5587.65 94.0788
5588.01 94.081
5588.38 94.0834
5588.74 94.0859
5589.11 94.0885
5589.48 94.0911
5589.84 94.0938
5590.21 94.0966
5590.58 94.0993
5590.94 94.1021
5591.31 94.1049
5591.67 94.1078
5592.04 94.1129
5592.41 94.1159
5592.77 94.1189
5593.14 94.122
5593.51 94.1251
5593.87 94.1281
5594.24 94.1311
5594.6 94.134
5594.97 94.1369
5595.34 94.1396
5595.7 94.1423
5596.07 94.1448
5596.44 94.1472
5596.8 94.1495
5597.17 94.1516
5597.53 94.1536
5597.9 94.1554
5598.27 94.158
5598.63 94.1588
5599 94.1603
5599.36 94.1617
5599.73 94.1632
5600.1 94.1647
5600.46 94.1663
5600.83 94.168
5601.2 94.1697
5601.56 94.1716
5601.93 94.1737
5602.29 94.1763
5602.66 94.1795
5603.03 94.1839
5603.39 94.1885
5603.76 94.1918
5604.13 94.1943
5604.49 94.1954
5604.86 94.1944
5605.22 94.1956
5605.59 94.1964
5605.96 94.1969
5606.32 94.197
5606.69 94.1967
5607.06 94.1962
5607.42 94.1957
5607.79 94.1953
5608.15 94.1952
5608.52 94.1954
5608.89 94.1961
5609.25 94.1973
5609.62 94.199
5609.98 94.2012
5610.35 94.2041
5610.72 94.2061
5611.08 94.2097
5611.45 94.2088
5611.82 94.2125
5612.18 94.2161
5612.55 94.2197
5612.91 94.2232
5613.28 94.2268
5613.65 94.2306
5614.01 94.2345
5614.38 94.2386
5614.75 94.2428
5615.11 94.2472
5615.48 94.2516
5615.84 94.2561
5616.21 94.2605
5616.58 94.2649
5616.94 94.2699
5617.31 94.2743
5617.68 94.2787
5618.04 94.2798
5618.41 94.2843
5618.77 94.2888
5619.14 94.2932
5619.51 94.2976
5619.87 94.3019
5620.24 94.306
5620.6 94.31
5620.97 94.3137
5621.34 94.3174
5621.7 94.3209
5622.07 94.3245
5622.44 94.3281
5622.8 94.3317
5623.17 94.3359
5623.53 94.3393
5623.9 94.3426
5624.27 94.3458
5624.63 94.3468
5625 94.3501
5625.37 94.3534
5625.73 94.3567
5626.1 94.3601
5626.46 94.3635
5626.83 94.3668
5627.2 94.3701
5627.56 94.3733
5627.93 94.3764
5628.3 94.3794
5628.66 94.3823
5629.03 94.3864
5629.39 94.389
5629.76 94.3916
5630.13 94.3942
5630.49 94.3968
5630.86 94.3994
5631.23 94.4008
5631.59 94.4035
5631.96 94.4063
5632.32 94.4092
5632.69 94.4122
5633.06 94.4153
5633.42 94.4186
5633.79 94.422
5634.15 94.4256
5634.52 94.4293
5634.89 94.4332
5635.25 94.4395
5635.62 94.4437
5635.99 94.448
5636.35 94.4524
5636.72 94.4569
5637.08 94.4613
5637.45 94.4633
5637.82 94.4676
5638.18 94.4718
5638.55 94.4758
5638.92 94.4796
5639.28 94.4832
5639.65 94.4867
5640.01 94.4901
5640.38 94.4936
5640.75 94.4972
5641.11 94.5011
5641.48 94.5062
5641.85 94.5114
5642.21 94.5173
5642.58 94.5223
5642.94 94.5264
5643.31 94.5301
5643.68 94.5334
5644.04 94.5336
5644.41 94.5366
5644.77 94.5392
5645.14 94.5416
5645.51 94.5438
5645.87 94.5456
5646.24 94.5472
5646.61 94.5486
5646.97 94.5496
5647.34 94.5504
5647.7 94.5501
5648.07 94.5504
5648.44 94.5504
5648.8 94.5502
5649.17 94.5498
5649.54 94.5493
5649.9 94.5488
5650.27 94.5483
5650.63 94.5466
5651 94.5468
5651.37 94.5475
5651.73 94.5485
5652.1 94.5499
5652.47 94.5515
5652.83 94.5532
5653.2 94.555
5653.56 94.5568
5653.93 94.558
5654.3 94.5601
5654.66 94.5623
5655.03 94.5645
5655.4 94.5665
5655.76 94.5684
5656.13 94.57
5656.49 94.5715
5656.86 94.5727
5657.23 94.5729
5657.59 94.574
5657.96 94.5749
5658.32 94.5757
5658.69 94.5764
5659.06 94.5769
5659.42 94.5775
5659.79 94.5788
5660.16 94.5794
5660.52 94.58
5660.89 94.5806
5661.25 94.5814
5661.62 94.5824
5661.99 94.5835
5662.35 94.5848
5662.72 94.5864
5663.09 94.5883
5663.45 94.5904
5663.82 94.5923
5664.18 94.5947
5664.55 94.5974
5664.92 94.6004
5665.28 94.6035
5665.65 94.6067
5666.02 94.6121
5666.38 94.6153
5666.75 94.6186
5667.11 94.6218
5667.48 94.625
5667.85 94.6282
5668.21 94.6313
5668.58 94.6345
5668.94 94.6375
5669.31 94.6405
5669.68 94.6434
5670.04 94.6461
5670.41 94.6481
5670.78 94.6506
5671.14 94.6531
5671.51 94.6553
5671.87 94.6574
5672.24 94.6608
5672.61 94.6624
5672.97 94.6638
5673.34 94.6652
5673.71 94.6665
5674.07 94.6677
5674.44 94.669
5674.8 94.6703
5675.17 94.6718
5675.54 94.6734
5675.9 94.6753
5676.27 94.6774
5676.64 94.6781
5677 94.6804
5677.37 94.6829
5677.73 94.6854
5678.1 94.6881
5678.47 94.6909
5678.83 94.6933
5679.2 94.6955
5679.56 94.6976
5679.93 94.6994
5680.3 94.701
5680.66 94.7023
5681.03 94.7035
5681.4 94.7045
5681.76 94.7054
5682.13 94.7061
5682.49 94.7067
5682.86 94.7071
5683.23 94.7075
5683.59 94.7079
5683.96 94.7081
5684.33 94.7083
5684.69 94.709
5685.06 94.7092
5685.42 94.7094
5685.79 94.7097
5686.16 94.7101
5686.52 94.7105
5686.89 94.711
5687.26 94.7116
5687.62 94.7123
5687.99 94.713
5688.35 94.7138
5688.72 94.7145
5689.09 94.7153
5689.45 94.7159
5689.82 94.7172
5690.19 94.7178
5690.55 94.7184
5690.92 94.7201
5691.28 94.7205
5691.65 94.7209
5692.02 94.7211
5692.38 94.7211
5692.75 94.721
5693.11 94.7208
5693.48 94.7205
5693.85 94.7201
5694.21 94.7197
5694.58 94.7193
5694.95 94.7191
5695.31 94.719
5695.68 94.7191
5696.04 94.7195
5696.41 94.7203
5696.78 94.7219
5697.14 94.7228
5697.51 94.7238
5697.88 94.725
5698.24 94.7263
5698.61 94.7276
5698.97 94.7289
5699.34 94.7303
5699.71 94.7316
5700.07 94.7329
5700.44 94.7341
5700.81 94.7354
5701.17 94.7365
5701.54 94.7377
5701.9 94.7389
5702.27 94.7401
5702.64 94.7415
5703 94.7458
5703.37 94.7474
5703.73 94.749
5704.1 94.7508
5704.47 94.7527
5704.83 94.7547
5705.2 94.7568
5705.57 94.759
5705.93 94.7613
5706.3 94.7636
5706.66 94.7659
5707.03 94.7682
5707.4 94.7705
5707.76 94.7726
5708.13 94.7746
5708.5 94.7765
5708.86 94.7781
5709.23 94.7803
5709.59 94.7812
5709.96 94.7819
5710.33 94.7822
5710.69 94.7822
5711.06 94.7819
5711.43 94.7814
5711.79 94.7809
5712.16 94.7803
5712.52 94.7798
5712.89 94.7794
5713.26 94.7789
5713.62 94.7786
5713.99 94.7782
5714.35 94.778
5714.72 94.7778
5715.09 94.7778
5715.45 94.7781
5715.82 94.7785
5716.19 94.7784
5716.55 94.7784
5716.92 94.7785
5717.28 94.7787
5717.65 94.7789
5718.02 94.7793
5718.38 94.7799
5718.75 94.7806
5719.12 94.7815
5719.48 94.7826
5719.85 94.7839
5720.21 94.7854
5720.58 94.7872
5720.95 94.7891
5721.31 94.7911
5721.68 94.7942
5722.05 94.7966
5722.41 94.7975
5722.78 94.7999
5723.14 94.8022
5723.51 94.8043
5723.88 94.8062
5724.24 94.8077
5724.61 94.809
5724.98 94.81
5725.34 94.8108
5725.71 94.8114
5726.07 94.8118
5726.44 94.812
5726.81 94.8121
5727.17 94.812
5727.54 94.8113
5727.9 94.8108
5728.27 94.8102
5728.64 94.8095
5729 94.8082
5729.37 94.8071
5729.74 94.8059
5730.1 94.8045
5730.47 94.8029
5730.83 94.8013
5731.2 94.7999
5731.57 94.7987
5731.93 94.7976
5732.3 94.7967
5732.67 94.7958
5733.03 94.795
5733.4 94.7941
5733.76 94.7932
5734.13 94.7924
5734.5 94.7916
5734.86 94.7909
5735.23 94.7902
5735.6 94.7901
5735.96 94.7894
5736.33 94.7886
5736.69 94.7878
5737.06 94.7869
5737.43 94.7859
5737.79 94.7849
5738.16 94.7838
5738.52 94.7826
5738.89 94.7812
5739.26 94.7797
5739.62 94.7779
5739.99 94.7741
5740.36 94.7716
5740.72 94.769
5741.09 94.7666
5741.45 94.7647
5741.82 94.7631
5742.19 94.7622
5742.55 94.7613
5742.92 94.7606
5743.29 94.76
5743.65 94.7595
5744.02 94.7591
5744.38 94.7587
5744.75 94.7584
5745.12 94.7581
5745.48 94.7579
5745.85 94.7577
5746.22 94.7584
5746.58 94.7583
5746.95 94.7583
5747.31 94.7583
5747.68 94.7583
5748.05 94.7582
5748.41 94.7592
5748.78 94.7591
5749.15 94.7588
5749.51 94.7584
5749.88 94.7579
5750.24 94.7573
5750.61 94.7565
5750.98 94.7557
5751.34 94.7548
5751.71 94.7539
5752.07 94.753
5752.44 94.753
5752.81 94.7522
5753.17 94.7515
5753.54 94.7509
5753.91 94.7503
5754.27 94.7497
5754.64 94.7491
5755 94.75
5755.37 94.7493
5755.74 94.7484
5756.1 94.7475
5756.47 94.7464
5756.84 94.7451
5757.2 94.7437
5757.57 94.7421
5757.93 94.7402
5758.3 94.7382
5758.67 94.7359
5759.03 94.7336
5759.4 94.7311
5759.77 94.7285
5760.13 94.7257
5760.5 94.7227
5760.86 94.7196
5761.23 94.7166
5761.6 94.7155
5761.96 94.7128
5762.33 94.7105
5762.69 94.7086
5763.06 94.7071
5763.43 94.706
5763.79 94.7052
5764.16 94.7048
5764.53 94.7053
5764.89 94.7055
5765.26 94.706
5765.62 94.7066
5765.99 94.7073
5766.36 94.7082
5766.72 94.7091
5767.09 94.71
5767.46 94.7108
5767.82 94.7115
5768.19 94.7118
5768.55 94.7123
5768.92 94.7127
5769.29 94.7129
5769.65 94.7131
5770.02 94.7133
5770.39 94.7135
5770.75 94.7141
5771.12 94.7147
5771.48 94.7154
5771.85 94.7164
5772.22 94.7176
5772.58 94.719
5772.95 94.7207
5773.31 94.7225
5773.68 94.7245
5774.05 94.7266
5774.41 94.7287
5774.78 94.7296
5775.15 94.7317
5775.51 94.7336
5775.88 94.7353
5776.24 94.737
5776.61 94.7384
5776.98 94.7406
5777.34 94.7417
5777.71 94.7426
5778.08 94.7432
5778.44 94.7437
5778.81 94.7439
5779.17 94.744
5779.54 94.744
5779.91 94.7438
5780.27 94.7436
5780.64 94.7433
5781.01 94.7439
5781.37 94.7435
5781.74 94.7429
5782.1 94.7421
5782.47 94.7411
5782.84 94.74
5783.2 94.739
5783.57 94.7372
5783.94 94.7353
5784.3 94.7332
5784.67 94.731
5785.03 94.7287
5785.4 94.7263
5785.77 94.7239
5786.13 94.7215
5786.5 94.7192
5786.86 94.717
5787.23 94.7149
5787.6 94.7149
5787.96 94.7128
5788.33 94.7108
5788.7 94.7087
5789.06 94.7067
5789.43 94.7043
5789.79 94.7023
5790.16 94.7004
5790.53 94.6986
5790.89 94.697
5791.26 94.6957
5791.63 94.6946
5791.99 94.6938
5792.36 94.6934
5792.72 94.6932
5793.09 94.6934
5793.46 94.6937
5793.82 94.6942
5794.19 94.6951
5794.56 94.6958
5794.92 94.6965
5795.29 94.6987
5795.65 94.6996
5796.02 94.7004
5796.39 94.7012
5796.75 94.7021
5797.12 94.7029
5797.48 94.7038
5797.85 94.7046
5798.22 94.7054
5798.58 94.7061
5798.95 94.7068
5799.32 94.7073
5799.68 94.7077
5800.05 94.708
5800.41 94.7082
5800.78 94.7099
5801.15 94.7099
5801.51 94.7113
5801.88 94.711
5802.25 94.7106
5802.61 94.7101
5802.98 94.7095
5803.34 94.7087
5803.71 94.7077
5804.08 94.7064
5804.44 94.7047
5804.81 94.7029
5805.18 94.7013
5805.54 94.7
5805.91 94.699
5806.27 94.6983
5806.64 94.6977
5807.01 94.6973
5807.37 94.6985
5807.74 94.6996
5808.1 94.6993
5808.47 94.699
5808.84 94.6985
5809.2 94.6981
5809.57 94.6977
5809.94 94.6972
5810.3 94.6967
5810.67 94.6962
5811.03 94.6958
5811.4 94.6953
5811.77 94.6949
5812.13 94.6945
5812.5 94.6941
5812.87 94.6937
5813.23 94.6933
5813.6 94.6929
5813.96 94.6946
5814.33 94.694
5814.7 94.6934
5815.06 94.6927
5815.43 94.692
5815.8 94.6911
5816.16 94.6901
5816.53 94.6889
5816.89 94.6876
5817.26 94.6862
5817.63 94.6847
5817.99 94.6831
5818.36 94.6814
5818.73 94.6798
5819.09 94.6781
5819.46 94.6766
5819.82 94.675
5820.19 94.6752
5820.56 94.6736
5820.92 94.6721
5821.29 94.6705
5821.65 94.6688
5822.02 94.6671
5822.39 94.6653
5822.75 94.6635
5823.12 94.6617
5823.49 94.66
5823.85 94.6584
5824.22 94.6569
5824.58 94.6556
5824.95 94.6545
5825.32 94.6534
5825.68 94.6525
5826.05 94.6516
5826.42 94.6517
5826.78 94.6525
5827.15 94.6518
5827.51 94.6513
5827.88 94.6507
5828.25 94.6503
5828.61 94.6499
5828.98 94.6495
5829.35 94.6492
5829.71 94.649
5830.08 94.6487
5830.44 94.6485
5830.81 94.6482
5831.18 94.648
5831.54 94.6476
5831.91 94.6472
5832.27 94.6474
5832.64 94.6468
5833.01 94.646
5833.37 94.6465
5833.74 94.6456
5834.11 94.6446
5834.47 94.6434
5834.84 94.6422
5835.2 94.6409
5835.57 94.6395
5835.94 94.638
5836.3 94.6365
5836.67 94.635
5837.04 94.6334
5837.4 94.6319
5837.77 94.6305
5838.13 94.6292
5838.5 94.6286
5838.87 94.6277
5839.23 94.627
5839.6 94.6265
5839.97 94.6276
5840.33 94.6274
5840.7 94.6272
5841.06 94.6272
5841.43 94.6272
5841.8 94.6273
5842.16 94.6275
5842.53 94.6279
5842.9 94.6283
5843.26 94.6289
5843.63 94.6297
5843.99 94.6306
5844.36 94.6317
5844.73 94.6345
5845.09 94.636
5845.46 94.6376
5845.82 94.6393
5846.19 94.6411
5846.56 94.6428
5846.92 94.6446
5847.29 94.6464
5847.66 94.6481
5848.02 94.6497
5848.39 94.6513
5848.75 94.6527
5849.12 94.6542
5849.49 94.6556
5849.85 94.6569
5850.22 94.6583
5850.59 94.6597
5850.95 94.6621
5851.32 94.6635
5851.68 94.6652
5852.05 94.6669
5852.42 94.6689
5852.78 94.67
5853.15 94.6721
5853.52 94.6744
5853.88 94.6769
5854.25 94.6794
5854.61 94.682
5854.98 94.6845
5855.35 94.687
5855.71 94.6893
5856.08 94.6916
5856.44 94.6937
5856.81 94.6957
5857.18 94.6984
5857.54 94.7001
5857.91 94.7016
5858.28 94.7029
5858.64 94.7041
5859.01 94.7052
5859.37 94.7054
5859.74 94.7063
5860.11 94.7071
5860.47 94.7079
5860.84 94.7086
5861.21 94.7093
5861.57 94.7099
5861.94 94.7104
5862.3 94.7109
5862.67 94.7113
5863.04 94.7122
5863.4 94.7125
5863.77 94.7127
5864.14 94.7127
5864.5 94.7127
5864.87 94.7126
5865.23 94.7124
5865.6 94.7122
5865.97 94.7127
5866.33 94.7124
5866.7 94.712
5867.06 94.7115
5867.43 94.7109
5867.8 94.7103
5868.16 94.7096
5868.53 94.7087
5868.9 94.7076
5869.26 94.7064
5869.63 94.705
5869.99 94.7036
5870.36 94.7022
5870.73 94.7008
5871.09 94.6993
5871.46 94.6979
5871.83 94.6965
5872.19 94.695
5872.56 94.6945
5872.92 94.6929
5873.29 94.6912
5873.66 94.6895
5874.02 94.6876
5874.39 94.6857
5874.76 94.6836
5875.12 94.6815
5875.49 94.6775
5875.85 94.6753
5876.22 94.673
5876.59 94.6708
5876.95 94.6685
5877.32 94.6663
5877.69 94.6641
5878.05 94.6619
5878.42 94.6597
5878.78 94.6576
5879.15 94.6558
5879.52 94.6537
5879.88 94.6516
5880.25 94.6494
5880.61 94.6472
5880.98 94.6449
5881.35 94.6426
5881.71 94.6384
5882.08 94.6359
5882.45 94.6332
5882.81 94.6306
5883.18 94.6279
5883.54 94.6252
5883.91 94.6226
5884.28 94.6201
5884.64 94.6176
5885.01 94.6152
5885.38 94.6129
5885.74 94.6102
5886.11 94.6079
5886.47 94.6056
5886.84 94.6034
5887.21 94.6013
5887.57 94.5993
5887.94 94.5947
5888.31 94.593
5888.67 94.5913
5889.04 94.5896
5889.4 94.5879
5889.77 94.5862
5890.14 94.5845
5890.5 94.5826
5890.87 94.5806
5891.23 94.5784
5891.6 94.5759
5891.97 94.5723
5892.33 94.5696
5892.7 94.5669
5893.07 94.5642
5893.43 94.5615
5893.8 94.5556
5894.16 94.5529
5894.53 94.5502
5894.9 94.5474
5895.26 94.5446
5895.63 94.5417
5896 94.5387
5896.36 94.5357
5896.73 94.5326
5897.09 94.5295
5897.46 94.5265
5897.83 94.5234
5898.19 94.5202
5898.56 94.5182
5898.93 94.5152
5899.29 94.5122
5899.66 94.5091
5900.02 94.5043
5900.39 94.5012
5900.76 94.498
5901.12 94.4948
5901.49 94.4916
5901.85 94.4883
5902.22 94.485
5902.59 94.4816
5902.95 94.4782
5903.32 94.4747
5903.69 94.471
5904.05 94.4673
5904.42 94.4633
5904.78 94.4592
5905.15 94.4558
5905.52 94.4513
5905.88 94.4468
5906.25 94.4392
5906.62 94.4357
5906.98 94.4328
5907.35 94.4304
5907.71 94.4285
5908.08 94.427
5908.45 94.426
5908.81 94.4252
5909.18 94.4246
5909.55 94.4242
5909.91 94.4236
5910.28 94.423
5910.64 94.4222
5911.01 94.4212
5911.38 94.42
5911.74 94.4182
5912.11 94.4166
5912.48 94.4122
5912.84 94.4098
5913.21 94.4072
5913.57 94.4044
5913.94 94.4015
5914.31 94.3984
5914.67 94.3945
5915.04 94.3902
5915.4 94.3887
5915.77 94.3889
5916.14 94.3904
5916.5 94.3927
5916.87 94.3951
5917.24 94.3972
5917.6 94.399
5917.97 94.4004
5918.33 94.3998
5918.7 94.4007
5919.07 94.4017
5919.43 94.4026
5919.8 94.4033
5920.17 94.404
5920.53 94.4045
5920.9 94.4051
5921.26 94.4056
5921.63 94.4062
5922 94.4068
5922.36 94.4073
5922.73 94.4078
5923.1 94.4083
5923.46 94.4086
5923.83 94.4088
5924.19 94.4088
5924.56 94.4088
5924.93 94.4082
5925.29 94.4074
5925.66 94.4063
5926.02 94.4048
5926.39 94.403
5926.76 94.4007
5927.12 94.3982
5927.49 94.3954
5927.86 94.3925
5928.22 94.3894
5928.59 94.3863
5928.95 94.3833
5929.32 94.3804
5929.69 94.3776
5930.05 94.3749
5930.42 94.3723
5930.79 94.3685
5931.15 94.3672
5931.52 94.3647
5931.88 94.3623
5932.25 94.3598
5932.62 94.3573
5932.98 94.3549
5933.35 94.3524
5933.72 94.3498
5934.08 94.3469
5934.45 94.3437
5934.81 94.3399
5935.18 94.335
5935.55 94.3301
5935.91 94.3261
5936.28 94.3227
5936.65 94.3195
5937.01 94.3149
5937.38 94.3126
5937.74 94.3113
5938.11 94.3093
5938.48 94.3075
5938.84 94.3058
5939.21 94.3042
5939.57 94.3026
5939.94 94.3012
5940.31 94.2997
5940.67 94.2983
5941.04 94.2969
5941.41 94.2954
5941.77 94.2939
5942.14 94.2922
5942.5 94.2904
5942.87 94.2889
5943.24 94.2867
5943.6 94.2867
5943.97 94.287
5944.34 94.2865
5944.7 94.2871
5945.07 94.2877
5945.43 94.2882
5945.8 94.2886
5946.17 94.289
5946.53 94.2893
5946.9 94.2896
5947.27 94.2899
5947.63 94.2902
5948 94.2905
5948.36 94.2909
5948.73 94.2914
5949.1 94.2921
5949.46 94.2927
5949.83 94.2935
5950.19 94.2942
5950.56 94.2945
5950.93 94.2942
5951.29 94.2942
5951.66 94.2938
5952.03 94.2931
5952.39 94.2923
5952.76 94.2912
5953.12 94.2899
5953.49 94.2886
5953.86 94.287
5954.22 94.2853
5954.59 94.2835
5954.96 94.2816
5955.32 94.2796
5955.69 94.2762
5956.05 94.2741
5956.42 94.272
5956.79 94.2701
5957.15 94.2682
5957.52 94.2672
5957.89 94.2656
5958.25 94.2641
5958.62 94.2627
5958.98 94.2614
5959.35 94.2601
5959.72 94.2589
5960.08 94.2578
5960.45 94.2566
5960.81 94.2554
5961.18 94.2542
5961.55 94.2521
5961.91 94.2506
5962.28 94.249
5962.65 94.2473
5963.01 94.2456
5963.38 94.2439
5963.74 94.2425
5964.11 94.2408
5964.48 94.2391
5964.84 94.2375
5965.21 94.2362
5965.58 94.235
5965.94 94.234
5966.31 94.2331
5966.67 94.2323
5967.04 94.2314
5967.41 94.2304
5967.77 94.228
5968.14 94.2265
5968.51 94.2247
5968.87 94.2227
5969.24 94.2203
5969.6 94.2174
5969.97 94.2141
5970.34 94.2104
5970.7 94.2051
5971.07 94.1998
5971.44 94.1959
5971.8 94.1928
5972.17 94.1905
5972.53 94.1887
5972.9 94.1874
5973.27 94.1866
5973.63 94.1863
5974 94.1863
5974.36 94.1871
5974.73 94.1883
5975.1 94.19
5975.46 94.1919
5975.83 94.1937
5976.2 94.1953
5976.56 94.1967
5976.93 94.1972
5977.29 94.1984
5977.66 94.1992
5978.03 94.1999
5978.39 94.2003
5978.76 94.2005
5979.13 94.2006
5979.49 94.2005
5979.86 94.2004
5980.22 94.2012
5980.59 94.2009
5980.96 94.2005
5981.32 94.2
5981.69 94.1995
5982.06 94.199
5982.42 94.1984
5982.79 94.1979
5983.15 94.1975
5983.52 94.1984
5983.89 94.1979
5984.25 94.1975
5984.62 94.1972
5984.98 94.197
5985.35 94.197
5985.72 94.1971
5986.08 94.1974
5986.45 94.1988
5986.82 94.1995
5987.18 94.2002
5987.55 94.201
5987.91 94.2018
5988.28 94.2026
5988.65 94.2033
5989.01 94.204
5989.38 94.2047
5989.75 94.2053
5990.11 94.2067
5990.48 94.2072
5990.84 94.2077
5991.21 94.208
5991.58 94.2083
5991.94 94.2085
5992.31 94.2087
5992.68 94.2095
5993.04 94.2093
5993.41 94.2088
5993.77 94.2083
5994.14 94.2075
5994.51 94.2066
5994.87 94.2055
5995.24 94.2042
5995.6 94.2028
5995.97 94.2012
5996.34 94.2005
5996.7 94.1988
5997.07 94.197
5997.44 94.1952
5997.8 94.1936
5998.17 94.192
5998.53 94.1906
5998.9 94.1896
5999.27 94.1888
5999.63 94.1882
6000 94.1877
6000.37 94.1874
6000.73 94.1872
6001.1 94.1872
6001.46 94.1872
6001.83 94.1874
6002.2 94.1876
6002.56 94.1879
6002.93 94.189
6003.3 94.1893
6003.66 94.1897
6004.03 94.1902
6004.39 94.1907
6004.76 94.1925
6005.13 94.1931
6005.49 94.1937
6005.86 94.1944
6006.23 94.1951
6006.59 94.1958
6006.96 94.1966
6007.32 94.1973
6007.69 94.198
6008.06 94.1987
6008.42 94.1995
6008.79 94.2003
6009.15 94.2011
6009.52 94.2022
6009.89 94.2032
6010.25 94.2042
6010.62 94.2054
6010.99 94.2079
6011.35 94.2093
6011.72 94.2107
6012.08 94.2121
6012.45 94.2136
6012.82 94.2151
6013.18 94.2167
6013.55 94.2182
6013.92 94.2199
6014.28 94.2215
6014.65 94.2232
6015.01 94.2251
6015.38 94.2271
6015.75 94.2294
6016.11 94.2299
6016.48 94.2322
6016.85 94.2342
6017.21 94.2355
6017.58 94.2362
6017.94 94.2365
6018.31 94.2364
6018.68 94.2361
6019.04 94.2355
6019.41 94.2349
6019.77 94.2341
6020.14 94.2332
6020.51 94.2321
6020.87 94.2309
6021.24 94.2296
6021.61 94.2283
6021.97 94.2269
6022.34 94.2257
6022.7 94.2245
6023.07 94.2236
6023.44 94.2219
6023.8 94.2212
6024.17 94.2204
6024.54 94.2194
6024.9 94.2182
6025.27 94.2166
6025.63 94.2148
6026 94.2126
6026.37 94.2101
6026.73 94.2073
6027.1 94.204
6027.47 94.2002
6027.83 94.196
6028.2 94.1917
6028.56 94.188
6028.93 94.1849
6029.3 94.1832
6029.66 94.1814
6030.03 94.1798
6030.4 94.1786
6030.76 94.1775
6031.13 94.1767
6031.49 94.1761
6031.86 94.1757
6032.23 94.1754
6032.59 94.1753
6032.96 94.1754
6033.32 94.1756
6033.69 94.1759
6034.06 94.1764
6034.42 94.177
6034.79 94.1777
6035.16 94.1786
6035.52 94.1788
6035.89 94.1796
6036.25 94.1805
6036.62 94.1815
6036.99 94.1826
6037.35 94.1837
6037.72 94.1849
6038.09 94.1862
6038.45 94.1875
6038.82 94.189
6039.18 94.1907
6039.55 94.1924
6039.92 94.1941
6040.28 94.1958
6040.65 94.1972
6041.02 94.1984
6041.38 94.1993
6041.75 94.1986
6042.11 94.1974
6042.48 94.1977
6042.85 94.1979
6043.21 94.198
6043.58 94.1979
6043.94 94.1978
6044.31 94.1975
6044.68 94.1971
6045.04 94.1967
6045.41 94.1962
6045.78 94.1956
6046.14 94.195
6046.51 94.1942
6046.87 94.1934
6047.24 94.1925
6047.61 94.1915
6047.97 94.1897
6048.34 94.1887
6048.71 94.1879
6049.07 94.187
6049.44 94.1862
6049.8 94.1856
6050.17 94.185
6050.54 94.1846
6050.9 94.1844
6051.27 94.1843
6051.64 94.1843
6052 94.1845
6052.37 94.1849
6052.73 94.1855
6053.1 94.1862
6053.47 94.1871
6053.83 94.1882
6054.2 94.1904
6054.56 94.1918
6054.93 94.1932
6055.3 94.1945
6055.66 94.196
6056.03 94.1975
6056.4 94.199
6056.76 94.2004
6057.13 94.2019
6057.49 94.2032
6057.86 94.2046
6058.23 94.2059
6058.59 94.2072
6058.96 94.2085
6059.33 94.2098
6059.69 94.2113
6060.06 94.2129
6060.42 94.2158
6060.79 94.2179
6061.16 94.2202
6061.52 94.2228
6061.89 94.2242
6062.26 94.2271
6062.62 94.2303
6062.99 94.2338
6063.35 94.2373
6063.72 94.2408
6064.09 94.2443
6064.45 94.2476
6064.82 94.2507
6065.19 94.2537
6065.55 94.2564
6065.92 94.259
6066.28 94.2629
6066.65 94.2651
6067.02 94.2672
6067.38 94.2692
6067.75 94.2711
6068.11 94.2721
6068.48 94.2737
6068.85 94.2751
6069.21 94.2764
6069.58 94.2776
6069.95 94.2786
6070.31 94.2796
6070.68 94.2805
6071.04 94.2815
6071.41 94.2824
6071.78 94.2835
6072.14 94.2845
6072.51 94.2863
6072.88 94.2873
6073.24 94.2882
6073.61 94.289
6073.97 94.2897
6074.34 94.2902
6074.71 94.2907
6075.07 94.291
6075.44 94.2911
6075.81 94.2911
6076.17 94.2909
6076.54 94.2906
6076.9 94.2903
6077.27 94.29
6077.64 94.2897
6078 94.2895
6078.37 94.2895
6078.73 94.2891
6079.1 94.2895
6079.47 94.2902
6079.83 94.291
6080.2 94.292
6080.57 94.2931
6080.93 94.2943
6081.3 94.294
6081.66 94.2952
6082.03 94.2966
6082.4 94.298
6082.76 94.2994
6083.13 94.3008
6083.5 94.3022
6083.86 94.3035
6084.23 94.3047
6084.59 94.3058
6084.96 94.3071
6085.33 94.3081
6085.69 94.309
6086.06 94.3099
6086.43 94.3107
6086.79 94.3115
6087.16 94.3124
6087.52 94.3133
6087.89 94.314
6088.26 94.3151
6088.62 94.3163
6088.99 94.3176
6089.35 94.3191
6089.72 94.3208
6090.09 94.3227
6090.45 94.3249
6090.82 94.3273
6091.19 94.331
6091.55 94.3338
6091.92 94.3367
6092.28 94.3396
6092.65 94.3424
6093.02 94.345
6093.38 94.3472
6093.75 94.349
6094.12 94.3503
6094.48 94.3509
6094.85 94.3518
6095.21 94.3523
6095.58 94.3526
6095.95 94.3526
6096.31 94.3524
6096.68 94.352
6097.05 94.3518
6097.41 94.3512
6097.78 94.3505
6098.14 94.3499
6098.51 94.3492
6098.88 94.3486
6099.24 94.3481
6099.61 94.3478
6099.98 94.3476
6100.34 94.3478
6100.71 94.3482
6101.07 94.3484
6101.44 94.3492
6101.81 94.3505
6102.17 94.3522
6102.54 94.3541
6102.9 94.3559
6103.27 94.3582
6103.64 94.3598
6104 94.3614
6104.37 94.363
6104.74 94.3647
6105.1 94.3664
6105.47 94.3683
6105.83 94.3703
6106.2 94.3725
6106.57 94.3748
6106.93 94.3772
6107.3 94.3787
6107.67 94.3814
6108.03 94.3841
6108.4 94.387
6108.76 94.39
6109.13 94.3929
6109.5 94.3974
6109.86 94.4001
6110.23 94.4027
6110.6 94.405
6110.96 94.4071
6111.33 94.409
6111.69 94.4109
6112.06 94.4126
6112.43 94.4144
6112.79 94.4161
6113.16 94.4178
6113.52 94.4196
6113.89 94.4203
6114.26 94.422
6114.62 94.424
6114.99 94.4265
6115.36 94.4293
6115.72 94.4309
6116.09 94.4318
6116.45 94.4321
6116.82 94.4319
6117.19 94.4313
6117.55 94.4303
6117.92 94.4292
6118.29 94.4278
6118.65 94.4263
6119.02 94.4247
6119.38 94.4229
6119.75 94.4211
6120.12 94.419
6120.48 94.4173
6120.85 94.4149
6121.22 94.4123
6121.58 94.4095
6121.95 94.4039
6122.31 94.4008
6122.68 94.3979
6123.05 94.3952
6123.41 94.3928
6123.78 94.3908
6124.15 94.3891
6124.51 94.3877
6124.88 94.3867
6125.24 94.3859
6125.61 94.3854
6125.98 94.3852
6126.34 94.3853
6126.71 94.3856
6127.07 94.3854
6127.44 94.3859
6127.81 94.3867
6128.17 94.3876
6128.54 94.3887
6128.91 94.3901
6129.27 94.3917
6129.64 94.3935
6130 94.3955
6130.37 94.3976
6130.74 94.3997
6131.1 94.4019
6131.47 94.4041
6131.84 94.4063
6132.2 94.4082
6132.57 94.4101
6132.93 94.4117
6133.3 94.4132
6133.67 94.4124
6134.03 94.4127
6134.4 94.4136
6134.77 94.4144
6135.13 94.415
6135.5 94.4155
6135.86 94.4158
6136.23 94.4161
6136.6 94.4164
6136.96 94.417
6137.33 94.418
6137.69 94.4193
6138.06 94.4206
6138.43 94.4216
6138.79 94.4226
6139.16 94.4233
6139.53 94.4239
6139.89 94.4234
6140.26 94.4237
6140.62 94.4244
6140.99 94.4249
6141.36 94.4255
6141.72 94.4262
6142.09 94.4269
6142.46 94.4278
6142.82 94.4288
6143.19 94.4298
6143.55 94.431
6143.92 94.4322
6144.29 94.4334
6144.65 94.4348
6145.02 94.4361
6145.39 94.4375
6145.75 94.4389
6146.12 94.4403
6146.48 94.4421
6146.85 94.4435
6147.22 94.4449
6147.58 94.4464
6147.95 94.4479
6148.31 94.4495
6148.68 94.4511
6149.05 94.4528
6149.41 94.4545
6149.78 94.4563
6150.15 94.4582
6150.51 94.46
6150.88 94.4618
6151.24 94.4636
6151.61 94.4653
6151.98 94.4668
6152.34 94.4683
6152.71 94.4702
6153.08 94.4708
6153.44 94.4718
6153.81 94.4727
6154.17 94.4735
6154.54 94.4743
6154.91 94.4751
6155.27 94.4759
6155.64 94.4769
6156.01 94.4779
6156.37 94.479
6156.74 94.4802
6157.1 94.4815
6157.47 94.4829
6157.84 94.4843
6158.2 94.4856
6158.57 94.4869
6158.94 94.4883
6159.3 94.4892
6159.67 94.4894
6160.03 94.4902
6160.4 94.4909
6160.77 94.4913
6161.13 94.4916
6161.5 94.4918
6161.86 94.4917
6162.23 94.4914
6162.6 94.491
6162.96 94.4903
6163.33 94.4894
6163.7 94.4882
6164.06 94.4868
6164.43 94.485
6164.79 94.4809
6165.16 94.4779
6165.53 94.4746
6165.89 94.4716
6166.26 94.4691
6166.63 94.4669
6166.99 94.4652
6167.36 94.4638
6167.72 94.4628
6168.09 94.4622
6168.46 94.4619
6168.82 94.4619
6169.19 94.4622
6169.56 94.4629
6169.92 94.4638
6170.29 94.4649
6170.65 94.4662
6171.02 94.4683
6171.39 94.4701
6171.75 94.472
6172.12 94.4741
6172.48 94.4763
6172.85 94.4772
6173.22 94.4796
6173.58 94.4821
6173.95 94.4845
6174.32 94.4867
6174.68 94.4887
6175.05 94.4904
6175.41 94.4919
6175.78 94.493
6176.15 94.4938
6176.51 94.4943
6176.88 94.4943
6177.25 94.4929
6177.61 94.4921
6177.98 94.4913
6178.34 94.4905
6178.71 94.49
6179.08 94.4894
6179.44 94.489
6179.81 94.4887
6180.18 94.4886
6180.54 94.4885
6180.91 94.4886
6181.27 94.4887
6181.64 94.489
6182.01 94.4893
6182.37 94.4896
6182.74 94.4899
6183.1 94.4901
6183.47 94.4902
6183.84 94.4902
6184.2 94.4902
6184.57 94.49
6184.94 94.4898
6185.3 94.4895
6185.67 94.4898
6186.03 94.4895
6186.4 94.4891
6186.77 94.4886
6187.13 94.4881
6187.5 94.4874
6187.87 94.4866
6188.23 94.4858
6188.6 94.4849
6188.96 94.4839
6189.33 94.4829
6189.7 94.4818
6190.06 94.4809
6190.43 94.4802
6190.8 94.4796
6191.16 94.4792
6191.53 94.4789
6191.89 94.4788
6192.26 94.4789
6192.63 94.479
6192.99 94.4792
6193.36 94.4796
6193.73 94.4802
6194.09 94.4809
6194.46 94.4817
6194.82 94.4826
6195.19 94.4836
6195.56 94.4847
6195.92 94.4867
6196.29 94.4882
6196.65 94.4898
6197.02 94.4916
6197.39 94.4935
6197.75 94.4955
6198.12 94.4977
6198.49 94.5
6198.85 94.5014
6199.22 94.5039
6199.58 94.5065
6199.95 94.5091
6200.32 94.5117
6200.68 94.5145
6201.05 94.5172
6201.42 94.52
6201.78 94.5241
6202.15 94.5268
6202.51 94.5295
6202.88 94.5321
6203.25 94.5347
6203.61 94.5372
6203.98 94.5398
6204.35 94.5423
6204.71 94.5449
6205.08 94.5474
6205.44 94.5488
6205.81 94.5514
6206.18 94.5539
6206.54 94.5565
6206.91 94.5591
6207.27 94.5617
6207.64 94.5644
6208.01 94.5688
6208.37 94.5716
6208.74 94.5744
6209.11 94.5773
6209.47 94.5803
6209.84 94.5832
6210.2 94.5862
6210.57 94.5892
6210.94 94.5922
6211.3 94.5951
6211.67 94.5968
6212.04 94.5996
6212.4 94.6022
6212.77 94.6046
6213.13 94.6067
6213.5 94.6086
6213.87 94.6102
6214.23 94.6128
6214.6 94.6139
6214.97 94.6148
6215.33 94.6155
6215.7 94.6161
6216.06 94.6167
6216.43 94.6172
6216.8 94.6176
6217.16 94.6179
6217.53 94.6183
6217.9 94.6185
6218.26 94.6193
6218.63 94.6194
6218.99 94.6194
6219.36 94.6192
6219.73 94.6189
6220.09 94.6184
6220.46 94.6177
6220.82 94.6173
6221.19 94.6172
6221.56 94.6173
6221.92 94.6176
6222.29 94.6181
6222.66 94.6186
6223.02 94.6193
6223.39 94.62
6223.75 94.6208
6224.12 94.6216
6224.49 94.6225
6224.85 94.6237
6225.22 94.6248
6225.59 94.6259
6225.95 94.627
6226.32 94.6283
6226.68 94.6313
6227.05 94.6327
6227.42 94.6341
6227.78 94.6355
6228.15 94.637
6228.52 94.6384
6228.88 94.6399
6229.25 94.6413
6229.61 94.6427
6229.98 94.644
6230.35 94.6451
6230.71 94.6462
6231.08 94.647
6231.44 94.6478
6231.81 94.6484
6232.18 94.6488
6232.54 94.649
6232.91 94.6488
6233.28 94.6482
6233.64 94.6474
6234.01 94.6463
6234.37 94.645
6234.74 94.6435
6235.11 94.6419
6235.47 94.6403
6235.84 94.6387
6236.21 94.6372
6236.57 94.6358
6236.94 94.6346
6237.3 94.6335
6237.67 94.6328
6238.04 94.6326
6238.4 94.6323
6238.77 94.6327
6239.14 94.6331
6239.5 94.6337
6239.87 94.6345
6240.23 94.6355
6240.6 94.6366
6240.97 94.6379
6241.33 94.6394
6241.7 94.641
6242.06 94.6426
6242.43 94.6444
6242.8 94.6463
6243.16 94.6483
6243.53 94.6503
6243.9 94.6525
6244.26 94.654
6244.63 94.6562
6244.99 94.6598
6245.36 94.6621
6245.73 94.6645
6246.09 94.6671
6246.46 94.6699
6246.83 94.6729
6247.19 94.6765
6247.56 94.6814
6247.92 94.6865
6248.29 94.6899
6248.66 94.6926
6249.02 94.6949
6249.39 94.6972
6249.76 94.6995
6250.12 94.7018
6250.49 94.7041
6250.85 94.705
6251.22 94.7086
6251.59 94.711
6251.95 94.7133
6252.32 94.7156
6252.69 94.7178
6253.05 94.72
6253.42 94.7222
6253.78 94.7244
6254.15 94.7267
6254.52 94.7291
6254.88 94.7316
6255.25 94.7343
6255.61 94.737
6255.98 94.7399
6256.35 94.7428
6256.71 94.7456
6257.08 94.7483
6257.45 94.75
6257.81 94.7526
6258.18 94.7551
6258.54 94.7574
6258.91 94.7594
6259.28 94.7613
6259.64 94.7628
6260.01 94.7642
6260.38 94.7652
6260.74 94.7659
6261.11 94.7664
6261.47 94.7667
6261.84 94.7667
6262.21 94.7665
6262.57 94.766
6262.94 94.7654
6263.31 94.7647
6263.67 94.7635
6264.04 94.7632
6264.4 94.7624
6264.77 94.7616
6265.14 94.7607
6265.5 94.7599
6265.87 94.7591
6266.23 94.7583
6266.6 94.7575
6266.97 94.7567
6267.33 94.7558
6267.7 94.7551
6268.07 94.7544
6268.43 94.7538
6268.8 94.7532
6269.16 94.7526
6269.53 94.7519
6269.9 94.7514
6270.26 94.751
6270.63 94.7509
6271 94.7504
6271.36 94.7498
6271.73 94.7492
6272.09 94.7485
6272.46 94.7477
6272.83 94.7467
6273.19 94.7457
6273.56 94.7444
6273.93 94.743
6274.29 94.7414
6274.66 94.7397
6275.02 94.7378
6275.39 94.7357
6275.76 94.7331
6276.12 94.7307
6276.49 94.7283
6276.85 94.7257
6277.22 94.725
6277.59 94.7223
6277.95 94.7195
6278.32 94.7167
6278.69 94.7138
6279.05 94.7108
6279.42 94.7077
6279.78 94.7045
6280.15 94.7012
6280.52 94.6977
6280.88 94.6939
6281.25 94.6899
6281.62 94.6859
6281.98 94.6793
6282.35 94.6759
6282.71 94.6729
6283.08 94.6702
6283.45 94.6684
6283.81 94.6661
6284.18 94.664
6284.55 94.6619
6284.91 94.6599
6285.28 94.658
6285.64 94.6562
6286.01 94.6545
6286.38 94.6531
6286.74 94.6518
6287.11 94.6508
6287.48 94.65
6287.84 94.6496
6288.21 94.6489
6288.57 94.649
6288.94 94.6494
6289.31 94.65
6289.67 94.6507
6290.04 94.6509
6290.4 94.652
6290.77 94.6533
6291.14 94.6547
6291.5 94.6564
6291.87 94.6583
6292.24 94.6605
6292.6 94.663
6292.97 94.6658
6293.33 94.6691
6293.7 94.6726
6294.07 94.6763
6294.43 94.6806
6294.8 94.6843
6295.17 94.6877
6295.53 94.691
6295.9 94.6941
6296.26 94.6971
6296.63 94.6979
6297 94.7006
6297.36 94.7032
6297.73 94.7055
6298.1 94.7077
6298.46 94.7097
6298.83 94.7115
6299.19 94.7131
6299.56 94.7145
6299.93 94.7157
6300.29 94.7167
6300.66 94.7173
6301.02 94.7178
6301.39 94.7181
6301.76 94.7184
6302.12 94.7186
6302.49 94.7187
6302.86 94.7188
6303.22 94.7187
6303.59 94.7188
6303.95 94.7189
6304.32 94.7188
6304.69 94.7187
6305.05 94.7185
6305.42 94.7182
6305.79 94.7177
6306.15 94.7172
6306.52 94.7165
6306.88 94.7157
6307.25 94.7147
6307.62 94.7136
6307.98 94.7125
6308.35 94.7113
6308.72 94.7101
6309.08 94.7088
6309.45 94.7076
6309.81 94.7069
6310.18 94.7055
6310.55 94.7041
6310.91 94.7026
6311.28 94.701
6311.65 94.6992
6312.01 94.6974
6312.38 94.6955
6312.74 94.6924
6313.11 94.6905
6313.48 94.6886
6313.84 94.6868
6314.21 94.685
6314.57 94.6832
6314.94 94.6815
6315.31 94.6798
6315.67 94.678
6316.04 94.6773
6316.41 94.6756
6316.77 94.6739
6317.14 94.6723
6317.5 94.6708
6317.87 94.6695
6318.24 94.6682
6318.6 94.6671
6318.97 94.666
6319.34 94.665
6319.7 94.6641
6320.07 94.6632
6320.43 94.6623
6320.8 94.6614
6321.17 94.6605
6321.53 94.6596
6321.9 94.6586
6322.27 94.6575
6322.63 94.6579
6323 94.6568
6323.36 94.6557
6323.73 94.6546
6324.1 94.6535
6324.46 94.6523
6324.83 94.6512
6325.19 94.6508
6325.56 94.6497
6325.93 94.6486
6326.29 94.6474
6326.66 94.6461
6327.03 94.6449
6327.39 94.6435
6327.76 94.6422
6328.12 94.6408
6328.49 94.6394
6328.86 94.6381
6329.22 94.6381
6329.59 94.6369
6329.96 94.6357
6330.32 94.6346
6330.69 94.6336
6331.05 94.6328
6331.42 94.632
6331.79 94.6313
6332.15 94.6306
6332.52 94.6299
6332.89 94.629
6333.25 94.6281
6333.62 94.6271
6333.98 94.6261
6334.35 94.625
6334.72 94.6241
6335.08 94.6232
6335.45 94.6226
6335.81 94.6221
6336.18 94.6217
6336.55 94.6215
6336.91 94.6214
6337.28 94.6213
6337.65 94.6215
6338.01 94.6217
6338.38 94.622
6338.74 94.6223
6339.11 94.6227
6339.48 94.623
6339.84 94.6234
6340.21 94.6238
6340.58 94.6242
6340.94 94.6246
6341.31 94.6252
6341.67 94.6258
6342.04 94.6264
6342.41 94.6252
6342.77 94.6256
6343.14 94.6258
6343.51 94.6247
6343.87 94.6248
6344.24 94.6247
6344.6 94.6247
6344.97 94.6248
6345.34 94.6249
6345.7 94.625
6346.07 94.6251
6346.44 94.6252
6346.8 94.6253
6347.17 94.6252
6347.53 94.6249
6347.9 94.6246
6348.27 94.624
6348.63 94.6234
6349 94.6227
6349.36 94.622
6349.73 94.6205
6350.1 94.6196
6350.46 94.6187
6350.83 94.6175
6351.2 94.6163
6351.56 94.6149
6351.93 94.6133
6352.29 94.6116
6352.66 94.6097
6353.03 94.6077
6353.39 94.6055
6353.76 94.6032
6354.13 94.6006
6354.49 94.5979
6354.86 94.5949
6355.22 94.5931
6355.59 94.5899
6355.96 94.5843
6356.32 94.5805
6356.69 94.5765
6357.06 94.5722
6357.42 94.5677
6357.79 94.5629
6358.15 94.5579
6358.52 94.5527
6358.89 94.5475
6359.25 94.5423
6359.62 94.5373
6359.98 94.5324
6360.35 94.5275
6360.72 94.5226
6361.08 94.5176
6361.45 94.5125
6361.82 94.5094
6362.18 94.5005
6362.55 94.4944
6362.91 94.4879
6363.28 94.4808
6363.65 94.4729
6364.01 94.4649
6364.38 94.4573
6364.75 94.4503
6365.11 94.4435
6365.48 94.437
6365.84 94.4306
6366.21 94.4243
6366.58 94.4182
6366.94 94.4122
6367.31 94.4062
6367.68 94.4003
6368.04 94.3905
6368.41 94.3868
6368.77 94.3826
6369.14 94.3789
6369.51 94.3755
6369.87 94.3725
6370.24 94.3697
6370.6 94.3671
6370.97 94.3648
6371.34 94.3627
6371.7 94.3607
6372.07 94.3588
6372.44 94.3572
6372.8 94.3557
6373.17 94.3544
6373.53 94.3532
6373.9 94.3523
6374.27 94.3511
6374.63 94.3504
6375 94.3501
6375.37 94.3493
6375.73 94.3485
6376.1 94.3476
6376.46 94.3465
6376.83 94.3452
6377.2 94.3437
6377.56 94.3419
6377.93 94.34
6378.3 94.3379
6378.66 94.3358
6379.03 94.3336
6379.39 94.3315
6379.76 94.3294
6380.13 94.3272
6380.49 94.3236
6380.86 94.3212
6381.23 94.3188
6381.59 94.3172
6381.96 94.3146
6382.32 94.3119
6382.69 94.3092
6383.06 94.3065
6383.42 94.3039
6383.79 94.3013
6384.15 94.2989
6384.52 94.2965
6384.89 94.2942
6385.25 94.292
6385.62 94.2899
6385.99 94.2879
6386.35 94.2859
6386.72 94.2833
6387.08 94.2814
6387.45 94.2795
6387.82 94.279
6388.18 94.2772
6388.55 94.2757
6388.92 94.2743
6389.28 94.2731
6389.65 94.272
6390.01 94.2712
6390.38 94.2706
6390.75 94.2701
6391.11 94.2697
6391.48 94.2694
6391.85 94.269
6392.21 94.2686
6392.58 94.2681
6392.94 94.2676
6393.31 94.2667
6393.68 94.2657
6394.04 94.2646
6394.41 94.2643
6394.77 94.2628
6395.14 94.2611
6395.51 94.2592
6395.87 94.2573
6396.24 94.2552
6396.61 94.2532
6396.97 94.2512
6397.34 94.2492
6397.7 94.2471
6398.07 94.2451
6398.44 94.243
6398.8 94.2406
6399.17 94.2384
6399.54 94.236
6399.9 94.2336
6400.27 94.231
6400.63 94.2282
6401 94.2275
6401.37 94.2246
6401.73 94.2215
6402.1 94.2183
6402.47 94.215
6402.83 94.2116
6403.2 94.2082
6403.56 94.2047
6403.93 94.2012
6404.3 94.1977
6404.66 94.1943
6405.03 94.19
6405.4 94.1868
6405.76 94.1836
6406.13 94.1805
6406.49 94.1776
6406.86 94.1748
6407.23 94.1722
6407.59 94.1713
6407.96 94.1687
6408.32 94.1663
6408.69 94.1641
6409.06 94.162
6409.42 94.1601
6409.79 94.1584
6410.16 94.1568
6410.52 94.1555
6410.89 94.1542
6411.25 94.1517
6411.62 94.1503
6411.99 94.1487
6412.35 94.1471
6412.72 94.1453
6413.09 94.1433
6413.45 94.1412
6413.82 94.1388
6414.18 94.1368
6414.55 94.1339
6414.92 94.1306
6415.28 94.127
6415.65 94.1231
6416.02 94.1189
6416.38 94.1141
6416.75 94.1089
6417.11 94.1034
6417.48 94.0947
6417.85 94.0909
6418.21 94.0874
6418.58 94.0842
6418.94 94.0813
6419.31 94.0785
6419.68 94.0759
6420.04 94.0735
6420.41 94.0714
6420.78 94.0703
6421.14 94.0687
6421.51 94.0673
6421.87 94.0661
6422.24 94.0651
6422.61 94.0642
6422.97 94.0634
6423.34 94.0627
6423.71 94.0628
6424.07 94.0623
6424.44 94.0619
6424.8 94.0615
6425.17 94.0612
6425.54 94.061
6425.9 94.0607
6426.27 94.0606
6426.64 94.0605
6427 94.0611
6427.37 94.061
6427.73 94.061
6428.1 94.061
6428.47 94.0611
6428.83 94.0614
6429.2 94.0617
6429.56 94.0621
6429.93 94.0625
6430.3 94.063
6430.66 94.0637
6431.03 94.0645
6431.4 94.0657
6431.76 94.067
6432.13 94.0686
6432.49 94.0702
6432.86 94.0717
6433.23 94.0729
6433.59 94.0731
6433.96 94.0741
6434.33 94.0749
6434.69 94.0755
6435.06 94.0759
6435.42 94.0761
6435.79 94.0764
6436.16 94.0764
6436.52 94.0763
6436.89 94.0761
6437.26 94.076
6437.62 94.0758
6437.99 94.0758
6438.35 94.0758
6438.72 94.0759
6439.09 94.0761
6439.45 94.0763
6439.82 94.0767
6440.19 94.0771
6440.55 94.0775
6440.92 94.078
6441.28 94.0787
6441.65 94.0793
6442.02 94.0804
6442.38 94.0812
6442.75 94.0823
6443.11 94.0836
6443.48 94.0851
6443.85 94.0866
6444.21 94.0879
6444.58 94.0888
6444.95 94.0892
6445.31 94.0892
6445.68 94.0889
6446.04 94.0883
6446.41 94.0876
6446.78 94.087
6447.14 94.0862
6447.51 94.0853
6447.88 94.0844
6448.24 94.0833
6448.61 94.0824
6448.97 94.0816
6449.34 94.0808
6449.71 94.0801
6450.07 94.0793
6450.44 94.0786
6450.81 94.0778
6451.17 94.0771
6451.54 94.0764
6451.9 94.0757
6452.27 94.0751
6452.64 94.0745
6453 94.0739
6453.37 94.0745
6453.73 94.0741
6454.1 94.0736
6454.47 94.074
6454.83 94.0737
6455.2 94.0735
6455.57 94.0733
6455.93 94.0731
6456.3 94.0729
6456.66 94.0728
6457.03 94.0726
6457.4 94.0725
6457.76 94.0723
6458.13 94.0722
6458.5 94.0721
6458.86 94.072
6459.23 94.0719
6459.59 94.073
6459.96 94.073
6460.33 94.073
6460.69 94.0741
6461.06 94.0743
6461.43 94.0746
6461.79 94.075
6462.16 94.0756
6462.52 94.0763
6462.89 94.0772
6463.26 94.0781
6463.62 94.079
6463.99 94.08
6464.35 94.0811
6464.72 94.0823
6465.09 94.0835
6465.45 94.0849
6465.82 94.0864
6466.19 94.0874
6466.55 94.0901
6466.92 94.0918
6467.28 94.0935
6467.65 94.0951
6468.02 94.0965
6468.38 94.0976
6468.75 94.0986
6469.12 94.0994
6469.48 94.1002
6469.85 94.1008
6470.21 94.1013
6470.58 94.1018
6470.95 94.1023
6471.31 94.1027
6471.68 94.1031
6472.05 94.1035
6472.41 94.104
6472.78 94.1064
6473.14 94.1068
6473.51 94.1072
6473.88 94.1076
6474.24 94.108
6474.61 94.1085
6474.98 94.109
6475.34 94.1095
6475.71 94.1099
6476.07 94.1104
6476.44 94.1107
6476.81 94.1109
6477.17 94.1109
6477.54 94.1106
6477.9 94.1101
6478.27 94.1094
6478.64 94.1083
6479 94.1061
6479.37 94.105
6479.74 94.1027
6480.1 94.1
6480.47 94.0969
6480.83 94.0935
6481.2 94.0897
6481.57 94.0855
6481.93 94.0811
6482.3 94.0766
6482.67 94.0722
6483.03 94.0678
6483.4 94.0635
6483.76 94.0593
6484.13 94.0554
6484.5 94.0519
6484.86 94.0487
6485.23 94.0444
6485.6 94.0422
6485.96 94.0413
6486.33 94.0394
6486.69 94.0377
6487.06 94.0361
6487.43 94.0346
6487.79 94.033
6488.16 94.0312
6488.52 94.0292
6488.89 94.0268
6489.26 94.0239
6489.62 94.0201
6489.99 94.0153
6490.36 94.0119
6490.72 94.0094
6491.09 94.0075
6491.45 94.0056
6491.82 94.0047
6492.19 94.0041
6492.55 94.0042
6492.92 94.0039
6493.29 94.0038
6493.65 94.0038
6494.02 94.004
6494.38 94.0042
6494.75 94.0045
6495.12 94.0048
6495.48 94.0051
6495.85 94.0054
6496.22 94.0056
6496.58 94.0057
6496.95 94.0058
6497.31 94.0058
6497.68 94.0057
6498.05 94.0055
6498.41 94.0054
6498.78 94.0052
6499.15 94.0051
6499.51 94.005
6499.88 94.005
6500.24 94.0049
6500.61 94.0048
6500.98 94.0046
6501.34 94.0042
6501.71 94.0036
6502.07 94.0028
6502.44 94.0017
6502.81 94.0004
6503.17 93.9989
6503.54 93.9968
6503.91 93.995
6504.27 93.9931
6504.64 93.9912
6505 93.9893
6505.37 93.9893
6505.74 93.9875
6506.1 93.9857
6506.47 93.984
6506.84 93.9823
6507.2 93.9806
6507.57 93.979
6507.93 93.9774
6508.3 93.9758
6508.67 93.9742
6509.03 93.9727
6509.4 93.9711
6509.77 93.97
6510.13 93.9685
6510.5 93.967
6510.86 93.9655
6511.23 93.964
6511.6 93.9625
6511.96 93.9629
6512.33 93.9615
6512.69 93.9602
6513.06 93.9591
6513.43 93.958
6513.79 93.9572
6514.16 93.9566
6514.53 93.9562
6514.89 93.9561
6515.26 93.9564
6515.62 93.9568
6515.99 93.9574
6516.36 93.9571
6516.72 93.9564
6517.09 93.9554
6517.46 93.954
6517.82 93.9523
6518.19 93.9503
6518.55 93.9496
6518.92 93.947
6519.29 93.9442
6519.65 93.941
6520.02 93.9374
6520.39 93.9333
6520.75 93.9288
6521.12 93.9238
6521.48 93.9186
6521.85 93.9137
6522.22 93.9066
6522.58 93.9027
6522.95 93.8989
6523.31 93.8953
6523.68 93.8918
6524.05 93.8883
6524.41 93.8849
6524.78 93.8815
6525.15 93.8794
6525.51 93.8759
6525.88 93.8725
6526.24 93.8691
6526.61 93.8656
6526.98 93.8621
6527.34 93.8586
6527.71 93.855
6528.08 93.8513
6528.44 93.844
6528.81 93.8397
6529.17 93.8353
6529.54 93.8307
6529.91 93.8262
6530.27 93.8216
6530.64 93.8173
6531.01 93.8132
6531.37 93.8098
6531.74 93.8063
6532.1 93.8031
6532.47 93.8
6532.84 93.7972
6533.2 93.7944
6533.57 93.7918
6533.94 93.7893
6534.3 93.7851
6534.67 93.783
6535.03 93.7812
6535.4 93.7797
6535.77 93.7783
6536.13 93.7769
6536.5 93.7756
6536.86 93.7742
6537.23 93.7728
6537.6 93.7712
6537.96 93.7702
6538.33 93.7685
6538.7 93.7666
6539.06 93.7645
6539.43 93.7623
6539.79 93.7599
6540.16 93.7574
6540.53 93.7533
6540.89 93.7505
6541.26 93.7477
6541.63 93.7448
6541.99 93.742
6542.36 93.7394
6542.72 93.7368
6543.09 93.7344
6543.46 93.7321
6543.82 93.7299
6544.19 93.7278
6544.56 93.7268
6544.92 93.7249
6545.29 93.7231
6545.65 93.7213
6546.02 93.7195
6546.39 93.7177
6546.75 93.7152
6547.12 93.7135
6547.48 93.7118
6547.85 93.7102
6548.22 93.7087
6548.58 93.7073
6548.95 93.706
6549.32 93.7049
6549.68 93.704
6550.05 93.7032
6550.41 93.7025
6550.78 93.702
6551.15 93.7022
6551.51 93.7018
6551.88 93.7015
6552.25 93.7011
6552.61 93.7008
6552.98 93.7005
6553.34 93.6999
6553.71 93.6992
6554.08 93.6984
6554.44 93.6976
6554.81 93.6967
6555.18 93.6958
6555.54 93.6949
6555.91 93.6941
6556.27 93.6933
6556.64 93.6926
6557.01 93.6919
6557.37 93.6914
6557.74 93.6925
6558.1 93.6919
6558.47 93.6915
6558.84 93.6909
6559.2 93.6916
6559.57 93.691
6559.94 93.6902
6560.3 93.6894
6560.67 93.6885
6561.03 93.6874
6561.4 93.6863
6561.77 93.685
6562.13 93.6837
6562.5 93.6824
6562.87 93.681
6563.23 93.6797
6563.6 93.6783
6563.96 93.677
6564.33 93.6776
6564.7 93.6763
6565.06 93.675
6565.43 93.6741
6565.8 93.6727
6566.16 93.6713
6566.53 93.6699
6566.89 93.6684
6567.26 93.6669
6567.63 93.6652
6567.99 93.6633
6568.36 93.6612
6568.73 93.6588
6569.09 93.656
6569.46 93.6526
6569.82 93.6491
6570.19 93.6461
6570.56 93.6451
6570.92 93.643
6571.29 93.6409
6571.65 93.6394
6572.02 93.6379
6572.39 93.6365
6572.75 93.6351
6573.12 93.6338
6573.49 93.6325
6573.85 93.6313
6574.22 93.6301
6574.58 93.629
6574.95 93.628
6575.32 93.6271
6575.68 93.6263
6576.05 93.6257
6576.42 93.6253
6576.78 93.6251
6577.15 93.6256
6577.51 93.6263
6577.88 93.6264
6578.25 93.6267
6578.61 93.627
6578.98 93.6272
6579.35 93.6273
6579.71 93.6274
6580.08 93.6273
6580.44 93.6272
6580.81 93.6269
6581.18 93.6266
6581.54 93.6263
6581.91 93.6259
6582.27 93.6256
6582.64 93.6253
6583.01 93.6251
6583.37 93.625
6583.74 93.6273
6584.11 93.6275
6584.47 93.6278
6584.84 93.6283
6585.2 93.6289
6585.57 93.6297
6585.94 93.6306
6586.3 93.6316
6586.67 93.6328
6587.04 93.634
6587.4 93.6354
6587.77 93.6369
6588.13 93.6384
6588.5 93.6398
6588.87 93.6413
6589.23 93.6428
6589.6 93.6442
6589.97 93.6475
6590.33 93.6493
6590.7 93.6508
6591.06 93.6525
6591.43 93.6542
6591.8 93.6561
6592.16 93.6583
6592.53 93.6606
6592.9 93.6632
6593.26 93.6661
6593.63 93.6691
6593.99 93.6724
6594.36 93.6758
6594.73 93.6792
6595.09 93.6828
6595.46 93.6865
6595.82 93.6902
6596.19 93.6966
6596.56 93.7004
6596.92 93.7029
6597.29 93.7068
6597.66 93.7107
6598.02 93.7145
6598.39 93.7182
6598.75 93.7218
6599.12 93.7253
6599.49 93.7287
6599.85 93.732
6600.22 93.7352
6600.59 93.7383
6600.95 93.7412
6601.32 93.7441
6601.68 93.7469
6602.05 93.7511
6602.42 93.7537
6602.78 93.7562
6603.15 93.7573
6603.52 93.7596
6603.88 93.7619
6604.25 93.7642
6604.61 93.7664
6604.98 93.7687
6605.35 93.771
6605.71 93.7733
6606.08 93.7758
6606.44 93.7784
6606.81 93.7813
6607.18 93.7843
6607.54 93.7875
6607.91 93.7909
6608.28 93.796
6608.64 93.7997
6609.01 93.8036
6609.37 93.8075
6609.74 93.8095
6610.11 93.8136
6610.47 93.8178
6610.84 93.822
6611.21 93.8263
6611.57 93.8307
6611.94 93.8353
6612.3 93.84
6612.67 93.8449
6613.04 93.8501
6613.4 93.8554
6613.77 93.8607
6614.14 93.8659
6614.5 93.8733
6614.87 93.8783
6615.23 93.8831
6615.6 93.8878
6615.97 93.8923
6616.33 93.8944
6616.7 93.8988
6617.06 93.903
6617.43 93.9072
6617.8 93.9112
6618.16 93.9152
6618.53 93.919
6618.9 93.9227
6619.26 93.9262
6619.63 93.9295
6619.99 93.9326
6620.36 93.9356
6620.73 93.9395
6621.09 93.942
6621.46 93.9443
6621.83 93.9465
6622.19 93.9485
6622.56 93.9505
6622.92 93.9513
6623.29 93.9533
6623.66 93.9552
6624.02 93.9573
6624.39 93.9594
6624.76 93.9618
6625.12 93.9643
6625.49 93.967
6625.85 93.97
6626.22 93.9733
6626.59 93.9769
6626.95 93.9829
6627.32 93.9873
6627.69 93.992
6628.05 93.9971
6628.42 94.0024
6628.78 94.0079
6629.15 94.0133
6629.52 94.0157
6629.88 94.021
6630.25 94.0259
6630.61 94.0307
6630.98 94.0351
6631.35 94.0394
6631.71 94.0434
6632.08 94.0474
6632.45 94.0512
6632.81 94.0549
6633.18 94.0614
6633.54 94.0652
6633.91 94.069
6634.28 94.0728
6634.64 94.0768
6635.01 94.0809
6635.38 94.0851
6635.74 94.0895
6636.11 94.0923
6636.47 94.0969
6636.84 94.1018
6637.21 94.107
6637.57 94.1124
6637.94 94.1181
6638.31 94.1241
6638.67 94.1304
6639.04 94.1401
6639.4 94.1481
6639.77 94.154
6640.14 94.1589
6640.5 94.1632
6640.87 94.1669
6641.23 94.1702
6641.6 94.1732
6641.97 94.1759
6642.33 94.1779
6642.7 94.1804
6643.07 94.1827
6643.43 94.1849
6643.8 94.187
6644.16 94.1889
6644.53 94.1908
6644.9 94.1926
6645.26 94.196
6645.63 94.1975
6646 94.1989
6646.36 94.2002
6646.73 94.2014
6647.09 94.2025
6647.46 94.2035
6647.83 94.2045
6648.19 94.2055
6648.56 94.2065
6648.93 94.2079
6649.29 94.2089
6649.66 94.2099
6650.02 94.2111
6650.39 94.2123
6650.76 94.2137
6651.12 94.2152
6651.49 94.2181
6651.85 94.22
6652.22 94.2222
6652.59 94.2247
6652.95 94.2274
6653.32 94.2304
6653.69 94.2335
6654.05 94.2368
6654.42 94.24
6654.78 94.2433
6655.15 94.2464
6655.52 94.2481
6655.88 94.2512
6656.25 94.2542
6656.62 94.257
6656.98 94.2598
6657.35 94.2626
6657.71 94.2669
6658.08 94.2697
6658.45 94.2725
6658.81 94.2753
6659.18 94.2783
6659.55 94.2815
6659.91 94.2848
6660.28 94.2884
6660.64 94.2924
6661.01 94.2967
6661.38 94.3017
6661.74 94.3077
6662.11 94.3096
6662.48 94.3156
6662.84 94.3207
6663.21 94.3253
6663.57 94.3294
6663.94 94.335
6664.31 94.3384
6664.67 94.3416
6665.04 94.3446
6665.4 94.3474
6665.77 94.3501
6666.14 94.3526
6666.5 94.355
6666.87 94.3574
6667.24 94.3597
6667.6 94.362
6667.97 94.3644
6668.33 94.3668
6668.7 94.3681
6669.07 94.3707
6669.43 94.3735
6669.8 94.3778
6670.17 94.3812
6670.53 94.3844
6670.9 94.3873
6671.26 94.3897
6671.63 94.3918
6672 94.3936
6672.36 94.3953
6672.73 94.3969
6673.1 94.3984
6673.46 94.3999
6673.83 94.4014
6674.19 94.4029
6674.56 94.4044
6674.93 94.4058
6675.29 94.4073
6675.66 94.4087
6676.02 94.4116
6676.39 94.413
6676.76 94.4144
6677.12 94.4158
6677.49 94.4173
6677.86 94.4187
6678.22 94.4201
6678.59 94.4215
6678.95 94.4229
6679.32 94.4242
6679.69 94.4255
6680.05 94.4268
6680.42 94.4281
6680.79 94.4293
6681.15 94.4305
6681.52 94.4312
6681.88 94.4322
6682.25 94.4337
6682.62 94.4346
6682.98 94.4356
6683.35 94.4365
6683.72 94.4374
6684.08 94.4384
6684.45 94.4393
6684.81 94.4403
6685.18 94.4411
6685.55 94.4419
6685.91 94.4427
6686.28 94.4435
6686.65 94.4442
6687.01 94.445
6687.38 94.4457
6687.74 94.4465
6688.11 94.4466
6688.48 94.4476
6688.84 94.4486
6689.21 94.4495
6689.57 94.4504
6689.94 94.4512
6690.31 94.4521
6690.67 94.4529
6691.04 94.4538
6691.41 94.4546
6691.77 94.4555
6692.14 94.4563
6692.5 94.4571
6692.87 94.4578
6693.24 94.4585
6693.6 94.4591
6693.97 94.4596
6694.34 94.4599
6694.7 94.4574
6695.07 94.4574
6695.43 94.4575
6695.8 94.4575
6696.17 94.4575
6696.53 94.4575
6696.9 94.4574
6697.27 94.4572
6697.63 94.4569
6698 94.4565
6698.36 94.4559
6698.73 94.4551
6699.1 94.4542
6699.46 94.4534
6699.83 94.4529
6700.19 94.4529
6700.56 94.4536
6700.93 94.4538
6701.29 94.4528
6701.66 94.4554
6702.03 94.4592
6702.39 94.4631
6702.76 94.4658
6703.12 94.4678
6703.49 94.4693
6703.86 94.4704
6704.22 94.471
6704.59 94.4714
6704.96 94.4714
6705.32 94.4711
6705.69 94.4705
6706.05 94.4697
6706.42 94.4688
6706.79 94.467
6707.15 94.466
6707.52 94.4651
6707.89 94.4644
6708.25 94.4636
6708.62 94.4626
6708.98 94.4617
6709.35 94.4606
6709.72 94.4595
6710.08 94.4582
6710.45 94.4568
6710.81 94.4553
6711.18 94.4536
6711.55 94.4516
6711.91 94.4495
6712.28 94.4472
6712.65 94.4447
6713.01 94.4403
6713.38 94.4374
6713.74 94.4345
6714.11 94.4323
6714.48 94.4291
6714.84 94.4257
6715.21 94.422
6715.58 94.418
6715.94 94.4133
6716.31 94.4069
6716.67 94.402
6717.04 94.3982
6717.41 94.395
6717.77 94.3922
6718.14 94.3897
6718.51 94.3874
6718.87 94.3851
6719.24 94.3816
6719.6 94.3796
6719.97 94.3775
6720.34 94.3754
6720.7 94.3742
6721.07 94.3722
6721.44 94.3702
6721.8 94.3681
6722.17 94.3661
6722.53 94.3641
6722.9 94.3621
6723.27 94.3601
6723.63 94.3582
6724 94.3564
6724.36 94.3547
6724.73 94.3531
6725.1 94.3515
6725.46 94.3496
6725.83 94.3483
6726.2 94.3471
6726.56 94.3459
6726.93 94.345
6727.29 94.3445
6727.66 94.3436
6728.03 94.3428
6728.39 94.3423
6728.76 94.342
6729.13 94.3419
6729.49 94.342
6729.86 94.3424
6730.22 94.343
6730.59 94.3437
6730.96 94.3447
6731.32 94.3457
6731.69 94.3475
6732.06 94.3487
6732.42 94.35
6732.79 94.3511
6733.15 94.3522
6733.52 94.3532
6733.89 94.3543
6734.25 94.3553
6734.62 94.3563
6734.98 94.3572
6735.35 94.3581
6735.72 94.3589
6736.08 94.3597
6736.45 94.3605
6736.82 94.3611
6737.18 94.3618
6737.55 94.3636
6737.91 94.364
6738.28 94.3643
6738.65 94.3645
6739.01 94.3645
6739.38 94.3643
6739.75 94.364
6740.11 94.3635
6740.48 94.364
6740.84 94.3633
6741.21 94.3625
6741.58 94.3617
6741.94 94.3608
6742.31 94.36
6742.68 94.3591
6743.04 94.3582
6743.41 94.3572
6743.77 94.3561
6744.14 94.3549
6744.51 94.3537
6744.87 94.3525
6745.24 94.3513
6745.6 94.35
6745.97 94.3487
6746.34 94.3475
6746.7 94.3473
6747.07 94.3462
6747.44 94.345
6747.8 94.3439
6748.17 94.3427
6748.53 94.3415
6748.9 94.3402
6749.27 94.3388
6749.63 94.3373
6750 94.3349
6750.37 94.333
6750.73 94.3309
6751.1 94.3286
6751.46 94.3262
6751.83 94.3237
6752.2 94.3214
6752.56 94.3195
6752.93 94.3179
6753.3 94.3168
6753.66 94.3158
6754.03 94.315
6754.39 94.3145
6754.76 94.3142
6755.13 94.3142
6755.49 94.3143
6755.86 94.3146
6756.23 94.3152
6756.59 94.3158
6756.96 94.3165
6757.32 94.3173
6757.69 94.3183
6758.06 94.3194
6758.42 94.3205
6758.79 94.3217
6759.15 94.3229
6759.52 94.3239
6759.89 94.3237
6760.25 94.3244
6760.62 94.3247
6760.99 94.3247
6761.35 94.3243
6761.72 94.3237
6762.08 94.3231
6762.45 94.3214
6762.82 94.3212
6763.18 94.3211
6763.55 94.3213
6763.92 94.3218
6764.28 94.3226
6764.65 94.3238
6765.01 94.3255
6765.38 94.3278
6765.75 94.3306
6766.11 94.3335
6766.48 94.3341
6766.85 94.3367
6767.21 94.3389
6767.58 94.3406
6767.94 94.3421
6768.31 94.3433
6768.68 94.3449
6769.04 94.3456
6769.41 94.346
6769.77 94.3464
6770.14 94.3466
6770.51 94.3468
6770.87 94.347
6771.24 94.3472
6771.61 94.3475
6771.97 94.3478
6772.34 94.3483
6772.7 94.3489
6773.07 94.3499
6773.44 94.3506
6773.8 94.3515
6774.17 94.3524
6774.54 94.3543
6774.9 94.3553
6775.27 94.3564
6775.63 94.3574
6776 94.3585
6776.37 94.3595
6776.73 94.3605
6777.1 94.3614
6777.47 94.3622
6777.83 94.3629
6778.2 94.3637
6778.56 94.3644
6778.93 94.3651
6779.3 94.3652
6779.66 94.3658
6780.03 94.3665
6780.4 94.3673
6780.76 94.368
6781.13 94.3688
6781.49 94.3697
6781.86 94.3706
6782.23 94.3715
6782.59 94.3723
6782.96 94.3732
6783.32 94.374
6783.69 94.3749
6784.06 94.3757
6784.42 94.3767
6784.79 94.3776
6785.16 94.3787
6785.52 94.3798
6785.89 94.3801
6786.25 94.3814
6786.62 94.3828
6786.99 94.385
6787.35 94.3867
6787.72 94.3884
6788.09 94.3901
6788.45 94.3918
6788.82 94.3934
6789.18 94.3951
6789.55 94.3966
6789.92 94.398
6790.28 94.3992
6790.65 94.4003
6791.02 94.4012
6791.38 94.4019
6791.75 94.4025
6792.11 94.403
6792.48 94.4033
6792.85 94.4038
6793.21 94.4046
6793.58 94.405
6793.94 94.4054
6794.31 94.4058
6794.68 94.4062
6795.04 94.4065
6795.41 94.4067
6795.78 94.4069
6796.14 94.407
6796.51 94.4071
6796.87 94.4072
6797.24 94.4072
6797.61 94.4072
6797.97 94.4071
6798.34 94.407
6798.71 94.4069
6799.07 94.408
6799.44 94.409
6799.8 94.409
6800.17 94.409
6800.54 94.4092
6800.9 94.4094
6801.27 94.4096
6801.64 94.4098
6802 94.4101
6802.37 94.4103
6802.73 94.4105
6803.1 94.4106
6803.47 94.4106
6803.83 94.4106
6804.2 94.4104
6804.56 94.4102
6804.93 94.4098
6805.3 94.4103
6805.66 94.4111
6806.03 94.4106
6806.4 94.4101
6806.76 94.4095
6807.13 94.4088
6807.49 94.4081
6807.86 94.4073
6808.23 94.4066
6808.59 94.4057
6808.96 94.4048
6809.33 94.4039
6809.69 94.4029
6810.06 94.4019
6810.42 94.4009
6810.79 94.4
6811.16 94.3992
6811.52 94.3984
6811.89 94.3978
6812.26 94.3979
6812.62 94.3975
6812.99 94.3971
6813.35 94.3969
6813.72 94.3967
6814.09 94.3965
6814.45 94.3962
6814.82 94.3958
6815.19 94.3953
6815.55 94.3946
6815.92 94.3938
6816.28 94.3929
6816.65 94.3919
6817.02 94.3908
6817.38 94.3896
6817.75 94.3879
6818.11 94.3868
6818.48 94.3862
6818.85 94.3853
6819.21 94.3845
6819.58 94.384
6819.95 94.3836
6820.31 94.3834
6820.68 94.3835
6821.04 94.3837
6821.41 94.3841
6821.78 94.3846
6822.14 94.3853
6822.51 94.3859
6822.88 94.3866
6823.24 94.3872
6823.61 94.3879
6823.97 94.3887
6824.34 94.3894
6824.71 94.39
6825.07 94.3902
6825.44 94.3908
6825.81 94.3913
6826.17 94.3918
6826.54 94.3923
6826.9 94.3927
6827.27 94.3929
6827.64 94.393
6828 94.393
6828.37 94.3928
6828.73 94.3925
6829.1 94.392
6829.47 94.3914
6829.83 94.3906
6830.2 94.3887
6830.57 94.3874
6830.93 94.386
6831.3 94.3845
6831.66 94.3833
6832.03 94.3816
6832.4 94.3798
6832.76 94.3779
6833.13 94.3758
6833.5 94.3736
6833.86 94.3713
6834.23 94.3689
6834.59 94.3665
6834.96 94.3644
6835.33 94.3625
6835.69 94.3609
6836.06 94.3596
6836.43 94.3583
6836.79 94.3575
6837.16 94.3567
6837.52 94.3561
6837.89 94.3555
6838.26 94.3559
6838.62 94.3555
6838.99 94.3551
6839.35 94.3548
6839.72 94.3546
6840.09 94.3545
6840.45 94.3546
6840.82 94.3547
6841.19 94.3549
6841.55 94.3553
6841.92 94.3557
6842.28 94.3568
6842.65 94.3572
6843.02 94.3576
6843.38 94.358
6843.75 94.3583
6844.12 94.3586
6844.48 94.3587
6844.85 94.359
6845.21 94.3591
6845.58 94.3592
6845.95 94.3593
6846.31 94.3593
6846.68 94.3593
6847.05 94.3593
6847.41 94.3594
6847.78 94.3594
6848.14 94.3594
6848.51 94.3595
6848.88 94.3593
6849.24 94.3591
6849.61 94.3588
6849.98 94.3584
6850.34 94.3579
6850.71 94.3573
6851.07 94.3572
6851.44 94.3565
6851.81 94.3558
6852.17 94.355
6852.54 94.3542
6852.9 94.3534
6853.27 94.3526
6853.64 94.3519
6854 94.3512
6854.37 94.3506
6854.74 94.3507
6855.1 94.3502
6855.47 94.3497
6855.83 94.3492
6856.2 94.3486
6856.57 94.3481
6856.93 94.3476
6857.3 94.3471
6857.67 94.348
6858.03 94.3475
6858.4 94.347
6858.76 94.3465
6859.13 94.3461
6859.5 94.3458
6859.86 94.3455
6860.23 94.3453
6860.6 94.345
6860.96 94.3458
6861.33 94.3457
6861.69 94.3457
6862.06 94.3457
6862.43 94.3458
6862.79 94.3461
6863.16 94.3464
6863.52 94.3468
6863.89 94.3474
6864.26 94.3478
6864.62 94.3483
6864.99 94.3488
6865.36 94.3494
6865.72 94.3499
6866.09 94.3504
6866.45 94.3508
6866.82 94.3511
6867.19 94.3508
6867.55 94.351
6867.92 94.3512
6868.29 94.3514
6868.65 94.3518
6869.02 94.3523
6869.38 94.3529
6869.75 94.3538
6870.12 94.3548
6870.48 94.3559
6870.85 94.3552
6871.22 94.3566
6871.58 94.358
6871.95 94.3596
6872.31 94.3612
6872.68 94.3628
6873.05 94.3635
6873.41 94.3647
6873.78 94.3657
6874.15 94.3664
6874.51 94.3669
6874.88 94.3671
6875.24 94.3671
6875.61 94.3669
6875.98 94.3665
6876.34 94.3659
6876.71 94.3652
6877.07 94.3645
6877.44 94.3636
6877.81 94.363
6878.17 94.3624
6878.54 94.3619
6878.91 94.3616
6879.27 94.3614
6879.64 94.3615
6880 94.3618
6880.37 94.3621
6880.74 94.3625
6881.1 94.363
6881.47 94.3635
6881.84 94.3641
6882.2 94.3648
6882.57 94.3655
6882.93 94.3662
6883.3 94.367
6883.67 94.3678
6884.03 94.368
6884.4 94.3687
6884.77 94.3694
6885.13 94.37
6885.5 94.3703
6885.86 94.3708
6886.23 94.3713
6886.6 94.3719
6886.96 94.3726
6887.33 94.3735
6887.69 94.3746
6888.06 94.3758
6888.43 94.3769
6888.79 94.3778
6889.16 94.3784
6889.53 94.3788
6889.89 94.3792
6890.26 94.3787
6890.62 94.3791
6890.99 94.3795
6891.36 94.38
6891.72 94.3805
6892.09 94.381
6892.46 94.3815
6892.82 94.382
6893.19 94.3824
6893.55 94.3828
6893.92 94.3832
6894.29 94.3835
6894.65 94.3839
6895.02 94.3841
6895.39 94.3843
6895.75 94.3844
6896.12 94.3845
6896.48 94.3845
6896.85 94.3849
6897.22 94.3848
6897.58 94.3846
6897.95 94.3847
6898.31 94.3844
6898.68 94.384
6899.05 94.3835
6899.41 94.383
6899.78 94.3825
6900.15 94.3819
6900.51 94.3812
6900.88 94.3805
6901.24 94.3797
6901.61 94.3788
6901.98 94.3779
6902.34 94.3768
6902.71 94.3757
6903.08 94.3746
6903.44 94.3745
6903.81 94.3732
6904.17 94.3715
6904.54 94.3701
6904.91 94.3687
6905.27 94.3673
6905.64 94.366
6906.01 94.3647
6906.37 94.3635
6906.74 94.3624
6907.1 94.3614
6907.47 94.3606
6907.84 94.3598
6908.2 94.3591
6908.57 94.3585
6908.94 94.3579
6909.3 94.3574
6909.67 94.3569
6910.03 94.3569
6910.4 94.3564
6910.77 94.3559
6911.13 94.3554
6911.5 94.3548
6911.86 94.3542
6912.23 94.3537
6912.6 94.3531
6912.96 94.3526
6913.33 94.3521
6913.7 94.3515
6914.06 94.351
6914.43 94.3504
6914.79 94.3498
6915.16 94.3492
6915.53 94.3485
6915.89 94.3479
6916.26 94.3466
6916.63 94.3459
6916.99 94.3451
6917.36 94.3443
6917.72 94.3436
6918.09 94.343
6918.46 94.3428
6918.82 94.3429
6919.19 94.3434
6919.56 94.3444
6919.92 94.3458
6920.29 94.3476
6920.65 94.3498
6921.02 94.3518
6921.39 94.3535
6921.75 94.3547
6922.12 94.3556
6922.48 94.3554
6922.85 94.3545
6923.22 94.3546
6923.58 94.3546
6923.95 94.3544
6924.32 94.354
6924.68 94.3534
6925.05 94.3528
6925.41 94.352
6925.78 94.3512
6926.15 94.3502
6926.51 94.3493
6926.88 94.3482
6927.25 94.3472
6927.61 94.3462
6927.98 94.3453
6928.34 94.3444
6928.71 94.3438
6929.08 94.3432
6929.44 94.3435
6929.81 94.343
6930.18 94.3426
6930.54 94.3423
6930.91 94.3421
6931.27 94.342
6931.64 94.342
6932.01 94.3422
6932.37 94.3427
6932.74 94.3434
6933.1 94.3444
6933.47 94.3457
6933.84 94.3472
6934.2 94.3488
6934.57 94.3503
6934.94 94.3524
6935.3 94.3536
6935.67 94.3548
6936.03 94.3556
6936.4 94.3567
6936.77 94.3578
6937.13 94.3588
6937.5 94.3599
6937.87 94.361
6938.23 94.362
6938.6 94.363
6938.96 94.364
6939.33 94.365
6939.7 94.366
6940.06 94.3669
6940.43 94.3679
6940.8 94.3698
6941.16 94.3708
6941.53 94.3717
6941.89 94.3726
6942.26 94.3734
6942.63 94.3745
6942.99 94.3753
6943.36 94.376
6943.73 94.3767
6944.09 94.3774
6944.46 94.378
6944.82 94.3785
6945.19 94.3791
6945.56 94.3796
6945.92 94.38
6946.29 94.3803
6946.65 94.3804
6947.02 94.3797
6947.39 94.3789
6947.75 94.3778
6948.12 94.3767
6948.49 94.3757
6948.85 94.375
6949.22 94.3744
6949.58 94.3741
6949.95 94.3738
6950.32 94.3737
6950.68 94.3737
6951.05 94.3737
6951.42 94.3738
6951.78 94.374
6952.15 94.3742
6952.51 94.3745
6952.88 94.3748
6953.25 94.3759
6953.61 94.3762
6953.98 94.3765
6954.35 94.3768
6954.71 94.3769
6955.08 94.377
6955.44 94.377
6955.81 94.3778
6956.18 94.3777
6956.54 94.3774
6956.91 94.3771
6957.27 94.3768
6957.64 94.3764
6958.01 94.376
6958.37 94.3755
6958.74 94.3751
6959.11 94.3747
6959.47 94.3752
6959.84 94.3747
6960.2 94.3742
6960.57 94.3736
6960.94 94.373
6961.3 94.3723
6961.67 94.3715
6962.04 94.3719
6962.4 94.3709
6962.77 94.3698
6963.13 94.3687
6963.5 94.3674
6963.87 94.3661
6964.23 94.3647
6964.6 94.3633
6964.97 94.3618
6965.33 94.3603
6965.7 94.3586
6966.06 94.357
6966.43 94.3554
6966.8 94.3538
6967.16 94.3522
6967.53 94.3504
6967.9 94.3486
6968.26 94.3468
6968.63 94.3465
6968.99 94.3445
6969.36 94.3425
6969.73 94.3405
6970.09 94.3384
6970.46 94.3363
6970.82 94.3343
6971.19 94.3322
6971.56 94.3298
6971.92 94.3278
6972.29 94.3258
6972.66 94.3239
6973.02 94.322
6973.39 94.3203
6973.75 94.3186
6974.12 94.3171
6974.49 94.3157
6974.85 94.3144
6975.22 94.3145
6975.59 94.3135
6975.95 94.3126
6976.32 94.3119
6976.68 94.3113
6977.05 94.3108
6977.42 94.3104
6977.78 94.3108
6978.15 94.3106
6978.52 94.3105
6978.88 94.3105
6979.25 94.3106
6979.61 94.3107
6979.98 94.311
6980.35 94.3115
6980.71 94.3121
6981.08 94.3129
6981.44 94.3139
6981.81 94.3148
6982.18 94.3158
6982.54 94.3167
6982.91 94.3174
6983.28 94.3179
6983.64 94.3182
6984.01 94.3189
6984.37 94.3188
6984.74 94.3184
6985.11 94.3179
6985.47 94.3172
6985.84 94.3164
6986.21 94.3155
6986.57 94.3143
6986.94 94.313
6987.3 94.3116
6987.67 94.31
6988.04 94.3082
6988.4 94.3079
6988.77 94.3059
6989.14 94.3039
6989.5 94.3018
6989.87 94.2998
6990.23 94.2973
6990.6 94.2954
6990.97 94.2935
6991.33 94.2918
6991.7 94.2902
6992.06 94.2888
6992.43 94.2874
6992.8 94.2861
6993.16 94.2849
6993.53 94.2838
6993.9 94.2828
6994.26 94.2818
6994.63 94.2817
6994.99 94.2807
6995.36 94.2797
6995.73 94.2788
6996.09 94.278
6996.46 94.2766
6996.83 94.276
6997.19 94.2754
6997.56 94.275
6997.92 94.2747
6998.29 94.2745
6998.66 94.2743
6999.02 94.2742
6999.39 94.2741
6999.76 94.274
7000.12 94.274
7000.49 94.2739
7000.85 94.2737
7001.22 94.2733
7001.59 94.2732
7001.95 94.273
7002.32 94.2727
7002.69 94.2723
7003.05 94.2718
7003.42 94.2711
7003.78 94.2703
7004.15 94.2694
7004.52 94.2684
7004.88 94.2673
7005.25 94.2661
7005.61 94.2648
7005.98 94.2635
7006.35 94.2622
7006.71 94.261
7007.08 94.2597
7007.45 94.2586
7007.81 94.2591
7008.18 94.2581
7008.54 94.258
7008.91 94.2573
7009.28 94.2568
7009.64 94.2563
7010.01 94.256
7010.38 94.2557
7010.74 94.2555
7011.11 94.2555
7011.47 94.2555
7011.84 94.2556
7012.21 94.2558
7012.57 94.2562
7012.94 94.2566
7013.31 94.2569
7013.67 94.2572
7014.04 94.2572
7014.4 94.2576
7014.77 94.2577
7015.14 94.2573
7015.5 94.2566
7015.87 94.2558
7016.23 94.2549
7016.6 94.2539
7016.97 94.2529
7017.33 94.2518
7017.7 94.2508
7018.07 94.2499
7018.43 94.249
7018.8 94.2482
7019.16 94.2474
7019.53 94.2468
7019.9 94.2462
7020.26 94.2457
7020.63 94.2452
7021 94.2463
7021.36 94.2459
7021.73 94.2455
7022.09 94.2452
7022.46 94.2448
7022.83 94.2443
7023.19 94.2439
7023.56 94.2433
7023.93 94.2426
7024.29 94.2418
7024.66 94.2409
7025.02 94.2399
7025.39 94.2389
7025.76 94.2377
7026.12 94.2366
7026.49 94.2353
7026.85 94.234
7027.22 94.2317
7027.59 94.2305
7027.95 94.2288
7028.32 94.2268
7028.69 94.2247
7029.05 94.2225
7029.42 94.2203
7029.78 94.2182
7030.15 94.2167
7030.52 94.2155
7030.88 94.2147
7031.25 94.2142
7031.62 94.2139
7031.98 94.2138
7032.35 94.2137
7032.71 94.2138
7033.08 94.2139
7033.45 94.2145
7033.81 94.2149
7034.18 94.2154
7034.55 94.2159
7034.91 94.2165
7035.28 94.2171
7035.64 94.2177
7036.01 94.2183
7036.38 94.2189
7036.74 94.2195
7037.11 94.22
7037.48 94.2206
7037.84 94.221
7038.21 94.2214
7038.57 94.2218
7038.94 94.2221
7039.31 94.2228
7039.67 94.223
7040.04 94.2231
7040.4 94.2234
7040.77 94.2234
7041.14 94.2232
7041.5 94.2231
7041.87 94.2229
7042.24 94.2227
7042.6 94.2225
7042.97 94.2223
7043.33 94.222
7043.7 94.2218
7044.07 94.2215
7044.43 94.2211
7044.8 94.2207
7045.17 94.2202
7045.53 94.2187
7045.9 94.218
7046.26 94.2175
7046.63 94.217
7047 94.2162
7047.36 94.2162
7047.73 94.2163
7048.1 94.2168
7048.46 94.2175
7048.83 94.2184
7049.19 94.2197
7049.56 94.2212
7049.93 94.2232
7050.29 94.2254
7050.66 94.2278
7051.02 94.2301
7051.39 94.2323
7051.76 94.2342
7052.12 94.2359
7052.49 94.2373
7052.86 94.2385
7053.22 94.2397
7053.59 94.2396
7053.95 94.2408
7054.32 94.2421
7054.69 94.2434
7055.05 94.2449
7055.42 94.2464
7055.79 94.2479
7056.15 94.2495
7056.52 94.251
7056.88 94.2524
7057.25 94.2537
7057.62 94.255
7057.98 94.257
7058.35 94.2581
7058.72 94.2591
7059.08 94.2601
7059.45 94.261
7059.81 94.2618
7060.18 94.2629
7060.55 94.2638
7060.91 94.2646
7061.28 94.2654
7061.65 94.2662
7062.01 94.267
7062.38 94.2677
7062.74 94.2685
7063.11 94.2693
7063.48 94.2701
7063.84 94.2709
7064.21 94.2731
7064.57 94.2738
7064.94 94.2745
7065.31 94.2751
7065.67 94.2757
7066.04 94.2762
7066.41 94.2775
7066.77 94.2779
7067.14 94.2783
7067.5 94.2787
7067.87 94.279
7068.24 94.2793
7068.6 94.2796
7068.97 94.2799
7069.34 94.2802
7069.7 94.2806
7070.07 94.281
7070.43 94.2828
7070.8 94.2834
7071.17 94.2842
7071.53 94.2851
7071.9 94.2862
7072.27 94.2875
7072.63 94.2888
7073 94.2902
7073.36 94.2917
7073.73 94.2933
7074.1 94.2948
7074.46 94.2963
7074.83 94.2977
7075.19 94.299
7075.56 94.3001
7075.93 94.3012
7076.29 94.3031
7076.66 94.3038
7077.03 94.3042
7077.39 94.3046
7077.76 94.3048
7078.12 94.3049
7078.49 94.305
7078.86 94.3051
7079.22 94.3052
7079.59 94.3054
7079.96 94.3056
7080.32 94.306
7080.69 94.3065
7081.05 94.3072
7081.42 94.3081
7081.79 94.3091
7082.15 94.3103
7082.52 94.3126
7082.89 94.314
7083.25 94.3156
7083.62 94.3173
7083.98 94.319
7084.35 94.3208
7084.72 94.3226
7085.08 94.3243
7085.45 94.326
7085.81 94.3276
7086.18 94.3282
7086.55 94.3296
7086.91 94.3308
7087.28 94.332
7087.65 94.333
7088.01 94.3339
7088.38 94.3347
7088.74 94.3355
7089.11 94.3361
7089.48 94.3367
7089.84 94.3372
7090.21 94.3377
7090.58 94.3381
7090.94 94.3384
7091.31 94.3386
7091.67 94.3387
7092.04 94.3388
7092.41 94.3388
7092.77 94.3389
7093.14 94.3388
7093.51 94.3386
7093.87 94.3384
7094.24 94.338
7094.6 94.3375
7094.97 94.3368
7095.34 94.3363
7095.7 94.3357
7096.07 94.3353
7096.44 94.3349
7096.8 94.3346
7097.17 94.3343
7097.53 94.3342
7097.9 94.3341
7098.27 94.3341
7098.63 94.3341
7099 94.3342
7099.36 94.3352
7099.73 94.3354
7100.1 94.3358
7100.46 94.3361
7100.83 94.3366
7101.2 94.3384
7101.56 94.339
7101.93 94.3398
7102.29 94.3407
7102.66 94.3417
7103.03 94.3428
7103.39 94.344
7103.76 94.3454
7104.13 94.3467
7104.49 94.3481
7104.86 94.3496
7105.22 94.351
7105.59 94.3526
7105.96 94.354
7106.32 94.3554
7106.69 94.3568
7107.06 94.3595
7107.42 94.3608
7107.79 94.362
7108.15 94.3633
7108.52 94.3647
7108.89 94.3661
7109.25 94.3675
7109.62 94.3689
7109.98 94.3703
7110.35 94.3717
7110.72 94.373
7111.08 94.3742
7111.45 94.3753
7111.82 94.3764
7112.18 94.3773
7112.55 94.3783
7112.91 94.3794
7113.28 94.3815
7113.65 94.3827
7114.01 94.3839
7114.38 94.3852
7114.75 94.3866
7115.11 94.388
7115.48 94.3896
7115.84 94.3913
7116.21 94.393
7116.58 94.395
7116.94 94.397
7117.31 94.3992
7117.68 94.4014
7118.04 94.4038
7118.41 94.4062
7118.77 94.4076
7119.14 94.41
7119.51 94.4138
7119.87 94.4161
7120.24 94.4183
7120.6 94.4205
7120.97 94.4225
7121.34 94.4244
7121.7 94.4262
7122.07 94.4278
7122.44 94.4294
7122.8 94.4309
7123.17 94.4323
7123.53 94.4336
7123.9 94.4348
7124.27 94.4359
7124.63 94.4369
7125 94.4378
7125.37 94.4381
7125.73 94.4388
7126.1 94.4392
7126.46 94.4397
7126.83 94.4402
7127.2 94.4407
7127.56 94.4413
7127.93 94.4419
7128.3 94.4426
7128.66 94.4434
7129.03 94.4443
7129.39 94.4452
7129.76 94.4463
7130.13 94.4475
7130.49 94.4488
7130.86 94.4503
7131.23 94.4519
7131.59 94.4536
7131.96 94.4548
7132.32 94.4567
7132.69 94.4588
7133.06 94.4609
7133.42 94.4632
7133.79 94.4655
7134.15 94.4679
7134.52 94.4704
7134.89 94.4729
7135.25 94.4755
7135.62 94.4783
7135.99 94.4811
7136.35 94.4841
7136.72 94.4872
7137.08 94.4904
7137.45 94.4935
7137.82 94.4965
7138.18 94.4966
7138.55 94.4993
7138.92 94.5019
7139.28 94.5044
7139.65 94.5068
7140.01 94.5094
7140.38 94.512
7140.75 94.5148
7141.11 94.5178
7141.48 94.5211
7141.85 94.5248
7142.21 94.5289
7142.58 94.5336
7142.94 94.5389
7143.31 94.5445
7143.68 94.5497
7144.04 94.5545
7144.41 94.559
7144.77 94.5589
7145.14 94.563
7145.51 94.5669
7145.87 94.5705
7146.24 94.5739
7146.61 94.5771
7146.97 94.5802
7147.34 94.5832
7147.7 94.586
7148.07 94.5886
7148.44 94.5909
7148.8 94.593
7149.17 94.595
7149.54 94.5968
7149.9 94.5984
7150.27 94.5997
7150.63 94.6011
7151 94.6024
7151.37 94.6022
7151.73 94.6034
7152.1 94.6043
7152.47 94.6051
7152.83 94.6057
7153.2 94.6061
7153.56 94.6063
7153.93 94.6063
7154.3 94.6061
7154.66 94.6056
7155.03 94.6049
7155.4 94.6041
7155.76 94.6032
7156.13 94.6022
7156.49 94.5998
7156.86 94.5988
7157.23 94.5981
7157.59 94.5974
7157.96 94.5959
7158.32 94.5954
7158.69 94.5951
7159.06 94.595
7159.42 94.595
7159.79 94.595
7160.16 94.595
7160.52 94.595
7160.89 94.5949
7161.25 94.5949
7161.62 94.5951
7161.99 94.5955
7162.35 94.5963
7162.72 94.5969
7163.09 94.5984
7163.45 94.6
7163.82 94.6018
7164.18 94.6037
7164.55 94.6042
7164.92 94.6062
7165.28 94.6083
7165.65 94.6103
7166.02 94.6123
7166.38 94.6142
7166.75 94.6161
7167.11 94.618
7167.48 94.6198
7167.85 94.6216
7168.21 94.6235
7168.58 94.6253
7168.94 94.6281
7169.31 94.6298
7169.68 94.6313
7170.04 94.6327
7170.41 94.634
7170.78 94.635
7171.14 94.6355
7171.51 94.6363
7171.87 94.6368
7172.24 94.6373
7172.61 94.6376
7172.97 94.6378
7173.34 94.6379
7173.71 94.638
7174.07 94.638
7174.44 94.6381
7174.8 94.6382
7175.17 94.6381
7175.54 94.638
7175.9 94.638
7176.27 94.6379
7176.64 94.6378
7177 94.6377
7177.37 94.6374
7177.73 94.6374
7178.1 94.6376
7178.47 94.6378
7178.83 94.6382
7179.2 94.6387
7179.56 94.6391
7179.93 94.6396
7180.3 94.6401
7180.66 94.6405
7181.03 94.6411
7181.4 94.6417
7181.76 94.6422
7182.13 94.6429
7182.49 94.6435
7182.86 94.6442
7183.23 94.645
7183.59 94.6459
7183.96 94.6463
7184.33 94.6473
7184.69 94.6484
7185.06 94.6496
7185.42 94.6509
7185.79 94.6522
7186.16 94.6536
7186.52 94.655
7186.89 94.6565
7187.26 94.6584
7187.62 94.6599
7187.99 94.6615
7188.35 94.663
7188.72 94.6646
7189.09 94.6661
7189.45 94.6677
7189.82 94.6692
7190.19 94.6706
7190.55 94.6711
7190.92 94.6726
7191.28 94.6741
7191.65 94.6755
7192.02 94.677
7192.38 94.6785
7192.75 94.6801
7193.11 94.6816
7193.48 94.6836
7193.85 94.6852
7194.21 94.6868
7194.58 94.6885
7194.95 94.6902
7195.31 94.6919
7195.68 94.6936
7196.04 94.6952
7196.41 94.6969
7196.78 94.6985
7197.14 94.6987
7197.51 94.7003
7197.88 94.7018
7198.24 94.7034
7198.61 94.7051
7198.97 94.7068
7199.34 94.7086
7199.71 94.7102
7200.07 94.7122
7200.44 94.7144
7200.81 94.7168
7201.17 94.7195
7201.54 94.7225
7201.9 94.726
7202.27 94.7302
7202.64 94.7347
7203 94.7389
7203.37 94.7427
7203.73 94.743
7204.1 94.7467
7204.47 94.7502
7204.83 94.7536
7205.2 94.7569
7205.57 94.76
7205.93 94.7638
7206.3 94.7666
7206.66 94.769
7207.03 94.7712
7207.4 94.773
7207.76 94.7747
7208.13 94.776
7208.5 94.7771
7208.86 94.7779
7209.23 94.7787
7209.59 94.7792
7209.96 94.7799
7210.33 94.7804
7210.69 94.7808
7211.06 94.7812
7211.43 94.7815
7211.79 94.7824
7212.16 94.7826
7212.52 94.7828
7212.89 94.783
7213.26 94.7833
7213.62 94.7835
7213.99 94.7838
7214.35 94.7841
7214.72 94.7845
7215.09 94.785
7215.45 94.7855
7215.82 94.7861
7216.19 94.7867
7216.55 94.7873
7216.92 94.7881
7217.28 94.789
7217.65 94.79
7218.02 94.7918
7218.38 94.7929
7218.75 94.794
7219.12 94.7951
7219.48 94.7962
7219.85 94.7972
7220.21 94.7982
7220.58 94.799
7220.95 94.7998
7221.31 94.8005
7221.68 94.8012
7222.05 94.8018
7222.41 94.8023
7222.78 94.8028
7223.14 94.8031
7223.51 94.8034
7223.88 94.8037
7224.24 94.8041
7224.61 94.8042
7224.98 94.8043
7225.34 94.8044
7225.71 94.8044
7226.07 94.8043
7226.44 94.8042
7226.81 94.8041
7227.17 94.804
7227.54 94.8039
7227.9 94.8039
7228.27 94.8039
7228.64 94.8039
7229 94.804
7229.37 94.8041
7229.74 94.8042
7230.1 94.8043
7230.47 94.8047
7230.83 94.8049
7231.2 94.8052
7231.57 94.8055
7231.93 94.8059
7232.3 94.8062
7232.67 94.8065
7233.03 94.8068
7233.4 94.807
7233.76 94.8073
7234.13 94.8075
7234.5 94.8078
7234.86 94.808
7235.23 94.8082
7235.6 94.8083
7235.96 94.8083
7236.33 94.8074
7236.69 94.8064
7237.06 94.8062
7237.43 94.8059
7237.79 94.8055
7238.16 94.8051
7238.52 94.8047
7238.89 94.8043
7239.26 94.804
7239.62 94.8037
7239.99 94.8034
7240.36 94.8032
7240.72 94.803
7241.09 94.8028
7241.45 94.8027
7241.82 94.8026
7242.19 94.8026
7242.55 94.8027
7242.92 94.8029
7243.29 94.8029
7243.65 94.8028
7244.02 94.8027
7244.38 94.8026
7244.75 94.8025
7245.12 94.8023
7245.48 94.8021
7245.85 94.8019
7246.22 94.8017
7246.58 94.8014
7246.95 94.8011
7247.31 94.8008
7247.68 94.8005
7248.05 94.8001
7248.41 94.7997
7248.78 94.7996
7249.15 94.7999
7249.51 94.7997
7249.88 94.7994
7250.24 94.7993
7250.61 94.7992
7250.98 94.7991
7251.34 94.7991
7251.71 94.7992
7252.07 94.7994
7252.44 94.7995
7252.81 94.7996
7253.17 94.7997
7253.54 94.7997
7253.91 94.7997
7254.27 94.7996
7254.64 94.7994
7255 94.7997
7255.37 94.7993
7255.74 94.7996
7256.1 94.7991
7256.47 94.7985
7256.84 94.7978
7257.2 94.7971
7257.57 94.7964
7257.93 94.7956
7258.3 94.7947
7258.67 94.7939
7259.03 94.793
7259.4 94.792
7259.77 94.7909
7260.13 94.7898
7260.5 94.7886
7260.86 94.7873
7261.23 94.7851
7261.6 94.7834
7261.96 94.7816
7262.33 94.7804
7262.69 94.7783
7263.06 94.776
7263.43 94.7737
7263.79 94.7713
7264.16 94.769
7264.53 94.7668
7264.89 94.7647
7265.26 94.7628
7265.62 94.7611
7265.99 94.7595
7266.36 94.758
7266.72 94.7566
7267.09 94.7553
7267.46 94.7534
7267.82 94.7523
7268.19 94.7512
7268.55 94.7501
7268.92 94.7495
7269.29 94.7485
7269.65 94.7476
7270.02 94.7468
7270.39 94.7461
7270.75 94.7457
7271.12 94.7454
7271.48 94.7453
7271.85 94.7454
7272.22 94.7458
7272.58 94.7464
7272.95 94.7472
7273.31 94.7483
7273.68 94.7492
7274.05 94.7508
7274.41 94.7526
7274.78 94.7548
7275.15 94.7571
7275.51 94.7565
7275.88 94.759
7276.24 94.7616
7276.61 94.7641
7276.98 94.7665
7277.34 94.7687
7277.71 94.7706
7278.08 94.7722
7278.44 94.7733
7278.81 94.7739
7279.17 94.774
7279.54 94.7712
7279.91 94.7698
7280.27 94.7679
7280.64 94.7654
7281.01 94.7624
7281.37 94.7589
7281.74 94.7542
7282.1 94.7503
7282.47 94.7464
7282.84 94.7426
7283.2 94.7393
7283.57 94.7365
7283.94 94.7345
7284.3 94.7336
7284.67 94.7337
7285.03 94.7328
7285.4 94.7314
7285.77 94.7269
7286.13 94.7253
7286.5 94.7236
7286.86 94.7218
7287.23 94.7201
7287.6 94.7184
7287.96 94.7167
7288.33 94.7149
7288.7 94.7131
7289.06 94.7112
7289.43 94.7093
7289.79 94.7072
7290.16 94.7051
7290.53 94.703
7290.89 94.701
7291.26 94.6992
7291.63 94.6975
7291.99 94.6945
7292.36 94.6932
7292.72 94.692
7293.09 94.6909
7293.46 94.6899
7293.82 94.689
7294.19 94.6882
7294.56 94.6875
7294.92 94.6863
7295.29 94.6857
7295.65 94.6851
7296.02 94.6845
7296.39 94.6838
7296.75 94.683
7297.12 94.6823
7297.48 94.6815
7297.85 94.6808
7298.22 94.6787
7298.58 94.678
7298.95 94.6772
7299.32 94.6765
7299.68 94.6757
7300.05 94.6749
7300.41 94.6739
7300.78 94.6729
7301.15 94.6718
7301.51 94.6701
7301.88 94.6688
7302.25 94.6674
7302.61 94.666
7302.98 94.6645
7303.34 94.6629
7303.71 94.6614
7304.08 94.6599
7304.44 94.6572
7304.81 94.6559
7305.18 94.6546
7305.54 94.6534
7305.91 94.6522
7306.27 94.651
7306.64 94.6499
7307.01 94.6489
7307.37 94.6479
7307.74 94.647
7308.1 94.6462
7308.47 94.6454
7308.84 94.6447
7309.2 94.6441
7309.57 94.6436
7309.94 94.6431
7310.3 94.6423
7310.67 94.642
7311.03 94.6417
7311.4 94.6415
7311.77 94.6412
7312.13 94.641
7312.5 94.6408
7312.87 94.6407
7313.23 94.6406
7313.6 94.6406
7313.96 94.6407
7314.33 94.6408
7314.7 94.6408
7315.06 94.6409
7315.43 94.6411
7315.8 94.6414
7316.16 94.6417
7316.53 94.6417
7316.89 94.642
7317.26 94.6424
7317.63 94.6429
7317.99 94.6436
7318.36 94.6443
7318.73 94.6452
7319.09 94.6464
7319.46 94.6479
7319.82 94.6493
7320.19 94.6503
7320.56 94.6507
7320.92 94.648
7321.29 94.6478
7321.65 94.6473
7322.02 94.6466
7322.39 94.6458
7322.75 94.6426
7323.12 94.6426
7323.49 94.6429
7323.85 94.6436
7324.22 94.6446
7324.58 94.6458
7324.95 94.6473
7325.32 94.649
7325.68 94.6509
7326.05 94.6529
7326.42 94.6552
7326.78 94.6577
7327.15 94.6604
7327.51 94.6602
7327.88 94.6633
7328.25 94.6667
7328.61 94.6704
7328.98 94.6745
7329.35 94.6788
7329.71 94.6831
7330.08 94.6875
7330.44 94.6917
7330.81 94.6957
7331.18 94.6993
7331.54 94.7026
7331.91 94.7057
7332.27 94.7084
7332.64 94.711
7333.01 94.7134
7333.37 94.7157
7333.74 94.7178
7334.11 94.7178
7334.47 94.7199
7334.84 94.7218
7335.2 94.7236
7335.57 94.7253
7335.94 94.727
7336.3 94.7285
7336.67 94.7299
7337.04 94.7313
7337.4 94.7326
7337.77 94.7338
7338.13 94.735
7338.5 94.7363
7338.87 94.7375
7339.23 94.7388
7339.6 94.7402
7339.97 94.7417
7340.33 94.7433
7340.7 94.7432
7341.06 94.7449
7341.43 94.7464
7341.8 94.7482
7342.16 94.7499
7342.53 94.7518
7342.9 94.7536
7343.26 94.7554
7343.63 94.7572
7343.99 94.7588
7344.36 94.7604
7344.73 94.7618
7345.09 94.7631
7345.46 94.7643
7345.82 94.7653
7346.19 94.7662
7346.56 94.7669
7346.92 94.7674
7347.29 94.7658
7347.66 94.7658
7348.02 94.7655
7348.39 94.7649
7348.75 94.7639
7349.12 94.7624
7349.49 94.7603
7349.85 94.7579
7350.22 94.7559
7350.59 94.7542
7350.95 94.7528
7351.32 94.7516
7351.68 94.7504
7352.05 94.7494
7352.42 94.7485
7352.78 94.7477
7353.15 94.7469
7353.52 94.7452
7353.88 94.7448
7354.25 94.7446
7354.61 94.7444
7354.98 94.7443
7355.35 94.7443
7355.71 94.7445
7356.08 94.7447
7356.44 94.7449
7356.81 94.7452
7357.18 94.7454
7357.54 94.7455
7357.91 94.7455
7358.28 94.7454
7358.64 94.7451
7359.01 94.7446
7359.37 94.7439
7359.74 94.7423
7360.11 94.7415
7360.47 94.74
7360.84 94.7383
7361.21 94.7365
7361.57 94.7345
7361.94 94.7323
7362.3 94.73
7362.67 94.7276
7363.04 94.7251
7363.4 94.7224
7363.77 94.7197
7364.14 94.7168
7364.5 94.7136
7364.87 94.7103
7365.23 94.7069
7365.6 94.7037
7365.97 94.6987
7366.33 94.6967
7366.7 94.695
7367.06 94.6933
7367.43 94.6919
7367.8 94.6905
7368.16 94.6893
7368.53 94.6882
7368.9 94.6873
7369.26 94.6866
7369.63 94.6861
7369.99 94.6858
7370.36 94.6857
7370.73 94.6858
7371.09 94.686
7371.46 94.6865
7371.83 94.6871
7372.19 94.688
7372.56 94.6891
7372.92 94.6905
7373.29 94.6906
7373.66 94.6924
7374.02 94.6947
7374.39 94.6972
7374.76 94.6992
7375.12 94.7007
7375.49 94.702
7375.85 94.703
7376.22 94.7038
7376.59 94.7045
7376.95 94.7052
7377.32 94.7057
7377.69 94.7062
7378.05 94.7069
7378.42 94.7074
7378.78 94.7079
7379.15 94.7083
7379.52 94.7087
7379.88 94.7088
7380.25 94.7091
7380.61 94.7093
7380.98 94.7095
7381.35 94.7097
7381.71 94.7098
7382.08 94.7099
7382.45 94.71
7382.81 94.7101
7383.18 94.7101
7383.54 94.7101
7383.91 94.7101
7384.28 94.7104
7384.64 94.7105
7385.01 94.7106
7385.38 94.7107
7385.74 94.7109
7386.11 94.7113
7386.47 94.7114
7386.84 94.7116
7387.21 94.7118
7387.57 94.7119
7387.94 94.7119
7388.31 94.7119
7388.67 94.7117
7389.04 94.7115
7389.4 94.711
7389.77 94.7105
7390.14 94.7097
7390.5 94.7085
7390.87 94.7074
7391.23 94.7062
7391.6 94.7049
7391.97 94.7036
7392.33 94.7021
7392.7 94.7017
7393.07 94.7001
7393.43 94.6984
7393.8 94.6966
7394.16 94.6947
7394.53 94.6927
7394.9 94.6906
7395.26 94.6885
7395.63 94.6862
7396 94.6839
7396.36 94.6814
7396.73 94.6771
7397.09 94.674
7397.46 94.6708
7397.83 94.6673
7398.19 94.6636
7398.56 94.6599
7398.93 94.656
7399.29 94.6535
7399.66 94.6497
7400.02 94.6459
7400.39 94.6422
7400.76 94.6386
7401.12 94.6351
7401.49 94.6317
7401.85 94.6284
7402.22 94.6251
7402.59 94.6218
7402.95 94.6172
7403.32 94.614
7403.69 94.6108
7404.05 94.6076
7404.42 94.6045
7404.78 94.6014
7405.15 94.5984
7405.52 94.5954
7405.88 94.5943
7406.25 94.5913
7406.62 94.5884
7406.98 94.5855
7407.35 94.5827
7407.71 94.5799
7408.08 94.5771
7408.45 94.5744
7408.81 94.5718
7409.18 94.5678
7409.55 94.5653
7409.91 94.5628
7410.28 94.5604
7410.64 94.5582
7411.01 94.5561
7411.38 94.5541
7411.74 94.5523
7412.11 94.5507
7412.48 94.5497
7412.84 94.5484
7413.21 94.5473
7413.57 94.5464
7413.94 94.5456
7414.31 94.545
7414.67 94.5445
7415.04 94.5437
7415.4 94.5433
7415.77 94.5428
7416.14 94.5423
7416.5 94.5416
7416.87 94.5408
7417.24 94.5399
7417.6 94.5388
7417.97 94.5376
7418.33 94.5361
7418.7 94.5346
7419.07 94.5345
7419.43 94.5328
7419.8 94.531
7420.17 94.5291
7420.53 94.5272
7420.9 94.5253
7421.26 94.5232
7421.63 94.5212
7422 94.5192
7422.36 94.5172
7422.73 94.5153
7423.1 94.5133
7423.46 94.5114
7423.83 94.5094
7424.19 94.5075
7424.56 94.5056
7424.93 94.5037
7425.29 94.5036
7425.66 94.5017
7426.02 94.4999
7426.39 94.4981
7426.76 94.4964
7427.12 94.4947
7427.49 94.4931
7427.86 94.4916
7428.22 94.4902
7428.59 94.4889
7428.95 94.4876
7429.32 94.4864
7429.69 94.4852
7430.05 94.484
7430.42 94.4829
7430.79 94.4818
7431.15 94.4808
7431.52 94.4797
7431.88 94.4794
7432.25 94.4784
7432.62 94.4773
7432.98 94.4763
7433.35 94.4752
7433.72 94.4733
7434.08 94.472
7434.45 94.4705
7434.81 94.4688
7435.18 94.4668
7435.55 94.4645
7435.91 94.4618
7436.28 94.4586
7436.65 94.4548
7437.01 94.4498
7437.38 94.4447
7437.74 94.4405
7438.11 94.4367
7438.48 94.4349
7438.84 94.4317
7439.21 94.4287
7439.57 94.4258
7439.94 94.422
7440.31 94.4194
7440.67 94.4168
7441.04 94.4142
7441.41 94.4116
7441.77 94.409
7442.14 94.4064
7442.5 94.4038
7442.87 94.4012
7443.24 94.3985
7443.6 94.3958
7443.97 94.393
7444.34 94.3902
7444.7 94.3873
7445.07 94.3867
7445.43 94.3838
7445.8 94.3802
7446.17 94.3771
7446.53 94.3741
7446.9 94.371
7447.27 94.368
7447.63 94.365
7448 94.362
7448.36 94.3591
7448.73 94.3564
7449.1 94.3538
7449.46 94.3513
7449.83 94.3489
7450.19 94.3467
7450.56 94.3447
7450.93 94.3427
7451.29 94.341
7451.66 94.3415
7452.03 94.3405
7452.39 94.3391
7452.76 94.3378
7453.12 94.3365
7453.49 94.3354
7453.86 94.3343
7454.22 94.3332
7454.59 94.3321
7454.96 94.3311
7455.32 94.33
7455.69 94.329
7456.05 94.328
7456.42 94.3271
7456.79 94.3261
7457.15 94.3252
7457.52 94.3244
7457.89 94.3251
7458.25 94.3249
7458.62 94.3241
7458.98 94.3233
7459.35 94.3224
7459.72 94.3216
7460.08 94.3209
7460.45 94.3201
7460.81 94.3195
7461.18 94.3189
7461.55 94.3184
7461.91 94.318
7462.28 94.3177
7462.65 94.3175
7463.01 94.3173
7463.38 94.3173
7463.74 94.3173
7464.11 94.3174
7464.48 94.3198
7464.84 94.3201
7465.21 94.3204
7465.58 94.3207
7465.94 94.321
7466.31 94.3214
7466.67 94.3217
7467.04 94.3221
7467.41 94.3224
7467.77 94.3226
7468.14 94.3228
7468.51 94.323
7468.87 94.323
7469.24 94.323
7469.6 94.3228
7469.97 94.3227
7470.34 94.3224
7470.7 94.3233
7471.07 94.3243
7471.44 94.3239
7471.8 94.3233
7472.17 94.3227
7472.53 94.3221
7472.9 94.3214
7473.27 94.3206
7473.63 94.3198
7474 94.3188
7474.36 94.3177
7474.73 94.3164
7475.1 94.315
7475.46 94.3134
7475.83 94.3116
7476.2 94.3096
7476.56 94.3068
7476.93 94.3043
7477.29 94.3017
7477.66 94.3008
7478.03 94.2981
7478.39 94.2955
7478.76 94.293
7479.13 94.2905
7479.49 94.2882
7479.86 94.286
7480.22 94.2839
7480.59 94.282
7480.96 94.2802
7481.32 94.2785
7481.69 94.2769
7482.06 94.2754
7482.42 94.2741
7482.79 94.273
7483.15 94.2719
7483.52 94.2708
7483.89 94.2699
7484.25 94.2702
7484.62 94.2694
7484.98 94.2686
7485.35 94.2679
7485.72 94.2673
7486.08 94.2667
7486.45 94.2662
7486.82 94.2658
7487.18 94.2654
7487.55 94.265
7487.91 94.2647
7488.28 94.2643
7488.65 94.2639
7489.01 94.2642
7489.38 94.2638
7489.75 94.2633
7490.11 94.2628
7490.48 94.2623
7490.84 94.263
7491.21 94.2625
7491.58 94.2619
7491.94 94.2613
7492.31 94.2606
7492.68 94.26
7493.04 94.2594
7493.41 94.2587
7493.77 94.2581
7494.14 94.2574
7494.51 94.2568
7494.87 94.2561
7495.24 94.2561
7495.6 94.2555
7495.97 94.255
7496.34 94.2545
7496.7 94.2541
7497.07 94.2547
7497.44 94.2544
7497.8 94.2541
7498.17 94.2539
7498.53 94.2538
7498.9 94.2538
7499.27 94.2538
7499.63 94.2538
7500 94.2539
7500.37 94.2541
7500.73 94.2543
7501.1 94.2545
7501.46 94.2553
7501.83 94.2556
7502.2 94.2559
7502.56 94.2562
7502.93 94.2566
7503.3 94.257
7503.66 94.2572
7504.03 94.2575
7504.39 94.2579
7504.76 94.2582
7505.13 94.2585
7505.49 94.2586
7505.86 94.2587
7506.23 94.2586
7506.59 94.2585
7506.96 94.2583
7507.32 94.258
7507.69 94.2576
7508.06 94.2573
7508.42 94.2569
7508.79 94.2565
7509.15 94.2562
7509.52 94.2558
7509.89 94.2555
7510.25 94.2554
7510.62 94.2551
7510.99 94.2547
7511.35 94.2543
7511.72 94.2539
7512.08 94.2536
7512.45 94.2533
7512.82 94.253
7513.18 94.2528
7513.55 94.252
7513.92 94.252
7514.28 94.2521
7514.65 94.2522
7515.01 94.2524
7515.38 94.2524
7515.75 94.2524
7516.11 94.2523
7516.48 94.252
7516.85 94.2507
7517.21 94.2503
7517.58 94.25
7517.94 94.2499
7518.31 94.2501
7518.68 94.2507
7519.04 94.2517
7519.41 94.253
7519.77 94.2543
7520.14 94.2561
7520.51 94.2577
7520.87 94.2591
7521.24 94.2602
7521.61 94.2612
7521.97 94.262
7522.34 94.2626
7522.7 94.2631
7523.07 94.2635
7523.44 94.2633
7523.8 94.2635
7524.17 94.2636
7524.54 94.2635
7524.9 94.2635
7525.27 94.2634
7525.63 94.2632
7526 94.2624
7526.37 94.2622
7526.73 94.2619
7527.1 94.2615
7527.47 94.261
7527.83 94.2604
7528.2 94.2597
7528.56 94.2588
7528.93 94.2579
7529.3 94.257
7529.66 94.2555
7530.03 94.2545
7530.4 94.2535
7530.76 94.2526
7531.13 94.2518
7531.49 94.2511
7531.86 94.2505
7532.23 94.249
7532.59 94.2488
7532.96 94.2488
7533.32 94.249
7533.69 94.2495
7534.06 94.2502
7534.42 94.2511
7534.79 94.2522
7535.16 94.2536
7535.52 94.2551
7535.89 94.2569
7536.25 94.2571
7536.62 94.2592
7536.99 94.2616
7537.35 94.2643
7537.72 94.2672
7538.09 94.2706
7538.45 94.2753
7538.82 94.2808
7539.18 94.285
7539.55 94.2883
7539.92 94.2911
7540.28 94.2934
7540.65 94.2955
7541.02 94.2973
7541.38 94.299
7541.75 94.3006
7542.11 94.3021
7542.48 94.3036
7542.85 94.3039
7543.21 94.3053
7543.58 94.3065
7543.94 94.3077
7544.31 94.3087
7544.68 94.3094
7545.04 94.31
7545.41 94.3104
7545.78 94.3106
7546.14 94.3106
7546.51 94.3104
7546.87 94.3101
7547.24 94.3097
7547.61 94.3093
7547.97 94.3088
7548.34 94.3085
7548.71 94.3082
7549.07 94.308
7549.44 94.3076
7549.8 94.3076
7550.17 94.3078
7550.54 94.308
7550.9 94.3085
7551.27 94.3091
7551.64 94.3098
7552 94.3106
7552.37 94.3114
7552.73 94.3122
7553.1 94.313
7553.47 94.3137
7553.83 94.3144
7554.2 94.315
7554.56 94.3156
7554.93 94.3161
7555.3 94.3165
7555.66 94.3168
7556.03 94.3176
7556.4 94.3179
7556.76 94.3192
7557.13 94.3195
7557.49 94.3198
7557.86 94.3201
7558.23 94.3204
7558.59 94.3206
7558.96 94.3208
7559.33 94.3209
7559.69 94.321
7560.06 94.3211
7560.42 94.3211
7560.79 94.3211
7561.16 94.321
7561.52 94.3209
7561.89 94.3207
7562.26 94.3204
7562.62 94.3214
7562.99 94.3217
7563.35 94.3212
7563.72 94.3206
7564.09 94.3199
7564.45 94.3193
7564.82 94.3186
7565.19 94.3181
7565.55 94.3175
7565.92 94.317
7566.28 94.3166
7566.65 94.3163
7567.02 94.316
7567.38 94.3158
7567.75 94.3157
7568.11 94.3158
7568.48 94.316
7568.85 94.3163
7569.21 94.3174
7569.58 94.3181
7569.95 94.319
7570.31 94.3201
7570.68 94.3212
7571.04 94.3225
7571.41 94.3238
7571.78 94.3252
7572.14 94.3265
7572.51 94.3278
7572.88 94.329
7573.24 94.3302
7573.61 94.3313
7573.97 94.3324
7574.34 94.3336
7574.71 94.3347
7575.07 94.3359
7575.44 94.3379
7575.81 94.3392
7576.17 94.3406
7576.54 94.3422
7576.9 94.3439
7577.27 94.3459
7577.64 94.3481
7578 94.3505
7578.37 94.3532
7578.73 94.356
7579.1 94.3588
7579.47 94.3613
7579.83 94.3636
7580.2 94.3658
7580.57 94.3678
7580.93 94.3697
7581.3 94.3727
7581.66 94.3744
7582.03 94.3756
7582.4 94.3771
7582.76 94.3784
7583.13 94.3797
7583.5 94.3808
7583.86 94.3818
7584.23 94.3827
7584.59 94.3835
7584.96 94.3842
7585.33 94.3849
7585.69 94.3855
7586.06 94.3861
7586.43 94.3867
7586.79 94.3874
7587.16 94.3882
7587.52 94.3898
7587.89 94.3908
7588.26 94.392
7588.62 94.3926
7588.99 94.394
7589.35 94.3955
7589.72 94.3971
7590.09 94.3985
7590.45 94.3998
7590.82 94.4008
7591.19 94.4015
7591.55 94.402
7591.92 94.4021
7592.28 94.4021
7592.65 94.4017
7593.02 94.4012
7593.38 94.4004
7593.75 94.3984
7594.12 94.397
7594.48 94.3955
7594.85 94.3938
7595.21 94.3924
7595.58 94.3902
7595.95 94.3878
7596.31 94.3851
7596.68 94.382
7597.05 94.3789
7597.41 94.3763
7597.78 94.3742
7598.14 94.3726
7598.51 94.3714
7598.88 94.3704
7599.24 94.3696
7599.61 94.369
7599.98 94.3688
7600.34 94.3684
7600.71 94.3681
7601.07 94.3678
7601.44 94.3683
7601.81 94.368
7602.17 94.3677
7602.54 94.3674
7602.9 94.3671
7603.27 94.3669
7603.64 94.3667
7604 94.3666
7604.37 94.3665
7604.74 94.3665
7605.1 94.3666
7605.47 94.3667
7605.83 94.3669
7606.2 94.3681
7606.57 94.3684
7606.93 94.3688
7607.3 94.3692
7607.67 94.3697
7608.03 94.3704
7608.4 94.3708
7608.76 94.3712
7609.13 94.3716
7609.5 94.372
7609.86 94.3724
7610.23 94.3727
7610.6 94.3731
7610.96 94.3734
7611.33 94.3738
7611.69 94.3742
7612.06 94.3748
7612.43 94.3752
7612.79 94.3756
7613.16 94.3761
7613.52 94.3765
7613.89 94.3769
7614.26 94.3772
7614.62 94.3773
7614.99 94.3775
7615.36 94.3776
7615.72 94.3776
7616.09 94.3774
7616.45 94.3772
7616.82 94.3768
7617.19 94.3763
7617.55 94.3757
7617.92 94.3749
7618.29 94.3737
7618.65 94.3727
7619.02 94.3716
7619.38 94.3704
7619.75 94.3692
7620.12 94.368
7620.48 94.3668
7620.85 94.3657
7621.22 94.3652
7621.58 94.3642
7621.95 94.3634
7622.31 94.3626
7622.68 94.362
7623.05 94.3615
7623.41 94.361
7623.78 94.3606
7624.15 94.3603
7624.51 94.36
7624.88 94.3597
7625.24 94.3593
7625.61 94.3589
7625.98 94.3583
7626.34 94.3576
7626.71 94.3568
7627.07 94.3558
7627.44 94.3547
7627.81 94.3544
7628.17 94.3531
7628.54 94.3516
7628.91 94.3501
7629.27 94.3484
7629.64 94.3466
7630 94.3448
7630.37 94.3428
7630.74 94.3394
7631.1 94.3369
7631.47 94.3341
7631.84 94.3311
7632.2 94.3278
7632.57 94.3244
7632.93 94.3211
7633.3 94.3178
7633.67 94.3147
7634.03 94.3117
7634.4 94.3099
7634.77 94.307
7635.13 94.3042
7635.5 94.3014
7635.86 94.2986
7636.23 94.2959
7636.6 94.2933
7636.96 94.289
7637.33 94.2864
7637.69 94.284
7638.06 94.2816
7638.43 94.2794
7638.79 94.2773
7639.16 94.2754
7639.53 94.2736
7639.89 94.2719
7640.26 94.2704
7640.62 94.2697
7640.99 94.2684
7641.36 94.2672
7641.72 94.2661
7642.09 94.2651
7642.46 94.2641
7642.82 94.2633
7643.19 94.2621
7643.55 94.2614
7643.92 94.2609
7644.29 94.2604
7644.65 94.2599
7645.02 94.2595
7645.39 94.2591
7645.75 94.2586
7646.12 94.2582
7646.48 94.2577
7646.85 94.2573
7647.22 94.257
7647.58 94.2565
7647.95 94.256
7648.31 94.2555
7648.68 94.2549
7649.05 94.254
7649.41 94.2534
7649.78 94.2529
7650.15 94.2522
7650.51 94.2516
7650.88 94.251
7651.24 94.2503
7651.61 94.2496
7651.98 94.2488
7652.34 94.248
7652.71 94.2471
7653.08 94.246
7653.44 94.2449
7653.81 94.2433
7654.17 94.242
7654.54 94.2408
7654.91 94.2395
7655.27 94.2366
7655.64 94.2354
7656.01 94.2341
7656.37 94.2329
7656.74 94.2317
7657.1 94.2305
7657.47 94.2293
7657.84 94.2281
7658.2 94.2269
7658.57 94.2257
7658.94 94.2246
7659.3 94.2234
7659.67 94.2222
7660.03 94.221
7660.4 94.2201
7660.77 94.2189
7661.13 94.2177
7661.5 94.2155
7661.86 94.2142
7662.23 94.2129
7662.6 94.2116
7662.96 94.2102
7663.33 94.2088
7663.7 94.2074
7664.06 94.2059
7664.43 94.2043
7664.79 94.2026
7665.16 94.2007
7665.53 94.1989
7665.89 94.1972
7666.26 94.1958
7666.63 94.1947
7666.99 94.193
7667.36 94.1923
7667.72 94.1906
7668.09 94.1904
7668.46 94.1903
7668.82 94.1904
7669.19 94.1905
7669.56 94.1908
7669.92 94.191
7670.29 94.1914
7670.65 94.1918
7671.02 94.1922
7671.39 94.1926
7671.75 94.1927
7672.12 94.1926
7672.48 94.1923
7672.85 94.1917
7673.22 94.1908
7673.58 94.1901
7673.95 94.1884
7674.32 94.1875
7674.68 94.1865
7675.05 94.1854
7675.41 94.1842
7675.78 94.1831
7676.15 94.1819
7676.51 94.1807
7676.88 94.1795
7677.25 94.1783
7677.61 94.1771
7677.98 94.1759
7678.34 94.1747
7678.71 94.1736
7679.08 94.1725
7679.44 94.1714
7679.81 94.1708
7680.18 94.1699
7680.54 94.169
7680.91 94.1682
7681.27 94.1675
7681.64 94.1668
7682.01 94.1663
7682.37 94.1658
7682.74 94.1655
7683.1 94.1653
7683.47 94.1652
7683.84 94.1652
7684.2 94.1652
7684.57 94.1652
7684.94 94.1653
7685.3 94.1654
7685.67 94.1655
7686.03 94.1659
7686.4 94.1662
7686.77 94.1664
7687.13 94.1665
7687.5 94.1666
7687.87 94.1668
7688.23 94.167
7688.6 94.1672
7688.96 94.1675
7689.33 94.1677
7689.7 94.1679
7690.06 94.1681
7690.43 94.1683
7690.8 94.1684
7691.16 94.1683
7691.53 94.1681
7691.89 94.1678
7692.26 94.1671
7692.63 94.1664
7692.99 94.1662
7693.36 94.1654
7693.73 94.1645
7694.09 94.1635
7694.46 94.1624
7694.82 94.1612
7695.19 94.16
7695.56 94.1587
7695.92 94.1573
7696.29 94.1559
7696.65 94.1544
7697.02 94.1529
7697.39 94.1514
7697.75 94.1497
7698.12 94.148
7698.49 94.1452
7698.85 94.1432
7699.22 94.1411
7699.58 94.1397
7699.95 94.1374
7700.32 94.135
7700.68 94.1324
7701.05 94.1297
7701.42 94.127
7701.78 94.1242
7702.15 94.1215
7702.51 94.1189
7702.88 94.1164
7703.25 94.1142
7703.61 94.1121
7703.98 94.1103
7704.35 94.1085
7704.71 94.1059
7705.08 94.1046
7705.44 94.1034
7705.81 94.1024
7706.18 94.1015
7706.54 94.1007
7706.91 94.1
7707.27 94.0995
7707.64 94.0991
7708.01 94.0989
7708.37 94.0988
7708.74 94.0988
7709.11 94.099
7709.47 94.0992
7709.84 94.0995
7710.2 94.0998
7710.57 94.1001
7710.94 94.1004
7711.3 94.1009
7711.67 94.1015
7712.04 94.1021
7712.4 94.1023
7712.77 94.1029
7713.13 94.1036
7713.5 94.1043
7713.87 94.105
7714.23 94.1057
7714.6 94.1063
7714.97 94.1069
7715.33 94.1076
7715.7 94.1082
7716.06 94.1089
7716.43 94.1096
7716.8 94.1107
7717.16 94.1117
7717.53 94.1128
7717.9 94.114
7718.26 94.1153
7718.63 94.1166
7718.99 94.1173
7719.36 94.1187
7719.73 94.1201
7720.09 94.1214
7720.46 94.1227
7720.82 94.1238
7721.19 94.1249
7721.56 94.1258
7721.92 94.1266
7722.29 94.1274
7722.66 94.128
7723.02 94.1293
7723.39 94.1298
7723.75 94.1302
7724.12 94.1305
7724.49 94.1308
7724.85 94.1311
7725.22 94.1313
7725.59 94.1319
7725.95 94.132
7726.32 94.1321
7726.68 94.1322
7727.05 94.1323
7727.42 94.1324
7727.78 94.1325
7728.15 94.1325
7728.52 94.1326
7728.88 94.1326
7729.25 94.132
7729.61 94.1316
7729.98 94.1312
7730.35 94.1306
7730.71 94.1298
7731.08 94.1288
7731.44 94.1275
7731.81 94.126
7732.18 94.1235
7732.54 94.1209
7732.91 94.1174
7733.28 94.1144
7733.64 94.1123
7734.01 94.1105
7734.37 94.1091
7734.74 94.1079
7735.11 94.1068
7735.47 94.1052
7735.84 94.1045
7736.21 94.1039
7736.57 94.1033
7736.94 94.1027
7737.3 94.1021
7737.67 94.1015
7738.04 94.1009
7738.4 94.1002
7738.77 94.1
7739.14 94.0993
7739.5 94.0987
7739.87 94.0981
7740.23 94.0974
7740.6 94.0968
7740.97 94.0962
7741.33 94.0956
7741.7 94.0952
7742.06 94.0947
7742.43 94.0943
7742.8 94.094
7743.16 94.0937
7743.53 94.0933
7743.9 94.093
7744.26 94.0927
7744.63 94.0924
7744.99 94.0924
7745.36 94.0921
7745.73 94.0917
7746.09 94.0913
7746.46 94.091
7746.83 94.0906
7747.19 94.0903
7747.56 94.0898
7747.92 94.0894
7748.29 94.089
7748.66 94.0886
7749.02 94.0882
7749.39 94.0878
7749.76 94.0873
7750.12 94.0869
7750.49 94.0864
7750.85 94.0859
7751.22 94.0854
7751.59 94.0846
7751.95 94.0843
7752.32 94.084
7752.69 94.0837
7753.05 94.0835
7753.42 94.0832
7753.78 94.0824
7754.15 94.0821
7754.52 94.0816
7754.88 94.081
7755.25 94.0804
7755.61 94.0797
7755.98 94.079
7756.35 94.0784
7756.71 94.0779
7757.08 94.0776
7757.45 94.0773
7757.81 94.0771
7758.18 94.0771
7758.54 94.0771
7758.91 94.0772
7759.28 94.0773
7759.64 94.0775
7760.01 94.078
7760.38 94.0785
7760.74 94.0789
7761.11 94.0795
7761.47 94.0802
7761.84 94.0809
7762.21 94.0817
7762.57 94.0826
7762.94 94.0836
7763.31 94.0846
7763.67 94.0857
7764.04 94.0869
7764.4 94.0881
7764.77 94.0886
7765.14 94.0897
7765.5 94.0907
7765.87 94.0917
7766.23 94.0927
7766.6 94.0933
7766.97 94.0938
7767.33 94.0942
7767.7 94.0946
7768.07 94.0949
7768.43 94.0952
7768.8 94.0954
7769.16 94.0957
7769.53 94.096
7769.9 94.0964
7770.26 94.0969
7770.63 94.0976
7771 94.0983
7771.36 94.0984
7771.73 94.0992
7772.09 94.1001
7772.46 94.1015
7772.83 94.1025
7773.19 94.1035
7773.56 94.1044
7773.93 94.1054
7774.29 94.1064
7774.66 94.1073
7775.02 94.1083
7775.39 94.1093
7775.76 94.1103
7776.12 94.1113
7776.49 94.1122
7776.85 94.1132
7777.22 94.1141
7777.59 94.115
7777.95 94.1163
7778.32 94.1173
7778.69 94.1197
7779.05 94.1207
7779.42 94.1218
7779.78 94.1228
7780.15 94.1238
7780.52 94.1247
7780.88 94.1256
7781.25 94.1265
7781.62 94.1273
7781.98 94.1281
7782.35 94.1289
7782.71 94.1296
7783.08 94.1302
7783.45 94.1309
7783.81 94.1314
7784.18 94.1326
7784.55 94.134
7784.91 94.1342
7785.28 94.1343
7785.64 94.1342
7786.01 94.134
7786.38 94.1336
7786.74 94.133
7787.11 94.1323
7787.48 94.1314
7787.84 94.1304
7788.21 94.1292
7788.57 94.128
7788.94 94.1266
7789.31 94.1253
7789.67 94.1238
7790.04 94.1224
7790.4 94.121
7790.77 94.1204
7791.14 94.1192
7791.5 94.1181
7791.87 94.117
7792.24 94.1161
7792.6 94.1152
7792.97 94.1144
7793.33 94.1138
7793.7 94.1132
7794.07 94.1128
7794.43 94.1125
7794.8 94.1122
7795.17 94.1121
7795.53 94.1122
7795.9 94.1123
7796.26 94.1126
7796.63 94.1131
7797 94.1148
7797.36 94.1157
7797.73 94.1167
7798.1 94.118
7798.46 94.1196
7798.83 94.1214
7799.19 94.1232
7799.56 94.1247
7799.93 94.1259
7800.29 94.1268
7800.66 94.1274
7801.02 94.1278
7801.39 94.1279
7801.76 94.1278
7802.12 94.1274
7802.49 94.1268
7802.86 94.126
7803.22 94.1247
7803.59 94.1237
7803.95 94.1232
7804.32 94.1222
7804.69 94.121
7805.05 94.1199
7805.42 94.1188
7805.79 94.1176
7806.15 94.1165
7806.52 94.1153
7806.88 94.1142
7807.25 94.113
7807.62 94.1119
7807.98 94.1109
7808.35 94.1098
7808.72 94.1089
7809.08 94.1079
7809.45 94.1071
7809.81 94.1064
7810.18 94.1056
7810.55 94.1059
7810.91 94.1053
7811.28 94.1048
7811.65 94.1044
7812.01 94.1041
7812.38 94.1039
7812.74 94.1039
7813.11 94.104
7813.48 94.1042
7813.84 94.1046
7814.21 94.1051
7814.57 94.1057
7814.94 94.1065
7815.31 94.1086
7815.67 94.1096
7816.04 94.1107
7816.41 94.1119
7816.77 94.1132
7817.14 94.1145
7817.5 94.1158
7817.87 94.1172
7818.24 94.1186
7818.6 94.12
7818.97 94.1215
7819.34 94.1229
7819.7 94.1244
7820.07 94.1259
7820.43 94.1274
7820.8 94.129
7821.17 94.1307
7821.53 94.134
7821.9 94.1358
7822.27 94.1377
7822.63 94.1395
7823 94.1414
7823.36 94.1431
7823.73 94.1449
7824.1 94.1468
7824.46 94.1485
7824.83 94.1502
7825.19 94.1519
7825.56 94.1534
7825.93 94.1548
7826.29 94.1561
7826.66 94.1573
7827.03 94.1583
7827.39 94.1593
7827.76 94.1608
7828.12 94.1615
7828.49 94.162
7828.86 94.1623
7829.22 94.1626
7829.59 94.1627
7829.96 94.1629
7830.32 94.1629
7830.69 94.1628
7831.05 94.1626
7831.42 94.1624
7831.79 94.1621
7832.15 94.1619
7832.52 94.1616
7832.89 94.1613
7833.25 94.161
7833.62 94.1607
7833.98 94.1607
7834.35 94.1603
7834.72 94.1597
7835.08 94.1591
7835.45 94.1585
7835.81 94.1578
7836.18 94.1571
7836.55 94.1573
7836.91 94.1564
7837.28 94.1555
7837.65 94.1546
7838.01 94.1535
7838.38 94.1524
7838.74 94.1511
7839.11 94.1498
7839.48 94.1483
7839.84 94.1467
7840.21 94.144
7840.58 94.1425
7840.94 94.1412
7841.31 94.14
7841.67 94.139
7842.04 94.1382
7842.41 94.1375
7842.77 94.1369
7843.14 94.1363
7843.51 94.1359
7843.87 94.1355
7844.24 94.1352
7844.6 94.135
7844.97 94.1348
7845.34 94.1347
7845.7 94.1346
7846.07 94.1341
7846.44 94.1339
7846.8 94.1336
7847.17 94.1332
7847.53 94.1326
7847.9 94.1317
7848.27 94.1305
7848.63 94.1291
7849 94.1273
7849.36 94.1254
7849.73 94.1234
7850.1 94.1216
7850.46 94.1201
7850.83 94.1189
7851.2 94.118
7851.56 94.1174
7851.93 94.1171
7852.29 94.1168
7852.66 94.1172
7853.03 94.1177
7853.39 94.1185
7853.76 94.1195
7854.13 94.1206
7854.49 94.1219
7854.86 94.1234
7855.22 94.1249
7855.59 94.1264
7855.96 94.1272
7856.32 94.1287
7856.69 94.1302
7857.06 94.1316
7857.42 94.1329
7857.79 94.1339
7858.15 94.1348
7858.52 94.1359
7858.89 94.1365
7859.25 94.137
7859.62 94.1373
7859.98 94.1376
7860.35 94.1379
7860.72 94.1381
7861.08 94.1384
7861.45 94.1386
7861.82 94.1388
7862.18 94.1389
7862.55 94.1393
7862.91 94.1395
7863.28 94.1395
7863.65 94.1394
7864.01 94.1393
7864.38 94.139
7864.75 94.1382
7865.11 94.1373
7865.48 94.1363
7865.84 94.1352
7866.21 94.1341
7866.58 94.1329
7866.94 94.1318
7867.31 94.1307
7867.68 94.1296
7868.04 94.1286
7868.41 94.1275
7868.77 94.1264
7869.14 94.1263
7869.51 94.1252
7869.87 94.1241
7870.24 94.1231
7870.6 94.1221
7870.97 94.1209
7871.34 94.1201
7871.7 94.1193
7872.07 94.1186
7872.44 94.118
7872.8 94.1174
7873.17 94.1169
7873.53 94.1165
7873.9 94.116
7874.27 94.1157
7874.63 94.1153
7875 94.1149
7875.37 94.1146
7875.73 94.1144
7876.1 94.114
7876.46 94.1136
7876.83 94.1131
7877.2 94.1124
7877.56 94.1118
7877.93 94.1112
7878.3 94.1105
7878.66 94.1097
7879.03 94.1089
7879.39 94.108
7879.76 94.1071
7880.13 94.106
7880.49 94.1049
7880.86 94.1036
7881.23 94.1023
7881.59 94.1008
7881.96 94.0992
7882.32 94.098
7882.69 94.0961
7883.06 94.0924
7883.42 94.0901
7883.79 94.0877
7884.15 94.0852
7884.52 94.0827
7884.89 94.0804
7885.25 94.0783
7885.62 94.0765
7885.99 94.075
7886.35 94.0739
7886.72 94.0731
7887.08 94.0728
7887.45 94.0727
7887.82 94.073
7888.18 94.0736
7888.55 94.0733
7888.92 94.0744
7889.28 94.0757
7889.65 94.0774
7890.01 94.0793
7890.38 94.0813
7890.75 94.0832
7891.11 94.0848
7891.48 94.0859
7891.85 94.0867
7892.21 94.0872
7892.58 94.0875
7892.94 94.0875
7893.31 94.0874
7893.68 94.0871
7894.04 94.0866
7894.41 94.086
7894.77 94.0853
7895.14 94.0848
7895.51 94.0832
7895.87 94.0819
7896.24 94.0804
7896.61 94.0786
7896.97 94.0765
7897.34 94.0739
7897.7 94.0707
7898.07 94.0679
7898.44 94.0659
7898.8 94.0642
7899.17 94.063
7899.54 94.062
7899.9 94.0613
7900.27 94.0607
7900.63 94.0603
7901 94.0601
7901.37 94.0599
7901.73 94.0607
7902.1 94.0608
7902.47 94.0609
7902.83 94.0611
7903.2 94.0614
7903.56 94.0617
7903.93 94.0621
7904.3 94.0625
7904.66 94.063
7905.03 94.0634
7905.4 94.064
7905.76 94.0645
7906.13 94.0652
7906.49 94.0658
7906.86 94.0666
7907.23 94.0674
7907.59 94.0683
7907.96 94.0693
7908.32 94.0693
7908.69 94.07
7909.06 94.0707
7909.42 94.0713
7909.79 94.0717
7910.16 94.0721
7910.52 94.0722
7910.89 94.0723
7911.25 94.0722
7911.62 94.072
7911.99 94.0717
7912.35 94.0713
7912.72 94.0709
7913.09 94.0705
7913.45 94.0701
7913.82 94.0694
7914.18 94.0689
7914.55 94.0685
7914.92 94.0681
7915.28 94.0677
7915.65 94.0673
7916.02 94.0669
7916.38 94.0667
7916.75 94.0664
7917.11 94.0662
7917.48 94.0661
7917.85 94.066
7918.21 94.0658
7918.58 94.0657
7918.94 94.0656
7919.31 94.0655
7919.68 94.0654
7920.04 94.0657
7920.41 94.0656
7920.78 94.0656
7921.14 94.0662
7921.51 94.0662
7921.87 94.0662
7922.24 94.0662
7922.61 94.0661
7922.97 94.066
7923.34 94.0659
7923.71 94.0658
7924.07 94.0656
7924.44 94.0653
7924.8 94.0649
7925.17 94.0645
7925.54 94.0639
7925.9 94.0633
7926.27 94.063
7926.64 94.0622
7927 94.0612
7927.37 94.0603
7927.73 94.0608
7928.1 94.0599
7928.47 94.059
7928.83 94.0582
7929.2 94.0576
7929.56 94.057
7929.93 94.0566
7930.3 94.0563
7930.66 94.0561
7931.03 94.056
7931.4 94.0559
7931.76 94.056
7932.13 94.0561
7932.49 94.0576
7932.86 94.0577
7933.23 94.0579
7933.59 94.058
7933.96 94.0581
7934.33 94.0594
7934.69 94.0594
7935.06 94.0594
7935.42 94.0593
7935.79 94.0591
7936.16 94.0589
7936.52 94.0587
7936.89 94.0584
7937.26 94.0581
7937.62 94.0577
7937.99 94.0572
7938.35 94.0567
7938.72 94.0565
7939.09 94.0557
7939.45 94.0547
7939.82 94.0536
7940.19 94.0523
7940.55 94.0509
7940.92 94.0507
7941.28 94.049
7941.65 94.0471
7942.02 94.045
7942.38 94.0428
7942.75 94.0406
7943.11 94.0386
7943.48 94.0367
7943.85 94.0351
7944.21 94.0338
7944.58 94.0327
7944.95 94.0315
7945.31 94.0308
7945.68 94.0303
7946.04 94.0298
7946.41 94.0294
7946.78 94.0289
7947.14 94.0284
7947.51 94.0284
7947.88 94.0277
7948.24 94.0271
7948.61 94.0263
7948.97 94.0255
7949.34 94.0247
7949.71 94.0238
7950.07 94.023
7950.44 94.0221
7950.81 94.0214
7951.17 94.0207
7951.54 94.0201
7951.9 94.0196
7952.27 94.0192
7952.64 94.0189
7953 94.0188
7953.37 94.0189
7953.73 94.0191
7954.1 94.02
7954.47 94.0204
7954.83 94.0209
7955.2 94.0216
7955.57 94.0224
7955.93 94.0232
7956.3 94.0242
7956.66 94.0251
7957.03 94.0273
7957.4 94.0283
7957.76 94.0292
7958.13 94.0302
7958.5 94.031
7958.86 94.0318
7959.23 94.0325
7959.59 94.0332
7959.96 94.0338
7960.33 94.0344
7960.69 94.0349
7961.06 94.0353
7961.43 94.0356
7961.79 94.0358
7962.16 94.036
7962.52 94.0362
7962.89 94.0363
7963.26 94.0364
7963.62 94.0364
7963.99 94.0364
7964.35 94.0363
7964.72 94.0362
7965.09 94.036
7965.45 94.0357
7965.82 94.0353
7966.19 94.0349
7966.55 94.0344
7966.92 94.0345
7967.28 94.0342
7967.65 94.0338
7968.02 94.0335
7968.38 94.0332
7968.75 94.033
7969.12 94.0327
7969.48 94.0334
7969.85 94.0332
7970.21 94.033
7970.58 94.0328
7970.95 94.0325
7971.31 94.0322
7971.68 94.0319
7972.05 94.0316
7972.41 94.0312
7972.78 94.0308
7973.14 94.0304
7973.51 94.0313
7973.88 94.0309
7974.24 94.0303
7974.61 94.0297
7974.98 94.0292
7975.34 94.0285
7975.71 94.0287
7976.07 94.028
7976.44 94.0273
7976.81 94.0265
7977.17 94.0257
7977.54 94.025
7977.9 94.0243
7978.27 94.0236
7978.64 94.023
7979 94.0224
7979.37 94.0218
7979.74 94.0213
7980.1 94.0217
7980.47 94.0212
7980.83 94.0207
7981.2 94.0201
7981.57 94.02
7981.93 94.0195
7982.3 94.019
7982.67 94.0184
7983.03 94.0178
7983.4 94.0171
7983.76 94.0163
7984.13 94.0155
7984.5 94.0146
7984.86 94.0136
7985.23 94.0125
7985.6 94.0113
7985.96 94.0101
7986.33 94.0089
7986.69 94.0091
7987.06 94.0079
7987.43 94.0067
7987.79 94.0057
7988.16 94.0045
7988.52 94.0034
7988.89 94.0022
7989.26 94.0011
7989.62 93.9999
7989.99 93.9987
7990.36 93.9974
7990.72 93.9961
7991.09 93.9948
7991.45 93.9935
7991.82 93.9921
7992.19 93.9908
7992.55 93.9894
7992.92 93.9894
7993.29 93.9881
7993.65 93.9868
7994.02 93.9858
7994.38 93.9848
7994.75 93.9839
7995.12 93.9832
7995.48 93.9827
7995.85 93.9822
7996.22 93.9819
7996.58 93.9817
7996.95 93.9817
7997.31 93.9818
7997.68 93.982
7998.05 93.9823
7998.41 93.9827
7998.78 93.9832
7999.15 93.9838
7999.51 93.9844
7999.88 93.9848
8000.24 93.9857
8000.61 93.986
8000.98 93.9862
8001.34 93.9864
8001.71 93.9865
8002.07 93.9866
8002.44 93.9866
8002.81 93.9867
8003.17 93.9867
8003.54 93.9866
8003.91 93.9865
8004.27 93.9863
8004.64 93.9861
8005 93.9858
8005.37 93.9854
8005.74 93.9849
8006.1 93.9851
8006.47 93.9845
8006.84 93.9837
8007.2 93.9828
8007.57 93.9818
8007.93 93.9808
8008.3 93.9798
8008.67 93.9787
8009.03 93.9777
8009.4 93.9767
8009.77 93.9757
8010.13 93.9748
8010.5 93.9739
8010.86 93.973
8011.23 93.9721
8011.6 93.9712
8011.96 93.9704
8012.33 93.9696
8012.69 93.9688
8013.06 93.9683
8013.43 93.9681
8013.79 93.968
8014.16 93.968
8014.53 93.968
8014.89 93.9682
8015.26 93.9683
8015.62 93.9685
8015.99 93.9687
8016.36 93.9689
8016.72 93.969
8017.09 93.9693
8017.46 93.9695
8017.82 93.9697
8018.19 93.97
8018.55 93.9708
8018.92 93.9711
8019.29 93.9717
8019.65 93.972
8020.02 93.9725
8020.39 93.973
8020.75 93.9736
8021.12 93.9743
8021.48 93.9751
8021.85 93.976
8022.22 93.977
8022.58 93.978
8022.95 93.9789
8023.31 93.9796
8023.68 93.9801
8024.05 93.9802
8024.41 93.9802
8024.78 93.9794
8025.15 93.9789
8025.51 93.9782
8025.88 93.9775
8026.24 93.9767
8026.61 93.9758
8026.98 93.9749
8027.34 93.9739
8027.71 93.9728
8028.08 93.9718
8028.44 93.9707
8028.81 93.9696
8029.17 93.9685
8029.54 93.9673
8029.91 93.9662
8030.27 93.965
8030.64 93.9637
8031.01 93.9607
8031.37 93.9598
8031.74 93.9593
8032.1 93.958
8032.47 93.9579
8032.84 93.958
8033.2 93.9582
8033.57 93.9586
8033.94 93.9591
8034.3 93.9596
8034.67 93.9602
8035.03 93.9609
8035.4 93.9616
8035.77 93.9624
8036.13 93.9632
8036.5 93.964
8036.86 93.9648
8037.23 93.9654
8037.6 93.9662
8037.96 93.9668
8038.33 93.9673
8038.7 93.9669
8039.06 93.967
8039.43 93.9668
8039.79 93.9663
8040.16 93.9654
8040.53 93.9643
8040.89 93.9627
8041.26 93.9608
8041.63 93.9585
8041.99 93.9556
8042.36 93.9518
8042.72 93.9477
8043.09 93.9444
8043.46 93.94
8043.82 93.9378
8044.19 93.9357
8044.56 93.9337
8044.92 93.9318
8045.29 93.9311
8045.65 93.9292
8046.02 93.9273
8046.39 93.9254
8046.75 93.9234
8047.12 93.9215
8047.48 93.9196
8047.85 93.9178
8048.22 93.916
8048.58 93.9143
8048.95 93.9127
8049.32 93.9102
8049.68 93.9087
8050.05 93.9072
8050.41 93.9056
8050.78 93.9041
8051.15 93.9025
8051.51 93.9009
8051.88 93.8996
8052.25 93.898
8052.61 93.8964
8052.98 93.8949
8053.34 93.8935
8053.71 93.8924
8054.08 93.8914
8054.44 93.8907
8054.81 93.8901
8055.18 93.8897
8055.54 93.8892
8055.91 93.8891
8056.27 93.8891
8056.64 93.8891
8057.01 93.8892
8057.37 93.8892
8057.74 93.8892
8058.1 93.8891
8058.47 93.889
8058.84 93.8888
8059.2 93.8884
8059.57 93.8879
8059.94 93.8872
8060.3 93.8864
8060.67 93.8853
8061.03 93.8841
8061.4 93.8826
8061.77 93.8793
8062.13 93.8769
8062.5 93.874
8062.87 93.8705
8063.23 93.8671
8063.6 93.8642
8063.96 93.8616
8064.33 93.8594
8064.7 93.858
8065.06 93.8561
8065.43 93.8544
8065.8 93.8527
8066.16 93.8512
8066.53 93.8496
8066.89 93.8481
8067.26 93.8465
8067.63 93.845
8067.99 93.8426
8068.36 93.8411
8068.73 93.8395
8069.09 93.838
8069.46 93.8365
8069.82 93.8351
8070.19 93.8337
8070.56 93.8325
8070.92 93.8313
8071.29 93.8309
8071.65 93.8298
8072.02 93.8288
8072.39 93.8279
8072.75 93.827
8073.12 93.8262
8073.49 93.8254
8073.85 93.8247
8074.22 93.824
8074.58 93.8232
8074.95 93.8225
8075.32 93.8218
8075.68 93.821
8076.05 93.8201
8076.42 93.8193
8076.78 93.8183
8077.15 93.8175
8077.51 93.8166
8077.88 93.8164
8078.25 93.8156
8078.61 93.8149
8078.98 93.8142
8079.35 93.8136
8079.71 93.8131
8080.08 93.8128
8080.44 93.8125
8080.81 93.8123
8081.18 93.8122
8081.54 93.8121
8081.91 93.8121
8082.27 93.8121
8082.64 93.8122
8083.01 93.8122
8083.37 93.8122
8083.74 93.8122
8084.11 93.812
8084.47 93.812
8084.84 93.8119
8085.2 93.8117
8085.57 93.8114
8085.94 93.8111
8086.3 93.8112
8086.67 93.8108
8087.04 93.8104
8087.4 93.8099
8087.77 93.8094
8088.13 93.8089
8088.5 93.8083
8088.87 93.8077
8089.23 93.8071
8089.6 93.8065
8089.97 93.8059
8090.33 93.8053
8090.7 93.8048
8091.06 93.8054
8091.43 93.8048
8091.8 93.8044
8092.16 93.8039
8092.53 93.8041
8092.9 93.8036
8093.26 93.8032
8093.63 93.8026
8093.99 93.8021
8094.36 93.8015
8094.73 93.8008
8095.09 93.8002
8095.46 93.7996
8095.82 93.799
8096.19 93.7983
8096.56 93.7978
8096.92 93.7972
8097.29 93.7967
8097.66 93.797
8098.02 93.7965
8098.39 93.796
8098.75 93.7959
8099.12 93.7955
8099.49 93.795
8099.85 93.7946
8100.22 93.7941
8100.59 93.7935
8100.95 93.7929
8101.32 93.7922
8101.68 93.7915
8102.05 93.7908
8102.42 93.79
8102.78 93.7892
8103.15 93.7884
8103.52 93.7876
8103.88 93.7877
8104.25 93.7868
8104.61 93.7858
8104.98 93.7848
8105.35 93.7837
8105.71 93.7825
8106.08 93.7813
8106.44 93.78
8106.81 93.7787
8107.18 93.7774
8107.54 93.7761
8107.91 93.7749
8108.28 93.7739
8108.64 93.7729
8109.01 93.7719
8109.37 93.7711
8109.74 93.7703
8110.11 93.7696
8110.47 93.7692
8110.84 93.7685
8111.21 93.7674
8111.57 93.7667
8111.94 93.766
8112.3 93.7653
8112.67 93.7646
8113.04 93.764
8113.4 93.7633
8113.77 93.7627
8114.14 93.7622
8114.5 93.7617
8114.87 93.7613
8115.23 93.7609
8115.6 93.7607
8115.97 93.7605
8116.33 93.7603
8116.7 93.7603
8117.06 93.7615
8117.43 93.7616
8117.8 93.7617
8118.16 93.762
8118.53 93.7622
8118.9 93.7626
8119.26 93.763
8119.63 93.7635
8119.99 93.764
8120.36 93.7646
8120.73 93.7652
8121.09 93.7659
8121.46 93.7666
8121.83 93.7674
8122.19 93.7683
8122.56 93.7691
8122.92 93.7701
8123.29 93.7716
8123.66 93.7722
8124.02 93.7733
8124.39 93.7743
8124.76 93.7753
8125.12 93.7763
8125.49 93.7771
8125.85 93.7779
8126.22 93.7785
8126.59 93.779
8126.95 93.7794
8127.32 93.7797
8127.69 93.78
8128.05 93.7802
8128.42 93.7802
8128.78 93.7802
8129.15 93.7802
8129.52 93.7805
8129.88 93.7804
8130.25 93.7807
8130.61 93.7805
8130.98 93.7802
8131.35 93.7798
8131.71 93.7795
8132.08 93.779
8132.45 93.7786
8132.81 93.778
8133.18 93.7774
8133.54 93.7766
8133.91 93.7757
8134.28 93.7745
8134.64 93.7732
8135.01 93.7716
8135.38 93.7698
8135.74 93.766
8136.11 93.7636
8136.47 93.7619
8136.84 93.7597
8137.21 93.7575
8137.57 93.7552
8137.94 93.753
8138.31 93.7507
8138.67 93.7483
8139.04 93.7458
8139.4 93.7432
8139.77 93.7406
8140.14 93.7379
8140.5 93.7351
8140.87 93.7324
8141.23 93.7298
8141.6 93.7273
8141.97 93.7238
8142.33 93.7217
8142.7 93.7199
8143.07 93.7191
8143.43 93.7175
8143.8 93.7161
8144.16 93.7148
8144.53 93.7137
8144.9 93.7127
8145.26 93.7118
8145.63 93.711
8146 93.7104
8146.36 93.7098
8146.73 93.7093
8147.09 93.7089
8147.46 93.7084
8147.83 93.7079
8148.19 93.7072
8148.56 93.7067
8148.93 93.7063
8149.29 93.706
8149.66 93.7057
8150.02 93.7055
8150.39 93.7055
8150.76 93.7055
8151.12 93.7058
8151.49 93.7063
8151.85 93.707
8152.22 93.7079
8152.59 93.709
8152.95 93.7103
8153.32 93.7117
8153.69 93.7132
8154.05 93.7154
8154.42 93.7169
8154.78 93.7183
8155.15 93.7197
8155.52 93.7209
8155.88 93.7222
8156.25 93.7232
8156.62 93.7244
8156.98 93.7257
8157.35 93.727
8157.71 93.7283
8158.08 93.7297
8158.45 93.7311
8158.81 93.7326
8159.18 93.734
8159.55 93.7356
8159.91 93.7371
8160.28 93.7403
8160.64 93.7419
8161.01 93.7436
8161.38 93.7453
8161.74 93.747
8162.11 93.7488
8162.48 93.7506
8162.84 93.7524
8163.21 93.7543
8163.57 93.7561
8163.94 93.758
8164.31 93.7599
8164.67 93.7618
8165.04 93.7638
8165.4 93.7657
8165.77 93.7677
8166.14 93.7696
8166.5 93.7733
8166.87 93.7752
8167.24 93.7771
8167.6 93.7789
8167.97 93.7808
8168.33 93.7827
8168.7 93.7847
8169.07 93.7866
8169.43 93.7879
8169.8 93.7898
8170.17 93.7918
8170.53 93.794
8170.9 93.7962
8171.26 93.7987
8171.63 93.8013
8172 93.8042
8172.36 93.8072
8172.73 93.8106
8173.1 93.814
8173.46 93.8176
8173.83 93.8212
8174.19 93.8248
8174.56 93.8283
8174.93 93.8318
8175.29 93.8351
8175.66 93.835
8176.02 93.8383
8176.39 93.8415
8176.76 93.8446
8177.12 93.8477
8177.49 93.8508
8177.86 93.8539
8178.22 93.8569
8178.59 93.8598
8178.95 93.8637
8179.32 93.8666
8179.69 93.8693
8180.05 93.872
8180.42 93.8746
8180.79 93.8772
8181.15 93.8799
8181.52 93.8826
8181.88 93.8853
8182.25 93.8868
8182.62 93.8896
8182.98 93.8924
8183.35 93.8952
8183.72 93.8979
8184.08 93.9006
8184.45 93.9031
8184.81 93.9071
8185.18 93.9096
8185.55 93.9119
8185.91 93.9143
8186.28 93.9166
8186.65 93.9189
8187.01 93.9211
8187.38 93.9233
8187.74 93.9253
8188.11 93.9273
8188.48 93.9291
8188.84 93.9303
8189.21 93.932
8189.57 93.9337
8189.94 93.9354
8190.31 93.9371
8190.67 93.9388
8191.04 93.9413
8191.41 93.9429
8191.77 93.9445
8192.14 93.9462
8192.5 93.9478
8192.87 93.9495
8193.24 93.9511
8193.6 93.9528
8193.97 93.9546
8194.33 93.9563
8194.7 93.9581
8195.07 93.9599
8195.43 93.9605
8195.8 93.9624
8196.17 93.9643
8196.53 93.9662
8196.9 93.9681
8197.26 93.9708
8197.63 93.9728
8198 93.9748
8198.36 93.9768
8198.73 93.9787
8199.1 93.9807
8199.46 93.9827
8199.83 93.9847
8200.19 93.9868
8200.56 93.989
8200.93 93.9912
8201.29 93.9934
8201.66 93.9957
8202.03 93.9975
8202.39 93.9998
8202.76 94.0023
8203.12 94.0047
8203.49 94.0091
8203.86 94.0114
8204.22 94.0138
8204.59 94.0161
8204.96 94.0183
8205.32 94.0205
8205.69 94.0226
8206.05 94.0247
8206.42 94.0267
8206.79 94.0286
8207.15 94.0305
8207.52 94.0322
8207.88 94.0339
8208.25 94.0358
8208.62 94.0374
8208.98 94.0388
8209.35 94.0402
8209.72 94.0429
8210.08 94.044
8210.45 94.045
8210.81 94.0459
8211.18 94.0468
8211.55 94.0476
8211.91 94.0485
8212.28 94.0494
8212.65 94.0504
8213.01 94.0515
8213.38 94.0527
8213.74 94.0541
8214.11 94.0557
8214.48 94.0575
8214.84 94.0583
8215.21 94.0602
8215.58 94.0624
8215.94 94.0655
8216.31 94.0679
8216.67 94.0705
8217.04 94.0732
8217.41 94.0761
8217.77 94.0792
8218.14 94.0823
8218.5 94.0855
8218.87 94.0886
8219.24 94.0915
8219.6 94.0942
8219.97 94.0965
8220.34 94.0984
8220.7 94.1001
8221.07 94.1015
8221.43 94.1019
8221.8 94.1034
8222.17 94.1043
8222.53 94.1052
8222.9 94.1059
8223.27 94.1067
8223.63 94.1074
8224 94.1082
8224.36 94.109
8224.73 94.1098
8225.1 94.1106
8225.46 94.1115
8225.83 94.1123
8226.2 94.113
8226.56 94.1137
8226.93 94.1144
8227.29 94.115
8227.66 94.1156
8228.03 94.1177
8228.39 94.1182
8228.76 94.1187
8229.13 94.1191
8229.49 94.1195
8229.86 94.12
8230.22 94.1204
8230.59 94.1208
8230.96 94.1212
8231.32 94.1216
8231.69 94.1219
8232.05 94.1222
8232.42 94.1224
8232.79 94.1226
8233.15 94.1227
8233.52 94.1226
8233.89 94.1225
8234.25 94.1225
8234.62 94.1226
8234.98 94.1225
8235.35 94.1224
8235.72 94.1225
8236.08 94.1226
8236.45 94.1229
8236.82 94.1232
8237.18 94.1236
8237.55 94.1241
8237.91 94.1247
8238.28 94.1254
8238.65 94.1261
8239.01 94.1268
8239.38 94.1276
8239.75 94.1285
8240.11 94.1294
8240.48 94.1317
8240.84 94.1329
8241.21 94.1343
8241.58 94.1356
8241.94 94.1369
8242.31 94.1383
8242.67 94.1398
8243.04 94.1413
8243.41 94.1429
8243.77 94.1444
8244.14 94.146
8244.51 94.1477
8244.87 94.1493
8245.24 94.151
8245.6 94.1528
8245.97 94.1546
8246.34 94.1566
8246.7 94.1602
8247.07 94.1624
8247.44 94.1639
8247.8 94.1661
8248.17 94.1684
8248.53 94.171
8248.9 94.1739
8249.27 94.1771
8249.63 94.1808
8250 94.1847
8250.37 94.1881
8250.73 94.1911
8251.1 94.1936
8251.46 94.1959
8251.83 94.1979
8252.2 94.1997
8252.56 94.2017
8252.93 94.203
8253.29 94.2041
8253.66 94.2052
8254.03 94.2057
8254.39 94.2067
8254.76 94.2077
8255.13 94.2087
8255.49 94.2096
8255.86 94.2106
8256.22 94.2115
8256.59 94.2125
8256.96 94.2134
8257.32 94.2143
8257.69 94.2153
8258.06 94.2162
8258.42 94.2172
8258.79 94.2194
8259.15 94.2204
8259.52 94.2214
8259.89 94.2225
8260.25 94.2237
8260.62 94.2247
8260.99 94.2259
8261.35 94.2271
8261.72 94.2285
8262.08 94.23
8262.45 94.2315
8262.82 94.2332
8263.18 94.2349
8263.55 94.2367
8263.92 94.2385
8264.28 94.2404
8264.65 94.2423
8265.01 94.2446
8265.38 94.2465
8265.75 94.2486
8266.11 94.2507
8266.48 94.253
8266.84 94.2551
8267.21 94.2543
8267.58 94.2556
8267.94 94.2561
8268.31 94.2552
8268.68 94.2533
8269.04 94.2527
8269.41 94.2525
8269.77 94.2525
8270.14 94.2526
8270.51 94.2528
8270.87 94.253
8271.24 94.253
8271.61 94.2533
8271.97 94.2535
8272.34 94.2537
8272.7 94.2539
8273.07 94.254
8273.44 94.254
8273.8 94.2541
8274.17 94.2541
8274.54 94.2541
8274.9 94.2542
8275.27 94.2541
8275.63 94.2541
8276 94.254
8276.37 94.2539
8276.73 94.2538
8277.1 94.2536
8277.46 94.2538
8277.83 94.2539
8278.2 94.2539
8278.56 94.2541
8278.93 94.2542
8279.3 94.2545
8279.66 94.2548
8280.03 94.2555
8280.39 94.2559
8280.76 94.2562
8281.13 94.2566
8281.49 94.257
8281.86 94.2574
8282.23 94.2577
8282.59 94.2581
8282.96 94.2584
8283.32 94.2588
8283.69 94.2597
8284.06 94.26
8284.42 94.2603
8284.79 94.2605
8285.16 94.2607
8285.52 94.2609
8285.89 94.2609
8286.25 94.2609
8286.62 94.261
8286.99 94.2608
8287.35 94.2604
8287.72 94.2599
8288.08 94.2592
8288.45 94.2584
8288.82 94.2575
8289.18 94.2565
8289.55 94.2548
8289.92 94.2539
8290.28 94.253
8290.65 94.2523
8291.01 94.2518
8291.38 94.2514
8291.75 94.2511
8292.11 94.251
8292.48 94.2511
8292.85 94.2513
8293.21 94.2519
8293.58 94.2523
8293.94 94.2529
8294.31 94.2536
8294.68 94.2545
8295.04 94.2555
8295.41 94.2567
8295.78 94.2592
8296.14 94.2606
8296.51 94.2621
8296.87 94.2637
8297.24 94.2653
8297.61 94.267
8297.97 94.2687
8298.34 94.2704
8298.71 94.2722
8299.07 94.2741
8299.44 94.276
8299.8 94.2775
8300.17 94.2794
8300.54 94.2814
8300.9 94.2835
8301.27 94.2857
8301.63 94.288
8302 94.2918
8302.37 94.2944
8302.73 94.2971
8303.1 94.2999
8303.47 94.303
8303.83 94.3061
8304.2 94.3094
8304.56 94.3127
8304.93 94.3159
8305.3 94.319
8305.66 94.322
8306.03 94.3247
8306.4 94.3254
8306.76 94.3277
8307.13 94.3298
8307.49 94.3316
8307.86 94.3331
8308.23 94.3341
8308.59 94.3351
8308.96 94.3359
8309.33 94.3367
8309.69 94.3374
8310.06 94.3381
8310.42 94.3388
8310.79 94.3395
8311.16 94.3403
8311.52 94.3412
8311.89 94.342
8312.25 94.3429
8312.62 94.3437
8312.99 94.3437
8313.35 94.3447
8313.72 94.3456
8314.09 94.3465
8314.45 94.3473
8314.82 94.348
8315.18 94.3487
8315.55 94.3494
8315.92 94.35
8316.28 94.3506
8316.65 94.3512
8317.02 94.3517
8317.38 94.3523
8317.75 94.3529
8318.11 94.3536
8318.48 94.3543
8318.85 94.355
8319.21 94.3549
8319.58 94.3557
8319.95 94.3566
8320.31 94.3576
8320.68 94.3585
8321.04 94.3594
8321.41 94.3602
8321.78 94.3609
8322.14 94.3617
8322.51 94.3624
8322.88 94.363
8323.24 94.3637
8323.61 94.3644
8323.97 94.3651
8324.34 94.3658
8324.71 94.3666
8325.07 94.3674
8325.44 94.3682
8325.8 94.3691
8326.17 94.3701
8326.54 94.3721
8326.9 94.3731
8327.27 94.3742
8327.64 94.3752
8328 94.3763
8328.37 94.3773
8328.73 94.3783
8329.1 94.3793
8329.47 94.3802
8329.83 94.381
8330.2 94.3817
8330.57 94.3823
8330.93 94.3829
8331.3 94.3833
8331.66 94.3836
8332.03 94.3839
8332.4 94.384
8332.76 94.3844
8333.13 94.3846
8333.5 94.3849
8333.86 94.3852
8334.23 94.3854
8334.59 94.3856
8334.96 94.3858
8335.33 94.3858
8335.69 94.3858
8336.06 94.3858
8336.42 94.3857
8336.79 94.3855
8337.16 94.3854
8337.52 94.3853
8337.89 94.3853
8338.26 94.3853
8338.62 94.3855
8338.99 94.3861
8339.35 94.3865
8339.72 94.387
8340.09 94.3877
8340.45 94.3884
8340.82 94.3892
8341.19 94.3901
8341.55 94.3911
8341.92 94.3921
8342.28 94.3933
8342.65 94.3946
8343.02 94.396
8343.38 94.3975
8343.75 94.3991
8344.12 94.4008
8344.48 94.4026
8344.85 94.4046
8345.21 94.408
8345.58 94.4091
8345.95 94.4115
8346.31 94.4141
8346.68 94.4169
8347.04 94.42
8347.41 94.4236
8347.78 94.4281
8348.14 94.4325
8348.51 94.436
8348.88 94.4389
8349.24 94.4415
8349.61 94.4438
8349.97 94.446
8350.34 94.4479
8350.71 94.4497
8351.07 94.4514
8351.44 94.4539
8351.81 94.4547
8352.17 94.4562
8352.54 94.4576
8352.9 94.459
8353.27 94.4602
8353.64 94.4615
8354 94.4627
8354.37 94.4639
8354.74 94.465
8355.1 94.4661
8355.47 94.4671
8355.83 94.4681
8356.2 94.4691
8356.57 94.4701
8356.93 94.4711
8357.3 94.4722
8357.67 94.473
8358.03 94.4737
8358.4 94.4737
8358.76 94.4743
8359.13 94.4749
8359.5 94.4753
8359.86 94.4756
8360.23 94.4758
8360.59 94.4758
8360.96 94.4757
8361.33 94.4754
8361.69 94.475
8362.06 94.4745
8362.43 94.4738
8362.79 94.473
8363.16 94.4721
8363.52 94.4704
8363.89 94.4693
8364.26 94.4681
8364.62 94.4668
8364.99 94.4661
8365.36 94.4649
8365.72 94.4637
8366.09 94.4626
8366.45 94.4616
8366.82 94.4607
8367.19 94.4598
8367.55 94.4591
8367.92 94.4584
8368.29 94.4577
8368.65 94.4572
8369.02 94.4566
8369.38 94.4561
8369.75 94.4557
8370.12 94.4552
8370.48 94.4547
8370.85 94.4542
8371.21 94.4538
8371.58 94.4539
8371.95 94.4536
8372.31 94.4532
8372.68 94.4529
8373.05 94.4526
8373.41 94.4523
8373.78 94.452
8374.14 94.4517
8374.51 94.4513
8374.88 94.4509
8375.24 94.4504
8375.61 94.4499
8375.98 94.4494
8376.34 94.4488
8376.71 94.4482
8377.07 94.4476
8377.44 94.447
8377.81 94.4464
8378.17 94.4468
8378.54 94.4461
8378.91 94.4455
8379.27 94.4448
8379.64 94.4441
8380 94.4434
8380.37 94.4426
8380.74 94.4419
8381.1 94.4411
8381.47 94.4404
8381.83 94.4396
8382.2 94.4392
8382.57 94.4384
8382.93 94.4376
8383.3 94.4368
8383.67 94.436
8384.03 94.4352
8384.4 94.4355
8384.76 94.4346
8385.13 94.4337
8385.5 94.4329
8385.86 94.432
8386.23 94.4311
8386.6 94.4302
8386.96 94.4293
8387.33 94.4284
8387.69 94.4275
8388.06 94.4262
8388.43 94.4252
8388.79 94.4242
8389.16 94.4231
8389.53 94.4221
8389.89 94.421
8390.26 94.4199
8390.62 94.4188
8390.99 94.4174
8391.36 94.4163
8391.72 94.4153
8392.09 94.4144
8392.46 94.4137
8392.82 94.4131
8393.19 94.4127
8393.55 94.4124
8393.92 94.4121
8394.29 94.4108
8394.65 94.4105
8395.02 94.4103
8395.38 94.41
8395.75 94.4096
8396.12 94.4092
8396.48 94.4088
8396.85 94.4083
8397.22 94.4078
8397.58 94.4073
8397.95 94.4068
8398.31 94.4063
8398.68 94.4058
8399.05 94.4053
8399.41 94.4047
8399.78 94.4041
8400.15 94.4035
8400.51 94.4023
8400.88 94.4015
8401.24 94.4007
8401.61 94.3999
8401.98 94.399
8402.34 94.398
8402.71 94.397
8403.08 94.3959
8403.44 94.3948
8403.81 94.3935
8404.17 94.3928
8404.54 94.3914
8404.91 94.39
8405.27 94.3886
8405.64 94.3872
8406 94.3859
8406.37 94.3848
8406.74 94.3836
8407.1 94.383
8407.47 94.3825
8407.84 94.3822
8408.2 94.3819
8408.57 94.3817
8408.93 94.3816
8409.3 94.3816
8409.67 94.3816
8410.03 94.3816
8410.4 94.3817
8410.77 94.3823
8411.13 94.3823
8411.5 94.3824
8411.86 94.3825
8412.23 94.3826
8412.6 94.3826
8412.96 94.3831
8413.33 94.383
8413.7 94.3828
8414.06 94.3826
8414.43 94.3822
8414.79 94.3818
8415.16 94.3813
8415.53 94.3807
8415.89 94.38
8416.26 94.3791
8416.63 94.3782
8416.99 94.3773
8417.36 94.3768
8417.72 94.3757
8418.09 94.3746
8418.46 94.3735
8418.82 94.3723
8419.19 94.3705
8419.55 94.3693
8419.92 94.368
8420.29 94.3666
8420.65 94.3651
8421.02 94.3634
8421.39 94.3615
8421.75 94.3594
8422.12 94.3569
8422.48 94.3544
8422.85 94.3519
8423.22 94.3497
8423.58 94.3478
8423.95 94.346
8424.32 94.3444
8424.68 94.343
8425.05 94.3405
8425.41 94.3395
8425.78 94.3387
8426.15 94.338
8426.51 94.3373
8426.88 94.3368
8427.25 94.3363
8427.61 94.3359
8427.98 94.3355
8428.34 94.3351
8428.71 94.3348
8429.08 94.3344
8429.44 94.3341
8429.81 94.3338
8430.17 94.3334
8430.54 94.3332
8430.91 94.3329
8431.27 94.3323
8431.64 94.3322
8432.01 94.3322
8432.37 94.3323
8432.74 94.3324
8433.1 94.3326
8433.47 94.3328
8433.84 94.3332
8434.2 94.3336
8434.57 94.334
8434.94 94.3345
8435.3 94.335
8435.67 94.3355
8436.03 94.3361
8436.4 94.3368
8436.77 94.3363
8437.13 94.3371
8437.5 94.3372
8437.87 94.3379
8438.23 94.3385
8438.6 94.3391
8438.96 94.3394
8439.33 94.3396
8439.7 94.3396
8440.06 94.3394
8440.43 94.3391
8440.79 94.3387
8441.16 94.3382
8441.53 94.3377
8441.89 94.3371
8442.26 94.3366
8442.63 94.336
8442.99 94.3355
8443.36 94.3349
8443.72 94.3337
8444.09 94.3333
8444.46 94.3329
8444.82 94.3328
8445.19 94.3328
8445.56 94.3329
8445.92 94.3332
8446.29 94.3336
8446.65 94.3341
8447.02 94.3347
8447.39 94.3355
8447.75 94.3363
8448.12 94.3373
8448.49 94.3384
8448.85 94.3396
8449.22 94.341
8449.58 94.3423
8449.95 94.3426
8450.32 94.3438
8450.68 94.345
8451.05 94.346
8451.42 94.3469
8451.78 94.3477
8452.15 94.3482
8452.51 94.3485
8452.88 94.3487
8453.25 94.3488
8453.61 94.3488
8453.98 94.3488
8454.34 94.3488
8454.71 94.3488
8455.08 94.3487
8455.44 94.3486
8455.81 94.3475
8456.18 94.3466
8456.54 94.3463
8456.91 94.3459
8457.27 94.3454
8457.64 94.3448
8458.01 94.344
8458.37 94.343
8458.74 94.3419
8459.11 94.3405
8459.47 94.3389
8459.84 94.337
8460.2 94.3346
8460.57 94.3317
8460.94 94.3277
8461.3 94.3243
8461.67 94.3217
8462.04 94.3181
8462.4 94.3164
8462.77 94.3154
8463.13 94.3141
8463.5 94.3129
8463.87 94.3118
8464.23 94.3107
8464.6 94.3097
8464.96 94.3088
8465.33 94.3078
8465.7 94.3067
8466.06 94.3057
8466.43 94.3046
8466.8 94.3036
8467.16 94.3025
8467.53 94.3015
8467.89 94.3005
8468.26 94.2985
8468.63 94.2975
8468.99 94.2965
8469.36 94.2952
8469.73 94.294
8470.09 94.2928
8470.46 94.2915
8470.82 94.2899
8471.19 94.2881
8471.56 94.286
8471.92 94.2841
8472.29 94.2825
8472.66 94.2812
8473.02 94.2802
8473.39 94.2793
8473.75 94.2785
8474.12 94.2779
8474.49 94.2766
8474.85 94.2761
8475.22 94.2755
8475.58 94.275
8475.95 94.2746
8476.32 94.274
8476.68 94.2733
8477.05 94.2726
8477.42 94.2718
8477.78 94.2709
8478.15 94.27
8478.51 94.2689
8478.88 94.2678
8479.25 94.2666
8479.61 94.2654
8479.98 94.264
8480.35 94.2626
8480.71 94.2602
8481.08 94.2584
8481.44 94.2566
8481.81 94.2546
8482.18 94.2524
8482.54 94.2511
8482.91 94.2488
8483.28 94.2464
8483.64 94.2439
8484.01 94.2414
8484.37 94.2389
8484.74 94.2364
8485.11 94.2339
8485.47 94.2315
8485.84 94.229
8486.21 94.2265
8486.57 94.2227
8486.94 94.2203
8487.3 94.218
8487.67 94.2158
8488.04 94.2137
8488.4 94.2118
8488.77 94.21
8489.13 94.209
8489.5 94.2074
8489.87 94.206
8490.23 94.2046
8490.6 94.2034
8490.97 94.2024
8491.33 94.2014
8491.7 94.2005
8492.06 94.1996
8492.43 94.1987
8492.8 94.197
8493.16 94.1961
8493.53 94.1952
8493.9 94.1942
8494.26 94.1931
8494.63 94.192
8494.99 94.1907
8495.36 94.1897
8495.73 94.1883
8496.09 94.1868
8496.46 94.1851
8496.83 94.1834
8497.19 94.1815
8497.56 94.1795
8497.92 94.1775
8498.29 94.1754
8498.66 94.1732
8499.02 94.1697
8499.39 94.1674
8499.75 94.165
8500.12 94.1625
8500.49 94.16
8500.85 94.1573
8501.22 94.1545
8501.59 94.1516
8501.95 94.1493
8502.32 94.1459
8502.68 94.1421
8503.05 94.1381
8503.42 94.1341
8503.78 94.1304
8504.15 94.127
8504.52 94.1238
8504.88 94.1208
8505.25 94.1163
8505.61 94.1137
8505.98 94.1112
8506.35 94.1087
8506.71 94.1063
8507.08 94.104
8507.45 94.1017
8507.81 94.0995
8508.18 94.0972
8508.54 94.0962
8508.91 94.0939
8509.28 94.0916
8509.64 94.0893
8510.01 94.0869
8510.38 94.0845
8510.74 94.082
8511.11 94.0795
8511.47 94.0753
8511.84 94.0724
8512.21 94.0696
8512.57 94.0667
8512.94 94.0638
8513.3 94.0609
8513.67 94.0579
8514.04 94.0549
8514.4 94.052
8514.77 94.049
8515.14 94.047
8515.5 94.0441
8515.87 94.0413
8516.23 94.0385
8516.6 94.0358
8516.97 94.0331
8517.33 94.0306
8517.7 94.0263
8518.07 94.024
8518.43 94.0217
8518.8 94.0194
8519.16 94.0172
8519.53 94.0149
8519.9 94.0127
8520.26 94.0104
8520.63 94.0082
8521 94.006
8521.36 94.0039
8521.73 94.0017
8522.09 93.9998
8522.46 93.998
8522.83 93.9964
8523.19 93.9948
8523.56 93.9912
8523.92 93.9898
8524.29 93.9884
8524.66 93.987
8525.02 93.9855
8525.39 93.9839
8525.76 93.9824
8526.12 93.9813
8526.49 93.9807
8526.85 93.9805
8527.22 93.9804
8527.59 93.9801
8527.95 93.9782
8528.32 93.9775
8528.69 93.9765
8529.05 93.975
8529.42 93.9733
8529.78 93.9692
8530.15 93.9668
8530.52 93.964
8530.88 93.9609
8531.25 93.9578
8531.62 93.955
8531.98 93.9524
8532.35 93.95
8532.71 93.9479
8533.08 93.9459
8533.45 93.9441
8533.81 93.9424
8534.18 93.9407
8534.54 93.9399
8534.91 93.9383
8535.28 93.9367
8535.64 93.9351
8536.01 93.9328
8536.38 93.9312
8536.74 93.9295
8537.11 93.9278
8537.47 93.9261
8537.84 93.9245
8538.21 93.9228
8538.57 93.9212
8538.94 93.9197
8539.31 93.9182
8539.67 93.9168
8540.04 93.9155
8540.4 93.9143
8540.77 93.9131
8541.14 93.9125
8541.5 93.9114
8541.87 93.9104
8542.24 93.9088
8542.6 93.9078
8542.97 93.9068
8543.33 93.9059
8543.7 93.9048
8544.07 93.9038
8544.43 93.9027
8544.8 93.9016
8545.17 93.9003
8545.53 93.8991
8545.9 93.8978
8546.26 93.8964
8546.63 93.8951
8547 93.8938
8547.36 93.8925
8547.73 93.8915
8548.09 93.8904
8548.46 93.8885
8548.83 93.8877
8549.19 93.887
8549.56 93.8865
8549.93 93.886
8550.29 93.8857
8550.66 93.8856
8551.02 93.8856
8551.39 93.8856
8551.76 93.8858
8552.12 93.8861
8552.49 93.8866
8552.86 93.8871
8553.22 93.8876
8553.59 93.8882
8553.95 93.8889
8554.32 93.8898
8554.69 93.8905
8555.05 93.8911
8555.42 93.8918
8555.79 93.8924
8556.15 93.893
8556.52 93.8935
8556.88 93.8939
8557.25 93.8943
8557.62 93.8946
8557.98 93.8948
8558.35 93.895
8558.71 93.8951
8559.08 93.8953
8559.45 93.8954
8559.81 93.8955
8560.18 93.8956
8560.55 93.8957
8560.91 93.8958
8561.28 93.8958
8561.64 93.8958
8562.01 93.8959
8562.38 93.896
8562.74 93.8962
8563.11 93.8964
8563.48 93.8967
8563.84 93.8971
8564.21 93.8976
8564.57 93.8981
8564.94 93.8988
8565.31 93.8995
8565.67 93.9005
8566.04 93.9017
8566.41 93.9031
8566.77 93.9047
8567.14 93.9047
8567.5 93.9068
8567.87 93.9089
8568.24 93.911
8568.6 93.9131
8568.97 93.9152
8569.33 93.9173
8569.7 93.9193
8570.07 93.9215
8570.43 93.9236
8570.8 93.9258
8571.17 93.9281
8571.53 93.9304
8571.9 93.9327
8572.26 93.935
8572.63 93.9373
8573 93.9406
8573.36 93.9428
8573.73 93.9438
8574.1 93.9458
8574.46 93.9478
8574.83 93.9496
8575.19 93.9512
8575.56 93.9529
8575.93 93.9544
8576.29 93.9558
8576.66 93.9573
8577.03 93.9586
8577.39 93.96
8577.76 93.9614
8578.12 93.9628
8578.49 93.9643
8578.86 93.9657
8579.22 93.9684
8579.59 93.9698
8579.96 93.9713
8580.32 93.9726
8580.69 93.9741
8581.05 93.9756
8581.42 93.9771
8581.79 93.9786
8582.15 93.9801
8582.52 93.9815
8582.88 93.9829
8583.25 93.9843
8583.62 93.9856
8583.98 93.9869
8584.35 93.9881
8584.72 93.9894
8585.08 93.9906
8585.45 93.9928
8585.81 93.994
8586.18 93.9952
8586.55 93.9964
8586.91 93.9973
8587.28 93.9985
8587.65 93.9998
8588.01 94.0012
8588.38 94.0026
8588.74 94.0041
8589.11 94.0056
8589.48 94.0073
8589.84 94.009
8590.21 94.0107
8590.58 94.0125
8590.94 94.0143
8591.31 94.0167
8591.67 94.0187
8592.04 94.0207
8592.41 94.0228
8592.77 94.0249
8593.14 94.027
8593.5 94.028
8593.87 94.0302
8594.24 94.0325
8594.6 94.0348
8594.97 94.0371
8595.34 94.0395
8595.7 94.0418
8596.07 94.0442
8596.43 94.0466
8596.8 94.049
8597.17 94.0514
8597.53 94.0555
8597.9 94.058
8598.27 94.0604
8598.63 94.0629
8599 94.0653
8599.36 94.0677
8599.73 94.0693
8600.1 94.0718
8600.46 94.0742
8600.83 94.0767
8601.2 94.0792
8601.56 94.0818
8601.93 94.0844
8602.29 94.0871
8602.66 94.0899
8603.03 94.0928
8603.39 94.0959
8603.76 94.1005
8604.13 94.1037
8604.49 94.1069
8604.86 94.11
8605.22 94.1128
8605.59 94.1154
8605.96 94.1179
8606.32 94.119
8606.69 94.1213
8607.05 94.1235
8607.42 94.1256
8607.79 94.1276
8608.15 94.1294
8608.52 94.1313
8608.89 94.1331
8609.25 94.1349
8609.62 94.1367
8609.98 94.1394
8610.35 94.1412
8610.72 94.1431
8611.08 94.145
8611.45 94.1469
8611.82 94.1488
8612.18 94.1507
8612.55 94.1525
8612.91 94.1536
8613.28 94.1554
8613.65 94.1572
8614.01 94.1589
8614.38 94.1606
8614.75 94.1622
8615.11 94.1638
8615.48 94.1654
8615.84 94.1669
8616.21 94.1692
8616.58 94.1707
8616.94 94.1722
8617.31 94.1738
8617.67 94.1754
8618.04 94.177
8618.41 94.1787
8618.77 94.1804
8619.14 94.1821
8619.51 94.1835
8619.87 94.1853
8620.24 94.187
8620.6 94.1887
8620.97 94.1904
8621.34 94.1921
8621.7 94.1938
8622.07 94.197
8622.44 94.1986
8622.8 94.2002
8623.17 94.2017
8623.53 94.2033
8623.9 94.2048
8624.27 94.2062
8624.63 94.2077
8625 94.2092
8625.37 94.2106
8625.73 94.212
8626.1 94.2137
8626.46 94.2151
8626.83 94.2165
8627.2 94.2179
8627.56 94.2194
8627.93 94.2208
8628.29 94.2239
8628.66 94.2253
8629.03 94.2266
8629.39 94.228
8629.76 94.2293
8630.13 94.2306
8630.49 94.2319
8630.86 94.2332
8631.22 94.2345
8631.59 94.2358
8631.96 94.237
8632.32 94.2383
8632.69 94.2396
8633.06 94.2408
8633.42 94.242
8633.79 94.2432
8634.15 94.2445
8634.52 94.2468
8634.89 94.2481
8635.25 94.2494
8635.62 94.2506
8635.99 94.2518
8636.35 94.2531
8636.72 94.2543
8637.08 94.2555
8637.45 94.2567
8637.82 94.258
8638.18 94.2592
8638.55 94.2605
8638.92 94.2614
8639.28 94.2628
8639.65 94.2642
8640.01 94.2658
8640.38 94.2675
8640.75 94.2703
8641.11 94.2722
8641.48 94.2742
8641.84 94.2764
8642.21 94.2786
8642.58 94.2809
8642.94 94.2834
8643.31 94.2859
8643.68 94.2886
8644.04 94.2913
8644.41 94.2941
8644.77 94.2969
8645.14 94.2997
8645.51 94.3008
8645.87 94.3035
8646.24 94.3061
8646.61 94.3085
8646.97 94.3117
8647.34 94.3139
8647.7 94.3159
8648.07 94.3178
8648.44 94.3197
8648.8 94.3214
8649.17 94.3231
8649.54 94.3246
8649.9 94.3262
8650.27 94.3276
8650.63 94.3291
8651 94.3305
8651.37 94.3318
8651.73 94.3332
8652.1 94.3339
8652.46 94.3352
8652.83 94.3365
8653.2 94.3385
8653.56 94.3397
8653.93 94.3408
8654.3 94.3419
8654.66 94.3429
8655.03 94.3438
8655.39 94.3447
8655.76 94.3455
8656.13 94.3462
8656.49 94.3469
8656.86 94.3475
8657.23 94.3481
8657.59 94.3487
8657.96 94.3493
8658.32 94.3499
8658.69 94.3505
8659.06 94.3518
8659.42 94.3524
8659.79 94.3531
8660.16 94.3537
8660.52 94.3543
8660.89 94.3549
8661.25 94.3554
8661.62 94.3559
8661.99 94.3562
8662.35 94.3565
8662.72 94.3567
8663.08 94.3568
8663.45 94.3569
8663.82 94.3569
8664.18 94.3569
8664.55 94.357
8664.92 94.357
8665.28 94.3582
8665.65 94.3583
8666.01 94.3585
8666.38 94.3586
8666.75 94.3588
8667.11 94.359
8667.48 94.3593
8667.85 94.3596
8668.21 94.3599
8668.58 94.3603
8668.94 94.3607
8669.31 94.3611
8669.68 94.3615
8670.04 94.3619
8670.41 94.3623
8670.78 94.3628
8671.14 94.3632
8671.51 94.3649
8671.87 94.3653
8672.24 94.3656
8672.61 94.3659
8672.97 94.3662
8673.34 94.3666
8673.71 94.367
8674.07 94.3674
8674.44 94.3679
8674.8 94.3685
8675.17 94.3692
8675.54 94.37
8675.9 94.371
8676.27 94.3721
8676.63 94.3734
8677 94.3749
8677.37 94.3767
8677.73 94.3792
8678.1 94.3798
8678.47 94.382
8678.83 94.3846
8679.2 94.3876
8679.56 94.3912
8679.93 94.3956
8680.3 94.3996
8680.66 94.4028
8681.03 94.4055
8681.4 94.4078
8681.76 94.4098
8682.13 94.4116
8682.49 94.4133
8682.86 94.4147
8683.23 94.4161
8683.59 94.4174
8683.96 94.4196
8684.33 94.4209
8684.69 94.4218
8685.06 94.4231
8685.42 94.4244
8685.79 94.4257
8686.16 94.4271
8686.52 94.4284
8686.89 94.4297
8687.25 94.431
8687.62 94.4323
8687.99 94.4335
8688.35 94.4346
8688.72 94.4357
8689.09 94.4367
8689.45 94.4377
8689.82 94.4392
8690.18 94.4399
8690.55 94.4406
8690.92 94.4412
8691.28 94.4416
8691.65 94.4421
8692.02 94.4425
8692.38 94.4429
8692.75 94.4432
8693.11 94.4435
8693.48 94.4437
8693.85 94.4439
8694.21 94.4441
8694.58 94.4442
8694.95 94.4443
8695.31 94.4444
8695.68 94.4444
8696.04 94.4442
8696.41 94.4442
8696.78 94.4443
8697.14 94.4445
8697.51 94.4448
8697.88 94.4447
8698.24 94.4451
8698.61 94.4455
8698.97 94.4461
8699.34 94.4468
8699.71 94.4476
8700.07 94.4484
8700.44 94.4492
8700.8 94.4501
8701.17 94.451
8701.54 94.4519
8701.9 94.4527
8702.27 94.454
8702.64 94.455
8703 94.456
8703.37 94.4571
8703.73 94.4583
8704.1 94.4596
8704.47 94.4602
8704.83 94.4616
8705.2 94.463
8705.57 94.4644
8705.93 94.4658
8706.3 94.4671
8706.66 94.4683
8707.03 94.4694
8707.4 94.4704
8707.76 94.4713
8708.13 94.4721
8708.5 94.4733
8708.86 94.4739
8709.23 94.4744
8709.59 94.4748
8709.96 94.4751
8710.33 94.4753
8710.69 94.4755
8711.06 94.4755
8711.42 94.4753
8711.79 94.475
8712.16 94.4746
8712.52 94.4739
8712.89 94.4731
8713.26 94.4721
8713.62 94.4711
8713.99 94.4699
8714.35 94.4686
8714.72 94.4664
8715.09 94.4651
8715.45 94.4639
8715.82 94.4626
8716.19 94.4614
8716.55 94.4603
8716.92 94.4592
8717.28 94.4583
8717.65 94.4573
8718.02 94.4564
8718.38 94.4556
8718.75 94.455
8719.12 94.4546
8719.48 94.4544
8719.85 94.4543
8720.21 94.4544
8720.58 94.4547
8720.95 94.4553
8721.31 94.4559
8721.68 94.4566
8722.04 94.4572
8722.41 94.4579
8722.78 94.4585
8723.14 94.459
8723.51 94.4595
8723.88 94.4601
8724.24 94.4606
8724.61 94.461
8724.97 94.4613
8725.34 94.4616
8725.71 94.4618
8726.07 94.4619
8726.44 94.462
8726.81 94.4622
8727.17 94.462
8727.54 94.4615
8727.9 94.4609
8728.27 94.4602
8728.64 94.4593
8729 94.4583
8729.37 94.457
8729.74 94.4557
8730.1 94.4541
8730.47 94.4534
8730.83 94.4515
8731.2 94.4495
8731.57 94.4474
8731.93 94.4453
8732.3 94.443
8732.67 94.4409
8733.03 94.4381
8733.4 94.4363
8733.76 94.4347
8734.13 94.4332
8734.5 94.4318
8734.86 94.4305
8735.23 94.4294
8735.59 94.4284
8735.96 94.4275
8736.33 94.4267
8736.69 94.4259
8737.06 94.4262
8737.43 94.4256
8737.79 94.425
8738.16 94.4245
8738.52 94.4241
8738.89 94.4238
8739.26 94.4239
8739.62 94.4239
8739.99 94.4239
8740.36 94.424
8740.72 94.4243
8741.09 94.4246
8741.45 94.4251
8741.82 94.4257
8742.19 94.4264
8742.55 94.4272
8742.92 94.428
8743.29 94.4283
8743.65 94.4292
8744.02 94.4301
8744.38 94.4311
8744.75 94.432
8745.12 94.4329
8745.48 94.4344
8745.85 94.4352
8746.21 94.436
8746.58 94.4367
8746.95 94.4374
8747.31 94.4379
8747.68 94.4384
8748.05 94.4388
8748.41 94.439
8748.78 94.4392
8749.14 94.4393
8749.51 94.4392
8749.88 94.4397
8750.24 94.4395
8750.61 94.4392
8750.98 94.4388
8751.34 94.4384
8751.71 94.4379
8752.07 94.4372
8752.44 94.4365
8752.81 94.4358
8753.17 94.4351
8753.54 94.4344
8753.91 94.4338
8754.27 94.4333
8754.64 94.4329
8755 94.4327
8755.37 94.4326
8755.74 94.4327
8756.1 94.4329
8756.47 94.4334
8756.83 94.4339
8757.2 94.4346
8757.57 94.436
8757.93 94.437
8758.3 94.438
8758.67 94.4391
8759.03 94.4402
8759.4 94.4414
8759.76 94.4425
8760.13 94.4436
8760.5 94.4447
8760.86 94.4458
8761.23 94.4468
8761.6 94.4479
8761.96 94.4489
8762.33 94.45
8762.69 94.451
8763.06 94.4517
8763.43 94.4528
8763.79 94.4546
8764.16 94.4556
8764.53 94.4567
8764.89 94.4578
8765.26 94.4588
8765.62 94.4598
8765.99 94.4607
8766.36 94.4616
8766.72 94.4624
8767.09 94.4632
8767.46 94.4639
8767.82 94.4644
8768.19 94.4648
8768.55 94.4651
8768.92 94.4653
8769.29 94.4653
8769.65 94.4658
8770.02 94.4658
8770.38 94.4653
8770.75 94.4645
8771.12 94.4635
8771.48 94.4623
8771.85 94.4609
8772.22 94.4593
8772.58 94.4574
8772.95 94.4552
8773.31 94.4528
8773.68 94.4502
8774.05 94.4475
8774.41 94.4449
8774.78 94.4425
8775.15 94.4403
8775.51 94.4383
8775.88 94.4366
8776.24 94.4359
8776.61 94.4346
8776.98 94.4335
8777.34 94.4325
8777.71 94.4316
8778.08 94.4307
8778.44 94.4299
8778.81 94.4291
8779.17 94.4283
8779.54 94.4276
8779.91 94.4269
8780.27 94.4262
8780.64 94.4256
8781 94.425
8781.37 94.4244
8781.74 94.4239
8782.1 94.4234
8782.47 94.425
8782.84 94.4245
8783.2 94.4241
8783.57 94.4238
8783.93 94.4235
8784.3 94.4233
8784.67 94.4233
8785.03 94.4233
8785.4 94.4234
8785.77 94.4236
8786.13 94.4239
8786.5 94.4242
8786.86 94.4247
8787.23 94.4253
8787.6 94.4259
8787.96 94.4266
8788.33 94.4273
8788.7 94.429
8789.06 94.43
8789.43 94.4309
8789.79 94.4318
8790.16 94.4327
8790.53 94.4335
8790.89 94.4344
8791.26 94.4352
8791.63 94.436
8791.99 94.4367
8792.36 94.4374
8792.72 94.4381
8793.09 94.4388
8793.46 94.4394
8793.82 94.4401
8794.19 94.4408
8794.55 94.4424
8794.92 94.4431
8795.29 94.4438
8795.65 94.4446
8796.02 94.4452
8796.39 94.446
8796.75 94.4467
8797.12 94.4475
8797.48 94.4483
8797.85 94.4493
8798.22 94.4503
8798.58 94.4515
8798.95 94.4528
8799.32 94.4543
8799.68 94.4558
8800.05 94.4575
8800.41 94.4592
8800.78 94.4615
8801.15 94.4631
8801.51 94.4645
8801.88 94.4659
8802.25 94.4664
8802.61 94.4677
8802.98 94.4688
8803.34 94.4699
8803.71 94.4709
8804.08 94.4719
8804.44 94.4729
8804.81 94.4738
8805.17 94.4746
8805.54 94.4755
8805.91 94.4763
8806.27 94.4772
8806.64 94.4781
8807.01 94.4795
8807.37 94.4806
8807.74 94.4817
8808.1 94.4829
8808.47 94.4843
8808.84 94.4848
8809.2 94.4863
8809.57 94.4881
8809.94 94.49
8810.3 94.4921
8810.67 94.4944
8811.03 94.4966
8811.4 94.4987
8811.77 94.5005
8812.13 94.5019
8812.5 94.503
8812.87 94.5037
8813.23 94.504
8813.6 94.5041
8813.96 94.5039
8814.33 94.5034
8814.7 94.5028
8815.06 94.5019
8815.43 94.501
8815.79 94.4999
8816.16 94.4988
8816.53 94.4976
8816.89 94.4964
8817.26 94.4951
8817.63 94.4939
8817.99 94.4927
8818.36 94.4916
8818.72 94.4905
8819.09 94.4896
8819.46 94.4883
8819.82 94.4876
8820.19 94.487
8820.56 94.4865
8820.92 94.4861
8821.29 94.4858
8821.65 94.4857
8822.02 94.4856
8822.39 94.4854
8822.75 94.4853
8823.12 94.4852
8823.49 94.485
8823.85 94.4849
8824.22 94.4848
8824.58 94.4846
8824.95 94.4845
8825.32 94.4843
8825.68 94.4841
8826.05 94.4839
8826.42 94.4837
8826.78 94.4835
8827.15 94.4834
8827.51 94.4833
8827.88 94.4834
8828.25 94.4832
8828.61 94.4835
8828.98 94.4839
8829.34 94.4844
8829.71 94.4849
8830.08 94.4854
8830.44 94.4859
8830.81 94.4864
8831.18 94.4868
8831.54 94.4875
8831.91 94.488
8832.27 94.4884
8832.64 94.4889
8833.01 94.4893
8833.37 94.4898
8833.74 94.4902
8834.11 94.4907
8834.47 94.4911
8834.84 94.4912
8835.2 94.4915
8835.57 94.4918
8835.94 94.492
8836.3 94.4921
8836.67 94.4921
8837.04 94.4921
8837.4 94.492
8837.77 94.4914
8838.13 94.4911
8838.5 94.4908
8838.87 94.4903
8839.23 94.4898
8839.6 94.4892
8839.96 94.4885
8840.33 94.4878
8840.7 94.4869
8841.06 94.4859
8841.43 94.4845
8841.8 94.4834
8842.16 94.4822
8842.53 94.481
8842.89 94.4798
8843.26 94.4785
8843.63 94.4772
8843.99 94.4737
8844.36 94.4721
8844.73 94.4704
8845.09 94.4687
8845.46 94.467
8845.82 94.4654
8846.19 94.4638
8846.56 94.4623
8846.92 94.4609
8847.29 94.4598
8847.66 94.4588
8848.02 94.4566
8848.39 94.4559
8848.75 94.4555
8849.12 94.4553
8849.49 94.4554
8849.85 94.4556
8850.22 94.4541
8850.58 94.4544
8850.95 94.4546
8851.32 94.4547
8851.68 94.4544
8852.05 94.4538
8852.42 94.4529
8852.78 94.4517
8853.15 94.4502
8853.51 94.4484
8853.88 94.4465
8854.25 94.4442
8854.61 94.4423
8854.98 94.4404
8855.35 94.4385
8855.71 94.4367
8856.08 94.4348
8856.44 94.4312
8856.81 94.4294
8857.18 94.4276
8857.54 94.4259
8857.91 94.4242
8858.28 94.4224
8858.64 94.4208
8859.01 94.4191
8859.37 94.4174
8859.74 94.4157
8860.11 94.414
8860.47 94.4124
8860.84 94.4105
8861.21 94.4089
8861.57 94.4074
8861.94 94.406
8862.3 94.4029
8862.67 94.4018
8863.04 94.4008
8863.4 94.4001
8863.77 94.3995
8864.13 94.3993
8864.5 94.3994
8864.87 94.4
8865.23 94.4001
8865.6 94.3996
8865.97 94.3986
8866.33 94.3973
8866.7 94.3957
8867.06 94.3939
8867.43 94.3917
8867.8 94.3897
8868.16 94.3876
8868.53 94.383
8868.9 94.3805
8869.26 94.3779
8869.63 94.3752
8869.99 94.3724
8870.36 94.3695
8870.73 94.3666
8871.09 94.3635
8871.46 94.3604
8871.83 94.3572
8872.19 94.3538
8872.56 94.3504
8872.92 94.347
8873.29 94.3437
8873.66 94.3406
8874.02 94.338
8874.39 94.3353
8874.75 94.3306
8875.12 94.3283
8875.49 94.3261
8875.85 94.324
8876.22 94.322
8876.59 94.3201
8876.95 94.3184
8877.32 94.3168
8877.68 94.3153
8878.05 94.3139
8878.42 94.3126
8878.78 94.3112
8879.15 94.3098
8879.52 94.3084
8879.88 94.307
8880.25 94.3055
8880.61 94.3036
8880.98 94.3001
8881.35 94.2986
8881.71 94.297
8882.08 94.2955
8882.45 94.294
8882.81 94.2924
8883.18 94.2907
8883.54 94.2889
8883.91 94.2871
8884.28 94.2851
8884.64 94.283
8885.01 94.2807
8885.38 94.2782
8885.74 94.2756
8886.11 94.2729
8886.47 94.2701
8886.84 94.2671
8887.21 94.2617
8887.57 94.2593
8887.94 94.257
8888.3 94.2548
8888.67 94.2527
8889.04 94.2506
8889.4 94.2484
8889.77 94.2463
8890.14 94.244
8890.5 94.2417
8890.87 94.2392
8891.23 94.2365
8891.6 94.2338
8891.97 94.2308
8892.33 94.2278
8892.7 94.2246
8893.07 94.2184
8893.43 94.2154
8893.8 94.2115
8894.16 94.2073
8894.53 94.2027
8894.9 94.1971
8895.26 94.1921
8895.63 94.1879
8896 94.1842
8896.36 94.1809
8896.73 94.1778
8897.09 94.175
8897.46 94.1724
8897.83 94.1698
8898.19 94.1674
8898.56 94.1651
8898.92 94.1628
8899.29 94.1587
8899.66 94.1565
8900.02 94.1549
8900.39 94.1527
8900.76 94.1503
8901.12 94.1479
8901.49 94.1453
8901.85 94.1426
8902.22 94.1399
8902.59 94.137
8902.95 94.1341
8903.32 94.1311
8903.69 94.128
8904.05 94.1249
8904.42 94.1217
8904.78 94.1186
8905.15 94.1154
8905.52 94.1102
8905.88 94.1071
8906.25 94.104
8906.62 94.102
8906.98 94.099
8907.35 94.0961
8907.71 94.0932
8908.08 94.0904
8908.45 94.0876
8908.81 94.0848
8909.18 94.0821
8909.54 94.0795
8909.91 94.0769
8910.28 94.0744
8910.64 94.0721
8911.01 94.07
8911.38 94.0682
8911.74 94.0655
8912.11 94.0643
8912.47 94.0634
8912.84 94.0628
8913.21 94.0622
8913.57 94.0619
8913.94 94.062
8914.31 94.0623
8914.67 94.0628
8915.04 94.0635
8915.4 94.0644
8915.77 94.0653
8916.14 94.0661
8916.5 94.0668
8916.87 94.0674
8917.24 94.068
8917.6 94.0685
8917.97 94.069
8918.33 94.0694
8918.7 94.0697
8919.07 94.0699
8919.43 94.0701
8919.8 94.0701
8920.17 94.0702
8920.53 94.0703
8920.9 94.0703
8921.26 94.0702
8921.63 94.07
8922 94.0698
8922.36 94.0694
8922.73 94.0689
8923.09 94.0683
8923.46 94.0675
8923.83 94.0665
8924.19 94.0642
8924.56 94.0627
8924.93 94.0612
8925.29 94.0596
8925.66 94.0579
8926.02 94.0564
8926.39 94.0546
8926.76 94.0527
8927.12 94.0507
8927.49 94.0487
8927.86 94.0467
8928.22 94.0447
8928.59 94.0427
8928.95 94.0407
8929.32 94.0388
8929.69 94.0369
8930.05 94.0344
8930.42 94.0327
8930.79 94.0311
8931.15 94.0296
8931.52 94.0282
8931.88 94.0269
8932.25 94.0257
8932.62 94.0257
8932.98 94.0247
8933.35 94.0238
8933.71 94.023
8934.08 94.0224
8934.45 94.0218
8934.81 94.0213
8935.18 94.0209
8935.55 94.0206
8935.91 94.0204
8936.28 94.0207
8936.64 94.0207
8937.01 94.0208
8937.38 94.021
8937.74 94.0213
8938.11 94.0217
8938.48 94.0222
8938.84 94.0227
8939.21 94.0232
8939.57 94.0237
8939.94 94.0243
8940.31 94.0249
8940.67 94.0255
8941.04 94.026
8941.41 94.0266
8941.77 94.027
8942.14 94.0274
8942.5 94.028
8942.87 94.0281
8943.24 94.028
8943.6 94.0278
8943.97 94.0275
8944.33 94.027
8944.7 94.0263
8945.07 94.0256
8945.43 94.0248
8945.8 94.0247
8946.17 94.0238
8946.53 94.0228
8946.9 94.0218
8947.26 94.0207
8947.63 94.0196
8948 94.0185
8948.36 94.0174
8948.73 94.0161
8949.1 94.0149
8949.46 94.0137
8949.83 94.0125
8950.19 94.0113
8950.56 94.01
8950.93 94.0088
8951.29 94.0074
8951.66 94.0061
8952.03 94.0048
8952.39 94.0043
8952.76 94.0029
8953.12 94.0016
8953.49 94.0003
8953.86 93.9991
8954.22 93.9979
8954.59 93.9967
8954.96 93.9951
8955.32 93.9942
8955.69 93.9933
8956.05 93.9925
8956.42 93.9918
8956.79 93.9911
8957.15 93.9904
8957.52 93.9898
8957.88 93.9892
8958.25 93.9886
8958.62 93.9882
8958.98 93.9875
8959.35 93.9868
8959.72 93.986
8960.08 93.9852
8960.45 93.9845
8960.81 93.9834
8961.18 93.9828
8961.55 93.9823
8961.91 93.9818
8962.28 93.9815
8962.65 93.9812
8963.01 93.9809
8963.38 93.9806
8963.74 93.9804
8964.11 93.9801
8964.48 93.9797
8964.84 93.9793
8965.21 93.979
8965.58 93.9784
8965.94 93.9778
8966.31 93.9771
8966.67 93.9762
8967.04 93.9745
8967.41 93.9735
8967.77 93.9724
8968.14 93.9714
8968.5 93.9705
8968.87 93.9696
8969.24 93.9689
8969.6 93.9683
8969.97 93.9678
8970.34 93.9675
8970.7 93.9673
8971.07 93.9671
8971.43 93.967
8971.8 93.967
8972.17 93.967
8972.53 93.967
8972.9 93.967
8973.27 93.9671
8973.63 93.9671
8974 93.967
8974.36 93.9669
8974.73 93.9668
8975.1 93.9666
8975.46 93.9664
8975.83 93.9662
8976.2 93.966
8976.56 93.9659
8976.93 93.9658
8977.29 93.9657
8977.66 93.9657
8978.03 93.9658
8978.39 93.9664
8978.76 93.9665
8979.13 93.9667
8979.49 93.9677
8979.86 93.9679
8980.22 93.9682
8980.59 93.9685
8980.96 93.9688
8981.32 93.9692
8981.69 93.9695
8982.05 93.9699
8982.42 93.9702
8982.79 93.9705
8983.15 93.9707
8983.52 93.971
8983.89 93.9711
8984.25 93.9713
8984.62 93.9714
8984.98 93.9719
8985.35 93.972
8985.72 93.9725
8986.08 93.9725
8986.45 93.9727
8986.82 93.9728
8987.18 93.973
8987.55 93.9733
8987.91 93.9736
8988.28 93.974
8988.65 93.9745
8989.01 93.9751
8989.38 93.9756
8989.75 93.9762
8990.11 93.9769
8990.48 93.9776
8990.84 93.9782
8991.21 93.9785
8991.58 93.9791
8991.94 93.98
8992.31 93.9806
8992.67 93.9813
8993.04 93.982
8993.41 93.9826
8993.77 93.9832
8994.14 93.9838
8994.51 93.9843
8994.87 93.9848
8995.24 93.9852
8995.6 93.9855
8995.97 93.9858
8996.34 93.9861
8996.7 93.9863
8997.07 93.9866
8997.44 93.9868
8997.8 93.9882
8998.17 93.9884
8998.53 93.9886
8998.9 93.9888
8999.27 93.9889
8999.63 93.989
9000 93.989
9000.37 93.989
9000.73 93.9889
9001.1 93.9887
9001.46 93.9885
9001.83 93.9882
9002.2 93.9879
9002.56 93.9875
9002.93 93.9871
9003.29 93.9866
9003.66 93.9861
9004.03 93.9854
9004.39 93.9851
9004.76 93.9847
9005.13 93.9843
9005.49 93.9841
9005.86 93.9839
9006.22 93.984
9006.59 93.9841
9006.96 93.9845
9007.32 93.985
9007.69 93.9856
9008.06 93.9863
9008.42 93.9872
9008.79 93.9881
9009.15 93.9892
9009.52 93.9903
9009.89 93.9915
9010.25 93.9933
9010.62 93.9947
9010.99 93.9953
9011.35 93.9967
9011.72 93.9983
9012.08 94
9012.45 94.0017
9012.82 94.0036
9013.18 94.0056
9013.55 94.0076
9013.92 94.0098
9014.28 94.0121
9014.65 94.0142
9015.01 94.0163
9015.38 94.0181
9015.75 94.0196
9016.11 94.021
9016.48 94.0224
9016.84 94.0234
9017.21 94.0242
9017.58 94.0243
9017.94 94.025
9018.31 94.0256
9018.68 94.0261
9019.04 94.0266
9019.41 94.027
9019.77 94.0275
9020.14 94.0279
9020.51 94.0284
9020.87 94.029
9021.24 94.0296
9021.61 94.0302
9021.97 94.031
9022.34 94.0318
9022.7 94.0332
9023.07 94.0342
9023.44 94.0353
9023.8 94.0364
9024.17 94.037
9024.54 94.0383
9024.9 94.0397
9025.27 94.0413
9025.63 94.0431
9026 94.045
9026.37 94.0473
9026.73 94.05
9027.1 94.0533
9027.46 94.0569
9027.83 94.0599
9028.2 94.0623
9028.56 94.0652
9028.93 94.0671
9029.3 94.0689
9029.66 94.0705
9030.03 94.0721
9030.39 94.0729
9030.76 94.0744
9031.13 94.076
9031.49 94.0775
9031.86 94.079
9032.23 94.0805
9032.59 94.082
9032.96 94.0836
9033.32 94.0851
9033.69 94.0866
9034.06 94.0881
9034.42 94.0896
9034.79 94.0917
9035.16 94.0931
9035.52 94.0946
9035.89 94.096
9036.25 94.0975
9036.62 94.099
9036.99 94.0994
9037.35 94.1009
9037.72 94.1024
9038.08 94.1039
9038.45 94.1054
9038.82 94.1069
9039.18 94.1083
9039.55 94.1095
9039.92 94.1105
9040.28 94.1115
9040.65 94.1123
9041.01 94.1133
9041.38 94.1139
9041.75 94.1145
9042.11 94.115
9042.48 94.1156
9042.85 94.1161
9043.21 94.1166
9043.58 94.117
9043.94 94.1175
9044.31 94.118
9044.68 94.1185
9045.04 94.1191
9045.41 94.1197
9045.78 94.1204
9046.14 94.1212
9046.51 94.1221
9046.87 94.1232
9047.24 94.125
9047.61 94.1263
9047.97 94.1277
9048.34 94.1293
9048.71 94.1311
9049.07 94.1332
9049.44 94.1356
9049.8 94.1384
9050.17 94.1389
9050.54 94.1421
9050.9 94.1452
9051.27 94.1478
9051.63 94.15
9052 94.1519
9052.37 94.1535
9052.73 94.155
9053.1 94.1564
9053.47 94.1581
9053.83 94.1594
9054.2 94.1609
9054.56 94.1624
9054.93 94.164
9055.3 94.1657
9055.66 94.1675
9056.03 94.1694
9056.4 94.1713
9056.76 94.1725
9057.13 94.1745
9057.49 94.1766
9057.86 94.1787
9058.23 94.1807
9058.59 94.1828
9058.96 94.1848
9059.33 94.1883
9059.69 94.1903
9060.06 94.1923
9060.42 94.1942
9060.79 94.1962
9061.16 94.198
9061.52 94.1999
9061.89 94.2018
9062.25 94.2036
9062.62 94.2054
9062.99 94.207
9063.35 94.2088
9063.72 94.2106
9064.09 94.2123
9064.45 94.2141
9064.82 94.2158
9065.18 94.2176
9065.55 94.2205
9065.92 94.222
9066.28 94.2235
9066.65 94.2248
9067.02 94.2261
9067.38 94.2272
9067.75 94.2282
9068.11 94.2292
9068.48 94.23
9068.85 94.2308
9069.21 94.2315
9069.58 94.2321
9069.95 94.2328
9070.31 94.2335
9070.68 94.2342
9071.04 94.235
9071.41 94.2358
9071.78 94.2375
9072.14 94.2384
9072.51 94.2393
9072.88 94.2403
9073.24 94.2414
9073.61 94.2424
9073.97 94.2434
9074.34 94.2443
9074.71 94.2452
9075.07 94.246
9075.44 94.2467
9075.8 94.2473
9076.17 94.248
9076.54 94.2486
9076.9 94.2491
9077.27 94.2495
9077.64 94.25
9078 94.2513
9078.37 94.2519
9078.73 94.2525
9079.1 94.253
9079.47 94.2537
9079.83 94.2544
9080.2 94.2551
9080.57 94.2558
9080.93 94.2566
9081.3 94.2575
9081.66 94.2583
9082.03 94.2592
9082.4 94.26
9082.76 94.2613
9083.13 94.2622
9083.5 94.2632
9083.86 94.2642
9084.23 94.2666
9084.59 94.2677
9084.96 94.2689
9085.33 94.2701
9085.69 94.2713
9086.06 94.2727
9086.42 94.274
9086.79 94.2753
9087.16 94.2767
9087.52 94.2782
9087.89 94.2796
9088.26 94.281
9088.62 94.2824
9088.99 94.2838
9089.35 94.2853
9089.72 94.2867
9090.09 94.2881
9090.45 94.291
9090.82 94.2923
9091.19 94.2936
9091.55 94.2949
9091.92 94.2962
9092.28 94.2975
9092.65 94.2988
9093.02 94.3001
9093.38 94.3015
9093.75 94.3028
9094.12 94.3041
9094.48 94.3055
9094.85 94.3069
9095.21 94.3083
9095.58 94.3097
9095.95 94.311
9096.31 94.3138
9096.68 94.3152
9097.04 94.3166
9097.41 94.318
9097.78 94.3194
9098.14 94.3209
9098.51 94.3224
9098.88 94.324
9099.24 94.3255
9099.61 94.3272
9099.97 94.3287
9100.34 94.3303
9100.71 94.3317
9101.07 94.3331
9101.44 94.3344
9101.81 94.3356
9102.17 94.3362
9102.54 94.3377
9102.9 94.3387
9103.27 94.3397
9103.64 94.3406
9104 94.3415
9104.37 94.3424
9104.74 94.3432
9105.1 94.344
9105.47 94.3448
9105.83 94.3455
9106.2 94.3462
9106.57 94.3468
9106.93 94.3474
9107.3 94.3479
9107.67 94.3483
9108.03 94.3487
9108.4 94.349
9108.76 94.3496
9109.13 94.35
9109.5 94.3503
9109.86 94.3505
9110.23 94.3507
9110.59 94.3509
9110.96 94.351
9111.33 94.3511
9111.69 94.3512
9112.06 94.3513
9112.43 94.3514
9112.79 94.3516
9113.16 94.3518
9113.52 94.352
9113.89 94.3523
9114.26 94.3526
9114.62 94.353
9114.99 94.3542
9115.36 94.3549
9115.72 94.3554
9116.09 94.3559
9116.45 94.3565
9116.82 94.357
9117.19 94.3575
9117.55 94.358
9117.92 94.3585
9118.29 94.3589
9118.65 94.3593
9119.02 94.3597
9119.38 94.3601
9119.75 94.3605
9120.12 94.3608
9120.48 94.3612
9120.85 94.3616
9121.21 94.3629
9121.58 94.3634
9121.95 94.3643
9122.31 94.3649
9122.68 94.3655
9123.05 94.3663
9123.41 94.3671
9123.78 94.3681
9124.14 94.3691
9124.51 94.3702
9124.88 94.3714
9125.24 94.3727
9125.61 94.3741
9125.98 94.3756
9126.34 94.3771
9126.71 94.3786
9127.07 94.3819
9127.44 94.3835
9127.81 94.3853
9128.17 94.387
9128.54 94.3886
9128.91 94.3904
9129.27 94.3922
9129.64 94.3942
9130 94.3962
9130.37 94.3984
9130.74 94.4008
9131.1 94.4034
9131.47 94.4061
9131.83 94.4091
9132.2 94.4121
9132.57 94.4152
9132.93 94.4183
9133.3 94.4224
9133.67 94.4251
9134.03 94.4278
9134.4 94.4304
9134.76 94.4314
9135.13 94.4338
9135.5 94.4362
9135.86 94.4386
9136.23 94.441
9136.6 94.4434
9136.96 94.4458
9137.33 94.4481
9137.69 94.4504
9138.06 94.4527
9138.43 94.4548
9138.79 94.4568
9139.16 94.4587
9139.53 94.461
9139.89 94.4626
9140.26 94.4641
9140.62 94.4654
9140.99 94.4667
9141.36 94.4671
9141.72 94.4681
9142.09 94.4692
9142.46 94.4701
9142.82 94.471
9143.19 94.4718
9143.55 94.4727
9143.92 94.4736
9144.29 94.4746
9144.65 94.4756
9145.02 94.4768
9145.38 94.478
9145.75 94.4801
9146.12 94.4816
9146.48 94.483
9146.85 94.4845
9147.22 94.4859
9147.58 94.4874
9147.95 94.4883
9148.31 94.4897
9148.68 94.4911
9149.05 94.4924
9149.41 94.4937
9149.78 94.4949
9150.15 94.496
9150.51 94.497
9150.88 94.4979
9151.24 94.4987
9151.61 94.4994
9151.98 94.5007
9152.34 94.5011
9152.71 94.5014
9153.08 94.5016
9153.44 94.5018
9153.81 94.5018
9154.17 94.5018
9154.54 94.5023
9154.91 94.5022
9155.27 94.5019
9155.64 94.5016
9156 94.5012
9156.37 94.5008
9156.74 94.5002
9157.1 94.4996
9157.47 94.4988
9157.84 94.498
9158.2 94.4972
9158.57 94.4963
9158.93 94.4954
9159.3 94.4945
9159.67 94.4935
9160.03 94.4926
9160.4 94.4916
9160.77 94.4907
9161.13 94.4911
9161.5 94.4902
9161.86 94.4893
9162.23 94.4885
9162.6 94.4876
9162.96 94.4867
9163.33 94.4859
9163.7 94.485
9164.06 94.4849
9164.43 94.4841
9164.79 94.4833
9165.16 94.4826
9165.53 94.4819
9165.89 94.4812
9166.26 94.4805
9166.63 94.4798
9166.99 94.4792
9167.36 94.4786
9167.72 94.4791
9168.09 94.4785
9168.46 94.4778
9168.82 94.4772
9169.19 94.4766
9169.55 94.4761
9169.92 94.4756
9170.29 94.4754
9170.65 94.4749
9171.02 94.4746
9171.39 94.4743
9171.75 94.4742
9172.12 94.4742
9172.48 94.4743
9172.85 94.4745
9173.22 94.4749
9173.58 94.4755
9173.95 94.4758
9174.32 94.4765
9174.68 94.4773
9175.05 94.4782
9175.41 94.4792
9175.78 94.4802
9176.15 94.4812
9176.51 94.4826
9176.88 94.4835
9177.25 94.4842
9177.61 94.4849
9177.98 94.4854
9178.34 94.4858
9178.71 94.4862
9179.08 94.4864
9179.44 94.4865
9179.81 94.4866
9180.17 94.4865
9180.54 94.4872
9180.91 94.4871
9181.27 94.487
9181.64 94.4867
9182.01 94.4865
9182.37 94.4861
9182.74 94.4862
9183.1 94.4857
9183.47 94.4852
9183.84 94.4846
9184.2 94.4839
9184.57 94.4832
9184.94 94.4825
9185.3 94.4818
9185.67 94.4811
9186.03 94.4804
9186.4 94.4796
9186.77 94.4789
9187.13 94.4793
9187.5 94.4785
9187.87 94.4776
9188.23 94.4768
9188.6 94.4759
9188.96 94.475
9189.33 94.4739
9189.7 94.4727
9190.06 94.4715
9190.43 94.4702
9190.79 94.4689
9191.16 94.4676
9191.53 94.4662
9191.89 94.4649
9192.26 94.4635
9192.63 94.4622
9192.99 94.461
9193.36 94.4598
9193.72 94.4594
9194.09 94.4583
9194.46 94.4573
9194.82 94.4561
9195.19 94.4553
9195.56 94.4545
9195.92 94.4537
9196.29 94.453
9196.65 94.4523
9197.02 94.4515
9197.39 94.4508
9197.75 94.45
9198.12 94.4492
9198.49 94.4483
9198.85 94.4474
9199.22 94.4464
9199.58 94.4453
9199.95 94.4442
9200.32 94.4435
9200.68 94.4424
9201.05 94.4408
9201.42 94.4398
9201.78 94.4388
9202.15 94.4377
9202.51 94.4366
9202.88 94.4355
9203.25 94.4343
9203.61 94.4331
9203.98 94.4318
9204.34 94.4305
9204.71 94.4292
9205.08 94.4278
9205.44 94.4263
9205.81 94.4249
9206.18 94.4234
9206.54 94.4234
9206.91 94.422
9207.27 94.4206
9207.64 94.4191
9208.01 94.4177
9208.37 94.4162
9208.74 94.4147
9209.11 94.4131
9209.47 94.4116
9209.84 94.4101
9210.2 94.4085
9210.57 94.4069
9210.94 94.4053
9211.3 94.4038
9211.67 94.4023
9212.04 94.4007
9212.4 94.3992
9212.77 94.3977
9213.13 94.3978
9213.5 94.3964
9213.87 94.3949
9214.23 94.3934
9214.6 94.392
9214.96 94.3906
9215.33 94.3893
9215.7 94.388
9216.06 94.3869
9216.43 94.3858
9216.8 94.3848
9217.16 94.3839
9217.53 94.383
9217.89 94.3822
9218.26 94.3814
9218.63 94.3806
9218.99 94.3799
9219.36 94.3791
9219.73 94.379
9220.09 94.3782
9220.46 94.3776
9220.82 94.3768
9221.19 94.3762
9221.56 94.3754
9221.92 94.3747
9222.29 94.3739
9222.66 94.3731
9223.02 94.3723
9223.39 94.3716
9223.75 94.3708
9224.12 94.37
9224.49 94.3692
9224.85 94.3683
9225.22 94.3675
9225.58 94.3666
9225.95 94.3652
9226.32 94.3647
9226.68 94.3637
9227.05 94.3627
9227.42 94.3617
9227.78 94.3607
9228.15 94.3597
9228.51 94.3586
9228.88 94.3576
9229.25 94.3565
9229.61 94.3554
9229.98 94.3543
9230.35 94.3532
9230.71 94.3521
9231.08 94.3509
9231.44 94.3497
9231.81 94.3481
9232.18 94.347
9232.54 94.3459
9232.91 94.3456
9233.28 94.3445
9233.64 94.3434
9234.01 94.3422
9234.37 94.3411
9234.74 94.3399
9235.11 94.3388
9235.47 94.3376
9235.84 94.3365
9236.21 94.3354
9236.57 94.3344
9236.94 94.3333
9237.3 94.3323
9237.67 94.3313
9238.04 94.33
9238.4 94.329
9238.77 94.3281
9239.13 94.3271
9239.5 94.3264
9239.87 94.3253
9240.23 94.3241
9240.6 94.3228
9240.97 94.3213
9241.33 94.3196
9241.7 94.3176
9242.06 94.3153
9242.43 94.3134
9242.8 94.3119
9243.16 94.3107
9243.53 94.3097
9243.9 94.3088
9244.26 94.3073
9244.63 94.3066
9244.99 94.3057
9245.36 94.3048
9245.73 94.3044
9246.09 94.3034
9246.46 94.3024
9246.83 94.3012
9247.19 94.3
9247.56 94.2987
9247.92 94.2973
9248.29 94.2958
9248.66 94.2943
9249.02 94.2928
9249.39 94.2912
9249.75 94.2896
9250.12 94.2879
9250.49 94.2858
9250.85 94.2842
9251.22 94.2826
9251.59 94.2809
9251.95 94.2793
9252.32 94.279
9252.68 94.2775
9253.05 94.2759
9253.42 94.2743
9253.78 94.2727
9254.15 94.2711
9254.52 94.2695
9254.88 94.2679
9255.25 94.2664
9255.61 94.2649
9255.98 94.2634
9256.35 94.262
9256.71 94.2606
9257.08 94.2594
9257.45 94.2582
9257.81 94.257
9258.18 94.2559
9258.54 94.2549
9258.91 94.2551
9259.28 94.2541
9259.64 94.2532
9260.01 94.2524
9260.38 94.2516
9260.74 94.2509
9261.11 94.2502
9261.47 94.2496
9261.84 94.2491
9262.21 94.2486
9262.57 94.2483
9262.94 94.248
9263.3 94.2477
9263.67 94.2474
9264.04 94.2471
9264.4 94.2467
9264.77 94.2463
9265.14 94.2458
9265.5 94.2458
9265.87 94.2452
9266.23 94.2445
9266.6 94.2437
9266.97 94.2428
9267.33 94.2417
9267.7 94.2406
9268.07 94.2393
9268.43 94.238
9268.8 94.2363
9269.16 94.2349
9269.53 94.2334
9269.9 94.232
9270.26 94.2306
9270.63 94.2292
9271 94.228
9271.36 94.2269
9271.73 94.2259
9272.09 94.2259
9272.46 94.2251
9272.83 94.2244
9273.19 94.2238
9273.56 94.2233
9273.92 94.223
9274.29 94.2227
9274.66 94.2225
9275.02 94.2228
9275.39 94.2228
9275.76 94.2228
9276.12 94.2229
9276.49 94.223
9276.85 94.2231
9277.22 94.2233
9277.59 94.2234
9277.95 94.2236
9278.32 94.2237
9278.69 94.2238
9279.05 94.2239
9279.42 94.2241
9279.78 94.2243
9280.15 94.2247
9280.52 94.2253
9280.88 94.2266
9281.25 94.2266
9281.62 94.2264
9281.98 94.2254
9282.35 94.2239
9282.71 94.2217
9283.08 94.2192
9283.45 94.2162
9283.81 94.2129
9284.18 94.2094
9284.54 94.2058
9284.91 94.2023
9285.28 94.1992
9285.64 94.1964
9286.01 94.1939
9286.38 94.1917
9286.74 94.1897
9287.11 94.188
9287.47 94.1853
9287.84 94.1841
9288.21 94.1831
9288.57 94.1821
9288.94 94.1812
9289.31 94.1804
9289.67 94.1796
9290.04 94.1789
9290.4 94.1782
9290.77 94.1774
9291.14 94.1766
9291.5 94.1761
9291.87 94.1752
9292.24 94.1742
9292.6 94.1732
9292.97 94.1721
9293.33 94.171
9293.7 94.1694
9294.07 94.1683
9294.43 94.1671
9294.8 94.166
9295.17 94.165
9295.53 94.164
9295.9 94.163
9296.26 94.1621
9296.63 94.1612
9297 94.1603
9297.36 94.1595
9297.73 94.1587
9298.09 94.1584
9298.46 94.1575
9298.83 94.1567
9299.19 94.1558
9299.56 94.1545
9299.93 94.1535
9300.29 94.1525
9300.66 94.1516
9301.02 94.1506
9301.39 94.1496
9301.76 94.1486
9302.12 94.1477
9302.49 94.1468
9302.86 94.146
9303.22 94.1452
9303.59 94.1445
9303.95 94.1438
9304.32 94.1431
9304.69 94.1418
9305.05 94.1409
9305.42 94.1398
9305.79 94.1368
9306.15 94.135
9306.52 94.1331
9306.88 94.131
9307.25 94.1289
9307.62 94.1268
9307.98 94.1249
9308.35 94.123
9308.71 94.1211
9309.08 94.1194
9309.45 94.1176
9309.81 94.1159
9310.18 94.1142
9310.55 94.1125
9310.91 94.1107
9311.28 94.11
9311.64 94.1082
9312.01 94.1057
9312.38 94.1038
9312.74 94.1018
9313.11 94.0998
9313.48 94.0977
9313.84 94.0955
9314.21 94.0933
9314.57 94.0911
9314.94 94.0888
9315.31 94.0865
9315.67 94.0842
9316.04 94.0819
9316.41 94.0796
9316.77 94.0773
9317.14 94.0751
9317.5 94.0742
9317.87 94.0721
9318.24 94.0691
9318.6 94.067
9318.97 94.0649
9319.33 94.0628
9319.7 94.0607
9320.07 94.0586
9320.43 94.0565
9320.8 94.0545
9321.17 94.0525
9321.53 94.0506
9321.9 94.0487
9322.26 94.0469
9322.63 94.0452
9323 94.0436
9323.36 94.0421
9323.73 94.0406
9324.1 94.0398
9324.46 94.0377
9324.83 94.0366
9325.19 94.0356
9325.56 94.0349
9325.93 94.0342
9326.29 94.0337
9326.66 94.0333
9327.03 94.033
9327.39 94.0328
9327.76 94.0325
9328.12 94.0322
9328.49 94.0318
9328.86 94.0314
9329.22 94.0308
9329.59 94.0302
9329.96 94.0294
9330.32 94.0277
9330.69 94.0268
9331.05 94.0257
9331.42 94.0246
9331.79 94.0233
9332.15 94.022
9332.52 94.0206
9332.88 94.0192
9333.25 94.0178
9333.62 94.0164
9333.98 94.0152
9334.35 94.0141
9334.72 94.0131
9335.08 94.0123
9335.45 94.0116
9335.81 94.011
9336.18 94.0104
9336.55 94.0091
9336.91 94.0086
9337.28 94.0079
9337.65 94.0073
9338.01 94.0067
9338.38 94.006
9338.74 94.0051
9339.11 94.0042
9339.48 94.0032
9339.84 94.0022
9340.21 94.0011
9340.58 94
9340.94 93.9989
9341.31 93.9977
9341.67 93.9966
9342.04 93.9955
9342.41 93.9945
9342.77 93.9931
9343.14 93.9921
9343.5 93.9911
9343.87 93.9909
9344.24 93.99
9344.6 93.989
9344.97 93.988
9345.34 93.987
9345.7 93.9859
9346.07 93.9848
9346.43 93.9836
9346.8 93.9824
9347.17 93.9812
9347.53 93.98
9347.9 93.9789
9348.27 93.9777
9348.63 93.9766
9349 93.9755
9349.36 93.9745
9349.73 93.9736
9350.1 93.9734
9350.46 93.9725
9350.83 93.9716
9351.2 93.9708
9351.56 93.9699
9351.93 93.9691
9352.29 93.9683
9352.66 93.9675
9353.03 93.9667
9353.39 93.9658
9353.76 93.9651
9354.13 93.9643
9354.49 93.9636
9354.86 93.963
9355.22 93.9623
9355.59 93.9619
9355.96 93.9616
9356.32 93.9613
9356.69 93.9612
9357.05 93.9609
9357.42 93.9607
9357.79 93.9604
9358.15 93.96
9358.52 93.9595
9358.89 93.9589
9359.25 93.9581
9359.62 93.9572
9359.98 93.9562
9360.35 93.955
9360.72 93.9536
9361.08 93.9521
9361.45 93.9493
9361.82 93.9475
9362.18 93.9454
9362.55 93.9433
9362.91 93.941
9363.28 93.9395
9363.65 93.937
9364.01 93.9345
9364.38 93.9321
9364.75 93.9298
9365.11 93.9277
9365.48 93.9257
9365.84 93.9239
9366.21 93.9222
9366.58 93.9207
9366.94 93.9193
9367.31 93.9179
9367.67 93.9167
9368.04 93.9156
9368.41 93.9146
9368.77 93.9137
9369.14 93.9127
9369.51 93.9118
9369.87 93.9121
9370.24 93.9112
9370.6 93.9103
9370.97 93.9095
9371.34 93.9085
9371.7 93.9075
9372.07 93.9065
9372.44 93.9053
9372.8 93.9041
9373.17 93.9028
9373.53 93.901
9373.9 93.8995
9374.27 93.898
9374.63 93.8965
9375 93.895
9375.37 93.8936
9375.73 93.8922
9376.1 93.8909
9376.46 93.8905
9376.83 93.8894
9377.2 93.8883
9377.56 93.8872
9377.93 93.8862
9378.29 93.8853
9378.66 93.8844
9379.03 93.8835
9379.39 93.8827
9379.76 93.8816
9380.13 93.8808
9380.49 93.8801
9380.86 93.8794
9381.22 93.8787
9381.59 93.8782
9381.96 93.8777
9382.32 93.8774
9382.69 93.8772
9383.06 93.8771
9383.42 93.8771
9383.79 93.8772
9384.15 93.8774
9384.52 93.8778
9384.89 93.8783
9385.25 93.8789
9385.62 93.8795
9385.99 93.8806
9386.35 93.8814
9386.72 93.8822
9387.08 93.8831
9387.45 93.884
9387.82 93.8849
9388.18 93.8859
9388.55 93.8868
9388.92 93.8877
9389.28 93.8881
9389.65 93.889
9390.01 93.8897
9390.38 93.8905
9390.75 93.891
9391.11 93.8915
9391.48 93.8919
9391.84 93.8921
9392.21 93.8925
9392.58 93.8926
9392.94 93.8926
9393.31 93.8926
9393.68 93.8925
9394.04 93.8924
9394.41 93.8923
9394.77 93.8921
9395.14 93.8919
9395.51 93.8917
9395.87 93.8917
9396.24 93.8915
9396.61 93.8911
9396.97 93.8907
9397.34 93.8901
9397.7 93.8895
9398.07 93.8883
9398.44 93.8874
9398.8 93.8864
9399.17 93.8853
9399.54 93.8841
9399.9 93.8829
9400.27 93.8816
9400.63 93.8802
9401 93.8787
9401.37 93.8772
9401.73 93.8757
9402.1 93.874
9402.46 93.8726
9402.83 93.8707
9403.2 93.8687
9403.56 93.8665
9403.93 93.8643
9404.3 93.8602
9404.66 93.8579
9405.03 93.8556
9405.39 93.8534
9405.76 93.8512
9406.13 93.8491
9406.49 93.847
9406.86 93.8451
9407.23 93.8433
9407.59 93.8415
9407.96 93.8399
9408.32 93.8384
9408.69 93.8369
9409.06 93.8362
9409.42 93.835
9409.79 93.8338
9410.16 93.8327
9410.52 93.8311
9410.89 93.8301
9411.25 93.8292
9411.62 93.8282
9411.99 93.8273
9412.35 93.8264
9412.72 93.8255
9413.08 93.8246
9413.45 93.8237
9413.82 93.8228
9414.18 93.8219
9414.55 93.8211
9414.92 93.8203
9415.28 93.8196
9415.65 93.8188
9416.01 93.8182
9416.38 93.8177
9416.75 93.8168
9417.11 93.8167
9417.48 93.8169
9417.85 93.8173
9418.21 93.8178
9418.58 93.8185
9418.94 93.8194
9419.31 93.8203
9419.68 93.8213
9420.04 93.8223
9420.41 93.8233
9420.78 93.8242
9421.14 93.8251
9421.51 93.826
9421.87 93.826
9422.24 93.8269
9422.61 93.8277
9422.97 93.8284
9423.34 93.8291
9423.71 93.8298
9424.07 93.8304
9424.44 93.8309
9424.8 93.8315
9425.17 93.8319
9425.54 93.8323
9425.9 93.8327
9426.27 93.833
9426.63 93.8333
9427 93.8335
9427.37 93.8338
9427.73 93.8341
9428.1 93.8344
9428.47 93.8345
9428.83 93.835
9429.2 93.8358
9429.56 93.8365
9429.93 93.8372
9430.3 93.838
9430.66 93.8388
9431.03 93.8397
9431.4 93.8407
9431.76 93.8417
9432.13 93.8427
9432.49 93.8438
9432.86 93.8449
9433.23 93.846
9433.59 93.8471
9433.96 93.8482
9434.33 93.8493
9434.69 93.8502
9435.06 93.851
9435.42 93.8517
9435.79 93.8523
9436.16 93.8528
9436.52 93.853
9436.89 93.8531
9437.25 93.8531
9437.62 93.8529
9437.99 93.8526
9438.35 93.8522
9438.72 93.8516
9439.09 93.851
9439.45 93.8502
9439.82 93.8494
9440.18 93.8485
9440.55 93.8476
9440.92 93.8466
9441.28 93.8454
9441.65 93.8451
9442.02 93.8441
9442.38 93.8432
9442.75 93.8423
9443.11 93.8414
9443.48 93.8407
9443.85 93.84
9444.21 93.8394
9444.58 93.8389
9444.95 93.8385
9445.31 93.8383
9445.68 93.8382
9446.04 93.8382
9446.41 93.8383
9446.78 93.8386
9447.14 93.839
9447.51 93.84
9447.88 93.8407
9448.24 93.8413
9448.61 93.8422
9448.97 93.8432
9449.34 93.8443
9449.71 93.8454
9450.07 93.8467
9450.44 93.848
9450.8 93.8493
9451.17 93.8508
9451.54 93.8524
9451.9 93.8541
9452.27 93.856
9452.64 93.8582
9453 93.8605
9453.37 93.8632
9453.73 93.8667
9454.1 93.8694
9454.47 93.8718
9454.83 93.8724
9455.2 93.8745
9455.57 93.8765
9455.93 93.8783
9456.3 93.8799
9456.66 93.8814
9457.03 93.8827
9457.4 93.884
9457.76 93.8851
9458.13 93.8861
9458.5 93.887
9458.86 93.8879
9459.23 93.8887
9459.59 93.8895
9459.96 93.8909
9460.33 93.8917
9460.69 93.8925
9461.06 93.8932
9461.42 93.8941
9461.79 93.895
9462.16 93.8959
9462.52 93.8969
9462.89 93.8979
9463.26 93.8989
9463.62 93.8999
9463.99 93.9008
9464.35 93.9017
9464.72 93.9026
9465.09 93.9035
9465.45 93.9042
9465.82 93.9054
9466.19 93.906
9466.55 93.9066
9466.92 93.9071
9467.28 93.9075
9467.65 93.9076
9468.02 93.9078
9468.38 93.908
9468.75 93.9081
9469.12 93.9082
9469.48 93.9082
9469.85 93.9082
9470.21 93.9081
9470.58 93.9081
9470.95 93.9082
9471.31 93.9083
9471.68 93.9086
9472.04 93.9088
9472.41 93.9093
9472.78 93.9098
9473.14 93.9104
9473.51 93.9109
9473.88 93.9116
9474.24 93.9117
9474.61 93.9123
9474.97 93.9129
9475.34 93.9135
9475.71 93.9141
9476.07 93.9148
9476.44 93.9155
9476.81 93.9162
9477.17 93.9171
9477.54 93.918
9477.9 93.9189
9478.27 93.9204
9478.64 93.9212
9479 93.922
9479.37 93.9228
9479.74 93.9234
9480.1 93.924
9480.47 93.9246
9480.83 93.9253
9481.2 93.9259
9481.57 93.9264
9481.93 93.9269
9482.3 93.9274
9482.67 93.9279
9483.03 93.9283
9483.4 93.9288
9483.76 93.9293
9484.13 93.9299
9484.5 93.9314
9484.86 93.9321
9485.23 93.9329
9485.59 93.9338
9485.96 93.9349
9486.33 93.9362
9486.69 93.9376
9487.06 93.9392
9487.43 93.9403
9487.79 93.942
9488.16 93.944
9488.52 93.9459
9488.89 93.9479
9489.26 93.9498
9489.62 93.9517
9489.99 93.9535
9490.36 93.9552
9490.72 93.9578
9491.09 93.9594
9491.45 93.961
9491.82 93.9625
9492.19 93.964
9492.55 93.9655
9492.92 93.967
9493.29 93.9684
9493.65 93.969
9494.02 93.9703
9494.38 93.9716
9494.75 93.9729
9495.12 93.9742
9495.48 93.9757
9495.85 93.9774
9496.21 93.9793
9496.58 93.9818
9496.95 93.9857
9497.31 93.9887
9497.68 93.9911
9498.05 93.9931
9498.41 93.995
9498.78 93.9967
9499.14 93.9984
9499.51 94
9499.88 94.0016
9500.24 94.0026
9500.61 94.0041
9500.98 94.0057
9501.34 94.0073
9501.71 94.0089
9502.07 94.0105
9502.44 94.0121
9502.81 94.0149
9503.17 94.0164
9503.54 94.018
9503.91 94.0195
9504.27 94.021
9504.64 94.0224
9505 94.0238
9505.37 94.0252
9505.74 94.0266
9506.1 94.0279
9506.47 94.0294
9506.83 94.0297
9507.2 94.0312
9507.57 94.0329
9507.93 94.0348
9508.3 94.0371
9508.67 94.0396
9509.03 94.043
9509.4 94.046
9509.76 94.0486
9510.13 94.0509
9510.5 94.0529
9510.86 94.0548
9511.23 94.0565
9511.6 94.0581
9511.96 94.0597
9512.33 94.0612
9512.69 94.0626
9513.06 94.0641
9513.43 94.0652
9513.79 94.0667
9514.16 94.0681
9514.53 94.0695
9514.89 94.0709
9515.26 94.0733
9515.62 94.0746
9515.99 94.0759
9516.36 94.0771
9516.72 94.0783
9517.09 94.0794
9517.46 94.0804
9517.82 94.0815
9518.19 94.0824
9518.55 94.0834
9518.92 94.0843
9519.29 94.0853
9519.65 94.0864
9520.02 94.0866
9520.38 94.0878
9520.75 94.0891
9521.12 94.0904
9521.48 94.0922
9521.85 94.0938
9522.22 94.0954
9522.58 94.097
9522.95 94.0986
9523.31 94.1003
9523.68 94.1019
9524.05 94.1035
9524.41 94.1051
9524.78 94.1067
9525.15 94.1084
9525.51 94.11
9525.88 94.1117
9526.24 94.1134
9526.61 94.114
9526.98 94.1158
9527.34 94.1175
9527.71 94.12
9528.08 94.1217
9528.44 94.1235
9528.81 94.1252
9529.17 94.1268
9529.54 94.1285
9529.91 94.1301
9530.27 94.1316
9530.64 94.1331
9531 94.1346
9531.37 94.1361
9531.74 94.1375
9532.1 94.1389
9532.47 94.1403
9532.84 94.1409
9533.2 94.1422
9533.57 94.1441
9533.93 94.1453
9534.3 94.1466
9534.67 94.1478
9535.03 94.149
9535.4 94.1502
9535.77 94.1514
9536.13 94.1526
9536.5 94.1537
9536.86 94.1549
9537.23 94.1561
9537.6 94.1573
9537.96 94.1585
9538.33 94.1597
9538.7 94.1609
9539.06 94.162
9539.43 94.1621
9539.79 94.1633
9540.16 94.1644
9540.53 94.1656
9540.89 94.1669
9541.26 94.1682
9541.63 94.1696
9541.99 94.1712
9542.36 94.1729
9542.72 94.1749
9543.09 94.1771
9543.46 94.1795
9543.82 94.1823
9544.19 94.1853
9544.55 94.1883
9544.92 94.1911
9545.29 94.1936
9545.65 94.1959
9546.02 94.1964
9546.39 94.1985
9546.75 94.2004
9547.12 94.2021
9547.48 94.2038
9547.85 94.2055
9548.22 94.207
9548.58 94.2086
9548.95 94.2101
9549.32 94.2116
9549.68 94.2131
9550.05 94.2146
9550.41 94.2161
9550.78 94.2176
9551.15 94.2191
9551.51 94.2207
9551.88 94.2223
9552.25 94.2246
9552.61 94.2251
9552.98 94.2269
9553.34 94.2287
9553.71 94.2306
9554.08 94.2325
9554.44 94.2345
9554.81 94.2364
9555.17 94.2384
9555.54 94.2404
9555.91 94.2423
9556.27 94.2443
9556.64 94.2463
9557.01 94.2483
9557.37 94.2502
9557.74 94.2521
9558.1 94.2541
9558.47 94.2561
9558.84 94.2581
9559.2 94.2583
9559.57 94.2603
9559.94 94.2624
9560.3 94.2645
9560.67 94.2665
9561.03 94.2686
9561.4 94.2706
9561.77 94.2727
9562.13 94.2748
9562.5 94.2771
9562.87 94.2794
9563.23 94.2819
9563.6 94.2844
9563.96 94.2872
9564.33 94.2908
9564.7 94.2938
9565.06 94.2966
9565.43 94.2975
9565.79 94.3004
9566.16 94.3033
9566.53 94.3063
9566.89 94.3092
9567.26 94.3121
9567.63 94.315
9567.99 94.3179
9568.36 94.3208
9568.72 94.3239
9569.09 94.3271
9569.46 94.3305
9569.82 94.3339
9570.19 94.3372
9570.56 94.3411
9570.92 94.344
9571.29 94.3468
9571.65 94.3495
9572.02 94.3503
9572.39 94.3529
9572.75 94.3554
9573.12 94.358
9573.49 94.3605
9573.85 94.3631
9574.22 94.3657
9574.58 94.3685
9574.95 94.3714
9575.32 94.3744
9575.68 94.3776
9576.05 94.3808
9576.42 94.3837
9576.78 94.3869
9577.15 94.3893
9577.51 94.3914
9577.88 94.3933
9578.25 94.3951
9578.61 94.3958
9578.98 94.3975
9579.34 94.3992
9579.71 94.4008
9580.08 94.4024
9580.44 94.404
9580.81 94.4056
9581.18 94.4073
9581.54 94.409
9581.91 94.4107
9582.27 94.4124
9582.64 94.4142
9583.01 94.4169
9583.37 94.4187
9583.74 94.4205
9584.11 94.4222
9584.47 94.4239
9584.84 94.4255
9585.2 94.4264
9585.57 94.428
9585.94 94.4295
9586.3 94.4309
9586.67 94.4323
9587.04 94.4336
9587.4 94.4349
9587.77 94.4361
9588.13 94.4373
9588.5 94.4385
9588.87 94.4396
9589.23 94.4412
9589.6 94.4423
9589.96 94.4434
9590.33 94.4446
9590.7 94.4457
9591.06 94.4469
9591.43 94.4481
9591.8 94.4483
9592.16 94.4496
9592.53 94.4508
9592.89 94.452
9593.26 94.4532
9593.63 94.4544
9593.99 94.4556
9594.36 94.4567
9594.73 94.4577
9595.09 94.4586
9595.46 94.4596
9595.82 94.4606
9596.19 94.4614
9596.56 94.4623
9596.92 94.4631
9597.29 94.464
9597.66 94.4647
9598.02 94.4653
9598.39 94.4661
9598.75 94.4669
9599.12 94.4676
9599.49 94.4683
9599.85 94.469
9600.22 94.4696
9600.58 94.4702
9600.95 94.4707
9601.32 94.4719
9601.68 94.4723
9602.05 94.4727
9602.42 94.4731
9602.78 94.4734
9603.15 94.4738
9603.51 94.4741
9603.88 94.4744
9604.25 94.4748
9604.61 94.4754
9604.98 94.4757
9605.35 94.4761
9605.71 94.4766
9606.08 94.477
9606.44 94.4775
9606.81 94.478
9607.18 94.4786
9607.54 94.4798
9607.91 94.4803
9608.28 94.481
9608.64 94.4816
9609.01 94.4823
9609.37 94.483
9609.74 94.4837
9610.11 94.4844
9610.47 94.4851
9610.84 94.4858
9611.21 94.4862
9611.57 94.4868
9611.94 94.4875
9612.3 94.4882
9612.67 94.4889
9613.04 94.4896
9613.4 94.4903
9613.77 94.4915
9614.13 94.4924
9614.5 94.4932
9614.87 94.4941
9615.23 94.495
9615.6 94.4959
9615.97 94.4967
9616.33 94.4975
9616.7 94.4981
9617.06 94.4987
9617.43 94.4992
9617.8 94.4998
9618.16 94.5001
9618.53 94.5004
9618.9 94.5006
9619.26 94.5007
9619.63 94.5008
9619.99 94.5012
9620.36 94.501
9620.73 94.5009
9621.09 94.5006
9621.46 94.5003
9621.83 94.5
9622.19 94.4996
9622.56 94.4993
9622.92 94.4988
9623.29 94.4984
9623.66 94.498
9624.02 94.4976
9624.39 94.4979
9624.75 94.4975
9625.12 94.4972
9625.49 94.4968
9625.85 94.4964
9626.22 94.4961
9626.59 94.4957
9626.95 94.4951
9627.32 94.4946
9627.68 94.494
9628.05 94.4933
9628.42 94.4927
9628.78 94.4919
9629.15 94.4912
9629.52 94.4904
9629.88 94.4895
9630.25 94.4886
9630.61 94.4877
9630.98 94.4876
9631.35 94.4866
9631.71 94.4856
9632.08 94.4845
9632.45 94.4835
9632.81 94.4825
9633.18 94.4814
9633.54 94.4804
9633.91 94.4794
9634.28 94.4785
9634.64 94.4775
9635.01 94.4766
9635.38 94.4757
9635.74 94.4748
9636.11 94.4739
9636.47 94.473
9636.84 94.4721
9637.21 94.4719
9637.57 94.4709
9637.94 94.47
9638.3 94.4689
9638.67 94.4681
9639.04 94.4674
9639.4 94.4667
9639.77 94.4661
9640.14 94.4656
9640.5 94.4652
9640.87 94.4649
9641.23 94.4647
9641.6 94.4645
9641.97 94.4645
9642.33 94.4645
9642.7 94.4646
9643.07 94.4647
9643.43 94.4649
9643.8 94.4654
9644.16 94.4656
9644.53 94.4664
9644.9 94.4666
9645.26 94.4668
9645.63 94.4669
9646 94.4669
9646.36 94.4669
9646.73 94.4668
9647.09 94.4666
9647.46 94.4664
9647.83 94.4661
9648.19 94.4657
9648.56 94.4653
9648.92 94.4649
9649.29 94.4644
9649.66 94.4639
9650.02 94.4634
9650.39 94.4642
9650.76 94.4644
9651.12 94.4638
9651.49 94.4632
9651.85 94.4625
9652.22 94.4618
9652.59 94.4611
9652.95 94.4603
9653.32 94.4594
9653.69 94.4585
9654.05 94.4575
9654.42 94.4565
9654.78 94.4553
9655.15 94.4542
9655.52 94.4529
9655.88 94.4517
9656.25 94.4504
9656.62 94.4491
9656.98 94.4487
9657.35 94.4473
9657.71 94.4461
9658.08 94.4449
9658.45 94.4437
9658.81 94.4426
9659.18 94.4416
9659.54 94.4406
9659.91 94.4396
9660.28 94.4387
9660.64 94.4378
9661.01 94.437
9661.38 94.4362
9661.74 94.4354
9662.11 94.4348
9662.47 94.4341
9662.84 94.4334
9663.21 94.433
9663.57 94.4331
9663.94 94.4325
9664.31 94.4319
9664.67 94.4314
9665.04 94.4308
9665.4 94.4301
9665.77 94.4295
9666.14 94.4288
9666.5 94.4281
9666.87 94.4273
9667.24 94.4265
9667.6 94.4257
9667.97 94.4249
9668.33 94.4241
9668.7 94.4232
9669.07 94.4224
9669.43 94.4217
9669.8 94.4217
9670.17 94.421
9670.53 94.4203
9670.9 94.4196
9671.26 94.419
9671.63 94.4183
9672 94.4176
9672.36 94.4169
9672.73 94.4161
9673.09 94.4153
9673.46 94.4143
9673.83 94.4133
9674.19 94.4122
9674.56 94.411
9674.93 94.4097
9675.29 94.4082
9675.66 94.4068
9676.02 94.4053
9676.39 94.4051
9676.76 94.4035
9677.12 94.4019
9677.49 94.4002
9677.86 94.3985
9678.22 94.3968
9678.59 94.3951
9678.95 94.3933
9679.32 94.3915
9679.69 94.3897
9680.05 94.3878
9680.42 94.3859
9680.79 94.384
9681.15 94.382
9681.52 94.3794
9681.88 94.3774
9682.25 94.3754
9682.62 94.3734
9682.98 94.3729
9683.35 94.371
9683.71 94.3691
9684.08 94.3672
9684.45 94.3654
9684.81 94.3635
9685.18 94.3618
9685.55 94.36
9685.91 94.3583
9686.28 94.3567
9686.64 94.3552
9687.01 94.3537
9687.38 94.3524
9687.74 94.3511
9688.11 94.3499
9688.48 94.3488
9688.84 94.3476
9689.21 94.3466
9689.57 94.3467
9689.94 94.3456
9690.31 94.3446
9690.67 94.3436
9691.04 94.3426
9691.41 94.3417
9691.77 94.3407
9692.14 94.3398
9692.5 94.3388
9692.87 94.3379
9693.24 94.337
9693.6 94.3361
9693.97 94.3352
9694.33 94.3344
9694.7 94.3336
9695.07 94.3329
9695.43 94.3321
9695.8 94.3315
9696.17 94.3315
9696.53 94.3308
9696.9 94.33
9697.26 94.3293
9697.63 94.3285
9698 94.3277
9698.36 94.3268
9698.73 94.3259
9699.1 94.325
9699.46 94.324
9699.83 94.3229
9700.19 94.3219
9700.56 94.3208
9700.93 94.3197
9701.29 94.3187
9701.66 94.3176
9702.03 94.3165
9702.39 94.3155
9702.76 94.3155
9703.12 94.3145
9703.49 94.3135
9703.86 94.3125
9704.22 94.3114
9704.59 94.3104
9704.96 94.3092
9705.32 94.3081
9705.69 94.3069
9706.05 94.3052
9706.42 94.304
9706.79 94.3027
9707.15 94.3015
9707.52 94.3004
9707.88 94.2993
9708.25 94.2983
9708.62 94.2974
9708.98 94.2972
9709.35 94.2964
9709.72 94.2956
9710.08 94.2949
9710.45 94.2941
9710.81 94.2933
9711.18 94.2924
9711.55 94.2914
9711.91 94.2904
9712.28 94.2887
9712.65 94.2875
9713.01 94.2862
9713.38 94.285
9713.74 94.2837
9714.11 94.2823
9714.48 94.281
9714.84 94.2796
9715.21 94.2783
9715.58 94.2775
9715.94 94.2761
9716.31 94.2746
9716.67 94.2731
9717.04 94.2715
9717.41 94.2699
9717.77 94.2682
9718.14 94.2664
9718.5 94.2635
9718.87 94.2617
9719.24 94.2598
9719.6 94.2581
9719.97 94.2563
9720.34 94.2546
9720.7 94.2529
9721.07 94.2514
9721.43 94.2499
9721.8 94.2485
9722.17 94.2478
9722.53 94.2467
9722.9 94.2456
9723.27 94.2446
9723.63 94.2436
9724 94.2427
9724.36 94.2419
9724.73 94.2408
9725.1 94.24
9725.46 94.2392
9725.83 94.2384
9726.2 94.2376
9726.56 94.2368
9726.93 94.236
9727.29 94.2352
9727.66 94.2344
9728.03 94.2336
9728.39 94.2328
9728.76 94.2329
9729.13 94.2321
9729.49 94.2314
9729.86 94.2306
9730.22 94.2299
9730.59 94.2291
9730.96 94.2286
9731.32 94.2278
9731.69 94.227
9732.05 94.2262
9732.42 94.2253
9732.79 94.2245
9733.15 94.2236
9733.52 94.2227
9733.89 94.2218
9734.25 94.2209
9734.62 94.2201
9734.98 94.2192
9735.35 94.2189
9735.72 94.218
9736.08 94.2172
9736.45 94.2164
9736.82 94.2153
9737.18 94.2146
9737.55 94.2139
9737.91 94.2133
9738.28 94.2126
9738.65 94.212
9739.01 94.2113
9739.38 94.2106
9739.75 94.2098
9740.11 94.2091
9740.48 94.2083
9740.84 94.2075
9741.21 94.2066
9741.58 94.2064
9741.94 94.2056
9742.31 94.2047
9742.67 94.2038
9743.04 94.2028
9743.41 94.202
9743.77 94.2011
9744.14 94.2002
9744.51 94.1994
9744.87 94.1986
9745.24 94.1978
9745.6 94.197
9745.97 94.1963
9746.34 94.1955
9746.7 94.1948
9747.07 94.1941
9747.44 94.1935
9747.8 94.1928
9748.17 94.193
9748.53 94.1924
9748.9 94.1917
9749.27 94.1913
9749.63 94.1906
9750 94.1898
9750.37 94.1891
9750.73 94.1884
9751.1 94.1876
9751.46 94.1868
9751.83 94.1861
9752.2 94.1853
9752.56 94.1845
9752.93 94.1838
9753.29 94.183
9753.66 94.1822
9754.03 94.1815
9754.39 94.1808
9754.76 94.1806
9755.13 94.1798
9755.49 94.1787
9755.86 94.1779
9756.22 94.1771
9756.59 94.1762
9756.96 94.1755
9757.32 94.1747
9757.69 94.174
9758.06 94.1734
9758.42 94.1729
9758.79 94.1725
9759.15 94.1722
9759.52 94.1721
9759.89 94.172
9760.25 94.1721
9760.62 94.1723
9760.99 94.1725
9761.35 94.1727
9761.72 94.1732
9762.08 94.1736
9762.45 94.1739
9762.82 94.1742
9763.18 94.1745
9763.55 94.1747
9763.92 94.1749
9764.28 94.1749
9764.65 94.1749
9765.01 94.1748
9765.38 94.1746
9765.75 94.1743
9766.11 94.1738
9766.48 94.1732
9766.84 94.1724
9767.21 94.1714
9767.58 94.1694
9767.94 94.1684
9768.31 94.1669
9768.68 94.1654
9769.04 94.1637
9769.41 94.162
9769.77 94.1602
9770.14 94.1585
9770.51 94.1568
9770.87 94.1552
9771.24 94.1536
9771.61 94.1521
9771.97 94.1506
9772.34 94.1493
9772.7 94.148
9773.07 94.1469
9773.44 94.1458
9773.8 94.1445
9774.17 94.1435
9774.54 94.1433
9774.9 94.1424
9775.27 94.1416
9775.63 94.1408
9776 94.1402
9776.37 94.1396
9776.73 94.1391
9777.1 94.1387
9777.46 94.1384
9777.83 94.1383
9778.2 94.1383
9778.56 94.1384
9778.93 94.1388
9779.3 94.1393
9779.66 94.14
9780.03 94.1413
9780.39 94.1424
9780.76 94.143
9781.13 94.1441
9781.49 94.1454
9781.86 94.1468
9782.23 94.1482
9782.59 94.1496
9782.96 94.151
9783.32 94.1524
9783.69 94.1537
9784.06 94.1551
9784.42 94.1564
9784.79 94.1576
9785.16 94.1587
9785.52 94.1597
9785.89 94.1605
9786.25 94.1613
9786.62 94.1616
9786.99 94.1618
9787.35 94.1616
9787.72 94.1615
9788.08 94.1612
9788.45 94.1607
9788.82 94.1601
9789.18 94.1594
9789.55 94.1586
9789.92 94.1577
9790.28 94.1567
9790.65 94.1556
9791.01 94.1544
9791.38 94.1532
9791.75 94.1518
9792.11 94.1503
9792.48 94.1478
9792.85 94.1461
9793.21 94.1443
9793.58 94.1424
9793.94 94.1412
9794.31 94.1392
9794.68 94.1373
9795.04 94.1352
9795.41 94.1332
9795.78 94.1312
9796.14 94.1292
9796.51 94.1272
9796.87 94.1252
9797.24 94.1232
9797.61 94.1212
9797.97 94.1192
9798.34 94.1172
9798.71 94.113
9799.07 94.1111
9799.44 94.1095
9799.8 94.1082
9800.17 94.1072
9800.54 94.1056
9800.9 94.105
9801.27 94.1047
9801.63 94.1045
9802 94.1044
9802.37 94.1043
9802.73 94.1041
9803.1 94.1039
9803.47 94.1036
9803.83 94.1032
9804.2 94.1027
9804.56 94.1016
9804.93 94.1009
9805.3 94.1
9805.66 94.099
9806.03 94.0978
9806.4 94.0966
9806.76 94.0952
9807.13 94.0941
9807.49 94.0926
9807.86 94.0909
9808.23 94.0892
9808.59 94.0875
9808.96 94.0857
9809.33 94.0838
9809.69 94.0821
9810.06 94.0803
9810.42 94.0787
9810.79 94.076
9811.16 94.0745
9811.52 94.0731
9811.89 94.0718
9812.25 94.0705
9812.62 94.0692
9812.99 94.068
9813.35 94.0673
9813.72 94.0662
9814.09 94.0651
9814.45 94.064
9814.82 94.063
9815.18 94.0619
9815.55 94.0608
9815.92 94.0598
9816.28 94.0587
9816.65 94.0576
9817.02 94.056
9817.38 94.0548
9817.75 94.0535
9818.11 94.0522
9818.48 94.0508
9818.85 94.0494
9819.21 94.0479
9819.58 94.0464
9819.95 94.0455
9820.31 94.0439
9820.68 94.0422
9821.04 94.0404
9821.41 94.0387
9821.78 94.037
9822.14 94.0354
9822.51 94.0338
9822.88 94.0324
9823.24 94.0301
9823.61 94.029
9823.97 94.028
9824.34 94.027
9824.71 94.0262
9825.07 94.0254
9825.44 94.0247
9825.8 94.0239
9826.17 94.0231
9826.54 94.0225
9826.9 94.0217
9827.27 94.0207
9827.64 94.0197
9828 94.0185
9828.37 94.0173
9828.73 94.016
9829.1 94.0146
9829.47 94.0124
9829.83 94.011
9830.2 94.0096
9830.57 94.0082
9830.93 94.0068
9831.3 94.0054
9831.66 94.0039
9832.03 94.0025
9832.4 94.0011
9832.76 93.9997
9833.13 93.9989
9833.5 93.9973
9833.86 93.9957
9834.23 93.9939
9834.59 93.992
9834.96 93.99
9835.33 93.9862
9835.69 93.9836
9836.06 93.9808
9836.42 93.9777
9836.79 93.9741
9837.16 93.9701
9837.52 93.966
9837.89 93.9622
9838.26 93.9586
9838.62 93.9551
9838.99 93.9517
9839.35 93.9483
9839.72 93.9459
9840.09 93.9426
9840.45 93.9395
9840.82 93.9364
9841.19 93.9334
9841.55 93.9288
9841.92 93.9262
9842.28 93.9238
9842.65 93.9215
9843.02 93.9193
9843.38 93.9173
9843.75 93.9154
9844.12 93.9136
9844.48 93.9119
9844.85 93.9104
9845.21 93.909
9845.58 93.9077
9845.95 93.9066
9846.31 93.9052
9846.68 93.9043
9847.04 93.9034
9847.41 93.9028
9847.78 93.9008
9848.14 93.9005
9848.51 93.9004
9848.88 93.9004
9849.24 93.9004
9849.61 93.9003
9849.97 93.9001
9850.34 93.9
9850.71 93.8998
9851.07 93.8995
9851.44 93.8992
9851.81 93.8989
9852.17 93.8986
9852.54 93.8986
9852.9 93.8983
9853.27 93.8979
9853.64 93.8975
9854 93.8973
9854.37 93.8968
9854.74 93.8963
9855.1 93.8958
9855.47 93.8952
9855.83 93.8946
9856.2 93.894
9856.57 93.8933
9856.93 93.8926
9857.3 93.8918
9857.67 93.8911
9858.03 93.8903
9858.4 93.8895
9858.76 93.8887
9859.13 93.8888
9859.5 93.8879
9859.86 93.8869
9860.23 93.8858
9860.59 93.8847
9860.96 93.8835
9861.33 93.8823
9861.69 93.8811
9862.06 93.8798
9862.43 93.8785
9862.79 93.8772
9863.16 93.876
9863.52 93.8747
9863.89 93.8734
9864.26 93.8722
9864.62 93.871
9864.99 93.8698
9865.36 93.8686
9865.72 93.8685
9866.09 93.8673
9866.45 93.8661
9866.82 93.8649
9867.19 93.8636
9867.55 93.8624
9867.92 93.8611
9868.29 93.8598
9868.65 93.8585
9869.02 93.8572
9869.38 93.8559
9869.75 93.8545
9870.12 93.8532
9870.48 93.8519
9870.85 93.8507
9871.21 93.8495
9871.58 93.8484
9871.95 93.8474
9872.31 93.8473
9872.68 93.8464
9873.05 93.8455
9873.41 93.8447
9873.78 93.844
9874.14 93.8432
9874.51 93.8426
9874.88 93.842
9875.24 93.8414
9875.61 93.8409
9875.98 93.8404
9876.34 93.84
9876.71 93.8396
9877.07 93.8393
9877.44 93.839
9877.81 93.8388
9878.17 93.8386
9878.54 93.839
9878.91 93.8396
9879.27 93.8395
9879.64 93.8395
9880 93.8395
9880.37 93.8395
9880.74 93.8395
9881.1 93.8396
9881.47 93.8397
9881.83 93.8398
9882.2 93.8399
9882.57 93.84
9882.93 93.8402
9883.3 93.8404
9883.67 93.8405
9884.03 93.8407
9884.4 93.8408
9884.76 93.8415
9885.13 93.8421
9885.5 93.8421
9885.86 93.842
9886.23 93.8419
9886.6 93.8418
9886.96 93.8416
9887.33 93.8414
9887.69 93.8411
9888.06 93.8408
9888.43 93.8406
9888.79 93.8404
9889.16 93.8402
9889.53 93.84
9889.89 93.8399
9890.26 93.8399
9890.62 93.84
9890.99 93.8407
9891.36 93.841
9891.72 93.8417
9892.09 93.8421
9892.46 93.8427
9892.82 93.8435
9893.19 93.8444
9893.55 93.8455
9893.92 93.8468
9894.29 93.8482
9894.65 93.8496
9895.02 93.8512
9895.38 93.8528
9895.75 93.8544
9896.12 93.856
9896.48 93.8576
9896.85 93.8591
9897.22 93.8617
9897.58 93.8631
9897.95 93.8645
9898.31 93.8654
9898.68 93.8667
9899.05 93.8678
9899.41 93.8689
9899.78 93.8699
9900.15 93.8707
9900.51 93.8715
9900.88 93.8722
9901.24 93.8727
9901.61 93.8732
9901.98 93.8735
9902.34 93.8738
9902.71 93.874
9903.08 93.8743
9903.44 93.8743
9903.81 93.8742
9904.17 93.874
9904.54 93.8738
9904.91 93.8738
9905.27 93.8735
9905.64 93.8731
9906 93.8727
9906.37 93.8724
9906.74 93.872
9907.1 93.8717
9907.47 93.8714
9907.84 93.8711
9908.2 93.8708
9908.57 93.8706
9908.93 93.8703
9909.3 93.8697
9909.67 93.8693
9910.03 93.8688
9910.4 93.8683
9910.77 93.8678
9911.13 93.8672
9911.5 93.8668
9911.86 93.8662
9912.23 93.8656
9912.6 93.8649
9912.96 93.8643
9913.33 93.8638
9913.7 93.8632
9914.06 93.8627
9914.43 93.8623
9914.79 93.8619
9915.16 93.8616
9915.53 93.8616
9915.89 93.8615
9916.26 93.8615
9916.63 93.8615
9916.99 93.8617
9917.36 93.8619
9917.72 93.8623
9918.09 93.8628
9918.46 93.8632
9918.82 93.8637
9919.19 93.8643
9919.55 93.8649
9919.92 93.8657
9920.29 93.8665
9920.65 93.8674
9921.02 93.8685
9921.39 93.8696
9921.75 93.8716
9922.12 93.873
9922.48 93.8745
9922.85 93.8761
9923.22 93.8777
9923.58 93.8795
9923.95 93.8813
9924.32 93.8821
9924.68 93.884
9925.05 93.8859
9925.41 93.8879
9925.78 93.8899
9926.15 93.8919
9926.51 93.894
9926.88 93.8962
9927.25 93.8984
9927.61 93.9007
9927.98 93.9037
9928.34 93.9062
9928.71 93.9087
9929.08 93.9112
9929.44 93.9138
9929.81 93.9163
9930.17 93.9189
9930.54 93.9214
9930.91 93.922
9931.27 93.9245
9931.64 93.9269
9932.01 93.9293
9932.37 93.9317
9932.74 93.934
9933.1 93.9363
9933.47 93.9386
9933.84 93.9408
9934.2 93.9439
9934.57 93.9462
9934.94 93.9485
9935.3 93.9508
9935.67 93.9532
9936.03 93.9556
9936.4 93.9582
9936.77 93.9608
9937.13 93.9635
9937.5 93.9643
9937.87 93.9671
9938.23 93.9698
9938.6 93.9725
9938.96 93.9751
9939.33 93.9775
9939.7 93.9799
9940.06 93.9829
9940.43 93.9851
9940.79 93.9872
9941.16 93.9893
9941.53 93.9914
9941.89 93.9935
9942.26 93.9955
9942.63 93.9975
9942.99 93.9995
9943.36 94.0015
9943.72 94.0036
9944.09 94.0042
9944.46 94.0062
9944.82 94.0083
9945.19 94.0104
9945.56 94.0124
9945.92 94.0144
9946.29 94.0166
9946.65 94.0184
9947.02 94.0201
9947.39 94.0218
9947.75 94.0233
9948.12 94.0248
9948.49 94.0262
9948.85 94.0276
9949.22 94.029
9949.58 94.0303
9949.95 94.0317
9950.32 94.0331
9950.68 94.033
9951.05 94.0345
9951.42 94.0361
9951.78 94.0379
9952.15 94.0397
9952.51 94.0419
9952.88 94.044
9953.25 94.0462
9953.61 94.0484
9953.98 94.0508
9954.34 94.0532
9954.71 94.0557
9955.08 94.0583
9955.44 94.061
9955.81 94.0637
9956.18 94.0665
9956.54 94.0693
9956.91 94.0699
9957.27 94.0728
9957.64 94.0756
9958.01 94.0786
9958.37 94.0816
9958.74 94.0852
9959.11 94.0884
9959.47 94.0915
9959.84 94.0946
9960.2 94.0975
9960.57 94.1002
9960.94 94.1028
9961.3 94.1053
9961.67 94.1077
9962.04 94.11
9962.4 94.1123
9962.77 94.1146
9963.13 94.1169
9963.5 94.1176
9963.87 94.1199
9964.23 94.1221
9964.6 94.1244
9964.96 94.1274
9965.33 94.1297
9965.7 94.132
9966.06 94.1343
9966.43 94.1366
9966.8 94.1389
9967.16 94.1413
9967.53 94.1436
9967.89 94.1459
9968.26 94.1482
9968.63 94.1504
9968.99 94.1525
9969.36 94.1545
9969.73 94.1564
9970.09 94.1566
9970.46 94.1583
9970.82 94.1598
9971.19 94.1613
9971.56 94.1629
9971.92 94.1645
9972.29 94.1663
9972.66 94.1682
9973.02 94.1704
9973.39 94.1727
9973.75 94.1752
9974.12 94.1779
9974.49 94.1806
9974.85 94.1834
9975.22 94.1861
9975.58 94.1887
9975.95 94.1912
9976.32 94.1935
9976.68 94.1938
9977.05 94.1964
9977.42 94.1986
9977.78 94.2006
9978.15 94.2027
9978.51 94.2047
9978.88 94.2067
9979.25 94.2088
9979.61 94.2109
9979.98 94.2131
9980.35 94.2155
9980.71 94.218
9981.08 94.2206
9981.44 94.2233
9981.81 94.2262
9982.18 94.2292
9982.54 94.2324
9982.91 94.2358
9983.28 94.237
9983.64 94.2407
9984.01 94.2449
9984.37 94.2499
9984.74 94.2543
9985.11 94.2581
9985.47 94.2615
9985.84 94.2645
9986.21 94.2674
9986.57 94.2701
9986.94 94.2727
9987.3 94.2753
9987.67 94.2777
9988.04 94.2802
9988.4 94.2825
9988.77 94.2849
9989.13 94.2872
9989.5 94.2901
9989.87 94.2908
9990.23 94.293
9990.6 94.2952
9990.97 94.2974
9991.33 94.2996
9991.7 94.3019
9992.06 94.3043
9992.43 94.3067
9992.8 94.3091
9993.16 94.3116
9993.53 94.3142
9993.9 94.3168
9994.26 94.3195
9994.63 94.3222
9994.99 94.325
9995.36 94.3279
9995.73 94.3319
9996.09 94.333
9996.46 94.336
9996.83 94.3391
9997.19 94.3421
9997.56 94.3451
9997.92 94.3481
9998.29 94.3511
9998.66 94.3541
9999.02 94.3571
9999.39 94.36
9999.75 94.3629
10000.1 94.3658
10000.5 94.3686
10000.9 94.3714
10001.2 94.3741
10001.6 94.3767
10002 94.38
10002.3 94.3822
10002.7 94.383
10003.1 94.3849
10003.4 94.3868
10003.8 94.3884
10004.1 94.3899
10004.5 94.3913
10004.9 94.3926
10005.2 94.3937
10005.6 94.3948
10006 94.3959
10006.3 94.3968
10006.7 94.3978
10007.1 94.3987
10007.4 94.3995
10007.8 94.4011
10008.2 94.402
10008.5 94.4028
10008.9 94.4036
10009.3 94.4044
10009.6 94.4052
10010 94.4059
10010.4 94.4067
10010.7 94.4074
10011.1 94.4082
10011.5 94.409
10011.8 94.4098
10012.2 94.4106
10012.6 94.4116
10012.9 94.4125
10013.3 94.4136
10013.7 94.4147
10014 94.4169
10014.4 94.4183
10014.8 94.4198
10015.1 94.4214
10015.5 94.4232
10015.9 94.4243
10016.2 94.4263
10016.6 94.4284
10017 94.4307
10017.3 94.4331
10017.7 94.4356
10018.1 94.4382
10018.4 94.4409
10018.8 94.4436
10019.2 94.4464
10019.5 94.4492
10019.9 94.4519
10020.3 94.456
10020.6 94.4587
10021 94.4613
10021.4 94.4638
10021.7 94.4662
10022.1 94.4685
10022.5 94.4697
10022.8 94.4718
10023.2 94.4738
10023.6 94.4757
10023.9 94.4775
10024.3 94.4791
10024.7 94.4806
10025 94.482
10025.4 94.4833
10025.8 94.4844
10026.1 94.4855
10026.5 94.4871
10026.9 94.488
10027.2 94.4887
10027.6 94.4895
10028 94.4901
10028.3 94.4908
10028.7 94.4915
10029.1 94.4922
10029.4 94.4929
10029.8 94.4935
10030.2 94.4942
10030.5 94.4949
10030.9 94.4955
10031.2 94.4962
10031.6 94.4968
10032 94.4975
10032.3 94.4982
10032.7 94.4999
10033.1 94.5006
10033.4 94.5013
10033.8 94.502
10034.2 94.5028
10034.5 94.5035
10034.9 94.5042
10035.3 94.5051
10035.6 94.5058
10036 94.5065
10036.4 94.5071
10036.7 94.5077
10037.1 94.5083
10037.5 94.5089
10037.8 94.5095
10038.2 94.51
10038.6 94.5112
10038.9 94.5118
10039.3 94.5123
10039.7 94.5129
10040 94.5135
10040.4 94.5141
10040.8 94.5147
10041.1 94.5153
10041.5 94.516
10041.9 94.5163
10042.2 94.5169
10042.6 94.5176
10043 94.5182
10043.3 94.5189
10043.7 94.5196
10044.1 94.5203
10044.4 94.521
10044.8 94.5221
10045.2 94.5229
10045.5 94.5237
10045.9 94.5246
10046.3 94.5255
10046.6 94.5265
10047 94.5274
10047.4 94.5285
10047.7 94.5295
10048.1 94.5306
10048.5 94.531
10048.8 94.5322
10049.2 94.5333
10049.6 94.5345
10049.9 94.5357
10050.3 94.537
10050.7 94.5382
10051 94.54
10051.4 94.5413
10051.8 94.5425
10052.1 94.5436
10052.5 94.5448
10052.9 94.5458
10053.2 94.5469
10053.6 94.548
10054 94.5491
10054.3 94.5502
10054.7 94.5514
10055.1 94.5521
10055.4 94.5534
10055.8 94.5546
10056.2 94.556
10056.5 94.5574
10056.9 94.5588
10057.3 94.5609
10057.6 94.5623
10058 94.5636
10058.3 94.5648
10058.7 94.5659
10059.1 94.5669
10059.4 94.5679
10059.8 94.5687
10060.2 94.5694
10060.5 94.5701
10060.9 94.5707
10061.3 94.5712
10061.6 94.5714
10062 94.5719
10062.4 94.5723
10062.7 94.5728
10063.1 94.5732
10063.5 94.5737
10063.8 94.5742
10064.2 94.5749
10064.6 94.5756
10064.9 94.5764
10065.3 94.5773
10065.7 94.5783
10066 94.5793
10066.4 94.5803
10066.8 94.5813
10067.1 94.5822
10067.5 94.5831
10067.9 94.5833
10068.2 94.5842
10068.6 94.585
10069 94.5857
10069.3 94.5863
10069.7 94.5871
10070.1 94.5875
10070.4 94.5879
10070.8 94.5883
10071.2 94.5885
10071.5 94.5887
10071.9 94.5889
10072.3 94.5889
10072.6 94.5889
10073 94.5888
10073.4 94.5886
10073.7 94.5883
10074.1 94.5879
10074.5 94.5875
10074.8 94.587
10075.2 94.5865
10075.6 94.5856
10075.9 94.5852
10076.3 94.5847
10076.7 94.5843
10077 94.584
10077.4 94.5836
10077.8 94.5833
10078.1 94.583
10078.5 94.5827
10078.9 94.5824
10079.2 94.5822
10079.6 94.582
10080 94.5818
10080.3 94.5816
10080.7 94.5814
10081.1 94.5817
10081.4 94.5815
10081.8 94.5817
10082.2 94.5815
10082.5 94.5814
10082.9 94.5812
10083.3 94.5811
10083.6 94.581
10084 94.5809
10084.3 94.5808
10084.7 94.5808
10085.1 94.5807
10085.4 94.5807
10085.8 94.5807
10086.2 94.5807
10086.5 94.5807
10086.9 94.5807
10087.3 94.5807
10087.6 94.5809
10088 94.581
10088.4 94.5811
10088.7 94.5812
10089.1 94.5813
10089.5 94.5814
10089.8 94.5815
10090.2 94.5815
10090.6 94.5816
10090.9 94.5816
10091.3 94.5816
10091.7 94.5816
10092 94.5816
10092.4 94.5816
10092.8 94.5816
10093.1 94.5816
10093.5 94.5817
10093.9 94.5817
10094.2 94.5816
10094.6 94.5816
10095 94.5817
10095.3 94.5817
10095.7 94.5817
10096.1 94.5818
10096.4 94.5818
10096.8 94.5817
10097.2 94.5817
10097.5 94.5816
10097.9 94.5815
10098.3 94.5813
10098.6 94.5812
10099 94.581
10099.4 94.5808
10099.7 94.5807
10100.1 94.5805
10100.5 94.5809
10100.8 94.5807
10101.2 94.5805
10101.6 94.5802
10101.9 94.58
10102.3 94.5798
10102.7 94.5797
10103 94.5796
10103.4 94.5795
10103.8 94.5795
10104.1 94.5795
10104.5 94.5796
10104.9 94.5798
10105.2 94.58
10105.6 94.5803
10106 94.5806
10106.3 94.581
10106.7 94.5814
10107.1 94.5814
10107.4 94.5818
10107.8 94.5822
10108.2 94.5827
10108.5 94.5832
10108.9 94.5837
10109.3 94.5841
10109.6 94.5844
10110 94.5847
10110.4 94.585
10110.7 94.5852
10111.1 94.5853
10111.4 94.5853
10111.8 94.5853
10112.2 94.5853
10112.5 94.5852
10112.9 94.585
10113.3 94.5848
10113.6 94.5848
10114 94.5846
10114.4 94.5843
10114.7 94.584
10115.1 94.5837
10115.5 94.5834
10115.8 94.5831
10116.2 94.5828
10116.6 94.5825
10116.9 94.5822
10117.3 94.582
10117.7 94.5817
10118 94.5816
10118.4 94.5814
10118.8 94.5814
10119.1 94.5814
10119.5 94.5814
10119.9 94.5815
10120.2 94.5818
10120.6 94.582
10121 94.5822
10121.3 94.5826
10121.7 94.583
10122.1 94.5834
10122.4 94.5839
10122.8 94.5844
10123.2 94.585
10123.5 94.5856
10123.9 94.5861
10124.3 94.5866
10124.6 94.5871
10125 94.5879
10125.4 94.5882
10125.7 94.5883
10126.1 94.5884
10126.5 94.5884
10126.8 94.5886
10127.2 94.5885
10127.6 94.5882
10127.9 94.5879
10128.3 94.5876
10128.7 94.5872
10129 94.5868
10129.4 94.5863
10129.8 94.5859
10130.1 94.5855
10130.5 94.5851
10130.9 94.5847
10131.2 94.5844
10131.6 94.5841
10132 94.5838
10132.3 94.5835
10132.7 94.5832
10133.1 94.5834
10133.4 94.5831
10133.8 94.5828
10134.2 94.5824
10134.5 94.582
10134.9 94.5816
10135.3 94.5812
10135.6 94.5809
10136 94.5805
10136.4 94.5802
10136.7 94.58
10137.1 94.5801
10137.5 94.58
10137.8 94.5799
10138.2 94.5798
10138.5 94.5797
10138.9 94.5797
10139.3 94.5797
10139.6 94.5802
10140 94.5802
10140.4 94.5802
10140.7 94.5802
10141.1 94.5802
10141.5 94.5802
10141.8 94.5802
10142.2 94.5802
10142.6 94.5801
10142.9 94.58
10143.3 94.5799
10143.7 94.5796
10144 94.5793
10144.4 94.5789
10144.8 94.5785
10145.1 94.5781
10145.5 94.5778
10145.9 94.5775
10146.2 94.5773
10146.6 94.5772
10147 94.5771
10147.3 94.5771
10147.7 94.5771
10148.1 94.5773
10148.4 94.5774
10148.8 94.5776
10149.2 94.5778
10149.5 94.5784
10149.9 94.5786
10150.3 94.5788
10150.6 94.579
10151 94.5791
10151.4 94.5793
10151.7 94.5794
10152.1 94.5794
10152.5 94.5794
10152.8 94.5797
10153.2 94.5795
10153.6 94.5793
10153.9 94.579
10154.3 94.5787
10154.7 94.5783
10155 94.5778
10155.4 94.5772
10155.8 94.5765
10156.1 94.5758
10156.5 94.5751
10156.9 94.5744
10157.2 94.5736
10157.6 94.5728
10158 94.5719
10158.3 94.571
10158.7 94.5701
10159.1 94.5692
10159.4 94.5685
10159.8 94.5675
10160.2 94.5665
10160.5 94.5655
10160.9 94.5645
10161.3 94.5635
10161.6 94.5624
10162 94.5604
10162.4 94.5592
10162.7 94.5579
10163.1 94.5566
10163.5 94.5552
10163.8 94.5538
10164.2 94.5524
10164.5 94.5509
10164.9 94.5494
10165.3 94.5479
10165.6 94.5464
10166 94.5459
10166.4 94.5446
10166.7 94.5432
10167.1 94.5418
10167.5 94.5405
10167.8 94.5392
10168.2 94.5377
10168.6 94.5365
10168.9 94.5352
10169.3 94.5339
10169.7 94.5326
10170 94.5312
10170.4 94.5299
10170.8 94.5286
10171.1 94.5272
10171.5 94.5259
10171.9 94.5245
10172.2 94.5246
10172.6 94.5233
10173 94.522
10173.3 94.5207
10173.7 94.5195
10174.1 94.5183
10174.4 94.5171
10174.8 94.5158
10175.2 94.5147
10175.5 94.5135
10175.9 94.5125
10176.3 94.5115
10176.6 94.5105
10177 94.5096
10177.4 94.5088
10177.7 94.5081
10178.1 94.5074
10178.5 94.5068
10178.8 94.5067
10179.2 94.5062
10179.6 94.5057
10179.9 94.5052
10180.3 94.5047
10180.7 94.5043
10181 94.5038
10181.4 94.5033
10181.8 94.5028
10182.1 94.5023
10182.5 94.5017
10182.9 94.5011
10183.2 94.5005
10183.6 94.4998
10184 94.4992
10184.3 94.4985
10184.7 94.4978
10185.1 94.4971
10185.4 94.4971
10185.8 94.4965
10186.2 94.4959
10186.5 94.4953
10186.9 94.4948
10187.3 94.4943
10187.6 94.4937
10188 94.4932
10188.4 94.4926
10188.7 94.492
10189.1 94.4913
10189.5 94.4905
10189.8 94.4897
10190.2 94.4887
10190.6 94.4877
10190.9 94.4866
10191.3 94.4854
10191.6 94.4842
10192 94.4838
10192.4 94.4824
10192.7 94.4805
10193.1 94.4791
10193.5 94.4776
10193.8 94.476
10194.2 94.4745
10194.6 94.4728
10194.9 94.4712
10195.3 94.4694
10195.7 94.4677
10196 94.4658
10196.4 94.4639
10196.8 94.4619
10197.1 94.4599
10197.5 94.4578
10197.9 94.4556
10198.2 94.4534
10198.6 94.4524
10199 94.4491
10199.3 94.4469
10199.7 94.4448
10200.1 94.4427
10200.4 94.4406
10200.8 94.4385
10201.2 94.4365
10201.5 94.4346
10201.9 94.4326
10202.3 94.4307
10202.6 94.4288
10203 94.4269
10203.4 94.4251
10203.7 94.4233
10204.1 94.4216
10204.5 94.4199
10204.8 94.4191
10205.2 94.4176
10205.6 94.4161
10205.9 94.4146
10206.3 94.4132
10206.7 94.4118
10207 94.4104
10207.4 94.4091
10207.8 94.4078
10208.1 94.4065
10208.5 94.4053
10208.9 94.4041
10209.2 94.4029
10209.6 94.4017
10210 94.4006
10210.3 94.3995
10210.7 94.3984
10211.1 94.3975
10211.4 94.3976
10211.8 94.3967
10212.2 94.3959
10212.5 94.395
10212.9 94.3943
10213.3 94.3936
10213.6 94.3929
10214 94.3923
10214.4 94.3917
10214.7 94.3912
10215.1 94.3907
10215.5 94.3903
10215.8 94.3899
10216.2 94.3895
10216.6 94.3892
10216.9 94.3889
10217.3 94.3887
10217.7 94.3884
10218 94.3885
10218.4 94.3883
10218.7 94.3881
10219.1 94.388
10219.5 94.3879
10219.8 94.3878
10220.2 94.3877
10220.6 94.3877
10220.9 94.3877
10221.3 94.3876
10221.7 94.3876
10222 94.3876
10222.4 94.3875
10222.8 94.3874
10223.1 94.3873
10223.5 94.3873
10223.9 94.3873
10224.2 94.3871
10224.6 94.3873
10225 94.3872
10225.3 94.3871
10225.7 94.387
10226.1 94.3869
10226.4 94.3867
10226.8 94.3866
10227.2 94.3864
10227.5 94.3862
10227.9 94.3859
10228.3 94.3856
10228.6 94.3852
10229 94.3847
10229.4 94.3841
10229.7 94.3834
10230.1 94.3826
10230.5 94.3817
10230.8 94.3808
10231.2 94.3804
10231.6 94.3794
10231.9 94.3784
10232.3 94.3774
10232.7 94.3765
10233 94.3757
10233.4 94.3749
10233.8 94.3742
10234.1 94.3735
10234.5 94.373
10234.9 94.3724
10235.2 94.3719
10235.6 94.3714
10236 94.3711
10236.3 94.3707
10236.7 94.3703
10237.1 94.3699
10237.4 94.3695
10237.8 94.3698
10238.2 94.3694
10238.5 94.3691
10238.9 94.3687
10239.3 94.3683
10239.6 94.3679
10240 94.3675
10240.4 94.367
10240.7 94.3665
10241.1 94.3659
10241.5 94.3653
10241.8 94.3651
10242.2 94.3643
10242.6 94.3634
10242.9 94.3625
10243.3 94.3615
10243.7 94.3604
10244 94.3606
10244.4 94.3594
10244.8 94.3581
10245.1 94.3568
10245.5 94.3553
10245.8 94.3538
10246.2 94.3522
10246.6 94.3506
10246.9 94.3489
10247.3 94.3473
10247.7 94.3456
10248 94.3435
10248.4 94.3419
10248.8 94.3402
10249.1 94.3386
10249.5 94.3369
10249.9 94.3353
10250.2 94.3338
10250.6 94.3334
10251 94.3318
10251.3 94.3302
10251.7 94.3287
10252.1 94.3271
10252.4 94.3255
10252.8 94.3238
10253.2 94.3222
10253.5 94.3205
10253.9 94.3188
10254.3 94.3161
10254.6 94.3144
10255 94.3129
10255.4 94.3114
10255.7 94.3101
10256.1 94.3089
10256.5 94.3077
10256.8 94.3067
10257.2 94.3063
10257.6 94.3053
10257.9 94.3044
10258.3 94.3035
10258.7 94.3027
10259 94.3019
10259.4 94.301
10259.8 94.3003
10260.1 94.2995
10260.5 94.2985
10260.9 94.2977
10261.2 94.2971
10261.6 94.2964
10262 94.2957
10262.3 94.2951
10262.7 94.2945
10263.1 94.2938
10263.4 94.2931
10263.8 94.2929
10264.2 94.2922
10264.5 94.2915
10264.9 94.2907
10265.3 94.2899
10265.6 94.2891
10266 94.2882
10266.4 94.2874
10266.7 94.2865
10267.1 94.2857
10267.5 94.2848
10267.8 94.284
10268.2 94.2831
10268.6 94.2823
10268.9 94.2815
10269.3 94.2807
10269.7 94.2799
10270 94.279
10270.4 94.279
10270.8 94.2781
10271.1 94.2771
10271.5 94.2761
10271.8 94.2751
10272.2 94.274
10272.6 94.2726
10272.9 94.2715
10273.3 94.2703
10273.7 94.2691
10274 94.2678
10274.4 94.2666
10274.8 94.2653
10275.1 94.264
10275.5 94.2627
10275.9 94.2614
10276.2 94.26
10276.6 94.2591
10277 94.2577
10277.3 94.2562
10277.7 94.2548
10278.1 94.2533
10278.4 94.2518
10278.8 94.249
10279.2 94.2475
10279.5 94.246
10279.9 94.2446
10280.3 94.2432
10280.6 94.2418
10281 94.2404
10281.4 94.2391
10281.7 94.2378
10282.1 94.2365
10282.5 94.2352
10282.8 94.2338
10283.2 94.2329
10283.6 94.2316
10283.9 94.2303
10284.3 94.229
10284.7 94.2277
10285 94.2256
10285.4 94.2243
10285.8 94.2229
10286.1 94.2214
10286.5 94.22
10286.9 94.2184
10287.2 94.2168
10287.6 94.2152
10288 94.2135
10288.3 94.2119
10288.7 94.2102
10289.1 94.2084
10289.4 94.2067
10289.8 94.2054
10290.2 94.2035
10290.5 94.2015
10290.9 94.1994
10291.3 94.195
10291.6 94.1921
10292 94.1887
10292.4 94.1857
10292.7 94.1832
10293.1 94.1809
10293.5 94.1788
10293.8 94.1769
10294.2 94.175
10294.6 94.1732
10294.9 94.1715
10295.3 94.1697
10295.7 94.168
10296 94.1662
10296.4 94.1648
10296.8 94.163
10297.1 94.1612
10297.5 94.1577
10297.9 94.1557
10298.2 94.1535
10298.6 94.1511
10298.9 94.1486
10299.3 94.1461
10299.7 94.1439
10300 94.1418
10300.4 94.14
10300.8 94.1384
10301.1 94.1369
10301.5 94.1355
10301.9 94.1342
10302.2 94.133
10302.6 94.1318
10303 94.1313
10303.3 94.1303
10303.7 94.129
10304.1 94.128
10304.4 94.1271
10304.8 94.1262
10305.2 94.1254
10305.5 94.1246
10305.9 94.1238
10306.3 94.1231
10306.6 94.1224
10307 94.1217
10307.4 94.1211
10307.7 94.1204
10308.1 94.1197
10308.5 94.119
10308.8 94.1183
10309.2 94.1175
10309.6 94.1166
10309.9 94.1156
10310.3 94.1145
10310.7 94.1133
10311 94.112
10311.4 94.1108
10311.8 94.1095
10312.1 94.1082
10312.5 94.1069
10312.9 94.1057
10313.2 94.1045
10313.6 94.1035
10314 94.1026
10314.3 94.1018
10314.7 94.1013
10315.1 94.101
10315.4 94.1008
10315.8 94.1006
10316.2 94.1007
10316.5 94.1011
10316.9 94.1015
10317.3 94.1021
10317.6 94.1028
10318 94.1035
10318.4 94.1042
10318.7 94.105
10319.1 94.1058
10319.5 94.1065
10319.8 94.1073
10320.2 94.1081
10320.6 94.1088
10320.9 94.1096
10321.3 94.1103
10321.7 94.111
10322 94.1124
10322.4 94.1131
10322.8 94.1138
10323.1 94.1146
10323.5 94.1154
10323.9 94.1162
10324.2 94.117
10324.6 94.1178
10325 94.1186
10325.3 94.1195
10325.7 94.1204
10326 94.1213
10326.4 94.1222
10326.8 94.123
10327.1 94.1238
10327.5 94.1245
10327.9 94.1251
10328.2 94.1258
10328.6 94.1263
10329 94.1264
10329.3 94.1268
10329.7 94.1271
10330.1 94.1274
10330.4 94.1276
10330.8 94.1278
10331.2 94.1279
10331.5 94.1279
10331.9 94.1278
10332.3 94.1277
10332.6 94.1276
10333 94.1274
10333.4 94.1272
10333.7 94.127
10334.1 94.1269
10334.5 94.1269
10334.8 94.1269
10335.2 94.1269
10335.6 94.1271
10335.9 94.1272
10336.3 94.1273
10336.7 94.1274
10337 94.1275
10337.4 94.1276
10337.8 94.1278
10338.1 94.1279
10338.5 94.1279
10338.9 94.128
10339.2 94.128
10339.6 94.1279
10340 94.1278
10340.3 94.1275
10340.7 94.1272
10341.1 94.1269
10341.4 94.1265
10341.8 94.1262
10342.2 94.1259
10342.5 94.1254
10342.9 94.125
10343.3 94.1246
10343.6 94.1242
10344 94.1239
10344.4 94.1236
10344.7 94.1233
10345.1 94.123
10345.5 94.1228
10345.8 94.1226
10346.2 94.1224
10346.6 94.1221
10346.9 94.1219
10347.3 94.1218
10347.7 94.1216
10348 94.1214
10348.4 94.1212
10348.8 94.121
10349.1 94.1208
10349.5 94.1206
10349.9 94.1204
10350.2 94.1202
10350.6 94.1199
10351 94.1197
10351.3 94.1195
10351.7 94.1194
10352 94.1194
10352.4 94.1195
10352.8 94.1199
10353.1 94.1203
10353.5 94.1208
10353.9 94.1215
10354.2 94.1223
10354.6 94.1231
10355 94.1238
10355.3 94.1248
10355.7 94.1258
10356.1 94.1269
10356.4 94.128
10356.8 94.1292
10357.2 94.1304
10357.5 94.1316
10357.9 94.1329
10358.3 94.1342
10358.6 94.1354
10359 94.1373
10359.4 94.1385
10359.7 94.1397
10360.1 94.1408
10360.5 94.1419
10360.8 94.1429
10361.2 94.1439
10361.6 94.1443
10361.9 94.1452
10362.3 94.1459
10362.7 94.1467
10363 94.1473
10363.4 94.1479
10363.8 94.1486
10364.1 94.1491
10364.5 94.1497
10364.9 94.1503
10365.2 94.1513
10365.6 94.1519
10366 94.1526
10366.3 94.1532
10366.7 94.1539
10367.1 94.1545
10367.4 94.1552
10367.8 94.1559
10368.2 94.1564
10368.5 94.1571
10368.9 94.1578
10369.3 94.1586
10369.6 94.1594
10370 94.1603
10370.4 94.1612
10370.7 94.1622
10371.1 94.1633
10371.5 94.165
10371.8 94.1663
10372.2 94.1677
10372.6 94.1693
10372.9 94.1711
10373.3 94.1732
10373.7 94.1755
10374 94.1775
10374.4 94.179
10374.8 94.1791
10375.1 94.1803
10375.5 94.1811
10375.9 94.1818
10376.2 94.1824
10376.6 94.1828
10377 94.1832
10377.3 94.1835
10377.7 94.1839
10378.1 94.1843
10378.4 94.1847
10378.8 94.1851
10379.1 94.1856
10379.5 94.1861
10379.9 94.1866
10380.2 94.1871
10380.6 94.1877
10381 94.1883
10381.3 94.1883
10381.7 94.1889
10382.1 94.1894
10382.4 94.1899
10382.8 94.1904
10383.2 94.191
10383.5 94.1917
10383.9 94.1922
10384.3 94.1928
10384.6 94.1933
10385 94.1939
10385.4 94.1944
10385.7 94.195
10386.1 94.1956
10386.5 94.1962
10386.8 94.1969
10387.2 94.1975
10387.6 94.1982
10387.9 94.1989
10388.3 94.1996
10388.7 94.2003
10389 94.2011
10389.4 94.2018
10389.8 94.2033
10390.1 94.204
10390.5 94.2047
10390.9 94.2055
10391.2 94.2062
10391.6 94.207
10392 94.2077
10392.3 94.2085
10392.7 94.2093
10393.1 94.21
10393.4 94.2108
10393.8 94.2115
10394.2 94.2124
10394.5 94.2132
10394.9 94.2139
10395.3 94.2146
10395.6 94.2153
10396 94.2167
10396.4 94.2174
10396.7 94.218
10397.1 94.2186
10397.5 94.2193
10397.8 94.2199
10398.2 94.2205
10398.6 94.2211
10398.9 94.2217
10399.3 94.2223
10399.7 94.223
10400 94.2237
10400.4 94.2245
10400.8 94.2251
10401.1 94.2259
10401.5 94.2267
10401.9 94.2275
10402.2 94.2291
10402.6 94.2299
10403 94.2308
10403.3 94.2316
10403.7 94.2324
10404.1 94.2333
10404.4 94.234
10404.8 94.2348
10405.2 94.2355
10405.5 94.2361
10405.9 94.2366
10406.2 94.2371
10406.6 94.2374
10407 94.2377
10407.3 94.2378
10407.7 94.2379
10408.1 94.2379
10408.4 94.2378
10408.8 94.2375
10409.2 94.2372
10409.5 94.2368
10409.9 94.2364
10410.3 94.2359
10410.6 94.2355
10411 94.235
10411.4 94.2345
10411.7 94.2341
10412.1 94.2337
10412.5 94.2334
10412.8 94.2331
10413.2 94.2329
10413.6 94.2327
10413.9 94.2328
10414.3 94.2329
10414.7 94.233
10415 94.2332
10415.4 94.2335
10415.8 94.2339
10416.1 94.2346
10416.5 94.2353
10416.9 94.2363
10417.2 94.2376
10417.6 94.239
10418 94.2407
10418.3 94.2427
10418.7 94.245
10419.1 94.2476
10419.4 94.2504
10419.8 94.2536
10420.2 94.254
10420.5 94.2578
10420.9 94.2614
10421.3 94.2651
10421.6 94.2688
10422 94.2723
10422.4 94.2756
10422.7 94.2785
10423.1 94.2811
10423.5 94.2834
10423.8 94.2854
10424.2 94.2873
10424.6 94.2889
10424.9 94.2904
10425.3 94.2916
10425.7 94.2928
10426 94.2939
10426.4 94.2949
10426.8 94.2953
10427.1 94.2962
10427.5 94.2969
10427.9 94.2976
10428.2 94.2981
10428.6 94.2987
10429 94.2991
10429.3 94.2996
10429.7 94.3
10430.1 94.3004
10430.4 94.3007
10430.8 94.3011
10431.2 94.3015
10431.5 94.3019
10431.9 94.3024
10432.3 94.3028
10432.6 94.3032
10433 94.3037
10433.3 94.3038
10433.7 94.3042
10434.1 94.3047
10434.4 94.3051
10434.8 94.3056
10435.2 94.3061
10435.5 94.3065
10435.9 94.307
10436.3 94.3076
10436.6 94.3082
10437 94.3089
10437.4 94.3096
10437.7 94.3104
10438.1 94.3113
10438.5 94.3123
10438.8 94.3134
10439.2 94.3152
10439.6 94.3166
10439.9 94.3173
10440.3 94.3188
10440.7 94.3204
10441 94.3222
10441.4 94.324
10441.8 94.3258
10442.1 94.3278
10442.5 94.3298
10442.9 94.3318
10443.2 94.334
10443.6 94.3361
10444 94.3384
10444.3 94.3407
10444.7 94.3431
10445.1 94.3467
10445.4 94.3493
10445.8 94.3521
10446.2 94.3549
10446.5 94.3558
10446.9 94.3586
10447.3 94.3612
10447.6 94.3636
10448 94.3658
10448.4 94.3679
10448.7 94.3698
10449.1 94.3715
10449.5 94.3731
10449.8 94.3746
10450.2 94.376
10450.6 94.3773
10450.9 94.3785
10451.3 94.3802
10451.7 94.3814
10452 94.3826
10452.4 94.3837
10452.8 94.3848
10453.1 94.3853
10453.5 94.3864
10453.9 94.3876
10454.2 94.3888
10454.6 94.39
10455 94.3912
10455.3 94.3924
10455.7 94.3936
10456.1 94.3949
10456.4 94.3962
10456.8 94.3975
10457.2 94.3988
10457.5 94.4005
10457.9 94.4019
10458.3 94.4032
10458.6 94.4046
10459 94.4059
10459.3 94.4065
10459.7 94.4079
10460.1 94.4093
10460.4 94.4107
10460.8 94.4121
10461.2 94.4136
10461.5 94.4151
10461.9 94.4166
10462.3 94.4181
10462.6 94.4196
10463 94.4211
10463.4 94.4227
10463.7 94.4249
10464.1 94.4265
10464.5 94.4281
10464.8 94.4297
10465.2 94.4314
10465.6 94.433
10465.9 94.4338
10466.3 94.4354
10466.7 94.437
10467 94.4385
10467.4 94.44
10467.8 94.4414
10468.1 94.4428
10468.5 94.4441
10468.9 94.4454
10469.2 94.4465
10469.6 94.4477
10470 94.4492
10470.3 94.4503
10470.7 94.4513
10471.1 94.4524
10471.4 94.4534
10471.8 94.4545
10472.2 94.4557
10472.5 94.456
10472.9 94.4571
10473.3 94.4583
10473.6 94.4594
10474 94.4606
10474.4 94.4618
10474.7 94.4631
10475.1 94.4643
10475.5 94.4657
10475.8 94.467
10476.2 94.4684
10476.6 94.4698
10476.9 94.4711
10477.3 94.4724
10477.7 94.4735
10478 94.4746
10478.4 94.4756
10478.8 94.4765
10479.1 94.4764
10479.5 94.4772
10479.9 94.478
10480.2 94.4787
10480.6 94.4795
10481 94.4803
10481.3 94.4811
10481.7 94.482
10482.1 94.4832
10482.4 94.4843
10482.8 94.4855
10483.2 94.4867
10483.5 94.4879
10483.9 94.4891
10484.3 94.4904
10484.6 94.4915
10485 94.4927
10485.4 94.4937
10485.7 94.494
10486.1 94.4949
10486.4 94.4956
10486.8 94.4963
10487.2 94.4968
10487.5 94.4972
10487.9 94.4974
10488.3 94.4972
10488.6 94.4971
10489 94.4969
10489.4 94.4967
10489.7 94.4964
10490.1 94.496
10490.5 94.4957
10490.8 94.4955
10491.2 94.4953
10491.6 94.4952
10491.9 94.4948
10492.3 94.4948
10492.7 94.4949
10493 94.4949
10493.4 94.495
10493.8 94.4951
10494.1 94.4952
10494.5 94.4953
10494.9 94.4955
10495.2 94.4958
10495.6 94.4962
10496 94.4967
10496.3 94.4973
10496.7 94.4979
10497.1 94.4986
10497.4 94.4995
10497.8 94.5003
10498.2 94.5012
10498.5 94.5015
10498.9 94.5024
10499.3 94.5033
10499.6 94.5042
10500 94.505
10500.4 94.5058
10500.7 94.507
10501.1 94.5079
10501.5 94.5087
10501.8 94.5095
10502.2 94.5103
10502.6 94.5112
10502.9 94.5122
10503.3 94.5132
10503.7 94.5143
10504 94.5154
10504.4 94.5167
10504.8 94.518
10505.1 94.5187
10505.5 94.5201
10505.9 94.5215
10506.2 94.523
10506.6 94.5245
10507 94.5267
10507.3 94.5283
10507.7 94.5299
10508.1 94.5315
10508.4 94.5332
10508.8 94.535
10509.2 94.5367
10509.5 94.5386
10509.9 94.5404
10510.3 94.5423
10510.6 94.5442
10511 94.5459
10511.4 94.5475
10511.7 94.5479
10512.1 94.5493
10512.5 94.5506
10512.8 94.552
10513.2 94.5529
10513.5 94.5538
10513.9 94.5545
10514.3 94.555
10514.6 94.5555
10515 94.556
10515.4 94.5564
10515.7 94.5567
10516.1 94.557
10516.5 94.5572
10516.8 94.5575
10517.2 94.5577
10517.6 94.558
10517.9 94.5582
10518.3 94.5584
10518.7 94.5587
10519 94.5591
10519.4 94.5594
10519.8 94.5598
10520.1 94.5602
10520.5 94.5608
10520.9 94.5613
10521.2 94.562
10521.6 94.5626
10522 94.5634
10522.3 94.5641
10522.7 94.5649
10523.1 94.5657
10523.4 94.5665
10523.8 94.5673
10524.2 94.568
10524.5 94.5687
10524.9 94.5689
10525.3 94.5696
10525.6 94.5703
10526 94.5709
10526.4 94.5714
10526.7 94.5719
10527.1 94.5725
10527.5 94.5729
10527.8 94.5734
10528.2 94.5738
10528.6 94.5743
10528.9 94.5747
10529.3 94.5752
10529.7 94.5756
10530 94.576
10530.4 94.5764
10530.8 94.5768
10531.1 94.5767
10531.5 94.5769
10531.9 94.5772
10532.2 94.5775
10532.6 94.5778
10533 94.578
10533.3 94.5782
10533.7 94.5784
10534.1 94.5785
10534.4 94.5786
10534.8 94.5786
10535.2 94.5786
10535.5 94.5787
10535.9 94.5787
10536.3 94.5787
10536.6 94.5788
10537 94.5788
10537.4 94.5789
10537.7 94.5796
10538.1 94.5798
10538.5 94.5799
10538.8 94.5802
10539.2 94.5805
10539.5 94.5808
10539.9 94.5811
10540.3 94.5815
10540.6 94.5819
10541 94.5824
10541.4 94.5829
10541.7 94.5835
10542.1 94.584
10542.5 94.5846
10542.8 94.5852
10543.2 94.5858
10543.6 94.5869
10543.9 94.5875
10544.3 94.5879
10544.7 94.5884
10545 94.5889
10545.4 94.5893
10545.8 94.5897
10546.1 94.59
10546.5 94.5903
10546.9 94.5906
10547.2 94.5908
10547.6 94.5911
10548 94.5914
10548.3 94.5917
10548.7 94.5921
10549.1 94.5925
10549.4 94.5929
10549.8 94.593
10550.2 94.5934
10550.5 94.5938
10550.9 94.5932
10551.3 94.5935
10551.6 94.5937
10552 94.5938
10552.4 94.5939
10552.7 94.5941
10553.1 94.5943
10553.5 94.5948
10553.8 94.5955
10554.2 94.5964
10554.6 94.5975
10554.9 94.5989
10555.3 94.6004
10555.7 94.602
10556 94.6036
10556.4 94.6054
10556.8 94.6072
10557.1 94.6089
10557.5 94.609
10557.9 94.6107
10558.2 94.6124
10558.6 94.6139
10559 94.6154
10559.3 94.6168
10559.7 94.618
10560.1 94.6191
10560.4 94.6202
10560.8 94.6211
10561.2 94.6219
10561.5 94.6225
10561.9 94.6231
10562.3 94.6233
10562.6 94.6236
10563 94.6239
10563.4 94.6241
10563.7 94.6237
10564.1 94.6238
10564.5 94.624
10564.8 94.6243
10565.2 94.6245
10565.6 94.6248
10565.9 94.6252
10566.3 94.6256
10566.6 94.6261
10567 94.6268
10567.4 94.6274
10567.7 94.6281
10568.1 94.6288
10568.5 94.6292
10568.8 94.6299
10569.2 94.6305
10569.6 94.6311
10569.9 94.6316
10570.3 94.6314
10570.7 94.6319
10571 94.6323
10571.4 94.6328
10571.8 94.6332
10572.1 94.6336
10572.5 94.6339
10572.9 94.6343
10573.2 94.6347
10573.6 94.635
10574 94.6354
10574.3 94.6357
10574.7 94.6362
10575.1 94.6366
10575.4 94.637
10575.8 94.6373
10576.2 94.6377
10576.5 94.6381
10576.9 94.6383
10577.3 94.6386
10577.6 94.639
10578 94.6394
10578.4 94.6398
10578.7 94.6402
10579.1 94.6406
10579.5 94.641
10579.8 94.6414
10580.2 94.6418
10580.6 94.6425
10580.9 94.643
10581.3 94.6435
10581.7 94.6439
10582 94.6444
10582.4 94.6448
10582.8 94.6452
10583.1 94.6455
10583.5 94.6457
10583.9 94.6459
10584.2 94.6461
10584.6 94.6461
10585 94.6461
10585.3 94.646
10585.7 94.646
10586.1 94.6458
10586.4 94.6457
10586.8 94.6458
10587.2 94.6457
10587.5 94.6456
10587.9 94.6456
10588.3 94.6456
10588.6 94.6456
10589 94.6457
10589.4 94.6458
10589.7 94.6459
10590.1 94.6462
10590.5 94.6463
10590.8 94.6465
10591.2 94.6467
10591.6 94.6469
10591.9 94.6471
10592.3 94.6473
10592.7 94.6475
10593 94.6479
10593.4 94.6481
10593.7 94.6483
10594.1 94.6486
10594.5 94.649
10594.8 94.6493
10595.2 94.6497
10595.6 94.6502
10595.9 94.6506
10596.3 94.6511
10596.7 94.6511
10597 94.6516
10597.4 94.652
10597.8 94.6525
10598.1 94.6529
10598.5 94.6534
10598.9 94.6538
10599.2 94.6542
10599.6 94.6545
10600 94.6549
10600.3 94.6553
10600.7 94.6557
10601.1 94.6562
10601.4 94.6565
10601.8 94.6569
10602.2 94.6573
10602.5 94.6576
10602.9 94.6579
10603.3 94.6582
10603.6 94.6586
10604 94.6589
10604.4 94.6592
10604.7 94.6594
10605.1 94.6597
10605.5 94.6604
10605.8 94.6606
10606.2 94.6608
10606.6 94.6609
10606.9 94.661
10607.3 94.661
10607.7 94.6611
10608 94.6612
10608.4 94.6612
10608.8 94.6613
10609.1 94.6614
10609.5 94.662
10609.9 94.6621
10610.2 94.6622
10610.6 94.6624
10611 94.6626
10611.3 94.6635
10611.7 94.6637
10612.1 94.664
10612.4 94.6644
10612.8 94.6648
10613.2 94.6653
10613.5 94.6658
10613.9 94.6663
10614.3 94.6668
10614.6 94.6674
10615 94.668
10615.4 94.6686
10615.7 94.6693
10616.1 94.67
10616.5 94.6707
10616.8 94.6713
10617.2 94.6719
10617.6 94.6731
10617.9 94.6737
10618.3 94.6741
10618.7 94.6746
10619 94.675
10619.4 94.6753
10619.8 94.6757
10620.1 94.6759
10620.5 94.6761
10620.8 94.6763
10621.2 94.6765
10621.6 94.6767
10621.9 94.6768
10622.3 94.6769
10622.7 94.6775
10623 94.6776
10623.4 94.6777
10623.8 94.6783
10624.1 94.6785
10624.5 94.6786
10624.9 94.6788
10625.2 94.679
10625.6 94.6793
10626 94.6795
10626.3 94.6799
10626.7 94.6803
10627.1 94.6808
10627.4 94.6814
10627.8 94.682
10628.2 94.6826
10628.5 94.6834
10628.9 94.6841
10629.3 94.6843
10629.6 94.6849
10630 94.6854
10630.4 94.6857
10630.7 94.686
10631.1 94.6862
10631.5 94.6862
10631.8 94.6863
10632.2 94.6862
10632.6 94.6862
10632.9 94.6863
10633.3 94.6864
10633.7 94.6865
10634 94.6867
10634.4 94.6869
10634.8 94.6872
10635.1 94.6875
10635.5 94.6877
10635.9 94.688
10636.2 94.6887
10636.6 94.689
10637 94.6894
10637.3 94.6896
10637.7 94.6899
10638.1 94.6901
10638.4 94.6902
10638.8 94.6903
10639.2 94.6904
10639.5 94.6905
10639.9 94.6904
10640.3 94.6904
10640.6 94.6903
10641 94.6902
10641.4 94.69
10641.7 94.6898
10642.1 94.6903
10642.5 94.6901
10642.8 94.6899
10643.2 94.6897
10643.6 94.6894
10643.9 94.6892
10644.3 94.6889
10644.7 94.6885
10645 94.6882
10645.4 94.6878
10645.8 94.6873
10646.1 94.6868
10646.5 94.6862
10646.8 94.6856
10647.2 94.6849
10647.6 94.6842
10647.9 94.6834
10648.3 94.6824
10648.7 94.6823
10649 94.6815
10649.4 94.6806
10649.8 94.6798
10650.1 94.679
10650.5 94.6781
10650.9 94.6773
10651.2 94.6766
10651.6 94.6759
10652 94.6752
10652.3 94.6747
10652.7 94.6742
10653.1 94.6738
10653.4 94.6734
10653.8 94.6732
10654.2 94.6731
10654.5 94.6735
10654.9 94.6736
10655.3 94.6741
10655.6 94.6742
10656 94.6744
10656.4 94.6747
10656.7 94.675
10657.1 94.6754
10657.5 94.6758
10657.8 94.6761
10658.2 94.6765
10658.6 94.6769
10658.9 94.6772
10659.3 94.6775
10659.7 94.6777
10660 94.6779
10660.4 94.6779
10660.8 94.6781
10661.1 94.6778
10661.5 94.6775
10661.9 94.6776
10662.2 94.6772
10662.6 94.6766
10663 94.676
10663.3 94.6752
10663.7 94.6744
10664.1 94.6735
10664.4 94.6724
10664.8 94.6714
10665.2 94.6702
10665.5 94.6689
10665.9 94.6676
10666.3 94.6661
10666.6 94.6646
10667 94.6619
10667.4 94.6601
10667.7 94.6582
10668.1 94.6562
10668.5 94.6546
10668.8 94.6525
10669.2 94.6504
10669.6 94.6483
10669.9 94.6465
10670.3 94.6449
10670.7 94.6435
10671 94.6422
10671.4 94.641
10671.8 94.64
10672.1 94.639
10672.5 94.6382
10672.9 94.6373
10673.2 94.636
10673.6 94.6353
10673.9 94.6347
10674.3 94.634
10674.7 94.6337
10675 94.633
10675.4 94.6324
10675.8 94.6316
10676.1 94.6309
10676.5 94.63
10676.9 94.6292
10677.2 94.6282
10677.6 94.6272
10678 94.6262
10678.3 94.6251
10678.7 94.6239
10679.1 94.6224
10679.4 94.6211
10679.8 94.6198
10680.2 94.6185
10680.5 94.6171
10680.9 94.6157
10681.3 94.615
10681.6 94.6136
10682 94.6122
10682.4 94.6109
10682.7 94.6095
10683.1 94.6082
10683.5 94.607
10683.8 94.6058
10684.2 94.6046
10684.6 94.6035
10684.9 94.6025
10685.3 94.6005
10685.7 94.5995
10686 94.5985
10686.4 94.5976
10686.8 94.5966
10687.1 94.5955
10687.5 94.5945
10687.9 94.5936
10688.2 94.5925
10688.6 94.5914
10689 94.5902
10689.3 94.589
10689.7 94.5878
10690.1 94.5866
10690.4 94.5853
10690.8 94.5839
10691.2 94.5826
10691.5 94.5801
10691.9 94.5786
10692.3 94.5771
10692.6 94.5756
10693 94.5739
10693.4 94.5723
10693.7 94.5705
10694.1 94.5686
10694.5 94.5672
10694.8 94.5653
10695.2 94.5633
10695.6 94.5612
10695.9 94.5592
10696.3 94.5572
10696.7 94.5552
10697 94.5532
10697.4 94.5512
10697.8 94.5477
10698.1 94.5457
10698.5 94.5437
10698.9 94.5416
10699.2 94.5395
10699.6 94.5372
10700 94.5349
10700.3 94.5325
10700.7 94.53
10701 94.5279
10701.4 94.5254
10701.8 94.5229
10702.1 94.5205
10702.5 94.5182
10702.9 94.516
10703.2 94.514
10703.6 94.5121
10704 94.5091
10704.3 94.5077
10704.7 94.5065
10705.1 94.5054
10705.4 94.5044
10705.8 94.5035
10706.2 94.5028
10706.5 94.5021
10706.9 94.5016
10707.3 94.501
10707.6 94.5006
10708 94.5003
10708.4 94.5
10708.7 94.4998
10709.1 94.4996
10709.5 94.4994
10709.8 94.4989
10710.2 94.4986
10710.6 94.4983
10710.9 94.498
10711.3 94.4976
10711.7 94.4971
10712 94.4965
10712.4 94.4959
10712.8 94.4952
10713.1 94.4945
10713.5 94.4938
10713.9 94.4932
10714.2 94.4923
10714.6 94.4916
10715 94.4908
10715.3 94.49
10715.7 94.4892
10716.1 94.4878
10716.4 94.4871
10716.8 94.4863
10717.2 94.4855
10717.5 94.4847
10717.9 94.4839
10718.3 94.4831
10718.6 94.4822
10719 94.4813
10719.4 94.4803
10719.7 94.4793
10720.1 94.4783
10720.5 94.4776
10720.8 94.4765
10721.2 94.4753
10721.6 94.4741
10721.9 94.4729
10722.3 94.471
10722.7 94.4698
10723 94.4687
10723.4 94.4677
10723.8 94.4667
10724.1 94.4659
10724.5 94.4651
10724.9 94.4644
10725.2 94.4638
10725.6 94.4633
10726 94.4629
10726.3 94.4626
10726.7 94.4623
10727 94.462
10727.4 94.4618
10727.8 94.4617
10728.1 94.4615
10728.5 94.4611
10728.9 94.4608
10729.2 94.4605
10729.6 94.4602
10730 94.4597
10730.3 94.4592
10730.7 94.4587
10731.1 94.4581
10731.4 94.4574
10731.8 94.4567
10732.2 94.456
10732.5 94.4553
10732.9 94.4545
10733.3 94.4537
10733.6 94.4534
10734 94.4526
10734.4 94.4518
10734.7 94.4507
10735.1 94.4499
10735.5 94.4491
10735.8 94.4482
10736.2 94.4474
10736.6 94.4466
10736.9 94.4458
10737.3 94.4449
10737.7 94.4441
10738 94.4433
10738.4 94.4425
10738.8 94.4418
10739.1 94.441
10739.5 94.4403
10739.9 94.4404
10740.2 94.4397
10740.6 94.4389
10741 94.4383
10741.3 94.4375
10741.7 94.4368
10742.1 94.436
10742.4 94.4352
10742.8 94.4344
10743.2 94.4335
10743.5 94.4327
10743.9 94.4319
10744.3 94.4311
10744.6 94.4303
10745 94.4295
10745.4 94.4288
10745.7 94.428
10746.1 94.4274
10746.5 94.4274
10746.8 94.4269
10747.2 94.4264
10747.6 94.4259
10747.9 94.4254
10748.3 94.425
10748.7 94.4246
10749 94.4242
10749.4 94.4238
10749.8 94.4235
10750.1 94.4232
10750.5 94.4229
10750.9 94.4226
10751.2 94.4223
10751.6 94.4219
10752 94.4216
10752.3 94.4212
10752.7 94.4208
10753.1 94.4213
10753.4 94.4208
10753.8 94.4202
10754.1 94.4197
10754.5 94.419
10754.9 94.4184
10755.2 94.4177
10755.6 94.417
10756 94.4163
10756.3 94.4156
10756.7 94.4149
10757.1 94.4142
10757.4 94.4135
10757.8 94.4128
10758.2 94.4122
10758.5 94.4115
10758.9 94.4109
10759.3 94.4104
10759.6 94.4106
10760 94.4099
10760.4 94.4093
10760.7 94.4087
10761.1 94.4082
10761.5 94.4076
10761.8 94.4071
10762.2 94.4065
10762.6 94.406
10762.9 94.4055
10763.3 94.405
10763.7 94.4045
10764 94.404
10764.4 94.4036
10764.8 94.4032
10765.1 94.4029
10765.5 94.4027
10765.9 94.4026
10766.2 94.4027
10766.6 94.4027
10767 94.4028
10767.3 94.4029
10767.7 94.4031
10768.1 94.4034
10768.4 94.4038
10768.8 94.4042
10769.2 94.4046
10769.5 94.4051
10769.9 94.4055
10770.3 94.406
10770.6 94.4065
10771 94.4069
10771.4 94.4073
10771.7 94.4081
10772.1 94.4084
10772.5 94.4086
10772.8 94.4091
10773.2 94.4092
10773.6 94.4092
10773.9 94.4092
10774.3 94.4091
10774.7 94.409
10775 94.4088
10775.4 94.4086
10775.8 94.4084
10776.1 94.4082
10776.5 94.4079
10776.9 94.4076
10777.2 94.4072
10777.6 94.407
10778 94.4064
10778.3 94.4059
10778.7 94.4052
10779.1 94.4051
10779.4 94.4043
10779.8 94.4035
10780.2 94.4026
10780.5 94.4017
10780.9 94.4007
10781.2 94.3997
10781.6 94.3987
10782 94.3977
10782.3 94.3968
10782.7 94.3958
10783.1 94.3949
10783.4 94.3941
10783.8 94.3931
10784.2 94.3924
10784.5 94.3918
10784.9 94.3913
10785.3 94.3908
10785.6 94.391
10786 94.3906
10786.4 94.3904
10786.7 94.3902
10787.1 94.3901
10787.5 94.39
10787.8 94.3901
10788.2 94.3901
10788.6 94.3903
10788.9 94.3904
10789.3 94.3906
10789.7 94.3908
10790 94.3916
10790.4 94.3919
10790.8 94.3921
10791.1 94.3924
10791.5 94.3926
10791.9 94.3928
10792.2 94.3934
10792.6 94.3935
10793 94.3936
10793.3 94.3937
10793.7 94.3937
10794.1 94.3937
10794.4 94.3936
10794.8 94.3934
10795.2 94.3933
10795.5 94.3931
10795.9 94.3928
10796.3 94.3927
10796.6 94.3923
10797 94.3919
10797.4 94.3915
10797.7 94.391
10798.1 94.3906
10798.5 94.3902
10798.8 94.3902
10799.2 94.3897
10799.6 94.3893
10799.9 94.3889
10800.3 94.3886
10800.7 94.3883
10801 94.3879
10801.4 94.3877
10801.8 94.3874
10802.1 94.3871
10802.5 94.3868
10802.9 94.3865
10803.2 94.3861
10803.6 94.3857
10804 94.3853
10804.3 94.3849
10804.7 94.3845
10805.1 94.3841
10805.4 94.3838
10805.8 94.3834
10806.2 94.3831
10806.5 94.3827
10806.9 94.3824
10807.3 94.3822
10807.6 94.3819
10808 94.3818
10808.3 94.3816
10808.7 94.3813
10809.1 94.3812
10809.4 94.381
10809.8 94.3808
10810.2 94.3807
10810.5 94.3805
10810.9 94.3803
10811.3 94.3802
10811.6 94.3799
10812 94.3797
10812.4 94.3795
10812.7 94.3793
10813.1 94.379
10813.5 94.3787
10813.8 94.3783
10814.2 94.3779
10814.6 94.3769
10814.9 94.3764
10815.3 94.3758
10815.7 94.3751
10816 94.3744
10816.4 94.3735
10816.8 94.3726
10817.1 94.3715
10817.5 94.3704
10817.9 94.3692
10818.2 94.3676
10818.6 94.3661
10819 94.3645
10819.3 94.3629
10819.7 94.3613
10820.1 94.3597
10820.4 94.3582
10820.8 94.3553
10821.2 94.354
10821.5 94.3527
10821.9 94.3514
10822.3 94.3502
10822.6 94.3491
10823 94.3479
10823.4 94.3469
10823.7 94.3458
10824.1 94.3448
10824.5 94.3438
10824.8 94.3434
10825.2 94.3425
10825.6 94.3416
10825.9 94.3407
10826.3 94.3399
10826.7 94.339
10827 94.3379
10827.4 94.337
10827.8 94.3361
10828.1 94.3352
10828.5 94.3343
10828.9 94.3334
10829.2 94.3325
10829.6 94.3315
10830 94.3306
10830.3 94.3296
10830.7 94.3286
10831.1 94.3275
10831.4 94.3272
10831.8 94.3261
10832.2 94.325
10832.5 94.324
10832.9 94.3229
10833.3 94.3215
10833.6 94.3205
10834 94.3196
10834.3 94.3187
10834.7 94.3178
10835.1 94.3171
10835.4 94.3165
10835.8 94.3159
10836.2 94.3155
10836.5 94.3152
10836.9 94.3151
10837.3 94.3151
10837.6 94.3152
10838 94.3154
10838.4 94.3157
10838.7 94.316
10839.1 94.3163
10839.5 94.317
10839.8 94.3174
10840.2 94.3178
10840.6 94.3182
10840.9 94.3185
10841.3 94.3188
10841.7 94.3191
10842 94.3194
10842.4 94.3195
10842.8 94.3197
10843.1 94.3198
10843.5 94.3199
10843.9 94.3199
10844.2 94.3198
10844.6 94.3198
10845 94.3197
10845.3 94.3194
10845.7 94.3192
10846.1 94.3189
10846.4 94.3186
10846.8 94.3183
10847.2 94.3181
10847.5 94.3178
10847.9 94.3176
10848.3 94.3174
10848.6 94.3173
10849 94.3172
10849.4 94.3171
10849.7 94.3171
10850.1 94.3172
10850.5 94.3172
10850.8 94.3174
10851.2 94.3175
10851.6 94.3178
10851.9 94.3179
10852.3 94.318
10852.7 94.3181
10853 94.3181
10853.4 94.3182
10853.8 94.3181
10854.1 94.318
10854.5 94.3179
10854.9 94.3177
10855.2 94.3174
10855.6 94.3171
10856 94.3168
10856.3 94.3164
10856.7 94.3161
10857.1 94.3157
10857.4 94.3153
10857.8 94.3145
10858.2 94.3141
10858.5 94.3137
10858.9 94.3132
10859.3 94.3128
10859.6 94.3123
10860 94.3118
10860.4 94.3113
10860.7 94.3108
10861.1 94.3104
10861.4 94.3099
10861.8 94.3095
10862.2 94.3092
10862.5 94.3089
10862.9 94.3087
10863.3 94.3085
10863.6 94.3084
10864 94.3078
10864.4 94.3079
10864.7 94.3082
10865.1 94.3085
10865.5 94.3089
10865.8 94.3094
10866.2 94.31
10866.6 94.3107
10866.9 94.3114
10867.3 94.3122
10867.7 94.313
10868 94.3137
10868.4 94.3145
10868.8 94.3153
10869.1 94.3161
10869.5 94.3168
10869.9 94.3175
10870.2 94.3186
10870.6 94.319
10871 94.3196
10871.3 94.3203
10871.7 94.3208
10872.1 94.3213
10872.4 94.3218
10872.8 94.3222
10873.2 94.3225
10873.5 94.3227
10873.9 94.3229
10874.3 94.3231
10874.6 94.3232
10875 94.3233
10875.4 94.3234
10875.7 94.3235
10876.1 94.3235
10876.5 94.3236
10876.8 94.3235
10877.2 94.3234
10877.6 94.3232
10877.9 94.3231
10878.3 94.3229
10878.7 94.3227
10879 94.3225
10879.4 94.3223
10879.8 94.3221
10880.1 94.3219
10880.5 94.3218
10880.9 94.3217
10881.2 94.3216
10881.6 94.3214
10882 94.3213
10882.3 94.321
10882.7 94.3208
10883.1 94.3206
10883.4 94.3203
10883.8 94.32
10884.2 94.3197
10884.5 94.3193
10884.9 94.3189
10885.3 94.3186
10885.6 94.3182
10886 94.3178
10886.4 94.3174
10886.7 94.3171
10887.1 94.3168
10887.5 94.3166
10887.8 94.3164
10888.2 94.3163
10888.5 94.3161
10888.9 94.3161
10889.3 94.3162
10889.6 94.3163
10890 94.3164
10890.4 94.3165
10890.7 94.3167
10891.1 94.3169
10891.5 94.3171
10891.8 94.3173
10892.2 94.3176
10892.6 94.3179
10892.9 94.3182
10893.3 94.3186
10893.7 94.319
10894 94.3195
10894.4 94.32
10894.8 94.3207
10895.1 94.3213
10895.5 94.3218
10895.9 94.3224
10896.2 94.3229
10896.6 94.3231
10897 94.3236
10897.3 94.3241
10897.7 94.3246
10898.1 94.325
10898.4 94.3254
10898.8 94.3258
10899.2 94.3262
10899.5 94.3266
10899.9 94.327
10900.3 94.3275
10900.6 94.328
10901 94.3289
10901.4 94.3295
10901.7 94.3302
10902.1 94.3309
10902.5 94.3317
10902.8 94.3325
10903.2 94.3327
10903.6 94.3336
10903.9 94.3344
10904.3 94.3353
10904.7 94.3363
10905 94.3373
10905.4 94.3383
10905.8 94.3394
10906.1 94.3406
10906.5 94.3418
10906.9 94.343
10907.2 94.3447
10907.6 94.3461
10908 94.3475
10908.3 94.3489
10908.7 94.3503
10909.1 94.3517
10909.4 94.3531
10909.8 94.3534
10910.2 94.3547
10910.5 94.3561
10910.9 94.3574
10911.3 94.3586
10911.6 94.3598
10912 94.361
10912.4 94.362
10912.7 94.363
10913.1 94.3644
10913.5 94.3653
10913.8 94.3661
10914.2 94.3669
10914.5 94.3676
10914.9 94.3683
10915.3 94.3689
10915.6 94.3695
10916 94.37
10916.4 94.3703
10916.7 94.3708
10917.1 94.3712
10917.5 94.3717
10917.8 94.3721
10918.2 94.3725
10918.6 94.3728
10918.9 94.3732
10919.3 94.3737
10919.7 94.374
10920 94.3743
10920.4 94.3745
10920.8 94.3748
10921.1 94.375
10921.5 94.3752
10921.9 94.3755
10922.2 94.3758
10922.6 94.3762
10923 94.3765
10923.3 94.3769
10923.7 94.3773
10924.1 94.3777
10924.4 94.3782
10924.8 94.3787
10925.2 94.3792
10925.5 94.3803
10925.9 94.381
10926.3 94.3816
10926.6 94.3822
10927 94.3828
10927.4 94.3835
10927.7 94.3841
10928.1 94.3846
10928.5 94.3851
10928.8 94.3856
10929.2 94.3858
10929.6 94.3862
10929.9 94.3866
10930.3 94.387
10930.7 94.3874
10931 94.3878
10931.4 94.3882
10931.8 94.3887
10932.1 94.3891
10932.5 94.3895
10932.9 94.3899
10933.2 94.3903
10933.6 94.3906
10934 94.391
10934.3 94.3914
10934.7 94.3917
10935.1 94.3921
10935.4 94.3925
10935.8 94.3927
10936.2 94.393
10936.5 94.3934
10936.9 94.3938
10937.3 94.3942
10937.6 94.3946
10938 94.3952
10938.4 94.3956
10938.7 94.396
10939.1 94.3963
10939.5 94.3966
10939.8 94.3968
10940.2 94.397
10940.6 94.3971
10940.9 94.3972
10941.3 94.3973
10941.6 94.3972
10942 94.3972
10942.4 94.3973
10942.7 94.3973
10943.1 94.3972
10943.5 94.3971
10943.8 94.397
10944.2 94.397
10944.6 94.3969
10944.9 94.3969
10945.3 94.3968
10945.7 94.3968
10946 94.3968
10946.4 94.3968
10946.8 94.3969
10947.1 94.3969
10947.5 94.397
10947.9 94.3971
10948.2 94.3972
10948.6 94.3974
10949 94.3974
10949.3 94.3975
10949.7 94.3977
10950.1 94.3977
10950.4 94.3979
10950.8 94.3981
10951.2 94.3983
10951.5 94.3984
10951.9 94.3986
10952.3 94.3987
10952.6 94.3989
10953 94.3991
10953.4 94.3993
10953.7 94.3994
10954.1 94.3996
10954.5 94.3997
10954.8 94.3997
10955.2 94.3997
10955.6 94.3997
10955.9 94.3997
10956.3 94.3998
10956.7 94.3998
10957 94.3997
10957.4 94.3997
10957.8 94.3997
10958.1 94.3997
10958.5 94.3998
10958.9 94.3999
10959.2 94.4001
10959.6 94.4003
10960 94.4006
10960.3 94.4009
10960.7 94.4013
10961.1 94.4018
10961.4 94.4024
10961.8 94.4028
10962.2 94.4035
10962.5 94.4048
10962.9 94.4057
10963.3 94.4069
10963.6 94.4081
10964 94.4095
10964.4 94.4109
10964.7 94.4124
10965.1 94.414
10965.5 94.4156
10965.8 94.4172
10966.2 94.4188
10966.6 94.4203
10966.9 94.4217
10967.3 94.4231
10967.7 94.4244
10968 94.4256
10968.4 94.4261
10968.7 94.4276
10969.1 94.4287
10969.5 94.4297
10969.8 94.4306
10970.2 94.4316
10970.6 94.4325
10970.9 94.4333
10971.3 94.4342
10971.7 94.4351
10972 94.436
10972.4 94.4369
10972.8 94.4378
10973.1 94.4386
10973.5 94.4395
10973.9 94.4403
10974.2 94.441
10974.6 94.4417
10975 94.4429
10975.3 94.4436
10975.7 94.4441
10976.1 94.4446
10976.4 94.445
10976.8 94.4453
10977.2 94.4455
10977.5 94.4456
10977.9 94.4457
10978.3 94.4457
10978.6 94.4457
10979 94.4455
10979.4 94.4454
10979.7 94.4451
10980.1 94.4449
10980.5 94.4446
10980.8 94.4444
10981.2 94.444
10981.6 94.4441
10981.9 94.4437
10982.3 94.4432
10982.7 94.4428
10983 94.4423
10983.4 94.442
10983.8 94.4416
10984.1 94.4413
10984.5 94.4411
10984.9 94.4409
10985.2 94.4408
10985.6 94.4407
10986 94.4408
10986.3 94.4409
10986.7 94.4411
10987.1 94.4411
10987.4 94.4413
10987.8 94.4415
10988.2 94.4413
10988.5 94.4415
10988.9 94.4418
10989.3 94.4421
10989.6 94.4424
10990 94.4428
10990.4 94.4433
10990.7 94.4439
10991.1 94.4445
10991.5 94.4453
10991.8 94.4462
10992.2 94.4472
10992.6 94.4483
10992.9 94.4495
10993.3 94.4508
10993.7 94.4522
10994 94.4536
10994.4 94.4538
10994.8 94.4553
10995.1 94.4569
10995.5 94.4586
10995.8 94.4604
10996.2 94.4623
10996.6 94.4643
10996.9 94.4663
10997.3 94.4685
10997.7 94.4707
10998 94.4731
10998.4 94.4756
10998.8 94.4781
10999.1 94.4806
10999.5 94.4834
10999.9 94.4856
11000.2 94.4876
11000.6 94.4895
11001 94.4899
11001.3 94.4916
11001.7 94.4931
11002.1 94.4945
11002.4 94.4957
11002.8 94.4967
11003.2 94.4977
11003.5 94.4986
11003.9 94.4994
11004.3 94.5002
11004.6 94.501
11005 94.5017
11005.4 94.5025
11005.7 94.5034
11006.1 94.5042
11006.5 94.5051
11006.8 94.506
11007.2 94.507
11007.6 94.5071
11007.9 94.5081
11008.3 94.5092
11008.7 94.5103
11009 94.5115
11009.4 94.5127
11009.8 94.514
11010.1 94.5154
11010.5 94.5167
11010.9 94.5181
11011.2 94.5193
11011.6 94.5205
11012 94.5217
11012.3 94.5228
11012.7 94.5238
11013.1 94.5248
11013.4 94.5258
11013.8 94.5267
11014.2 94.5266
11014.5 94.5275
11014.9 94.5283
11015.3 94.529
11015.6 94.5298
11016 94.5305
11016.4 94.5311
11016.7 94.5318
11017.1 94.5324
11017.5 94.533
11017.8 94.5336
11018.2 94.5341
11018.6 94.5346
11018.9 94.5352
11019.3 94.5357
11019.7 94.5362
11020 94.5368
11020.4 94.5374
11020.8 94.5373
11021.1 94.538
11021.5 94.5387
11021.8 94.5395
11022.2 94.5404
11022.6 94.5414
11022.9 94.5424
11023.3 94.5435
11023.7 94.5447
11024 94.5462
11024.4 94.5476
11024.8 94.549
11025.1 94.5504
11025.5 94.5518
11025.9 94.5531
11026.2 94.5545
11026.6 94.5558
11027 94.5562
11027.3 94.5575
11027.7 94.5588
11028.1 94.56
11028.4 94.5612
11028.8 94.5624
11029.2 94.5637
11029.5 94.5649
11029.9 94.5661
11030.3 94.568
11030.6 94.5693
11031 94.5706
11031.4 94.5719
11031.7 94.5733
11032.1 94.5747
11032.5 94.576
11032.8 94.5773
11033.2 94.5786
11033.6 94.5791
11033.9 94.5803
11034.3 94.5814
11034.7 94.5825
11035 94.5835
11035.4 94.5846
11035.8 94.5855
11036.1 94.5865
11036.5 94.5876
11036.9 94.5886
11037.2 94.5896
11037.6 94.5907
11038 94.5918
11038.3 94.593
11038.7 94.5944
11039.1 94.5958
11039.4 94.5974
11039.8 94.5991
11040.2 94.5992
11040.5 94.6011
11040.9 94.6031
11041.3 94.6055
11041.6 94.6082
11042 94.6113
11042.4 94.6144
11042.7 94.6174
11043.1 94.6202
11043.5 94.6228
11043.8 94.6254
11044.2 94.6279
11044.6 94.6304
11044.9 94.6329
11045.3 94.6353
11045.7 94.6377
11046 94.6401
11046.4 94.6423
11046.8 94.6427
11047.1 94.645
11047.5 94.6472
11047.9 94.6493
11048.2 94.6514
11048.6 94.6539
11048.9 94.656
11049.3 94.658
11049.7 94.66
11050 94.6619
11050.4 94.6639
11050.8 94.6659
11051.1 94.6678
11051.5 94.6698
11051.9 94.6717
11052.2 94.6737
11052.6 94.6756
11053 94.6776
11053.3 94.678
11053.7 94.68
11054.1 94.6819
11054.4 94.6839
11054.8 94.686
11055.2 94.6876
11055.5 94.689
11055.9 94.6903
11056.3 94.6914
11056.6 94.6922
11057 94.693
11057.4 94.6936
11057.7 94.694
11058.1 94.6943
11058.5 94.6945
11058.8 94.6946
11059.2 94.6947
11059.6 94.6946
11059.9 94.6944
11060.3 94.6943
11060.7 94.6942
11061 94.6937
11061.4 94.6935
11061.8 94.6932
11062.1 94.693
11062.5 94.6928
11062.9 94.6926
11063.2 94.6924
11063.6 94.6923
11064 94.6923
11064.3 94.6924
11064.7 94.6925
11065.1 94.6927
11065.4 94.6929
11065.8 94.6933
11066.2 94.6935
11066.5 94.694
11066.9 94.6945
11067.3 94.6955
11067.6 94.6963
11068 94.6971
11068.4 94.6979
11068.7 94.6988
11069.1 94.6998
11069.5 94.7007
11069.8 94.7017
11070.2 94.7027
11070.6 94.7037
11070.9 94.7046
11071.3 94.7055
11071.7 94.7064
11072 94.7072
11072.4 94.7079
11072.8 94.7082
11073.1 94.7089
11073.5 94.7099
11073.9 94.7105
11074.2 94.7111
11074.6 94.7117
11075 94.7122
11075.3 94.7129
11075.7 94.7135
11076 94.7141
11076.4 94.7148
11076.8 94.7155
11077.1 94.7162
11077.5 94.7169
11077.9 94.7177
11078.2 94.7184
11078.6 94.7192
11079 94.7199
11079.3 94.7203
11079.7 94.7213
11080.1 94.7221
11080.4 94.7228
11080.8 94.7235
11081.2 94.7241
11081.5 94.7248
11081.9 94.7254
11082.3 94.7261
11082.6 94.7267
11083 94.7273
11083.4 94.7279
11083.7 94.7285
11084.1 94.7291
11084.5 94.7297
11084.8 94.7303
11085.2 94.7309
11085.6 94.7319
11085.9 94.7325
11086.3 94.733
11086.7 94.7334
11087 94.7338
11087.4 94.7342
11087.8 94.7345
11088.1 94.7347
11088.5 94.735
11088.9 94.7352
11089.2 94.7354
11089.6 94.7356
11090 94.7358
11090.3 94.7359
11090.7 94.7361
11091.1 94.7363
11091.4 94.7365
11091.8 94.7371
11092.2 94.7372
11092.5 94.7376
11092.9 94.7376
11093.3 94.7377
11093.6 94.7376
11094 94.7375
11094.4 94.7374
11094.7 94.7372
11095.1 94.737
11095.5 94.7368
11095.8 94.7365
11096.2 94.7363
11096.6 94.736
11096.9 94.7358
11097.3 94.7355
11097.7 94.7352
11098 94.7348
11098.4 94.7345
11098.8 94.7344
11099.1 94.7341
11099.5 94.7338
11099.9 94.7336
11100.2 94.7333
11100.6 94.733
11101 94.7327
11101.3 94.7324
11101.7 94.7321
11102 94.7318
11102.4 94.7315
11102.8 94.7312
11103.1 94.7309
11103.5 94.7306
11103.9 94.7303
11104.2 94.7302
11104.6 94.7299
11105 94.7296
11105.3 94.7299
11105.7 94.7296
11106.1 94.7294
11106.4 94.7291
11106.8 94.7288
11107.2 94.7285
11107.5 94.7283
11107.9 94.728
11108.3 94.7278
11108.6 94.7276
11109 94.7274
11109.4 94.7272
11109.7 94.727
11110.1 94.7269
11110.5 94.7273
11110.8 94.7272
11111.2 94.7271
11111.6 94.7271
11111.9 94.7275
11112.3 94.7274
11112.7 94.7273
11113 94.7272
11113.4 94.7271
11113.8 94.727
11114.1 94.7269
11114.5 94.7269
11114.9 94.7268
11115.2 94.7267
11115.6 94.7266
11116 94.7266
11116.3 94.7264
11116.7 94.7263
11117.1 94.7262
11117.4 94.7262
11117.8 94.7262
11118.2 94.7262
11118.5 94.726
11118.9 94.7261
11119.3 94.7262
11119.6 94.7263
11120 94.7265
11120.4 94.7267
11120.7 94.727
11121.1 94.7272
11121.5 94.7276
11121.8 94.728
11122.2 94.7284
11122.6 94.7289
11122.9 94.7295
11123.3 94.7301
11123.7 94.7308
11124 94.7315
11124.4 94.7322
11124.8 94.733
11125.1 94.7331
11125.5 94.7339
11125.9 94.7347
11126.2 94.7355
11126.6 94.7363
11127 94.737
11127.3 94.7377
11127.7 94.7384
11128.1 94.739
11128.4 94.7396
11128.8 94.7404
11129.1 94.7408
11129.5 94.7412
11129.9 94.7415
11130.2 94.7416
11130.6 94.7418
11131 94.7418
11131.3 94.7418
11131.7 94.7419
11132.1 94.7418
11132.4 94.7416
11132.8 94.7414
11133.2 94.7411
11133.5 94.7408
11133.9 94.7405
11134.3 94.7401
11134.6 94.7397
11135 94.7392
11135.4 94.7387
11135.7 94.7381
11136.1 94.7376
11136.5 94.737
11136.8 94.7363
11137.2 94.7356
11137.6 94.7349
11137.9 94.7346
11138.3 94.7338
11138.7 94.733
11139 94.7322
11139.4 94.7314
11139.8 94.7306
11140.1 94.7298
11140.5 94.729
11140.9 94.7283
11141.2 94.7273
11141.6 94.7267
11142 94.7261
11142.3 94.7256
11142.7 94.725
11143.1 94.7245
11143.4 94.724
11143.8 94.7235
11144.2 94.7231
11144.5 94.7228
11144.9 94.7223
11145.3 94.7218
11145.6 94.7213
11146 94.7207
11146.4 94.7202
11146.7 94.7196
11147.1 94.7189
11147.5 94.7178
11147.8 94.7171
11148.2 94.7163
11148.6 94.7154
11148.9 94.7145
11149.3 94.7136
11149.7 94.7127
11150 94.7117
11150.4 94.7108
11150.8 94.7098
11151.1 94.7094
11151.5 94.7084
11151.9 94.7075
11152.2 94.7066
11152.6 94.7057
11153 94.7048
11153.3 94.7035
11153.7 94.7025
11154.1 94.7015
11154.4 94.7005
11154.8 94.6995
11155.2 94.6985
11155.5 94.6976
11155.9 94.6966
11156.2 94.6957
11156.6 94.6948
11157 94.694
11157.3 94.6933
11157.7 94.693
11158.1 94.6924
11158.4 94.6918
11158.8 94.6913
11159.2 94.6909
11159.5 94.6906
11159.9 94.6903
11160.3 94.6901
11160.6 94.6899
11161 94.6898
11161.4 94.6897
11161.7 94.6896
11162.1 94.6895
11162.5 94.6895
11162.8 94.6895
11163.2 94.6895
11163.6 94.6896
11163.9 94.6897
11164.3 94.69
11164.7 94.6902
11165 94.6904
11165.4 94.6907
11165.8 94.6912
11166.1 94.6915
11166.5 94.6919
11166.9 94.6923
11167.2 94.6927
11167.6 94.6931
11168 94.6935
11168.3 94.694
11168.7 94.6944
11169.1 94.6947
11169.4 94.695
11169.8 94.6952
11170.2 94.6953
11170.5 94.6951
11170.9 94.695
11171.3 94.6948
11171.6 94.6944
11172 94.6935
11172.4 94.6928
11172.7 94.6921
11173.1 94.6913
11173.5 94.6905
11173.8 94.6896
11174.2 94.6887
11174.6 94.6878
11174.9 94.6869
11175.3 94.686
11175.7 94.6851
11176 94.6842
11176.4 94.6834
11176.8 94.6826
11177.1 94.6822
11177.5 94.6814
11177.9 94.6807
11178.2 94.6797
11178.6 94.6792
11179 94.6787
11179.3 94.6782
11179.7 94.6777
11180.1 94.6773
11180.4 94.6769
11180.8 94.6765
11181.2 94.6761
11181.5 94.6758
11181.9 94.6754
11182.3 94.675
11182.6 94.6746
11183 94.6741
11183.3 94.6736
11183.7 94.6736
11184.1 94.6729
11184.4 94.6723
11184.8 94.6716
11185.2 94.6709
11185.5 94.6701
11185.9 94.6692
11186.3 94.6683
11186.6 94.6674
11187 94.6664
11187.4 94.6653
11187.7 94.6643
11188.1 94.6631
11188.5 94.662
11188.8 94.6609
11189.2 94.6597
11189.6 94.6586
11189.9 94.6574
11190.3 94.6554
11190.7 94.6542
11191 94.6531
11191.4 94.6522
11191.8 94.6513
11192.1 94.6507
11192.5 94.6502
11192.9 94.6499
11193.2 94.6497
11193.6 94.6496
11194 94.6495
11194.3 94.6494
11194.7 94.6494
11195.1 94.6493
11195.4 94.6493
11195.8 94.6491
11196.2 94.649
11196.5 94.6487
11196.9 94.6485
11197.3 94.6483
11197.6 94.6481
11198 94.6479
11198.4 94.6476
11198.7 94.6473
11199.1 94.6471
11199.5 94.6468
11199.8 94.6465
11200.2 94.6462
11200.6 94.6459
11200.9 94.6457
11201.3 94.6454
11201.7 94.6451
11202 94.6447
11202.4 94.6444
11202.8 94.6438
11203.1 94.6433
11203.5 94.6431
11203.9 94.6425
11204.2 94.642
11204.6 94.6413
11205 94.6407
11205.3 94.64
11205.7 94.6392
11206.1 94.6385
11206.4 94.6377
11206.8 94.6369
11207.2 94.6361
11207.5 94.6352
11207.9 94.6344
11208.3 94.6335
11208.6 94.6326
11209 94.6309
11209.3 94.6299
11209.7 94.6291
11210.1 94.628
11210.4 94.6267
11210.8 94.6254
11211.2 94.624
11211.5 94.6226
11211.9 94.6212
11212.3 94.6197
11212.6 94.6181
11213 94.6166
11213.4 94.6151
11213.7 94.6135
11214.1 94.612
11214.5 94.6104
11214.8 94.6078
11215.2 94.6062
11215.6 94.6046
11215.9 94.6029
11216.3 94.6018
11216.7 94.6001
11217 94.5983
11217.4 94.5965
11217.8 94.5946
11218.1 94.5926
11218.5 94.5906
11218.9 94.5885
11219.2 94.5864
11219.6 94.5842
11220 94.582
11220.3 94.5798
11220.7 94.5776
11221.1 94.5742
11221.4 94.5721
11221.8 94.5701
11222.2 94.5681
11222.5 94.5661
11222.9 94.5652
11223.3 94.5634
11223.6 94.5616
11224 94.5599
11224.4 94.5582
11224.7 94.5565
11225.1 94.5549
11225.5 94.5532
11225.8 94.5516
11226.2 94.55
11226.6 94.5483
11226.9 94.5467
11227.3 94.5441
11227.7 94.5425
11228 94.5409
11228.4 94.5393
11228.8 94.5378
11229.1 94.5363
11229.5 94.5354
11229.9 94.534
11230.2 94.5325
11230.6 94.5312
11231 94.5298
11231.3 94.5285
11231.7 94.5273
11232.1 94.5261
11232.4 94.5249
11232.8 94.5238
11233.2 94.5227
11233.5 94.5213
11233.9 94.5203
11234.3 94.5194
11234.6 94.5185
11235 94.5177
11235.4 94.5169
11235.7 94.5161
11236.1 94.516
11236.4 94.5153
11236.8 94.5147
11237.2 94.514
11237.5 94.5134
11237.9 94.5128
11238.3 94.5121
11238.6 94.5115
11239 94.5109
11239.4 94.5102
11239.7 94.5096
11240.1 94.5089
11240.5 94.5082
11240.8 94.5074
11241.2 94.5066
11241.6 94.5057
11241.9 94.5048
11242.3 94.5049
11242.7 94.5039
11243 94.5029
11243.4 94.5018
11243.8 94.5008
11244.1 94.4997
11244.5 94.4985
11244.9 94.4974
11245.2 94.4962
11245.6 94.495
11246 94.4937
11246.3 94.4925
11246.7 94.4912
11247.1 94.4899
11247.4 94.4886
11247.8 94.4873
11248.2 94.4859
11248.5 94.4846
11248.9 94.4843
11249.3 94.4828
11249.6 94.4813
11250 94.4798
11250.4 94.4783
11250.7 94.4768
11251.1 94.4752
11251.5 94.4737
11251.8 94.4716
11252.2 94.4701
11252.6 94.4687
11252.9 94.4674
11253.3 94.4661
11253.7 94.4649
11254 94.4638
11254.4 94.4627
11254.8 94.4616
11255.1 94.4607
11255.5 94.4603
11255.9 94.4593
11256.2 94.4583
11256.6 94.4573
11257 94.4562
11257.3 94.4551
11257.7 94.4539
11258.1 94.4519
11258.4 94.4505
11258.8 94.449
11259.2 94.4474
11259.5 94.4457
11259.9 94.4439
11260.3 94.4421
11260.6 94.4402
11261 94.4383
11261.4 94.4365
11261.7 94.4347
11262.1 94.4337
11262.5 94.432
11262.8 94.4302
11263.2 94.4285
11263.5 94.4268
11263.9 94.4251
11264.3 94.4229
11264.6 94.4213
11265 94.4199
11265.4 94.4185
11265.7 94.4172
11266.1 94.4159
11266.5 94.4146
11266.8 94.4135
11267.2 94.4123
11267.6 94.4113
11267.9 94.4102
11268.3 94.4093
11268.7 94.4089
11269 94.408
11269.4 94.4072
11269.8 94.4064
11270.1 94.4057
11270.5 94.4049
11270.9 94.4044
11271.2 94.4039
11271.6 94.4035
11272 94.4031
11272.3 94.4027
11272.7 94.4024
11273.1 94.4021
11273.4 94.4018
11273.8 94.4015
11274.2 94.4012
11274.5 94.4009
11274.9 94.401
11275.3 94.4007
11275.6 94.4004
11276 94.4
11276.4 94.3997
11276.7 94.3995
11277.1 94.3992
11277.5 94.3988
11277.8 94.3985
11278.2 94.3981
11278.6 94.3977
11278.9 94.3973
11279.3 94.3969
11279.7 94.3964
11280 94.3958
11280.4 94.3952
11280.8 94.3945
11281.1 94.3937
11281.5 94.3933
11281.9 94.3924
11282.2 94.3914
11282.6 94.3896
11283 94.3884
11283.3 94.387
11283.7 94.3856
11284.1 94.3842
11284.4 94.3826
11284.8 94.381
11285.2 94.3794
11285.5 94.3778
11285.9 94.3761
11286.3 94.3744
11286.6 94.3726
11287 94.3709
11287.4 94.3691
11287.7 94.3674
11288.1 94.3665
11288.5 94.3649
11288.8 94.3625
11289.2 94.361
11289.5 94.3596
11289.9 94.3582
11290.3 94.357
11290.6 94.3558
11291 94.3547
11291.4 94.3538
11291.7 94.3529
11292.1 94.3521
11292.5 94.3514
11292.8 94.3508
11293.2 94.3503
11293.6 94.3498
11293.9 94.3494
11294.3 94.3491
11294.7 94.3488
11295 94.3483
11295.4 94.348
11295.8 94.3477
11296.1 94.3474
11296.5 94.347
11296.9 94.3467
11297.2 94.3462
11297.6 94.3457
11298 94.3451
11298.3 94.3445
11298.7 94.3438
11299.1 94.343
11299.4 94.3422
11299.8 94.3414
11300.2 94.3405
11300.5 94.3395
11300.9 94.3385
11301.3 94.337
11301.6 94.336
11302 94.3349
11302.4 94.3338
11302.7 94.3327
11303.1 94.3316
11303.5 94.3306
11303.8 94.3297
11304.2 94.3288
11304.6 94.3279
11304.9 94.3272
11305.3 94.3265
11305.7 94.326
11306 94.3255
11306.4 94.3251
11306.8 94.3248
11307.1 94.3246
11307.5 94.3241
11307.9 94.3237
11308.2 94.3237
11308.6 94.3236
11309 94.3235
11309.3 94.3233
11309.7 94.3231
11310.1 94.3229
11310.4 94.3225
11310.8 94.3221
11311.2 94.3217
11311.5 94.3213
11311.9 94.3208
11312.3 94.3203
11312.6 94.3198
11313 94.3194
11313.4 94.3189
11313.7 94.3184
11314.1 94.3184
11314.5 94.3181
11314.8 94.3178
11315.2 94.3175
11315.6 94.3173
11315.9 94.3171
11316.3 94.3169
11316.6 94.3167
11317 94.3166
11317.4 94.3164
11317.7 94.3163
11318.1 94.3162
11318.5 94.3161
11318.8 94.3161
11319.2 94.316
11319.6 94.316
11319.9 94.316
11320.3 94.3159
11320.7 94.316
11321 94.3159
11321.4 94.3157
11321.8 94.3156
11322.1 94.3154
11322.5 94.3152
11322.9 94.315
11323.2 94.3148
11323.6 94.3145
11324 94.3142
11324.3 94.3138
11324.7 94.3135
11325.1 94.313
11325.4 94.3126
11325.8 94.3118
11326.2 94.3113
11326.5 94.3108
11326.9 94.3103
11327.3 94.3099
11327.6 94.3094
11328 94.3089
11328.4 94.3084
11328.7 94.3079
11329.1 94.3074
11329.5 94.3069
11329.8 94.3064
11330.2 94.3058
11330.6 94.3052
11330.9 94.3046
11331.3 94.3038
11331.7 94.3031
11332 94.3016
11332.4 94.3008
11332.8 94.2999
11333.1 94.2991
11333.5 94.2982
11333.9 94.2976
11334.2 94.2967
11334.6 94.2958
11335 94.295
11335.3 94.2941
11335.7 94.2932
11336.1 94.2923
11336.4 94.2914
11336.8 94.2906
11337.2 94.2897
11337.5 94.2888
11337.9 94.2879
11338.3 94.2862
11338.6 94.2852
11339 94.2841
11339.4 94.283
11339.7 94.2819
11340.1 94.2807
11340.5 94.2797
11340.8 94.2785
11341.2 94.2773
11341.6 94.2762
11341.9 94.2753
11342.3 94.2744
11342.7 94.2736
11343 94.2729
11343.4 94.2723
11343.7 94.2718
11344.1 94.2714
11344.5 94.2709
11344.8 94.2707
11345.2 94.2706
11345.6 94.2705
11345.9 94.2705
11346.3 94.2705
11346.7 94.2706
11347 94.2707
11347.4 94.2708
11347.8 94.2709
11348.1 94.271
11348.5 94.271
11348.9 94.2711
11349.2 94.2712
11349.6 94.2713
11350 94.2714
11350.3 94.2716
11350.7 94.2716
11351.1 94.2716
11351.4 94.2716
11351.8 94.2715
11352.2 94.2714
11352.5 94.2713
11352.9 94.2711
11353.3 94.271
11353.6 94.2708
11354 94.2705
11354.4 94.2703
11354.7 94.27
11355.1 94.2697
11355.5 94.2694
11355.8 94.2691
11356.2 94.2687
11356.6 94.2681
11356.9 94.2677
11357.3 94.2673
11357.7 94.2668
11358 94.2663
11358.4 94.2658
11358.8 94.2653
11359.1 94.2647
11359.5 94.2641
11359.9 94.2638
11360.2 94.2632
11360.6 94.2625
11361 94.2618
11361.3 94.261
11361.7 94.2603
11362.1 94.2596
11362.4 94.2588
11362.8 94.2578
11363.2 94.2571
11363.5 94.2564
11363.9 94.2558
11364.3 94.2552
11364.6 94.2546
11365 94.2542
11365.4 94.2537
11365.7 94.2534
11366.1 94.2531
11366.5 94.2532
11366.8 94.2531
11367.2 94.253
11367.6 94.253
11367.9 94.2531
11368.3 94.2533
11368.7 94.2535
11369 94.2542
11369.4 94.2545
11369.8 94.2548
11370.1 94.2552
11370.5 94.2555
11370.8 94.2559
11371.2 94.2562
11371.6 94.2565
11371.9 94.2568
11372.3 94.2571
11372.7 94.2573
11373 94.2579
11373.4 94.2582
11373.8 94.2585
11374.1 94.2588
11374.5 94.2592
11374.9 94.2595
11375.2 94.2606
11375.6 94.261
11376 94.2614
11376.3 94.2618
11376.7 94.2622
11377.1 94.2626
11377.4 94.2629
11377.8 94.2633
11378.2 94.2636
11378.5 94.2638
11378.9 94.264
11379.3 94.2642
11379.6 94.2648
11380 94.2649
11380.4 94.265
11380.7 94.265
11381.1 94.265
11381.5 94.2655
11381.8 94.2654
11382.2 94.2653
11382.6 94.2652
11382.9 94.2651
11383.3 94.265
11383.7 94.265
11384 94.265
11384.4 94.265
11384.8 94.2651
11385.1 94.2653
11385.5 94.2656
11385.9 94.266
11386.2 94.2663
11386.6 94.2668
11387 94.2673
11387.3 94.2682
11387.7 94.2687
11388.1 94.2693
11388.4 94.2698
11388.8 94.2703
11389.2 94.2707
11389.5 94.271
11389.9 94.2713
11390.3 94.2715
11390.6 94.2717
11391 94.2718
11391.4 94.2719
11391.7 94.272
11392.1 94.2722
11392.5 94.2727
11392.8 94.2729
11393.2 94.273
11393.6 94.2739
11393.9 94.2742
11394.3 94.2745
11394.7 94.2748
11395 94.2752
11395.4 94.2756
11395.8 94.2761
11396.1 94.2766
11396.5 94.2772
11396.8 94.2778
11397.2 94.2785
11397.6 94.2792
11397.9 94.28
11398.3 94.2808
11398.7 94.2817
11399 94.2825
11399.4 94.2833
11399.8 94.2849
11400.1 94.2857
11400.5 94.2865
11400.9 94.2873
11401.2 94.2882
11401.6 94.2891
11402 94.29
11402.3 94.2909
11402.7 94.2919
11403.1 94.2929
11403.4 94.2939
11403.8 94.295
11404.2 94.2961
11404.5 94.2972
11404.9 94.2983
11405.3 94.2994
11405.6 94.2998
11406 94.3014
11406.4 94.3025
11406.7 94.3036
11407.1 94.3048
11407.5 94.3059
11407.8 94.307
11408.2 94.308
11408.6 94.309
11408.9 94.3099
11409.3 94.3108
11409.7 94.3116
11410 94.3123
11410.4 94.3129
11410.8 94.3135
11411.1 94.314
11411.5 94.3144
11411.9 94.3147
11412.2 94.315
11412.6 94.3153
11413 94.3156
11413.3 94.3158
11413.7 94.3159
11414.1 94.316
11414.4 94.3161
11414.8 94.3161
11415.2 94.3162
11415.5 94.3162
11415.9 94.3161
11416.3 94.3161
11416.6 94.316
11417 94.316
11417.4 94.3159
11417.7 94.3159
11418.1 94.3159
11418.5 94.3159
11418.8 94.3159
11419.2 94.3158
11419.6 94.3157
11419.9 94.3157
11420.3 94.3156
11420.7 94.3155
11421 94.3154
11421.4 94.3154
11421.8 94.3153
11422.1 94.3152
11422.5 94.3152
11422.9 94.3151
11423.2 94.3151
11423.6 94.315
11423.9 94.315
11424.3 94.3149
11424.7 94.3148
11425 94.3147
11425.4 94.3146
11425.8 94.3145
11426.1 94.3143
11426.5 94.3141
11426.9 94.314
11427.2 94.3138
11427.6 94.3137
11428 94.3135
11428.3 94.3134
11428.7 94.3133
11429.1 94.3132
11429.4 94.3132
11429.8 94.3132
11430.2 94.3133
11430.5 94.3135
11430.9 94.3137
11431.3 94.3139
11431.6 94.3141
11432 94.3143
11432.4 94.3145
11432.7 94.3147
11433.1 94.3149
11433.5 94.3151
11433.8 94.3153
11434.2 94.3155
11434.6 94.3157
11434.9 94.3159
11435.3 94.3161
11435.7 94.3163
11436 94.3166
11436.4 94.3168
11436.8 94.3175
11437.1 94.3179
11437.5 94.3183
11437.9 94.3187
11438.2 94.3191
11438.6 94.3195
11439 94.3201
11439.3 94.3206
11439.7 94.3211
11440.1 94.3217
11440.4 94.3223
11440.8 94.3228
11441.2 94.3234
11441.5 94.324
11441.9 94.3245
11442.3 94.3251
11442.6 94.3257
11443 94.3264
11443.4 94.3271
11443.7 94.3277
11444.1 94.3284
11444.5 94.3292
11444.8 94.3293
11445.2 94.33
11445.6 94.3308
11445.9 94.3316
11446.3 94.3325
11446.7 94.3333
11447 94.3342
11447.4 94.3351
11447.8 94.3359
11448.1 94.3368
11448.5 94.3375
11448.9 94.3382
11449.2 94.3389
11449.6 94.3396
11450 94.3402
11450.3 94.3409
11450.7 94.3416
11451 94.3423
11451.4 94.3425
11451.8 94.3433
11452.1 94.344
11452.5 94.3448
11452.9 94.3456
11453.2 94.3463
11453.6 94.3471
11454 94.3478
11454.3 94.3485
11454.7 94.3491
11455.1 94.35
11455.4 94.3505
11455.8 94.351
11456.2 94.3514
11456.5 94.3518
11456.9 94.3521
11457.3 94.3524
11457.6 94.3526
11458 94.3528
11458.4 94.353
11458.7 94.3531
11459.1 94.3532
11459.5 94.3533
11459.8 94.3534
11460.2 94.3534
11460.6 94.3534
11460.9 94.3534
11461.3 94.3534
11461.7 94.3533
11462 94.3533
11462.4 94.3532
11462.8 94.3531
11463.1 94.3529
11463.5 94.3528
11463.9 94.3526
11464.2 94.3526
11464.6 94.3524
11465 94.3521
11465.3 94.3519
11465.7 94.3516
11466.1 94.3514
11466.4 94.3512
11466.8 94.351
11467.2 94.3509
11467.5 94.3508
11467.9 94.3508
11468.3 94.3507
11468.6 94.3508
11469 94.3508
11469.4 94.351
11469.7 94.3511
11470.1 94.3513
11470.5 94.3515
11470.8 94.3519
11471.2 94.3522
11471.6 94.3526
11471.9 94.353
11472.3 94.3534
11472.7 94.3539
11473 94.3544
11473.4 94.355
11473.8 94.3563
11474.1 94.357
11474.5 94.3577
11474.9 94.3583
11475.2 94.3591
11475.6 94.3598
11476 94.3605
11476.3 94.3611
11476.7 94.3618
11477 94.3624
11477.4 94.3632
11477.8 94.3638
11478.1 94.3643
11478.5 94.3648
11478.9 94.3653
11479.2 94.3658
11479.6 94.3663
11480 94.3673
11480.3 94.3677
11480.7 94.3681
11481.1 94.3685
11481.4 94.369
11481.8 94.3694
11482.2 94.3699
11482.5 94.3704
11482.9 94.3709
11483.3 94.3715
11483.6 94.3722
11484 94.3725
11484.4 94.3732
11484.7 94.3738
11485.1 94.3745
11485.5 94.3752
11485.8 94.3762
11486.2 94.3768
11486.6 94.3773
11486.9 94.3777
11487.3 94.3781
11487.7 94.3784
11488 94.3787
11488.4 94.379
11488.8 94.3792
11489.1 94.3794
11489.5 94.3795
11489.9 94.3796
11490.2 94.38
11490.6 94.3801
11491 94.3801
11491.3 94.3802
11491.7 94.3802
11492.1 94.3806
11492.4 94.3806
11492.8 94.3807
11493.2 94.3807
11493.5 94.3806
11493.9 94.3806
11494.3 94.3805
11494.6 94.3805
11495 94.3804
11495.4 94.3804
11495.7 94.3803
11496.1 94.3803
11496.5 94.3802
11496.8 94.3807
11497.2 94.3807
11497.6 94.3808
11497.9 94.3809
11498.3 94.3815
11498.7 94.3817
11499 94.382
11499.4 94.3823
11499.8 94.3827
11500.1 94.3832
11500.5 94.3837
11500.9 94.3842
11501.2 94.3848
11501.6 94.3854
11502 94.386
11502.3 94.3866
11502.7 94.3872
11503.1 94.3877
11503.4 94.3879
11503.8 94.3883
11504.1 94.3887
11504.5 94.389
11504.9 94.3892
11505.2 94.3894
11505.6 94.3895
11506 94.3895
11506.3 94.3895
11506.7 94.3895
11507.1 94.3895
11507.4 94.3895
11507.8 94.3895
11508.2 94.3896
11508.5 94.3898
11508.9 94.39
11509.3 94.3904
11509.6 94.3909
11510 94.3905
11510.4 94.391
11510.7 94.3913
11511.1 94.3918
11511.5 94.3922
11511.8 94.3926
11512.2 94.393
11512.6 94.3933
11512.9 94.3936
11513.3 94.3939
11513.7 94.3942
11514 94.3944
11514.4 94.3947
11514.8 94.395
11515.1 94.3953
11515.5 94.3957
11515.9 94.3961
11516.2 94.3965
11516.6 94.3967
11517 94.3973
11517.3 94.3978
11517.7 94.3983
11518.1 94.3988
11518.4 94.3993
11518.8 94.3997
11519.2 94.4001
11519.5 94.4005
11519.9 94.4009
11520.3 94.4012
11520.6 94.4014
11521 94.4016
11521.4 94.4018
11521.7 94.4019
11522.1 94.402
11522.5 94.4021
11522.8 94.402
11523.2 94.4019
11523.6 94.4019
11523.9 94.4019
11524.3 94.4018
11524.7 94.4017
11525 94.4016
11525.4 94.4014
11525.8 94.4013
11526.1 94.4011
11526.5 94.4009
11526.9 94.4007
11527.2 94.4005
11527.6 94.4003
11528 94.4001
11528.3 94.4
11528.7 94.3999
11529.1 94.3997
11529.4 94.3995
11529.8 94.3996
11530.2 94.3996
11530.5 94.3998
11530.9 94.4001
11531.2 94.4004
11531.6 94.4008
11532 94.4013
11532.3 94.4018
11532.7 94.4025
11533.1 94.4032
11533.4 94.404
11533.8 94.4049
11534.2 94.4059
11534.5 94.407
11534.9 94.4082
11535.3 94.4098
11535.6 94.4111
11536 94.4115
11536.4 94.4129
11536.7 94.4144
11537.1 94.416
11537.5 94.4176
11537.8 94.4192
11538.2 94.4207
11538.6 94.4223
11538.9 94.4238
11539.3 94.4252
11539.7 94.4265
11540 94.4277
11540.4 94.4288
11540.8 94.4298
11541.1 94.4306
11541.5 94.4312
11541.9 94.4318
11542.2 94.4324
11542.6 94.432
11543 94.4324
11543.3 94.4327
11543.7 94.433
11544.1 94.4332
11544.4 94.4334
11544.8 94.4337
11545.2 94.434
11545.5 94.4343
11545.9 94.4347
11546.3 94.4352
11546.6 94.4357
11547 94.4363
11547.4 94.437
11547.7 94.4377
11548.1 94.4386
11548.5 94.4396
11548.8 94.4406
11549.2 94.4407
11549.6 94.4418
11549.9 94.4431
11550.3 94.4445
11550.7 94.4459
11551 94.4476
11551.4 94.4495
11551.8 94.4516
11552.1 94.4541
11552.5 94.457
11552.9 94.4597
11553.2 94.462
11553.6 94.4643
11554 94.4663
11554.3 94.4681
11554.7 94.4698
11555.1 94.4715
11555.4 94.4732
11555.8 94.4735
11556.2 94.4752
11556.5 94.4768
11556.9 94.4784
11557.3 94.48
11557.6 94.4816
11558 94.4833
11558.3 94.4849
11558.7 94.4865
11559.1 94.4882
11559.4 94.49
11559.8 94.4918
11560.2 94.4937
11560.5 94.4954
11560.9 94.4969
11561.3 94.4981
11561.6 94.499
11562 94.4987
11562.4 94.4994
11562.7 94.5
11563.1 94.5003
11563.5 94.5006
11563.8 94.5008
11564.2 94.5009
11564.6 94.501
11564.9 94.5011
11565.3 94.5011
11565.7 94.5012
11566 94.501
11566.4 94.5011
11566.8 94.5012
11567.1 94.5013
11567.5 94.5014
11567.9 94.5015
11568.2 94.5016
11568.6 94.5016
11569 94.5017
11569.3 94.5019
11569.7 94.5021
11570.1 94.5023
11570.4 94.5026
11570.8 94.5029
11571.2 94.5032
11571.5 94.5036
11571.9 94.5042
11572.3 94.5048
11572.6 94.5054
11573 94.5061
11573.4 94.5068
11573.7 94.5076
11574.1 94.5085
11574.5 94.5093
11574.8 94.5102
11575.2 94.5102
11575.6 94.5111
11575.9 94.512
11576.3 94.5128
11576.7 94.5135
11577 94.5142
11577.4 94.5148
11577.8 94.5153
11578.1 94.5157
11578.5 94.5159
11578.9 94.5161
11579.2 94.5162
11579.6 94.5162
11580 94.5162
11580.3 94.516
11580.7 94.5158
11581.1 94.5156
11581.4 94.5153
11581.8 94.5152
11582.2 94.5149
11582.5 94.5145
11582.9 94.5142
11583.3 94.5138
11583.6 94.5134
11584 94.513
11584.3 94.5127
11584.7 94.5124
11585.1 94.5121
11585.4 94.5119
11585.8 94.5116
11586.2 94.5114
11586.5 94.5111
11586.9 94.5109
11587.3 94.5108
11587.6 94.5106
11588 94.5105
11588.4 94.5107
11588.7 94.5106
11589.1 94.5104
11589.5 94.5103
11589.8 94.5102
11590.2 94.51
11590.6 94.5099
11590.9 94.5097
11591.3 94.5095
11591.7 94.5092
11592 94.509
11592.4 94.5087
11592.8 94.5084
11593.1 94.508
11593.5 94.5077
11593.9 94.5074
11594.2 94.5071
11594.6 94.5068
11595 94.5065
11595.3 94.5062
11595.7 94.506
11596.1 94.5058
11596.4 94.5055
11596.8 94.5048
11597.2 94.5045
11597.5 94.5043
11597.9 94.504
11598.3 94.5036
11598.6 94.5032
11599 94.5028
11599.4 94.5023
11599.7 94.5017
11600.1 94.5011
11600.5 94.5004
11600.8 94.4997
11601.2 94.4991
11601.6 94.4984
11601.9 94.4977
11602.3 94.4969
11602.7 94.4962
11603 94.4951
11603.4 94.4944
11603.8 94.4938
11604.1 94.4932
11604.5 94.4926
11604.9 94.4921
11605.2 94.4916
11605.6 94.4911
11606 94.4907
11606.3 94.4904
11606.7 94.49
11607.1 94.4897
11607.4 94.4894
11607.8 94.4889
11608.2 94.4886
11608.5 94.4883
11608.9 94.4881
11609.3 94.4872
11609.6 94.4869
11610 94.4867
11610.4 94.4864
11610.7 94.4862
11611.1 94.486
11611.4 94.4857
11611.8 94.4855
11612.2 94.4853
11612.5 94.485
11612.9 94.4848
11613.3 94.4845
11613.6 94.4842
11614 94.4839
11614.4 94.4833
11614.7 94.483
11615.1 94.4827
11615.5 94.4818
11615.8 94.4815
11616.2 94.4812
11616.6 94.4809
11616.9 94.4807
11617.3 94.4805
11617.7 94.4803
11618 94.4801
11618.4 94.48
11618.8 94.4799
11619.1 94.4798
11619.5 94.4796
11619.9 94.4793
11620.2 94.479
11620.6 94.4786
11621 94.4782
11621.3 94.4774
11621.7 94.4768
11622.1 94.4762
11622.4 94.4755
11622.8 94.4747
11623.2 94.4739
11623.5 94.4731
11623.9 94.4723
11624.3 94.4714
11624.6 94.4706
11625 94.4697
11625.4 94.4689
11625.7 94.468
11626.1 94.4672
11626.5 94.4663
11626.8 94.4655
11627.2 94.4646
11627.6 94.4637
11627.9 94.4627
11628.3 94.4618
11628.7 94.4608
11629 94.4599
11629.4 94.4589
11629.8 94.4579
11630.1 94.4569
11630.5 94.4559
11630.9 94.455
11631.2 94.4541
11631.6 94.4532
11632 94.4523
11632.3 94.4514
11632.7 94.4506
11633.1 94.4497
11633.4 94.4489
11633.8 94.4478
11634.2 94.447
11634.5 94.4462
11634.9 94.4453
11635.3 94.4444
11635.6 94.4436
11636 94.4427
11636.4 94.4418
11636.7 94.4409
11637.1 94.44
11637.5 94.4391
11637.8 94.4382
11638.2 94.4373
11638.5 94.4363
11638.9 94.4354
11639.3 94.4345
11639.6 94.4335
11640 94.432
11640.4 94.4315
11640.7 94.4305
11641.1 94.4295
11641.5 94.4284
11641.8 94.4273
11642.2 94.4262
11642.6 94.4252
11642.9 94.4241
11643.3 94.423
11643.7 94.422
11644 94.421
11644.4 94.42
11644.8 94.4191
11645.1 94.4182
11645.5 94.4173
11645.9 94.4165
11646.2 94.415
11646.6 94.4142
11647 94.4134
11647.3 94.4127
11647.7 94.4121
11648.1 94.4115
11648.4 94.4109
11648.8 94.4104
11649.2 94.4099
11649.5 94.4094
11649.9 94.4089
11650.3 94.4084
11650.6 94.408
11651 94.4075
11651.4 94.4071
11651.7 94.4067
11652.1 94.4063
11652.5 94.4056
11652.8 94.4052
11653.2 94.4049
11653.6 94.4046
11653.9 94.4044
11654.3 94.4041
11654.7 94.4039
11655 94.4037
11655.4 94.4035
11655.8 94.4033
11656.1 94.4031
11656.5 94.403
11656.9 94.4028
11657.2 94.4027
11657.6 94.4025
11658 94.4024
11658.3 94.4024
11658.7 94.4023
11659.1 94.4021
11659.4 94.4019
11659.8 94.4017
11660.2 94.402
11660.5 94.4017
11660.9 94.4015
11661.3 94.4012
11661.6 94.4009
11662 94.4006
11662.4 94.4002
11662.7 94.3998
11663.1 94.3993
11663.5 94.3989
11663.8 94.3983
11664.2 94.3978
11664.5 94.3973
11664.9 94.3967
11665.3 94.396
11665.6 94.3953
11666 94.3946
11666.4 94.3938
11666.7 94.3938
11667.1 94.393
11667.5 94.3922
11667.8 94.3913
11668.2 94.3905
11668.6 94.3896
11668.9 94.3888
11669.3 94.3879
11669.7 94.387
11670 94.3861
11670.4 94.3851
11670.8 94.3837
11671.1 94.3827
11671.5 94.3816
11671.9 94.3805
11672.2 94.3794
11672.6 94.3783
11673 94.3778
11673.3 94.3767
11673.7 94.3755
11674.1 94.3744
11674.4 94.3733
11674.8 94.3721
11675.2 94.3709
11675.5 94.3697
11675.9 94.3685
11676.3 94.3672
11676.6 94.366
11677 94.3639
11677.4 94.3626
11677.7 94.3613
11678.1 94.36
11678.5 94.3588
11678.8 94.3576
11679.2 94.3565
11679.6 94.3557
11679.9 94.3546
11680.3 94.3537
11680.7 94.3528
11681 94.3521
11681.4 94.3513
11681.8 94.3507
11682.1 94.3501
11682.5 94.3496
11682.9 94.3492
11683.2 94.3483
11683.6 94.3479
11684 94.3475
11684.3 94.3472
11684.7 94.3469
11685.1 94.3466
11685.4 94.3463
11685.8 94.346
11686.2 94.3456
11686.5 94.3453
11686.9 94.345
11687.3 94.3447
11687.6 94.3443
11688 94.3439
11688.4 94.3436
11688.7 94.3432
11689.1 94.3426
11689.5 94.3423
11689.8 94.3419
11690.2 94.3416
11690.6 94.3413
11690.9 94.3409
11691.3 94.3406
11691.6 94.3402
11692 94.3399
11692.4 94.3395
11692.7 94.3393
11693.1 94.339
11693.5 94.3386
11693.8 94.3382
11694.2 94.3377
11694.6 94.3373
11694.9 94.3369
11695.3 94.3362
11695.7 94.3357
11696 94.3351
11696.4 94.3346
11696.8 94.334
11697.1 94.3334
11697.5 94.3328
11697.9 94.3322
11698.2 94.3315
11698.6 94.3309
11699 94.3302
11699.3 94.3298
11699.7 94.3291
11700.1 94.3284
11700.4 94.3276
11700.8 94.3269
11701.2 94.3261
11701.5 94.3248
11701.9 94.3239
11702.3 94.323
11702.6 94.3221
11703 94.3211
11703.4 94.3201
11703.7 94.3192
11704.1 94.3181
11704.5 94.3171
11704.8 94.3161
11705.2 94.3151
11705.6 94.3141
11705.9 94.313
11706.3 94.312
11706.7 94.311
11707 94.31
11707.4 94.309
11707.8 94.3069
11708.1 94.3059
11708.5 94.3049
11708.9 94.3039
11709.2 94.3028
11709.6 94.3018
11710 94.3008
11710.3 94.2997
11710.7 94.2987
11711.1 94.2977
11711.4 94.2967
11711.8 94.2958
11712.2 94.295
11712.5 94.2942
11712.9 94.2933
11713.3 94.2925
11713.6 94.2917
11714 94.2904
11714.4 94.2897
11714.7 94.2889
11715.1 94.2882
11715.5 94.2874
11715.8 94.2866
11716.2 94.2857
11716.6 94.2849
11716.9 94.284
11717.3 94.2831
11717.7 94.2822
11718 94.2813
11718.4 94.2803
11718.7 94.2799
11719.1 94.2789
11719.5 94.2779
11719.8 94.2765
11720.2 94.2753
11720.6 94.2742
11720.9 94.273
11721.3 94.2718
11721.7 94.2705
11722 94.2692
11722.4 94.2678
11722.8 94.2665
11723.1 94.2652
11723.5 94.2638
11723.9 94.2625
11724.2 94.2612
11724.6 94.2599
11725 94.2586
11725.3 94.2583
11725.7 94.257
11726.1 94.2555
11726.4 94.2543
11726.8 94.2532
11727.2 94.2521
11727.5 94.251
11727.9 94.25
11728.3 94.2489
11728.6 94.2479
11729 94.247
11729.4 94.246
11729.7 94.245
11730.1 94.2441
11730.5 94.2432
11730.8 94.2424
11731.2 94.2415
11731.6 94.2406
11731.9 94.2402
11732.3 94.2388
11732.7 94.2378
11733 94.2369
11733.4 94.2359
11733.8 94.2348
11734.1 94.2338
11734.5 94.2327
11734.9 94.2317
11735.2 94.2306
11735.6 94.2295
11736 94.2284
11736.3 94.2273
11736.7 94.2261
11737.1 94.2249
11737.4 94.2237
11737.8 94.2225
11738.2 94.2211
11738.5 94.2192
11738.9 94.2177
11739.3 94.2161
11739.6 94.2144
11740 94.2126
11740.4 94.2106
11740.7 94.2086
11741.1 94.2064
11741.5 94.2042
11741.8 94.2018
11742.2 94.1994
11742.6 94.1969
11742.9 94.1944
11743.3 94.1921
11743.7 94.1898
11744 94.1877
11744.4 94.1857
11744.8 94.1835
11745.1 94.1819
11745.5 94.1803
11745.8 94.1788
11746.2 94.1774
11746.6 94.176
11746.9 94.1746
11747.3 94.1732
11747.7 94.172
11748 94.1707
11748.4 94.1695
11748.8 94.1683
11749.1 94.1672
11749.5 94.1661
11749.9 94.1651
11750.2 94.1642
11750.6 94.1633
11751 94.162
11751.3 94.1617
11751.7 94.1609
11752.1 94.1601
11752.4 94.1593
11752.8 94.1585
11753.2 94.1578
11753.5 94.1571
11753.9 94.1563
11754.3 94.1556
11754.6 94.1548
11755 94.1541
11755.4 94.1533
11755.7 94.1526
11756.1 94.1519
11756.5 94.1513
11756.8 94.1504
11757.2 94.15
11757.6 94.1497
11757.9 94.1495
11758.3 94.1493
11758.7 94.1492
11759 94.1491
11759.4 94.149
11759.8 94.149
11760.1 94.149
11760.5 94.149
11760.9 94.149
11761.2 94.1491
11761.6 94.1491
11762 94.1491
11762.3 94.149
11762.7 94.149
11763.1 94.1487
11763.4 94.1485
11763.8 94.1483
11764.2 94.148
11764.5 94.1479
11764.9 94.1475
11765.3 94.1471
11765.6 94.1467
11766 94.1462
11766.4 94.1457
11766.7 94.1451
11767.1 94.1445
11767.5 94.1439
11767.8 94.1433
11768.2 94.1427
11768.6 94.1421
11768.9 94.1415
11769.3 94.1406
11769.7 94.14
11770 94.1394
11770.4 94.1388
11770.8 94.1382
11771.1 94.1378
11771.5 94.1372
11771.8 94.1367
11772.2 94.1362
11772.6 94.1358
11772.9 94.1355
11773.3 94.1353
11773.7 94.1352
11774 94.1352
11774.4 94.1352
11774.8 94.1353
11775.1 94.1354
11775.5 94.1352
11775.9 94.1353
11776.2 94.1354
11776.6 94.1355
11777 94.1356
11777.3 94.1355
11777.7 94.1356
11778.1 94.1357
11778.4 94.1358
11778.8 94.1359
11779.2 94.136
11779.5 94.1361
11779.9 94.1362
11780.3 94.1363
11780.6 94.1364
11781 94.1365
11781.4 94.1366
11781.7 94.1371
11782.1 94.1373
11782.5 94.1375
11782.8 94.1376
11783.2 94.1378
11783.6 94.1379
11783.9 94.1384
11784.3 94.1386
11784.7 94.1387
11785 94.1388
11785.4 94.1389
11785.8 94.139
11786.1 94.139
11786.5 94.139
11786.9 94.1389
11787.2 94.1388
11787.6 94.1389
11788 94.1387
11788.3 94.1383
11788.7 94.1379
11789.1 94.1374
11789.4 94.1369
11789.8 94.1363
11790.2 94.1356
11790.5 94.1356
11790.9 94.1348
11791.3 94.134
11791.6 94.1331
11792 94.1322
11792.4 94.1313
11792.7 94.1304
11793.1 94.1294
11793.5 94.1285
11793.8 94.1273
11794.2 94.1264
11794.6 94.1255
11794.9 94.1246
11795.3 94.1238
11795.7 94.123
11796 94.1223
11796.4 94.1216
11796.8 94.1209
11797.1 94.1207
11797.5 94.1201
11797.9 94.1195
11798.2 94.1189
11798.6 94.1184
11798.9 94.118
11799.3 94.1175
11799.7 94.1171
11800 94.1167
11800.4 94.1164
11800.8 94.1161
11801.1 94.1158
11801.5 94.1155
11801.9 94.1152
11802.2 94.1149
11802.6 94.1147
11803 94.1144
11803.3 94.1141
11803.7 94.1142
11804.1 94.1138
11804.4 94.1135
11804.8 94.1131
11805.2 94.1126
11805.5 94.1121
11805.9 94.1116
11806.3 94.1108
11806.6 94.1101
11807 94.1094
11807.4 94.1087
11807.7 94.108
11808.1 94.1073
11808.5 94.1066
11808.8 94.1059
11809.2 94.1051
11809.6 94.1044
11809.9 94.1037
11810.3 94.1033
11810.7 94.1026
11811 94.102
11811.4 94.1015
11811.8 94.101
11812.1 94.1005
11812.5 94.0998
11812.9 94.0994
11813.2 94.099
11813.6 94.0987
11814 94.0984
11814.3 94.0982
11814.7 94.098
11815.1 94.0978
11815.4 94.0977
11815.8 94.0976
11816.2 94.0976
11816.5 94.0978
11816.9 94.0978
11817.3 94.0978
11817.6 94.0979
11818 94.098
11818.4 94.0982
11818.7 94.0986
11819.1 94.0988
11819.5 94.099
11819.8 94.0992
11820.2 94.0993
11820.6 94.0995
11820.9 94.0997
11821.3 94.0998
11821.7 94.0999
11822 94.1
11822.4 94.1
11822.8 94.1
11823.1 94.1001
11823.5 94.1
11823.9 94.0998
11824.2 94.0996
11824.6 94.0994
11825 94.0991
11825.3 94.0988
11825.7 94.0984
11826 94.098
11826.4 94.0975
11826.8 94.097
11827.1 94.0964
11827.5 94.0958
11827.9 94.0951
11828.2 94.0944
11828.6 94.0935
11829 94.0926
11829.3 94.0916
11829.7 94.0911
11830.1 94.09
11830.4 94.0888
11830.8 94.0869
11831.2 94.0856
11831.5 94.0843
11831.9 94.0829
11832.3 94.0815
11832.6 94.0801
11833 94.0788
11833.4 94.0774
11833.7 94.0761
11834.1 94.0748
11834.5 94.0735
11834.8 94.0723
11835.2 94.0712
11835.6 94.0701
11835.9 94.0691
11836.3 94.0687
11836.7 94.0678
11837 94.0667
11837.4 94.0661
11837.8 94.0656
11838.1 94.0652
11838.5 94.0649
11838.9 94.0647
11839.2 94.0645
11839.6 94.0644
11840 94.0643
11840.3 94.0643
11840.7 94.0644
11841.1 94.0645
11841.4 94.0647
11841.8 94.0649
11842.2 94.0652
11842.5 94.0656
11842.9 94.0657
11843.3 94.0663
11843.6 94.0669
11844 94.0676
11844.4 94.0685
11844.7 94.0694
11845.1 94.0704
11845.5 94.0713
11845.8 94.0721
11846.2 94.0727
11846.6 94.0732
11846.9 94.0735
11847.3 94.0737
11847.7 94.0738
11848 94.0738
11848.4 94.0737
11848.8 94.0735
11849.1 94.0734
11849.5 94.073
11849.9 94.0727
11850.2 94.0723
11850.6 94.0719
11851 94.0715
11851.3 94.0711
11851.7 94.0707
11852 94.0703
11852.4 94.0699
11852.8 94.0695
11853.1 94.0692
11853.5 94.0688
11853.9 94.0686
11854.2 94.0683
11854.6 94.0681
11855 94.0679
11855.3 94.0675
11855.7 94.0672
11856.1 94.0671
11856.4 94.0669
11856.8 94.0668
11857.2 94.0668
11857.5 94.0668
11857.9 94.0667
11858.3 94.0667
11858.6 94.0667
11859 94.0666
11859.4 94.0666
11859.7 94.0666
11860.1 94.0665
11860.5 94.0664
11860.8 94.0663
11861.2 94.0663
11861.6 94.066
11861.9 94.066
11862.3 94.0659
11862.7 94.0659
11863 94.0659
11863.4 94.066
11863.8 94.0661
11864.1 94.0662
11864.5 94.0662
11864.9 94.0663
11865.2 94.0664
11865.6 94.0664
11866 94.0665
11866.3 94.0664
11866.7 94.0664
11867.1 94.0663
11867.4 94.0661
11867.8 94.0659
11868.2 94.0656
11868.5 94.0653
11868.9 94.0652
11869.3 94.0648
11869.6 94.0644
11870 94.064
11870.4 94.0636
11870.7 94.0631
11871.1 94.0626
11871.5 94.0621
11871.8 94.0615
11872.2 94.061
11872.6 94.0605
11872.9 94.0599
11873.3 94.0594
11873.7 94.0589
11874 94.0582
11874.4 94.0578
11874.8 94.0574
11875.1 94.0569
11875.5 94.0569
11875.9 94.0565
11876.2 94.0561
11876.6 94.0558
11877 94.0554
11877.3 94.0551
11877.7 94.0548
11878.1 94.0545
11878.4 94.0543
11878.8 94.0541
11879.1 94.0539
11879.5 94.0538
11879.9 94.0538
11880.2 94.0542
11880.6 94.0542
11881 94.0543
11881.3 94.0545
11881.7 94.0549
11882.1 94.055
11882.4 94.0552
11882.8 94.0553
11883.2 94.0554
11883.5 94.0555
11883.9 94.0556
11884.3 94.0556
11884.6 94.0557
11885 94.0557
11885.4 94.0557
11885.7 94.0557
11886.1 94.0557
11886.5 94.0561
11886.8 94.0561
11887.2 94.0562
11887.6 94.0562
11887.9 94.0562
11888.3 94.0567
11888.7 94.0567
11889 94.0568
11889.4 94.057
11889.8 94.0571
11890.1 94.0573
11890.5 94.0575
11890.9 94.0577
11891.2 94.0579
11891.6 94.0581
11892 94.0583
11892.3 94.0591
11892.7 94.0593
11893.1 94.0596
11893.4 94.0599
11893.8 94.0602
11894.2 94.0605
11894.5 94.0609
11894.9 94.0614
11895.3 94.0618
11895.6 94.0622
11896 94.0626
11896.4 94.063
11896.7 94.0634
11897.1 94.0638
11897.5 94.0642
11897.8 94.0646
11898.2 94.065
11898.6 94.0658
11898.9 94.0661
11899.3 94.0663
11899.7 94.0666
11900 94.0668
11900.4 94.067
11900.8 94.0671
11901.1 94.0672
11901.5 94.0676
11901.9 94.0676
11902.2 94.0676
11902.6 94.0675
11903 94.0673
11903.3 94.0671
11903.7 94.0668
11904.1 94.0665
11904.4 94.0661
11904.8 94.0659
11905.2 94.0654
11905.5 94.0649
11905.9 94.0644
11906.2 94.0638
11906.6 94.0632
11907 94.0627
11907.3 94.0621
11907.7 94.0615
11908.1 94.0617
11908.4 94.0611
11908.8 94.0606
11909.2 94.06
11909.5 94.0595
11909.9 94.059
11910.3 94.0586
11910.6 94.0582
11911 94.0581
11911.4 94.0578
11911.7 94.0575
11912.1 94.0571
11912.5 94.0569
11912.8 94.0566
11913.2 94.0564
11913.6 94.0562
11913.9 94.056
11914.3 94.0559
11914.7 94.0566
11915 94.0564
11915.4 94.0563
11915.8 94.0562
11916.1 94.0562
11916.5 94.0561
11916.9 94.0561
11917.2 94.0568
11917.6 94.0569
11918 94.0569
11918.3 94.0569
11918.7 94.057
11919.1 94.0571
11919.4 94.0573
11919.8 94.0574
11920.2 94.0576
11920.5 94.0577
11920.9 94.0587
11921.3 94.0589
11921.6 94.0591
11922 94.0593
11922.4 94.0596
11922.7 94.0598
11923.1 94.0609
11923.5 94.0612
11923.8 94.0614
11924.2 94.0617
11924.6 94.0619
11924.9 94.0622
11925.3 94.0624
11925.7 94.0627
11926 94.063
11926.4 94.0633
11926.8 94.0636
11927.1 94.0639
11927.5 94.0647
11927.9 94.0649
11928.2 94.0652
11928.6 94.0654
11929 94.0657
11929.3 94.0667
11929.7 94.0669
11930.1 94.0672
11930.4 94.0675
11930.8 94.0679
11931.2 94.0683
11931.5 94.0688
11931.9 94.0693
11932.3 94.07
11932.6 94.0707
11933 94.0715
11933.3 94.0723
11933.7 94.0731
11934.1 94.0738
11934.4 94.0746
11934.8 94.0753
11935.2 94.076
11935.5 94.0771
11935.9 94.0776
11936.3 94.078
11936.6 94.0784
11937 94.0787
11937.4 94.0789
11937.7 94.0791
11938.1 94.0793
11938.5 94.0794
11938.8 94.0795
11939.2 94.0796
11939.6 94.0797
11939.9 94.0797
11940.3 94.0798
11940.7 94.0804
11941 94.0804
11941.4 94.0805
11941.8 94.0811
11942.1 94.0811
11942.5 94.0812
11942.9 94.0812
11943.2 94.0813
11943.6 94.0813
11944 94.0813
11944.3 94.0814
11944.7 94.0814
11945.1 94.0814
11945.4 94.0813
11945.8 94.0813
11946.2 94.0812
11946.5 94.0811
11946.9 94.081
11947.3 94.0813
11947.6 94.0812
11948 94.0814
11948.4 94.0813
11948.7 94.0813
11949.1 94.0813
11949.5 94.0813
11949.8 94.0813
11950.2 94.0814
11950.6 94.0814
11950.9 94.0816
11951.3 94.0817
11951.7 94.0818
11952 94.0819
11952.4 94.082
11952.8 94.0821
11953.1 94.0822
11953.5 94.0823
11953.9 94.0823
11954.2 94.0824
11954.6 94.0824
11955 94.0823
11955.3 94.0822
11955.7 94.0821
11956.1 94.0819
11956.4 94.0816
11956.8 94.0814
11957.2 94.081
11957.5 94.0806
11957.9 94.0802
11958.3 94.0797
11958.6 94.0791
11959 94.0785
11959.3 94.078
11959.7 94.0774
11960.1 94.0775
11960.4 94.077
11960.8 94.0765
11961.2 94.076
11961.5 94.0755
11961.9 94.075
11962.3 94.0746
11962.6 94.0742
11963 94.0739
11963.4 94.0737
11963.7 94.0735
11964.1 94.0733
11964.5 94.0732
11964.8 94.0731
11965.2 94.073
11965.6 94.073
11965.9 94.073
11966.3 94.0735
11966.7 94.0739
11967 94.074
11967.4 94.0741
11967.8 94.0742
11968.1 94.0744
11968.5 94.0746
11968.9 94.0747
11969.2 94.075
11969.6 94.0752
11970 94.0754
11970.3 94.0757
11970.7 94.0761
11971.1 94.0764
11971.4 94.0768
11971.8 94.0773
11972.2 94.0779
11972.5 94.0786
11972.9 94.0794
11973.3 94.0795
11973.6 94.0803
11974 94.0813
11974.4 94.0824
11974.7 94.0837
11975.1 94.0851
11975.5 94.0866
11975.8 94.0881
11976.2 94.0897
11976.6 94.0911
11976.9 94.0924
11977.3 94.0937
11977.7 94.0948
11978 94.0958
11978.4 94.0967
11978.8 94.0977
11979.1 94.0984
11979.5 94.0991
11979.9 94.0993
11980.2 94.0999
11980.6 94.1004
11981 94.1008
11981.3 94.1012
11981.7 94.1015
11982.1 94.1018
11982.4 94.1021
11982.8 94.1023
11983.2 94.1025
11983.5 94.1026
11983.9 94.1027
11984.3 94.1028
11984.6 94.1029
11985 94.1028
11985.4 94.1027
11985.7 94.1026
11986.1 94.1024
11986.4 94.1021
11986.8 94.1018
11987.2 94.1015
11987.5 94.1012
11987.9 94.1008
11988.3 94.1005
11988.6 94.1001
11989 94.0997
11989.4 94.0993
11989.7 94.0988
11990.1 94.0984
11990.5 94.098
11990.8 94.0966
11991.2 94.0963
11991.6 94.096
11991.9 94.0957
11992.3 94.0955
11992.7 94.0946
11993 94.0944
11993.4 94.0942
11993.8 94.094
11994.1 94.0939
11994.5 94.0938
11994.9 94.0937
11995.2 94.0935
11995.6 94.0934
11996 94.0934
11996.3 94.0933
11996.7 94.0933
11997.1 94.0928
11997.4 94.0929
11997.8 94.0931
11998.2 94.0934
11998.5 94.0937
11998.9 94.0941
11999.3 94.0937
11999.6 94.0943
12000 94.0948
12000.4 94.0955
12000.7 94.0961
12001.1 94.0969
12001.5 94.0976
12001.8 94.0985
12002.2 94.0993
12002.6 94.1003
12002.9 94.1012
12003.3 94.1021
12003.7 94.1031
12004 94.1042
12004.4 94.1053
12004.8 94.1064
12005.1 94.1075
12005.5 94.1085
12005.9 94.1085
12006.2 94.1095
12006.6 94.1106
12007 94.1116
12007.3 94.1127
12007.7 94.1138
12008.1 94.1149
12008.4 94.1161
12008.8 94.1173
12009.2 94.1185
12009.5 94.1198
12009.9 94.1213
12010.3 94.1228
12010.6 94.1245
12011 94.1262
12011.4 94.128
12011.7 94.1298
12012.1 94.1315
12012.5 94.1314
12012.8 94.1331
12013.2 94.1348
12013.5 94.1362
12013.9 94.1376
12014.3 94.1388
12014.6 94.1398
12015 94.1408
12015.4 94.1415
12015.7 94.1418
12016.1 94.1423
12016.5 94.1427
12016.8 94.143
12017.2 94.1432
12017.6 94.1433
12017.9 94.1433
12018.3 94.1433
12018.7 94.1432
12019 94.1428
12019.4 94.1428
12019.8 94.1427
12020.1 94.1425
12020.5 94.1424
12020.9 94.1423
12021.2 94.1422
12021.6 94.1421
12022 94.1417
12022.3 94.1416
12022.7 94.1416
12023.1 94.1415
12023.4 94.1415
12023.8 94.1415
12024.2 94.1416
12024.5 94.1417
12024.9 94.1418
12025.3 94.1415
12025.6 94.1416
12026 94.1418
12026.4 94.1419
12026.7 94.1421
12027.1 94.1423
12027.5 94.1424
12027.8 94.1422
12028.2 94.1422
12028.6 94.1423
12028.9 94.1423
12029.3 94.1423
12029.7 94.1423
12030 94.1422
12030.4 94.1421
12030.8 94.1421
12031.1 94.142
12031.5 94.142
12031.9 94.1415
12032.2 94.1415
12032.6 94.1415
12033 94.1415
12033.3 94.1415
12033.7 94.1416
12034.1 94.1412
12034.4 94.1414
12034.8 94.1416
12035.2 94.1418
12035.5 94.1421
12035.9 94.1423
12036.3 94.1426
12036.6 94.1428
12037 94.1431
12037.4 94.1433
12037.7 94.1436
12038.1 94.1438
12038.5 94.1438
12038.8 94.1441
12039.2 94.1444
12039.5 94.1447
12039.9 94.1451
12040.3 94.1457
12040.6 94.1461
12041 94.1465
12041.4 94.147
12041.7 94.1474
12042.1 94.1479
12042.5 94.1485
12042.8 94.149
12043.2 94.1496
12043.6 94.1502
12043.9 94.1508
12044.3 94.1514
12044.7 94.152
12045 94.1524
12045.4 94.153
12045.8 94.1536
12046.1 94.1541
12046.5 94.1549
12046.9 94.1553
12047.2 94.1557
12047.6 94.1561
12048 94.1564
12048.3 94.1567
12048.7 94.1569
12049.1 94.1571
12049.4 94.1573
12049.8 94.1574
12050.2 94.1574
12050.5 94.1573
12050.9 94.1572
12051.3 94.157
12051.6 94.1568
12052 94.1564
12052.4 94.156
12052.7 94.155
12053.1 94.1544
12053.5 94.1537
12053.8 94.153
12054.2 94.1521
12054.6 94.1512
12054.9 94.1503
12055.3 94.1492
12055.7 94.1482
12056 94.147
12056.4 94.1459
12056.8 94.1447
12057.1 94.1436
12057.5 94.1424
12057.9 94.1412
12058.2 94.1401
12058.6 94.1379
12059 94.1368
12059.3 94.1357
12059.7 94.1347
12060.1 94.1337
12060.4 94.1328
12060.8 94.1319
12061.2 94.1309
12061.5 94.13
12061.9 94.1291
12062.3 94.1282
12062.6 94.1274
12063 94.1265
12063.4 94.1256
12063.7 94.1248
12064.1 94.1239
12064.5 94.1234
12064.8 94.1221
12065.2 94.1214
12065.6 94.1207
12065.9 94.12
12066.3 94.1194
12066.6 94.1187
12067 94.1181
12067.4 94.1175
12067.7 94.1169
12068.1 94.1163
12068.5 94.1157
12068.8 94.1151
12069.2 94.1145
12069.6 94.114
12069.9 94.1134
12070.3 94.1129
12070.7 94.1123
12071 94.1117
12071.4 94.1112
12071.8 94.1106
12072.1 94.11
12072.5 94.1094
12072.9 94.1087
12073.2 94.108
12073.6 94.1073
12074 94.1065
12074.3 94.1057
12074.7 94.1049
12075.1 94.1041
12075.4 94.1034
12075.8 94.1026
12076.2 94.1019
12076.5 94.1012
12076.9 94.1005
12077.3 94.0995
12077.6 94.0992
12078 94.0987
12078.4 94.0982
12078.7 94.0978
12079.1 94.0974
12079.5 94.097
12079.8 94.0966
12080.2 94.0963
12080.6 94.096
12080.9 94.0957
12081.3 94.0954
12081.7 94.0951
12082 94.0948
12082.4 94.0944
12082.8 94.0941
12083.1 94.0937
12083.5 94.0928
12083.9 94.0922
12084.2 94.0917
12084.6 94.091
12085 94.0903
12085.3 94.0894
12085.7 94.0885
12086.1 94.0874
12086.4 94.0863
12086.8 94.0852
12087.2 94.0839
12087.5 94.0827
12087.9 94.0813
12088.3 94.08
12088.6 94.0786
12089 94.0772
12089.4 94.0757
12089.7 94.0734
12090.1 94.072
12090.5 94.0706
12090.8 94.0698
12091.2 94.0684
12091.6 94.067
12091.9 94.0656
12092.3 94.0643
12092.7 94.0629
12093 94.0616
12093.4 94.0604
12093.7 94.0591
12094.1 94.0579
12094.5 94.0566
12094.8 94.0555
12095.2 94.0543
12095.6 94.0525
12095.9 94.0514
12096.3 94.0503
12096.7 94.0493
12097 94.0486
12097.4 94.0477
12097.8 94.0468
12098.1 94.046
12098.5 94.0452
12098.9 94.0445
12099.2 94.0439
12099.6 94.0433
12100 94.0428
12100.3 94.0424
12100.7 94.042
12101.1 94.0417
12101.4 94.0414
12101.8 94.0407
12102.2 94.0405
12102.5 94.0402
12102.9 94.04
12103.3 94.0398
12103.6 94.0393
12104 94.039
12104.4 94.0387
12104.7 94.0383
12105.1 94.0378
12105.5 94.0373
12105.8 94.0367
12106.2 94.0361
12106.6 94.0353
12106.9 94.0345
12107.3 94.0337
12107.7 94.0327
12108 94.0311
12108.4 94.0301
12108.8 94.029
12109.1 94.0279
12109.5 94.0268
12109.9 94.0256
12110.2 94.0251
12110.6 94.0239
12111 94.0228
12111.3 94.0217
12111.7 94.0206
12112.1 94.0196
12112.4 94.0186
12112.8 94.0176
12113.2 94.0166
12113.5 94.0157
12113.9 94.0149
12114.3 94.0139
12114.6 94.0132
12115 94.0125
12115.4 94.0119
12115.7 94.0113
12116.1 94.0108
12116.5 94.0104
12116.8 94.0104
12117.2 94.01
12117.6 94.0097
12117.9 94.0095
12118.3 94.0092
12118.7 94.009
12119 94.0088
12119.4 94.0086
12119.8 94.0084
12120.1 94.0082
12120.5 94.0078
12120.8 94.0074
12121.2 94.007
12121.6 94.0065
12121.9 94.0059
12122.3 94.0052
12122.7 94.0045
12123 94.0037
12123.4 94.0029
12123.8 94.0019
12124.1 94.0009
12124.5 93.9998
12124.9 93.9987
12125.2 93.9976
12125.6 93.9965
12126 93.9953
12126.3 93.9931
12126.7 93.992
12127.1 93.991
12127.4 93.9899
12127.8 93.989
12128.2 93.9881
12128.5 93.9872
12128.9 93.9864
12129.3 93.9856
12129.6 93.9848
12130 93.9841
12130.4 93.9834
12130.7 93.9828
12131.1 93.9821
12131.5 93.9814
12131.8 93.9808
12132.2 93.9801
12132.6 93.979
12132.9 93.9784
12133.3 93.9778
12133.7 93.9773
12134 93.9769
12134.4 93.9764
12134.8 93.9761
12135.1 93.9758
12135.5 93.9755
12135.9 93.9753
12136.2 93.975
12136.6 93.9748
12137 93.9747
12137.3 93.9746
12137.7 93.9745
12138.1 93.9745
12138.4 93.9745
12138.8 93.9742
12139.2 93.9742
12139.5 93.9743
12139.9 93.9744
12140.3 93.9745
12140.6 93.9747
12141 93.9749
12141.4 93.9752
12141.7 93.9756
12142.1 93.9761
12142.5 93.9767
12142.8 93.9761
12143.2 93.9768
12143.6 93.9776
12143.9 93.9785
12144.3 93.9794
12144.7 93.9802
12145 93.9805
12145.4 93.9812
12145.8 93.9819
12146.1 93.9824
12146.5 93.9829
12146.8 93.9833
12147.2 93.9837
12147.6 93.984
12147.9 93.9843
12148.3 93.9845
12148.7 93.9847
12149 93.9848
12149.4 93.9845
12149.8 93.9847
12150.1 93.9848
12150.5 93.9848
12150.9 93.9848
12151.2 93.9847
12151.6 93.9847
12152 93.9847
12152.3 93.9847
12152.7 93.9847
12153.1 93.9846
12153.4 93.9845
12153.8 93.9845
12154.2 93.9843
12154.5 93.9842
12154.9 93.9841
12155.3 93.9839
12155.6 93.9837
12156 93.9833
12156.4 93.9831
12156.7 93.9828
12157.1 93.9824
12157.5 93.9816
12157.8 93.9811
12158.2 93.9807
12158.6 93.9803
12158.9 93.9799
12159.3 93.9794
12159.7 93.9789
12160 93.9783
12160.4 93.9778
12160.8 93.9773
12161.1 93.9767
12161.5 93.9762
12161.9 93.9757
12162.2 93.9752
12162.6 93.9747
12163 93.9742
12163.3 93.9733
12163.7 93.9729
12164.1 93.9725
12164.4 93.972
12164.8 93.9716
12165.2 93.9711
12165.5 93.9706
12165.9 93.9701
12166.3 93.9696
12166.6 93.9691
12167 93.9686
12167.4 93.9681
12167.7 93.9677
12168.1 93.9672
12168.5 93.9668
12168.8 93.9666
12169.2 93.9662
12169.6 93.9656
12169.9 93.9652
12170.3 93.9648
12170.7 93.9645
12171 93.9641
12171.4 93.9638
12171.8 93.9636
12172.1 93.9633
12172.5 93.9631
12172.9 93.963
12173.2 93.9629
12173.6 93.9629
12173.9 93.9629
12174.3 93.9628
12174.7 93.9628
12175 93.9627
12175.4 93.9626
12175.8 93.9623
12176.1 93.9621
12176.5 93.9618
12176.9 93.9615
12177.2 93.9611
12177.6 93.9607
12178 93.9602
12178.3 93.9596
12178.7 93.959
12179.1 93.9584
12179.4 93.9578
12179.8 93.9571
12180.2 93.9565
12180.5 93.9558
12180.9 93.9552
12181.3 93.9545
12181.6 93.9539
12182 93.9531
12182.4 93.9525
12182.7 93.952
12183.1 93.9514
12183.5 93.951
12183.8 93.9507
12184.2 93.9504
12184.6 93.9501
12184.9 93.9499
12185.3 93.9498
12185.7 93.9497
12186 93.9495
12186.4 93.9495
12186.8 93.9494
12187.1 93.9494
12187.5 93.9494
12187.9 93.9494
12188.2 93.9493
12188.6 93.9492
12189 93.9493
12189.3 93.9495
12189.7 93.9498
12190.1 93.95
12190.4 93.9503
12190.8 93.9506
12191.2 93.9509
12191.5 93.9512
12191.9 93.9515
12192.3 93.9518
12192.6 93.9521
12193 93.9523
12193.4 93.9524
12193.7 93.9524
12194.1 93.9521
12194.5 93.952
12194.8 93.9517
12195.2 93.9514
12195.6 93.951
12195.9 93.9506
12196.3 93.9501
12196.7 93.9495
12197 93.9488
12197.4 93.948
12197.8 93.9472
12198.1 93.9463
12198.5 93.9454
12198.9 93.9444
12199.2 93.9433
12199.6 93.9422
12200 93.9411
12200.3 93.9391
12200.7 93.9379
12201 93.9368
12201.4 93.9356
12201.8 93.9349
12202.1 93.9338
12202.5 93.9328
12202.9 93.9319
12203.2 93.931
12203.6 93.9303
12204 93.9296
12204.3 93.929
12204.7 93.9284
12205.1 93.928
12205.4 93.9275
12205.8 93.9272
12206.2 93.9268
12206.5 93.9265
12206.9 93.9263
12207.3 93.9261
12207.6 93.9259
12208 93.926
12208.4 93.9259
12208.7 93.9259
12209.1 93.9259
12209.5 93.926
12209.8 93.9261
12210.2 93.9263
12210.6 93.9265
12210.9 93.9268
12211.3 93.927
12211.7 93.9272
12212 93.9275
12212.4 93.9277
12212.8 93.928
12213.1 93.9281
12213.5 93.9282
12213.9 93.9282
12214.2 93.9283
12214.6 93.9283
12215 93.9283
12215.3 93.9283
12215.7 93.9283
12216.1 93.9283
12216.4 93.9283
12216.8 93.9283
12217.2 93.9284
12217.5 93.9284
12217.9 93.9284
12218.3 93.9285
12218.6 93.9285
12219 93.9282
12219.4 93.9282
12219.7 93.9281
12220.1 93.9279
12220.5 93.9278
12220.8 93.9275
12221.2 93.9271
12221.6 93.9268
12221.9 93.9264
12222.3 93.926
12222.7 93.9255
12223 93.925
12223.4 93.9244
12223.8 93.9238
12224.1 93.9232
12224.5 93.9226
12224.9 93.922
12225.2 93.921
12225.6 93.9205
12226 93.9199
12226.3 93.9194
12226.7 93.9189
12227 93.9185
12227.4 93.9182
12227.8 93.9181
12228.1 93.9178
12228.5 93.9176
12228.9 93.9174
12229.2 93.9173
12229.6 93.9172
12230 93.9172
12230.3 93.9172
12230.7 93.9172
12231.1 93.9174
12231.4 93.9174
12231.8 93.9174
12232.2 93.9174
12232.5 93.9174
12232.9 93.9173
12233.3 93.9172
12233.6 93.9172
12234 93.9171
12234.4 93.9173
12234.7 93.9172
12235.1 93.917
12235.5 93.9168
12235.8 93.9167
12236.2 93.9164
12236.6 93.9162
12236.9 93.9159
12237.3 93.9156
12237.7 93.9152
12238 93.9147
12238.4 93.9142
12238.8 93.9136
12239.1 93.913
12239.5 93.9123
12239.9 93.9116
12240.2 93.9108
12240.6 93.9104
12241 93.9096
12241.3 93.9088
12241.7 93.908
12242.1 93.9072
12242.4 93.9065
12242.8 93.9057
12243.2 93.9049
12243.5 93.904
12243.9 93.9034
12244.3 93.9028
12244.6 93.9023
12245 93.9019
12245.4 93.9015
12245.7 93.9011
12246.1 93.9008
12246.5 93.9005
12246.8 93.9003
12247.2 93.9004
12247.6 93.9002
12247.9 93.9
12248.3 93.8998
12248.7 93.8996
12249 93.8994
12249.4 93.8992
12249.8 93.8993
12250.1 93.899
12250.5 93.8988
12250.9 93.8986
12251.2 93.8984
12251.6 93.8982
12252 93.898
12252.3 93.8979
12252.7 93.8977
12253.1 93.8976
12253.4 93.8974
12253.8 93.8975
12254.1 93.8973
12254.5 93.8971
12254.9 93.8969
12255.2 93.8966
12255.6 93.8963
12256 93.8959
12256.3 93.8956
12256.7 93.8951
12257.1 93.8947
12257.4 93.8942
12257.8 93.8937
12258.2 93.8932
12258.5 93.8926
12258.9 93.8919
12259.3 93.8913
12259.6 93.8906
12260 93.8899
12260.4 93.8897
12260.7 93.8889
12261.1 93.8881
12261.5 93.8873
12261.8 93.8863
12262.2 93.8854
12262.6 93.8846
12262.9 93.8837
12263.3 93.8829
12263.7 93.882
12264 93.8812
12264.4 93.8804
12264.8 93.8796
12265.1 93.8789
12265.5 93.8782
12265.9 93.8776
12266.2 93.877
12266.6 93.8765
12267 93.8763
12267.3 93.8758
12267.7 93.8754
12268.1 93.8749
12268.4 93.8746
12268.8 93.8743
12269.2 93.8739
12269.5 93.8736
12269.9 93.8734
12270.3 93.8731
12270.6 93.8728
12271 93.8725
12271.4 93.8723
12271.7 93.872
12272.1 93.8718
12272.5 93.8715
12272.8 93.8713
12273.2 93.871
12273.6 93.871
12273.9 93.8707
12274.3 93.8703
12274.7 93.8699
12275 93.8695
12275.4 93.869
12275.8 93.8685
12276.1 93.868
12276.5 93.8674
12276.9 93.8667
12277.2 93.8661
12277.6 93.8654
12278 93.8648
12278.3 93.8642
12278.7 93.8636
12279.1 93.8632
12279.4 93.8627
12279.8 93.8627
12280.2 93.8623
12280.5 93.8621
12280.9 93.8619
12281.2 93.8618
12281.6 93.8617
12282 93.8616
12282.3 93.8616
12282.7 93.8615
12283.1 93.8616
12283.4 93.8616
12283.8 93.8616
12284.2 93.8616
12284.5 93.8616
12284.9 93.8616
12285.3 93.8616
12285.6 93.8616
12286 93.8616
12286.4 93.8618
12286.7 93.8619
12287.1 93.8618
12287.5 93.8618
12287.8 93.8618
12288.2 93.8618
12288.6 93.8618
12288.9 93.8618
12289.3 93.8618
12289.7 93.8619
12290 93.862
12290.4 93.8621
12290.8 93.8622
12291.1 93.8624
12291.5 93.8625
12291.9 93.8627
12292.2 93.8629
12292.6 93.8632
12293 93.8633
12293.3 93.8634
12293.7 93.8635
12294.1 93.8636
12294.4 93.8636
12294.8 93.8635
12295.2 93.8634
12295.5 93.8632
12295.9 93.8629
12296.3 93.8627
12296.6 93.8623
12297 93.862
12297.4 93.8616
12297.7 93.8613
12298.1 93.8609
12298.5 93.8605
12298.8 93.8599
12299.2 93.8596
12299.6 93.8594
12299.9 93.8591
12300.3 93.8587
12300.7 93.8583
12301 93.8578
12301.4 93.8574
12301.8 93.8568
12302.1 93.8563
12302.5 93.8558
12302.9 93.8552
12303.2 93.8547
12303.6 93.8541
12304 93.8535
12304.3 93.8529
12304.7 93.8522
12305.1 93.8515
12305.4 93.8509
12305.8 93.8502
12306.2 93.8501
12306.5 93.8495
12306.9 93.8488
12307.3 93.8481
12307.6 93.8475
12308 93.8468
12308.3 93.8462
12308.7 93.8455
12309.1 93.8448
12309.4 93.8442
12309.8 93.8436
12310.2 93.843
12310.5 93.8424
12310.9 93.8419
12311.3 93.8413
12311.6 93.8407
12312 93.8401
12312.4 93.8401
12312.7 93.8395
12313.1 93.8389
12313.5 93.8382
12313.8 93.8375
12314.2 93.8368
12314.6 93.8361
12314.9 93.8353
12315.3 93.8345
12315.7 93.8338
12316 93.833
12316.4 93.8322
12316.8 93.8314
12317.1 93.8306
12317.5 93.8297
12317.9 93.8289
12318.2 93.8282
12318.6 93.8275
12319 93.8276
12319.3 93.827
12319.7 93.8264
12320.1 93.8258
12320.4 93.8254
12320.8 93.8249
12321.2 93.8246
12321.5 93.8243
12321.9 93.824
12322.3 93.8238
12322.6 93.8236
12323 93.8235
12323.4 93.8234
12323.7 93.8237
12324.1 93.8237
12324.5 93.8237
12324.8 93.8237
12325.2 93.8238
12325.6 93.8241
12325.9 93.8242
12326.3 93.8243
12326.7 93.8245
12327 93.8246
12327.4 93.8248
12327.8 93.8249
12328.1 93.8251
12328.5 93.8253
12328.9 93.8255
12329.2 93.8257
12329.6 93.8261
12330 93.8263
12330.3 93.8265
12330.7 93.8267
12331.1 93.8269
12331.4 93.8271
12331.8 93.8274
12332.2 93.8276
12332.5 93.8279
12332.9 93.8282
12333.3 93.8286
12333.6 93.829
12334 93.8294
12334.3 93.8298
12334.7 93.8303
12335.1 93.8308
12335.4 93.8313
12335.8 93.8322
12336.2 93.8327
12336.5 93.8333
12336.9 93.8337
12337.3 93.8342
12337.6 93.8347
12338 93.8351
12338.4 93.8354
12338.7 93.836
12339.1 93.8363
12339.5 93.8366
12339.8 93.8369
12340.2 93.8371
12340.6 93.8372
12340.9 93.8374
12341.3 93.8375
12341.7 93.8376
12342 93.838
12342.4 93.8381
12342.8 93.8381
12343.1 93.838
12343.5 93.838
12343.9 93.8379
12344.2 93.8378
12344.6 93.8377
12345 93.8375
12345.3 93.8379
12345.7 93.8378
12346.1 93.8377
12346.4 93.8375
12346.8 93.8374
12347.2 93.8372
12347.5 93.837
12347.9 93.8369
12348.3 93.837
12348.6 93.8368
12349 93.8366
12349.4 93.8364
12349.7 93.8362
12350.1 93.8359
12350.5 93.8357
12350.8 93.8355
12351.2 93.8352
12351.6 93.8353
12351.9 93.835
12352.3 93.8347
12352.7 93.8344
12353 93.8341
12353.4 93.8338
12353.8 93.8335
12354.1 93.8332
12354.5 93.8328
12354.9 93.8325
12355.2 93.8322
12355.6 93.832
12356 93.8317
12356.3 93.8315
12356.7 93.8313
12357.1 93.8311
12357.4 93.831
12357.8 93.8308
12358.2 93.8308
12358.5 93.8306
12358.9 93.8304
12359.3 93.8303
12359.6 93.8301
12360 93.8299
12360.4 93.8296
12360.7 93.8294
12361.1 93.8291
12361.4 93.8288
12361.8 93.8286
12362.2 93.8283
12362.5 93.828
12362.9 93.8277
12363.3 93.8273
12363.6 93.827
12364 93.8266
12364.4 93.8261
12364.7 93.8259
12365.1 93.8254
12365.5 93.8249
12365.8 93.8243
12366.2 93.8237
12366.6 93.8226
12366.9 93.8219
12367.3 93.8212
12367.7 93.8205
12368 93.8197
12368.4 93.819
12368.8 93.8182
12369.1 93.8174
12369.5 93.8165
12369.9 93.8157
12370.2 93.8148
12370.6 93.8138
12371 93.8129
12371.3 93.8121
12371.7 93.8112
12372.1 93.8102
12372.4 93.8092
12372.8 93.8077
12373.2 93.8068
12373.5 93.806
12373.9 93.8053
12374.3 93.8045
12374.6 93.8038
12375 93.8031
12375.4 93.8025
12375.7 93.8018
12376.1 93.8012
12376.5 93.8006
12376.8 93.8
12377.2 93.7994
12377.6 93.7989
12377.9 93.7988
12378.3 93.7982
12378.7 93.7976
12379 93.797
12379.4 93.7963
12379.8 93.7956
12380.1 93.7949
12380.5 93.7941
12380.9 93.7933
12381.2 93.7924
12381.6 93.7915
12382 93.7906
12382.3 93.7897
12382.7 93.7887
12383.1 93.7877
12383.4 93.7867
12383.8 93.7856
12384.2 93.7852
12384.5 93.7841
12384.9 93.783
12385.3 93.7813
12385.6 93.7801
12386 93.779
12386.4 93.7779
12386.7 93.7769
12387.1 93.7758
12387.5 93.7748
12387.8 93.7737
12388.2 93.7727
12388.5 93.7717
12388.9 93.7707
12389.3 93.7698
12389.6 93.7688
12390 93.7679
12390.4 93.767
12390.7 93.7664
12391.1 93.7656
12391.5 93.7644
12391.8 93.7637
12392.2 93.7631
12392.6 93.7625
12392.9 93.7619
12393.3 93.7615
12393.7 93.761
12394 93.7606
12394.4 93.7602
12394.8 93.7598
12395.1 93.7595
12395.5 93.7591
12395.9 93.7588
12396.2 93.7585
12396.6 93.7581
12397 93.7578
12397.3 93.7579
12397.7 93.7576
12398.1 93.7572
12398.4 93.7568
12398.8 93.7564
12399.2 93.7559
12399.5 93.7554
12399.9 93.7549
12400.3 93.7543
12400.6 93.7537
12401 93.7531
12401.4 93.7524
12401.7 93.7517
12402.1 93.7509
12402.5 93.7501
12402.8 93.7493
12403.2 93.7485
12403.6 93.7476
12403.9 93.7474
12404.3 93.7466
12404.7 93.7458
12405 93.745
12405.4 93.7443
12405.8 93.7435
12406.1 93.7428
12406.5 93.7422
12406.9 93.7415
12407.2 93.7409
12407.6 93.7403
12408 93.7398
12408.3 93.7392
12408.7 93.7387
12409.1 93.7381
12409.4 93.7376
12409.8 93.7371
12410.2 93.7366
12410.5 93.7365
12410.9 93.736
12411.3 93.7356
12411.6 93.7352
12412 93.7348
12412.4 93.7344
12412.7 93.7341
12413.1 93.7338
12413.5 93.7335
12413.8 93.7332
12414.2 93.733
12414.5 93.7328
12414.9 93.7326
12415.3 93.7324
12415.6 93.7322
12416 93.7319
12416.4 93.7317
12416.7 93.7315
12417.1 93.7314
12417.5 93.7312
12417.8 93.7311
12418.2 93.7309
12418.6 93.7306
12418.9 93.7304
12419.3 93.7301
12419.7 93.7298
12420 93.7295
12420.4 93.7291
12420.8 93.7287
12421.1 93.7282
12421.5 93.7278
12421.9 93.7273
12422.2 93.7268
12422.6 93.7263
12423 93.7258
12423.3 93.7259
12423.7 93.7254
12424.1 93.7249
12424.4 93.7243
12424.8 93.7237
12425.2 93.7232
12425.5 93.7226
12425.9 93.722
12426.3 93.7215
12426.6 93.7209
12427 93.7203
12427.4 93.7198
12427.7 93.7192
12428.1 93.7186
12428.5 93.718
12428.8 93.7175
12429.2 93.7169
12429.6 93.7164
12429.9 93.7164
12430.3 93.7158
12430.7 93.7153
12431 93.7147
12431.4 93.7142
12431.8 93.7136
12432.1 93.7131
12432.5 93.7125
12432.9 93.7119
12433.2 93.7113
12433.6 93.7107
12434 93.71
12434.3 93.7092
12434.7 93.7084
12435.1 93.7076
12435.4 93.7068
12435.8 93.7059
12436.2 93.705
12436.5 93.7047
12436.9 93.7037
12437.3 93.7028
12437.6 93.7018
12438 93.7008
12438.4 93.6998
12438.7 93.6987
12439.1 93.6976
12439.5 93.6965
12439.8 93.6953
12440.2 93.6941
12440.6 93.6922
12440.9 93.6909
12441.3 93.6895
12441.6 93.688
12442 93.6865
12442.4 93.685
12442.7 93.6834
12443.1 93.6826
12443.5 93.6809
12443.8 93.6793
12444.2 93.6776
12444.6 93.6759
12444.9 93.6742
12445.3 93.6725
12445.7 93.6709
12446 93.6692
12446.4 93.6676
12446.8 93.6652
12447.1 93.6636
12447.5 93.662
12447.9 93.6605
12448.2 93.659
12448.6 93.6574
12449 93.6559
12449.3 93.6545
12449.7 93.6537
12450.1 93.6523
12450.4 93.6509
12450.8 93.6495
12451.2 93.6481
12451.5 93.6469
12451.9 93.6456
12452.3 93.6444
12452.6 93.6433
12453 93.6416
12453.4 93.6406
12453.7 93.6396
12454.1 93.6387
12454.5 93.6379
12454.8 93.637
12455.2 93.6362
12455.6 93.6355
12455.9 93.6349
12456.3 93.6342
12456.7 93.6335
12457 93.6328
12457.4 93.6321
12457.8 93.6315
12458.1 93.6308
12458.5 93.6301
12458.9 93.6295
12459.2 93.6283
12459.6 93.6277
12460 93.627
12460.3 93.6264
12460.7 93.6257
12461.1 93.625
12461.4 93.6243
12461.8 93.6235
12462.2 93.6228
12462.5 93.6223
12462.9 93.6215
12463.3 93.6206
12463.6 93.6197
12464 93.6188
12464.4 93.6178
12464.7 93.6168
12465.1 93.6152
12465.5 93.6141
12465.8 93.613
12466.2 93.6118
12466.6 93.6106
12466.9 93.6094
12467.3 93.6081
12467.7 93.6067
12468 93.6053
12468.4 93.6038
12468.7 93.6023
12469.1 93.6015
12469.5 93.5999
12469.8 93.5984
12470.2 93.5968
12470.6 93.5952
12470.9 93.5937
12471.3 93.5914
12471.7 93.5899
12472 93.5884
12472.4 93.587
12472.8 93.5856
12473.1 93.5842
12473.5 93.5829
12473.9 93.5816
12474.2 93.5804
12474.6 93.5792
12475 93.578
12475.3 93.577
12475.7 93.5763
12476.1 93.5753
12476.4 93.5744
12476.8 93.5735
12477.2 93.5728
12477.5 93.5716
12477.9 93.571
12478.3 93.5704
12478.6 93.5699
12479 93.5694
12479.4 93.5689
12479.7 93.5685
12480.1 93.568
12480.5 93.5675
12480.8 93.567
12481.2 93.5665
12481.6 93.566
12481.9 93.5655
12482.3 93.565
12482.7 93.5644
12483 93.5638
12483.4 93.5632
12483.8 93.562
12484.1 93.5613
12484.5 93.5606
12484.9 93.5598
12485.2 93.559
12485.6 93.5582
12486 93.5573
12486.3 93.5565
12486.7 93.5556
12487.1 93.5548
12487.4 93.5539
12487.8 93.553
12488.2 93.5521
12488.5 93.5517
12488.9 93.5508
12489.3 93.5498
12489.6 93.5489
12490 93.5475
12490.4 93.5465
12490.7 93.5455
12491.1 93.5444
12491.5 93.5433
12491.8 93.5422
12492.2 93.5411
12492.6 93.5399
12492.9 93.5388
12493.3 93.5377
12493.7 93.5365
12494 93.5354
12494.4 93.5342
12494.8 93.5331
12495.1 93.5323
12495.5 93.5312
12495.8 93.5293
12496.2 93.5283
12496.6 93.5272
12496.9 93.5262
12497.3 93.5252
12497.7 93.5241
12498 93.5231
12498.4 93.5221
12498.8 93.5211
12499.1 93.5201
12499.5 93.519
12499.9 93.518
12500.2 93.5168
12500.6 93.5157
12501 93.5146
12501.3 93.5134
12501.7 93.5123
12502.1 93.51
12502.4 93.5088
12502.8 93.5077
12503.2 93.5065
12503.5 93.5054
12503.9 93.5043
12504.3 93.5031
12504.6 93.5019
12505 93.5007
12505.4 93.4994
12505.7 93.498
12506.1 93.4965
12506.5 93.4949
12506.8 93.4932
12507.2 93.4913
12507.6 93.4892
12507.9 93.4869
12508.3 93.4823
12508.7 93.4802
12509 93.4783
12509.4 93.4766
12509.8 93.4751
12510.1 93.4737
12510.5 93.4725
12510.9 93.4714
12511.2 93.4704
12511.6 93.4696
12512 93.4688
12512.3 93.4682
12512.7 93.4676
12513.1 93.4671
12513.4 93.4668
12513.8 93.4664
12514.2 93.4661
12514.5 93.4656
12514.9 93.4654
12515.3 93.4653
12515.6 93.4652
12516 93.4651
12516.4 93.465
12516.7 93.4649
12517.1 93.4648
12517.5 93.4647
12517.8 93.4646
12518.2 93.4644
12518.6 93.4643
12518.9 93.4643
12519.3 93.4642
12519.7 93.4643
12520 93.4643
12520.4 93.4644
12520.8 93.4646
12521.1 93.4647
12521.5 93.4647
12521.8 93.4648
12522.2 93.465
12522.6 93.465
12522.9 93.4651
12523.3 93.4651
12523.7 93.465
12524 93.4649
12524.4 93.4646
12524.8 93.4643
12525.1 93.4639
12525.5 93.4635
12525.9 93.4629
12526.2 93.4623
12526.6 93.4616
12527 93.4606
12527.3 93.4598
12527.7 93.4595
12528.1 93.4586
12528.4 93.4577
12528.8 93.4568
12529.2 93.4559
12529.5 93.4549
12529.9 93.454
12530.3 93.453
12530.6 93.452
12531 93.451
12531.4 93.4501
12531.7 93.4491
12532.1 93.4482
12532.5 93.4473
12532.8 93.4459
12533.2 93.445
12533.6 93.4441
12533.9 93.4433
12534.3 93.4429
12534.7 93.4421
12535 93.4413
12535.4 93.4405
12535.8 93.4398
12536.1 93.4392
12536.5 93.4386
12536.9 93.4382
12537.2 93.4377
12537.6 93.4374
12538 93.4371
12538.3 93.437
12538.7 93.4369
12539.1 93.4369
12539.4 93.437
12539.8 93.4372
12540.2 93.4375
12540.5 93.4378
12540.9 93.438
12541.3 93.4384
12541.6 93.4388
12542 93.4392
12542.4 93.4396
12542.7 93.44
12543.1 93.4404
12543.5 93.4409
12543.8 93.4413
12544.2 93.4417
12544.6 93.4421
12544.9 93.4425
12545.3 93.4432
12545.7 93.4436
12546 93.4439
12546.4 93.4442
12546.8 93.4444
12547.1 93.4446
12547.5 93.4448
12547.9 93.4449
12548.2 93.445
12548.6 93.445
12548.9 93.445
12549.3 93.4449
12549.7 93.4447
12550 93.4445
12550.4 93.4442
12550.8 93.4439
12551.1 93.4435
12551.5 93.4428
12551.9 93.4422
12552.2 93.4416
12552.6 93.441
12553 93.4403
12553.3 93.4396
12553.7 93.4389
12554.1 93.4384
12554.4 93.4376
12554.8 93.4369
12555.2 93.4362
12555.5 93.4355
12555.9 93.4349
12556.3 93.4343
12556.6 93.4338
12557 93.4334
12557.4 93.4331
12557.7 93.4325
12558.1 93.4324
12558.5 93.4323
12558.8 93.4324
12559.2 93.4325
12559.6 93.4328
12559.9 93.4331
12560.3 93.4328
12560.7 93.4331
12561 93.4335
12561.4 93.4339
12561.8 93.4343
12562.1 93.4347
12562.5 93.435
12562.9 93.4353
12563.2 93.4355
12563.6 93.4356
12564 93.4357
12564.3 93.4358
12564.7 93.4359
12565.1 93.4359
12565.4 93.4359
12565.8 93.4359
12566.2 93.4359
12566.5 93.4358
12566.9 93.4359
12567.3 93.4358
12567.6 93.4357
12568 93.4356
12568.4 93.4355
12568.7 93.4354
12569.1 93.4352
12569.5 93.435
12569.8 93.4347
12570.2 93.4345
12570.6 93.4341
12570.9 93.4338
12571.3 93.4334
12571.7 93.4329
12572 93.4324
12572.4 93.4319
12572.8 93.4313
12573.1 93.4307
12573.5 93.4302
12573.9 93.4295
12574.2 93.4287
12574.6 93.428
12575 93.4273
12575.3 93.4266
12575.7 93.4259
12576 93.4247
12576.4 93.4242
12576.8 93.4237
12577.1 93.4233
12577.5 93.4229
12577.9 93.4226
12578.2 93.4224
12578.6 93.4223
12579 93.4222
12579.3 93.4222
12579.7 93.4223
12580.1 93.4223
12580.4 93.4225
12580.8 93.4227
12581.2 93.423
12581.5 93.4234
12581.9 93.4238
12582.3 93.4244
12582.6 93.4249
12583 93.4254
12583.4 93.4259
12583.7 93.4265
12584.1 93.4271
12584.5 93.4276
12584.8 93.4283
12585.2 93.4289
12585.6 93.4296
12585.9 93.4302
12586.3 93.4309
12586.7 93.431
12587 93.4317
12587.4 93.4324
12587.8 93.4331
12588.1 93.4338
12588.5 93.4346
12588.9 93.4354
12589.2 93.4361
12589.6 93.4368
12590 93.4376
12590.3 93.4383
12590.7 93.4391
12591.1 93.4398
12591.4 93.4406
12591.8 93.4414
12592.2 93.4422
12592.5 93.4429
12592.9 93.4437
12593.3 93.4435
12593.6 93.4442
12594 93.4449
12594.4 93.4455
12594.7 93.4458
12595.1 93.4463
12595.5 93.4467
12595.8 93.4471
12596.2 93.4475
12596.6 93.4478
12596.9 93.4481
12597.3 93.4483
12597.7 93.4485
12598 93.4487
12598.4 93.4488
12598.8 93.449
12599.1 93.4492
12599.5 93.449
12599.9 93.4493
12600.2 93.4496
12600.6 93.4499
12601 93.4503
12601.3 93.4508
12601.7 93.4513
12602 93.452
12602.4 93.4526
12602.8 93.4533
12603.1 93.4541
12603.5 93.4548
12603.9 93.4556
12604.2 93.4564
12604.6 93.4572
12605 93.458
12605.3 93.4588
12605.7 93.4596
12606.1 93.4599
12606.4 93.4607
12606.8 93.4617
12607.2 93.4623
12607.5 93.4629
12607.9 93.4635
12608.3 93.464
12608.6 93.4644
12609 93.4648
12609.4 93.4651
12609.7 93.4653
12610.1 93.4655
12610.5 93.4656
12610.8 93.4657
12611.2 93.4657
12611.6 93.4656
12611.9 93.4655
12612.3 93.4653
12612.7 93.4653
12613 93.465
12613.4 93.4647
12613.8 93.4643
12614.1 93.4639
12614.5 93.4635
12614.9 93.4631
12615.2 93.4626
12615.6 93.4622
12616 93.4617
12616.3 93.4613
12616.7 93.4608
12617.1 93.4604
12617.4 93.46
12617.8 93.4597
12618.2 93.4594
12618.5 93.4591
12618.9 93.4589
12619.3 93.4591
12619.6 93.459
12620 93.4589
12620.4 93.4588
12620.7 93.4588
12621.1 93.4588
12621.5 93.4588
12621.8 93.4588
12622.2 93.4589
12622.6 93.4589
12622.9 93.459
12623.3 93.459
12623.7 93.4591
12624 93.4592
12624.4 93.4593
12624.8 93.4595
12625.1 93.4597
12625.5 93.4603
12625.9 93.4606
12626.2 93.461
12626.6 93.4613
12627 93.4618
12627.3 93.4622
12627.7 93.4628
12628.1 93.4633
12628.4 93.4639
12628.8 93.4646
12629.1 93.4652
12629.5 93.4659
12629.9 93.4666
12630.2 93.4672
12630.6 93.4678
12631 93.4684
12631.3 93.4692
12631.7 93.4697
12632.1 93.47
12632.4 93.4704
12632.8 93.4708
12633.2 93.4711
12633.5 93.4713
12633.9 93.4716
12634.3 93.4718
12634.6 93.4719
12635 93.4721
12635.4 93.4722
12635.7 93.4723
12636.1 93.4725
12636.5 93.4726
12636.8 93.4728
12637.2 93.473
12637.6 93.473
12637.9 93.4732
12638.3 93.4735
12638.7 93.4733
12639 93.4736
12639.4 93.4741
12639.8 93.4745
12640.1 93.4749
12640.5 93.4753
12640.9 93.4757
12641.2 93.4761
12641.6 93.4765
12642 93.4769
12642.3 93.4773
12642.7 93.4777
12643.1 93.478
12643.4 93.4784
12643.8 93.4787
12644.2 93.479
12644.5 93.4794
12644.9 93.4797
12645.3 93.4797
12645.6 93.4801
12646 93.4804
12646.4 93.4807
12646.7 93.481
12647.1 93.4813
12647.5 93.4816
12647.8 93.4819
12648.2 93.4822
12648.6 93.4824
12648.9 93.4826
12649.3 93.4828
12649.7 93.4829
12650 93.4831
12650.4 93.4831
12650.8 93.4831
12651.1 93.483
12651.5 93.4828
12651.9 93.4828
12652.2 93.4826
12652.6 93.4823
12653 93.482
12653.3 93.4816
12653.7 93.4812
12654.1 93.4808
12654.4 93.4804
12654.8 93.48
12655.2 93.4795
12655.5 93.4791
12655.9 93.4787
12656.2 93.4781
12656.6 93.4777
12657 93.4773
12657.3 93.477
12657.7 93.4767
12658.1 93.4764
12658.4 93.4765
12658.8 93.4764
12659.2 93.4762
12659.5 93.4761
12659.9 93.4761
12660.3 93.4761
12660.6 93.4762
12661 93.4763
12661.4 93.4766
12661.7 93.4769
12662.1 93.4773
12662.5 93.4782
12662.8 93.4788
12663.2 93.4795
12663.6 93.4802
12663.9 93.481
12664.3 93.4819
12664.7 93.4829
12665 93.4834
12665.4 93.4844
12665.8 93.4855
12666.1 93.4866
12666.5 93.4877
12666.9 93.4888
12667.2 93.49
12667.6 93.4911
12668 93.4923
12668.3 93.4938
12668.7 93.4948
12669.1 93.4958
12669.4 93.4968
12669.8 93.4977
12670.2 93.4985
12670.5 93.4992
12670.9 93.4998
12671.3 93.4999
12671.6 93.5004
12672 93.5008
12672.4 93.501
12672.7 93.5012
12673.1 93.5012
12673.5 93.5012
12673.8 93.501
12674.2 93.5007
12674.6 93.4996
12674.9 93.4991
12675.3 93.4985
12675.7 93.4978
12676 93.497
12676.4 93.4962
12676.8 93.4954
12677.1 93.4945
12677.5 93.4936
12677.9 93.4928
12678.2 93.4919
12678.6 93.4911
12679 93.4903
12679.3 93.4896
12679.7 93.4889
12680.1 93.4883
12680.4 93.4877
12680.8 93.4866
12681.2 93.4861
12681.5 93.4857
12681.9 93.4853
12682.3 93.485
12682.6 93.4846
12683 93.4843
12683.3 93.484
12683.7 93.4837
12684.1 93.4834
12684.4 93.4827
12684.8 93.4824
12685.2 93.4822
12685.5 93.4819
12685.9 93.4817
12686.3 93.4814
12686.6 93.4812
12687 93.4801
12687.4 93.4799
12687.7 93.4796
12688.1 93.4792
12688.5 93.4788
12688.8 93.4783
12689.2 93.4778
12689.6 93.4772
12689.9 93.4765
12690.3 93.4758
12690.7 93.4749
12691 93.4739
12691.4 93.4731
12691.8 93.4722
12692.1 93.4713
12692.5 93.4704
12692.9 93.4694
12693.2 93.4675
12693.6 93.4666
12694 93.4658
12694.3 93.465
12694.7 93.4642
12695.1 93.4635
12695.4 93.4628
12695.8 93.4621
12696.2 93.4615
12696.5 93.4608
12696.9 93.4602
12697.3 93.4596
12697.6 93.459
12698 93.4584
12698.4 93.4578
12698.7 93.4572
12699.1 93.4561
12699.5 93.4555
12699.8 93.4548
12700.2 93.4542
12700.6 93.4535
12700.9 93.4528
12701.3 93.4521
12701.7 93.4513
12702 93.4505
12702.4 93.4497
12702.8 93.4489
12703.1 93.4481
12703.5 93.4472
12703.9 93.4467
12704.2 93.4458
12704.6 93.4449
12705 93.4439
12705.3 93.4424
12705.7 93.4414
12706.1 93.4404
12706.4 93.4394
12706.8 93.4383
12707.2 93.4372
12707.5 93.4361
12707.9 93.435
12708.3 93.4339
12708.6 93.4328
12709 93.4316
12709.3 93.4305
12709.7 93.4293
12710.1 93.4282
12710.4 93.4271
12710.8 93.4259
12711.2 93.4246
12711.5 93.422
12711.9 93.4207
12712.3 93.4193
12712.6 93.418
12713 93.4167
12713.4 93.4154
12713.7 93.4142
12714.1 93.413
12714.5 93.4119
12714.8 93.4109
12715.2 93.4101
12715.6 93.4093
12715.9 93.4086
12716.3 93.408
12716.7 93.4075
12717 93.4068
12717.4 93.4064
12717.8 93.4056
12718.1 93.4053
12718.5 93.4052
12718.9 93.4051
12719.2 93.4049
12719.6 93.4049
12720 93.4048
12720.3 93.4047
12720.7 93.4046
12721.1 93.4045
12721.4 93.4044
12721.8 93.4043
12722.2 93.4042
12722.5 93.4041
12722.9 93.404
12723.3 93.4039
12723.6 93.4035
12724 93.4032
12724.4 93.4033
12724.7 93.4033
12725.1 93.4035
12725.5 93.4036
12725.8 93.4038
12726.2 93.4041
12726.6 93.4044
12726.9 93.4048
12727.3 93.4053
12727.7 93.4058
12728 93.4064
12728.4 93.407
12728.8 93.4077
12729.1 93.4084
12729.5 93.4092
12729.9 93.4099
12730.2 93.4099
12730.6 93.4105
12731 93.4111
12731.3 93.4116
12731.7 93.4119
12732.1 93.4122
12732.4 93.4124
12732.8 93.4125
12733.2 93.4125
12733.5 93.4125
12733.9 93.4124
12734.3 93.4123
12734.6 93.4121
12735 93.4119
12735.4 93.4116
12735.7 93.4114
12736.1 93.4112
12736.4 93.4109
12736.8 93.4111
12737.2 93.4108
12737.5 93.4106
12737.9 93.4104
12738.3 93.4101
12738.6 93.4099
12739 93.4097
12739.4 93.4095
12739.7 93.4093
12740.1 93.4091
12740.5 93.409
12740.8 93.4088
12741.2 93.4087
12741.6 93.4086
12741.9 93.4085
12742.3 93.4084
12742.7 93.4083
12743 93.4083
12743.4 93.4081
12743.8 93.408
12744.1 93.4078
12744.5 93.4075
12744.9 93.4073
12745.2 93.4071
12745.6 93.4068
12746 93.4065
12746.3 93.4062
12746.7 93.4059
12747.1 93.4055
12747.4 93.4052
12747.8 93.4049
12748.2 93.4045
12748.5 93.4039
12748.9 93.4036
12749.3 93.4034
12749.6 93.4031
12750 93.4029
12750.4 93.4027
12750.7 93.4025
12751.1 93.4023
12751.5 93.4022
12751.8 93.4021
12752.2 93.402
12752.6 93.4019
12752.9 93.4018
12753.3 93.4018
12753.7 93.4017
12754 93.4017
12754.4 93.4016
12754.8 93.4015
12755.1 93.4013
12755.5 93.4012
12755.9 93.401
12756.2 93.4009
12756.6 93.4006
12757 93.4003
12757.3 93.4
12757.7 93.3996
12758.1 93.3991
12758.4 93.3987
12758.8 93.3981
12759.2 93.3975
12759.5 93.3969
12759.9 93.3963
12760.3 93.3956
12760.6 93.3948
12761 93.3938
12761.4 93.3931
12761.7 93.3923
12762.1 93.3914
12762.5 93.3906
12762.8 93.3904
12763.2 93.3896
12763.5 93.3888
12763.9 93.388
12764.3 93.3872
12764.6 93.3865
12765 93.3857
12765.4 93.3849
12765.7 93.3841
12766.1 93.3832
12766.5 93.3824
12766.8 93.3815
12767.2 93.3807
12767.6 93.3798
12767.9 93.379
12768.3 93.3781
12768.7 93.3773
12769 93.3764
12769.4 93.3764
12769.8 93.3755
12770.1 93.3746
12770.5 93.3738
12770.9 93.3729
12771.2 93.3721
12771.6 93.3713
12772 93.3704
12772.3 93.3696
12772.7 93.3688
12773.1 93.3681
12773.4 93.3673
12773.8 93.3665
12774.2 93.3658
12774.5 93.365
12774.9 93.3643
12775.3 93.3636
12775.6 93.3636
12776 93.363
12776.4 93.3623
12776.7 93.3617
12777.1 93.3611
12777.5 93.3606
12777.8 93.36
12778.2 93.3595
12778.6 93.359
12778.9 93.3585
12779.3 93.358
12779.7 93.3576
12780 93.3571
12780.4 93.3566
12780.8 93.3562
12781.1 93.3557
12781.5 93.3552
12781.9 93.3548
12782.2 93.3549
12782.6 93.3545
12783 93.354
12783.3 93.3536
12783.7 93.3531
12784.1 93.3526
12784.4 93.3522
12784.8 93.3517
12785.2 93.3512
12785.5 93.3508
12785.9 93.3503
12786.3 93.3497
12786.6 93.3491
12787 93.3484
12787.4 93.3477
12787.7 93.347
12788.1 93.3462
12788.5 93.3454
12788.8 93.3454
12789.2 93.3445
12789.5 93.3436
12789.9 93.3427
12790.3 93.3417
12790.6 93.3407
12791 93.3397
12791.4 93.3386
12791.7 93.3374
12792.1 93.3362
12792.5 93.3351
12792.8 93.3339
12793.2 93.3326
12793.6 93.3313
12793.9 93.33
12794.3 93.3287
12794.7 93.3273
12795 93.3259
12795.4 93.3253
12795.8 93.3238
12796.1 93.3223
12796.5 93.3208
12796.9 93.3192
12797.2 93.3176
12797.6 93.3152
12798 93.3136
12798.3 93.312
12798.7 93.3104
12799.1 93.3087
12799.4 93.3072
12799.8 93.3056
12800.2 93.3041
12800.5 93.3026
12800.9 93.3011
12801.3 93.2997
12801.6 93.2983
12802 93.2975
12802.4 93.2961
12802.7 93.2948
12803.1 93.2934
12803.5 93.292
12803.8 93.2897
12804.2 93.2882
12804.6 93.2867
12804.9 93.2851
12805.3 93.2834
12805.7 93.2817
12806 93.2798
12806.4 93.2779
12806.8 93.2759
12807.1 93.2738
12807.5 93.2716
12807.9 93.2694
12808.2 93.2671
12808.6 93.2652
12809 93.263
12809.3 93.2608
12809.7 93.2586
12810.1 93.255
12810.4 93.2531
12810.8 93.2514
12811.2 93.2497
12811.5 93.2481
12811.9 93.2467
12812.3 93.2454
12812.6 93.2441
12813 93.2429
12813.4 93.2418
12813.7 93.2408
12814.1 93.2398
12814.5 93.2389
12814.8 93.2383
12815.2 93.2374
12815.6 93.2365
12815.9 93.2356
12816.3 93.2342
12816.6 93.2333
12817 93.2324
12817.4 93.2315
12817.7 93.2306
12818.1 93.2297
12818.5 93.2287
12818.8 93.2278
12819.2 93.2269
12819.6 93.226
12819.9 93.2251
12820.3 93.2241
12820.7 93.2232
12821 93.2222
12821.4 93.2214
12821.8 93.2204
12822.1 93.2193
12822.5 93.2175
12822.9 93.2165
12823.2 93.2156
12823.6 93.2147
12824 93.2138
12824.3 93.213
12824.7 93.2122
12825.1 93.2115
12825.4 93.2109
12825.8 93.2102
12826.2 93.2096
12826.5 93.2089
12826.9 93.2083
12827.3 93.2077
12827.6 93.207
12828 93.2067
12828.4 93.206
12828.7 93.205
12829.1 93.2043
12829.5 93.2036
12829.8 93.2029
12830.2 93.2022
12830.6 93.2015
12830.9 93.2008
12831.3 93.2
12831.7 93.1993
12832 93.1985
12832.4 93.1978
12832.8 93.1971
12833.1 93.1963
12833.5 93.1955
12833.9 93.1947
12834.2 93.1939
12834.6 93.1933
12835 93.1924
12835.3 93.1914
12835.7 93.1905
12836.1 93.1894
12836.4 93.1883
12836.8 93.1872
12837.2 93.186
12837.5 93.1848
12837.9 93.1835
12838.3 93.1821
12838.6 93.1807
12839 93.1793
12839.4 93.1779
12839.7 93.1765
12840.1 93.175
12840.5 93.1735
12840.8 93.1711
12841.2 93.1702
12841.6 93.1687
12841.9 93.1673
12842.3 93.166
12842.7 93.1646
12843 93.1633
12843.4 93.162
12843.7 93.1608
12844.1 93.1595
12844.5 93.1583
12844.8 93.1571
12845.2 93.1558
12845.6 93.1546
12845.9 93.1533
12846.3 93.152
12846.7 93.1507
12847 93.1483
12847.4 93.1473
12847.8 93.146
12848.1 93.1446
12848.5 93.1432
12848.9 93.1419
12849.2 93.1405
12849.6 93.1393
12850 93.138
12850.3 93.1368
12850.7 93.1356
12851.1 93.1344
12851.4 93.1332
12851.8 93.1319
12852.2 93.1306
12852.5 93.1293
12852.9 93.128
12853.3 93.1256
12853.6 93.1242
12854 93.1232
12854.4 93.1218
12854.7 93.1203
12855.1 93.1188
12855.5 93.1173
12855.8 93.1157
12856.2 93.1142
12856.6 93.1126
12856.9 93.111
12857.3 93.1094
12857.7 93.1078
12858 93.1061
12858.4 93.1044
12858.8 93.1027
12859.1 93.101
12859.5 93.0981
12859.9 93.0963
12860.2 93.0945
12860.6 93.0932
12861 93.0915
12861.3 93.0898
12861.7 93.0882
12862.1 93.0866
12862.4 93.0851
12862.8 93.0835
12863.2 93.0821
12863.5 93.0806
12863.9 93.0792
12864.3 93.0778
12864.6 93.0764
12865 93.0749
12865.4 93.0724
12865.7 93.071
12866.1 93.0695
12866.5 93.0681
12866.8 93.0666
12867.2 93.0655
12867.6 93.064
12867.9 93.0625
12868.3 93.0609
12868.7 93.0594
12869 93.0579
12869.4 93.0563
12869.8 93.0548
12870.1 93.0531
12870.5 93.0515
12870.8 93.0498
12871.2 93.048
12871.6 93.0447
12871.9 93.0427
12872.3 93.0407
12872.7 93.0385
12873 93.0363
12873.4 93.0339
12873.8 93.032
12874.1 93.0294
12874.5 93.0268
12874.9 93.0241
12875.2 93.0211
12875.6 93.018
12876 93.0146
12876.3 93.0111
12876.7 93.0076
12877.1 93.0043
12877.4 93.001
12877.8 92.9959
12878.2 92.993
12878.5 92.9903
12878.9 92.9877
12879.3 92.9852
12879.6 92.9828
12880 92.9804
12880.4 92.9792
12880.7 92.977
12881.1 92.9749
12881.5 92.9728
12881.8 92.9708
12882.2 92.9688
12882.6 92.9669
12882.9 92.9651
12883.3 92.9633
12883.7 92.9616
12884 92.9593
12884.4 92.9576
12884.8 92.956
12885.1 92.9544
12885.5 92.9529
12885.9 92.9513
12886.2 92.9498
12886.6 92.9491
12887 92.9475
12887.3 92.946
12887.7 92.9444
12888.1 92.9429
12888.4 92.9413
12888.8 92.9397
12889.2 92.9381
12889.5 92.9365
12889.9 92.9348
12890.3 92.9321
12890.6 92.9305
12891 92.9288
12891.4 92.9271
12891.7 92.9253
12892.1 92.9236
12892.5 92.9219
12892.8 92.9202
12893.2 92.9192
12893.6 92.9175
12893.9 92.9158
12894.3 92.9142
12894.7 92.9126
12895 92.9109
12895.4 92.9093
12895.8 92.9077
12896.1 92.9062
12896.5 92.9037
12896.8 92.9021
12897.2 92.9005
12897.6 92.8988
12897.9 92.8971
12898.3 92.8954
12898.7 92.8936
12899 92.8916
12899.4 92.8896
12899.8 92.8882
12900.1 92.886
12900.5 92.8837
12900.9 92.8813
12901.2 92.8787
12901.6 92.8759
12902 92.8729
12902.3 92.8673
12902.7 92.8643
12903.1 92.8615
12903.4 92.859
12903.8 92.8567
12904.2 92.8545
12904.5 92.8524
12904.9 92.8505
12905.3 92.8486
12905.6 92.8469
12906 92.8452
12906.4 92.8444
12906.7 92.8428
12907.1 92.8413
12907.5 92.8399
12907.8 92.8385
12908.2 92.8372
12908.6 92.8355
12908.9 92.8344
12909.3 92.8333
12909.7 92.8322
12910 92.8312
12910.4 92.8302
12910.8 92.8292
12911.1 92.8284
12911.5 92.8275
12911.9 92.8268
12912.2 92.826
12912.6 92.8253
12913 92.8251
12913.3 92.8245
12913.7 92.824
12914.1 92.8234
12914.4 92.823
12914.8 92.8224
12915.2 92.8221
12915.5 92.8218
12915.9 92.8215
12916.3 92.8213
12916.6 92.8211
12917 92.8209
12917.4 92.8207
12917.7 92.8205
12918.1 92.8203
12918.5 92.82
12918.8 92.8197
12919.2 92.8194
12919.6 92.819
12919.9 92.8186
12920.3 92.8182
12920.7 92.8178
12921 92.817
12921.4 92.8165
12921.8 92.816
12922.1 92.8155
12922.5 92.815
12922.9 92.8144
12923.2 92.8139
12923.6 92.8133
12923.9 92.8127
12924.3 92.8122
12924.7 92.8115
12925 92.8109
12925.4 92.8102
12925.8 92.8101
12926.1 92.8094
12926.5 92.8087
12926.9 92.808
12927.2 92.807
12927.6 92.8063
12928 92.8055
12928.3 92.8047
12928.7 92.8038
12929.1 92.803
12929.4 92.8022
12929.8 92.8013
12930.2 92.8005
12930.5 92.7997
12930.9 92.7989
12931.3 92.7981
12931.6 92.7973
12932 92.7965
12932.4 92.7961
12932.7 92.7954
12933.1 92.7944
12933.5 92.7938
12933.8 92.7932
12934.2 92.7926
12934.6 92.792
12934.9 92.7915
12935.3 92.7911
12935.7 92.7906
12936 92.7902
12936.4 92.7898
12936.8 92.7894
12937.1 92.789
12937.5 92.7887
12937.9 92.7883
12938.2 92.788
12938.6 92.7876
12939 92.7875
12939.3 92.7869
12939.7 92.7866
12940.1 92.7862
12940.4 92.7858
12940.8 92.7854
12941.2 92.7851
12941.5 92.7847
12941.9 92.7844
12942.3 92.784
12942.6 92.7837
12943 92.7833
12943.4 92.783
12943.7 92.7826
12944.1 92.7822
12944.5 92.7818
12944.8 92.7814
12945.2 92.781
12945.6 92.7812
12945.9 92.7807
12946.3 92.7803
12946.7 92.7798
12947 92.7793
12947.4 92.7788
12947.8 92.7782
12948.1 92.7776
12948.5 92.7771
12948.9 92.7765
12949.2 92.7758
12949.6 92.7752
12950 92.7747
12950.3 92.7741
12950.7 92.7736
12951 92.7731
12951.4 92.7726
12951.8 92.7725
12952.1 92.7728
12952.5 92.7725
12952.9 92.7723
12953.2 92.7721
12953.6 92.7721
12954 92.7721
12954.3 92.7722
12954.7 92.7724
12955.1 92.7727
12955.4 92.773
12955.8 92.7734
12956.2 92.7739
12956.5 92.7744
12956.9 92.775
12957.3 92.7755
12957.6 92.7761
12958 92.7771
12958.4 92.7776
12958.7 92.7781
12959.1 92.7785
12959.5 92.7788
12959.8 92.7791
12960.2 92.7793
12960.6 92.7794
12960.9 92.7794
12961.3 92.7793
12961.7 92.7791
12962 92.7788
12962.4 92.7785
12962.8 92.7781
12963.1 92.7776
12963.5 92.777
12963.9 92.7764
12964.2 92.7756
12964.6 92.7748
12965 92.7746
12965.3 92.7739
12965.7 92.773
12966.1 92.7722
12966.4 92.7714
12966.8 92.7705
12967.2 92.7697
12967.5 92.7688
12967.9 92.768
12968.3 92.7672
12968.6 92.7664
12969 92.7656
12969.4 92.7649
12969.7 92.7642
12970.1 92.7637
12970.5 92.7631
12970.8 92.7626
12971.2 92.7621
12971.6 92.7624
12971.9 92.7619
12972.3 92.7615
12972.7 92.7612
12973 92.7608
12973.4 92.7605
12973.8 92.7602
12974.1 92.7599
12974.5 92.7597
12974.9 92.7595
12975.2 92.7593
12975.6 92.7592
12976 92.7591
12976.3 92.7594
12976.7 92.7594
12977 92.7594
12977.4 92.7595
12977.8 92.7596
12978.1 92.7598
12978.5 92.7599
12978.9 92.7599
12979.2 92.76
12979.6 92.7601
12980 92.7601
12980.3 92.7601
12980.7 92.7601
12981.1 92.76
12981.4 92.7598
12981.8 92.7596
12982.2 92.7593
12982.5 92.7587
12982.9 92.7582
12983.3 92.7577
12983.6 92.757
12984 92.7564
12984.4 92.7557
12984.7 92.7554
12985.1 92.7547
12985.5 92.754
12985.8 92.7532
12986.2 92.7525
12986.6 92.7518
12986.9 92.7512
12987.3 92.7506
12987.7 92.75
12988 92.7495
12988.4 92.7489
12988.8 92.7485
12989.1 92.7481
12989.5 92.7477
12989.9 92.7474
12990.2 92.747
12990.6 92.7467
12991 92.7468
12991.3 92.7465
12991.7 92.7462
12992.1 92.7459
12992.4 92.7455
12992.8 92.7452
12993.2 92.7448
12993.5 92.7444
12993.9 92.744
12994.3 92.7436
12994.6 92.7431
12995 92.7426
12995.4 92.7421
12995.7 92.7415
12996.1 92.741
12996.5 92.7404
12996.8 92.7398
12997.2 92.7393
12997.6 92.7391
12997.9 92.7385
12998.3 92.7379
12998.7 92.7373
12999 92.7367
12999.4 92.7361
12999.8 92.7354
13000.1 92.7347
13000.5 92.734
13000.9 92.7328
13001.2 92.732
13001.6 92.7311
13002 92.7301
13002.3 92.7292
13002.7 92.7282
13003.1 92.7271
13003.4 92.726
13003.8 92.7248
13004.1 92.7243
13004.5 92.7231
13004.9 92.722
13005.2 92.7208
13005.6 92.7196
13006 92.7184
13006.3 92.7172
13006.7 92.7161
13007.1 92.7144
13007.4 92.7132
13007.8 92.7121
13008.2 92.7109
13008.5 92.7098
13008.9 92.7087
13009.3 92.7077
13009.6 92.7067
13010 92.7058
13010.4 92.7049
13010.7 92.7045
13011.1 92.7037
13011.5 92.7029
13011.8 92.7022
13012.2 92.7015
13012.6 92.7008
13012.9 92.7002
13013.3 92.6991
13013.7 92.6984
13014 92.6978
13014.4 92.6971
13014.8 92.6964
13015.1 92.6957
13015.5 92.695
13015.9 92.6943
13016.2 92.6936
13016.6 92.6928
13017 92.692
13017.3 92.6912
13017.7 92.6904
13018.1 92.6896
13018.4 92.6889
13018.8 92.6881
13019.2 92.6873
13019.5 92.6858
13019.9 92.6852
13020.3 92.6845
13020.6 92.684
13021 92.6834
13021.4 92.6828
13021.7 92.6823
13022.1 92.6817
13022.5 92.6811
13022.8 92.6805
13023.2 92.6799
13023.6 92.6793
13023.9 92.6786
13024.3 92.678
13024.7 92.6774
13025 92.6768
13025.4 92.6762
13025.8 92.6752
13026.1 92.6748
13026.5 92.6743
13026.9 92.6739
13027.2 92.6735
13027.6 92.6731
13028 92.6728
13028.3 92.6725
13028.7 92.6723
13029.1 92.672
13029.4 92.6718
13029.8 92.6716
13030.2 92.6713
13030.5 92.671
13030.9 92.6708
13031.2 92.6706
13031.6 92.6703
13032 92.6696
13032.3 92.6692
13032.7 92.6689
13033.1 92.6685
13033.4 92.6681
13033.8 92.6676
13034.2 92.6672
13034.5 92.6667
13034.9 92.6663
13035.3 92.6659
13035.6 92.6655
13036 92.665
13036.4 92.6647
13036.7 92.6642
13037.1 92.6639
13037.5 92.6635
13037.8 92.6628
13038.2 92.6625
13038.6 92.6622
13038.9 92.662
13039.3 92.6617
13039.7 92.6615
13040 92.6612
13040.4 92.661
13040.8 92.6607
13041.1 92.6605
13041.5 92.6602
13041.9 92.66
13042.2 92.6598
13042.6 92.6596
13043 92.6594
13043.3 92.6593
13043.7 92.6592
13044.1 92.6589
13044.4 92.6588
13044.8 92.6586
13045.2 92.6584
13045.5 92.6582
13045.9 92.658
13046.3 92.6578
13046.6 92.6575
13047 92.6573
13047.4 92.657
13047.7 92.6568
13048.1 92.6565
13048.5 92.6562
13048.8 92.6559
13049.2 92.6556
13049.6 92.6552
13049.9 92.655
13050.3 92.6543
13050.7 92.6539
13051 92.6534
13051.4 92.6529
13051.8 92.6524
13052.1 92.6519
13052.5 92.6514
13052.9 92.6508
13053.2 92.6503
13053.6 92.6497
13054 92.649
13054.3 92.6484
13054.7 92.6477
13055.1 92.6471
13055.4 92.6464
13055.8 92.6456
13056.2 92.6449
13056.5 92.6434
13056.9 92.6427
13057.3 92.6422
13057.6 92.6416
13058 92.6411
13058.3 92.6406
13058.7 92.6402
13059.1 92.6399
13059.4 92.6396
13059.8 92.6394
13060.2 92.6392
13060.5 92.6391
13060.9 92.639
13061.3 92.639
13061.6 92.639
13062 92.639
13062.4 92.639
13062.7 92.639
13063.1 92.6391
13063.5 92.6392
13063.8 92.6393
13064.2 92.6394
13064.6 92.6395
13064.9 92.6396
13065.3 92.6397
13065.7 92.6398
13066 92.64
13066.4 92.6401
13066.8 92.6403
13067.1 92.6405
13067.5 92.6408
13067.9 92.6411
13068.2 92.6414
13068.6 92.6419
13069 92.6422
13069.3 92.6424
13069.7 92.6428
13070.1 92.6432
13070.4 92.6436
13070.8 92.644
13071.2 92.6445
13071.5 92.6449
13071.9 92.6454
13072.3 92.6459
13072.6 92.6464
13073 92.6469
13073.4 92.6474
13073.7 92.6479
13074.1 92.6484
13074.5 92.6488
13074.8 92.6494
13075.2 92.6497
13075.6 92.65
13075.9 92.6502
13076.3 92.6504
13076.7 92.6506
13077 92.6508
13077.4 92.6509
13077.8 92.651
13078.1 92.6511
13078.5 92.6512
13078.9 92.6512
13079.2 92.6512
13079.6 92.6512
13080 92.6512
13080.3 92.6511
13080.7 92.651
13081.1 92.6508
13081.4 92.6506
13081.8 92.6503
13082.2 92.6499
13082.5 92.6498
13082.9 92.6493
13083.3 92.6488
13083.6 92.6483
13084 92.6477
13084.3 92.647
13084.7 92.6464
13085.1 92.6458
13085.4 92.6451
13085.8 92.6445
13086.2 92.644
13086.5 92.6434
13086.9 92.6429
13087.3 92.6427
13087.6 92.6423
13088 92.642
13088.4 92.6417
13088.7 92.6414
13089.1 92.6418
13089.5 92.6416
13089.8 92.6414
13090.2 92.6412
13090.6 92.6411
13090.9 92.6409
13091.3 92.6409
13091.7 92.6408
13092 92.6407
13092.4 92.6407
13092.8 92.6407
13093.1 92.6407
13093.5 92.6413
13093.9 92.6413
13094.2 92.6414
13094.6 92.6415
13095 92.6416
13095.3 92.6422
13095.7 92.6423
13096.1 92.6425
13096.4 92.6427
13096.8 92.643
13097.2 92.6432
13097.5 92.6435
13097.9 92.6438
13098.3 92.6441
13098.6 92.6444
13099 92.6448
13099.4 92.6452
13099.7 92.646
13100.1 92.6464
13100.5 92.6468
13100.8 92.6473
13101.2 92.6477
13101.6 92.6482
13101.9 92.6486
13102.3 92.649
13102.7 92.6495
13103 92.6499
13103.4 92.6503
13103.8 92.6508
13104.1 92.6512
13104.5 92.6517
13104.9 92.6521
13105.2 92.6526
13105.6 92.6535
13106 92.654
13106.3 92.6545
13106.7 92.655
13107.1 92.6556
13107.4 92.6562
13107.8 92.6568
13108.2 92.6574
13108.5 92.6576
13108.9 92.6582
13109.3 92.6587
13109.6 92.6592
13110 92.6597
13110.4 92.6602
13110.7 92.6606
13111.1 92.661
13111.4 92.6613
13111.8 92.6619
13112.2 92.6623
13112.5 92.6626
13112.9 92.6629
13113.3 92.6633
13113.6 92.6637
13114 92.6641
13114.4 92.6645
13114.7 92.6649
13115.1 92.6654
13115.5 92.6659
13115.8 92.6664
13116.2 92.6669
13116.6 92.6673
13116.9 92.6678
13117.3 92.6683
13117.7 92.6687
13118 92.6697
13118.4 92.6701
13118.8 92.6705
13119.1 92.6708
13119.5 92.6711
13119.9 92.6714
13120.2 92.6716
13120.6 92.6718
13121 92.6719
13121.3 92.672
13121.7 92.6723
13122.1 92.6723
13122.4 92.6722
13122.8 92.6722
13123.2 92.672
13123.5 92.6719
13123.9 92.6717
13124.3 92.6714
13124.6 92.6711
13125 92.6708
13125.4 92.6704
13125.7 92.6701
13126.1 92.6697
13126.5 92.6692
13126.8 92.6688
13127.2 92.6683
13127.6 92.6679
13127.9 92.6674
13128.3 92.6671
13128.7 92.6667
13129 92.6662
13129.4 92.6658
13129.8 92.6654
13130.1 92.6651
13130.5 92.6645
13130.9 92.6643
13131.2 92.664
13131.6 92.6637
13132 92.6635
13132.3 92.6633
13132.7 92.6631
13133.1 92.663
13133.4 92.6628
13133.8 92.6627
13134.2 92.6625
13134.5 92.6624
13134.9 92.6622
13135.3 92.6622
13135.6 92.6621
13136 92.6621
13136.4 92.662
13136.7 92.662
13137.1 92.6622
13137.5 92.6624
13137.8 92.6626
13138.2 92.6628
13138.5 92.6631
13138.9 92.6634
13139.3 92.6637
13139.6 92.664
13140 92.6643
13140.4 92.6646
13140.7 92.6649
13141.1 92.6646
13141.5 92.6648
13141.8 92.665
13142.2 92.6652
13142.6 92.665
13142.9 92.6651
13143.3 92.6653
13143.7 92.6654
13144 92.6656
13144.4 92.6657
13144.8 92.6658
13145.1 92.6658
13145.5 92.6659
13145.9 92.6658
13146.2 92.6658
13146.6 92.6657
13147 92.6655
13147.3 92.6653
13147.7 92.6649
13148.1 92.6646
13148.4 92.6642
13148.8 92.6633
13149.2 92.6627
13149.5 92.6621
13149.9 92.6615
13150.3 92.6607
13150.6 92.6599
13151 92.659
13151.4 92.6581
13151.7 92.6571
13152.1 92.656
13152.5 92.6548
13152.8 92.6537
13153.2 92.6525
13153.6 92.6513
13153.9 92.65
13154.3 92.6489
13154.7 92.6477
13155 92.6456
13155.4 92.6445
13155.8 92.6435
13156.1 92.6424
13156.5 92.6415
13156.9 92.6405
13157.2 92.6396
13157.6 92.6387
13158 92.6378
13158.3 92.6369
13158.7 92.6359
13159.1 92.635
13159.4 92.634
13159.8 92.6329
13160.2 92.6317
13160.5 92.6304
13160.9 92.6292
13161.3 92.6266
13161.6 92.6253
13162 92.6241
13162.4 92.623
13162.7 92.6219
13163.1 92.621
13163.5 92.6201
13163.8 92.6192
13164.2 92.6184
13164.5 92.6177
13164.9 92.617
13165.3 92.6164
13165.6 92.6158
13166 92.6152
13166.4 92.6146
13166.7 92.6141
13167.1 92.6136
13167.5 92.6125
13167.8 92.6119
13168.2 92.6114
13168.6 92.6108
13168.9 92.6103
13169.3 92.6097
13169.7 92.6092
13170 92.6087
13170.4 92.6082
13170.8 92.6077
13171.1 92.6072
13171.5 92.6067
13171.9 92.6062
13172.2 92.6057
13172.6 92.6052
13173 92.6047
13173.3 92.6035
13173.7 92.6027
13174.1 92.6022
13174.4 92.6018
13174.8 92.6013
13175.2 92.6009
13175.5 92.6005
13175.9 92.6001
13176.3 92.5999
13176.6 92.5996
13177 92.5995
13177.4 92.5994
13177.7 92.5993
13178.1 92.5994
13178.5 92.5994
13178.8 92.5995
13179.2 92.5996
13179.6 92.5987
13179.9 92.5989
13180.3 92.5977
13180.7 92.5977
13181 92.5976
13181.4 92.5973
13181.8 92.5968
13182.1 92.5961
13182.5 92.5952
13182.9 92.5942
13183.2 92.5931
13183.6 92.5921
13184 92.591
13184.3 92.59
13184.7 92.589
13185.1 92.5881
13185.4 92.5871
13185.8 92.5852
13186.2 92.5843
13186.5 92.5835
13186.9 92.5825
13187.3 92.5817
13187.6 92.5809
13188 92.58
13188.4 92.5791
13188.7 92.5783
13189.1 92.5774
13189.5 92.5765
13189.8 92.5757
13190.2 92.5748
13190.6 92.574
13190.9 92.5732
13191.3 92.5724
13191.6 92.5717
13192 92.5704
13192.4 92.5697
13192.7 92.569
13193.1 92.5684
13193.5 92.5678
13193.8 92.5672
13194.2 92.5666
13194.6 92.566
13194.9 92.5654
13195.3 92.5647
13195.7 92.5641
13196 92.5634
13196.4 92.5627
13196.8 92.5618
13197.1 92.561
13197.5 92.56
13197.9 92.559
13198.2 92.5571
13198.6 92.556
13199 92.5548
13199.3 92.5536
13199.7 92.5525
13200.1 92.5517
13200.4 92.5506
13200.8 92.5494
13201.2 92.5483
13201.5 92.5472
13201.9 92.5461
13202.3 92.5451
13202.6 92.5442
13203 92.5433
13203.4 92.5424
13203.7 92.5416
13204.1 92.5403
13204.5 92.5395
13204.8 92.5388
13205.2 92.5381
13205.6 92.5375
13205.9 92.5368
13206.3 92.5363
13206.7 92.5357
13207 92.535
13207.4 92.5343
13207.8 92.5335
13208.1 92.5328
13208.5 92.532
13208.9 92.5312
13209.2 92.5304
13209.6 92.5296
13210 92.5287
13210.3 92.5272
13210.7 92.5263
13211.1 92.5254
13211.4 92.5245
13211.8 92.5237
13212.2 92.5229
13212.5 92.5221
13212.9 92.5214
13213.3 92.5206
13213.6 92.52
13214 92.5193
13214.4 92.5187
13214.7 92.5181
13215.1 92.5174
13215.5 92.5168
13215.8 92.5161
13216.2 92.5154
13216.6 92.5142
13216.9 92.5136
13217.3 92.513
13217.7 92.5124
13218 92.5118
13218.4 92.5111
13218.7 92.5105
13219.1 92.5099
13219.5 92.5096
13219.8 92.5089
13220.2 92.5083
13220.6 92.5076
13220.9 92.5069
13221.3 92.5062
13221.7 92.5054
13222 92.5046
13222.4 92.5037
13222.8 92.5023
13223.1 92.5012
13223.5 92.5
13223.9 92.4988
13224.2 92.4974
13224.6 92.496
13225 92.4944
13225.3 92.4927
13225.7 92.4909
13226.1 92.4899
13226.4 92.4879
13226.8 92.486
13227.2 92.4839
13227.5 92.4818
13227.9 92.4797
13228.3 92.4776
13228.6 92.4755
13229 92.4724
13229.4 92.4705
13229.7 92.4686
13230.1 92.4668
13230.5 92.465
13230.8 92.4633
13231.2 92.4617
13231.6 92.4602
13231.9 92.4587
13232.3 92.4573
13232.7 92.4565
13233 92.4552
13233.4 92.4539
13233.8 92.4527
13234.1 92.4515
13234.5 92.4504
13234.9 92.4493
13235.2 92.4474
13235.6 92.4463
13236 92.4453
13236.3 92.4442
13236.7 92.4432
13237.1 92.4422
13237.4 92.4412
13237.8 92.4402
13238.2 92.4392
13238.5 92.4383
13238.9 92.4375
13239.3 92.4365
13239.6 92.4356
13240 92.4347
13240.4 92.4338
13240.7 92.4329
13241.1 92.4312
13241.5 92.4303
13241.8 92.4294
13242.2 92.4285
13242.6 92.4276
13242.9 92.4267
13243.3 92.4258
13243.7 92.4249
13244 92.4239
13244.4 92.423
13244.8 92.4221
13245.1 92.4211
13245.5 92.4206
13245.8 92.4196
13246.2 92.4186
13246.6 92.4176
13246.9 92.4166
13247.3 92.4151
13247.7 92.414
13248 92.4129
13248.4 92.4118
13248.8 92.4107
13249.1 92.4095
13249.5 92.4083
13249.9 92.4071
13250.2 92.4058
13250.6 92.4044
13251 92.403
13251.3 92.4016
13251.7 92.4001
13252.1 92.3988
13252.4 92.3972
13252.8 92.3956
13253.2 92.3941
13253.5 92.3912
13253.9 92.3897
13254.3 92.3884
13254.6 92.3872
13255 92.386
13255.4 92.3849
13255.7 92.3838
13256.1 92.3828
13256.5 92.3818
13256.8 92.3808
13257.2 92.3798
13257.6 92.3787
13257.9 92.3777
13258.3 92.3766
13258.7 92.3757
13259 92.3746
13259.4 92.3735
13259.8 92.3715
13260.1 92.3703
13260.5 92.3691
13260.9 92.3679
13261.2 92.3667
13261.6 92.3654
13262 92.3641
13262.3 92.3628
13262.7 92.3616
13263.1 92.3603
13263.4 92.3589
13263.8 92.3576
13264.2 92.3563
13264.5 92.3549
13264.9 92.3535
13265.3 92.3527
13265.6 92.3512
13266 92.3488
13266.4 92.3472
13266.7 92.3456
13267.1 92.3439
13267.5 92.3421
13267.8 92.3402
13268.2 92.3383
13268.6 92.3363
13268.9 92.3342
13269.3 92.3321
13269.7 92.3298
13270 92.3274
13270.4 92.325
13270.8 92.3224
13271.1 92.3198
13271.5 92.3172
13271.8 92.3127
13272.2 92.31
13272.6 92.3074
13272.9 92.3048
13273.3 92.3024
13273.7 92.3001
13274 92.2978
13274.4 92.2957
13274.8 92.2936
13275.1 92.2916
13275.5 92.2898
13275.9 92.288
13276.2 92.2864
13276.6 92.2849
13277 92.2834
13277.3 92.282
13277.7 92.2807
13278.1 92.2782
13278.4 92.2771
13278.8 92.2759
13279.2 92.2748
13279.5 92.2738
13279.9 92.2727
13280.3 92.2717
13280.6 92.2708
13281 92.2698
13281.4 92.2689
13281.7 92.2679
13282.1 92.2669
13282.5 92.266
13282.8 92.265
13283.2 92.264
13283.6 92.263
13283.9 92.262
13284.3 92.2598
13284.7 92.2586
13285 92.2575
13285.4 92.2562
13285.8 92.255
13286.1 92.2536
13286.5 92.2521
13286.9 92.2505
13287.2 92.2489
13287.6 92.2471
13288 92.2453
13288.3 92.2434
13288.7 92.2414
13289.1 92.2394
13289.4 92.2374
13289.8 92.2353
13290.2 92.2332
13290.5 92.2293
13290.9 92.2272
13291.3 92.2256
13291.6 92.2235
13292 92.2214
13292.4 92.2193
13292.7 92.2172
13293.1 92.2152
13293.5 92.2133
13293.8 92.2114
13294.2 92.2095
13294.6 92.2077
13294.9 92.206
13295.3 92.2043
13295.7 92.2027
13296 92.2011
13296.4 92.1995
13296.8 92.1971
13297.1 92.1957
13297.5 92.1943
13297.9 92.1934
13298.2 92.1921
13298.6 92.1907
13298.9 92.1894
13299.3 92.1881
13299.7 92.1868
13300 92.1856
13300.4 92.1843
13300.8 92.183
13301.1 92.1817
13301.5 92.1804
13301.9 92.179
13302.2 92.1776
13302.6 92.1762
13303 92.1734
13303.3 92.1719
13303.7 92.1702
13304.1 92.1686
13304.4 92.1672
13304.8 92.1655
13305.2 92.1638
13305.5 92.1621
13305.9 92.1604
13306.3 92.1588
13306.6 92.1573
13307 92.1558
13307.4 92.1544
13307.7 92.1532
13308.1 92.152
13308.5 92.1509
13308.8 92.1492
13309.2 92.1484
13309.6 92.1477
13309.9 92.1471
13310.3 92.1466
13310.7 92.1462
13311 92.1458
13311.4 92.1455
13311.8 92.1451
13312.1 92.1449
13312.5 92.1446
13312.9 92.1443
13313.2 92.1441
13313.6 92.1439
13314 92.1436
13314.3 92.1433
13314.7 92.1431
13315.1 92.1429
13315.4 92.1426
13315.8 92.1423
13316.2 92.142
13316.5 92.1417
13316.9 92.1414
13317.3 92.1416
13317.6 92.1413
13318 92.141
13318.4 92.1407
13318.7 92.1404
13319.1 92.1401
13319.5 92.1398
13319.8 92.1395
13320.2 92.1392
13320.6 92.1389
13320.9 92.1386
13321.3 92.1384
13321.7 92.1381
13322 92.1379
13322.4 92.1376
13322.8 92.1373
13323.1 92.137
13323.5 92.1368
13323.9 92.1369
13324.2 92.1366
13324.6 92.1364
13325 92.1362
13325.3 92.136
13325.7 92.1358
13326 92.1355
13326.4 92.1353
13326.8 92.135
13327.1 92.1347
13327.5 92.1344
13327.9 92.134
13328.2 92.1336
13328.6 92.1332
13329 92.1328
13329.3 92.1323
13329.7 92.1318
13330.1 92.1313
13330.4 92.1313
13330.8 92.1307
13331.2 92.1302
13331.5 92.1295
13331.9 92.1289
13332.3 92.1282
13332.6 92.1274
13333 92.1265
13333.4 92.1256
13333.7 92.1242
13334.1 92.1231
13334.5 92.1218
13334.8 92.1205
13335.2 92.1191
13335.6 92.1177
13335.9 92.1162
13336.3 92.1146
13336.7 92.1131
13337 92.1124
13337.4 92.1108
13337.8 92.1092
13338.1 92.1076
13338.5 92.106
13338.9 92.1045
13339.2 92.1029
13339.6 92.1007
13340 92.0992
13340.3 92.0976
13340.7 92.0961
13341.1 92.0946
13341.4 92.0931
13341.8 92.0917
13342.2 92.0902
13342.5 92.0887
13342.9 92.0872
13343.3 92.0857
13343.6 92.085
13344 92.0834
13344.4 92.0818
13344.7 92.0802
13345.1 92.0786
13345.5 92.077
13345.8 92.0746
13346.2 92.073
13346.6 92.0714
13346.9 92.0698
13347.3 92.0682
13347.7 92.0667
13348 92.0653
13348.4 92.0639
13348.8 92.0626
13349.1 92.0613
13349.5 92.06
13349.9 92.0597
13350.2 92.0585
13350.6 92.0573
13351 92.0561
13351.3 92.055
13351.7 92.0538
13352 92.0526
13352.4 92.0514
13352.8 92.0503
13353.1 92.0492
13353.5 92.0482
13353.9 92.0471
13354.2 92.0461
13354.6 92.0451
13355 92.0441
13355.3 92.0431
13355.7 92.0422
13356.1 92.0412
13356.4 92.0413
13356.8 92.0404
13357.2 92.0395
13357.5 92.0386
13357.9 92.0378
13358.3 92.037
13358.6 92.0361
13359 92.0353
13359.4 92.0344
13359.7 92.0336
13360.1 92.0328
13360.5 92.032
13360.8 92.0312
13361.2 92.0304
13361.6 92.0296
13361.9 92.0288
13362.3 92.0279
13362.7 92.0271
13363 92.0269
13363.4 92.0261
13363.8 92.0252
13364.1 92.0243
13364.5 92.0231
13364.9 92.0221
13365.2 92.0211
13365.6 92.0201
13366 92.0191
13366.3 92.0181
13366.7 92.017
13367.1 92.0159
13367.4 92.0148
13367.8 92.0137
13368.2 92.0125
13368.5 92.0113
13368.9 92.0101
13369.3 92.0088
13369.6 92.0084
13370 92.007
13370.4 92.0052
13370.7 92.0039
13371.1 92.0024
13371.5 92.001
13371.8 91.9995
13372.2 91.998
13372.6 91.9965
13372.9 91.9949
13373.3 91.9934
13373.7 91.9918
13374 91.9902
13374.4 91.9887
13374.8 91.9871
13375.1 91.9855
13375.5 91.9839
13375.9 91.9823
13376.2 91.9818
13376.6 91.9798
13377 91.9781
13377.3 91.9764
13377.7 91.9747
13378.1 91.9729
13378.4 91.971
13378.8 91.9692
13379.1 91.9673
13379.5 91.9653
13379.9 91.9633
13380.2 91.9612
13380.6 91.9591
13381 91.957
13381.3 91.9549
13381.7 91.9527
13382.1 91.9505
13382.4 91.9496
13382.8 91.9464
13383.2 91.9441
13383.5 91.9418
13383.9 91.9395
13384.3 91.9371
13384.6 91.9348
13385 91.9326
13385.4 91.9303
13385.7 91.9281
13386.1 91.9259
13386.5 91.9238
13386.8 91.9217
13387.2 91.9197
13387.6 91.9177
13387.9 91.9158
13388.3 91.9139
13388.7 91.912
13389 91.9107
13389.4 91.9089
13389.8 91.907
13390.1 91.9052
13390.5 91.9034
13390.9 91.9016
13391.2 91.8999
13391.6 91.8981
13392 91.8963
13392.3 91.8946
13392.7 91.8929
13393.1 91.8912
13393.4 91.8896
13393.8 91.888
13394.2 91.8864
13394.5 91.8848
13394.9 91.8833
13395.3 91.8814
13395.6 91.8811
13396 91.8796
13396.4 91.8782
13396.7 91.8768
13397.1 91.8755
13397.5 91.8741
13397.8 91.8728
13398.2 91.8716
13398.6 91.8704
13398.9 91.8692
13399.3 91.8681
13399.7 91.867
13400 91.8659
13400.4 91.8649
13400.8 91.8638
13401.1 91.8628
13401.5 91.8619
13401.9 91.8609
13402.2 91.861
13402.6 91.86
13403 91.859
13403.3 91.858
13403.7 91.857
13404.1 91.8561
13404.4 91.855
13404.8 91.854
13405.2 91.853
13405.5 91.852
13405.9 91.851
13406.2 91.85
13406.6 91.849
13407 91.8479
13407.3 91.8467
13407.7 91.8456
13408.1 91.8445
13408.4 91.8434
13408.8 91.8431
13409.2 91.842
13409.5 91.8408
13409.9 91.8397
13410.3 91.8386
13410.6 91.8375
13411 91.8363
13411.4 91.8352
13411.7 91.8341
13412.1 91.8331
13412.5 91.832
13412.8 91.831
13413.2 91.83
13413.6 91.8288
13413.9 91.8279
13414.3 91.8269
13414.7 91.826
13415 91.8251
13415.4 91.825
13415.8 91.8241
13416.1 91.8232
13416.5 91.8223
13416.9 91.8214
13417.2 91.8205
13417.6 91.8196
13418 91.8187
13418.3 91.8178
13418.7 91.8169
13419.1 91.8161
13419.4 91.8153
13419.8 91.8142
13420.2 91.8135
13420.5 91.8128
13420.9 91.8121
13421.3 91.8115
13421.6 91.8114
13422 91.8108
13422.4 91.8103
13422.7 91.8097
13423.1 91.8092
13423.5 91.8087
13423.8 91.8082
13424.2 91.8076
13424.6 91.807
13424.9 91.8065
13425.3 91.8059
13425.7 91.8053
13426 91.8047
13426.4 91.804
13426.8 91.8032
13427.1 91.8024
13427.5 91.8016
13427.9 91.8007
13428.2 91.8007
13428.6 91.7997
13429 91.7988
13429.3 91.7978
13429.7 91.7967
13430.1 91.7957
13430.4 91.7946
13430.8 91.7935
13431.2 91.7924
13431.5 91.7914
13431.9 91.7903
13432.3 91.789
13432.6 91.7879
13433 91.7869
13433.3 91.7859
13433.7 91.785
13434.1 91.7841
13434.4 91.7832
13434.8 91.7832
13435.2 91.7824
13435.5 91.7817
13435.9 91.781
13436.3 91.7804
13436.6 91.7798
13437 91.7793
13437.4 91.7788
13437.7 91.7784
13438.1 91.7784
13438.5 91.7781
13438.8 91.7779
13439.2 91.7777
13439.6 91.7776
13439.9 91.7775
13440.3 91.7774
13440.7 91.7773
13441 91.7773
13441.4 91.7779
13441.8 91.7778
13442.1 91.7777
13442.5 91.7777
13442.9 91.7776
13443.2 91.7775
13443.6 91.7774
13444 91.7773
13444.3 91.7779
13444.7 91.7778
13445.1 91.7777
13445.4 91.7776
13445.8 91.7775
13446.2 91.7774
13446.5 91.7773
13446.9 91.7772
13447.3 91.7771
13447.6 91.777
13448 91.7776
13448.4 91.7775
13448.7 91.7774
13449.1 91.7773
13449.5 91.7772
13449.8 91.7772
13450.2 91.7772
13450.6 91.7778
13450.9 91.7779
13451.3 91.778
13451.7 91.7781
13452 91.7783
13452.4 91.7786
13452.8 91.7789
13453.1 91.7793
13453.5 91.7798
13453.9 91.7803
13454.2 91.7811
13454.6 91.7816
13455 91.7823
13455.3 91.783
13455.7 91.7837
13456.1 91.7845
13456.4 91.7853
13456.8 91.7869
13457.2 91.7878
13457.5 91.7888
13457.9 91.7898
13458.3 91.7908
13458.6 91.7918
13459 91.7928
13459.3 91.7939
13459.7 91.7949
13460.1 91.7959
13460.4 91.7969
13460.8 91.7975
13461.2 91.7985
13461.5 91.7995
13461.9 91.8004
13462.3 91.8013
13462.6 91.8022
13463 91.8038
13463.4 91.8047
13463.7 91.8056
13464.1 91.8064
13464.5 91.8073
13464.8 91.8081
13465.2 91.8089
13465.6 91.8096
13465.9 91.8104
13466.3 91.8111
13466.7 91.8117
13467 91.8123
13467.4 91.8129
13467.8 91.8134
13468.1 91.8138
13468.5 91.8141
13468.9 91.8144
13469.2 91.8149
13469.6 91.815
13470 91.8149
13470.3 91.8148
13470.7 91.8146
13471.1 91.8144
13471.4 91.814
13471.8 91.8136
13472.2 91.8132
13472.5 91.8128
13472.9 91.8124
13473.3 91.812
13473.6 91.8116
13474 91.8117
13474.4 91.8113
13474.7 91.8109
13475.1 91.8106
13475.5 91.8103
13475.8 91.81
13476.2 91.8096
13476.6 91.8093
13476.9 91.8091
13477.3 91.8088
13477.7 91.8086
13478 91.8084
13478.4 91.8083
13478.8 91.8081
13479.1 91.808
13479.5 91.8079
13479.9 91.8078
13480.2 91.8077
13480.6 91.8082
13481 91.8082
13481.3 91.8087
13481.7 91.8087
13482.1 91.8088
13482.4 91.8088
13482.8 91.8089
13483.2 91.809
13483.5 91.8091
13483.9 91.8092
13484.3 91.8094
13484.6 91.8096
13485 91.8098
13485.4 91.81
13485.7 91.8102
13486.1 91.8105
13486.4 91.8108
13486.8 91.8112
13487.2 91.8119
13487.5 91.8129
13487.9 91.8134
13488.3 91.8138
13488.6 91.8143
13489 91.8148
13489.4 91.8153
13489.7 91.8158
13490.1 91.8163
13490.5 91.8167
13490.8 91.8172
13491.2 91.8176
13491.6 91.818
13491.9 91.8183
13492.3 91.8186
13492.7 91.819
13493 91.8193
13493.4 91.8199
13493.8 91.8207
13494.1 91.821
13494.5 91.8212
13494.9 91.8215
13495.2 91.8217
13495.6 91.822
13496 91.8222
13496.3 91.8224
13496.7 91.8226
13497.1 91.8227
13497.4 91.8229
13497.8 91.823
13498.2 91.8231
13498.5 91.8232
13498.9 91.8233
13499.3 91.8233
13499.6 91.8234
13500 91.824
13500.4 91.824
13500.7 91.824
13501.1 91.8241
13501.5 91.8241
13501.8 91.8242
13502.2 91.8243
13502.6 91.8244
13502.9 91.8244
13503.3 91.8245
13503.7 91.8246
13504 91.8247
13504.4 91.8248
13504.8 91.8248
13505.1 91.8249
13505.5 91.8249
13505.9 91.825
13506.2 91.825
13506.6 91.825
13507 91.8249
13507.3 91.8249
13507.7 91.8247
13508.1 91.8245
13508.4 91.8243
13508.8 91.824
13509.2 91.8237
13509.5 91.8233
13509.9 91.8229
13510.3 91.8224
13510.6 91.8219
13511 91.8214
13511.4 91.8209
13511.7 91.8203
13512.1 91.8197
13512.5 91.8191
13512.8 91.8186
13513.2 91.8186
13513.5 91.818
13513.9 91.8175
13514.3 91.8169
13514.6 91.8163
13515 91.8158
13515.4 91.8152
13515.7 91.8146
13516.1 91.814
13516.5 91.8134
13516.8 91.8128
13517.2 91.8123
13517.6 91.8117
13517.9 91.8111
13518.3 91.8109
13518.7 91.8104
13519 91.8099
13519.4 91.8093
13519.8 91.8097
13520.1 91.8092
13520.5 91.8087
13520.9 91.8082
13521.2 91.8077
13521.6 91.8073
13522 91.8068
13522.3 91.8064
13522.7 91.806
13523.1 91.8055
13523.4 91.8051
13523.8 91.8047
13524.2 91.8043
13524.5 91.8042
13524.9 91.8039
13525.3 91.8036
13525.6 91.8034
13526 91.8036
13526.4 91.8034
13526.7 91.8033
13527.1 91.8032
13527.5 91.8032
13527.8 91.8032
13528.2 91.8033
13528.6 91.8034
13528.9 91.8036
13529.3 91.8038
13529.7 91.804
13530 91.8043
13530.4 91.8046
13530.8 91.8052
13531.1 91.8055
13531.5 91.8059
13531.9 91.8063
13532.2 91.8067
13532.6 91.8068
13533 91.8072
13533.3 91.8077
13533.7 91.8081
13534.1 91.8086
13534.4 91.809
13534.8 91.8095
13535.2 91.81
13535.5 91.8104
13535.9 91.8108
13536.3 91.8112
13536.6 91.8116
13537 91.812
13537.4 91.8123
13537.7 91.8127
13538.1 91.813
13538.5 91.8134
13538.8 91.8137
13539.2 91.8139
13539.5 91.8142
13539.9 91.8146
13540.3 91.8149
13540.6 91.8152
13541 91.8155
13541.4 91.8158
13541.7 91.816
13542.1 91.8162
13542.5 91.8164
13542.8 91.8168
13543.2 91.817
13543.6 91.817
13543.9 91.8171
13544.3 91.8171
13544.7 91.8171
13545 91.8171
13545.4 91.817
13545.8 91.8173
13546.1 91.8172
13546.5 91.8171
13546.9 91.8171
13547.2 91.817
13547.6 91.8169
13548 91.8168
13548.3 91.8167
13548.7 91.8167
13549.1 91.8167
13549.4 91.8167
13549.8 91.8166
13550.2 91.8165
13550.5 91.8165
13550.9 91.8164
13551.3 91.8164
13551.6 91.8163
13552 91.8163
13552.4 91.8162
13552.7 91.8161
13553.1 91.816
13553.5 91.8158
13553.8 91.8156
13554.2 91.8154
13554.6 91.8151
13554.9 91.8148
13555.3 91.8143
13555.7 91.8139
13556 91.8136
13556.4 91.8133
13556.8 91.8129
13557.1 91.8126
13557.5 91.8124
13557.9 91.8121
13558.2 91.8119
13558.6 91.812
13559 91.8119
13559.3 91.8118
13559.7 91.8117
13560.1 91.8117
13560.4 91.8117
13560.8 91.8117
13561.2 91.8118
13561.5 91.8122
13561.9 91.8123
13562.3 91.8125
13562.6 91.8126
13563 91.8128
13563.4 91.8129
13563.7 91.8131
13564.1 91.8134
13564.5 91.8136
13564.8 91.8139
13565.2 91.8141
13565.6 91.8144
13565.9 91.8146
13566.3 91.8149
13566.6 91.8152
13567 91.8155
13567.4 91.8157
13567.7 91.816
13568.1 91.8163
13568.5 91.8165
13568.8 91.8166
13569.2 91.8168
13569.6 91.8169
13569.9 91.8169
13570.3 91.8169
13570.7 91.8168
13571 91.8166
13571.4 91.8164
13571.8 91.816
13572.1 91.8157
13572.5 91.8153
13572.9 91.8149
13573.2 91.8145
13573.6 91.8134
13574 91.813
13574.3 91.8125
13574.7 91.8121
13575.1 91.8117
13575.4 91.8114
13575.8 91.811
13576.2 91.8107
13576.5 91.8104
13576.9 91.8101
13577.3 91.8099
13577.6 91.8097
13578 91.8095
13578.4 91.8092
13578.7 91.8091
13579.1 91.8089
13579.5 91.8087
13579.8 91.8084
13580.2 91.8082
13580.6 91.8081
13580.9 91.8079
13581.3 91.8078
13581.7 91.8075
13582 91.8073
13582.4 91.8071
13582.8 91.8069
13583.1 91.8066
13583.5 91.8063
13583.9 91.806
13584.2 91.8056
13584.6 91.8052
13585 91.8049
13585.3 91.8045
13585.7 91.804
13586.1 91.8032
13586.4 91.8026
13586.8 91.8021
13587.2 91.8015
13587.5 91.8009
13587.9 91.8002
13588.3 91.7995
13588.6 91.7988
13589 91.798
13589.4 91.7972
13589.7 91.7962
13590.1 91.7952
13590.5 91.794
13590.8 91.7926
13591.2 91.791
13591.6 91.7894
13591.9 91.7878
13592.3 91.7848
13592.7 91.7835
13593 91.7823
13593.4 91.7812
13593.7 91.7801
13594.1 91.779
13594.5 91.778
13594.8 91.7769
13595.2 91.7758
13595.6 91.7747
13595.9 91.7736
13596.3 91.7724
13596.7 91.7712
13597 91.77
13597.4 91.7688
13597.8 91.7679
13598.1 91.7667
13598.5 91.7646
13598.9 91.7635
13599.2 91.7623
13599.6 91.7611
13600 91.7599
13600.3 91.7587
13600.7 91.7576
13601.1 91.7565
13601.4 91.7554
13601.8 91.7543
13602.2 91.7532
13602.5 91.7522
13602.9 91.7512
13603.3 91.7502
13603.6 91.7493
13604 91.7485
13604.4 91.7481
13604.7 91.747
13605.1 91.7463
13605.5 91.7457
13605.8 91.7452
13606.2 91.7449
13606.6 91.7446
13606.9 91.7443
13607.3 91.7442
13607.7 91.7441
13608 91.7442
13608.4 91.7443
13608.8 91.7444
13609.1 91.7446
13609.5 91.7448
13609.9 91.745
13610.2 91.7452
13610.6 91.7452
13611 91.7449
13611.3 91.7451
13611.7 91.7452
13612.1 91.7453
13612.4 91.7454
13612.8 91.7454
13613.2 91.7454
13613.5 91.7454
13613.9 91.7453
13614.3 91.7451
13614.6 91.7449
13615 91.7446
13615.4 91.7442
13615.7 91.7438
13616.1 91.7434
13616.5 91.7429
13616.8 91.7418
13617.2 91.7412
13617.6 91.7405
13617.9 91.7399
13618.3 91.7392
13618.7 91.7384
13619 91.7377
13619.4 91.7368
13619.8 91.736
13620.1 91.7351
13620.5 91.7341
13620.8 91.7332
13621.2 91.7321
13621.6 91.731
13621.9 91.7298
13622.3 91.7286
13622.7 91.7273
13623 91.7248
13623.4 91.7233
13623.8 91.7217
13624.1 91.7204
13624.5 91.7187
13624.9 91.7169
13625.2 91.7152
13625.6 91.7134
13626 91.7117
13626.3 91.7099
13626.7 91.7082
13627.1 91.7066
13627.4 91.705
13627.8 91.7034
13628.2 91.702
13628.5 91.7006
13628.9 91.6993
13629.3 91.6968
13629.6 91.6956
13630 91.6945
13630.4 91.6933
13630.7 91.6923
13631.1 91.6912
13631.5 91.6901
13631.8 91.689
13632.2 91.688
13632.6 91.6869
13632.9 91.6859
13633.3 91.6848
13633.7 91.6837
13634 91.6825
13634.4 91.6813
13634.8 91.6801
13635.1 91.6788
13635.5 91.6763
13635.9 91.6748
13636.2 91.6733
13636.6 91.6718
13637 91.6704
13637.3 91.6688
13637.7 91.6672
13638.1 91.6655
13638.4 91.6639
13638.8 91.6622
13639.2 91.6606
13639.5 91.659
13639.9 91.6575
13640.3 91.656
13640.6 91.6545
13641 91.6531
13641.4 91.6508
13641.7 91.6495
13642.1 91.6482
13642.5 91.6469
13642.8 91.6457
13643.2 91.6444
13643.6 91.6436
13643.9 91.6424
13644.3 91.6412
13644.7 91.64
13645 91.6388
13645.4 91.6377
13645.8 91.6365
13646.1 91.6354
13646.5 91.6342
13646.8 91.633
13647.2 91.6318
13647.6 91.6291
13647.9 91.6278
13648.3 91.6263
13648.7 91.6249
13649 91.6234
13649.4 91.6218
13649.8 91.6202
13650.1 91.6185
13650.5 91.6168
13650.9 91.615
13651.2 91.6132
13651.6 91.6114
13652 91.6096
13652.3 91.6077
13652.7 91.6058
13653.1 91.6039
13653.4 91.6019
13653.8 91.5982
13654.2 91.5962
13654.5 91.5942
13654.9 91.5922
13655.3 91.5902
13655.6 91.5882
13656 91.5862
13656.4 91.5841
13656.7 91.5825
13657.1 91.5804
13657.5 91.5783
13657.8 91.5762
13658.2 91.5741
13658.6 91.5719
13658.9 91.5698
13659.3 91.5676
13659.7 91.5655
13660 91.5615
13660.4 91.5593
13660.8 91.5571
13661.1 91.5549
13661.5 91.5527
13661.9 91.5505
13662.2 91.5483
13662.6 91.5462
13663 91.5441
13663.3 91.5425
13663.7 91.5404
13664.1 91.5384
13664.4 91.5364
13664.8 91.5344
13665.2 91.5324
13665.5 91.5305
13665.9 91.5285
13666.3 91.525
13666.6 91.523
13667 91.5211
13667.4 91.5191
13667.7 91.5172
13668.1 91.5152
13668.5 91.5133
13668.8 91.5115
13669.2 91.5097
13669.6 91.5082
13669.9 91.5065
13670.3 91.5048
13670.7 91.5032
13671 91.5015
13671.4 91.4999
13671.8 91.4982
13672.1 91.4966
13672.5 91.4935
13672.9 91.492
13673.2 91.4904
13673.6 91.4889
13673.9 91.4874
13674.3 91.4859
13674.7 91.4845
13675 91.483
13675.4 91.4816
13675.8 91.4802
13676.1 91.479
13676.5 91.4776
13676.9 91.4762
13677.2 91.4747
13677.6 91.4733
13678 91.4719
13678.3 91.4693
13678.7 91.468
13679.1 91.4666
13679.4 91.4652
13679.8 91.4638
13680.2 91.4625
13680.5 91.4612
13680.9 91.4599
13681.3 91.4586
13681.6 91.4574
13682 91.4562
13682.4 91.455
13682.7 91.4542
13683.1 91.4531
13683.5 91.452
13683.8 91.4508
13684.2 91.4497
13684.6 91.448
13684.9 91.4469
13685.3 91.4458
13685.7 91.4448
13686 91.4438
13686.4 91.4428
13686.8 91.4418
13687.1 91.4409
13687.5 91.44
13687.9 91.4392
13688.2 91.4384
13688.6 91.4377
13689 91.4371
13689.3 91.4367
13689.7 91.436
13690.1 91.4355
13690.4 91.4349
13690.8 91.434
13691.2 91.4334
13691.5 91.4329
13691.9 91.4324
13692.3 91.4319
13692.6 91.4314
13693 91.4308
13693.4 91.4303
13693.7 91.4298
13694.1 91.4293
13694.5 91.4288
13694.8 91.4283
13695.2 91.4277
13695.6 91.4272
13695.9 91.4265
13696.3 91.4258
13696.7 91.4251
13697 91.4237
13697.4 91.4228
13697.8 91.4219
13698.1 91.4209
13698.5 91.4199
13698.9 91.4188
13699.2 91.4176
13699.6 91.4164
13700 91.4151
13700.3 91.4139
13700.7 91.4126
13701 91.4113
13701.4 91.41
13701.8 91.4087
13702.1 91.4081
13702.5 91.4069
13702.9 91.4058
13703.2 91.4043
13703.6 91.4033
13704 91.4023
13704.3 91.4013
13704.7 91.4004
13705.1 91.3995
13705.4 91.3986
13705.8 91.3978
13706.2 91.397
13706.5 91.3962
13706.9 91.3954
13707.3 91.3946
13707.6 91.3939
13708 91.3932
13708.4 91.3925
13708.7 91.3924
13709.1 91.3917
13709.5 91.391
13709.8 91.3903
13710.2 91.3896
13710.6 91.3889
13710.9 91.3882
13711.3 91.3875
13711.7 91.3867
13712 91.386
13712.4 91.3853
13712.8 91.3846
13713.1 91.3838
13713.5 91.383
13713.9 91.3822
13714.2 91.3814
13714.6 91.3806
13715 91.3798
13715.3 91.3789
13715.7 91.378
13716.1 91.3771
13716.4 91.3761
13716.8 91.3751
13717.2 91.3741
13717.5 91.3731
13717.9 91.3721
13718.3 91.3711
13718.6 91.37
13719 91.3689
13719.4 91.3677
13719.7 91.3665
13720.1 91.3654
13720.5 91.3642
13720.8 91.3629
13721.2 91.3617
13721.6 91.3594
13721.9 91.3584
13722.3 91.3571
13722.7 91.3558
13723 91.3545
13723.4 91.3532
13723.8 91.3519
13724.1 91.3505
13724.5 91.3492
13724.9 91.3478
13725.2 91.3465
13725.6 91.3451
13726 91.3437
13726.3 91.3423
13726.7 91.3408
13727 91.3393
13727.4 91.3378
13727.8 91.3355
13728.1 91.3339
13728.5 91.3331
13728.9 91.3314
13729.2 91.3297
13729.6 91.3279
13730 91.3262
13730.3 91.3244
13730.7 91.3225
13731.1 91.3206
13731.4 91.3187
13731.8 91.3167
13732.2 91.3147
13732.5 91.3126
13732.9 91.3105
13733.3 91.3083
13733.6 91.306
13734 91.3019
13734.4 91.2993
13734.7 91.2966
13735.1 91.2943
13735.5 91.2913
13735.8 91.2882
13736.2 91.2852
13736.6 91.2823
13736.9 91.2796
13737.3 91.2772
13737.7 91.2749
13738 91.2729
13738.4 91.2709
13738.8 91.2691
13739.1 91.2674
13739.5 91.2657
13739.9 91.2642
13740.2 91.2615
13740.6 91.2602
13741 91.2588
13741.3 91.2578
13741.7 91.2566
13742.1 91.2553
13742.4 91.2541
13742.8 91.2529
13743.2 91.2516
13743.5 91.2504
13743.9 91.2492
13744.3 91.248
13744.6 91.2468
13745 91.2456
13745.4 91.2443
13745.7 91.243
13746.1 91.2412
13746.5 91.2399
13746.8 91.2385
13747.2 91.2372
13747.6 91.2358
13747.9 91.2351
13748.3 91.2337
13748.7 91.2321
13749 91.2306
13749.4 91.229
13749.8 91.2274
13750.1 91.2258
13750.5 91.2241
13750.9 91.2225
13751.2 91.2207
13751.6 91.219
13752 91.2172
13752.3 91.2144
13752.7 91.2125
13753.1 91.2105
13753.4 91.2086
13753.8 91.2066
13754.1 91.2045
13754.5 91.2032
13754.9 91.2012
13755.2 91.1991
13755.6 91.1971
13756 91.1951
13756.3 91.1931
13756.7 91.1912
13757.1 91.1893
13757.4 91.1874
13757.8 91.1856
13758.2 91.1838
13758.5 91.1809
13758.9 91.1793
13759.3 91.1776
13759.6 91.176
13760 91.1745
13760.4 91.1729
13760.7 91.1714
13761.1 91.1703
13761.5 91.1688
13761.8 91.1673
13762.2 91.1658
13762.6 91.1644
13762.9 91.1629
13763.3 91.1614
13763.7 91.16
13764 91.1586
13764.4 91.1571
13764.8 91.1546
13765.1 91.1532
13765.5 91.1518
13765.9 91.1505
13766.2 91.1491
13766.6 91.1478
13767 91.1465
13767.3 91.1453
13767.7 91.1444
13768.1 91.1432
13768.4 91.142
13768.8 91.1408
13769.2 91.1395
13769.5 91.1383
13769.9 91.1371
13770.3 91.136
13770.6 91.1348
13771 91.1331
13771.4 91.1319
13771.7 91.1309
13772.1 91.1298
13772.5 91.1288
13772.8 91.1278
13773.2 91.1269
13773.6 91.1259
13773.9 91.1257
13774.3 91.1248
13774.7 91.124
13775 91.1231
13775.4 91.1223
13775.8 91.1216
13776.1 91.1208
13776.5 91.1201
13776.9 91.1193
13777.2 91.1186
13777.6 91.118
13778 91.1174
13778.3 91.1168
13778.7 91.1163
13779.1 91.1158
13779.4 91.1154
13779.8 91.115
13780.2 91.1146
13780.5 91.1146
13780.9 91.1142
13781.2 91.1139
13781.6 91.1135
13782 91.1131
13782.3 91.1127
13782.7 91.1122
13783.1 91.1118
13783.4 91.1113
13783.8 91.1108
13784.2 91.1102
13784.5 91.1096
13784.9 91.109
13785.3 91.1084
13785.6 91.1078
13786 91.1071
13786.4 91.1064
13786.7 91.1057
13787.1 91.1059
13787.5 91.1052
13787.8 91.1044
13788.2 91.1037
13788.6 91.103
13788.9 91.1023
13789.3 91.1017
13789.7 91.101
13790 91.1003
13790.4 91.0996
13790.8 91.0989
13791.1 91.0983
13791.5 91.0976
13791.9 91.097
13792.2 91.0964
13792.6 91.0958
13793 91.0952
13793.3 91.0946
13793.7 91.0948
13794.1 91.0943
13794.4 91.0937
13794.8 91.0932
13795.2 91.0927
13795.5 91.0926
13795.9 91.0922
13796.3 91.0918
13796.6 91.0914
13797 91.091
13797.4 91.0907
13797.7 91.0903
13798.1 91.09
13798.5 91.0898
13798.8 91.0895
13799.2 91.0893
13799.6 91.0891
13799.9 91.089
13800.3 91.0894
13800.7 91.0893
13801 91.0892
13801.4 91.0892
13801.8 91.0896
13802.1 91.0896
13802.5 91.0897
13802.9 91.0897
13803.2 91.0897
13803.6 91.0898
13804 91.0899
13804.3 91.0899
13804.7 91.09
13805.1 91.09
13805.4 91.09
13805.8 91.09
13806.2 91.0901
13806.5 91.0901
13806.9 91.0907
13807.3 91.0908
13807.6 91.0908
13808 91.0916
13808.3 91.0917
13808.7 91.0918
13809.1 91.092
13809.4 91.0921
13809.8 91.0923
13810.2 91.0924
13810.5 91.0926
13810.9 91.0927
13811.3 91.0928
13811.6 91.093
13812 91.0931
13812.4 91.0931
13812.7 91.0932
13813.1 91.0938
13813.5 91.0939
13813.8 91.0945
13814.2 91.0946
13814.6 91.0946
13814.9 91.0947
13815.3 91.0947
13815.7 91.0948
13816 91.0949
13816.4 91.095
13816.8 91.095
13817.1 91.0951
13817.5 91.0952
13817.9 91.0952
13818.2 91.0953
13818.6 91.0954
13819 91.0955
13819.3 91.0955
13819.7 91.0962
13820.1 91.0969
13820.4 91.097
13820.8 91.0971
13821.2 91.0972
13821.5 91.0973
13821.9 91.0974
13822.3 91.0976
13822.6 91.0977
13823 91.0979
13823.4 91.098
13823.7 91.0982
13824.1 91.0984
13824.5 91.0986
13824.8 91.0988
13825.2 91.099
13825.6 91.0992
13825.9 91.0993
13826.3 91.1008
13826.7 91.101
13827 91.1011
13827.4 91.1012
13827.8 91.1013
13828.1 91.1013
13828.5 91.1013
13828.9 91.1013
13829.2 91.1013
13829.6 91.1012
13830 91.1011
13830.3 91.1009
13830.7 91.1007
13831.1 91.1005
13831.4 91.1003
13831.8 91.1001
13832.2 91.0998
13832.5 91.1002
13832.9 91.1008
13833.3 91.1005
13833.6 91.1001
13834 91.0997
13834.3 91.0993
13834.7 91.0989
13835.1 91.0984
13835.4 91.0979
13835.8 91.0974
13836.2 91.0969
13836.5 91.0964
13836.9 91.0958
13837.3 91.0953
13837.6 91.0947
13838 91.0941
13838.4 91.0935
13838.7 91.0932
13839.1 91.0926
13839.5 91.0928
13839.8 91.0922
13840.2 91.0916
13840.6 91.091
13840.9 91.0905
13841.3 91.0899
13841.7 91.0893
13842 91.0887
13842.4 91.0881
13842.8 91.0875
13843.1 91.0868
13843.5 91.0861
13843.9 91.0854
13844.2 91.0847
13844.6 91.0842
13845 91.0834
13845.3 91.0827
13845.7 91.0829
13846.1 91.0821
13846.4 91.0813
13846.8 91.0805
13847.2 91.0797
13847.5 91.0788
13847.9 91.078
13848.3 91.0771
13848.6 91.0762
13849 91.0753
13849.4 91.0743
13849.7 91.0734
13850.1 91.0724
13850.5 91.0715
13850.8 91.0705
13851.2 91.0695
13851.6 91.0684
13851.9 91.0672
13852.3 91.0671
13852.7 91.0658
13853 91.0646
13853.4 91.0632
13853.8 91.0619
13854.1 91.0604
13854.5 91.0589
13854.9 91.0575
13855.2 91.056
13855.6 91.0545
13856 91.053
13856.3 91.0516
13856.7 91.0501
13857.1 91.0484
13857.4 91.0471
13857.8 91.0459
13858.2 91.0447
13858.5 91.0436
13858.9 91.0435
13859.3 91.0425
13859.6 91.0415
13860 91.0406
13860.4 91.0398
13860.7 91.0389
13861.1 91.0382
13861.4 91.0374
13861.8 91.0367
13862.2 91.0361
13862.5 91.0355
13862.9 91.035
13863.3 91.0347
13863.6 91.0342
13864 91.0337
13864.4 91.0333
13864.7 91.0329
13865.1 91.0325
13865.5 91.0327
13865.8 91.0323
13866.2 91.032
13866.6 91.0316
13866.9 91.0313
13867.3 91.0309
13867.7 91.0305
13868 91.0302
13868.4 91.0298
13868.8 91.0294
13869.1 91.0289
13869.5 91.0285
13869.9 91.028
13870.2 91.0275
13870.6 91.0269
13871 91.0263
13871.3 91.0256
13871.7 91.0249
13872.1 91.0249
13872.4 91.0242
13872.8 91.0234
13873.2 91.0227
13873.5 91.0219
13873.9 91.0211
13874.3 91.0203
13874.6 91.0196
13875 91.0188
13875.4 91.0177
13875.7 91.0169
13876.1 91.016
13876.5 91.0152
13876.8 91.0143
13877.2 91.0135
13877.6 91.0127
13877.9 91.012
13878.3 91.0112
13878.7 91.0109
13879 91.0102
13879.4 91.0095
13879.8 91.0089
13880.1 91.0084
13880.5 91.008
13880.9 91.0076
13881.2 91.0073
13881.6 91.007
13882 91.0068
13882.3 91.0067
13882.7 91.0066
13883.1 91.0065
13883.4 91.0065
13883.8 91.0066
13884.2 91.0066
13884.5 91.0067
13884.9 91.0069
13885.3 91.007
13885.6 91.0071
13886 91.0072
13886.4 91.0073
13886.7 91.0075
13887.1 91.0076
13887.5 91.0077
13887.8 91.008
13888.2 91.0082
13888.5 91.0082
13888.9 91.0083
13889.3 91.0084
13889.6 91.0084
13890 91.0084
13890.4 91.0084
13890.7 91.0083
13891.1 91.0082
13891.5 91.0086
13891.8 91.0084
13892.2 91.0083
13892.6 91.0081
13892.9 91.0079
13893.3 91.0077
13893.7 91.0075
13894 91.0076
13894.4 91.0074
13894.8 91.0072
13895.1 91.0069
13895.5 91.0067
13895.9 91.0065
13896.2 91.0064
13896.6 91.0062
13897 91.0061
13897.3 91.0061
13897.7 91.006
13898.1 91.0065
13898.4 91.0065
13898.8 91.0066
13899.2 91.0067
13899.5 91.0069
13899.9 91.0071
13900.3 91.0079
13900.6 91.0082
13901 91.0086
13901.4 91.0089
13901.7 91.0094
13902.1 91.0099
13902.5 91.0104
13902.8 91.0109
13903.2 91.0115
13903.6 91.0121
13903.9 91.0126
13904.3 91.0132
13904.7 91.0138
13905 91.0144
13905.4 91.015
13905.8 91.0155
13906.1 91.0161
13906.5 91.0171
13906.9 91.0176
13907.2 91.018
13907.6 91.0184
13908 91.0188
13908.3 91.0191
13908.7 91.0194
13909.1 91.0196
13909.4 91.0198
13909.8 91.02
13910.2 91.0201
13910.5 91.0201
13910.9 91.0201
13911.3 91.0205
13911.6 91.0205
13912 91.0203
13912.4 91.0205
13912.7 91.0203
13913.1 91.02
13913.5 91.0197
13913.8 91.0194
13914.2 91.019
13914.5 91.0186
13914.9 91.0182
13915.3 91.0177
13915.6 91.0172
13916 91.0167
13916.4 91.0162
13916.7 91.0157
13917.1 91.0152
13917.5 91.0155
13917.8 91.015
13918.2 91.0145
13918.6 91.0144
13918.9 91.0139
13919.3 91.0136
13919.7 91.0133
13920 91.013
13920.4 91.0127
13920.8 91.0125
13921.1 91.0124
13921.5 91.0123
13921.9 91.0122
13922.2 91.0121
13922.6 91.0121
13923 91.0121
13923.3 91.0121
13923.7 91.0121
13924.1 91.0127
13924.4 91.0127
13924.8 91.0133
13925.2 91.0134
13925.5 91.0135
13925.9 91.0135
13926.3 91.0136
13926.6 91.0136
13927 91.0137
13927.4 91.0138
13927.7 91.0139
13928.1 91.014
13928.5 91.0141
13928.8 91.0143
13929.2 91.0144
13929.6 91.0146
13929.9 91.0147
13930.3 91.0149
13930.7 91.0156
13931 91.0165
13931.4 91.0167
13931.8 91.0169
13932.1 91.0171
13932.5 91.0173
13932.9 91.0176
13933.2 91.0178
13933.6 91.0181
13934 91.0183
13934.3 91.0186
13934.7 91.0188
13935.1 91.0191
13935.4 91.0194
13935.8 91.0196
13936.2 91.0199
13936.5 91.0202
13936.9 91.0205
13937.3 91.0221
13937.6 91.0224
13938 91.0227
13938.4 91.023
13938.7 91.0233
13939.1 91.0236
13939.5 91.0239
13939.8 91.0241
13940.2 91.0243
13940.6 91.0245
13940.9 91.0246
13941.3 91.0247
13941.6 91.0247
13942 91.0247
13942.4 91.0247
13942.7 91.0246
13943.1 91.025
13943.5 91.0247
13943.8 91.0252
13944.2 91.0249
13944.6 91.0245
13944.9 91.0242
13945.3 91.0238
13945.7 91.0234
13946 91.0229
13946.4 91.0225
13946.8 91.022
13947.1 91.0216
13947.5 91.0211
13947.9 91.0206
13948.2 91.0201
13948.6 91.0196
13949 91.0191
13949.3 91.0188
13949.7 91.0183
13950.1 91.0179
13950.4 91.018
13950.8 91.0176
13951.2 91.0172
13951.5 91.0167
13951.9 91.0163
13952.3 91.016
13952.6 91.0156
13953 91.0153
13953.4 91.015
13953.7 91.0148
13954.1 91.0146
13954.5 91.0144
13954.8 91.0143
13955.2 91.0143
13955.6 91.0148
13955.9 91.0149
13956.3 91.0149
13956.7 91.0156
13957 91.0157
13957.4 91.0159
13957.8 91.0162
13958.1 91.0165
13958.5 91.0168
13958.9 91.0172
13959.2 91.0176
13959.6 91.018
13960 91.0185
13960.3 91.019
13960.7 91.0195
13961.1 91.02
13961.4 91.0205
13961.8 91.0217
13962.2 91.0222
13962.5 91.0227
13962.9 91.0233
13963.3 91.024
13963.6 91.0245
13964 91.0251
13964.4 91.0256
13964.7 91.0262
13965.1 91.0268
13965.5 91.0274
13965.8 91.028
13966.2 91.0286
13966.6 91.0292
13966.9 91.0298
13967.3 91.0304
13967.7 91.031
13968 91.032
13968.4 91.0325
13968.7 91.0331
13969.1 91.0337
13969.5 91.0342
13969.8 91.0346
13970.2 91.0351
13970.6 91.0357
13970.9 91.0362
13971.3 91.0367
13971.7 91.0372
13972 91.0378
13972.4 91.0383
13972.8 91.0388
13973.1 91.0393
13973.5 91.0397
13973.9 91.0402
13974.2 91.041
13974.6 91.0414
13975 91.0418
13975.3 91.0421
13975.7 91.0424
13976.1 91.0427
13976.4 91.043
13976.8 91.0432
13977.2 91.0433
13977.5 91.0434
13977.9 91.0434
13978.3 91.0434
13978.6 91.0433
13979 91.0431
13979.4 91.0429
13979.7 91.0426
13980.1 91.0419
13980.5 91.0414
13980.8 91.0408
13981.2 91.0402
13981.6 91.0396
13981.9 91.0389
13982.3 91.0383
13982.7 91.0377
13983 91.0372
13983.4 91.0367
13983.8 91.0362
13984.1 91.0357
13984.5 91.0353
13984.9 91.0349
13985.2 91.0346
13985.6 91.0343
13986 91.034
13986.3 91.0338
13986.7 91.0336
13987.1 91.0335
13987.4 91.0334
13987.8 91.0332
13988.2 91.0332
13988.5 91.0331
13988.9 91.033
13989.3 91.0331
13989.6 91.033
13990 91.033
13990.4 91.033
13990.7 91.033
13991.1 91.033
13991.5 91.033
13991.8 91.0331
13992.2 91.0331
13992.6 91.0332
13992.9 91.0332
13993.3 91.0333
13993.7 91.0333
13994 91.0334
13994.4 91.0335
13994.8 91.0335
13995.1 91.0336
13995.5 91.0337
13995.8 91.0337
13996.2 91.0337
13996.6 91.0337
13996.9 91.0338
13997.3 91.0338
13997.7 91.0337
13998 91.0337
13998.4 91.0337
13998.8 91.0334
13999.1 91.0333
13999.5 91.0332
13999.9 91.0331
14000.2 91.0329
14000.6 91.0328
14001 91.0327
14001.3 91.0326
14001.7 91.0325
14002.1 91.0324
14002.4 91.0322
14002.8 91.0321
14003.2 91.0319
14003.5 91.0318
14003.9 91.0317
14004.3 91.0315
14004.6 91.0313
14005 91.031
14005.4 91.0307
14005.7 91.0304
14006.1 91.0301
14006.5 91.0298
14006.8 91.0294
14007.2 91.029
14007.6 91.0286
14007.9 91.0281
14008.3 91.0277
14008.7 91.0272
14009 91.0269
14009.4 91.0264
14009.8 91.0259
14010.1 91.0253
14010.5 91.0246
14010.9 91.0234
14011.2 91.0227
14011.6 91.0219
14012 91.021
14012.3 91.0201
14012.7 91.0192
14013.1 91.0182
14013.4 91.0171
14013.8 91.016
14014.2 91.0148
14014.5 91.0135
14014.9 91.0122
14015.3 91.0108
14015.6 91.0097
14016 91.0083
14016.4 91.0069
14016.7 91.0056
14017.1 91.0031
14017.5 91.0017
14017.8 91.0003
14018.2 90.999
14018.6 90.9976
14018.9 90.9962
14019.3 90.9948
14019.7 90.9933
14020 90.9918
14020.4 90.9902
14020.8 90.9885
14021.1 90.9866
14021.5 90.9846
14021.8 90.9824
14022.2 90.9804
14022.6 90.9786
14022.9 90.977
14023.3 90.9742
14023.7 90.973
14024 90.9719
14024.4 90.9709
14024.8 90.9699
14025.1 90.969
14025.5 90.9681
14025.9 90.9673
14026.2 90.9664
14026.6 90.9656
14027 90.9648
14027.3 90.9639
14027.7 90.9631
14028.1 90.9623
14028.4 90.9614
14028.8 90.9606
14029.2 90.9598
14029.5 90.9583
14029.9 90.9576
14030.3 90.957
14030.6 90.9564
14031 90.9559
14031.4 90.9555
14031.7 90.9551
14032.1 90.9547
14032.5 90.9544
14032.8 90.9542
14033.2 90.9539
14033.6 90.9537
14033.9 90.9535
14034.3 90.9532
14034.7 90.953
14035 90.9523
14035.4 90.952
14035.8 90.951
14036.1 90.9507
14036.5 90.9505
14036.9 90.9502
14037.2 90.95
14037.6 90.9499
14038 90.9498
14038.3 90.9499
14038.7 90.9501
14039.1 90.9506
14039.4 90.9513
14039.8 90.9521
14040.2 90.9529
14040.5 90.9535
14040.9 90.954
14041.3 90.9542
14041.6 90.9537
14042 90.9534
14042.4 90.9534
14042.7 90.9534
14043.1 90.9533
14043.5 90.953
14043.8 90.9527
14044.2 90.9523
14044.6 90.9518
14044.9 90.9512
14045.3 90.9505
14045.7 90.9498
14046 90.9489
14046.4 90.948
14046.8 90.9471
14047.1 90.9461
14047.5 90.945
14047.9 90.9433
14048.2 90.9426
14048.6 90.9416
14048.9 90.9407
14049.3 90.9397
14049.7 90.9388
14050 90.9379
14050.4 90.9371
14050.8 90.9363
14051.1 90.9355
14051.5 90.9348
14051.9 90.9341
14052.2 90.9335
14052.6 90.9328
14053 90.9321
14053.3 90.9314
14053.7 90.9307
14054.1 90.9298
14054.4 90.9291
14054.8 90.9288
14055.2 90.928
14055.5 90.9272
14055.9 90.9263
14056.3 90.9254
14056.6 90.9244
14057 90.9234
14057.4 90.9224
14057.7 90.9214
14058.1 90.9203
14058.5 90.9192
14058.8 90.918
14059.2 90.9168
14059.6 90.9156
14059.9 90.9143
14060.3 90.9121
14060.7 90.9108
14061 90.9097
14061.4 90.9084
14061.8 90.9072
14062.1 90.906
14062.5 90.9049
14062.9 90.9038
14063.2 90.9028
14063.6 90.9019
14064 90.9011
14064.3 90.9003
14064.7 90.8996
14065.1 90.899
14065.4 90.8984
14065.8 90.8979
14066.2 90.8974
14066.5 90.8968
14066.9 90.8964
14067.3 90.896
14067.6 90.8959
14068 90.8956
14068.4 90.8953
14068.7 90.895
14069.1 90.8946
14069.5 90.8943
14069.8 90.894
14070.2 90.8936
14070.6 90.8932
14070.9 90.8928
14071.3 90.8924
14071.7 90.8919
14072 90.8913
14072.4 90.8907
14072.8 90.8899
14073.1 90.8891
14073.5 90.8883
14073.9 90.8875
14074.2 90.8872
14074.6 90.8863
14075 90.8853
14075.3 90.8843
14075.7 90.8832
14076 90.8821
14076.4 90.8809
14076.8 90.8797
14077.1 90.8785
14077.5 90.8772
14077.9 90.8759
14078.2 90.8745
14078.6 90.8725
14079 90.8709
14079.3 90.8694
14079.7 90.8677
14080.1 90.866
14080.4 90.8641
14080.8 90.863
14081.2 90.861
14081.5 90.8588
14081.9 90.8566
14082.3 90.8544
14082.6 90.8522
14083 90.85
14083.4 90.8478
14083.7 90.8458
14084.1 90.8437
14084.5 90.8418
14084.8 90.8388
14085.2 90.837
14085.6 90.8353
14085.9 90.8337
14086.3 90.8322
14086.7 90.8307
14087 90.8294
14087.4 90.8286
14087.8 90.8273
14088.1 90.826
14088.5 90.8248
14088.9 90.8237
14089.2 90.8226
14089.6 90.8215
14090 90.8205
14090.3 90.8195
14090.7 90.8185
14091.1 90.8167
14091.4 90.8157
14091.8 90.8148
14092.2 90.8138
14092.5 90.8128
14092.9 90.8118
14093.3 90.8108
14093.6 90.8098
14094 90.8088
14094.4 90.8077
14094.7 90.8065
14095.1 90.8052
14095.5 90.8039
14095.8 90.8025
14096.2 90.801
14096.6 90.7995
14096.9 90.7978
14097.3 90.7948
14097.7 90.7929
14098 90.791
14098.4 90.789
14098.8 90.7869
14099.1 90.7847
14099.5 90.7825
14099.9 90.7802
14100.2 90.7782
14100.6 90.7756
14101 90.7729
14101.3 90.7699
14101.7 90.7669
14102 90.7638
14102.4 90.7608
14102.8 90.7578
14103.1 90.7549
14103.5 90.7499
14103.9 90.7473
14104.2 90.7448
14104.6 90.7424
14105 90.7401
14105.3 90.7378
14105.7 90.7356
14106.1 90.7335
14106.4 90.7313
14106.8 90.7299
14107.2 90.7279
14107.5 90.726
14107.9 90.724
14108.3 90.7222
14108.6 90.7204
14109 90.7186
14109.4 90.7168
14109.7 90.7137
14110.1 90.7118
14110.5 90.71
14110.8 90.7081
14111.2 90.7063
14111.6 90.7046
14111.9 90.7029
14112.3 90.7013
14112.7 90.6997
14113 90.6982
14113.4 90.6969
14113.8 90.6955
14114.1 90.6941
14114.5 90.6927
14114.9 90.6913
14115.2 90.6899
14115.6 90.6872
14116 90.6858
14116.3 90.6844
14116.7 90.6829
14117.1 90.6813
14117.4 90.6796
14117.8 90.6779
14118.2 90.676
14118.5 90.6741
14118.9 90.6721
14119.3 90.6701
14119.6 90.6679
14120 90.6662
14120.4 90.6638
14120.7 90.6614
14121.1 90.6589
14121.5 90.6565
14121.8 90.6524
14122.2 90.6501
14122.6 90.6479
14122.9 90.6458
14123.3 90.6438
14123.7 90.6419
14124 90.6401
14124.4 90.6383
14124.8 90.6366
14125.1 90.6349
14125.5 90.6333
14125.9 90.6318
14126.2 90.6302
14126.6 90.6294
14127 90.6279
14127.3 90.6265
14127.7 90.625
14128.1 90.6227
14128.4 90.6212
14128.8 90.6197
14129.1 90.6181
14129.5 90.6165
14129.9 90.6149
14130.2 90.6132
14130.6 90.6115
14131 90.6098
14131.3 90.6081
14131.7 90.6063
14132.1 90.6045
14132.4 90.6027
14132.8 90.6015
14133.2 90.5996
14133.5 90.5978
14133.9 90.5959
14134.3 90.5929
14134.6 90.5911
14135 90.5894
14135.4 90.5877
14135.7 90.586
14136.1 90.5843
14136.5 90.5826
14136.8 90.5809
14137.2 90.5793
14137.6 90.5777
14137.9 90.5761
14138.3 90.5746
14138.7 90.5731
14139 90.5717
14139.4 90.5706
14139.8 90.5692
14140.1 90.5678
14140.5 90.5656
14140.9 90.5644
14141.2 90.5632
14141.6 90.562
14142 90.5608
14142.3 90.5597
14142.7 90.5585
14143.1 90.5574
14143.4 90.5563
14143.8 90.5552
14144.2 90.5541
14144.5 90.553
14144.9 90.5519
14145.3 90.5507
14145.6 90.5496
14146 90.5492
14146.4 90.5475
14146.7 90.5463
14147.1 90.545
14147.5 90.5437
14147.8 90.5423
14148.2 90.5408
14148.6 90.5394
14148.9 90.5378
14149.3 90.5363
14149.7 90.5346
14150 90.533
14150.4 90.5312
14150.8 90.5295
14151.1 90.5277
14151.5 90.5258
14151.9 90.524
14152.2 90.5222
14152.6 90.5205
14153 90.5188
14153.3 90.5172
14153.7 90.5156
14154.1 90.514
14154.4 90.5126
14154.8 90.5112
14155.2 90.5099
14155.5 90.5086
14155.9 90.5074
14156.2 90.5063
14156.6 90.5052
14157 90.5041
14157.3 90.5031
14157.7 90.5021
14158.1 90.5012
14158.4 90.5004
14158.8 90.4993
14159.2 90.499
14159.5 90.4982
14159.9 90.4974
14160.3 90.4967
14160.6 90.4959
14161 90.4952
14161.4 90.4944
14161.7 90.4936
14162.1 90.4928
14162.5 90.492
14162.8 90.4911
14163.2 90.4903
14163.6 90.4894
14163.9 90.4885
14164.3 90.4875
14164.7 90.4866
14165 90.4854
14165.4 90.4853
14165.8 90.4843
14166.1 90.4833
14166.5 90.4823
14166.9 90.4814
14167.2 90.4804
14167.6 90.4794
14168 90.4785
14168.3 90.4775
14168.7 90.4766
14169.1 90.4756
14169.4 90.4747
14169.8 90.4737
14170.2 90.4728
14170.5 90.4718
14170.9 90.4708
14171.3 90.4697
14171.6 90.4686
14172 90.4685
14172.4 90.4675
14172.7 90.4663
14173.1 90.4652
14173.5 90.464
14173.8 90.4629
14174.2 90.4617
14174.6 90.4605
14174.9 90.4593
14175.3 90.4581
14175.7 90.4569
14176 90.4557
14176.4 90.4545
14176.8 90.4533
14177.1 90.4521
14177.5 90.4508
14177.9 90.4497
14178.2 90.4486
14178.6 90.4485
14179 90.4475
14179.3 90.4466
14179.7 90.4457
14180.1 90.4448
14180.4 90.444
14180.8 90.4433
14181.2 90.4426
14181.5 90.4419
14181.9 90.4414
14182.3 90.4408
14182.6 90.4403
14183 90.4399
14183.3 90.4397
14183.7 90.4394
14184.1 90.4391
14184.4 90.4388
14184.8 90.4386
14185.2 90.4388
14185.5 90.4386
14185.9 90.4384
14186.3 90.4381
14186.6 90.4379
14187 90.4377
14187.4 90.4375
14187.7 90.4372
14188.1 90.437
14188.5 90.4367
14188.8 90.4364
14189.2 90.4361
14189.6 90.436
14189.9 90.4356
14190.3 90.4353
14190.7 90.4349
14191 90.4345
14191.4 90.434
14191.8 90.4342
14192.1 90.4337
14192.5 90.4331
14192.9 90.4326
14193.2 90.432
14193.6 90.4313
14194 90.4307
14194.3 90.43
14194.7 90.4293
14195.1 90.4286
14195.4 90.4278
14195.8 90.427
14196.2 90.4262
14196.5 90.4253
14196.9 90.4244
14197.3 90.4235
14197.6 90.4226
14198 90.4216
14198.4 90.4214
14198.7 90.4204
14199.1 90.4193
14199.5 90.4183
14199.8 90.4172
14200.2 90.4161
14200.6 90.4149
14200.9 90.4137
14201.3 90.4125
14201.7 90.4113
14202 90.4094
14202.4 90.4082
14202.8 90.4071
14203.1 90.406
14203.5 90.4051
14203.9 90.4042
14204.2 90.4034
14204.6 90.4032
14205 90.4025
14205.3 90.4018
14205.7 90.4011
14206.1 90.4005
14206.4 90.3998
14206.8 90.3992
14207.2 90.3985
14207.5 90.3978
14207.9 90.3971
14208.3 90.3962
14208.6 90.3954
14209 90.3945
14209.3 90.3936
14209.7 90.3926
14210.1 90.3916
14210.4 90.3905
14210.8 90.3894
14211.2 90.3892
14211.5 90.388
14211.9 90.3867
14212.3 90.3854
14212.6 90.3841
14213 90.3827
14213.4 90.3813
14213.7 90.3799
14214.1 90.3781
14214.5 90.3767
14214.8 90.3752
14215.2 90.3738
14215.6 90.3723
14215.9 90.3709
14216.3 90.3695
14216.7 90.3681
14217 90.3667
14217.4 90.3653
14217.8 90.3652
14218.1 90.3638
14218.5 90.3625
14218.9 90.3612
14219.2 90.3599
14219.6 90.3586
14220 90.3574
14220.3 90.356
14220.7 90.3548
14221.1 90.3536
14221.4 90.3525
14221.8 90.3514
14222.2 90.3503
14222.5 90.3492
14222.9 90.3482
14223.3 90.3473
14223.6 90.3464
14224 90.3455
14224.4 90.3452
14224.7 90.3444
14225.1 90.3437
14225.5 90.343
14225.8 90.3424
14226.2 90.3419
14226.6 90.3412
14226.9 90.3407
14227.3 90.3403
14227.7 90.34
14228 90.3396
14228.4 90.3393
14228.8 90.339
14229.1 90.3386
14229.5 90.3383
14229.9 90.3379
14230.2 90.3376
14230.6 90.3372
14231 90.3368
14231.3 90.3363
14231.7 90.3359
14232.1 90.3354
14232.4 90.3349
14232.8 90.3339
14233.2 90.3333
14233.5 90.3327
14233.9 90.3321
14234.3 90.3315
14234.6 90.3309
14235 90.3304
14235.4 90.3298
14235.7 90.3292
14236.1 90.3287
14236.4 90.3281
14236.8 90.3276
14237.2 90.3272
14237.5 90.3266
14237.9 90.3261
14238.3 90.3255
14238.6 90.3248
14239 90.3234
14239.4 90.3226
14239.7 90.3217
14240.1 90.3208
14240.5 90.3199
14240.8 90.3189
14241.2 90.3178
14241.6 90.3168
14241.9 90.3158
14242.3 90.3148
14242.7 90.3139
14243 90.3131
14243.4 90.3123
14243.8 90.3116
14244.1 90.3111
14244.5 90.3107
14244.9 90.3104
14245.2 90.3099
14245.6 90.3098
14246 90.3099
14246.3 90.31
14246.7 90.3101
14247.1 90.3103
14247.4 90.3105
14247.8 90.3107
14248.2 90.3109
14248.5 90.3111
14248.9 90.3113
14249.3 90.3115
14249.6 90.3116
14250 90.3117
14250.4 90.3117
14250.7 90.3117
14251.1 90.3117
14251.5 90.3116
14251.8 90.3115
14252.2 90.3113
14252.6 90.3111
14252.9 90.3108
14253.3 90.3105
14253.7 90.3102
14254 90.3099
14254.4 90.3096
14254.8 90.3093
14255.1 90.3089
14255.5 90.3086
14255.9 90.3084
14256.2 90.3081
14256.6 90.3079
14257 90.308
14257.3 90.3079
14257.7 90.3078
14258.1 90.3077
14258.4 90.3076
14258.8 90.3075
14259.2 90.3074
14259.5 90.3074
14259.9 90.3074
14260.3 90.3074
14260.6 90.3075
14261 90.3075
14261.4 90.3076
14261.7 90.3077
14262.1 90.3078
14262.5 90.308
14262.8 90.3082
14263.2 90.3084
14263.5 90.309
14263.9 90.3093
14264.3 90.3096
14264.6 90.31
14265 90.3104
14265.4 90.3109
14265.7 90.3114
14266.1 90.312
14266.5 90.3126
14266.8 90.3134
14267.2 90.3141
14267.6 90.3149
14267.9 90.3158
14268.3 90.3168
14268.7 90.3178
14269 90.3188
14269.4 90.3199
14269.8 90.3215
14270.1 90.322
14270.5 90.3231
14270.9 90.3241
14271.2 90.3251
14271.6 90.3261
14272 90.3269
14272.3 90.3277
14272.7 90.3284
14273.1 90.329
14273.4 90.3295
14273.8 90.3301
14274.2 90.3305
14274.5 90.331
14274.9 90.3314
14275.3 90.3317
14275.6 90.3321
14276 90.333
14276.4 90.3335
14276.7 90.3338
14277.1 90.3341
14277.5 90.3343
14277.8 90.3345
14278.2 90.3347
14278.6 90.3349
14278.9 90.3351
14279.3 90.3352
14279.7 90.3353
14280 90.3353
14280.4 90.3354
14280.8 90.3353
14281.1 90.3353
14281.5 90.3352
14281.9 90.3355
14282.2 90.3354
14282.6 90.3353
14283 90.3357
14283.3 90.3356
14283.7 90.3355
14284.1 90.3354
14284.4 90.3353
14284.8 90.3351
14285.2 90.335
14285.5 90.3349
14285.9 90.3348
14286.3 90.3346
14286.6 90.3345
14287 90.3344
14287.4 90.3342
14287.7 90.3341
14288.1 90.3345
14288.5 90.3344
14288.8 90.3342
14289.2 90.3341
14289.5 90.3347
14289.9 90.3345
14290.3 90.3344
14290.6 90.3343
14291 90.3342
14291.4 90.3342
14291.7 90.3341
14292.1 90.3341
14292.5 90.334
14292.8 90.334
14293.2 90.3339
14293.6 90.3339
14293.9 90.3339
14294.3 90.3344
14294.7 90.3344
14295 90.3343
14295.4 90.3343
14295.8 90.3342
14296.1 90.3349
14296.5 90.3348
14296.9 90.3346
14297.2 90.3345
14297.6 90.3344
14298 90.3343
14298.3 90.3341
14298.7 90.334
14299.1 90.3339
14299.4 90.3338
14299.8 90.3337
14300.2 90.3337
14300.5 90.3346
14300.9 90.3347
14301.3 90.3348
14301.6 90.335
14302 90.3352
14302.4 90.3355
14302.7 90.3366
14303.1 90.3369
14303.5 90.3374
14303.8 90.3378
14304.2 90.3384
14304.6 90.3389
14304.9 90.3396
14305.3 90.3402
14305.7 90.3409
14306 90.3416
14306.4 90.3424
14306.8 90.3444
14307.1 90.3452
14307.5 90.346
14307.9 90.3468
14308.2 90.3477
14308.6 90.3485
14309 90.3497
14309.3 90.3505
14309.7 90.3513
14310.1 90.3521
14310.4 90.3529
14310.8 90.3537
14311.2 90.3544
14311.5 90.3551
14311.9 90.3558
14312.3 90.3564
14312.6 90.357
14313 90.3586
14313.4 90.3591
14313.7 90.3596
14314.1 90.36
14314.5 90.3603
14314.8 90.3607
14315.2 90.3609
14315.6 90.3618
14315.9 90.362
14316.3 90.3622
14316.6 90.3624
14317 90.3626
14317.4 90.3627
14317.7 90.3628
14318.1 90.363
14318.5 90.3631
14318.8 90.3639
14319.2 90.364
14319.6 90.3641
14319.9 90.3643
14320.3 90.3645
14320.7 90.3646
14321 90.3648
14321.4 90.3651
14321.8 90.3653
14322.1 90.3661
14322.5 90.3663
14322.9 90.3666
14323.2 90.367
14323.6 90.3673
14324 90.3676
14324.3 90.3679
14324.7 90.3682
14325.1 90.3693
14325.4 90.3696
14325.8 90.3699
14326.2 90.3702
14326.5 90.3705
14326.9 90.3708
14327.3 90.371
14327.6 90.3713
14328 90.3715
14328.4 90.3718
14328.7 90.3726
14329.1 90.3729
14329.5 90.3731
14329.8 90.3734
14330.2 90.3737
14330.6 90.374
14330.9 90.3742
14331.3 90.3754
14331.7 90.3757
14332 90.376
14332.4 90.3763
14332.8 90.3766
14333.1 90.3769
14333.5 90.3772
14333.9 90.3775
14334.2 90.3779
14334.6 90.3782
14335 90.3785
14335.3 90.3795
14335.7 90.3798
14336.1 90.3801
14336.4 90.3804
14336.8 90.3807
14337.2 90.381
14337.5 90.3822
14337.9 90.3825
14338.3 90.3828
14338.6 90.383
14339 90.3832
14339.4 90.3835
14339.7 90.3837
14340.1 90.3838
14340.5 90.384
14340.8 90.3841
14341.2 90.3843
14341.6 90.3844
14341.9 90.3851
14342.3 90.3852
14342.7 90.3852
14343 90.3853
14343.4 90.3853
14343.7 90.386
14344.1 90.3859
14344.5 90.3859
14344.8 90.3858
14345.2 90.3858
14345.6 90.3857
14345.9 90.3855
14346.3 90.3854
14346.7 90.3852
14347 90.385
14347.4 90.3847
14347.8 90.3844
14348.1 90.3849
14348.5 90.3846
14348.9 90.3842
14349.2 90.3838
14349.6 90.3838
14350 90.3833
14350.3 90.3828
14350.7 90.3823
14351.1 90.3818
14351.4 90.3813
14351.8 90.3808
14352.2 90.3803
14352.5 90.3797
14352.9 90.3792
14353.3 90.3787
14353.6 90.3782
14354 90.3777
14354.4 90.3772
14354.7 90.3773
14355.1 90.3768
14355.5 90.3763
14355.8 90.376
14356.2 90.3755
14356.6 90.3751
14356.9 90.3746
14357.3 90.3742
14357.7 90.3739
14358 90.3735
14358.4 90.3732
14358.8 90.3729
14359.1 90.3727
14359.5 90.3725
14359.9 90.3723
14360.2 90.3722
14360.6 90.3721
14361 90.3721
14361.3 90.3724
14361.7 90.3725
14362.1 90.3728
14362.4 90.373
14362.8 90.3732
14363.2 90.3734
14363.5 90.3736
14363.9 90.3739
14364.3 90.3742
14364.6 90.3745
14365 90.3748
14365.4 90.3752
14365.7 90.3755
14366.1 90.3759
14366.5 90.3763
14366.8 90.3767
14367.2 90.3771
14367.6 90.3775
14367.9 90.3778
14368.3 90.3785
14368.7 90.3789
14369 90.3794
14369.4 90.3799
14369.8 90.3804
14370.1 90.3809
14370.5 90.3814
14370.8 90.382
14371.2 90.3826
14371.6 90.3833
14371.9 90.384
14372.3 90.3848
14372.7 90.3857
14373 90.3867
14373.4 90.3877
14373.8 90.3889
14374.1 90.3901
14374.5 90.3914
14374.9 90.3927
14375.2 90.3941
14375.6 90.3956
14376 90.3971
14376.3 90.3986
14376.7 90.4002
14377.1 90.4017
14377.4 90.4032
14377.8 90.4046
14378.2 90.4059
14378.5 90.4071
14378.9 90.4081
14379.3 90.4091
14379.6 90.4099
14380 90.4105
14380.4 90.4111
14380.7 90.4112
14381.1 90.4116
14381.5 90.4119
14381.8 90.4121
14382.2 90.4123
14382.6 90.4124
14382.9 90.4124
14383.3 90.4125
14383.7 90.4125
14384 90.4125
14384.4 90.4125
14384.8 90.4125
14385.1 90.4125
14385.5 90.4125
14385.9 90.4125
14386.2 90.4125
14386.6 90.4126
14387 90.4125
14387.3 90.4127
14387.7 90.4126
14388.1 90.4126
14388.4 90.4126
14388.8 90.4127
14389.2 90.4127
14389.5 90.4127
14389.9 90.4127
14390.3 90.4127
14390.6 90.4127
14391 90.4128
14391.4 90.4129
14391.7 90.4131
14392.1 90.4132
14392.5 90.4133
14392.8 90.4135
14393.2 90.4136
14393.6 90.4137
14393.9 90.4138
14394.3 90.4139
14394.7 90.4139
14395 90.4139
14395.4 90.4138
14395.8 90.4137
14396.1 90.4136
14396.5 90.4133
14396.8 90.4131
14397.2 90.4128
14397.6 90.4125
14397.9 90.4121
14398.3 90.4118
14398.7 90.4114
14399 90.4109
14399.4 90.4105
14399.8 90.4101
14400.1 90.4097
14400.5 90.4096
14400.9 90.4092
14401.2 90.4088
14401.6 90.4084
14402 90.408
14402.3 90.4076
14402.7 90.4072
14403.1 90.4067
14403.4 90.4063
14403.8 90.4059
14404.2 90.4055
14404.5 90.4051
14404.9 90.4047
14405.3 90.4043
14405.6 90.404
14406 90.4036
14406.4 90.4033
14406.7 90.4031
14407.1 90.4031
14407.5 90.4028
14407.8 90.4026
14408.2 90.4024
14408.6 90.4023
14408.9 90.4022
14409.3 90.4021
14409.7 90.4021
14410 90.4021
14410.4 90.4021
14410.8 90.4021
14411.1 90.4022
14411.5 90.4023
14411.9 90.4024
14412.2 90.4025
14412.6 90.4026
14413 90.4026
14413.3 90.4027
14413.7 90.4024
14414.1 90.4024
14414.4 90.4023
14414.8 90.4021
14415.2 90.4019
14415.5 90.4016
14415.9 90.4013
14416.3 90.401
14416.6 90.4007
14417 90.4004
14417.4 90.3996
14417.7 90.3994
14418.1 90.3992
14418.5 90.3991
14418.8 90.399
14419.2 90.399
14419.6 90.399
14419.9 90.3989
14420.3 90.399
14420.7 90.3992
14421 90.3994
14421.4 90.3997
14421.8 90.4
14422.1 90.4003
14422.5 90.4007
14422.9 90.4011
14423.2 90.4014
14423.6 90.4019
14423.9 90.4023
14424.3 90.4028
14424.7 90.4032
14425 90.4036
14425.4 90.4041
14425.8 90.4046
14426.1 90.4051
14426.5 90.4054
14426.9 90.4059
14427.2 90.4065
14427.6 90.407
14428 90.4076
14428.3 90.4082
14428.7 90.4089
14429.1 90.4095
14429.4 90.4102
14429.8 90.4114
14430.2 90.4122
14430.5 90.413
14430.9 90.4138
14431.3 90.4147
14431.6 90.4156
14432 90.4165
14432.4 90.4175
14432.7 90.4185
14433.1 90.4192
14433.5 90.4202
14433.8 90.4213
14434.2 90.4224
14434.6 90.4236
14434.9 90.4247
14435.3 90.4258
14435.7 90.4269
14436 90.4286
14436.4 90.4296
14436.8 90.4305
14437.1 90.4315
14437.5 90.4324
14437.9 90.4332
14438.2 90.434
14438.6 90.4348
14439 90.4355
14439.3 90.4361
14439.7 90.4365
14440.1 90.4371
14440.4 90.4377
14440.8 90.4383
14441.2 90.4389
14441.5 90.4395
14441.9 90.4401
14442.3 90.4407
14442.6 90.4412
14443 90.4417
14443.4 90.4421
14443.7 90.4425
14444.1 90.4429
14444.5 90.4433
14444.8 90.4437
14445.2 90.444
14445.6 90.4444
14445.9 90.4447
14446.3 90.4444
14446.7 90.4447
14447 90.4451
14447.4 90.4454
14447.8 90.4458
14448.1 90.4458
14448.5 90.4462
14448.9 90.4467
14449.2 90.4472
14449.6 90.4478
14450 90.4485
14450.3 90.4493
14450.7 90.4501
14451 90.451
14451.4 90.4519
14451.8 90.453
14452.1 90.4543
14452.5 90.4539
14452.9 90.4554
14453.2 90.457
14453.6 90.4586
14454 90.4601
14454.3 90.4612
14454.7 90.4625
14455.1 90.4637
14455.4 90.4647
14455.8 90.4656
14456.2 90.4664
14456.5 90.4672
14456.9 90.4679
14457.3 90.4685
14457.6 90.4691
14458 90.4696
14458.4 90.47
14458.7 90.4704
14459.1 90.4705
14459.5 90.4708
14459.8 90.4711
14460.2 90.4714
14460.6 90.4717
14460.9 90.4719
14461.3 90.472
14461.7 90.4722
14462 90.4724
14462.4 90.4726
14462.8 90.4728
14463.1 90.473
14463.5 90.4732
14463.9 90.4735
14464.2 90.4737
14464.6 90.4741
14465 90.4744
14465.3 90.4748
14465.7 90.4751
14466.1 90.4755
14466.4 90.476
14466.8 90.4768
14467.2 90.4774
14467.5 90.478
14467.9 90.4786
14468.3 90.4792
14468.6 90.4799
14469 90.4805
14469.4 90.4812
14469.7 90.4819
14470.1 90.4825
14470.5 90.4832
14470.8 90.4838
14471.2 90.4845
14471.6 90.485
14471.9 90.4856
14472.3 90.4858
14472.7 90.4864
14473 90.487
14473.4 90.4874
14473.8 90.4878
14474.1 90.4882
14474.5 90.4885
14474.9 90.4889
14475.2 90.4891
14475.6 90.4894
14476 90.4896
14476.3 90.4899
14476.7 90.4901
14477 90.4904
14477.4 90.4906
14477.8 90.4909
14478.1 90.4913
14478.5 90.4917
14478.9 90.4916
14479.2 90.492
14479.6 90.4926
14480 90.4932
14480.3 90.494
14480.7 90.4949
14481.1 90.496
14481.4 90.4972
14481.8 90.4986
14482.2 90.5001
14482.5 90.5017
14482.9 90.5031
14483.3 90.5043
14483.6 90.5053
14484 90.5061
14484.4 90.5068
14484.7 90.5074
14485.1 90.5078
14485.5 90.5077
14485.8 90.5081
14486.2 90.5084
14486.6 90.5086
14486.9 90.5087
14487.3 90.5088
14487.7 90.5088
14488 90.5088
14488.4 90.5087
14488.8 90.5086
14489.1 90.5085
14489.5 90.5083
14489.9 90.5081
14490.2 90.508
14490.6 90.5078
14491 90.5076
14491.3 90.5075
14491.7 90.5076
14492.1 90.5074
14492.4 90.5072
14492.8 90.5071
14493.2 90.507
14493.5 90.5068
14493.9 90.5067
14494.3 90.5066
14494.6 90.5064
14495 90.5063
14495.4 90.5061
14495.7 90.506
14496.1 90.5059
14496.5 90.5057
14496.8 90.5056
14497.2 90.5055
14497.6 90.5054
14497.9 90.5053
14498.3 90.5054
14498.7 90.5052
14499 90.505
14499.4 90.5047
14499.8 90.5045
14500.1 90.5042
14500.5 90.504
14500.9 90.5037
14501.2 90.5034
14501.6 90.5031
14502 90.5028
14502.3 90.5026
14502.7 90.5023
14503.1 90.502
14503.4 90.5017
14503.8 90.5014
14504.1 90.5011
14504.5 90.5007
14504.9 90.5007
14505.2 90.5004
14505.6 90.5
14506 90.4997
14506.3 90.4993
14506.7 90.4989
14507.1 90.4985
14507.4 90.498
14507.8 90.4976
14508.2 90.4972
14508.5 90.4968
14508.9 90.4964
14509.3 90.496
14509.6 90.4957
14510 90.4953
14510.4 90.495
14510.7 90.4947
14511.1 90.4945
14511.5 90.4945
14511.8 90.4943
14512.2 90.494
14512.6 90.4938
14512.9 90.4937
14513.3 90.4935
14513.7 90.4933
14514 90.4932
14514.4 90.4931
14514.8 90.493
14515.1 90.4928
14515.5 90.4927
14515.9 90.4925
14516.2 90.4923
14516.6 90.4921
14517 90.4919
14517.3 90.4916
14517.7 90.4912
14518.1 90.4912
14518.4 90.4908
14518.8 90.4904
14519.2 90.4899
14519.5 90.4894
14519.9 90.4888
14520.3 90.4882
14520.6 90.4876
14521 90.4869
14521.4 90.4862
14521.7 90.4855
14522.1 90.4845
14522.5 90.4838
14522.8 90.4831
14523.2 90.4824
14523.6 90.4818
14523.9 90.4812
14524.3 90.4809
14524.7 90.4804
14525 90.4798
14525.4 90.4793
14525.8 90.4788
14526.1 90.4782
14526.5 90.4777
14526.9 90.4772
14527.2 90.4766
14527.6 90.4761
14528 90.4755
14528.3 90.4748
14528.7 90.4743
14529.1 90.4737
14529.4 90.4731
14529.8 90.4725
14530.2 90.4719
14530.5 90.4713
14530.9 90.4713
14531.2 90.4707
14531.6 90.4702
14532 90.4696
14532.3 90.469
14532.7 90.4685
14533.1 90.4679
14533.4 90.4674
14533.8 90.4668
14534.2 90.4662
14534.5 90.4657
14534.9 90.4651
14535.3 90.4645
14535.6 90.4639
14536 90.4633
14536.4 90.4626
14536.7 90.4619
14537.1 90.4612
14537.5 90.4612
14537.8 90.4605
14538.2 90.4597
14538.6 90.4589
14538.9 90.4582
14539.3 90.4574
14539.7 90.4565
14540 90.4557
14540.4 90.4548
14540.8 90.454
14541.1 90.4531
14541.5 90.4522
14541.9 90.4513
14542.2 90.4504
14542.6 90.4495
14543 90.4486
14543.3 90.4477
14543.7 90.4468
14544.1 90.4469
14544.4 90.446
14544.8 90.4452
14545.2 90.4443
14545.5 90.4435
14545.9 90.4427
14546.3 90.442
14546.6 90.4413
14547 90.4408
14547.4 90.4402
14547.7 90.4396
14548.1 90.4391
14548.5 90.4387
14548.8 90.4383
14549.2 90.4379
14549.6 90.4376
14549.9 90.4374
14550.3 90.4371
14550.7 90.4373
14551 90.4371
14551.4 90.4369
14551.8 90.4367
14552.1 90.4365
14552.5 90.4363
14552.9 90.4362
14553.2 90.436
14553.6 90.4357
14554 90.4354
14554.3 90.4352
14554.7 90.4348
14555.1 90.4345
14555.4 90.4342
14555.8 90.4338
14556.2 90.4334
14556.5 90.433
14556.9 90.4325
14557.3 90.4325
14557.6 90.432
14558 90.4315
14558.3 90.4309
14558.7 90.4303
14559.1 90.4296
14559.4 90.4289
14559.8 90.4282
14560.2 90.4274
14560.5 90.4266
14560.9 90.4257
14561.3 90.4249
14561.6 90.424
14562 90.4231
14562.4 90.4222
14562.7 90.4212
14563.1 90.4203
14563.5 90.4201
14563.8 90.4192
14564.2 90.4182
14564.6 90.4172
14564.9 90.4162
14565.3 90.4151
14565.7 90.4141
14566 90.4132
14566.4 90.4122
14566.8 90.4113
14567.1 90.4103
14567.5 90.4094
14567.9 90.4085
14568.2 90.4077
14568.6 90.4068
14569 90.4059
14569.3 90.4051
14569.7 90.4043
14570.1 90.404
14570.4 90.4031
14570.8 90.4023
14571.2 90.4014
14571.5 90.4001
14571.9 90.3991
14572.3 90.3981
14572.6 90.397
14573 90.396
14573.4 90.3951
14573.7 90.3943
14574.1 90.3936
14574.5 90.393
14574.8 90.3925
14575.2 90.3921
14575.6 90.3917
14575.9 90.3914
14576.3 90.3912
14576.7 90.3912
14577 90.391
14577.4 90.3908
14577.8 90.3908
14578.1 90.3905
14578.5 90.3903
14578.9 90.39
14579.2 90.3897
14579.6 90.3894
14580 90.389
14580.3 90.3886
14580.7 90.3882
14581.1 90.3877
14581.4 90.3872
14581.8 90.3867
14582.2 90.3862
14582.5 90.3856
14582.9 90.385
14583.3 90.385
14583.6 90.3843
14584 90.3837
14584.3 90.3831
14584.7 90.3826
14585.1 90.3821
14585.4 90.3816
14585.8 90.3812
14586.2 90.3808
14586.5 90.3805
14586.9 90.3802
14587.3 90.38
14587.6 90.3798
14588 90.3796
14588.4 90.3795
14588.7 90.3794
14589.1 90.3793
14589.5 90.3793
14589.8 90.3798
14590.2 90.3797
14590.6 90.3797
14590.9 90.3797
14591.3 90.3797
14591.7 90.3797
14592 90.3797
14592.4 90.3798
14592.8 90.3798
14593.1 90.3799
14593.5 90.38
14593.9 90.3801
14594.2 90.3802
14594.6 90.3803
14595 90.3805
14595.3 90.3806
14595.7 90.3806
14596.1 90.3807
14596.4 90.3806
14596.8 90.3806
14597.2 90.3805
14597.5 90.3803
14597.9 90.3801
14598.3 90.3799
14598.6 90.3796
14599 90.3793
14599.4 90.379
14599.7 90.3786
14600.1 90.3782
14600.5 90.3777
14600.8 90.3773
14601.2 90.3767
14601.6 90.3761
14601.9 90.3755
14602.3 90.3741
14602.7 90.3734
14603 90.3724
14603.4 90.3714
14603.8 90.3702
14604.1 90.3689
14604.5 90.3676
14604.9 90.3663
14605.2 90.3652
14605.6 90.3641
14606 90.3632
14606.3 90.3624
14606.7 90.3617
14607.1 90.3611
14607.4 90.3606
14607.8 90.3601
14608.2 90.3597
14608.5 90.3591
14608.9 90.3589
14609.3 90.3587
14609.6 90.3586
14610 90.3585
14610.4 90.3585
14610.7 90.3585
14611.1 90.3585
14611.4 90.3586
14611.8 90.3587
14612.2 90.3588
14612.5 90.3589
14612.9 90.359
14613.3 90.3591
14613.6 90.3592
14614 90.3592
14614.4 90.3592
14614.7 90.359
14615.1 90.3588
14615.5 90.3587
14615.8 90.3584
14616.2 90.3582
14616.6 90.358
14616.9 90.3577
14617.3 90.3574
14617.7 90.3571
14618 90.3567
14618.4 90.3563
14618.8 90.3559
14619.1 90.3554
14619.5 90.3548
14619.9 90.3542
14620.2 90.3536
14620.6 90.3526
14621 90.352
14621.3 90.3515
14621.7 90.351
14622.1 90.3505
14622.4 90.3503
14622.8 90.3499
14623.2 90.3494
14623.5 90.349
14623.9 90.3486
14624.3 90.3482
14624.6 90.3478
14625 90.3475
14625.4 90.3471
14625.7 90.3468
14626.1 90.3464
14626.5 90.3461
14626.8 90.3455
14627.2 90.3452
14627.6 90.3448
14627.9 90.3445
14628.3 90.3442
14628.7 90.3438
14629 90.3435
14629.4 90.3432
14629.8 90.3428
14630.1 90.3424
14630.5 90.342
14630.9 90.3417
14631.2 90.3413
14631.6 90.3409
14632 90.3405
14632.3 90.3401
14632.7 90.3396
14633.1 90.3389
14633.4 90.3385
14633.8 90.3381
14634.2 90.3377
14634.5 90.3373
14634.9 90.3369
14635.3 90.3367
14635.6 90.3363
14636 90.3359
14636.4 90.3355
14636.7 90.335
14637.1 90.3345
14637.5 90.3339
14637.8 90.3334
14638.2 90.3328
14638.5 90.3322
14638.9 90.3315
14639.3 90.3305
14639.6 90.3297
14640 90.329
14640.4 90.3282
14640.7 90.3274
14641.1 90.3265
14641.5 90.3256
14641.8 90.3252
14642.2 90.3243
14642.6 90.3234
14642.9 90.3225
14643.3 90.3216
14643.7 90.3207
14644 90.3198
14644.4 90.319
14644.8 90.3181
14645.1 90.3174
14645.5 90.3163
14645.9 90.3157
14646.2 90.315
14646.6 90.3145
14647 90.3139
14647.3 90.3135
14647.7 90.3131
14648.1 90.3127
14648.4 90.3127
14648.8 90.3124
14649.2 90.3122
14649.5 90.3121
14649.9 90.312
14650.3 90.3119
14650.6 90.3119
14651 90.3119
14651.4 90.312
14651.7 90.312
14652.1 90.3122
14652.5 90.3123
14652.8 90.3125
14653.2 90.3127
14653.6 90.3129
14653.9 90.3131
14654.3 90.3132
14654.7 90.3134
14655 90.3133
14655.4 90.3135
14655.8 90.3136
14656.1 90.3137
14656.5 90.3138
14656.9 90.3138
14657.2 90.3139
14657.6 90.3139
14658 90.3139
14658.3 90.3139
14658.7 90.3138
14659.1 90.3137
14659.4 90.3136
14659.8 90.3134
14660.2 90.3132
14660.5 90.3129
14660.9 90.3127
14661.3 90.3124
14661.6 90.3126
14662 90.3124
14662.4 90.3121
14662.7 90.3118
14663.1 90.3115
14663.5 90.3113
14663.8 90.3113
14664.2 90.3111
14664.5 90.3109
14664.9 90.3107
14665.3 90.3104
14665.6 90.3102
14666 90.31
14666.4 90.3098
14666.7 90.3096
14667.1 90.3094
14667.5 90.3091
14667.8 90.3095
14668.2 90.3093
14668.6 90.3091
14668.9 90.3089
14669.3 90.3087
14669.7 90.3085
14670 90.3086
14670.4 90.3084
14670.8 90.3082
14671.1 90.308
14671.5 90.3077
14671.9 90.3075
14672.2 90.3072
14672.6 90.307
14673 90.3067
14673.3 90.3065
14673.7 90.3062
14674.1 90.3059
14674.4 90.3063
14674.8 90.306
14675.2 90.3058
14675.5 90.3055
14675.9 90.3052
14676.3 90.3054
14676.6 90.3051
14677 90.3048
14677.4 90.3046
14677.7 90.3043
14678.1 90.304
14678.5 90.3037
14678.8 90.3035
14679.2 90.3032
14679.6 90.303
14679.9 90.3027
14680.3 90.3024
14680.7 90.3021
14681 90.3024
14681.4 90.302
14681.8 90.3017
14682.1 90.3013
14682.5 90.301
14682.9 90.3006
14683.2 90.3001
14683.6 90.2997
14684 90.2992
14684.3 90.2987
14684.7 90.2981
14685.1 90.2976
14685.4 90.2971
14685.8 90.2966
14686.2 90.2961
14686.5 90.2956
14686.9 90.2951
14687.3 90.2946
14687.6 90.2946
14688 90.2941
14688.4 90.2938
14688.7 90.2934
14689.1 90.293
14689.5 90.2927
14689.8 90.2923
14690.2 90.2919
14690.6 90.2915
14690.9 90.2911
14691.3 90.2907
14691.6 90.2903
14692 90.29
14692.4 90.2896
14692.7 90.2893
14693.1 90.2889
14693.5 90.2886
14693.8 90.2883
14694.2 90.2889
14694.6 90.2893
14694.9 90.289
14695.3 90.2888
14695.7 90.2885
14696 90.2883
14696.4 90.2881
14696.8 90.2878
14697.1 90.2876
14697.5 90.2873
14697.9 90.2871
14698.2 90.2869
14698.6 90.2867
14699 90.2865
14699.3 90.2862
14699.7 90.286
14700.1 90.2858
14700.4 90.2866
14700.8 90.2872
14701.2 90.287
14701.5 90.2868
14701.9 90.2866
14702.3 90.2864
14702.6 90.2863
14703 90.2861
14703.4 90.286
14703.7 90.2859
14704.1 90.2858
14704.5 90.2857
14704.8 90.2856
14705.2 90.2856
14705.6 90.2856
14705.9 90.2855
14706.3 90.2855
14706.7 90.2855
14707 90.2873
14707.4 90.2873
14707.8 90.2874
14708.1 90.2874
14708.5 90.2875
14708.9 90.2877
14709.2 90.2878
14709.6 90.2879
14710 90.2881
14710.3 90.2882
14710.7 90.2884
14711.1 90.2886
14711.4 90.2888
14711.8 90.289
14712.2 90.2893
14712.5 90.2896
14712.9 90.2898
14713.3 90.2911
14713.6 90.2921
14714 90.2924
14714.4 90.2928
14714.7 90.2931
14715.1 90.2934
14715.5 90.2938
14715.8 90.2941
14716.2 90.2944
14716.6 90.2948
14716.9 90.2951
14717.3 90.2954
14717.7 90.2957
14718 90.296
14718.4 90.2962
14718.7 90.2965
14719.1 90.2977
14719.5 90.2979
14719.8 90.298
14720.2 90.299
14720.6 90.2992
14720.9 90.2992
14721.3 90.2993
14721.7 90.2993
14722 90.2993
14722.4 90.2993
14722.8 90.2993
14723.1 90.2992
14723.5 90.2991
14723.9 90.2991
14724.2 90.299
14724.6 90.2989
14725 90.2988
14725.3 90.2995
14725.7 90.2994
14726.1 90.2993
14726.4 90.2993
14726.8 90.3001
14727.2 90.3001
14727.5 90.3
14727.9 90.3001
14728.3 90.3001
14728.6 90.3002
14729 90.3003
14729.4 90.3005
14729.7 90.3007
14730.1 90.3009
14730.5 90.3012
14730.8 90.3015
14731.2 90.3019
14731.6 90.3032
14731.9 90.3036
14732.3 90.3042
14732.7 90.3047
14733 90.3053
14733.4 90.3063
14733.8 90.3069
14734.1 90.3076
14734.5 90.3084
14734.9 90.3091
14735.2 90.3099
14735.6 90.3108
14736 90.3116
14736.3 90.3124
14736.7 90.3133
14737.1 90.3141
14737.4 90.315
14737.8 90.317
14738.2 90.3179
14738.5 90.3187
14738.9 90.3196
14739.3 90.3204
14739.6 90.3216
14740 90.3224
14740.4 90.3232
14740.7 90.324
14741.1 90.3248
14741.5 90.3256
14741.8 90.3264
14742.2 90.3272
14742.6 90.328
14742.9 90.3289
14743.3 90.3297
14743.7 90.3305
14744 90.3325
14744.4 90.3333
14744.8 90.3341
14745.1 90.3349
14745.5 90.3357
14745.8 90.3365
14746.2 90.3376
14746.6 90.3384
14746.9 90.3392
14747.3 90.34
14747.7 90.3407
14748 90.3415
14748.4 90.3423
14748.8 90.3431
14749.1 90.3439
14749.5 90.3447
14749.9 90.3456
14750.2 90.3475
14750.6 90.3483
14751 90.3492
14751.3 90.3501
14751.7 90.351
14752.1 90.3518
14752.4 90.3527
14752.8 90.3537
14753.2 90.3546
14753.5 90.3554
14753.9 90.3562
14754.3 90.357
14754.6 90.3578
14755 90.3586
14755.4 90.3594
14755.7 90.3601
14756.1 90.3618
14756.5 90.3626
14756.8 90.3633
14757.2 90.3641
14757.6 90.3648
14757.9 90.3656
14758.3 90.3664
14758.7 90.3671
14759 90.368
14759.4 90.3688
14759.8 90.3696
14760.1 90.3704
14760.5 90.3713
14760.9 90.3722
14761.2 90.3731
14761.6 90.3741
14762 90.3751
14762.3 90.3768
14762.7 90.3778
14763.1 90.3789
14763.4 90.38
14763.8 90.3811
14764.2 90.3822
14764.5 90.3832
14764.9 90.3843
14765.3 90.3853
14765.6 90.3863
14766 90.3868
14766.4 90.3877
14766.7 90.3887
14767.1 90.3896
14767.5 90.3904
14767.8 90.3913
14768.2 90.3922
14768.6 90.3936
14768.9 90.3945
14769.3 90.3954
14769.7 90.3964
14770 90.3973
14770.4 90.3984
14770.8 90.3994
14771.1 90.4006
14771.5 90.4018
14771.8 90.4031
14772.2 90.4038
14772.6 90.4052
14772.9 90.4066
14773.3 90.408
14773.7 90.4094
14774 90.4107
14774.4 90.4119
14774.8 90.4138
14775.1 90.4149
14775.5 90.416
14775.9 90.417
14776.2 90.418
14776.6 90.4189
14777 90.4199
14777.3 90.4208
14777.7 90.4217
14778.1 90.4226
14778.4 90.4235
14778.8 90.4245
14779.2 90.4254
14779.5 90.4263
14779.9 90.4272
14780.3 90.4281
14780.6 90.4291
14781 90.4309
14781.4 90.4318
14781.7 90.4327
14782.1 90.4336
14782.5 90.4345
14782.8 90.4354
14783.2 90.4363
14783.6 90.4371
14783.9 90.4379
14784.3 90.4386
14784.7 90.4393
14785 90.44
14785.4 90.4404
14785.8 90.4409
14786.1 90.4413
14786.5 90.4416
14786.9 90.4417
14787.2 90.4417
14787.6 90.4415
14788 90.4413
14788.3 90.4412
14788.7 90.4411
14789.1 90.4412
14789.4 90.4413
14789.8 90.4415
14790.2 90.4418
14790.5 90.4421
14790.9 90.4425
14791.3 90.4429
14791.6 90.4434
14792 90.4437
14792.4 90.4443
14792.7 90.4449
14793.1 90.446
14793.5 90.4467
14793.8 90.4476
14794.2 90.4485
14794.6 90.4494
14794.9 90.4504
14795.3 90.4515
14795.7 90.4527
14796 90.454
14796.4 90.4553
14796.8 90.4567
14797.1 90.4581
14797.5 90.4593
14797.9 90.4605
14798.2 90.4616
14798.6 90.462
14798.9 90.463
14799.3 90.4642
14799.7 90.4651
14800 90.4659
14800.4 90.4667
14800.8 90.4674
14801.1 90.468
14801.5 90.4687
14801.9 90.4692
14802.2 90.4698
14802.6 90.4703
14803 90.4707
14803.3 90.4711
14803.7 90.4715
14804.1 90.4719
14804.4 90.4722
14804.8 90.4725
14805.2 90.4726
14805.5 90.4729
14805.9 90.4732
14806.3 90.4735
14806.6 90.4737
14807 90.4739
14807.4 90.4742
14807.7 90.4744
14808.1 90.4747
14808.5 90.4749
14808.8 90.4752
14809.2 90.4755
14809.6 90.4758
14809.9 90.476
14810.3 90.4763
14810.7 90.4766
14811 90.4769
14811.4 90.4771
14811.8 90.4777
14812.1 90.478
14812.5 90.4783
14812.9 90.4787
14813.2 90.4791
14813.6 90.4795
14814 90.4799
14814.3 90.4803
14814.7 90.4807
14815.1 90.481
14815.4 90.4814
14815.8 90.4817
14816.2 90.482
14816.5 90.4823
14816.9 90.4826
14817.3 90.4828
14817.6 90.4831
14818 90.4831
14818.4 90.4833
14818.7 90.4834
14819.1 90.4835
14819.5 90.4836
14819.8 90.4837
14820.2 90.4838
14820.6 90.4838
14820.9 90.4839
14821.3 90.4839
14821.7 90.484
14822 90.4841
14822.4 90.4842
14822.8 90.4843
14823.1 90.4845
14823.5 90.4847
14823.9 90.4853
14824.2 90.4856
14824.6 90.486
14825 90.4864
14825.3 90.4868
14825.7 90.4872
14826 90.4877
14826.4 90.4882
14826.8 90.4887
14827.1 90.4893
14827.5 90.4899
14827.9 90.4905
14828.2 90.4911
14828.6 90.4917
14829 90.4924
14829.3 90.493
14829.7 90.4937
14830.1 90.4947
14830.4 90.4953
14830.8 90.4959
14831.2 90.4962
14831.5 90.4968
14831.9 90.4973
14832.3 90.4979
14832.6 90.4984
14833 90.4989
14833.4 90.4994
14833.7 90.4999
14834.1 90.5003
14834.5 90.5008
14834.8 90.5012
14835.2 90.5017
14835.6 90.5021
14835.9 90.5024
14836.3 90.5032
14836.7 90.5035
14837 90.5038
14837.4 90.5041
14837.8 90.5045
14838.1 90.5048
14838.5 90.505
14838.9 90.5052
14839.2 90.5055
14839.6 90.5057
14840 90.5059
14840.3 90.5061
14840.7 90.5063
14841.1 90.5065
14841.4 90.5067
14841.8 90.507
14842.2 90.5073
14842.5 90.5079
14842.9 90.5083
14843.3 90.5087
14843.6 90.5091
14844 90.5094
14844.4 90.5099
14844.7 90.5104
14845.1 90.511
14845.5 90.5117
14845.8 90.5124
14846.2 90.5132
14846.6 90.514
14846.9 90.5149
14847.3 90.5159
14847.7 90.5168
14848 90.5178
14848.4 90.5188
14848.8 90.5201
14849.1 90.5211
14849.5 90.522
14849.9 90.523
14850.2 90.5239
14850.6 90.5243
14851 90.5253
14851.3 90.5262
14851.7 90.527
14852 90.5279
14852.4 90.5288
14852.8 90.5296
14853.1 90.5304
14853.5 90.5312
14853.9 90.5321
14854.2 90.5329
14854.6 90.5344
14855 90.5352
14855.3 90.5361
14855.7 90.5371
14856.1 90.538
14856.4 90.539
14856.8 90.5401
14857.2 90.5408
14857.5 90.5418
14857.9 90.5429
14858.3 90.544
14858.6 90.545
14859 90.5461
14859.4 90.5471
14859.7 90.5482
14860.1 90.5492
14860.5 90.5502
14860.8 90.5519
14861.2 90.5528
14861.6 90.5538
14861.9 90.5546
14862.3 90.5555
14862.7 90.5563
14863 90.5571
14863.4 90.5579
14863.8 90.5583
14864.1 90.559
14864.5 90.5597
14864.9 90.5603
14865.2 90.5608
14865.6 90.5613
14866 90.5618
14866.3 90.5622
14866.7 90.5627
14867.1 90.5634
14867.4 90.5639
14867.8 90.5643
14868.2 90.5648
14868.5 90.5653
14868.9 90.5658
14869.3 90.5664
14869.6 90.5671
14870 90.5677
14870.4 90.5684
14870.7 90.5692
14871.1 90.5701
14871.5 90.571
14871.8 90.572
14872.2 90.5731
14872.6 90.5743
14872.9 90.5756
14873.3 90.5779
14873.7 90.5794
14874 90.5811
14874.4 90.5828
14874.8 90.5846
14875.1 90.5865
14875.5 90.5884
14875.9 90.5903
14876.2 90.5923
14876.6 90.5942
14877 90.5952
14877.3 90.597
14877.7 90.5988
14878.1 90.6006
14878.4 90.6022
14878.8 90.6039
14879.1 90.6054
14879.5 90.6078
14879.9 90.6092
14880.2 90.6105
14880.6 90.6119
14881 90.6131
14881.3 90.6144
14881.7 90.6156
14882.1 90.6168
14882.4 90.618
14882.8 90.6192
14883.2 90.6199
14883.5 90.6211
14883.9 90.6223
14884.3 90.6234
14884.6 90.6245
14885 90.6256
14885.4 90.6267
14885.7 90.6286
14886.1 90.6296
14886.5 90.6307
14886.8 90.6318
14887.2 90.6328
14887.6 90.6338
14887.9 90.6349
14888.3 90.6359
14888.7 90.637
14889 90.6381
14889.4 90.6392
14889.8 90.64
14890.1 90.6411
14890.5 90.6424
14890.9 90.6436
14891.2 90.6449
14891.6 90.6472
14892 90.6486
14892.3 90.6501
14892.7 90.6518
14893.1 90.6535
14893.4 90.6552
14893.8 90.6571
14894.2 90.6591
14894.5 90.6612
14894.9 90.6634
14895.3 90.6657
14895.6 90.668
14896 90.6705
14896.4 90.6714
14896.7 90.674
14897.1 90.6765
14897.5 90.6792
14897.8 90.6827
14898.2 90.6853
14898.6 90.6879
14898.9 90.6903
14899.3 90.6926
14899.7 90.6949
14900 90.6972
14900.4 90.6993
14900.8 90.7014
14901.1 90.7034
14901.5 90.7053
14901.9 90.7072
14902.2 90.709
14902.6 90.7107
14903 90.7116
14903.3 90.7132
14903.7 90.7149
14904.1 90.7173
14904.4 90.7189
14904.8 90.7205
14905.2 90.7221
14905.5 90.7237
14905.9 90.7253
14906.2 90.7269
14906.6 90.7285
14907 90.7301
14907.3 90.7317
14907.7 90.7333
14908.1 90.7349
14908.4 90.7365
14908.8 90.7381
14909.2 90.7397
14909.5 90.7405
14909.9 90.742
14910.3 90.7443
14910.6 90.7458
14911 90.7473
14911.4 90.7488
14911.7 90.7503
14912.1 90.7518
14912.5 90.7533
14912.8 90.7548
14913.2 90.7564
14913.6 90.758
14913.9 90.7597
14914.3 90.7614
14914.7 90.7631
14915 90.7649
14915.4 90.7666
14915.8 90.7673
14916.1 90.7691
14916.5 90.7715
14916.9 90.7733
14917.2 90.775
14917.6 90.7768
14918 90.7786
14918.3 90.7803
14918.7 90.782
14919.1 90.7837
14919.4 90.7853
14919.8 90.7869
14920.2 90.7885
14920.5 90.79
14920.9 90.7914
14921.3 90.7928
14921.6 90.7941
14922 90.7953
14922.4 90.796
14922.7 90.7971
14923.1 90.7982
14923.5 90.7992
14923.8 90.8002
14924.2 90.8011
14924.6 90.802
14924.9 90.8028
14925.3 90.8036
14925.7 90.8044
14926 90.8052
14926.4 90.8059
14926.8 90.8067
14927.1 90.8075
14927.5 90.8083
14927.9 90.8091
14928.2 90.8099
14928.6 90.8111
14929 90.8114
14929.3 90.8123
14929.7 90.8133
14930.1 90.8142
14930.4 90.8153
14930.8 90.8163
14931.2 90.8175
14931.5 90.8186
14931.9 90.8198
14932.3 90.8211
14932.6 90.8224
14933 90.8237
14933.3 90.825
14933.7 90.8264
14934.1 90.8278
14934.4 90.8291
14934.8 90.8307
14935.2 90.832
14935.5 90.8323
14935.9 90.8334
14936.3 90.8346
14936.6 90.8356
14937 90.8366
14937.4 90.8375
14937.7 90.8383
14938.1 90.839
14938.5 90.8397
14938.8 90.8402
14939.2 90.8408
14939.6 90.8412
14939.9 90.8416
14940.3 90.842
14940.7 90.8422
14941 90.8428
14941.4 90.843
14941.8 90.8431
14942.1 90.8434
14942.5 90.8435
14942.9 90.8436
14943.2 90.8437
14943.6 90.8437
14944 90.8437
14944.3 90.8437
14944.7 90.8436
14945.1 90.8436
14945.4 90.8435
14945.8 90.8435
14946.2 90.8434
14946.5 90.8433
14946.9 90.8432
14947.3 90.8434
14947.6 90.8433
14948 90.8431
14948.4 90.843
14948.7 90.8433
14949.1 90.8431
14949.5 90.8429
14949.8 90.8427
14950.2 90.8425
14950.6 90.8423
14950.9 90.842
14951.3 90.8418
14951.7 90.8416
14952 90.8413
14952.4 90.8411
14952.8 90.8409
14953.1 90.8408
14953.5 90.8405
14953.9 90.8403
14954.2 90.8401
14954.6 90.84
14955 90.8401
14955.3 90.84
14955.7 90.8399
14956.1 90.8397
14956.4 90.8396
14956.8 90.8395
14957.2 90.8394
14957.5 90.8393
14957.9 90.8392
14958.3 90.8391
14958.6 90.839
14959 90.8388
14959.3 90.8388
14959.7 90.8387
14960.1 90.8385
14960.4 90.8382
14960.8 90.838
14961.2 90.8377
14961.5 90.8376
14961.9 90.8373
14962.3 90.8369
14962.6 90.8365
14963 90.8362
14963.4 90.8358
14963.7 90.8355
14964.1 90.8352
14964.5 90.8349
14964.8 90.8347
14965.2 90.8346
14965.6 90.8345
14965.9 90.8346
14966.3 90.8347
14966.7 90.8349
14967 90.8352
14967.4 90.8356
14967.8 90.8361
14968.1 90.8364
14968.5 90.8369
14968.9 90.8375
14969.2 90.8381
14969.6 90.8388
14970 90.8395
14970.3 90.8402
14970.7 90.8409
14971.1 90.8416
14971.4 90.8423
14971.8 90.8432
14972.2 90.8438
14972.5 90.8444
14972.9 90.8449
14973.3 90.8455
14973.6 90.8459
14974 90.8464
14974.4 90.8468
14974.7 90.8469
14975.1 90.8473
14975.5 90.8476
14975.8 90.8479
14976.2 90.8483
14976.6 90.8486
14976.9 90.849
14977.3 90.8494
14977.7 90.8498
14978 90.8502
14978.4 90.8507
14978.8 90.8511
14979.1 90.8516
14979.5 90.852
14979.9 90.8525
14980.2 90.8529
14980.6 90.8534
14981 90.8537
14981.3 90.8538
14981.7 90.8541
14982.1 90.8544
14982.4 90.8547
14982.8 90.8549
14983.2 90.8551
14983.5 90.8553
14983.9 90.8554
14984.3 90.8556
14984.6 90.8557
14985 90.8558
14985.4 90.8559
14985.7 90.856
14986.1 90.8561
14986.4 90.8562
14986.8 90.8563
14987.2 90.8565
14987.5 90.8567
14987.9 90.8569
14988.3 90.857
14988.6 90.8572
14989 90.8573
14989.4 90.8575
14989.7 90.8576
14990.1 90.8579
14990.5 90.858
14990.8 90.858
14991.2 90.858
14991.6 90.858
14991.9 90.858
14992.3 90.8579
14992.7 90.8579
14993 90.8578
14993.4 90.8577
14993.8 90.8576
14994.1 90.8577
14994.5 90.8576
14994.9 90.8574
14995.2 90.8573
14995.6 90.8571
14996 90.8569
14996.3 90.8567
14996.7 90.8565
14997.1 90.8562
14997.4 90.8559
14997.8 90.8557
14998.2 90.8554
14998.5 90.8551
14998.9 90.8548
14999.3 90.8546
14999.6 90.8543
15000 90.854
15000.4 90.8537
15000.7 90.8535
15001.1 90.8533
15001.5 90.8531
15001.8 90.853
15002.2 90.853
15002.6 90.8529
15002.9 90.8529
15003.3 90.853
15003.7 90.8531
15004 90.8532
15004.4 90.8533
15004.8 90.8535
15005.1 90.8536
15005.5 90.8539
15005.9 90.8541
15006.2 90.8544
15006.6 90.8546
15007 90.8549
15007.3 90.8551
15007.7 90.8554
15008.1 90.8558
15008.4 90.8562
15008.8 90.8569
15009.2 90.8574
15009.5 90.8579
15009.9 90.8584
15010.3 90.8588
15010.6 90.8593
15011 90.8598
15011.4 90.8603
15011.7 90.8607
15012.1 90.8611
15012.5 90.8616
15012.8 90.862
15013.2 90.8624
15013.5 90.8627
15013.9 90.863
15014.3 90.8633
15014.6 90.8637
15015 90.8641
15015.4 90.8643
15015.7 90.8646
15016.1 90.8648
15016.5 90.865
15016.8 90.8652
15017.2 90.8654
15017.6 90.8656
15017.9 90.8658
15018.3 90.8661
15018.7 90.8664
15019 90.8667
15019.4 90.8671
15019.8 90.8675
15020.1 90.8679
15020.5 90.8679
15020.9 90.8685
15021.2 90.8692
15021.6 90.8699
15022 90.8707
15022.3 90.8715
15022.7 90.8724
15023.1 90.8733
15023.4 90.8742
15023.8 90.8752
15024.2 90.8762
15024.5 90.8771
15024.9 90.8781
15025.3 90.8791
15025.6 90.88
15026 90.8809
15026.4 90.8818
15026.7 90.8822
15027.1 90.8835
15027.5 90.8844
15027.8 90.8852
15028.2 90.886
15028.6 90.8868
15028.9 90.8875
15029.3 90.8883
15029.7 90.8891
15030 90.8898
15030.4 90.8905
15030.8 90.8912
15031.1 90.8919
15031.5 90.8926
15031.9 90.8932
15032.2 90.8938
15032.6 90.8944
15033 90.8948
15033.3 90.8952
15033.7 90.8956
15034.1 90.8959
15034.4 90.8962
15034.8 90.8964
15035.2 90.8966
15035.5 90.8967
15035.9 90.8968
15036.3 90.8968
15036.6 90.8968
15037 90.8967
15037.4 90.8967
15037.7 90.8966
15038.1 90.8965
15038.5 90.8963
15038.8 90.8961
15039.2 90.8959
15039.5 90.8956
15039.9 90.8956
15040.3 90.8954
15040.6 90.8951
15041 90.8949
15041.4 90.8946
15041.7 90.8943
15042.1 90.894
15042.5 90.8937
15042.8 90.8933
15043.2 90.8929
15043.6 90.8925
15043.9 90.8921
15044.3 90.8917
15044.7 90.8913
15045 90.8909
15045.4 90.8905
15045.8 90.8899
15046.1 90.8895
15046.5 90.8893
15046.9 90.8889
15047.2 90.8886
15047.6 90.8883
15048 90.888
15048.3 90.8878
15048.7 90.8876
15049.1 90.8875
15049.4 90.8874
15049.8 90.8874
15050.2 90.8874
15050.5 90.8874
15050.9 90.8875
15051.3 90.8876
15051.6 90.8877
15052 90.8878
15052.4 90.8879
15052.7 90.8881
15053.1 90.8881
15053.5 90.8882
15053.8 90.8883
15054.2 90.8884
15054.6 90.8884
15054.9 90.8884
15055.3 90.8884
15055.7 90.8883
15056 90.8882
15056.4 90.888
15056.8 90.8878
15057.1 90.8876
15057.5 90.8874
15057.9 90.887
15058.2 90.8868
15058.6 90.8866
15059 90.8864
15059.3 90.8863
15059.7 90.8862
15060.1 90.8861
15060.4 90.886
15060.8 90.886
15061.2 90.886
15061.5 90.886
15061.9 90.886
15062.3 90.886
15062.6 90.886
15063 90.8859
15063.4 90.8859
15063.7 90.8858
15064.1 90.8855
15064.5 90.8853
15064.8 90.8851
15065.2 90.8848
15065.6 90.8844
15065.9 90.8842
15066.3 90.8839
15066.6 90.8835
15067 90.8831
15067.4 90.8827
15067.7 90.8823
15068.1 90.8819
15068.5 90.8815
15068.8 90.8811
15069.2 90.8807
15069.6 90.8803
15069.9 90.8799
15070.3 90.8795
15070.7 90.8792
15071 90.879
15071.4 90.8788
15071.8 90.8786
15072.1 90.8784
15072.5 90.8784
15072.9 90.8783
15073.2 90.8782
15073.6 90.8781
15074 90.878
15074.3 90.8779
15074.7 90.8778
15075.1 90.8778
15075.4 90.8777
15075.8 90.8776
15076.2 90.8775
15076.5 90.8773
15076.9 90.8772
15077.3 90.877
15077.6 90.8768
15078 90.8766
15078.4 90.8763
15078.7 90.8759
15079.1 90.8757
15079.5 90.8752
15079.8 90.8748
15080.2 90.8743
15080.6 90.8737
15080.9 90.8731
15081.3 90.8724
15081.7 90.8717
15082 90.8709
15082.4 90.8701
15082.8 90.8687
15083.1 90.8678
15083.5 90.8668
15083.9 90.8658
15084.2 90.8647
15084.6 90.8635
15085 90.8622
15085.3 90.8608
15085.7 90.8601
15086.1 90.8586
15086.4 90.8569
15086.8 90.8551
15087.2 90.8532
15087.5 90.851
15087.9 90.8486
15088.3 90.8464
15088.6 90.8433
15089 90.8415
15089.4 90.8399
15089.7 90.8384
15090.1 90.8369
15090.5 90.8355
15090.8 90.8342
15091.2 90.8329
15091.6 90.8317
15091.9 90.8305
15092.3 90.83
15092.7 90.8289
15093 90.8278
15093.4 90.8267
15093.7 90.8256
15094.1 90.8245
15094.5 90.8234
15094.8 90.8221
15095.2 90.8211
15095.6 90.8201
15095.9 90.8191
15096.3 90.8181
15096.7 90.8172
15097 90.8162
15097.4 90.8152
15097.8 90.8142
15098.1 90.8132
15098.5 90.813
15098.9 90.812
15099.2 90.8111
15099.6 90.8101
15100 90.8091
15100.3 90.8082
15100.7 90.8073
15101.1 90.8064
15101.4 90.8055
15101.8 90.8046
15102.2 90.8039
15102.5 90.8031
15102.9 90.8024
15103.3 90.8017
15103.6 90.801
15104 90.8004
15104.4 90.7998
15104.7 90.7992
15105.1 90.7994
15105.5 90.7989
15105.8 90.7983
15106.2 90.7978
15106.6 90.7973
15106.9 90.7968
15107.3 90.7965
15107.7 90.796
15108 90.7955
15108.4 90.7949
15108.8 90.7944
15109.1 90.7939
15109.5 90.7933
15109.9 90.7927
15110.2 90.7921
15110.6 90.7914
15111 90.7907
15111.3 90.79
15111.7 90.7902
15112.1 90.7894
15112.4 90.7886
15112.8 90.7878
15113.2 90.787
15113.5 90.7862
15113.9 90.7854
15114.3 90.7845
15114.6 90.7837
15115 90.7828
15115.4 90.782
15115.7 90.7813
15116.1 90.7805
15116.5 90.7797
15116.8 90.779
15117.2 90.7784
15117.6 90.7777
15117.9 90.7771
15118.3 90.7771
15118.7 90.7765
15119 90.7759
15119.4 90.7753
15119.8 90.7747
15120.1 90.7742
15120.5 90.7737
15120.8 90.7733
15121.2 90.7729
15121.6 90.7724
15121.9 90.772
15122.3 90.7716
15122.7 90.7713
15123 90.7709
15123.4 90.7705
15123.8 90.7702
15124.1 90.7698
15124.5 90.7695
15124.9 90.7695
15125.2 90.7691
15125.6 90.7689
15126 90.7686
15126.3 90.7683
15126.7 90.768
15127.1 90.7677
15127.4 90.7675
15127.8 90.7672
15128.2 90.767
15128.5 90.7668
15128.9 90.7666
15129.3 90.7663
15129.6 90.7662
15130 90.766
15130.4 90.7658
15130.7 90.7655
15131.1 90.766
15131.5 90.7658
15131.8 90.7661
15132.2 90.7659
15132.6 90.7657
15132.9 90.7655
15133.3 90.7653
15133.7 90.7651
15134 90.7649
15134.4 90.7647
15134.8 90.7645
15135.1 90.7643
15135.5 90.7641
15135.9 90.7639
15136.2 90.7637
15136.6 90.7634
15137 90.7632
15137.3 90.763
15137.7 90.7635
15138.1 90.7638
15138.4 90.7635
15138.8 90.7633
15139.2 90.763
15139.5 90.7628
15139.9 90.7625
15140.3 90.7623
15140.6 90.762
15141 90.7618
15141.4 90.7616
15141.7 90.7613
15142.1 90.7611
15142.5 90.7609
15142.8 90.7607
15143.2 90.7606
15143.6 90.7604
15143.9 90.7602
15144.3 90.7614
15144.7 90.7612
15145 90.7611
15145.4 90.7609
15145.8 90.7607
15146.1 90.7605
15146.5 90.7603
15146.8 90.7601
15147.2 90.76
15147.6 90.7598
15147.9 90.7596
15148.3 90.7594
15148.7 90.7593
15149 90.7591
15149.4 90.759
15149.8 90.7589
15150.1 90.7588
15150.5 90.7592
15150.9 90.7597
15151.2 90.7596
15151.6 90.7595
15152 90.7595
15152.3 90.7594
15152.7 90.7593
15153.1 90.7593
15153.4 90.7593
15153.8 90.7593
15154.2 90.7592
15154.5 90.7592
15154.9 90.7593
15155.3 90.7593
15155.6 90.7593
15156 90.7594
15156.4 90.7599
15156.7 90.76
15157.1 90.7601
15157.5 90.7606
15157.8 90.7607
15158.2 90.7607
15158.6 90.7608
15158.9 90.7609
15159.3 90.761
15159.7 90.7611
15160 90.7611
15160.4 90.7612
15160.8 90.7613
15161.1 90.7613
15161.5 90.7614
15161.9 90.7614
15162.2 90.7614
15162.6 90.7615
15163 90.7615
15163.3 90.7614
15163.7 90.7613
15164.1 90.7613
15164.4 90.7611
15164.8 90.7609
15165.2 90.7607
15165.5 90.7604
15165.9 90.7601
15166.3 90.7597
15166.6 90.7594
15167 90.7589
15167.4 90.7585
15167.7 90.758
15168.1 90.7576
15168.5 90.7571
15168.8 90.7565
15169.2 90.756
15169.6 90.7556
15169.9 90.7552
15170.3 90.7551
15170.7 90.7547
15171 90.7544
15171.4 90.754
15171.8 90.7536
15172.1 90.7533
15172.5 90.7529
15172.9 90.7526
15173.2 90.7523
15173.6 90.752
15173.9 90.7517
15174.3 90.7514
15174.7 90.7511
15175 90.7512
15175.4 90.7509
15175.8 90.7507
15176.1 90.7505
15176.5 90.7503
15176.9 90.7506
15177.2 90.7505
15177.6 90.7503
15178 90.7501
15178.3 90.7499
15178.7 90.7497
15179.1 90.7496
15179.4 90.7494
15179.8 90.7492
15180.2 90.749
15180.5 90.7488
15180.9 90.7485
15181.3 90.7484
15181.6 90.7481
15182 90.7478
15182.4 90.7474
15182.7 90.747
15183.1 90.7466
15183.5 90.7467
15183.8 90.7462
15184.2 90.7458
15184.6 90.7453
15184.9 90.7448
15185.3 90.7444
15185.7 90.7439
15186 90.7435
15186.4 90.7431
15186.8 90.7427
15187.1 90.7423
15187.5 90.742
15187.9 90.7417
15188.2 90.7414
15188.6 90.7411
15189 90.7409
15189.3 90.7407
15189.7 90.7405
15190.1 90.7407
15190.4 90.7406
15190.8 90.7405
15191.2 90.7404
15191.5 90.7404
15191.9 90.7404
15192.3 90.7404
15192.6 90.7404
15193 90.7404
15193.4 90.7407
15193.7 90.7407
15194.1 90.7408
15194.5 90.7408
15194.8 90.7408
15195.2 90.7408
15195.6 90.7409
15195.9 90.7409
15196.3 90.7408
15196.7 90.7411
15197 90.7411
15197.4 90.7411
15197.8 90.741
15198.1 90.7409
15198.5 90.7407
15198.9 90.7406
15199.2 90.7404
15199.6 90.7405
15200 90.7402
15200.3 90.7399
15200.7 90.7396
15201 90.7393
15201.4 90.739
15201.8 90.7387
15202.1 90.7383
15202.5 90.7379
15202.9 90.738
15203.2 90.7376
15203.6 90.7372
15204 90.7369
15204.3 90.7365
15204.7 90.7362
15205.1 90.7358
15205.4 90.7355
15205.8 90.7355
15206.2 90.7352
15206.5 90.735
15206.9 90.7349
15207.3 90.7347
15207.6 90.7346
15208 90.7345
15208.4 90.7344
15208.7 90.7344
15209.1 90.7344
15209.5 90.7347
15209.8 90.7347
15210.2 90.7348
15210.6 90.7349
15210.9 90.735
15211.3 90.7352
15211.7 90.7354
15212 90.7362
15212.4 90.7366
15212.8 90.737
15213.1 90.7375
15213.5 90.738
15213.9 90.7386
15214.2 90.7392
15214.6 90.7398
15215 90.7404
15215.3 90.741
15215.7 90.7417
15216.1 90.7424
15216.4 90.743
15216.8 90.7436
15217.2 90.7442
15217.5 90.7448
15217.9 90.7453
15218.3 90.7465
15218.6 90.7469
15219 90.7474
15219.4 90.7477
15219.7 90.748
15220.1 90.7483
15220.5 90.7486
15220.8 90.7488
15221.2 90.749
15221.6 90.7492
15221.9 90.7493
15222.3 90.7494
15222.7 90.7501
15223 90.7502
15223.4 90.7502
15223.8 90.7503
15224.1 90.751
15224.5 90.7511
15224.9 90.7512
15225.2 90.7513
15225.6 90.7515
15226 90.7516
15226.3 90.7518
15226.7 90.752
15227 90.7523
15227.4 90.7525
15227.8 90.7528
15228.1 90.7532
15228.5 90.7535
15228.9 90.7539
15229.2 90.7546
15229.6 90.755
15230 90.7555
15230.3 90.7566
15230.7 90.7571
15231.1 90.7576
15231.4 90.7582
15231.8 90.7588
15232.2 90.7595
15232.5 90.7602
15232.9 90.7609
15233.3 90.7617
15233.6 90.7626
15234 90.7635
15234.4 90.7644
15234.7 90.7654
15235.1 90.7664
15235.5 90.7674
15235.8 90.7681
15236.2 90.7691
15236.6 90.7708
15236.9 90.7717
15237.3 90.7727
15237.7 90.7736
15238 90.7744
15238.4 90.7753
15238.8 90.7761
15239.1 90.7769
15239.5 90.7776
15239.9 90.7783
15240.2 90.779
15240.6 90.7796
15241 90.7802
15241.3 90.7808
15241.7 90.7814
15242.1 90.7819
15242.4 90.7825
15242.8 90.7836
15243.2 90.7841
15243.5 90.7846
15243.9 90.785
15244.3 90.7855
15244.6 90.786
15245 90.7865
15245.4 90.7869
15245.7 90.7874
15246.1 90.7879
15246.5 90.7883
15246.8 90.7888
15247.2 90.7893
15247.6 90.7898
15247.9 90.7903
15248.3 90.7908
15248.7 90.7913
15249 90.7924
15249.4 90.793
15249.8 90.7936
15250.1 90.7943
15250.5 90.795
15250.9 90.7957
15251.2 90.7964
15251.6 90.7972
15252 90.798
15252.3 90.7989
15252.7 90.7998
15253.1 90.8007
15253.4 90.8018
15253.8 90.8029
15254.1 90.8041
15254.5 90.8054
15254.9 90.8069
15255.2 90.8078
15255.6 90.8095
15256 90.8112
15256.3 90.8129
15256.7 90.8145
15257.1 90.816
15257.4 90.8175
15257.8 90.8188
15258.2 90.82
15258.5 90.8212
15258.9 90.8223
15259.3 90.8233
15259.6 90.8244
15260 90.8255
15260.4 90.8266
15260.7 90.8276
15261.1 90.8292
15261.5 90.8303
15261.8 90.8308
15262.2 90.832
15262.6 90.8331
15262.9 90.8343
15263.3 90.8355
15263.7 90.8367
15264 90.8378
15264.4 90.8389
15264.8 90.8401
15265.1 90.8412
15265.5 90.8422
15265.9 90.8433
15266.2 90.8443
15266.6 90.8453
15267 90.8463
15267.3 90.8479
15267.7 90.8488
15268.1 90.8497
15268.4 90.8503
15268.8 90.8512
15269.2 90.852
15269.5 90.8528
15269.9 90.8536
15270.3 90.8543
15270.6 90.855
15271 90.8557
15271.4 90.8564
15271.7 90.857
15272.1 90.8576
15272.5 90.8582
15272.8 90.8587
15273.2 90.8592
15273.6 90.8601
15273.9 90.8606
15274.3 90.861
15274.7 90.8615
15275 90.8619
15275.4 90.8623
15275.8 90.8627
15276.1 90.8631
15276.5 90.8635
15276.9 90.864
15277.2 90.8645
15277.6 90.865
15278 90.8656
15278.3 90.8661
15278.7 90.8667
15279.1 90.8673
15279.4 90.868
15279.8 90.8691
15280.2 90.8698
15280.5 90.8704
15280.9 90.8711
15281.2 90.8715
15281.6 90.8722
15282 90.8728
15282.3 90.8734
15282.7 90.874
15283.1 90.8747
15283.4 90.8753
15283.8 90.8759
15284.2 90.8766
15284.5 90.8772
15284.9 90.8779
15285.3 90.8786
15285.6 90.8793
15286 90.8803
15286.4 90.8811
15286.7 90.8819
15287.1 90.8827
15287.5 90.8836
15287.8 90.884
15288.2 90.8849
15288.6 90.8859
15288.9 90.8869
15289.3 90.8879
15289.7 90.889
15290 90.8902
15290.4 90.8914
15290.8 90.8926
15291.1 90.8939
15291.5 90.8953
15291.9 90.8974
15292.2 90.8989
15292.6 90.9005
15293 90.9022
15293.3 90.9039
15293.7 90.9056
15294.1 90.9074
15294.4 90.908
15294.8 90.9098
15295.2 90.9116
15295.5 90.9134
15295.9 90.9152
15296.3 90.917
15296.6 90.9188
15297 90.9205
15297.4 90.9222
15297.7 90.9238
15298.1 90.9261
15298.5 90.9277
15298.8 90.9293
15299.2 90.9308
15299.6 90.9323
15299.9 90.9337
15300.3 90.9352
15300.7 90.9366
15301 90.9372
15301.4 90.9386
15301.8 90.94
15302.1 90.9414
15302.5 90.9427
15302.9 90.9441
15303.2 90.9454
15303.6 90.9468
15304 90.9482
15304.3 90.9502
15304.7 90.9517
15305.1 90.9532
15305.4 90.9547
15305.8 90.9562
15306.2 90.9578
15306.5 90.9594
15306.9 90.9611
15307.3 90.9617
15307.6 90.9634
15308 90.965
15308.3 90.9667
15308.7 90.9684
15309.1 90.9701
15309.4 90.9717
15309.8 90.9733
15310.2 90.9749
15310.5 90.9771
15310.9 90.9786
15311.3 90.9801
15311.6 90.9815
15312 90.983
15312.4 90.9844
15312.7 90.9858
15313.1 90.9872
15313.5 90.9886
15313.8 90.9894
15314.2 90.9908
15314.6 90.9922
15314.9 90.9936
15315.3 90.9951
15315.7 90.9965
15316 90.998
15316.4 90.9996
15316.8 91.002
15317.1 91.0036
15317.5 91.0052
15317.9 91.0069
15318.2 91.0087
15318.6 91.0105
15319 91.0123
15319.3 91.0142
15319.7 91.0162
15320.1 91.0181
15320.4 91.0188
15320.8 91.0208
15321.2 91.0229
15321.5 91.0249
15321.9 91.0269
15322.3 91.029
15322.6 91.0311
15323 91.0337
15323.4 91.0357
15323.7 91.0377
15324.1 91.0397
15324.5 91.0417
15324.8 91.0437
15325.2 91.0457
15325.6 91.0476
15325.9 91.0495
15326.3 91.0515
15326.7 91.0534
15327 91.0539
15327.4 91.0559
15327.8 91.0579
15328.1 91.0598
15328.5 91.0618
15328.9 91.0645
15329.2 91.0665
15329.6 91.0686
15330 91.0707
15330.3 91.0728
15330.7 91.0749
15331.1 91.0771
15331.4 91.0793
15331.8 91.0815
15332.2 91.0838
15332.5 91.086
15332.9 91.0884
15333.3 91.0907
15333.6 91.0915
15334 91.0939
15334.3 91.0962
15334.7 91.0985
15335.1 91.1017
15335.4 91.104
15335.8 91.1062
15336.2 91.1084
15336.5 91.1106
15336.9 91.1127
15337.3 91.1148
15337.6 91.1169
15338 91.1189
15338.4 91.121
15338.7 91.123
15339.1 91.125
15339.5 91.1271
15339.8 91.1291
15340.2 91.1299
15340.6 91.132
15340.9 91.134
15341.3 91.1369
15341.7 91.139
15342 91.141
15342.4 91.1431
15342.8 91.1452
15343.1 91.1472
15343.5 91.1492
15343.9 91.1511
15344.2 91.153
15344.6 91.1549
15345 91.1569
15345.3 91.1588
15345.7 91.1607
15346.1 91.1626
15346.4 91.1633
15346.8 91.1652
15347.2 91.1671
15347.5 91.1696
15347.9 91.1714
15348.3 91.1732
15348.6 91.175
15349 91.1767
15349.4 91.1783
15349.7 91.18
15350.1 91.1816
15350.5 91.1832
15350.8 91.1847
15351.2 91.1863
15351.6 91.1878
15351.9 91.1893
15352.3 91.1908
15352.7 91.1923
15353 91.1928
15353.4 91.1943
15353.8 91.1963
15354.1 91.1977
15354.5 91.1991
15354.9 91.2005
15355.2 91.202
15355.6 91.2033
15356 91.2047
15356.3 91.206
15356.7 91.2072
15357.1 91.2085
15357.4 91.2098
15357.8 91.211
15358.2 91.2122
15358.5 91.2134
15358.9 91.2146
15359.3 91.2157
15359.6 91.217
15360 91.2182
15360.4 91.2193
15360.7 91.2205
15361.1 91.2217
15361.4 91.2228
15361.8 91.224
15362.2 91.2251
15362.5 91.2262
15362.9 91.2274
15363.3 91.2285
15363.6 91.2295
15364 91.2306
15364.4 91.2316
15364.7 91.2325
15365.1 91.2335
15365.5 91.2344
15365.8 91.2359
15366.2 91.2365
15366.6 91.2374
15366.9 91.2382
15367.3 91.2391
15367.7 91.2399
15368 91.2407
15368.4 91.2416
15368.8 91.2424
15369.1 91.2433
15369.5 91.2442
15369.9 91.2451
15370.2 91.246
15370.6 91.2468
15371 91.2477
15371.3 91.2487
15371.7 91.2496
15372.1 91.2508
15372.4 91.2517
15372.8 91.252
15373.2 91.2529
15373.5 91.2538
15373.9 91.2546
15374.3 91.2555
15374.6 91.2564
15375 91.2573
15375.4 91.2582
15375.7 91.2591
15376.1 91.2601
15376.5 91.261
15376.8 91.2619
15377.2 91.2629
15377.6 91.2639
15377.9 91.2649
15378.3 91.2663
15378.7 91.2673
15379 91.2677
15379.4 91.2688
15379.8 91.2698
15380.1 91.2707
15380.5 91.2717
15380.9 91.2726
15381.2 91.2735
15381.6 91.2743
15382 91.2751
15382.3 91.2759
15382.7 91.2766
15383.1 91.2774
15383.4 91.278
15383.8 91.2787
15384.2 91.2793
15384.5 91.2804
15384.9 91.281
15385.3 91.2816
15385.6 91.2821
15386 91.2826
15386.4 91.2831
15386.7 91.2837
15387.1 91.2841
15387.5 91.2846
15387.8 91.2851
15388.2 91.2856
15388.5 91.286
15388.9 91.2865
15389.3 91.2869
15389.6 91.2874
15390 91.2878
15390.4 91.2882
15390.7 91.2889
15391.1 91.2892
15391.5 91.2895
15391.8 91.2899
15392.2 91.2899
15392.6 91.2902
15392.9 91.2905
15393.3 91.2908
15393.7 91.2911
15394 91.2914
15394.4 91.2916
15394.8 91.2919
15395.1 91.2923
15395.5 91.2927
15395.9 91.2932
15396.2 91.2937
15396.6 91.2943
15397 91.295
15397.3 91.2957
15397.7 91.2965
15398.1 91.2973
15398.4 91.2982
15398.8 91.2983
15399.2 91.2993
15399.5 91.3002
15399.9 91.3013
15400.3 91.3023
15400.6 91.3034
15401 91.3044
15401.4 91.3055
15401.7 91.3067
15402.1 91.3078
15402.5 91.3089
15402.8 91.3103
15403.2 91.3114
15403.6 91.3125
15403.9 91.3136
15404.3 91.3147
15404.7 91.3157
15405 91.3168
15405.4 91.317
15405.8 91.318
15406.1 91.319
15406.5 91.32
15406.9 91.3209
15407.2 91.3219
15407.6 91.3228
15408 91.3238
15408.3 91.3247
15408.7 91.3256
15409.1 91.3268
15409.4 91.3278
15409.8 91.3287
15410.2 91.3297
15410.5 91.3307
15410.9 91.3317
15411.3 91.3328
15411.6 91.3338
15412 91.334
15412.4 91.3351
15412.7 91.3362
15413.1 91.3374
15413.5 91.3386
15413.8 91.3399
15414.2 91.3412
15414.5 91.3426
15414.9 91.3441
15415.3 91.3459
15415.6 91.3476
15416 91.3494
15416.4 91.3513
15416.7 91.3534
15417.1 91.3557
15417.5 91.3581
15417.8 91.3606
15418.2 91.3608
15418.6 91.3634
15418.9 91.3658
15419.3 91.368
15419.7 91.3701
15420 91.372
15420.4 91.3738
15420.8 91.3755
15421.1 91.3772
15421.5 91.379
15421.9 91.3805
15422.2 91.3819
15422.6 91.3833
15423 91.3846
15423.3 91.3859
15423.7 91.3871
15424.1 91.3882
15424.4 91.3893
15424.8 91.3895
15425.2 91.3906
15425.5 91.3917
15425.9 91.3927
15426.3 91.3937
15426.6 91.3947
15427 91.3956
15427.4 91.3967
15427.7 91.3976
15428.1 91.3984
15428.5 91.3992
15428.8 91.4
15429.2 91.4008
15429.6 91.4016
15429.9 91.4025
15430.3 91.4033
15430.7 91.4041
15431 91.405
15431.4 91.4053
15431.8 91.4062
15432.1 91.4071
15432.5 91.408
15432.9 91.409
15433.2 91.41
15433.6 91.4113
15434 91.4123
15434.3 91.4134
15434.7 91.4145
15435.1 91.4156
15435.4 91.4167
15435.8 91.4179
15436.2 91.4191
15436.5 91.4204
15436.9 91.4217
15437.3 91.423
15437.6 91.4243
15438 91.4246
15438.4 91.4259
15438.7 91.4273
15439.1 91.4287
15439.5 91.4301
15439.8 91.4316
15440.2 91.433
15440.6 91.4343
15440.9 91.4356
15441.3 91.4369
15441.6 91.4381
15442 91.4393
15442.4 91.4405
15442.7 91.4417
15443.1 91.4428
15443.5 91.4439
15443.8 91.4449
15444.2 91.4459
15444.6 91.4459
15444.9 91.4469
15445.3 91.4479
15445.7 91.4489
15446 91.4498
15446.4 91.4508
15446.8 91.4518
15447.1 91.4527
15447.5 91.4537
15447.9 91.4547
15448.2 91.4557
15448.6 91.4567
15449 91.4577
15449.3 91.4587
15449.7 91.4597
15450.1 91.4606
15450.4 91.4616
15450.8 91.4615
15451.2 91.4625
15451.5 91.4634
15451.9 91.4642
15452.3 91.465
15452.6 91.4658
15453 91.4666
15453.4 91.4674
15453.7 91.4681
15454.1 91.4688
15454.5 91.4695
15454.8 91.4702
15455.2 91.4708
15455.6 91.4715
15455.9 91.4721
15456.3 91.4726
15456.7 91.4732
15457 91.4737
15457.4 91.4736
15457.8 91.4742
15458.1 91.4747
15458.5 91.4751
15458.9 91.4755
15459.2 91.4759
15459.6 91.4762
15460 91.4765
15460.3 91.4768
15460.7 91.4771
15461.1 91.4774
15461.4 91.4776
15461.8 91.4778
15462.2 91.478
15462.5 91.4782
15462.9 91.4784
15463.3 91.4786
15463.6 91.4788
15464 91.4788
15464.4 91.479
15464.7 91.4791
15465.1 91.4793
15465.5 91.4794
15465.8 91.4795
15466.2 91.4796
15466.6 91.4796
15466.9 91.4797
15467.3 91.4797
15467.7 91.4797
15468 91.4796
15468.4 91.4796
15468.7 91.4795
15469.1 91.4793
15469.5 91.4792
15469.8 91.479
15470.2 91.4788
15470.6 91.4785
15470.9 91.4784
15471.3 91.4783
15471.7 91.4781
15472 91.478
15472.4 91.478
15472.8 91.4779
15473.1 91.4779
15473.5 91.4779
15473.9 91.4779
15474.2 91.4779
15474.6 91.4779
15475 91.478
15475.3 91.4781
15475.7 91.4781
15476.1 91.4782
15476.4 91.4783
15476.8 91.4786
15477.2 91.4788
15477.5 91.4789
15477.9 91.479
15478.3 91.4791
15478.6 91.4792
15479 91.4793
15479.4 91.4794
15479.7 91.4795
15480.1 91.4795
15480.5 91.4796
15480.8 91.4796
15481.2 91.4796
15481.6 91.4795
15481.9 91.4795
15482.3 91.4794
15482.7 91.4793
15483 91.4791
15483.4 91.4789
15483.8 91.4789
15484.1 91.4786
15484.5 91.4784
15484.9 91.4781
15485.2 91.4778
15485.6 91.4774
15486 91.4771
15486.3 91.4767
15486.7 91.4762
15487.1 91.4758
15487.4 91.4752
15487.8 91.4747
15488.2 91.4742
15488.5 91.4736
15488.9 91.4729
15489.3 91.4719
15489.6 91.4712
15490 91.4707
15490.4 91.4699
15490.7 91.4691
15491.1 91.4683
15491.5 91.4674
15491.8 91.4666
15492.2 91.4657
15492.6 91.4649
15492.9 91.464
15493.3 91.4631
15493.7 91.4622
15494 91.4613
15494.4 91.4605
15494.8 91.4596
15495.1 91.4583
15495.5 91.4575
15495.8 91.4566
15496.2 91.4558
15496.6 91.4553
15496.9 91.4545
15497.3 91.4536
15497.7 91.4527
15498 91.4519
15498.4 91.451
15498.8 91.4501
15499.1 91.4493
15499.5 91.4484
15499.9 91.4475
15500.2 91.4467
15500.6 91.4458
15501 91.445
15501.3 91.4439
15501.7 91.4431
15502.1 91.4424
15502.4 91.4416
15502.8 91.4409
15503.2 91.4407
15503.5 91.44
15503.9 91.4394
15504.3 91.4387
15504.6 91.4381
15505 91.4374
15505.4 91.4368
15505.7 91.4361
15506.1 91.4354
15506.5 91.4348
15506.8 91.4341
15507.2 91.4334
15507.6 91.4325
15507.9 91.4318
15508.3 91.4311
15508.7 91.4303
15509 91.4296
15509.4 91.4289
15509.8 91.4286
15510.1 91.4279
15510.5 91.4271
15510.9 91.4264
15511.2 91.4256
15511.6 91.4249
15512 91.4241
15512.3 91.4234
15512.7 91.4226
15513.1 91.4219
15513.4 91.4212
15513.8 91.4203
15514.2 91.4196
15514.5 91.4189
15514.9 91.4181
15515.3 91.4174
15515.6 91.4166
15516 91.4158
15516.4 91.4154
15516.7 91.4145
15517.1 91.4135
15517.5 91.4125
15517.8 91.4114
15518.2 91.4101
15518.6 91.4089
15518.9 91.4075
15519.3 91.4062
15519.7 91.4049
15520 91.4031
15520.4 91.4021
15520.8 91.4011
15521.1 91.4001
15521.5 91.3992
15521.8 91.3984
15522.2 91.3976
15522.6 91.3974
15522.9 91.3966
15523.3 91.3959
15523.7 91.3952
15524 91.3945
15524.4 91.3939
15524.8 91.3932
15525.1 91.3925
15525.5 91.3918
15525.9 91.391
15526.2 91.3904
15526.6 91.3897
15527 91.389
15527.3 91.3883
15527.7 91.3877
15528.1 91.387
15528.4 91.3863
15528.8 91.3857
15529.2 91.3854
15529.5 91.3848
15529.9 91.3841
15530.3 91.3834
15530.6 91.3828
15531 91.3821
15531.4 91.3814
15531.7 91.3808
15532.1 91.3798
15532.5 91.3792
15532.8 91.3786
15533.2 91.378
15533.6 91.3775
15533.9 91.377
15534.3 91.3765
15534.7 91.376
15535 91.3755
15535.4 91.3751
15535.8 91.3748
15536.1 91.3745
15536.5 91.3741
15536.9 91.3737
15537.2 91.3734
15537.6 91.3731
15538 91.3728
15538.3 91.3724
15538.7 91.3722
15539.1 91.372
15539.4 91.3717
15539.8 91.3715
15540.2 91.3713
15540.5 91.3712
15540.9 91.371
15541.3 91.3708
15541.6 91.3707
15542 91.3705
15542.4 91.3706
15542.7 91.3704
15543.1 91.3703
15543.5 91.3702
15543.8 91.3701
15544.2 91.37
15544.6 91.37
15544.9 91.37
15545.3 91.3699
15545.7 91.3699
15546 91.3699
15546.4 91.3699
15546.8 91.3699
15547.1 91.37
15547.5 91.3701
15547.9 91.3702
15548.2 91.3704
15548.6 91.3706
15548.9 91.3705
15549.3 91.3708
15549.7 91.371
15550 91.3714
15550.4 91.3717
15550.8 91.3721
15551.1 91.3725
15551.5 91.373
15551.9 91.3735
15552.2 91.374
15552.6 91.3745
15553 91.375
15553.3 91.3755
15553.7 91.376
15554.1 91.3764
15554.4 91.3768
15554.8 91.3772
15555.2 91.3775
15555.5 91.3777
15555.9 91.378
15556.3 91.3784
15556.6 91.3787
15557 91.3793
15557.4 91.3796
15557.7 91.3799
15558.1 91.3801
15558.5 91.3804
15558.8 91.3807
15559.2 91.3809
15559.6 91.3811
15559.9 91.3813
15560.3 91.3814
15560.7 91.3816
15561 91.3817
15561.4 91.3819
15561.8 91.3822
15562.1 91.3823
15562.5 91.3823
15562.9 91.3826
15563.2 91.3826
15563.6 91.3826
15564 91.3826
15564.3 91.3825
15564.7 91.3825
15565.1 91.3824
15565.4 91.3824
15565.8 91.3823
15566.2 91.3823
15566.5 91.3822
15566.9 91.3822
15567.3 91.3822
15567.6 91.3823
15568 91.3823
15568.4 91.3824
15568.7 91.3824
15569.1 91.3826
15569.5 91.3827
15569.8 91.3829
15570.2 91.3831
15570.6 91.3833
15570.9 91.3836
15571.3 91.3839
15571.7 91.3842
15572 91.3845
15572.4 91.3849
15572.8 91.3853
15573.1 91.3857
15573.5 91.3862
15573.9 91.3867
15574.2 91.3872
15574.6 91.3878
15575 91.388
15575.3 91.3889
15575.7 91.3896
15576 91.3903
15576.4 91.391
15576.8 91.3918
15577.1 91.3925
15577.5 91.3932
15577.9 91.394
15578.2 91.3947
15578.6 91.3954
15579 91.396
15579.3 91.3967
15579.7 91.3972
15580.1 91.3978
15580.4 91.3982
15580.8 91.3987
15581.2 91.399
15581.5 91.3995
15581.9 91.3998
15582.3 91.4
15582.6 91.4003
15583 91.4005
15583.4 91.4006
15583.7 91.4008
15584.1 91.4009
15584.5 91.401
15584.8 91.4011
15585.2 91.4012
15585.6 91.4013
15585.9 91.4014
15586.3 91.4015
15586.7 91.4015
15587 91.4016
15587.4 91.4017
15587.8 91.4018
15588.1 91.4018
15588.5 91.4018
15588.9 91.4018
15589.2 91.4018
15589.6 91.4017
15590 91.4017
15590.3 91.4016
15590.7 91.4015
15591.1 91.4014
15591.4 91.4013
15591.8 91.4012
15592.2 91.4011
15592.5 91.401
15592.9 91.4009
15593.3 91.4009
15593.6 91.4011
15594 91.4011
15594.4 91.4015
15594.7 91.4015
15595.1 91.4016
15595.5 91.4017
15595.8 91.4018
15596.2 91.402
15596.6 91.4021
15596.9 91.4022
15597.3 91.4023
15597.7 91.4025
15598 91.4026
15598.4 91.4027
15598.8 91.4028
15599.1 91.4028
15599.5 91.4029
15599.9 91.4032
15600.2 91.4032
15600.6 91.4032
15601 91.4035
15601.3 91.4034
15601.7 91.4033
15602 91.4032
15602.4 91.4031
15602.8 91.4029
15603.1 91.4028
15603.5 91.4026
15603.9 91.4024
15604.2 91.4021
15604.6 91.4018
15605 91.4016
15605.3 91.4013
15605.7 91.4009
15606.1 91.4008
15606.4 91.4005
15606.8 91.4002
15607.2 91.3999
15607.5 91.4
15607.9 91.3998
15608.3 91.3995
15608.6 91.3993
15609 91.399
15609.4 91.3989
15609.7 91.3987
15610.1 91.3986
15610.5 91.3985
15610.8 91.3985
15611.2 91.3985
15611.6 91.3985
15611.9 91.3986
15612.3 91.3991
15612.7 91.3992
15613 91.3994
15613.4 91.3996
15613.8 91.3999
15614.1 91.4005
15614.5 91.4008
15614.9 91.4011
15615.2 91.4014
15615.6 91.4018
15616 91.4022
15616.3 91.4026
15616.7 91.403
15617.1 91.4035
15617.4 91.4039
15617.8 91.4044
15618.2 91.4049
15618.5 91.406
15618.9 91.4065
15619.3 91.407
15619.6 91.4075
15620 91.408
15620.4 91.4085
15620.7 91.409
15621.1 91.4094
15621.5 91.4099
15621.8 91.4103
15622.2 91.4106
15622.6 91.411
15622.9 91.4113
15623.3 91.4116
15623.7 91.4119
15624 91.4121
15624.4 91.4127
15624.8 91.4129
15625.1 91.413
15625.5 91.4131
15625.9 91.4132
15626.2 91.4133
15626.6 91.4133
15627 91.4133
15627.3 91.4137
15627.7 91.4137
15628.1 91.4136
15628.4 91.4136
15628.8 91.4135
15629.1 91.4134
15629.5 91.4133
15629.9 91.4131
15630.2 91.413
15630.6 91.4132
15631 91.4131
15631.3 91.413
15631.7 91.4129
15632.1 91.4128
15632.4 91.4127
15632.8 91.4127
15633.2 91.4126
15633.5 91.4131
15633.9 91.413
15634.3 91.413
15634.6 91.413
15635 91.413
15635.4 91.413
15635.7 91.413
15636.1 91.4131
15636.5 91.4131
15636.8 91.4138
15637.2 91.4139
15637.6 91.4139
15637.9 91.414
15638.3 91.4141
15638.7 91.4141
15639 91.4142
15639.4 91.4143
15639.8 91.4143
15640.1 91.4149
15640.5 91.4149
15640.9 91.415
15641.2 91.415
15641.6 91.415
15642 91.4149
15642.3 91.4149
15642.7 91.4149
15643.1 91.4153
15643.4 91.4152
15643.8 91.4151
15644.2 91.415
15644.5 91.4149
15644.9 91.4147
15645.3 91.4146
15645.6 91.4144
15646 91.4143
15646.4 91.4141
15646.7 91.4146
15647.1 91.4144
15647.5 91.4143
15647.8 91.4142
15648.2 91.414
15648.6 91.414
15648.9 91.4139
15649.3 91.4143
15649.7 91.4143
15650 91.4144
15650.4 91.4145
15650.8 91.4146
15651.1 91.4148
15651.5 91.415
15651.9 91.4152
15652.2 91.4154
15652.6 91.4157
15653 91.416
15653.3 91.4165
15653.7 91.4169
15654.1 91.4172
15654.4 91.4176
15654.8 91.418
15655.2 91.4184
15655.5 91.4194
15655.9 91.4198
15656.2 91.4203
15656.6 91.4208
15657 91.4213
15657.3 91.4218
15657.7 91.4223
15658.1 91.4228
15658.4 91.4233
15658.8 91.4239
15659.2 91.4244
15659.5 91.4249
15659.9 91.4255
15660.3 91.426
15660.6 91.4265
15661 91.427
15661.4 91.428
15661.7 91.4284
15662.1 91.4288
15662.5 91.4291
15662.8 91.4294
15663.2 91.4297
15663.6 91.43
15663.9 91.4302
15664.3 91.4303
15664.7 91.4305
15665 91.4306
15665.4 91.4308
15665.8 91.4309
15666.1 91.4315
15666.5 91.4316
15666.9 91.4317
15667.2 91.4318
15667.6 91.4325
15668 91.4326
15668.3 91.4327
15668.7 91.4328
15669.1 91.4329
15669.4 91.4329
15669.8 91.433
15670.2 91.433
15670.5 91.4331
15670.9 91.4331
15671.3 91.4331
15671.6 91.4331
15672 91.4331
15672.4 91.4332
15672.7 91.4337
15673.1 91.4337
15673.5 91.4337
15673.8 91.4342
15674.2 91.4342
15674.6 91.4342
15674.9 91.4342
15675.3 91.4342
15675.7 91.4343
15676 91.4343
15676.4 91.4344
15676.8 91.4345
15677.1 91.4346
15677.5 91.4347
15677.9 91.4348
15678.2 91.435
15678.6 91.4352
15679 91.4354
15679.3 91.4358
15679.7 91.436
15680.1 91.4366
15680.4 91.4368
15680.8 91.437
15681.2 91.4372
15681.5 91.4374
15681.9 91.4376
15682.3 91.4377
15682.6 91.4379
15683 91.4381
15683.3 91.4383
15683.7 91.4384
15684.1 91.4386
15684.4 91.4388
15684.8 91.439
15685.2 91.4392
15685.5 91.4394
15685.9 91.4399
15686.3 91.4406
15686.6 91.4409
15687 91.4412
15687.4 91.4415
15687.7 91.4418
15688.1 91.4422
15688.5 91.4426
15688.8 91.4431
15689.2 91.4436
15689.6 91.4442
15689.9 91.4448
15690.3 91.4454
15690.7 91.4461
15691 91.4469
15691.4 91.4477
15691.8 91.4486
15692.1 91.45
15692.5 91.4505
15692.9 91.4515
15693.2 91.4525
15693.6 91.4535
15694 91.4546
15694.3 91.4557
15694.7 91.4567
15695.1 91.4577
15695.4 91.4587
15695.8 91.4597
15696.2 91.4606
15696.5 91.4615
15696.9 91.4623
15697.3 91.4631
15697.6 91.4639
15698 91.4646
15698.4 91.4657
15698.7 91.4664
15699.1 91.4669
15699.5 91.4675
15699.8 91.4681
15700.2 91.4687
15700.6 91.4692
15700.9 91.4698
15701.3 91.4704
15701.7 91.4709
15702 91.4715
15702.4 91.4721
15702.8 91.4726
15703.1 91.4732
15703.5 91.4738
15703.9 91.4744
15704.2 91.475
15704.6 91.4762
15705 91.4768
15705.3 91.4774
15705.7 91.478
15706.1 91.4787
15706.4 91.4793
15706.8 91.48
15707.2 91.4807
15707.5 91.4814
15707.9 91.4821
15708.3 91.4829
15708.6 91.4837
15709 91.4845
15709.3 91.4853
15709.7 91.4861
15710.1 91.487
15710.4 91.4879
15710.8 91.4895
15711.2 91.4904
15711.5 91.4914
15711.9 91.4921
15712.3 91.4931
15712.6 91.494
15713 91.495
15713.4 91.496
15713.7 91.497
15714.1 91.4981
15714.5 91.4991
15714.8 91.5001
15715.2 91.5012
15715.6 91.5022
15715.9 91.5032
15716.3 91.5043
15716.7 91.5053
15717 91.5071
15717.4 91.5081
15717.8 91.5091
15718.1 91.5101
15718.5 91.5108
15718.9 91.5118
15719.2 91.5128
15719.6 91.5138
15720 91.5147
15720.3 91.5157
15720.7 91.5167
15721.1 91.5176
15721.4 91.5186
15721.8 91.5196
15722.2 91.5206
15722.5 91.5216
15722.9 91.5226
15723.3 91.5244
15723.6 91.5254
15724 91.5265
15724.4 91.5276
15724.7 91.5287
15725.1 91.5294
15725.5 91.5305
15725.8 91.5317
15726.2 91.5329
15726.6 91.5341
15726.9 91.5354
15727.3 91.5366
15727.7 91.5379
15728 91.5393
15728.4 91.5407
15728.8 91.5421
15729.1 91.5442
15729.5 91.5457
15729.9 91.5473
15730.2 91.5489
15730.6 91.5505
15731 91.5522
15731.3 91.5539
15731.7 91.5545
15732.1 91.5562
15732.4 91.5579
15732.8 91.5596
15733.2 91.5613
15733.5 91.563
15733.9 91.5647
15734.3 91.5664
15734.6 91.5681
15735 91.5698
15735.4 91.5721
15735.7 91.5739
15736.1 91.5757
15736.4 91.5776
15736.8 91.5795
15737.2 91.5816
15737.5 91.5838
15737.9 91.5844
15738.3 91.5868
15738.6 91.5893
15739 91.592
15739.4 91.5946
15739.7 91.5971
15740.1 91.5994
15740.5 91.6015
15740.8 91.6036
15741.2 91.6056
15741.6 91.6084
15741.9 91.6104
15742.3 91.6123
15742.7 91.6143
15743 91.6162
15743.4 91.6181
15743.8 91.62
15744.1 91.6219
15744.5 91.6228
15744.9 91.6247
15745.2 91.6266
15745.6 91.6285
15746 91.6304
15746.3 91.6323
15746.7 91.6342
15747.1 91.636
15747.4 91.6378
15747.8 91.6404
15748.2 91.6422
15748.5 91.6438
15748.9 91.6455
15749.3 91.6471
15749.6 91.6487
15750 91.6502
15750.4 91.6517
15750.7 91.6532
15751.1 91.6539
15751.5 91.6553
15751.8 91.6567
15752.2 91.6581
15752.6 91.6595
15752.9 91.6608
15753.3 91.6621
15753.7 91.6635
15754 91.6654
15754.4 91.6667
15754.8 91.6681
15755.1 91.6695
15755.5 91.6709
15755.9 91.6724
15756.2 91.6738
15756.6 91.6753
15757 91.6767
15757.3 91.6782
15757.7 91.6788
15758.1 91.6803
15758.4 91.6818
15758.8 91.6832
15759.2 91.6846
15759.5 91.686
15759.9 91.6881
15760.3 91.6895
15760.6 91.6908
15761 91.6921
15761.4 91.6935
15761.7 91.6948
15762.1 91.6961
15762.5 91.6974
15762.8 91.6988
15763.2 91.7001
15763.5 91.7014
15763.9 91.7027
15764.3 91.7034
15764.6 91.7048
15765 91.7061
15765.4 91.7075
15765.7 91.7088
15766.1 91.7109
15766.5 91.7123
15766.8 91.7137
15767.2 91.7151
15767.6 91.7165
15767.9 91.7179
15768.3 91.7193
15768.7 91.7207
15769 91.7221
15769.4 91.7234
15769.8 91.7247
15770.1 91.7259
15770.5 91.7271
15770.9 91.7278
15771.2 91.7289
15771.6 91.73
15772 91.731
15772.3 91.7327
15772.7 91.7336
15773.1 91.7346
15773.4 91.7355
15773.8 91.7364
15774.2 91.7374
15774.5 91.7383
15774.9 91.7392
15775.3 91.7402
15775.6 91.7412
15776 91.7422
15776.4 91.7433
15776.7 91.7444
15777.1 91.745
15777.5 91.7462
15777.8 91.7474
15778.2 91.7486
15778.6 91.7505
15778.9 91.7518
15779.3 91.7532
15779.7 91.7546
15780 91.756
15780.4 91.7576
15780.8 91.7591
15781.1 91.7608
15781.5 91.7624
15781.9 91.7642
15782.2 91.7659
15782.6 91.7676
15783 91.7694
15783.3 91.7712
15783.7 91.7719
15784.1 91.7736
15784.4 91.7753
15784.8 91.7776
15785.2 91.7792
15785.5 91.7807
15785.9 91.7822
15786.3 91.7836
15786.6 91.785
15787 91.7862
15787.4 91.7875
15787.7 91.7886
15788.1 91.7898
15788.5 91.7908
15788.8 91.7919
15789.2 91.7928
15789.5 91.7938
15789.9 91.7947
15790.3 91.7953
15790.6 91.7962
15791 91.7977
15791.4 91.7986
15791.7 91.7995
15792.1 91.8003
15792.5 91.8012
15792.8 91.8021
15793.2 91.803
15793.6 91.8039
15793.9 91.8047
15794.3 91.8057
15794.7 91.8066
15795 91.8075
15795.4 91.8084
15795.8 91.8094
15796.1 91.8103
15796.5 91.8113
15796.9 91.8125
15797.2 91.8135
15797.6 91.8145
15798 91.8155
15798.3 91.8166
15798.7 91.8176
15799.1 91.8187
15799.4 91.8199
15799.8 91.821
15800.2 91.8222
15800.5 91.8233
15800.9 91.8245
15801.3 91.8258
15801.6 91.8271
15802 91.8284
15802.4 91.8297
15802.7 91.8311
15803.1 91.8332
15803.5 91.8338
15803.8 91.8353
15804.2 91.8369
15804.6 91.8385
15804.9 91.8403
15805.3 91.8421
15805.7 91.844
15806 91.846
15806.4 91.848
15806.8 91.8501
15807.1 91.8522
15807.5 91.8542
15807.9 91.8562
15808.2 91.8582
15808.6 91.8602
15809 91.8621
15809.3 91.8645
15809.7 91.8651
15810.1 91.8669
15810.4 91.8686
15810.8 91.8703
15811.2 91.8719
15811.5 91.8735
15811.9 91.875
15812.3 91.8765
15812.6 91.8779
15813 91.8793
15813.4 91.8807
15813.7 91.8821
15814.1 91.8835
15814.5 91.8848
15814.8 91.8862
15815.2 91.8875
15815.6 91.8893
15815.9 91.8907
15816.3 91.8911
15816.6 91.8924
15817 91.8938
15817.4 91.8951
15817.7 91.8965
15818.1 91.8979
15818.5 91.8993
15818.8 91.9007
15819.2 91.9021
15819.6 91.9036
15819.9 91.905
15820.3 91.9065
15820.7 91.908
15821 91.9096
15821.4 91.9112
15821.8 91.9132
15822.1 91.9149
15822.5 91.9166
15822.9 91.917
15823.2 91.9188
15823.6 91.9207
15824 91.9226
15824.3 91.9246
15824.7 91.9267
15825.1 91.9289
15825.4 91.9312
15825.8 91.9335
15826.2 91.9359
15826.5 91.9383
15826.9 91.9409
15827.3 91.9436
15827.6 91.9469
15828 91.95
15828.4 91.953
15828.7 91.9561
15829.1 91.9591
15829.5 91.9595
15829.8 91.9625
15830.2 91.9653
15830.6 91.968
15830.9 91.9706
15831.3 91.973
15831.7 91.9754
15832 91.9776
15832.4 91.9797
15832.8 91.9818
15833.1 91.9838
15833.5 91.9858
15833.9 91.988
15834.2 91.9899
15834.6 91.9917
15835 91.9935
15835.3 91.9952
15835.7 91.9969
15836.1 91.9972
15836.4 91.9989
15836.8 92.0006
15837.2 92.0023
15837.5 92.004
15837.9 92.0058
15838.3 92.0076
15838.6 92.0094
15839 92.0113
15839.4 92.0132
15839.7 92.0151
15840.1 92.0173
15840.5 92.0191
15840.8 92.021
15841.2 92.0228
15841.6 92.0247
15841.9 92.0265
15842.3 92.0268
15842.7 92.0286
15843 92.0304
15843.4 92.0322
15843.7 92.0339
15844.1 92.0357
15844.5 92.0375
15844.8 92.0393
15845.2 92.0411
15845.6 92.0428
15845.9 92.0447
15846.3 92.0468
15846.7 92.0487
15847 92.0506
15847.4 92.0525
15847.8 92.0545
15848.1 92.0565
15848.5 92.0585
15848.9 92.0589
15849.2 92.061
15849.6 92.0632
15850 92.0654
15850.3 92.0676
15850.7 92.0698
15851.1 92.072
15851.4 92.0741
15851.8 92.0761
15852.2 92.0781
15852.5 92.0804
15852.9 92.0822
15853.3 92.084
15853.6 92.0856
15854 92.0872
15854.4 92.0888
15854.7 92.0903
15855.1 92.0918
15855.5 92.0921
15855.8 92.0935
15856.2 92.0949
15856.6 92.0962
15856.9 92.0975
15857.3 92.0988
15857.7 92.1
15858 92.1012
15858.4 92.1024
15858.8 92.1037
15859.1 92.1049
15859.5 92.1061
15859.9 92.1072
15860.2 92.1084
15860.6 92.1097
15861 92.1109
15861.3 92.1122
15861.7 92.1134
15862.1 92.1135
15862.4 92.1148
15862.8 92.1161
15863.2 92.1175
15863.5 92.1189
15863.9 92.1204
15864.3 92.1219
15864.6 92.1234
15865 92.1249
15865.4 92.1264
15865.7 92.1278
15866.1 92.1293
15866.5 92.1308
15866.8 92.1322
15867.2 92.1337
15867.6 92.1352
15867.9 92.1366
15868.3 92.1381
15868.7 92.1381
15869 92.1395
15869.4 92.1409
15869.8 92.1422
15870.1 92.1435
15870.5 92.1448
15870.8 92.1459
15871.2 92.1471
15871.6 92.1483
15871.9 92.1494
15872.3 92.1505
15872.7 92.1515
15873 92.1525
15873.4 92.1535
15873.8 92.1544
15874.1 92.1553
15874.5 92.1562
15874.9 92.157
15875.2 92.1571
15875.6 92.1579
15876 92.1587
15876.3 92.1596
15876.7 92.1604
15877.1 92.1613
15877.4 92.1621
15877.8 92.1629
15878.2 92.1638
15878.5 92.1646
15878.9 92.1655
15879.3 92.1664
15879.6 92.1673
15880 92.1683
15880.4 92.1692
15880.7 92.1702
15881.1 92.1713
15881.5 92.1715
15881.8 92.1725
15882.2 92.1737
15882.6 92.1748
15882.9 92.176
15883.3 92.1775
15883.7 92.1788
15884 92.1801
15884.4 92.1815
15884.8 92.1828
15885.1 92.1842
15885.5 92.1855
15885.9 92.1869
15886.2 92.1882
15886.6 92.1895
15887 92.1908
15887.3 92.1919
15887.7 92.1931
15888.1 92.1934
15888.4 92.1945
15888.8 92.1956
15889.2 92.1967
15889.5 92.1979
15889.9 92.1989
15890.3 92.1998
15890.6 92.2007
15891 92.2016
15891.4 92.2024
15891.7 92.2032
15892.1 92.204
15892.5 92.2048
15892.8 92.2055
15893.2 92.2062
15893.6 92.2069
15893.9 92.2076
15894.3 92.2083
15894.7 92.2084
15895 92.2091
15895.4 92.2099
15895.8 92.2105
15896.1 92.2111
15896.5 92.2118
15896.8 92.2124
15897.2 92.213
15897.6 92.2137
15897.9 92.2143
15898.3 92.2149
15898.7 92.2155
15899 92.2161
15899.4 92.2168
15899.8 92.2173
15900.1 92.2179
15900.5 92.2185
15900.9 92.219
15901.2 92.2191
15901.6 92.2197
15902 92.2202
15902.3 92.2207
15902.7 92.2212
15903.1 92.2216
15903.4 92.222
15903.8 92.2225
15904.2 92.2229
15904.5 92.2234
15904.9 92.2238
15905.3 92.2243
15905.6 92.2248
15906 92.2253
15906.4 92.2258
15906.7 92.2263
15907.1 92.2269
15907.5 92.2276
15907.8 92.228
15908.2 92.2287
15908.6 92.2294
15908.9 92.2301
15909.3 92.2309
15909.7 92.2317
15910 92.2325
15910.4 92.2333
15910.8 92.2342
15911.1 92.235
15911.5 92.2359
15911.9 92.2368
15912.2 92.2377
15912.6 92.2386
15913 92.2395
15913.3 92.2403
15913.7 92.2412
15914.1 92.2419
15914.4 92.2428
15914.8 92.2436
15915.2 92.2444
15915.5 92.2452
15915.9 92.2459
15916.3 92.2466
15916.6 92.2473
15917 92.2479
15917.4 92.2485
15917.7 92.249
15918.1 92.2495
15918.5 92.25
15918.8 92.2505
15919.2 92.2509
15919.6 92.2513
15919.9 92.2516
15920.3 92.2521
15920.7 92.2522
15921 92.2525
15921.4 92.2527
15921.8 92.2529
15922.1 92.2531
15922.5 92.2533
15922.9 92.2535
15923.2 92.2537
15923.6 92.2538
15923.9 92.254
15924.3 92.2542
15924.7 92.2543
15925 92.2545
15925.4 92.2547
15925.8 92.2548
15926.1 92.255
15926.5 92.2552
15926.9 92.2553
15927.2 92.2553
15927.6 92.2555
15928 92.2557
15928.3 92.2559
15928.7 92.256
15929.1 92.2562
15929.4 92.2564
15929.8 92.2566
15930.2 92.2569
15930.5 92.2571
15930.9 92.2574
15931.3 92.2577
15931.6 92.2579
15932 92.2582
15932.4 92.2585
15932.7 92.2588
15933.1 92.2592
15933.5 92.2595
15933.8 92.2595
15934.2 92.2599
15934.6 92.2602
15934.9 92.2606
15935.3 92.261
15935.7 92.2615
15936 92.2619
15936.4 92.2624
15936.8 92.263
15937.1 92.2635
15937.5 92.2641
15937.9 92.2648
15938.2 92.2654
15938.6 92.2662
15939 92.2669
15939.3 92.2677
15939.7 92.2685
15940.1 92.2694
15940.4 92.2694
15940.8 92.2703
15941.2 92.2712
15941.5 92.2722
15941.9 92.2731
15942.3 92.274
15942.6 92.2748
15943 92.2755
15943.4 92.2762
15943.7 92.2768
15944.1 92.2774
15944.5 92.2779
15944.8 92.2784
15945.2 92.2789
15945.6 92.2793
15945.9 92.2798
15946.3 92.2802
15946.7 92.2806
15947 92.2806
15947.4 92.2809
15947.8 92.2813
15948.1 92.2817
15948.5 92.2821
15948.9 92.2825
15949.2 92.2829
15949.6 92.2834
15950 92.2838
15950.3 92.2843
15950.7 92.2848
15951 92.2854
15951.4 92.286
15951.8 92.2866
15952.1 92.2872
15952.5 92.2878
15952.9 92.2885
15953.2 92.2886
15953.6 92.2893
15954 92.29
15954.3 92.2908
15954.7 92.2916
15955.1 92.2923
15955.4 92.2931
15955.8 92.2939
15956.2 92.2946
15956.5 92.2953
15956.9 92.2961
15957.3 92.2969
15957.6 92.2976
15958 92.2982
15958.4 92.2989
15958.7 92.2995
15959.1 92.3001
15959.5 92.3007
15959.8 92.3008
15960.2 92.3014
15960.6 92.3019
15960.9 92.3025
15961.3 92.3031
15961.7 92.3037
15962 92.3043
15962.4 92.3048
15962.8 92.3054
15963.1 92.3061
15963.5 92.3067
15963.9 92.3073
15964.2 92.3079
15964.6 92.3085
15965 92.3092
15965.3 92.3098
15965.7 92.3105
15966.1 92.3111
15966.4 92.3111
15966.8 92.3118
15967.2 92.3124
15967.5 92.313
15967.9 92.3136
15968.3 92.3142
15968.6 92.3148
15969 92.3154
15969.4 92.3161
15969.7 92.3167
15970.1 92.3174
15970.5 92.3181
15970.8 92.3188
15971.2 92.3196
15971.6 92.3204
15971.9 92.3212
15972.3 92.322
15972.7 92.3228
15973 92.3229
15973.4 92.3238
15973.8 92.3246
15974.1 92.3255
15974.5 92.3264
15974.9 92.3273
15975.2 92.3282
15975.6 92.3291
15976 92.33
15976.3 92.3309
15976.7 92.3317
15977 92.3326
15977.4 92.3334
15977.8 92.3342
15978.1 92.335
15978.5 92.3358
15978.9 92.3365
15979.2 92.3373
15979.6 92.3372
15980 92.338
15980.3 92.3387
15980.7 92.3394
15981.1 92.3402
15981.4 92.3409
15981.8 92.3417
15982.2 92.3425
15982.5 92.3434
15982.9 92.3444
15983.3 92.3454
15983.6 92.3464
15984 92.3475
15984.4 92.3486
15984.7 92.3498
15985.1 92.351
15985.5 92.3522
15985.8 92.3521
15986.2 92.3533
15986.6 92.3545
15986.9 92.3557
15987.3 92.3568
15987.7 92.3578
15988 92.3587
15988.4 92.3596
15988.8 92.3604
15989.1 92.3612
15989.5 92.3619
15989.9 92.3625
15990.2 92.3631
15990.6 92.3636
15991 92.3641
15991.3 92.3646
15991.7 92.365
15992.1 92.3654
15992.4 92.3654
15992.8 92.3658
15993.2 92.3661
15993.5 92.3665
15993.9 92.3669
15994.3 92.3672
15994.6 92.3675
15995 92.3678
15995.4 92.3682
15995.7 92.3685
15996.1 92.3688
15996.5 92.3692
15996.8 92.3695
15997.2 92.3698
15997.6 92.3702
15997.9 92.3705
15998.3 92.3708
15998.7 92.3711
15999 92.3709
15999.4 92.3712
15999.8 92.3715
16000.1 92.3716
16000.5 92.3719
16000.9 92.3721
16001.2 92.3723
16001.6 92.3725
16002 92.3727
16002.3 92.3728
16002.7 92.3729
16003.1 92.373
16003.4 92.3731
16003.8 92.3732
16004.1 92.3732
16004.5 92.3733
16004.9 92.3733
16005.2 92.3733
16005.6 92.3732
16006 92.3732
16006.3 92.373
16006.7 92.3731
16007.1 92.3731
16007.4 92.3732
16007.8 92.3732
16008.2 92.3733
16008.5 92.3733
16008.9 92.3734
16009.3 92.3734
16009.6 92.3735
16010 92.3735
16010.4 92.3736
16010.7 92.3736
16011.1 92.3736
16011.5 92.3735
16011.8 92.3735
16012.2 92.3733
16012.6 92.373
16012.9 92.3729
16013.3 92.3728
16013.7 92.3726
16014 92.3724
16014.4 92.3722
16014.8 92.372
16015.1 92.3718
16015.5 92.3716
16015.9 92.3713
16016.2 92.3711
16016.6 92.3708
16017 92.3706
16017.3 92.3704
16017.7 92.3702
16018.1 92.37
16018.4 92.3698
16018.8 92.3696
16019.2 92.3695
16019.5 92.3693
16019.9 92.3692
16020.3 92.3691
16020.6 92.369
16021 92.369
16021.4 92.3689
16021.7 92.3688
16022.1 92.3688
16022.5 92.3687
16022.8 92.3686
16023.2 92.3686
16023.6 92.3685
16023.9 92.3684
16024.3 92.3684
16024.7 92.3683
16025 92.3683
16025.4 92.3682
16025.8 92.3682
16026.1 92.3681
16026.5 92.368
16026.9 92.3679
16027.2 92.3679
16027.6 92.3679
16028 92.3679
16028.3 92.3679
16028.7 92.368
16029.1 92.368
16029.4 92.3681
16029.8 92.3682
16030.2 92.3683
16030.5 92.3684
16030.9 92.3685
16031.2 92.3686
16031.6 92.3686
16032 92.3687
16032.3 92.3688
16032.7 92.3689
16033.1 92.369
16033.4 92.3691
16033.8 92.3691
16034.2 92.3692
16034.5 92.3692
16034.9 92.3693
16035.3 92.3693
16035.6 92.3693
16036 92.3693
16036.4 92.3693
16036.7 92.3693
16037.1 92.3693
16037.5 92.3693
16037.8 92.3693
16038.2 92.3694
16038.6 92.3694
16038.9 92.3694
16039.3 92.3694
16039.7 92.3694
16040 92.3694
16040.4 92.3694
16040.8 92.3693
16041.1 92.3693
16041.5 92.3693
16041.9 92.3693
16042.2 92.3693
16042.6 92.3693
16043 92.3693
16043.3 92.3694
16043.7 92.3693
16044.1 92.3693
16044.4 92.3693
16044.8 92.3695
16045.2 92.3695
16045.5 92.3695
16045.9 92.3694
16046.3 92.3694
16046.6 92.3694
16047 92.3693
16047.4 92.3693
16047.7 92.3693
16048.1 92.3692
16048.5 92.3691
16048.8 92.3691
16049.2 92.369
16049.6 92.3691
16049.9 92.369
16050.3 92.3689
16050.7 92.3688
16051 92.3686
16051.4 92.3688
16051.8 92.3686
16052.1 92.3684
16052.5 92.3682
16052.9 92.3679
16053.2 92.3677
16053.6 92.3673
16054 92.367
16054.3 92.3666
16054.7 92.3663
16055.1 92.3658
16055.4 92.3654
16055.8 92.3651
16056.2 92.3646
16056.5 92.3642
16056.9 92.3636
16057.3 92.3631
16057.6 92.3633
16058 92.3628
16058.3 92.3623
16058.7 92.3617
16059.1 92.3612
16059.4 92.3606
16059.8 92.3601
16060.2 92.3596
16060.5 92.359
16060.9 92.3585
16061.3 92.3579
16061.6 92.3574
16062 92.3569
16062.4 92.3564
16062.7 92.3559
16063.1 92.3553
16063.5 92.3548
16063.8 92.3543
16064.2 92.3544
16064.6 92.354
16064.9 92.3535
16065.3 92.353
16065.7 92.3526
16066 92.3522
16066.4 92.3518
16066.8 92.3514
16067.1 92.3511
16067.5 92.3507
16067.9 92.3506
16068.2 92.3503
16068.6 92.35
16069 92.3498
16069.3 92.3496
16069.7 92.3494
16070.1 92.3493
16070.4 92.3491
16070.8 92.3493
16071.2 92.3491
16071.5 92.349
16071.9 92.349
16072.3 92.3489
16072.6 92.3489
16073 92.3489
16073.4 92.3489
16073.7 92.3489
16074.1 92.3491
16074.5 92.3491
16074.8 92.3491
16075.2 92.349
16075.6 92.349
16075.9 92.349
16076.3 92.349
16076.7 92.3489
16077 92.3489
16077.4 92.3492
16077.8 92.3492
16078.1 92.3492
16078.5 92.3492
16078.9 92.3492
16079.2 92.3492
16079.6 92.3493
16080 92.3493
16080.3 92.3498
16080.7 92.3498
16081.1 92.3499
16081.4 92.35
16081.8 92.3501
16082.2 92.3502
16082.5 92.3503
16082.9 92.3504
16083.3 92.3506
16083.6 92.3507
16084 92.3511
16084.3 92.3512
16084.7 92.3513
16085.1 92.3514
16085.4 92.3516
16085.8 92.3517
16086.2 92.3518
16086.5 92.3524
16086.9 92.3525
16087.3 92.3526
16087.6 92.3527
16088 92.3528
16088.4 92.3529
16088.7 92.353
16089.1 92.353
16089.5 92.3531
16089.8 92.3531
16090.2 92.3531
16090.6 92.3537
16090.9 92.3537
16091.3 92.3537
16091.7 92.3537
16092 92.3536
16092.4 92.3536
16092.8 92.354
16093.1 92.354
16093.5 92.3539
16093.9 92.3539
16094.2 92.3539
16094.6 92.3538
16095 92.3538
16095.3 92.3538
16095.7 92.3537
16096.1 92.3537
16096.4 92.3537
16096.8 92.354
16097.2 92.354
16097.5 92.354
16097.9 92.3541
16098.3 92.3541
16098.6 92.3544
16099 92.3545
16099.4 92.3546
16099.7 92.3547
16100.1 92.3548
16100.5 92.3549
16100.8 92.355
16101.2 92.3551
16101.6 92.3553
16101.9 92.3554
16102.3 92.3556
16102.7 92.3558
16103 92.356
16103.4 92.3563
16103.8 92.3566
16104.1 92.3568
16104.5 92.3571
16104.9 92.3578
16105.2 92.3581
16105.6 92.3584
16106 92.3588
16106.3 92.3592
16106.7 92.3596
16107.1 92.3601
16107.4 92.3606
16107.8 92.3611
16108.2 92.3615
16108.5 92.3621
16108.9 92.3626
16109.3 92.3631
16109.6 92.3637
16110 92.364
16110.4 92.3645
16110.7 92.365
16111.1 92.3659
16111.4 92.3664
16111.8 92.367
16112.2 92.3675
16112.5 92.368
16112.9 92.3686
16113.3 92.3691
16113.6 92.3696
16114 92.3701
16114.4 92.3706
16114.7 92.3711
16115.1 92.3715
16115.5 92.372
16115.8 92.3724
16116.2 92.3728
16116.6 92.373
16116.9 92.3735
16117.3 92.3742
16117.7 92.3746
16118 92.3751
16118.4 92.3755
16118.8 92.376
16119.1 92.3764
16119.5 92.3768
16119.9 92.3773
16120.2 92.3778
16120.6 92.3783
16121 92.3788
16121.3 92.3793
16121.7 92.3799
16122.1 92.3804
16122.4 92.381
16122.8 92.3815
16123.2 92.382
16123.5 92.3831
16123.9 92.3837
16124.3 92.3844
16124.6 92.385
16125 92.3857
16125.4 92.3863
16125.7 92.387
16126.1 92.3876
16126.5 92.3883
16126.8 92.3889
16127.2 92.3895
16127.6 92.3901
16127.9 92.3907
16128.3 92.3912
16128.7 92.3917
16129 92.3922
16129.4 92.3926
16129.8 92.3935
16130.1 92.3938
16130.5 92.3942
16130.9 92.3945
16131.2 92.3948
16131.6 92.3951
16132 92.3954
16132.3 92.3956
16132.7 92.3958
16133.1 92.396
16133.4 92.3962
16133.8 92.3963
16134.2 92.3965
16134.5 92.3967
16134.9 92.3968
16135.3 92.397
16135.6 92.3975
16136 92.3979
16136.4 92.398
16136.7 92.3983
16137.1 92.3985
16137.5 92.3988
16137.8 92.3991
16138.2 92.3994
16138.5 92.3998
16138.9 92.4002
16139.3 92.4006
16139.6 92.4011
16140 92.4017
16140.4 92.4022
16140.7 92.4029
16141.1 92.4035
16141.5 92.4043
16141.8 92.4054
16142.2 92.4061
16142.6 92.4065
16142.9 92.4073
16143.3 92.4081
16143.7 92.4089
16144 92.4096
16144.4 92.4104
16144.8 92.4112
16145.1 92.4119
16145.5 92.4126
16145.9 92.4134
16146.2 92.4141
16146.6 92.4148
16147 92.4155
16147.3 92.4162
16147.7 92.417
16148.1 92.4181
16148.4 92.4189
16148.8 92.4196
16149.2 92.4201
16149.5 92.4209
16149.9 92.4217
16150.3 92.4225
16150.6 92.4234
16151 92.4243
16151.4 92.4252
16151.7 92.4261
16152.1 92.4271
16152.5 92.428
16152.8 92.429
16153.2 92.4301
16153.6 92.4311
16153.9 92.4321
16154.3 92.4338
16154.7 92.4349
16155 92.436
16155.4 92.437
16155.8 92.4377
16156.1 92.4388
16156.5 92.4398
16156.9 92.4409
16157.2 92.442
16157.6 92.443
16158 92.4441
16158.3 92.4452
16158.7 92.4463
16159.1 92.4474
16159.4 92.4485
16159.8 92.4497
16160.2 92.4508
16160.5 92.4526
16160.9 92.4537
16161.3 92.4548
16161.6 92.4559
16162 92.457
16162.4 92.4576
16162.7 92.4587
16163.1 92.4598
16163.5 92.4609
16163.8 92.4619
16164.2 92.4629
16164.5 92.464
16164.9 92.465
16165.3 92.466
16165.6 92.4669
16166 92.4679
16166.4 92.4693
16166.7 92.4702
16167.1 92.4711
16167.5 92.472
16167.8 92.4729
16168.2 92.4738
16168.6 92.4743
16168.9 92.4752
16169.3 92.476
16169.7 92.4769
16170 92.4778
16170.4 92.4786
16170.8 92.4795
16171.1 92.4803
16171.5 92.4812
16171.9 92.482
16172.2 92.4828
16172.6 92.4841
16173 92.485
16173.3 92.4858
16173.7 92.4867
16174.1 92.4875
16174.4 92.4884
16174.8 92.4892
16175.2 92.4897
16175.5 92.4905
16175.9 92.4914
16176.3 92.4922
16176.6 92.493
16177 92.4939
16177.4 92.4948
16177.7 92.4957
16178.1 92.4966
16178.5 92.4975
16178.8 92.4988
16179.2 92.4998
16179.6 92.5008
16179.9 92.5019
16180.3 92.503
16180.7 92.5041
16181 92.5053
16181.4 92.5065
16181.8 92.5068
16182.1 92.508
16182.5 92.5092
16182.9 92.5103
16183.2 92.5115
16183.6 92.5126
16184 92.5137
16184.3 92.5148
16184.7 92.5159
16185.1 92.5173
16185.4 92.5183
16185.8 92.5193
16186.2 92.5203
16186.5 92.5212
16186.9 92.5222
16187.3 92.523
16187.6 92.5239
16188 92.5247
16188.4 92.5252
16188.7 92.526
16189.1 92.5267
16189.5 92.5275
16189.8 92.5282
16190.2 92.5289
16190.6 92.5296
16190.9 92.5303
16191.3 92.5314
16191.6 92.5321
16192 92.5327
16192.4 92.5334
16192.7 92.534
16193.1 92.5347
16193.5 92.5353
16193.8 92.5359
16194.2 92.5365
16194.6 92.5371
16194.9 92.5376
16195.3 92.5382
16195.7 92.5388
16196 92.5393
16196.4 92.5399
16196.8 92.5404
16197.1 92.5409
16197.5 92.542
16197.9 92.5425
16198.2 92.5429
16198.6 92.5433
16199 92.5438
16199.3 92.5442
16199.7 92.5446
16200.1 92.545
16200.4 92.5453
16200.8 92.5457
16201.2 92.5463
16201.5 92.5466
16201.9 92.547
16202.3 92.5474
16202.6 92.5478
16203 92.5482
16203.4 92.5492
16203.7 92.5496
16204.1 92.5501
16204.5 92.5506
16204.8 92.551
16205.2 92.5515
16205.6 92.552
16205.9 92.5526
16206.3 92.5531
16206.7 92.5537
16207 92.5543
16207.4 92.5549
16207.8 92.5554
16208.1 92.556
16208.5 92.5567
16208.9 92.5574
16209.2 92.5581
16209.6 92.5594
16210 92.5602
16210.3 92.561
16210.7 92.5618
16211.1 92.5627
16211.4 92.5636
16211.8 92.5645
16212.2 92.5655
16212.5 92.5664
16212.9 92.5674
16213.3 92.5685
16213.6 92.5695
16214 92.5706
16214.4 92.5711
16214.7 92.5722
16215.1 92.5734
16215.5 92.5745
16215.8 92.5761
16216.2 92.5773
16216.6 92.5784
16216.9 92.5796
16217.3 92.5808
16217.7 92.582
16218 92.5832
16218.4 92.5844
16218.7 92.5856
16219.1 92.5868
16219.5 92.588
16219.8 92.5891
16220.2 92.5903
16220.6 92.5914
16220.9 92.5918
16221.3 92.5929
16221.7 92.5941
16222 92.5956
16222.4 92.5967
16222.8 92.5977
16223.1 92.5988
16223.5 92.5998
16223.9 92.6008
16224.2 92.6018
16224.6 92.6028
16225 92.6038
16225.3 92.6047
16225.7 92.6056
16226.1 92.6065
16226.4 92.6074
16226.8 92.6082
16227.2 92.6091
16227.5 92.6095
16227.9 92.6103
16228.3 92.6115
16228.6 92.6123
16229 92.6131
16229.4 92.6139
16229.7 92.6146
16230.1 92.6154
16230.5 92.6162
16230.8 92.617
16231.2 92.6177
16231.6 92.6185
16231.9 92.6193
16232.3 92.62
16232.7 92.6208
16233 92.6215
16233.4 92.6222
16233.8 92.6229
16234.1 92.6237
16234.5 92.6244
16234.9 92.625
16235.2 92.6257
16235.6 92.6263
16236 92.6269
16236.3 92.6276
16236.7 92.6282
16237.1 92.6287
16237.4 92.6293
16237.8 92.6299
16238.2 92.6305
16238.5 92.631
16238.9 92.6316
16239.3 92.6322
16239.6 92.6328
16240 92.6333
16240.4 92.6342
16240.7 92.6348
16241.1 92.6354
16241.5 92.636
16241.8 92.6366
16242.2 92.6372
16242.6 92.6378
16242.9 92.6385
16243.3 92.6391
16243.7 92.6398
16244 92.6404
16244.4 92.6411
16244.8 92.6418
16245.1 92.6425
16245.5 92.6432
16245.8 92.644
16246.2 92.6447
16246.6 92.6459
16246.9 92.6464
16247.3 92.6472
16247.7 92.648
16248 92.6488
16248.4 92.6496
16248.8 92.6505
16249.1 92.6514
16249.5 92.6523
16249.9 92.6532
16250.2 92.6541
16250.6 92.655
16251 92.6559
16251.3 92.6568
16251.7 92.6577
16252.1 92.6586
16252.4 92.6595
16252.8 92.6607
16253.2 92.6615
16253.5 92.6618
16253.9 92.6626
16254.3 92.6634
16254.6 92.6642
16255 92.665
16255.4 92.6658
16255.7 92.6665
16256.1 92.6673
16256.5 92.668
16256.8 92.6688
16257.2 92.6695
16257.6 92.6702
16257.9 92.6709
16258.3 92.6716
16258.7 92.6723
16259 92.6732
16259.4 92.6738
16259.8 92.6745
16260.1 92.6747
16260.5 92.6754
16260.9 92.676
16261.2 92.6767
16261.6 92.6774
16262 92.6781
16262.3 92.6788
16262.7 92.6795
16263.1 92.6802
16263.4 92.6809
16263.8 92.6815
16264.2 92.6822
16264.5 92.6828
16264.9 92.6834
16265.3 92.6842
16265.6 92.6848
16266 92.6854
16266.4 92.6859
16266.7 92.6861
16267.1 92.6866
16267.5 92.6871
16267.8 92.6876
16268.2 92.688
16268.6 92.6884
16268.9 92.6889
16269.3 92.6893
16269.7 92.6897
16270 92.69
16270.4 92.6904
16270.8 92.6908
16271.1 92.6912
16271.5 92.6915
16271.8 92.6919
16272.2 92.6922
16272.6 92.6926
16272.9 92.6927
16273.3 92.6932
16273.7 92.6936
16274 92.6941
16274.4 92.6946
16274.8 92.6951
16275.1 92.6957
16275.5 92.6963
16275.9 92.6969
16276.2 92.6976
16276.6 92.6982
16277 92.699
16277.3 92.7
16277.7 92.7007
16278.1 92.7015
16278.4 92.7022
16278.8 92.703
16279.2 92.7037
16279.5 92.704
16279.9 92.7048
16280.3 92.7055
16280.6 92.7063
16281 92.707
16281.4 92.7078
16281.7 92.7086
16282.1 92.7093
16282.5 92.7101
16282.8 92.7108
16283.2 92.7116
16283.6 92.7126
16283.9 92.7133
16284.3 92.7141
16284.7 92.7148
16285 92.7155
16285.4 92.7162
16285.8 92.7169
16286.1 92.7171
16286.5 92.7178
16286.9 92.7185
16287.2 92.7191
16287.6 92.7198
16288 92.7204
16288.3 92.721
16288.7 92.7216
16289.1 92.7222
16289.4 92.7228
16289.8 92.7236
16290.2 92.7241
16290.5 92.7247
16290.9 92.7253
16291.3 92.7258
16291.6 92.7263
16292 92.7269
16292.4 92.7274
16292.7 92.7275
16293.1 92.7281
16293.5 92.7286
16293.8 92.7292
16294.2 92.7297
16294.6 92.7302
16294.9 92.7308
16295.3 92.7313
16295.7 92.7318
16296 92.7324
16296.4 92.733
16296.8 92.7335
16297.1 92.734
16297.5 92.7346
16297.9 92.7352
16298.2 92.7358
16298.6 92.7364
16298.9 92.7371
16299.3 92.737
16299.7 92.7377
16300 92.7384
16300.4 92.7391
16300.8 92.7398
16301.1 92.7405
16301.5 92.7412
16301.9 92.7419
16302.2 92.7426
16302.6 92.7433
16303 92.744
16303.3 92.7447
16303.7 92.7453
16304.1 92.7459
16304.4 92.7466
16304.8 92.7472
16305.2 92.7478
16305.5 92.7484
16305.9 92.7485
16306.3 92.7491
16306.6 92.7497
16307 92.7503
16307.4 92.7509
16307.7 92.7515
16308.1 92.7521
16308.5 92.7526
16308.8 92.7532
16309.2 92.7537
16309.6 92.7542
16309.9 92.7547
16310.3 92.7552
16310.7 92.7556
16311 92.756
16311.4 92.7564
16311.8 92.7568
16312.1 92.7568
16312.5 92.7572
16312.9 92.7575
16313.2 92.7579
16313.6 92.7582
16314 92.7585
16314.3 92.7588
16314.7 92.7591
16315.1 92.7594
16315.4 92.7597
16315.8 92.7601
16316.2 92.7604
16316.5 92.7608
16316.9 92.7612
16317.3 92.7616
16317.6 92.762
16318 92.7625
16318.4 92.7629
16318.7 92.7629
16319.1 92.7633
16319.5 92.7638
16319.8 92.7642
16320.2 92.7647
16320.6 92.7652
16320.9 92.7656
16321.3 92.7661
16321.7 92.7665
16322 92.767
16322.4 92.7674
16322.8 92.7679
16323.1 92.7683
16323.5 92.7687
16323.9 92.7692
16324.2 92.7696
16324.6 92.7701
16325 92.7705
16325.3 92.7706
16325.7 92.7711
16326 92.7716
16326.4 92.7721
16326.8 92.7727
16327.1 92.7733
16327.5 92.7738
16327.9 92.7743
16328.2 92.7748
16328.6 92.7754
16329 92.7759
16329.3 92.7764
16329.7 92.7769
16330.1 92.7774
16330.4 92.7779
16330.8 92.7784
16331.2 92.7788
16331.5 92.7793
16331.9 92.7795
16332.3 92.7799
16332.6 92.7804
16333 92.781
16333.4 92.7814
16333.7 92.7818
16334.1 92.7823
16334.5 92.7827
16334.8 92.7831
16335.2 92.7836
16335.6 92.784
16335.9 92.7845
16336.3 92.785
16336.7 92.7854
16337 92.7859
16337.4 92.7864
16337.8 92.7869
16338.1 92.7873
16338.5 92.7873
16338.9 92.7878
16339.2 92.7882
16339.6 92.7887
16340 92.7891
16340.3 92.7896
16340.7 92.79
16341.1 92.7905
16341.4 92.791
16341.8 92.7914
16342.2 92.7919
16342.5 92.7924
16342.9 92.7929
16343.3 92.7934
16343.6 92.7939
16344 92.7945
16344.4 92.795
16344.7 92.795
16345.1 92.7954
16345.5 92.7959
16345.8 92.7964
16346.2 92.7969
16346.6 92.7974
16346.9 92.7979
16347.3 92.7984
16347.7 92.7989
16348 92.7993
16348.4 92.7998
16348.8 92.8002
16349.1 92.8007
16349.5 92.8011
16349.9 92.8015
16350.2 92.802
16350.6 92.8024
16351 92.8028
16351.3 92.8023
16351.7 92.8026
16352 92.803
16352.4 92.8033
16352.8 92.8037
16353.1 92.804
16353.5 92.8044
16353.9 92.8047
16354.2 92.8051
16354.6 92.8056
16355 92.806
16355.3 92.8065
16355.7 92.807
16356.1 92.8077
16356.4 92.8083
16356.8 92.8091
16357.2 92.81
16357.5 92.8106
16357.9 92.8105
16358.3 92.8113
16358.6 92.8121
16359 92.8129
16359.4 92.8136
16359.7 92.8142
16360.1 92.8148
16360.5 92.8153
16360.8 92.8157
16361.2 92.8162
16361.6 92.8165
16361.9 92.8169
16362.3 92.8172
16362.7 92.8175
16363 92.8178
16363.4 92.8181
16363.8 92.8184
16364.1 92.8187
16364.5 92.8187
16364.9 92.819
16365.2 92.8192
16365.6 92.8195
16366 92.8197
16366.3 92.82
16366.7 92.8203
16367.1 92.8205
16367.4 92.8208
16367.8 92.8212
16368.2 92.8215
16368.5 92.8218
16368.9 92.8222
16369.3 92.8226
16369.6 92.8229
16370 92.8232
16370.4 92.8236
16370.7 92.824
16371.1 92.8239
16371.5 92.8242
16371.8 92.8246
16372.2 92.8249
16372.6 92.8252
16372.9 92.8255
16373.3 92.8258
16373.7 92.826
16374 92.8263
16374.4 92.8265
16374.8 92.8268
16375.1 92.827
16375.5 92.8273
16375.9 92.8275
16376.2 92.8277
16376.6 92.8279
16377 92.8282
16377.3 92.8284
16377.7 92.8284
16378.1 92.8286
16378.4 92.8288
16378.8 92.8291
16379.1 92.8293
16379.5 92.8295
16379.9 92.8298
16380.2 92.8301
16380.6 92.8303
16381 92.8306
16381.3 92.8309
16381.7 92.8313
16382.1 92.8316
16382.4 92.832
16382.8 92.8324
16383.2 92.8328
16383.5 92.8333
16383.9 92.8333
16384.3 92.8338
16384.6 92.8343
16385 92.8348
16385.4 92.8354
16385.7 92.836
16386.1 92.8366
16386.5 92.8372
16386.8 92.8379
16387.2 92.8385
16387.6 92.8392
16387.9 92.8399
16388.3 92.8405
16388.7 92.8412
16389 92.8419
16389.4 92.8427
16389.8 92.8435
16390.1 92.8443
16390.5 92.8441
16390.9 92.845
16391.2 92.8459
16391.6 92.847
16392 92.8481
16392.3 92.8494
16392.7 92.8507
16393.1 92.8521
16393.4 92.8534
16393.8 92.8547
16394.2 92.8559
16394.5 92.8568
16394.9 92.8578
16395.3 92.8587
16395.6 92.8595
16396 92.8602
16396.4 92.8609
16396.7 92.8616
16397.1 92.8614
16397.5 92.862
16397.8 92.8626
16398.2 92.8631
16398.6 92.8636
16398.9 92.8641
16399.3 92.8645
16399.7 92.8649
16400 92.8654
16400.4 92.8658
16400.8 92.866
16401.1 92.8665
16401.5 92.8669
16401.9 92.8673
16402.2 92.8678
16402.6 92.8682
16403 92.8687
16403.3 92.8692
16403.7 92.8691
16404.1 92.8696
16404.4 92.8702
16404.8 92.8707
16405.2 92.8713
16405.5 92.8719
16405.9 92.8725
16406.2 92.8732
16406.6 92.8737
16407 92.8743
16407.3 92.875
16407.7 92.8757
16408.1 92.8763
16408.4 92.877
16408.8 92.8778
16409.2 92.8785
16409.5 92.8793
16409.9 92.8801
16410.3 92.8799
16410.6 92.8806
16411 92.8814
16411.4 92.882
16411.7 92.8827
16412.1 92.8833
16412.5 92.8839
16412.8 92.8842
16413.2 92.8847
16413.6 92.8852
16413.9 92.8857
16414.3 92.8861
16414.7 92.8866
16415 92.887
16415.4 92.8875
16415.8 92.8879
16416.1 92.8884
16416.5 92.8882
16416.9 92.8887
16417.2 92.8892
16417.6 92.8897
16418 92.8903
16418.3 92.8908
16418.7 92.8914
16419.1 92.892
16419.4 92.8927
16419.8 92.8933
16420.2 92.894
16420.5 92.8947
16420.9 92.8955
16421.3 92.8962
16421.6 92.8969
16422 92.8977
16422.4 92.8984
16422.7 92.8992
16423.1 92.8991
16423.5 92.8998
16423.8 92.9006
16424.2 92.9012
16424.6 92.9019
16424.9 92.9025
16425.3 92.903
16425.7 92.9035
16426 92.9041
16426.4 92.9046
16426.8 92.9051
16427.1 92.9056
16427.5 92.906
16427.9 92.9065
16428.2 92.9069
16428.6 92.9073
16429 92.9078
16429.3 92.9082
16429.7 92.9079
16430.1 92.9084
16430.4 92.9088
16430.8 92.9093
16431.2 92.9097
16431.5 92.91
16431.9 92.9105
16432.3 92.911
16432.6 92.9116
16433 92.9122
16433.3 92.9128
16433.7 92.9134
16434.1 92.9141
16434.4 92.9148
16434.8 92.9155
16435.2 92.9162
16435.5 92.9169
16435.9 92.9176
16436.3 92.9174
16436.6 92.9181
16437 92.9188
16437.4 92.9192
16437.7 92.9198
16438.1 92.9203
16438.5 92.9209
16438.8 92.9214
16439.2 92.9218
16439.6 92.9223
16439.9 92.9227
16440.3 92.923
16440.7 92.9233
16441 92.9236
16441.4 92.9239
16441.8 92.9241
16442.1 92.9243
16442.5 92.9245
16442.9 92.9241
16443.2 92.9243
16443.6 92.9242
16444 92.9244
16444.3 92.9246
16444.7 92.9248
16445.1 92.925
16445.4 92.9252
16445.8 92.9254
16446.2 92.9256
16446.5 92.9258
16446.9 92.926
16447.3 92.9262
16447.6 92.9265
16448 92.9267
16448.4 92.9269
16448.7 92.9271
16449.1 92.9268
16449.5 92.927
16449.8 92.9269
16450.2 92.9271
16450.6 92.9272
16450.9 92.9274
16451.3 92.9275
16451.7 92.9276
16452 92.9276
16452.4 92.9277
16452.8 92.9277
16453.1 92.9278
16453.5 92.9278
16453.9 92.9278
16454.2 92.9278
16454.6 92.9279
16455 92.9279
16455.3 92.928
16455.7 92.9277
16456.1 92.9275
16456.4 92.9276
16456.8 92.9277
16457.2 92.9279
16457.5 92.928
16457.9 92.9282
16458.3 92.9283
16458.6 92.9285
16459 92.9287
16459.3 92.9288
16459.7 92.929
16460.1 92.9291
16460.4 92.9293
16460.8 92.9294
16461.2 92.9295
16461.5 92.9297
16461.9 92.9298
16462.3 92.9296
16462.6 92.9297
16463 92.9298
16463.4 92.9298
16463.7 92.9299
16464.1 92.9299
16464.5 92.9299
16464.8 92.9299
16465.2 92.93
16465.6 92.93
16465.9 92.93
16466.3 92.93
16466.7 92.93
16467 92.93
16467.4 92.93
16467.8 92.93
16468.1 92.9299
16468.5 92.93
16468.9 92.9298
16469.2 92.9299
16469.6 92.9299
16470 92.9299
16470.3 92.9299
16470.7 92.93
16471.1 92.93
16471.4 92.93
16471.8 92.9301
16472.2 92.9301
16472.5 92.9302
16472.9 92.9302
16473.3 92.9303
16473.6 92.9304
16474 92.9305
16474.4 92.9306
16474.7 92.9307
16475.1 92.9309
16475.5 92.931
16475.8 92.9312
16476.2 92.9314
16476.6 92.9316
16476.9 92.9319
16477.3 92.9322
16477.7 92.9325
16478 92.9328
16478.4 92.9332
16478.8 92.9336
16479.1 92.934
16479.5 92.9344
16479.9 92.9349
16480.2 92.9354
16480.6 92.936
16481 92.9365
16481.3 92.9371
16481.7 92.9376
16482.1 92.9377
16482.4 92.9382
16482.8 92.9388
16483.2 92.9395
16483.5 92.9401
16483.9 92.9407
16484.3 92.9414
16484.6 92.942
16485 92.9426
16485.3 92.9432
16485.7 92.9437
16486.1 92.9443
16486.4 92.9448
16486.8 92.9453
16487.2 92.9457
16487.5 92.946
16487.9 92.9464
16488.3 92.9464
16488.6 92.9467
16489 92.947
16489.4 92.9472
16489.7 92.9474
16490.1 92.9476
16490.5 92.9478
16490.8 92.9479
16491.2 92.948
16491.6 92.9481
16491.9 92.9482
16492.3 92.9483
16492.7 92.9484
16493 92.9486
16493.4 92.9486
16493.8 92.9487
16494.1 92.9488
16494.5 92.9488
16494.9 92.949
16495.2 92.949
16495.6 92.949
16496 92.949
16496.3 92.949
16496.7 92.9491
16497.1 92.9491
16497.4 92.9491
16497.8 92.9492
16498.2 92.9492
16498.5 92.9492
16498.9 92.9493
16499.3 92.9495
16499.6 92.9495
16500 92.9496
16500.4 92.9496
16500.7 92.9497
16501.1 92.9497
16501.5 92.9499
16501.8 92.9499
16502.2 92.9499
16502.6 92.9499
16502.9 92.9499
16503.3 92.9499
16503.7 92.9498
16504 92.9498
16504.4 92.9497
16504.8 92.9496
16505.1 92.9496
16505.5 92.9495
16505.9 92.9494
16506.2 92.9492
16506.6 92.9491
16507 92.9489
16507.3 92.9487
16507.7 92.9485
16508.1 92.9486
16508.4 92.9484
16508.8 92.9482
16509.2 92.948
16509.5 92.9477
16509.9 92.9474
16510.3 92.9472
16510.6 92.9468
16511 92.9465
16511.4 92.9462
16511.7 92.9458
16512.1 92.9454
16512.4 92.9449
16512.8 92.9445
16513.2 92.9441
16513.5 92.9436
16513.9 92.9431
16514.3 92.9427
16514.6 92.9426
16515 92.9421
16515.4 92.9416
16515.7 92.9412
16516.1 92.9407
16516.5 92.9403
16516.8 92.9398
16517.2 92.9394
16517.6 92.939
16517.9 92.9387
16518.3 92.9383
16518.7 92.938
16519 92.9377
16519.4 92.9374
16519.8 92.9371
16520.1 92.9368
16520.5 92.9366
16520.9 92.9367
16521.2 92.9365
16521.6 92.9362
16522 92.936
16522.3 92.9358
16522.7 92.9356
16523.1 92.9354
16523.4 92.9352
16523.8 92.9352
16524.2 92.935
16524.5 92.9349
16524.9 92.9347
16525.3 92.9346
16525.6 92.9345
16526 92.9344
16526.4 92.9343
16526.7 92.9342
16527.1 92.9342
16527.5 92.9344
16527.8 92.9344
16528.2 92.9343
16528.6 92.9343
16528.9 92.9343
16529.3 92.9343
16529.7 92.9343
16530 92.9345
16530.4 92.9345
16530.8 92.9345
16531.1 92.9345
16531.5 92.9345
16531.9 92.9345
16532.2 92.9345
16532.6 92.9344
16533 92.9344
16533.3 92.9344
16533.7 92.9343
16534.1 92.9345
16534.4 92.9345
16534.8 92.9344
16535.2 92.9344
16535.5 92.9343
16535.9 92.9342
16536.3 92.9343
16536.6 92.9343
16537 92.9342
16537.4 92.934
16537.7 92.9339
16538.1 92.9338
16538.5 92.9336
16538.8 92.9334
16539.2 92.9332
16539.5 92.933
16539.9 92.9327
16540.3 92.9325
16540.6 92.9327
16541 92.9324
16541.4 92.9321
16541.7 92.9318
16542.1 92.9317
16542.5 92.9313
16542.8 92.9309
16543.2 92.9305
16543.6 92.9301
16543.9 92.9297
16544.3 92.9293
16544.7 92.9288
16545 92.9284
16545.4 92.928
16545.8 92.9275
16546.1 92.9271
16546.5 92.9266
16546.9 92.9262
16547.2 92.9263
16547.6 92.9259
16548 92.9255
16548.3 92.9252
16548.7 92.9248
16549.1 92.9244
16549.4 92.9239
16549.8 92.9235
16550.2 92.9231
16550.5 92.9227
16550.9 92.9223
16551.3 92.9219
16551.6 92.9215
16552 92.9211
16552.4 92.9206
16552.7 92.9203
16553.1 92.9199
16553.5 92.9195
16553.8 92.9196
16554.2 92.9192
16554.6 92.9189
16554.9 92.9186
16555.3 92.9182
16555.7 92.9178
16556 92.9175
16556.4 92.9171
16556.8 92.9168
16557.1 92.9164
16557.5 92.9161
16557.9 92.9157
16558.2 92.9154
16558.6 92.9151
16559 92.9148
16559.3 92.9145
16559.7 92.9142
16560.1 92.9143
16560.4 92.914
16560.8 92.9139
16561.2 92.9137
16561.5 92.9135
16561.9 92.9133
16562.3 92.9132
16562.6 92.913
16563 92.9129
16563.4 92.9128
16563.7 92.9127
16564.1 92.9126
16564.5 92.9126
16564.8 92.9126
16565.2 92.9126
16565.6 92.9126
16565.9 92.9126
16566.3 92.9127
16566.6 92.913
16567 92.9134
16567.4 92.9136
16567.7 92.9137
16568.1 92.9138
16568.5 92.914
16568.8 92.9142
16569.2 92.9144
16569.6 92.9147
16569.9 92.9149
16570.3 92.9152
16570.7 92.9154
16571 92.9157
16571.4 92.916
16571.8 92.9162
16572.1 92.9165
16572.5 92.9168
16572.9 92.9174
16573.2 92.9177
16573.6 92.9179
16574 92.9182
16574.3 92.9184
16574.7 92.9187
16575.1 92.9189
16575.4 92.9191
16575.8 92.9193
16576.2 92.9194
16576.5 92.9195
16576.9 92.9196
16577.3 92.9197
16577.6 92.9198
16578 92.9198
16578.4 92.9199
16578.7 92.9199
16579.1 92.92
16579.5 92.92
16579.8 92.9201
16580.2 92.92
16580.6 92.92
16580.9 92.9199
16581.3 92.9199
16581.7 92.9198
16582 92.9197
16582.4 92.9196
16582.8 92.9196
16583.1 92.9195
16583.5 92.9194
16583.9 92.9193
16584.2 92.9192
16584.6 92.9191
16585 92.9189
16585.3 92.919
16585.7 92.9189
16586.1 92.9187
16586.4 92.9189
16586.8 92.9188
16587.2 92.9187
16587.5 92.9185
16587.9 92.9184
16588.3 92.9183
16588.6 92.9181
16589 92.9179
16589.4 92.9178
16589.7 92.9176
16590.1 92.9174
16590.5 92.9173
16590.8 92.9171
16591.2 92.917
16591.6 92.917
16591.9 92.9169
16592.3 92.9168
16592.7 92.917
16593 92.9169
16593.4 92.9168
16593.7 92.9168
16594.1 92.9168
16594.5 92.9169
16594.8 92.917
16595.2 92.9172
16595.6 92.9175
16595.9 92.9178
16596.3 92.9182
16596.7 92.9187
16597 92.9192
16597.4 92.9199
16597.8 92.921
16598.1 92.9219
16598.5 92.923
16598.9 92.9241
16599.2 92.9243
16599.6 92.9254
16600 92.9265
16600.3 92.9274
16600.7 92.9282
16601.1 92.929
16601.4 92.9297
16601.8 92.9304
16602.2 92.9311
16602.5 92.9317
16602.9 92.9323
16603.3 92.9328
16603.6 92.9337
16604 92.9342
16604.4 92.9346
16604.7 92.9351
16605.1 92.9355
16605.5 92.9359
16605.8 92.9361
16606.2 92.9365
16606.6 92.9368
16606.9 92.9371
16607.3 92.9373
16607.7 92.9376
16608 92.9378
16608.4 92.938
16608.8 92.9382
16609.1 92.9384
16609.5 92.9385
16609.9 92.9386
16610.2 92.9388
16610.6 92.9389
16611 92.9391
16611.3 92.9393
16611.7 92.9395
16612.1 92.9397
16612.4 92.9397
16612.8 92.9399
16613.2 92.9402
16613.5 92.9405
16613.9 92.9408
16614.3 92.9412
16614.6 92.9416
16615 92.9419
16615.4 92.9424
16615.7 92.9428
16616.1 92.9434
16616.5 92.9439
16616.8 92.9444
16617.2 92.9449
16617.6 92.9454
16617.9 92.946
16618.3 92.9465
16618.7 92.9471
16619 92.9472
16619.4 92.9477
16619.8 92.9482
16620.1 92.9488
16620.5 92.9493
16620.8 92.9498
16621.2 92.9502
16621.6 92.9507
16621.9 92.9512
16622.3 92.9518
16622.7 92.9523
16623 92.9528
16623.4 92.9532
16623.8 92.9537
16624.1 92.9542
16624.5 92.9547
16624.9 92.9552
16625.2 92.9557
16625.6 92.9559
16626 92.9564
16626.3 92.9569
16626.7 92.9575
16627.1 92.958
16627.4 92.9585
16627.8 92.9591
16628.2 92.9596
16628.5 92.9604
16628.9 92.961
16629.3 92.9616
16629.6 92.9622
16630 92.9628
16630.4 92.9634
16630.7 92.9641
16631.1 92.9647
16631.5 92.9654
16631.8 92.9657
16632.2 92.9663
16632.6 92.967
16632.9 92.9678
16633.3 92.9685
16633.7 92.9693
16634 92.97
16634.4 92.9707
16634.8 92.9717
16635.1 92.9724
16635.5 92.9732
16635.9 92.9738
16636.2 92.9745
16636.6 92.9751
16637 92.9757
16637.3 92.9763
16637.7 92.9768
16638.1 92.9773
16638.4 92.9776
16638.8 92.978
16639.2 92.9785
16639.5 92.9789
16639.9 92.9792
16640.3 92.9796
16640.6 92.9801
16641 92.9805
16641.4 92.9808
16641.7 92.9811
16642.1 92.9814
16642.5 92.9817
16642.8 92.982
16643.2 92.9822
16643.6 92.9825
16643.9 92.9828
16644.3 92.9831
16644.7 92.9834
16645 92.9836
16645.4 92.9839
16645.8 92.9842
16646.1 92.9845
16646.5 92.9848
16646.8 92.9852
16647.2 92.9855
16647.6 92.9858
16647.9 92.9862
16648.3 92.9865
16648.7 92.9868
16649 92.9871
16649.4 92.9874
16649.8 92.9878
16650.1 92.9881
16650.5 92.9884
16650.9 92.9887
16651.2 92.989
16651.6 92.9891
16652 92.9894
16652.3 92.9897
16652.7 92.99
16653.1 92.9904
16653.4 92.9907
16653.8 92.991
16654.2 92.9913
16654.5 92.9915
16654.9 92.9918
16655.3 92.9921
16655.6 92.9923
16656 92.9926
16656.4 92.9929
16656.7 92.9932
16657.1 92.9935
16657.5 92.9938
16657.8 92.9941
16658.2 92.9943
16658.6 92.9946
16658.9 92.9949
16659.3 92.9954
16659.7 92.9957
16660 92.9961
16660.4 92.9964
16660.8 92.9968
16661.1 92.9971
16661.5 92.9975
16661.9 92.9979
16662.2 92.9983
16662.6 92.9987
16663 92.9991
16663.3 92.9995
16663.7 92.9999
16664.1 93.0003
16664.4 93.0004
16664.8 93.0007
16665.2 93.0011
16665.5 93.0015
16665.9 93.0018
16666.3 93.0021
16666.6 93.0023
16667 93.0026
16667.4 93.0028
16667.7 93.003
16668.1 93.0032
16668.5 93.0034
16668.8 93.0036
16669.2 93.0038
16669.6 93.004
16669.9 93.0041
16670.3 93.0043
16670.7 93.0045
16671 93.0047
16671.4 93.005
16671.8 93.0054
16672.1 93.0057
16672.5 93.0059
16672.8 93.0062
16673.2 93.0064
16673.6 93.0066
16673.9 93.0069
16674.3 93.0071
16674.7 93.0073
16675 93.0075
16675.4 93.0077
16675.8 93.0079
16676.1 93.0081
16676.5 93.0083
16676.9 93.0084
16677.2 93.0086
16677.6 93.0094
16678 93.0096
16678.3 93.0097
16678.7 93.0099
16679.1 93.01
16679.4 93.0102
16679.8 93.0104
16680.2 93.0105
16680.5 93.0107
16680.9 93.0109
16681.3 93.0111
16681.6 93.0113
16682 93.0115
16682.4 93.0118
16682.7 93.012
16683.1 93.0123
16683.5 93.0125
16683.8 93.0131
16684.2 93.0133
16684.6 93.0136
16684.9 93.0139
16685.3 93.0142
16685.7 93.0146
16686 93.0149
16686.4 93.0153
16686.8 93.0156
16687.1 93.016
16687.5 93.0163
16687.9 93.0166
16688.2 93.0169
16688.6 93.0172
16689 93.0174
16689.3 93.0176
16689.7 93.0178
16690.1 93.018
16690.4 93.0181
16690.8 93.0182
16691.2 93.0182
16691.5 93.0182
16691.9 93.0182
16692.3 93.0181
16692.6 93.018
16693 93.0179
16693.4 93.0178
16693.7 93.0176
16694.1 93.0174
16694.5 93.0172
16694.8 93.0169
16695.2 93.0166
16695.6 93.0163
16695.9 93.016
16696.3 93.0157
16696.7 93.0154
16697 93.0154
16697.4 93.0151
16697.8 93.0147
16698.1 93.0143
16698.5 93.0139
16698.9 93.0135
16699.2 93.0132
16699.6 93.0128
16699.9 93.0124
16700.3 93.0121
16700.7 93.0117
16701 93.0114
16701.4 93.0111
16701.8 93.0108
16702.1 93.0105
16702.5 93.0103
16702.9 93.0101
16703.2 93.0099
16703.6 93.0099
16704 93.0097
16704.3 93.0096
16704.7 93.0094
16705.1 93.0093
16705.4 93.0091
16705.8 93.009
16706.2 93.0088
16706.5 93.0087
16706.9 93.0086
16707.3 93.0085
16707.6 93.0084
16708 93.0083
16708.4 93.0083
16708.7 93.0081
16709.1 93.008
16709.5 93.0079
16709.8 93.0079
16710.2 93.008
16710.6 93.0079
16710.9 93.0079
16711.3 93.0078
16711.7 93.0078
16712 93.0077
16712.4 93.0077
16712.8 93.0076
16713.1 93.0075
16713.5 93.0075
16713.9 93.0074
16714.2 93.0073
16714.6 93.0075
16715 93.0073
16715.3 93.0072
16715.7 93.0071
16716.1 93.0069
16716.4 93.0067
16716.8 93.0069
16717.2 93.0067
16717.5 93.0064
16717.9 93.0062
16718.3 93.0059
16718.6 93.0056
16719 93.0053
16719.4 93.005
16719.7 93.0047
16720.1 93.0043
16720.5 93.004
16720.8 93.0036
16721.2 93.0032
16721.6 93.0028
16721.9 93.0024
16722.3 93.0019
16722.7 93.0015
16723 93.001
16723.4 93.001
16723.8 93.0005
16724.1 93.0001
16724.5 92.9997
16724.9 92.9993
16725.2 92.9989
16725.6 92.9985
16726 92.9981
16726.3 92.9977
16726.7 92.9974
16727 92.9971
16727.4 92.9968
16727.8 92.9965
16728.1 92.9962
16728.5 92.996
16728.9 92.9957
16729.2 92.9955
16729.6 92.9952
16730 92.9953
16730.3 92.995
16730.7 92.9948
16731.1 92.9945
16731.4 92.9942
16731.8 92.9939
16732.2 92.9936
16732.5 92.9933
16732.9 92.993
16733.3 92.9926
16733.6 92.9922
16734 92.9919
16734.4 92.9915
16734.7 92.9911
16735.1 92.9907
16735.5 92.9903
16735.8 92.9899
16736.2 92.9897
16736.6 92.9893
16736.9 92.9888
16737.3 92.9884
16737.7 92.988
16738 92.9875
16738.4 92.9871
16738.8 92.9866
16739.1 92.986
16739.5 92.9856
16739.9 92.9852
16740.2 92.9848
16740.6 92.9844
16741 92.984
16741.3 92.9837
16741.7 92.9833
16742.1 92.983
16742.4 92.9827
16742.8 92.9825
16743.2 92.9822
16743.5 92.9819
16743.9 92.9817
16744.3 92.9814
16744.6 92.9812
16745 92.981
16745.4 92.9807
16745.7 92.9806
16746.1 92.9805
16746.5 92.9804
16746.8 92.9803
16747.2 92.9803
16747.6 92.9803
16747.9 92.9803
16748.3 92.9803
16748.7 92.9803
16749 92.9804
16749.4 92.9804
16749.8 92.9805
16750.1 92.9806
16750.5 92.9807
16750.9 92.9809
16751.2 92.981
16751.6 92.9811
16752 92.9813
16752.3 92.9815
16752.7 92.9816
16753.1 92.9818
16753.4 92.9819
16753.8 92.9821
16754.1 92.9822
16754.5 92.9824
16754.9 92.9825
16755.2 92.9826
16755.6 92.9827
16756 92.9827
16756.3 92.9828
16756.7 92.9829
16757.1 92.983
16757.4 92.983
16757.8 92.9831
16758.2 92.9832
16758.5 92.9833
16758.9 92.9834
16759.3 92.9835
16759.6 92.9836
16760 92.9838
16760.4 92.9839
16760.7 92.984
16761.1 92.9842
16761.5 92.9843
16761.8 92.9845
16762.2 92.9847
16762.6 92.9848
16762.9 92.985
16763.3 92.9853
16763.7 92.9855
16764 92.986
16764.4 92.9863
16764.8 92.9866
16765.1 92.987
16765.5 92.9874
16765.9 92.9878
16766.2 92.9882
16766.6 92.9887
16767 92.9891
16767.3 92.9896
16767.7 92.99
16768.1 92.9905
16768.4 92.9909
16768.8 92.9912
16769.2 92.9917
16769.5 92.9921
16769.9 92.9928
16770.3 92.9932
16770.6 92.9937
16771 92.9941
16771.4 92.9945
16771.7 92.9949
16772.1 92.9953
16772.5 92.9957
16772.8 92.996
16773.2 92.9964
16773.6 92.9967
16773.9 92.9971
16774.3 92.9974
16774.7 92.9977
16775 92.998
16775.4 92.9982
16775.8 92.9984
16776.1 92.9988
16776.5 92.999
16776.9 92.9992
16777.2 92.9994
16777.6 92.9996
16778 92.9998
16778.3 93
16778.7 93.0002
16779.1 93.0003
16779.4 93.0005
16779.8 93.0006
16780.2 93.0008
16780.5 93.001
16780.9 93.0012
16781.2 93.0014
16781.6 93.0016
16782 93.0016
16782.3 93.0018
16782.7 93.002
16783.1 93.0023
16783.4 93.0026
16783.8 93.0029
16784.2 93.0032
16784.5 93.0036
16784.9 93.004
16785.3 93.0043
16785.6 93.0047
16786 93.0051
16786.4 93.0054
16786.7 93.0058
16787.1 93.0062
16787.5 93.0066
16787.8 93.007
16788.2 93.0074
16788.6 93.0077
16788.9 93.0081
16789.3 93.0086
16789.7 93.009
16790 93.0095
16790.4 93.0099
16790.8 93.0104
16791.1 93.0109
16791.5 93.0114
16791.9 93.012
16792.2 93.0125
16792.6 93.0131
16793 93.0137
16793.3 93.0144
16793.7 93.0151
16794.1 93.0157
16794.4 93.0164
16794.8 93.0173
16795.2 93.0174
16795.5 93.0181
16795.9 93.0188
16796.3 93.0194
16796.6 93.0201
16797 93.0207
16797.4 93.0213
16797.7 93.0219
16798.1 93.0224
16798.5 93.0229
16798.8 93.0233
16799.2 93.0237
16799.6 93.024
16799.9 93.0244
16800.3 93.0246
16800.7 93.0248
16801 93.025
16801.4 93.0252
16801.8 93.0252
16802.1 93.0253
16802.5 93.0254
16802.9 93.0255
16803.2 93.0255
16803.6 93.0256
16804 93.0257
16804.3 93.0257
16804.7 93.0258
16805.1 93.0259
16805.4 93.026
16805.8 93.0261
16806.2 93.0263
16806.5 93.0264
16806.9 93.0266
16807.3 93.0269
16807.6 93.0272
16808 93.0272
16808.3 93.0276
16808.7 93.0279
16809.1 93.0283
16809.4 93.0287
16809.8 93.0292
16810.2 93.0296
16810.5 93.0301
16810.9 93.0306
16811.3 93.031
16811.6 93.0315
16812 93.032
16812.4 93.0325
16812.7 93.033
16813.1 93.0337
16813.5 93.0342
16813.8 93.0347
16814.2 93.0353
16814.6 93.0354
16814.9 93.036
16815.3 93.0366
16815.7 93.0371
16816 93.0377
16816.4 93.0383
16816.8 93.0389
16817.1 93.0395
16817.5 93.0401
16817.9 93.0406
16818.2 93.0412
16818.6 93.0417
16819 93.0423
16819.3 93.043
16819.7 93.0435
16820.1 93.044
16820.4 93.0445
16820.8 93.0449
16821.2 93.0451
16821.5 93.0455
16821.9 93.0459
16822.3 93.0463
16822.6 93.0466
16823 93.047
16823.4 93.0473
16823.7 93.0476
16824.1 93.0479
16824.5 93.0482
16824.8 93.0484
16825.2 93.0487
16825.6 93.049
16825.9 93.0492
16826.3 93.0495
16826.7 93.0497
16827 93.0499
16827.4 93.0501
16827.8 93.0502
16828.1 93.0504
16828.5 93.0506
16828.9 93.0509
16829.2 93.0511
16829.6 93.0513
16830 93.0516
16830.3 93.0519
16830.7 93.0522
16831.1 93.0525
16831.4 93.0528
16831.8 93.0533
16832.2 93.0537
16832.5 93.0541
16832.9 93.0545
16833.3 93.055
16833.6 93.0555
16834 93.056
16834.3 93.0561
16834.7 93.0567
16835.1 93.0573
16835.4 93.0579
16835.8 93.0586
16836.2 93.0593
16836.5 93.0601
16836.9 93.0608
16837.3 93.0615
16837.6 93.0623
16838 93.0631
16838.4 93.0638
16838.7 93.0645
16839.1 93.0651
16839.5 93.0657
16839.8 93.0663
16840.2 93.0669
16840.6 93.067
16840.9 93.0675
16841.3 93.068
16841.7 93.0686
16842 93.069
16842.4 93.0695
16842.8 93.0699
16843.1 93.0703
16843.5 93.0707
16843.9 93.0711
16844.2 93.0714
16844.6 93.0717
16845 93.072
16845.3 93.0722
16845.7 93.0724
16846.1 93.0726
16846.4 93.0727
16846.8 93.0728
16847.2 93.0727
16847.5 93.0728
16847.9 93.0728
16848.3 93.0728
16848.6 93.0728
16849 93.0728
16849.4 93.0727
16849.7 93.0727
16850.1 93.0724
16850.5 93.0723
16850.8 93.0723
16851.2 93.0722
16851.6 93.0721
16851.9 93.0721
16852.3 93.072
16852.7 93.072
16853 93.072
16853.4 93.0721
16853.8 93.0719
16854.1 93.072
16854.5 93.0721
16854.9 93.0723
16855.2 93.0726
16855.6 93.0729
16856 93.0732
16856.3 93.0735
16856.7 93.074
16857.1 93.0745
16857.4 93.075
16857.8 93.0755
16858.2 93.076
16858.5 93.0765
16858.9 93.0771
16859.3 93.0775
16859.6 93.078
16860 93.0784
16860.3 93.0785
16860.7 93.0789
16861.1 93.0793
16861.4 93.0797
16861.8 93.08
16862.2 93.0803
16862.5 93.0807
16862.9 93.081
16863.3 93.0812
16863.6 93.0814
16864 93.0816
16864.4 93.0818
16864.7 93.0819
16865.1 93.082
16865.5 93.0821
16865.8 93.0822
16866.2 93.0822
16866.6 93.0823
16866.9 93.0823
16867.3 93.0823
16867.7 93.0823
16868 93.0822
16868.4 93.0822
16868.8 93.0822
16869.1 93.0821
16869.5 93.0821
16869.9 93.0821
16870.2 93.0821
16870.6 93.0821
16871 93.0821
16871.3 93.0821
16871.7 93.0821
16872.1 93.0822
16872.4 93.0822
16872.8 93.0823
16873.2 93.0823
16873.5 93.0822
16873.9 93.0822
16874.3 93.0823
16874.6 93.0822
16875 93.0823
16875.4 93.0824
16875.7 93.0825
16876.1 93.0827
16876.5 93.0829
16876.8 93.0831
16877.2 93.0833
16877.6 93.0835
16877.9 93.0838
16878.3 93.0841
16878.7 93.0843
16879 93.0847
16879.4 93.085
16879.8 93.0848
16880.1 93.0852
16880.5 93.0855
16880.9 93.0857
16881.2 93.086
16881.6 93.0864
16882 93.0867
16882.3 93.0871
16882.7 93.0875
16883.1 93.0878
16883.4 93.0882
16883.8 93.0886
16884.2 93.0891
16884.5 93.0895
16884.9 93.0899
16885.3 93.0904
16885.6 93.0909
16886 93.0914
16886.4 93.0914
16886.7 93.0919
16887.1 93.0925
16887.4 93.0931
16887.8 93.0937
16888.2 93.0943
16888.5 93.0949
16888.9 93.0956
16889.3 93.0962
16889.6 93.0968
16890 93.0975
16890.4 93.0981
16890.7 93.0987
16891.1 93.0993
16891.5 93.0999
16891.8 93.1004
16892.2 93.101
16892.6 93.1015
16892.9 93.1016
16893.3 93.1021
16893.7 93.1026
16894 93.1031
16894.4 93.1036
16894.8 93.1041
16895.1 93.1046
16895.5 93.1051
16895.9 93.1056
16896.2 93.1061
16896.6 93.1066
16897 93.1072
16897.3 93.1077
16897.7 93.1083
16898.1 93.1089
16898.4 93.1096
16898.8 93.1102
16899.2 93.1109
16899.5 93.1113
16899.9 93.112
16900.3 93.1128
16900.6 93.1136
16901 93.1144
16901.4 93.1152
16901.7 93.116
16902.1 93.1168
16902.5 93.1176
16902.8 93.1184
16903.2 93.1191
16903.6 93.1199
16903.9 93.1206
16904.3 93.1213
16904.7 93.1221
16905 93.1227
16905.4 93.1236
16905.8 93.1242
16906.1 93.1244
16906.5 93.125
16906.9 93.1256
16907.2 93.1262
16907.6 93.1268
16908 93.1274
16908.3 93.128
16908.7 93.1286
16909.1 93.1292
16909.4 93.1299
16909.8 93.1305
16910.2 93.1312
16910.5 93.1319
16910.9 93.1326
16911.3 93.1333
16911.6 93.1341
16912 93.1348
16912.4 93.135
16912.7 93.1357
16913.1 93.1365
16913.5 93.1373
16913.8 93.1381
16914.2 93.1388
16914.5 93.1396
16914.9 93.1404
16915.3 93.1412
16915.6 93.142
16916 93.1427
16916.4 93.1435
16916.7 93.1442
16917.1 93.1449
16917.5 93.1457
16917.8 93.1466
16918.2 93.1474
16918.6 93.1481
16918.9 93.1484
16919.3 93.1491
16919.7 93.1498
16920 93.1505
16920.4 93.1512
16920.8 93.1519
16921.1 93.1526
16921.5 93.1534
16921.9 93.1541
16922.2 93.1549
16922.6 93.1556
16923 93.1563
16923.3 93.1571
16923.7 93.1579
16924.1 93.1589
16924.4 93.1597
16924.8 93.1605
16925.2 93.1613
16925.5 93.1615
16925.9 93.1624
16926.3 93.1633
16926.6 93.1642
16927 93.1651
16927.4 93.166
16927.7 93.167
16928.1 93.168
16928.5 93.169
16928.8 93.17
16929.2 93.1711
16929.6 93.1722
16929.9 93.1733
16930.3 93.1746
16930.7 93.1758
16931 93.1769
16931.4 93.1782
16931.8 93.1794
16932.1 93.1797
16932.5 93.1811
16932.9 93.1825
16933.2 93.1839
16933.6 93.1855
16934 93.1871
16934.3 93.1888
16934.7 93.1907
16935.1 93.1929
16935.4 93.1951
16935.8 93.1972
16936.2 93.1992
16936.5 93.2013
16936.9 93.203
16937.3 93.2046
16937.6 93.2061
16938 93.2076
16938.4 93.2089
16938.7 93.2093
16939.1 93.2106
16939.5 93.2119
16939.8 93.2132
16940.2 93.2144
16940.6 93.2155
16940.9 93.2167
16941.3 93.2178
16941.6 93.2189
16942 93.22
16942.4 93.2214
16942.7 93.2224
16943.1 93.2235
16943.5 93.2245
16943.8 93.2255
16944.2 93.2265
16944.6 93.2275
16944.9 93.2285
16945.3 93.2288
16945.7 93.2298
16946 93.2308
16946.4 93.2317
16946.8 93.2327
16947.1 93.2337
16947.5 93.2346
16947.9 93.2355
16948.2 93.2365
16948.6 93.2377
16949 93.2386
16949.3 93.2395
16949.7 93.2403
16950.1 93.2411
16950.4 93.242
16950.8 93.2427
16951.2 93.2435
16951.5 93.2439
16951.9 93.2446
16952.3 93.2453
16952.6 93.246
16953 93.2467
16953.4 93.2473
16953.7 93.2479
16954.1 93.2485
16954.5 93.2491
16954.8 93.2501
16955.2 93.2506
16955.6 93.2512
16955.9 93.2517
16956.3 93.2522
16956.7 93.2527
16957 93.2532
16957.4 93.2537
16957.8 93.2542
16958.1 93.2545
16958.5 93.255
16958.9 93.2555
16959.2 93.256
16959.6 93.2565
16960 93.257
16960.3 93.2575
16960.7 93.2581
16961.1 93.2589
16961.4 93.2595
16961.8 93.26
16962.2 93.2606
16962.5 93.2612
16962.9 93.2618
16963.3 93.2625
16963.6 93.2631
16964 93.2637
16964.4 93.2643
16964.7 93.2644
16965.1 93.265
16965.5 93.2655
16965.8 93.2661
16966.2 93.2666
16966.6 93.2671
16966.9 93.2676
16967.3 93.268
16967.7 93.2685
16968 93.2689
16968.4 93.2693
16968.7 93.2697
16969.1 93.2701
16969.5 93.2704
16969.8 93.2709
16970.2 93.2713
16970.6 93.2717
16970.9 93.2722
16971.3 93.2722
16971.7 93.2727
16972 93.2732
16972.4 93.2737
16972.8 93.2743
16973.1 93.275
16973.5 93.2757
16973.9 93.2764
16974.2 93.2771
16974.6 93.2778
16975 93.2785
16975.3 93.2793
16975.7 93.28
16976.1 93.2808
16976.4 93.2815
16976.8 93.2822
16977.2 93.283
16977.5 93.2837
16977.9 93.284
16978.3 93.2847
16978.6 93.2854
16979 93.2861
16979.4 93.2871
16979.7 93.2878
16980.1 93.2884
16980.5 93.289
16980.8 93.2896
16981.2 93.2902
16981.6 93.2907
16981.9 93.2912
16982.3 93.2917
16982.7 93.2922
16983 93.2927
16983.4 93.2931
16983.8 93.2935
16984.1 93.2939
16984.5 93.2943
16984.9 93.2947
16985.2 93.295
16985.6 93.2957
16986 93.296
16986.3 93.2962
16986.7 93.2965
16987.1 93.2968
16987.4 93.297
16987.8 93.2972
16988.2 93.2974
16988.5 93.2976
16988.9 93.2978
16989.3 93.298
16989.6 93.2981
16990 93.2983
16990.4 93.2984
16990.7 93.2986
16991.1 93.2987
16991.5 93.2988
16991.8 93.299
16992.2 93.2992
16992.6 93.2993
16992.9 93.2994
16993.3 93.2995
16993.7 93.2995
16994 93.2996
16994.4 93.2997
16994.8 93.2998
16995.1 93.2998
16995.5 93.2999
16995.8 93.3
16996.2 93.3
16996.6 93.3001
16996.9 93.3001
16997.3 93.3003
16997.7 93.3004
16998 93.3006
16998.4 93.3007
16998.8 93.3008
16999.1 93.3009
16999.5 93.3011
16999.9 93.3013
17000.2 93.3014
17000.6 93.3016
17001 93.3018
17001.3 93.302
17001.7 93.3022
17002.1 93.3024
17002.4 93.3027
17002.8 93.3029
17003.2 93.3031
17003.5 93.3033
17003.9 93.3036
17004.3 93.304
17004.6 93.3042
17005 93.3044
17005.4 93.3046
17005.7 93.3048
17006.1 93.305
17006.5 93.3051
17006.8 93.3053
17007.2 93.3055
17007.6 93.3057
17007.9 93.3058
17008.3 93.306
17008.7 93.3061
17009 93.3063
17009.4 93.3064
17009.8 93.3066
17010.1 93.3068
17010.5 93.3069
17010.9 93.3071
17011.2 93.3072
17011.6 93.3074
17012 93.3075
17012.3 93.3077
17012.7 93.3079
17013.1 93.308
17013.4 93.3082
17013.8 93.3084
17014.2 93.3085
17014.5 93.3087
17014.9 93.309
17015.3 93.3092
17015.6 93.3094
17016 93.3097
17016.4 93.3102
17016.7 93.3105
17017.1 93.3107
17017.5 93.3111
17017.8 93.3114
17018.2 93.3119
17018.6 93.3123
17018.9 93.3128
17019.3 93.3134
17019.7 93.314
17020 93.3146
17020.4 93.3153
17020.8 93.316
17021.1 93.3167
17021.5 93.3175
17021.8 93.3183
17022.2 93.3192
17022.6 93.3204
17022.9 93.3213
17023.3 93.3216
17023.7 93.3225
17024 93.3235
17024.4 93.3245
17024.8 93.3255
17025.1 93.3265
17025.5 93.3274
17025.9 93.3284
17026.2 93.3293
17026.6 93.3302
17027 93.3311
17027.3 93.332
17027.7 93.3328
17028.1 93.3335
17028.4 93.3343
17028.8 93.3353
17029.2 93.3359
17029.5 93.3366
17029.9 93.3368
17030.3 93.3374
17030.6 93.338
17031 93.3385
17031.4 93.339
17031.7 93.3395
17032.1 93.3399
17032.5 93.3403
17032.8 93.3407
17033.2 93.341
17033.6 93.3413
17033.9 93.3416
17034.3 93.3419
17034.7 93.3422
17035 93.3425
17035.4 93.3428
17035.8 93.343
17036.1 93.3433
17036.5 93.3434
17036.9 93.3436
17037.2 93.3439
17037.6 93.3442
17038 93.3445
17038.3 93.3448
17038.7 93.3452
17039.1 93.3456
17039.4 93.3459
17039.8 93.3464
17040.2 93.3468
17040.5 93.3472
17040.9 93.3478
17041.3 93.3483
17041.6 93.3489
17042 93.3494
17042.4 93.35
17042.7 93.3506
17043.1 93.3507
17043.5 93.3514
17043.8 93.352
17044.2 93.3526
17044.6 93.3533
17044.9 93.3539
17045.3 93.3545
17045.7 93.3551
17046 93.3558
17046.4 93.3564
17046.8 93.357
17047.1 93.3577
17047.5 93.3584
17047.8 93.3589
17048.2 93.3595
17048.6 93.3601
17048.9 93.3606
17049.3 93.3611
17049.7 93.3613
17050 93.3618
17050.4 93.3623
17050.8 93.3627
17051.1 93.3632
17051.5 93.3636
17051.9 93.364
17052.2 93.3644
17052.6 93.3647
17053 93.3651
17053.3 93.3655
17053.7 93.3658
17054.1 93.3661
17054.4 93.3664
17054.8 93.3667
17055.2 93.367
17055.5 93.3673
17055.9 93.3674
17056.3 93.3677
17056.6 93.3681
17057 93.3684
17057.4 93.3687
17057.7 93.369
17058.1 93.3694
17058.5 93.3698
17058.8 93.3701
17059.2 93.3705
17059.6 93.3711
17059.9 93.3715
17060.3 93.372
17060.7 93.3724
17061 93.3729
17061.4 93.3734
17061.8 93.3739
17062.1 93.3745
17062.5 93.3747
17062.9 93.3753
17063.2 93.3759
17063.6 93.3765
17064 93.3771
17064.3 93.3778
17064.7 93.3784
17065.1 93.3791
17065.4 93.3798
17065.8 93.3807
17066.2 93.3813
17066.5 93.3819
17066.9 93.3826
17067.3 93.3831
17067.6 93.3837
17068 93.3843
17068.4 93.3848
17068.7 93.3853
17069.1 93.3855
17069.5 93.386
17069.8 93.3864
17070.2 93.3869
17070.6 93.3873
17070.9 93.3877
17071.3 93.388
17071.7 93.3884
17072 93.3889
17072.4 93.3892
17072.8 93.3894
17073.1 93.3897
17073.5 93.3899
17073.9 93.3901
17074.2 93.3903
17074.6 93.3904
17074.9 93.3905
17075.3 93.3905
17075.7 93.3906
17076 93.3906
17076.4 93.3907
17076.8 93.3907
17077.1 93.3907
17077.5 93.3906
17077.9 93.3906
17078.2 93.3906
17078.6 93.3905
17079 93.3905
17079.3 93.3904
17079.7 93.3904
17080.1 93.3904
17080.4 93.3903
17080.8 93.3903
17081.2 93.3903
17081.5 93.3902
17081.9 93.3902
17082.3 93.3903
17082.6 93.3903
17083 93.3903
17083.4 93.3903
17083.7 93.3903
17084.1 93.3905
17084.5 93.3905
17084.8 93.3905
17085.2 93.3906
17085.6 93.3906
17085.9 93.3906
17086.3 93.3907
17086.7 93.3908
17087 93.3908
17087.4 93.3909
17087.8 93.391
17088.1 93.3911
17088.5 93.3911
17088.9 93.3913
17089.2 93.3913
17089.6 93.3914
17090 93.3914
17090.3 93.3915
17090.7 93.3916
17091.1 93.3916
17091.4 93.3916
17091.8 93.3916
17092.2 93.3916
17092.5 93.3915
17092.9 93.3915
17093.3 93.3915
17093.6 93.3915
17094 93.3915
17094.4 93.3915
17094.7 93.3915
17095.1 93.3916
17095.5 93.3916
17095.8 93.3916
17096.2 93.3917
17096.6 93.3919
17096.9 93.392
17097.3 93.3921
17097.7 93.3922
17098 93.3923
17098.4 93.3925
17098.8 93.3926
17099.1 93.3928
17099.5 93.3929
17099.9 93.3931
17100.2 93.3933
17100.6 93.3934
17101 93.3936
17101.3 93.3938
17101.7 93.3941
17102 93.3942
17102.4 93.3944
17102.8 93.3948
17103.1 93.395
17103.5 93.3952
17103.9 93.3953
17104.2 93.3955
17104.6 93.3957
17105 93.3959
17105.3 93.3961
17105.7 93.3963
17106.1 93.3966
17106.4 93.3968
17106.8 93.3971
17107.2 93.3974
17107.5 93.3977
17107.9 93.398
17108.3 93.3983
17108.6 93.399
17109 93.3993
17109.4 93.3997
17109.7 93.4
17110.1 93.4004
17110.5 93.4008
17110.8 93.4012
17111.2 93.4016
17111.6 93.402
17111.9 93.4024
17112.3 93.4028
17112.7 93.4032
17113 93.4037
17113.4 93.4041
17113.8 93.4045
17114.1 93.4049
17114.5 93.4053
17114.9 93.4059
17115.2 93.4063
17115.6 93.4067
17116 93.407
17116.3 93.4073
17116.7 93.4076
17117.1 93.4079
17117.4 93.4082
17117.8 93.4085
17118.2 93.4087
17118.5 93.409
17118.9 93.4092
17119.3 93.4094
17119.6 93.4096
17120 93.4098
17120.4 93.41
17120.7 93.4102
17121.1 93.4106
17121.5 93.4107
17121.8 93.4109
17122.2 93.4112
17122.6 93.4114
17122.9 93.4116
17123.3 93.4118
17123.7 93.4121
17124 93.4123
17124.4 93.4126
17124.8 93.4128
17125.1 93.4131
17125.5 93.4133
17125.9 93.4136
17126.2 93.4139
17126.6 93.4142
17127 93.4145
17127.3 93.415
17127.7 93.4151
17128.1 93.4154
17128.4 93.4157
17128.8 93.4159
17129.1 93.4162
17129.5 93.4164
17129.9 93.4166
17130.2 93.4168
17130.6 93.417
17131 93.4171
17131.3 93.4172
17131.7 93.4173
17132.1 93.4173
17132.4 93.4174
17132.8 93.4174
17133.2 93.4173
17133.5 93.4173
17133.9 93.4172
17134.3 93.4173
17134.6 93.4172
17135 93.4171
17135.4 93.417
17135.7 93.4169
17136.1 93.4168
17136.5 93.4167
17136.8 93.4165
17137.2 93.4165
17137.6 93.4164
17137.9 93.4163
17138.3 93.4162
17138.7 93.4161
17139 93.4161
17139.4 93.416
17139.8 93.4161
17140.1 93.4161
17140.5 93.4161
17140.9 93.4161
17141.2 93.4162
17141.6 93.4162
17142 93.4163
17142.3 93.4164
17142.7 93.4165
17143.1 93.4166
17143.4 93.4167
17143.8 93.4169
17144.2 93.417
17144.5 93.4172
17144.9 93.4173
17145.3 93.4175
17145.6 93.4178
17146 93.418
17146.4 93.4182
17146.7 93.4184
17147.1 93.4187
17147.5 93.4188
17147.8 93.419
17148.2 93.4192
17148.6 93.4194
17148.9 93.4196
17149.3 93.4198
17149.7 93.42
17150 93.4201
17150.4 93.4203
17150.8 93.4205
17151.1 93.4206
17151.5 93.4208
17151.9 93.421
17152.2 93.4212
17152.6 93.4213
17153 93.4215
17153.3 93.4217
17153.7 93.4219
17154.1 93.4219
17154.4 93.4221
17154.8 93.4223
17155.2 93.4226
17155.5 93.4228
17155.9 93.4231
17156.2 93.4233
17156.6 93.4236
17157 93.4239
17157.3 93.4241
17157.7 93.4244
17158.1 93.4248
17158.4 93.4251
17158.8 93.4254
17159.2 93.4256
17159.5 93.4259
17159.9 93.4261
17160.3 93.4263
17160.6 93.4264
17161 93.4266
17161.4 93.4268
17161.7 93.427
17162.1 93.4271
17162.5 93.4273
17162.8 93.4274
17163.2 93.4275
17163.6 93.4276
17163.9 93.4277
17164.3 93.4279
17164.7 93.428
17165 93.4281
17165.4 93.4281
17165.8 93.4282
17166.1 93.4283
17166.5 93.4283
17166.9 93.4284
17167.2 93.4285
17167.6 93.4285
17168 93.4285
17168.3 93.4285
17168.7 93.4285
17169.1 93.4285
17169.4 93.4285
17169.8 93.4285
17170.2 93.4284
17170.5 93.4284
17170.9 93.4284
17171.3 93.4283
17171.6 93.4283
17172 93.4282
17172.4 93.4281
17172.7 93.4281
17173.1 93.428
17173.5 93.4281
17173.8 93.428
17174.2 93.428
17174.6 93.428
17174.9 93.4279
17175.3 93.4279
17175.7 93.4279
17176 93.4279
17176.4 93.4281
17176.8 93.4282
17177.1 93.4282
17177.5 93.4283
17177.9 93.4284
17178.2 93.4285
17178.6 93.4286
17179 93.4287
17179.3 93.4288
17179.7 93.4289
17180.1 93.429
17180.4 93.4292
17180.8 93.4293
17181.2 93.4294
17181.5 93.4295
17181.9 93.4296
17182.3 93.4297
17182.6 93.4299
17183 93.43
17183.3 93.4301
17183.7 93.4301
17184.1 93.4302
17184.4 93.4302
17184.8 93.4302
17185.2 93.4302
17185.5 93.4302
17185.9 93.4302
17186.3 93.4302
17186.6 93.4304
17187 93.4304
17187.4 93.4303
17187.7 93.4303
17188.1 93.4302
17188.5 93.4301
17188.8 93.4302
17189.2 93.4301
17189.6 93.4299
17189.9 93.4298
17190.3 93.4297
17190.7 93.4295
17191 93.4293
17191.4 93.4292
17191.8 93.429
17192.1 93.4288
17192.5 93.4286
17192.9 93.4283
17193.2 93.4284
17193.6 93.4282
17194 93.4279
17194.3 93.4277
17194.7 93.4274
17195.1 93.4272
17195.4 93.4269
17195.8 93.4267
17196.2 93.4265
17196.5 93.4262
17196.9 93.426
17197.3 93.4258
17197.6 93.4257
17198 93.4255
17198.4 93.4254
17198.7 93.4253
17199.1 93.4252
17199.5 93.4252
17199.8 93.4252
17200.2 93.4252
17200.6 93.4252
17200.9 93.4252
17201.3 93.4253
17201.7 93.4253
17202 93.4254
17202.4 93.4254
17202.8 93.4255
17203.1 93.4255
17203.5 93.4255
17203.9 93.4256
17204.2 93.4256
17204.6 93.4255
17205 93.4255
17205.3 93.4255
17205.7 93.4254
17206.1 93.4255
17206.4 93.4254
17206.8 93.4252
17207.2 93.4251
17207.5 93.4249
17207.9 93.4248
17208.3 93.4246
17208.6 93.4243
17209 93.4241
17209.3 93.4239
17209.7 93.4236
17210.1 93.4233
17210.4 93.4231
17210.8 93.4228
17211.2 93.4225
17211.5 93.4222
17211.9 93.4219
17212.3 93.4216
17212.6 93.4217
17213 93.4214
17213.4 93.4212
17213.7 93.4209
17214.1 93.4207
17214.5 93.4204
17214.8 93.4202
17215.2 93.4199
17215.6 93.4197
17215.9 93.4195
17216.3 93.4193
17216.7 93.4191
17217 93.4189
17217.4 93.4187
17217.8 93.4185
17218.1 93.4183
17218.5 93.4182
17218.9 93.418
17219.2 93.4181
17219.6 93.4181
17220 93.418
17220.3 93.4178
17220.7 93.4177
17221.1 93.4176
17221.4 93.4175
17221.8 93.4174
17222.2 93.4173
17222.5 93.4172
17222.9 93.4172
17223.3 93.4171
17223.6 93.417
17224 93.417
17224.4 93.4169
17224.7 93.4169
17225.1 93.4169
17225.5 93.4169
17225.8 93.4173
17226.2 93.4173
17226.6 93.4173
17226.9 93.4173
17227.3 93.4173
17227.7 93.4173
17228 93.4174
17228.4 93.4174
17228.8 93.4175
17229.1 93.4176
17229.5 93.4176
17229.9 93.4177
17230.2 93.4178
17230.6 93.4179
17231 93.418
17231.3 93.4182
17231.7 93.4183
17232.1 93.4186
17232.4 93.4188
17232.8 93.4189
17233.2 93.419
17233.5 93.4191
17233.9 93.4192
17234.3 93.4193
17234.6 93.4194
17235 93.4195
17235.3 93.4195
17235.7 93.4196
17236.1 93.4197
17236.4 93.4197
17236.8 93.4198
17237.2 93.4198
17237.5 93.4199
17237.9 93.4199
17238.3 93.4201
17238.6 93.4202
17239 93.4203
17239.4 93.4203
17239.7 93.4203
17240.1 93.4204
17240.5 93.4204
17240.8 93.4204
17241.2 93.4204
17241.6 93.4204
17241.9 93.4204
17242.3 93.4204
17242.7 93.4204
17243 93.4203
17243.4 93.4203
17243.8 93.4203
17244.1 93.4203
17244.5 93.4203
17244.9 93.4202
17245.2 93.4203
17245.6 93.4203
17246 93.4202
17246.3 93.4202
17246.7 93.4202
17247.1 93.4201
17247.4 93.4201
17247.8 93.4201
17248.2 93.4201
17248.5 93.4201
17248.9 93.4202
17249.3 93.4202
17249.6 93.4203
17250 93.4204
17250.4 93.4207
17250.7 93.4208
17251.1 93.4209
17251.5 93.4211
17251.8 93.4213
17252.2 93.4215
17252.6 93.4217
17252.9 93.4219
17253.3 93.4221
17253.7 93.4224
17254 93.4226
17254.4 93.4229
17254.8 93.4232
17255.1 93.4235
17255.5 93.4238
17255.9 93.4241
17256.2 93.4244
17256.6 93.4249
17257 93.4252
17257.3 93.4255
17257.7 93.4258
17258.1 93.4262
17258.4 93.4263
17258.8 93.4266
17259.2 93.4269
17259.5 93.4272
17259.9 93.4274
17260.3 93.4277
17260.6 93.4279
17261 93.4281
17261.4 93.4283
17261.7 93.4285
17262.1 93.4286
17262.4 93.4288
17262.8 93.429
17263.2 93.4292
17263.5 93.4293
17263.9 93.4294
17264.3 93.4295
17264.6 93.4296
17265 93.4297
17265.4 93.4298
17265.7 93.4299
17266.1 93.43
17266.5 93.43
17266.8 93.4301
17267.2 93.4302
17267.6 93.4303
17267.9 93.4304
17268.3 93.4305
17268.7 93.4306
17269 93.4308
17269.4 93.4309
17269.8 93.4311
17270.1 93.4312
17270.5 93.4313
17270.9 93.4315
17271.2 93.4316
17271.6 93.4318
17272 93.432
17272.3 93.4321
17272.7 93.4323
17273.1 93.4325
17273.4 93.4327
17273.8 93.433
17274.2 93.4332
17274.5 93.4335
17274.9 93.4337
17275.3 93.4342
17275.6 93.4345
17276 93.4348
17276.4 93.4352
17276.7 93.4356
17277.1 93.4361
17277.5 93.4365
17277.8 93.4366
17278.2 93.4371
17278.6 93.4376
17278.9 93.4381
17279.3 93.4386
17279.7 93.4392
17280 93.4397
17280.4 93.4403
17280.8 93.4408
17281.1 93.4414
17281.5 93.4419
17281.9 93.4424
17282.2 93.4429
17282.6 93.4433
17283 93.4438
17283.3 93.4442
17283.7 93.4446
17284.1 93.445
17284.4 93.4451
17284.8 93.4455
17285.2 93.4459
17285.5 93.4463
17285.9 93.4467
17286.3 93.4471
17286.6 93.4474
17287 93.4478
17287.4 93.4482
17287.7 93.4486
17288.1 93.4489
17288.5 93.4492
17288.8 93.4496
17289.2 93.4499
17289.5 93.4502
17289.9 93.4505
17290.3 93.4508
17290.6 93.4511
17291 93.4513
17291.4 93.4516
17291.7 93.4519
17292.1 93.4522
17292.5 93.4525
17292.8 93.4527
17293.2 93.453
17293.6 93.4534
17293.9 93.4537
17294.3 93.454
17294.7 93.4542
17295 93.4545
17295.4 93.4547
17295.8 93.455
17296.1 93.4553
17296.5 93.4555
17296.9 93.4558
17297.2 93.456
17297.6 93.4561
17298 93.4564
17298.3 93.4567
17298.7 93.4569
17299.1 93.4572
17299.4 93.4575
17299.8 93.4579
17300.2 93.4583
17300.5 93.4586
17300.9 93.4589
17301.3 93.4593
17301.6 93.4596
17302 93.46
17302.4 93.4604
17302.7 93.4607
17303.1 93.4611
17303.5 93.4614
17303.8 93.4618
17304.2 93.462
17304.6 93.4624
17304.9 93.4627
17305.3 93.4631
17305.7 93.4634
17306 93.464
17306.4 93.4644
17306.8 93.4647
17307.1 93.4651
17307.5 93.4655
17307.9 93.4658
17308.2 93.4662
17308.6 93.4666
17309 93.4669
17309.3 93.4673
17309.7 93.4677
17310.1 93.468
17310.4 93.4682
17310.8 93.4686
17311.2 93.469
17311.5 93.4693
17311.9 93.4699
17312.3 93.4703
17312.6 93.4707
17313 93.471
17313.4 93.4714
17313.7 93.4718
17314.1 93.4722
17314.5 93.4725
17314.8 93.4728
17315.2 93.4732
17315.6 93.4735
17315.9 93.4739
17316.3 93.4742
17316.6 93.4745
17317 93.4746
17317.4 93.4749
17317.7 93.4752
17318.1 93.4755
17318.5 93.4758
17318.8 93.476
17319.2 93.4763
17319.6 93.4765
17319.9 93.4767
17320.3 93.4769
17320.7 93.4771
17321 93.4773
17321.4 93.4775
17321.8 93.4778
17322.1 93.478
17322.5 93.4782
17322.9 93.4784
17323.2 93.4787
17323.6 93.4788
17324 93.4791
17324.3 93.4795
17324.7 93.4798
17325.1 93.4801
17325.4 93.4804
17325.8 93.4807
17326.2 93.481
17326.5 93.4814
17326.9 93.4817
17327.3 93.4821
17327.6 93.4825
17328 93.4829
17328.4 93.4833
17328.7 93.4837
17329.1 93.4841
17329.5 93.4845
17329.8 93.4849
17330.2 93.4852
17330.6 93.4858
17330.9 93.4863
17331.3 93.4867
17331.7 93.4872
17332 93.4877
17332.4 93.4882
17332.8 93.4887
17333.1 93.4893
17333.5 93.4898
17333.9 93.4903
17334.2 93.4909
17334.6 93.4914
17335 93.492
17335.3 93.4925
17335.7 93.4931
17336.1 93.4936
17336.4 93.4942
17336.8 93.4945
17337.2 93.495
17337.5 93.4956
17337.9 93.4961
17338.3 93.4966
17338.6 93.4971
17339 93.4976
17339.4 93.4981
17339.7 93.4986
17340.1 93.4991
17340.5 93.4997
17340.8 93.5002
17341.2 93.5007
17341.6 93.5012
17341.9 93.5018
17342.3 93.5023
17342.7 93.5029
17343 93.5032
17343.4 93.5038
17343.7 93.5044
17344.1 93.505
17344.5 93.5056
17344.8 93.5063
17345.2 93.5069
17345.6 93.5076
17345.9 93.5082
17346.3 93.5089
17346.7 93.5096
17347 93.5103
17347.4 93.5109
17347.8 93.5116
17348.1 93.5123
17348.5 93.513
17348.9 93.5139
17349.2 93.5146
17349.6 93.5148
17350 93.5155
17350.3 93.5162
17350.7 93.5168
17351.1 93.5175
17351.4 93.5181
17351.8 93.5187
17352.2 93.5193
17352.5 93.52
17352.9 93.5205
17353.3 93.5211
17353.6 93.5217
17354 93.5222
17354.4 93.5227
17354.7 93.5232
17355.1 93.5238
17355.5 93.5243
17355.8 93.5247
17356.2 93.5247
17356.6 93.5252
17356.9 93.5256
17357.3 93.526
17357.7 93.5264
17358 93.5267
17358.4 93.5271
17358.8 93.5275
17359.1 93.5279
17359.5 93.5283
17359.9 93.5287
17360.2 93.5291
17360.6 93.5295
17361 93.5299
17361.3 93.5303
17361.7 93.5308
17362.1 93.5313
17362.4 93.5318
17362.8 93.5318
17363.2 93.5324
17363.5 93.5329
17363.9 93.5335
17364.3 93.5341
17364.6 93.5347
17365 93.5353
17365.4 93.5358
17365.7 93.5364
17366.1 93.537
17366.5 93.5375
17366.8 93.538
17367.2 93.5385
17367.6 93.5391
17367.9 93.5396
17368.3 93.54
17368.7 93.5405
17369 93.5409
17369.4 93.541
17369.8 93.5414
17370.1 93.5417
17370.5 93.5421
17370.8 93.5424
17371.2 93.5428
17371.6 93.5431
17371.9 93.5434
17372.3 93.5437
17372.7 93.544
17373 93.5443
17373.4 93.5446
17373.8 93.5449
17374.1 93.5452
17374.5 93.5455
17374.9 93.5458
17375.2 93.5461
17375.6 93.5464
17376 93.5464
17376.3 93.5467
17376.7 93.547
17377.1 93.5474
17377.4 93.5477
17377.8 93.5481
17378.2 93.5484
17378.5 93.5488
17378.9 93.5492
17379.3 93.5496
17379.6 93.5501
17380 93.5505
17380.4 93.5509
17380.7 93.5514
17381.1 93.5518
17381.5 93.5523
17381.8 93.5527
17382.2 93.5527
17382.6 93.5532
17382.9 93.5537
17383.3 93.5543
17383.7 93.5548
17384 93.5554
17384.4 93.556
17384.8 93.5566
17385.1 93.5573
17385.5 93.5579
17385.9 93.5586
17386.2 93.5594
17386.6 93.5601
17387 93.5609
17387.3 93.5618
17387.7 93.5626
17388.1 93.5635
17388.4 93.5643
17388.8 93.5644
17389.2 93.5652
17389.5 93.5661
17389.9 93.567
17390.3 93.5679
17390.6 93.5688
17391 93.5697
17391.4 93.5705
17391.7 93.5714
17392.1 93.5724
17392.5 93.5732
17392.8 93.5741
17393.2 93.5749
17393.6 93.5758
17393.9 93.5766
17394.3 93.5775
17394.7 93.5783
17395 93.5791
17395.4 93.5792
17395.8 93.58
17396.1 93.5808
17396.5 93.5815
17396.8 93.5823
17397.2 93.583
17397.6 93.5837
17397.9 93.5845
17398.3 93.5851
17398.7 93.5858
17399 93.5864
17399.4 93.587
17399.8 93.5876
17400.1 93.5881
17400.5 93.5887
17400.9 93.5892
17401.2 93.5897
17401.6 93.5901
17402 93.59
17402.3 93.5905
17402.7 93.5909
17403.1 93.5913
17403.4 93.5917
17403.8 93.5921
17404.2 93.5925
17404.5 93.5928
17404.9 93.5932
17405.3 93.5937
17405.6 93.5941
17406 93.5945
17406.4 93.595
17406.7 93.5954
17407.1 93.5959
17407.5 93.5964
17407.8 93.5969
17408.2 93.5974
17408.6 93.5973
17408.9 93.5978
17409.3 93.5983
17409.7 93.5988
17410 93.5993
17410.4 93.5999
17410.8 93.6003
17411.1 93.6009
17411.5 93.6014
17411.9 93.602
17412.2 93.6025
17412.6 93.603
17413 93.6036
17413.3 93.6041
17413.7 93.6046
17414.1 93.6052
17414.4 93.6058
17414.8 93.6058
17415.2 93.6064
17415.5 93.607
17415.9 93.6077
17416.3 93.6084
17416.6 93.6091
17417 93.6099
17417.4 93.6108
17417.7 93.6117
17418.1 93.6127
17418.5 93.6137
17418.8 93.6149
17419.2 93.616
17419.6 93.6172
17419.9 93.6183
17420.3 93.6194
17420.7 93.6204
17421 93.6213
17421.4 93.6214
17421.8 93.6223
17422.1 93.6232
17422.5 93.624
17422.8 93.6249
17423.2 93.6257
17423.6 93.6264
17423.9 93.6271
17424.3 93.6278
17424.7 93.6285
17425 93.6292
17425.4 93.63
17425.8 93.6307
17426.1 93.6314
17426.5 93.6321
17426.9 93.6328
17427.2 93.6336
17427.6 93.6343
17428 93.6346
17428.3 93.6353
17428.7 93.6361
17429.1 93.637
17429.4 93.6378
17429.8 93.6386
17430.2 93.6394
17430.5 93.6402
17430.9 93.641
17431.3 93.6418
17431.6 93.6426
17432 93.6435
17432.4 93.6443
17432.7 93.6452
17433.1 93.6461
17433.5 93.6469
17433.8 93.6478
17434.2 93.6486
17434.6 93.6487
17434.9 93.6495
17435.3 93.6503
17435.7 93.6511
17436 93.6518
17436.4 93.6525
17436.8 93.6532
17437.1 93.6539
17437.5 93.6545
17437.9 93.6551
17438.2 93.6556
17438.6 93.6562
17439 93.6567
17439.3 93.6571
17439.7 93.6576
17440.1 93.658
17440.4 93.6583
17440.8 93.6587
17441.2 93.6585
17441.5 93.6587
17441.9 93.659
17442.3 93.6592
17442.6 93.6595
17443 93.6598
17443.4 93.66
17443.7 93.6602
17444.1 93.6604
17444.5 93.6606
17444.8 93.6608
17445.2 93.661
17445.6 93.6612
17445.9 93.6613
17446.3 93.6615
17446.7 93.6617
17447 93.6618
17447.4 93.6614
17447.8 93.6616
17448.1 93.6617
17448.5 93.6619
17448.9 93.6621
17449.2 93.6623
17449.6 93.6625
17449.9 93.6627
17450.3 93.6629
17450.7 93.6632
17451 93.6635
17451.4 93.6637
17451.8 93.664
17452.1 93.6644
17452.5 93.6647
17452.9 93.665
17453.2 93.6654
17453.6 93.6657
17454 93.6657
17454.3 93.6661
17454.7 93.6665
17455.1 93.667
17455.4 93.6674
17455.8 93.6679
17456.2 93.6683
17456.5 93.6688
17456.9 93.6692
17457.3 93.6696
17457.6 93.6701
17458 93.6705
17458.4 93.6708
17458.7 93.6712
17459.1 93.6716
17459.5 93.6719
17459.8 93.6722
17460.2 93.6724
17460.6 93.6724
17460.9 93.6727
17461.3 93.6729
17461.7 93.6731
17462 93.6733
17462.4 93.6735
17462.8 93.6736
17463.1 93.6737
17463.5 93.6739
17463.9 93.674
17464.2 93.6741
17464.6 93.6742
17465 93.6744
17465.3 93.6745
17465.7 93.6747
17466.1 93.6749
17466.4 93.675
17466.8 93.6752
17467.2 93.6753
17467.5 93.6755
17467.9 93.6757
17468.3 93.676
17468.6 93.6762
17469 93.6765
17469.4 93.6768
17469.7 93.6771
17470.1 93.6774
17470.5 93.6778
17470.8 93.6781
17471.2 93.6785
17471.6 93.6789
17471.9 93.6792
17472.3 93.6796
17472.7 93.68
17473 93.6803
17473.4 93.6807
17473.8 93.6806
17474.1 93.681
17474.5 93.6813
17474.9 93.6816
17475.2 93.6819
17475.6 93.6822
17476 93.6824
17476.3 93.6827
17476.7 93.683
17477 93.6832
17477.4 93.6835
17477.8 93.6837
17478.1 93.6839
17478.5 93.684
17478.9 93.6842
17479.2 93.6844
17479.6 93.6846
17480 93.6848
17480.3 93.6847
17480.7 93.6849
17481.1 93.6851
17481.4 93.6853
17481.8 93.6854
17482.2 93.6856
17482.5 93.6857
17482.9 93.6859
17483.3 93.686
17483.6 93.6861
17484 93.6862
17484.4 93.6863
17484.7 93.6865
17485.1 93.6866
17485.5 93.6867
17485.8 93.6868
17486.2 93.6869
17486.6 93.6869
17486.9 93.687
17487.3 93.6872
17487.7 93.6873
17488 93.6875
17488.4 93.6876
17488.8 93.6878
17489.1 93.6881
17489.5 93.6883
17489.9 93.6886
17490.2 93.6889
17490.6 93.6892
17491 93.6896
17491.3 93.6899
17491.7 93.6903
17492.1 93.6906
17492.4 93.691
17492.8 93.6914
17493.2 93.6915
17493.5 93.6919
17493.9 93.6923
17494.3 93.6927
17494.6 93.6931
17495 93.6935
17495.4 93.6939
17495.7 93.6943
17496.1 93.6947
17496.5 93.6951
17496.8 93.6954
17497.2 93.6958
17497.6 93.6961
17497.9 93.6964
17498.3 93.6967
17498.7 93.697
17499 93.6973
17499.4 93.6975
17499.8 93.6974
17500.1 93.6976
17500.5 93.6978
17500.9 93.6979
17501.2 93.698
17501.6 93.6981
17502 93.6982
17502.3 93.6982
17502.7 93.6982
17503.1 93.698
17503.4 93.698
17503.8 93.6979
17504.1 93.6978
17504.5 93.6977
17504.9 93.6975
17505.2 93.6974
17505.6 93.6973
17506 93.6971
17506.3 93.6969
17506.7 93.6967
17507.1 93.6966
17507.4 93.6964
17507.8 93.6963
17508.2 93.6961
17508.5 93.696
17508.9 93.6959
17509.3 93.6955
17509.6 93.6954
17510 93.6953
17510.4 93.6952
17510.7 93.6951
17511.1 93.695
17511.5 93.695
17511.8 93.6949
17512.2 93.6949
17512.6 93.6948
17512.9 93.6946
17513.3 93.6946
17513.7 93.6945
17514 93.6945
17514.4 93.6945
17514.8 93.6945
17515.1 93.6942
17515.5 93.6943
17515.9 93.6943
17516.2 93.6943
17516.6 93.6944
17517 93.6944
17517.3 93.6945
17517.7 93.6945
17518.1 93.6946
17518.4 93.6947
17518.8 93.6947
17519.2 93.6948
17519.5 93.6946
17519.9 93.6947
17520.3 93.6948
17520.6 93.6949
17521 93.695
17521.4 93.6949
17521.7 93.695
17522.1 93.695
17522.5 93.695
17522.8 93.695
17523.2 93.695
17523.6 93.695
17523.9 93.695
17524.3 93.6949
17524.7 93.6948
17525 93.6947
17525.4 93.6946
17525.8 93.6946
17526.1 93.6945
17526.5 93.6944
17526.9 93.6943
17527.2 93.6941
17527.6 93.6939
17528 93.6937
17528.3 93.6936
17528.7 93.6934
17529.1 93.6932
17529.4 93.693
17529.8 93.6928
17530.2 93.6926
17530.5 93.6924
17530.9 93.6922
17531.2 93.692
17531.6 93.6918
17532 93.6916
17532.3 93.6915
17532.7 93.6913
17533.1 93.6911
17533.4 93.6909
17533.8 93.6905
17534.2 93.6902
17534.5 93.6899
17534.9 93.6897
17535.3 93.6894
17535.6 93.6892
17536 93.6889
17536.4 93.6886
17536.7 93.6884
17537.1 93.6881
17537.5 93.6879
17537.8 93.6876
17538.2 93.6874
17538.6 93.6872
17538.9 93.6869
17539.3 93.6867
17539.7 93.6866
17540 93.6861
17540.4 93.686
17540.8 93.6859
17541.1 93.6857
17541.5 93.6857
17541.9 93.6856
17542.2 93.6855
17542.6 93.6855
17543 93.6855
17543.3 93.6855
17543.7 93.6855
17544.1 93.6855
17544.4 93.6855
17544.8 93.6855
17545.2 93.6855
17545.5 93.6855
17545.9 93.6855
17546.3 93.6854
17546.6 93.6854
17547 93.6853
17547.4 93.6852
17547.7 93.6852
17548.1 93.685
17548.5 93.6849
17548.8 93.6847
17549.2 93.6845
17549.6 93.6843
17549.9 93.684
17550.3 93.6837
17550.7 93.6834
17551 93.6831
17551.4 93.6827
17551.8 93.6823
17552.1 93.6818
17552.5 93.6814
17552.9 93.681
17553.2 93.6806
17553.6 93.6801
17554 93.6797
17554.3 93.6793
17554.7 93.6789
17555.1 93.6784
17555.4 93.678
17555.8 93.6776
17556.2 93.6772
17556.5 93.6769
17556.9 93.6765
17557.3 93.6761
17557.6 93.6758
17558 93.6754
17558.3 93.6749
17558.7 93.6746
17559.1 93.6742
17559.4 93.6739
17559.8 93.6736
17560.2 93.6733
17560.5 93.673
17560.9 93.6727
17561.3 93.6724
17561.6 93.6721
17562 93.6718
17562.4 93.6716
17562.7 93.6713
17563.1 93.671
17563.5 93.6707
17563.8 93.6704
17564.2 93.6702
17564.6 93.6696
17564.9 93.6693
17565.3 93.669
17565.7 93.6687
17566 93.6684
17566.4 93.6681
17566.8 93.6678
17567.1 93.6675
17567.5 93.6672
17567.9 93.6668
17568.2 93.6665
17568.6 93.6661
17569 93.6657
17569.3 93.6653
17569.7 93.6649
17570.1 93.6645
17570.4 93.6641
17570.8 93.6633
17571.2 93.6629
17571.5 93.6625
17571.9 93.6621
17572.3 93.6616
17572.6 93.6612
17573 93.6608
17573.4 93.6603
17573.7 93.6599
17574.1 93.6595
17574.5 93.6591
17574.8 93.6587
17575.2 93.6583
17575.6 93.6579
17575.9 93.6575
17576.3 93.6572
17576.7 93.6568
17577 93.6562
17577.4 93.6559
17577.8 93.6556
17578.1 93.6554
17578.5 93.6551
17578.9 93.6548
17579.2 93.6545
17579.6 93.6543
17580 93.654
17580.3 93.6538
17580.7 93.6535
17581.1 93.6533
17581.4 93.6531
17581.8 93.6528
17582.2 93.6526
17582.5 93.6524
17582.9 93.6521
17583.3 93.6519
17583.6 93.6517
17584 93.6514
17584.3 93.6512
17584.7 93.6512
17585.1 93.651
17585.4 93.6508
17585.8 93.6506
17586.2 93.6504
17586.5 93.6502
17586.9 93.65
17587.3 93.6499
17587.6 93.6497
17588 93.6495
17588.4 93.6494
17588.7 93.6492
17589.1 93.6491
17589.5 93.6489
17589.8 93.6488
17590.2 93.6487
17590.6 93.6486
17590.9 93.6486
17591.3 93.6485
17591.7 93.6484
17592 93.6484
17592.4 93.6483
17592.8 93.6483
17593.1 93.6482
17593.5 93.6482
17593.9 93.6482
17594.2 93.6481
17594.6 93.6481
17595 93.6481
17595.3 93.6481
17595.7 93.6481
17596.1 93.6481
17596.4 93.648
17596.8 93.648
17597.2 93.648
17597.5 93.6479
17597.9 93.6479
17598.3 93.6478
17598.6 93.6478
17599 93.6477
17599.4 93.6477
17599.7 93.6476
17600.1 93.6476
17600.5 93.6475
17600.8 93.6475
17601.2 93.6474
17601.6 93.6472
17601.9 93.6472
17602.3 93.6471
17602.7 93.6471
17603 93.647
17603.4 93.647
17603.8 93.6469
17604.1 93.6469
17604.5 93.6468
17604.9 93.6467
17605.2 93.6467
17605.6 93.6467
17606 93.6466
17606.3 93.6466
17606.7 93.6465
17607.1 93.6464
17607.4 93.6464
17607.8 93.6463
17608.2 93.6462
17608.5 93.6461
17608.9 93.646
17609.3 93.6459
17609.6 93.6458
17610 93.6457
17610.3 93.6455
17610.7 93.6455
17611.1 93.6453
17611.4 93.6451
17611.8 93.645
17612.2 93.6448
17612.5 93.6446
17612.9 93.6444
17613.3 93.6441
17613.6 93.6438
17614 93.6435
17614.4 93.6433
17614.7 93.6431
17615.1 93.6428
17615.5 93.6425
17615.8 93.6423
17616.2 93.642
17616.6 93.6418
17616.9 93.6415
17617.3 93.6413
17617.7 93.641
17618 93.6408
17618.4 93.6405
17618.8 93.6402
17619.1 93.6399
17619.5 93.6397
17619.9 93.6392
17620.2 93.639
17620.6 93.6387
17621 93.6385
17621.3 93.6382
17621.7 93.638
17622.1 93.6378
17622.4 93.6375
17622.8 93.6373
17623.2 93.6371
17623.5 93.6369
17623.9 93.6367
17624.3 93.6365
17624.6 93.6363
17625 93.6361
17625.4 93.6359
17625.7 93.6357
17626.1 93.6354
17626.5 93.6353
17626.8 93.6351
17627.2 93.6349
17627.6 93.6347
17627.9 93.6346
17628.3 93.6344
17628.7 93.6342
17629 93.634
17629.4 93.6339
17629.8 93.6337
17630.1 93.6337
17630.5 93.6335
17630.9 93.6333
17631.2 93.6331
17631.6 93.6329
17632 93.6327
17632.3 93.6325
17632.7 93.6323
17633.1 93.632
17633.4 93.6318
17633.8 93.6315
17634.2 93.6313
17634.5 93.631
17634.9 93.6307
17635.3 93.6304
17635.6 93.6301
17636 93.6297
17636.4 93.6294
17636.7 93.6293
17637.1 93.6289
17637.4 93.6285
17637.8 93.6281
17638.2 93.6277
17638.5 93.6271
17638.9 93.6266
17639.3 93.6262
17639.6 93.6257
17640 93.6252
17640.4 93.6247
17640.7 93.6242
17641.1 93.6237
17641.5 93.6232
17641.8 93.6227
17642.2 93.6222
17642.6 93.6217
17642.9 93.6212
17643.3 93.621
17643.7 93.6205
17644 93.62
17644.4 93.6196
17644.8 93.6189
17645.1 93.6185
17645.5 93.6181
17645.9 93.6177
17646.2 93.6173
17646.6 93.6169
17647 93.6165
17647.3 93.6161
17647.7 93.6158
17648.1 93.6154
17648.4 93.615
17648.8 93.6147
17649.2 93.6143
17649.5 93.614
17649.9 93.614
17650.3 93.6136
17650.6 93.6133
17651 93.6129
17651.4 93.6126
17651.7 93.6123
17652.1 93.612
17652.5 93.6118
17652.8 93.6115
17653.2 93.6112
17653.6 93.6109
17653.9 93.6107
17654.3 93.6104
17654.7 93.6102
17655 93.6099
17655.4 93.6097
17655.8 93.6095
17656.1 93.6092
17656.5 93.6091
17656.9 93.6087
17657.2 93.6085
17657.6 93.6083
17658 93.608
17658.3 93.6078
17658.7 93.6075
17659.1 93.6073
17659.4 93.607
17659.8 93.6068
17660.2 93.6065
17660.5 93.6063
17660.9 93.606
17661.3 93.6058
17661.6 93.6055
17662 93.6052
17662.4 93.6049
17662.7 93.6047
17663.1 93.6044
17663.5 93.6041
17663.8 93.6038
17664.2 93.6035
17664.5 93.6032
17664.9 93.6028
17665.3 93.6025
17665.6 93.6021
17666 93.6018
17666.4 93.6014
17666.7 93.601
17667.1 93.6006
17667.5 93.6003
17667.8 93.5999
17668.2 93.5994
17668.6 93.599
17668.9 93.5985
17669.3 93.5983
17669.7 93.5978
17670 93.5973
17670.4 93.5968
17670.8 93.5963
17671.1 93.5957
17671.5 93.5952
17671.9 93.5946
17672.2 93.594
17672.6 93.5934
17673 93.5928
17673.3 93.5922
17673.7 93.5916
17674.1 93.591
17674.4 93.5904
17674.8 93.5899
17675.2 93.5893
17675.5 93.5885
17675.9 93.5884
17676.3 93.5878
17676.6 93.5872
17677 93.5866
17677.4 93.586
17677.7 93.5854
17678.1 93.5849
17678.5 93.5843
17678.8 93.5838
17679.2 93.5833
17679.6 93.5828
17679.9 93.5823
17680.3 93.5818
17680.7 93.5813
17681 93.5808
17681.4 93.5804
17681.8 93.5797
17682.1 93.5793
17682.5 93.579
17682.9 93.5786
17683.2 93.5782
17683.6 93.5778
17684 93.5774
17684.3 93.5769
17684.7 93.5765
17685.1 93.5761
17685.4 93.5757
17685.8 93.5752
17686.2 93.5748
17686.5 93.5743
17686.9 93.5738
17687.3 93.5733
17687.6 93.5725
17688 93.572
17688.4 93.5715
17688.7 93.5709
17689.1 93.5707
17689.5 93.5701
17689.8 93.5695
17690.2 93.569
17690.6 93.5684
17690.9 93.5678
17691.3 93.5672
17691.6 93.5666
17692 93.566
17692.4 93.5655
17692.7 93.5649
17693.1 93.5643
17693.5 93.5637
17693.8 93.5629
17694.2 93.5623
17694.6 93.5618
17694.9 93.5613
17695.3 93.5608
17695.7 93.5606
17696 93.5601
17696.4 93.5596
17696.8 93.5591
17697.1 93.5586
17697.5 93.5581
17697.9 93.5577
17698.2 93.5572
17698.6 93.5568
17699 93.5564
17699.3 93.5559
17699.7 93.5555
17700.1 93.5549
17700.4 93.5545
17700.8 93.5541
17701.2 93.5537
17701.5 93.5533
17701.9 93.5531
17702.3 93.5527
17702.6 93.5523
17703 93.5519
17703.4 93.5515
17703.7 93.551
17704.1 93.5506
17704.5 93.5502
17704.8 93.5498
17705.2 93.5494
17705.6 93.549
17705.9 93.5486
17706.3 93.5481
17706.7 93.5477
17707 93.5473
17707.4 93.5468
17707.8 93.5464
17708.1 93.546
17708.5 93.5459
17708.9 93.5455
17709.2 93.5451
17709.6 93.5446
17710 93.5442
17710.3 93.5438
17710.7 93.5434
17711.1 93.543
17711.4 93.5426
17711.8 93.5422
17712.2 93.5418
17712.5 93.5413
17712.9 93.5409
17713.3 93.5405
17713.6 93.5401
17714 93.5396
17714.4 93.5392
17714.7 93.5388
17715.1 93.5387
17715.5 93.5383
17715.8 93.5379
17716.2 93.5374
17716.6 93.537
17716.9 93.5366
17717.3 93.5361
17717.7 93.5357
17718 93.5353
17718.4 93.5347
17718.7 93.5342
17719.1 93.5338
17719.5 93.5333
17719.8 93.5329
17720.2 93.5325
17720.6 93.5321
17720.9 93.5317
17721.3 93.5313
17721.7 93.5312
17722 93.5308
17722.4 93.5304
17722.8 93.5301
17723.1 93.5297
17723.5 93.5294
17723.9 93.529
17724.2 93.5287
17724.6 93.5283
17725 93.528
17725.3 93.5277
17725.7 93.5274
17726.1 93.5271
17726.4 93.5267
17726.8 93.5264
17727.2 93.5261
17727.5 93.5257
17727.9 93.5254
17728.3 93.5253
17728.6 93.5249
17729 93.5246
17729.4 93.5242
17729.7 93.5238
17730.1 93.5235
17730.5 93.5231
17730.8 93.5226
17731.2 93.5222
17731.6 93.5218
17731.9 93.5215
17732.3 93.5211
17732.7 93.5207
17733 93.5203
17733.4 93.5199
17733.8 93.5195
17734.1 93.5192
17734.5 93.519
17734.9 93.5186
17735.2 93.5182
17735.6 93.5178
17736 93.5175
17736.3 93.5171
17736.7 93.5167
17737.1 93.5162
17737.4 93.5158
17737.8 93.5155
17738.2 93.5151
17738.5 93.5147
17738.9 93.5144
17739.3 93.5141
17739.6 93.5137
17740 93.5134
17740.4 93.5131
17740.7 93.5127
17741.1 93.5127
17741.5 93.5124
17741.8 93.5121
17742.2 93.5117
17742.6 93.5114
17742.9 93.5111
17743.3 93.5108
17743.7 93.5105
17744 93.5103
17744.4 93.51
17744.8 93.5098
17745.1 93.5095
17745.5 93.5093
17745.8 93.5091
17746.2 93.5089
17746.6 93.5087
17746.9 93.5086
17747.3 93.5084
17747.7 93.5085
17748 93.5084
17748.4 93.5083
17748.8 93.5082
17749.1 93.5083
17749.5 93.5082
17749.9 93.5082
17750.2 93.5082
17750.6 93.5081
17751 93.5081
17751.3 93.5081
17751.7 93.5082
17752.1 93.5082
17752.4 93.5082
17752.8 93.5082
17753.2 93.5082
17753.5 93.5083
17753.9 93.5083
17754.3 93.5084
17754.6 93.5084
17755 93.5085
17755.4 93.5086
17755.7 93.5086
17756.1 93.5087
17756.5 93.5087
17756.8 93.5087
17757.2 93.5088
17757.6 93.5088
17757.9 93.5088
17758.3 93.5088
17758.7 93.5088
17759 93.5088
17759.4 93.5088
17759.8 93.5088
17760.1 93.5088
17760.5 93.5088
17760.9 93.5089
17761.2 93.5089
17761.6 93.5089
17762 93.5088
17762.3 93.5088
17762.7 93.5087
17763.1 93.5086
17763.4 93.5086
17763.8 93.5085
17764.2 93.5084
17764.5 93.5084
17764.9 93.5083
17765.3 93.5082
17765.6 93.5082
17766 93.5082
17766.4 93.5081
17766.7 93.5081
17767.1 93.5082
17767.5 93.5082
17767.8 93.5084
17768.2 93.5084
17768.6 93.5085
17768.9 93.5085
17769.3 93.5086
17769.7 93.5087
17770 93.5088
17770.4 93.5088
17770.8 93.5089
17771.1 93.5091
17771.5 93.5092
17771.8 93.5093
17772.2 93.5095
17772.6 93.5096
17772.9 93.5097
17773.3 93.5099
17773.7 93.5101
17774 93.5104
17774.4 93.5106
17774.8 93.5108
17775.1 93.5109
17775.5 93.5111
17775.9 93.5112
17776.2 93.5114
17776.6 93.5116
17777 93.5117
17777.3 93.5118
17777.7 93.512
17778.1 93.5121
17778.4 93.5123
17778.8 93.5124
17779.2 93.5125
17779.5 93.5126
17779.9 93.5128
17780.3 93.513
17780.6 93.513
17781 93.5131
17781.4 93.5132
17781.7 93.5133
17782.1 93.5133
17782.5 93.5134
17782.8 93.5134
17783.2 93.5135
17783.6 93.5136
17783.9 93.5137
17784.3 93.5138
17784.7 93.5139
17785 93.514
17785.4 93.5141
17785.8 93.5143
17786.1 93.5145
17786.5 93.5147
17786.9 93.5148
17787.2 93.515
17787.6 93.5151
17788 93.5153
17788.3 93.5154
17788.7 93.5155
17789.1 93.5157
17789.4 93.5158
17789.8 93.516
17790.2 93.5161
17790.5 93.5162
17790.9 93.5163
17791.3 93.5164
17791.6 93.5165
17792 93.5166
17792.4 93.5168
17792.7 93.5168
17793.1 93.5168
17793.5 93.5169
17793.8 93.5169
17794.2 93.5169
17794.6 93.5169
17794.9 93.5168
17795.3 93.5168
17795.7 93.5167
17796 93.5166
17796.4 93.5165
17796.8 93.5164
17797.1 93.5163
17797.5 93.5162
17797.8 93.5161
17798.2 93.516
17798.6 93.5158
17798.9 93.5157
17799.3 93.5156
17799.7 93.5155
17800 93.5154
17800.4 93.5153
17800.8 93.5152
17801.1 93.5152
17801.5 93.5151
17801.9 93.5151
17802.2 93.515
17802.6 93.515
17803 93.515
17803.3 93.515
17803.7 93.515
17804.1 93.515
17804.4 93.5151
17804.8 93.515
17805.2 93.515
17805.5 93.5151
17805.9 93.5152
17806.3 93.515
17806.6 93.5151
17807 93.5151
17807.4 93.5152
17807.7 93.5153
17808.1 93.5153
17808.5 93.5154
17808.8 93.5155
17809.2 93.5155
17809.6 93.5156
17809.9 93.5158
17810.3 93.5159
17810.7 93.5161
17811 93.5162
17811.4 93.5164
17811.8 93.5167
17812.1 93.5169
17812.5 93.5172
17812.9 93.5172
17813.2 93.5175
17813.6 93.5178
17814 93.5181
17814.3 93.5184
17814.7 93.5187
17815.1 93.5191
17815.4 93.5194
17815.8 93.5197
17816.2 93.5201
17816.5 93.5204
17816.9 93.5207
17817.3 93.521
17817.6 93.5213
17818 93.5215
17818.4 93.5218
17818.7 93.522
17819.1 93.5222
17819.5 93.5222
17819.8 93.5224
17820.2 93.5226
17820.6 93.5227
17820.9 93.5228
17821.3 93.523
17821.7 93.523
17822 93.5231
17822.4 93.5232
17822.8 93.5232
17823.1 93.5232
17823.5 93.5232
17823.9 93.5232
17824.2 93.5231
17824.6 93.5231
17824.9 93.523
17825.3 93.523
17825.7 93.523
17826 93.5229
17826.4 93.5228
17826.8 93.5227
17827.1 93.5226
17827.5 93.5226
17827.9 93.5225
17828.2 93.5224
17828.6 93.5223
17829 93.5222
17829.3 93.522
17829.7 93.5219
17830.1 93.5219
17830.4 93.5218
17830.8 93.5217
17831.2 93.5216
17831.5 93.5215
17831.9 93.5214
17832.3 93.5213
17832.6 93.5212
17833 93.5211
17833.4 93.5211
17833.7 93.521
17834.1 93.5209
17834.5 93.5208
17834.8 93.5207
17835.2 93.5206
17835.6 93.5204
17835.9 93.5204
17836.3 93.5203
17836.7 93.5202
17837 93.5201
17837.4 93.5201
17837.8 93.52
17838.1 93.5199
17838.5 93.5198
17838.9 93.5198
17839.2 93.5196
17839.6 93.5195
17840 93.5195
17840.3 93.5194
17840.7 93.5193
17841.1 93.5193
17841.4 93.5192
17841.8 93.519
17842.2 93.5189
17842.5 93.5188
17842.9 93.5188
17843.3 93.5188
17843.6 93.5187
17844 93.5187
17844.4 93.5187
17844.7 93.5187
17845.1 93.5186
17845.5 93.5185
17845.8 93.5184
17846.2 93.5184
17846.6 93.5184
17846.9 93.5183
17847.3 93.5183
17847.7 93.5183
17848 93.5181
17848.4 93.518
17848.8 93.518
17849.1 93.518
17849.5 93.518
17849.9 93.518
17850.2 93.518
17850.6 93.518
17851 93.518
17851.3 93.518
17851.7 93.518
17852 93.5178
17852.4 93.5178
17852.8 93.5177
17853.1 93.5177
17853.5 93.5176
17853.9 93.5173
17854.2 93.5172
17854.6 93.5171
17855 93.517
17855.3 93.5169
17855.7 93.5167
17856.1 93.5165
17856.4 93.5164
17856.8 93.5162
17857.2 93.516
17857.5 93.5158
17857.9 93.5156
17858.3 93.5153
17858.6 93.5152
17859 93.5149
17859.4 93.5147
17859.7 93.5144
17860.1 93.514
17860.5 93.5137
17860.8 93.5134
17861.2 93.5132
17861.6 93.5129
17861.9 93.5126
17862.3 93.5123
17862.7 93.512
17863 93.5117
17863.4 93.5114
17863.8 93.5111
17864.1 93.5108
17864.5 93.5106
17864.9 93.5103
17865.2 93.5101
17865.6 93.5098
17866 93.5096
17866.3 93.5091
17866.7 93.5089
17867.1 93.5087
17867.4 93.5085
17867.8 93.5082
17868.2 93.508
17868.5 93.5079
17868.9 93.5077
17869.3 93.5075
17869.6 93.5074
17870 93.5073
17870.4 93.5072
17870.7 93.5071
17871.1 93.507
17871.5 93.5069
17871.8 93.5067
17872.2 93.5066
17872.6 93.5063
17872.9 93.5062
17873.3 93.5061
17873.7 93.5061
17874 93.5061
17874.4 93.506
17874.8 93.506
17875.1 93.5059
17875.5 93.5059
17875.9 93.5058
17876.2 93.5058
17876.6 93.5057
17877 93.5056
17877.3 93.5056
17877.7 93.5055
17878.1 93.5052
17878.4 93.5052
17878.8 93.5048
17879.1 93.5047
17879.5 93.5046
17879.9 93.5045
17880.2 93.5044
17880.6 93.5042
17881 93.5041
17881.3 93.504
17881.7 93.5038
17882.1 93.5037
17882.4 93.5035
17882.8 93.5034
17883.2 93.5033
17883.5 93.5031
17883.9 93.503
17884.3 93.5028
17884.6 93.5021
17885 93.502
17885.4 93.5019
17885.7 93.5018
17886.1 93.5017
17886.5 93.5016
17886.8 93.5015
17887.2 93.5014
17887.6 93.5014
17887.9 93.5013
17888.3 93.5013
17888.7 93.5013
17889 93.5012
17889.4 93.5012
17889.8 93.5012
17890.1 93.5012
17890.5 93.5013
17890.9 93.5011
17891.2 93.501
17891.6 93.501
17892 93.5011
17892.3 93.5012
17892.7 93.5013
17893.1 93.5014
17893.4 93.5015
17893.8 93.5016
17894.2 93.5018
17894.5 93.5019
17894.9 93.5021
17895.3 93.5022
17895.6 93.5024
17896 93.5025
17896.4 93.5027
17896.7 93.5029
17897.1 93.503
17897.5 93.5031
17897.8 93.5031
17898.2 93.5032
17898.6 93.5034
17898.9 93.5035
17899.3 93.5037
17899.7 93.5039
17900 93.504
17900.4 93.5042
17900.8 93.5043
17901.1 93.5044
17901.5 93.5046
17901.9 93.5047
17902.2 93.5048
17902.6 93.5049
17903 93.505
17903.3 93.5049
17903.7 93.505
17904.1 93.505
17904.4 93.5049
17904.8 93.5049
17905.2 93.5049
17905.5 93.5048
17905.9 93.5048
17906.2 93.5047
17906.6 93.5047
17907 93.5046
17907.3 93.5045
17907.7 93.5044
17908.1 93.5043
17908.4 93.5042
17908.8 93.504
17909.2 93.5039
17909.5 93.5036
17909.9 93.5035
17910.3 93.5034
17910.6 93.5032
17911 93.5031
17911.4 93.5031
17911.7 93.503
17912.1 93.503
17912.5 93.503
17912.8 93.5031
17913.2 93.5031
17913.6 93.5032
17913.9 93.5033
17914.3 93.5034
17914.7 93.5035
17915 93.5037
17915.4 93.5038
17915.8 93.504
17916.1 93.5042
17916.5 93.5044
17916.9 93.5046
17917.2 93.5047
17917.6 93.5049
17918 93.5051
17918.3 93.5053
17918.7 93.5056
17919.1 93.5058
17919.4 93.506
17919.8 93.5063
17920.2 93.5065
17920.5 93.5068
17920.9 93.507
17921.3 93.5073
17921.6 93.5076
17922 93.5078
17922.4 93.5081
17922.7 93.5084
17923.1 93.5086
17923.5 93.5088
17923.8 93.5089
17924.2 93.5091
17924.6 93.5093
17924.9 93.5095
17925.3 93.5097
17925.7 93.5099
17926 93.51
17926.4 93.5102
17926.8 93.5103
17927.1 93.5104
17927.5 93.5105
17927.9 93.5105
17928.2 93.5105
17928.6 93.5106
17929 93.5106
17929.3 93.5106
17929.7 93.5106
17930.1 93.5106
17930.4 93.5105
17930.8 93.5105
17931.2 93.5105
17931.5 93.5105
17931.9 93.5105
17932.3 93.5105
17932.6 93.5105
17933 93.5105
17933.3 93.5106
17933.7 93.5106
17934.1 93.5106
17934.4 93.5107
17934.8 93.5108
17935.2 93.5109
17935.5 93.511
17935.9 93.5111
17936.3 93.5113
17936.6 93.5114
17937 93.5114
17937.4 93.5115
17937.7 93.5117
17938.1 93.512
17938.5 93.5122
17938.8 93.5124
17939.2 93.5126
17939.6 93.5128
17939.9 93.513
17940.3 93.5133
17940.7 93.5135
17941 93.5137
17941.4 93.514
17941.8 93.5142
17942.1 93.5145
17942.5 93.5147
17942.9 93.515
17943.2 93.5152
17943.6 93.5151
17944 93.5154
17944.3 93.5156
17944.7 93.5158
17945.1 93.516
17945.4 93.5162
17945.8 93.5164
17946.2 93.5165
17946.5 93.5166
17946.9 93.5167
17947.3 93.5169
17947.6 93.517
17948 93.517
17948.4 93.5171
17948.7 93.5172
17949.1 93.5172
17949.5 93.5173
17949.8 93.5171
17950.2 93.5171
17950.6 93.5172
17950.9 93.5172
17951.3 93.5172
17951.7 93.5172
17952 93.5173
17952.4 93.5171
17952.8 93.5172
17953.1 93.5173
17953.5 93.5174
17953.9 93.5175
17954.2 93.5176
17954.6 93.5177
17955 93.5179
17955.3 93.5181
17955.7 93.5182
17956.1 93.5184
17956.4 93.5183
17956.8 93.5185
17957.2 93.5187
17957.5 93.519
17957.9 93.5192
17958.3 93.5195
17958.6 93.5197
17959 93.52
17959.3 93.5203
17959.7 93.5206
17960.1 93.5209
17960.4 93.5212
17960.8 93.5215
17961.2 93.5218
17961.5 93.5221
17961.9 93.5223
17962.3 93.5226
17962.6 93.5229
17963 93.5228
17963.4 93.523
17963.7 93.5233
17964.1 93.5235
17964.5 93.5237
17964.8 93.5237
17965.2 93.5239
17965.6 93.5241
17965.9 93.5243
17966.3 93.5244
17966.7 93.5246
17967 93.5247
17967.4 93.5249
17967.8 93.525
17968.1 93.5252
17968.5 93.5254
17968.9 93.5255
17969.2 93.5257
17969.6 93.5256
17970 93.5258
17970.3 93.526
17970.7 93.5263
17971.1 93.5265
17971.4 93.5268
17971.8 93.5272
17972.2 93.5275
17972.5 93.5279
17972.9 93.5283
17973.3 93.5286
17973.6 93.529
17974 93.5294
17974.4 93.5299
17974.7 93.5303
17975.1 93.5307
17975.5 93.5311
17975.8 93.5315
17976.2 93.5316
17976.6 93.532
17976.9 93.5324
17977.3 93.5328
17977.7 93.5331
17978 93.5335
17978.4 93.5338
17978.8 93.5341
17979.1 93.5344
17979.5 93.5346
17979.9 93.5349
17980.2 93.5351
17980.6 93.5353
17981 93.5354
17981.3 93.5355
17981.7 93.5356
17982.1 93.5357
17982.4 93.5355
17982.8 93.5355
17983.2 93.5355
17983.5 93.5352
17983.9 93.5351
17984.3 93.5349
17984.6 93.5348
17985 93.5346
17985.3 93.5344
17985.7 93.5342
17986.1 93.534
17986.4 93.5338
17986.8 93.5335
17987.2 93.5333
17987.5 93.5331
17987.9 93.5328
17988.3 93.5326
17988.6 93.5324
17989 93.5319
17989.4 93.5313
17989.7 93.5311
17990.1 93.5309
17990.5 93.5308
17990.8 93.5306
17991.2 93.5304
17991.6 93.5303
17991.9 93.5301
17992.3 93.53
17992.7 93.5298
17993 93.5297
17993.4 93.5295
17993.8 93.5294
17994.1 93.5292
17994.5 93.529
17994.9 93.5289
17995.2 93.5287
17995.6 93.528
17996 93.5278
17996.3 93.5276
17996.7 93.5274
17997.1 93.5272
17997.4 93.5269
17997.8 93.5267
17998.2 93.5265
17998.5 93.5262
17998.9 93.526
17999.3 93.5257
17999.6 93.5254
18000 93.5252
18000.4 93.5249
18000.7 93.5246
18001.1 93.5243
18001.5 93.524
18001.8 93.5233
18002.2 93.5228
18002.6 93.5225
18002.9 93.5222
18003.3 93.5218
18003.7 93.5215
18004 93.5211
18004.4 93.5207
18004.8 93.5203
18005.1 93.5199
18005.5 93.5195
18005.9 93.5191
18006.2 93.5187
18006.6 93.5183
18007 93.5179
18007.3 93.5174
18007.7 93.517
18008.1 93.516
18008.4 93.5155
18008.8 93.515
18009.2 93.5146
18009.5 93.5141
18009.9 93.5137
18010.3 93.5133
18010.6 93.5129
18011 93.5125
18011.4 93.5121
18011.7 93.5117
18012.1 93.5114
18012.4 93.511
18012.8 93.5107
18013.2 93.5104
18013.5 93.5101
18013.9 93.5098
18014.3 93.5092
18014.6 93.5089
18015 93.5087
18015.4 93.5084
18015.7 93.5081
18016.1 93.5078
18016.5 93.5076
18016.8 93.5073
18017.2 93.507
18017.6 93.5068
18017.9 93.5065
18018.3 93.5062
18018.7 93.506
18019 93.5057
18019.4 93.5054
18019.8 93.5052
18020.1 93.5046
18020.5 93.5044
18020.9 93.5041
18021.2 93.5038
18021.6 93.5036
18022 93.5033
18022.3 93.5031
18022.7 93.5028
18023.1 93.5025
18023.4 93.5023
18023.8 93.502
18024.2 93.5018
18024.5 93.5015
18024.9 93.5012
18025.3 93.501
18025.6 93.5007
18026 93.5004
18026.4 93.4999
18026.7 93.4996
18027.1 93.4994
18027.5 93.4991
18027.8 93.4989
18028.2 93.4986
18028.6 93.4983
18028.9 93.4981
18029.3 93.4979
18029.7 93.4977
18030 93.4975
18030.4 93.4973
18030.8 93.4971
18031.1 93.4969
18031.5 93.4967
18031.9 93.4965
18032.2 93.4963
18032.6 93.4958
18033 93.4956
18033.3 93.4954
18033.7 93.4952
18034.1 93.495
18034.4 93.4948
18034.8 93.4945
18035.2 93.4943
18035.5 93.4941
18035.9 93.4939
18036.3 93.4938
18036.6 93.4936
18037 93.4934
18037.4 93.4932
18037.7 93.493
18038.1 93.4928
18038.5 93.4926
18038.8 93.4922
18039.2 93.492
18039.5 93.4918
18039.9 93.4917
18040.3 93.4915
18040.6 93.4913
18041 93.4911
18041.4 93.4909
18041.7 93.4907
18042.1 93.4905
18042.5 93.4903
18042.8 93.4901
18043.2 93.4899
18043.6 93.4897
18043.9 93.4895
18044.3 93.4893
18044.7 93.4891
18045 93.4886
18045.4 93.4884
18045.8 93.4882
18046.1 93.4879
18046.5 93.4877
18046.9 93.4874
18047.2 93.4871
18047.6 93.4868
18048 93.4866
18048.3 93.4863
18048.7 93.4861
18049.1 93.4857
18049.4 93.4854
18049.8 93.4851
18050.2 93.4848
18050.5 93.4844
18050.9 93.4839
18051.3 93.4836
18051.6 93.4832
18052 93.4828
18052.4 93.4825
18052.7 93.4821
18053.1 93.4818
18053.5 93.4814
18053.8 93.481
18054.2 93.4809
18054.6 93.4806
18054.9 93.4802
18055.3 93.4799
18055.7 93.4795
18056 93.4792
18056.4 93.4788
18056.8 93.4785
18057.1 93.4781
18057.5 93.4778
18057.9 93.4775
18058.2 93.4771
18058.6 93.4768
18059 93.4765
18059.3 93.4762
18059.7 93.4759
18060.1 93.4756
18060.4 93.4754
18060.8 93.4753
18061.2 93.4751
18061.5 93.4748
18061.9 93.4745
18062.3 93.4742
18062.6 93.474
18063 93.4737
18063.4 93.4734
18063.7 93.4732
18064.1 93.4729
18064.5 93.4727
18064.8 93.4725
18065.2 93.4723
18065.6 93.4721
18065.9 93.4719
18066.3 93.4717
18066.6 93.4715
18067 93.4714
18067.4 93.4713
18067.7 93.4712
18068.1 93.4711
18068.5 93.4709
18068.8 93.4708
18069.2 93.4707
18069.6 93.4706
18069.9 93.4705
18070.3 93.4704
18070.7 93.4703
18071 93.4702
18071.4 93.4701
18071.8 93.4701
18072.1 93.47
18072.5 93.4699
18072.9 93.4698
18073.2 93.4697
18073.6 93.4696
18074 93.4697
18074.3 93.4696
18074.7 93.4695
18075.1 93.4695
18075.4 93.4694
18075.8 93.4695
18076.2 93.4694
18076.5 93.4694
18076.9 93.4694
18077.3 93.4693
18077.6 93.4693
18078 93.4693
18078.4 93.4693
18078.7 93.4693
18079.1 93.4693
18079.5 93.4693
18079.8 93.4693
18080.2 93.4693
18080.6 93.4694
18080.9 93.4694
18081.3 93.4694
18081.7 93.4695
18082 93.4696
18082.4 93.4696
18082.8 93.4696
18083.1 93.4696
18083.5 93.4696
18083.9 93.4696
18084.2 93.4696
18084.6 93.4696
18085 93.4696
18085.3 93.4695
18085.7 93.4695
18086.1 93.4695
18086.4 93.4695
18086.8 93.4695
18087.2 93.4694
18087.5 93.4694
18087.9 93.4694
18088.3 93.4694
18088.6 93.4694
18089 93.4694
18089.4 93.4694
18089.7 93.4694
18090.1 93.4694
18090.5 93.4694
18090.8 93.4694
18091.2 93.4695
18091.6 93.4695
18091.9 93.4695
18092.3 93.4695
18092.7 93.4695
18093 93.4694
18093.4 93.4695
18093.7 93.4695
18094.1 93.4695
18094.5 93.4694
18094.8 93.4693
18095.2 93.4692
18095.6 93.469
18095.9 93.4689
18096.3 93.4687
18096.7 93.4685
18097 93.4683
18097.4 93.4681
18097.8 93.4679
18098.1 93.4677
18098.5 93.4675
18098.9 93.4673
18099.2 93.4671
18099.6 93.4668
18100 93.4668
18100.3 93.4666
18100.7 93.4664
18101.1 93.4661
18101.4 93.4659
18101.8 93.4657
18102.2 93.4655
18102.5 93.4652
18102.9 93.465
18103.3 93.4648
18103.6 93.4646
18104 93.4644
18104.4 93.4642
18104.7 93.464
18105.1 93.4638
18105.5 93.4636
18105.8 93.4634
18106.2 93.4632
18106.6 93.4632
18106.9 93.463
18107.3 93.4628
18107.7 93.4626
18108 93.4624
18108.4 93.4623
18108.8 93.4621
18109.1 93.4619
18109.5 93.4617
18109.9 93.4615
18110.2 93.4613
18110.6 93.4611
18111 93.4609
18111.3 93.4607
18111.7 93.4604
18112.1 93.4602
18112.4 93.46
18112.8 93.4597
18113.2 93.4596
18113.5 93.4594
18113.9 93.4592
18114.3 93.459
18114.6 93.4587
18115 93.4585
18115.4 93.4583
18115.7 93.4581
18116.1 93.4579
18116.5 93.4577
18116.8 93.4575
18117.2 93.4572
18117.6 93.457
18117.9 93.4568
18118.3 93.4566
18118.7 93.4563
18119 93.4561
18119.4 93.4558
18119.8 93.4558
18120.1 93.4556
18120.5 93.4554
18120.8 93.4552
18121.2 93.455
18121.6 93.4548
18121.9 93.4546
18122.3 93.4544
18122.7 93.4543
18123 93.4541
18123.4 93.454
18123.8 93.4538
18124.1 93.4537
18124.5 93.4536
18124.9 93.4535
18125.2 93.4533
18125.6 93.4532
18126 93.4532
18126.3 93.4531
18126.7 93.4529
18127.1 93.4527
18127.4 93.4525
18127.8 93.4523
18128.2 93.452
18128.5 93.4518
18128.9 93.4515
18129.3 93.4512
18129.6 93.4508
18130 93.4505
18130.4 93.4501
18130.7 93.4497
18131.1 93.4492
18131.5 93.4488
18131.8 93.4483
18132.2 93.4479
18132.6 93.4478
18132.9 93.4473
18133.3 93.4469
18133.7 93.4464
18134 93.4459
18134.4 93.4454
18134.8 93.4449
18135.1 93.4444
18135.5 93.444
18135.9 93.4435
18136.2 93.443
18136.6 93.4425
18137 93.442
18137.3 93.4415
18137.7 93.441
18138.1 93.4406
18138.4 93.4401
18138.8 93.4396
18139.2 93.4396
18139.5 93.4392
18139.9 93.4387
18140.3 93.4383
18140.6 93.4378
18141 93.4374
18141.4 93.437
18141.7 93.4365
18142.1 93.4361
18142.5 93.4357
18142.8 93.4352
18143.2 93.4348
18143.6 93.4343
18143.9 93.4338
18144.3 93.4334
18144.7 93.433
18145 93.4325
18145.4 93.4321
18145.8 93.432
18146.1 93.4315
18146.5 93.4311
18146.8 93.4307
18147.2 93.4302
18147.6 93.4298
18147.9 93.4293
18148.3 93.4289
18148.7 93.4284
18149 93.428
18149.4 93.4275
18149.8 93.4268
18150.1 93.4264
18150.5 93.4259
18150.9 93.4254
18151.2 93.425
18151.6 93.4245
18152 93.4241
18152.3 93.4239
18152.7 93.4234
18153.1 93.423
18153.4 93.4225
18153.8 93.4221
18154.2 93.4216
18154.5 93.4212
18154.9 93.4207
18155.3 93.4203
18155.6 93.4197
18156 93.4192
18156.4 93.4188
18156.7 93.4184
18157.1 93.4181
18157.5 93.4177
18157.8 93.4173
18158.2 93.417
18158.6 93.4167
18158.9 93.4165
18159.3 93.4162
18159.7 93.4159
18160 93.4156
18160.4 93.4154
18160.8 93.4151
18161.1 93.4149
18161.5 93.4146
18161.9 93.4142
18162.2 93.4139
18162.6 93.4137
18163 93.4134
18163.3 93.4131
18163.7 93.4128
18164.1 93.4125
18164.4 93.4122
18164.8 93.4118
18165.2 93.4116
18165.5 93.4113
18165.9 93.4109
18166.3 93.4105
18166.6 93.41
18167 93.4096
18167.4 93.4091
18167.7 93.4087
18168.1 93.408
18168.5 93.4076
18168.8 93.4071
18169.2 93.4067
18169.6 93.4062
18169.9 93.4058
18170.3 93.4054
18170.7 93.4049
18171 93.4045
18171.4 93.4042
18171.8 93.404
18172.1 93.4036
18172.5 93.4033
18172.8 93.4029
18173.2 93.4026
18173.6 93.4023
18173.9 93.4019
18174.3 93.4015
18174.7 93.4012
18175 93.4009
18175.4 93.4006
18175.8 93.4002
18176.1 93.3999
18176.5 93.3996
18176.9 93.3993
18177.2 93.3989
18177.6 93.3986
18178 93.3982
18178.3 93.3981
18178.7 93.3977
18179.1 93.3973
18179.4 93.3969
18179.8 93.3965
18180.2 93.3961
18180.5 93.3955
18180.9 93.3951
18181.3 93.3947
18181.6 93.3942
18182 93.3938
18182.4 93.3933
18182.7 93.3929
18183.1 93.3925
18183.5 93.392
18183.8 93.3916
18184.2 93.3912
18184.6 93.3908
18184.9 93.3907
18185.3 93.3903
18185.7 93.3899
18186 93.3895
18186.4 93.3891
18186.8 93.3888
18187.1 93.3884
18187.5 93.388
18187.9 93.3877
18188.2 93.3873
18188.6 93.387
18189 93.3867
18189.3 93.3863
18189.7 93.3859
18190.1 93.3856
18190.4 93.3852
18190.8 93.3849
18191.2 93.3845
18191.5 93.3845
18191.9 93.3841
18192.3 93.3837
18192.6 93.3833
18193 93.383
18193.4 93.3826
18193.7 93.3823
18194.1 93.3819
18194.5 93.3816
18194.8 93.3812
18195.2 93.3808
18195.6 93.3805
18195.9 93.3802
18196.3 93.3798
18196.7 93.3795
18197 93.3792
18197.4 93.3789
18197.8 93.379
18198.1 93.3787
18198.5 93.3784
18198.9 93.3781
18199.2 93.3779
18199.6 93.3776
18199.9 93.3773
18200.3 93.377
18200.7 93.3768
18201 93.3765
18201.4 93.3762
18201.8 93.3759
18202.1 93.3757
18202.5 93.3754
18202.9 93.3752
18203.2 93.3749
18203.6 93.3747
18204 93.3744
18204.3 93.3744
18204.7 93.3741
18205.1 93.3739
18205.4 93.3736
18205.8 93.3734
18206.2 93.3732
18206.5 93.373
18206.9 93.3728
18207.3 93.3726
18207.6 93.3724
18208 93.3722
18208.4 93.372
18208.7 93.3718
18209.1 93.3716
18209.5 93.3714
18209.8 93.3712
18210.2 93.371
18210.6 93.3708
18210.9 93.3709
18211.3 93.3707
18211.7 93.3705
18212 93.3703
18212.4 93.3701
18212.8 93.37
18213.1 93.3698
18213.5 93.3696
18213.9 93.3694
18214.2 93.3692
18214.6 93.369
18215 93.3688
18215.3 93.3686
18215.7 93.3684
18216.1 93.3682
18216.4 93.368
18216.8 93.3679
18217.2 93.3677
18217.5 93.3677
18217.9 93.3675
18218.3 93.3673
18218.6 93.3671
18219 93.3669
18219.4 93.3666
18219.7 93.3664
18220.1 93.3661
18220.5 93.3659
18220.8 93.3656
18221.2 93.3654
18221.6 93.3651
18221.9 93.3649
18222.3 93.3646
18222.7 93.3644
18223 93.3641
18223.4 93.3638
18223.8 93.3636
18224.1 93.3635
18224.5 93.3633
18224.9 93.363
18225.2 93.3628
18225.6 93.3625
18226 93.3623
18226.3 93.362
18226.7 93.3617
18227 93.3615
18227.4 93.3612
18227.8 93.3609
18228.1 93.3606
18228.5 93.3603
18228.9 93.3601
18229.2 93.3597
18229.6 93.3594
18230 93.3591
18230.3 93.3588
18230.7 93.3588
18231.1 93.3585
18231.4 93.3581
18231.8 93.3578
18232.2 93.3575
18232.5 93.3571
18232.9 93.3568
18233.3 93.3564
18233.6 93.356
18234 93.3557
18234.4 93.3553
18234.7 93.355
18235.1 93.3546
18235.5 93.3543
18235.8 93.3539
18236.2 93.3536
18236.6 93.3532
18236.9 93.3532
18237.3 93.3529
18237.7 93.3526
18238 93.3523
18238.4 93.3521
18238.8 93.3518
18239.1 93.3516
18239.5 93.3514
18239.9 93.3512
18240.2 93.351
18240.6 93.3508
18241 93.3507
18241.3 93.3505
18241.7 93.3504
18242.1 93.3503
18242.4 93.3501
18242.8 93.35
18243.2 93.3499
18243.5 93.3499
18243.9 93.3498
18244.3 93.3497
18244.6 93.3496
18245 93.3495
18245.4 93.3494
18245.7 93.3493
18246.1 93.3492
18246.5 93.3492
18246.8 93.3491
18247.2 93.349
18247.6 93.3489
18247.9 93.3489
18248.3 93.3489
18248.7 93.3489
18249 93.3488
18249.4 93.3488
18249.8 93.3488
18250.1 93.3489
18250.5 93.3489
18250.9 93.3489
18251.2 93.349
18251.6 93.349
18252 93.349
18252.3 93.3491
18252.7 93.3491
18253.1 93.3491
18253.4 93.3492
18253.8 93.3492
18254.1 93.3493
18254.5 93.3494
18254.9 93.3494
18255.2 93.3494
18255.6 93.3494
18256 93.3494
18256.3 93.3494
18256.7 93.3495
18257.1 93.3495
18257.4 93.3494
18257.8 93.3494
18258.2 93.3494
18258.5 93.3494
18258.9 93.3493
18259.3 93.3493
18259.6 93.3493
18260 93.3493
18260.4 93.3492
18260.7 93.3492
18261.1 93.3492
18261.5 93.3492
18261.8 93.3492
18262.2 93.3492
18262.6 93.3492
18262.9 93.3492
18263.3 93.3491
18263.7 93.3492
18264 93.3492
18264.4 93.3492
18264.8 93.3492
18265.1 93.3493
18265.5 93.3493
18265.9 93.3493
18266.2 93.3492
18266.6 93.3491
18267 93.3491
18267.3 93.349
18267.7 93.3489
18268.1 93.3487
18268.4 93.3486
18268.8 93.3484
18269.2 93.3483
18269.5 93.3482
18269.9 93.348
18270.3 93.3477
18270.6 93.3475
18271 93.3473
18271.4 93.347
18271.7 93.3468
18272.1 93.3465
18272.5 93.3463
18272.8 93.3459
18273.2 93.3456
18273.6 93.3453
18273.9 93.345
18274.3 93.3448
18274.7 93.3445
18275 93.3442
18275.4 93.344
18275.8 93.3437
18276.1 93.3436
18276.5 93.3433
18276.9 93.343
18277.2 93.3428
18277.6 93.3425
18278 93.3423
18278.3 93.3421
18278.7 93.3419
18279.1 93.3415
18279.4 93.3413
18279.8 93.3412
18280.2 93.341
18280.5 93.3408
18280.9 93.3407
18281.2 93.3405
18281.6 93.3404
18282 93.3403
18282.3 93.3402
18282.7 93.3402
18283.1 93.3401
18283.4 93.34
18283.8 93.3399
18284.2 93.3398
18284.5 93.3398
18284.9 93.3397
18285.3 93.3396
18285.6 93.3396
18286 93.3395
18286.4 93.3394
18286.7 93.3394
18287.1 93.3393
18287.5 93.3393
18287.8 93.3392
18288.2 93.3392
18288.6 93.3392
18288.9 93.3391
18289.3 93.3391
18289.7 93.3391
18290 93.3391
18290.4 93.3391
18290.8 93.3391
18291.1 93.339
18291.5 93.3391
18291.9 93.3391
18292.2 93.3392
18292.6 93.3392
18293 93.3393
18293.3 93.3394
18293.7 93.3395
18294.1 93.3396
18294.4 93.3397
18294.8 93.3399
18295.2 93.34
18295.5 93.3401
18295.9 93.3401
18296.3 93.3402
18296.6 93.3403
18297 93.3404
18297.4 93.3404
18297.7 93.3405
18298.1 93.3406
18298.5 93.3407
18298.8 93.3408
18299.2 93.3408
18299.6 93.3409
18299.9 93.3409
18300.3 93.341
18300.7 93.341
18301 93.341
18301.4 93.3411
18301.8 93.3411
18302.1 93.3411
18302.5 93.341
18302.9 93.341
18303.2 93.341
18303.6 93.341
18304 93.3409
18304.3 93.3409
18304.7 93.3409
18305.1 93.3408
18305.4 93.3408
18305.8 93.3408
18306.2 93.3408
18306.5 93.3408
18306.9 93.3407
18307.3 93.3407
18307.6 93.3407
18308 93.3407
18308.3 93.3407
18308.7 93.3407
18309.1 93.3407
18309.4 93.3407
18309.8 93.3406
18310.2 93.3406
18310.5 93.3407
18310.9 93.3407
18311.3 93.3408
18311.6 93.3408
18312 93.3409
18312.4 93.341
18312.7 93.341
18313.1 93.3411
18313.5 93.3411
18313.8 93.3412
18314.2 93.3412
18314.6 93.3413
18314.9 93.3413
18315.3 93.3412
18315.7 93.3412
18316 93.3411
18316.4 93.3411
18316.8 93.3411
18317.1 93.3411
18317.5 93.3411
18317.9 93.3411
18318.2 93.341
18318.6 93.341
18319 93.341
18319.3 93.341
18319.7 93.341
18320.1 93.341
18320.4 93.3409
18320.8 93.3409
18321.2 93.3409
18321.5 93.3408
18321.9 93.3407
18322.3 93.3407
18322.6 93.3406
18323 93.3406
18323.4 93.3406
18323.7 93.3405
18324.1 93.3405
18324.5 93.3404
18324.8 93.3403
18325.2 93.3402
18325.6 93.3402
18325.9 93.3401
18326.3 93.3399
18326.7 93.3399
18327 93.3397
18327.4 93.3396
18327.8 93.3395
18328.1 93.3393
18328.5 93.3392
18328.9 93.3391
18329.2 93.339
18329.6 93.3389
18330 93.3387
18330.3 93.3386
18330.7 93.3385
18331.1 93.3384
18331.4 93.3383
18331.8 93.3382
18332.2 93.3381
18332.5 93.338
18332.9 93.3379
18333.3 93.3378
18333.6 93.3378
18334 93.3377
18334.3 93.3376
18334.7 93.3376
18335.1 93.3375
18335.4 93.3375
18335.8 93.3375
18336.2 93.3374
18336.5 93.3374
18336.9 93.3375
18337.3 93.3375
18337.6 93.3375
18338 93.3376
18338.4 93.3376
18338.7 93.3377
18339.1 93.3377
18339.5 93.3378
18339.8 93.3379
18340.2 93.338
18340.6 93.3381
18340.9 93.3382
18341.3 93.3382
18341.7 93.3383
18342 93.3384
18342.4 93.3385
18342.8 93.3386
18343.1 93.3388
18343.5 93.3389
18343.9 93.339
18344.2 93.3392
18344.6 93.3394
18345 93.3395
18345.3 93.3397
18345.7 93.3399
18346.1 93.3401
18346.4 93.3404
18346.8 93.3407
18347.2 93.341
18347.5 93.3413
18347.9 93.3414
18348.3 93.3416
18348.6 93.3419
18349 93.3422
18349.4 93.3425
18349.7 93.3428
18350.1 93.3431
18350.5 93.3434
18350.8 93.3437
18351.2 93.344
18351.6 93.3443
18351.9 93.3445
18352.3 93.3448
18352.7 93.3451
18353 93.3453
18353.4 93.3455
18353.8 93.3458
18354.1 93.346
18354.5 93.3459
18354.9 93.3462
18355.2 93.3464
18355.6 93.3467
18356 93.347
18356.3 93.3472
18356.7 93.3475
18357.1 93.3477
18357.4 93.348
18357.8 93.3483
18358.2 93.3485
18358.5 93.3488
18358.9 93.3489
18359.3 93.3491
18359.6 93.3493
18360 93.3495
18360.3 93.3497
18360.7 93.3498
18361.1 93.3497
18361.4 93.3498
18361.8 93.3499
18362.2 93.35
18362.5 93.3501
18362.9 93.3501
18363.3 93.3502
18363.6 93.3502
18364 93.3503
18364.4 93.3503
18364.7 93.3503
18365.1 93.3502
18365.5 93.3503
18365.8 93.3503
18366.2 93.3503
18366.6 93.3503
18366.9 93.3503
18367.3 93.3503
18367.7 93.3502
18368 93.3503
18368.4 93.3503
18368.8 93.3503
18369.1 93.3503
18369.5 93.3503
18369.9 93.3504
18370.2 93.3504
18370.6 93.3505
18371 93.3506
18371.3 93.3505
18371.7 93.3506
18372.1 93.3507
18372.4 93.3508
18372.8 93.3508
18373.2 93.3509
18373.5 93.351
18373.9 93.3511
18374.3 93.351
18374.6 93.351
18375 93.3511
18375.4 93.3512
18375.7 93.3513
18376.1 93.3514
18376.5 93.3515
18376.8 93.3516
18377.2 93.3516
18377.6 93.3516
18377.9 93.3516
18378.3 93.3517
18378.7 93.3517
18379 93.3517
18379.4 93.3518
18379.8 93.3518
18380.1 93.3518
18380.5 93.3516
18380.9 93.3516
18381.2 93.3516
18381.6 93.3516
18382 93.3516
18382.3 93.3517
18382.7 93.3517
18383.1 93.3517
18383.4 93.3517
18383.8 93.3517
18384.2 93.3517
18384.5 93.3518
18384.9 93.3518
18385.3 93.3519
18385.6 93.352
18386 93.352
18386.4 93.3521
18386.7 93.3522
18387.1 93.3521
18387.4 93.3522
18387.8 93.3522
18388.2 93.3523
18388.5 93.3523
18388.9 93.3523
18389.3 93.3524
18389.6 93.3523
18390 93.3523
18390.4 93.3522
18390.7 93.3522
18391.1 93.3521
18391.5 93.3521
18391.8 93.352
18392.2 93.352
18392.6 93.3519
18392.9 93.3518
18393.3 93.3517
18393.7 93.3514
18394 93.3513
18394.4 93.3512
18394.8 93.3511
18395.1 93.351
18395.5 93.3508
18395.9 93.3504
18396.2 93.3503
18396.6 93.3502
18397 93.3501
18397.3 93.35
18397.7 93.35
18398.1 93.3499
18398.4 93.3499
18398.8 93.3499
18399.2 93.3499
18399.5 93.3498
18399.9 93.3498
18400.3 93.3496
18400.6 93.3496
18401 93.3496
18401.4 93.3497
18401.7 93.3497
18402.1 93.3497
18402.5 93.3498
18402.8 93.3499
18403.2 93.35
18403.6 93.3501
18403.9 93.3502
18404.3 93.3503
18404.7 93.3505
18405 93.3506
18405.4 93.3508
18405.8 93.3509
18406.1 93.3511
18406.5 93.3513
18406.9 93.3512
18407.2 93.3514
18407.6 93.3515
18408 93.3517
18408.3 93.3517
18408.7 93.3519
18409.1 93.352
18409.4 93.3521
18409.8 93.3522
18410.2 93.3523
18410.5 93.3524
18410.9 93.3525
18411.3 93.3526
18411.6 93.3526
18412 93.3526
18412.4 93.3527
18412.7 93.3527
18413.1 93.3525
18413.5 93.3525
18413.8 93.3524
18414.2 93.3524
18414.5 93.3521
18414.9 93.3521
18415.3 93.352
18415.6 93.3519
18416 93.3519
18416.4 93.3518
18416.7 93.3517
18417.1 93.3517
18417.5 93.3517
18417.8 93.3516
18418.2 93.3516
18418.6 93.3516
18418.9 93.3516
18419.3 93.3516
18419.7 93.3513
18420 93.3513
18420.4 93.3513
18420.8 93.3511
18421.1 93.3511
18421.5 93.3511
18421.9 93.3511
18422.2 93.3511
18422.6 93.3511
18423 93.3512
18423.3 93.3512
18423.7 93.3512
18424.1 93.3512
18424.4 93.3512
18424.8 93.3512
18425.2 93.3512
18425.5 93.3512
18425.9 93.3512
18426.3 93.3509
18426.6 93.3507
18427 93.3506
18427.4 93.3505
18427.7 93.3505
18428.1 93.3504
18428.5 93.3503
18428.8 93.3502
18429.2 93.35
18429.6 93.3499
18429.9 93.3497
18430.3 93.3495
18430.7 93.3493
18431 93.3491
18431.4 93.3488
18431.8 93.3486
18432.1 93.3483
18432.5 93.3481
18432.9 93.3473
18433.2 93.347
18433.6 93.3467
18434 93.3465
18434.3 93.3462
18434.7 93.3459
18435.1 93.3457
18435.4 93.3455
18435.8 93.3453
18436.2 93.3451
18436.5 93.345
18436.9 93.3448
18437.3 93.3448
18437.6 93.3447
18438 93.3446
18438.4 93.3446
18438.7 93.3446
18439.1 93.3443
18439.5 93.344
18439.8 93.344
18440.2 93.3441
18440.6 93.3442
18440.9 93.3442
18441.3 93.3443
18441.6 93.3444
18442 93.3446
18442.4 93.3447
18442.7 93.3448
18443.1 93.3449
18443.5 93.3451
18443.8 93.3452
18444.2 93.3453
18444.6 93.3455
18444.9 93.3456
18445.3 93.3455
18445.7 93.3456
18446 93.3455
18446.4 93.3456
18446.8 93.3457
18447.1 93.3458
18447.5 93.3459
18447.9 93.346
18448.2 93.3462
18448.6 93.3463
18449 93.3464
18449.3 93.3465
18449.7 93.3467
18450.1 93.3469
18450.4 93.347
18450.8 93.3472
18451.2 93.3474
18451.5 93.3475
18451.9 93.3477
18452.3 93.3476
18452.6 93.3478
18453 93.348
18453.4 93.3482
18453.7 93.3484
18454.1 93.3487
18454.5 93.3489
18454.8 93.3491
18455.2 93.3494
18455.6 93.3496
18455.9 93.3498
18456.3 93.35
18456.7 93.3502
18457 93.3504
18457.4 93.3504
18457.8 93.3505
18458.1 93.3507
18458.5 93.3509
18458.9 93.3507
18459.2 93.3508
18459.6 93.351
18460 93.3512
18460.3 93.3513
18460.7 93.3515
18461.1 93.3517
18461.4 93.3519
18461.8 93.3521
18462.2 93.3523
18462.5 93.3525
18462.9 93.3527
18463.3 93.3529
18463.6 93.3529
18464 93.3532
18464.4 93.3534
18464.7 93.3536
18465.1 93.3538
18465.5 93.3536
18465.8 93.3538
18466.2 93.354
18466.6 93.3543
18466.9 93.3545
18467.3 93.3547
18467.7 93.3549
18468 93.3551
18468.4 93.3552
18468.7 93.3554
18469.1 93.3556
18469.5 93.3557
18469.8 93.3556
18470.2 93.3557
18470.6 93.3558
18470.9 93.3559
18471.3 93.356
18471.7 93.356
18472 93.3558
18472.4 93.3558
18472.8 93.3558
18473.1 93.3558
18473.5 93.3558
18473.9 93.3558
18474.2 93.3558
18474.6 93.3557
18475 93.3556
18475.3 93.3556
18475.7 93.3555
18476.1 93.3551
18476.4 93.355
18476.8 93.3549
18477.2 93.3548
18477.5 93.3547
18477.9 93.3546
18478.3 93.3545
18478.6 93.3543
18479 93.3542
18479.4 93.3541
18479.7 93.354
18480.1 93.3539
18480.5 93.3538
18480.8 93.3538
18481.2 93.3537
18481.6 93.3536
18481.9 93.3536
18482.3 93.3533
18482.7 93.3533
18483 93.3533
18483.4 93.3532
18483.8 93.3532
18484.1 93.3532
18484.5 93.3532
18484.9 93.353
18485.2 93.353
18485.6 93.3531
18486 93.3531
18486.3 93.3531
18486.7 93.3531
18487.1 93.3531
18487.4 93.3532
18487.8 93.3532
18488.2 93.3533
18488.5 93.3532
18488.9 93.3533
18489.3 93.3533
18489.6 93.3533
18490 93.3533
18490.4 93.3533
18490.7 93.3533
18491.1 93.3533
18491.5 93.3532
18491.8 93.3532
18492.2 93.3531
18492.6 93.353
18492.9 93.3529
18493.3 93.3528
18493.7 93.3526
18494 93.3524
18494.4 93.352
18494.8 93.3517
18495.1 93.3515
18495.5 93.3512
18495.8 93.3509
18496.2 93.3505
18496.6 93.3502
18496.9 93.3499
18497.3 93.3495
18497.7 93.3492
18498 93.3488
18498.4 93.3485
18498.8 93.3481
18499.1 93.3478
18499.5 93.3474
18499.9 93.3471
18500.2 93.3468
18500.6 93.3462
18501 93.3459
18501.3 93.3456
18501.7 93.3453
18502.1 93.3451
18502.4 93.3448
18502.8 93.3446
18503.2 93.3444
18503.5 93.3441
18503.9 93.3439
18504.3 93.3437
18504.6 93.3434
18505 93.3432
18505.4 93.3429
18505.7 93.3427
18506.1 93.3425
18506.5 93.3422
18506.8 93.3418
18507.2 93.3415
18507.6 93.3413
18507.9 93.341
18508.3 93.3408
18508.7 93.3406
18509 93.3403
18509.4 93.34
18509.8 93.3398
18510.1 93.3395
18510.5 93.3392
18510.9 93.3389
18511.2 93.3386
18511.6 93.3383
18512 93.338
18512.3 93.3377
18512.7 93.3374
18513.1 93.3368
18513.4 93.3365
18513.8 93.3362
18514.2 93.3359
18514.5 93.3355
18514.9 93.3352
18515.3 93.3349
18515.6 93.3345
18516 93.3342
18516.4 93.3338
18516.7 93.3335
18517.1 93.3331
18517.5 93.3329
18517.8 93.3325
18518.2 93.3322
18518.6 93.3318
18518.9 93.3315
18519.3 93.3309
18519.7 93.3306
18520 93.3303
18520.4 93.33
18520.8 93.3297
18521.1 93.3293
18521.5 93.3291
18521.8 93.3288
18522.2 93.3285
18522.6 93.3283
18522.9 93.328
18523.3 93.3278
18523.7 93.3276
18524 93.3274
18524.4 93.3272
18524.8 93.327
18525.1 93.3267
18525.5 93.3265
18525.9 93.3263
18526.2 93.3262
18526.6 93.326
18527 93.3259
18527.3 93.3257
18527.7 93.3256
18528.1 93.3255
18528.4 93.3253
18528.8 93.3252
18529.2 93.3251
18529.5 93.325
18529.9 93.3248
18530.3 93.3247
18530.6 93.3245
18531 93.3244
18531.4 93.324
18531.7 93.3239
18532.1 93.3237
18532.5 93.3236
18532.8 93.3234
18533.2 93.3233
18533.6 93.3232
18533.9 93.3231
18534.3 93.323
18534.7 93.3229
18535 93.3228
18535.4 93.3227
18535.8 93.3226
18536.1 93.3225
18536.5 93.3224
18536.9 93.3224
18537.2 93.3221
18537.6 93.3218
18538 93.3217
18538.3 93.3216
18538.7 93.3215
18539.1 93.3214
18539.4 93.3213
18539.8 93.3211
18540.2 93.3209
18540.5 93.3207
18540.9 93.3205
18541.3 93.3203
18541.6 93.3201
18542 93.3198
18542.4 93.3195
18542.7 93.3193
18543.1 93.319
18543.5 93.3187
18543.8 93.3182
18544.2 93.3179
18544.6 93.3176
18544.9 93.3173
18545.3 93.3169
18545.7 93.3166
18546 93.3162
18546.4 93.3159
18546.8 93.3155
18547.1 93.3151
18547.5 93.3148
18547.8 93.3144
18548.2 93.314
18548.6 93.3135
18548.9 93.3131
18549.3 93.3127
18549.7 93.3122
18550 93.3115
18550.4 93.3111
18550.8 93.3106
18551.1 93.3101
18551.5 93.3096
18551.9 93.3091
18552.2 93.3086
18552.6 93.3081
18553 93.3075
18553.3 93.307
18553.7 93.3065
18554.1 93.306
18554.4 93.3054
18554.8 93.3049
18555.2 93.3044
18555.5 93.3039
18555.9 93.3035
18556.3 93.3027
18556.6 93.3023
18557 93.3019
18557.4 93.3014
18557.7 93.301
18558.1 93.3006
18558.5 93.3002
18558.8 93.2998
18559.2 93.2993
18559.6 93.299
18559.9 93.2986
18560.3 93.2982
18560.7 93.2978
18561 93.2974
18561.4 93.297
18561.8 93.2965
18562.1 93.2959
18562.5 93.2955
18562.9 93.2951
18563.2 93.2948
18563.6 93.2944
18564 93.294
18564.3 93.2936
18564.7 93.2932
18565.1 93.2928
18565.4 93.2925
18565.8 93.2921
18566.2 93.2917
18566.5 93.2914
18566.9 93.291
18567.3 93.2907
18567.6 93.2904
18568 93.2901
18568.4 93.2896
18568.7 93.2893
18569.1 93.2891
18569.5 93.2888
18569.8 93.2886
18570.2 93.2883
18570.6 93.2881
18570.9 93.2878
18571.3 93.2876
18571.7 93.2873
18572 93.2871
18572.4 93.2869
18572.8 93.2866
18573.1 93.2864
18573.5 93.2862
18573.9 93.286
18574.2 93.2858
18574.6 93.2854
18574.9 93.2852
18575.3 93.285
18575.7 93.2848
18576 93.2846
18576.4 93.2845
18576.8 93.2843
18577.1 93.2841
18577.5 93.2839
18577.9 93.2838
18578.2 93.2836
18578.6 93.2834
18579 93.2832
18579.3 93.2831
18579.7 93.2829
18580.1 93.2827
18580.4 93.2825
18580.8 93.2822
18581.2 93.282
18581.5 93.2818
18581.9 93.2817
18582.3 93.2815
18582.6 93.2813
18583 93.2812
18583.4 93.281
18583.7 93.2809
18584.1 93.2807
18584.5 93.2806
18584.8 93.2805
18585.2 93.2803
18585.6 93.2802
18585.9 93.2801
18586.3 93.2799
18586.7 93.2798
18587 93.2795
18587.4 93.2794
18587.8 93.2792
18588.1 93.279
18588.5 93.2788
18588.9 93.2786
18589.2 93.2784
18589.6 93.2782
18590 93.278
18590.3 93.2777
18590.7 93.2774
18591.1 93.2771
18591.4 93.2768
18591.8 93.2765
18592.2 93.2761
18592.5 93.2758
18592.9 93.2752
18593.3 93.2748
18593.6 93.2744
18594 93.274
18594.4 93.2736
18594.7 93.2732
18595.1 93.2727
18595.5 93.2723
18595.8 93.272
18596.2 93.2716
18596.6 93.2711
18596.9 93.2707
18597.3 93.2702
18597.7 93.2697
18598 93.2692
18598.4 93.2687
18598.8 93.2683
18599.1 93.2676
18599.5 93.2671
18599.9 93.2666
18600.2 93.2662
18600.6 93.2658
18601 93.2654
18601.3 93.2649
18601.7 93.2645
18602 93.2641
18602.4 93.264
18602.8 93.2636
18603.1 93.2633
18603.5 93.2629
18603.9 93.2626
18604.2 93.2623
18604.6 93.262
18605 93.2617
18605.3 93.2614
18605.7 93.2612
18606.1 93.2609
18606.4 93.2607
18606.8 93.2605
18607.2 93.2604
18607.5 93.2602
18607.9 93.2601
18608.3 93.2599
18608.6 93.2598
18609 93.2597
18609.4 93.2595
18609.7 93.2594
18610.1 93.2592
18610.5 93.2591
18610.8 93.2589
18611.2 93.2588
18611.6 93.2585
18611.9 93.2584
18612.3 93.2583
18612.7 93.2581
18613 93.2579
18613.4 93.2578
18613.8 93.2576
18614.1 93.2574
18614.5 93.2572
18614.9 93.2571
18615.2 93.2569
18615.6 93.2567
18616 93.2565
18616.3 93.2563
18616.7 93.2561
18617.1 93.2559
18617.4 93.2556
18617.8 93.2553
18618.2 93.2551
18618.5 93.2548
18618.9 93.2546
18619.3 93.2543
18619.6 93.2541
18620 93.2538
18620.4 93.2536
18620.7 93.2533
18621.1 93.2531
18621.5 93.2528
18621.8 93.2526
18622.2 93.2525
18622.6 93.2523
18622.9 93.2521
18623.3 93.2519
18623.7 93.2515
18624 93.2514
18624.4 93.2511
18624.8 93.251
18625.1 93.2508
18625.5 93.2505
18625.9 93.2504
18626.2 93.2502
18626.6 93.2499
18627 93.2497
18627.3 93.2495
18627.7 93.2493
18628.1 93.249
18628.4 93.2489
18628.8 93.2487
18629.1 93.2484
18629.5 93.2482
18629.9 93.2478
18630.2 93.2475
18630.6 93.2472
18631 93.2469
18631.3 93.2465
18631.7 93.2462
18632.1 93.2459
18632.4 93.2455
18632.8 93.2452
18633.2 93.2448
18633.5 93.2445
18633.9 93.2441
18634.3 93.2437
18634.6 93.2433
18635 93.2432
18635.4 93.2428
18635.7 93.2424
18636.1 93.2418
18636.5 93.2414
18636.8 93.241
18637.2 93.2407
18637.6 93.2403
18637.9 93.2399
18638.3 93.2396
18638.7 93.2393
18639 93.239
18639.4 93.2387
18639.8 93.2384
18640.1 93.2382
18640.5 93.238
18640.9 93.2378
18641.2 93.2376
18641.6 93.2374
18642 93.2373
18642.3 93.2371
18642.7 93.237
18643.1 93.2369
18643.4 93.2368
18643.8 93.2368
18644.2 93.2367
18644.5 93.2367
18644.9 93.2366
18645.3 93.2365
18645.6 93.2365
18646 93.2364
18646.4 93.2363
18646.7 93.2362
18647.1 93.236
18647.5 93.2359
18647.8 93.2357
18648.2 93.2355
18648.6 93.2352
18648.9 93.235
18649.3 93.2348
18649.7 93.2346
18650 93.2343
18650.4 93.2341
18650.8 93.2338
18651.1 93.2336
18651.5 93.2333
18651.9 93.2331
18652.2 93.2328
18652.6 93.2325
18653 93.2322
18653.3 93.232
18653.7 93.2317
18654.1 93.2314
18654.4 93.2311
18654.8 93.2307
18655.2 93.2304
18655.5 93.2301
18655.9 93.2299
18656.2 93.2296
18656.6 93.2293
18657 93.229
18657.3 93.2287
18657.7 93.2284
18658.1 93.2281
18658.4 93.2278
18658.8 93.2275
18659.2 93.2272
18659.5 93.2269
18659.9 93.2266
18660.3 93.2263
18660.6 93.2259
18661 93.2258
18661.4 93.2255
18661.7 93.2253
18662.1 93.225
18662.5 93.2248
18662.8 93.2245
18663.2 93.2243
18663.6 93.2241
18663.9 93.2239
18664.3 93.2237
18664.7 93.2234
18665 93.2232
18665.4 93.223
18665.8 93.2228
18666.1 93.2226
18666.5 93.2223
18666.9 93.222
18667.2 93.2217
18667.6 93.2216
18668 93.2213
18668.3 93.221
18668.7 93.2207
18669.1 93.2204
18669.4 93.22
18669.8 93.2197
18670.2 93.2193
18670.5 93.2189
18670.9 93.2186
18671.3 93.2181
18671.6 93.2177
18672 93.2173
18672.4 93.2169
18672.7 93.2165
18673.1 93.2158
18673.5 93.2154
18673.8 93.215
18674.2 93.2148
18674.6 93.2144
18674.9 93.214
18675.3 93.2136
18675.7 93.2132
18676 93.2129
18676.4 93.2125
18676.8 93.2122
18677.1 93.2118
18677.5 93.2115
18677.9 93.2112
18678.2 93.2109
18678.6 93.2106
18679 93.2103
18679.3 93.2099
18679.7 93.2097
18680.1 93.2094
18680.4 93.2092
18680.8 93.2091
18681.2 93.2088
18681.5 93.2086
18681.9 93.2084
18682.3 93.2081
18682.6 93.2079
18683 93.2076
18683.3 93.2074
18683.7 93.2072
18684.1 93.2069
18684.4 93.2067
18684.8 93.2065
18685.2 93.2062
18685.5 93.2059
18685.9 93.2057
18686.3 93.2055
18686.6 93.2053
18687 93.2051
18687.4 93.205
18687.7 93.2048
18688.1 93.2046
18688.5 93.2043
18688.8 93.2041
18689.2 93.2039
18689.6 93.2037
18689.9 93.2035
18690.3 93.2033
18690.7 93.2031
18691 93.2029
18691.4 93.2026
18691.8 93.2023
18692.1 93.2021
18692.5 93.2019
18692.9 93.2017
18693.2 93.2015
18693.6 93.2013
18694 93.2012
18694.3 93.201
18694.7 93.2008
18695.1 93.2006
18695.4 93.2005
18695.8 93.2004
18696.2 93.2002
18696.5 93.2001
18696.9 93.1999
18697.3 93.1998
18697.6 93.1997
18698 93.1995
18698.4 93.1994
18698.7 93.1993
18699.1 93.1992
18699.5 93.1991
18699.8 93.199
18700.2 93.199
18700.6 93.199
18700.9 93.1989
18701.3 93.1988
18701.7 93.1987
18702 93.1987
18702.4 93.1986
18702.8 93.1986
18703.1 93.1985
18703.5 93.1984
18703.9 93.1984
18704.2 93.1984
18704.6 93.1984
18705 93.1983
18705.3 93.1983
18705.7 93.1983
18706.1 93.1983
18706.4 93.1983
18706.8 93.1983
18707.2 93.1983
18707.5 93.1983
18707.9 93.1983
18708.3 93.1982
18708.6 93.1982
18709 93.1982
18709.3 93.1981
18709.7 93.1981
18710.1 93.1979
18710.4 93.1978
18710.8 93.1976
18711.2 93.1975
18711.5 93.1973
18711.9 93.197
18712.3 93.1968
18712.6 93.1965
18713 93.1962
18713.4 93.1961
18713.7 93.1957
18714.1 93.1954
18714.5 93.1951
18714.8 93.1947
18715.2 93.1943
18715.6 93.194
18715.9 93.1936
18716.3 93.1931
18716.7 93.1928
18717 93.1924
18717.4 93.192
18717.8 93.1917
18718.1 93.1913
18718.5 93.1909
18718.9 93.1906
18719.2 93.1902
18719.6 93.1899
18720 93.1898
18720.3 93.1895
18720.7 93.1891
18721.1 93.1888
18721.4 93.1885
18721.8 93.1882
18722.2 93.1879
18722.5 93.1876
18722.9 93.1872
18723.3 93.187
18723.6 93.1867
18724 93.1864
18724.4 93.1861
18724.7 93.1859
18725.1 93.1856
18725.5 93.1854
18725.8 93.1851
18726.2 93.1849
18726.6 93.1848
18726.9 93.1846
18727.3 93.1843
18727.7 93.1841
18728 93.1839
18728.4 93.1836
18728.8 93.1833
18729.1 93.1831
18729.5 93.1829
18729.9 93.1827
18730.2 93.1824
18730.6 93.1822
18731 93.182
18731.3 93.1819
18731.7 93.1817
18732.1 93.1815
18732.4 93.1814
18732.8 93.1812
18733.2 93.1811
18733.5 93.181
18733.9 93.1808
18734.3 93.1807
18734.6 93.1805
18735 93.1804
18735.3 93.1803
18735.7 93.1802
18736.1 93.1801
18736.4 93.18
18736.8 93.1799
18737.2 93.1798
18737.5 93.1798
18737.9 93.1797
18738.3 93.1796
18738.6 93.1796
18739 93.1795
18739.4 93.1795
18739.7 93.1795
18740.1 93.1795
18740.5 93.1794
18740.8 93.1794
18741.2 93.1794
18741.6 93.1794
18741.9 93.1794
18742.3 93.1794
18742.7 93.1794
18743 93.1795
18743.4 93.1795
18743.8 93.1795
18744.1 93.1795
18744.5 93.1795
18744.9 93.1796
18745.2 93.1796
18745.6 93.1796
18746 93.1797
18746.3 93.1797
18746.7 93.1798
18747.1 93.1799
18747.4 93.1799
18747.8 93.1799
18748.2 93.18
18748.5 93.18
18748.9 93.18
18749.3 93.18
18749.6 93.18
18750 93.18
18750.4 93.18
18750.7 93.1799
18751.1 93.1799
18751.5 93.1798
18751.8 93.1797
18752.2 93.1796
18752.6 93.1795
18752.9 93.1794
18753.3 93.1791
18753.7 93.1789
18754 93.1787
18754.4 93.1784
18754.8 93.1782
18755.1 93.1779
18755.5 93.1777
18755.9 93.1774
18756.2 93.1771
18756.6 93.1769
18757 93.1766
18757.3 93.1763
18757.7 93.176
18758.1 93.1757
18758.4 93.1754
18758.8 93.1751
18759.2 93.1748
18759.5 93.1745
18759.9 93.1742
18760.3 93.1739
18760.6 93.1736
18761 93.1734
18761.4 93.1731
18761.7 93.1728
18762.1 93.1725
18762.4 93.1722
18762.8 93.1719
18763.2 93.1717
18763.5 93.1714
18763.9 93.1712
18764.3 93.1709
18764.6 93.1707
18765 93.1705
18765.4 93.1701
18765.7 93.1699
18766.1 93.1697
18766.5 93.1695
18766.8 93.1693
18767.2 93.1691
18767.6 93.1689
18767.9 93.1687
18768.3 93.1685
18768.7 93.1684
18769 93.1683
18769.4 93.1681
18769.8 93.1681
18770.1 93.168
18770.5 93.1679
18770.9 93.1679
18771.2 93.1678
18771.6 93.1677
18772 93.1676
18772.3 93.1675
18772.7 93.1675
18773.1 93.1675
18773.4 93.1674
18773.8 93.1674
18774.2 93.1674
18774.5 93.1673
18774.9 93.1672
18775.3 93.1672
18775.6 93.1671
18776 93.167
18776.4 93.1669
18776.7 93.1669
18777.1 93.1668
18777.5 93.1667
18777.8 93.1665
18778.2 93.1664
18778.6 93.1663
18778.9 93.1662
18779.3 93.1661
18779.7 93.1659
18780 93.1658
18780.4 93.1657
18780.8 93.1656
18781.1 93.1655
18781.5 93.1654
18781.9 93.1653
18782.2 93.1651
18782.6 93.165
18783 93.165
18783.3 93.1649
18783.7 93.1648
18784.1 93.1645
18784.4 93.1644
18784.8 93.1644
18785.2 93.1642
18785.5 93.1641
18785.9 93.164
18786.3 93.1639
18786.6 93.1639
18787 93.1638
18787.4 93.1638
18787.7 93.1638
18788.1 93.1637
18788.5 93.1637
18788.8 93.1636
18789.2 93.1636
18789.5 93.1635
18789.9 93.1635
18790.3 93.1631
18790.6 93.163
18791 93.1629
18791.4 93.1628
18791.7 93.1624
18792.1 93.1623
18792.5 93.1622
18792.8 93.162
18793.2 93.1619
18793.6 93.1617
18793.9 93.1615
18794.3 93.1613
18794.7 93.1611
18795 93.1609
18795.4 93.1607
18795.8 93.1605
18796.1 93.16
18796.5 93.1597
18796.9 93.1595
18797.2 93.1593
18797.6 93.159
18798 93.1588
18798.3 93.1585
18798.7 93.1583
18799.1 93.158
18799.4 93.1578
18799.8 93.1576
18800.2 93.1574
18800.5 93.1571
18800.9 93.1569
18801.3 93.1567
18801.6 93.1565
18802 93.1563
18802.4 93.1558
18802.7 93.1556
18803.1 93.1554
18803.5 93.1551
18803.8 93.1549
18804.2 93.1547
18804.6 93.1544
18804.9 93.1542
18805.3 93.1539
18805.7 93.1536
18806 93.1534
18806.4 93.1531
18806.8 93.1529
18807.1 93.1526
18807.5 93.1523
18807.9 93.152
18808.2 93.1517
18808.6 93.151
18809 93.1507
18809.3 93.1504
18809.7 93.15
18810.1 93.1497
18810.4 93.1494
18810.8 93.149
18811.2 93.1487
18811.5 93.1484
18811.9 93.148
18812.3 93.1477
18812.6 93.1474
18813 93.147
18813.4 93.1467
18813.7 93.1464
18814.1 93.146
18814.5 93.1457
18814.8 93.1452
18815.2 93.1449
18815.6 93.1446
18815.9 93.1443
18816.3 93.1441
18816.6 93.1438
18817 93.1435
18817.4 93.1432
18817.7 93.1431
18818.1 93.1428
18818.5 93.1425
18818.8 93.1422
18819.2 93.1419
18819.6 93.1416
18819.9 93.1413
18820.3 93.141
18820.7 93.1406
18821 93.1402
18821.4 93.1398
18821.8 93.1395
18822.1 93.1391
18822.5 93.1388
18822.9 93.1384
18823.2 93.138
18823.6 93.1376
18824 93.1373
18824.3 93.1371
18824.7 93.1367
18825.1 93.1364
18825.4 93.136
18825.8 93.1356
18826.2 93.1352
18826.5 93.1349
18826.9 93.1345
18827.3 93.1339
18827.6 93.1336
18828 93.1332
18828.4 93.1329
18828.7 93.1325
18829.1 93.1322
18829.5 93.1318
18829.8 93.1315
18830.2 93.1311
18830.6 93.1308
18830.9 93.1305
18831.3 93.1301
18831.7 93.1298
18832 93.1295
18832.4 93.1291
18832.8 93.1288
18833.1 93.1281
18833.5 93.1278
18833.9 93.1274
18834.2 93.1271
18834.6 93.1267
18835 93.1264
18835.3 93.126
18835.7 93.1256
18836.1 93.1253
18836.4 93.1249
18836.8 93.1245
18837.2 93.1241
18837.5 93.1237
18837.9 93.1232
18838.3 93.1228
18838.6 93.1223
18839 93.1219
18839.4 93.1209
18839.7 93.1204
18840.1 93.1199
18840.5 93.1193
18840.8 93.1188
18841.2 93.1183
18841.6 93.1177
18841.9 93.1171
18842.3 93.1166
18842.7 93.116
18843 93.1155
18843.4 93.1149
18843.7 93.1145
18844.1 93.114
18844.5 93.1135
18844.8 93.113
18845.2 93.1125
18845.6 93.1117
18845.9 93.1112
18846.3 93.1108
18846.7 93.1103
18847 93.1099
18847.4 93.1095
18847.8 93.1091
18848.1 93.1087
18848.5 93.1083
18848.9 93.1079
18849.2 93.1075
18849.6 93.1071
18850 93.1068
18850.3 93.1065
18850.7 93.1061
18851.1 93.1058
18851.4 93.1054
18851.8 93.1048
18852.2 93.1044
18852.5 93.104
18852.9 93.1036
18853.3 93.1031
18853.6 93.1027
18854 93.1023
18854.4 93.1019
18854.7 93.1014
18855.1 93.101
18855.5 93.1005
18855.8 93.1
18856.2 93.0996
18856.6 93.0991
18856.9 93.0987
18857.3 93.0983
18857.7 93.0978
18858 93.097
18858.4 93.0966
18858.8 93.0962
18859.1 93.0958
18859.5 93.0955
18859.9 93.0951
18860.2 93.0948
18860.6 93.0945
18861 93.0942
18861.3 93.0939
18861.7 93.0936
18862.1 93.0933
18862.4 93.093
18862.8 93.0927
18863.2 93.0924
18863.5 93.0921
18863.9 93.0915
18864.3 93.0913
18864.6 93.091
18865 93.0908
18865.4 93.0905
18865.7 93.0902
18866.1 93.0899
18866.5 93.0896
18866.8 93.0893
18867.2 93.0891
18867.6 93.0888
18867.9 93.0885
18868.3 93.0882
18868.7 93.0878
18869 93.0875
18869.4 93.0871
18869.8 93.0867
18870.1 93.0861
18870.5 93.0857
18870.8 93.0853
18871.2 93.0848
18871.6 93.0843
18871.9 93.0839
18872.3 93.0834
18872.7 93.0829
18873 93.0823
18873.4 93.0818
18873.8 93.0813
18874.1 93.0807
18874.5 93.0802
18874.9 93.0796
18875.2 93.079
18875.6 93.0784
18876 93.0778
18876.3 93.0769
18876.7 93.0763
18877.1 93.0757
18877.4 93.0751
18877.8 93.0749
18878.2 93.0748
18878.5 93.0746
18878.9 93.0744
18879.3 93.0743
18879.6 93.0741
18880 93.074
18880.4 93.0738
18880.7 93.0737
18881.1 93.0735
18881.5 93.0734
18881.8 93.0732
18882.2 93.0731
18882.6 93.073
18882.9 93.073
18883.3 93.0728
18883.7 93.0727
18884 93.0726
18884.4 93.0725
18884.8 93.0724
18885.1 93.0723
18885.5 93.0723
18885.9 93.0722
18886.2 93.0721
18886.6 93.0721
18887 93.0721
18887.3 93.0721
18887.7 93.072
18888.1 93.072
18888.4 93.072
18888.8 93.072
18889.2 93.072
18889.5 93.072
18889.9 93.072
18890.3 93.072
18890.6 93.072
18891 93.072
18891.4 93.0719
18891.7 93.0719
18892.1 93.0719
18892.5 93.0719
18892.8 93.0718
18893.2 93.0718
18893.6 93.0718
18893.9 93.0717
18894.3 93.0717
18894.7 93.0716
18895 93.0716
18895.4 93.0715
18895.8 93.0715
18896.1 93.0715
18896.5 93.0714
18896.8 93.0714
18897.2 93.0713
18897.6 93.0712
18897.9 93.0711
18898.3 93.071
18898.7 93.0709
18899 93.0709
18899.4 93.0708
18899.8 93.0707
18900.1 93.0706
18900.5 93.0705
18900.9 93.0704
18901.2 93.0703
18901.6 93.0702
18902 93.0701
18902.3 93.07
18902.7 93.07
18903.1 93.07
18903.4 93.0699
18903.8 93.0698
18904.2 93.0697
18904.5 93.0697
18904.9 93.0696
18905.3 93.0696
18905.6 93.0695
18906 93.0695
18906.4 93.0695
18906.7 93.0695
18907.1 93.0695
18907.5 93.0695
18907.8 93.0695
18908.2 93.0695
18908.6 93.0695
18908.9 93.0696
18909.3 93.0696
18909.7 93.0696
18910 93.0697
18910.4 93.0698
18910.8 93.0699
18911.1 93.07
18911.5 93.0702
18911.9 93.0703
18912.2 93.0705
18912.6 93.0706
18913 93.0708
18913.3 93.071
18913.7 93.0712
18914.1 93.0714
18914.4 93.0716
18914.8 93.0719
18915.2 93.0721
18915.5 93.0721
18915.9 93.0723
18916.3 93.0725
18916.6 93.0728
18917 93.073
18917.4 93.0732
18917.7 93.0734
18918.1 93.0736
18918.5 93.0738
18918.8 93.0739
18919.2 93.0741
18919.6 93.0742
18919.9 93.0743
18920.3 93.0744
18920.7 93.0744
18921 93.0745
18921.4 93.0745
18921.8 93.0746
18922.1 93.0746
18922.5 93.0746
18922.8 93.0746
18923.2 93.0746
18923.6 93.0745
18923.9 93.0745
18924.3 93.0745
18924.7 93.0745
18925 93.0744
18925.4 93.0744
18925.8 93.0743
18926.1 93.0743
18926.5 93.0742
18926.9 93.0742
18927.2 93.0741
18927.6 93.0741
18928 93.074
18928.3 93.074
18928.7 93.074
18929.1 93.0739
18929.4 93.0739
18929.8 93.0739
18930.2 93.0739
18930.5 93.0739
18930.9 93.0739
18931.3 93.0739
18931.6 93.0739
18932 93.0739
18932.4 93.0739
18932.7 93.074
18933.1 93.074
18933.5 93.074
18933.8 93.0741
18934.2 93.0741
18934.6 93.0742
18934.9 93.0743
18935.3 93.0743
18935.7 93.0743
18936 93.0744
18936.4 93.0744
18936.8 93.0745
18937.1 93.0746
18937.5 93.0747
18937.9 93.0748
18938.2 93.0748
18938.6 93.0749
18939 93.0751
18939.3 93.0752
18939.7 93.0753
18940.1 93.0754
18940.4 93.0756
18940.8 93.0757
18941.2 93.0759
18941.5 93.0761
18941.9 93.0761
18942.3 93.0762
18942.6 93.0764
18943 93.0767
18943.4 93.0769
18943.7 93.0771
18944.1 93.0773
18944.5 93.0775
18944.8 93.0777
18945.2 93.0779
18945.6 93.0781
18945.9 93.0783
18946.3 93.0785
18946.7 93.0787
18947 93.0789
18947.4 93.0791
18947.8 93.0792
18948.1 93.0792
18948.5 93.0794
18948.9 93.0795
18949.2 93.0797
18949.6 93.0798
18949.9 93.0799
18950.3 93.08
18950.7 93.0801
18951 93.0802
18951.4 93.0803
18951.8 93.0804
18952.1 93.0804
18952.5 93.0805
18952.9 93.0806
18953.2 93.0806
18953.6 93.0806
18954 93.0807
18954.3 93.0807
18954.7 93.0807
18955.1 93.0807
18955.4 93.0806
18955.8 93.0806
18956.2 93.0806
18956.5 93.0805
18956.9 93.0805
18957.3 93.0804
18957.6 93.0804
18958 93.0803
18958.4 93.0802
18958.7 93.0802
18959.1 93.0801
18959.5 93.08
18959.8 93.08
18960.2 93.0799
18960.6 93.0798
18960.9 93.0798
18961.3 93.0798
18961.7 93.0797
18962 93.0796
18962.4 93.0796
18962.8 93.0795
18963.1 93.0794
18963.5 93.0793
18963.9 93.0792
18964.2 93.0792
18964.6 93.079
18965 93.0789
18965.3 93.0788
18965.7 93.0787
18966.1 93.0786
18966.4 93.0784
18966.8 93.0783
18967.2 93.0781
18967.5 93.078
18967.9 93.078
18968.3 93.0778
18968.6 93.0776
18969 93.0774
18969.4 93.0773
18969.7 93.0771
18970.1 93.0769
18970.5 93.0767
18970.8 93.0765
18971.2 93.0763
18971.6 93.076
18971.9 93.0758
18972.3 93.0756
18972.7 93.0755
18973 93.0753
18973.4 93.0751
18973.8 93.0749
18974.1 93.0747
18974.5 93.0747
18974.9 93.0745
18975.2 93.0743
18975.6 93.0741
18976 93.074
18976.3 93.0738
18976.7 93.0737
18977 93.0735
18977.4 93.0734
18977.8 93.0733
18978.1 93.0732
18978.5 93.0731
18978.9 93.073
18979.2 93.0729
18979.6 93.0728
18980 93.0727
18980.3 93.0726
18980.7 93.0726
18981.1 93.0725
18981.4 93.0724
18981.8 93.0723
18982.2 93.0722
18982.5 93.0721
18982.9 93.072
18983.3 93.0718
18983.6 93.0717
18984 93.0715
18984.4 93.0714
18984.7 93.0712
18985.1 93.071
18985.5 93.0708
18985.8 93.0706
18986.2 93.0704
18986.6 93.0702
18986.9 93.0699
18987.3 93.0699
18987.7 93.0697
18988 93.0694
18988.4 93.0692
18988.8 93.0689
18989.1 93.0686
18989.5 93.0684
18989.9 93.0681
18990.2 93.0678
18990.6 93.0676
18991 93.0673
18991.3 93.067
18991.7 93.0667
18992.1 93.0664
18992.4 93.0662
18992.8 93.0659
18993.2 93.0656
18993.5 93.0653
18993.9 93.0653
18994.3 93.0651
18994.6 93.0648
18995 93.0646
18995.4 93.0643
18995.7 93.0641
18996.1 93.0638
18996.5 93.0636
18996.8 93.0634
18997.2 93.0632
18997.6 93.063
18997.9 93.0628
18998.3 93.0626
18998.7 93.0624
18999 93.0622
18999.4 93.0619
18999.8 93.0617
19000.1 93.0615
19000.5 93.0615
19000.9 93.0613
19001.2 93.0611
19001.6 93.0609
19002 93.0607
19002.3 93.0605
19002.7 93.0602
19003.1 93.06
19003.4 93.0598
19003.8 93.0595
19004.1 93.0593
19004.5 93.059
19004.9 93.0587
19005.2 93.0584
19005.6 93.0581
19006 93.0578
19006.3 93.0575
19006.7 93.0572
19007.1 93.0572
19007.4 93.0568
19007.8 93.0565
19008.2 93.0561
19008.5 93.0558
19008.9 93.0554
19009.3 93.055
19009.6 93.0547
19010 93.0543
19010.4 93.0539
19010.7 93.0536
19011.1 93.0532
19011.5 93.0528
19011.8 93.0524
19012.2 93.052
19012.6 93.0516
19012.9 93.0513
19013.3 93.0509
19013.7 93.0509
19014 93.0505
19014.4 93.0501
19014.8 93.0498
19015.1 93.0494
19015.5 93.0491
19015.9 93.0487
19016.2 93.0484
19016.6 93.048
19017 93.0477
19017.3 93.0473
19017.7 93.047
19018.1 93.0467
19018.4 93.0463
19018.8 93.046
19019.2 93.0457
19019.5 93.0453
19019.9 93.0453
19020.3 93.045
19020.6 93.0446
19021 93.0443
19021.4 93.0439
19021.7 93.0436
19022.1 93.0432
19022.5 93.0428
19022.8 93.0425
19023.2 93.0421
19023.6 93.0417
19023.9 93.0414
19024.3 93.041
19024.7 93.0406
19025 93.0403
19025.4 93.0399
19025.8 93.0395
19026.1 93.0391
19026.5 93.0391
19026.9 93.0387
19027.2 93.0383
19027.6 93.0379
19028 93.0375
19028.3 93.0371
19028.7 93.0367
19029.1 93.0363
19029.4 93.0359
19029.8 93.0355
19030.2 93.0351
19030.5 93.0347
19030.9 93.0343
19031.2 93.034
19031.6 93.0336
19032 93.0332
19032.3 93.0329
19032.7 93.0326
19033.1 93.0326
19033.4 93.0322
19033.8 93.0319
19034.2 93.0316
19034.5 93.0313
19034.9 93.031
19035.3 93.0307
19035.6 93.0304
19036 93.0301
19036.4 93.0298
19036.7 93.0296
19037.1 93.0293
19037.5 93.029
19037.8 93.0287
19038.2 93.0285
19038.6 93.0282
19038.9 93.028
19039.3 93.0277
19039.7 93.0277
19040 93.0275
19040.4 93.0272
19040.8 93.027
19041.1 93.0268
19041.5 93.0266
19041.9 93.0264
19042.2 93.0262
19042.6 93.026
19043 93.0259
19043.3 93.0258
19043.7 93.0256
19044.1 93.0256
19044.4 93.0255
19044.8 93.0254
19045.2 93.0254
19045.5 93.0254
19045.9 93.0253
19046.3 93.0253
19046.6 93.0253
19047 93.0253
19047.4 93.0253
19047.7 93.0253
19048.1 93.0253
19048.5 93.0253
19048.8 93.0253
19049.2 93.0253
19049.6 93.0253
19049.9 93.0253
19050.3 93.0252
19050.7 93.0251
19051 93.025
19051.4 93.0249
19051.8 93.0248
19052.1 93.0246
19052.5 93.0244
19052.9 93.0244
19053.2 93.0242
19053.6 93.024
19054 93.0238
19054.3 93.0235
19054.7 93.0232
19055.1 93.023
19055.4 93.0227
19055.8 93.0224
19056.2 93.0221
19056.5 93.0218
19056.9 93.0214
19057.3 93.0211
19057.6 93.0208
19058 93.0204
19058.3 93.0201
19058.7 93.0197
19059.1 93.0197
19059.4 93.0194
19059.8 93.019
19060.2 93.0186
19060.5 93.0183
19060.9 93.0179
19061.3 93.0175
19061.6 93.0171
19062 93.0168
19062.4 93.0164
19062.7 93.016
19063.1 93.0156
19063.5 93.0152
19063.8 93.0148
19064.2 93.0145
19064.6 93.0141
19064.9 93.0137
19065.3 93.0134
19065.7 93.0134
19066 93.0131
19066.4 93.0127
19066.8 93.0124
19067.1 93.0121
19067.5 93.0118
19067.9 93.0115
19068.2 93.0113
19068.6 93.011
19069 93.0108
19069.3 93.0106
19069.7 93.0104
19070.1 93.0101
19070.4 93.01
19070.8 93.0098
19071.2 93.0096
19071.5 93.0094
19071.9 93.0092
19072.3 93.0092
19072.6 93.0091
19073 93.0089
19073.4 93.0087
19073.7 93.0086
19074.1 93.0084
19074.5 93.0082
19074.8 93.008
19075.2 93.0079
19075.6 93.0077
19075.9 93.0075
19076.3 93.0073
19076.7 93.0072
19077 93.007
19077.4 93.0068
19077.8 93.0066
19078.1 93.0064
19078.5 93.0062
19078.9 93.0062
19079.2 93.006
19079.6 93.0058
19080 93.0056
19080.3 93.0054
19080.7 93.0051
19081.1 93.0049
19081.4 93.0047
19081.8 93.0044
19082.2 93.0042
19082.5 93.0039
19082.9 93.0036
19083.3 93.0034
19083.6 93.0031
19084 93.0028
19084.3 93.0025
19084.7 93.0023
19085.1 93.002
19085.4 93.002
19085.8 93.0017
19086.2 93.0014
19086.5 93.0012
19086.9 93.0009
19087.3 93.0007
19087.6 93.0004
19088 93.0002
19088.4 93
19088.7 92.9998
19089.1 92.9996
19089.5 92.9994
19089.8 92.9993
19090.2 92.9991
19090.6 92.999
19090.9 92.9988
19091.3 92.9987
19091.7 92.9987
19092 92.9986
19092.4 92.9984
19092.8 92.9983
19093.1 92.9982
19093.5 92.998
19093.9 92.9979
19094.2 92.9977
19094.6 92.9976
19095 92.9974
19095.3 92.9972
19095.7 92.997
19096.1 92.9969
19096.4 92.9967
19096.8 92.9965
19097.2 92.9963
19097.5 92.9961
19097.9 92.9959
19098.3 92.9959
19098.6 92.9957
19099 92.9955
19099.4 92.9953
19099.7 92.9951
19100.1 92.9948
19100.5 92.9946
19100.8 92.9944
19101.2 92.9941
19101.6 92.9939
19101.9 92.9936
19102.3 92.9934
19102.7 92.9931
19103 92.9929
19103.4 92.9926
19103.8 92.9923
19104.1 92.992
19104.5 92.9917
19104.9 92.9917
19105.2 92.9914
19105.6 92.9911
19106 92.9908
19106.3 92.9905
19106.7 92.9901
19107.1 92.9898
19107.4 92.9895
19107.8 92.9891
19108.2 92.9887
19108.5 92.9884
19108.9 92.988
19109.3 92.9877
19109.6 92.9873
19110 92.9869
19110.3 92.9866
19110.7 92.9862
19111.1 92.9858
19111.4 92.9858
19111.8 92.9855
19112.2 92.9851
19112.5 92.9848
19112.9 92.9844
19113.3 92.9841
19113.6 92.9837
19114 92.9834
19114.4 92.9831
19114.7 92.9827
19115.1 92.9824
19115.5 92.9821
19115.8 92.9818
19116.2 92.9815
19116.6 92.9813
19116.9 92.981
19117.3 92.9808
19117.7 92.9805
19118 92.9805
19118.4 92.9803
19118.8 92.9801
19119.1 92.9799
19119.5 92.9798
19119.9 92.9796
19120.2 92.9794
19120.6 92.9793
19121 92.9791
19121.3 92.979
19121.7 92.9789
19122.1 92.9787
19122.4 92.9786
19122.8 92.9785
19123.2 92.9783
19123.5 92.9782
19123.9 92.9781
19124.3 92.9781
19124.6 92.9779
19125 92.9778
19125.4 92.9777
19125.7 92.9775
19126.1 92.9774
19126.5 92.9772
19126.8 92.9771
19127.2 92.9769
19127.6 92.9767
19127.9 92.9765
19128.3 92.9764
19128.7 92.9762
19129 92.976
19129.4 92.9758
19129.8 92.9756
19130.1 92.9753
19130.5 92.9751
19130.9 92.9751
19131.2 92.9749
19131.6 92.9747
19132 92.9744
19132.3 92.9742
19132.7 92.974
19133.1 92.9738
19133.4 92.9735
19133.8 92.9733
19134.2 92.9731
19134.5 92.9728
19134.9 92.9726
19135.3 92.9724
19135.6 92.9721
19136 92.9719
19136.4 92.9717
19136.7 92.9714
19137.1 92.9712
19137.4 92.9712
19137.8 92.971
19138.2 92.9708
19138.5 92.9706
19138.9 92.9704
19139.3 92.9702
19139.6 92.97
19140 92.9699
19140.4 92.9697
19140.7 92.9696
19141.1 92.9694
19141.5 92.9693
19141.8 92.9691
19142.2 92.969
19142.6 92.9689
19142.9 92.9687
19143.3 92.9686
19143.7 92.9685
19144 92.9685
19144.4 92.9683
19144.8 92.9681
19145.1 92.968
19145.5 92.9678
19145.9 92.9676
19146.2 92.9674
19146.6 92.9672
19147 92.9669
19147.3 92.9667
19147.7 92.9665
19148.1 92.9662
19148.4 92.9659
19148.8 92.9657
19149.2 92.9654
19149.5 92.9651
19149.9 92.9648
19150.3 92.9645
19150.6 92.9645
19151 92.9642
19151.4 92.9639
19151.7 92.9635
19152.1 92.9632
19152.5 92.9629
19152.8 92.9626
19153.2 92.9622
19153.6 92.9619
19153.9 92.9616
19154.3 92.9613
19154.7 92.961
19155 92.9606
19155.4 92.9603
19155.8 92.96
19156.1 92.9597
19156.5 92.9594
19156.9 92.9591
19157.2 92.9591
19157.6 92.9588
19158 92.9585
19158.3 92.9582
19158.7 92.9579
19159.1 92.9576
19159.4 92.9573
19159.8 92.957
19160.2 92.9567
19160.5 92.9565
19160.9 92.9562
19161.3 92.9559
19161.6 92.9557
19162 92.9554
19162.4 92.9552
19162.7 92.9549
19163.1 92.9547
19163.5 92.9547
19163.8 92.9545
19164.2 92.9543
19164.5 92.9541
19164.9 92.9539
19165.3 92.9538
19165.6 92.9536
19166 92.9535
19166.4 92.9533
19166.7 92.9532
19167.1 92.953
19167.5 92.9529
19167.8 92.9528
19168.2 92.9527
19168.6 92.9525
19168.9 92.9524
19169.3 92.9522
19169.7 92.9521
19170 92.9521
19170.4 92.9519
19170.8 92.9518
19171.1 92.9516
19171.5 92.9514
19171.9 92.9512
19172.2 92.951
19172.6 92.9508
19173 92.9506
19173.3 92.9504
19173.7 92.9502
19174.1 92.95
19174.4 92.9497
19174.8 92.9495
19175.2 92.9493
19175.5 92.949
19175.9 92.9488
19176.3 92.9486
19176.6 92.9486
19177 92.9483
19177.4 92.9481
19177.7 92.9479
19178.1 92.9477
19178.5 92.9474
19178.8 92.9472
19179.2 92.947
19179.6 92.9467
19179.9 92.9465
19180.3 92.9463
19180.7 92.946
19181 92.9458
19181.4 92.9456
19181.8 92.9454
19182.1 92.9452
19182.5 92.945
19182.9 92.9448
19183.2 92.9448
19183.6 92.9446
19184 92.9444
19184.3 92.9442
19184.7 92.944
19185.1 92.9438
19185.4 92.9436
19185.8 92.9434
19186.2 92.9433
19186.5 92.9431
19186.9 92.9429
19187.3 92.9427
19187.6 92.9425
19188 92.9423
19188.4 92.9421
19188.7 92.9419
19189.1 92.9416
19189.5 92.9414
19189.8 92.9414
19190.2 92.9411
19190.6 92.9408
19190.9 92.9406
19191.3 92.9403
19191.6 92.9399
19192 92.9396
19192.4 92.9393
19192.7 92.9389
19193.1 92.9386
19193.5 92.9382
19193.8 92.9378
19194.2 92.9375
19194.6 92.9371
19194.9 92.9367
19195.3 92.9363
19195.7 92.9359
19196 92.9359
19196.4 92.9355
19196.8 92.9352
19197.1 92.9348
19197.5 92.9344
19197.9 92.934
19198.2 92.9336
19198.6 92.9333
19199 92.9329
19199.3 92.9325
19199.7 92.9321
19200.1 92.9317
19200.4 92.9313
19200.8 92.9309
19201.2 92.9305
19201.5 92.9301
19201.9 92.9297
19202.3 92.9292
19202.6 92.9292
19203 92.9288
19203.4 92.9284
19203.7 92.9279
19204.1 92.9275
19204.5 92.927
19204.8 92.9266
19205.2 92.9261
19205.6 92.9257
19205.9 92.9252
19206.3 92.9247
19206.7 92.9243
19207 92.9238
19207.4 92.9233
19207.8 92.9228
19208.1 92.9224
19208.5 92.9219
19208.9 92.9215
19209.2 92.9215
19209.6 92.921
19210 92.9206
19210.3 92.9201
19210.7 92.9197
19211.1 92.9193
19211.4 92.9188
19211.8 92.9184
19212.2 92.918
19212.5 92.9176
19212.9 92.9172
19213.3 92.9169
19213.6 92.9165
19214 92.9161
19214.4 92.9158
19214.7 92.9154
19215.1 92.9151
19215.5 92.9148
19215.8 92.9148
19216.2 92.9145
19216.6 92.9142
19216.9 92.9139
19217.3 92.9136
19217.7 92.9133
19218 92.913
19218.4 92.9128
19218.7 92.9125
19219.1 92.9122
19219.5 92.9119
19219.8 92.9117
19220.2 92.9114
19220.6 92.9111
19220.9 92.9109
19221.3 92.9106
19221.7 92.9103
19222 92.91
19222.4 92.91
19222.8 92.9097
19223.1 92.9094
19223.5 92.9091
19223.9 92.9088
19224.2 92.9085
19224.6 92.9082
19225 92.9079
19225.3 92.9076
19225.7 92.9073
19226.1 92.907
19226.4 92.9067
19226.8 92.9064
19227.2 92.9062
19227.5 92.9059
19227.9 92.9056
19228.3 92.9054
19228.6 92.9051
19229 92.9051
19229.4 92.9049
19229.7 92.9047
19230.1 92.9045
19230.5 92.9043
19230.8 92.9041
19231.2 92.9039
19231.6 92.9038
19231.9 92.9036
19232.3 92.9035
19232.7 92.9033
19233 92.9032
19233.4 92.9031
19233.8 92.9029
19234.1 92.9028
19234.5 92.9027
19234.9 92.9026
19235.2 92.9026
19235.6 92.9024
19236 92.9023
19236.3 92.9022
19236.7 92.9021
19237.1 92.902
19237.4 92.9018
19237.8 92.9017
19238.2 92.9016
19238.5 92.9014
19238.9 92.9013
19239.3 92.9011
19239.6 92.9009
19240 92.9007
19240.4 92.9006
19240.7 92.9004
19241.1 92.9002
19241.5 92.9
19241.8 92.9
19242.2 92.8998
19242.6 92.8996
19242.9 92.8994
19243.3 92.8992
19243.7 92.899
19244 92.8987
19244.4 92.8985
19244.8 92.8983
19245.1 92.898
19245.5 92.8978
19245.8 92.8975
19246.2 92.8973
19246.6 92.897
19246.9 92.8967
19247.3 92.8964
19247.7 92.8961
19248 92.8959
19248.4 92.8959
19248.8 92.8956
19249.1 92.8953
19249.5 92.8951
19249.9 92.8948
19250.2 92.8945
19250.6 92.8943
19251 92.8941
19251.3 92.8938
19251.7 92.8936
19252.1 92.8934
19252.4 92.8932
19252.8 92.893
19253.2 92.8928
19253.5 92.8926
19253.9 92.8925
19254.3 92.8923
19254.6 92.8921
19255 92.8921
19255.4 92.8919
19255.7 92.8918
19256.1 92.8916
19256.5 92.8915
19256.8 92.8913
19257.2 92.8911
19257.6 92.8909
19257.9 92.8908
19258.3 92.8906
19258.7 92.8904
19259 92.8902
19259.4 92.89
19259.8 92.8898
19260.1 92.8896
19260.5 92.8894
19260.9 92.8892
19261.2 92.889
19261.6 92.889
19262 92.8888
19262.3 92.8886
19262.7 92.8884
19263.1 92.8882
19263.4 92.888
19263.8 92.8878
19264.2 92.8875
19264.5 92.8873
19264.9 92.8871
19265.3 92.8869
19265.6 92.8866
19266 92.8864
19266.4 92.8862
19266.7 92.8859
19267.1 92.8857
19267.5 92.8855
19267.8 92.8855
19268.2 92.8853
19268.6 92.885
19268.9 92.8848
19269.3 92.8846
19269.7 92.8844
19270 92.8842
19270.4 92.8839
19270.8 92.8838
19271.1 92.8836
19271.5 92.8834
19271.8 92.8832
19272.2 92.883
19272.6 92.8828
19272.9 92.8826
19273.3 92.8825
19273.7 92.8823
19274 92.8821
19274.4 92.8821
19274.8 92.8819
19275.1 92.8818
19275.5 92.8816
19275.9 92.8814
19276.2 92.8812
19276.6 92.881
19277 92.8808
19277.3 92.8807
19277.7 92.8805
19278.1 92.8803
19278.4 92.8801
19278.8 92.8799
19279.2 92.8796
19279.5 92.8794
19279.9 92.8792
19280.3 92.8789
19280.6 92.8787
19281 92.8787
19281.4 92.8784
19281.7 92.8782
19282.1 92.8779
19282.5 92.8776
19282.8 92.8774
19283.2 92.8771
19283.6 92.8768
19283.9 92.8765
19284.3 92.8762
19284.7 92.8759
19285 92.8756
19285.4 92.8753
19285.8 92.875
19286.1 92.8747
19286.5 92.8744
19286.9 92.874
19287.2 92.8737
19287.6 92.8737
19288 92.8734
19288.3 92.8731
19288.7 92.8727
19289.1 92.8724
19289.4 92.8721
19289.8 92.8717
19290.2 92.8714
19290.5 92.8711
19290.9 92.8707
19291.3 92.8704
19291.6 92.8701
19292 92.8698
19292.4 92.8695
19292.7 92.8692
19293.1 92.8689
19293.5 92.8686
19293.8 92.8684
19294.2 92.8684
19294.6 92.8681
19294.9 92.8679
19295.3 92.8676
19295.7 92.8674
19296 92.8672
19296.4 92.867
19296.8 92.8668
19297.1 92.8666
19297.5 92.8664
19297.8 92.8662
19298.2 92.866
19298.6 92.8659
19298.9 92.8657
19299.3 92.8656
19299.7 92.8655
19300 92.8653
19300.4 92.8652
19300.8 92.8652
19301.1 92.8651
19301.5 92.865
19301.9 92.8649
19302.2 92.8649
19302.6 92.8648
19303 92.8647
19303.3 92.8646
19303.7 92.8645
19304.1 92.8645
19304.4 92.8644
19304.8 92.8643
19305.2 92.8642
19305.5 92.8641
19305.9 92.8639
19306.3 92.8638
19306.6 92.8636
19307 92.8636
19307.4 92.8635
19307.7 92.8633
19308.1 92.8631
19308.5 92.8629
19308.8 92.8627
19309.2 92.8625
19309.6 92.8623
19309.9 92.8621
19310.3 92.8619
19310.7 92.8617
19311 92.8615
19311.4 92.8613
19311.8 92.8611
19312.1 92.8609
19312.5 92.8607
19312.9 92.8605
19313.2 92.8604
19313.6 92.8604
19314 92.8602
19314.3 92.8601
19314.7 92.8599
19315.1 92.8597
19315.4 92.8596
19315.8 92.8595
19316.2 92.8593
19316.5 92.8592
19316.9 92.859
19317.3 92.8588
19317.6 92.8587
19318 92.8585
19318.4 92.8584
19318.7 92.8582
19319.1 92.858
19319.5 92.8579
19319.8 92.8577
19320.2 92.8577
19320.6 92.8575
19320.9 92.8573
19321.3 92.8572
19321.7 92.857
19322 92.8568
19322.4 92.8566
19322.8 92.8564
19323.1 92.8562
19323.5 92.856
19323.9 92.8558
19324.2 92.8555
19324.6 92.8553
19324.9 92.8551
19325.3 92.8549
19325.7 92.8546
19326 92.8544
19326.4 92.8542
19326.8 92.8542
19327.1 92.8539
19327.5 92.8537
19327.9 92.8534
19328.2 92.8532
19328.6 92.8529
19329 92.8527
19329.3 92.8524
19329.7 92.8521
19330.1 92.8519
19330.4 92.8516
19330.8 92.8513
19331.2 92.851
19331.5 92.8507
19331.9 92.8504
19332.3 92.8501
19332.6 92.8498
19333 92.8494
19333.4 92.8494
19333.7 92.8491
19334.1 92.8488
19334.5 92.8484
19334.8 92.8481
19335.2 92.8478
19335.6 92.8474
19335.9 92.8471
19336.3 92.8467
19336.7 92.8464
19337 92.846
19337.4 92.8457
19337.8 92.8453
19338.1 92.8449
19338.5 92.8446
19338.9 92.8442
19339.2 92.8439
19339.6 92.8439
19340 92.8435
19340.3 92.8432
19340.7 92.8428
19341.1 92.8425
19341.4 92.8421
19341.8 92.8418
19342.2 92.8414
19342.5 92.8411
19342.9 92.8408
19343.3 92.8404
19343.6 92.8401
19344 92.8398
19344.4 92.8395
19344.7 92.8392
19345.1 92.8389
19345.5 92.8386
19345.8 92.8383
19346.2 92.8383
19346.6 92.838
19346.9 92.8377
19347.3 92.8374
19347.7 92.8371
19348 92.8368
19348.4 92.8365
19348.8 92.8361
19349.1 92.8358
19349.5 92.8355
19349.9 92.8352
19350.2 92.8349
19350.6 92.8346
19351 92.8343
19351.3 92.8339
19351.7 92.8336
19352 92.8333
19352.4 92.833
19352.8 92.833
19353.1 92.8327
19353.5 92.8324
19353.9 92.8321
19354.2 92.8318
19354.6 92.8315
19355 92.8313
19355.3 92.831
19355.7 92.8307
19356.1 92.8305
19356.4 92.8302
19356.8 92.83
19357.2 92.8297
19357.5 92.8295
19357.9 92.8292
19358.3 92.829
19358.6 92.8287
19359 92.8285
19359.4 92.8285
19359.7 92.8283
19360.1 92.828
19360.5 92.8277
19360.8 92.8275
19361.2 92.8272
19361.6 92.8269
19361.9 92.8266
19362.3 92.8263
19362.7 92.826
19363 92.8257
19363.4 92.8254
19363.8 92.8251
19364.1 92.8247
19364.5 92.8244
19364.9 92.8241
19365.2 92.8237
19365.6 92.8234
19366 92.8234
19366.3 92.823
19366.7 92.8227
19367.1 92.8223
19367.4 92.8219
19367.8 92.8216
19368.2 92.8212
19368.5 92.8209
19368.9 92.8205
19369.3 92.8202
19369.6 92.8199
19370 92.8195
19370.4 92.8192
19370.7 92.8189
19371.1 92.8185
19371.5 92.8182
19371.8 92.8179
19372.2 92.8176
19372.6 92.8176
19372.9 92.8173
19373.3 92.817
19373.7 92.8168
19374 92.8165
19374.4 92.8162
19374.8 92.8159
19375.1 92.8157
19375.5 92.8154
19375.9 92.8151
19376.2 92.8149
19376.6 92.8146
19377 92.8143
19377.3 92.814
19377.7 92.8138
19378.1 92.8135
19378.4 92.8132
19378.8 92.8132
19379.1 92.8129
19379.5 92.8126
19379.9 92.8123
19380.2 92.812
19380.6 92.8117
19381 92.8114
19381.3 92.8111
19381.7 92.8108
19382.1 92.8105
19382.4 92.8101
19382.8 92.8098
19383.2 92.8095
19383.5 92.8091
19383.9 92.8088
19384.3 92.8084
19384.6 92.8081
19385 92.8077
19385.4 92.8077
19385.7 92.8074
19386.1 92.807
19386.5 92.8066
19386.8 92.8063
19387.2 92.8059
19387.6 92.8056
19387.9 92.8052
19388.3 92.8049
19388.7 92.8046
19389 92.8042
19389.4 92.8039
19389.8 92.8036
19390.1 92.8033
19390.5 92.803
19390.9 92.8027
19391.2 92.8024
19391.6 92.8021
19392 92.8021
19392.3 92.8019
19392.7 92.8016
19393.1 92.8014
19393.4 92.8011
19393.8 92.8009
19394.2 92.8007
19394.5 92.8004
19394.9 92.8002
19395.3 92.8
19395.6 92.7997
19396 92.7995
19396.4 92.7993
19396.7 92.799
19397.1 92.7988
19397.5 92.7985
19397.8 92.7983
19398.2 92.798
19398.6 92.798
19398.9 92.7978
19399.3 92.7975
19399.7 92.7972
19400 92.7969
19400.4 92.7967
19400.8 92.7964
19401.1 92.7961
19401.5 92.7958
19401.9 92.7955
19402.2 92.7952
19402.6 92.7949
19403 92.7946
19403.3 92.7943
19403.7 92.794
19404.1 92.7937
19404.4 92.7934
19404.8 92.7931
19405.2 92.7931
19405.5 92.7928
19405.9 92.7924
19406.2 92.7921
19406.6 92.7918
19407 92.7915
19407.3 92.7912
19407.7 92.7909
19408.1 92.7906
19408.4 92.7903
19408.8 92.7899
19409.2 92.7896
19409.5 92.7893
19409.9 92.789
19410.3 92.7887
19410.6 92.7884
19411 92.7881
19411.4 92.7881
19411.7 92.7878
19412.1 92.7876
19412.5 92.7873
19412.8 92.787
19413.2 92.7867
19413.6 92.7865
19413.9 92.7862
19414.3 92.7859
19414.7 92.7857
19415 92.7854
19415.4 92.7852
19415.8 92.7849
19416.1 92.7847
19416.5 92.7845
19416.9 92.7842
19417.2 92.784
19417.6 92.7837
19418 92.7837
19418.3 92.7835
19418.7 92.7832
19419.1 92.783
19419.4 92.7827
19419.8 92.7824
19420.2 92.7821
19420.5 92.7818
19420.9 92.7815
19421.3 92.7812
19421.6 92.7808
19422 92.7805
19422.4 92.7801
19422.7 92.7797
19423.1 92.7794
19423.5 92.779
19423.8 92.7786
19424.2 92.7782
19424.6 92.7782
19424.9 92.7778
19425.3 92.7774
19425.7 92.7769
19426 92.7765
19426.4 92.7761
19426.8 92.7757
19427.1 92.7753
19427.5 92.7748
19427.9 92.7744
19428.2 92.774
19428.6 92.7735
19429 92.7731
19429.3 92.7727
19429.7 92.7722
19430.1 92.7718
19430.4 92.7714
19430.8 92.771
19431.2 92.771
19431.5 92.7706
19431.9 92.7702
19432.3 92.7698
19432.6 92.7694
19433 92.769
19433.3 92.7686
19433.7 92.7682
19434.1 92.7678
19434.4 92.7674
19434.8 92.767
19435.2 92.7666
19435.5 92.7663
19435.9 92.7659
19436.3 92.7656
19436.6 92.7652
19437 92.7649
19437.4 92.7646
19437.7 92.7646
19438.1 92.7643
19438.5 92.764
19438.8 92.7637
19439.2 92.7634
19439.6 92.7632
19439.9 92.7629
19440.3 92.7626
19440.7 92.7624
19441 92.7621
19441.4 92.7619
19441.8 92.7616
19442.1 92.7613
19442.5 92.7611
19442.9 92.7608
19443.2 92.7605
19443.6 92.7602
19444 92.7599
19444.3 92.7599
19444.7 92.7596
19445.1 92.7593
19445.4 92.7589
19445.8 92.7586
19446.2 92.7582
19446.5 92.7578
19446.9 92.7575
19447.3 92.7571
19447.6 92.7567
19448 92.7563
19448.4 92.7558
19448.7 92.7554
19449.1 92.755
19449.5 92.7545
19449.8 92.7541
19450.2 92.7537
19450.6 92.7537
19450.9 92.7533
19451.3 92.7528
19451.7 92.7524
19452 92.752
19452.4 92.7516
19452.8 92.7511
19453.1 92.7507
19453.5 92.7503
19453.9 92.7499
19454.2 92.7495
19454.6 92.7492
19455 92.7488
19455.3 92.7484
19455.7 92.748
19456.1 92.7477
19456.4 92.7473
19456.8 92.747
19457.2 92.747
19457.5 92.7466
19457.9 92.7463
19458.3 92.7459
19458.6 92.7456
19459 92.7452
19459.3 92.7449
19459.7 92.7446
19460.1 92.7442
19460.4 92.7439
19460.8 92.7436
19461.2 92.7432
19461.5 92.7429
19461.9 92.7426
19462.3 92.7423
19462.6 92.7419
19463 92.7416
19463.4 92.7413
19463.7 92.7413
19464.1 92.7409
19464.5 92.7406
19464.8 92.7403
19465.2 92.7399
19465.6 92.7396
19465.9 92.7393
19466.3 92.7389
19466.7 92.7386
19467 92.7382
19467.4 92.7378
19467.8 92.7375
19468.1 92.7371
19468.5 92.7367
19468.9 92.7363
19469.2 92.7359
19469.6 92.7355
19470 92.7351
19470.3 92.7351
19470.7 92.7346
19471.1 92.7342
19471.4 92.7338
19471.8 92.7333
19472.2 92.7329
19472.5 92.7324
19472.9 92.7319
19473.3 92.7315
19473.6 92.731
19474 92.7306
19474.4 92.7301
19474.7 92.7296
19475.1 92.7292
19475.5 92.7287
19475.8 92.7283
19476.2 92.7279
19476.6 92.7274
19476.9 92.7274
19477.3 92.727
19477.7 92.7266
19478 92.7262
19478.4 92.7259
19478.8 92.7255
19479.1 92.7252
19479.5 92.7248
19479.9 92.7245
19480.2 92.7242
19480.6 92.7239
19481 92.7237
19481.3 92.7234
19481.7 92.7231
19482.1 92.7229
19482.4 92.7227
19482.8 92.7225
19483.2 92.7225
19483.5 92.7222
19483.9 92.722
19484.3 92.7218
19484.6 92.7216
19485 92.7215
19485.3 92.7213
19485.7 92.7211
19486.1 92.7209
19486.4 92.7207
19486.8 92.7206
19487.2 92.7204
19487.5 92.7202
19487.9 92.72
19488.3 92.7198
19488.6 92.7196
19489 92.7194
19489.4 92.7192
19489.7 92.7192
19490.1 92.7189
19490.5 92.7187
19490.8 92.7185
19491.2 92.7182
19491.6 92.718
19491.9 92.7177
19492.3 92.7175
19492.7 92.7172
19493 92.7169
19493.4 92.7166
19493.8 92.7164
19494.1 92.716
19494.5 92.7157
19494.9 92.7154
19495.2 92.7151
19495.6 92.7148
19496 92.7145
19496.3 92.7145
19496.7 92.7142
19497.1 92.7139
19497.4 92.7136
19497.8 92.7133
19498.2 92.713
19498.5 92.7127
19498.9 92.7125
19499.3 92.7122
19499.6 92.7119
19500 92.7117
19500.4 92.7114
19500.7 92.7112
19501.1 92.711
19501.5 92.7107
19501.8 92.7105
19502.2 92.7103
19502.6 92.7101
19502.9 92.7101
19503.3 92.7099
19503.7 92.7097
19504 92.7095
19504.4 92.7093
19504.8 92.7091
19505.1 92.7089
19505.5 92.7087
19505.9 92.7085
19506.2 92.7083
19506.6 92.7081
19507 92.7079
19507.3 92.7076
19507.7 92.7074
19508.1 92.7072
19508.4 92.707
19508.8 92.7068
19509.2 92.7066
19509.5 92.7066
19509.9 92.7063
19510.3 92.7061
19510.6 92.7059
19511 92.7057
19511.4 92.7055
19511.7 92.7053
19512.1 92.7051
19512.4 92.7049
19512.8 92.7046
19513.2 92.7044
19513.5 92.7042
19513.9 92.704
19514.3 92.7038
19514.6 92.7036
19515 92.7034
19515.4 92.7032
19515.7 92.7029
19516.1 92.7029
19516.5 92.7027
19516.8 92.7025
19517.2 92.7023
19517.6 92.7021
19517.9 92.7019
19518.3 92.7016
19518.7 92.7014
19519 92.7012
19519.4 92.7009
19519.8 92.7007
19520.1 92.7004
19520.5 92.7002
19520.9 92.6999
19521.2 92.6996
19521.6 92.6994
19522 92.6991
19522.3 92.6991
19522.7 92.6988
19523.1 92.6985
19523.4 92.6982
19523.8 92.6979
19524.2 92.6976
19524.5 92.6973
19524.9 92.697
19525.3 92.6967
19525.6 92.6965
19526 92.6962
19526.4 92.6959
19526.7 92.6957
19527.1 92.6954
19527.5 92.6952
19527.8 92.695
19528.2 92.6948
19528.6 92.6946
19528.9 92.6946
19529.3 92.6944
19529.7 92.6943
19530 92.6941
19530.4 92.694
19530.8 92.6939
19531.1 92.6937
19531.5 92.6937
19531.9 92.6936
19532.2 92.6935
19532.6 92.6935
19533 92.6934
19533.3 92.6934
19533.7 92.6933
19534.1 92.6933
19534.4 92.6933
19534.8 92.6933
19535.2 92.6932
19535.5 92.6932
19535.9 92.6932
19536.3 92.6932
19536.6 92.6932
19537 92.6931
19537.4 92.6931
19537.7 92.693
19538.1 92.6929
19538.5 92.6929
19538.8 92.6928
19539.2 92.6927
19539.5 92.6926
19539.9 92.6925
19540.3 92.6924
19540.6 92.6923
19541 92.6921
19541.4 92.692
19541.7 92.6919
19542.1 92.6919
19542.5 92.6918
19542.8 92.6916
19543.2 92.6915
19543.6 92.6913
19543.9 92.6912
19544.3 92.691
19544.7 92.6909
19545 92.6907
19545.4 92.6905
19545.8 92.6903
19546.1 92.6901
19546.5 92.6899
19546.9 92.6897
19547.2 92.6895
19547.6 92.6892
19548 92.6889
19548.3 92.6887
19548.7 92.6887
19549.1 92.6884
19549.4 92.6881
19549.8 92.6878
19550.2 92.6875
19550.5 92.6872
19550.9 92.6868
19551.3 92.6865
19551.6 92.6861
19552 92.6858
19552.4 92.6854
19552.7 92.6851
19553.1 92.6847
19553.5 92.6843
19553.8 92.684
19554.2 92.6836
19554.6 92.6832
19554.9 92.6832
19555.3 92.6828
19555.7 92.6824
19556 92.682
19556.4 92.6816
19556.8 92.6811
19557.1 92.6807
19557.5 92.6802
19557.9 92.6798
19558.2 92.6793
19558.6 92.6788
19559 92.6783
19559.3 92.6778
19559.7 92.6773
19560.1 92.6768
19560.4 92.6763
19560.8 92.6758
19561.2 92.6752
19561.5 92.6752
19561.9 92.6747
19562.3 92.6742
19562.6 92.6737
19563 92.6732
19563.4 92.6727
19563.7 92.6722
19564.1 92.6717
19564.5 92.6712
19564.8 92.6708
19565.2 92.6703
19565.6 92.6698
19565.9 92.6694
19566.3 92.669
19566.6 92.6685
19567 92.6682
19567.4 92.6678
19567.7 92.6674
19568.1 92.6674
19568.5 92.667
19568.8 92.6667
19569.2 92.6664
19569.6 92.666
19569.9 92.6657
19570.3 92.6655
19570.7 92.6652
19571 92.665
19571.4 92.6648
19571.8 92.6646
19572.1 92.6644
19572.5 92.6642
19572.9 92.6641
19573.2 92.6639
19573.6 92.6638
19574 92.6637
19574.3 92.6636
19574.7 92.6636
19575.1 92.6635
19575.4 92.6635
19575.8 92.6634
19576.2 92.6634
19576.5 92.6633
19576.9 92.6633
19577.3 92.6633
19577.6 92.6633
19578 92.6633
19578.4 92.6633
19578.7 92.6634
19579.1 92.6634
19579.5 92.6634
19579.8 92.6635
19580.2 92.6635
19580.6 92.6636
19580.9 92.6636
19581.3 92.6636
19581.7 92.6637
19582 92.6637
19582.4 92.6638
19582.8 92.6638
19583.1 92.6639
19583.5 92.6639
19583.9 92.664
19584.2 92.664
19584.6 92.664
19585 92.6641
19585.3 92.6641
19585.7 92.6641
19586.1 92.6641
19586.4 92.6641
19586.8 92.6641
19587.2 92.664
19587.5 92.664
19587.9 92.664
19588.3 92.6639
19588.6 92.6638
19589 92.6637
19589.4 92.6636
19589.7 92.6635
19590.1 92.6634
19590.5 92.6633
19590.8 92.6631
19591.2 92.663
19591.6 92.6628
19591.9 92.6626
19592.3 92.6625
19592.7 92.6623
19593 92.6621
19593.4 92.6618
19593.7 92.6616
19594.1 92.6616
19594.5 92.6614
19594.8 92.6612
19595.2 92.661
19595.6 92.6607
19595.9 92.6605
19596.3 92.6603
19596.7 92.6601
19597 92.6599
19597.4 92.6596
19597.8 92.6594
19598.1 92.6592
19598.5 92.659
19598.9 92.6587
19599.2 92.6585
19599.6 92.6583
19600 92.658
19600.3 92.6578
19600.7 92.6578
19601.1 92.6576
19601.4 92.6573
19601.8 92.6571
19602.2 92.6568
19602.5 92.6566
19602.9 92.6563
19603.3 92.6561
19603.6 92.6558
19604 92.6555
19604.4 92.6553
19604.7 92.655
19605.1 92.6547
19605.5 92.6544
19605.8 92.6541
19606.2 92.6537
19606.6 92.6534
19606.9 92.6531
19607.3 92.6531
19607.7 92.6528
19608 92.6525
19608.4 92.6522
19608.8 92.6519
19609.1 92.6516
19609.5 92.6513
19609.9 92.651
19610.2 92.6507
19610.6 92.6504
19611 92.6501
19611.3 92.6498
19611.7 92.6495
19612.1 92.6493
19612.4 92.649
19612.8 92.6488
19613.2 92.6486
19613.5 92.6483
19613.9 92.6483
19614.3 92.6481
19614.6 92.6479
19615 92.6478
19615.4 92.6476
19615.7 92.6474
19616.1 92.6473
19616.5 92.6471
19616.8 92.647
19617.2 92.6469
19617.6 92.6467
19617.9 92.6466
19618.3 92.6465
19618.7 92.6464
19619 92.6462
19619.4 92.6461
19619.8 92.646
19620.1 92.6458
19620.5 92.6458
19620.8 92.6456
19621.2 92.6455
19621.6 92.6453
19621.9 92.6451
19622.3 92.6449
19622.7 92.6447
19623 92.6445
19623.4 92.6443
19623.8 92.6441
19624.1 92.6439
19624.5 92.6436
19624.9 92.6434
19625.2 92.6431
19625.6 92.6429
19626 92.6426
19626.3 92.6424
19626.7 92.6424
19627.1 92.6421
19627.4 92.6419
19627.8 92.6416
19628.2 92.6413
19628.5 92.6411
19628.9 92.6408
19629.3 92.6406
19629.6 92.6403
19630 92.64
19630.4 92.6397
19630.7 92.6395
19631.1 92.6391
19631.5 92.6388
19631.8 92.6385
19632.2 92.6381
19632.6 92.6378
19632.9 92.6374
19633.3 92.6374
19633.7 92.6371
19634 92.6367
19634.4 92.6363
19634.8 92.6359
19635.1 92.6356
19635.5 92.6352
19635.9 92.6348
19636.2 92.6345
19636.6 92.6341
19637 92.6337
19637.3 92.6334
19637.7 92.633
19638.1 92.6327
19638.4 92.6324
19638.8 92.6321
19639.2 92.6318
19639.5 92.6316
19639.9 92.6316
19640.3 92.6313
19640.6 92.6311
19641 92.6309
19641.4 92.6307
19641.7 92.6306
19642.1 92.6304
19642.5 92.6303
19642.8 92.6302
19643.2 92.6301
19643.6 92.6301
19643.9 92.63
19644.3 92.63
19644.7 92.63
19645 92.63
19645.4 92.63
19645.8 92.63
19646.1 92.6301
19646.5 92.6301
19646.8 92.6301
19647.2 92.6301
19647.6 92.6302
19647.9 92.6302
19648.3 92.6303
19648.7 92.6303
19649 92.6304
19649.4 92.6305
19649.8 92.6305
19650.1 92.6305
19650.5 92.6306
19650.9 92.6306
19651.2 92.6306
19651.6 92.6306
19652 92.6306
19652.3 92.6306
19652.7 92.6307
19653.1 92.6307
19653.4 92.6307
19653.8 92.6307
19654.2 92.6307
19654.5 92.6307
19654.9 92.6307
19655.3 92.6307
19655.6 92.6307
19656 92.6307
19656.4 92.6307
19656.7 92.6308
19657.1 92.6308
19657.5 92.6309
19657.8 92.6309
19658.2 92.631
19658.6 92.631
19658.9 92.6311
19659.3 92.6311
19659.7 92.6311
19660 92.6312
19660.4 92.6313
19660.8 92.6314
19661.1 92.6314
19661.5 92.6315
19661.9 92.6315
19662.2 92.6316
19662.6 92.6316
19663 92.6316
19663.3 92.6316
19663.7 92.6316
19664.1 92.6316
19664.4 92.6316
19664.8 92.6315
19665.2 92.6315
19665.5 92.6314
19665.9 92.6314
19666.3 92.6314
19666.6 92.6313
19667 92.6311
19667.4 92.631
19667.7 92.6309
19668.1 92.6308
19668.5 92.6306
19668.8 92.6305
19669.2 92.6303
19669.6 92.6301
19669.9 92.6299
19670.3 92.6297
19670.7 92.6295
19671 92.6293
19671.4 92.6291
19671.8 92.6289
19672.1 92.6286
19672.5 92.6286
19672.8 92.6284
19673.2 92.6282
19673.6 92.6279
19673.9 92.6277
19674.3 92.6274
19674.7 92.6272
19675 92.6269
19675.4 92.6267
19675.8 92.6264
19676.1 92.6262
19676.5 92.6259
19676.9 92.6257
19677.2 92.6255
19677.6 92.6253
19678 92.6251
19678.3 92.6249
19678.7 92.6247
19679.1 92.6247
19679.4 92.6246
19679.8 92.6244
19680.2 92.6243
19680.5 92.6242
19680.9 92.6241
19681.3 92.6241
19681.6 92.6241
19682 92.6241
19682.4 92.6241
19682.7 92.6242
19683.1 92.6243
19683.5 92.6244
19683.8 92.6244
19684.2 92.6246
19684.6 92.6247
19684.9 92.6248
19685.3 92.6249
19685.7 92.6249
19686 92.625
19686.4 92.6252
19686.8 92.6253
19687.1 92.6254
19687.5 92.6255
19687.9 92.6256
19688.2 92.6257
19688.6 92.6257
19689 92.6258
19689.3 92.6258
19689.7 92.6258
19690.1 92.6258
19690.4 92.6258
19690.8 92.6257
19691.2 92.6257
19691.5 92.6256
19691.9 92.6255
19692.3 92.6255
19692.6 92.6254
19693 92.6253
19693.4 92.6251
19693.7 92.6249
19694.1 92.6248
19694.5 92.6246
19694.8 92.6244
19695.2 92.6242
19695.6 92.6241
19695.9 92.6239
19696.3 92.6237
19696.7 92.6236
19697 92.6235
19697.4 92.6234
19697.8 92.6233
19698.1 92.6232
19698.5 92.6232
19698.9 92.6231
19699.2 92.6231
19699.6 92.6231
19699.9 92.6231
19700.3 92.6231
19700.7 92.6231
19701 92.6232
19701.4 92.6233
19701.8 92.6233
19702.1 92.6235
19702.5 92.6236
19702.9 92.6237
19703.2 92.6238
19703.6 92.6239
19704 92.6241
19704.3 92.6242
19704.7 92.6244
19705.1 92.6244
19705.4 92.6245
19705.8 92.6246
19706.2 92.6247
19706.5 92.6249
19706.9 92.625
19707.3 92.6251
19707.6 92.6252
19708 92.6254
19708.4 92.6255
19708.7 92.6256
19709.1 92.6257
19709.5 92.6258
19709.8 92.6259
19710.2 92.626
19710.6 92.6261
19710.9 92.6263
19711.3 92.6264
19711.7 92.6264
19712 92.6265
19712.4 92.6266
19712.8 92.6268
19713.1 92.6269
19713.5 92.627
19713.9 92.6272
19714.2 92.6273
19714.6 92.6275
19715 92.6276
19715.3 92.6278
19715.7 92.6279
19716.1 92.6281
19716.4 92.6283
19716.8 92.6284
19717.2 92.6286
19717.5 92.6287
19717.9 92.6289
19718.3 92.6289
19718.6 92.6291
19719 92.6293
19719.4 92.6295
19719.7 92.6297
19720.1 92.6299
19720.5 92.6301
19720.8 92.6303
19721.2 92.6306
19721.6 92.6308
19721.9 92.6311
19722.3 92.6313
19722.7 92.6316
19723 92.6319
19723.4 92.6322
19723.8 92.6324
19724.1 92.6327
19724.5 92.633
19724.9 92.633
19725.2 92.6332
19725.6 92.6334
19726 92.6337
19726.3 92.6339
19726.7 92.6341
19727 92.6343
19727.4 92.6344
19727.8 92.6346
19728.1 92.6347
19728.5 92.6348
19728.9 92.6349
19729.2 92.6349
19729.6 92.635
19730 92.6351
19730.3 92.6351
19730.7 92.6351
19731.1 92.6351
19731.4 92.6351
19731.8 92.6351
19732.2 92.6351
19732.5 92.6351
19732.9 92.6351
19733.3 92.635
19733.6 92.635
19734 92.6349
19734.4 92.6348
19734.7 92.6348
19735.1 92.6347
19735.5 92.6346
19735.8 92.6345
19736.2 92.6344
19736.6 92.6342
19736.9 92.6341
19737.3 92.6339
19737.7 92.6339
19738 92.6338
19738.4 92.6336
19738.8 92.6334
19739.1 92.6332
19739.5 92.633
19739.9 92.6328
19740.2 92.6326
19740.6 92.6324
19741 92.6321
19741.3 92.6319
19741.7 92.6316
19742.1 92.6313
19742.4 92.6311
19742.8 92.6308
19743.2 92.6305
19743.5 92.6302
19743.9 92.6299
19744.3 92.6299
19744.6 92.6296
19745 92.6293
19745.4 92.629
19745.7 92.6288
19746.1 92.6285
19746.5 92.6282
19746.8 92.6279
19747.2 92.6276
19747.6 92.6273
19747.9 92.627
19748.3 92.6267
19748.7 92.6264
19749 92.6261
19749.4 92.6259
19749.8 92.6256
19750.1 92.6254
19750.5 92.6251
19750.9 92.6251
19751.2 92.6249
19751.6 92.6247
19752 92.6245
19752.3 92.6243
19752.7 92.6241
19753.1 92.6239
19753.4 92.6238
19753.8 92.6236
19754.1 92.6235
19754.5 92.6233
19754.9 92.6232
19755.2 92.623
19755.6 92.6229
19756 92.6227
19756.3 92.6226
19756.7 92.6224
19757.1 92.6223
19757.4 92.6223
19757.8 92.6221
19758.2 92.622
19758.5 92.6218
19758.9 92.6216
19759.3 92.6215
19759.6 92.6213
19760 92.6211
19760.4 92.6209
19760.7 92.6207
19761.1 92.6205
19761.5 92.6203
19761.8 92.6201
19762.2 92.6199
19762.6 92.6196
19762.9 92.6194
19763.3 92.6192
19763.7 92.619
19764 92.619
19764.4 92.6187
19764.8 92.6185
19765.1 92.6183
19765.5 92.6181
19765.9 92.6179
19766.2 92.6177
19766.6 92.6175
19767 92.6173
19767.3 92.6171
19767.7 92.617
19768.1 92.6168
19768.4 92.6167
19768.8 92.6166
19769.2 92.6165
19769.5 92.6164
19769.9 92.6163
19770.3 92.6163
19770.6 92.6162
19771 92.6162
19771.4 92.6161
19771.7 92.6161
19772.1 92.6161
19772.5 92.6161
19772.8 92.6161
19773.2 92.616
19773.6 92.616
19773.9 92.616
19774.3 92.616
19774.7 92.6161
19775 92.6161
19775.4 92.6161
19775.8 92.6162
19776.1 92.6162
19776.5 92.6163
19776.9 92.6163
19777.2 92.6163
19777.6 92.6163
19778 92.6164
19778.3 92.6164
19778.7 92.6164
19779.1 92.6164
19779.4 92.6165
19779.8 92.6164
19780.2 92.6164
19780.5 92.6164
19780.9 92.6164
19781.2 92.6163
19781.6 92.6162
19782 92.6162
19782.3 92.6161
19782.7 92.616
19783.1 92.6159
19783.4 92.6159
19783.8 92.6157
19784.2 92.6156
19784.5 92.6154
19784.9 92.6153
19785.3 92.6151
19785.6 92.6149
19786 92.6146
19786.4 92.6144
19786.7 92.6142
19787.1 92.6139
19787.5 92.6136
19787.8 92.6133
19788.2 92.6131
19788.6 92.6128
19788.9 92.6125
19789.3 92.6122
19789.7 92.6119
19790 92.6119
19790.4 92.6116
19790.8 92.6113
19791.1 92.611
19791.5 92.6106
19791.9 92.6103
19792.2 92.61
19792.6 92.6098
19793 92.6095
19793.3 92.6092
19793.7 92.609
19794.1 92.6088
19794.4 92.6086
19794.8 92.6084
19795.2 92.6082
19795.5 92.608
19795.9 92.6078
19796.3 92.6077
19796.6 92.6077
19797 92.6076
19797.4 92.6075
19797.7 92.6074
19798.1 92.6074
19798.5 92.6073
19798.8 92.6073
19799.2 92.6073
19799.6 92.6073
19799.9 92.6073
19800.3 92.6073
19800.7 92.6073
19801 92.6073
19801.4 92.6073
19801.8 92.6074
19802.1 92.6074
19802.5 92.6075
19802.9 92.6075
19803.2 92.6075
19803.6 92.6075
19804 92.6076
19804.3 92.6076
19804.7 92.6076
19805.1 92.6075
19805.4 92.6075
19805.8 92.6074
19806.2 92.6074
19806.5 92.6073
19806.9 92.6072
19807.3 92.607
19807.6 92.6069
19808 92.6067
19808.3 92.6066
19808.7 92.6064
19809.1 92.6062
19809.4 92.6062
19809.8 92.606
19810.2 92.6058
19810.5 92.6056
19810.9 92.6054
19811.3 92.6052
19811.6 92.605
19812 92.6048
19812.4 92.6046
19812.7 92.6044
19813.1 92.6042
19813.5 92.604
19813.8 92.6037
19814.2 92.6035
19814.6 92.6033
19814.9 92.6031
19815.3 92.6029
19815.7 92.6027
19816 92.6027
19816.4 92.6026
19816.8 92.6024
19817.1 92.6022
19817.5 92.6021
19817.9 92.602
19818.2 92.6018
19818.6 92.6017
19819 92.6016
19819.3 92.6015
19819.7 92.6014
19820.1 92.6013
19820.4 92.6013
19820.8 92.6012
19821.2 92.6011
19821.5 92.601
19821.9 92.601
19822.3 92.6009
19822.6 92.6009
19823 92.6008
19823.4 92.6008
19823.7 92.6007
19824.1 92.6006
19824.5 92.6005
19824.8 92.6004
19825.2 92.6003
19825.6 92.6002
19825.9 92.6001
19826.3 92.6
19826.7 92.5999
19827 92.5998
19827.4 92.5997
19827.8 92.5996
19828.1 92.5995
19828.5 92.5994
19828.9 92.5993
19829.2 92.5993
19829.6 92.5993
19830 92.5992
19830.3 92.599
19830.7 92.5989
19831.1 92.5988
19831.4 92.5987
19831.8 92.5986
19832.2 92.5985
19832.5 92.5984
19832.9 92.5983
19833.3 92.5982
19833.6 92.598
19834 92.5979
19834.3 92.5978
19834.7 92.5977
19835.1 92.5976
19835.4 92.5975
19835.8 92.5975
19836.2 92.5974
19836.5 92.5973
19836.9 92.5972
19837.3 92.5972
19837.6 92.5971
19838 92.597
19838.4 92.5969
19838.7 92.5969
19839.1 92.5968
19839.5 92.5967
19839.8 92.5967
19840.2 92.5967
19840.6 92.5966
19840.9 92.5966
19841.3 92.5966
19841.7 92.5966
19842 92.5966
19842.4 92.5967
19842.8 92.5967
19843.1 92.5967
19843.5 92.5968
19843.9 92.5969
19844.2 92.5969
19844.6 92.597
19845 92.5971
19845.3 92.5972
19845.7 92.5973
19846.1 92.5974
19846.4 92.5975
19846.8 92.5976
19847.2 92.5978
19847.5 92.5979
19847.9 92.598
19848.3 92.5981
19848.6 92.5981
19849 92.5982
19849.4 92.5984
19849.7 92.5985
19850.1 92.5986
19850.5 92.5987
19850.8 92.5988
19851.2 92.599
19851.6 92.5991
19851.9 92.5992
19852.3 92.5993
19852.7 92.5994
19853 92.5996
19853.4 92.5997
19853.8 92.5998
19854.1 92.6
19854.5 92.6001
19854.9 92.6003
19855.2 92.6003
19855.6 92.6005
19856 92.6006
19856.3 92.6008
19856.7 92.601
19857.1 92.6012
19857.4 92.6013
19857.8 92.6015
19858.2 92.6017
19858.5 92.6018
19858.9 92.602
19859.3 92.6021
19859.6 92.6023
19860 92.6024
19860.3 92.6026
19860.7 92.6027
19861.1 92.6028
19861.4 92.6029
19861.8 92.6029
19862.2 92.603
19862.5 92.6031
19862.9 92.6032
19863.3 92.6032
19863.6 92.6033
19864 92.6034
19864.4 92.6034
19864.7 92.6035
19865.1 92.6035
19865.5 92.6035
19865.8 92.6036
19866.2 92.6036
19866.6 92.6036
19866.9 92.6036
19867.3 92.6036
19867.7 92.6036
19868 92.6036
19868.4 92.6036
19868.8 92.6036
19869.1 92.6037
19869.5 92.6036
19869.9 92.6036
19870.2 92.6036
19870.6 92.6036
19871 92.6036
19871.3 92.6036
19871.7 92.6036
19872.1 92.6036
19872.4 92.6036
19872.8 92.6036
19873.2 92.6036
19873.5 92.6035
19873.9 92.6035
19874.3 92.6035
19874.6 92.6035
19875 92.6034
19875.4 92.6034
19875.7 92.6034
19876.1 92.6033
19876.5 92.6033
19876.8 92.6033
19877.2 92.6032
19877.6 92.6032
19877.9 92.6031
19878.3 92.603
19878.7 92.603
19879 92.6029
19879.4 92.6028
19879.8 92.6027
19880.1 92.6027
19880.5 92.6026
19880.9 92.6025
19881.2 92.6025
19881.6 92.6023
19882 92.6022
19882.3 92.6021
19882.7 92.602
19883.1 92.6019
19883.4 92.6019
19883.8 92.6018
19884.2 92.6017
19884.5 92.6016
19884.9 92.6015
19885.3 92.6014
19885.6 92.6013
19886 92.6013
19886.4 92.6012
19886.7 92.6012
19887.1 92.6011
19887.4 92.6011
19887.8 92.6011
19888.2 92.6011
19888.5 92.601
19888.9 92.601
19889.3 92.601
19889.6 92.6009
19890 92.6009
19890.4 92.6008
19890.7 92.6008
19891.1 92.6008
19891.5 92.6007
19891.8 92.6006
19892.2 92.6005
19892.6 92.6005
19892.9 92.6004
19893.3 92.6003
19893.7 92.6002
19894 92.6001
19894.4 92.6001
19894.8 92.6
19895.1 92.5999
19895.5 92.5997
19895.9 92.5996
19896.2 92.5995
19896.6 92.5994
19897 92.5993
19897.3 92.5991
19897.7 92.599
19898.1 92.5989
19898.4 92.5988
19898.8 92.5987
19899.2 92.5986
19899.5 92.5985
19899.9 92.5984
19900.3 92.5984
19900.6 92.5983
19901 92.5983
19901.4 92.5983
19901.7 92.5982
19902.1 92.5982
19902.5 92.5981
19902.8 92.5981
19903.2 92.5981
19903.6 92.5981
19903.9 92.598
19904.3 92.598
19904.7 92.598
19905 92.598
19905.4 92.598
19905.8 92.598
19906.1 92.5979
19906.5 92.5979
19906.9 92.5979
19907.2 92.5979
19907.6 92.5979
19908 92.5978
19908.3 92.5978
19908.7 92.5977
19909.1 92.5976
19909.4 92.5975
19909.8 92.5975
19910.2 92.5974
19910.5 92.5972
19910.9 92.5971
19911.3 92.5969
19911.6 92.5968
19912 92.5966
19912.4 92.5964
19912.7 92.5962
19913.1 92.596
19913.5 92.5958
19913.8 92.5958
19914.2 92.5956
19914.5 92.5954
19914.9 92.5952
19915.3 92.595
19915.6 92.5948
19916 92.5945
19916.4 92.5943
19916.7 92.594
19917.1 92.5938
19917.5 92.5935
19917.8 92.5932
19918.2 92.5929
19918.6 92.5926
19918.9 92.5923
19919.3 92.5919
19919.7 92.5916
19920 92.5912
19920.4 92.5912
19920.8 92.5908
19921.1 92.5904
19921.5 92.59
19921.9 92.5896
19922.2 92.5891
19922.6 92.5887
19923 92.5882
19923.3 92.5877
19923.7 92.5872
19924.1 92.5867
19924.4 92.5863
19924.8 92.5858
19925.2 92.5853
19925.5 92.5848
19925.9 92.5843
19926.3 92.5838
19926.6 92.5834
19927 92.5834
19927.4 92.5829
19927.7 92.5824
19928.1 92.582
19928.5 92.5815
19928.8 92.5811
19929.2 92.5806
19929.6 92.5802
19929.9 92.5797
19930.3 92.5793
19930.7 92.5789
19931 92.5784
19931.4 92.578
19931.8 92.5776
19932.1 92.5772
19932.5 92.5768
19932.9 92.5764
19933.2 92.576
19933.6 92.576
19934 92.5756
19934.3 92.5752
19934.7 92.5748
19935.1 92.5743
19935.4 92.5739
19935.8 92.5735
19936.2 92.5731
19936.5 92.5727
19936.9 92.5723
19937.3 92.5719
19937.6 92.5714
19938 92.571
19938.4 92.5706
19938.7 92.5701
19939.1 92.5697
19939.5 92.5692
19939.8 92.5687
19940.2 92.5687
19940.6 92.5682
19940.9 92.5678
19941.3 92.5673
19941.6 92.5668
19942 92.5662
19942.4 92.5657
19942.7 92.5652
19943.1 92.5646
19943.5 92.564
19943.8 92.5635
19944.2 92.5629
19944.6 92.5623
19944.9 92.5617
19945.3 92.5611
19945.7 92.5605
19946 92.5599
19946.4 92.5599
19946.8 92.5593
19947.1 92.5587
19947.5 92.5581
19947.9 92.5574
19948.2 92.5568
19948.6 92.5562
19949 92.5555
19949.3 92.5549
19949.7 92.5543
19950.1 92.5536
19950.4 92.553
19950.8 92.5523
19951.2 92.5517
19951.5 92.551
19951.9 92.5504
19952.3 92.5498
19952.6 92.5491
19953 92.5491
19953.4 92.5485
19953.7 92.5478
19954.1 92.5472
19954.5 92.5466
19954.8 92.546
19955.2 92.5454
19955.6 92.5448
19955.9 92.5442
19956.3 92.5436
19956.7 92.543
19957 92.5425
19957.4 92.5419
19957.8 92.5414
19958.1 92.5408
19958.5 92.5403
19958.9 92.5397
19959.2 92.5392
19959.6 92.5392
19960 92.5386
19960.3 92.5381
19960.7 92.5376
19961.1 92.537
19961.4 92.5365
19961.8 92.5359
19962.2 92.5353
19962.5 92.5348
19962.9 92.5342
19963.3 92.5336
19963.6 92.533
19964 92.5324
19964.4 92.5318
19964.7 92.5313
19965.1 92.5307
19965.5 92.53
19965.8 92.5294
19966.2 92.5294
19966.6 92.5288
19966.9 92.5282
19967.3 92.5276
19967.7 92.527
19968 92.5264
19968.4 92.5258
19968.7 92.5252
19969.1 92.5246
19969.5 92.524
19969.8 92.5234
19970.2 92.5228
19970.6 92.5223
19970.9 92.5217
19971.3 92.5212
19971.7 92.5206
19972 92.5201
19972.4 92.5196
19972.8 92.5196
19973.1 92.5191
19973.5 92.5186
19973.9 92.5182
19974.2 92.5178
19974.6 92.5174
19975 92.517
19975.3 92.5167
19975.7 92.5163
19976.1 92.5161
19976.4 92.5158
19976.8 92.5156
19977.2 92.5154
19977.5 92.5152
19977.9 92.515
19978.3 92.5149
19978.6 92.5148
19979 92.5147
19979.4 92.5147
19979.7 92.5146
19980.1 92.5146
19980.5 92.5145
19980.8 92.5145
19981.2 92.5145
19981.6 92.5145
19981.9 92.5145
19982.3 92.5145
19982.7 92.5145
19983 92.5145
19983.4 92.5145
19983.8 92.5145
19984.1 92.5145
19984.5 92.5144
19984.9 92.5144
19985.2 92.5143
19985.6 92.5143
19986 92.5143
19986.3 92.5142
19986.7 92.5142
19987.1 92.5141
19987.4 92.514
19987.8 92.5139
19988.2 92.5138
19988.5 92.5137
19988.9 92.5136
19989.3 92.5134
19989.6 92.5133
19990 92.5131
19990.4 92.5129
19990.7 92.5127
19991.1 92.5125
19991.5 92.5123
19991.8 92.512
19992.2 92.512
19992.6 92.5118
19992.9 92.5115
19993.3 92.5111
19993.7 92.5108
19994 92.5104
19994.4 92.5101
19994.8 92.5097
19995.1 92.5093
19995.5 92.5089
19995.8 92.5085
19996.2 92.5081
19996.6 92.5077
19996.9 92.5073
19997.3 92.5069
19997.7 92.5065
19998 92.5061
19998.4 92.5057
19998.8 92.5057
19999.1 92.5053
19999.5 92.5049
19999.9 92.5045
