20.1416 -41.0828
20.5078 -39.5998
20.874 -38.3049
21.2402 -37.2143
21.6064 -35.4687
21.9727 -33.3177
22.3389 -31.8855
22.7051 -31.2092
23.0713 -31.2006
23.4375 -31.8043
23.8037 -32.8117
24.1699 -33.826
24.5361 -34.6449
24.9023 -34.9405
25.2686 -34.8855
25.6348 -34.3308
26.001 -33.2264
26.3672 -32.3837
26.7334 -30.9159
27.0996 -29.4338
27.4658 -28.0796
27.832 -26.8656
28.1982 -25.8018
28.5645 -24.9028
28.9307 -24.1529
29.2969 -23.5148
29.6631 -22.9506
30.0293 -22.4213
30.3955 -21.8786
30.7617 -21.2687
31.1279 -20.1161
31.4941 -19.3101
31.8604 -18.4884
32.2266 -17.7081
32.5928 -16.9885
32.959 -16.6948
33.3252 -16.0086
33.6914 -15.3216
34.0576 -14.6369
34.4238 -13.97
34.79 -13.3289
35.1563 -12.7015
35.5225 -12.0595
35.8887 -11.3734
36.2549 -10.6241
36.6211 -9.80967
36.9873 -8.45403
37.3535 -7.52995
37.7197 -6.5812
38.0859 -5.60578
38.4521 -4.59545
38.8184 -3.5437
39.1846 -2.97611
39.5508 -1.86996
39.917 -0.741714
40.2832 0.387596
40.6494 1.49512
41.0156 2.55566
41.3818 3.54135
41.748 4.42497
42.1143 5.18336
42.4805 5.79943
42.8467 6.26112
43.2129 6.39697
43.5791 6.45011
43.9453 6.34625
44.3115 6.0794
44.6777 5.6449
45.0439 5.0434
45.4102 4.28839
45.7764 3.75543
46.1426 2.91317
46.5088 2.08597
46.875 1.3247
47.2412 0.650833
47.6074 0.0674362
47.9736 -0.43322
48.3398 -0.866768
48.7061 -1.2537
49.0723 -1.61343
49.4385 -2.04434
49.8047 -2.36947
50.1709 -2.63853
50.5371 -2.83672
50.9033 -2.96577
51.2695 -3.05302
51.6357 -3.15271
52.0019 -3.31984
52.3682 -3.54232
52.7344 -3.80544
53.1006 -4.12867
53.4668 -4.49726
53.833 -4.89926
54.1992 -5.32474
54.5654 -5.76396
54.9316 -6.20727
55.2978 -6.64874
55.6641 -7.34137
56.0303 -7.81608
56.3965 -8.32537
56.7627 -8.87442
57.1289 -9.44681
57.4951 -9.99997
57.8613 -10.4796
58.2275 -10.851
58.5937 -11.1119
58.96 -11.0818
59.3262 -11.1865
59.6924 -11.2342
60.0586 -11.2328
60.4248 -11.1796
60.791 -11.0689
61.1572 -10.8987
61.5234 -10.6745
61.8896 -10.1554
62.2559 -9.90118
62.6221 -9.65092
62.9883 -9.41167
63.3545 -9.18307
63.7207 -8.95903
64.0869 -8.73643
64.4531 -8.52753
64.8193 -8.35648
65.1855 -8.23753
65.5518 -8.33874
65.918 -8.24141
66.2842 -8.17184
66.6504 -8.12256
67.0166 -8.09023
67.3828 -8.07566
67.749 -8.02858
68.1152 -8.04448
68.4814 -8.07711
68.8476 -8.11693
69.2139 -8.15089
69.5801 -8.16426
69.9463 -8.14243
70.3125 -8.07275
70.6787 -7.94589
71.0449 -7.75808
71.4111 -7.51312
71.7773 -7.36281
72.1435 -7.07098
72.5098 -6.74603
72.876 -6.4003
73.2422 -6.04463
73.6084 -5.68846
73.9746 -5.16661
74.3408 -4.81778
74.707 -4.47307
75.0732 -4.12599
75.4394 -3.76844
75.8057 -3.39315
76.1719 -2.99528
76.5381 -2.57311
76.9043 -2.12778
77.2705 -1.66228
77.6367 -1.18048
78.0029 -0.686615
78.3691 -0.391151
78.7353 0.104416
79.1016 0.59581
79.4678 1.07621
79.834 1.53802
80.2002 2.13052
80.5664 2.49863
80.9326 2.83913
81.2988 3.15797
81.665 3.46066
82.0312 3.75024
82.3975 4.02766
82.7637 4.29394
83.1299 4.55102
83.4961 4.80139
83.8623 5.04648
84.2285 5.28551
84.5947 5.51612
84.9609 5.59149
85.3271 5.81996
85.6934 6.03593
86.0596 6.2373
86.4258 6.52618
86.792 6.68319
87.1582 6.80833
87.5244 6.89693
87.8906 6.94585
88.2568 6.95435
88.623 6.92486
88.9893 6.86294
89.3555 6.77633
89.7217 6.6729
90.0879 6.55829
90.4541 6.43391
90.8203 6.29648
91.1865 6.1403
91.5527 5.92201
91.9189 5.72563
92.2851 5.50474
92.6514 4.99025
93.0176 4.70435
93.3838 4.39307
93.75 4.0577
94.1162 3.69971
94.4824 3.31991
94.8486 2.91822
95.2148 2.49407
95.581 2.04768
95.9473 1.58074
96.3135 1.09628
96.6797 0.597206
97.0459 0.0856628
97.4121 -0.436623
97.7783 -0.966499
98.1445 -1.16771
98.5107 -1.68748
98.8769 -2.32965
99.2432 -2.755
99.6094 -3.13522
99.9756 -3.46988
100.342 -3.75975
100.708 -4.00622
101.074 -4.21131
101.44 -4.37813
101.807 -4.51074
102.173 -4.61422
102.539 -4.69375
102.905 -4.75409
103.271 -4.799
103.638 -4.8315
104.004 -4.85428
104.37 -4.87025
104.736 -4.8449
105.103 -4.87535
105.469 -4.90141
105.835 -4.92679
106.201 -4.95523
106.567 -4.98909
106.934 -5.02821
107.3 -5.06974
107.666 -5.10944
108.032 -5.14349
108.398 -5.16891
108.765 -5.1825
109.131 -5.17991
109.497 -5.15688
109.863 -5.11238
110.229 -5.05174
110.596 -4.98495
110.962 -4.95854
111.328 -4.87565
111.694 -4.79298
112.061 -4.70839
112.427 -4.61997
112.793 -4.52731
113.159 -4.43066
113.525 -4.32989
113.892 -4.22395
114.258 -4.11135
114.624 -3.99091
114.99 -3.86208
115.356 -3.72484
115.723 -3.57922
116.089 -3.42484
116.455 -3.26089
116.821 -3.08687
117.187 -2.76436
117.554 -2.63641
117.92 -2.46465
118.286 -2.2912
118.652 -2.11795
119.019 -1.94498
119.385 -1.77079
119.751 -1.5935
120.117 -1.41237
120.483 -1.2289
120.85 -1.04601
121.216 -0.866058
121.582 -0.68969
121.948 -0.516663
122.314 -0.347816
122.681 -0.186058
123.047 -0.0359955
123.413 0.0750961
123.779 0.168839
124.146 0.114342
124.512 0.166817
124.878 0.199165
125.244 0.212296
125.61 0.204048
125.977 0.170372
126.343 0.107414
126.709 0.013298
127.075 -0.111557
127.441 -0.265228
127.808 -0.446152
128.174 -0.654358
128.54 -0.890511
128.906 -1.15326
129.272 -1.43551
129.639 -1.89518
130.005 -2.14816
130.371 -2.37984
130.737 -2.47014
131.104 -2.65276
131.47 -2.81374
131.836 -2.95432
132.202 -3.0769
132.568 -3.18481
132.935 -3.28125
133.301 -3.36869
133.667 -3.44807
134.033 -3.51907
134.399 -3.58105
134.766 -3.63442
135.132 -3.68104
135.498 -3.6769
135.864 -3.71536
136.23 -3.75111
136.597 -3.78298
136.963 -3.80924
137.329 -3.73687
137.695 -3.74646
138.062 -3.74367
138.428 -3.72382
138.794 -3.68271
139.16 -3.61767
139.526 -3.52858
139.893 -3.41785
140.259 -3.28912
140.625 -3.14496
140.991 -2.98538
141.357 -2.80816
141.724 -2.45038
142.09 -2.22331
142.456 -1.97112
142.822 -1.69369
143.188 -1.39076
143.555 -1.19559
143.921 -0.857704
144.287 -0.490814
144.653 -0.0939865
145.02 0.328468
145.386 0.76564
145.752 1.20412
146.118 1.63381
146.484 2.04868
146.851 2.44449
147.217 2.81773
147.583 3.16579
147.949 3.6392
148.315 3.91698
148.682 4.17249
149.048 4.4096
149.414 4.63154
149.78 4.84012
150.146 4.88762
150.513 5.06886
150.879 5.23816
151.245 5.39599
151.611 5.54344
151.978 5.68167
152.344 5.81088
152.71 5.92995
153.076 6.03664
153.442 6.12849
153.809 6.20351
154.175 6.16366
154.541 6.18793
154.907 6.19106
155.273 6.17101
155.64 6.12529
156.006 6.05117
156.372 5.94566
156.738 5.73538
157.104 5.57059
157.471 5.3748
157.837 5.16058
158.203 4.94522
158.569 4.74168
158.936 4.5554
159.302 4.38715
159.668 4.23549
160.034 4.09792
160.4 3.91269
160.767 3.81479
161.133 3.71955
161.499 3.62514
161.865 3.53057
162.231 3.43565
162.598 3.34087
162.964 3.24715
163.33 3.31457
163.696 3.23619
164.062 3.16042
164.429 3.08873
164.795 3.02261
165.161 2.96324
165.527 2.91114
165.894 2.86591
166.26 2.82607
166.626 2.8765
166.992 2.82352
167.358 2.76266
167.725 2.6905
168.091 2.60399
168.457 2.50053
168.823 2.37778
169.189 2.23346
169.556 2.06567
169.922 1.93707
170.288 1.71937
170.654 1.48652
171.02 1.24956
171.387 1.0202
171.753 0.806549
172.119 0.612534
172.485 0.322357
172.852 0.186897
173.218 0.074173
173.584 -0.0159302
173.95 -0.0840454
174.316 -0.130714
174.683 -0.155853
175.049 -0.158226
175.415 -0.13546
175.781 -0.0849304
176.147 -0.00550842
176.514 -0.0306473
176.88 0.074707
177.246 0.192337
177.612 0.305374
177.979 0.400375
178.345 0.470284
178.711 0.469772
179.077 0.472313
179.443 0.442757
179.81 0.382187
180.176 0.294067
180.542 0.184837
180.908 0.0633469
181.274 -0.0618515
181.641 -0.185204
182.007 -0.304741
182.373 -0.420937
182.739 -0.420265
183.105 -0.520653
183.472 -0.621574
183.838 -0.72348
184.204 -0.826363
184.57 -0.92984
184.937 -0.965271
185.303 -1.058
185.669 -1.14451
186.035 -1.22118
186.401 -1.28484
186.768 -1.33318
187.134 -1.36477
187.5 -1.37896
187.866 -1.37549
188.232 -1.35424
188.599 -1.31486
188.965 -1.25652
189.331 -1.15611
189.697 -1.08329
190.063 -0.987534
190.43 -0.866821
190.796 -0.720169
191.162 -0.478989
191.528 -0.293411
191.895 -0.0993118
192.261 0.0923004
192.627 0.273521
192.993 0.440109
193.359 0.590134
193.726 0.722664
194.092 0.837433
194.458 0.934891
194.824 1.01643
195.19 1.08421
195.557 1.14075
195.923 1.12786
196.289 1.17385
196.655 1.21483
197.021 1.25289
197.388 1.28037
197.754 1.3204
198.12 1.36166
198.486 1.40493
198.853 1.4512
199.219 1.50196
199.585 1.55882
199.951 1.62323
200.317 1.69636
200.684 1.77882
201.05 1.87079
201.416 1.97167
201.782 2.07992
202.148 2.19224
202.515 2.19952
202.881 2.30115
203.247 2.37125
203.613 2.4337
203.979 2.47404
204.346 2.49097
204.712 2.48511
205.078 2.45783
205.444 2.41056
205.811 2.3446
206.177 2.26129
206.543 2.16231
206.909 2.04974
207.275 1.92589
207.642 1.79276
208.008 1.6515
208.374 1.50237
208.74 1.34502
209.106 1.23383
209.473 0.962494
209.839 0.792122
210.205 0.615868
210.571 0.43586
210.937 0.253723
211.304 0.0699387
211.67 -0.116272
212.036 -0.306915
212.402 -0.504478
212.769 -0.711029
213.135 -0.927246
213.501 -1.15231
213.867 -1.38478
214.233 -1.62411
214.6 -1.87094
214.966 -2.1264
215.332 -2.30354
215.698 -2.75496
216.064 -3.02184
216.431 -3.27615
216.797 -3.50983
217.163 -3.71764
217.529 -3.89763
217.895 -4.05051
218.262 -4.17838
218.628 -4.28394
218.994 -4.36983
219.36 -4.43848
219.727 -4.49204
220.093 -4.53265
220.459 -4.56271
220.825 -4.58477
221.191 -4.60139
221.558 -4.61489
221.924 -4.479
222.29 -4.48483
222.656 -4.49227
223.022 -4.50211
223.389 -4.51524
223.755 -4.53265
224.121 -4.55515
224.487 -4.58311
224.854 -4.61623
225.22 -4.65349
225.586 -4.69321
225.952 -4.73326
226.318 -4.77129
226.685 -4.80488
227.051 -4.83174
227.417 -4.84992
227.783 -4.85789
228.149 -4.76746
228.516 -4.68073
228.882 -4.66339
229.248 -4.63691
229.614 -4.60264
229.98 -4.56218
230.347 -4.51729
230.713 -4.4698
231.079 -4.42168
231.445 -4.37518
231.812 -4.33297
232.178 -4.29833
232.544 -4.27513
232.91 -4.2677
233.276 -4.28068
233.643 -4.3188
234.009 -4.38668
234.375 -4.63452
234.741 -4.76749
235.107 -4.89879
235.474 -4.98648
235.84 -5.04774
236.206 -5.08472
236.572 -5.09945
236.938 -5.09348
237.305 -5.06762
237.671 -5.02189
238.037 -4.95576
238.403 -4.86874
238.77 -4.76114
239.136 -4.63468
239.502 -4.49264
239.868 -4.33884
240.234 -4.12204
240.601 -3.95604
240.967 -3.78377
241.333 -3.60472
241.699 -3.56723
242.065 -3.38615
242.432 -3.20205
242.798 -3.02099
243.164 -2.85038
243.53 -2.69675
243.896 -2.564
244.263 -2.45317
244.629 -2.36359
244.995 -2.29404
245.361 -2.24359
245.728 -2.21199
246.094 -2.19945
246.46 -2.23544
246.826 -2.26613
247.192 -2.306
247.559 -2.34565
247.925 -2.37728
248.291 -2.36965
248.657 -2.37252
249.023 -2.3645
249.39 -2.34638
249.756 -2.31881
250.122 -2.28209
250.488 -2.23621
250.854 -2.18095
251.221 -2.1161
251.587 -2.04176
251.953 -1.95831
252.319 -1.86651
252.686 -1.63459
253.052 -1.52787
253.418 -1.41869
253.784 -1.30885
254.15 -1.20008
254.517 -1.07116
254.883 -0.968193
255.249 -0.869255
255.615 -0.774719
255.981 -0.684509
256.348 -0.598122
256.714 -0.514725
257.08 -0.433144
257.446 -0.351898
257.812 -0.269234
258.179 -0.183243
258.545 -0.0919571
258.911 0.114204
259.277 0.222198
259.644 0.340454
260.01 0.470459
260.376 0.613785
260.742 0.772263
261.108 0.874603
261.475 1.04852
261.841 1.24264
262.207 1.46055
262.573 1.70631
262.939 1.9828
263.306 2.28594
263.672 2.59711
264.038 2.89503
264.404 3.17194
264.77 3.4278
265.137 3.74844
265.503 3.96565
265.869 4.16631
266.235 4.35164
266.602 4.52258
266.968 4.67976
267.334 4.82351
267.7 4.88071
268.066 5.0033
268.433 5.11218
268.799 5.20808
269.165 5.29192
269.531 5.36469
269.897 5.42726
270.264 5.48034
270.63 5.52452
270.996 5.51616
271.362 5.53848
271.728 5.55877
272.095 5.57997
272.461 5.60501
272.827 5.63605
273.193 5.67412
273.56 5.719
273.926 5.76975
274.292 5.73524
274.658 5.79144
275.024 5.85028
275.391 5.91151
275.757 5.97539
276.123 6.04249
276.489 6.11317
276.855 6.18685
277.222 6.20035
277.588 6.25969
277.954 6.30317
278.32 6.32426
278.686 6.32084
279.053 6.29477
279.419 6.25047
279.785 6.1931
280.151 6.12711
280.518 6.0556
280.884 5.96266
281.25 5.89529
281.616 5.82619
281.982 5.75553
282.349 5.68308
282.715 5.60835
283.081 5.53072
283.447 5.40374
283.813 5.31904
284.18 5.22958
284.546 5.13593
284.912 5.03891
285.278 4.93935
285.645 4.83804
286.011 4.73571
286.377 4.63322
286.743 4.53154
287.109 4.4772
287.476 4.37984
287.842 4.28609
288.208 4.19593
288.574 4.1089
288.94 4.02422
289.307 3.94096
289.673 3.82571
290.039 3.74217
290.405 3.65479
290.771 3.56165
291.138 3.46066
291.504 3.34962
291.87 3.22611
292.236 3.08726
292.603 2.9294
292.969 2.74733
293.335 2.53329
293.701 2.35268
294.067 2.06904
294.434 1.81572
294.8 1.60185
295.166 1.41629
295.532 1.25037
295.898 1.05296
296.265 0.920746
296.631 0.794052
296.997 0.672241
297.363 0.555092
297.729 0.442673
298.096 0.335136
298.462 0.232971
298.828 0.136993
299.194 0.0484238
299.561 -0.0313797
299.927 -0.101234
300.293 -0.0566635
300.659 -0.109848
301.025 -0.152954
301.392 -0.186028
301.758 -0.209244
302.124 -0.159691
302.49 -0.162727
302.856 -0.156128
303.223 -0.139687
303.589 -0.113503
303.955 -0.078186
304.321 -0.035141
304.687 0.0134735
305.054 0.0648956
305.42 0.116058
305.786 0.164124
306.152 0.206963
306.519 0.2435
306.885 0.293671
307.251 0.321152
307.617 0.342987
307.983 0.39959
308.35 0.410706
308.716 0.418983
309.082 0.425385
309.448 0.431213
309.814 0.438065
310.181 0.447571
310.547 0.460968
310.913 0.478806
311.279 0.500977
311.645 0.526779
312.012 0.555115
312.378 0.584312
312.744 0.611839
313.11 0.63401
313.477 0.607368
313.843 0.602821
314.209 0.500725
314.575 0.436852
314.941 0.351151
315.308 0.249359
315.674 0.138802
316.04 0.0226974
316.406 -0.100067
316.772 -0.232216
317.139 -0.375443
317.505 -0.52623
317.871 -0.671936
318.237 -0.79821
318.603 -0.899452
318.97 -0.976563
319.336 -1.03252
319.702 -1.07056
320.068 -1.07893
320.435 -1.08144
320.801 -1.07558
321.167 -1.06001
321.533 -1.03526
321.899 -1.00224
322.266 -0.962517
322.632 -0.917931
322.998 -0.8703
323.364 -0.82119
323.73 -0.771805
324.097 -0.722992
324.463 -0.675171
324.829 -0.628128
325.195 -0.580879
325.561 -0.531624
325.928 -0.478035
326.294 -0.410942
326.66 -0.275185
327.026 -0.200233
327.393 -0.115166
327.759 -0.0181656
328.125 0.093071
328.491 0.22168
328.857 0.372169
329.224 0.551331
329.59 0.768097
329.956 1.01221
330.322 1.22883
330.688 1.4091
331.055 1.56215
331.421 1.69489
331.787 1.8119
332.153 1.91624
332.52 2.00997
332.886 2.10527
333.252 2.18456
333.618 2.25681
333.984 2.32265
334.351 2.38246
334.717 2.43642
335.083 2.48451
335.449 2.52651
335.815 2.56192
336.182 2.59024
336.548 2.61116
336.914 2.62474
337.28 2.63151
337.646 2.63221
338.013 2.62774
338.379 2.61888
338.745 2.62016
339.111 2.60117
339.478 2.60915
339.844 2.58392
340.21 2.5559
340.576 2.5259
340.942 2.49485
341.309 2.46365
341.675 2.43306
342.041 2.40364
342.407 2.37572
342.773 2.34946
343.14 2.32492
343.506 2.30206
343.872 2.28089
344.238 2.26138
344.604 2.24348
344.971 2.23289
345.337 2.21805
345.703 2.20529
346.069 2.21167
346.436 2.20361
346.802 2.2006
347.168 2.20337
347.534 2.21178
347.9 2.22478
348.267 2.24079
348.633 2.25841
348.999 2.2768
349.365 2.29589
349.731 2.31624
350.098 2.33881
350.464 2.36478
350.83 2.39548
351.196 2.43597
351.562 2.47372
351.929 2.51968
352.295 2.5752
352.661 2.55138
353.027 2.60971
353.394 2.67967
353.76 2.7606
354.126 2.84859
354.492 2.93892
354.858 3.03043
355.225 3.12561
355.591 3.22826
355.957 3.34115
356.323 3.46226
356.689 3.58105
357.056 3.68498
357.422 3.74005
357.788 3.80149
358.154 3.84225
358.52 3.86318
358.887 3.81408
359.253 3.80624
359.619 3.78172
359.985 3.74794
360.352 3.71358
360.718 3.6834
361.084 3.65793
361.45 3.63568
361.816 3.61489
362.183 3.59415
362.549 3.57248
362.915 3.54929
363.281 3.52436
363.647 3.48769
364.014 3.45819
364.38 3.42702
364.746 3.39414
365.112 3.35918
365.478 3.34543
365.845 3.30766
366.211 3.26674
366.577 3.22247
366.943 3.17497
367.31 3.12474
367.676 3.07245
368.042 3.01852
368.408 2.96323
368.774 2.90667
369.141 2.84895
369.507 2.79045
369.873 2.72253
370.239 2.66724
370.605 2.61371
370.972 2.562
371.338 2.51195
371.704 2.46341
372.07 2.46306
372.436 2.41509
372.803 2.36736
373.169 2.31944
373.535 2.27091
373.901 2.2216
374.268 2.17182
374.634 2.12245
375 2.07452
375.366 2.02879
375.732 1.98199
376.099 1.94307
376.465 1.90597
376.831 1.87061
377.197 1.83702
377.563 1.80541
377.93 1.77599
378.296 1.74899
378.662 1.75294
379.028 1.7298
379.395 1.70983
379.761 1.69324
380.127 1.68011
380.493 1.67036
380.859 1.6637
381.226 1.65959
381.592 1.65738
381.958 1.66294
382.324 1.65933
382.69 1.65411
383.057 1.64616
383.423 1.63448
383.789 1.61829
384.155 1.59719
384.521 1.57104
384.888 1.53974
385.254 1.51575
385.62 1.47335
385.986 1.42379
386.353 1.36583
386.719 1.29809
387.085 1.21937
387.451 1.12939
387.817 1.02972
388.184 0.834724
388.55 0.732361
388.916 0.632988
389.282 0.534935
389.648 0.435852
390.015 0.333565
390.381 0.226494
390.747 0.113823
391.113 -0.00424194
391.479 -0.126198
391.846 -0.204735
392.212 -0.32402
392.578 -0.435905
392.944 -0.53685
393.311 -0.625053
393.677 -0.700172
394.043 -0.762848
394.409 -0.831551
394.775 -0.870186
395.142 -0.901932
395.508 -0.927483
395.874 -0.94709
396.24 -0.960915
396.606 -0.969452
396.973 -0.974098
397.339 -0.977058
397.705 -0.980644
398.071 -0.997009
398.437 -1.00268
398.804 -1.01049
399.17 -1.02026
399.536 -1.03147
399.902 -1.04349
400.269 -1.05554
400.635 -1.06384
401.001 -1.07063
401.367 -1.07544
401.733 -1.07742
402.1 -1.07545
402.466 -1.06821
402.832 -1.05431
403.198 -1.03301
403.564 -1.00597
403.931 -0.978615
404.297 -0.957954
404.663 -0.955925
405.029 -0.946754
405.395 -0.948128
405.762 -0.958405
406.128 -0.975319
406.494 -0.994141
406.86 -1.01524
407.227 -1.03506
407.593 -1.0514
407.959 -1.06251
408.325 -1.06722
408.691 -1.06501
409.058 -1.05586
409.424 -1.04012
409.79 -1.01834
410.156 -0.991188
410.522 -0.95932
410.889 -0.923424
411.255 -0.864471
411.621 -0.822662
411.987 -0.778412
412.353 -0.732162
412.72 -0.617615
413.086 -0.568062
413.452 -0.518044
413.818 -0.467896
414.185 -0.418129
414.551 -0.369476
414.917 -0.322899
415.283 -0.279396
415.649 -0.239685
416.016 -0.203979
416.382 -0.172127
416.748 -0.143623
417.114 -0.117882
417.48 -0.0942841
417.847 -0.0544128
418.213 -0.0354462
418.579 -0.0181503
418.945 0.0218582
419.311 0.030159
419.678 0.0350418
420.044 0.0353088
420.41 0.0294266
420.776 0.0159302
421.143 -0.00617218
421.509 -0.0370789
421.875 -0.0759964
422.241 -0.121162
422.607 -0.169739
422.974 -0.218285
423.34 -0.263672
423.706 -0.303703
424.072 -0.337326
424.438 -0.345741
424.805 -0.365974
425.171 -0.371361
425.537 -0.377869
425.903 -0.382332
426.27 -0.385796
426.636 -0.389053
427.002 -0.392647
427.368 -0.39679
427.734 -0.401588
428.101 -0.407028
428.467 -0.413078
428.833 -0.419754
429.199 -0.427101
429.565 -0.435158
429.932 -0.443939
430.298 -0.453438
430.664 -0.454742
431.03 -0.468468
431.396 -0.492668
431.763 -0.50705
432.129 -0.518776
432.495 -0.527
432.861 -0.530853
433.228 -0.529434
433.594 -0.521782
433.96 -0.507095
434.326 -0.485092
434.692 -0.456619
435.059 -0.424362
435.425 -0.392792
435.791 -0.365875
436.157 -0.343239
436.523 -0.320122
436.89 -0.291435
437.256 -0.313431
437.622 -0.273026
437.988 -0.214951
438.354 -0.15184
438.721 -0.0838852
439.087 -0.0116272
439.453 0.0635223
439.819 0.138878
440.186 0.210655
440.552 0.274933
440.918 0.328941
441.284 0.371666
441.65 0.403633
442.017 0.426186
442.383 0.440918
442.749 0.449127
443.115 0.451622
443.481 0.419312
443.848 0.383987
444.214 0.361931
444.58 0.331848
444.946 0.292076
445.312 0.239342
445.679 0.167755
446.045 0.065239
446.411 -0.110947
446.777 -0.265854
447.144 -0.359734
447.51 -0.424728
447.876 -0.472008
448.242 -0.507797
448.608 -0.536407
448.975 -0.561035
449.341 -0.58419
449.707 -0.630592
450.073 -0.655174
450.439 -0.677521
450.806 -0.703476
451.172 -0.729439
451.538 -0.753654
451.904 -0.774345
452.27 -0.790062
452.637 -0.799957
453.003 -0.803848
453.369 -0.802216
453.735 -0.795906
454.102 -0.785889
454.468 -0.773026
454.834 -0.758087
455.2 -0.741653
455.566 -0.724342
455.933 -0.689659
456.299 -0.672417
456.665 -0.656761
457.031 -0.639709
457.397 -0.626602
457.764 -0.616753
458.13 -0.610626
458.496 -0.608345
458.862 -0.609589
459.228 -0.613922
459.595 -0.620804
459.961 -0.629913
460.327 -0.640923
460.693 -0.653496
461.06 -0.66716
461.426 -0.681396
461.792 -0.695641
462.158 -0.664848
462.524 -0.675026
462.891 -0.683998
463.257 -0.69149
463.623 -0.637077
463.989 -0.640694
464.355 -0.642799
464.722 -0.643402
465.088 -0.642525
465.454 -0.640152
465.82 -0.636253
466.186 -0.630707
466.553 -0.623337
466.919 -0.613907
467.285 -0.602097
467.651 -0.58757
468.018 -0.569931
468.384 -0.485657
468.75 -0.459862
469.116 -0.430588
469.482 -0.397881
469.849 -0.333496
470.215 -0.297943
470.581 -0.259064
470.947 -0.216446
471.313 -0.169662
471.68 -0.118378
472.046 -0.0623474
472.412 -0.00137329
472.778 0.0647125
473.145 0.135956
473.511 0.212036
473.877 0.292007
474.243 0.42202
474.609 0.50296
474.976 0.58091
475.342 0.65403
475.708 0.721413
476.074 0.782883
476.44 0.829475
476.807 0.885536
477.173 0.936867
477.539 0.984276
477.905 1.02862
478.271 1.0707
478.638 1.11119
479.004 1.15071
479.37 1.18977
479.736 1.22889
480.103 1.26858
480.469 1.3552
480.835 1.39716
481.201 1.44107
481.567 1.48737
481.934 1.53644
482.3 1.58878
482.666 1.64494
483.032 1.69012
483.398 1.7514
483.765 1.8173
484.131 1.88747
484.497 1.96113
484.863 2.03728
485.229 2.115
485.596 2.19355
485.962 2.27249
486.328 2.35155
486.694 2.47235
487.061 2.54942
487.427 2.62711
487.793 2.70632
488.159 2.78809
488.525 2.87314
488.892 2.96081
489.258 3.0479
489.624 3.07075
489.99 3.15051
490.356 3.2216
490.723 3.2834
491.089 3.3371
491.455 3.38435
491.821 3.42676
492.187 3.46562
492.554 3.50206
492.92 3.55307
493.286 3.58685
493.652 3.62091
494.019 3.65583
494.385 3.69191
494.751 3.7291
495.117 3.76707
495.483 3.80508
495.85 3.84233
496.216 3.8441
496.582 3.876
496.948 3.90604
497.314 3.93472
497.681 3.96273
498.047 3.99075
498.413 4.01907
498.779 4.04751
499.145 4.02474
499.512 4.0388
499.878 4.04768
500.244 4.05111
500.61 4.06229
500.977 4.15086
501.343 4.24428
501.709 4.30219
502.075 4.34857
502.441 4.30382
502.808 4.35578
503.174 4.40506
503.54 4.45416
503.906 4.50507
504.272 4.55933
504.639 4.61803
505.005 4.68169
505.371 4.7683
505.737 4.84312
506.103 4.91959
506.47 4.99621
506.836 5.07143
507.202 5.14391
507.568 5.2126
507.935 5.27703
508.301 5.33724
508.667 5.39379
509.033 5.41569
509.399 5.46964
509.766 5.52193
510.132 5.57348
510.498 5.62504
510.864 5.67712
511.23 5.75863
511.597 5.81367
511.963 5.86951
512.329 5.92596
512.695 5.98274
513.061 6.03941
513.428 6.09544
513.794 6.15019
514.16 6.20294
514.526 6.25297
514.893 6.29954
515.259 6.34209
515.625 6.35936
515.991 6.39531
516.357 6.42699
516.724 6.45442
517.09 6.47771
517.456 6.50059
517.822 6.51341
518.188 6.52213
518.555 6.52677
518.921 6.52731
519.287 6.52374
519.653 6.51596
520.019 6.50391
520.386 6.4875
520.752 6.46665
521.118 6.44134
521.484 6.41135
521.851 6.37629
522.217 6.34641
522.583 6.29867
522.949 6.24213
523.315 6.17475
523.682 6.00898
524.048 5.88989
524.414 5.74146
524.78 5.56644
525.146 5.40891
525.513 5.2739
525.879 5.15383
526.245 5.04364
526.611 4.94001
526.977 4.84052
527.344 4.74329
527.71 4.64669
528.076 4.54928
528.442 4.44964
528.809 4.37267
529.175 4.26382
529.541 4.14886
529.907 3.93736
530.273 3.82916
530.64 3.73402
531.006 3.65125
531.372 3.57888
531.738 3.51489
532.104 3.45757
532.471 3.40555
532.837 3.3578
533.203 3.3135
533.569 3.27196
533.935 3.2326
534.302 3.19497
534.668 3.15867
535.034 3.12344
535.4 3.1179
535.767 3.08475
536.133 3.04928
536.499 3.01685
536.865 2.98381
537.231 2.94985
537.598 2.91461
537.964 2.87764
538.33 2.83837
538.696 2.79615
539.062 2.75034
539.429 2.70033
539.795 2.64563
540.161 2.58579
540.527 2.52031
540.893 2.44837
541.26 2.36877
541.626 2.31557
541.992 2.13837
542.358 2.00356
542.725 1.83426
543.091 1.5882
543.457 1.40439
543.823 1.25246
544.189 1.11713
544.556 0.991974
544.922 0.873466
545.288 0.759354
545.654 0.648026
546.02 0.538116
546.387 0.428253
546.753 0.316849
547.119 0.20195
547.485 0.0812378
547.852 -0.0473862
548.218 -0.228638
548.584 -0.349808
548.95 -0.45536
549.316 -0.547348
549.683 -0.628586
550.049 -0.701805
550.415 -0.76947
550.781 -0.833694
551.147 -0.896126
551.514 -0.957893
551.88 -1.01962
552.246 -1.08159
552.612 -1.14381
552.978 -1.20612
553.345 -1.26809
553.711 -1.32924
554.077 -1.38915
554.443 -1.46349
554.81 -1.47932
555.176 -1.53759
555.542 -1.59771
555.908 -1.66084
556.274 -1.72837
556.641 -1.80222
557.007 -1.88519
557.373 -1.9817
557.739 -2.09937
558.105 -2.25203
558.472 -2.4184
558.838 -2.55408
559.204 -2.67329
559.57 -2.78246
559.936 -2.8764
560.303 -2.94472
560.669 -3.02215
561.035 -3.01567
561.401 -3.03074
561.768 -2.98413
562.134 -2.91152
562.5 -2.84185
562.866 -2.78695
563.232 -2.74361
563.599 -2.70891
563.965 -2.6812
564.331 -2.65959
564.697 -2.64358
565.063 -2.63289
565.43 -2.62737
565.796 -2.62691
566.162 -2.63148
566.528 -2.64092
566.894 -2.61573
567.261 -2.63524
567.627 -2.65862
567.993 -2.62302
568.359 -2.64955
568.726 -2.67691
569.092 -2.70383
569.458 -2.7295
569.824 -2.75341
570.19 -2.7755
570.557 -2.79588
570.923 -2.81488
571.289 -2.83294
571.655 -2.85062
572.021 -2.86857
572.388 -2.8875
572.754 -2.86064
573.12 -2.8848
573.486 -2.91216
573.852 -2.94297
574.219 -2.90267
574.585 -2.93907
574.951 -2.97878
575.317 -3.02125
575.684 -3.06567
576.05 -3.1109
576.416 -3.15562
576.782 -3.19842
577.148 -3.23808
577.515 -3.27364
577.881 -3.30457
578.247 -3.33067
578.613 -3.35212
578.979 -3.31773
579.346 -3.32954
579.712 -3.33864
580.078 -3.34559
580.444 -3.3509
580.81 -3.29816
581.177 -3.30335
581.543 -3.30796
581.909 -3.31201
582.275 -3.31533
582.642 -3.3176
583.008 -3.31845
583.374 -3.3176
583.74 -3.31477
584.106 -3.3097
584.473 -3.30209
584.839 -3.29155
585.205 -3.22902
585.571 -3.21128
585.937 -3.18918
586.304 -3.1619
586.67 -3.12834
587.036 -3.08707
587.402 -3.04785
587.768 -3.00017
588.135 -2.94073
588.501 -2.86543
588.867 -2.76789
589.233 -2.65062
589.6 -2.55278
589.966 -2.47842
590.332 -2.4199
590.698 -2.37141
591.064 -2.32832
591.431 -2.26954
591.797 -2.22419
592.163 -2.17641
592.529 -2.12526
592.895 -2.06974
593.262 -2.00877
593.628 -1.94111
593.994 -1.91256
594.36 -1.83713
594.727 -1.75642
595.093 -1.67676
595.459 -1.60587
595.825 -1.5473
596.191 -1.50114
596.558 -1.46644
596.924 -1.44224
597.29 -1.42793
597.656 -1.42215
598.022 -1.43182
598.389 -1.4495
598.755 -1.47359
599.121 -1.50217
599.487 -1.53354
599.853 -1.56635
600.22 -1.5998
600.586 -1.61345
600.952 -1.64655
601.318 -1.68079
601.685 -1.71674
602.051 -1.75481
602.417 -1.79506
602.783 -1.83705
603.149 -1.88005
603.516 -1.92313
603.882 -1.98663
604.248 -2.02669
604.614 -2.06345
604.98 -2.09608
605.347 -2.12418
605.713 -2.14759
606.079 -2.16615
606.445 -2.17934
606.811 -2.19542
607.178 -2.20123
607.544 -2.19943
607.91 -2.18889
608.276 -2.16788
608.643 -2.13332
609.009 -2.07921
609.375 -1.99284
609.741 -1.83871
610.107 -1.73171
610.474 -1.65134
610.84 -1.58459
611.206 -1.52631
611.572 -1.47381
611.938 -1.42549
612.305 -1.38033
612.671 -1.33752
613.037 -1.29625
613.403 -1.30353
613.769 -1.2661
614.136 -1.22644
614.502 -1.18061
614.868 -1.12433
615.234 -1.05655
615.601 -0.984489
615.967 -0.911079
616.333 -0.846909
616.699 -0.789268
617.065 -0.736412
617.432 -0.686852
617.798 -0.63942
618.164 -0.593262
618.53 -0.547752
618.896 -0.502464
619.263 -0.457146
619.629 -0.41169
619.995 -0.387955
620.361 -0.343529
620.727 -0.299637
621.094 -0.256805
621.46 -0.215584
621.826 -0.176369
622.192 -0.124466
622.559 -0.0900879
622.925 -0.0564194
623.291 -0.0222473
623.657 0.0140305
624.023 0.0543671
624.39 0.101051
624.756 0.156868
625.122 0.225288
625.488 0.311058
625.854 0.421471
626.221 0.568985
626.587 0.59037
626.953 0.75647
627.319 0.89991
627.685 1.03298
628.052 1.16145
628.418 1.29713
628.784 1.39781
629.15 1.48046
629.517 1.54768
629.883 1.60266
630.249 1.64806
630.615 1.68598
630.981 1.71795
631.348 1.74509
631.714 1.76816
632.08 1.78776
632.446 1.80429
632.812 1.81812
633.179 1.83427
633.545 1.84608
633.911 1.85561
634.277 1.8632
634.643 1.88641
635.01 1.89136
635.376 1.89568
635.742 1.90001
636.108 1.90517
636.475 1.91202
636.841 1.92121
637.207 1.93308
637.573 1.94744
637.939 1.96363
638.306 1.98064
638.672 1.99737
639.038 2.01282
639.404 2.02615
639.77 2.05054
640.137 2.0596
640.503 2.08331
640.869 2.0825
641.235 2.07829
641.602 2.07169
641.968 2.0641
642.334 2.05701
642.7 2.05166
643.066 2.04883
643.433 2.04892
643.799 2.05202
644.165 2.05809
644.531 2.06703
644.897 2.07879
645.264 2.09338
645.63 2.11071
645.996 2.13441
646.362 2.15517
646.728 2.20354
647.095 2.22709
647.461 2.25027
647.827 2.27248
648.193 2.29343
648.56 2.3131
648.926 2.33164
649.292 2.34925
649.658 2.36617
650.024 2.38264
650.391 2.3989
650.757 2.41514
651.123 2.43149
651.489 2.44798
651.855 2.46453
652.222 2.48093
652.588 2.51349
652.954 2.55499
653.32 2.56456
653.686 2.57182
654.053 2.57603
654.419 2.57641
654.785 2.57214
655.151 2.56242
655.518 2.54652
655.884 2.52367
656.25 2.49339
656.616 2.4557
656.982 2.41148
657.349 2.36272
657.715 2.31213
658.081 2.26241
658.447 2.21584
658.813 2.17413
659.18 2.12746
659.546 2.1009
659.912 2.08098
660.278 2.06763
660.644 2.06057
661.011 2.05933
661.377 2.06319
661.743 2.07117
662.109 2.08203
662.476 2.09436
662.842 2.10651
663.208 2.11675
663.574 2.12362
663.94 2.12621
664.307 2.12418
664.673 2.11755
665.039 2.10641
665.405 2.07516
665.771 2.05645
666.138 2.0303
666.504 2.0003
666.87 1.96678
667.236 1.93002
667.602 1.89029
667.969 1.84805
668.335 1.80411
668.701 1.75964
669.067 1.71595
669.434 1.67414
669.8 1.63493
670.166 1.59859
670.532 1.5652
670.898 1.53458
671.265 1.5062
671.631 1.42616
671.997 1.39343
672.363 1.32942
672.729 1.28286
673.096 1.22399
673.462 1.14567
673.828 1.0424
674.194 0.945221
674.56 0.867523
674.927 0.803154
675.293 0.748932
675.659 0.704239
676.025 0.669571
676.392 0.645164
676.758 0.630402
677.124 0.624023
677.49 0.599792
677.856 0.610451
678.223 0.624695
678.589 0.611168
678.955 0.630363
679.321 0.65065
679.687 0.671463
680.054 0.692436
680.42 0.71328
680.786 0.733551
681.152 0.752724
681.518 0.770248
681.885 0.785767
682.251 0.799095
682.617 0.809959
682.983 0.817825
683.35 0.821587
683.716 0.792961
684.082 0.780563
684.448 0.761559
684.814 0.738281
685.181 0.705574
685.547 0.68737
685.913 0.673981
686.279 0.666107
686.645 0.663788
687.012 0.666901
687.378 0.675346
687.744 0.689117
688.11 0.70826
688.477 0.732796
688.843 0.76239
689.209 0.796066
689.575 0.831902
689.941 0.883759
690.308 0.91748
690.674 0.947113
691.04 0.972198
691.406 0.992851
691.772 1.01066
692.139 1.02778
692.505 1.04185
692.871 1.0536
693.237 1.06364
693.603 1.07255
693.97 1.08074
694.336 1.08858
694.702 1.09634
695.068 1.10416
695.435 1.11216
695.801 1.12042
696.167 1.15022
696.533 1.15824
696.899 1.16656
697.266 1.17535
697.632 1.18477
697.998 1.19506
698.364 1.21351
698.73 1.22535
699.097 1.23882
699.463 1.25407
699.829 1.2711
700.195 1.28971
700.561 1.30948
700.928 1.32986
701.294 1.35021
701.66 1.36996
702.026 1.38858
702.393 1.43491
702.759 1.45115
703.125 1.46612
703.491 1.48029
703.857 1.49435
704.224 1.50904
704.59 1.52508
704.956 1.55769
705.322 1.57613
705.688 1.59667
706.055 1.61929
706.421 1.64368
706.787 1.66928
707.153 1.69541
707.519 1.72139
707.886 1.7466
708.252 1.80248
708.618 1.8241
708.984 1.8437
709.351 1.86124
709.717 1.87673
710.083 1.89034
710.449 1.90218
710.815 1.9124
711.182 1.92106
711.548 1.94297
711.914 1.94863
712.28 1.95263
712.646 1.95496
713.013 1.95568
713.379 1.9549
713.745 1.95273
714.111 1.94915
714.477 1.95544
714.844 1.94854
715.21 1.94032
715.576 1.93105
715.942 1.92119
716.309 1.91115
716.675 1.90128
717.041 1.89172
717.407 1.88246
717.773 1.89577
718.14 1.88544
718.506 1.8745
718.872 1.86272
719.238 1.84979
719.604 1.83529
719.971 1.8186
720.337 1.79889
720.703 1.75887
721.069 1.72689
721.435 1.69081
721.802 1.65189
722.168 1.61229
722.534 1.57447
722.9 1.54009
723.267 1.50977
723.633 1.48325
723.999 1.45984
724.365 1.4617
724.731 1.44278
725.098 1.42443
725.464 1.40605
725.83 1.38727
726.196 1.36787
726.562 1.34771
726.929 1.33256
727.295 1.30948
727.661 1.28471
728.027 1.25799
728.393 1.22928
728.76 1.19887
729.126 1.16733
729.492 1.13545
729.858 1.10403
730.225 1.07375
730.591 1.04518
730.957 1.05708
731.323 1.03292
731.689 1.01138
732.056 0.992859
732.422 0.97773
732.788 0.966225
733.154 0.983459
733.52 0.980415
733.887 0.980827
734.253 0.98481
734.619 0.992607
734.985 1.00452
735.352 1.02094
735.718 1.04232
736.084 1.06902
736.45 1.1013
736.816 1.13905
737.183 1.18152
737.549 1.20287
737.915 1.24731
738.281 1.29291
738.647 1.33765
739.014 1.37994
739.38 1.43327
739.746 1.46663
740.112 1.49525
740.478 1.51909
740.845 1.53822
741.211 1.55292
741.577 1.56355
741.943 1.57059
742.31 1.57471
742.676 1.57673
743.042 1.57746
743.408 1.57778
743.774 1.57833
744.141 1.58174
744.507 1.58306
744.873 1.58561
745.239 1.59444
745.605 1.60201
745.972 1.61275
746.338 1.62704
746.704 1.64515
747.07 1.66712
747.436 1.69279
747.803 1.72187
748.169 1.75397
748.535 1.78893
748.901 1.82674
749.268 1.86764
749.634 1.91181
750 1.95918
750.366 1.974
750.732 2.02467
751.099 2.07722
751.465 2.14788
751.831 2.20309
752.197 2.25966
752.563 2.31818
752.93 2.3793
753.296 2.44364
753.662 2.51188
754.028 2.58479
754.394 2.66347
754.761 2.7495
755.127 2.84515
755.493 2.95388
755.859 3.08114
756.226 3.23122
756.592 3.37615
756.958 3.40304
757.324 3.53122
757.69 3.67623
758.057 3.78596
758.423 3.88904
758.789 3.98509
759.155 4.07368
759.521 4.15485
759.888 4.22906
760.254 4.29699
760.62 4.35922
760.986 4.41628
761.352 4.46852
761.719 4.51639
762.085 4.56046
762.451 4.60151
762.817 4.64043
763.184 4.67815
763.55 4.69185
763.916 4.74247
764.282 4.77996
764.648 4.81805
765.015 4.85684
765.381 4.89651
765.747 4.93732
766.113 4.97964
766.479 5.0239
766.846 5.07052
767.212 5.11998
767.578 5.17273
767.944 5.22911
768.31 5.28885
768.677 5.35028
769.043 5.41052
769.409 5.46698
769.775 5.51858
770.142 5.54675
770.508 5.59473
770.874 5.63834
771.24 5.67818
771.606 5.71469
771.973 5.74829
772.339 5.77923
772.705 5.80775
773.071 5.83401
773.437 5.85821
773.804 5.88055
774.17 5.90133
774.536 5.92087
774.902 5.93956
775.268 5.95776
775.635 5.9757
776.001 6.00665
776.367 6.02437
776.733 6.03742
777.1 6.05453
777.466 6.07075
777.832 6.08572
778.198 6.09923
778.564 6.11117
778.931 6.12164
779.297 6.13094
779.663 6.13943
780.029 6.14763
780.395 6.15611
780.762 6.1653
781.128 6.17557
781.494 6.18708
781.86 6.19978
782.227 6.22405
782.593 6.23792
782.959 6.25158
783.325 6.26038
783.691 6.2723
784.058 6.28293
784.424 6.29193
784.79 6.29912
785.156 6.30435
785.522 6.3076
785.889 6.30878
786.255 6.30779
786.621 6.30453
786.987 6.29887
787.353 6.29072
787.72 6.28008
788.086 6.26703
788.452 6.24133
788.818 6.2225
789.185 6.202
789.551 6.1884
789.917 6.16618
790.283 6.14336
790.649 6.12022
791.016 6.09695
791.382 6.07359
791.748 6.05017
792.114 6.02663
792.48 6.0028
792.847 5.97839
793.213 5.95302
793.579 5.9263
793.945 5.89789
794.311 5.86761
794.678 5.81425
795.044 5.77895
795.41 5.74294
795.776 5.70706
796.143 5.68344
796.509 5.65048
796.875 5.62051
797.241 5.59369
797.607 5.56969
797.974 5.54792
798.34 5.52768
798.706 5.50832
799.072 5.4894
799.438 5.47053
799.805 5.45152
800.171 5.43229
800.537 5.41284
800.903 5.37142
801.269 5.35198
801.636 5.33357
802.002 5.31647
802.368 5.3008
802.734 5.28339
803.101 5.271
803.467 5.26022
803.833 5.25089
804.199 5.24286
804.565 5.23605
804.932 5.23055
805.298 5.22647
805.664 5.22406
806.03 5.22366
806.396 5.22567
806.763 5.23061
807.129 5.23864
807.495 5.25184
807.861 5.26968
808.227 5.2925
808.594 5.32028
808.96 5.3528
809.326 5.35753
809.692 5.39483
810.059 5.43526
810.425 5.47726
810.791 5.51875
811.157 5.55754
811.523 5.59226
811.89 5.62244
812.256 5.64828
812.622 5.67031
812.988 5.69276
813.354 5.70871
813.721 5.72292
814.087 5.73597
814.453 5.74837
814.819 5.76052
815.185 5.77268
815.552 5.785
815.918 5.78549
816.284 5.79734
816.65 5.80912
817.017 5.82069
817.383 5.83186
817.749 5.84251
818.115 5.85241
818.481 5.86147
818.848 5.86961
819.214 5.87126
819.58 5.87831
819.946 5.88449
820.312 5.88963
820.679 5.89359
821.045 5.89623
821.411 5.89735
821.777 5.89681
822.143 5.8953
822.51 5.89249
822.876 5.88754
823.242 5.88042
823.608 5.87124
823.975 5.86002
824.341 5.84689
824.707 5.83191
825.073 5.81531
825.439 5.78436
825.806 5.76514
826.172 5.7462
826.538 5.72798
826.904 5.71072
827.27 5.69444
827.637 5.67896
828.003 5.66403
828.369 5.64941
828.735 5.63425
829.102 5.61898
829.468 5.60381
829.834 5.58894
830.2 5.57465
830.566 5.56136
830.933 5.54957
831.299 5.53976
831.665 5.52109
832.031 5.51862
832.397 5.51926
832.764 5.52293
833.13 5.52937
833.496 5.53818
833.862 5.54886
834.228 5.56088
834.595 5.57377
834.961 5.58707
835.327 5.58814
835.693 5.60087
836.06 5.61254
836.426 5.62258
836.792 5.63037
837.158 5.6354
837.524 5.6373
837.891 5.62452
838.257 5.61824
838.623 5.60945
838.989 5.59878
839.355 5.58703
839.722 5.57507
840.088 5.5636
840.454 5.55303
840.82 5.5435
841.186 5.5349
841.553 5.5271
841.919 5.5197
842.285 5.51358
842.651 5.50745
843.018 5.50095
843.384 5.49371
843.75 5.47871
844.116 5.46822
844.482 5.45644
844.849 5.44355
845.215 5.42967
845.581 5.41486
845.947 5.39922
846.313 5.3828
846.68 5.36581
847.046 5.34841
847.412 5.33072
847.778 5.31281
848.144 5.29466
848.511 5.29168
848.877 5.27429
849.243 5.25703
849.609 5.24014
849.976 5.22632
850.342 5.21169
850.708 5.19755
851.074 5.18395
851.44 5.17108
851.807 5.1591
852.173 5.14813
852.539 5.13828
852.905 5.12957
853.271 5.12202
853.638 5.11563
854.004 5.11047
854.37 5.10651
854.736 5.10372
855.102 5.1157
855.469 5.1133
855.835 5.11137
856.201 5.11787
856.567 5.11415
856.934 5.10946
857.3 5.10359
857.666 5.09662
858.032 5.08878
858.398 5.08044
858.765 5.0721
859.131 5.0643
859.497 5.05758
859.863 5.05237
860.229 5.04891
860.596 5.04729
860.962 5.0474
861.328 5.05899
861.694 5.06173
862.06 5.06532
862.427 5.08427
862.793 5.08869
863.159 5.09264
863.525 5.09588
863.892 5.09823
864.258 5.09963
864.624 5.10001
864.99 5.09939
865.356 5.09783
865.723 5.09545
866.089 5.09238
866.455 5.08881
866.821 5.08482
867.187 5.08055
867.554 5.07605
867.92 5.08713
868.286 5.08174
868.652 5.08516
869.018 5.0786
869.385 5.07197
869.751 5.06549
870.117 5.05945
870.483 5.05406
870.85 5.04941
871.216 5.04546
871.582 5.04205
871.948 5.03903
872.314 5.03621
872.681 5.03343
873.047 5.03057
873.413 5.02752
873.779 5.02417
874.145 5.02038
874.512 5.02777
874.878 5.027
875.244 5.01937
875.61 5.01074
875.977 5.00085
876.343 4.98942
876.709 4.97626
877.075 4.96124
877.441 4.94418
877.808 4.925
878.174 4.9035
878.54 4.87944
878.906 4.85248
879.272 4.82215
879.639 4.78782
880.005 4.74857
880.371 4.70316
880.737 4.59517
881.103 4.52799
881.47 4.44354
881.836 4.36533
882.202 4.29812
882.568 4.24074
882.935 4.19199
883.301 4.15105
883.667 4.11733
884.033 4.09025
884.399 4.0691
884.766 4.05311
885.132 4.04143
885.498 4.03317
885.864 4.02737
886.23 4.02305
886.597 4.01918
886.963 4.00479
887.329 3.99809
887.695 3.98569
888.061 3.97643
888.428 3.96632
888.794 3.95611
889.16 3.9467
889.526 3.93896
889.893 3.93368
890.259 3.9315
890.625 3.93291
890.991 3.93816
891.357 3.94733
891.724 3.96026
892.09 3.97665
892.456 3.99606
892.822 4.01785
893.188 4.04961
893.555 4.07385
893.921 4.08315
894.287 4.10665
894.653 4.12849
895.019 4.14861
895.386 4.16741
895.752 4.1855
896.118 4.20358
896.484 4.22232
896.851 4.24229
897.217 4.26395
897.583 4.28755
897.949 4.31322
898.315 4.34087
898.682 4.37019
899.048 4.40076
899.414 4.44779
899.78 4.47988
900.146 4.51176
900.513 4.52885
900.879 4.56046
901.245 4.59105
901.611 4.62038
901.977 4.64822
902.344 4.67449
902.71 4.69917
903.076 4.72231
903.442 4.74406
903.809 4.76457
904.175 4.78399
904.541 4.80244
904.907 4.81998
905.273 4.83659
905.64 4.8676
906.006 4.88136
906.372 4.89377
906.738 4.90474
907.104 4.91743
907.471 4.92632
907.837 4.93371
908.203 4.93951
908.569 4.9437
908.935 4.94619
909.302 4.94693
909.668 4.9459
910.034 4.94312
910.4 4.93861
910.767 4.93246
911.133 4.92484
911.499 4.91239
911.865 4.90079
912.231 4.88818
912.598 4.8746
912.964 4.86009
913.33 4.84476
913.696 4.83385
914.062 4.81718
914.429 4.80035
914.795 4.78365
915.161 4.76732
915.527 4.75162
915.893 4.73679
916.26 4.72308
916.626 4.71069
916.992 4.69985
917.358 4.69074
917.725 4.67677
918.091 4.67173
918.457 4.66791
918.823 4.66487
919.189 4.66218
919.556 4.65955
919.922 4.65691
920.288 4.65517
920.654 4.65341
921.02 4.65173
921.387 4.65014
921.753 4.64874
922.119 4.64761
922.485 4.64687
922.852 4.64669
923.218 4.64715
923.584 4.64834
923.95 4.65273
924.316 4.65478
924.683 4.65729
925.049 4.66019
925.415 4.66335
925.781 4.66669
926.147 4.67005
926.514 4.67336
926.88 4.66814
927.246 4.67118
927.612 4.6747
927.978 4.6787
928.345 4.68322
928.711 4.6883
929.077 4.69399
929.443 4.70036
929.81 4.70738
930.176 4.71174
930.542 4.71879
930.908 4.72542
931.274 4.73127
931.641 4.73602
932.007 4.7395
932.373 4.74155
932.739 4.74216
933.105 4.73232
933.472 4.73193
933.838 4.73071
934.204 4.72884
934.57 4.72643
934.936 4.72352
935.303 4.72002
935.669 4.71584
936.035 4.7108
936.401 4.70168
936.768 4.69446
937.134 4.68633
937.5 4.6776
937.866 4.66866
938.232 4.66012
938.599 4.65255
938.965 4.64659
939.331 4.64272
939.697 4.63802
940.063 4.63725
940.43 4.63905
940.796 4.64338
941.162 4.65008
941.528 4.65884
941.894 4.66914
942.261 4.68025
942.627 4.69112
942.993 4.70132
943.359 4.71004
943.726 4.7169
944.092 4.72169
944.458 4.72427
944.824 4.72449
945.19 4.72234
945.557 4.71783
945.923 4.71106
946.289 4.70012
946.655 4.68885
947.021 4.67541
947.388 4.65987
947.754 4.64215
948.12 4.62206
948.486 4.56943
948.852 4.54176
949.219 4.51187
949.585 4.48
949.951 4.44655
950.317 4.41208
950.684 4.37732
951.05 4.3429
951.416 4.30923
951.782 4.27642
952.148 4.24422
952.515 4.21222
952.881 4.18246
953.247 4.15019
953.613 4.11645
953.979 4.08066
954.346 4.04227
954.712 3.96388
955.078 3.91508
955.444 3.86077
955.81 3.79993
956.177 3.73168
956.543 3.65687
956.909 3.58086
957.275 3.51042
957.642 3.44765
958.008 3.39199
958.374 3.34233
958.74 3.29772
959.106 3.25742
959.473 3.23782
959.839 3.20442
960.205 3.17425
960.571 3.14721
960.937 3.11643
961.304 3.09727
961.67 3.08064
962.036 3.06629
962.402 3.05394
962.768 3.04323
963.135 3.03376
963.501 3.02512
963.867 3.01687
964.233 3.00854
964.6 2.99969
964.966 2.98997
965.332 2.97923
965.698 2.98199
966.064 2.9706
966.431 2.95818
966.797 2.94474
967.163 2.93384
967.529 2.91796
967.895 2.90095
968.262 2.883
968.628 2.86429
968.994 2.84498
969.36 2.8252
969.727 2.80511
970.093 2.78491
970.459 2.76482
970.825 2.74507
971.191 2.72583
971.558 2.70712
971.924 2.68896
972.29 2.69086
972.656 2.67363
973.022 2.65721
973.389 2.64565
973.755 2.63168
974.121 2.61843
974.487 2.60558
974.853 2.59283
975.22 2.5798
975.586 2.5661
975.952 2.55127
976.318 2.5348
976.685 2.51625
977.051 2.49531
977.417 2.47199
977.783 2.44656
978.149 2.41956
978.516 2.3917
978.882 2.38338
979.248 2.34907
979.614 2.32385
979.98 2.30039
980.347 2.27905
980.713 2.26006
981.079 2.24353
981.445 2.22947
981.811 2.2178
982.178 2.20838
982.544 2.20107
982.91 2.19572
983.276 2.19222
983.643 2.19046
984.009 2.19039
984.375 2.19202
984.741 2.19541
985.107 2.20069
985.474 2.21962
985.84 2.22659
986.206 2.23582
986.572 2.24786
986.938 2.26345
987.305 2.28345
987.671 2.30889
988.037 2.34096
988.403 2.38116
988.769 2.4313
989.136 2.49289
989.502 2.56181
989.868 2.62553
990.234 2.6797
990.601 2.72534
990.967 2.76368
991.333 2.79556
991.699 2.82497
992.065 2.82753
992.432 2.84662
992.798 2.86086
993.164 2.87082
993.53 2.87715
993.896 2.88046
994.263 2.88129
994.629 2.88011
994.995 2.87725
995.361 2.87296
995.727 2.86745
996.094 2.86081
996.46 2.85307
996.826 2.84415
997.192 2.83376
997.559 2.82159
997.925 2.78518
998.291 2.7689
998.657 2.74767
999.023 2.73158
999.39 2.71509
999.756 2.69823
1000.12 2.68096
1000.49 2.66321
1000.85 2.64491
1001.22 2.62608
1001.59 2.60678
1001.95 2.58722
1002.32 2.56765
1002.69 2.54831
1003.05 2.52943
1003.42 2.5111
1003.78 2.49328
1004.15 2.47254
1004.52 2.45544
1004.88 2.45239
1005.25 2.43507
1005.62 2.41734
1005.98 2.39918
1006.35 2.38051
1006.71 2.36128
1007.08 2.3414
1007.45 2.3208
1007.81 2.29946
1008.18 2.27743
1008.54 2.2548
1008.91 2.23163
1009.28 2.20795
1009.64 2.18365
1010.01 2.15865
1010.38 2.12914
1010.74 2.10246
1011.11 2.07537
1011.47 2.07178
1011.84 2.04513
1012.21 2.01886
1012.57 1.99313
1012.94 1.96801
1013.31 1.94352
1013.67 1.91964
1014.04 1.89635
1014.4 1.87366
1014.77 1.85159
1015.14 1.83022
1015.5 1.80965
1015.87 1.79004
1016.24 1.77728
1016.6 1.76028
1016.97 1.74426
1017.33 1.72923
1017.7 1.71522
1018.07 1.72357
1018.43 1.7114
1018.8 1.70043
1019.16 1.6907
1019.53 1.68224
1019.9 1.67509
1020.26 1.66939
1020.63 1.66531
1021 1.663
1021.36 1.66267
1021.73 1.66444
1022.09 1.66841
1022.46 1.69134
1022.83 1.70052
1023.19 1.71186
1023.56 1.72523
1023.93 1.74053
1024.29 1.75767
1024.66 1.7781
1025.02 1.79716
1025.39 1.81749
1025.76 1.83876
1026.12 1.86059
1026.49 1.88256
1026.86 1.9043
1027.22 1.92551
1027.59 1.94594
1027.95 1.9654
1028.32 1.98378
1028.69 2.01729
1029.05 2.03234
1029.42 2.04593
1029.79 2.05798
1030.15 2.0685
1030.52 2.07751
1030.88 2.08508
1031.25 2.09501
1031.62 2.10021
1031.98 2.10386
1032.35 2.1058
1032.71 2.10586
1033.08 2.10387
1033.45 2.09969
1033.81 2.09325
1034.18 2.08453
1034.55 2.07354
1034.91 2.05506
1035.28 2.0379
1035.64 2.01839
1036.01 1.99641
1036.38 1.97187
1036.74 1.94484
1037.11 1.91573
1037.48 1.89539
1037.84 1.8641
1038.21 1.83358
1038.57 1.80501
1038.94 1.7793
1039.31 1.75697
1039.67 1.73801
1040.04 1.72205
1040.41 1.70834
1040.77 1.69609
1041.14 1.67826
1041.5 1.66765
1041.87 1.65703
1042.24 1.64634
1042.6 1.63558
1042.97 1.62476
1043.33 1.61392
1043.7 1.60317
1044.07 1.59927
1044.43 1.58852
1044.8 1.57805
1045.17 1.56799
1045.53 1.55836
1045.9 1.54911
1046.26 1.54012
1046.63 1.53125
1047 1.51447
1047.36 1.50587
1047.73 1.49752
1048.1 1.48933
1048.46 1.48126
1048.83 1.47336
1049.19 1.4658
1049.56 1.45882
1049.93 1.45266
1050.29 1.44746
1050.66 1.4505
1051.03 1.44736
1051.39 1.4452
1051.76 1.44408
1052.12 1.44407
1052.49 1.44512
1052.86 1.44711
1053.22 1.45699
1053.59 1.45959
1053.95 1.46164
1054.32 1.4626
1054.69 1.46209
1055.05 1.45975
1055.42 1.45535
1055.79 1.44869
1056.15 1.43962
1056.52 1.42805
1056.88 1.41406
1057.25 1.40719
1057.62 1.38924
1057.98 1.36958
1058.35 1.3486
1058.72 1.32664
1059.08 1.30398
1059.45 1.26626
1059.81 1.24224
1060.18 1.21848
1060.55 1.19538
1060.91 1.17333
1061.28 1.15255
1061.65 1.13306
1062.01 1.11475
1062.38 1.09742
1062.74 1.08074
1063.11 1.06432
1063.48 1.04762
1063.84 1.01875
1064.21 0.996269
1064.58 0.970116
1064.94 0.937958
1065.31 0.896805
1065.67 0.789009
1066.04 0.760582
1066.41 0.740746
1066.77 0.72657
1067.14 0.71582
1067.5 0.706924
1067.87 0.69902
1068.24 0.691811
1068.6 0.685387
1068.97 0.680008
1069.34 0.67598
1069.7 0.673615
1070.07 0.673203
1070.43 0.657722
1070.8 0.660744
1071.17 0.666122
1071.53 0.674271
1071.9 0.67514
1072.27 0.69175
1072.63 0.713417
1073 0.74099
1073.36 0.775055
1073.73 0.814743
1074.1 0.855194
1074.46 0.890518
1074.83 0.919029
1075.2 0.941475
1075.56 0.959
1075.93 0.972549
1076.29 0.982788
1076.66 0.979279
1077.03 0.986435
1077.39 0.990578
1077.76 0.986267
1078.12 0.983322
1078.49 0.977165
1078.86 0.967857
1079.22 0.955566
1079.59 0.940437
1079.96 0.922623
1080.32 0.902245
1080.69 0.879402
1081.05 0.854164
1081.42 0.826614
1081.79 0.796806
1082.15 0.764824
1082.52 0.730789
1082.89 0.69487
1083.25 0.666306
1083.62 0.628059
1083.98 0.559425
1084.35 0.520119
1084.72 0.480598
1085.08 0.44088
1085.45 0.400955
1085.82 0.36071
1086.18 0.32
1086.55 0.278648
1086.91 0.236534
1087.28 0.193779
1087.65 0.150749
1088.01 0.108063
1088.38 0.066452
1088.74 0.0264893
1089.11 -0.011528
1089.48 -0.0475998
1089.84 -0.0727692
1090.21 -0.127495
1090.58 -0.157898
1090.94 -0.187531
1091.31 -0.216446
1091.67 -0.244766
1092.04 -0.272713
1092.41 -0.300552
1092.77 -0.328377
1093.14 -0.356056
1093.51 -0.383095
1093.87 -0.408783
1094.24 -0.432426
1094.6 -0.453514
1094.97 -0.471794
1095.34 -0.487175
1095.7 -0.49971
1096.07 -0.509521
1096.44 -0.513123
1096.8 -0.518906
1097.17 -0.522804
1097.53 -0.525253
1097.9 -0.52684
1098.27 -0.528206
1098.63 -0.529953
1099 -0.532654
1099.37 -0.536751
1099.73 -0.542549
1100.1 -0.550255
1100.46 -0.559883
1100.83 -0.571289
1101.2 -0.584122
1101.56 -0.597923
1101.93 -0.612221
1102.29 -0.626595
1102.66 -0.640732
1103.03 -0.639244
1103.39 -0.649666
1103.76 -0.659149
1104.13 -0.667572
1104.49 -0.674904
1104.86 -0.681129
1105.22 -0.686241
1105.59 -0.690201
1105.96 -0.692947
1106.32 -0.694397
1106.69 -0.694527
1107.06 -0.693413
1107.42 -0.691238
1107.79 -0.688271
1108.15 -0.684799
1108.52 -0.681061
1108.89 -0.656754
1109.25 -0.636177
1109.62 -0.631699
1109.99 -0.627014
1110.35 -0.622009
1110.72 -0.616577
1111.08 -0.610641
1111.45 -0.604202
1111.82 -0.597282
1112.18 -0.58992
1112.55 -0.582191
1112.91 -0.574135
1113.28 -0.565742
1113.65 -0.55703
1114.01 -0.547958
1114.38 -0.538506
1114.75 -0.509995
1115.11 -0.500084
1115.48 -0.489471
1115.84 -0.471893
1116.21 -0.460533
1116.58 -0.447983
1116.94 -0.433998
1117.31 -0.418343
1117.68 -0.400818
1118.04 -0.381332
1118.41 -0.359985
1118.77 -0.336998
1119.14 -0.312714
1119.51 -0.287498
1119.87 -0.261795
1120.24 -0.236038
1120.61 -0.210739
1120.97 -0.173286
1121.34 -0.151024
1121.7 -0.130684
1122.07 -0.112427
1122.44 -0.10141
1122.8 -0.0858383
1123.17 -0.072197
1123.54 -0.0602951
1123.9 -0.0499573
1124.27 -0.041069
1124.63 -0.0335388
1125 -0.027298
1125.37 -0.0222778
1125.73 -0.0184402
1126.1 -0.015686
1126.46 -0.0139313
1126.83 -0.0130463
1127.2 -0.00920868
1127.56 -0.0102768
1127.93 -0.0119553
1128.3 -0.0141068
1128.66 -0.0165558
1129.03 -0.0150681
1129.39 -0.0173416
1129.76 -0.0190964
1130.13 -0.0202408
1130.49 -0.0207901
1130.86 -0.0207977
1131.23 -0.0203705
1131.59 -0.0196075
1131.96 -0.018631
1132.32 -0.01754
1132.69 -0.0164566
1133.06 -0.015419
1133.42 -0.0105896
1133.79 -0.0100021
1134.16 -0.00947571
1134.52 -0.00899506
1134.89 -0.00861359
1135.25 -0.00834656
1135.62 -0.00517273
1135.99 -0.00448608
1136.35 -0.00369263
1136.72 -0.00282288
1137.08 -0.00193024
1137.45 -0.00100708
1137.82 -3.05176e-05
1138.18 0.00102997
1138.55 0.00215149
1138.92 0.00322723
1139.28 0.00402832
1139.65 0.0129929
1140.01 0.0122528
1140.38 0.010643
1140.75 0.008255
1141.11 0.00527191
1141.48 0.0018692
1141.85 0.00946045
1142.21 0.00592041
1142.58 0.00211334
1142.94 -0.0021286
1143.31 -0.0069809
1143.68 -0.0125809
1144.04 -0.018959
1144.41 -0.0260696
1144.78 -0.0338211
1145.14 -0.0421753
1145.51 -0.044281
1145.87 -0.0543976
1146.24 -0.0655518
1146.61 -0.0779419
1146.97 -0.0917435
1147.34 -0.10717
1147.7 -0.124428
1148.07 -0.143745
1148.44 -0.143974
1148.8 -0.167183
1149.17 -0.192848
1149.54 -0.220985
1149.9 -0.25161
1150.27 -0.284813
1150.63 -0.320786
1151 -0.359879
1151.37 -0.402542
1151.73 -0.477036
1152.1 -0.536552
1152.47 -0.606911
1152.83 -0.698875
1153.2 -0.801292
1153.56 -0.873878
1153.93 -0.932816
1154.3 -0.982567
1154.66 -1.02514
1155.03 -1.03948
1155.4 -1.0715
1155.76 -1.09901
1156.13 -1.12257
1156.49 -1.14268
1156.86 -1.15981
1157.23 -1.17434
1157.59 -1.18661
1157.96 -1.1895
1158.33 -1.19768
1158.69 -1.20477
1159.06 -1.21101
1159.42 -1.21658
1159.79 -1.22158
1160.16 -1.22607
1160.52 -1.23001
1160.89 -1.2333
1161.25 -1.23577
1161.62 -1.23288
1161.99 -1.2345
1162.35 -1.2345
1162.72 -1.23257
1163.09 -1.22842
1163.45 -1.22186
1163.82 -1.21288
1164.18 -1.1987
1164.55 -1.18612
1164.92 -1.17277
1165.28 -1.15955
1165.65 -1.14729
1166.02 -1.13666
1166.38 -1.12805
1166.75 -1.12156
1167.11 -1.11706
1167.48 -1.11433
1167.85 -1.11311
1168.21 -1.1119
1168.58 -1.11259
1168.95 -1.1146
1169.31 -1.11797
1169.68 -1.12282
1170.04 -1.12921
1170.41 -1.14265
1170.78 -1.1532
1171.14 -1.16469
1171.51 -1.1766
1171.87 -1.18834
1172.24 -1.19936
1172.61 -1.20923
1172.97 -1.21764
1173.34 -1.22449
1173.71 -1.22981
1174.07 -1.23386
1174.44 -1.23703
1174.8 -1.23943
1175.17 -1.24258
1175.54 -1.24632
1175.9 -1.25132
1176.27 -1.25822
1176.64 -1.27746
1177 -1.29297
1177.37 -1.313
1177.73 -1.33824
1178.1 -1.36916
1178.47 -1.40558
1178.83 -1.44596
1179.2 -1.48727
1179.57 -1.52682
1179.93 -1.56374
1180.3 -1.59827
1180.66 -1.63109
1181.03 -1.64861
1181.4 -1.67929
1181.76 -1.70976
1182.13 -1.74017
1182.49 -1.78644
1182.86 -1.8181
1183.23 -1.85103
1183.59 -1.88566
1183.96 -1.92242
1184.33 -1.96161
1184.69 -2.00355
1185.06 -2.04882
1185.42 -2.09846
1185.79 -2.15294
1186.16 -2.20669
1186.52 -2.25124
1186.89 -2.28599
1187.26 -2.31307
1187.62 -2.33461
1187.99 -2.35275
1188.35 -2.36761
1188.72 -2.39207
1189.09 -2.40024
1189.45 -2.40615
1189.82 -2.41006
1190.19 -2.41238
1190.55 -2.41352
1190.92 -2.41379
1191.28 -2.41324
1191.65 -2.41171
1192.02 -2.4089
1192.38 -2.40458
1192.75 -2.39852
1193.12 -2.39061
1193.48 -2.38069
1193.85 -2.36847
1194.21 -2.37435
1194.58 -2.3611
1194.95 -2.35686
1195.31 -2.33842
1195.68 -2.3138
1196.04 -2.28616
1196.41 -2.26995
1196.78 -2.26733
1197.14 -2.27345
1197.51 -2.28326
1197.88 -2.29386
1198.24 -2.30425
1198.61 -2.31435
1198.97 -2.32436
1199.34 -2.3345
1199.71 -2.34496
1200.07 -2.35583
1200.44 -2.36707
1200.81 -2.38543
1201.17 -2.4109
1201.54 -2.41929
1201.9 -2.42754
1202.27 -2.43575
1202.64 -2.44417
1203 -2.45301
1203.37 -2.46255
1203.74 -2.47301
1204.1 -2.48463
1204.47 -2.49762
1204.83 -2.51221
1205.2 -2.52872
1205.57 -2.54751
1205.93 -2.56892
1206.3 -2.59326
1206.66 -2.62063
1207.03 -2.65096
1207.4 -2.70635
1207.76 -2.74232
1208.13 -2.77907
1208.5 -2.81538
1208.86 -2.85001
1209.23 -2.88189
1209.59 -2.91032
1209.96 -2.93503
1210.33 -2.95603
1210.69 -2.97356
1211.06 -2.9879
1211.43 -2.99938
1211.79 -3.00825
1212.16 -3.01463
1212.52 -3.01861
1212.89 -3.02025
1213.26 -3.02519
1213.62 -3.03043
1213.99 -3.02725
1214.36 -3.02239
1214.72 -3.01588
1215.09 -3.00764
1215.45 -2.99754
1215.82 -2.9855
1216.19 -2.97153
1216.55 -2.9558
1216.92 -2.93852
1217.29 -2.91993
1217.65 -2.90021
1218.02 -2.8795
1218.38 -2.85782
1218.75 -2.83517
1219.12 -2.81145
1219.48 -2.78161
1219.85 -2.75581
1220.21 -2.75094
1220.58 -2.7243
1220.95 -2.69695
1221.31 -2.66931
1221.68 -2.64194
1222.05 -2.61541
1222.41 -2.59011
1222.78 -2.56622
1223.14 -2.54366
1223.51 -2.52212
1223.88 -2.50117
1224.24 -2.4804
1224.61 -2.45947
1224.98 -2.43821
1225.34 -2.41658
1225.71 -2.38129
1226.07 -2.35806
1226.44 -2.33463
1226.81 -2.31961
1227.17 -2.29594
1227.54 -2.27288
1227.91 -2.25106
1228.27 -2.23103
1228.64 -2.21318
1229 -2.19771
1229.37 -2.18468
1229.74 -2.17412
1230.1 -2.16605
1230.47 -2.16058
1230.83 -2.15778
1231.2 -2.15769
1231.57 -2.16026
1231.93 -2.16856
1232.3 -2.17797
1232.67 -2.18906
1233.03 -2.20134
1233.4 -2.21114
1233.76 -2.22495
1234.13 -2.23882
1234.5 -2.25267
1234.86 -2.26658
1235.23 -2.28073
1235.6 -2.29543
1235.96 -2.31101
1236.33 -2.32788
1236.69 -2.34637
1237.06 -2.36681
1237.43 -2.38943
1237.79 -2.41459
1238.16 -2.46674
1238.53 -2.50079
1238.89 -2.53963
1239.26 -2.58404
1239.62 -2.63473
1239.99 -2.67788
1240.36 -2.73837
1240.72 -2.79916
1241.09 -2.85662
1241.45 -2.91011
1241.82 -2.96023
1242.19 -3.00772
1242.55 -3.05321
1242.92 -3.09715
1243.29 -3.14
1243.65 -3.18219
1244.02 -3.22422
1244.38 -3.28465
1244.75 -3.32796
1245.12 -3.37145
1245.48 -3.41438
1245.85 -3.45601
1246.22 -3.4958
1246.58 -3.50697
1246.95 -3.54211
1247.31 -3.57497
1247.68 -3.60572
1248.05 -3.63454
1248.41 -3.66176
1248.78 -3.68769
1249.15 -3.7126
1249.51 -3.7367
1249.88 -3.76007
1250.24 -3.77895
1250.61 -3.80072
1250.98 -3.82201
1251.34 -3.84303
1251.71 -3.86401
1252.08 -3.88521
1252.44 -3.90691
1252.81 -3.90505
1253.17 -3.92834
1253.54 -3.95272
1253.91 -3.97842
1254.27 -4.00568
1254.64 -4.0346
1255 -4.06517
1255.37 -4.09718
1255.74 -4.1303
1256.1 -4.1642
1256.47 -4.20971
1256.84 -4.24456
1257.2 -4.27871
1257.57 -4.31145
1257.93 -4.34215
1258.3 -4.37043
1258.67 -4.39619
1259.03 -4.41948
1259.4 -4.4193
1259.77 -4.43885
1260.13 -4.45679
1260.5 -4.4735
1260.86 -4.48928
1261.23 -4.50448
1261.6 -4.51939
1261.96 -4.53423
1262.33 -4.54915
1262.7 -4.56258
1263.06 -4.57776
1263.43 -4.59254
1263.79 -4.60661
1264.16 -4.6197
1264.53 -4.63156
1264.89 -4.6421
1265.26 -4.65135
1265.62 -4.65948
1265.99 -4.65287
1266.36 -4.66008
1266.72 -4.66705
1267.09 -4.67422
1267.46 -4.68217
1267.82 -4.69157
1268.19 -4.70304
1268.55 -4.71719
1268.92 -4.74075
1269.29 -4.76572
1269.65 -4.79565
1270.02 -4.83144
1270.39 -4.87418
1270.75 -4.92324
1271.12 -4.97195
1271.48 -5.01399
1271.85 -5.04915
1272.22 -5.0787
1272.58 -5.08795
1272.95 -5.10954
1273.32 -5.12798
1273.68 -5.14364
1274.05 -5.15688
1274.41 -5.16809
1274.78 -5.17766
1275.15 -5.1767
1275.51 -5.18285
1275.88 -5.18858
1276.24 -5.19411
1276.61 -5.19958
1276.98 -5.20513
1277.34 -5.21083
1277.71 -5.21664
1278.08 -5.22247
1278.44 -5.22812
1278.81 -5.23342
1279.17 -5.21754
1279.54 -5.22213
1279.91 -5.22627
1280.27 -5.23005
1280.64 -5.23363
1281.01 -5.22147
1281.37 -5.22572
1281.74 -5.23056
1282.1 -5.23607
1282.47 -5.24222
1282.84 -5.24893
1283.2 -5.25607
1283.57 -5.26349
1283.94 -5.2711
1284.3 -5.27886
1284.67 -5.28671
1285.03 -5.29462
1285.4 -5.2832
1285.77 -5.29124
1286.13 -5.29926
1286.5 -5.30717
1286.87 -5.3149
1287.23 -5.31241
1287.6 -5.31979
1287.96 -5.32668
1288.33 -5.33291
1288.7 -5.33831
1289.06 -5.34274
1289.43 -5.34604
1289.79 -5.34815
1290.16 -5.34902
1290.53 -5.34859
1290.89 -5.34667
1291.26 -5.34298
1291.63 -5.3371
1291.99 -5.33234
1292.36 -5.32412
1292.72 -5.31247
1293.09 -5.29642
1293.46 -5.27245
1293.82 -5.24218
1294.19 -5.19343
1294.56 -5.13625
1294.92 -5.10667
1295.29 -5.09036
1295.65 -5.0832
1296.02 -5.08292
1296.39 -5.08772
1296.75 -5.09612
1297.12 -5.10698
1297.49 -5.11951
1297.85 -5.13313
1298.22 -5.14732
1298.58 -5.14831
1298.95 -5.16107
1299.32 -5.17368
1299.68 -5.18128
1300.05 -5.19199
1300.41 -5.20222
1300.78 -5.21179
1301.15 -5.22057
1301.51 -5.22841
1301.88 -5.23526
1302.25 -5.24109
1302.61 -5.24592
1302.98 -5.24974
1303.34 -5.25257
1303.71 -5.25446
1304.08 -5.25553
1304.44 -5.25597
1304.81 -5.256
1305.18 -5.24345
1305.54 -5.2431
1305.91 -5.23019
1306.27 -5.23014
1306.64 -5.23007
1307.01 -5.22983
1307.37 -5.22925
1307.74 -5.2282
1308.11 -5.22662
1308.47 -5.2245
1308.84 -5.22184
1309.2 -5.21865
1309.57 -5.21494
1309.94 -5.21073
1310.3 -5.20606
1310.67 -5.201
1311.04 -5.19562
1311.4 -5.18998
1311.77 -5.17437
1312.13 -5.15477
1312.5 -5.15019
1312.87 -5.14563
1313.23 -5.14109
1313.6 -5.13661
1313.96 -5.13229
1314.33 -5.12828
1314.7 -5.12485
1315.06 -5.12231
1315.43 -5.12096
1315.8 -5.12104
1316.16 -5.12258
1316.53 -5.12543
1316.89 -5.12929
1317.26 -5.13377
1317.63 -5.13853
1317.99 -5.14039
1318.36 -5.13718
1318.73 -5.14088
1319.09 -5.14407
1319.46 -5.14655
1319.82 -5.14816
1320.19 -5.14865
1320.56 -5.14776
1320.92 -5.14507
1321.29 -5.14006
1321.66 -5.13217
1322.02 -5.12079
1322.39 -5.10547
1322.75 -5.08628
1323.12 -5.06449
1323.49 -5.04269
1323.85 -5.02305
1324.22 -5.00278
1324.58 -4.99906
1324.95 -4.98409
1325.32 -4.97073
1325.68 -4.95831
1326.05 -4.94626
1326.42 -4.93416
1326.78 -4.92173
1327.15 -4.90875
1327.51 -4.89499
1327.88 -4.88012
1328.25 -4.86382
1328.61 -4.84573
1328.98 -4.82554
1329.35 -4.80305
1329.71 -4.77806
1330.08 -4.75011
1330.44 -4.71877
1330.81 -4.68467
1331.18 -4.68864
1331.54 -4.65699
1331.91 -4.63326
1332.28 -4.61774
1332.64 -4.60831
1333.01 -4.60297
1333.37 -4.60015
1333.74 -4.59879
1334.11 -4.59825
1334.47 -4.59824
1334.84 -4.59869
1335.2 -4.59962
1335.57 -4.60093
1335.94 -4.60246
1336.3 -4.60396
1336.67 -4.60462
1337.04 -4.6042
1337.4 -4.60303
1337.77 -4.59872
1338.13 -4.5953
1338.5 -4.59087
1338.87 -4.58529
1339.23 -4.57829
1339.6 -4.56966
1339.97 -4.55913
1340.33 -4.54647
1340.7 -4.53147
1341.06 -4.51386
1341.43 -4.49334
1341.8 -4.46948
1342.16 -4.44176
1342.53 -4.40958
1342.9 -4.35633
1343.26 -4.3148
1343.63 -4.27117
1343.99 -4.22829
1344.36 -4.21199
1344.73 -4.17188
1345.09 -4.13471
1345.46 -4.1004
1345.83 -4.06875
1346.19 -4.03966
1346.56 -4.01311
1346.92 -3.98925
1347.29 -3.96832
1347.66 -3.95064
1348.02 -3.93647
1348.39 -3.92574
1348.75 -3.9194
1349.12 -3.91253
1349.49 -3.90507
1349.85 -3.89632
1350.22 -3.88599
1350.59 -3.87403
1350.95 -3.86696
1351.32 -3.85249
1351.68 -3.83711
1352.05 -3.82094
1352.42 -3.80401
1352.78 -3.78623
1353.15 -3.76742
1353.52 -3.74731
1353.88 -3.72556
1354.25 -3.70178
1354.61 -3.6756
1354.98 -3.63863
1355.35 -3.60619
1355.71 -3.57149
1356.08 -3.5353
1356.45 -3.4986
1356.81 -3.46239
1357.18 -3.4487
1357.54 -3.41296
1357.91 -3.37896
1358.28 -3.34682
1358.64 -3.31644
1359.01 -3.2876
1359.37 -3.26003
1359.74 -3.23352
1360.11 -3.20789
1360.47 -3.18304
1360.84 -3.15893
1361.21 -3.11787
1361.57 -3.09525
1361.94 -3.07323
1362.3 -3.05173
1362.67 -3.03065
1363.04 -3.00997
1363.4 -2.98978
1363.77 -2.97482
1364.14 -2.95605
1364.5 -2.9384
1364.87 -2.92229
1365.23 -2.90807
1365.6 -2.89596
1365.97 -2.88596
1366.33 -2.87791
1366.7 -2.87152
1367.07 -2.8664
1367.43 -2.85445
1367.8 -2.85097
1368.16 -2.84795
1368.53 -2.84535
1368.9 -2.84316
1369.26 -2.84144
1369.63 -2.84026
1369.99 -2.83981
1370.36 -2.83555
1370.73 -2.8367
1371.09 -2.83869
1371.46 -2.84138
1371.83 -2.84444
1372.19 -2.84758
1372.56 -2.85058
1372.92 -2.85331
1373.29 -2.85579
1373.66 -2.85237
1374.02 -2.8542
1374.39 -2.85648
1374.76 -2.85954
1375.12 -2.86359
1375.49 -2.86873
1375.85 -2.87504
1376.22 -2.88251
1376.59 -2.89117
1376.95 -2.8863
1377.32 -2.89694
1377.69 -2.90872
1378.05 -2.92133
1378.42 -2.93443
1378.78 -2.94766
1379.15 -2.96082
1379.52 -2.97383
1379.88 -2.98778
1380.25 -3.00138
1380.62 -3.01453
1380.98 -3.0268
1381.35 -3.03773
1381.71 -3.04689
1382.08 -3.05386
1382.45 -3.05826
1382.81 -3.05975
1383.18 -3.05817
1383.54 -3.05796
1383.91 -3.05211
1384.28 -3.04373
1384.64 -3.03333
1385.01 -3.02143
1385.38 -3.00843
1385.74 -2.98962
1386.11 -2.97543
1386.47 -2.96099
1386.84 -2.94642
1387.21 -2.9318
1387.57 -2.91723
1387.94 -2.90274
1388.31 -2.88835
1388.67 -2.87404
1389.04 -2.85966
1389.4 -2.84503
1389.77 -2.82977
1390.14 -2.8363
1390.5 -2.82122
1390.87 -2.8046
1391.24 -2.78595
1391.6 -2.76476
1391.97 -2.75664
1392.33 -2.73212
1392.7 -2.70876
1393.07 -2.68916
1393.43 -2.67354
1393.8 -2.66115
1394.16 -2.65111
1394.53 -2.64266
1394.9 -2.6352
1395.26 -2.62826
1395.63 -2.62146
1396 -2.61436
1396.36 -2.62373
1396.73 -2.615
1397.09 -2.6048
1397.46 -2.59299
1397.83 -2.5799
1398.19 -2.56894
1398.56 -2.55473
1398.93 -2.54156
1399.29 -2.52977
1399.66 -2.51956
1400.02 -2.51101
1400.39 -2.50407
1400.76 -2.49859
1401.12 -2.4943
1401.49 -2.49089
1401.86 -2.48802
1402.22 -2.48542
1402.59 -2.48293
1402.95 -2.48024
1403.32 -2.47752
1403.69 -2.47485
1404.05 -2.47224
1404.42 -2.46698
1404.79 -2.46526
1405.15 -2.46416
1405.52 -2.46384
1405.88 -2.46442
1406.25 -2.4659
1406.62 -2.46822
1406.98 -2.4712
1407.35 -2.47462
1407.71 -2.4781
1408.08 -2.48097
1408.45 -2.48239
1408.81 -2.48171
1409.18 -2.47882
1409.55 -2.48647
1409.91 -2.48126
1410.28 -2.47526
1410.64 -2.47719
1411.01 -2.47211
1411.38 -2.46822
1411.74 -2.46635
1412.11 -2.46692
1412.48 -2.46964
1412.84 -2.47343
1413.21 -2.47709
1413.57 -2.47993
1413.94 -2.4818
1414.31 -2.48268
1414.67 -2.4826
1415.04 -2.48145
1415.41 -2.47906
1415.77 -2.4753
1416.14 -2.47204
1416.5 -2.46159
1416.87 -2.45425
1417.24 -2.44622
1417.6 -2.43769
1417.97 -2.42886
1418.33 -2.41995
1418.7 -2.41122
1419.07 -2.40296
1419.43 -2.39539
1419.8 -2.38865
1420.17 -2.38274
1420.53 -2.37754
1420.9 -2.37292
1421.26 -2.3688
1421.63 -2.36513
1422 -2.3619
1422.36 -2.3591
1422.73 -2.35966
1423.1 -2.36097
1423.46 -2.36285
1423.83 -2.36497
1424.19 -2.3668
1424.56 -2.36765
1424.93 -2.3665
1425.29 -2.36195
1425.66 -2.35233
1426.03 -2.33606
1426.39 -2.31335
1426.76 -2.2901
1427.12 -2.27197
1427.49 -2.25932
1427.86 -2.25127
1428.22 -2.24711
1428.59 -2.24651
1428.95 -2.27101
1429.32 -2.27589
1429.69 -2.28381
1430.05 -2.29405
1430.42 -2.30595
1430.79 -2.31885
1431.15 -2.33218
1431.52 -2.34544
1431.88 -2.35816
1432.25 -2.37005
1432.62 -2.38089
1432.98 -2.39059
1433.35 -2.39912
1433.72 -2.40647
1434.08 -2.41265
1434.45 -2.41776
1434.81 -2.42197
1435.18 -2.42057
1435.55 -2.41527
1435.91 -2.41775
1436.28 -2.42056
1436.65 -2.42381
1437.01 -2.42763
1437.38 -2.43208
1437.74 -2.43723
1438.11 -2.44323
1438.48 -2.45025
1438.84 -2.45852
1439.21 -2.46832
1439.58 -2.47992
1439.94 -2.49356
1440.31 -2.50935
1440.67 -2.52732
1441.04 -2.54739
1441.41 -2.58821
1441.77 -2.61224
1442.14 -2.6311
1442.5 -2.65285
1442.87 -2.67228
1443.24 -2.68905
1443.6 -2.70301
1443.97 -2.71416
1444.34 -2.72265
1444.7 -2.72874
1445.07 -2.73271
1445.43 -2.73487
1445.8 -2.73547
1446.17 -2.73471
1446.53 -2.73282
1446.9 -2.72997
1447.27 -2.72634
1447.63 -2.71702
1448 -2.71236
1448.36 -2.70745
1448.73 -2.70282
1449.1 -2.69815
1449.46 -2.69357
1449.83 -2.68919
1450.2 -2.685
1450.56 -2.68094
1450.93 -2.67689
1451.29 -2.67267
1451.66 -2.66808
1452.03 -2.6629
1452.39 -2.65683
1452.76 -2.64955
1453.12 -2.64072
1453.49 -2.62733
1453.86 -2.61466
1454.22 -2.60059
1454.59 -2.58569
1454.96 -2.57072
1455.32 -2.56842
1455.69 -2.55453
1456.05 -2.54174
1456.42 -2.53012
1456.79 -2.51955
1457.15 -2.50984
1457.52 -2.5008
1457.89 -2.49231
1458.25 -2.48423
1458.62 -2.47641
1458.98 -2.46872
1459.35 -2.46102
1459.72 -2.44485
1460.08 -2.43624
1460.45 -2.42756
1460.82 -2.41879
1461.18 -2.40993
1461.55 -2.40097
1461.91 -2.38987
1462.28 -2.3807
1462.65 -2.37156
1463.01 -2.36251
1463.38 -2.35365
1463.74 -2.34502
1464.11 -2.33666
1464.48 -2.3285
1464.84 -2.32047
1465.21 -2.31248
1465.58 -2.30447
1465.94 -2.28362
1466.31 -2.27577
1466.67 -2.26806
1467.04 -2.26055
1467.41 -2.25333
1467.77 -2.24644
1468.14 -2.23404
1468.51 -2.22739
1468.87 -2.22105
1469.24 -2.21498
1469.6 -2.20917
1469.97 -2.20357
1470.34 -2.19813
1470.7 -2.19275
1471.07 -2.18731
1471.44 -2.18162
1471.8 -2.17552
1472.17 -2.15458
1472.53 -2.14706
1472.9 -2.13889
1473.27 -2.13002
1473.63 -2.12046
1474 -2.11015
1474.37 -2.09903
1474.73 -2.08552
1475.1 -2.07394
1475.46 -2.06162
1475.83 -2.04864
1476.2 -2.03508
1476.56 -2.02104
1476.93 -2.00662
1477.29 -1.99197
1477.66 -1.97726
1478.03 -1.96275
1478.39 -1.93968
1478.76 -1.92578
1479.13 -1.91193
1479.49 -1.898
1479.86 -1.88391
1480.22 -1.86961
1480.59 -1.85503
1480.96 -1.84011
1481.32 -1.82841
1481.69 -1.81277
1482.06 -1.79675
1482.42 -1.78038
1482.79 -1.76372
1483.15 -1.74684
1483.52 -1.72981
1483.89 -1.71268
1484.25 -1.68304
1484.62 -1.66589
1484.99 -1.64894
1485.35 -1.63235
1485.72 -1.61629
1486.08 -1.6009
1486.45 -1.58633
1486.82 -1.57265
1487.18 -1.55996
1487.55 -1.54828
1487.91 -1.5407
1488.28 -1.53072
1488.65 -1.5218
1489.01 -1.5139
1489.38 -1.50701
1489.75 -1.50105
1490.11 -1.49586
1490.48 -1.48745
1490.84 -1.48312
1491.21 -1.47858
1491.58 -1.47357
1491.94 -1.46786
1492.31 -1.46124
1492.68 -1.4535
1493.04 -1.4445
1493.41 -1.43414
1493.77 -1.42249
1494.14 -1.40971
1494.51 -1.40797
1494.87 -1.39493
1495.24 -1.38134
1495.61 -1.36749
1495.97 -1.35367
1496.34 -1.34007
1496.7 -1.32697
1497.07 -1.31276
1497.44 -1.2979
1497.8 -1.2822
1498.17 -1.2655
1498.54 -1.24771
1498.9 -1.22882
1499.27 -1.20894
1499.63 -1.18826
1500 -1.16709
1500.37 -1.14573
1500.73 -1.13035
1501.1 -1.10848
1501.46 -1.08719
1501.83 -1.06668
1502.2 -1.04713
1502.56 -1.02862
1502.93 -0.993683
1503.3 -0.977203
1503.66 -0.961662
1504.03 -0.94693
1504.39 -0.932953
1504.76 -0.919624
1505.13 -0.906906
1505.49 -0.894737
1505.86 -0.883102
1506.23 -0.872047
1506.59 -0.861603
1506.96 -0.851822
1507.32 -0.835739
1507.69 -0.827179
1508.06 -0.819344
1508.42 -0.812141
1508.79 -0.805496
1509.16 -0.786247
1509.52 -0.78093
1509.89 -0.775818
1510.25 -0.770805
1510.62 -0.765793
1510.99 -0.76075
1511.35 -0.755608
1511.72 -0.750313
1512.08 -0.744781
1512.45 -0.738823
1512.82 -0.732315
1513.18 -0.725258
1513.55 -0.717972
1513.92 -0.719246
1514.28 -0.71302
1514.65 -0.707512
1515.01 -0.702972
1515.38 -0.699081
1515.75 -0.694313
1516.11 -0.689476
1516.48 -0.684334
1516.85 -0.67868
1517.21 -0.672318
1517.58 -0.665108
1517.94 -0.656982
1518.31 -0.647896
1518.68 -0.637924
1519.04 -0.627235
1519.41 -0.616203
1519.78 -0.605301
1520.14 -0.595123
1520.51 -0.586174
1520.87 -0.578049
1521.24 -0.565025
1521.61 -0.561165
1521.97 -0.559181
1522.34 -0.559082
1522.7 -0.560867
1523.07 -0.564468
1523.44 -0.569801
1523.8 -0.576675
1524.17 -0.58474
1524.54 -0.593544
1524.9 -0.602516
1525.27 -0.611145
1525.63 -0.619041
1526 -0.625969
1526.37 -0.631844
1526.73 -0.636681
1527.1 -0.62989
1527.47 -0.624733
1527.83 -0.626678
1528.2 -0.628265
1528.56 -0.629662
1528.93 -0.630959
1529.3 -0.632271
1529.66 -0.633629
1530.03 -0.635094
1530.4 -0.636681
1530.76 -0.638405
1531.13 -0.640297
1531.49 -0.642349
1531.86 -0.644516
1532.23 -0.646721
1532.59 -0.64888
1532.96 -0.650864
1533.33 -0.652588
1533.69 -0.649559
1534.06 -0.651192
1534.42 -0.652557
1534.79 -0.653893
1535.16 -0.655396
1535.52 -0.657188
1535.89 -0.659325
1536.25 -0.661774
1536.62 -0.664452
1536.99 -0.667122
1537.35 -0.669456
1537.72 -0.671036
1538.09 -0.671417
1538.45 -0.670326
1538.82 -0.667747
1539.18 -0.663918
1539.55 -0.65921
1539.92 -0.652283
1540.28 -0.646118
1540.65 -0.64003
1541.02 -0.634201
1541.38 -0.628799
1541.75 -0.623947
1542.11 -0.619759
1542.48 -0.616241
1542.85 -0.61335
1543.21 -0.611008
1543.58 -0.609085
1543.95 -0.607498
1544.31 -0.606148
1544.68 -0.604904
1545.04 -0.603607
1545.41 -0.60199
1545.78 -0.599823
1546.14 -0.595886
1546.51 -0.594788
1546.87 -0.59108
1547.24 -0.586807
1547.61 -0.582115
1547.97 -0.577034
1548.34 -0.571426
1548.71 -0.565178
1549.07 -0.558167
1549.44 -0.550438
1549.8 -0.54213
1550.17 -0.533493
1550.54 -0.524796
1550.9 -0.516289
1551.27 -0.508278
1551.64 -0.501129
1552 -0.497078
1552.37 -0.493233
1552.73 -0.491165
1553.1 -0.494804
1553.47 -0.495232
1553.83 -0.497353
1554.2 -0.500854
1554.57 -0.505325
1554.93 -0.5103
1555.3 -0.515335
1555.66 -0.520073
1556.03 -0.524261
1556.4 -0.527657
1556.76 -0.530136
1557.13 -0.531578
1557.49 -0.532036
1557.86 -0.53157
1558.23 -0.53492
1558.59 -0.533493
1558.96 -0.53138
1559.33 -0.528282
1559.69 -0.533295
1560.06 -0.528404
1560.42 -0.521881
1560.79 -0.513733
1561.16 -0.503967
1561.52 -0.492462
1561.89 -0.47905
1562.26 -0.463646
1562.62 -0.446449
1562.99 -0.427994
1563.35 -0.409035
1563.72 -0.39019
1564.09 -0.371864
1564.45 -0.355888
1564.82 -0.340019
1565.19 -0.325699
1565.55 -0.313179
1565.92 -0.302612
1566.28 -0.308334
1566.65 -0.300835
1567.02 -0.295135
1567.38 -0.291138
1567.75 -0.28894
1568.12 -0.288734
1568.48 -0.290771
1568.85 -0.295181
1569.21 -0.302002
1569.58 -0.311256
1569.95 -0.322975
1570.31 -0.337173
1570.68 -0.37648
1571.04 -0.395676
1571.41 -0.41494
1571.78 -0.433212
1572.14 -0.449768
1572.51 -0.467079
1572.88 -0.479424
1573.24 -0.489967
1573.61 -0.499008
1573.97 -0.506943
1574.34 -0.514091
1574.71 -0.520782
1575.07 -0.527237
1575.44 -0.533623
1575.81 -0.54007
1576.17 -0.546539
1576.54 -0.552902
1576.9 -0.566673
1577.27 -0.571693
1577.64 -0.575485
1578 -0.577896
1578.37 -0.578987
1578.74 -0.578926
1579.1 -0.587463
1579.47 -0.587273
1579.83 -0.58651
1580.2 -0.585258
1580.57 -0.58371
1580.93 -0.5821
1581.3 -0.580559
1581.66 -0.578957
1582.03 -0.576942
1582.4 -0.574142
1582.76 -0.570236
1583.13 -0.569565
1583.5 -0.562393
1583.86 -0.554085
1584.23 -0.544777
1584.59 -0.534668
1584.96 -0.524208
1585.33 -0.514366
1585.69 -0.52063
1586.06 -0.514374
1586.43 -0.511719
1586.79 -0.513313
1587.16 -0.519325
1587.52 -0.5298
1587.89 -0.544907
1588.26 -0.565071
1588.62 -0.590553
1588.99 -0.648987
1589.36 -0.672806
1589.72 -0.692642
1590.09 -0.709114
1590.45 -0.722839
1590.82 -0.734322
1591.19 -0.74395
1591.55 -0.752029
1591.92 -0.758789
1592.29 -0.762489
1592.65 -0.766815
1593.02 -0.770149
1593.38 -0.772537
1593.75 -0.773964
1594.12 -0.774429
1594.48 -0.773949
1594.85 -0.77253
1595.21 -0.766129
1595.58 -0.762474
1595.95 -0.757896
1596.31 -0.752213
1596.68 -0.745277
1597.05 -0.736984
1597.41 -0.727272
1597.78 -0.716133
1598.14 -0.703644
1598.51 -0.689934
1598.88 -0.688995
1599.24 -0.675262
1599.61 -0.66111
1599.98 -0.64727
1600.34 -0.63446
1600.71 -0.623085
1601.07 -0.612946
1601.44 -0.606628
1601.81 -0.595596
1602.17 -0.583595
1602.54 -0.570427
1602.91 -0.555946
1603.27 -0.540047
1603.64 -0.522606
1604 -0.503601
1604.37 -0.483231
1604.74 -0.461914
1605.1 -0.440216
1605.47 -0.435371
1605.83 -0.41404
1606.2 -0.393517
1606.57 -0.374168
1606.93 -0.356316
1607.3 -0.34021
1607.67 -0.322891
1608.03 -0.31076
1608.4 -0.300385
1608.76 -0.291679
1609.13 -0.284546
1609.5 -0.278923
1609.86 -0.274765
1610.23 -0.272003
1610.6 -0.270454
1610.96 -0.269936
1611.33 -0.270142
1611.69 -0.270073
1612.06 -0.270721
1612.43 -0.27121
1612.79 -0.27121
1613.16 -0.270462
1613.53 -0.268738
1613.89 -0.263939
1614.26 -0.259018
1614.62 -0.252335
1614.99 -0.243652
1615.36 -0.232689
1615.72 -0.219215
1616.09 -0.203087
1616.45 -0.184235
1616.82 -0.162758
1617.19 -0.138802
1617.55 -0.11264
1617.92 -0.0848083
1618.29 -0.0784683
1618.65 -0.0497284
1619.02 -0.0212631
1619.38 0.00601959
1619.75 0.0385666
1620.12 0.062233
1620.48 0.0837479
1620.85 0.103149
1621.22 0.120537
1621.58 0.136131
1621.95 0.150116
1622.31 0.16272
1622.68 0.174057
1623.05 0.184219
1623.41 0.193253
1623.78 0.201149
1624.15 0.207939
1624.51 0.213669
1624.88 0.217247
1625.24 0.221161
1625.61 0.224335
1625.98 0.227684
1626.34 0.229706
1626.71 0.232094
1627.08 0.235275
1627.44 0.239586
1627.81 0.245171
1628.17 0.252007
1628.54 0.259949
1628.91 0.268829
1629.27 0.278419
1629.64 0.288544
1630 0.298965
1630.37 0.309425
1630.74 0.319664
1631.1 0.329559
1631.47 0.335793
1631.84 0.345177
1632.2 0.359749
1632.57 0.36808
1632.93 0.376183
1633.3 0.384186
1633.67 0.392197
1634.03 0.400291
1634.4 0.408516
1634.77 0.416786
1635.13 0.424904
1635.5 0.43261
1635.86 0.439606
1636.23 0.445679
1636.6 0.450752
1636.96 0.454857
1637.33 0.458069
1637.7 0.460487
1638.06 0.463303
1638.43 0.467773
1638.79 0.468781
1639.16 0.469299
1639.53 0.46946
1639.89 0.469398
1640.26 0.469208
1640.62 0.46891
1640.99 0.468521
1641.36 0.46801
1641.72 0.467316
1642.09 0.466286
1642.46 0.464783
1642.82 0.462631
1643.19 0.459717
1643.55 0.456039
1643.92 0.451637
1644.29 0.452866
1644.65 0.447914
1645.02 0.44191
1645.39 0.435867
1645.75 0.430031
1646.12 0.424606
1646.48 0.419754
1646.85 0.415565
1647.22 0.412025
1647.58 0.409126
1647.95 0.406784
1648.32 0.404961
1648.68 0.403503
1649.05 0.402351
1649.41 0.401405
1649.78 0.400627
1650.15 0.399986
1650.51 0.406166
1650.88 0.412941
1651.24 0.412621
1651.61 0.412186
1651.98 0.411568
1652.34 0.410744
1652.71 0.409714
1653.08 0.408485
1653.44 0.407074
1653.81 0.405487
1654.17 0.403702
1654.54 0.401672
1654.91 0.399368
1655.27 0.396751
1655.64 0.393822
1656.01 0.390587
1656.37 0.3871
1656.74 0.384598
1657.1 0.380066
1657.47 0.380157
1657.84 0.375191
1658.2 0.370338
1658.57 0.365623
1658.94 0.361046
1659.3 0.35659
1659.67 0.352226
1660.03 0.347832
1660.4 0.343224
1660.77 0.338234
1661.13 0.332672
1661.5 0.326393
1661.87 0.319267
1662.23 0.311142
1662.6 0.30188
1662.96 0.286438
1663.33 0.273445
1663.7 0.259186
1664.06 0.251144
1664.43 0.235344
1664.79 0.219345
1665.16 0.203499
1665.53 0.188072
1665.89 0.173241
1666.26 0.159134
1666.63 0.145851
1666.99 0.133499
1667.36 0.122124
1667.72 0.111801
1668.09 0.10257
1668.46 0.0944977
1668.82 0.0876541
1669.19 0.0822678
1669.56 0.0789108
1669.92 0.076828
1670.29 0.0758514
1670.65 0.078331
1671.02 0.0784225
1671.39 0.0790558
1671.75 0.0800705
1672.12 0.0813293
1672.49 0.0826721
1672.85 0.0838776
1673.22 0.0847168
1673.58 0.0850067
1673.95 0.08461
1674.32 0.0834503
1674.68 0.0815353
1675.05 0.0788422
1675.41 0.0712814
1675.78 0.0667725
1676.15 0.0623016
1676.51 0.0583572
1676.88 0.0553284
1677.25 0.052269
1677.61 0.0511856
1677.98 0.0513916
1678.34 0.0528717
1678.71 0.0555191
1679.08 0.0591965
1679.44 0.0636292
1679.81 0.0684433
1680.18 0.0731735
1680.54 0.0773239
1680.91 0.0804825
1681.27 0.0823288
1681.64 0.0855713
1682.01 0.0846024
1682.37 0.0820923
1682.74 0.0781097
1683.11 0.0727158
1683.47 0.0756989
1683.84 0.0687637
1684.2 0.0606155
1684.57 0.0514221
1684.94 0.0413818
1685.3 0.0306473
1685.67 0.0193939
1686.04 0.00778961
1686.4 -0.00400543
1686.77 -0.0158386
1687.13 -0.0276337
1687.5 -0.0371323
1687.87 -0.0487213
1688.23 -0.0603256
1688.6 -0.0719376
1688.96 -0.0835419
1689.33 -0.095192
1689.7 -0.106949
1690.06 -0.104874
1690.43 -0.117226
1690.8 -0.130035
1691.16 -0.143341
1691.53 -0.157204
1691.89 -0.17173
1692.26 -0.187103
1692.63 -0.203552
1692.99 -0.221375
1693.36 -0.240845
1693.73 -0.275108
1694.09 -0.301834
1694.46 -0.33213
1694.82 -0.367378
1695.19 -0.409279
1695.56 -0.454628
1695.92 -0.49324
1696.29 -0.524162
1696.66 -0.543213
1697.02 -0.563828
1697.39 -0.57988
1697.75 -0.591835
1698.12 -0.60022
1698.49 -0.605583
1698.85 -0.608437
1699.22 -0.609276
1699.58 -0.608536
1699.95 -0.606094
1700.32 -0.602921
1700.68 -0.599815
1701.05 -0.597252
1701.42 -0.595528
1701.78 -0.594818
1702.15 -0.595154
1702.51 -0.596504
1702.88 -0.598785
1703.25 -0.594215
1703.61 -0.597107
1703.98 -0.600662
1704.35 -0.604675
1704.71 -0.608925
1705.08 -0.61319
1705.44 -0.617271
1705.81 -0.620995
1706.18 -0.618896
1706.54 -0.621674
1706.91 -0.623886
1707.28 -0.625534
1707.64 -0.626648
1708.01 -0.62719
1708.37 -0.627144
1708.74 -0.626488
1709.11 -0.625122
1709.47 -0.623039
1709.84 -0.619347
1710.2 -0.616554
1710.57 -0.613083
1710.94 -0.609192
1711.3 -0.605217
1711.67 -0.601509
1712.04 -0.598358
1712.4 -0.591209
1712.77 -0.589073
1713.13 -0.587608
1713.5 -0.5868
1713.87 -0.586555
1714.23 -0.586815
1714.6 -0.587494
1714.97 -0.588524
1715.33 -0.589806
1715.7 -0.591232
1716.06 -0.58474
1716.43 -0.586121
1716.8 -0.587234
1717.16 -0.587914
1717.53 -0.588036
1717.9 -0.587532
1718.26 -0.579147
1718.63 -0.577141
1718.99 -0.574364
1719.36 -0.570824
1719.73 -0.566643
1720.09 -0.562019
1720.46 -0.557205
1720.83 -0.552521
1721.19 -0.54821
1721.56 -0.544464
1721.92 -0.541367
1722.29 -0.538895
1722.66 -0.536201
1723.02 -0.535011
1723.39 -0.534294
1723.75 -0.533974
1724.12 -0.534019
1724.49 -0.536385
1724.85 -0.538048
1725.22 -0.54026
1725.59 -0.543282
1725.95 -0.547523
1726.32 -0.553383
1726.68 -0.561142
1727.05 -0.570915
1727.42 -0.58255
1727.78 -0.595772
1728.15 -0.610153
1728.52 -0.625282
1728.88 -0.640739
1729.25 -0.652153
1729.61 -0.667152
1729.98 -0.681953
1730.35 -0.696602
1730.71 -0.721603
1731.08 -0.736832
1731.45 -0.752678
1731.81 -0.769226
1732.18 -0.786621
1732.54 -0.804924
1732.91 -0.824142
1733.28 -0.844246
1733.64 -0.86512
1734.01 -0.886642
1734.37 -0.908638
1734.74 -0.930901
1735.11 -0.953194
1735.47 -0.975273
1735.84 -0.995148
1736.21 -1.01593
1736.57 -1.0358
1736.94 -1.07046
1737.3 -1.08697
1737.67 -1.10223
1738.04 -1.11623
1738.4 -1.129
1738.77 -1.1406
1739.14 -1.15108
1739.5 -1.16054
1739.87 -1.16902
1740.23 -1.17663
1740.6 -1.18337
1740.97 -1.18932
1741.33 -1.19443
1741.7 -1.19868
1742.07 -1.202
1742.43 -1.20509
1742.8 -1.20667
1743.16 -1.20785
1743.53 -1.20606
1743.9 -1.20298
1744.26 -1.19868
1744.63 -1.19339
1744.99 -1.18737
1745.36 -1.18095
1745.73 -1.17439
1746.09 -1.1679
1746.46 -1.16156
1746.83 -1.15541
1747.19 -1.14942
1747.56 -1.14355
1747.92 -1.13767
1748.29 -1.13165
1748.66 -1.12801
1749.02 -1.1216
1749.39 -1.11085
1749.76 -1.10341
1750.12 -1.09556
1750.49 -1.08755
1750.85 -1.0797
1751.22 -1.07229
1751.59 -1.06541
1751.95 -1.05911
1752.32 -1.05332
1752.69 -1.04807
1753.05 -1.04349
1753.42 -1.03972
1753.78 -1.03693
1754.15 -1.03516
1754.52 -1.03432
1754.88 -1.03415
1755.25 -1.03407
1755.62 -1.03462
1755.98 -1.03509
1756.35 -1.03533
1756.71 -1.03522
1757.08 -1.03455
1757.45 -1.03313
1757.81 -1.03074
1758.18 -1.02726
1758.54 -1.02268
1758.91 -1.01711
1759.28 -1.01064
1759.64 -1.00343
1760.01 -0.99559
1760.38 -0.987206
1760.74 -0.97834
1761.11 -0.96907
1761.47 -0.964294
1761.84 -0.970596
1762.21 -0.964104
1762.57 -0.958275
1762.94 -0.953598
1763.31 -0.95089
1763.67 -0.951515
1764.04 -0.95739
1764.4 -0.970963
1764.77 -0.994957
1765.14 -1.02292
1765.5 -1.04465
1765.87 -1.06178
1766.24 -1.07608
1766.6 -1.08852
1766.97 -1.09956
1767.33 -1.10944
1767.7 -1.13161
1768.07 -1.13828
1768.43 -1.14967
1768.8 -1.15472
1769.16 -1.15903
1769.53 -1.16262
1769.9 -1.16559
1770.26 -1.16811
1770.63 -1.17034
1771 -1.17239
1771.36 -1.17425
1771.73 -1.17579
1772.09 -1.1768
1772.46 -1.17704
1772.83 -1.17628
1773.19 -1.17445
1773.56 -1.17164
1773.93 -1.1738
1774.29 -1.17028
1774.66 -1.16747
1775.02 -1.17361
1775.39 -1.17259
1775.76 -1.17339
1776.12 -1.17616
1776.49 -1.18088
1776.86 -1.18734
1777.22 -1.195
1777.59 -1.20314
1777.95 -1.21101
1778.32 -1.21803
1778.69 -1.22383
1779.05 -1.22815
1779.42 -1.23072
1779.79 -1.23125
1780.15 -1.23224
1780.52 -1.22674
1780.88 -1.21843
1781.25 -1.20716
1781.62 -1.20651
1781.98 -1.19131
1782.35 -1.17253
1782.71 -1.14955
1783.08 -1.12201
1783.45 -1.09122
1783.81 -1.06116
1784.18 -1.03453
1784.55 -1.01146
1784.91 -0.991333
1785.28 -0.973557
1785.64 -0.957703
1786.01 -0.936508
1786.38 -0.924072
1786.74 -0.913216
1787.11 -0.9039
1787.48 -0.89608
1787.84 -0.890648
1788.21 -0.884781
1788.57 -0.880386
1788.94 -0.877403
1789.31 -0.875732
1789.67 -0.875244
1790.04 -0.875778
1790.41 -0.877144
1790.77 -0.879189
1791.14 -0.881752
1791.5 -0.88459
1791.87 -0.887482
1792.24 -0.888504
1792.6 -0.89035
1792.97 -0.891525
1793.33 -0.891937
1793.7 -0.891548
1794.07 -0.890358
1794.43 -0.887207
1794.8 -0.885345
1795.17 -0.882912
1795.53 -0.879944
1795.9 -0.876541
1796.26 -0.872765
1796.63 -0.868813
1797 -0.86512
1797.36 -0.862335
1797.73 -0.861115
1798.1 -0.861954
1798.46 -0.869072
1798.83 -0.875252
1799.19 -0.883263
1799.56 -0.892677
1799.93 -0.903114
1800.29 -0.914146
1800.66 -0.9254
1801.03 -0.931465
1801.39 -0.942116
1801.76 -0.952309
1802.12 -0.961899
1802.49 -0.97084
1802.86 -0.979141
1803.22 -0.98687
1803.59 -0.994125
1803.95 -1.00097
1804.32 -1.00749
1804.69 -1.01591
1805.05 -1.02166
1805.42 -1.02696
1805.79 -1.03175
1806.15 -1.03603
1806.52 -1.03979
1806.88 -1.04306
1807.25 -1.04581
1807.62 -1.04581
1807.98 -1.04801
1808.35 -1.04992
1808.72 -1.0517
1809.08 -1.0536
1809.45 -1.05587
1809.81 -1.05876
1810.18 -1.06245
1810.55 -1.06703
1810.91 -1.07639
1811.28 -1.08324
1811.65 -1.09071
1812.01 -1.09866
1812.38 -1.10692
1812.74 -1.11542
1813.11 -1.1241
1813.48 -1.13293
1813.84 -1.14188
1814.21 -1.14472
1814.58 -1.15356
1814.94 -1.16263
1815.31 -1.17201
1815.67 -1.1817
1816.04 -1.19168
1816.41 -1.20187
1816.77 -1.21219
1817.14 -1.22478
1817.5 -1.23491
1817.87 -1.24492
1818.24 -1.25474
1818.6 -1.26433
1818.97 -1.27365
1819.34 -1.28275
1819.7 -1.29165
1820.07 -1.30036
1820.43 -1.29948
1820.8 -1.30768
1821.17 -1.31556
1821.53 -1.3231
1821.9 -1.33028
1822.27 -1.3371
1822.63 -1.34361
1823 -1.34902
1823.36 -1.35551
1823.73 -1.36186
1824.1 -1.36823
1824.46 -1.37482
1824.83 -1.38178
1825.2 -1.38927
1825.56 -1.39732
1825.93 -1.40594
1826.29 -1.41511
1826.66 -1.42488
1827.03 -1.43037
1827.39 -1.44061
1827.76 -1.45136
1828.12 -1.46245
1828.49 -1.47368
1828.86 -1.48486
1829.22 -1.49821
1829.59 -1.50819
1829.96 -1.51778
1830.32 -1.52694
1830.69 -1.5357
1831.05 -1.54408
1831.42 -1.55219
1831.79 -1.56006
1832.15 -1.56771
1832.52 -1.57522
1832.89 -1.58259
1833.25 -1.58987
1833.62 -1.58989
1833.98 -1.59753
1834.35 -1.60535
1834.72 -1.6134
1835.08 -1.62176
1835.45 -1.63256
1835.82 -1.64181
1836.18 -1.65129
1836.55 -1.66099
1836.91 -1.67088
1837.28 -1.68105
1837.65 -1.69156
1838.01 -1.70246
1838.38 -1.71377
1838.74 -1.7255
1839.11 -1.73769
1839.48 -1.7505
1839.84 -1.76405
1840.21 -1.7718
1840.58 -1.7869
1840.94 -1.80275
1841.31 -1.81918
1841.67 -1.84583
1842.04 -1.86353
1842.41 -1.88191
1842.77 -1.90104
1843.14 -1.92101
1843.51 -1.9418
1843.87 -1.96339
1844.24 -1.98581
1844.6 -2.00893
1844.97 -2.03242
1845.34 -2.05555
1845.7 -2.07733
1846.07 -2.09702
1846.44 -2.11434
1846.8 -2.12479
1847.17 -2.13774
1847.53 -2.14901
1847.9 -2.1629
1848.27 -2.17132
1848.63 -2.1796
1849 -2.188
1849.37 -2.19663
1849.73 -2.20558
1850.1 -2.21487
1850.46 -2.22452
1850.83 -2.23451
1851.2 -2.24487
1851.56 -2.25549
1851.93 -2.26635
1852.29 -2.27736
1852.66 -2.28851
1853.03 -2.29991
1853.39 -2.30096
1853.76 -2.31538
1854.13 -2.32893
1854.49 -2.34309
1854.86 -2.35771
1855.22 -2.37269
1855.59 -2.38788
1855.96 -2.40311
1856.32 -2.41819
1856.69 -2.43291
1857.06 -2.44717
1857.42 -2.46088
1857.79 -2.47409
1858.15 -2.48688
1858.52 -2.49932
1858.89 -2.51156
1859.25 -2.52374
1859.62 -2.53006
1859.99 -2.55213
1860.35 -2.56773
1860.72 -2.5843
1861.08 -2.60166
1861.45 -2.61935
1861.82 -2.63681
1862.18 -2.65358
1862.55 -2.66948
1862.91 -2.68452
1863.28 -2.69881
1863.65 -2.71235
1864.01 -2.72507
1864.38 -2.73674
1864.75 -2.74721
1865.11 -2.75632
1865.48 -2.76407
1865.84 -2.77046
1866.21 -2.7768
1866.58 -2.78146
1866.94 -2.78507
1867.31 -2.78761
1867.68 -2.78915
1868.04 -2.78991
1868.41 -2.7902
1868.77 -2.79039
1869.14 -2.79081
1869.51 -2.79171
1869.87 -2.79321
1870.24 -2.79532
1870.61 -2.79792
1870.97 -2.80079
1871.34 -2.80371
1871.7 -2.80649
1872.07 -2.80904
1872.44 -2.81
1872.8 -2.80798
1873.17 -2.80907
1873.54 -2.81035
1873.9 -2.81193
1874.27 -2.8139
1874.63 -2.81628
1875 -2.81903
1875.37 -2.82206
1875.73 -2.82529
1876.1 -2.82864
1876.46 -2.8321
1876.83 -2.83562
1877.2 -2.83914
1877.56 -2.84257
1877.93 -2.84578
1878.3 -2.84872
1878.66 -2.84982
1879.03 -2.85294
1879.39 -2.85281
1879.76 -2.85683
1880.13 -2.86104
1880.49 -2.86544
1880.86 -2.87016
1881.23 -2.87546
1881.59 -2.8817
1881.96 -2.88919
1882.32 -2.89817
1882.69 -2.90874
1883.06 -2.92097
1883.42 -2.93495
1883.79 -2.95068
1884.16 -2.96795
1884.52 -2.98631
1884.89 -3.01725
1885.25 -3.03496
1885.62 -3.05186
1885.99 -3.06066
1886.35 -3.07541
1886.72 -3.08934
1887.08 -3.10265
1887.45 -3.11565
1887.82 -3.12858
1888.18 -3.1417
1888.55 -3.15515
1888.92 -3.16899
1889.28 -3.18314
1889.65 -3.19737
1890.01 -3.21133
1890.38 -3.22449
1890.75 -3.23956
1891.11 -3.24881
1891.48 -3.25683
1891.85 -3.26392
1892.21 -3.26338
1892.58 -3.26942
1892.94 -3.2752
1893.31 -3.28083
1893.68 -3.28639
1894.04 -3.29185
1894.41 -3.29711
1894.78 -3.30199
1895.14 -3.3063
1895.51 -3.3099
1895.87 -3.31267
1896.24 -3.31451
1896.61 -3.31538
1896.97 -3.30701
1897.34 -3.30492
1897.7 -3.30165
1898.07 -3.29715
1898.44 -3.29139
1898.8 -3.28047
1899.17 -3.27325
1899.54 -3.26485
1899.9 -3.25515
1900.27 -3.24398
1900.63 -3.23121
1901 -3.21665
1901.37 -3.20006
1901.73 -3.18103
1902.1 -3.15883
1902.47 -3.13223
1902.83 -3.0997
1903.2 -3.05761
1903.56 -3.02853
1903.93 -3.00607
1904.3 -2.98882
1904.66 -2.9758
1905.03 -2.96636
1905.4 -2.96404
1905.76 -2.95829
1906.13 -2.95508
1906.49 -2.95388
1906.86 -2.95415
1907.23 -2.95534
1907.59 -2.95695
1907.96 -2.95868
1908.33 -2.96034
1908.69 -2.96189
1909.06 -2.96333
1909.42 -2.9594
1909.79 -2.9604
1910.16 -2.9616
1910.52 -2.96307
1910.89 -2.9649
1911.25 -2.96716
1911.62 -2.96989
1911.99 -2.96493
1912.35 -2.96844
1912.72 -2.97245
1913.09 -2.97693
1913.45 -2.98189
1913.82 -2.98732
1914.18 -2.99324
1914.55 -2.99964
1914.92 -3.00655
1915.28 -3.014
1915.65 -3.02211
1916.02 -3.03156
1916.38 -3.04183
1916.75 -3.05309
1917.11 -3.06546
1917.48 -3.07909
1917.85 -3.09405
1918.21 -3.11021
1918.58 -3.1198
1918.95 -3.13734
1919.31 -3.15468
1919.68 -3.17128
1920.04 -3.18677
1920.41 -3.20107
1920.78 -3.21429
1921.14 -3.22678
1921.51 -3.24287
1921.87 -3.25504
1922.24 -3.26775
1922.61 -3.28117
1922.97 -3.29543
1923.34 -3.31063
1923.71 -3.32685
1924.07 -3.3441
1924.44 -3.36231
1924.8 -3.38131
1925.17 -3.39038
1925.54 -3.41035
1925.9 -3.43053
1926.27 -3.45076
1926.64 -3.47093
1927 -3.49102
1927.37 -3.51098
1927.73 -3.53899
1928.1 -3.55746
1928.47 -3.57485
1928.83 -3.59094
1929.2 -3.60562
1929.57 -3.61894
1929.93 -3.63097
1930.3 -3.64173
1930.66 -3.65125
1931.03 -3.65952
1931.4 -3.65598
1931.76 -3.6623
1932.13 -3.66753
1932.49 -3.67168
1932.86 -3.67479
1933.23 -3.67689
1933.59 -3.67799
1933.96 -3.67104
1934.33 -3.66998
1934.69 -3.66805
1935.06 -3.66526
1935.42 -3.66163
1935.79 -3.65719
1936.16 -3.65199
1936.52 -3.64606
1936.89 -3.63943
1937.26 -3.6321
1937.62 -3.62399
1937.99 -3.61736
1938.35 -3.60863
1938.72 -3.59901
1939.09 -3.5886
1939.45 -3.57764
1939.82 -3.56641
1940.19 -3.55021
1940.55 -3.53976
1940.92 -3.5299
1941.28 -3.52074
1941.65 -3.51238
1942.02 -3.50472
1942.38 -3.49763
1942.75 -3.4908
1943.12 -3.48378
1943.48 -3.47609
1943.85 -3.46726
1944.21 -3.45696
1944.58 -3.45385
1944.95 -3.44132
1945.31 -3.42707
1945.68 -3.41119
1946.04 -3.39385
1946.41 -3.37018
1946.78 -3.35099
1947.14 -3.33155
1947.51 -3.31231
1947.88 -3.29364
1948.24 -3.27593
1948.61 -3.25948
1948.97 -3.24457
1949.34 -3.23135
1949.71 -3.21998
1950.07 -3.21054
1950.44 -3.20309
1950.81 -3.19759
1951.17 -3.2002
1951.54 -3.19718
1951.9 -3.19547
1952.27 -3.19453
1952.64 -3.19609
1953 -3.19468
1953.37 -3.19307
1953.74 -3.1912
1954.1 -3.189
1954.47 -3.18639
1954.83 -3.18334
1955.2 -3.17989
1955.57 -3.17615
1955.93 -3.17229
1956.3 -3.16846
1956.66 -3.16476
1957.03 -3.16125
1957.4 -3.15795
1957.76 -3.15074
1958.13 -3.14754
1958.5 -3.1377
1958.86 -3.13589
1959.23 -3.13485
1959.59 -3.13452
1959.96 -3.1349
1960.33 -3.13596
1960.69 -3.13776
1961.06 -3.14037
1961.43 -3.14385
1961.79 -3.14813
1962.16 -3.15303
1962.52 -3.15836
1962.89 -3.1639
1963.26 -3.16959
1963.62 -3.17537
1963.99 -3.17425
1964.36 -3.17999
1964.72 -3.18443
1965.09 -3.19048
1965.45 -3.19699
1965.82 -3.20415
1966.19 -3.21219
1966.55 -3.22126
1966.92 -3.23149
1967.29 -3.24277
1967.65 -3.25456
1968.02 -3.26588
1968.38 -3.27577
1968.75 -3.28378
1969.12 -3.28996
1969.48 -3.29476
1969.85 -3.29873
1970.21 -3.30238
1970.58 -3.30254
1970.95 -3.30699
1971.31 -3.31107
1971.68 -3.31507
1972.05 -3.31891
1972.41 -3.32256
1972.78 -3.32604
1973.14 -3.32936
1973.51 -3.33253
1973.88 -3.33549
1974.24 -3.33816
1974.61 -3.34042
1974.98 -3.34212
1975.34 -3.34321
1975.71 -3.34359
1976.07 -3.34318
1976.44 -3.34188
1976.81 -3.33952
1977.17 -3.33295
1977.54 -3.32874
1977.91 -3.32288
1978.27 -3.31502
1978.64 -3.30476
1979 -3.2916
1979.37 -3.27505
1979.74 -3.25448
1980.1 -3.2291
1980.47 -3.19753
1980.83 -3.158
1981.2 -3.11652
1981.57 -3.08228
1981.93 -3.05374
1982.3 -3.02919
1982.67 -3.00758
1983.03 -2.9883
1983.4 -2.96539
1983.76 -2.96012
1984.13 -2.94501
1984.5 -2.93122
1984.86 -2.91858
1985.23 -2.90693
1985.6 -2.89616
1985.96 -2.88618
1986.33 -2.87701
1986.69 -2.86862
1987.06 -2.86108
1987.43 -2.85442
1987.79 -2.84869
1988.16 -2.8439
1988.53 -2.84009
1988.89 -2.83729
1989.26 -2.83801
1989.62 -2.838
1989.99 -2.8387
1990.36 -2.84252
1990.72 -2.84381
1991.09 -2.84536
1991.45 -2.84718
1991.82 -2.84921
1992.19 -2.85139
1992.55 -2.85353
1992.92 -2.8554
1993.29 -2.85672
1993.65 -2.85728
1994.02 -2.85692
1994.38 -2.8556
1994.75 -2.85347
1995.12 -2.85091
1995.48 -2.85166
1995.85 -2.84944
1996.22 -2.84822
1996.58 -2.8481
1996.95 -2.85156
1997.31 -2.85228
1997.68 -2.85333
1998.05 -2.85452
1998.41 -2.85577
1998.78 -2.85715
1999.15 -2.85873
1999.51 -2.86049
1999.88 -2.86243
2000.24 -2.86447
2000.61 -2.86668
2000.98 -2.86906
2001.34 -2.87168
2001.71 -2.87069
2002.08 -2.8737
2002.44 -2.87711
2002.81 -2.8809
2003.17 -2.87634
2003.54 -2.88045
2003.91 -2.8849
2004.27 -2.88965
2004.64 -2.89455
2005 -2.89952
2005.37 -2.9044
2005.74 -2.9091
2006.1 -2.91359
2006.47 -2.91787
2006.84 -2.92203
2007.2 -2.92613
2007.57 -2.93024
2007.93 -2.93246
2008.3 -2.93722
2008.67 -2.94209
2009.03 -2.94716
2009.4 -2.95247
2009.77 -2.95315
2010.13 -2.95895
2010.5 -2.96465
2010.86 -2.97017
2011.23 -2.97556
2011.6 -2.98104
2011.96 -2.9868
2012.33 -2.99303
2012.7 -2.99985
2013.06 -3.00729
2013.43 -3.01537
2013.79 -3.02396
2014.16 -3.03582
2014.53 -3.04465
2014.89 -3.05272
2015.26 -3.05958
2015.62 -3.06488
2015.99 -3.06846
2016.36 -3.06603
2016.72 -3.0668
2017.09 -3.06608
2017.46 -3.06402
2017.82 -3.06068
2018.19 -3.05616
2018.55 -3.05049
2018.92 -3.04383
2019.29 -3.03638
2019.65 -3.02846
2020.02 -3.02043
2020.39 -3.00819
2020.75 -3.00186
2021.12 -2.99649
2021.48 -2.99228
2021.85 -2.98932
2022.22 -2.98761
2022.58 -2.98706
2022.95 -2.98768
2023.32 -2.9883
2023.68 -2.98939
2024.05 -2.99063
2024.41 -2.99179
2024.78 -2.99269
2025.15 -2.99324
2025.51 -2.99348
2025.88 -2.99349
2026.24 -2.99188
2026.61 -2.99172
2026.98 -2.99173
2027.34 -2.99196
2027.71 -2.9924
2028.08 -2.99306
2028.44 -2.9939
2028.81 -2.9949
2029.17 -2.9959
2029.54 -2.99365
2029.91 -2.99428
2030.27 -2.99449
2030.64 -2.99419
2031.01 -2.99326
2031.37 -2.99163
2031.74 -2.98925
2032.1 -2.98602
2032.47 -2.97722
2032.84 -2.97168
2033.2 -2.96532
2033.57 -2.95836
2033.94 -2.95095
2034.3 -2.94326
2034.67 -2.93543
2035.03 -2.92763
2035.4 -2.91998
2035.77 -2.91266
2036.13 -2.90539
2036.5 -2.89838
2036.87 -2.8915
2037.23 -2.88454
2037.6 -2.87737
2037.96 -2.86994
2038.33 -2.8623
2038.7 -2.84662
2039.06 -2.83897
2039.43 -2.83142
2039.79 -2.82396
2040.16 -2.81657
2040.53 -2.80928
2040.89 -2.80217
2041.26 -2.7953
2041.63 -2.78872
2041.99 -2.78237
2042.36 -2.77354
2042.72 -2.76707
2043.09 -2.76045
2043.46 -2.75361
2043.82 -2.74654
2044.19 -2.73927
2044.56 -2.73184
2044.92 -2.71248
2045.29 -2.70432
2045.65 -2.69579
2046.02 -2.68684
2046.39 -2.67744
2046.75 -2.66762
2047.12 -2.65739
2047.49 -2.6468
2047.85 -2.63586
2048.22 -2.62457
2048.58 -2.61301
2048.95 -2.60377
2049.32 -2.59269
2049.68 -2.58172
2050.05 -2.5711
2050.41 -2.561
2050.78 -2.55153
2051.15 -2.53706
2051.51 -2.52866
2051.88 -2.52032
2052.25 -2.5119
2052.61 -2.5033
2052.98 -2.49448
2053.34 -2.48543
2053.71 -2.47623
2054.08 -2.46691
2054.44 -2.45755
2054.81 -2.44817
2055.18 -2.43877
2055.54 -2.42742
2055.91 -2.41783
2056.27 -2.4082
2056.64 -2.3985
2057.01 -2.37711
2057.37 -2.36723
2057.74 -2.3572
2058.11 -2.34701
2058.47 -2.33664
2058.84 -2.3261
2059.2 -2.31538
2059.57 -2.3045
2059.94 -2.29346
2060.3 -2.28223
2060.67 -2.27073
2061.03 -2.25893
2061.4 -2.24675
2061.77 -2.23418
2062.13 -2.22385
2062.5 -2.21078
2062.87 -2.19726
2063.23 -2.17288
2063.6 -2.15878
2063.96 -2.14456
2064.33 -2.1303
2064.7 -2.11603
2065.06 -2.10176
2065.43 -2.08752
2065.8 -2.07341
2066.16 -2.05955
2066.53 -2.04607
2066.89 -2.033
2067.26 -2.02013
2067.63 -2.00712
2067.99 -1.99356
2068.36 -1.9791
2068.73 -1.97444
2069.09 -1.95835
2069.46 -1.93457
2069.82 -1.9148
2070.19 -1.89336
2070.56 -1.87035
2070.92 -1.84616
2071.29 -1.82157
2071.66 -1.79757
2072.02 -1.77493
2072.39 -1.75409
2072.75 -1.73513
2073.12 -1.71799
2073.49 -1.7025
2073.85 -1.68841
2074.22 -1.67545
2074.58 -1.66338
2074.95 -1.65489
2075.32 -1.64376
2075.68 -1.62558
2076.05 -1.61585
2076.42 -1.60635
2076.78 -1.59682
2077.15 -1.58704
2077.51 -1.57688
2077.88 -1.56629
2078.25 -1.55531
2078.61 -1.54398
2078.98 -1.53236
2079.35 -1.52045
2079.71 -1.50815
2080.08 -1.49536
2080.44 -1.48201
2080.81 -1.46805
2081.18 -1.45351
2081.54 -1.44295
2081.91 -1.41805
2082.28 -1.40337
2082.64 -1.38872
2083.01 -1.37425
2083.37 -1.36011
2083.74 -1.3464
2084.11 -1.33319
2084.47 -1.32048
2084.84 -1.30818
2085.2 -1.2962
2085.57 -1.28445
2085.94 -1.27286
2086.3 -1.26139
2086.67 -1.24997
2087.04 -1.23851
2087.4 -1.22683
2087.77 -1.21473
2088.13 -1.21186
2088.5 -1.20001
2088.87 -1.187
2089.23 -1.17285
2089.6 -1.15794
2089.97 -1.14272
2090.33 -1.12766
2090.7 -1.11301
2091.06 -1.09885
2091.43 -1.08524
2091.8 -1.07217
2092.16 -1.05971
2092.53 -1.04798
2092.9 -1.03705
2093.26 -1.02692
2093.63 -1.01747
2093.99 -1.00547
2094.36 -0.996635
2094.73 -0.993233
2095.09 -0.984215
2095.46 -0.975067
2095.82 -0.965706
2096.19 -0.956032
2096.56 -0.945953
2096.92 -0.935394
2097.29 -0.924301
2097.66 -0.912651
2098.02 -0.900459
2098.39 -0.887794
2098.75 -0.874771
2099.12 -0.86158
2099.49 -0.848419
2099.85 -0.835548
2100.22 -0.815056
2100.59 -0.803177
2100.95 -0.791924
2101.32 -0.78373
2101.68 -0.773193
2102.05 -0.763336
2102.42 -0.754105
2102.78 -0.745438
2103.15 -0.737267
2103.52 -0.7295
2103.88 -0.722092
2104.25 -0.714966
2104.61 -0.708054
2104.98 -0.701263
2105.35 -0.694458
2105.71 -0.687538
2106.08 -0.680389
2106.45 -0.665352
2106.81 -0.657356
2107.18 -0.648972
2107.54 -0.640999
2107.91 -0.632095
2108.28 -0.62281
2108.64 -0.613129
2109.01 -0.602997
2109.37 -0.592354
2109.74 -0.581108
2110.11 -0.569275
2110.47 -0.556854
2110.84 -0.543892
2111.21 -0.530396
2111.57 -0.516373
2111.94 -0.501808
2112.3 -0.486771
2112.67 -0.466728
2113.04 -0.451729
2113.4 -0.43663
2113.77 -0.421455
2114.14 -0.420181
2114.5 -0.406036
2114.87 -0.39212
2115.23 -0.378738
2115.6 -0.366196
2115.97 -0.354652
2116.33 -0.344017
2116.7 -0.334114
2117.07 -0.324783
2117.43 -0.315941
2117.8 -0.307472
2118.16 -0.29921
2118.53 -0.290947
2118.9 -0.282425
2119.26 -0.2733
2119.63 -0.263756
2119.99 -0.253761
2120.36 -0.243408
2120.73 -0.242767
2121.09 -0.232422
2121.46 -0.222305
2121.83 -0.212845
2122.19 -0.204468
2122.56 -0.197464
2122.92 -0.191956
2123.29 -0.187973
2123.66 -0.185455
2124.02 -0.184364
2124.39 -0.184654
2124.76 -0.19249
2125.12 -0.196442
2125.49 -0.20163
2125.85 -0.208115
2126.22 -0.216057
2126.59 -0.225723
2126.95 -0.237473
2127.32 -0.252731
2127.69 -0.269089
2128.05 -0.288643
2128.42 -0.311577
2128.78 -0.337692
2129.15 -0.366158
2129.52 -0.395676
2129.88 -0.425026
2130.25 -0.453506
2130.61 -0.480736
2130.98 -0.525185
2131.35 -0.547623
2131.71 -0.568565
2132.08 -0.587997
2132.45 -0.605988
2132.81 -0.62265
2133.18 -0.638138
2133.54 -0.652626
2133.91 -0.661171
2134.28 -0.674545
2134.64 -0.687439
2135.01 -0.699959
2135.38 -0.712204
2135.74 -0.724251
2136.11 -0.736206
2136.47 -0.748177
2136.84 -0.760284
2137.21 -0.784927
2137.57 -0.79911
2137.94 -0.814369
2138.31 -0.831108
2138.67 -0.849731
2139.04 -0.870613
2139.4 -0.893898
2139.77 -0.919586
2140.14 -0.947365
2140.5 -0.977989
2140.87 -1.00372
2141.24 -1.0257
2141.6 -1.04436
2141.97 -1.06051
2142.33 -1.0748
2142.7 -1.0877
2143.07 -1.09948
2143.43 -1.11798
2143.8 -1.12693
2144.16 -1.13519
2144.53 -1.14278
2144.9 -1.14967
2145.26 -1.15579
2145.63 -1.16109
2146 -1.16551
2146.36 -1.16907
2146.73 -1.17061
2147.09 -1.17287
2147.46 -1.17448
2147.83 -1.17545
2148.19 -1.17583
2148.56 -1.17566
2148.93 -1.17496
2149.29 -1.17376
2149.66 -1.17216
2150.02 -1.17028
2150.39 -1.16808
2150.76 -1.16552
2151.12 -1.16261
2151.49 -1.15924
2151.86 -1.15525
2152.22 -1.15041
2152.59 -1.14455
2152.95 -1.1376
2153.32 -1.14124
2153.69 -1.13347
2154.05 -1.12524
2154.42 -1.11706
2154.78 -1.10928
2155.15 -1.10211
2155.52 -1.09747
2155.88 -1.09081
2156.25 -1.08446
2156.62 -1.07818
2156.98 -1.0717
2157.35 -1.06475
2157.71 -1.05713
2158.08 -1.04867
2158.45 -1.03928
2158.81 -1.02888
2159.18 -1.01746
2159.55 -1.00507
2159.91 -1.00222
2160.28 -0.988998
2160.64 -0.975258
2161.01 -0.961258
2161.38 -0.947273
2161.74 -0.932808
2162.11 -0.920403
2162.48 -0.908829
2162.84 -0.898163
2163.21 -0.888428
2163.57 -0.879593
2163.94 -0.871681
2164.31 -0.864769
2164.67 -0.858971
2165.04 -0.854263
2165.41 -0.850517
2165.77 -0.84745
2166.14 -0.844856
2166.5 -0.846054
2166.87 -0.843025
2167.24 -0.840302
2167.6 -0.837837
2167.97 -0.833801
2168.33 -0.831108
2168.7 -0.828377
2169.07 -0.8255
2169.43 -0.822433
2169.8 -0.819138
2170.17 -0.815605
2170.53 -0.811821
2170.9 -0.807762
2171.26 -0.803467
2171.63 -0.798927
2172 -0.794182
2172.36 -0.78923
2172.73 -0.784073
2173.1 -0.77597
2173.46 -0.770424
2173.83 -0.764679
2174.19 -0.750381
2174.56 -0.744301
2174.93 -0.73806
2175.29 -0.731697
2175.66 -0.72525
2176.03 -0.718697
2176.39 -0.711975
2176.76 -0.704994
2177.12 -0.697655
2177.49 -0.689888
2177.86 -0.681648
2178.22 -0.672943
2178.59 -0.663795
2178.95 -0.65419
2179.32 -0.645035
2179.69 -0.63485
2180.05 -0.624138
2180.42 -0.6035
2180.79 -0.591766
2181.15 -0.579781
2181.52 -0.56778
2181.88 -0.555969
2182.25 -0.544487
2182.62 -0.533356
2182.98 -0.522552
2183.35 -0.512054
2183.72 -0.501808
2184.08 -0.491745
2184.45 -0.481804
2184.81 -0.471855
2185.18 -0.461838
2185.55 -0.45166
2185.91 -0.441307
2186.28 -0.430984
2186.65 -0.410255
2187.01 -0.399323
2187.38 -0.387825
2187.74 -0.375671
2188.11 -0.362801
2188.48 -0.349159
2188.84 -0.334747
2189.21 -0.31955
2189.57 -0.303612
2189.94 -0.287025
2190.31 -0.270027
2190.67 -0.252945
2191.04 -0.236214
2191.41 -0.220184
2191.77 -0.205101
2192.14 -0.191071
2192.5 -0.175659
2192.87 -0.163902
2193.24 -0.153496
2193.6 -0.144516
2193.97 -0.137062
2194.34 -0.131241
2194.7 -0.127106
2195.07 -0.124664
2195.43 -0.123863
2195.8 -0.124557
2196.17 -0.126572
2196.53 -0.129684
2196.9 -0.133621
2197.27 -0.138
2197.63 -0.142395
2198 -0.146309
2198.36 -0.149376
2198.73 -0.150826
2199.1 -0.149651
2199.46 -0.149338
2199.83 -0.14814
2200.2 -0.146034
2200.56 -0.143021
2200.93 -0.139061
2201.29 -0.134163
2201.66 -0.128403
2202.03 -0.121948
2202.39 -0.115028
2202.76 -0.107887
2203.12 -0.100708
2203.49 -0.0935745
2203.86 -0.086525
2204.22 -0.0796051
2204.59 -0.0727768
2204.96 -0.0623322
2205.32 -0.0552139
2205.69 -0.0511932
2206.05 -0.0435181
2206.42 -0.0352859
2206.79 -0.026268
2207.15 -0.0161972
2207.52 -0.00486755
2207.89 0.00782776
2208.25 0.0218048
2208.62 0.0366287
2208.98 0.0515213
2209.35 0.0657043
2209.72 0.0788269
2210.08 0.0909195
2210.45 0.102234
2210.82 0.113075
2211.18 0.129227
2211.55 0.139694
2211.91 0.150261
2212.28 0.155457
2212.65 0.166046
2213.01 0.176659
2213.38 0.18721
2213.74 0.197647
2214.11 0.207947
2214.48 0.218109
2214.84 0.228157
2215.21 0.238068
2215.58 0.247841
2215.94 0.257439
2216.31 0.266823
2216.67 0.275963
2217.04 0.284843
2217.41 0.29892
2217.77 0.307251
2218.14 0.315292
2218.51 0.320419
2218.87 0.327957
2219.24 0.335075
2219.6 0.341713
2219.97 0.347862
2220.34 0.353539
2220.7 0.358757
2221.07 0.363525
2221.44 0.367805
2221.8 0.371536
2222.17 0.374718
2222.53 0.37738
2222.9 0.379601
2223.27 0.384293
2223.63 0.385635
2224 0.386681
2224.36 0.387459
2224.73 0.387993
2225.1 0.38932
2225.46 0.389175
2225.83 0.388809
2226.2 0.388275
2226.56 0.387589
2226.93 0.386742
2227.29 0.385696
2227.66 0.384354
2228.03 0.382637
2228.39 0.380486
2228.76 0.377884
2229.13 0.374802
2229.49 0.365364
2229.86 0.360298
2230.22 0.354645
2230.59 0.348663
2230.96 0.342819
2231.32 0.337677
2231.69 0.329124
2232.06 0.325645
2232.42 0.323479
2232.79 0.322594
2233.15 0.322914
2233.52 0.324295
2233.89 0.32653
2234.25 0.329369
2234.62 0.332626
2234.99 0.336212
2235.35 0.340096
2235.72 0.340042
2236.08 0.344383
2236.45 0.348793
2236.82 0.353149
2237.18 0.357376
2237.55 0.36142
2237.91 0.365257
2238.28 0.359825
2238.65 0.36348
2239.01 0.366936
2239.38 0.370148
2239.75 0.373116
2240.11 0.375938
2240.48 0.378838
2240.84 0.382004
2241.21 0.385521
2241.58 0.389313
2241.94 0.389442
2242.31 0.392937
2242.68 0.395844
2243.04 0.398048
2243.41 0.399605
2243.77 0.400551
2244.14 0.400909
2244.51 0.400681
2244.87 0.39682
2245.24 0.395752
2245.61 0.393951
2245.97 0.391296
2246.34 0.387688
2246.7 0.383026
2247.07 0.377197
2247.44 0.370117
2247.8 0.361618
2248.17 0.339073
2248.53 0.324837
2248.9 0.307663
2249.27 0.286835
2249.63 0.261932
2250 0.235016
2250.37 0.210518
2250.73 0.189751
2251.1 0.171669
2251.46 0.15654
2251.83 0.143387
2252.2 0.131836
2252.56 0.121674
2252.93 0.112732
2253.3 0.104858
2253.66 0.097847
2254.03 0.0914917
2254.39 0.0764542
2254.76 0.0705643
2255.13 0.0649796
2255.49 0.059845
2255.86 0.0552902
2256.23 0.0513382
2256.59 0.047905
2256.96 0.0448685
2257.32 0.0421982
2257.69 0.0348511
2258.06 0.0330734
2258.42 0.0317917
2258.79 0.0310593
2259.16 0.0308838
2259.52 0.0312729
2259.89 0.0322952
2260.25 0.0296631
2260.62 0.0326233
2260.99 0.0362778
2261.35 0.0403442
2261.72 0.0443726
2262.08 0.0479202
2262.45 0.0506363
2262.82 0.0523071
2263.18 0.0528641
2263.55 0.0523071
2263.92 0.050705
2264.28 0.0483398
2264.65 0.0453186
2265.01 0.0413055
2265.38 0.036377
2265.75 0.0306396
2266.11 0.0242233
2266.48 0.0112228
2266.85 0.00348663
2267.21 -0.00426483
2267.58 -0.0117722
2267.94 -0.0187836
2268.31 -0.0250778
2268.68 -0.0304413
2269.04 -0.0346375
2269.41 -0.0374908
2269.78 -0.0389252
2270.14 -0.0390244
2270.51 -0.0379486
2270.87 -0.0408249
2271.24 -0.0381775
2271.61 -0.0348969
2271.97 -0.0312195
2272.34 -0.0273514
2272.7 -0.0233688
2273.07 -0.0193329
2273.44 -0.0154953
2273.8 -0.0118713
2274.17 -0.00843048
2274.54 -0.00521088
2274.9 -0.00223541
2275.27 0.000427246
2275.63 0.00272369
2276 0.00465393
2276.37 0.00630188
2276.73 0.00775146
2277.1 0.00914764
2277.47 0.00823975
2277.83 0.00970459
2278.2 0.0111465
2278.56 0.0124664
2278.93 0.0130386
2279.3 0.0141449
2279.66 0.015213
2280.03 0.0162735
2280.4 0.0172806
2280.76 0.0181122
2281.13 0.0186234
2281.49 0.0187225
2281.86 0.0183487
2282.23 0.0174561
2282.59 0.0160141
2282.96 0.0139084
2283.32 0.0110397
2283.69 0.00954437
2284.06 0.00505829
2284.42 -0.000572205
2284.79 -0.00745392
2285.16 -0.0232239
2285.52 -0.0351715
2285.89 -0.0494461
2286.25 -0.066452
2286.62 -0.0865784
2286.99 -0.110146
2287.35 -0.137581
2287.72 -0.169334
2288.09 -0.203995
2288.45 -0.235664
2288.82 -0.262108
2289.18 -0.28421
2289.55 -0.302979
2289.92 -0.319199
2290.28 -0.329536
2290.65 -0.341934
2291.02 -0.358269
2291.38 -0.366516
2291.75 -0.373695
2292.11 -0.379997
2292.48 -0.385651
2292.85 -0.390961
2293.21 -0.396172
2293.58 -0.401466
2293.95 -0.406952
2294.31 -0.412651
2294.68 -0.418602
2295.04 -0.424812
2295.41 -0.431274
2295.78 -0.437943
2296.14 -0.444748
2296.51 -0.451538
2296.87 -0.450455
2297.24 -0.455811
2297.61 -0.462364
2297.97 -0.468925
2298.34 -0.475456
2298.71 -0.481895
2299.07 -0.488182
2299.44 -0.494286
2299.8 -0.500259
2300.17 -0.506187
2300.54 -0.512123
2300.9 -0.518089
2301.27 -0.524078
2301.64 -0.530052
2302 -0.53611
2302.37 -0.542458
2302.73 -0.549431
2303.1 -0.557404
2303.47 -0.57135
2303.83 -0.582901
2304.2 -0.596329
2304.57 -0.611816
2304.93 -0.629402
2305.3 -0.648972
2305.66 -0.670151
2306.03 -0.692307
2306.4 -0.714676
2306.76 -0.73658
2307.13 -0.757561
2307.49 -0.777374
2307.86 -0.79599
2308.23 -0.813438
2308.59 -0.829842
2308.96 -0.845268
2309.33 -0.859802
2309.69 -0.878075
2310.06 -0.88192
2310.42 -0.893089
2310.79 -0.903419
2311.16 -0.912964
2311.52 -0.921776
2311.89 -0.929947
2312.26 -0.937584
2312.62 -0.944817
2312.99 -0.951775
2313.35 -0.958588
2313.72 -0.965363
2314.09 -0.972183
2314.45 -0.979141
2314.82 -0.98629
2315.19 -0.993721
2315.55 -1.0015
2315.92 -1.01064
2316.28 -1.01987
2316.65 -1.02222
2317.02 -1.03281
2317.38 -1.04394
2317.75 -1.05557
2318.11 -1.06763
2318.48 -1.08009
2318.85 -1.09296
2319.21 -1.10625
2319.58 -1.12004
2319.95 -1.13442
2320.31 -1.14956
2320.68 -1.16563
2321.04 -1.18286
2321.41 -1.20153
2321.78 -1.22183
2322.14 -1.26419
2322.51 -1.2904
2322.88 -1.31496
2323.24 -1.3469
2323.61 -1.37989
2323.97 -1.41013
2324.34 -1.43671
2324.71 -1.46014
2325.07 -1.48095
2325.44 -1.49957
2325.81 -1.51623
2326.17 -1.53119
2326.54 -1.54466
2326.9 -1.55686
2327.27 -1.56799
2327.64 -1.57822
2328 -1.58884
2328.37 -1.59709
2328.74 -1.60479
2329.1 -1.61202
2329.47 -1.61179
2329.83 -1.61862
2330.2 -1.62535
2330.57 -1.63217
2330.93 -1.63932
2331.3 -1.64706
2331.66 -1.65562
2332.03 -1.66518
2332.4 -1.67584
2332.76 -1.68761
2333.13 -1.70049
2333.5 -1.71437
2333.86 -1.72913
2334.23 -1.7509
2334.59 -1.7673
2334.96 -1.78405
2335.33 -1.80099
2335.69 -1.81799
2336.06 -1.82506
2336.43 -1.84213
2336.79 -1.85921
2337.16 -1.87622
2337.52 -1.89302
2337.89 -1.90939
2338.26 -1.92516
2338.62 -1.94022
2338.99 -1.95458
2339.36 -1.96823
2339.72 -1.98122
2340.09 -1.99355
2340.45 -2.0099
2340.82 -2.02081
2341.19 -2.03129
2341.55 -2.04134
2341.92 -2.05089
2342.28 -2.05984
2342.65 -2.06422
2343.02 -2.07249
2343.38 -2.08018
2343.75 -2.08743
2344.12 -2.09435
2344.48 -2.10111
2344.85 -2.1078
2345.21 -2.11447
2345.58 -2.12112
2345.95 -2.12775
2346.31 -2.13434
2346.68 -2.14394
2347.05 -2.15017
2347.41 -2.15637
2347.78 -2.16249
2348.14 -2.1685
2348.51 -2.17439
2348.88 -2.18014
2349.24 -2.18172
2349.61 -2.18716
2349.98 -2.19242
2350.34 -2.19743
2350.71 -2.20213
2351.07 -2.2065
2351.44 -2.21057
2351.81 -2.21444
2352.17 -2.2182
2352.54 -2.22198
2352.91 -2.22409
2353.27 -2.22832
2353.64 -2.23302
2354 -2.23833
2354.37 -2.24429
2354.74 -2.25095
2355.1 -2.25828
2355.47 -2.25774
2355.83 -2.26603
2356.2 -2.27489
2356.57 -2.28426
2356.93 -2.29411
2357.3 -2.3044
2357.67 -2.31508
2358.03 -2.32608
2358.4 -2.3373
2358.76 -2.35052
2359.13 -2.36176
2359.5 -2.3729
2359.86 -2.3839
2360.23 -2.39473
2360.6 -2.40538
2360.96 -2.41583
2361.33 -2.42606
2361.69 -2.43602
2362.06 -2.43691
2362.43 -2.44659
2362.79 -2.45618
2363.16 -2.46584
2363.53 -2.47572
2363.89 -2.48593
2364.26 -2.49655
2364.62 -2.50761
2364.99 -2.5213
2365.36 -2.53308
2365.72 -2.54498
2366.09 -2.55692
2366.45 -2.56892
2366.82 -2.58099
2367.19 -2.59317
2367.55 -2.60551
2367.92 -2.61805
2368.29 -2.63083
2368.65 -2.63436
2369.02 -2.64792
2369.38 -2.6619
2369.75 -2.67644
2370.12 -2.69168
2370.48 -2.70782
2370.85 -2.72504
2371.22 -2.75648
2371.58 -2.77924
2371.95 -2.80507
2372.31 -2.83585
2372.68 -2.87693
2373.05 -2.92168
2373.41 -2.9529
2373.78 -2.97772
2374.15 -2.99824
2374.51 -3.0154
2374.88 -3.02979
2375.24 -3.04132
2375.61 -3.05152
2375.98 -3.06019
2376.34 -3.0677
2376.71 -3.07425
2377.07 -3.07996
2377.44 -3.08604
2377.81 -3.08944
2378.17 -3.09244
2378.54 -3.09516
2378.91 -3.09769
2379.27 -3.10006
2379.64 -3.10227
2380 -3.1043
2380.37 -3.10611
2380.74 -3.10762
2381.1 -3.10874
2381.47 -3.10936
2381.84 -3.1055
2382.2 -3.1049
2382.57 -3.10352
2382.93 -3.10126
2383.3 -3.09806
2383.67 -3.08731
2384.03 -3.08176
2384.4 -3.07513
2384.77 -3.06748
2385.13 -3.05891
2385.5 -3.04951
2385.86 -3.03943
2386.23 -3.02872
2386.6 -3.01743
2386.96 -3.00545
2387.33 -2.99266
2387.7 -2.97884
2388.06 -2.96376
2388.43 -2.96124
2388.79 -2.94533
2389.16 -2.92769
2389.53 -2.90839
2389.89 -2.88795
2390.26 -2.86768
2390.62 -2.84827
2390.99 -2.83029
2391.36 -2.81404
2391.72 -2.79966
2392.09 -2.78722
2392.46 -2.77679
2392.82 -2.76844
2393.19 -2.76223
2393.55 -2.75815
2393.92 -2.75616
2394.29 -2.75609
2394.65 -2.76307
2395.02 -2.76586
2395.39 -2.77008
2395.75 -2.78474
2396.12 -2.78922
2396.48 -2.79268
2396.85 -2.79497
2397.22 -2.79614
2397.58 -2.79628
2397.95 -2.79544
2398.32 -2.79367
2398.68 -2.79102
2399.05 -2.78753
2399.41 -2.78327
2399.78 -2.77824
2400.15 -2.77243
2400.51 -2.76585
2400.88 -2.75865
2401.24 -2.77134
2401.61 -2.76704
2401.98 -2.78854
2402.34 -2.78838
2402.71 -2.78374
2403.08 -2.77773
2403.44 -2.7727
2403.81 -2.76915
2404.17 -2.76694
2404.54 -2.76584
2404.91 -2.76568
2405.27 -2.76643
2405.64 -2.76816
2406.01 -2.77094
2406.37 -2.7748
2406.74 -2.77968
2407.1 -2.78544
2407.47 -2.79187
2407.84 -2.80006
2408.2 -2.81419
2408.57 -2.8202
2408.94 -2.82578
2409.3 -2.83082
2409.67 -2.83517
2410.03 -2.83881
2410.4 -2.84165
2410.77 -2.84363
2411.13 -2.84469
2411.5 -2.84478
2411.86 -2.84387
2412.23 -2.84198
2412.6 -2.83913
2412.96 -2.8354
2413.33 -2.83084
2413.7 -2.82549
2414.06 -2.81934
2414.43 -2.80335
2414.79 -2.79568
2415.16 -2.78723
2415.53 -2.77805
2415.89 -2.76825
2416.26 -2.75802
2416.63 -2.74751
2416.99 -2.7368
2417.36 -2.72594
2417.72 -2.71499
2418.09 -2.70403
2418.46 -2.69322
2418.82 -2.68277
2419.19 -2.67278
2419.56 -2.66328
2419.92 -2.65422
2420.29 -2.64554
2420.65 -2.62741
2421.02 -2.61764
2421.39 -2.60972
2421.75 -2.60223
2422.12 -2.59527
2422.49 -2.58887
2422.85 -2.58307
2423.22 -2.57783
2423.58 -2.57304
2423.95 -2.56862
2424.32 -2.56445
2424.68 -2.56043
2425.05 -2.55653
2425.41 -2.5526
2425.78 -2.54856
2426.15 -2.54426
2426.51 -2.53213
2426.88 -2.5269
2427.25 -2.51955
2427.61 -2.51364
2427.98 -2.50703
2428.34 -2.49982
2428.71 -2.49212
2429.08 -2.48415
2429.44 -2.47617
2429.81 -2.46841
2430.18 -2.46119
2430.54 -2.4548
2430.91 -2.44953
2431.27 -2.44568
2431.64 -2.44347
2432.01 -2.44306
2432.37 -2.44466
2432.74 -2.45135
2433.11 -2.45953
2433.47 -2.47003
2433.84 -2.47805
2434.2 -2.49067
2434.57 -2.50341
2434.94 -2.51585
2435.3 -2.52782
2435.67 -2.53931
2436.03 -2.55038
2436.4 -2.56123
2436.77 -2.57197
2437.13 -2.58267
2437.5 -2.59328
2437.87 -2.60366
2438.23 -2.61359
2438.6 -2.62295
2438.96 -2.62981
2439.33 -2.63696
2439.7 -2.64346
2440.06 -2.64936
2440.43 -2.64483
2440.8 -2.64978
2441.16 -2.65437
2441.53 -2.65871
2441.89 -2.66284
2442.26 -2.66689
2442.63 -2.67095
2442.99 -2.67514
2443.36 -2.67956
2443.73 -2.68428
2444.09 -2.68933
2444.46 -2.69468
2444.82 -2.70024
2445.19 -2.70109
2445.56 -2.70689
2445.92 -2.71277
2446.29 -2.7187
2446.66 -2.72466
2447.02 -2.71955
2447.39 -2.72545
2447.75 -2.73135
2448.12 -2.73727
2448.49 -2.74328
2448.85 -2.74937
2449.22 -2.75558
2449.58 -2.76189
2449.95 -2.76833
2450.32 -2.77487
2450.68 -2.78149
2451.05 -2.78811
2451.42 -2.78896
2451.78 -2.7952
2452.15 -2.80125
2452.51 -2.80711
2452.88 -2.81274
2453.25 -2.81813
2453.61 -2.81102
2453.98 -2.81594
2454.35 -2.82062
2454.71 -2.82507
2455.08 -2.82938
2455.44 -2.83363
2455.81 -2.83788
2456.18 -2.84223
2456.54 -2.84674
2456.91 -2.8515
2457.28 -2.85656
2457.64 -2.85528
2458.01 -2.86123
2458.37 -2.86737
2458.74 -2.8736
2459.11 -2.87981
2459.47 -2.88589
2459.84 -2.89172
2460.2 -2.88625
2460.57 -2.89172
2460.94 -2.89677
2461.3 -2.90137
2461.67 -2.90547
2462.04 -2.9091
2462.4 -2.91225
2462.77 -2.91502
2463.13 -2.91747
2463.5 -2.91659
2463.87 -2.91943
2464.23 -2.92221
2464.6 -2.92498
2464.97 -2.92776
2465.33 -2.93063
2465.7 -2.93368
2466.06 -2.937
2466.43 -2.93913
2466.8 -2.94315
2467.16 -2.94783
2467.53 -2.95345
2467.9 -2.96021
2468.26 -2.96821
2468.63 -2.97753
2468.99 -2.9883
2469.36 -3.00073
2469.73 -3.026
2470.09 -3.04616
2470.46 -3.07039
2470.82 -3.09772
2471.19 -3.12379
2471.56 -3.14627
2471.92 -3.16537
2472.29 -3.18166
2472.66 -3.19565
2473.02 -3.20053
2473.39 -3.21116
2473.75 -3.22053
2474.12 -3.22887
2474.49 -3.23636
2474.85 -3.24316
2475.22 -3.2494
2475.59 -3.25521
2475.95 -3.25787
2476.32 -3.2624
2476.68 -3.26653
2477.05 -3.27028
2477.42 -3.27365
2477.78 -3.2767
2478.15 -3.27943
2478.52 -3.28188
2478.88 -3.284
2479.25 -3.28582
2479.61 -3.27793
2479.98 -3.27905
2480.35 -3.27988
2480.71 -3.28045
2481.08 -3.28072
2481.45 -3.28067
2481.81 -3.28026
2482.18 -3.26919
2482.54 -3.26784
2482.91 -3.26624
2483.28 -3.26449
2483.64 -3.26269
2484.01 -3.26091
2484.37 -3.25927
2484.74 -3.25785
2485.11 -3.25677
2485.47 -3.25612
2485.84 -3.25597
2486.21 -3.24745
2486.57 -3.24837
2486.94 -3.24988
2487.3 -3.25195
2487.67 -3.25455
2488.04 -3.25758
2488.4 -3.25516
2488.77 -3.2589
2489.14 -3.26271
2489.5 -3.26653
2489.87 -3.27029
2490.23 -3.2739
2490.6 -3.27727
2490.97 -3.28029
2491.33 -3.28289
2491.7 -3.28505
2492.07 -3.28683
2492.43 -3.28831
2492.8 -3.28163
2493.16 -3.28287
2493.53 -3.28401
2493.9 -3.28511
2494.26 -3.27955
2494.63 -3.28055
2494.99 -3.28139
2495.36 -3.28202
2495.73 -3.28239
2496.09 -3.28243
2496.46 -3.28214
2496.83 -3.28149
2497.19 -3.28046
2497.56 -3.27902
2497.92 -3.27719
2498.29 -3.27497
2498.66 -3.27244
2499.02 -3.26546
2499.39 -3.26287
2499.76 -3.26012
2500.12 -3.25719
2500.49 -3.24799
2500.85 -3.24457
2501.22 -3.24064
2501.59 -3.23615
2501.95 -3.23104
2502.32 -3.22525
2502.69 -3.21866
2503.05 -3.21118
2503.42 -3.20282
2503.78 -3.19377
2504.15 -3.18443
2504.52 -3.17531
2504.88 -3.16676
2505.25 -3.159
2505.61 -3.15424
2505.98 -3.14765
2506.35 -3.14193
2506.71 -3.13379
2507.08 -3.12994
2507.45 -3.12665
2507.81 -3.12381
2508.18 -3.12132
2508.54 -3.11913
2508.91 -3.11715
2509.28 -3.11533
2509.64 -3.11362
2510.01 -3.11194
2510.38 -3.1103
2510.74 -3.10872
2511.11 -3.10722
2511.47 -3.10585
2511.84 -3.10472
2512.21 -3.10441
2512.57 -3.1041
2512.94 -3.10583
2513.31 -3.10764
2513.67 -3.11034
2514.04 -3.11385
2514.4 -3.118
2514.77 -3.12255
2515.14 -3.1272
2515.5 -3.13163
2515.87 -3.13553
2516.24 -3.13872
2516.6 -3.14114
2516.97 -3.14281
2517.33 -3.1438
2517.7 -3.14413
2518.07 -3.14381
2518.43 -3.14285
2518.8 -3.13998
2519.16 -3.13396
2519.53 -3.13076
2519.9 -3.12696
2520.26 -3.1225
2520.63 -3.11726
2521 -3.11118
2521.36 -3.10417
2521.73 -3.09621
2522.09 -3.08727
2522.46 -3.07737
2522.83 -3.06644
2523.19 -3.05441
2523.56 -3.04104
2523.93 -3.02593
2524.29 -3.00855
2524.66 -2.9882
2525.02 -2.96446
2525.39 -2.9549
2525.76 -2.93015
2526.12 -2.90769
2526.49 -2.88866
2526.86 -2.87253
2527.22 -2.85874
2527.59 -2.84684
2527.95 -2.83652
2528.32 -2.8275
2528.69 -2.81954
2529.05 -2.81242
2529.42 -2.8059
2529.78 -2.79979
2530.15 -2.79389
2530.52 -2.78805
2530.88 -2.78219
2531.25 -2.77552
2531.62 -2.76992
2531.98 -2.76954
2532.35 -2.76469
2532.71 -2.76061
2533.08 -2.75751
2533.45 -2.75552
2533.81 -2.75475
2534.18 -2.7553
2534.55 -2.75728
2534.91 -2.76074
2535.28 -2.76566
2535.64 -2.77184
2536.01 -2.77891
2536.38 -2.78632
2536.74 -2.7935
2537.11 -2.8
2537.48 -2.80959
2537.84 -2.81283
2538.21 -2.81408
2538.57 -2.81537
2538.94 -2.81612
2539.31 -2.81638
2539.67 -2.81618
2540.04 -2.81559
2540.41 -2.81463
2540.77 -2.81334
2541.14 -2.81179
2541.5 -2.81003
2541.87 -2.80812
2542.24 -2.80609
2542.6 -2.80396
2542.97 -2.80176
2543.33 -2.7995
2543.7 -2.79687
2544.07 -2.79514
2544.43 -2.7935
2544.8 -2.79463
2545.17 -2.7935
2545.53 -2.79241
2545.9 -2.79132
2546.26 -2.79016
2546.63 -2.78893
2547 -2.78765
2547.36 -2.78643
2547.73 -2.78539
2548.1 -2.7846
2548.46 -2.78412
2548.83 -2.78397
2549.19 -2.78417
2549.56 -2.78478
2549.93 -2.78436
2550.29 -2.78576
2550.66 -2.78745
2551.03 -2.78928
2551.39 -2.78741
2551.76 -2.78905
2552.12 -2.79066
2552.49 -2.7922
2552.86 -2.79369
2553.22 -2.7951
2553.59 -2.79641
2553.95 -2.79756
2554.32 -2.79852
2554.69 -2.79931
2555.05 -2.79997
2555.42 -2.8006
2555.79 -2.80128
2556.15 -2.80004
2556.52 -2.80067
2556.88 -2.80122
2557.25 -2.80168
2557.62 -2.8021
2557.98 -2.7996
2558.35 -2.80012
2558.72 -2.80083
2559.08 -2.8018
2559.45 -2.80312
2559.81 -2.80482
2560.18 -2.80703
2560.55 -2.80986
2560.91 -2.81349
2561.28 -2.81814
2561.65 -2.82405
2562.01 -2.83754
2562.38 -2.84859
2562.74 -2.86033
2563.11 -2.8708
2563.48 -2.87856
2563.84 -2.88317
2564.21 -2.8847
2564.57 -2.88491
2564.94 -2.8822
2565.31 -2.87696
2565.67 -2.86916
2566.04 -2.8587
2566.41 -2.84548
2566.77 -2.82935
2567.14 -2.81012
2567.5 -2.78749
2567.87 -2.76105
2568.24 -2.72777
2568.6 -2.70152
2568.97 -2.67996
2569.34 -2.66235
2569.7 -2.64789
2570.07 -2.63596
2570.43 -2.62624
2570.8 -2.62327
2571.17 -2.61601
2571.53 -2.61073
2571.9 -2.60735
2572.27 -2.60578
2572.63 -2.60592
2573 -2.60757
2573.36 -2.61054
2573.73 -2.61457
2574.1 -2.61937
2574.46 -2.62667
2574.83 -2.63139
2575.2 -2.63543
2575.56 -2.63859
2575.93 -2.64078
2576.29 -2.64202
2576.66 -2.64241
2577.03 -2.64209
2577.39 -2.6377
2577.76 -2.6363
2578.12 -2.63457
2578.49 -2.63254
2578.86 -2.63022
2579.22 -2.62757
2579.59 -2.62453
2579.96 -2.62103
2580.32 -2.61704
2580.69 -2.60506
2581.05 -2.59974
2581.42 -2.59381
2581.79 -2.58726
2582.15 -2.58003
2582.52 -2.57217
2582.89 -2.56367
2583.25 -2.5546
2583.62 -2.54496
2583.98 -2.53594
2584.35 -2.52557
2584.72 -2.51449
2585.08 -2.50257
2585.45 -2.48968
2585.82 -2.47567
2586.18 -2.46044
2586.55 -2.44391
2586.91 -2.41575
2587.28 -2.39633
2587.65 -2.37562
2588.01 -2.35391
2588.38 -2.3317
2588.74 -2.30962
2589.11 -2.28819
2589.48 -2.2678
2589.84 -2.24863
2590.21 -2.23076
2590.58 -2.22073
2590.94 -2.20442
2591.31 -2.18941
2591.67 -2.17561
2592.04 -2.16299
2592.41 -2.15157
2592.77 -2.14134
2593.14 -2.12595
2593.51 -2.11901
2593.87 -2.1135
2594.24 -2.10941
2594.6 -2.10671
2594.97 -2.10533
2595.34 -2.10516
2595.7 -2.10597
2596.07 -2.10747
2596.44 -2.1092
2596.8 -2.11073
2597.17 -2.10983
2597.53 -2.11023
2597.9 -2.10994
2598.27 -2.10895
2598.63 -2.10723
2599 -2.10058
2599.36 -2.09695
2599.73 -2.09252
2600.1 -2.0872
2600.46 -2.08091
2600.83 -2.0736
2601.2 -2.06526
2601.56 -2.05589
2601.93 -2.04551
2602.29 -2.03417
2602.66 -2.02186
2603.03 -2.00858
2603.39 -1.99428
2603.76 -1.98793
2604.13 -1.97267
2604.49 -1.95641
2604.86 -1.93916
2605.22 -1.91479
2605.59 -1.89549
2605.96 -1.87505
2606.32 -1.85337
2606.69 -1.83034
2607.06 -1.80566
2607.42 -1.77888
2607.79 -1.7498
2608.15 -1.72038
2608.52 -1.69395
2608.89 -1.6712
2609.25 -1.65158
2609.62 -1.63445
2609.99 -1.62927
2610.35 -1.61405
2610.72 -1.60053
2611.08 -1.58846
2611.45 -1.57166
2611.82 -1.56176
2612.18 -1.55276
2612.55 -1.54449
2612.91 -1.53689
2613.28 -1.52989
2613.65 -1.52344
2614.01 -1.51749
2614.38 -1.51194
2614.75 -1.50665
2615.11 -1.50144
2615.48 -1.49615
2615.84 -1.49064
2616.21 -1.48475
2616.58 -1.4793
2616.94 -1.47272
2617.31 -1.46545
2617.68 -1.45094
2618.04 -1.44164
2618.41 -1.4313
2618.77 -1.41992
2619.14 -1.40751
2619.51 -1.39413
2619.87 -1.37992
2620.24 -1.36497
2620.61 -1.34939
2620.97 -1.33324
2621.34 -1.31666
2621.7 -1.29969
2622.07 -1.28236
2622.44 -1.26466
2622.8 -1.24659
2623.17 -1.23552
2623.53 -1.2169
2623.9 -1.18652
2624.27 -1.16748
2624.63 -1.14851
2625 -1.12969
2625.37 -1.11107
2625.73 -1.09267
2626.1 -1.07452
2626.46 -1.0567
2626.83 -1.03921
2627.2 -1.022
2627.56 -1.00504
2627.93 -0.988213
2628.3 -0.971466
2628.66 -0.954803
2629.03 -0.938248
2629.39 -0.921829
2629.76 -0.900146
2630.13 -0.884361
2630.49 -0.868797
2630.86 -0.853462
2631.23 -0.838402
2631.59 -0.823692
2631.96 -0.809509
2632.32 -0.796036
2632.69 -0.783394
2633.06 -0.771667
2633.42 -0.760857
2633.79 -0.750893
2634.16 -0.741714
2634.52 -0.733215
2634.89 -0.725296
2635.25 -0.717804
2635.62 -0.710617
2635.99 -0.699905
2636.35 -0.695999
2636.72 -0.688423
2637.08 -0.680641
2637.45 -0.67263
2637.82 -0.664429
2638.18 -0.65612
2638.55 -0.647812
2638.92 -0.639534
2639.28 -0.631317
2639.65 -0.623138
2640.01 -0.614967
2640.38 -0.606735
2640.75 -0.598404
2641.11 -0.589943
2641.48 -0.581291
2641.85 -0.572433
2642.21 -0.554741
2642.58 -0.546165
2642.94 -0.536842
2643.31 -0.527313
2643.68 -0.517593
2644.04 -0.507645
2644.41 -0.49749
2644.78 -0.487106
2645.14 -0.476501
2645.51 -0.465675
2645.87 -0.454643
2646.24 -0.443436
2646.61 -0.432114
2646.97 -0.420769
2647.34 -0.409477
2647.7 -0.398315
2648.07 -0.387344
2648.44 -0.370148
2648.8 -0.360023
2649.17 -0.354233
2649.54 -0.344994
2649.9 -0.33638
2650.27 -0.328484
2650.63 -0.321365
2651 -0.315071
2651.37 -0.30954
2651.73 -0.304657
2652.1 -0.300262
2652.47 -0.296165
2652.83 -0.292168
2653.2 -0.288147
2653.56 -0.284004
2653.93 -0.279701
2654.3 -0.27523
2654.66 -0.270859
2655.03 -0.266479
2655.4 -0.262375
2655.76 -0.263351
2656.13 -0.260033
2656.49 -0.257118
2656.86 -0.254501
2657.23 -0.252007
2657.59 -0.249443
2657.96 -0.24659
2658.32 -0.243179
2658.69 -0.23896
2659.06 -0.233727
2659.42 -0.22728
2659.79 -0.21946
2660.16 -0.210091
2660.52 -0.196976
2660.89 -0.183235
2661.25 -0.16732
2661.62 -0.148979
2661.99 -0.127754
2662.35 -0.123146
2662.72 -0.0978699
2663.09 -0.0672379
2663.45 -0.0264511
2663.82 0.0185928
2664.18 0.052597
2664.55 0.0818939
2664.92 0.108276
2665.28 0.132416
2665.65 0.154579
2666.02 0.174904
2666.38 0.193535
2666.75 0.216805
2667.11 0.232323
2667.48 0.246429
2667.85 0.259186
2668.21 0.270683
2668.58 0.281013
2668.95 0.286064
2669.31 0.295029
2669.68 0.303032
2670.04 0.310181
2670.41 0.316597
2670.78 0.322395
2671.14 0.327698
2671.51 0.332611
2671.87 0.337219
2672.24 0.34156
2672.61 0.345612
2672.97 0.351814
2673.34 0.354942
2673.71 0.357475
2674.07 0.359383
2674.44 0.360687
2674.8 0.36142
2675.17 0.361664
2675.54 0.363228
2675.9 0.362984
2676.27 0.362518
2676.64 0.361938
2677 0.361366
2677.37 0.360916
2677.73 0.360672
2678.1 0.360741
2678.47 0.361153
2678.83 0.361961
2679.2 0.364777
2679.57 0.366325
2679.93 0.368423
2680.3 0.371239
2680.66 0.374924
2681.03 0.379578
2681.4 0.385239
2681.76 0.38855
2682.13 0.395599
2682.49 0.403442
2682.86 0.411949
2683.23 0.421036
2683.59 0.430656
2683.96 0.440788
2684.33 0.451416
2684.69 0.462532
2685.06 0.474167
2685.42 0.493477
2685.79 0.506462
2686.16 0.520195
2686.52 0.534752
2686.89 0.550201
2687.26 0.566551
2687.62 0.583809
2687.99 0.601898
2688.35 0.608658
2688.72 0.627235
2689.09 0.646141
2689.45 0.66478
2689.82 0.68261
2690.19 0.69931
2690.55 0.714867
2690.92 0.729416
2691.28 0.743111
2691.65 0.760162
2692.02 0.772339
2692.38 0.784172
2692.75 0.795868
2693.11 0.807678
2693.48 0.819901
2693.85 0.832817
2694.21 0.846733
2694.58 0.861977
2694.95 0.863403
2695.31 0.879982
2695.68 0.89888
2696.04 0.920883
2696.41 0.946213
2696.78 0.971001
2697.14 0.991425
2697.51 1.00412
2697.88 1.01633
2698.24 1.02575
2698.61 1.03268
2698.97 1.03725
2699.34 1.0395
2699.71 1.03951
2700.07 1.03738
2700.44 1.03342
2700.81 1.02846
2701.17 1.0238
2701.54 1.00896
2701.9 1.0076
2702.27 1.00809
2702.64 1.01005
2703 1.01306
2703.37 1.01675
2703.74 1.01498
2704.1 1.01955
2704.47 1.0237
2704.83 1.02729
2705.2 1.03024
2705.57 1.03253
2705.93 1.03412
2706.3 1.03499
2706.66 1.03513
2707.03 1.03455
2707.4 1.03334
2707.76 1.03157
2708.13 1.03005
2708.5 1.02801
2708.86 1.02548
2709.23 1.0225
2709.59 1.01904
2709.96 1.01343
2710.33 1.00874
2710.69 1.00352
2711.06 0.99781
2711.43 0.991669
2711.79 0.985146
2712.16 0.978294
2712.52 0.971107
2712.89 0.963547
2713.26 0.955551
2713.62 0.94709
2713.99 0.938171
2714.36 0.93338
2714.72 0.92366
2715.09 0.913445
2715.45 0.902588
2715.82 0.890823
2716.19 0.867699
2716.55 0.850784
2716.92 0.831039
2717.28 0.80793
2717.65 0.782539
2718.02 0.758713
2718.38 0.738228
2718.75 0.720711
2719.12 0.705582
2719.48 0.69236
2719.85 0.680664
2720.21 0.670235
2720.58 0.660828
2720.95 0.656319
2721.31 0.648308
2721.68 0.640869
2722.05 0.633919
2722.41 0.624557
2722.78 0.618568
2723.14 0.612885
2723.51 0.607437
2723.88 0.602119
2724.24 0.596832
2724.61 0.591492
2724.98 0.586029
2725.34 0.580421
2725.71 0.574669
2726.07 0.568802
2726.44 0.562881
2726.81 0.556938
2727.17 0.551033
2727.54 0.547218
2727.91 0.541077
2728.27 0.530258
2728.64 0.524261
2729 0.518883
2729.37 0.514427
2729.74 0.511192
2730.1 0.509499
2730.47 0.509621
2730.83 0.511871
2731.2 0.516418
2731.57 0.52317
2731.93 0.531654
2732.3 0.541115
2732.67 0.55088
2733.03 0.560547
2733.4 0.569908
2733.76 0.578934
2734.13 0.580215
2734.5 0.591553
2734.86 0.600883
2735.23 0.610031
2735.6 0.619064
2735.96 0.627945
2736.33 0.636551
2736.69 0.644722
2737.06 0.652298
2737.43 0.659203
2737.79 0.665382
2738.16 0.67083
2738.53 0.675583
2738.89 0.679665
2739.26 0.683159
2739.62 0.686134
2739.99 0.68866
2740.36 0.690781
2740.72 0.696091
2741.09 0.697205
2741.45 0.697952
2741.82 0.698395
2742.19 0.698593
2742.55 0.698624
2742.92 0.698532
2743.29 0.698372
2743.65 0.698112
2744.02 0.697762
2744.38 0.697281
2744.75 0.696663
2745.12 0.695885
2745.48 0.694946
2745.85 0.693863
2746.22 0.692642
2746.58 0.691307
2746.95 0.689186
2747.31 0.688423
2747.68 0.686882
2748.05 0.685196
2748.41 0.683327
2748.78 0.681229
2749.15 0.678833
2749.51 0.676079
2749.88 0.672913
2750.24 0.669266
2750.61 0.665123
2750.98 0.660477
2751.34 0.65535
2751.71 0.649796
2752.07 0.643829
2752.44 0.63752
2752.81 0.630905
2753.17 0.619011
2753.54 0.613983
2753.91 0.60675
2754.27 0.59935
2754.64 0.59185
2755 0.58429
2755.37 0.576714
2755.74 0.569191
2756.1 0.561829
2756.47 0.554756
2756.84 0.548126
2757.2 0.542038
2757.57 0.536545
2757.93 0.531609
2758.3 0.527115
2758.67 0.522942
2759.03 0.518944
2759.4 0.51226
2759.77 0.507828
2760.13 0.504173
2760.5 0.498634
2760.86 0.492203
2761.23 0.484482
2761.6 0.475067
2761.96 0.463547
2762.33 0.449547
2762.7 0.432938
2763.06 0.414658
2763.43 0.397491
2763.79 0.383446
2764.16 0.372719
2764.53 0.364937
2764.89 0.359749
2765.26 0.354202
2765.62 0.354286
2765.99 0.355888
2766.36 0.358818
2766.72 0.359047
2767.09 0.363388
2767.46 0.368523
2767.82 0.374283
2768.19 0.380508
2768.55 0.387093
2768.92 0.393974
2769.29 0.401184
2769.65 0.408829
2770.02 0.417053
2770.39 0.426048
2770.75 0.436028
2771.12 0.447182
2771.48 0.462563
2771.85 0.477104
2772.22 0.493797
2772.58 0.51329
2772.95 0.536186
2773.32 0.539429
2773.68 0.564926
2774.05 0.589195
2774.41 0.610252
2774.78 0.628357
2775.15 0.644096
2775.51 0.657967
2775.88 0.670387
2776.24 0.681702
2776.61 0.692184
2776.98 0.702019
2777.34 0.711327
2777.71 0.725006
2778.08 0.733589
2778.44 0.741768
2778.81 0.749573
2779.17 0.756996
2779.54 0.764015
2779.91 0.769478
2780.27 0.776062
2780.64 0.782127
2781.01 0.787666
2781.37 0.792702
2781.74 0.797249
2782.1 0.801346
2782.47 0.804993
2782.84 0.808189
2783.2 0.810905
2783.57 0.813148
2783.94 0.819534
2784.3 0.820633
2784.67 0.821274
2785.03 0.821457
2785.4 0.821228
2785.77 0.820618
2786.13 0.824165
2786.5 0.823074
2786.86 0.821648
2787.23 0.819946
2787.6 0.818016
2787.96 0.815926
2788.33 0.813744
2788.7 0.811501
2789.06 0.809265
2789.43 0.807076
2789.79 0.805031
2790.16 0.804756
2790.53 0.803238
2790.89 0.802132
2791.26 0.801453
2791.63 0.801186
2791.99 0.801292
2792.36 0.801712
2792.72 0.803108
2793.09 0.803719
2793.46 0.804398
2793.82 0.805016
2794.19 0.805481
2794.56 0.805748
2794.92 0.805763
2795.29 0.805534
2795.65 0.805038
2796.02 0.803772
2796.39 0.80249
2796.75 0.80085
2797.12 0.798889
2797.49 0.796661
2797.85 0.794273
2798.22 0.791801
2798.58 0.789276
2798.95 0.786667
2799.32 0.785187
2799.68 0.782005
2800.05 0.778343
2800.41 0.774109
2800.78 0.769272
2801.15 0.763885
2801.51 0.758003
2801.88 0.751686
2802.25 0.739899
2802.61 0.733032
2802.98 0.726448
2803.34 0.72039
2803.71 0.714966
2804.08 0.710197
2804.44 0.70607
2804.81 0.702599
2805.18 0.699799
2805.54 0.697716
2805.91 0.69751
2806.27 0.696594
2806.64 0.696259
2807.01 0.696404
2807.37 0.696938
2807.74 0.697769
2808.11 0.69883
2808.47 0.702095
2808.84 0.703415
2809.2 0.704681
2809.57 0.705864
2809.94 0.706955
2810.3 0.707947
2810.67 0.708862
2811.03 0.709709
2811.4 0.710503
2811.77 0.711281
2812.13 0.712029
2812.5 0.712357
2812.87 0.712814
2813.23 0.713333
2813.6 0.713928
2813.96 0.7146
2814.33 0.715279
2814.7 0.714302
2815.06 0.714279
2815.43 0.713867
2815.8 0.713005
2816.16 0.711693
2816.53 0.709953
2816.89 0.707794
2817.26 0.705322
2817.63 0.702667
2817.99 0.700058
2818.36 0.697693
2818.73 0.692459
2819.09 0.690727
2819.46 0.689545
2819.82 0.688934
2820.19 0.688934
2820.56 0.689629
2820.92 0.687263
2821.29 0.689774
2821.66 0.693138
2822.02 0.697258
2822.39 0.701958
2822.75 0.706963
2823.12 0.71196
2823.49 0.716606
2823.85 0.720657
2824.22 0.723961
2824.58 0.726486
2824.95 0.728218
2825.32 0.725166
2825.68 0.72599
2826.05 0.726051
2826.42 0.72541
2826.78 0.724174
2827.15 0.719063
2827.51 0.717148
2827.88 0.71505
2828.25 0.712845
2828.61 0.710587
2828.98 0.708305
2829.35 0.706001
2829.71 0.703682
2830.08 0.701385
2830.44 0.699158
2830.81 0.697067
2831.18 0.695183
2831.54 0.693542
2831.91 0.694038
2832.28 0.692665
2832.64 0.691475
2833.01 0.690765
2833.37 0.689835
2833.74 0.689072
2834.11 0.688469
2834.47 0.688011
2834.84 0.687637
2835.2 0.687279
2835.57 0.68679
2835.94 0.686012
2836.3 0.684814
2836.67 0.683105
2837.04 0.680855
2837.4 0.678055
2837.77 0.674744
2838.13 0.670898
2838.5 0.664665
2838.87 0.659241
2839.23 0.643173
2839.6 0.634087
2839.97 0.62339
2840.33 0.610794
2840.7 0.595947
2841.06 0.578285
2841.43 0.556961
2841.8 0.530739
2842.16 0.49913
2842.53 0.467812
2842.9 0.439438
2843.26 0.412727
2843.63 0.387062
2843.99 0.363335
2844.36 0.342842
2844.73 0.325829
2845.09 0.303413
2845.46 0.271683
2845.82 0.262871
2846.19 0.256149
2846.56 0.251228
2846.92 0.247551
2847.29 0.244415
2847.66 0.241196
2848.02 0.237518
2848.39 0.233269
2848.75 0.228493
2849.12 0.223335
2849.49 0.217957
2849.85 0.212479
2850.22 0.207016
2850.59 0.201675
2850.95 0.196571
2851.32 0.191765
2851.68 0.182564
2852.05 0.178993
2852.42 0.175636
2852.78 0.172493
2853.15 0.169563
2853.52 0.166817
2853.88 0.164207
2854.25 0.161713
2854.61 0.159286
2854.98 0.156952
2855.35 0.154732
2855.71 0.152702
2856.08 0.150963
2856.45 0.14962
2856.81 0.148735
2857.18 0.148323
2857.54 0.148285
2857.91 0.139275
2858.28 0.139984
2858.64 0.14064
2859.01 0.141052
2859.37 0.141098
2859.74 0.140724
2860.11 0.139977
2860.47 0.138962
2860.84 0.137886
2861.21 0.136925
2861.57 0.136253
2861.94 0.135986
2862.3 0.136154
2862.67 0.136749
2863.04 0.137749
2863.4 0.139091
2863.77 0.141273
2864.14 0.143646
2864.5 0.144997
2864.87 0.14801
2865.23 0.151291
2865.6 0.154869
2865.97 0.158752
2866.33 0.162926
2866.7 0.167351
2867.07 0.171989
2867.43 0.176811
2867.8 0.181778
2868.16 0.186852
2868.53 0.191902
2868.9 0.196808
2869.26 0.201385
2869.63 0.205482
2869.99 0.210754
2870.36 0.213142
2870.73 0.214897
2871.09 0.214951
2871.46 0.215454
2871.83 0.215309
2872.19 0.214531
2872.56 0.21315
2872.92 0.211258
2873.29 0.208954
2873.66 0.206337
2874.02 0.203537
2874.39 0.200623
2874.76 0.197693
2875.12 0.194862
2875.49 0.192337
2875.85 0.190414
2876.22 0.177818
2876.59 0.178169
2876.95 0.178955
2877.32 0.179207
2877.69 0.171806
2878.05 0.172287
2878.42 0.171814
2878.78 0.170509
2879.15 0.168541
2879.52 0.16613
2879.88 0.163437
2880.25 0.16066
2880.61 0.157944
2880.98 0.155365
2881.35 0.153038
2881.71 0.151024
2882.08 0.149437
2882.45 0.148544
2882.81 0.148666
2883.18 0.149361
2883.54 0.150597
2883.91 0.152306
2884.28 0.154793
2884.64 0.157143
2885.01 0.159805
2885.38 0.162773
2885.74 0.166054
2886.11 0.169678
2886.47 0.17366
2886.84 0.178009
2887.21 0.182739
2887.57 0.18782
2887.94 0.19323
2888.31 0.198906
2888.67 0.205559
2889.04 0.210999
2889.4 0.216171
2889.77 0.220802
2890.14 0.224609
2890.5 0.223625
2890.87 0.226158
2891.24 0.227646
2891.6 0.228073
2891.97 0.227478
2892.33 0.225914
2892.7 0.22345
2893.07 0.220161
2893.43 0.216164
2893.8 0.211578
2894.16 0.206543
2894.53 0.201187
2894.9 0.192619
2895.26 0.187012
2895.63 0.181374
2896 0.175713
2896.36 0.170013
2896.73 0.16423
2897.09 0.16214
2897.46 0.156219
2897.83 0.150032
2898.19 0.143578
2898.56 0.136864
2898.93 0.129898
2899.29 0.122726
2899.66 0.11541
2900.02 0.108002
2900.39 0.100563
2900.76 0.0912094
2901.12 0.0840912
2901.49 0.0770798
2901.86 0.0702133
2902.22 0.0635529
2902.59 0.0571976
2902.95 0.0512466
2903.32 0.0457764
2903.69 0.0472641
2904.05 0.0429459
2904.42 0.0390778
2904.78 0.0356216
2905.15 0.0325241
2905.52 0.0297546
2905.88 0.0272446
2906.25 0.0249557
2906.62 0.02285
2906.98 0.02565
2907.35 0.0236588
2907.71 0.0216751
2908.08 0.0196915
2908.45 0.0177078
2908.81 0.0157166
2909.18 0.0136871
2909.55 0.0116119
2909.91 0.00946808
2910.28 0.0112534
2910.64 0.00849152
2911.01 0.00567627
2911.38 0.00287628
2911.74 0.000152588
2912.11 -0.00241089
2912.48 -0.00468445
2912.84 -0.00647736
2913.21 -0.00938416
2913.57 -0.00911713
2913.94 -0.00787354
2914.31 -0.00595093
2914.67 -0.0037384
2915.04 -0.00154877
2915.41 0.000419617
2915.77 0.0020752
2916.14 0.00337982
2916.5 0.00431824
2916.87 0.00595856
2917.24 0.00656891
2917.6 0.00682068
2917.97 0.00675964
2918.33 0.00640869
2918.7 0.00579071
2919.07 0.00487518
2919.43 0.00511169
2919.8 0.0032959
2920.17 0.00100708
2920.53 -0.00177002
2920.9 -0.0050354
2921.26 -0.00878906
2921.63 -0.013031
2922 -0.0177383
2922.36 -0.0228577
2922.73 -0.0282669
2923.1 -0.033844
2923.46 -0.0360031
2923.83 -0.0415039
2924.19 -0.046814
2924.56 -0.0518875
2924.93 -0.0566788
2925.29 -0.0611801
2925.66 -0.0659027
2926.03 -0.069397
2926.39 -0.0725174
2926.76 -0.0753021
2927.12 -0.0778122
2927.49 -0.0801163
2927.86 -0.0823212
2928.22 -0.0845261
2928.59 -0.0868225
2928.95 -0.0893021
2929.32 -0.0920563
2929.69 -0.0920715
2930.05 -0.0954895
2930.42 -0.099472
2930.79 -0.104103
2931.15 -0.109467
2931.52 -0.118591
2931.88 -0.126091
2932.25 -0.134262
2932.62 -0.143005
2932.98 -0.152161
2933.35 -0.161537
2933.72 -0.170868
2934.08 -0.179855
2934.45 -0.18824
2934.81 -0.195877
2935.18 -0.202698
2935.55 -0.208763
2935.91 -0.214188
2936.28 -0.215736
2936.65 -0.2201
2937.01 -0.224075
2937.38 -0.227715
2937.74 -0.230202
2938.11 -0.233078
2938.48 -0.235962
2938.84 -0.238945
2939.21 -0.242111
2939.57 -0.245552
2939.94 -0.249352
2940.31 -0.253563
2940.67 -0.258247
2941.04 -0.263435
2941.41 -0.269157
2941.77 -0.275459
2942.14 -0.282341
2942.5 -0.289833
2942.87 -0.289719
2943.24 -0.298103
2943.6 -0.30703
2943.97 -0.317543
2944.34 -0.327675
2944.7 -0.338127
2945.07 -0.348755
2945.43 -0.359406
2945.8 -0.369987
2946.17 -0.38044
2946.53 -0.390732
2946.9 -0.400894
2947.27 -0.410927
2947.63 -0.420822
2948 -0.430557
2948.36 -0.44014
2948.73 -0.449585
2949.1 -0.458939
2949.46 -0.458443
2949.83 -0.467888
2950.2 -0.477417
2950.56 -0.487274
2950.93 -0.4972
2951.29 -0.507156
2951.66 -0.517036
2952.03 -0.526749
2952.39 -0.536171
2952.76 -0.545204
2953.12 -0.553749
2953.49 -0.56176
2953.86 -0.569176
2954.22 -0.576004
2954.59 -0.582237
2954.96 -0.587906
2955.32 -0.593071
2955.69 -0.597801
2956.05 -0.597618
2956.42 -0.60247
2956.79 -0.607162
2957.15 -0.611794
2957.52 -0.616478
2957.89 -0.621368
2958.25 -0.62664
2958.62 -0.632515
2958.98 -0.639206
2959.35 -0.64695
2959.72 -0.655991
2960.08 -0.666573
2960.45 -0.67894
2960.82 -0.693352
2961.18 -0.710083
2961.55 -0.72953
2961.91 -0.752037
2962.28 -0.770973
2962.65 -0.811684
2963.01 -0.831329
2963.38 -0.848976
2963.74 -0.865044
2964.11 -0.87986
2964.48 -0.893646
2964.84 -0.906548
2965.21 -0.918686
2965.58 -0.930168
2965.94 -0.941063
2966.31 -0.951469
2966.67 -0.961449
2967.04 -0.971092
2967.41 -0.980461
2967.77 -0.989616
2968.14 -0.998627
2968.51 -1.00864
2968.87 -1.00981
2969.24 -1.01871
2969.6 -1.02756
2969.97 -1.03635
2970.34 -1.0451
2970.7 -1.05383
2971.07 -1.06255
2971.44 -1.07122
2971.8 -1.07983
2972.17 -1.0883
2972.53 -1.09662
2972.9 -1.10471
2973.27 -1.11253
2973.63 -1.12001
2974 -1.12705
2974.36 -1.13358
2974.73 -1.1407
2975.1 -1.14588
2975.46 -1.14696
2975.83 -1.15137
2976.2 -1.15508
2976.56 -1.1581
2976.93 -1.16053
2977.29 -1.16252
2977.66 -1.16422
2978.03 -1.16574
2978.39 -1.16715
2978.76 -1.16851
2979.13 -1.16987
2979.49 -1.17127
2979.86 -1.17274
2980.22 -1.17425
2980.59 -1.17575
2980.96 -1.17871
2981.32 -1.18015
2981.69 -1.18136
2982.06 -1.18321
2982.42 -1.18426
2982.79 -1.18517
2983.15 -1.18606
2983.52 -1.1871
2983.89 -1.18851
2984.25 -1.1905
2984.62 -1.19321
2984.99 -1.1967
2985.35 -1.20099
2985.72 -1.20604
2986.08 -1.21186
2986.45 -1.21851
2986.82 -1.22605
2987.18 -1.23992
2987.55 -1.25065
2987.91 -1.2631
2988.28 -1.27767
2988.65 -1.28925
2989.01 -1.30972
2989.38 -1.3348
2989.75 -1.36302
2990.11 -1.38828
2990.48 -1.40995
2990.84 -1.42905
2991.21 -1.4463
2991.58 -1.46223
2991.94 -1.47713
2992.31 -1.49123
2992.68 -1.50461
2993.04 -1.51729
2993.41 -1.53311
2993.77 -1.54366
2994.14 -1.55354
2994.51 -1.56284
2994.87 -1.57159
2995.24 -1.57315
2995.61 -1.58119
2995.97 -1.58883
2996.34 -1.59611
2996.7 -1.60307
2997.07 -1.60973
2997.44 -1.61606
2997.8 -1.62199
2998.17 -1.62739
2998.53 -1.63219
2998.9 -1.63633
2999.27 -1.63834
2999.63 -1.64078
3000 -1.64271
3000.37 -1.64413
3000.73 -1.64508
3001.1 -1.64555
3001.46 -1.64146
3001.83 -1.64112
3002.2 -1.64034
3002.56 -1.63914
3002.93 -1.63753
3003.3 -1.63554
3003.66 -1.63326
3004.03 -1.63076
3004.39 -1.62813
3004.76 -1.62547
3005.13 -1.62286
3005.49 -1.61449
3005.86 -1.61243
3006.23 -1.61066
3006.59 -1.60919
3006.96 -1.60806
3007.32 -1.60727
3007.69 -1.60693
3008.06 -1.60369
3008.42 -1.60451
3008.79 -1.60606
3009.16 -1.60847
3009.52 -1.61183
3009.89 -1.61616
3010.25 -1.62141
3010.62 -1.62749
3010.99 -1.63432
3011.35 -1.64183
3011.72 -1.65153
3012.08 -1.6604
3012.45 -1.66978
3012.82 -1.67962
3013.18 -1.6898
3013.55 -1.70021
3013.92 -1.71078
3014.28 -1.72144
3014.65 -1.72345
3015.01 -1.73428
3015.38 -1.74538
3015.75 -1.75679
3016.11 -1.7686
3016.48 -1.78085
3016.85 -1.79362
3017.21 -1.80695
3017.58 -1.82088
3017.94 -1.84196
3018.31 -1.85702
3018.68 -1.87174
3019.04 -1.88582
3019.41 -1.89903
3019.78 -1.91122
3020.14 -1.9223
3020.51 -1.93226
3020.87 -1.94115
3021.24 -1.9426
3021.61 -1.94984
3021.97 -1.95627
3022.34 -1.96193
3022.7 -1.96687
3023.07 -1.97108
3023.44 -1.9746
3023.8 -1.97745
3024.17 -1.97654
3024.54 -1.97766
3024.9 -1.97807
3025.27 -1.97775
3025.63 -1.97665
3026 -1.97475
3026.37 -1.97202
3026.73 -1.96845
3027.1 -1.96399
3027.47 -1.95863
3027.83 -1.95248
3028.2 -1.94598
3028.56 -1.93849
3028.93 -1.92991
3029.3 -1.92011
3029.66 -1.90891
3030.03 -1.89615
3030.4 -1.87391
3030.76 -1.85736
3031.13 -1.83907
3031.49 -1.81966
3031.86 -1.80032
3032.23 -1.7822
3032.59 -1.76578
3032.96 -1.75108
3033.32 -1.73793
3033.69 -1.72614
3034.06 -1.71935
3034.42 -1.70904
3034.79 -1.69985
3035.16 -1.69167
3035.52 -1.68444
3035.89 -1.67807
3036.25 -1.66818
3036.62 -1.66376
3036.99 -1.66006
3037.35 -1.65704
3037.72 -1.65464
3038.09 -1.65282
3038.45 -1.65144
3038.82 -1.6504
3039.18 -1.64956
3039.55 -1.6488
3039.92 -1.64802
3040.28 -1.64706
3040.65 -1.6441
3041.02 -1.64243
3041.38 -1.6403
3041.75 -1.63768
3042.11 -1.6346
3042.48 -1.62641
3042.85 -1.62251
3043.21 -1.61839
3043.58 -1.61404
3043.95 -1.6095
3044.31 -1.60475
3044.68 -1.59975
3045.04 -1.59441
3045.41 -1.58866
3045.78 -1.58244
3046.14 -1.57572
3046.51 -1.56853
3046.87 -1.56087
3047.24 -1.55518
3047.61 -1.54696
3047.97 -1.5381
3048.34 -1.52836
3048.71 -1.51153
3049.07 -1.49909
3049.44 -1.4847
3049.8 -1.46774
3050.17 -1.4478
3050.54 -1.42577
3050.9 -1.40508
3051.27 -1.38734
3051.64 -1.37223
3052 -1.35921
3052.37 -1.34787
3052.73 -1.33791
3053.1 -1.32906
3053.47 -1.32122
3053.83 -1.31623
3054.2 -1.3096
3054.57 -1.30384
3054.93 -1.29546
3055.3 -1.29159
3055.66 -1.28824
3056.03 -1.28528
3056.4 -1.28249
3056.76 -1.27966
3057.13 -1.2766
3057.49 -1.27312
3057.86 -1.2691
3058.23 -1.2645
3058.59 -1.25931
3058.96 -1.25353
3059.33 -1.24718
3059.69 -1.2403
3060.06 -1.2329
3060.42 -1.2261
3060.79 -1.21791
3061.16 -1.20172
3061.52 -1.19239
3061.89 -1.18258
3062.26 -1.1723
3062.62 -1.16159
3062.99 -1.15057
3063.35 -1.13937
3063.72 -1.12813
3064.09 -1.11695
3064.45 -1.10594
3064.82 -1.09515
3065.19 -1.08465
3065.55 -1.0745
3065.92 -1.06477
3066.28 -1.05553
3066.65 -1.04679
3067.02 -1.02879
3067.38 -1.02065
3067.75 -1.01311
3068.11 -1.00616
3068.48 -0.999832
3068.85 -0.994095
3069.21 -0.988968
3069.58 -0.984421
3069.95 -0.980461
3070.31 -0.977066
3070.68 -0.974152
3071.04 -0.971687
3071.41 -0.969589
3071.78 -0.967758
3072.14 -0.966095
3072.51 -0.964523
3072.88 -0.962959
3073.24 -0.949341
3073.61 -0.947762
3073.97 -0.946213
3074.34 -0.944756
3074.71 -0.94342
3075.07 -0.94223
3075.44 -0.941185
3075.81 -0.940201
3076.17 -0.939217
3076.54 -0.938126
3076.9 -0.936859
3077.27 -0.935333
3077.64 -0.933525
3078 -0.931358
3078.37 -0.928825
3078.74 -0.925896
3079.1 -0.922607
3079.47 -0.913452
3079.83 -0.907837
3080.2 -0.90387
3080.57 -0.899734
3080.93 -0.895454
3081.3 -0.890984
3081.66 -0.886337
3082.03 -0.8815
3082.4 -0.876495
3082.76 -0.871338
3083.13 -0.866043
3083.5 -0.860634
3083.86 -0.855072
3084.23 -0.849327
3084.59 -0.843399
3084.96 -0.837219
3085.33 -0.830788
3085.69 -0.81752
3086.06 -0.810608
3086.43 -0.804253
3086.79 -0.797241
3087.16 -0.790047
3087.52 -0.782738
3087.89 -0.775375
3088.26 -0.768059
3088.62 -0.76091
3088.99 -0.754059
3089.36 -0.74765
3089.72 -0.74176
3090.09 -0.73645
3090.45 -0.73175
3090.82 -0.727722
3091.19 -0.724426
3091.55 -0.721977
3091.92 -0.723213
3092.28 -0.724174
3092.65 -0.726601
3093.02 -0.733208
3093.38 -0.738426
3093.75 -0.744568
3094.12 -0.750717
3094.48 -0.756058
3094.85 -0.760262
3095.21 -0.763313
3095.58 -0.765297
3095.95 -0.766289
3096.31 -0.766342
3096.68 -0.765488
3097.05 -0.763756
3097.41 -0.7612
3097.78 -0.757843
3098.14 -0.751114
3098.51 -0.745712
3098.88 -0.739243
3099.24 -0.73143
3099.61 -0.728294
3099.98 -0.718872
3100.34 -0.707664
3100.71 -0.694382
3101.07 -0.678955
3101.44 -0.662247
3101.81 -0.646751
3102.17 -0.634201
3102.54 -0.62471
3102.91 -0.617935
3103.27 -0.613464
3103.64 -0.61097
3104 -0.611191
3104.37 -0.612251
3104.74 -0.614456
3105.1 -0.617622
3105.47 -0.621582
3105.83 -0.624672
3106.2 -0.629395
3106.57 -0.634209
3106.93 -0.638832
3107.3 -0.643074
3107.67 -0.646858
3108.03 -0.650185
3108.4 -0.653084
3108.76 -0.65554
3109.13 -0.657578
3109.5 -0.659271
3109.86 -0.66069
3110.23 -0.659584
3110.6 -0.660263
3110.96 -0.66082
3111.33 -0.661217
3111.69 -0.661423
3112.06 -0.6614
3112.43 -0.65712
3112.79 -0.656677
3113.16 -0.65609
3113.53 -0.655388
3113.89 -0.654617
3114.26 -0.653809
3114.62 -0.653038
3114.99 -0.65239
3115.36 -0.651993
3115.72 -0.651939
3116.09 -0.652336
3116.45 -0.649475
3116.82 -0.651192
3117.19 -0.653389
3117.55 -0.656044
3117.92 -0.659119
3118.29 -0.66256
3118.65 -0.666298
3119.02 -0.664139
3119.38 -0.668083
3119.75 -0.67205
3120.12 -0.675926
3120.48 -0.679626
3120.85 -0.683128
3121.22 -0.686378
3121.58 -0.689377
3121.95 -0.692131
3122.31 -0.694687
3122.68 -0.693176
3123.05 -0.695534
3123.41 -0.69799
3123.78 -0.7006
3124.15 -0.703445
3124.51 -0.706619
3124.88 -0.71019
3125.24 -0.714233
3125.61 -0.713577
3125.98 -0.719139
3126.34 -0.725586
3126.71 -0.733116
3127.07 -0.741982
3127.44 -0.752441
3127.81 -0.764854
3128.17 -0.779816
3128.54 -0.798355
3128.91 -0.855103
3129.27 -0.880402
3129.64 -0.900047
3130 -0.916336
3130.37 -0.930199
3130.74 -0.942093
3131.1 -0.952324
3131.47 -0.961082
3131.84 -0.968582
3132.2 -0.971848
3132.57 -0.977226
3132.93 -0.981659
3133.3 -0.985252
3133.67 -0.988121
3134.03 -0.990395
3134.4 -0.99221
3134.77 -0.991852
3135.13 -0.992867
3135.5 -0.993706
3135.86 -0.994362
3136.23 -0.994843
3136.6 -0.995178
3136.96 -0.995399
3137.33 -0.99556
3137.7 -0.995667
3138.06 -0.995773
3138.43 -0.995888
3138.79 -0.994743
3139.16 -0.995041
3139.53 -0.995399
3139.89 -0.995819
3140.26 -0.996323
3140.62 -0.996956
3140.99 -0.997871
3141.36 -0.998955
3141.72 -1.00009
3142.09 -1.00114
3142.46 -1.00195
3142.82 -1.0024
3143.19 -1.00242
3143.55 -1.00205
3143.92 -1.00139
3144.29 -1.00053
3144.65 -0.999519
3145.02 -1.00103
3145.39 -0.999969
3145.75 -0.99881
3146.12 -0.997772
3146.48 -0.997169
3146.85 -0.997284
3147.22 -1.00119
3147.58 -1.00378
3147.95 -1.00745
3148.32 -1.01213
3148.68 -1.01771
3149.05 -1.02398
3149.41 -1.03067
3149.78 -1.03741
3150.15 -1.04389
3150.51 -1.04991
3150.88 -1.05537
3151.24 -1.06024
3151.61 -1.06118
3151.98 -1.06486
3152.34 -1.0681
3152.71 -1.07098
3153.08 -1.07355
3153.44 -1.07446
3153.81 -1.0766
3154.17 -1.07868
3154.54 -1.08071
3154.91 -1.08272
3155.27 -1.08472
3155.64 -1.08673
3156.01 -1.08878
3156.37 -1.09093
3156.74 -1.09323
3157.1 -1.09576
3157.47 -1.09861
3157.84 -1.10192
3158.2 -1.10468
3158.57 -1.10947
3158.94 -1.11501
3159.3 -1.12135
3159.67 -1.13611
3160.03 -1.14493
3160.4 -1.15433
3160.77 -1.16408
3161.13 -1.1739
3161.5 -1.18342
3161.86 -1.19242
3162.23 -1.20082
3162.6 -1.20872
3162.96 -1.21634
3163.33 -1.22394
3163.7 -1.23177
3164.06 -1.23997
3164.43 -1.24868
3164.79 -1.26012
3165.16 -1.26996
3165.53 -1.28075
3165.89 -1.30817
3166.26 -1.32414
3166.63 -1.34369
3166.99 -1.36871
3167.36 -1.39503
3167.72 -1.41549
3168.09 -1.43193
3168.46 -1.44558
3168.82 -1.45718
3169.19 -1.46717
3169.56 -1.47588
3169.92 -1.48352
3170.29 -1.49026
3170.65 -1.49616
3171.02 -1.50127
3171.39 -1.50616
3171.75 -1.51334
3172.12 -1.5156
3172.49 -1.51726
3172.85 -1.51849
3173.22 -1.51944
3173.58 -1.52028
3173.95 -1.52117
3174.32 -1.52229
3174.68 -1.52377
3175.05 -1.52576
3175.41 -1.5284
3175.78 -1.5317
3176.15 -1.5357
3176.51 -1.54034
3176.88 -1.54551
3177.25 -1.55104
3177.61 -1.55421
3177.98 -1.56222
3178.34 -1.56699
3178.71 -1.57136
3179.08 -1.57529
3179.44 -1.57875
3179.81 -1.58173
3180.18 -1.58427
3180.54 -1.58643
3180.91 -1.58827
3181.27 -1.58991
3181.64 -1.59141
3182.01 -1.59279
3182.37 -1.59399
3182.74 -1.59494
3183.11 -1.59551
3183.47 -1.59568
3183.84 -1.59538
3184.2 -1.59509
3184.57 -1.59476
3184.94 -1.59396
3185.3 -1.59262
3185.67 -1.59073
3186.03 -1.58821
3186.4 -1.58494
3186.77 -1.58074
3187.13 -1.57539
3187.5 -1.56866
3187.87 -1.56039
3188.23 -1.55042
3188.6 -1.53855
3188.96 -1.5245
3189.33 -1.50764
3189.7 -1.48701
3190.06 -1.46224
3190.43 -1.44487
3190.8 -1.4524
3191.16 -1.43406
3191.53 -1.41758
3191.89 -1.40206
3192.26 -1.38781
3192.63 -1.37547
3192.99 -1.3649
3193.36 -1.35554
3193.73 -1.34698
3194.09 -1.3391
3194.46 -1.33194
3194.82 -1.32576
3195.19 -1.3207
3195.56 -1.31695
3195.92 -1.31459
3196.29 -1.31385
3196.66 -1.32711
3197.02 -1.3333
3197.39 -1.3517
3197.75 -1.36891
3198.12 -1.38939
3198.49 -1.40283
3198.85 -1.41246
3199.22 -1.41972
3199.58 -1.42542
3199.95 -1.42999
3200.32 -1.43378
3200.68 -1.43694
3201.05 -1.43953
3201.42 -1.44159
3201.78 -1.44307
3202.15 -1.44397
3202.51 -1.44561
3202.88 -1.44479
3203.25 -1.44329
3203.61 -1.44104
3203.98 -1.44038
3204.35 -1.43678
3204.71 -1.43231
3205.08 -1.42705
3205.44 -1.42108
3205.81 -1.41457
3206.18 -1.40768
3206.54 -1.4006
3206.91 -1.39346
3207.28 -1.38638
3207.64 -1.37939
3208.01 -1.37251
3208.37 -1.36576
3208.74 -1.35451
3209.11 -1.348
3209.47 -1.3416
3209.84 -1.33534
3210.2 -1.32926
3210.57 -1.32528
3210.94 -1.3198
3211.3 -1.31479
3211.67 -1.31037
3212.04 -1.30658
3212.4 -1.30342
3212.77 -1.3009
3213.13 -1.299
3213.5 -1.29773
3213.87 -1.29716
3214.23 -1.29726
3214.6 -1.29803
3214.97 -1.2987
3215.33 -1.30078
3215.7 -1.30328
3216.06 -1.30614
3216.43 -1.30924
3216.8 -1.30856
3217.16 -1.31163
3217.53 -1.31478
3217.9 -1.31796
3218.26 -1.32114
3218.63 -1.32432
3218.99 -1.32748
3219.36 -1.3306
3219.73 -1.33364
3220.09 -1.33653
3220.46 -1.33919
3220.82 -1.34152
3221.19 -1.34183
3221.56 -1.34321
3221.92 -1.34403
3222.29 -1.34424
3222.66 -1.34378
3223.02 -1.34261
3223.39 -1.34031
3223.75 -1.33827
3224.12 -1.33549
3224.49 -1.33202
3224.85 -1.32787
3225.22 -1.32314
3225.59 -1.31781
3225.95 -1.31188
3226.32 -1.30527
3226.68 -1.2979
3227.05 -1.28966
3227.42 -1.27866
3227.78 -1.26903
3228.15 -1.25905
3228.52 -1.24931
3228.88 -1.24048
3229.25 -1.23296
3229.61 -1.22688
3229.98 -1.22725
3230.35 -1.22247
3230.71 -1.21864
3231.08 -1.21557
3231.45 -1.21307
3231.81 -1.21108
3232.18 -1.20957
3232.54 -1.20858
3232.91 -1.20819
3233.28 -1.21022
3233.64 -1.2118
3234.01 -1.21439
3234.37 -1.21809
3234.74 -1.22307
3235.11 -1.22952
3235.47 -1.23766
3235.84 -1.2477
3236.21 -1.25974
3236.57 -1.27077
3236.94 -1.2859
3237.3 -1.30138
3237.67 -1.31594
3238.04 -1.32892
3238.4 -1.34025
3238.77 -1.35001
3239.14 -1.35832
3239.5 -1.36729
3239.87 -1.37222
3240.23 -1.37627
3240.6 -1.37956
3240.97 -1.38221
3241.33 -1.38428
3241.7 -1.38584
3242.07 -1.38695
3242.43 -1.38761
3242.8 -1.38787
3243.16 -1.38615
3243.53 -1.38605
3243.9 -1.38564
3244.26 -1.38493
3244.63 -1.38396
3244.99 -1.38275
3245.36 -1.38131
3245.73 -1.37766
3246.09 -1.37553
3246.46 -1.37303
3246.83 -1.37016
3247.19 -1.36688
3247.56 -1.36324
3247.92 -1.3593
3248.29 -1.35515
3248.66 -1.35087
3249.02 -1.3466
3249.39 -1.34357
3249.76 -1.3395
3250.12 -1.3357
3250.49 -1.33226
3250.85 -1.32923
3251.22 -1.32666
3251.59 -1.32459
3251.95 -1.32237
3252.32 -1.32182
3252.69 -1.32173
3253.05 -1.32204
3253.42 -1.32272
3253.78 -1.32376
3254.15 -1.32517
3254.52 -1.32693
3254.88 -1.32903
3255.25 -1.33136
3255.61 -1.33382
3255.98 -1.33663
3256.35 -1.3388
3256.71 -1.34071
3257.08 -1.34225
3257.45 -1.34334
3257.81 -1.34404
3258.18 -1.34333
3258.54 -1.34329
3258.91 -1.34349
3259.28 -1.34406
3259.64 -1.34505
3260.01 -1.34649
3260.38 -1.3484
3260.74 -1.3508
3261.11 -1.35368
3261.47 -1.35707
3261.84 -1.36095
3262.21 -1.3653
3262.57 -1.36442
3262.94 -1.36954
3263.31 -1.375
3263.67 -1.38062
3264.04 -1.3862
3264.4 -1.39146
3264.77 -1.39606
3265.14 -1.40004
3265.5 -1.4034
3265.87 -1.40617
3266.24 -1.40836
3266.6 -1.41001
3266.97 -1.41115
3267.33 -1.41183
3267.7 -1.41206
3268.07 -1.41187
3268.43 -1.41132
3268.8 -1.4105
3269.16 -1.41001
3269.53 -1.40919
3269.9 -1.40844
3270.26 -1.40797
3270.63 -1.4082
3271 -1.40913
3271.36 -1.41082
3271.73 -1.41327
3272.09 -1.41637
3272.46 -1.41997
3272.83 -1.42384
3273.19 -1.42782
3273.56 -1.4317
3273.93 -1.43543
3274.29 -1.43897
3274.66 -1.44234
3275.02 -1.44552
3275.39 -1.44854
3275.76 -1.44843
3276.12 -1.4511
3276.49 -1.45306
3276.86 -1.45528
3277.22 -1.45725
3277.59 -1.45892
3277.95 -1.46023
3278.32 -1.46112
3278.69 -1.4616
3279.05 -1.46165
3279.42 -1.46127
3279.78 -1.46048
3280.15 -1.4593
3280.52 -1.45776
3280.88 -1.45597
3281.25 -1.45399
3281.62 -1.4519
3281.98 -1.44971
3282.35 -1.44756
3282.71 -1.44218
3283.08 -1.43913
3283.45 -1.43601
3283.81 -1.43285
3284.18 -1.42969
3284.55 -1.42655
3284.91 -1.42345
3285.28 -1.42036
3285.64 -1.41725
3286.01 -1.4141
3286.38 -1.41087
3286.74 -1.40752
3287.11 -1.40411
3287.48 -1.40061
3287.84 -1.39706
3288.21 -1.39342
3288.57 -1.38868
3288.94 -1.38058
3289.31 -1.37683
3289.67 -1.37275
3290.04 -1.36824
3290.41 -1.36324
3290.77 -1.35767
3291.14 -1.35149
3291.5 -1.34468
3291.87 -1.3373
3292.24 -1.32948
3292.6 -1.32139
3292.97 -1.31333
3293.33 -1.30559
3293.7 -1.29843
3294.07 -1.29208
3294.43 -1.28666
3294.8 -1.28222
3295.17 -1.27755
3295.53 -1.27513
3295.9 -1.27384
3296.26 -1.27376
3296.63 -1.27489
3297 -1.27735
3297.36 -1.28113
3297.73 -1.2862
3298.1 -1.29245
3298.46 -1.29974
3298.83 -1.30796
3299.19 -1.31701
3299.56 -1.32676
3299.93 -1.33712
3300.29 -1.34786
3300.66 -1.35885
3301.03 -1.37887
3301.39 -1.3903
3301.76 -1.3996
3302.12 -1.41082
3302.49 -1.42142
3302.86 -1.43124
3303.22 -1.44021
3303.59 -1.44839
3303.95 -1.45584
3304.32 -1.46265
3304.69 -1.46889
3305.05 -1.47459
3305.42 -1.47988
3305.79 -1.48486
3306.15 -1.48965
3306.52 -1.49432
3306.88 -1.49892
3307.25 -1.50697
3307.62 -1.511
3307.98 -1.51488
3308.35 -1.51746
3308.72 -1.52087
3309.08 -1.52415
3309.45 -1.5273
3309.81 -1.53024
3310.18 -1.53288
3310.55 -1.5351
3310.91 -1.53682
3311.28 -1.53799
3311.65 -1.53862
3312.01 -1.53872
3312.38 -1.53838
3312.74 -1.53764
3313.11 -1.53661
3313.48 -1.53352
3313.84 -1.53206
3314.21 -1.53068
3314.57 -1.52942
3314.94 -1.52735
3315.31 -1.52626
3315.67 -1.52533
3316.04 -1.52451
3316.41 -1.52377
3316.77 -1.52309
3317.14 -1.52243
3317.5 -1.52175
3317.87 -1.52103
3318.24 -1.52026
3318.6 -1.51935
3318.97 -1.5183
3319.34 -1.51706
3319.7 -1.51438
3320.07 -1.51248
3320.43 -1.51009
3320.8 -1.50713
3321.17 -1.50581
3321.53 -1.50216
3321.9 -1.49777
3322.27 -1.49252
3322.63 -1.48621
3323 -1.47873
3323.36 -1.46988
3323.73 -1.45948
3324.1 -1.44722
3324.46 -1.43282
3324.83 -1.41663
3325.2 -1.40107
3325.56 -1.38821
3325.93 -1.37949
3326.29 -1.37192
3326.66 -1.36597
3327.03 -1.36118
3327.39 -1.35718
3327.76 -1.35785
3328.12 -1.35386
3328.49 -1.35014
3328.86 -1.3466
3329.22 -1.34315
3329.59 -1.33973
3329.96 -1.3363
3330.32 -1.33278
3330.69 -1.32915
3331.05 -1.3254
3331.42 -1.32149
3331.79 -1.31738
3332.15 -1.30929
3332.52 -1.30462
3332.89 -1.29977
3333.25 -1.29477
3333.62 -1.28968
3333.98 -1.28457
3334.35 -1.28047
3334.72 -1.27554
3335.08 -1.27071
3335.45 -1.26604
3335.82 -1.26157
3336.18 -1.25738
3336.55 -1.25352
3336.91 -1.25004
3337.28 -1.24697
3337.65 -1.24432
3338.01 -1.24128
3338.38 -1.23966
3338.74 -1.23831
3339.11 -1.23714
3339.48 -1.23602
3339.84 -1.23482
3340.21 -1.23346
3340.58 -1.23193
3340.94 -1.23081
3341.31 -1.2289
3341.67 -1.22691
3342.04 -1.22488
3342.41 -1.22281
3342.77 -1.22072
3343.14 -1.21864
3343.51 -1.21661
3343.87 -1.21464
3344.24 -1.21118
3344.6 -1.20914
3344.97 -1.2069
3345.34 -1.2044
3345.7 -1.2016
3346.07 -1.19852
3346.44 -1.19518
3346.8 -1.19164
3347.17 -1.1879
3347.53 -1.18573
3347.9 -1.18179
3348.27 -1.17776
3348.63 -1.17367
3349 -1.16947
3349.36 -1.16514
3349.73 -1.1606
3350.1 -1.15582
3350.46 -1.14834
3350.83 -1.14294
3351.2 -1.13736
3351.56 -1.13165
3351.93 -1.12579
3352.29 -1.11975
3352.66 -1.11336
3353.03 -1.10641
3353.39 -1.09857
3353.76 -1.08943
3354.13 -1.08693
3354.49 -1.07573
3354.86 -1.06216
3355.22 -1.04545
3355.59 -1.02468
3355.96 -1.00121
3356.32 -0.980522
3356.69 -0.959625
3357.06 -0.944901
3357.42 -0.932083
3357.79 -0.920753
3358.15 -0.910622
3358.52 -0.901421
3358.89 -0.893005
3359.25 -0.885239
3359.62 -0.878029
3359.99 -0.871323
3360.35 -0.868538
3360.72 -0.862076
3361.08 -0.855919
3361.45 -0.849953
3361.82 -0.844093
3362.18 -0.838257
3362.55 -0.832382
3362.91 -0.822105
3363.28 -0.815964
3363.65 -0.809746
3364.01 -0.803474
3364.38 -0.797165
3364.75 -0.790985
3365.11 -0.785065
3365.48 -0.779587
3365.84 -0.774658
3366.21 -0.770363
3366.58 -0.766739
3366.94 -0.762863
3367.31 -0.760239
3367.68 -0.758339
3368.04 -0.757133
3368.41 -0.756569
3368.77 -0.754143
3369.14 -0.754608
3369.51 -0.755325
3369.87 -0.756218
3370.24 -0.757256
3370.61 -0.758446
3370.97 -0.759781
3371.34 -0.761261
3371.7 -0.762856
3372.07 -0.764511
3372.44 -0.766174
3372.8 -0.767769
3373.17 -0.769211
3373.53 -0.765984
3373.9 -0.767113
3374.27 -0.767929
3374.63 -0.768379
3375 -0.764473
3375.37 -0.763878
3375.73 -0.76281
3376.1 -0.761238
3376.46 -0.759178
3376.83 -0.75663
3377.2 -0.753586
3377.56 -0.750076
3377.93 -0.746124
3378.3 -0.741776
3378.66 -0.737061
3379.03 -0.732063
3379.39 -0.726845
3379.76 -0.721466
3380.13 -0.718086
3380.49 -0.7127
3380.86 -0.70723
3381.23 -0.6987
3381.59 -0.693161
3381.96 -0.687538
3382.32 -0.681862
3382.69 -0.676163
3383.06 -0.670464
3383.42 -0.664787
3383.79 -0.659096
3384.16 -0.653336
3384.52 -0.647438
3384.89 -0.641319
3385.25 -0.634956
3385.62 -0.628319
3385.99 -0.621346
3386.35 -0.614021
3386.72 -0.612198
3387.08 -0.604721
3387.45 -0.59549
3387.82 -0.587189
3388.18 -0.578621
3388.55 -0.570114
3388.92 -0.561935
3389.28 -0.554314
3389.65 -0.547379
3390.01 -0.541298
3390.38 -0.536133
3390.75 -0.531883
3391.11 -0.528534
3391.48 -0.526047
3391.85 -0.524391
3392.21 -0.523552
3392.58 -0.523491
3392.94 -0.524315
3393.31 -0.525131
3393.68 -0.527275
3394.04 -0.52858
3394.41 -0.529907
3394.78 -0.531181
3395.14 -0.532341
3395.51 -0.533356
3395.87 -0.534279
3396.24 -0.53511
3396.61 -0.535889
3396.97 -0.536606
3397.34 -0.537262
3397.7 -0.537857
3398.07 -0.538376
3398.44 -0.538849
3398.8 -0.539307
3399.17 -0.539841
3399.54 -0.535744
3399.9 -0.532227
3400.27 -0.533058
3400.63 -0.534134
3401 -0.535477
3401.37 -0.537079
3401.73 -0.538895
3402.1 -0.540855
3402.47 -0.542839
3402.83 -0.544716
3403.2 -0.546364
3403.56 -0.547684
3403.93 -0.548645
3404.3 -0.54921
3404.66 -0.549393
3405.03 -0.549225
3405.4 -0.548752
3405.76 -0.542389
3406.13 -0.536781
3406.49 -0.535591
3406.86 -0.534119
3407.23 -0.532333
3407.59 -0.530273
3407.96 -0.527962
3408.32 -0.525429
3408.69 -0.522697
3409.06 -0.519821
3409.42 -0.516846
3409.79 -0.513824
3410.16 -0.510849
3410.52 -0.508034
3410.89 -0.505463
3411.25 -0.503181
3411.62 -0.501236
3411.99 -0.496941
3412.35 -0.495544
3412.72 -0.492775
3413.09 -0.491386
3413.45 -0.490089
3413.82 -0.488861
3414.18 -0.48764
3414.55 -0.486366
3414.92 -0.484993
3415.28 -0.483452
3415.65 -0.481705
3416.02 -0.479759
3416.38 -0.477608
3416.75 -0.475311
3417.11 -0.472931
3417.48 -0.470566
3417.85 -0.468292
3418.21 -0.460732
3418.58 -0.459084
3418.95 -0.457771
3419.31 -0.452911
3419.68 -0.452171
3420.04 -0.45179
3420.41 -0.451767
3420.78 -0.452103
3421.14 -0.452858
3421.51 -0.454063
3421.87 -0.455757
3422.24 -0.457985
3422.61 -0.46077
3422.97 -0.464104
3423.34 -0.467957
3423.71 -0.47226
3424.07 -0.476891
3424.44 -0.482109
3424.8 -0.486847
3425.17 -0.491348
3425.54 -0.49115
3425.9 -0.494965
3426.27 -0.498329
3426.64 -0.501205
3427 -0.503578
3427.37 -0.505432
3427.73 -0.506729
3428.1 -0.507462
3428.47 -0.507591
3428.83 -0.507118
3429.2 -0.506081
3429.57 -0.504509
3429.93 -0.502495
3430.3 -0.500175
3430.66 -0.49366
3431.03 -0.491066
3431.4 -0.488716
3431.76 -0.486771
3432.13 -0.48262
3432.49 -0.481247
3432.86 -0.480453
3433.23 -0.48024
3433.59 -0.480591
3433.96 -0.481514
3434.33 -0.483009
3434.69 -0.485092
3435.06 -0.487778
3435.42 -0.491058
3435.79 -0.494949
3436.16 -0.499451
3436.52 -0.503815
3436.89 -0.509972
3437.26 -0.516747
3437.62 -0.524185
3437.99 -0.532295
3438.35 -0.541092
3438.72 -0.543564
3439.09 -0.553658
3439.45 -0.564415
3439.82 -0.575768
3440.19 -0.587662
3440.55 -0.600082
3440.92 -0.613037
3441.28 -0.626556
3441.65 -0.640732
3442.02 -0.65564
3442.38 -0.671356
3442.75 -0.697884
3443.11 -0.716606
3443.48 -0.736633
3443.85 -0.75827
3444.21 -0.781937
3444.58 -0.808037
3444.95 -0.83577
3445.31 -0.854942
3445.68 -0.87838
3446.04 -0.899124
3446.41 -0.917648
3446.78 -0.934418
3447.14 -0.949776
3447.51 -0.96405
3447.88 -0.977539
3448.24 -0.990501
3448.61 -1.00317
3448.97 -1.02222
3449.34 -1.03502
3449.71 -1.04813
3450.07 -1.0617
3450.44 -1.0759
3450.81 -1.09103
3451.17 -1.10757
3451.54 -1.12634
3451.9 -1.14362
3452.27 -1.17
3452.64 -1.19144
3453 -1.20827
3453.37 -1.22196
3453.74 -1.23335
3454.1 -1.243
3454.47 -1.2513
3454.83 -1.25861
3455.2 -1.26645
3455.57 -1.27216
3455.93 -1.27766
3456.3 -1.28305
3456.66 -1.28831
3457.03 -1.29347
3457.4 -1.29854
3457.76 -1.30354
3458.13 -1.30856
3458.5 -1.30804
3458.86 -1.31307
3459.23 -1.31815
3459.59 -1.32329
3459.96 -1.32848
3460.33 -1.33376
3460.69 -1.33916
3461.06 -1.34468
3461.43 -1.3499
3461.79 -1.35584
3462.16 -1.36195
3462.52 -1.36823
3462.89 -1.37467
3463.26 -1.38129
3463.62 -1.38809
3463.99 -1.39504
3464.36 -1.40211
3464.72 -1.40315
3465.09 -1.4104
3465.45 -1.41759
3465.82 -1.42464
3466.19 -1.43148
3466.55 -1.43805
3466.92 -1.44422
3467.28 -1.44993
3467.65 -1.45621
3468.02 -1.46053
3468.38 -1.46408
3468.75 -1.46679
3469.12 -1.46864
3469.48 -1.46961
3469.85 -1.46967
3470.21 -1.46878
3470.58 -1.46685
3470.95 -1.46379
3471.31 -1.46355
3471.68 -1.45938
3472.05 -1.45403
3472.41 -1.44768
3472.78 -1.44082
3473.14 -1.4343
3473.51 -1.42928
3473.88 -1.42534
3474.24 -1.42278
3474.61 -1.42151
3474.98 -1.42134
3475.34 -1.42215
3475.71 -1.42378
3476.07 -1.42614
3476.44 -1.42914
3476.81 -1.43269
3477.17 -1.43674
3477.54 -1.44122
3477.91 -1.44289
3478.27 -1.44762
3478.64 -1.45238
3479 -1.45702
3479.37 -1.46146
3479.74 -1.46608
3480.1 -1.46977
3480.47 -1.47324
3480.83 -1.47648
3481.2 -1.47956
3481.57 -1.48255
3481.93 -1.48557
3482.3 -1.48871
3482.67 -1.49206
3483.03 -1.49571
3483.4 -1.4997
3483.76 -1.50407
3484.13 -1.50878
3484.5 -1.51427
3484.86 -1.51962
3485.23 -1.5247
3485.6 -1.52919
3485.96 -1.53782
3486.33 -1.54045
3486.69 -1.54269
3487.06 -1.54491
3487.43 -1.54744
3487.79 -1.55047
3488.16 -1.5541
3488.53 -1.55832
3488.89 -1.56317
3489.26 -1.56866
3489.62 -1.57485
3489.99 -1.5818
3490.36 -1.58954
3490.72 -1.59802
3491.09 -1.60422
3491.45 -1.61349
3491.82 -1.6231
3492.19 -1.63835
3492.55 -1.64722
3492.92 -1.65564
3493.29 -1.66362
3493.65 -1.67115
3494.02 -1.67829
3494.38 -1.68504
3494.75 -1.69142
3495.12 -1.69744
3495.48 -1.70312
3495.85 -1.70847
3496.22 -1.71346
3496.58 -1.71804
3496.95 -1.72221
3497.31 -1.72103
3497.68 -1.72453
3498.05 -1.7276
3498.41 -1.72843
3498.78 -1.73059
3499.15 -1.73241
3499.51 -1.73391
3499.88 -1.73511
3500.24 -1.73601
3500.61 -1.73665
3500.98 -1.73708
3501.34 -1.73734
3501.71 -1.73752
3502.07 -1.73767
3502.44 -1.73785
3502.81 -1.73814
3503.17 -1.73853
3503.54 -1.73905
3503.91 -1.73554
3504.27 -1.7324
3504.64 -1.73291
3505 -1.73338
3505.37 -1.73374
3505.74 -1.73386
3506.1 -1.73367
3506.47 -1.73309
3506.84 -1.73201
3507.2 -1.73042
3507.57 -1.72822
3507.93 -1.72537
3508.3 -1.72179
3508.67 -1.7174
3509.03 -1.71207
3509.4 -1.7057
3509.77 -1.69812
3510.13 -1.68913
3510.5 -1.68014
3510.86 -1.66991
3511.23 -1.65761
3511.6 -1.64236
3511.96 -1.62211
3512.33 -1.5915
3512.7 -1.5713
3513.06 -1.5565
3513.43 -1.54507
3513.79 -1.53617
3514.16 -1.52941
3514.53 -1.52454
3514.89 -1.52135
3515.26 -1.51963
3515.62 -1.51915
3515.99 -1.51962
3516.36 -1.52078
3516.72 -1.52347
3517.09 -1.52399
3517.46 -1.52452
3517.82 -1.52491
3518.19 -1.52505
3518.55 -1.52491
3518.92 -1.52442
3519.29 -1.52356
3519.65 -1.52231
3520.02 -1.52067
3520.39 -1.51862
3520.75 -1.51622
3521.12 -1.5135
3521.48 -1.51053
3521.85 -1.50737
3522.22 -1.50409
3522.58 -1.50076
3522.95 -1.49282
3523.32 -1.48975
3523.68 -1.48563
3524.05 -1.48293
3524.41 -1.48037
3524.78 -1.47793
3525.15 -1.47558
3525.51 -1.47331
3525.88 -1.47109
3526.24 -1.46888
3526.61 -1.46663
3526.98 -1.46432
3527.34 -1.46194
3527.71 -1.45948
3528.08 -1.45692
3528.44 -1.45419
3528.81 -1.45122
3529.17 -1.44502
3529.54 -1.44096
3529.91 -1.43643
3530.27 -1.43252
3530.64 -1.42726
3531.01 -1.42172
3531.37 -1.41592
3531.74 -1.40987
3532.1 -1.40356
3532.47 -1.39693
3532.84 -1.38995
3533.2 -1.38263
3533.57 -1.37497
3533.94 -1.36705
3534.3 -1.35899
3534.67 -1.35094
3535.03 -1.3431
3535.4 -1.33233
3535.77 -1.32555
3536.13 -1.31942
3536.5 -1.3159
3536.86 -1.31026
3537.23 -1.30516
3537.6 -1.3005
3537.96 -1.29625
3538.33 -1.29236
3538.7 -1.28878
3539.06 -1.28545
3539.43 -1.28231
3539.79 -1.27928
3540.16 -1.27632
3540.53 -1.27341
3540.89 -1.27055
3541.26 -1.26364
3541.63 -1.26082
3541.99 -1.25782
3542.36 -1.25452
3542.72 -1.25088
3543.09 -1.24683
3543.46 -1.2427
3543.82 -1.23814
3544.19 -1.23307
3544.56 -1.22745
3544.92 -1.22117
3545.29 -1.21419
3545.65 -1.20643
3546.02 -1.19787
3546.39 -1.18846
3546.75 -1.17815
3547.12 -1.16686
3547.49 -1.15072
3547.85 -1.13736
3548.22 -1.12334
3548.58 -1.10902
3548.95 -1.09466
3549.32 -1.08044
3549.68 -1.07597
3550.05 -1.06201
3550.41 -1.04825
3550.78 -1.03465
3551.15 -1.02115
3551.51 -1.00768
3551.88 -0.994186
3552.25 -0.98056
3552.61 -0.966644
3552.98 -0.952217
3553.34 -0.936935
3553.71 -0.917664
3554.08 -0.898819
3554.44 -0.876671
3554.81 -0.849464
3555.18 -0.820885
3555.54 -0.797249
3555.91 -0.776917
3556.27 -0.771896
3556.64 -0.753311
3557.01 -0.736252
3557.37 -0.720322
3557.74 -0.705315
3558.11 -0.691055
3558.47 -0.677475
3558.84 -0.664528
3559.2 -0.652206
3559.57 -0.640511
3559.94 -0.622978
3560.3 -0.612579
3560.67 -0.602737
3561.03 -0.593353
3561.4 -0.584366
3561.77 -0.575684
3562.13 -0.567238
3562.5 -0.558952
3562.87 -0.552971
3563.23 -0.544899
3563.6 -0.536873
3563.96 -0.528847
3564.33 -0.52079
3564.7 -0.51268
3565.06 -0.504562
3565.43 -0.49649
3565.8 -0.488571
3566.16 -0.477516
3566.53 -0.470711
3566.89 -0.464523
3567.26 -0.459053
3567.63 -0.454338
3567.99 -0.450356
3568.36 -0.447006
3568.73 -0.444221
3569.09 -0.44323
3569.46 -0.440895
3569.82 -0.438805
3570.19 -0.436859
3570.56 -0.434906
3570.92 -0.432861
3571.29 -0.430649
3571.66 -0.428261
3572.02 -0.423676
3572.39 -0.42115
3572.75 -0.418716
3573.12 -0.416389
3573.49 -0.414162
3573.85 -0.412003
3574.22 -0.409912
3574.58 -0.407906
3574.95 -0.406075
3575.32 -0.404442
3575.68 -0.404686
3576.05 -0.403664
3576.42 -0.402863
3576.78 -0.402267
3577.15 -0.401855
3577.51 -0.401665
3577.88 -0.401649
3578.25 -0.403969
3578.61 -0.403862
3578.98 -0.40332
3579.35 -0.402168
3579.71 -0.400284
3580.08 -0.397568
3580.44 -0.393959
3580.81 -0.389374
3581.18 -0.383759
3581.54 -0.377106
3581.91 -0.369476
3582.28 -0.370483
3582.64 -0.362183
3583.01 -0.353447
3583.37 -0.344673
3583.74 -0.336166
3584.11 -0.328125
3584.47 -0.321808
3584.84 -0.31456
3585.2 -0.307587
3585.57 -0.300758
3585.94 -0.29393
3586.3 -0.286942
3586.67 -0.279671
3587.04 -0.271912
3587.4 -0.263435
3587.77 -0.253929
3588.13 -0.242935
3588.5 -0.229797
3588.87 -0.230759
3589.23 -0.214439
3589.6 -0.192352
3589.97 -0.167961
3590.33 -0.150436
3590.7 -0.137947
3591.06 -0.126953
3591.43 -0.117874
3591.8 -0.110313
3592.16 -0.103981
3592.53 -0.0987244
3592.9 -0.0944595
3593.26 -0.0911255
3593.63 -0.0886917
3593.99 -0.0871277
3594.36 -0.0863876
3594.73 -0.0864716
3595.09 -0.0873566
3595.46 -0.0906296
3595.82 -0.0929031
3596.19 -0.0962601
3596.56 -0.100891
3596.92 -0.114632
3597.29 -0.124283
3597.66 -0.136612
3598.02 -0.152359
3598.39 -0.173164
3598.75 -0.205452
3599.12 -0.230728
3599.49 -0.250313
3599.85 -0.267021
3600.22 -0.281998
3600.59 -0.295883
3600.95 -0.309128
3601.32 -0.322067
3601.68 -0.334915
3602.05 -0.344666
3602.42 -0.357948
3602.78 -0.371719
3603.15 -0.398407
3603.52 -0.414642
3603.88 -0.43148
3604.25 -0.448128
3604.61 -0.463661
3604.98 -0.477562
3605.35 -0.489746
3605.71 -0.500351
3606.08 -0.509575
3606.45 -0.517616
3606.81 -0.524628
3607.18 -0.530785
3607.54 -0.53624
3607.91 -0.541153
3608.28 -0.545532
3608.64 -0.54995
3609.01 -0.55854
3609.37 -0.562836
3609.74 -0.567207
3610.11 -0.571747
3610.47 -0.576576
3610.84 -0.581802
3611.21 -0.587532
3611.57 -0.593864
3611.94 -0.600845
3612.3 -0.608498
3612.67 -0.616806
3613.04 -0.62574
3613.4 -0.635269
3613.77 -0.645363
3614.14 -0.656036
3614.5 -0.66732
3614.87 -0.678452
3615.23 -0.703445
3615.6 -0.717148
3615.97 -0.731148
3616.33 -0.745277
3616.7 -0.759415
3617.07 -0.773537
3617.43 -0.787689
3617.8 -0.801933
3618.16 -0.81633
3618.53 -0.830879
3618.9 -0.845535
3619.26 -0.860184
3619.63 -0.874649
3619.99 -0.888718
3620.36 -0.902184
3620.73 -0.914909
3621.09 -0.926765
3621.46 -0.944229
3621.83 -0.953568
3622.19 -0.962059
3622.56 -0.969772
3622.92 -0.976707
3623.29 -0.982887
3623.66 -0.988304
3624.02 -0.992943
3624.39 -0.996803
3624.76 -0.999947
3625.12 -1.00248
3625.49 -1.00454
3625.85 -1.00629
3626.22 -1.00784
3626.59 -1.00929
3626.95 -1.01073
3627.32 -1.01216
3627.69 -1.01591
3628.05 -1.0183
3628.42 -1.01991
3628.78 -1.02134
3629.15 -1.02248
3629.52 -1.02319
3629.88 -1.02338
3630.25 -1.02289
3630.61 -1.02164
3630.98 -1.01953
3631.35 -1.01648
3631.71 -1.01241
3632.08 -1.0072
3632.45 -1.00082
3632.81 -0.993324
3633.18 -0.985207
3633.54 -0.977539
3633.91 -0.976105
3634.28 -0.972893
3634.64 -0.978729
3635.01 -0.978142
3635.38 -0.979141
3635.74 -0.981232
3636.11 -0.984001
3636.47 -0.987129
3636.84 -0.990433
3637.21 -0.99379
3637.57 -0.997093
3637.94 -1.00027
3638.31 -1.00323
3638.67 -1.00597
3639.04 -1.00845
3639.4 -1.01066
3639.77 -1.01322
3640.14 -1.01481
3640.5 -1.01621
3640.87 -1.01624
3641.24 -1.01727
3641.6 -1.01812
3641.97 -1.01884
3642.33 -1.01951
3642.7 -1.02018
3643.07 -1.02094
3643.43 -1.02185
3643.8 -1.02296
3644.16 -1.02431
3644.53 -1.02593
3644.9 -1.02783
3645.26 -1.02996
3645.63 -1.03228
3646 -1.0345
3646.36 -1.0366
3646.73 -1.03847
3647.09 -1.04003
3647.46 -1.03889
3647.83 -1.03983
3648.19 -1.04036
3648.56 -1.0405
3648.93 -1.04025
3649.29 -1.0396
3649.66 -1.03856
3650.02 -1.03711
3650.39 -1.03522
3650.76 -1.03294
3651.12 -1.03027
3651.49 -1.0273
3651.86 -1.02409
3652.22 -1.01925
3652.59 -1.01584
3652.95 -1.01228
3653.32 -1.00866
3653.69 -1.00512
3654.05 -1.00472
3654.42 -1.00165
3654.78 -0.99897
3655.15 -0.996841
3655.52 -0.995438
3655.88 -0.994957
3656.25 -0.995583
3656.62 -0.997444
3656.98 -1.00062
3657.35 -1.00513
3657.71 -1.01105
3658.08 -1.01852
3658.45 -1.03773
3658.81 -1.0527
3659.18 -1.07336
3659.55 -1.09594
3659.91 -1.11228
3660.28 -1.12486
3660.64 -1.13337
3661.01 -1.14155
3661.38 -1.14809
3661.74 -1.15326
3662.11 -1.15725
3662.48 -1.16025
3662.84 -1.16244
3663.21 -1.16396
3663.57 -1.16502
3663.94 -1.16576
3664.31 -1.16634
3664.67 -1.16702
3665.04 -1.16734
3665.41 -1.16776
3665.77 -1.1683
3666.14 -1.16894
3666.5 -1.16962
3666.87 -1.17033
3667.24 -1.17013
3667.6 -1.17088
3667.97 -1.17159
3668.33 -1.17225
3668.7 -1.17284
3669.07 -1.17336
3669.43 -1.17384
3669.8 -1.17433
3670.17 -1.17485
3670.53 -1.17542
3670.9 -1.17686
3671.26 -1.17751
3671.63 -1.17809
3672 -1.17858
3672.36 -1.17902
3672.73 -1.17945
3673.1 -1.18
3673.46 -1.18082
3673.83 -1.18346
3674.19 -1.18521
3674.56 -1.18769
3674.93 -1.19104
3675.29 -1.19532
3675.66 -1.20053
3676.03 -1.20657
3676.39 -1.21327
3676.76 -1.228
3677.12 -1.23565
3677.49 -1.24342
3677.86 -1.2513
3678.22 -1.25939
3678.59 -1.26793
3678.95 -1.2772
3679.32 -1.28764
3679.69 -1.29971
3680.05 -1.31323
3680.42 -1.33104
3680.79 -1.35391
3681.15 -1.37533
3681.52 -1.39173
3681.88 -1.40481
3682.25 -1.41562
3682.62 -1.42479
3682.98 -1.43845
3683.35 -1.44473
3683.72 -1.45053
3684.08 -1.45602
3684.45 -1.46128
3684.81 -1.46639
3685.18 -1.47141
3685.55 -1.47631
3685.91 -1.48112
3686.28 -1.48586
3686.65 -1.48673
3687.01 -1.4912
3687.38 -1.49566
3687.74 -1.50015
3688.11 -1.50468
3688.48 -1.50928
3688.84 -1.51393
3689.21 -1.51891
3689.57 -1.5239
3689.94 -1.52903
3690.31 -1.53432
3690.67 -1.53979
3691.04 -1.54551
3691.41 -1.55155
3691.77 -1.558
3692.14 -1.56489
3692.5 -1.57223
3692.87 -1.57992
3693.24 -1.584
3693.6 -1.59197
3693.97 -1.59972
3694.34 -1.60707
3694.7 -1.61388
3695.07 -1.62015
3695.43 -1.62714
3695.8 -1.63204
3696.17 -1.63663
3696.53 -1.64095
3696.9 -1.64503
3697.27 -1.64893
3697.63 -1.65269
3698 -1.65634
3698.36 -1.6599
3698.73 -1.66338
3699.1 -1.66675
3699.46 -1.66991
3699.83 -1.6722
3700.2 -1.67522
3700.56 -1.67772
3700.93 -1.67953
3701.29 -1.68063
3701.66 -1.6839
3702.03 -1.68351
3702.39 -1.68236
3702.76 -1.68049
3703.12 -1.67793
3703.49 -1.67476
3703.86 -1.67106
3704.22 -1.66696
3704.59 -1.66256
3704.96 -1.65788
3705.32 -1.65293
3705.69 -1.64777
3706.05 -1.64251
3706.42 -1.64536
3706.79 -1.64027
3707.15 -1.63553
3707.52 -1.63425
3707.89 -1.63054
3708.25 -1.62735
3708.62 -1.62469
3708.98 -1.62254
3709.35 -1.62096
3709.72 -1.61998
3710.08 -1.61968
3710.45 -1.62012
3710.82 -1.62137
3711.18 -1.62349
3711.55 -1.62655
3711.91 -1.63062
3712.28 -1.63573
3712.65 -1.64462
3713.01 -1.6514
3713.38 -1.65896
3713.74 -1.67744
3714.11 -1.68583
3714.48 -1.69428
3714.84 -1.70272
3715.21 -1.71114
3715.58 -1.7195
3715.94 -1.72788
3716.31 -1.73634
3716.67 -1.7449
3717.04 -1.75358
3717.41 -1.76233
3717.77 -1.77109
3718.14 -1.77975
3718.51 -1.78827
3718.87 -1.79661
3719.24 -1.80284
3719.6 -1.81066
3719.97 -1.82388
3720.34 -1.83138
3720.7 -1.83891
3721.07 -1.8465
3721.44 -1.8542
3721.8 -1.86205
3722.17 -1.87008
3722.53 -1.87833
3722.9 -1.88684
3723.27 -1.89561
3723.63 -1.90461
3724 -1.91378
3724.36 -1.92295
3724.73 -1.93195
3725.1 -1.94067
3725.46 -1.94909
3725.83 -1.9558
3726.2 -1.97008
3726.56 -1.97768
3726.93 -1.98519
3727.29 -1.99267
3727.66 -2.00021
3728.03 -2.00786
3728.39 -2.01566
3728.76 -2.02361
3729.13 -2.03172
3729.49 -2.03992
3729.86 -2.04813
3730.22 -2.05627
3730.59 -2.06426
3730.96 -2.07199
3731.32 -2.07935
3731.69 -2.08614
3732.06 -2.09219
3732.42 -2.10161
3732.79 -2.10499
3733.15 -2.10725
3733.52 -2.10849
3733.89 -2.10886
3734.25 -2.10851
3734.62 -2.10766
3734.99 -2.1065
3735.35 -2.10519
3735.72 -2.10384
3736.08 -2.10256
3736.45 -2.10136
3736.82 -2.10028
3737.18 -2.09933
3737.55 -2.0985
3737.91 -2.09779
3738.28 -2.09332
3738.65 -2.09258
3739.01 -2.08834
3739.38 -2.08743
3739.75 -2.08652
3740.11 -2.08563
3740.48 -2.08481
3740.84 -2.08404
3741.21 -2.08338
3741.58 -2.08281
3741.94 -2.08235
3742.31 -2.082
3742.68 -2.08175
3743.04 -2.08155
3743.41 -2.0814
3743.77 -2.08129
3744.14 -2.08125
3744.51 -2.07838
3744.87 -2.079
3745.24 -2.07984
3745.61 -2.07863
3745.97 -2.08046
3746.34 -2.0827
3746.7 -2.08549
3747.07 -2.08894
3747.44 -2.09325
3747.8 -2.09856
3748.17 -2.10518
3748.53 -2.11337
3748.9 -2.12341
3749.27 -2.13502
3749.63 -2.14695
3750 -2.15773
3750.37 -2.16696
3750.73 -2.17909
3751.1 -2.18468
3751.46 -2.18946
3751.83 -2.19104
3752.2 -2.19437
3752.56 -2.19704
3752.93 -2.19908
3753.3 -2.20054
3753.66 -2.20146
3754.03 -2.20192
3754.39 -2.20192
3754.76 -2.20152
3755.13 -2.20075
3755.49 -2.19968
3755.86 -2.19837
3756.23 -2.19691
3756.59 -2.19536
3756.96 -2.18935
3757.32 -2.18764
3757.69 -2.18596
3758.06 -2.18428
3758.42 -2.17975
3758.79 -2.17807
3759.16 -2.17636
3759.52 -2.17458
3759.89 -2.17275
3760.25 -2.17086
3760.62 -2.16893
3760.99 -2.16697
3761.35 -2.16496
3761.72 -2.16288
3762.08 -2.16068
3762.45 -2.15832
3762.82 -2.15578
3763.18 -2.14748
3763.55 -2.14458
3763.92 -2.14166
3764.28 -2.13884
3764.65 -2.13626
3765.01 -2.13064
3765.38 -2.12847
3765.75 -2.12666
3766.11 -2.12518
3766.48 -2.12397
3766.85 -2.12297
3767.21 -2.12212
3767.58 -2.12136
3767.94 -2.12062
3768.31 -2.11987
3768.68 -2.11905
3769.04 -2.1181
3769.41 -2.11267
3769.78 -2.11176
3770.14 -2.11097
3770.51 -2.11037
3770.87 -2.11004
3771.24 -2.11005
3771.61 -2.10692
3771.97 -2.10759
3772.34 -2.10869
3772.7 -2.11022
3773.07 -2.11218
3773.44 -2.11457
3773.8 -2.11735
3774.17 -2.12049
3774.54 -2.12399
3774.9 -2.12782
3775.27 -2.13107
3775.63 -2.13544
3776 -2.13992
3776.37 -2.14441
3776.73 -2.1489
3777.1 -2.15332
3777.47 -2.15766
3777.83 -2.16187
3778.2 -2.16087
3778.56 -2.16494
3778.93 -2.16891
3779.3 -2.17281
3779.66 -2.17669
3780.03 -2.18064
3780.4 -2.18474
3780.76 -2.18903
3781.13 -2.1935
3781.49 -2.19952
3781.86 -2.20411
3782.23 -2.20847
3782.59 -2.21255
3782.96 -2.21635
3783.32 -2.21986
3783.69 -2.2231
3784.06 -2.2261
3784.42 -2.22517
3784.79 -2.22782
3785.16 -2.23039
3785.52 -2.23293
3785.89 -2.2354
3786.25 -2.23785
3786.62 -2.2402
3786.99 -2.24245
3787.35 -2.24454
3787.72 -2.24379
3788.09 -2.24541
3788.45 -2.24701
3788.82 -2.24856
3789.18 -2.25008
3789.55 -2.25156
3789.92 -2.25297
3790.28 -2.25427
3790.65 -2.25547
3791.02 -2.25175
3791.38 -2.25281
3791.75 -2.25379
3792.11 -2.25473
3792.48 -2.25565
3792.85 -2.25661
3793.21 -2.25764
3793.58 -2.25877
3793.95 -2.2573
3794.31 -2.25907
3794.68 -2.2611
3795.04 -2.26339
3795.41 -2.26595
3795.78 -2.26876
3796.14 -2.27184
3796.51 -2.27516
3796.87 -2.27872
3797.24 -2.28248
3797.61 -2.28249
3797.97 -2.28654
3798.34 -2.2907
3798.71 -2.29488
3799.07 -2.2989
3799.44 -2.30263
3799.8 -2.30585
3800.17 -2.30699
3800.54 -2.30854
3800.9 -2.30949
3801.27 -2.30989
3801.64 -2.30982
3802 -2.3094
3802.37 -2.3088
3802.73 -2.30813
3803.1 -2.30748
3803.47 -2.30689
3803.83 -2.30635
3804.2 -2.30313
3804.57 -2.30262
3804.93 -2.30213
3805.3 -2.30164
3805.66 -2.30112
3806.03 -2.29771
3806.4 -2.29711
3806.76 -2.29642
3807.13 -2.29565
3807.49 -2.29487
3807.86 -2.29415
3808.23 -2.29361
3808.59 -2.29341
3808.96 -2.2937
3809.33 -2.29463
3809.69 -2.29626
3810.06 -2.29858
3810.42 -2.30146
3810.79 -2.30269
3811.16 -2.30558
3811.52 -2.30836
3811.89 -2.31097
3812.26 -2.31196
3812.62 -2.31358
3812.99 -2.31503
3813.35 -2.31635
3813.72 -2.31752
3814.09 -2.3186
3814.45 -2.31958
3814.82 -2.32047
3815.19 -2.32123
3815.55 -2.32185
3815.92 -2.3223
3816.28 -2.32257
3816.65 -2.32265
3817.02 -2.32253
3817.38 -2.31725
3817.75 -2.31686
3818.11 -2.3163
3818.48 -2.31007
3818.85 -2.30932
3819.21 -2.30859
3819.58 -2.30798
3819.95 -2.30749
3820.31 -2.30717
3820.68 -2.30702
3821.04 -2.30699
3821.41 -2.30707
3821.78 -2.30722
3822.14 -2.30743
3822.51 -2.30768
3822.88 -2.30795
3823.24 -2.30823
3823.61 -2.30204
3823.97 -2.30235
3824.34 -2.30267
3824.71 -2.29689
3825.07 -2.29725
3825.44 -2.29758
3825.81 -2.29789
3826.17 -2.29815
3826.54 -2.29839
3826.9 -2.29857
3827.27 -2.29871
3827.64 -2.29877
3828 -2.29877
3828.37 -2.29873
3828.74 -2.29869
3829.1 -2.29874
3829.47 -2.2989
3829.83 -2.29929
3830.2 -2.29605
3830.57 -2.29687
3830.93 -2.29504
3831.3 -2.29627
3831.66 -2.29762
3832.03 -2.29912
3832.4 -2.30079
3832.76 -2.30265
3833.13 -2.30471
3833.5 -2.30695
3833.86 -2.30934
3834.23 -2.31187
3834.59 -2.31451
3834.96 -2.31724
3835.33 -2.31999
3835.69 -2.32277
3836.06 -2.32551
3836.43 -2.32818
3836.79 -2.32434
3837.16 -2.32333
3837.52 -2.32608
3837.89 -2.32881
3838.26 -2.33153
3838.62 -2.33424
3838.99 -2.33688
3839.36 -2.33942
3839.72 -2.34178
3840.09 -2.34384
3840.45 -2.34547
3840.82 -2.34654
3841.19 -2.34697
3841.55 -2.34666
3841.92 -2.34561
3842.28 -2.34383
3842.65 -2.34145
3843.02 -2.3342
3843.38 -2.32969
3843.75 -2.32626
3844.12 -2.32278
3844.48 -2.31939
3844.85 -2.31625
3845.21 -2.31345
3845.58 -2.31109
3845.95 -2.3092
3846.31 -2.3078
3846.68 -2.30687
3847.05 -2.30637
3847.41 -2.30625
3847.78 -2.30646
3848.14 -2.30692
3848.51 -2.30757
3848.88 -2.30835
3849.24 -2.30553
3849.61 -2.30655
3849.98 -2.30287
3850.34 -2.30407
3850.71 -2.30544
3851.07 -2.30691
3851.44 -2.30849
3851.81 -2.31017
3852.17 -2.31193
3852.54 -2.31374
3852.91 -2.31554
3853.27 -2.31731
3853.64 -2.319
3854 -2.32063
3854.37 -2.3222
3854.74 -2.32372
3855.1 -2.32523
3855.47 -2.32462
3855.83 -2.32642
3856.2 -2.32491
3856.57 -2.32691
3856.93 -2.32878
3857.3 -2.3304
3857.67 -2.33163
3858.03 -2.33237
3858.4 -2.33253
3858.76 -2.33204
3859.13 -2.33084
3859.5 -2.32891
3859.86 -2.32626
3860.23 -2.3229
3860.6 -2.31887
3860.96 -2.31425
3861.33 -2.30912
3861.69 -2.30104
3862.06 -2.29503
3862.43 -2.28857
3862.79 -2.28609
3863.16 -2.27915
3863.53 -2.27162
3863.89 -2.26345
3864.26 -2.25456
3864.62 -2.24491
3864.99 -2.23441
3865.36 -2.22289
3865.72 -2.21004
3866.09 -2.19547
3866.45 -2.17873
3866.82 -2.16045
3867.19 -2.14334
3867.55 -2.12865
3867.92 -2.11459
3868.29 -2.10331
3868.65 -2.09317
3869.02 -2.08392
3869.38 -2.08165
3869.75 -2.07302
3870.12 -2.06497
3870.48 -2.05734
3870.85 -2.05
3871.22 -2.04279
3871.58 -2.03557
3871.95 -2.02825
3872.31 -2.02068
3872.68 -2.01268
3873.05 -2.00401
3873.41 -1.9943
3873.78 -1.98058
3874.15 -1.96684
3874.51 -1.94935
3874.88 -1.92824
3875.24 -1.91109
3875.61 -1.89771
3875.98 -1.89429
3876.34 -1.88334
3876.71 -1.87432
3877.07 -1.86681
3877.44 -1.86056
3877.81 -1.85534
3878.17 -1.85099
3878.54 -1.84735
3878.91 -1.84428
3879.27 -1.84172
3879.64 -1.83954
3880 -1.83544
3880.37 -1.83389
3880.74 -1.83245
3881.1 -1.83107
3881.47 -1.82963
3881.84 -1.82806
3882.2 -1.82629
3882.57 -1.82342
3882.93 -1.82121
3883.3 -1.81877
3883.67 -1.81609
3884.03 -1.8132
3884.4 -1.81007
3884.77 -1.80674
3885.13 -1.80315
3885.5 -1.79932
3885.86 -1.79518
3886.23 -1.78542
3886.6 -1.78033
3886.96 -1.77486
3887.33 -1.769
3887.7 -1.76276
3888.06 -1.75615
3888.43 -1.74922
3888.79 -1.74203
3889.16 -1.73544
3889.53 -1.72803
3889.89 -1.72052
3890.26 -1.71299
3890.62 -1.70547
3890.99 -1.69804
3891.36 -1.69078
3891.72 -1.68375
3892.09 -1.67701
3892.46 -1.66536
3892.82 -1.65965
3893.19 -1.65438
3893.55 -1.64957
3893.92 -1.64522
3894.29 -1.64129
3894.65 -1.63768
3895.02 -1.6343
3895.39 -1.6307
3895.75 -1.62743
3896.12 -1.62413
3896.48 -1.62076
3896.85 -1.61726
3897.22 -1.61362
3897.58 -1.60983
3897.95 -1.60589
3898.32 -1.60187
3898.68 -1.59386
3899.05 -1.58982
3899.41 -1.5858
3899.78 -1.58182
3900.15 -1.57784
3900.51 -1.57387
3900.88 -1.56988
3901.24 -1.56583
3901.61 -1.5617
3901.98 -1.5583
3902.34 -1.55388
3902.71 -1.54914
3903.08 -1.54401
3903.44 -1.53848
3903.81 -1.53259
3904.17 -1.52648
3904.54 -1.52028
3904.91 -1.50889
3905.27 -1.50276
3905.64 -1.49685
3906.01 -1.49117
3906.37 -1.48574
3906.74 -1.48055
3907.1 -1.47557
3907.47 -1.47075
3907.84 -1.46602
3908.2 -1.46127
3908.57 -1.45741
3908.94 -1.45293
3909.3 -1.44827
3909.67 -1.44337
3910.03 -1.43814
3910.4 -1.43259
3910.77 -1.42552
3911.13 -1.41976
3911.5 -1.41399
3911.86 -1.40845
3912.23 -1.40343
3912.6 -1.39904
3912.96 -1.39522
3913.33 -1.39181
3913.7 -1.3886
3914.06 -1.38541
3914.43 -1.38208
3914.79 -1.37851
3915.16 -1.37879
3915.53 -1.37466
3915.89 -1.37013
3916.26 -1.36523
3916.63 -1.35995
3916.99 -1.35313
3917.36 -1.3468
3917.72 -1.33999
3918.09 -1.33266
3918.46 -1.32489
3918.82 -1.31675
3919.19 -1.30843
3919.56 -1.30013
3919.92 -1.29208
3920.29 -1.28442
3920.65 -1.27724
3921.02 -1.27057
3921.39 -1.26438
3921.75 -1.26096
3922.12 -1.25518
3922.49 -1.24985
3922.85 -1.24491
3923.22 -1.23669
3923.58 -1.23244
3923.95 -1.22852
3924.32 -1.22495
3924.68 -1.22171
3925.05 -1.2188
3925.41 -1.21622
3925.78 -1.21396
3926.15 -1.21203
3926.51 -1.21041
3926.88 -1.20908
3927.25 -1.20805
3927.61 -1.20732
3927.98 -1.2055
3928.34 -1.20537
3928.71 -1.20561
3929.08 -1.2063
3929.44 -1.20741
3929.81 -1.20953
3930.18 -1.21217
3930.54 -1.21529
3930.91 -1.21885
3931.27 -1.22279
3931.64 -1.22701
3932.01 -1.23141
3932.37 -1.23587
3932.74 -1.24033
3933.11 -1.24474
3933.47 -1.24914
3933.84 -1.25356
3934.2 -1.25807
3934.57 -1.25948
3934.94 -1.26413
3935.3 -1.26894
3935.67 -1.27531
3936.03 -1.2804
3936.4 -1.28555
3936.77 -1.29077
3937.13 -1.29605
3937.5 -1.3014
3937.87 -1.30685
3938.23 -1.31236
3938.6 -1.31794
3938.96 -1.32351
3939.33 -1.32898
3939.7 -1.33428
3940.06 -1.33936
3940.43 -1.34418
3940.8 -1.34869
3941.16 -1.34975
3941.53 -1.35503
3941.89 -1.35904
3942.26 -1.36285
3942.63 -1.36648
3942.99 -1.36996
3943.36 -1.3733
3943.73 -1.37646
3944.09 -1.37935
3944.46 -1.38181
3944.82 -1.38364
3945.19 -1.38474
3945.56 -1.38503
3945.92 -1.38457
3946.29 -1.38354
3946.66 -1.38211
3947.02 -1.38051
3947.39 -1.37892
3947.75 -1.37713
3948.12 -1.37542
3948.49 -1.37424
3948.85 -1.37371
3949.22 -1.37383
3949.58 -1.37466
3949.95 -1.37622
3950.32 -1.37853
3950.68 -1.38168
3951.05 -1.38573
3951.42 -1.39075
3951.78 -1.39677
3952.15 -1.40376
3952.51 -1.41152
3952.88 -1.41981
3953.25 -1.42827
3953.61 -1.43663
3953.98 -1.44816
3954.35 -1.45129
3954.71 -1.4581
3955.08 -1.46432
3955.44 -1.46996
3955.81 -1.47503
3956.18 -1.47954
3956.54 -1.48348
3956.91 -1.48688
3957.28 -1.48972
3957.64 -1.49203
3958.01 -1.49389
3958.37 -1.49533
3958.74 -1.4964
3959.11 -1.49712
3959.47 -1.49747
3959.84 -1.49751
3960.2 -1.49479
3960.57 -1.4921
3960.94 -1.49139
3961.3 -1.49077
3961.67 -1.49029
3962.04 -1.49003
3962.4 -1.49003
3962.77 -1.4903
3963.13 -1.49082
3963.5 -1.49155
3963.87 -1.49246
3964.23 -1.49344
3964.6 -1.49443
3964.97 -1.49535
3965.33 -1.49612
3965.7 -1.49667
3966.06 -1.49695
3966.43 -1.49295
3966.8 -1.49257
3967.16 -1.48856
3967.53 -1.48803
3967.9 -1.48746
3968.26 -1.48695
3968.63 -1.48665
3968.99 -1.48666
3969.36 -1.48709
3969.73 -1.48804
3970.09 -1.4896
3970.46 -1.49181
3970.82 -1.49465
3971.19 -1.49809
3971.56 -1.50202
3971.92 -1.50636
3972.29 -1.51099
3972.66 -1.51642
3973.02 -1.52123
3973.39 -1.52596
3973.75 -1.52646
3974.12 -1.53101
3974.49 -1.53543
3974.85 -1.53972
3975.22 -1.54388
3975.59 -1.54795
3975.95 -1.55196
3976.32 -1.55593
3976.68 -1.55984
3977.05 -1.56361
3977.42 -1.56711
3977.78 -1.57028
3978.15 -1.57304
3978.52 -1.57352
3978.88 -1.57511
3979.25 -1.57631
3979.61 -1.57718
3979.98 -1.57775
3980.35 -1.57461
3980.71 -1.57478
3981.08 -1.57481
3981.45 -1.57478
3981.81 -1.57475
3982.18 -1.57481
3982.54 -1.57494
3982.91 -1.5752
3983.28 -1.57555
3983.64 -1.57596
3984.01 -1.57637
3984.37 -1.57674
3984.74 -1.57288
3985.11 -1.57295
3985.47 -1.57283
3985.84 -1.57252
3986.21 -1.57201
3986.57 -1.57128
3986.94 -1.56704
3987.3 -1.56612
3987.67 -1.56506
3988.04 -1.56388
3988.4 -1.56267
3988.77 -1.56152
3989.14 -1.56057
3989.5 -1.55995
3989.87 -1.55978
3990.23 -1.56014
3990.6 -1.56116
3990.97 -1.56071
3991.33 -1.56362
3991.7 -1.56733
3992.07 -1.57172
3992.43 -1.57674
3992.8 -1.58228
3993.16 -1.58826
3993.53 -1.5882
3993.9 -1.59483
3994.26 -1.60188
3994.63 -1.60932
3994.99 -1.61722
3995.36 -1.62563
3995.73 -1.63469
3996.09 -1.64455
3996.46 -1.65534
3996.83 -1.66716
3997.19 -1.68649
3997.56 -1.69925
3997.92 -1.71107
3998.29 -1.72174
3998.66 -1.73134
3999.02 -1.74002
3999.39 -1.74794
3999.76 -1.74918
4000.12 -1.7561
4000.49 -1.76257
4000.85 -1.76863
4001.22 -1.7743
4001.59 -1.77958
4001.95 -1.78442
4002.32 -1.78883
4002.69 -1.79275
4003.05 -1.79617
4003.42 -1.79806
4003.78 -1.80025
4004.15 -1.80191
4004.52 -1.80306
4004.88 -1.80378
4005.25 -1.80413
4005.61 -1.8042
4005.98 -1.80407
4006.35 -1.80186
4006.71 -1.80149
4007.08 -1.80106
4007.45 -1.80068
4007.81 -1.80042
4008.18 -1.80036
4008.54 -1.80053
4008.91 -1.80095
4009.28 -1.79946
4009.64 -1.80045
4010.01 -1.80166
4010.38 -1.80305
4010.74 -1.80465
4011.11 -1.80645
4011.47 -1.80846
4011.84 -1.81072
4012.21 -1.81328
4012.57 -1.81619
4012.94 -1.81831
4013.31 -1.8225
4013.67 -1.82728
4014.04 -1.83275
4014.4 -1.83906
4014.77 -1.84644
4015.14 -1.85508
4015.5 -1.87517
4015.87 -1.8837
4016.24 -1.89049
4016.6 -1.89568
4016.97 -1.89949
4017.33 -1.90217
4017.7 -1.90385
4018.07 -1.9047
4018.43 -1.90479
4018.8 -1.90422
4019.16 -1.90308
4019.53 -1.90118
4019.9 -1.89902
4020.26 -1.89646
4020.63 -1.89352
4021 -1.89017
4021.36 -1.88644
4021.73 -1.87778
4022.09 -1.87306
4022.46 -1.86813
4022.83 -1.86311
4023.19 -1.85809
4023.56 -1.85314
4023.93 -1.84832
4024.29 -1.84364
4024.66 -1.83912
4025.02 -1.83475
4025.39 -1.83056
4025.76 -1.82652
4026.12 -1.82181
4026.49 -1.81805
4026.86 -1.81443
4027.22 -1.81093
4027.59 -1.80752
4027.95 -1.80062
4028.32 -1.79762
4028.69 -1.79471
4029.05 -1.79193
4029.42 -1.78931
4029.78 -1.78691
4030.15 -1.78474
4030.52 -1.78284
4030.88 -1.7812
4031.25 -1.77985
4031.62 -1.7788
4031.98 -1.77803
4032.35 -1.77725
4032.71 -1.77715
4033.08 -1.77737
4033.45 -1.77794
4033.81 -1.7789
4034.18 -1.78281
4034.55 -1.78561
4034.91 -1.78915
4035.28 -1.79359
4035.64 -1.79915
4036.01 -1.80598
4036.38 -1.81378
4036.74 -1.82111
4037.11 -1.82642
4037.48 -1.8292
4037.84 -1.82925
4038.21 -1.82624
4038.57 -1.8195
4038.94 -1.82333
4039.31 -1.81041
4039.67 -1.78666
4040.04 -1.76862
4040.41 -1.75517
4040.77 -1.74335
4041.14 -1.73273
4041.5 -1.72276
4041.87 -1.71304
4042.24 -1.70332
4042.6 -1.69338
4042.97 -1.68308
4043.33 -1.6723
4043.7 -1.6609
4044.07 -1.64876
4044.43 -1.63577
4044.8 -1.6219
4045.17 -1.6074
4045.53 -1.60461
4045.9 -1.59025
4046.26 -1.57426
4046.63 -1.56214
4047 -1.55141
4047.36 -1.54193
4047.73 -1.53354
4048.1 -1.52603
4048.46 -1.51923
4048.83 -1.51299
4049.19 -1.50721
4049.56 -1.50176
4049.93 -1.49657
4050.29 -1.49157
4050.66 -1.48671
4051.03 -1.48196
4051.39 -1.47733
4051.76 -1.47283
4052.12 -1.47204
4052.49 -1.46815
4052.86 -1.465
4053.22 -1.46223
4053.59 -1.45985
4053.95 -1.45781
4054.32 -1.45602
4054.69 -1.45425
4055.05 -1.45224
4055.42 -1.44971
4055.79 -1.44653
4056.15 -1.44267
4056.52 -1.43816
4056.88 -1.43304
4057.25 -1.42738
4057.62 -1.42122
4057.98 -1.41474
4058.35 -1.40817
4058.72 -1.41837
4059.08 -1.41334
4059.45 -1.40887
4059.81 -1.40475
4060.18 -1.40047
4060.55 -1.39552
4060.91 -1.3896
4061.28 -1.38261
4061.65 -1.37461
4062.01 -1.36575
4062.38 -1.35621
4062.74 -1.34625
4063.11 -1.33614
4063.48 -1.32608
4063.84 -1.31626
4064.21 -1.30678
4064.57 -1.29771
4064.94 -1.28741
4065.31 -1.28555
4065.67 -1.27717
4066.04 -1.26939
4066.41 -1.26217
4066.77 -1.25552
4067.14 -1.24943
4067.5 -1.2439
4067.87 -1.23897
4068.24 -1.23467
4068.6 -1.23101
4068.97 -1.228
4069.34 -1.22558
4069.7 -1.22369
4070.07 -1.22227
4070.43 -1.22127
4070.8 -1.22061
4071.17 -1.22189
4071.53 -1.22375
4071.9 -1.22401
4072.27 -1.22432
4072.63 -1.22462
4073 -1.22496
4073.36 -1.22535
4073.73 -1.22585
4074.1 -1.22647
4074.46 -1.22728
4074.83 -1.22829
4075.2 -1.22948
4075.56 -1.23076
4075.93 -1.23204
4076.29 -1.2332
4076.66 -1.23418
4077.03 -1.23757
4077.39 -1.23813
4077.76 -1.23842
4078.12 -1.2412
4078.49 -1.24115
4078.86 -1.24055
4079.22 -1.23927
4079.59 -1.23715
4079.96 -1.23418
4080.32 -1.23039
4080.69 -1.22605
4081.05 -1.22144
4081.42 -1.21682
4081.79 -1.21234
4082.15 -1.20804
4082.52 -1.20393
4082.89 -1.2
4083.25 -1.19471
4083.62 -1.19103
4083.98 -1.18768
4084.35 -1.18461
4084.72 -1.1827
4085.08 -1.17998
4085.45 -1.17759
4085.82 -1.17554
4086.18 -1.17383
4086.55 -1.17246
4086.91 -1.17146
4087.28 -1.17081
4087.65 -1.17048
4088.01 -1.17041
4088.38 -1.17053
4088.74 -1.17077
4089.11 -1.17102
4089.48 -1.17077
4089.84 -1.17081
4090.21 -1.17079
4090.58 -1.1707
4090.94 -1.17063
4091.31 -1.17053
4091.67 -1.1708
4092.04 -1.17135
4092.41 -1.17231
4092.77 -1.17384
4093.14 -1.17607
4093.51 -1.17908
4093.87 -1.18295
4094.24 -1.18775
4094.6 -1.19353
4094.97 -1.20038
4095.34 -1.20834
4095.7 -1.22598
4096.07 -1.23779
4096.44 -1.25101
4096.8 -1.26551
4097.17 -1.28101
4097.53 -1.29714
4097.9 -1.31149
4098.27 -1.32804
4098.63 -1.34445
4099 -1.36061
4099.36 -1.37646
4099.73 -1.39198
4100.1 -1.40716
4100.46 -1.42195
4100.83 -1.43634
4101.2 -1.45026
4101.56 -1.46371
4101.93 -1.48902
4102.29 -1.50146
4102.66 -1.51344
4103.03 -1.52483
4103.39 -1.53538
4103.76 -1.54486
4104.13 -1.55473
4104.49 -1.56246
4104.86 -1.56905
4105.22 -1.57446
4105.59 -1.57857
4105.96 -1.58113
4106.32 -1.58184
4106.69 -1.58019
4107.06 -1.5753
4107.42 -1.56523
4107.79 -1.55336
4108.15 -1.55286
4108.52 -1.54929
4108.89 -1.54766
4109.25 -1.54745
4109.62 -1.54834
4109.98 -1.55006
4110.35 -1.5523
4110.72 -1.55689
4111.08 -1.55882
4111.45 -1.56056
4111.82 -1.56199
4112.18 -1.56307
4112.55 -1.56388
4112.91 -1.56445
4113.28 -1.56488
4113.65 -1.56519
4114.01 -1.56507
4114.38 -1.56499
4114.75 -1.56481
4115.11 -1.56451
4115.48 -1.56409
4115.84 -1.56352
4116.21 -1.56278
4116.58 -1.56181
4116.94 -1.56056
4117.31 -1.55868
4117.68 -1.5568
4118.04 -1.55459
4118.41 -1.55206
4118.77 -1.54924
4119.14 -1.54614
4119.51 -1.54279
4119.87 -1.53918
4120.24 -1.53182
4120.6 -1.52774
4120.97 -1.52354
4121.34 -1.51923
4121.7 -1.51479
4122.07 -1.51017
4122.44 -1.50537
4122.8 -1.50034
4123.17 -1.49509
4123.53 -1.48958
4123.9 -1.4863
4124.27 -1.48067
4124.63 -1.47475
4125 -1.46848
4125.37 -1.46183
4125.73 -1.45485
4126.1 -1.44762
4126.46 -1.43933
4126.83 -1.43233
4127.2 -1.42542
4127.56 -1.41862
4127.93 -1.41198
4128.3 -1.40547
4128.66 -1.39899
4129.03 -1.39237
4129.39 -1.38538
4129.76 -1.37773
4130.13 -1.36909
4130.49 -1.37096
4130.86 -1.36155
4131.23 -1.34994
4131.59 -1.33485
4131.96 -1.32218
4132.32 -1.31503
4132.69 -1.31871
4133.06 -1.31646
4133.42 -1.3148
4133.79 -1.31342
4134.15 -1.31226
4134.52 -1.31133
4134.89 -1.31068
4135.25 -1.31037
4135.62 -1.31042
4135.99 -1.31084
4136.35 -1.31159
4136.72 -1.31261
4137.08 -1.31519
4137.45 -1.31611
4137.82 -1.31698
4138.18 -1.31772
4138.55 -1.31824
4138.92 -1.31897
4139.28 -1.3186
4139.65 -1.31799
4140.01 -1.31717
4140.38 -1.31616
4140.75 -1.31498
4141.11 -1.31364
4141.48 -1.31213
4141.85 -1.31044
4142.21 -1.30858
4142.58 -1.30651
4142.94 -1.30421
4143.31 -1.30346
4143.68 -1.30109
4144.04 -1.29848
4144.41 -1.29565
4144.77 -1.29316
4145.14 -1.29036
4145.51 -1.28755
4145.87 -1.28487
4146.24 -1.28245
4146.61 -1.28046
4146.97 -1.27899
4147.34 -1.27802
4147.7 -1.27744
4148.07 -1.2771
4148.44 -1.27686
4148.8 -1.27657
4149.17 -1.27615
4149.54 -1.27553
4149.9 -1.27527
4150.27 -1.2742
4150.63 -1.27287
4151 -1.27038
4151.37 -1.26833
4151.73 -1.26595
4152.1 -1.26323
4152.47 -1.26019
4152.83 -1.25694
4153.2 -1.25359
4153.56 -1.25021
4153.93 -1.24686
4154.3 -1.24359
4154.66 -1.2404
4155.03 -1.23734
4155.4 -1.23444
4155.76 -1.23174
4156.13 -1.22931
4156.49 -1.22998
4156.86 -1.22806
4157.23 -1.22789
4157.59 -1.22686
4157.96 -1.22617
4158.32 -1.22591
4158.69 -1.22616
4159.06 -1.22705
4159.42 -1.22871
4159.79 -1.23129
4160.16 -1.23492
4160.52 -1.23965
4160.89 -1.24523
4161.25 -1.25102
4161.62 -1.25629
4161.99 -1.26063
4162.35 -1.26395
4162.72 -1.26629
4163.09 -1.27112
4163.45 -1.27605
4163.82 -1.27621
4164.18 -1.27592
4164.55 -1.27515
4164.92 -1.27388
4165.28 -1.27209
4165.65 -1.26981
4166.02 -1.26707
4166.38 -1.2639
4166.75 -1.26031
4167.11 -1.25633
4167.48 -1.25205
4167.85 -1.24767
4168.21 -1.24342
4168.58 -1.23945
4168.94 -1.23577
4169.31 -1.23219
4169.68 -1.2424
4170.04 -1.23747
4170.41 -1.23221
4170.78 -1.22665
4171.14 -1.22086
4171.51 -1.21481
4171.87 -1.20856
4172.24 -1.20213
4172.61 -1.19567
4172.97 -1.18928
4173.34 -1.18307
4173.71 -1.17715
4174.07 -1.17159
4174.44 -1.1664
4174.8 -1.16164
4175.17 -1.1573
4175.54 -1.15344
4175.9 -1.15791
4176.27 -1.1556
4176.64 -1.15387
4177 -1.15267
4177.37 -1.15198
4177.73 -1.15179
4178.1 -1.1522
4178.47 -1.15334
4178.83 -1.1554
4179.2 -1.15852
4179.56 -1.16263
4179.93 -1.167
4180.3 -1.17065
4180.66 -1.17315
4181.03 -1.17455
4181.4 -1.17506
4181.76 -1.18035
4182.13 -1.17884
4182.49 -1.18315
4182.86 -1.18073
4183.23 -1.17796
4183.59 -1.17483
4183.96 -1.17127
4184.33 -1.16727
4184.69 -1.16273
4185.06 -1.15767
4185.42 -1.15208
4185.79 -1.146
4186.16 -1.13946
4186.52 -1.13254
4186.89 -1.12531
4187.26 -1.11784
4187.62 -1.11026
4187.99 -1.10163
4188.35 -1.09426
4188.72 -1.08739
4189.09 -1.08656
4189.45 -1.08058
4189.82 -1.07553
4190.19 -1.07146
4190.55 -1.06836
4190.92 -1.06613
4191.28 -1.06471
4191.65 -1.06396
4192.02 -1.0638
4192.38 -1.06413
4192.75 -1.06487
4193.11 -1.06593
4193.48 -1.06725
4193.85 -1.06874
4194.21 -1.07008
4194.58 -1.07168
4194.95 -1.07336
4195.31 -1.07513
4195.68 -1.07451
4196.04 -1.07638
4196.41 -1.07845
4196.78 -1.08078
4197.14 -1.08345
4197.51 -1.08654
4197.88 -1.09013
4198.24 -1.09429
4198.61 -1.09911
4198.97 -1.10463
4199.34 -1.11093
4199.71 -1.1181
4200.07 -1.12624
4200.44 -1.14297
4200.81 -1.15586
4201.17 -1.17129
4201.54 -1.18907
4201.9 -1.20652
4202.27 -1.21933
4202.64 -1.23319
4203 -1.24558
4203.37 -1.25663
4203.73 -1.26643
4204.1 -1.27508
4204.47 -1.28272
4204.83 -1.28951
4205.2 -1.29554
4205.57 -1.3008
4205.93 -1.30516
4206.3 -1.30841
4206.66 -1.31618
4207.03 -1.3159
4207.4 -1.31358
4207.76 -1.3091
4208.13 -1.30277
4208.5 -1.29578
4208.86 -1.29813
4209.23 -1.29131
4209.59 -1.28554
4209.96 -1.28069
4210.33 -1.2765
4210.69 -1.27279
4211.06 -1.26945
4211.43 -1.26648
4211.79 -1.26387
4212.16 -1.26163
4212.52 -1.25831
4212.89 -1.25685
4213.26 -1.25584
4213.62 -1.25531
4213.99 -1.25529
4214.35 -1.25582
4214.72 -1.25694
4215.09 -1.2564
4215.45 -1.25854
4215.82 -1.26146
4216.19 -1.26527
4216.55 -1.27003
4216.92 -1.27583
4217.28 -1.28269
4217.65 -1.29052
4218.02 -1.29892
4218.38 -1.30723
4218.75 -1.3181
4219.12 -1.32377
4219.48 -1.32858
4219.85 -1.33268
4220.21 -1.33624
4220.58 -1.33936
4220.95 -1.34211
4221.31 -1.34458
4221.68 -1.34293
4222.05 -1.34492
4222.41 -1.34682
4222.78 -1.34872
4223.14 -1.35069
4223.51 -1.3528
4223.88 -1.35506
4224.24 -1.35748
4224.61 -1.36002
4224.98 -1.3607
4225.34 -1.3632
4225.71 -1.36555
4226.07 -1.3677
4226.44 -1.36961
4226.81 -1.3713
4227.17 -1.37281
4227.54 -1.37418
4227.9 -1.37542
4228.27 -1.37266
4228.64 -1.37389
4229 -1.37514
4229.37 -1.37645
4229.74 -1.37788
4230.1 -1.37948
4230.47 -1.38129
4230.83 -1.38335
4231.2 -1.38509
4231.57 -1.38815
4231.93 -1.39146
4232.3 -1.39493
4232.67 -1.39846
4233.03 -1.40192
4233.4 -1.40518
4233.76 -1.40811
4234.13 -1.41058
4234.5 -1.41252
4234.86 -1.41259
4235.23 -1.41357
4235.6 -1.41395
4235.96 -1.41374
4236.33 -1.41296
4236.69 -1.41162
4237.06 -1.40975
4237.43 -1.40453
4237.79 -1.40166
4238.16 -1.39857
4238.52 -1.39532
4238.89 -1.39199
4239.26 -1.3886
4239.62 -1.38518
4239.99 -1.38175
4240.36 -1.3783
4240.72 -1.3748
4241.09 -1.37122
4241.45 -1.36726
4241.82 -1.36339
4242.19 -1.35924
4242.55 -1.35474
4242.92 -1.34982
4243.29 -1.3398
4243.65 -1.33386
4244.02 -1.32749
4244.38 -1.32083
4244.75 -1.31406
4245.12 -1.30733
4245.48 -1.30081
4245.85 -1.29462
4246.22 -1.28878
4246.58 -1.28329
4246.95 -1.27811
4247.31 -1.27316
4247.68 -1.26823
4248.05 -1.26331
4248.41 -1.25841
4248.78 -1.25345
4249.15 -1.24841
4249.51 -1.23753
4249.88 -1.23232
4250.24 -1.22717
4250.61 -1.22218
4250.98 -1.21741
4251.34 -1.21291
4251.71 -1.2087
4252.07 -1.20477
4252.44 -1.20116
4252.81 -1.19784
4253.17 -1.19483
4253.54 -1.19218
4253.91 -1.18991
4254.27 -1.18566
4254.64 -1.18427
4255 -1.18344
4255.37 -1.18321
4255.74 -1.18218
4256.1 -1.18401
4256.47 -1.18651
4256.84 -1.18962
4257.2 -1.19311
4257.57 -1.19666
4257.93 -1.19988
4258.3 -1.20249
4258.67 -1.20427
4259.03 -1.20513
4259.4 -1.20509
4259.77 -1.20417
4260.13 -1.20245
4260.5 -1.20001
4260.86 -1.19701
4261.23 -1.19361
4261.6 -1.18969
4261.96 -1.18118
4262.33 -1.17613
4262.69 -1.17071
4263.06 -1.16492
4263.43 -1.15884
4263.79 -1.15252
4264.16 -1.14611
4264.53 -1.13979
4264.89 -1.13368
4265.26 -1.12788
4265.62 -1.12241
4265.99 -1.11726
4266.36 -1.11239
4266.72 -1.1078
4267.09 -1.10342
4267.46 -1.09739
4267.82 -1.09322
4268.19 -1.08324
4268.55 -1.07928
4268.92 -1.07535
4269.29 -1.07141
4269.65 -1.0675
4270.02 -1.06363
4270.39 -1.05984
4270.75 -1.05612
4271.12 -1.05251
4271.48 -1.04901
4271.85 -1.04565
4272.22 -1.04246
4272.58 -1.03944
4272.95 -1.0366
4273.31 -1.0339
4273.68 -1.0313
4274.05 -1.02813
4274.41 -1.02322
4274.78 -1.02095
4275.15 -1.01833
4275.51 -1.01524
4275.88 -1.01157
4276.24 -1.00728
4276.61 -1.00241
4276.98 -0.997116
4277.34 -0.9916
4277.71 -0.986115
4278.08 -0.980843
4278.44 -0.975891
4278.81 -0.971291
4279.17 -0.967018
4279.54 -0.963051
4279.91 -0.959373
4280.27 -0.951012
4280.64 -0.945992
4281.01 -0.942719
4281.37 -0.939705
4281.74 -0.936935
4282.1 -0.934387
4282.47 -0.932045
4282.84 -0.929916
4283.2 -0.927986
4283.57 -0.926247
4283.94 -0.924698
4284.3 -0.923309
4284.67 -0.922081
4285.03 -0.92099
4285.4 -0.920021
4285.77 -0.919159
4286.13 -0.918411
4286.5 -0.913246
4286.86 -0.908867
4287.23 -0.908585
4287.6 -0.908493
4287.96 -0.908653
4288.33 -0.909126
4288.7 -0.909935
4289.06 -0.911118
4289.43 -0.912636
4289.79 -0.914444
4290.16 -0.916443
4290.53 -0.918579
4290.89 -0.920799
4291.26 -0.923096
4291.63 -0.925484
4291.99 -0.927986
4292.36 -0.930611
4292.72 -0.931824
4293.09 -0.934837
4293.46 -0.933495
4293.82 -0.9366
4294.19 -0.939644
4294.56 -0.942558
4294.92 -0.945259
4295.29 -0.947716
4295.65 -0.949905
4296.02 -0.951797
4296.39 -0.9534
4296.75 -0.954689
4297.12 -0.955643
4297.48 -0.956276
4297.85 -0.956596
4298.22 -0.956627
4298.58 -0.95639
4298.95 -0.953537
4299.32 -0.95285
4299.68 -0.952011
4300.05 -0.949501
4300.41 -0.948479
4300.78 -0.94738
4301.15 -0.946228
4301.51 -0.945007
4301.88 -0.943703
4302.25 -0.942322
4302.61 -0.940872
4302.98 -0.939407
4303.34 -0.937965
4303.71 -0.936592
4304.08 -0.935287
4304.44 -0.934067
4304.81 -0.932899
4305.18 -0.928253
4305.54 -0.927139
4305.91 -0.926018
4306.27 -0.924866
4306.64 -0.921326
4307.01 -0.920113
4307.37 -0.918793
4307.74 -0.917336
4308.1 -0.91571
4308.47 -0.913933
4308.84 -0.91201
4309.2 -0.909996
4309.57 -0.907959
4309.94 -0.906036
4310.3 -0.90435
4310.67 -0.903023
4311.03 -0.900238
4311.4 -0.900215
4311.77 -0.900688
4312.13 -0.901604
4312.5 -0.902893
4312.87 -0.904488
4313.23 -0.903625
4313.6 -0.905449
4313.96 -0.90741
4314.33 -0.909462
4314.7 -0.911598
4315.06 -0.913788
4315.43 -0.916008
4315.8 -0.918228
4316.16 -0.92041
4316.53 -0.92247
4316.89 -0.924377
4317.26 -0.925156
4317.63 -0.926605
4317.99 -0.927849
4318.36 -0.928932
4318.73 -0.929893
4319.09 -0.930786
4319.46 -0.929443
4319.82 -0.930344
4320.19 -0.93132
4320.56 -0.932404
4320.92 -0.933594
4321.29 -0.934906
4321.65 -0.936371
4322.02 -0.938034
4322.39 -0.939934
4322.75 -0.942093
4323.12 -0.944504
4323.49 -0.947861
4323.85 -0.950905
4324.22 -0.954071
4324.58 -0.957375
4324.95 -0.960808
4325.32 -0.964378
4325.68 -0.968102
4326.05 -0.970261
4326.42 -0.974442
4326.78 -0.978828
4327.15 -0.983475
4327.51 -0.988388
4327.88 -0.993591
4328.25 -0.999069
4328.61 -1.0047
4328.98 -1.01029
4329.35 -1.01563
4329.71 -1.02515
4330.08 -1.02917
4330.44 -1.03285
4330.81 -1.03633
4331.18 -1.03972
4331.54 -1.04304
4331.91 -1.04627
4332.27 -1.04941
4332.64 -1.05147
4333.01 -1.05415
4333.37 -1.05666
4333.74 -1.05898
4334.11 -1.0611
4334.47 -1.06297
4334.84 -1.06463
4335.2 -1.06607
4335.57 -1.06731
4335.94 -1.06796
4336.3 -1.0687
4336.67 -1.06927
4337.04 -1.06969
4337.4 -1.06995
4337.77 -1.07
4338.13 -1.06984
4338.5 -1.06941
4338.87 -1.06871
4339.23 -1.06738
4339.6 -1.06635
4339.97 -1.06516
4340.33 -1.06387
4340.7 -1.06256
4341.06 -1.0613
4341.43 -1.06017
4341.8 -1.05925
4342.16 -1.05726
4342.53 -1.05698
4342.9 -1.05695
4343.26 -1.05714
4343.63 -1.05745
4343.99 -1.05785
4344.36 -1.05833
4344.73 -1.05887
4345.09 -1.05947
4345.46 -1.0601
4345.82 -1.05947
4346.19 -1.0601
4346.56 -1.0607
4346.92 -1.06126
4347.29 -1.06183
4347.66 -1.06241
4348.02 -1.06211
4348.39 -1.06266
4348.75 -1.06327
4349.12 -1.064
4349.49 -1.06487
4349.85 -1.06594
4350.22 -1.06721
4350.59 -1.06866
4350.95 -1.07028
4351.32 -1.07202
4351.68 -1.07387
4352.05 -1.07581
4352.42 -1.0754
4352.78 -1.07761
4353.15 -1.07991
4353.52 -1.08236
4353.88 -1.08495
4354.25 -1.08907
4354.61 -1.09239
4354.98 -1.09584
4355.35 -1.09936
4355.71 -1.10294
4356.08 -1.10656
4356.44 -1.1103
4356.81 -1.11423
4357.18 -1.11847
4357.54 -1.12309
4357.91 -1.1282
4358.28 -1.13383
4358.64 -1.13757
4359.01 -1.14415
4359.37 -1.15121
4359.74 -1.15854
4360.11 -1.16583
4360.47 -1.17594
4360.84 -1.18183
4361.21 -1.18719
4361.57 -1.19208
4361.94 -1.19659
4362.3 -1.20083
4362.67 -1.20486
4363.04 -1.20879
4363.4 -1.21264
4363.77 -1.21642
4364.14 -1.22015
4364.5 -1.22385
4364.87 -1.22753
4365.23 -1.22569
4365.6 -1.22929
4365.97 -1.2329
4366.33 -1.23647
4366.7 -1.23795
4367.06 -1.24142
4367.43 -1.24487
4367.8 -1.24831
4368.16 -1.25175
4368.53 -1.25517
4368.9 -1.25848
4369.26 -1.26166
4369.63 -1.26467
4369.99 -1.26749
4370.36 -1.27009
4370.73 -1.27245
4371.09 -1.27451
4371.46 -1.27625
4371.83 -1.27465
4372.19 -1.27578
4372.56 -1.27664
4372.92 -1.27489
4373.29 -1.27538
4373.66 -1.27588
4374.02 -1.27642
4374.39 -1.27702
4374.76 -1.27767
4375.12 -1.27836
4375.49 -1.27909
4375.85 -1.27985
4376.22 -1.28063
4376.59 -1.2814
4376.95 -1.28217
4377.32 -1.28293
4377.69 -1.28368
4378.05 -1.28445
4378.42 -1.28246
4378.78 -1.28198
4379.15 -1.28354
4379.52 -1.28542
4379.88 -1.2877
4380.25 -1.29047
4380.61 -1.29375
4380.98 -1.29755
4381.35 -1.30179
4381.71 -1.30632
4382.08 -1.31099
4382.45 -1.31567
4382.81 -1.32021
4383.18 -1.32455
4383.54 -1.32858
4383.91 -1.33225
4384.28 -1.33552
4384.64 -1.33837
4385.01 -1.33412
4385.38 -1.33605
4385.74 -1.33763
4386.11 -1.33883
4386.47 -1.33965
4386.84 -1.34009
4387.21 -1.34018
4387.57 -1.33992
4387.94 -1.33931
4388.31 -1.33833
4388.67 -1.33698
4389.04 -1.33529
4389.4 -1.33327
4389.77 -1.33095
4390.14 -1.32837
4390.5 -1.32556
4390.87 -1.32251
4391.23 -1.3166
4391.6 -1.31358
4391.97 -1.31049
4392.33 -1.30741
4392.7 -1.30444
4393.07 -1.30162
4393.43 -1.29897
4393.8 -1.29643
4394.16 -1.29402
4394.53 -1.29169
4394.9 -1.28946
4395.26 -1.28732
4395.63 -1.28523
4396 -1.2832
4396.36 -1.28122
4396.73 -1.27933
4397.09 -1.27758
4397.46 -1.27321
4397.83 -1.2705
4398.19 -1.26955
4398.56 -1.269
4398.93 -1.26889
4399.29 -1.26923
4399.66 -1.27002
4400.02 -1.27126
4400.39 -1.2729
4400.76 -1.27485
4401.12 -1.27695
4401.49 -1.27908
4401.85 -1.28104
4402.22 -1.28278
4402.59 -1.28425
4402.95 -1.28548
4403.32 -1.28651
4403.69 -1.2849
4404.05 -1.28565
4404.42 -1.28313
4404.78 -1.28394
4405.15 -1.28481
4405.52 -1.28579
4405.88 -1.2869
4406.25 -1.28815
4406.62 -1.28954
4406.98 -1.29101
4407.35 -1.29248
4407.71 -1.29389
4408.08 -1.29517
4408.45 -1.29627
4408.81 -1.29714
4409.18 -1.29776
4409.55 -1.29812
4409.91 -1.29767
4410.28 -1.29781
4410.64 -1.29787
4411.01 -1.2982
4411.38 -1.29871
4411.74 -1.29932
4412.11 -1.30006
4412.48 -1.30091
4412.84 -1.30183
4413.21 -1.30272
4413.57 -1.30343
4413.94 -1.30383
4414.31 -1.30384
4414.67 -1.30343
4415.04 -1.30257
4415.4 -1.30128
4415.77 -1.29865
4416.14 -1.29615
4416.5 -1.29326
4416.87 -1.28999
4417.24 -1.28638
4417.6 -1.28368
4417.97 -1.27946
4418.33 -1.27502
4418.7 -1.2704
4419.07 -1.26564
4419.43 -1.26072
4419.8 -1.25564
4420.17 -1.25036
4420.53 -1.2449
4420.9 -1.23928
4421.26 -1.23356
4421.63 -1.22782
4422 -1.21767
4422.36 -1.21203
4422.73 -1.20648
4423.1 -1.20103
4423.46 -1.19567
4423.83 -1.19035
4424.19 -1.18611
4424.56 -1.18082
4424.93 -1.17545
4425.29 -1.16995
4425.66 -1.16427
4426.02 -1.15834
4426.39 -1.15211
4426.76 -1.14557
4427.12 -1.13878
4427.49 -1.13189
4427.86 -1.12505
4428.22 -1.1141
4428.59 -1.10791
4428.95 -1.10219
4429.32 -1.09695
4429.69 -1.09221
4430.05 -1.08794
4430.42 -1.08388
4430.79 -1.08017
4431.15 -1.07691
4431.52 -1.07404
4431.88 -1.07149
4432.25 -1.06919
4432.62 -1.06707
4432.98 -1.06504
4433.35 -1.06304
4433.72 -1.06092
4434.08 -1.05855
4434.45 -1.0531
4434.81 -1.04953
4435.18 -1.0452
4435.55 -1.04005
4435.91 -1.03404
4436.28 -1.02728
4436.65 -1.01997
4437.01 -1.01626
4437.38 -1.00853
4437.74 -1.00076
4438.11 -0.993103
4438.48 -0.98568
4438.84 -0.978577
4439.21 -0.971832
4439.57 -0.965469
4439.94 -0.959465
4440.31 -0.953781
4440.67 -0.944603
4441.04 -0.939499
4441.41 -0.934647
4441.77 -0.930038
4442.14 -0.925674
4442.5 -0.921524
4442.87 -0.917572
4443.24 -0.913818
4443.6 -0.909592
4443.97 -0.906059
4444.34 -0.902863
4444.7 -0.90004
4445.07 -0.897598
4445.43 -0.895546
4445.8 -0.89386
4446.17 -0.892548
4446.53 -0.888786
4446.9 -0.888603
4447.27 -0.888855
4447.63 -0.889488
4448 -0.890411
4448.36 -0.891525
4448.73 -0.8927
4449.1 -0.893822
4449.46 -0.894829
4449.83 -0.895676
4450.19 -0.893684
4450.56 -0.89415
4450.93 -0.894508
4451.29 -0.894829
4451.66 -0.895172
4452.03 -0.895599
4452.39 -0.896118
4452.76 -0.894333
4453.12 -0.895195
4453.49 -0.896179
4453.86 -0.897247
4454.22 -0.898346
4454.59 -0.899368
4454.96 -0.900169
4455.32 -0.900597
4455.69 -0.900581
4456.05 -0.900024
4456.42 -0.898941
4456.79 -0.896965
4457.15 -0.895309
4457.52 -0.893219
4457.89 -0.890793
4458.25 -0.8881
4458.62 -0.885277
4458.98 -0.880707
4459.35 -0.878128
4459.72 -0.875725
4460.08 -0.873543
4460.45 -0.871597
4460.81 -0.869911
4461.18 -0.868477
4461.55 -0.867287
4461.91 -0.866325
4462.28 -0.865562
4462.65 -0.864944
4463.01 -0.865173
4463.38 -0.864822
4463.74 -0.864716
4464.11 -0.864975
4464.48 -0.865746
4464.84 -0.867157
4465.21 -0.871353
4465.58 -0.87471
4465.94 -0.87886
4466.31 -0.883766
4466.67 -0.889229
4467.04 -0.894905
4467.41 -0.900391
4467.77 -0.905357
4468.14 -0.909668
4468.51 -0.913322
4468.87 -0.916397
4469.24 -0.918968
4469.6 -0.918304
4469.97 -0.920128
4470.34 -0.921745
4470.7 -0.923248
4471.07 -0.924683
4471.44 -0.9245
4471.8 -0.926018
4472.17 -0.927643
4472.53 -0.929398
4472.9 -0.93129
4473.27 -0.93335
4473.63 -0.935555
4474 -0.937889
4474.36 -0.940331
4474.73 -0.942848
4475.1 -0.945442
4475.46 -0.948082
4475.83 -0.950783
4476.2 -0.950279
4476.56 -0.953117
4476.93 -0.955986
4477.29 -0.958862
4477.66 -0.9617
4478.03 -0.964592
4478.39 -0.967422
4478.76 -0.970177
4479.13 -0.972824
4479.49 -0.975388
4479.86 -0.977829
4480.22 -0.980179
4480.59 -0.982483
4480.96 -0.984802
4481.32 -0.98719
4481.69 -0.989723
4482.06 -0.992439
4482.42 -0.995361
4482.79 -0.9991
4483.15 -1.00271
4483.52 -1.01189
4483.89 -1.01659
4484.25 -1.02157
4484.62 -1.02681
4484.98 -1.03241
4485.35 -1.03857
4485.72 -1.04571
4486.08 -1.05429
4486.45 -1.06341
4486.82 -1.07032
4487.18 -1.07521
4487.55 -1.07913
4487.91 -1.08268
4488.28 -1.08611
4488.65 -1.08945
4489.01 -1.09277
4489.38 -1.09763
4489.75 -1.10472
4490.11 -1.10742
4490.48 -1.11014
4490.84 -1.1128
4491.21 -1.11538
4491.58 -1.11789
4491.94 -1.1204
4492.31 -1.12296
4492.68 -1.12564
4493.04 -1.12848
4493.41 -1.13151
4493.77 -1.13473
4494.14 -1.13815
4494.51 -1.14182
4494.87 -1.14574
4495.24 -1.14998
4495.6 -1.15339
4495.97 -1.16225
4496.34 -1.16794
4496.7 -1.17419
4497.07 -1.18108
4497.44 -1.18867
4497.8 -1.197
4498.17 -1.20606
4498.53 -1.21581
4498.9 -1.22611
4499.27 -1.23682
4499.63 -1.24767
4500 -1.25846
4500.37 -1.26894
4500.73 -1.27895
4501.1 -1.28835
4501.46 -1.29707
4501.83 -1.30507
4502.2 -1.31845
4502.56 -1.32469
4502.93 -1.33008
4503.3 -1.33458
4503.66 -1.33815
4504.03 -1.34077
4504.39 -1.34238
4504.76 -1.34291
4505.13 -1.3423
4505.49 -1.34045
4505.86 -1.33723
4506.23 -1.33247
4506.59 -1.32599
4506.96 -1.31802
4507.32 -1.30963
4507.69 -1.30208
4508.06 -1.29583
4508.42 -1.29177
4508.79 -1.29266
4509.15 -1.28906
4509.52 -1.28664
4509.89 -1.28525
4510.25 -1.28474
4510.62 -1.285
4510.99 -1.28589
4511.35 -1.28732
4511.72 -1.28926
4512.08 -1.29166
4512.45 -1.29451
4512.82 -1.29779
4513.18 -1.30151
4513.55 -1.30563
4513.92 -1.31017
4514.28 -1.31664
4514.65 -1.32221
4515.01 -1.32819
4515.38 -1.33049
4515.75 -1.33707
4516.11 -1.34386
4516.48 -1.35082
4516.85 -1.35782
4517.21 -1.3648
4517.58 -1.37173
4517.94 -1.37862
4518.31 -1.38547
4518.68 -1.39232
4519.04 -1.39922
4519.41 -1.4062
4519.77 -1.41331
4520.14 -1.42056
4520.51 -1.43256
4520.87 -1.44061
4521.24 -1.44875
4521.61 -1.4568
4521.97 -1.46194
4522.34 -1.46938
4522.7 -1.4763
4523.07 -1.48269
4523.44 -1.48853
4523.8 -1.49385
4524.17 -1.49868
4524.54 -1.50304
4524.9 -1.50699
4525.27 -1.51059
4525.63 -1.51392
4526 -1.51698
4526.37 -1.51981
4526.73 -1.52511
4527.1 -1.52723
4527.47 -1.52876
4527.83 -1.52958
4528.2 -1.52957
4528.56 -1.53181
4528.93 -1.53069
4529.3 -1.52849
4529.66 -1.52502
4530.03 -1.52006
4530.4 -1.51337
4530.76 -1.50515
4531.13 -1.49654
4531.49 -1.48872
4531.86 -1.48194
4532.23 -1.47609
4532.59 -1.47108
4532.96 -1.46729
4533.32 -1.46397
4533.69 -1.46151
4534.06 -1.45978
4534.42 -1.45862
4534.79 -1.4586
4535.16 -1.4576
4535.52 -1.45682
4535.89 -1.45618
4536.25 -1.45567
4536.62 -1.45524
4536.99 -1.45489
4537.35 -1.45461
4537.72 -1.45438
4538.09 -1.45419
4538.45 -1.45404
4538.82 -1.45388
4539.18 -1.45088
4539.55 -1.45058
4539.92 -1.45017
4540.28 -1.44962
4540.65 -1.44892
4541.02 -1.44807
4541.38 -1.44492
4541.75 -1.44393
4542.11 -1.44289
4542.48 -1.44183
4542.85 -1.44078
4543.21 -1.43979
4543.58 -1.43893
4543.94 -1.43825
4544.31 -1.43782
4544.68 -1.43765
4545.04 -1.4378
4545.41 -1.4372
4545.78 -1.43835
4546.14 -1.43985
4546.51 -1.44171
4546.87 -1.44395
4547.24 -1.44653
4547.61 -1.44931
4547.97 -1.45145
4548.34 -1.45444
4548.71 -1.45712
4549.07 -1.4593
4549.44 -1.46088
4549.8 -1.46172
4550.17 -1.46178
4550.54 -1.46104
4550.9 -1.45956
4551.27 -1.45891
4551.64 -1.45663
4552 -1.45446
4552.37 -1.45257
4552.73 -1.45106
4553.1 -1.44995
4553.47 -1.44926
4553.83 -1.44898
4554.2 -1.44913
4554.56 -1.45322
4554.93 -1.45449
4555.3 -1.45626
4555.66 -1.45846
4556.03 -1.46093
4556.4 -1.46342
4556.76 -1.46563
4557.13 -1.4674
4557.49 -1.47554
4557.86 -1.47616
4558.23 -1.47694
4558.59 -1.47803
4558.96 -1.47948
4559.33 -1.48132
4559.69 -1.48354
4560.06 -1.48614
4560.42 -1.4891
4560.79 -1.4924
4561.16 -1.49548
4561.52 -1.4992
4561.89 -1.50336
4562.26 -1.50797
4562.62 -1.51295
4562.99 -1.5182
4563.35 -1.52359
4563.72 -1.53226
4564.09 -1.5373
4564.45 -1.54207
4564.82 -1.54651
4565.19 -1.55059
4565.55 -1.5543
4565.92 -1.5577
4566.28 -1.56089
4566.65 -1.56397
4567.02 -1.5671
4567.38 -1.56991
4567.75 -1.5737
4568.11 -1.57772
4568.48 -1.58186
4568.85 -1.58595
4569.21 -1.58979
4569.58 -1.59322
4569.95 -1.60004
4570.31 -1.60217
4570.68 -1.60377
4571.04 -1.60485
4571.41 -1.60542
4571.78 -1.60543
4572.14 -1.60486
4572.51 -1.60374
4572.88 -1.60211
4573.24 -1.60004
4573.61 -1.59759
4573.97 -1.59723
4574.34 -1.59438
4574.71 -1.59145
4575.07 -1.58857
4575.44 -1.58582
4575.81 -1.58324
4576.17 -1.5806
4576.54 -1.57838
4576.9 -1.57623
4577.27 -1.5741
4577.64 -1.57199
4578 -1.56992
4578.37 -1.56795
4578.73 -1.56615
4579.1 -1.56462
4579.47 -1.56345
4579.83 -1.56274
4580.2 -1.56255
4580.57 -1.56341
4580.93 -1.56418
4581.3 -1.56578
4581.66 -1.56828
4582.03 -1.57542
4582.4 -1.58081
4582.76 -1.58733
4583.13 -1.59478
4583.5 -1.60265
4583.86 -1.61035
4584.23 -1.61749
4584.59 -1.62398
4584.96 -1.6299
4585.33 -1.63537
4585.69 -1.64047
4586.06 -1.64526
4586.43 -1.64982
4586.79 -1.6542
4587.16 -1.65721
4587.52 -1.66183
4587.89 -1.66672
4588.26 -1.6768
4588.62 -1.6828
4588.99 -1.6888
4589.35 -1.6946
4589.72 -1.70015
4590.09 -1.70541
4590.45 -1.71043
4590.82 -1.71519
4591.19 -1.71973
4591.55 -1.72406
4591.92 -1.7282
4592.28 -1.73223
4592.65 -1.7362
4593.02 -1.74012
4593.38 -1.74406
4593.75 -1.74877
4594.12 -1.75323
4594.48 -1.76375
4594.85 -1.76813
4595.21 -1.77158
4595.58 -1.77379
4595.95 -1.77456
4596.31 -1.77385
4596.68 -1.77166
4597.05 -1.76796
4597.41 -1.76272
4597.78 -1.7559
4598.14 -1.74755
4598.51 -1.7378
4598.88 -1.72692
4599.24 -1.71523
4599.61 -1.70303
4599.98 -1.69053
4600.34 -1.69049
4600.71 -1.67724
4601.07 -1.6641
4601.44 -1.65089
4601.81 -1.63764
4602.17 -1.62437
4602.54 -1.61112
4602.9 -1.598
4603.27 -1.58507
4603.64 -1.5724
4604 -1.56001
4604.37 -1.54791
4604.74 -1.53611
4605.1 -1.52467
4605.47 -1.5137
4605.83 -1.50338
4606.2 -1.49379
4606.57 -1.49374
4606.93 -1.48495
4607.3 -1.47652
4607.67 -1.4683
4608.03 -1.46017
4608.4 -1.45211
4608.76 -1.44411
4609.13 -1.4362
4609.5 -1.42838
4609.86 -1.42057
4610.23 -1.41274
4610.6 -1.40485
4610.96 -1.39691
4611.33 -1.38895
4611.69 -1.38102
4612.06 -1.37312
4612.43 -1.36524
4612.79 -1.35735
4613.16 -1.35102
4613.52 -1.34296
4613.89 -1.33497
4614.26 -1.32721
4614.62 -1.31979
4614.99 -1.31284
4615.36 -1.3064
4615.72 -1.30048
4616.09 -1.29505
4616.45 -1.29007
4616.82 -1.2855
4617.19 -1.2813
4617.55 -1.27745
4617.92 -1.27393
4618.29 -1.27072
4618.65 -1.26779
4619.02 -1.26202
4619.38 -1.25964
4619.75 -1.25666
4620.12 -1.25446
4620.48 -1.25235
4620.85 -1.25035
4621.22 -1.2485
4621.58 -1.24686
4621.95 -1.24544
4622.31 -1.24428
4622.68 -1.24335
4623.05 -1.24266
4623.41 -1.24218
4623.78 -1.2419
4624.15 -1.24182
4624.51 -1.24191
4624.88 -1.24216
4625.24 -1.23988
4625.61 -1.24026
4625.98 -1.24059
4626.34 -1.2378
4626.71 -1.23799
4627.07 -1.2381
4627.44 -1.23811
4627.81 -1.23804
4628.17 -1.23788
4628.54 -1.23763
4628.91 -1.23727
4629.27 -1.23684
4629.64 -1.23629
4630 -1.23563
4630.37 -1.23485
4630.74 -1.23392
4631.1 -1.23289
4631.47 -1.2298
4631.84 -1.22881
4632.2 -1.2278
4632.57 -1.2268
4632.93 -1.22581
4633.3 -1.2251
4633.67 -1.22449
4634.03 -1.22402
4634.4 -1.22364
4634.77 -1.22328
4635.13 -1.22284
4635.5 -1.22218
4635.86 -1.22112
4636.23 -1.21949
4636.6 -1.21708
4636.96 -1.21368
4637.33 -1.2091
4637.69 -1.20226
4638.06 -1.19505
4638.43 -1.1871
4638.79 -1.17908
4639.16 -1.17748
4639.53 -1.16988
4639.89 -1.16306
4640.26 -1.15696
4640.62 -1.1515
4640.99 -1.14654
4641.36 -1.14196
4641.72 -1.13771
4642.09 -1.13374
4642.46 -1.13007
4642.82 -1.12676
4643.19 -1.12392
4643.55 -1.12171
4643.92 -1.12177
4644.29 -1.12206
4644.65 -1.12349
4645.02 -1.12601
4645.39 -1.1294
4645.75 -1.13374
4646.12 -1.13718
4646.48 -1.14027
4646.85 -1.14288
4647.22 -1.145
4647.58 -1.14668
4647.95 -1.14796
4648.31 -1.14888
4648.68 -1.14945
4649.05 -1.14967
4649.41 -1.14951
4649.78 -1.14739
4650.15 -1.14627
4650.51 -1.14489
4650.88 -1.14326
4651.24 -1.14138
4651.61 -1.13926
4651.98 -1.13685
4652.34 -1.13471
4652.71 -1.13196
4653.08 -1.12887
4653.44 -1.12547
4653.81 -1.12179
4654.17 -1.1179
4654.54 -1.11384
4654.91 -1.10968
4655.27 -1.10548
4655.64 -1.10134
4656.01 -1.09451
4656.37 -1.09087
4656.74 -1.08762
4657.1 -1.0848
4657.47 -1.08244
4657.84 -1.08054
4658.2 -1.07913
4658.57 -1.07822
4658.94 -1.07724
4659.3 -1.07717
4659.67 -1.07758
4660.03 -1.07842
4660.4 -1.07968
4660.77 -1.08132
4661.13 -1.08329
4661.5 -1.08553
4661.86 -1.0879
4662.23 -1.09206
4662.6 -1.09399
4662.96 -1.09542
4663.33 -1.09627
4663.7 -1.09649
4664.06 -1.09608
4664.43 -1.09506
4664.79 -1.09341
4665.16 -1.09113
4665.53 -1.08917
4665.89 -1.08596
4666.26 -1.08221
4666.63 -1.07796
4666.99 -1.07321
4667.36 -1.06798
4667.72 -1.06223
4668.09 -1.05595
4668.46 -1.04546
4668.82 -1.03777
4669.19 -1.02921
4669.56 -1.01965
4669.92 -1.00906
4670.29 -0.997696
4670.65 -0.98613
4671.02 -0.975021
4671.39 -0.964714
4671.75 -0.955261
4672.12 -0.951691
4672.48 -0.943001
4672.85 -0.934959
4673.22 -0.92746
4673.58 -0.92041
4673.95 -0.913773
4674.32 -0.907516
4674.68 -0.899475
4675.05 -0.89444
4675.41 -0.8899
4675.78 -0.885872
4676.15 -0.882378
4676.51 -0.879433
4676.88 -0.877075
4677.25 -0.875328
4677.61 -0.874283
4677.98 -0.873985
4678.34 -0.879501
4678.71 -0.881592
4679.08 -0.885048
4679.44 -0.889748
4679.81 -0.894485
4680.18 -0.898201
4680.54 -0.900841
4680.91 -0.907242
4681.27 -0.907402
4681.64 -0.907219
4682.01 -0.906784
4682.37 -0.906189
4682.74 -0.905472
4683.1 -0.90461
4683.47 -0.90358
4683.84 -0.902328
4684.2 -0.900848
4684.57 -0.899117
4684.94 -0.898003
4685.3 -0.895821
4685.67 -0.89341
4686.03 -0.890747
4686.4 -0.887779
4686.77 -0.882774
4687.13 -0.879166
4687.5 -0.875221
4687.87 -0.870926
4688.23 -0.866249
4688.6 -0.86116
4688.96 -0.855576
4689.33 -0.849396
4689.7 -0.84243
4690.06 -0.834465
4690.43 -0.825249
4690.8 -0.814629
4691.16 -0.802696
4691.53 -0.800568
4691.89 -0.787865
4692.26 -0.775627
4692.63 -0.764389
4692.99 -0.751808
4693.36 -0.742744
4693.73 -0.734619
4694.09 -0.727325
4694.46 -0.720734
4694.82 -0.714752
4695.19 -0.709297
4695.56 -0.70433
4695.92 -0.699829
4696.29 -0.695808
4696.65 -0.692238
4697.02 -0.689102
4697.39 -0.68634
4697.75 -0.683945
4698.12 -0.682495
4698.49 -0.680481
4698.85 -0.678825
4699.22 -0.676529
4699.58 -0.675835
4699.95 -0.675537
4700.32 -0.675575
4700.68 -0.67588
4701.05 -0.676376
4701.42 -0.67701
4701.78 -0.677727
4702.15 -0.678474
4702.51 -0.679214
4702.88 -0.679916
4703.25 -0.680565
4703.61 -0.681145
4703.98 -0.681725
4704.35 -0.682365
4704.71 -0.683777
4705.08 -0.684845
4705.44 -0.68824
4705.81 -0.689865
4706.18 -0.691566
4706.54 -0.693291
4706.91 -0.694984
4707.27 -0.696594
4707.64 -0.698067
4708.01 -0.699364
4708.37 -0.700447
4708.74 -0.701332
4709.11 -0.702049
4709.47 -0.702614
4709.84 -0.703049
4710.2 -0.703362
4710.57 -0.703537
4710.94 -0.703506
4711.3 -0.703583
4711.67 -0.703743
4712.04 -0.703636
4712.4 -0.70327
4712.77 -0.70256
4713.13 -0.701401
4713.5 -0.699684
4713.87 -0.697296
4714.23 -0.694061
4714.6 -0.689766
4714.97 -0.684113
4715.33 -0.676697
4715.7 -0.667038
4716.06 -0.655319
4716.43 -0.643944
4716.8 -0.634384
4717.16 -0.626434
4717.53 -0.632141
4717.9 -0.626068
4718.26 -0.621223
4718.63 -0.617523
4718.99 -0.614861
4719.36 -0.613106
4719.73 -0.612137
4720.09 -0.611916
4720.46 -0.612511
4720.82 -0.614029
4721.19 -0.616547
4721.56 -0.619957
4721.92 -0.623955
4722.29 -0.62812
4722.66 -0.632156
4723.02 -0.635841
4723.39 -0.639175
4723.75 -0.647537
4724.12 -0.65229
4724.49 -0.654007
4724.85 -0.655678
4725.22 -0.657257
4725.59 -0.658699
4725.95 -0.660019
4726.32 -0.661232
4726.68 -0.662361
4727.05 -0.663406
4727.42 -0.664337
4727.78 -0.665092
4728.15 -0.665634
4728.52 -0.665894
4728.88 -0.665848
4729.25 -0.665504
4729.61 -0.664871
4729.98 -0.662239
4730.35 -0.660988
4730.71 -0.659134
4731.08 -0.657608
4731.44 -0.655815
4731.81 -0.653694
4732.18 -0.651138
4732.54 -0.648064
4732.91 -0.644348
4733.28 -0.6399
4733.64 -0.634644
4734.01 -0.628654
4734.37 -0.622253
4734.74 -0.615997
4735.11 -0.610397
4735.47 -0.605698
4735.84 -0.601868
4736.21 -0.597275
4736.57 -0.594536
4736.94 -0.592155
4737.3 -0.590096
4737.67 -0.587799
4738.04 -0.585747
4738.4 -0.583916
4738.77 -0.582268
4739.14 -0.580795
4739.5 -0.579453
4739.87 -0.578186
4740.23 -0.576981
4740.6 -0.575798
4740.97 -0.574646
4741.33 -0.573532
4741.7 -0.572487
4742.06 -0.571541
4742.43 -0.568794
4742.8 -0.568169
4743.16 -0.567665
4743.53 -0.567299
4743.9 -0.565407
4744.26 -0.565117
4744.63 -0.56488
4744.99 -0.564629
4745.36 -0.564339
4745.73 -0.563957
4746.09 -0.563446
4746.46 -0.562782
4746.83 -0.561913
4747.19 -0.560791
4747.56 -0.559357
4747.92 -0.557625
4748.29 -0.555557
4748.66 -0.550095
4749.02 -0.54744
4749.39 -0.544479
4749.76 -0.541206
4750.12 -0.53846
4750.49 -0.535019
4750.85 -0.531395
4751.22 -0.527679
4751.59 -0.523964
4751.95 -0.520355
4752.32 -0.516945
4752.69 -0.513802
4753.05 -0.510963
4753.42 -0.508438
4753.78 -0.50621
4754.15 -0.504242
4754.52 -0.500168
4754.88 -0.498451
4755.25 -0.49691
4755.61 -0.495552
4755.98 -0.494339
4756.35 -0.493279
4756.71 -0.490181
4757.08 -0.48922
4757.45 -0.48838
4757.81 -0.487686
4758.18 -0.487106
4758.54 -0.486649
4758.91 -0.486305
4759.28 -0.486053
4759.64 -0.485893
4760.01 -0.485809
4760.38 -0.485809
4760.74 -0.483055
4761.11 -0.4832
4761.47 -0.483406
4761.84 -0.483635
4762.21 -0.483849
4762.57 -0.484032
4762.94 -0.484146
4763.31 -0.480568
4763.67 -0.480499
4764.04 -0.480377
4764.4 -0.480209
4764.77 -0.479996
4765.14 -0.479759
4765.5 -0.4795
4765.87 -0.479225
4766.23 -0.478958
4766.6 -0.478714
4766.97 -0.474632
4767.33 -0.474648
4767.7 -0.474831
4768.07 -0.475266
4768.43 -0.476006
4768.8 -0.477112
4769.16 -0.47863
4769.53 -0.480591
4769.9 -0.478348
4770.26 -0.481094
4770.63 -0.484299
4771 -0.487915
4771.36 -0.49192
4771.73 -0.496254
4772.09 -0.500847
4772.46 -0.505608
4772.83 -0.510452
4773.19 -0.515732
4773.56 -0.520645
4773.93 -0.525429
4774.29 -0.529999
4774.66 -0.534271
4775.02 -0.538155
4775.39 -0.541557
4775.76 -0.544357
4776.12 -0.54644
4776.49 -0.546219
4776.85 -0.547165
4777.22 -0.547195
4777.59 -0.54631
4777.95 -0.544548
4778.32 -0.542046
4778.69 -0.538986
4779.05 -0.53569
4779.42 -0.530769
4779.78 -0.528
4780.15 -0.525841
4780.52 -0.524384
4780.88 -0.523636
4781.25 -0.523598
4781.62 -0.524231
4781.98 -0.525482
4782.35 -0.527306
4782.71 -0.527107
4783.08 -0.529648
4783.45 -0.532639
4783.81 -0.536041
4784.18 -0.539825
4784.55 -0.543938
4784.91 -0.548347
4785.28 -0.553764
4785.64 -0.558655
4786.01 -0.563782
4786.38 -0.569206
4786.74 -0.574959
4787.11 -0.5811
4787.48 -0.587654
4787.84 -0.594612
4788.21 -0.601952
4788.57 -0.609558
4788.94 -0.617332
4789.31 -0.620033
4789.67 -0.62767
4790.04 -0.634979
4790.4 -0.641823
4790.77 -0.648125
4791.14 -0.653862
4791.5 -0.658821
4791.87 -0.663109
4792.24 -0.667
4792.6 -0.670517
4792.97 -0.673676
4793.33 -0.676506
4793.7 -0.678993
4794.07 -0.681152
4794.43 -0.682991
4794.8 -0.684509
4795.17 -0.685722
4795.53 -0.686638
4795.9 -0.683769
4796.26 -0.684441
4796.63 -0.684875
4797 -0.685097
4797.36 -0.68512
4797.73 -0.682564
4798.1 -0.682327
4798.46 -0.681992
4798.83 -0.68161
4799.19 -0.681252
4799.56 -0.680977
4799.93 -0.680832
4800.29 -0.680832
4800.66 -0.680977
4801.02 -0.681244
4801.39 -0.68161
4801.76 -0.682045
4802.12 -0.682549
4802.49 -0.67942
4802.86 -0.679878
4803.22 -0.680397
4803.59 -0.680969
4803.95 -0.678162
4804.32 -0.678879
4804.69 -0.679688
4805.05 -0.680611
4805.42 -0.681648
4805.79 -0.682793
4806.15 -0.684044
4806.52 -0.685402
4806.88 -0.686859
4807.25 -0.688446
4807.62 -0.69017
4807.98 -0.692039
4808.35 -0.694069
4808.72 -0.696289
4809.08 -0.694466
4809.45 -0.697128
4809.81 -0.699989
4810.18 -0.702339
4810.55 -0.70594
4810.91 -0.709747
4811.28 -0.713707
4811.65 -0.717766
4812.01 -0.721855
4812.38 -0.725906
4812.74 -0.729836
4813.11 -0.733536
4813.48 -0.736923
4813.84 -0.739967
4814.21 -0.742653
4814.57 -0.745003
4814.94 -0.747101
4815.31 -0.748985
4815.67 -0.748764
4816.04 -0.750023
4816.41 -0.75148
4816.77 -0.752869
4817.14 -0.754211
4817.5 -0.755501
4817.87 -0.756737
4818.24 -0.757912
4818.6 -0.759026
4818.97 -0.760109
4819.34 -0.761208
4819.7 -0.762413
4820.07 -0.763763
4820.43 -0.765289
4820.8 -0.766983
4821.17 -0.768791
4821.53 -0.770622
4821.9 -0.770935
4822.27 -0.772346
4822.63 -0.773483
4823 -0.774475
4823.36 -0.775322
4823.73 -0.77607
4824.1 -0.776726
4824.46 -0.777328
4824.83 -0.777878
4825.19 -0.778419
4825.56 -0.778954
4825.93 -0.779533
4826.29 -0.78019
4826.66 -0.780968
4827.03 -0.781883
4827.39 -0.782967
4827.76 -0.784203
4828.12 -0.785599
4828.49 -0.783195
4828.86 -0.784576
4829.22 -0.78598
4829.59 -0.787338
4829.96 -0.788582
4830.32 -0.789673
4830.69 -0.790565
4831.05 -0.79126
4831.42 -0.791779
4831.79 -0.792137
4832.15 -0.792351
4832.52 -0.79245
4832.89 -0.792458
4833.25 -0.792404
4833.62 -0.79229
4833.98 -0.792137
4834.35 -0.791969
4834.72 -0.788559
4835.08 -0.785378
4835.45 -0.785355
4835.81 -0.785446
4836.18 -0.785683
4836.55 -0.786087
4836.91 -0.786659
4837.28 -0.787399
4837.65 -0.788307
4838.01 -0.789375
4838.38 -0.790588
4838.74 -0.791893
4839.11 -0.793289
4839.48 -0.794739
4839.84 -0.796211
4840.21 -0.797684
4840.58 -0.799141
4840.94 -0.801346
4841.31 -0.802879
4841.67 -0.80381
4842.04 -0.805588
4842.41 -0.807549
4842.77 -0.809723
4843.14 -0.81205
4843.51 -0.814461
4843.87 -0.816849
4844.24 -0.819061
4844.6 -0.820969
4844.97 -0.822456
4845.34 -0.823471
4845.7 -0.824028
4846.07 -0.824165
4846.44 -0.823952
4846.8 -0.823456
4847.17 -0.820702
4847.53 -0.819534
4847.9 -0.81823
4848.27 -0.815681
4848.63 -0.814163
4849 -0.812592
4849.36 -0.810982
4849.73 -0.809326
4850.1 -0.807617
4850.46 -0.805847
4850.83 -0.803978
4851.2 -0.802002
4851.56 -0.799896
4851.93 -0.797646
4852.29 -0.795265
4852.66 -0.79274
4853.03 -0.788246
4853.39 -0.785469
4853.76 -0.782516
4854.13 -0.779358
4854.49 -0.777458
4854.86 -0.77404
4855.22 -0.77037
4855.59 -0.766464
4855.96 -0.762268
4856.32 -0.757767
4856.69 -0.752907
4857.06 -0.747658
4857.42 -0.741974
4857.79 -0.735847
4858.15 -0.729317
4858.52 -0.722527
4858.89 -0.715683
4859.25 -0.707642
4859.62 -0.701721
4859.98 -0.696434
4860.35 -0.691826
4860.72 -0.687874
4861.08 -0.687805
4861.45 -0.684792
4861.82 -0.682365
4862.18 -0.680511
4862.55 -0.679291
4862.91 -0.678741
4863.28 -0.678909
4863.65 -0.679771
4864.01 -0.681274
4864.38 -0.683327
4864.75 -0.68586
4865.11 -0.688812
4865.48 -0.696144
4865.84 -0.699936
4866.21 -0.704025
4866.58 -0.708389
4866.94 -0.713081
4867.31 -0.718155
4867.68 -0.723305
4868.04 -0.729202
4868.41 -0.735504
4868.77 -0.741898
4869.14 -0.747971
4869.51 -0.753464
4869.87 -0.75827
4870.24 -0.762428
4870.6 -0.765999
4870.97 -0.769073
4871.34 -0.77169
4871.7 -0.774574
4872.07 -0.7761
4872.44 -0.77739
4872.8 -0.778511
4873.17 -0.779533
4873.53 -0.780518
4873.9 -0.781494
4874.27 -0.781563
4874.63 -0.782715
4875 -0.783943
4875.37 -0.785263
4875.73 -0.786659
4876.1 -0.788132
4876.46 -0.78968
4876.83 -0.79129
4877.2 -0.792976
4877.56 -0.794724
4877.93 -0.798027
4878.3 -0.799934
4878.66 -0.801918
4879.03 -0.804001
4879.39 -0.806229
4879.76 -0.808632
4880.13 -0.811218
4880.49 -0.81398
4880.86 -0.816154
4881.23 -0.819084
4881.59 -0.822083
4881.96 -0.825111
4882.32 -0.828102
4882.69 -0.830986
4883.06 -0.83371
4883.42 -0.836227
4883.79 -0.839943
4884.15 -0.841774
4884.52 -0.8433
4884.89 -0.844528
4885.25 -0.845428
4885.62 -0.846001
4885.99 -0.846222
4886.35 -0.846054
4886.72 -0.845482
4887.08 -0.844513
4887.45 -0.844551
4887.82 -0.843262
4888.18 -0.841797
4888.55 -0.840279
4888.92 -0.838837
4889.28 -0.837593
4889.65 -0.836632
4890.01 -0.837914
4890.38 -0.837929
4890.75 -0.838066
4891.11 -0.838066
4891.48 -0.837662
4891.85 -0.836601
4892.21 -0.834801
4892.58 -0.832253
4892.94 -0.829079
4893.31 -0.825516
4893.68 -0.825798
4894.04 -0.821945
4894.41 -0.818367
4894.77 -0.815285
4895.14 -0.812843
4895.51 -0.811127
4895.87 -0.810143
4896.24 -0.810486
4896.61 -0.811119
4896.97 -0.81234
4897.34 -0.814079
4897.7 -0.816238
4898.07 -0.818733
4898.44 -0.821487
4898.8 -0.824409
4899.17 -0.827423
4899.54 -0.830498
4899.9 -0.833611
4900.27 -0.835304
4900.63 -0.838524
4901 -0.841835
4901.37 -0.845222
4901.73 -0.848656
4902.1 -0.852051
4902.47 -0.857048
4902.83 -0.859955
4903.2 -0.862556
4903.56 -0.864815
4903.93 -0.866737
4904.3 -0.868355
4904.66 -0.869698
4905.03 -0.870789
4905.4 -0.871681
4905.76 -0.872406
4906.13 -0.873062
4906.49 -0.873726
4906.86 -0.873322
4907.23 -0.873993
4907.59 -0.874825
4907.96 -0.875801
4908.32 -0.8769
4908.69 -0.877296
4909.06 -0.878471
4909.42 -0.879662
4909.79 -0.88089
4910.16 -0.882156
4910.52 -0.883507
4910.89 -0.884979
4911.25 -0.886642
4911.62 -0.888573
4911.99 -0.890846
4912.35 -0.893539
4912.72 -0.896759
4913.09 -0.900597
4913.45 -0.903374
4913.82 -0.908699
4914.18 -0.914627
4914.55 -0.920815
4914.92 -0.931053
4915.28 -0.936005
4915.65 -0.940239
4916.02 -0.943794
4916.38 -0.946724
4916.75 -0.949059
4917.11 -0.950851
4917.48 -0.952126
4917.85 -0.952965
4918.21 -0.953484
4918.58 -0.953796
4918.94 -0.954018
4919.31 -0.954224
4919.68 -0.954491
4920.04 -0.954613
4920.41 -0.954796
4920.78 -0.954842
4921.14 -0.955406
4921.51 -0.956284
4921.87 -0.957428
4922.24 -0.958824
4922.61 -0.960426
4922.97 -0.962234
4923.34 -0.964218
4923.71 -0.966362
4924.07 -0.968636
4924.44 -0.971024
4924.8 -0.97348
4925.17 -0.976006
4925.54 -0.978569
4925.9 -0.981155
4926.27 -0.980934
4926.64 -0.983391
4927 -0.985176
4927.37 -0.987228
4927.73 -0.989166
4928.1 -0.99102
4928.47 -0.992836
4928.83 -0.994659
4929.2 -0.996521
4929.56 -0.998436
4929.93 -1.00043
4930.3 -1.00255
4930.66 -1.00484
4931.03 -1.00735
4931.4 -1.01015
4931.76 -1.01327
4932.13 -1.0167
4932.49 -1.02036
4932.86 -1.02242
4933.23 -1.02783
4933.59 -1.03117
4933.96 -1.03438
4934.33 -1.03742
4934.69 -1.04031
4935.06 -1.043
4935.42 -1.04548
4935.79 -1.04771
4936.16 -1.04968
4936.52 -1.05135
4936.89 -1.05269
4937.26 -1.05371
4937.62 -1.05443
4937.99 -1.05484
4938.35 -1.055
4938.72 -1.05495
4939.09 -1.05476
4939.45 -1.05323
4939.82 -1.05327
4940.19 -1.05341
4940.55 -1.05381
4940.92 -1.0546
4941.28 -1.05587
4941.65 -1.05767
4942.02 -1.06002
4942.38 -1.06291
4942.75 -1.06632
4943.11 -1.07026
4943.48 -1.07475
4943.85 -1.07983
4944.21 -1.08561
4944.58 -1.09213
4944.95 -1.0995
4945.31 -1.10782
4945.68 -1.12595
4946.04 -1.13467
4946.41 -1.14352
4946.78 -1.15089
4947.14 -1.15698
4947.51 -1.16202
4947.88 -1.1662
4948.24 -1.16969
4948.61 -1.17262
4948.97 -1.17507
4949.34 -1.17715
4949.71 -1.17889
4950.07 -1.18032
4950.44 -1.18145
4950.81 -1.18226
4951.17 -1.18273
4951.54 -1.18378
4951.9 -1.18365
4952.27 -1.18327
4952.64 -1.18455
4953 -1.18415
4953.37 -1.18371
4953.73 -1.1834
4954.1 -1.18346
4954.47 -1.1841
4954.83 -1.18554
4955.2 -1.18789
4955.57 -1.19126
4955.93 -1.19572
4956.3 -1.20133
4956.66 -1.2081
4957.03 -1.21591
4957.4 -1.2245
4957.76 -1.24052
4958.13 -1.24935
4958.5 -1.2582
4958.86 -1.26712
4959.23 -1.27331
4959.59 -1.28242
4959.96 -1.29192
4960.33 -1.30185
4960.69 -1.31221
4961.06 -1.32285
4961.43 -1.33354
4961.79 -1.34399
4962.16 -1.35392
4962.52 -1.36319
4962.89 -1.37173
4963.26 -1.37952
4963.62 -1.38662
4963.99 -1.39482
4964.35 -1.40013
4964.72 -1.40494
4965.09 -1.40931
4965.45 -1.40936
4965.82 -1.41309
4966.19 -1.41653
4966.55 -1.41976
4966.92 -1.42284
4967.28 -1.42578
4967.65 -1.42861
4968.02 -1.43137
4968.38 -1.43407
4968.75 -1.43675
4969.12 -1.43945
4969.48 -1.44218
4969.85 -1.44491
4970.21 -1.44624
4970.58 -1.44889
4970.95 -1.45145
4971.31 -1.45391
4971.68 -1.45626
4972.05 -1.45451
4972.41 -1.45667
4972.78 -1.45872
4973.14 -1.46062
4973.51 -1.46233
4973.88 -1.46382
4974.24 -1.46507
4974.61 -1.4661
4974.98 -1.46691
4975.34 -1.46754
4975.71 -1.468
4976.07 -1.46834
4976.44 -1.46643
4976.81 -1.46674
4977.17 -1.46716
4977.54 -1.4678
4977.9 -1.4687
4978.27 -1.46987
4978.64 -1.46828
4979 -1.46987
4979.37 -1.47176
4979.74 -1.47389
4980.1 -1.47626
4980.47 -1.47884
4980.83 -1.48158
4981.2 -1.48438
4981.57 -1.48721
4981.93 -1.48998
4982.3 -1.49265
4982.67 -1.49374
4983.03 -1.49597
4983.4 -1.49803
4983.76 -1.49992
4984.13 -1.50165
4984.5 -1.50325
4984.86 -1.50475
4985.23 -1.50241
4985.6 -1.50378
4985.96 -1.50515
4986.33 -1.50657
4986.69 -1.50808
4987.06 -1.50974
4987.43 -1.5116
4987.79 -1.51366
4988.16 -1.51597
4988.52 -1.51722
4988.89 -1.52039
4989.26 -1.52383
4989.62 -1.5276
4989.99 -1.5317
4990.36 -1.53614
4990.72 -1.54092
4991.09 -1.54597
4991.45 -1.55121
4991.82 -1.5541
4992.19 -1.55942
4992.55 -1.56437
4992.92 -1.56891
4993.29 -1.57307
4993.65 -1.57696
4994.02 -1.5807
4994.38 -1.58441
4994.75 -1.58985
4995.12 -1.5937
4995.48 -1.59776
4995.85 -1.60204
4996.22 -1.60653
4996.58 -1.61122
4996.95 -1.61611
4997.31 -1.62125
4997.68 -1.62669
4998.05 -1.6299
4998.41 -1.63639
4998.78 -1.64359
4999.15 -1.65172
4999.51 -1.661
4999.88 -1.67181
5000.24 -1.68452
5000.61 -1.69801
5000.98 -1.71694
5001.34 -1.72449
5001.71 -1.73077
5002.07 -1.7361
5002.44 -1.74071
5002.81 -1.74473
5003.17 -1.74826
5003.54 -1.75136
5003.91 -1.75406
5004.27 -1.75637
5004.64 -1.75609
5005 -1.75779
5005.37 -1.75916
5005.74 -1.7602
5006.1 -1.76093
5006.47 -1.76136
5006.84 -1.76152
5007.2 -1.76003
5007.57 -1.75972
5007.93 -1.75924
5008.3 -1.75861
5008.67 -1.75784
5009.03 -1.75697
5009.4 -1.756
5009.77 -1.75491
5010.13 -1.75371
5010.5 -1.75237
5010.86 -1.75083
5011.23 -1.74966
5011.6 -1.74799
5011.96 -1.74606
5012.33 -1.74381
5012.69 -1.7412
5013.06 -1.73819
5013.43 -1.734
5013.79 -1.73044
5014.16 -1.72692
5014.53 -1.72381
5014.89 -1.72134
5015.26 -1.71967
5015.62 -1.71875
5015.99 -1.71856
5016.36 -1.71902
5016.72 -1.72002
5017.09 -1.7215
5017.46 -1.72337
5017.82 -1.72375
5018.19 -1.72616
5018.55 -1.72893
5018.92 -1.73203
5019.29 -1.73726
5019.65 -1.74129
5020.02 -1.74546
5020.39 -1.74961
5020.75 -1.75348
5021.12 -1.75683
5021.48 -1.75951
5021.85 -1.76152
5022.22 -1.76289
5022.58 -1.76369
5022.95 -1.764
5023.31 -1.76387
5023.68 -1.76339
5024.05 -1.76258
5024.41 -1.76064
5024.78 -1.75947
5025.15 -1.75815
5025.51 -1.75459
5025.88 -1.75308
5026.24 -1.75153
5026.61 -1.74993
5026.98 -1.74829
5027.34 -1.7466
5027.71 -1.74485
5028.08 -1.743
5028.44 -1.74105
5028.81 -1.73896
5029.17 -1.73673
5029.54 -1.73436
5029.91 -1.73185
5030.27 -1.72919
5030.64 -1.72633
5031.01 -1.72573
5031.37 -1.72279
5031.74 -1.71933
5032.1 -1.71596
5032.47 -1.71231
5032.84 -1.7084
5033.2 -1.70426
5033.57 -1.69987
5033.94 -1.69522
5034.3 -1.69022
5034.67 -1.68472
5035.03 -1.67841
5035.4 -1.67109
5035.77 -1.66394
5036.13 -1.66003
5036.5 -1.65939
5036.86 -1.65993
5037.23 -1.66683
5037.6 -1.66573
5037.96 -1.66777
5038.33 -1.66546
5038.7 -1.6631
5039.06 -1.66068
5039.43 -1.65816
5039.79 -1.65556
5040.16 -1.65289
5040.53 -1.65018
5040.89 -1.64751
5041.26 -1.64491
5041.63 -1.64242
5041.99 -1.64006
5042.36 -1.63786
5042.72 -1.6358
5043.09 -1.63394
5043.46 -1.6323
5043.82 -1.63313
5044.19 -1.63384
5044.56 -1.63379
5044.92 -1.63422
5045.29 -1.63517
5045.65 -1.63667
5046.02 -1.63875
5046.39 -1.64147
5046.75 -1.64496
5047.12 -1.64935
5047.48 -1.65484
5047.85 -1.66148
5048.22 -1.66835
5048.58 -1.67371
5048.95 -1.67693
5049.32 -1.67819
5049.68 -1.67783
5050.05 -1.67618
5050.41 -1.686
5050.78 -1.68209
5051.15 -1.67759
5051.51 -1.67275
5051.88 -1.66772
5052.25 -1.66264
5052.61 -1.65758
5052.98 -1.65259
5053.34 -1.64774
5053.71 -1.64306
5054.08 -1.6386
5054.44 -1.63437
5054.81 -1.63038
5055.18 -1.62659
5055.54 -1.623
5055.91 -1.61959
5056.27 -1.61601
5056.64 -1.61296
5057.01 -1.61253
5057.37 -1.60976
5057.74 -1.60731
5058.1 -1.60522
5058.47 -1.60345
5058.84 -1.60198
5059.2 -1.60078
5059.57 -1.59979
5059.94 -1.59895
5060.3 -1.59818
5060.67 -1.59744
5061.03 -1.59669
5061.4 -1.59595
5061.77 -1.59522
5062.13 -1.59458
5062.5 -1.59434
5062.87 -1.59426
5063.23 -1.59448
5063.6 -1.59551
5063.96 -1.5965
5064.33 -1.59799
5064.7 -1.60006
5065.06 -1.60277
5065.43 -1.60618
5065.8 -1.61037
5066.16 -1.6154
5066.53 -1.62128
5066.89 -1.62794
5067.26 -1.63495
5067.63 -1.64162
5067.99 -1.64742
5068.36 -1.65207
5068.73 -1.66041
5069.09 -1.66221
5069.46 -1.66322
5069.82 -1.66589
5070.19 -1.66567
5070.56 -1.66497
5070.92 -1.66383
5071.29 -1.66225
5071.65 -1.66022
5072.02 -1.65771
5072.39 -1.65471
5072.75 -1.6512
5073.12 -1.64717
5073.49 -1.64262
5073.85 -1.63754
5074.22 -1.63187
5074.58 -1.6257
5074.95 -1.61692
5075.32 -1.61001
5075.68 -1.6031
5076.05 -1.59635
5076.42 -1.59371
5076.78 -1.58704
5077.15 -1.58054
5077.51 -1.57422
5077.88 -1.56805
5078.25 -1.56204
5078.61 -1.55612
5078.98 -1.55025
5079.35 -1.54436
5079.71 -1.53836
5080.08 -1.53223
5080.44 -1.52597
5080.81 -1.51962
5081.18 -1.50943
5081.54 -1.50324
5081.91 -1.49725
5082.27 -1.49153
5082.64 -1.48613
5083.01 -1.4831
5083.37 -1.47829
5083.74 -1.47391
5084.11 -1.46996
5084.47 -1.46646
5084.84 -1.46346
5085.2 -1.46093
5085.57 -1.45889
5085.94 -1.45731
5086.3 -1.45621
5086.67 -1.4556
5087.04 -1.45613
5087.4 -1.45663
5087.77 -1.45732
5088.13 -1.45806
5088.5 -1.45867
5088.87 -1.45905
5089.23 -1.45916
5089.6 -1.45918
5089.97 -1.4587
5090.33 -1.45806
5090.7 -1.45737
5091.06 -1.45667
5091.43 -1.45606
5091.8 -1.45554
5092.16 -1.45512
5092.53 -1.45486
5092.9 -1.45476
5093.26 -1.45306
5093.63 -1.45351
5093.99 -1.45423
5094.36 -1.45521
5094.73 -1.45642
5095.09 -1.45782
5095.46 -1.4594
5095.82 -1.46114
5096.19 -1.4603
5096.56 -1.46216
5096.92 -1.46403
5097.29 -1.4659
5097.66 -1.46774
5098.02 -1.46957
5098.39 -1.47137
5098.75 -1.47312
5099.12 -1.47483
5099.49 -1.47546
5099.85 -1.47701
5100.22 -1.4784
5100.59 -1.47962
5100.95 -1.48061
5101.32 -1.4813
5101.68 -1.48166
5102.05 -1.48164
5102.42 -1.48061
5102.78 -1.48012
5103.15 -1.47918
5103.52 -1.47777
5103.88 -1.47585
5104.25 -1.47346
5104.61 -1.47066
5104.98 -1.4676
5105.35 -1.46445
5105.71 -1.46049
5106.08 -1.45767
5106.44 -1.45502
5106.81 -1.45247
5107.18 -1.44997
5107.54 -1.44746
5107.91 -1.44489
5108.28 -1.44218
5108.64 -1.43931
5109.01 -1.43749
5109.37 -1.43425
5109.74 -1.43078
5110.11 -1.427
5110.47 -1.42286
5110.84 -1.41828
5111.21 -1.41322
5111.57 -1.40758
5111.94 -1.39818
5112.3 -1.39125
5112.67 -1.38364
5113.04 -1.37534
5113.4 -1.36627
5113.77 -1.3565
5114.14 -1.34619
5114.5 -1.33569
5114.87 -1.32536
5115.23 -1.31554
5115.6 -1.31244
5115.97 -1.30328
5116.33 -1.29478
5116.7 -1.2869
5117.06 -1.27953
5117.43 -1.27251
5117.8 -1.26572
5118.16 -1.25536
5118.53 -1.24854
5118.9 -1.24168
5119.26 -1.23475
5119.63 -1.22771
5119.99 -1.22055
5120.36 -1.21323
5120.73 -1.20576
5121.09 -1.19814
5121.46 -1.19044
5121.83 -1.18276
5122.19 -1.17847
5122.56 -1.17085
5122.92 -1.16333
5123.29 -1.15594
5123.66 -1.1487
5124.02 -1.13702
5124.39 -1.13007
5124.76 -1.12329
5125.12 -1.11659
5125.49 -1.10989
5125.85 -1.10304
5126.22 -1.09595
5126.59 -1.08852
5126.95 -1.0807
5127.32 -1.07249
5127.69 -1.06397
5128.05 -1.05527
5128.42 -1.04651
5128.78 -1.04208
5129.15 -1.03341
5129.52 -1.02495
5129.88 -1.01677
5130.25 -1.00464
5130.61 -0.997192
5130.98 -0.990128
5131.35 -0.983452
5131.71 -0.977173
5132.08 -0.971298
5132.45 -0.965797
5132.81 -0.960632
5133.18 -0.955719
5133.54 -0.950996
5133.91 -0.946388
5134.28 -0.941841
5134.64 -0.937302
5135.01 -0.932762
5135.38 -0.928131
5135.74 -0.923569
5136.11 -0.918953
5136.47 -0.909775
5136.84 -0.905113
5137.21 -0.900421
5137.57 -0.895752
5137.94 -0.891121
5138.31 -0.886581
5138.67 -0.882156
5139.04 -0.877884
5139.4 -0.873772
5139.77 -0.869858
5140.14 -0.866119
5140.5 -0.862518
5140.87 -0.858986
5141.23 -0.855431
5141.6 -0.853233
5141.97 -0.849648
5142.33 -0.845749
5142.7 -0.839539
5143.07 -0.834633
5143.43 -0.829041
5143.8 -0.822678
5144.16 -0.815567
5144.53 -0.807838
5144.9 -0.799904
5145.26 -0.792252
5145.63 -0.785164
5146 -0.778648
5146.36 -0.772591
5146.73 -0.76683
5147.09 -0.761246
5147.46 -0.75573
5147.83 -0.750214
5148.19 -0.747742
5148.56 -0.742081
5148.93 -0.733643
5149.29 -0.727493
5149.66 -0.720901
5150.02 -0.713776
5150.39 -0.7061
5150.76 -0.698029
5151.12 -0.689789
5151.49 -0.681557
5151.85 -0.673447
5152.22 -0.665489
5152.59 -0.657684
5152.95 -0.65004
5153.32 -0.642548
5153.69 -0.635155
5154.05 -0.627823
5154.42 -0.620483
5154.78 -0.613663
5155.15 -0.606392
5155.52 -0.598969
5155.88 -0.591293
5156.25 -0.583267
5156.62 -0.574821
5156.98 -0.565933
5157.35 -0.556725
5157.71 -0.547493
5158.08 -0.538597
5158.45 -0.530312
5158.81 -0.522736
5159.18 -0.515831
5159.55 -0.509514
5159.91 -0.503654
5160.28 -0.498177
5160.64 -0.492996
5161.01 -0.484909
5161.38 -0.481743
5161.74 -0.47699
5162.11 -0.472473
5162.48 -0.468163
5162.84 -0.464081
5163.21 -0.460197
5163.57 -0.456543
5163.94 -0.453117
5164.31 -0.449951
5164.67 -0.447044
5165.04 -0.44442
5165.4 -0.44207
5165.77 -0.439957
5166.14 -0.438034
5166.5 -0.436234
5166.87 -0.434494
5167.24 -0.430443
5167.6 -0.428596
5167.97 -0.426231
5168.33 -0.424156
5168.7 -0.42186
5169.07 -0.419312
5169.43 -0.416519
5169.8 -0.413467
5170.17 -0.410187
5170.53 -0.406677
5170.9 -0.403
5171.26 -0.399246
5171.63 -0.395531
5172 -0.39193
5172.36 -0.388527
5172.73 -0.385361
5173.1 -0.382431
5173.46 -0.376366
5173.83 -0.373894
5174.19 -0.370583
5174.56 -0.368385
5174.93 -0.366425
5175.29 -0.364708
5175.66 -0.363235
5176.02 -0.36203
5176.39 -0.361084
5176.76 -0.36039
5177.12 -0.359924
5177.49 -0.359657
5177.86 -0.35955
5178.22 -0.359573
5178.59 -0.359703
5178.95 -0.359909
5179.32 -0.360207
5179.69 -0.358231
5180.05 -0.358597
5180.42 -0.358994
5180.79 -0.356491
5181.15 -0.35685
5181.52 -0.357246
5181.88 -0.357651
5182.25 -0.358063
5182.62 -0.358467
5182.98 -0.358871
5183.35 -0.359268
5183.72 -0.359657
5184.08 -0.360085
5184.45 -0.360565
5184.81 -0.361137
5185.18 -0.361809
5185.55 -0.362579
5185.91 -0.362251
5186.28 -0.363152
5186.65 -0.364021
5187.01 -0.364815
5187.38 -0.363251
5187.74 -0.363747
5188.11 -0.364113
5188.48 -0.364357
5188.84 -0.364517
5189.21 -0.364601
5189.57 -0.364624
5189.94 -0.364586
5190.31 -0.364502
5190.67 -0.364365
5191.04 -0.364204
5191.41 -0.364037
5191.77 -0.361931
5192.14 -0.361771
5192.5 -0.361618
5192.87 -0.361458
5193.24 -0.361305
5193.6 -0.361145
5193.97 -0.358818
5194.34 -0.358543
5194.7 -0.358208
5195.07 -0.357803
5195.43 -0.357285
5195.8 -0.356636
5196.17 -0.355804
5196.53 -0.354774
5196.9 -0.353493
5197.27 -0.351944
5197.63 -0.350136
5198 -0.344284
5198.36 -0.341843
5198.73 -0.339142
5199.1 -0.336197
5199.46 -0.333015
5199.83 -0.329636
5200.19 -0.326065
5200.56 -0.322197
5200.93 -0.318481
5201.29 -0.314598
5201.66 -0.310555
5202.03 -0.306381
5202.39 -0.302147
5202.76 -0.297913
5203.12 -0.29377
5203.49 -0.289772
5203.86 -0.28598
5204.22 -0.27964
5204.59 -0.276566
5204.96 -0.273819
5205.32 -0.271393
5205.69 -0.269241
5206.05 -0.267326
5206.42 -0.265579
5206.79 -0.263947
5207.15 -0.261528
5207.52 -0.259972
5207.89 -0.258476
5208.25 -0.257065
5208.62 -0.25573
5208.98 -0.254448
5209.35 -0.253204
5209.72 -0.251968
5210.08 -0.25071
5210.45 -0.247749
5210.81 -0.246658
5211.18 -0.24556
5211.55 -0.244415
5211.91 -0.243217
5212.28 -0.24192
5212.65 -0.240494
5213.01 -0.238892
5213.38 -0.240303
5213.74 -0.238922
5214.11 -0.237175
5214.48 -0.235069
5214.84 -0.232803
5215.21 -0.230667
5215.58 -0.228867
5215.94 -0.22747
5216.31 -0.226456
5216.67 -0.226456
5217.04 -0.225899
5217.41 -0.225601
5217.77 -0.225548
5218.14 -0.2257
5218.51 -0.226059
5218.87 -0.226593
5219.24 -0.227272
5219.6 -0.228043
5219.97 -0.227646
5220.34 -0.228279
5220.7 -0.228813
5221.07 -0.229156
5221.44 -0.229279
5221.8 -0.229179
5222.17 -0.228882
5222.53 -0.22644
5222.9 -0.225784
5223.27 -0.225121
5223.63 -0.224464
5224 -0.223854
5224.36 -0.223289
5224.73 -0.222771
5225.1 -0.222275
5225.46 -0.221771
5225.83 -0.221237
5226.2 -0.220612
5226.56 -0.217918
5226.93 -0.217102
5227.29 -0.216103
5227.66 -0.214905
5228.03 -0.21347
5228.39 -0.211761
5228.76 -0.206764
5229.13 -0.204422
5229.49 -0.201744
5229.86 -0.198753
5230.22 -0.195419
5230.59 -0.191765
5230.96 -0.18779
5231.32 -0.18351
5231.69 -0.17894
5232.06 -0.174133
5232.42 -0.169159
5232.79 -0.164162
5233.15 -0.161438
5233.52 -0.156647
5233.89 -0.152153
5234.25 -0.148064
5234.62 -0.144432
5234.98 -0.13887
5235.35 -0.136124
5235.72 -0.133743
5236.08 -0.131676
5236.45 -0.129898
5236.82 -0.128387
5237.18 -0.127106
5237.55 -0.126022
5237.91 -0.125122
5238.28 -0.124374
5238.65 -0.123749
5239.01 -0.12323
5239.38 -0.122795
5239.75 -0.119827
5240.11 -0.119423
5240.48 -0.119064
5240.84 -0.118713
5241.21 -0.115364
5241.58 -0.115028
5241.94 -0.1147
5242.31 -0.114395
5242.68 -0.114113
5243.04 -0.113884
5243.41 -0.113739
5243.77 -0.113708
5244.14 -0.113838
5244.51 -0.114136
5244.87 -0.114594
5245.24 -0.115196
5245.6 -0.115906
5245.97 -0.114426
5246.34 -0.115471
5246.7 -0.116554
5247.07 -0.11763
5247.44 -0.11834
5247.8 -0.119347
5248.17 -0.120049
5248.53 -0.12027
5248.9 -0.119827
5249.27 -0.118576
5249.63 -0.116394
5250 -0.113197
5250.37 -0.108902
5250.73 -0.103424
5251.1 -0.0965958
5251.46 -0.0882187
5251.83 -0.0781097
5252.2 -0.0665436
5252.56 -0.0643311
5252.93 -0.0524902
5253.3 -0.0417709
5253.66 -0.0298386
5254.03 -0.0215988
5254.39 -0.0144043
5254.76 -0.00811768
5255.13 -0.00263214
5255.49 0.00213623
5255.86 0.00627136
5256.23 0.00985718
5256.59 0.0129471
5256.96 0.0155945
5257.32 0.0178375
5257.69 0.0196991
5258.06 0.0212173
5258.42 0.0224228
5258.79 0.0233383
5259.15 0.0247421
5259.52 0.0263519
5259.89 0.0263977
5260.25 0.0261917
5260.62 0.0257645
5260.99 0.0252304
5261.35 0.0247116
5261.72 0.0243607
5262.08 0.024292
5262.45 0.0245819
5262.82 0.0252533
5263.18 0.0262756
5263.55 0.0276108
5263.92 0.0291519
5264.28 0.030838
5264.65 0.0325928
5265.01 0.0343857
5265.38 0.036171
5265.75 0.0426102
5266.11 0.0445633
5266.48 0.0464172
5266.85 0.0481796
5267.21 0.0498581
5267.58 0.0514832
5267.94 0.0531006
5268.31 0.0547485
5268.68 0.0564575
5269.04 0.0582428
5269.41 0.0600739
5269.77 0.0619583
5270.14 0.0638657
5270.51 0.0658035
5270.87 0.067749
5271.24 0.0697174
5271.61 0.0716934
5271.97 0.0765076
5272.34 0.0793381
5272.7 0.0813065
5273.07 0.0832977
5273.44 0.0853348
5273.8 0.0874634
5274.17 0.0897141
5274.54 0.0921249
5274.9 0.0947418
5275.27 0.0975723
5275.63 0.100632
5276 0.103889
5276.37 0.107323
5276.73 0.110916
5277.1 0.114639
5277.47 0.118462
5277.83 0.122375
5278.2 0.129448
5278.56 0.133469
5278.93 0.136436
5279.3 0.14045
5279.66 0.144508
5280.03 0.148613
5280.4 0.152779
5280.76 0.157059
5281.13 0.161469
5281.49 0.165993
5281.86 0.17057
5282.23 0.175117
5282.59 0.179527
5282.96 0.183731
5283.32 0.187645
5283.69 0.191238
5284.06 0.19442
5284.42 0.197968
5284.79 0.199989
5285.16 0.200386
5285.52 0.201736
5285.89 0.20269
5286.25 0.203293
5286.62 0.203552
5286.99 0.203491
5287.35 0.203125
5287.72 0.202469
5288.09 0.201546
5288.45 0.200363
5288.82 0.198921
5289.18 0.197205
5289.55 0.19519
5289.92 0.192879
5290.28 0.186165
5290.65 0.183121
5291.02 0.180016
5291.38 0.176926
5291.75 0.172386
5292.11 0.169495
5292.48 0.166794
5292.85 0.164314
5293.21 0.162094
5293.58 0.160172
5293.94 0.158615
5294.31 0.157478
5294.68 0.156807
5295.04 0.156631
5295.41 0.156998
5295.78 0.157959
5296.14 0.159584
5296.51 0.160507
5296.87 0.16394
5297.24 0.168152
5297.61 0.173164
5297.97 0.17907
5298.34 0.17907
5298.71 0.186104
5299.07 0.194084
5299.44 0.202957
5299.8 0.212494
5300.17 0.222275
5300.54 0.231857
5300.9 0.240875
5301.27 0.2491
5301.64 0.256477
5302 0.263084
5302.37 0.269043
5302.73 0.275116
5303.1 0.280167
5303.47 0.284843
5303.83 0.289139
5304.2 0.29303
5304.56 0.296516
5304.93 0.297737
5305.3 0.300949
5305.66 0.303833
5306.03 0.306427
5306.4 0.308746
5306.76 0.310783
5307.13 0.3125
5307.49 0.313866
5307.86 0.314865
5308.23 0.315491
5308.59 0.315773
5308.96 0.316338
5309.33 0.315811
5309.69 0.315002
5310.06 0.313942
5310.42 0.312622
5310.79 0.31105
5311.16 0.309242
5311.52 0.30825
5311.89 0.305939
5312.26 0.303383
5312.62 0.300575
5312.99 0.297447
5313.35 0.293945
5313.72 0.289978
5314.09 0.285477
5314.45 0.280426
5314.82 0.27491
5315.19 0.263855
5315.55 0.258125
5315.92 0.252647
5316.28 0.247406
5316.65 0.242355
5317.02 0.237473
5317.38 0.232727
5317.75 0.229599
5318.11 0.225204
5318.48 0.220871
5318.85 0.216591
5319.21 0.212334
5319.58 0.208107
5319.95 0.203873
5320.31 0.199585
5320.68 0.195168
5321.04 0.187416
5321.41 0.182167
5321.78 0.176704
5322.14 0.171196
5322.51 0.165863
5322.88 0.160835
5323.24 0.156181
5323.61 0.151878
5323.97 0.147903
5324.34 0.145493
5324.71 0.142113
5325.07 0.138985
5325.44 0.13604
5325.81 0.13327
5326.17 0.130638
5326.54 0.128151
5326.9 0.125809
5327.27 0.123344
5327.64 0.121384
5328 0.119431
5328.37 0.117447
5328.73 0.115433
5329.1 0.113388
5329.47 0.111351
5329.83 0.109322
5330.2 0.107323
5330.57 0.105362
5330.93 0.105682
5331.3 0.103745
5331.66 0.101898
5332.03 0.100182
5332.4 0.0985794
5332.76 0.0971222
5333.13 0.0957718
5333.5 0.0948563
5333.86 0.0936432
5334.23 0.0924988
5334.59 0.0913849
5334.96 0.0902863
5335.33 0.0891342
5335.69 0.0879288
5336.06 0.0866394
5336.43 0.0852585
5336.79 0.0837784
5337.16 0.0821915
5337.52 0.0825348
5337.89 0.0808487
5338.26 0.0789948
5338.62 0.0769958
5338.99 0.0748596
5339.35 0.0726089
5339.72 0.070282
5340.09 0.0678024
5340.45 0.0653305
5340.82 0.0628815
5341.19 0.0605087
5341.55 0.0582123
5341.92 0.0559769
5342.28 0.0538254
5342.65 0.0517426
5343.02 0.0497131
5343.38 0.047699
5343.75 0.0456696
5344.12 0.0458298
5344.48 0.0436935
5344.85 0.0414429
5345.21 0.0390549
5345.58 0.036499
5345.95 0.0336075
5346.31 0.0306473
5346.68 0.0275421
5347.05 0.0243378
5347.41 0.0210648
5347.78 0.0177383
5348.14 0.0143509
5348.51 0.0108795
5348.88 0.00730133
5349.24 0.00363159
5349.61 -0.000137329
5349.98 -0.00392151
5350.34 -0.0076828
5350.71 -0.00815582
5351.07 -0.011734
5351.44 -0.0150909
5351.81 -0.0181656
5352.17 -0.0205765
5352.54 -0.0227509
5352.9 -0.0245438
5353.27 -0.0259476
5353.64 -0.0269394
5354 -0.0274963
5354.37 -0.0276413
5354.74 -0.0273819
5355.1 -0.0267487
5355.47 -0.0257492
5355.83 -0.0244446
5356.2 -0.0228806
5356.57 -0.0211182
5356.93 -0.0196609
5357.3 -0.0178299
5357.67 -0.0159607
5358.03 -0.0130157
5358.4 -0.0113373
5358.76 -0.00977325
5359.13 -0.00837708
5359.5 -0.00721741
5359.86 -0.00635529
5360.23 -0.00584412
5360.6 -0.0057373
5360.96 -0.00603485
5361.33 -0.00673676
5361.69 -0.00777435
5362.06 -0.00904846
5362.43 -0.010437
5362.79 -0.0118484
5363.16 -0.0132217
5363.52 -0.0133667
5363.89 -0.0144653
5364.26 -0.0151367
5364.62 -0.0159302
5364.99 -0.0166321
5365.36 -0.0172119
5365.72 -0.0176468
5366.09 -0.0178909
5366.45 -0.0179138
5366.82 -0.0177155
5367.19 -0.0172958
5367.55 -0.0166931
5367.92 -0.0159302
5368.29 -0.0150528
5368.65 -0.0140839
5369.02 -0.0130539
5369.38 -0.0119781
5369.75 -0.0108795
5370.12 -0.0106888
5370.48 -0.00983429
5370.85 -0.00914001
5371.22 -0.00861359
5371.58 -0.00832367
5371.95 -0.00827789
5372.31 -0.00849915
5372.68 -0.00898743
5373.05 -0.00970459
5373.41 -0.0106659
5373.78 -0.0118637
5374.15 -0.0133209
5374.51 -0.0150604
5374.88 -0.0171356
5375.24 -0.0196075
5375.61 -0.0226135
5375.98 -0.0262375
5376.34 -0.0304947
5376.71 -0.0435715
5377.07 -0.0475769
5377.44 -0.0514984
5377.81 -0.0553589
5378.17 -0.059166
5378.54 -0.062912
5378.91 -0.0666351
5379.27 -0.0703735
5379.64 -0.0741577
5380 -0.0780258
5380.37 -0.0819778
5380.74 -0.0859985
5381.1 -0.090065
5381.47 -0.0941467
5381.84 -0.098259
5382.2 -0.102379
5382.57 -0.106514
5382.93 -0.112679
5383.3 -0.114761
5383.67 -0.119133
5384.03 -0.123558
5384.4 -0.128006
5384.77 -0.132477
5385.13 -0.136971
5385.5 -0.141518
5385.86 -0.146164
5386.23 -0.150955
5386.6 -0.15596
5386.96 -0.161255
5387.33 -0.166931
5387.69 -0.173111
5388.06 -0.179909
5388.43 -0.187469
5388.79 -0.203255
5389.16 -0.213768
5389.53 -0.223289
5389.89 -0.236229
5390.26 -0.249878
5390.62 -0.263145
5390.99 -0.27536
5391.36 -0.286499
5391.72 -0.2967
5392.09 -0.30616
5392.46 -0.315018
5392.82 -0.32341
5393.19 -0.331444
5393.55 -0.339172
5393.92 -0.346649
5394.29 -0.353859
5394.65 -0.360771
5395.02 -0.371284
5395.39 -0.377464
5395.75 -0.383408
5396.12 -0.386955
5396.48 -0.392586
5396.85 -0.397881
5397.22 -0.402718
5397.58 -0.406998
5397.95 -0.41066
5398.31 -0.413673
5398.68 -0.416031
5399.05 -0.417763
5399.41 -0.4189
5399.78 -0.419495
5400.15 -0.419609
5400.51 -0.419334
5400.88 -0.418716
5401.24 -0.417305
5401.61 -0.416153
5401.98 -0.414925
5402.34 -0.413719
5402.71 -0.413033
5403.08 -0.411995
5403.44 -0.411163
5403.81 -0.410553
5404.17 -0.410149
5404.54 -0.40992
5404.91 -0.409843
5405.27 -0.409889
5405.64 -0.410019
5406.01 -0.410194
5406.37 -0.410339
5406.74 -0.410393
5407.1 -0.410332
5407.47 -0.409706
5407.84 -0.409317
5408.2 -0.408844
5408.57 -0.408333
5408.94 -0.407799
5409.3 -0.407463
5409.67 -0.406982
5410.03 -0.406471
5410.4 -0.405914
5410.77 -0.405334
5411.13 -0.404762
5411.5 -0.404251
5411.86 -0.403862
5412.23 -0.403671
5412.6 -0.403702
5412.96 -0.403969
5413.33 -0.40448
5413.7 -0.405556
5414.06 -0.406418
5414.43 -0.407372
5414.79 -0.408371
5415.16 -0.409409
5415.53 -0.410477
5415.89 -0.410484
5416.26 -0.411552
5416.63 -0.412636
5416.99 -0.413696
5417.36 -0.414711
5417.72 -0.415665
5418.09 -0.416557
5418.46 -0.417397
5418.82 -0.418175
5419.19 -0.4189
5419.56 -0.419548
5419.92 -0.419708
5420.29 -0.420143
5420.65 -0.420586
5421.02 -0.421074
5421.39 -0.421646
5421.75 -0.422287
5422.12 -0.423004
5422.48 -0.421906
5422.85 -0.422623
5423.22 -0.423431
5423.58 -0.424347
5423.95 -0.425369
5424.32 -0.426506
5424.68 -0.427765
5425.05 -0.429169
5425.41 -0.43074
5425.78 -0.431793
5426.15 -0.43399
5426.51 -0.436447
5426.88 -0.439171
5427.25 -0.442169
5427.61 -0.445396
5427.98 -0.448799
5428.34 -0.452255
5428.71 -0.453438
5429.08 -0.456711
5429.44 -0.459625
5429.81 -0.46209
5430.18 -0.464058
5430.54 -0.465485
5430.91 -0.466354
5431.27 -0.46669
5431.64 -0.466515
5432.01 -0.4655
5432.37 -0.464508
5432.74 -0.463303
5433.1 -0.46196
5433.47 -0.460548
5433.84 -0.459099
5434.2 -0.457657
5434.57 -0.456215
5434.94 -0.454803
5435.3 -0.454758
5435.67 -0.453651
5436.03 -0.452705
5436.4 -0.452003
5436.77 -0.451683
5437.13 -0.451935
5437.5 -0.45298
5437.87 -0.455116
5438.23 -0.464096
5438.6 -0.470055
5438.96 -0.476967
5439.33 -0.484055
5439.7 -0.490822
5440.06 -0.497108
5440.43 -0.502922
5440.8 -0.508324
5441.16 -0.513351
5441.53 -0.518074
5441.89 -0.520447
5442.26 -0.524666
5442.63 -0.528786
5442.99 -0.532852
5443.36 -0.536911
5443.73 -0.54097
5444.09 -0.545059
5444.46 -0.551414
5444.82 -0.555946
5445.19 -0.56073
5445.56 -0.565788
5445.92 -0.571152
5446.29 -0.576767
5446.65 -0.582535
5447.02 -0.588295
5447.39 -0.593842
5447.75 -0.599007
5448.12 -0.603729
5448.49 -0.606453
5448.85 -0.610268
5449.22 -0.613731
5449.58 -0.61689
5449.95 -0.619797
5450.32 -0.622467
5450.68 -0.625343
5451.05 -0.627441
5451.42 -0.62944
5451.78 -0.631363
5452.15 -0.633232
5452.51 -0.635025
5452.88 -0.636742
5453.25 -0.638367
5453.61 -0.639877
5453.98 -0.641281
5454.35 -0.64257
5454.71 -0.643745
5455.08 -0.643967
5455.44 -0.645142
5455.81 -0.646225
5456.18 -0.647232
5456.54 -0.649361
5456.91 -0.650551
5457.27 -0.651703
5457.64 -0.652779
5458.01 -0.65374
5458.37 -0.654541
5458.74 -0.655197
5459.11 -0.655746
5459.47 -0.656273
5459.84 -0.656883
5460.2 -0.657684
5460.57 -0.658768
5460.94 -0.660217
5461.3 -0.66571
5461.67 -0.668274
5462.04 -0.671417
5462.4 -0.675072
5462.77 -0.68679
5463.13 -0.690041
5463.5 -0.692307
5463.87 -0.693405
5464.23 -0.693344
5464.6 -0.692268
5464.97 -0.690544
5465.33 -0.688583
5465.7 -0.686707
5466.06 -0.685059
5466.43 -0.683647
5466.8 -0.682434
5467.16 -0.681389
5467.53 -0.680458
5467.9 -0.680634
5468.26 -0.679512
5468.63 -0.678444
5468.99 -0.676338
5469.36 -0.674866
5469.73 -0.673279
5470.09 -0.671539
5470.46 -0.669632
5470.82 -0.667542
5471.19 -0.665276
5471.56 -0.662834
5471.92 -0.660263
5472.29 -0.657608
5472.66 -0.654922
5473.02 -0.652252
5473.39 -0.649612
5473.75 -0.647041
5474.12 -0.644524
5474.49 -0.643387
5474.85 -0.641228
5475.22 -0.639008
5475.59 -0.637764
5475.95 -0.636986
5476.32 -0.636726
5476.68 -0.637039
5477.05 -0.637985
5477.42 -0.639687
5477.78 -0.642334
5478.15 -0.646187
5478.52 -0.651436
5478.88 -0.657524
5479.25 -0.662933
5479.61 -0.666969
5479.98 -0.669762
5480.35 -0.671577
5480.71 -0.672653
5481.08 -0.674858
5481.44 -0.675865
5481.81 -0.674957
5482.18 -0.67382
5482.54 -0.672523
5482.91 -0.671112
5483.28 -0.66964
5483.64 -0.668144
5484.01 -0.666656
5484.37 -0.665222
5484.74 -0.663849
5485.11 -0.66256
5485.47 -0.661324
5485.84 -0.660118
5486.21 -0.658852
5486.57 -0.657478
5486.94 -0.65593
5487.3 -0.654137
5487.67 -0.651634
5488.04 -0.649384
5488.4 -0.646721
5488.77 -0.643578
5489.14 -0.639915
5489.5 -0.63575
5489.87 -0.631187
5490.23 -0.626411
5490.6 -0.621651
5490.97 -0.617081
5491.33 -0.612793
5491.7 -0.608795
5492.06 -0.60508
5492.43 -0.601593
5492.8 -0.59832
5493.16 -0.595192
5493.53 -0.589172
5493.9 -0.586121
5494.26 -0.583115
5494.63 -0.580017
5494.99 -0.576851
5495.36 -0.57357
5495.73 -0.570168
5496.09 -0.566612
5496.46 -0.562904
5496.83 -0.559029
5497.19 -0.554985
5497.56 -0.550812
5497.92 -0.546547
5498.29 -0.542244
5498.66 -0.537979
5499.02 -0.533798
5499.39 -0.529732
5499.76 -0.523712
5500.12 -0.520119
5500.49 -0.518417
5500.85 -0.515198
5501.22 -0.512146
5501.59 -0.509262
5501.95 -0.506554
5502.32 -0.504074
5502.69 -0.501862
5503.05 -0.499962
5503.42 -0.498466
5503.78 -0.497421
5504.15 -0.496925
5504.52 -0.497009
5504.88 -0.497696
5505.25 -0.499023
5505.61 -0.500984
5505.98 -0.506813
5506.35 -0.509972
5506.71 -0.513115
5507.08 -0.515945
5507.45 -0.518318
5507.81 -0.520256
5508.18 -0.521736
5508.54 -0.522789
5508.91 -0.523453
5509.28 -0.523781
5509.64 -0.523857
5510.01 -0.523727
5510.38 -0.523476
5510.74 -0.523148
5511.11 -0.522812
5511.47 -0.522461
5511.84 -0.522102
5512.21 -0.521149
5512.57 -0.520859
5512.94 -0.520485
5513.31 -0.519966
5513.67 -0.520134
5514.04 -0.519585
5514.4 -0.518684
5514.77 -0.517334
5515.14 -0.515427
5515.5 -0.512909
5515.87 -0.509834
5516.23 -0.506393
5516.6 -0.502853
5516.97 -0.49939
5517.33 -0.496056
5517.7 -0.492828
5518.07 -0.489662
5518.43 -0.48584
5518.8 -0.482582
5519.16 -0.479408
5519.53 -0.476349
5519.9 -0.473442
5520.26 -0.47229
5520.63 -0.469658
5521 -0.467346
5521.36 -0.465378
5521.73 -0.463768
5522.09 -0.462524
5522.46 -0.461647
5522.83 -0.461136
5523.19 -0.460983
5523.56 -0.461159
5523.93 -0.461647
5524.29 -0.463318
5524.66 -0.464516
5525.02 -0.465858
5525.39 -0.467316
5525.76 -0.468842
5526.12 -0.470375
5526.49 -0.471848
5526.85 -0.473198
5527.22 -0.474419
5527.59 -0.475471
5527.95 -0.476341
5528.32 -0.477058
5528.69 -0.477654
5529.05 -0.478203
5529.42 -0.47879
5529.78 -0.479485
5530.15 -0.480331
5530.52 -0.482132
5530.88 -0.483177
5531.25 -0.484207
5531.62 -0.485184
5531.98 -0.486038
5532.35 -0.48671
5532.71 -0.487106
5533.08 -0.487137
5533.45 -0.486938
5533.81 -0.486282
5534.18 -0.485123
5534.55 -0.483452
5534.91 -0.481232
5535.28 -0.47847
5535.64 -0.475182
5536.01 -0.471466
5536.38 -0.467422
5536.74 -0.461006
5537.11 -0.456604
5537.48 -0.452263
5537.84 -0.448036
5538.21 -0.443977
5538.57 -0.440079
5538.94 -0.436363
5539.31 -0.432816
5539.67 -0.429832
5540.04 -0.426437
5540.4 -0.423248
5540.77 -0.42025
5541.14 -0.41745
5541.5 -0.414841
5541.87 -0.412415
5542.24 -0.410164
5542.6 -0.408073
5542.97 -0.403778
5543.33 -0.402122
5543.7 -0.400558
5544.07 -0.399078
5544.43 -0.397652
5544.8 -0.396263
5545.17 -0.394897
5545.53 -0.393524
5545.9 -0.392097
5546.26 -0.391136
5546.63 -0.389755
5547 -0.38826
5547.36 -0.386627
5547.73 -0.384804
5548.1 -0.382751
5548.46 -0.380402
5548.83 -0.377647
5549.19 -0.374107
5549.56 -0.370041
5549.93 -0.365044
5550.29 -0.35894
5550.66 -0.351608
5551.02 -0.342987
5551.39 -0.333397
5551.76 -0.323761
5552.12 -0.314919
5552.49 -0.307121
5552.86 -0.305473
5553.22 -0.298569
5553.59 -0.292458
5553.95 -0.287003
5554.32 -0.282066
5554.69 -0.277527
5555.05 -0.273277
5555.42 -0.266808
5555.79 -0.262695
5556.15 -0.258598
5556.52 -0.254456
5556.88 -0.250244
5557.25 -0.245934
5557.62 -0.241516
5557.98 -0.236992
5558.35 -0.232353
5558.72 -0.2276
5559.08 -0.222725
5559.45 -0.219551
5559.81 -0.214546
5560.18 -0.209381
5560.55 -0.20401
5560.91 -0.198402
5561.28 -0.189331
5561.65 -0.183029
5562.01 -0.176262
5562.38 -0.168961
5562.74 -0.161034
5563.11 -0.152374
5563.48 -0.142952
5563.84 -0.132843
5564.21 -0.122307
5564.57 -0.111664
5564.94 -0.101173
5565.31 -0.0909271
5565.67 -0.0809326
5566.04 -0.0773926
5566.41 -0.067627
5566.77 -0.0579834
5567.14 -0.0483704
5567.5 -0.0355148
5567.87 -0.0258026
5568.24 -0.0159607
5568.6 -0.00606537
5568.97 0.003685
5569.34 0.0130692
5569.7 0.021904
5570.07 0.0300751
5570.43 0.0375443
5570.8 0.0443344
5571.17 0.0504608
5571.53 0.0560074
5571.9 0.0610046
5572.27 0.0635452
5572.63 0.0679626
5573 0.0718765
5573.36 0.0753098
5573.73 0.0802689
5574.1 0.0827026
5574.46 0.0847397
5574.83 0.0864029
5575.19 0.0876999
5575.56 0.0886536
5575.93 0.0892792
5576.29 0.0896225
5576.66 0.0897293
5577.03 0.0896454
5577.39 0.0894318
5577.76 0.0891342
5578.12 0.0888062
5578.49 0.0884857
5578.86 0.0885391
5579.22 0.0882568
5579.59 0.0879517
5579.96 0.0876312
5580.32 0.0870819
5580.69 0.0863876
5581.05 0.0855179
5581.42 0.0844879
5581.79 0.0833282
5582.15 0.0820541
5582.52 0.0806885
5582.89 0.0792618
5583.25 0.0777893
5583.62 0.0763092
5583.98 0.0748444
5584.35 0.0734253
5584.72 0.0720596
5585.08 0.0707626
5585.45 0.0706329
5585.81 0.0695572
5586.18 0.0690002
5586.55 0.0685349
5586.91 0.0683517
5587.28 0.0684662
5587.65 0.068924
5588.01 0.0697556
5588.38 0.0709839
5588.74 0.0726242
5589.11 0.0746841
5589.48 0.0771484
5589.84 0.0800018
5590.21 0.0831985
5590.58 0.0866852
5590.94 0.0903854
5591.31 0.0942383
5591.67 0.0981445
5592.04 0.1064
5592.41 0.11042
5592.77 0.114349
5593.14 0.118118
5593.51 0.121719
5593.87 0.125099
5594.24 0.128242
5594.6 0.131142
5594.97 0.133781
5595.34 0.136177
5595.7 0.138336
5596.07 0.140274
5596.44 0.142021
5596.8 0.1436
5597.17 0.145073
5597.53 0.146477
5597.9 0.147881
5598.27 0.151672
5598.63 0.153931
5599 0.155434
5599.36 0.157166
5599.73 0.159195
5600.1 0.161598
5600.46 0.164421
5600.83 0.167717
5601.2 0.171539
5601.56 0.175957
5601.93 0.180992
5602.29 0.186661
5602.66 0.192871
5603.03 0.199478
5603.39 0.206268
5603.76 0.213097
5604.13 0.219856
5604.49 0.229965
5604.86 0.233505
5605.22 0.240112
5605.59 0.246559
5605.96 0.252853
5606.32 0.259026
5606.69 0.265083
5607.06 0.271057
5607.42 0.276939
5607.79 0.282745
5608.15 0.288467
5608.52 0.294113
5608.89 0.299698
5609.25 0.305237
5609.62 0.310799
5609.98 0.316452
5610.35 0.322304
5610.72 0.328918
5611.08 0.335159
5611.45 0.334717
5611.82 0.341324
5612.18 0.349144
5612.55 0.358643
5612.91 0.36895
5613.28 0.377777
5613.65 0.384911
5614.01 0.390816
5614.38 0.395897
5614.75 0.400383
5615.11 0.404449
5615.48 0.408195
5615.84 0.41169
5616.21 0.414978
5616.58 0.418106
5616.94 0.423027
5617.31 0.426064
5617.68 0.429031
5618.04 0.431351
5618.41 0.434402
5618.77 0.437416
5619.14 0.440407
5619.51 0.443405
5619.87 0.446404
5620.24 0.449448
5620.6 0.452553
5620.97 0.455742
5621.34 0.459015
5621.7 0.462379
5622.07 0.465805
5622.44 0.469254
5622.8 0.472694
5623.17 0.479454
5623.53 0.482803
5623.9 0.486145
5624.27 0.489487
5624.63 0.492638
5625 0.495941
5625.37 0.499268
5625.73 0.502586
5626.1 0.505898
5626.46 0.509163
5626.83 0.512383
5627.2 0.515556
5627.56 0.518654
5627.93 0.52169
5628.3 0.524673
5628.66 0.527634
5629.03 0.532845
5629.39 0.535851
5629.76 0.538963
5630.13 0.542213
5630.49 0.545639
5630.86 0.549294
5631.23 0.551872
5631.59 0.555901
5631.96 0.560173
5632.32 0.56472
5632.69 0.569542
5633.06 0.574646
5633.42 0.580063
5633.79 0.585777
5634.15 0.591789
5634.52 0.59803
5634.89 0.604385
5635.25 0.613434
5635.62 0.619324
5635.99 0.624725
5636.35 0.629486
5636.72 0.633568
5637.08 0.636971
5637.45 0.638802
5637.82 0.641388
5638.18 0.643402
5638.55 0.644928
5638.92 0.646042
5639.28 0.646812
5639.65 0.647285
5640.01 0.647537
5640.38 0.647606
5640.75 0.64753
5641.11 0.647339
5641.48 0.647217
5641.85 0.646759
5642.21 0.646217
5642.58 0.645592
5642.94 0.644875
5643.31 0.644066
5643.68 0.643166
5644.04 0.642296
5644.41 0.641151
5644.77 0.639961
5645.14 0.638748
5645.51 0.63752
5645.87 0.636307
5646.24 0.635132
5646.61 0.633987
5646.97 0.632912
5647.34 0.631943
5647.7 0.629311
5648.07 0.6287
5648.44 0.628319
5648.8 0.62822
5649.17 0.628456
5649.54 0.629097
5649.9 0.63018
5650.27 0.63176
5650.63 0.630898
5651 0.633133
5651.37 0.635994
5651.73 0.639641
5652.1 0.644257
5652.47 0.650101
5652.83 0.657364
5653.2 0.665672
5653.56 0.67363
5653.93 0.67971
5654.3 0.685394
5654.66 0.690178
5655.03 0.694298
5655.4 0.697899
5655.76 0.701103
5656.13 0.70401
5656.49 0.70668
5656.86 0.709152
5657.23 0.709724
5657.59 0.712151
5657.96 0.714462
5658.32 0.716713
5658.69 0.718948
5659.06 0.721252
5659.42 0.723671
5659.79 0.727715
5660.16 0.730629
5660.52 0.73381
5660.89 0.737312
5661.25 0.741173
5661.62 0.745453
5661.99 0.750183
5662.35 0.755417
5662.72 0.761185
5663.09 0.767509
5663.45 0.774437
5663.82 0.77639
5664.18 0.783913
5664.55 0.79216
5664.92 0.801247
5665.28 0.811348
5665.65 0.822662
5666.02 0.836441
5666.38 0.849426
5666.75 0.861435
5667.11 0.871918
5667.48 0.88102
5667.85 0.889
5668.21 0.896034
5668.58 0.902245
5668.94 0.907722
5669.31 0.912544
5669.68 0.916763
5670.04 0.920448
5670.41 0.920059
5670.78 0.923271
5671.14 0.926201
5671.51 0.928963
5671.87 0.931694
5672.24 0.935127
5672.61 0.938324
5672.97 0.941628
5673.34 0.945061
5673.71 0.948593
5674.07 0.952217
5674.44 0.95591
5674.8 0.959648
5675.17 0.963402
5675.54 0.967171
5675.9 0.970932
5676.27 0.974693
5676.64 0.977356
5677 0.981064
5677.37 0.984718
5677.73 0.988312
5678.1 0.991814
5678.47 0.997261
5678.83 1.00037
5679.2 1.00336
5679.56 1.00625
5679.93 1.00904
5680.3 1.01175
5680.66 1.01437
5681.03 1.0169
5681.4 1.01939
5681.76 1.0219
5682.13 1.02444
5682.49 1.02708
5682.86 1.02989
5683.23 1.03083
5683.59 1.03388
5683.96 1.03725
5684.33 1.04103
5684.69 1.04649
5685.06 1.05144
5685.42 1.05706
5685.79 1.06343
5686.16 1.07062
5686.52 1.0787
5686.89 1.08768
5687.26 1.09748
5687.62 1.10778
5687.99 1.11797
5688.35 1.12754
5688.72 1.13628
5689.09 1.14417
5689.45 1.15125
5689.82 1.15243
5690.19 1.15865
5690.55 1.16415
5690.92 1.16971
5691.28 1.17376
5691.65 1.17719
5692.02 1.18008
5692.38 1.18243
5692.75 1.18428
5693.11 1.18567
5693.48 1.18665
5693.85 1.18727
5694.21 1.18762
5694.58 1.18776
5694.95 1.18774
5695.31 1.18762
5695.68 1.1874
5696.04 1.18711
5696.41 1.18717
5696.78 1.18716
5697.14 1.18703
5697.51 1.18689
5697.88 1.18673
5698.24 1.18651
5698.61 1.18616
5698.97 1.18567
5699.34 1.18499
5699.71 1.18411
5700.07 1.18304
5700.44 1.18178
5700.81 1.18032
5701.17 1.17867
5701.54 1.17685
5701.9 1.1749
5702.27 1.17288
5702.64 1.17088
5703 1.1712
5703.37 1.16966
5703.73 1.16838
5704.1 1.1674
5704.47 1.16674
5704.83 1.16644
5705.2 1.16649
5705.57 1.16695
5705.93 1.16779
5706.3 1.16904
5706.66 1.17071
5707.03 1.17278
5707.4 1.17526
5707.76 1.17812
5708.13 1.18135
5708.5 1.18494
5708.86 1.18887
5709.23 1.19436
5709.59 1.19867
5709.96 1.20326
5710.33 1.20811
5710.69 1.21313
5711.06 1.21819
5711.43 1.22317
5711.79 1.22789
5712.16 1.23225
5712.52 1.23618
5712.89 1.23959
5713.26 1.24246
5713.62 1.24477
5713.99 1.24651
5714.35 1.24768
5714.72 1.24828
5715.09 1.24833
5715.45 1.24712
5715.82 1.24612
5716.19 1.24477
5716.55 1.24333
5716.92 1.24191
5717.28 1.24059
5717.65 1.23946
5718.02 1.23854
5718.38 1.23786
5718.75 1.23743
5719.12 1.23723
5719.48 1.23725
5719.85 1.2375
5720.21 1.23792
5720.58 1.23849
5720.95 1.23918
5721.31 1.23997
5721.68 1.24119
5722.05 1.24224
5722.41 1.24281
5722.78 1.24403
5723.14 1.24531
5723.51 1.24663
5723.88 1.24794
5724.24 1.24921
5724.61 1.25042
5724.98 1.25154
5725.34 1.25256
5725.71 1.25346
5726.07 1.2542
5726.44 1.25478
5726.81 1.25517
5727.17 1.25541
5727.54 1.25505
5727.9 1.2551
5728.27 1.25515
5728.64 1.25522
5729 1.25488
5729.37 1.25498
5729.74 1.25508
5730.1 1.25517
5730.47 1.25526
5730.83 1.25536
5731.2 1.25548
5731.57 1.25557
5731.93 1.25555
5732.3 1.25533
5732.67 1.25481
5733.03 1.2539
5733.4 1.25259
5733.76 1.24889
5734.13 1.24679
5734.5 1.24449
5734.86 1.24205
5735.23 1.23956
5735.6 1.23766
5735.96 1.2354
5736.33 1.23323
5736.69 1.23119
5737.06 1.22926
5737.43 1.22745
5737.79 1.22578
5738.16 1.22427
5738.52 1.22292
5738.89 1.22174
5739.26 1.22073
5739.62 1.2199
5739.99 1.22015
5740.36 1.21972
5740.72 1.21938
5741.09 1.21908
5741.45 1.21879
5741.82 1.21848
5742.19 1.21946
5742.55 1.21899
5742.92 1.21839
5743.29 1.21765
5743.65 1.21674
5744.02 1.21565
5744.38 1.21436
5744.75 1.21291
5745.12 1.21128
5745.48 1.20953
5745.85 1.20769
5746.22 1.20624
5746.58 1.20444
5746.95 1.2027
5747.31 1.20103
5747.68 1.19945
5748.05 1.19795
5748.41 1.19905
5748.78 1.19771
5749.15 1.19639
5749.51 1.19504
5749.88 1.19358
5750.24 1.19196
5750.61 1.19009
5750.98 1.18793
5751.34 1.18542
5751.71 1.18253
5752.07 1.17921
5752.44 1.17416
5752.81 1.1695
5753.17 1.16447
5753.54 1.15919
5753.91 1.15382
5754.27 1.14848
5754.64 1.1433
5755 1.14113
5755.37 1.13634
5755.74 1.13179
5756.1 1.12743
5756.47 1.12323
5756.84 1.11912
5757.2 1.11507
5757.57 1.11105
5757.93 1.10704
5758.3 1.10302
5758.67 1.09756
5759.03 1.09342
5759.4 1.0892
5759.77 1.08485
5760.13 1.08037
5760.5 1.07568
5760.86 1.07079
5761.23 1.06566
5761.6 1.06313
5761.96 1.05761
5762.33 1.05187
5762.69 1.04592
5763.06 1.03977
5763.43 1.03349
5763.79 1.02708
5764.16 1.02062
5764.53 1.0107
5764.89 1.00423
5765.26 0.997795
5765.62 0.99147
5765.99 0.985329
5766.36 0.979408
5766.72 0.973717
5767.09 0.968269
5767.46 0.963081
5767.82 0.958183
5768.19 0.955872
5768.55 0.951546
5768.92 0.947639
5769.29 0.94413
5769.65 0.940979
5770.02 0.938133
5770.39 0.935539
5770.75 0.931854
5771.12 0.929596
5771.48 0.927422
5771.85 0.925308
5772.22 0.923233
5772.58 0.921196
5772.95 0.919235
5773.31 0.917358
5773.68 0.915611
5774.05 0.913994
5774.41 0.912552
5774.78 0.912048
5775.15 0.910965
5775.51 0.910042
5775.88 0.909248
5776.24 0.908524
5776.61 0.907837
5776.98 0.907433
5777.34 0.9067
5777.71 0.905876
5778.08 0.90493
5778.44 0.903839
5778.81 0.902611
5779.17 0.901215
5779.54 0.899658
5779.91 0.897934
5780.27 0.896019
5780.64 0.893906
5781.01 0.893181
5781.37 0.890648
5781.74 0.887856
5782.1 0.884781
5782.47 0.881439
5782.84 0.877899
5783.2 0.872635
5783.57 0.869003
5783.94 0.865433
5784.3 0.861954
5784.67 0.858582
5785.03 0.855324
5785.4 0.85218
5785.77 0.849129
5786.13 0.846138
5786.5 0.84317
5786.86 0.840157
5787.23 0.837059
5787.6 0.835808
5787.96 0.832375
5788.33 0.828773
5788.7 0.825027
5789.06 0.821175
5789.43 0.815399
5789.79 0.8116
5790.16 0.807899
5790.53 0.804291
5790.89 0.800728
5791.26 0.79718
5791.63 0.793602
5791.99 0.789978
5792.36 0.786331
5792.72 0.782677
5793.09 0.779053
5793.46 0.775467
5793.82 0.771935
5794.19 0.770576
5794.56 0.767113
5794.92 0.763672
5795.29 0.758797
5795.65 0.755219
5796.02 0.751511
5796.39 0.747627
5796.75 0.743561
5797.12 0.739326
5797.48 0.734924
5797.85 0.730331
5798.22 0.725525
5798.58 0.720436
5798.95 0.714996
5799.32 0.709137
5799.68 0.702789
5800.05 0.695938
5800.41 0.688599
5800.78 0.682396
5801.15 0.674568
5801.51 0.66095
5801.88 0.653915
5802.25 0.647308
5802.61 0.641136
5802.98 0.635361
5803.34 0.629913
5803.71 0.624756
5804.08 0.61982
5804.44 0.615051
5804.81 0.610397
5805.18 0.605827
5805.54 0.601318
5805.91 0.596848
5806.27 0.592415
5806.64 0.588013
5807.01 0.583633
5807.37 0.581757
5807.74 0.575562
5808.1 0.571304
5808.47 0.567154
5808.84 0.563179
5809.2 0.559448
5809.57 0.555962
5809.94 0.552711
5810.3 0.549667
5810.67 0.546806
5811.03 0.544106
5811.4 0.541512
5811.77 0.539001
5812.13 0.536522
5812.5 0.534042
5812.87 0.531525
5813.23 0.528946
5813.6 0.526291
5813.96 0.523933
5814.33 0.521057
5814.7 0.518036
5815.06 0.514893
5815.43 0.511612
5815.8 0.508224
5816.16 0.504745
5816.53 0.50119
5816.89 0.497543
5817.26 0.493835
5817.63 0.490105
5817.99 0.486374
5818.36 0.482704
5818.73 0.479118
5819.09 0.47567
5819.46 0.472382
5819.82 0.469299
5820.19 0.465134
5820.56 0.462486
5820.92 0.460022
5821.29 0.457695
5821.65 0.455475
5822.02 0.453331
5822.39 0.451241
5822.75 0.449181
5823.12 0.447121
5823.49 0.445045
5823.85 0.44297
5824.22 0.440895
5824.58 0.43885
5824.95 0.436836
5825.32 0.434837
5825.68 0.432854
5826.05 0.430885
5826.42 0.428421
5826.78 0.427917
5827.15 0.426094
5827.51 0.424316
5827.88 0.422554
5828.25 0.420746
5828.61 0.418892
5828.98 0.416954
5829.35 0.414932
5829.71 0.412781
5830.08 0.410454
5830.44 0.407913
5830.81 0.405121
5831.18 0.402084
5831.54 0.398811
5831.91 0.395332
5832.27 0.390343
5832.64 0.386665
5833.01 0.382988
5833.37 0.382011
5833.74 0.378624
5834.11 0.375351
5834.47 0.372223
5834.84 0.369225
5835.2 0.366356
5835.57 0.363625
5835.94 0.361031
5836.3 0.358559
5836.67 0.356209
5837.04 0.353958
5837.4 0.351791
5837.77 0.34967
5838.13 0.347572
5838.5 0.346275
5838.87 0.344116
5839.23 0.341942
5839.6 0.33979
5839.97 0.34034
5840.33 0.338287
5840.7 0.336418
5841.06 0.334785
5841.43 0.333443
5841.8 0.33242
5842.16 0.331726
5842.53 0.331375
5842.9 0.331345
5843.26 0.331619
5843.63 0.332153
5843.99 0.332916
5844.36 0.333855
5844.73 0.337929
5845.09 0.33918
5845.46 0.340469
5845.82 0.341797
5846.19 0.343155
5846.56 0.346306
5846.92 0.347694
5847.29 0.349144
5847.66 0.350655
5848.02 0.352242
5848.39 0.353928
5848.75 0.355728
5849.12 0.357674
5849.49 0.35981
5849.85 0.362167
5850.22 0.364807
5850.59 0.367783
5850.95 0.373764
5851.32 0.377525
5851.68 0.381737
5852.05 0.386353
5852.42 0.391266
5852.78 0.393974
5853.15 0.399055
5853.52 0.404091
5853.88 0.408966
5854.25 0.41362
5854.61 0.41803
5854.98 0.422203
5855.35 0.426147
5855.71 0.429863
5856.08 0.433372
5856.44 0.436668
5856.81 0.439728
5857.18 0.444649
5857.54 0.446953
5857.91 0.448906
5858.28 0.450478
5858.64 0.451645
5859.01 0.452385
5859.37 0.452782
5859.74 0.452759
5860.11 0.452293
5860.47 0.451385
5860.84 0.450066
5861.21 0.448364
5861.57 0.446342
5861.94 0.444031
5862.3 0.44149
5862.67 0.438797
5863.04 0.434898
5863.4 0.432144
5863.77 0.429382
5864.14 0.426643
5864.5 0.423912
5864.87 0.421196
5865.23 0.418488
5865.6 0.415779
5865.97 0.415039
5866.33 0.412254
5866.7 0.409378
5867.06 0.406403
5867.43 0.403358
5867.8 0.400276
5868.16 0.397232
5868.53 0.394257
5868.9 0.391373
5869.26 0.388275
5869.63 0.385719
5869.99 0.383286
5870.36 0.380966
5870.73 0.378738
5871.09 0.376579
5871.46 0.374435
5871.83 0.372284
5872.19 0.370064
5872.56 0.370033
5872.92 0.367599
5873.29 0.365044
5873.66 0.362373
5874.02 0.359589
5874.39 0.356667
5874.76 0.353615
5875.12 0.350388
5875.49 0.345215
5875.85 0.34137
5876.22 0.337326
5876.59 0.333107
5876.95 0.328712
5877.32 0.324181
5877.69 0.319572
5878.05 0.314926
5878.42 0.310257
5878.78 0.305565
5879.15 0.303116
5879.52 0.298279
5879.88 0.293282
5880.25 0.288101
5880.61 0.282715
5880.98 0.277122
5881.35 0.271355
5881.71 0.261917
5882.08 0.255959
5882.45 0.250076
5882.81 0.244255
5883.18 0.238472
5883.54 0.232689
5883.91 0.226898
5884.28 0.221115
5884.64 0.215378
5885.01 0.209717
5885.38 0.20414
5885.74 0.20089
5886.11 0.195412
5886.47 0.190079
5886.84 0.184959
5887.21 0.180092
5887.57 0.175499
5887.94 0.168266
5888.31 0.1642
5888.67 0.160339
5889.04 0.15667
5889.4 0.153137
5889.77 0.149719
5890.14 0.146355
5890.5 0.143036
5890.87 0.139771
5891.23 0.136543
5891.6 0.133316
5891.97 0.130119
5892.33 0.126968
5892.7 0.123703
5893.07 0.120285
5893.43 0.116676
5893.8 0.109901
5894.16 0.105705
5894.53 0.101181
5894.9 0.0963211
5895.26 0.0911713
5895.63 0.0857849
5896 0.0801773
5896.36 0.0744019
5896.73 0.0684433
5897.09 0.0623016
5897.46 0.0559616
5897.83 0.049408
5898.19 0.0426254
5898.56 0.037796
5898.93 0.0304108
5899.29 0.0226746
5899.66 0.0145264
5900.02 -0.00136566
5900.39 -0.0112228
5900.76 -0.0217133
5901.12 -0.0328064
5901.49 -0.044487
5901.85 -0.0567551
5902.22 -0.0697556
5902.59 -0.0837173
5902.95 -0.0990601
5903.32 -0.116287
5903.69 -0.134758
5904.05 -0.15168
5904.42 -0.166565
5904.78 -0.179832
5905.15 -0.191315
5905.52 -0.202324
5905.88 -0.212471
5906.25 -0.230431
5906.62 -0.239166
5906.98 -0.247803
5907.35 -0.256409
5907.71 -0.264992
5908.08 -0.273483
5908.45 -0.281845
5908.81 -0.29007
5909.18 -0.298187
5909.55 -0.306221
5909.91 -0.314194
5910.28 -0.322105
5910.64 -0.329926
5911.01 -0.337624
5911.38 -0.345177
5911.74 -0.349358
5912.11 -0.356651
5912.48 -0.367706
5912.84 -0.374664
5913.21 -0.38147
5913.57 -0.388138
5913.94 -0.394707
5914.31 -0.401215
5914.67 -0.407722
5915.04 -0.414246
5915.4 -0.420799
5915.77 -0.427391
5916.14 -0.434029
5916.5 -0.44072
5916.87 -0.447517
5917.24 -0.454437
5917.6 -0.461502
5917.97 -0.468689
5918.33 -0.47316
5918.7 -0.485085
5919.07 -0.492599
5919.43 -0.500237
5919.8 -0.507996
5920.17 -0.515793
5920.53 -0.523506
5920.9 -0.531044
5921.26 -0.538338
5921.63 -0.545326
5922 -0.551987
5922.36 -0.558296
5922.73 -0.564217
5923.1 -0.56974
5923.46 -0.574883
5923.83 -0.579659
5924.19 -0.584106
5924.56 -0.585167
5924.93 -0.589935
5925.29 -0.593704
5925.66 -0.597389
5926.02 -0.601021
5926.39 -0.604622
5926.76 -0.6082
5927.12 -0.611794
5927.49 -0.615448
5927.86 -0.619202
5928.22 -0.623085
5928.59 -0.62709
5928.95 -0.631218
5929.32 -0.635406
5929.69 -0.63961
5930.05 -0.643768
5930.42 -0.647743
5930.79 -0.653275
5931.15 -0.654785
5931.52 -0.657333
5931.88 -0.65937
5932.25 -0.660904
5932.62 -0.662003
5932.98 -0.662697
5933.35 -0.66304
5933.72 -0.663063
5934.08 -0.662766
5934.45 -0.662178
5934.81 -0.661301
5935.18 -0.660156
5935.55 -0.658775
5935.91 -0.657173
5936.28 -0.655365
5936.65 -0.653366
5937.01 -0.651527
5937.38 -0.649551
5937.74 -0.650558
5938.11 -0.64904
5938.48 -0.647736
5938.84 -0.646759
5939.21 -0.64624
5939.57 -0.646263
5939.94 -0.646805
5940.31 -0.647736
5940.67 -0.648781
5941.04 -0.649628
5941.41 -0.650047
5941.77 -0.649956
5942.14 -0.649391
5942.5 -0.648438
5942.87 -0.647186
5943.24 -0.646149
5943.6 -0.644165
5943.97 -0.642136
5944.34 -0.641586
5944.7 -0.639351
5945.07 -0.637238
5945.43 -0.635292
5945.8 -0.63353
5946.17 -0.631966
5946.53 -0.630623
5946.9 -0.629494
5947.27 -0.628593
5947.63 -0.627899
5948 -0.627403
5948.36 -0.627098
5948.73 -0.626976
5949.1 -0.627022
5949.46 -0.626495
5949.83 -0.626961
5950.19 -0.627556
5950.56 -0.628273
5950.93 -0.628029
5951.29 -0.629021
5951.66 -0.630165
5952.03 -0.631477
5952.39 -0.633011
5952.76 -0.634789
5953.12 -0.636864
5953.49 -0.639214
5953.86 -0.6418
5954.22 -0.644562
5954.59 -0.647392
5954.96 -0.6502
5955.32 -0.652878
5955.69 -0.655762
5956.05 -0.657684
5956.42 -0.659348
5956.79 -0.660713
5957.15 -0.661774
5957.52 -0.660858
5957.89 -0.661354
5958.25 -0.66153
5958.62 -0.6614
5958.98 -0.66098
5959.35 -0.660294
5959.72 -0.659348
5960.08 -0.65815
5960.45 -0.656693
5960.81 -0.654961
5961.18 -0.652962
5961.55 -0.648514
5961.91 -0.645927
5962.28 -0.643097
5962.65 -0.639984
5963.01 -0.636574
5963.38 -0.632813
5963.74 -0.630501
5964.11 -0.626305
5964.48 -0.621635
5964.84 -0.616425
5965.21 -0.61068
5965.58 -0.6045
5965.94 -0.598045
5966.31 -0.59156
5966.67 -0.585251
5967.04 -0.579239
5967.41 -0.573593
5967.77 -0.566185
5968.14 -0.561211
5968.51 -0.556541
5968.87 -0.552109
5969.24 -0.54789
5969.6 -0.543831
5969.97 -0.539932
5970.34 -0.537895
5970.7 -0.534126
5971.07 -0.530472
5971.44 -0.526886
5971.8 -0.523308
5972.17 -0.519669
5972.53 -0.515884
5972.9 -0.511917
5973.27 -0.507721
5973.63 -0.503387
5974 -0.498108
5974.36 -0.494225
5974.73 -0.490723
5975.1 -0.487671
5975.46 -0.485069
5975.83 -0.482903
5976.2 -0.48114
5976.56 -0.479698
5976.93 -0.479836
5977.29 -0.478569
5977.66 -0.477371
5978.03 -0.476219
5978.39 -0.475082
5978.76 -0.473953
5979.13 -0.472839
5979.49 -0.471695
5979.86 -0.47049
5980.22 -0.46743
5980.59 -0.465797
5980.96 -0.464058
5981.32 -0.462212
5981.69 -0.460274
5982.06 -0.458244
5982.42 -0.456131
5982.79 -0.453918
5983.15 -0.451591
5983.52 -0.448593
5983.89 -0.446114
5984.25 -0.443581
5984.62 -0.44104
5984.98 -0.438538
5985.35 -0.436104
5985.72 -0.433739
5986.08 -0.43145
5986.45 -0.426445
5986.82 -0.424355
5987.18 -0.422295
5987.55 -0.420288
5987.91 -0.418297
5988.28 -0.416298
5988.65 -0.414291
5989.01 -0.412292
5989.38 -0.410316
5989.75 -0.408424
5990.11 -0.406136
5990.48 -0.404396
5990.84 -0.402733
5991.21 -0.401154
5991.58 -0.399651
5991.94 -0.39817
5992.31 -0.396721
5992.68 -0.393356
5993.04 -0.391884
5993.41 -0.390335
5993.77 -0.388695
5994.14 -0.386955
5994.51 -0.385132
5994.87 -0.383224
5995.24 -0.381233
5995.6 -0.379166
5995.97 -0.377037
5996.34 -0.374512
5996.7 -0.372223
5997.07 -0.369888
5997.44 -0.367508
5997.8 -0.365067
5998.17 -0.362572
5998.53 -0.357056
5998.9 -0.354431
5999.27 -0.351768
5999.63 -0.349091
6000 -0.34642
6000.37 -0.343758
6000.73 -0.34111
6001.1 -0.33847
6001.46 -0.335892
6001.83 -0.333366
6002.2 -0.330933
6002.56 -0.328545
6002.93 -0.32608
6003.3 -0.3237
6003.66 -0.321274
6004.03 -0.318764
6004.39 -0.316132
6004.76 -0.31076
6005.13 -0.307861
6005.49 -0.304901
6005.86 -0.301933
6006.23 -0.299026
6006.59 -0.296242
6006.96 -0.293625
6007.32 -0.291214
6007.69 -0.289009
6008.06 -0.287056
6008.42 -0.285347
6008.79 -0.283844
6009.15 -0.28257
6009.52 -0.280273
6009.89 -0.279175
6010.25 -0.278145
6010.62 -0.27713
6010.99 -0.273582
6011.35 -0.272415
6011.72 -0.271187
6012.08 -0.269913
6012.45 -0.268608
6012.82 -0.267281
6013.18 -0.265923
6013.55 -0.264526
6013.92 -0.263107
6014.28 -0.261627
6014.65 -0.260109
6015.01 -0.25853
6015.38 -0.256859
6015.75 -0.255035
6016.11 -0.252823
6016.48 -0.250824
6016.85 -0.248581
6017.21 -0.243828
6017.58 -0.241043
6017.94 -0.238037
6018.31 -0.234871
6018.68 -0.231628
6019.04 -0.228371
6019.41 -0.225159
6019.77 -0.222038
6020.14 -0.219002
6020.51 -0.216034
6020.87 -0.21315
6021.24 -0.210327
6021.61 -0.207573
6021.97 -0.20488
6022.34 -0.20224
6022.7 -0.198959
6023.07 -0.196396
6023.44 -0.190689
6023.8 -0.188354
6024.17 -0.186104
6024.54 -0.183899
6024.9 -0.181732
6025.27 -0.17952
6025.63 -0.177238
6026 -0.174881
6026.37 -0.172417
6026.73 -0.169846
6027.1 -0.167183
6027.47 -0.164398
6027.83 -0.161499
6028.2 -0.158447
6028.56 -0.155251
6028.93 -0.151878
6029.3 -0.145813
6029.66 -0.142227
6030.03 -0.13839
6030.4 -0.134262
6030.76 -0.129814
6031.13 -0.125031
6031.49 -0.119858
6031.86 -0.114296
6032.23 -0.108322
6032.59 -0.101967
6032.96 -0.0952682
6033.32 -0.0882339
6033.69 -0.0808945
6034.06 -0.0733032
6034.42 -0.0655823
6034.79 -0.0579987
6035.16 -0.0508118
6035.52 -0.0483246
6035.89 -0.0419693
6036.25 -0.0361786
6036.62 -0.0309753
6036.99 -0.0262756
6037.35 -0.0220566
6037.72 -0.0182266
6038.09 -0.0147171
6038.45 -0.0114517
6038.82 -0.00836945
6039.18 -0.00543213
6039.55 -0.00267029
6039.92 -6.86646e-05
6040.28 0.00238037
6040.65 0.00469971
6041.02 0.00691223
6041.38 0.00907135
6041.75 0.0115356
6042.11 0.0118408
6042.48 0.0139847
6042.85 0.0162125
6043.21 0.0185471
6043.58 0.0209961
6043.94 0.0235443
6044.31 0.026207
6044.68 0.0289536
6045.04 0.0317612
6045.41 0.0346375
6045.78 0.0375977
6046.14 0.0406799
6046.51 0.0439377
6046.87 0.0474625
6047.24 0.0513535
6047.61 0.055748
6047.97 0.0606995
6048.34 0.0665512
6048.71 0.0666199
6049.07 0.0733948
6049.44 0.0811081
6049.8 0.0898514
6050.17 0.0995865
6050.54 0.10981
6050.9 0.119537
6051.27 0.12822
6051.64 0.135803
6052 0.142464
6052.37 0.148369
6052.73 0.153732
6053.1 0.158722
6053.47 0.16349
6053.83 0.168144
6054.2 0.17305
6054.56 0.177811
6054.93 0.182571
6055.3 0.18335
6055.66 0.188217
6056.03 0.193024
6056.4 0.197815
6056.76 0.202637
6057.13 0.207504
6057.49 0.212357
6057.86 0.217148
6058.23 0.22171
6058.59 0.225975
6058.96 0.229843
6059.33 0.233284
6059.69 0.23629
6060.06 0.238884
6060.42 0.24231
6060.79 0.244133
6061.16 0.245728
6061.52 0.247162
6061.89 0.24839
6062.26 0.249794
6062.62 0.251137
6062.99 0.25248
6063.35 0.253815
6063.72 0.255188
6064.09 0.256615
6064.45 0.258125
6064.82 0.259758
6065.19 0.261528
6065.55 0.263435
6065.92 0.265488
6066.28 0.269562
6066.65 0.27179
6067.02 0.274048
6067.38 0.276283
6067.75 0.278465
6068.11 0.280266
6068.48 0.282394
6068.85 0.284462
6069.21 0.28643
6069.58 0.288315
6069.95 0.290146
6070.31 0.291916
6070.68 0.29364
6071.04 0.295334
6071.41 0.296989
6071.78 0.298584
6072.14 0.300117
6072.51 0.302696
6072.88 0.303917
6073.24 0.305016
6073.61 0.305962
6073.97 0.306717
6074.34 0.307228
6074.71 0.306808
6075.07 0.306671
6075.44 0.30616
6075.81 0.305222
6076.17 0.303802
6076.54 0.301918
6076.9 0.299652
6077.27 0.297211
6077.64 0.294792
6078 0.292572
6078.37 0.290611
6078.73 0.287216
6079.1 0.286179
6079.47 0.285431
6079.83 0.284958
6080.2 0.284744
6080.57 0.284744
6080.93 0.284958
6081.3 0.285019
6081.66 0.285583
6082.03 0.286301
6082.4 0.28714
6082.76 0.288048
6083.13 0.288979
6083.5 0.289917
6083.86 0.29081
6084.23 0.291687
6084.59 0.292564
6084.96 0.294685
6085.33 0.295662
6085.69 0.296631
6086.06 0.297585
6086.43 0.298515
6086.79 0.299423
6087.16 0.300323
6087.52 0.301208
6087.89 0.302841
6088.26 0.303658
6088.62 0.304443
6088.99 0.305183
6089.35 0.305916
6089.72 0.306656
6090.09 0.307449
6090.45 0.308296
6090.82 0.309189
6091.19 0.310638
6091.55 0.311348
6091.92 0.31208
6092.28 0.312798
6092.65 0.313461
6093.02 0.31398
6093.38 0.31424
6093.75 0.314171
6094.12 0.313751
6094.48 0.311996
6094.85 0.31131
6095.21 0.310539
6095.58 0.309731
6095.95 0.308922
6096.31 0.308174
6096.68 0.307549
6097.05 0.306778
6097.41 0.306725
6097.78 0.306831
6098.14 0.307076
6098.51 0.307487
6098.88 0.308075
6099.24 0.308868
6099.61 0.309875
6099.98 0.311111
6100.34 0.312637
6100.71 0.314476
6101.07 0.31604
6101.44 0.318291
6101.81 0.320908
6102.17 0.323914
6102.54 0.327354
6102.9 0.331268
6103.27 0.337372
6103.64 0.342369
6104 0.348053
6104.37 0.354507
6104.74 0.36161
6105.1 0.368927
6105.47 0.375816
6105.83 0.381905
6106.2 0.387154
6106.57 0.391693
6106.93 0.395622
6107.3 0.395706
6107.67 0.399109
6108.03 0.402115
6108.4 0.404808
6108.76 0.407303
6109.13 0.409676
6109.5 0.412132
6109.86 0.414368
6110.23 0.41658
6110.6 0.418793
6110.96 0.421043
6111.33 0.423416
6111.69 0.425949
6112.06 0.428696
6112.43 0.431709
6112.79 0.434975
6113.16 0.438461
6113.52 0.442055
6113.89 0.441345
6114.26 0.444801
6114.62 0.448067
6114.99 0.450981
6115.36 0.453499
6115.72 0.454849
6116.09 0.456711
6116.45 0.45829
6116.82 0.459656
6117.19 0.460831
6117.55 0.461845
6117.92 0.462685
6118.29 0.463333
6118.65 0.463791
6119.02 0.464081
6119.38 0.464203
6119.75 0.46418
6120.12 0.464027
6120.48 0.463188
6120.85 0.462692
6121.22 0.461998
6121.58 0.461075
6121.95 0.458145
6122.31 0.45681
6122.68 0.455475
6123.05 0.454208
6123.41 0.453087
6123.78 0.452156
6124.15 0.451492
6124.51 0.451149
6124.88 0.451157
6125.24 0.451538
6125.61 0.452248
6125.98 0.453278
6126.34 0.454597
6126.71 0.456215
6127.07 0.455193
6127.44 0.45723
6127.81 0.459587
6128.17 0.461632
6128.54 0.464767
6128.91 0.468285
6129.27 0.472221
6129.64 0.476662
6130 0.481651
6130.37 0.487267
6130.74 0.493538
6131.1 0.500374
6131.47 0.507584
6131.84 0.514793
6132.2 0.521629
6132.57 0.527832
6132.93 0.533318
6133.3 0.538124
6133.67 0.538002
6134.03 0.542221
6134.4 0.545967
6134.77 0.549225
6135.13 0.552025
6135.5 0.55442
6135.86 0.556435
6136.23 0.558105
6136.6 0.559456
6136.96 0.560509
6137.33 0.56131
6137.69 0.561867
6138.06 0.56221
6138.43 0.56234
6138.79 0.562302
6139.16 0.562134
6139.53 0.561844
6139.89 0.562408
6140.26 0.562996
6140.62 0.562828
6140.99 0.562622
6141.36 0.562408
6141.72 0.562218
6142.09 0.562057
6142.46 0.562004
6142.82 0.562042
6143.19 0.562233
6143.55 0.562561
6143.92 0.56308
6144.29 0.563766
6144.65 0.564682
6145.02 0.565849
6145.39 0.567307
6145.75 0.569138
6146.12 0.571373
6146.48 0.574471
6146.85 0.577316
6147.22 0.580727
6147.58 0.58477
6147.95 0.589493
6148.31 0.595024
6148.68 0.601501
6149.05 0.609108
6149.41 0.617973
6149.78 0.627556
6150.15 0.636436
6150.51 0.643944
6150.88 0.650154
6151.24 0.655243
6151.61 0.659386
6151.98 0.662697
6152.34 0.665276
6152.71 0.66729
6153.08 0.667206
6153.44 0.668251
6153.81 0.668839
6154.17 0.66909
6154.54 0.66906
6154.91 0.668861
6155.27 0.668617
6155.64 0.66835
6156.01 0.668167
6156.37 0.668068
6156.74 0.668068
6157.1 0.668159
6157.47 0.668312
6157.84 0.668495
6158.2 0.668678
6158.57 0.668839
6158.94 0.669418
6159.3 0.669434
6159.67 0.669838
6160.03 0.669785
6160.4 0.66967
6160.77 0.669487
6161.13 0.669258
6161.5 0.668938
6161.86 0.668526
6162.23 0.668022
6162.6 0.66745
6162.96 0.66687
6163.33 0.66626
6163.7 0.665627
6164.06 0.665016
6164.43 0.664391
6164.79 0.665054
6165.16 0.664444
6165.53 0.663795
6165.89 0.663094
6166.26 0.66433
6166.63 0.663506
6166.99 0.662628
6167.36 0.661713
6167.72 0.660797
6168.09 0.659874
6168.46 0.658958
6168.82 0.658089
6169.19 0.657242
6169.56 0.656456
6169.92 0.655754
6170.29 0.655151
6170.65 0.65464
6171.02 0.655716
6171.39 0.655533
6171.75 0.65551
6172.12 0.655693
6172.48 0.656097
6172.85 0.65815
6173.22 0.658913
6173.58 0.659889
6173.95 0.661072
6174.32 0.662468
6174.68 0.664055
6175.05 0.665817
6175.41 0.667732
6175.78 0.6698
6176.15 0.671959
6176.51 0.674225
6176.88 0.676598
6177.25 0.680786
6177.61 0.683388
6177.98 0.686234
6178.34 0.689384
6178.71 0.692856
6179.08 0.694237
6179.44 0.697998
6179.81 0.702095
6180.18 0.70649
6180.54 0.711067
6180.91 0.715637
6181.27 0.71994
6181.64 0.72374
6182.01 0.726906
6182.37 0.729424
6182.74 0.7313
6183.1 0.73259
6183.47 0.733215
6183.84 0.733658
6184.2 0.733902
6184.57 0.734055
6184.94 0.734215
6185.3 0.734451
6185.67 0.73494
6186.03 0.73542
6186.4 0.736038
6186.77 0.736786
6187.13 0.737686
6187.5 0.738708
6187.87 0.739861
6188.23 0.741112
6188.6 0.742439
6188.96 0.74379
6189.33 0.745117
6189.7 0.746178
6190.06 0.746956
6190.43 0.747528
6190.8 0.747902
6191.16 0.748024
6191.53 0.74794
6191.89 0.747627
6192.26 0.745934
6192.63 0.745461
6192.99 0.744873
6193.36 0.744194
6193.73 0.743507
6194.09 0.742851
6194.46 0.74231
6194.82 0.74189
6195.19 0.741577
6195.56 0.741386
6195.92 0.741714
6196.29 0.741821
6196.65 0.742081
6197.02 0.742523
6197.39 0.743179
6197.75 0.744102
6198.12 0.745277
6198.49 0.746704
6198.85 0.748055
6199.22 0.749832
6199.58 0.751884
6199.95 0.754196
6200.32 0.756783
6200.68 0.759628
6201.05 0.76268
6201.42 0.765884
6201.78 0.770668
6202.15 0.773964
6202.51 0.77726
6202.88 0.780518
6203.25 0.783676
6203.61 0.786705
6203.98 0.789581
6204.35 0.79229
6204.71 0.794853
6205.08 0.797302
6205.44 0.798363
6205.81 0.800743
6206.18 0.803085
6206.54 0.80545
6206.91 0.807861
6207.27 0.810349
6207.64 0.812904
6208.01 0.816757
6208.37 0.81942
6208.74 0.822083
6209.11 0.824722
6209.47 0.827354
6209.84 0.829941
6210.2 0.832458
6210.57 0.834846
6210.94 0.837074
6211.3 0.839119
6211.67 0.840942
6212.04 0.842834
6212.4 0.844551
6212.77 0.8461
6213.13 0.847481
6213.5 0.848694
6213.87 0.849754
6214.23 0.852592
6214.6 0.853355
6214.97 0.853996
6215.33 0.8545
6215.7 0.854866
6216.06 0.855095
6216.43 0.855186
6216.8 0.855171
6217.16 0.855042
6217.53 0.854805
6217.9 0.854492
6218.26 0.856125
6218.63 0.85569
6218.99 0.855194
6219.36 0.854637
6219.73 0.854042
6220.09 0.853401
6220.46 0.853897
6220.82 0.853142
6221.19 0.852417
6221.56 0.851761
6221.92 0.851158
6222.29 0.850655
6222.66 0.850258
6223.02 0.850006
6223.39 0.849915
6223.75 0.850014
6224.12 0.850327
6224.49 0.850861
6224.85 0.851921
6225.22 0.85273
6225.59 0.853729
6225.95 0.854912
6226.32 0.856277
6226.68 0.85923
6227.05 0.86087
6227.42 0.862617
6227.78 0.864403
6228.15 0.866226
6228.52 0.868019
6228.88 0.86972
6229.25 0.871239
6229.61 0.872482
6229.98 0.873398
6230.35 0.873947
6230.71 0.874138
6231.08 0.873932
6231.44 0.873985
6231.81 0.873085
6232.18 0.871788
6232.54 0.868805
6232.91 0.866325
6233.28 0.863457
6233.64 0.86026
6234.01 0.856766
6234.37 0.852974
6234.74 0.848885
6235.11 0.844475
6235.47 0.839722
6235.84 0.834641
6236.21 0.829247
6236.57 0.823593
6236.94 0.817726
6237.3 0.811745
6237.67 0.80574
6238.04 0.802094
6238.4 0.796486
6238.77 0.788536
6239.14 0.78392
6239.5 0.779625
6239.87 0.775604
6240.23 0.771835
6240.6 0.768242
6240.97 0.764778
6241.33 0.761383
6241.7 0.757973
6242.06 0.754509
6242.43 0.750916
6242.8 0.747131
6243.16 0.743126
6243.53 0.738853
6243.9 0.734245
6244.26 0.73185
6244.63 0.726471
6244.99 0.716759
6245.36 0.709633
6245.73 0.701721
6246.09 0.692917
6246.46 0.683235
6246.83 0.672882
6247.19 0.66243
6247.56 0.652542
6247.92 0.643456
6248.29 0.635208
6248.66 0.627701
6249.02 0.620804
6249.39 0.614433
6249.76 0.608452
6250.12 0.602791
6250.49 0.597313
6250.85 0.594147
6251.22 0.585625
6251.59 0.580246
6251.95 0.574783
6252.32 0.569214
6252.69 0.56356
6253.05 0.557861
6253.42 0.552223
6253.78 0.546707
6254.15 0.541389
6254.52 0.536293
6254.88 0.531456
6255.25 0.526878
6255.61 0.522591
6255.98 0.518593
6256.35 0.51487
6256.71 0.511421
6257.08 0.508186
6257.45 0.504318
6257.81 0.501389
6258.18 0.498703
6258.54 0.496239
6258.91 0.493996
6259.28 0.49192
6259.64 0.48999
6260.01 0.488121
6260.38 0.486313
6260.74 0.484474
6261.11 0.482559
6261.47 0.480515
6261.84 0.478279
6262.21 0.4758
6262.57 0.473091
6262.94 0.470161
6263.31 0.467026
6263.67 0.459946
6264.04 0.455879
6264.4 0.451729
6264.77 0.447289
6265.14 0.442535
6265.5 0.4375
6265.87 0.432182
6266.23 0.426575
6266.6 0.420578
6266.97 0.414063
6267.33 0.406845
6267.7 0.398804
6268.07 0.389999
6268.43 0.380859
6268.8 0.372002
6269.16 0.363777
6269.53 0.349052
6269.9 0.342499
6270.26 0.336258
6270.63 0.330612
6271 0.324928
6271.36 0.319298
6271.73 0.313652
6272.09 0.307831
6272.46 0.30175
6272.83 0.295265
6273.19 0.288261
6273.56 0.280647
6273.93 0.272339
6274.29 0.263252
6274.66 0.253342
6275.02 0.242508
6275.39 0.230644
6275.76 0.206863
6276.12 0.191025
6276.49 0.172478
6276.85 0.142754
6277.22 0.127686
6277.59 0.112328
6277.95 0.0989685
6278.32 0.0870209
6278.69 0.0761795
6279.05 0.0662613
6279.42 0.0571136
6279.78 0.048645
6280.15 0.040741
6280.52 0.0333023
6280.88 0.0262604
6281.25 0.0194931
6281.62 0.0129166
6281.98 0.00243378
6282.35 -0.00429535
6282.71 -0.0112991
6283.08 -0.0187683
6283.45 -0.0246964
6283.81 -0.0338669
6284.18 -0.0444489
6284.55 -0.057045
6284.91 -0.0710831
6285.28 -0.0832825
6285.64 -0.0934601
6286.01 -0.102196
6286.38 -0.109879
6286.74 -0.116753
6287.11 -0.122986
6287.48 -0.128716
6287.84 -0.134056
6288.21 -0.141159
6288.57 -0.145729
6288.94 -0.150192
6289.31 -0.154579
6289.67 -0.158897
6290.04 -0.160042
6290.4 -0.164246
6290.77 -0.168472
6291.14 -0.172722
6291.5 -0.177002
6291.87 -0.18132
6292.24 -0.1856
6292.6 -0.189827
6292.97 -0.193993
6293.33 -0.198044
6293.7 -0.201981
6294.07 -0.20578
6294.43 -0.209938
6294.8 -0.213425
6295.17 -0.216713
6295.53 -0.219795
6295.9 -0.222649
6296.26 -0.22525
6296.63 -0.225815
6297 -0.228241
6297.36 -0.2304
6297.73 -0.232262
6298.1 -0.233795
6298.46 -0.23497
6298.83 -0.235764
6299.19 -0.236244
6299.56 -0.236458
6299.93 -0.236572
6300.29 -0.237625
6300.66 -0.237991
6301.02 -0.238678
6301.39 -0.239708
6301.76 -0.241066
6302.12 -0.242699
6302.49 -0.24456
6302.86 -0.246605
6303.22 -0.24733
6303.59 -0.249489
6303.95 -0.251816
6304.32 -0.254303
6304.69 -0.256973
6305.05 -0.25985
6305.42 -0.262939
6305.79 -0.266304
6306.15 -0.269966
6306.52 -0.275703
6306.88 -0.280411
6307.25 -0.285606
6307.62 -0.291306
6307.98 -0.297516
6308.35 -0.304176
6308.72 -0.311272
6309.08 -0.318733
6309.45 -0.326569
6309.81 -0.331421
6310.18 -0.339973
6310.55 -0.348984
6310.91 -0.358475
6311.28 -0.368469
6311.65 -0.378914
6312.01 -0.389679
6312.38 -0.400452
6312.74 -0.417549
6313.11 -0.426903
6313.48 -0.435593
6313.84 -0.443596
6314.21 -0.45092
6314.57 -0.457573
6314.94 -0.463608
6315.31 -0.46907
6315.67 -0.473969
6316.04 -0.475487
6316.41 -0.479454
6316.77 -0.482918
6317.14 -0.485939
6317.5 -0.488541
6317.87 -0.490776
6318.24 -0.492668
6318.6 -0.494293
6318.97 -0.494392
6319.34 -0.495453
6319.7 -0.496407
6320.07 -0.497314
6320.43 -0.498207
6320.8 -0.499161
6321.17 -0.500183
6321.53 -0.501297
6321.9 -0.502502
6322.27 -0.503807
6322.63 -0.50193
6323 -0.503357
6323.36 -0.50486
6323.73 -0.506424
6324.1 -0.508011
6324.46 -0.50956
6324.83 -0.51104
6325.19 -0.510605
6325.56 -0.511742
6325.93 -0.51268
6326.29 -0.51339
6326.66 -0.513885
6327.03 -0.514137
6327.39 -0.514137
6327.76 -0.513885
6328.12 -0.513382
6328.49 -0.512657
6328.86 -0.511734
6329.22 -0.509048
6329.59 -0.507912
6329.96 -0.506615
6330.32 -0.50518
6330.69 -0.503647
6331.05 -0.501999
6331.42 -0.497589
6331.79 -0.495834
6332.15 -0.494057
6332.52 -0.492249
6332.89 -0.490425
6333.25 -0.488571
6333.62 -0.486664
6333.98 -0.484695
6334.35 -0.482666
6334.72 -0.480568
6335.08 -0.478416
6335.45 -0.476227
6335.81 -0.474495
6336.18 -0.472397
6336.55 -0.470306
6336.91 -0.468231
6337.28 -0.465179
6337.65 -0.463387
6338.01 -0.4617
6338.38 -0.460144
6338.74 -0.458771
6339.11 -0.457626
6339.48 -0.456757
6339.84 -0.456215
6340.21 -0.455986
6340.58 -0.4561
6340.94 -0.456551
6341.31 -0.457245
6341.67 -0.45813
6342.04 -0.459106
6342.41 -0.460251
6342.77 -0.460922
6343.14 -0.461349
6343.51 -0.461395
6343.87 -0.460938
6344.24 -0.46022
6344.6 -0.459267
6344.97 -0.458107
6345.34 -0.45681
6345.7 -0.455437
6346.07 -0.454048
6346.44 -0.452736
6346.8 -0.451569
6347.17 -0.450554
6347.53 -0.449745
6347.9 -0.44912
6348.27 -0.448669
6348.63 -0.44841
6349 -0.447426
6349.36 -0.447357
6349.73 -0.446518
6350.1 -0.446693
6350.46 -0.446938
6350.83 -0.447281
6351.2 -0.447693
6351.56 -0.448196
6351.93 -0.448792
6352.29 -0.449486
6352.66 -0.450287
6353.03 -0.45121
6353.39 -0.45224
6353.76 -0.453362
6354.13 -0.454582
6354.49 -0.455902
6354.86 -0.457321
6355.22 -0.456535
6355.59 -0.45813
6355.96 -0.459305
6356.32 -0.461266
6356.69 -0.463341
6357.06 -0.465569
6357.42 -0.467949
6357.79 -0.470505
6358.15 -0.473297
6358.52 -0.476372
6358.89 -0.479782
6359.25 -0.483582
6359.62 -0.487846
6359.98 -0.492676
6360.35 -0.498215
6360.72 -0.5047
6361.08 -0.512535
6361.45 -0.522552
6361.82 -0.536179
6362.18 -0.55864
6362.55 -0.566231
6362.91 -0.57235
6363.28 -0.577347
6363.65 -0.581482
6364.01 -0.584908
6364.38 -0.587784
6364.75 -0.590233
6365.11 -0.592361
6365.48 -0.594246
6365.84 -0.596024
6366.21 -0.597778
6366.58 -0.599564
6366.94 -0.60144
6367.31 -0.603455
6367.68 -0.605629
6368.04 -0.608017
6368.41 -0.608002
6368.77 -0.610321
6369.14 -0.612793
6369.51 -0.615372
6369.87 -0.618027
6370.24 -0.62072
6370.6 -0.623413
6370.97 -0.626091
6371.34 -0.6287
6371.7 -0.631233
6372.07 -0.633682
6372.44 -0.636017
6372.8 -0.638245
6373.17 -0.640366
6373.53 -0.642349
6373.9 -0.644203
6374.27 -0.645103
6374.63 -0.646713
6375 -0.645988
6375.37 -0.647621
6375.73 -0.649239
6376.1 -0.650909
6376.46 -0.652634
6376.83 -0.654442
6377.2 -0.656372
6377.56 -0.658463
6377.93 -0.660736
6378.3 -0.663246
6378.66 -0.666023
6379.03 -0.669128
6379.39 -0.672623
6379.76 -0.676552
6380.13 -0.680946
6380.49 -0.689484
6380.86 -0.695618
6381.23 -0.702477
6381.59 -0.707924
6381.96 -0.715668
6382.32 -0.723213
6382.69 -0.730247
6383.06 -0.736671
6383.42 -0.742485
6383.79 -0.747704
6384.15 -0.752357
6384.52 -0.756477
6384.89 -0.760109
6385.25 -0.763313
6385.62 -0.766113
6385.99 -0.768547
6386.35 -0.770638
6386.72 -0.772079
6387.08 -0.773415
6387.45 -0.774529
6387.82 -0.773796
6388.18 -0.774612
6388.55 -0.77523
6388.92 -0.775635
6389.28 -0.775833
6389.65 -0.775833
6390.01 -0.775688
6390.38 -0.775383
6390.75 -0.774963
6391.11 -0.774445
6391.48 -0.773872
6391.85 -0.773308
6392.21 -0.772797
6392.58 -0.772369
6392.94 -0.771004
6393.31 -0.770988
6393.68 -0.771133
6394.04 -0.771477
6394.41 -0.770821
6394.77 -0.771439
6395.14 -0.772224
6395.51 -0.773148
6395.87 -0.774155
6396.24 -0.775177
6396.61 -0.776154
6396.97 -0.777031
6397.34 -0.777809
6397.7 -0.778427
6398.07 -0.778885
6398.44 -0.779182
6398.8 -0.778198
6399.17 -0.778107
6399.54 -0.777878
6399.9 -0.77755
6400.27 -0.777153
6400.63 -0.776756
6401 -0.775375
6401.37 -0.775002
6401.73 -0.77475
6402.1 -0.774651
6402.47 -0.774719
6402.83 -0.774963
6403.2 -0.775383
6403.56 -0.775978
6403.93 -0.776733
6404.3 -0.777641
6404.66 -0.778687
6405.03 -0.778282
6405.4 -0.779549
6405.76 -0.780899
6406.13 -0.78228
6406.49 -0.783707
6406.86 -0.785133
6407.23 -0.786575
6407.59 -0.784668
6407.96 -0.786118
6408.32 -0.787582
6408.69 -0.789063
6409.06 -0.790565
6409.42 -0.792061
6409.79 -0.793556
6410.16 -0.795029
6410.52 -0.796471
6410.89 -0.797882
6411.25 -0.797485
6411.62 -0.798859
6411.99 -0.800201
6412.35 -0.801514
6412.72 -0.802818
6413.09 -0.804115
6413.45 -0.805412
6413.82 -0.806709
6414.18 -0.806679
6414.55 -0.808411
6414.92 -0.810242
6415.28 -0.812195
6415.65 -0.814377
6416.02 -0.816811
6416.38 -0.819481
6416.75 -0.822205
6417.11 -0.824753
6417.48 -0.828728
6417.85 -0.83004
6418.21 -0.830978
6418.58 -0.831573
6418.94 -0.831886
6419.31 -0.831924
6419.68 -0.831757
6420.04 -0.831421
6420.41 -0.830994
6420.78 -0.829666
6421.14 -0.829041
6421.51 -0.828423
6421.87 -0.82782
6422.24 -0.827232
6422.61 -0.826622
6422.97 -0.826035
6423.34 -0.825439
6423.71 -0.822586
6424.07 -0.821938
6424.44 -0.821289
6424.8 -0.820633
6425.17 -0.819939
6425.54 -0.819199
6425.9 -0.818405
6426.27 -0.817528
6426.64 -0.816566
6427 -0.814445
6427.37 -0.813416
6427.73 -0.812263
6428.1 -0.810982
6428.47 -0.809593
6428.83 -0.808121
6429.2 -0.806557
6429.56 -0.804932
6429.93 -0.800934
6430.3 -0.79921
6430.66 -0.797485
6431.03 -0.795776
6431.4 -0.794044
6431.76 -0.792297
6432.13 -0.790504
6432.49 -0.788666
6432.86 -0.786758
6433.23 -0.784767
6433.59 -0.782387
6433.96 -0.780289
6434.33 -0.778015
6434.69 -0.775543
6435.06 -0.772842
6435.42 -0.769905
6435.79 -0.764366
6436.16 -0.761131
6436.52 -0.757835
6436.89 -0.75457
6437.26 -0.751381
6437.62 -0.748337
6437.99 -0.745468
6438.35 -0.742828
6438.72 -0.740387
6439.09 -0.738136
6439.45 -0.736046
6439.82 -0.734093
6440.19 -0.731636
6440.55 -0.729713
6440.92 -0.727921
6441.28 -0.726234
6441.65 -0.724663
6442.02 -0.720337
6442.38 -0.718964
6442.75 -0.717682
6443.11 -0.716469
6443.48 -0.715302
6443.85 -0.714149
6444.21 -0.712997
6444.58 -0.7118
6444.95 -0.710533
6445.31 -0.709167
6445.68 -0.707672
6446.04 -0.706062
6446.41 -0.704315
6446.78 -0.701027
6447.14 -0.699203
6447.51 -0.697319
6447.88 -0.695381
6448.24 -0.690376
6448.61 -0.688545
6448.97 -0.686775
6449.34 -0.685081
6449.71 -0.683479
6450.07 -0.681992
6450.44 -0.680611
6450.81 -0.679352
6451.17 -0.6782
6451.54 -0.677162
6451.9 -0.676201
6452.27 -0.675285
6452.64 -0.674377
6453 -0.673447
6453.37 -0.670494
6453.73 -0.669441
6454.1 -0.668266
6454.47 -0.663757
6454.83 -0.662155
6455.2 -0.660332
6455.57 -0.658234
6455.93 -0.655861
6456.3 -0.65316
6456.66 -0.650131
6457.03 -0.646759
6457.4 -0.643105
6457.76 -0.639214
6458.13 -0.635193
6458.5 -0.631165
6458.86 -0.627251
6459.23 -0.623543
6459.59 -0.62117
6459.96 -0.617867
6460.33 -0.614861
6460.69 -0.610344
6461.06 -0.608078
6461.43 -0.606102
6461.79 -0.604393
6462.16 -0.602913
6462.52 -0.601654
6462.89 -0.600601
6463.26 -0.59967
6463.62 -0.598831
6463.99 -0.598022
6464.35 -0.597176
6464.72 -0.596207
6465.09 -0.595062
6465.45 -0.593658
6465.82 -0.591934
6466.19 -0.591003
6466.55 -0.587456
6466.92 -0.584686
6467.28 -0.581612
6467.65 -0.578285
6468.02 -0.574715
6468.38 -0.570923
6468.75 -0.56694
6469.12 -0.56279
6469.48 -0.558533
6469.85 -0.554207
6470.21 -0.549843
6470.58 -0.545502
6470.95 -0.541183
6471.31 -0.536919
6471.68 -0.532753
6472.05 -0.528709
6472.41 -0.524818
6472.78 -0.520973
6473.14 -0.517166
6473.51 -0.513481
6473.88 -0.509895
6474.24 -0.506424
6474.61 -0.503113
6474.98 -0.499969
6475.34 -0.497025
6475.71 -0.494247
6476.07 -0.491623
6476.44 -0.489105
6476.81 -0.486671
6477.17 -0.484299
6477.54 -0.481956
6477.9 -0.479683
6478.27 -0.477425
6478.64 -0.475212
6479 -0.471474
6479.37 -0.469978
6479.74 -0.46804
6480.1 -0.466225
6480.47 -0.464531
6480.83 -0.462997
6481.2 -0.461617
6481.57 -0.460388
6481.93 -0.45929
6482.3 -0.458305
6482.67 -0.457428
6483.03 -0.456619
6483.4 -0.455849
6483.76 -0.455078
6484.13 -0.454277
6484.5 -0.453423
6484.86 -0.452515
6485.23 -0.449501
6485.6 -0.448341
6485.96 -0.446213
6486.33 -0.44487
6486.69 -0.443382
6487.06 -0.441727
6487.43 -0.439888
6487.79 -0.437866
6488.16 -0.435661
6488.52 -0.433266
6488.89 -0.430672
6489.26 -0.427864
6489.62 -0.424858
6489.99 -0.421677
6490.36 -0.418343
6490.72 -0.414909
6491.09 -0.41143
6491.45 -0.405289
6491.82 -0.401878
6492.19 -0.398552
6492.55 -0.39576
6492.92 -0.392487
6493.29 -0.389282
6493.65 -0.386124
6494.02 -0.382973
6494.38 -0.379807
6494.75 -0.376587
6495.12 -0.373283
6495.48 -0.369858
6495.85 -0.366287
6496.22 -0.362549
6496.58 -0.358643
6496.95 -0.354599
6497.31 -0.350449
6497.68 -0.343254
6498.05 -0.339188
6498.41 -0.335236
6498.78 -0.332542
6499.15 -0.328941
6499.51 -0.3256
6499.88 -0.322548
6500.24 -0.319817
6500.61 -0.317421
6500.98 -0.315384
6501.34 -0.313766
6501.71 -0.312592
6502.07 -0.311897
6502.44 -0.311661
6502.81 -0.311844
6503.17 -0.312332
6503.54 -0.314415
6503.91 -0.315094
6504.27 -0.315636
6504.64 -0.315979
6505 -0.316048
6505.37 -0.316681
6505.74 -0.316216
6506.1 -0.315376
6506.47 -0.314102
6506.84 -0.31237
6507.2 -0.310173
6507.57 -0.30751
6507.93 -0.304405
6508.3 -0.300865
6508.67 -0.296867
6509.03 -0.292389
6509.4 -0.287369
6509.77 -0.279976
6510.13 -0.273743
6510.5 -0.267021
6510.86 -0.259956
6511.23 -0.252762
6511.6 -0.245689
6511.96 -0.243713
6512.33 -0.236992
6512.69 -0.230721
6513.06 -0.22496
6513.43 -0.219696
6513.79 -0.214905
6514.16 -0.210541
6514.53 -0.206551
6514.89 -0.202881
6515.26 -0.199493
6515.62 -0.196342
6515.99 -0.192169
6516.36 -0.189552
6516.72 -0.187157
6517.09 -0.184944
6517.46 -0.182938
6517.82 -0.181129
6518.19 -0.179489
6518.55 -0.179306
6518.92 -0.177971
6519.29 -0.17675
6519.65 -0.175621
6520.02 -0.174568
6520.39 -0.173584
6520.75 -0.172646
6521.12 -0.171738
6521.48 -0.17083
6521.85 -0.169907
6522.22 -0.16848
6522.58 -0.167328
6522.95 -0.166115
6523.31 -0.16481
6523.68 -0.163376
6524.05 -0.161812
6524.41 -0.160072
6524.78 -0.158142
6525.15 -0.156693
6525.51 -0.154472
6525.88 -0.152122
6526.24 -0.149651
6526.61 -0.147087
6526.98 -0.144432
6527.34 -0.141724
6527.71 -0.138992
6528.08 -0.136269
6528.44 -0.132141
6528.81 -0.129532
6529.17 -0.126877
6529.54 -0.124092
6529.91 -0.12117
6530.27 -0.118095
6530.64 -0.114861
6531.01 -0.11145
6531.37 -0.109619
6531.74 -0.105888
6532.1 -0.101997
6532.47 -0.0980072
6532.84 -0.0939941
6533.2 -0.0899734
6533.57 -0.0859985
6533.94 -0.0820541
6534.3 -0.0755615
6534.67 -0.0717621
6535.03 -0.0681076
6535.4 -0.064621
6535.77 -0.0613022
6536.13 -0.058136
6536.5 -0.0550995
6536.86 -0.0521545
6537.23 -0.0492859
6537.6 -0.0464783
6537.96 -0.0439987
6538.33 -0.0412521
6538.7 -0.0385666
6539.06 -0.0359039
6539.43 -0.033287
6539.79 -0.0307312
6540.16 -0.0282669
6540.53 -0.0238113
6540.89 -0.0215912
6541.26 -0.0194168
6541.63 -0.0172501
6541.99 -0.0150833
6542.36 -0.0128632
6542.72 -0.010582
6543.09 -0.00820923
6543.46 -0.00571442
6543.82 -0.00308228
6544.19 -0.000282288
6544.56 0.00203705
6544.92 0.00502014
6545.29 0.00811768
6545.65 0.011322
6546.02 0.0145645
6546.39 0.0177917
6546.75 0.0229797
6547.12 0.0259094
6547.48 0.0286636
6547.85 0.0312042
6548.22 0.0334778
6548.58 0.0355072
6548.95 0.0372849
6549.32 0.0388107
6549.68 0.0401154
6550.05 0.0412216
6550.41 0.0421143
6550.78 0.0427933
6551.15 0.0441055
6551.51 0.0444489
6551.88 0.0445786
6552.25 0.0445251
6552.61 0.0443573
6552.98 0.0448456
6553.34 0.0446777
6553.71 0.0446548
6554.08 0.0448151
6554.44 0.0451813
6554.81 0.0457458
6555.18 0.0464783
6555.54 0.0473175
6555.91 0.0481873
6556.27 0.0490341
6556.64 0.0497971
6557.01 0.0504227
6557.37 0.0508728
6557.74 0.0527039
6558.1 0.0529251
6558.47 0.0528946
6558.84 0.0526047
6559.2 0.0536728
6559.57 0.0527878
6559.94 0.0516434
6560.3 0.0502548
6560.67 0.048645
6561.03 0.0468445
6561.4 0.0448837
6561.77 0.0428085
6562.13 0.0406418
6562.5 0.038414
6562.87 0.0361404
6563.23 0.033844
6563.6 0.0315323
6563.96 0.0292206
6564.33 0.0297775
6564.7 0.0274582
6565.06 0.0251999
6565.43 0.0234985
6565.8 0.0213242
6566.16 0.0191956
6566.53 0.0171432
6566.89 0.0151672
6567.26 0.0133286
6567.63 0.0116196
6567.99 0.0100937
6568.36 0.00871277
6568.73 0.00750732
6569.09 0.00645447
6569.46 0.0055542
6569.82 0.00481415
6570.19 0.00421906
6570.56 0.00645447
6570.92 0.0061264
6571.29 0.00846863
6571.65 0.00839996
6572.02 0.00839996
6572.39 0.00847626
6572.75 0.00862885
6573.12 0.00886536
6573.49 0.00920868
6573.85 0.00969696
6574.22 0.0103455
6574.58 0.0112
6574.95 0.0122833
6575.32 0.0136032
6575.68 0.0152054
6576.05 0.017067
6576.42 0.0192184
6576.78 0.0216217
6577.15 0.0245438
6577.51 0.0298691
6577.88 0.0324783
6578.25 0.0351715
6578.61 0.0378799
6578.98 0.0405426
6579.35 0.0431213
6579.71 0.0455933
6580.08 0.0479202
6580.44 0.0500488
6580.81 0.0519714
6581.18 0.0536346
6581.54 0.0550766
6581.91 0.0563202
6582.27 0.0574493
6582.64 0.0585098
6583.01 0.0595856
6583.37 0.0607224
6583.74 0.0623398
6584.11 0.0638123
6584.47 0.0653992
6584.84 0.0671082
6585.2 0.0689316
6585.57 0.0708923
6585.94 0.072937
6586.3 0.0750275
6586.67 0.0771179
6587.04 0.0791702
6587.4 0.0811539
6587.77 0.0830536
6588.13 0.0848541
6588.5 0.0865173
6588.87 0.0880508
6589.23 0.089447
6589.6 0.0907059
6589.97 0.0932465
6590.33 0.0945816
6590.7 0.0955963
6591.06 0.0965958
6591.43 0.0976486
6591.8 0.0987701
6592.16 0.0999832
6592.53 0.101349
6592.9 0.102898
6593.26 0.104645
6593.63 0.106644
6593.99 0.108917
6594.36 0.111496
6594.73 0.114388
6595.09 0.117584
6595.46 0.121063
6595.82 0.124809
6596.19 0.13076
6596.56 0.134895
6596.92 0.136963
6597.29 0.141243
6597.66 0.145554
6598.02 0.149887
6598.39 0.154236
6598.75 0.1586
6599.12 0.163033
6599.49 0.16758
6599.85 0.172279
6600.22 0.177162
6600.59 0.18222
6600.95 0.187462
6601.32 0.192848
6601.68 0.198349
6602.05 0.206314
6602.42 0.211838
6602.78 0.217308
6603.15 0.219765
6603.52 0.225189
6603.88 0.230591
6604.25 0.235992
6604.61 0.241432
6604.98 0.246902
6605.35 0.25238
6605.71 0.257866
6606.08 0.263374
6606.44 0.268906
6606.81 0.274475
6607.18 0.280045
6607.54 0.285591
6607.91 0.291115
6608.28 0.299438
6608.64 0.305
6609.01 0.310577
6609.37 0.316193
6609.74 0.319183
6610.11 0.32486
6610.47 0.330566
6610.84 0.336304
6611.21 0.342094
6611.57 0.347939
6611.94 0.353798
6612.3 0.359642
6612.67 0.365402
6613.04 0.371048
6613.4 0.376572
6613.77 0.381989
6614.14 0.387314
6614.5 0.395157
6614.87 0.400444
6615.23 0.405716
6615.6 0.411018
6615.97 0.416344
6616.33 0.418755
6616.7 0.424049
6617.06 0.429359
6617.43 0.434685
6617.8 0.439957
6618.16 0.445168
6618.53 0.450287
6618.9 0.455307
6619.26 0.460236
6619.63 0.465103
6619.99 0.469963
6620.36 0.474831
6620.73 0.479988
6621.09 0.484871
6621.46 0.490021
6621.83 0.495544
6622.19 0.501587
6622.56 0.508278
6622.92 0.508385
6623.29 0.515984
6623.66 0.524422
6624.02 0.533684
6624.39 0.543747
6624.76 0.554619
6625.12 0.566399
6625.49 0.579285
6625.85 0.593628
6626.22 0.609848
6626.59 0.627396
6626.95 0.645485
6627.32 0.660217
6627.69 0.673637
6628.05 0.68602
6628.42 0.697533
6628.78 0.708298
6629.15 0.71846
6629.52 0.720177
6629.88 0.729851
6630.25 0.739159
6630.61 0.748161
6630.98 0.756889
6631.35 0.76532
6631.71 0.773415
6632.08 0.781151
6632.45 0.788551
6632.81 0.795677
6633.18 0.804245
6633.54 0.811028
6633.91 0.81768
6634.28 0.824211
6634.64 0.830627
6635.01 0.836952
6635.38 0.843185
6635.74 0.849342
6636.11 0.851318
6636.47 0.857391
6636.84 0.86335
6637.21 0.869186
6637.57 0.87487
6637.94 0.880409
6638.31 0.885826
6638.67 0.891167
6639.04 0.897896
6639.4 0.903038
6639.77 0.90815
6640.14 0.913261
6640.5 0.918404
6640.87 0.923599
6641.23 0.928902
6641.6 0.934364
6641.97 0.939987
6642.33 0.941193
6642.7 0.94696
6643.07 0.95282
6643.43 0.958717
6643.8 0.964622
6644.16 0.970543
6644.53 0.976456
6644.9 0.982315
6645.26 0.988564
6645.63 0.993843
6646 0.998741
6646.36 1.00324
6646.73 1.00733
6647.09 1.01105
6647.46 1.01441
6647.83 1.01744
6648.19 1.02018
6648.56 1.02266
6648.93 1.02275
6649.29 1.02506
6649.66 1.02715
6650.02 1.02905
6650.39 1.03082
6650.76 1.03248
6651.12 1.03408
6651.49 1.03578
6651.85 1.03725
6652.22 1.03868
6652.59 1.0401
6652.95 1.04155
6653.32 1.04307
6653.69 1.04468
6654.05 1.04641
6654.42 1.04829
6654.78 1.05032
6655.15 1.05254
6655.52 1.05209
6655.88 1.05446
6656.25 1.05691
6656.62 1.05935
6656.98 1.06166
6657.35 1.06372
6657.71 1.06505
6658.08 1.06646
6658.45 1.06755
6658.81 1.06834
6659.18 1.06889
6659.55 1.06921
6659.91 1.06937
6660.28 1.0694
6660.64 1.06931
6661.01 1.06915
6661.38 1.06895
6661.74 1.06871
6662.11 1.06813
6662.48 1.06785
6662.84 1.06752
6663.21 1.06716
6663.57 1.06676
6663.94 1.0648
6664.31 1.0641
6664.67 1.06343
6665.04 1.06281
6665.4 1.06229
6665.77 1.06192
6666.14 1.06175
6666.5 1.06182
6666.87 1.06216
6667.24 1.06274
6667.6 1.06339
6667.97 1.06392
6668.33 1.06409
6668.7 1.05972
6669.07 1.05947
6669.43 1.05882
6669.8 1.05419
6670.17 1.05322
6670.53 1.05201
6670.9 1.05061
6671.26 1.04904
6671.63 1.04736
6672 1.04559
6672.36 1.04376
6672.73 1.04189
6673.1 1.03997
6673.46 1.038
6673.83 1.03598
6674.19 1.03387
6674.56 1.03167
6674.93 1.02979
6675.29 1.02737
6675.66 1.02483
6676.02 1.01966
6676.39 1.01658
6676.76 1.01329
6677.12 1.00975
6677.49 1.00594
6677.86 1.00188
6678.22 0.997528
6678.59 0.992882
6678.95 0.987907
6679.32 0.982506
6679.69 0.976639
6680.05 0.9702
6680.42 0.963089
6680.79 0.955238
6681.15 0.946548
6681.52 0.935524
6681.88 0.924301
6682.25 0.896317
6682.62 0.88533
6682.98 0.876404
6683.35 0.868965
6683.72 0.86264
6684.08 0.857132
6684.45 0.852188
6684.81 0.847633
6685.18 0.843323
6685.55 0.839157
6685.91 0.835083
6686.28 0.831062
6686.65 0.827057
6687.01 0.823044
6687.38 0.818977
6687.74 0.814857
6688.11 0.81131
6688.48 0.803696
6688.84 0.799446
6689.21 0.795059
6689.57 0.790512
6689.94 0.785782
6690.31 0.780869
6690.67 0.775772
6691.04 0.770493
6691.41 0.765053
6691.77 0.759422
6692.14 0.753578
6692.5 0.747467
6692.87 0.741104
6693.24 0.734489
6693.6 0.727646
6693.97 0.720589
6694.34 0.71328
6694.7 0.700684
6695.07 0.692368
6695.43 0.683594
6695.8 0.674309
6696.17 0.664444
6696.53 0.653824
6696.9 0.64222
6697.27 0.629318
6697.63 0.615143
6698 0.601402
6698.36 0.589394
6698.73 0.579002
6699.1 0.569901
6699.46 0.561859
6699.83 0.554672
6700.19 0.548195
6700.56 0.542267
6700.93 0.532951
6701.29 0.529404
6701.66 0.52475
6702.03 0.520256
6702.39 0.515892
6702.76 0.511642
6703.12 0.507431
6703.49 0.503258
6703.86 0.499069
6704.22 0.49485
6704.59 0.490555
6704.96 0.486183
6705.32 0.48172
6705.69 0.477097
6706.05 0.472267
6706.42 0.46714
6706.79 0.455193
6707.15 0.448044
6707.52 0.43969
6707.89 0.429115
6708.25 0.417503
6708.62 0.407486
6708.98 0.39946
6709.35 0.392838
6709.72 0.387238
6710.08 0.382378
6710.45 0.378075
6710.81 0.374161
6711.18 0.370529
6711.55 0.367081
6711.91 0.363739
6712.28 0.360458
6712.65 0.357216
6713.01 0.352295
6713.38 0.349167
6713.74 0.345963
6714.11 0.344452
6714.48 0.341148
6714.84 0.337746
6715.21 0.334267
6715.58 0.330727
6715.94 0.327156
6716.31 0.32354
6716.67 0.319923
6717.04 0.316345
6717.41 0.312851
6717.77 0.309448
6718.14 0.306198
6718.51 0.30307
6718.87 0.300064
6719.24 0.296539
6719.6 0.293839
6719.97 0.291267
6720.34 0.288834
6720.7 0.288452
6721.07 0.286209
6721.44 0.284065
6721.8 0.281982
6722.17 0.279961
6722.53 0.277977
6722.9 0.276031
6723.27 0.274124
6723.63 0.272232
6724 0.270355
6724.36 0.268471
6724.73 0.266548
6725.1 0.264587
6725.46 0.261993
6725.83 0.25985
6726.2 0.257637
6726.56 0.255356
6726.93 0.252983
6727.29 0.251862
6727.66 0.249283
6728.03 0.246605
6728.39 0.243843
6728.76 0.241043
6729.13 0.238213
6729.49 0.23539
6729.86 0.23262
6730.22 0.229919
6730.59 0.227303
6730.96 0.224762
6731.32 0.222321
6731.69 0.219894
6732.06 0.217705
6732.42 0.215561
6732.79 0.213463
6733.15 0.211403
6733.52 0.209396
6733.89 0.209785
6734.25 0.207863
6734.62 0.206001
6734.98 0.204193
6735.35 0.202461
6735.72 0.200768
6736.08 0.199097
6736.45 0.197403
6736.82 0.195686
6737.18 0.193909
6737.55 0.192085
6737.91 0.190033
6738.28 0.187851
6738.65 0.185493
6739.01 0.182945
6739.38 0.180183
6739.75 0.177208
6740.11 0.174026
6740.48 0.17276
6740.84 0.169182
6741.21 0.165428
6741.58 0.161545
6741.94 0.157578
6742.31 0.153572
6742.68 0.149605
6743.04 0.145744
6743.41 0.142052
6743.77 0.137321
6744.14 0.134209
6744.51 0.131294
6744.87 0.128555
6745.24 0.125954
6745.6 0.123444
6745.97 0.120956
6746.34 0.118477
6746.7 0.117928
6747.07 0.115402
6747.44 0.112778
6747.8 0.110062
6748.17 0.107269
6748.53 0.104424
6748.9 0.101585
6749.27 0.0987854
6749.63 0.0960464
6750 0.0930939
6750.37 0.0906448
6750.73 0.088295
6751.1 0.0860062
6751.46 0.0837555
6751.83 0.0814972
6752.2 0.0791702
6752.56 0.0767593
6752.93 0.0742416
6753.3 0.07341
6753.66 0.0706558
6754.03 0.0677872
6754.39 0.064827
6754.76 0.0617599
6755.13 0.0585938
6755.49 0.0552902
6755.86 0.051857
6756.23 0.0469055
6756.59 0.0431366
6756.96 0.0392914
6757.32 0.0354004
6757.69 0.0315018
6758.06 0.0275803
6758.42 0.0236588
6758.79 0.0197678
6759.15 0.0158997
6759.52 0.0120697
6759.89 0.0111389
6760.25 0.00744629
6760.62 0.00382233
6760.99 0.000320435
6761.35 -0.00304413
6761.72 -0.00624847
6762.08 -0.0092926
6762.45 -0.0123825
6762.82 -0.0151749
6763.18 -0.0179825
6763.55 -0.0208054
6763.92 -0.0236664
6764.28 -0.0265656
6764.65 -0.0294952
6765.01 -0.0324554
6765.38 -0.0354462
6765.75 -0.0384445
6766.11 -0.0414429
6766.48 -0.041748
6766.85 -0.0446548
6767.21 -0.0475006
6767.58 -0.050293
6767.94 -0.0530701
6768.31 -0.0558472
6768.68 -0.0587082
6769.04 -0.0614471
6769.41 -0.0641479
6769.77 -0.0667801
6770.14 -0.0693359
6770.51 -0.0717926
6770.87 -0.0741425
6771.24 -0.0763702
6771.61 -0.078476
6771.97 -0.080452
6772.34 -0.0822678
6772.7 -0.0839386
6773.07 -0.0837936
6773.44 -0.0853195
6773.8 -0.0867081
6774.17 -0.0879669
6774.54 -0.0890961
6774.9 -0.0901566
6775.27 -0.0911102
6775.63 -0.0919571
6776 -0.0926819
6776.37 -0.0932846
6776.73 -0.0937729
6777.1 -0.0941467
6777.47 -0.0944366
6777.83 -0.0946655
6778.2 -0.0948334
6778.56 -0.0949402
6778.93 -0.0949783
6779.3 -0.0943909
6779.66 -0.0943298
6780.03 -0.0942154
6780.4 -0.094017
6780.76 -0.0929794
6781.13 -0.0924759
6781.49 -0.0918198
6781.86 -0.0909729
6782.23 -0.0899734
6782.59 -0.0888214
6782.96 -0.0875397
6783.32 -0.0861359
6783.69 -0.08461
6784.06 -0.0829697
6784.42 -0.081192
6784.79 -0.0793076
6785.16 -0.0773087
6785.52 -0.0752029
6785.89 -0.0728149
6786.25 -0.0706024
6786.62 -0.0682983
6786.99 -0.063591
6787.35 -0.0612564
6787.72 -0.0589447
6788.09 -0.0567093
6788.45 -0.0545654
6788.82 -0.0525665
6789.18 -0.0507278
6789.55 -0.0490417
6789.92 -0.0474625
6790.28 -0.0459824
6790.65 -0.0445938
6791.02 -0.0432358
6791.38 -0.0418854
6791.75 -0.0405273
6792.11 -0.0391617
6792.48 -0.0377808
6792.85 -0.0363464
6793.21 -0.0333786
6793.58 -0.0317612
6793.94 -0.0300903
6794.31 -0.0284271
6794.68 -0.0267944
6795.04 -0.025238
6795.41 -0.0237732
6795.78 -0.0224152
6796.14 -0.0211487
6796.51 -0.0199966
6796.87 -0.0189285
6797.24 -0.0179672
6797.61 -0.0170898
6797.97 -0.0163116
6798.34 -0.015625
6798.71 -0.0150223
6799.07 -0.0130768
6799.44 -0.0106125
6799.8 -0.0101471
6800.17 -0.00971222
6800.54 -0.00928497
6800.9 -0.00882721
6801.27 -0.00831604
6801.64 -0.00778198
6802 -0.00720215
6802.37 -0.00659943
6802.73 -0.0059967
6803.1 -0.00541687
6803.47 -0.00492859
6803.83 -0.00458527
6804.2 -0.00440216
6804.56 -0.00441742
6804.93 -0.00466156
6805.3 -0.00437927
6805.66 -0.00378418
6806.03 -0.00485229
6806.4 -0.00613403
6806.76 -0.00760651
6807.13 -0.00923157
6807.49 -0.0109482
6807.86 -0.0127029
6808.23 -0.014473
6808.59 -0.0162048
6808.96 -0.0178833
6809.33 -0.0194473
6809.69 -0.0208893
6810.06 -0.0221634
6810.42 -0.0233078
6810.79 -0.0243301
6811.16 -0.0252762
6811.52 -0.0253372
6811.89 -0.0262146
6812.26 -0.0253143
6812.62 -0.0261688
6812.99 -0.0270462
6813.35 -0.0279694
6813.72 -0.0289612
6814.09 -0.0300369
6814.45 -0.0311661
6814.82 -0.0323334
6815.19 -0.0335159
6815.55 -0.0346909
6815.92 -0.0359039
6816.28 -0.0371628
6816.65 -0.0384521
6817.02 -0.0397644
6817.38 -0.0410156
6817.75 -0.0429764
6818.11 -0.0439606
6818.48 -0.0449066
6818.85 -0.0456696
6819.21 -0.0460968
6819.58 -0.0460892
6819.95 -0.045578
6820.31 -0.0445175
6820.68 -0.042923
6821.04 -0.0408783
6821.41 -0.0385513
6821.78 -0.0361099
6822.14 -0.0336914
6822.51 -0.0313492
6822.88 -0.029129
6823.24 -0.0270386
6823.61 -0.0251236
6823.97 -0.0223923
6824.34 -0.0207672
6824.71 -0.0193405
6825.07 -0.0182495
6825.44 -0.0170059
6825.81 -0.015976
6826.17 -0.0151443
6826.54 -0.0144806
6826.9 -0.0139923
6827.27 -0.013649
6827.64 -0.013443
6828 -0.0133286
6828.37 -0.0133057
6828.73 -0.0133209
6829.1 -0.0133896
6829.47 -0.0134811
6829.83 -0.0136108
6830.2 -0.0126953
6830.57 -0.0129013
6830.93 -0.013176
6831.3 -0.0134888
6831.66 -0.012352
6832.03 -0.012764
6832.4 -0.0132599
6832.76 -0.0138702
6833.13 -0.0145721
6833.5 -0.0153732
6833.86 -0.0162506
6834.23 -0.0171585
6834.59 -0.0180588
6834.96 -0.0189056
6835.33 -0.0196609
6835.69 -0.0203171
6836.06 -0.0208054
6836.43 -0.0203171
6836.79 -0.0202408
6837.16 -0.0198441
6837.52 -0.0190964
6837.89 -0.0179749
6838.26 -0.0165863
6838.62 -0.015007
6838.99 -0.013092
6839.35 -0.0108261
6839.72 -0.00823975
6840.09 -0.00537872
6840.45 -0.00234985
6840.82 0.00075531
6841.19 0.00379944
6841.55 0.00669098
6841.92 0.00935364
6842.28 0.0128479
6842.65 0.0146179
6843.02 0.0159607
6843.38 0.0168381
6843.75 0.0172806
6844.12 0.017334
6844.48 0.0170822
6844.85 0.0170212
6845.21 0.0165482
6845.58 0.0159683
6845.95 0.0153427
6846.31 0.0147018
6846.68 0.0140915
6847.05 0.0135498
6847.41 0.0130768
6847.78 0.0126953
6848.14 0.0123825
6848.51 0.0137329
6848.88 0.0137329
6849.24 0.0138321
6849.61 0.0140457
6849.98 0.0143967
6850.34 0.0148773
6850.71 0.0155258
6851.07 0.0178223
6851.44 0.0186844
6851.81 0.0197144
6852.17 0.0209198
6852.54 0.0223083
6852.9 0.0238495
6853.27 0.0254974
6853.64 0.0271988
6854 0.0289001
6854.37 0.0305099
6854.74 0.0335999
6855.1 0.0348053
6855.47 0.0358429
6855.83 0.0367203
6856.2 0.0374374
6856.57 0.0380402
6856.93 0.0385818
6857.3 0.0391083
6857.67 0.0399933
6858.03 0.0406189
6858.4 0.0413666
6858.76 0.0422287
6859.13 0.043251
6859.5 0.0444183
6859.86 0.045723
6860.23 0.0471725
6860.6 0.0487366
6860.96 0.0519867
6861.33 0.0537643
6861.69 0.0555878
6862.06 0.0574646
6862.43 0.0593567
6862.79 0.0612259
6863.16 0.0630493
6863.52 0.0647964
6863.89 0.0664215
6864.26 0.0673447
6864.62 0.0687332
6864.99 0.0699768
6865.36 0.0710526
6865.72 0.0719833
6866.09 0.0727768
6866.45 0.0734634
6866.82 0.0740814
6867.19 0.0752106
6867.55 0.0758133
6867.92 0.0764389
6868.29 0.0771103
6868.65 0.0778275
6869.02 0.0786285
6869.38 0.0795441
6869.75 0.0806122
6870.12 0.0818787
6870.48 0.0834045
6870.85 0.0840912
6871.22 0.0860291
6871.58 0.0882645
6871.95 0.0907745
6872.31 0.093483
6872.68 0.0963516
6873.05 0.1007
6873.41 0.10376
6873.78 0.106789
6874.15 0.109749
6874.51 0.112602
6874.88 0.115356
6875.24 0.118004
6875.61 0.120583
6875.98 0.123116
6876.34 0.125603
6876.71 0.128044
6877.07 0.130424
6877.44 0.132034
6877.81 0.134323
6878.17 0.136536
6878.54 0.138649
6878.91 0.140701
6879.27 0.144234
6879.64 0.146156
6880 0.148048
6880.37 0.149933
6880.74 0.15181
6881.1 0.153717
6881.47 0.155663
6881.84 0.157631
6882.2 0.159653
6882.57 0.161743
6882.93 0.163879
6883.3 0.166061
6883.67 0.168289
6884.03 0.170532
6884.4 0.172821
6884.77 0.175087
6885.13 0.17733
6885.5 0.181946
6885.86 0.184196
6886.23 0.186462
6886.6 0.188744
6886.96 0.191055
6887.33 0.193382
6887.69 0.195702
6888.06 0.198036
6888.43 0.200356
6888.79 0.202637
6889.16 0.20488
6889.53 0.207039
6889.89 0.209099
6890.26 0.211403
6890.62 0.213318
6890.99 0.215118
6891.36 0.216797
6891.72 0.220551
6892.09 0.22197
6892.46 0.223274
6892.82 0.22448
6893.19 0.225571
6893.55 0.226563
6893.92 0.22744
6894.29 0.228233
6894.65 0.228935
6895.02 0.229576
6895.39 0.230179
6895.75 0.230751
6896.12 0.2313
6896.48 0.231857
6896.85 0.233719
6897.22 0.234306
6897.58 0.234909
6897.95 0.237679
6898.31 0.238464
6898.68 0.239319
6899.05 0.240234
6899.41 0.241188
6899.78 0.24218
6900.15 0.243225
6900.51 0.244301
6900.88 0.245415
6901.24 0.246605
6901.61 0.247818
6901.98 0.2491
6902.34 0.250443
6902.71 0.251854
6903.08 0.253365
6903.44 0.256439
6903.81 0.258064
6904.17 0.262856
6904.54 0.264763
6904.91 0.266853
6905.27 0.26915
6905.64 0.27166
6906.01 0.274376
6906.37 0.277306
6906.74 0.280403
6907.1 0.28363
6907.47 0.286949
6907.84 0.290329
6908.2 0.293709
6908.57 0.29702
6908.94 0.300217
6909.3 0.303238
6909.67 0.306053
6910.03 0.311737
6910.4 0.314178
6910.77 0.316429
6911.13 0.318527
6911.5 0.320518
6911.86 0.322449
6912.23 0.324371
6912.6 0.326324
6912.96 0.328339
6913.33 0.330437
6913.7 0.332626
6914.06 0.334923
6914.43 0.337303
6914.79 0.339752
6915.16 0.342255
6915.53 0.344818
6915.89 0.347427
6916.26 0.353554
6916.63 0.357109
6916.99 0.359947
6917.36 0.362778
6917.72 0.365585
6918.09 0.368355
6918.46 0.371063
6918.82 0.373711
6919.19 0.376282
6919.56 0.378777
6919.92 0.381172
6920.29 0.383484
6920.65 0.385696
6921.02 0.38784
6921.39 0.389893
6921.75 0.391846
6922.12 0.393677
6922.48 0.398018
6922.85 0.400513
6923.22 0.401733
6923.58 0.402824
6923.95 0.403793
6924.32 0.404671
6924.68 0.405479
6925.05 0.406235
6925.41 0.406944
6925.78 0.407623
6926.15 0.408287
6926.51 0.408951
6926.88 0.409592
6927.25 0.41021
6927.61 0.410782
6927.98 0.411285
6928.34 0.411697
6928.71 0.414284
6929.08 0.414513
6929.44 0.416756
6929.81 0.416901
6930.18 0.416977
6930.54 0.417023
6930.91 0.417068
6931.27 0.417145
6931.64 0.41729
6932.01 0.417549
6932.37 0.417969
6932.74 0.418571
6933.1 0.419395
6933.47 0.420425
6933.84 0.421654
6934.2 0.423088
6934.57 0.424683
6934.94 0.42971
6935.3 0.431656
6935.67 0.433693
6936.03 0.437119
6936.4 0.43927
6936.77 0.441498
6937.13 0.44381
6937.5 0.446213
6937.87 0.448708
6938.23 0.451294
6938.6 0.454002
6938.96 0.456833
6939.33 0.459778
6939.7 0.462845
6940.06 0.466003
6940.43 0.4692
6940.8 0.475418
6941.16 0.478432
6941.53 0.481323
6941.89 0.484062
6942.26 0.486633
6942.63 0.489441
6942.99 0.491776
6943.36 0.493958
6943.73 0.495979
6944.09 0.497856
6944.46 0.499619
6944.82 0.501282
6945.19 0.502884
6945.56 0.504463
6945.92 0.506058
6946.29 0.507706
6946.65 0.509438
6947.02 0.513565
6947.39 0.515549
6947.75 0.517746
6948.12 0.520203
6948.49 0.522911
6948.85 0.525902
6949.22 0.528015
6949.58 0.531242
6949.95 0.534637
6950.32 0.538116
6950.68 0.541611
6951.05 0.545036
6951.42 0.548355
6951.78 0.551506
6952.15 0.554489
6952.51 0.557274
6952.88 0.559822
6953.25 0.564362
6953.61 0.566559
6953.98 0.568634
6954.35 0.570633
6954.71 0.572563
6955.08 0.574455
6955.44 0.576279
6955.81 0.578796
6956.18 0.580605
6956.54 0.582336
6956.91 0.584007
6957.27 0.585594
6957.64 0.587128
6958.01 0.588623
6958.37 0.59008
6958.74 0.591499
6959.11 0.592896
6959.47 0.59716
6959.84 0.598541
6960.2 0.59993
6960.57 0.601341
6960.94 0.602768
6961.3 0.60421
6961.67 0.605675
6962.04 0.608421
6962.4 0.60984
6962.77 0.611267
6963.13 0.612648
6963.5 0.614014
6963.87 0.615334
6964.23 0.616615
6964.6 0.617836
6964.97 0.61898
6965.33 0.620071
6965.7 0.623093
6966.06 0.623993
6966.43 0.62484
6966.8 0.625626
6967.16 0.626335
6967.53 0.626953
6967.9 0.627464
6968.26 0.627861
6968.63 0.629402
6968.99 0.629601
6969.36 0.629654
6969.73 0.629555
6970.09 0.629341
6970.46 0.629005
6970.82 0.628578
6971.19 0.62809
6971.56 0.628738
6971.92 0.628296
6972.29 0.627899
6972.66 0.627563
6973.02 0.627296
6973.39 0.627113
6973.75 0.627022
6974.12 0.626991
6974.49 0.627014
6974.85 0.627098
6975.22 0.629021
6975.59 0.629158
6975.95 0.629303
6976.32 0.629494
6976.68 0.629715
6977.05 0.629974
6977.42 0.630287
6977.78 0.632744
6978.15 0.633163
6978.52 0.633598
6978.88 0.634056
6979.25 0.634499
6979.61 0.634949
6979.98 0.635361
6980.35 0.635765
6980.71 0.636124
6981.08 0.636475
6981.44 0.636795
6981.81 0.638321
6982.18 0.63855
6982.54 0.638802
6982.91 0.639107
6983.28 0.639458
6983.64 0.6399
6984.01 0.641823
6984.37 0.642456
6984.74 0.643143
6985.11 0.643875
6985.47 0.6446
6985.84 0.645279
6986.21 0.645844
6986.57 0.646294
6986.94 0.646614
6987.3 0.646797
6987.67 0.646866
6988.04 0.646812
6988.4 0.647987
6988.77 0.64782
6989.14 0.647598
6989.5 0.647346
6989.87 0.647057
6990.23 0.647842
6990.6 0.647537
6990.97 0.647263
6991.33 0.647011
6991.7 0.646805
6992.06 0.64666
6992.43 0.646591
6992.8 0.646622
6993.16 0.646835
6993.53 0.647263
6993.9 0.64798
6994.26 0.649033
6994.63 0.650345
6994.99 0.651901
6995.36 0.653862
6995.73 0.656258
6996.09 0.659073
6996.46 0.664299
6996.83 0.668007
6997.19 0.672043
6997.56 0.676338
6997.92 0.680885
6998.29 0.685638
6998.66 0.690598
6999.02 0.695786
6999.39 0.701172
6999.76 0.706718
7000.12 0.712418
7000.49 0.718185
7000.85 0.723961
7001.22 0.726265
7001.59 0.731911
7001.95 0.73735
7002.32 0.742477
7002.69 0.749237
7003.05 0.75351
7003.42 0.757378
7003.78 0.760864
7004.15 0.764038
7004.52 0.766922
7004.88 0.769585
7005.25 0.772087
7005.61 0.774475
7005.98 0.776802
7006.35 0.779137
7006.71 0.781494
7007.08 0.783951
7007.45 0.786537
7007.81 0.787682
7008.18 0.790428
7008.54 0.794472
7008.91 0.797676
7009.28 0.801216
7009.64 0.805138
7010.01 0.809502
7010.38 0.814392
7010.74 0.819885
7011.11 0.826073
7011.47 0.832993
7011.84 0.840431
7012.21 0.847878
7012.57 0.854774
7012.94 0.860901
7013.31 0.866272
7013.67 0.870964
7014.04 0.87513
7014.4 0.87532
7014.77 0.879288
7015.14 0.882828
7015.5 0.886223
7015.87 0.889519
7016.23 0.892792
7016.6 0.896049
7016.97 0.8993
7017.33 0.902557
7017.7 0.905823
7018.07 0.909088
7018.43 0.912315
7018.8 0.915443
7019.16 0.918411
7019.53 0.921158
7019.9 0.923698
7020.26 0.926071
7020.63 0.928337
7021 0.927795
7021.36 0.930351
7021.73 0.932899
7022.09 0.935432
7022.46 0.93792
7022.83 0.940384
7023.19 0.942833
7023.56 0.945267
7023.93 0.947693
7024.29 0.950096
7024.66 0.952446
7025.02 0.95475
7025.39 0.956993
7025.76 0.959213
7026.12 0.961426
7026.49 0.963654
7026.85 0.965897
7027.22 0.968414
7027.59 0.968605
7027.95 0.970871
7028.32 0.973236
7028.69 0.975731
7029.05 0.978416
7029.42 0.9813
7029.78 0.984398
7030.15 0.987694
7030.52 0.991196
7030.88 0.994919
7031.25 0.998894
7031.62 1.00314
7031.98 1.00768
7032.35 1.01249
7032.71 1.01752
7033.08 1.02276
7033.45 1.02773
7033.81 1.02722
7034.18 1.03277
7034.55 1.03873
7034.91 1.04528
7035.28 1.05251
7035.64 1.06039
7036.01 1.0685
7036.38 1.07628
7036.74 1.08336
7037.11 1.0897
7037.48 1.09531
7037.84 1.1003
7038.21 1.10473
7038.57 1.10867
7038.94 1.11223
7039.31 1.11385
7039.67 1.11694
7040.04 1.12001
7040.4 1.11847
7040.77 1.12168
7041.14 1.12504
7041.5 1.12863
7041.87 1.13251
7042.24 1.1367
7042.6 1.14127
7042.97 1.1463
7043.33 1.15189
7043.7 1.15813
7044.07 1.16518
7044.43 1.17323
7044.8 1.18264
7045.17 1.1944
7045.53 1.2141
7045.9 1.2261
7046.26 1.23509
7046.63 1.24237
7047 1.24063
7047.36 1.24681
7047.73 1.25216
7048.1 1.2569
7048.46 1.26118
7048.83 1.26514
7049.19 1.26888
7049.56 1.27243
7049.93 1.27588
7050.29 1.27929
7050.66 1.28272
7051.02 1.28622
7051.39 1.28986
7051.76 1.29317
7052.12 1.29732
7052.49 1.30193
7052.86 1.30717
7053.22 1.31335
7053.59 1.31271
7053.95 1.32018
7054.32 1.32951
7054.69 1.34017
7055.05 1.34921
7055.42 1.35648
7055.79 1.36248
7056.15 1.36752
7056.52 1.37183
7056.88 1.37552
7057.25 1.37868
7057.62 1.38139
7057.98 1.38315
7058.35 1.38507
7058.72 1.38673
7059.08 1.38816
7059.45 1.3894
7059.81 1.3905
7060.18 1.38978
7060.55 1.39075
7060.91 1.39165
7061.28 1.39249
7061.65 1.39328
7062.01 1.39401
7062.38 1.39471
7062.74 1.39532
7063.11 1.39585
7063.48 1.39631
7063.84 1.39668
7064.21 1.39599
7064.57 1.39622
7064.94 1.39645
7065.31 1.39672
7065.67 1.39707
7066.04 1.39752
7066.41 1.3969
7066.77 1.39752
7067.14 1.39825
7067.5 1.39906
7067.87 1.40001
7068.24 1.40108
7068.6 1.4023
7068.97 1.40363
7069.34 1.40505
7069.7 1.40651
7070.07 1.40798
7070.43 1.40938
7070.8 1.41086
7071.17 1.41234
7071.53 1.4138
7071.9 1.41525
7072.27 1.4167
7072.63 1.41817
7073 1.41808
7073.36 1.41953
7073.73 1.42094
7074.1 1.42231
7074.46 1.42361
7074.83 1.42486
7075.19 1.42606
7075.56 1.42723
7075.93 1.42842
7076.29 1.42952
7076.66 1.43085
7077.03 1.43228
7077.39 1.43388
7077.76 1.43568
7078.12 1.43774
7078.49 1.44008
7078.86 1.44276
7079.22 1.44582
7079.59 1.4464
7079.96 1.45001
7080.32 1.45408
7080.69 1.4586
7081.05 1.46352
7081.42 1.46883
7081.79 1.47446
7082.15 1.48043
7082.52 1.48792
7082.89 1.49459
7083.25 1.50163
7083.62 1.50909
7083.98 1.517
7084.35 1.52534
7084.72 1.53397
7085.08 1.54263
7085.45 1.55103
7085.81 1.55898
7086.18 1.5601
7086.55 1.56744
7086.91 1.57418
7087.28 1.58025
7087.65 1.58567
7088.01 1.59041
7088.38 1.59451
7088.74 1.59811
7089.11 1.60073
7089.48 1.60275
7089.84 1.60418
7090.21 1.60505
7090.58 1.60541
7090.94 1.60529
7091.31 1.60474
7091.67 1.6038
7092.04 1.60256
7092.41 1.60106
7092.77 1.59958
7093.14 1.59787
7093.51 1.59604
7093.87 1.59412
7094.24 1.59213
7094.6 1.59014
7094.97 1.58697
7095.34 1.58505
7095.7 1.58318
7096.07 1.58136
7096.44 1.5796
7096.8 1.57793
7097.17 1.57632
7097.53 1.57476
7097.9 1.57323
7098.27 1.57169
7098.63 1.57014
7099 1.56853
7099.36 1.56747
7099.73 1.56574
7100.1 1.56387
7100.46 1.56184
7100.83 1.55962
7101.2 1.55573
7101.56 1.55318
7101.93 1.55054
7102.29 1.54784
7102.66 1.54511
7103.03 1.54238
7103.39 1.53968
7103.76 1.537
7104.13 1.53433
7104.49 1.53165
7104.86 1.52895
7105.22 1.52621
7105.59 1.525
7105.96 1.52222
7106.32 1.51942
7106.69 1.51659
7107.06 1.51226
7107.42 1.50922
7107.79 1.5061
7108.15 1.50292
7108.52 1.49973
7108.89 1.49656
7109.25 1.49344
7109.62 1.49036
7109.98 1.48739
7110.35 1.4845
7110.72 1.48174
7111.08 1.47911
7111.45 1.47664
7111.82 1.47434
7112.18 1.47269
7112.55 1.47064
7112.91 1.46879
7113.28 1.46575
7113.65 1.46442
7114.01 1.46331
7114.38 1.46244
7114.75 1.4618
7115.11 1.46135
7115.48 1.4611
7115.84 1.46104
7116.21 1.46118
7116.58 1.46152
7116.94 1.46201
7117.31 1.46259
7117.68 1.46317
7118.04 1.46369
7118.41 1.464
7118.77 1.46212
7119.14 1.46188
7119.51 1.45845
7119.87 1.45674
7120.24 1.45432
7120.6 1.45116
7120.97 1.44722
7121.34 1.44246
7121.7 1.43682
7122.07 1.43022
7122.44 1.4227
7122.8 1.41457
7123.17 1.40644
7123.53 1.39873
7123.9 1.39152
7124.27 1.38478
7124.63 1.37855
7125 1.37287
7125.37 1.36794
7125.73 1.3595
7126.1 1.3559
7126.46 1.35268
7126.83 1.34979
7127.2 1.34718
7127.56 1.34483
7127.93 1.34269
7128.3 1.34074
7128.66 1.33894
7129.03 1.33722
7129.39 1.33558
7129.76 1.33398
7130.13 1.33243
7130.49 1.33091
7130.86 1.32941
7131.23 1.3279
7131.59 1.32634
7131.96 1.32295
7132.32 1.32098
7132.69 1.31879
7133.06 1.31638
7133.42 1.3137
7133.79 1.31073
7134.15 1.30746
7134.52 1.30385
7134.89 1.29994
7135.25 1.29577
7135.62 1.2915
7135.99 1.28731
7136.35 1.28333
7136.72 1.27971
7137.08 1.27649
7137.45 1.27374
7137.82 1.27151
7138.18 1.26246
7138.55 1.26101
7138.92 1.26022
7139.28 1.26018
7139.65 1.26111
7140.01 1.26336
7140.38 1.26763
7140.75 1.27617
7141.11 1.28384
7141.48 1.2878
7141.85 1.28979
7142.21 1.2903
7142.58 1.28962
7142.94 1.28792
7143.31 1.28539
7143.68 1.28218
7144.04 1.27189
7144.41 1.26772
7144.77 1.26131
7145.14 1.25721
7145.51 1.25316
7145.87 1.24924
7146.24 1.24552
7146.61 1.24205
7146.97 1.23881
7147.34 1.23581
7147.7 1.23301
7148.07 1.2304
7148.44 1.22797
7148.8 1.22575
7149.17 1.22372
7149.54 1.22189
7149.9 1.22022
7150.27 1.21686
7150.63 1.21558
7151 1.21437
7151.37 1.21291
7151.73 1.21187
7152.1 1.21089
7152.47 1.20999
7152.83 1.20918
7153.2 1.20843
7153.56 1.20775
7153.93 1.20711
7154.3 1.2065
7154.66 1.20596
7155.03 1.20544
7155.4 1.20499
7155.76 1.20459
7156.13 1.20426
7156.49 1.20329
7156.86 1.20296
7157.23 1.20261
7157.59 1.20222
7157.96 1.20087
7158.32 1.20016
7158.69 1.19933
7159.06 1.19836
7159.42 1.19726
7159.79 1.19607
7160.16 1.19486
7160.52 1.19377
7160.89 1.19303
7161.25 1.19285
7161.62 1.19346
7161.99 1.19495
7162.35 1.19741
7162.72 1.19942
7163.09 1.20399
7163.45 1.20904
7163.82 1.2141
7164.18 1.21885
7164.55 1.21855
7164.92 1.22297
7165.28 1.22688
7165.65 1.23032
7166.02 1.23325
7166.38 1.2357
7166.75 1.23768
7167.11 1.2392
7167.48 1.24028
7167.85 1.24096
7168.21 1.2412
7168.58 1.24104
7168.94 1.23908
7169.31 1.23783
7169.68 1.23613
7170.04 1.23398
7170.41 1.23135
7170.78 1.22822
7171.14 1.22456
7171.51 1.22047
7171.87 1.21588
7172.24 1.21082
7172.61 1.20539
7172.97 1.19975
7173.34 1.19407
7173.71 1.18847
7174.07 1.18308
7174.44 1.17798
7174.8 1.16911
7175.17 1.16503
7175.54 1.16129
7175.9 1.15783
7176.27 1.15459
7176.64 1.15157
7177 1.14866
7177.37 1.1456
7177.73 1.14281
7178.1 1.14008
7178.47 1.13744
7178.83 1.13488
7179.2 1.13241
7179.56 1.13001
7179.93 1.12774
7180.3 1.12563
7180.66 1.12371
7181.03 1.12043
7181.4 1.11922
7181.76 1.11816
7182.13 1.11727
7182.49 1.11653
7182.86 1.11592
7183.23 1.11543
7183.59 1.11507
7183.96 1.11514
7184.33 1.11496
7184.69 1.11484
7185.06 1.11475
7185.42 1.11472
7185.79 1.1147
7186.16 1.11472
7186.52 1.11476
7186.89 1.11481
7187.26 1.11545
7187.62 1.11553
7187.99 1.11562
7188.35 1.11574
7188.72 1.11588
7189.09 1.11602
7189.45 1.11618
7189.82 1.11636
7190.19 1.11654
7190.55 1.11741
7190.92 1.11761
7191.28 1.11779
7191.65 1.11793
7192.02 1.11803
7192.38 1.11808
7192.75 1.11813
7193.11 1.11815
7193.48 1.1191
7193.85 1.11912
7194.21 1.11912
7194.58 1.11911
7194.95 1.1191
7195.31 1.11911
7195.68 1.11912
7196.04 1.11913
7196.41 1.11915
7196.78 1.11916
7197.14 1.11969
7197.51 1.11954
7197.88 1.11935
7198.24 1.11913
7198.61 1.11889
7198.97 1.11864
7199.34 1.11844
7199.71 1.11723
7200.07 1.11713
7200.44 1.11733
7200.81 1.11794
7201.17 1.11906
7201.54 1.12073
7201.9 1.12286
7202.27 1.12528
7202.64 1.1277
7203 1.12993
7203.37 1.1319
7203.73 1.13161
7204.1 1.13352
7204.47 1.13519
7204.83 1.13663
7205.2 1.13786
7205.57 1.13892
7205.93 1.14058
7206.3 1.1415
7206.66 1.14235
7207.03 1.14314
7207.4 1.14391
7207.76 1.14466
7208.13 1.14541
7208.5 1.14614
7208.86 1.14685
7209.23 1.14753
7209.59 1.14816
7209.96 1.14983
7210.33 1.1504
7210.69 1.1509
7211.06 1.15132
7211.43 1.15168
7211.79 1.15337
7212.16 1.1535
7212.52 1.15356
7212.89 1.15352
7213.26 1.15338
7213.62 1.15313
7213.99 1.15277
7214.35 1.15227
7214.72 1.15163
7215.09 1.15083
7215.45 1.14986
7215.82 1.14874
7216.19 1.14746
7216.55 1.14717
7216.92 1.14571
7217.28 1.1442
7217.65 1.14269
7218.02 1.14115
7218.38 1.1399
7218.75 1.1388
7219.12 1.13783
7219.48 1.13697
7219.85 1.13621
7220.21 1.13554
7220.58 1.13494
7220.95 1.13441
7221.31 1.13391
7221.68 1.13347
7222.05 1.13306
7222.41 1.13265
7222.78 1.13228
7223.14 1.13324
7223.51 1.13293
7223.88 1.13266
7224.24 1.13356
7224.61 1.13342
7224.98 1.13334
7225.34 1.13333
7225.71 1.13342
7226.07 1.1336
7226.44 1.13387
7226.81 1.1342
7227.17 1.13456
7227.54 1.13488
7227.9 1.13515
7228.27 1.13534
7228.64 1.13544
7229 1.13542
7229.37 1.13529
7229.74 1.13664
7230.1 1.1363
7230.47 1.1368
7230.83 1.13596
7231.2 1.13491
7231.57 1.13361
7231.93 1.13206
7232.3 1.13025
7232.67 1.12815
7233.03 1.12579
7233.4 1.12318
7233.76 1.12039
7234.13 1.11748
7234.5 1.11449
7234.86 1.11149
7235.23 1.10851
7235.6 1.10555
7235.96 1.10265
7236.33 1.10192
7236.69 1.09838
7237.06 1.0956
7237.43 1.09284
7237.79 1.09013
7238.16 1.08744
7238.52 1.08475
7238.89 1.08208
7239.26 1.0794
7239.62 1.07671
7239.99 1.07401
7240.36 1.07129
7240.72 1.06855
7241.09 1.06578
7241.45 1.06299
7241.82 1.06016
7242.19 1.05728
7242.55 1.05313
7242.92 1.0519
7243.29 1.0488
7243.65 1.04565
7244.02 1.0425
7244.38 1.03935
7244.75 1.03622
7245.12 1.03313
7245.48 1.03008
7245.85 1.02708
7246.22 1.02417
7246.58 1.02138
7246.95 1.01871
7247.31 1.01622
7247.68 1.01388
7248.05 1.01172
7248.41 1.0097
7248.78 1.0079
7249.15 1.00798
7249.51 1.00638
7249.88 1.00488
7250.24 1.00349
7250.61 1.00219
7250.98 1.00099
7251.34 0.999886
7251.71 0.998863
7252.07 0.997925
7252.44 0.997086
7252.81 0.99633
7253.17 0.99572
7253.54 0.99527
7253.91 0.994995
7254.27 0.994919
7254.64 0.995018
7255 0.995216
7255.37 0.99559
7255.74 0.995621
7256.1 0.996078
7256.47 0.996513
7256.84 0.996864
7257.2 0.99707
7257.57 0.997078
7257.93 0.996857
7258.3 0.996399
7258.67 0.995697
7259.03 0.994797
7259.4 0.993721
7259.77 0.992516
7260.13 0.991219
7260.5 0.989853
7260.86 0.988426
7261.23 0.986641
7261.6 0.985199
7261.96 0.98378
7262.33 0.983566
7262.69 0.982216
7263.06 0.980911
7263.43 0.97966
7263.79 0.978462
7264.16 0.977318
7264.53 0.976204
7264.89 0.975113
7265.26 0.974022
7265.62 0.972923
7265.99 0.971802
7266.36 0.970665
7266.72 0.969536
7267.09 0.968407
7267.46 0.9673
7267.82 0.96624
7268.19 0.965202
7268.55 0.964203
7268.92 0.964378
7269.29 0.963448
7269.65 0.962517
7270.02 0.961578
7270.39 0.960648
7270.75 0.959671
7271.12 0.958656
7271.48 0.957573
7271.85 0.956383
7272.22 0.95507
7272.58 0.953613
7272.95 0.952003
7273.31 0.950188
7273.68 0.946495
7274.05 0.943909
7274.41 0.940964
7274.78 0.93763
7275.15 0.933876
7275.51 0.930321
7275.88 0.925957
7276.24 0.921417
7276.61 0.916763
7276.98 0.912086
7277.34 0.907471
7277.71 0.903046
7278.08 0.898865
7278.44 0.894936
7278.81 0.891258
7279.17 0.887787
7279.54 0.882637
7279.91 0.879692
7280.27 0.876816
7280.64 0.87397
7281.01 0.871124
7281.37 0.868233
7281.74 0.866829
7282.1 0.863884
7282.47 0.860901
7282.84 0.85791
7283.2 0.854927
7283.57 0.85199
7283.94 0.849113
7284.3 0.846329
7284.67 0.843643
7285.03 0.84108
7285.4 0.838608
7285.77 0.835709
7286.13 0.833412
7286.5 0.831116
7286.86 0.828781
7287.23 0.826401
7287.6 0.823952
7287.96 0.821442
7288.33 0.820915
7288.7 0.818314
7289.06 0.81562
7289.43 0.812843
7289.79 0.809937
7290.16 0.806885
7290.53 0.80368
7290.89 0.800316
7291.26 0.796783
7291.63 0.793083
7291.99 0.787491
7292.36 0.783287
7292.72 0.778961
7293.09 0.774551
7293.46 0.770035
7293.82 0.765411
7294.19 0.760674
7294.56 0.755821
7294.92 0.752686
7295.29 0.74765
7295.65 0.742744
7296.02 0.73806
7296.39 0.733643
7296.75 0.729538
7297.12 0.7258
7297.48 0.722527
7297.85 0.719818
7298.22 0.715157
7298.58 0.713814
7298.95 0.71299
7299.32 0.712662
7299.68 0.712776
7300.05 0.713257
7300.41 0.71402
7300.78 0.714973
7301.15 0.716072
7301.51 0.716049
7301.88 0.717445
7302.25 0.718872
7302.61 0.720306
7302.98 0.721695
7303.34 0.723
7303.71 0.72419
7304.08 0.725227
7304.44 0.727158
7304.81 0.727859
7305.18 0.728424
7305.54 0.728867
7305.91 0.729202
7306.27 0.729439
7306.64 0.729599
7307.01 0.729675
7307.37 0.729713
7307.74 0.729698
7308.1 0.731003
7308.47 0.73098
7308.84 0.730927
7309.2 0.730873
7309.57 0.730843
7309.94 0.730835
7310.3 0.732224
7310.67 0.732368
7311.03 0.732582
7311.4 0.732857
7311.77 0.733208
7312.13 0.733635
7312.5 0.734116
7312.87 0.734673
7313.23 0.735283
7313.6 0.735977
7313.96 0.736794
7314.33 0.737717
7314.7 0.739258
7315.06 0.740349
7315.43 0.741623
7315.8 0.743065
7316.16 0.744652
7316.53 0.74794
7316.89 0.749695
7317.26 0.751465
7317.63 0.753227
7317.99 0.754906
7318.36 0.756454
7318.73 0.757797
7319.09 0.758881
7319.46 0.759666
7319.82 0.760155
7320.19 0.76033
7320.56 0.760208
7320.92 0.759819
7321.29 0.759262
7321.65 0.758499
7322.02 0.757545
7322.39 0.756454
7322.75 0.754471
7323.12 0.753227
7323.49 0.751923
7323.85 0.750557
7324.22 0.749123
7324.58 0.747612
7324.95 0.746063
7325.32 0.744476
7325.68 0.742897
7326.05 0.741371
7326.42 0.739937
7326.78 0.738625
7327.15 0.737473
7327.51 0.737503
7327.88 0.736656
7328.25 0.735992
7328.61 0.735466
7328.98 0.735435
7329.35 0.735039
7329.71 0.734604
7330.08 0.734062
7330.44 0.733391
7330.81 0.732559
7331.18 0.731529
7331.54 0.730309
7331.91 0.728897
7332.27 0.727295
7332.64 0.725525
7333.01 0.723625
7333.37 0.721588
7333.74 0.719414
7334.11 0.719093
7334.47 0.716667
7334.84 0.714111
7335.2 0.710632
7335.57 0.707726
7335.94 0.704758
7336.3 0.701744
7336.67 0.698715
7337.04 0.695724
7337.4 0.692802
7337.77 0.690002
7338.13 0.68737
7338.5 0.684914
7338.87 0.682655
7339.23 0.68058
7339.6 0.678673
7339.97 0.676964
7340.33 0.675438
7340.7 0.675781
7341.06 0.674591
7341.43 0.674339
7341.8 0.67366
7342.16 0.673149
7342.53 0.672783
7342.9 0.672562
7343.26 0.672432
7343.63 0.672363
7343.99 0.67231
7344.36 0.672264
7344.73 0.67218
7345.09 0.672043
7345.46 0.671852
7345.82 0.671608
7346.19 0.67131
7346.56 0.670952
7346.92 0.670555
7347.29 0.673103
7347.66 0.672585
7348.02 0.672043
7348.39 0.671478
7348.75 0.670898
7349.12 0.670288
7349.49 0.669655
7349.85 0.668968
7350.22 0.668213
7350.59 0.667358
7350.95 0.666405
7351.32 0.665359
7351.68 0.664246
7352.05 0.663086
7352.42 0.661949
7352.78 0.660866
7353.15 0.659882
7353.52 0.659874
7353.88 0.659225
7354.25 0.658798
7354.61 0.658592
7354.98 0.658577
7355.35 0.658684
7355.71 0.658867
7356.08 0.659058
7356.44 0.659187
7356.81 0.659203
7357.18 0.659058
7357.54 0.65873
7357.91 0.658195
7358.28 0.657455
7358.64 0.656509
7359.01 0.655388
7359.37 0.654083
7359.74 0.652451
7360.11 0.652237
7360.47 0.650673
7360.84 0.649178
7361.21 0.64782
7361.57 0.646652
7361.94 0.645729
7362.3 0.645088
7362.67 0.64473
7363.04 0.644653
7363.4 0.644867
7363.77 0.645386
7364.14 0.646164
7364.5 0.647209
7364.87 0.648476
7365.23 0.649948
7365.6 0.651581
7365.97 0.655579
7366.33 0.657501
7366.7 0.659782
7367.06 0.661774
7367.43 0.663795
7367.8 0.665802
7368.16 0.667801
7368.53 0.669769
7368.9 0.6717
7369.26 0.673584
7369.63 0.675407
7369.99 0.677177
7370.36 0.678871
7370.73 0.680496
7371.09 0.681976
7371.46 0.683311
7371.83 0.684494
7372.19 0.687057
7372.56 0.687881
7372.92 0.688522
7373.29 0.690041
7373.66 0.690498
7374.02 0.690773
7374.39 0.690895
7374.76 0.69088
7375.12 0.690758
7375.49 0.690544
7375.85 0.690262
7376.22 0.689934
7376.59 0.689537
7376.95 0.689117
7377.32 0.688675
7377.69 0.688202
7378.05 0.689468
7378.42 0.68895
7378.78 0.6884
7379.15 0.687836
7379.52 0.687241
7379.88 0.688972
7380.25 0.688347
7380.61 0.687691
7380.98 0.687012
7381.35 0.686317
7381.71 0.685646
7382.08 0.685013
7382.45 0.684418
7382.81 0.683876
7383.18 0.683434
7383.54 0.683098
7383.91 0.682915
7384.28 0.684731
7384.64 0.684959
7385.01 0.685402
7385.38 0.686073
7385.74 0.686974
7386.11 0.68898
7386.47 0.690125
7386.84 0.69149
7387.21 0.693031
7387.57 0.694717
7387.94 0.696503
7388.31 0.698311
7388.67 0.700081
7389.04 0.701752
7389.4 0.703278
7389.77 0.704628
7390.14 0.705788
7390.5 0.708267
7390.87 0.708984
7391.23 0.709518
7391.6 0.709908
7391.97 0.710136
7392.33 0.710228
7392.7 0.711243
7393.07 0.711113
7393.43 0.710838
7393.8 0.710419
7394.16 0.709862
7394.53 0.709198
7394.9 0.70845
7395.26 0.707634
7395.63 0.706764
7396 0.705872
7396.36 0.704987
7396.73 0.704277
7397.09 0.703461
7397.46 0.702682
7397.83 0.701935
7398.19 0.701233
7398.56 0.700607
7398.93 0.700058
7399.29 0.700424
7399.66 0.700073
7400.02 0.699806
7400.39 0.699615
7400.76 0.699471
7401.12 0.699333
7401.49 0.699203
7401.85 0.699051
7402.22 0.698853
7402.59 0.698593
7402.95 0.699379
7403.32 0.699043
7403.69 0.6987
7404.05 0.698341
7404.42 0.697968
7404.78 0.697563
7405.15 0.697121
7405.52 0.696648
7405.88 0.697845
7406.25 0.697342
7406.62 0.696815
7406.98 0.696297
7407.35 0.695786
7407.71 0.695297
7408.08 0.694855
7408.45 0.694435
7408.81 0.694084
7409.18 0.695503
7409.55 0.695297
7409.91 0.695129
7410.28 0.694962
7410.64 0.694786
7411.01 0.694603
7411.38 0.694382
7411.74 0.694122
7412.11 0.69384
7412.48 0.695526
7412.84 0.69519
7413.21 0.694801
7413.57 0.694366
7413.94 0.693878
7414.31 0.693321
7414.67 0.692726
7415.04 0.693504
7415.4 0.692787
7415.77 0.692024
7416.14 0.691254
7416.5 0.690468
7416.87 0.689674
7417.24 0.68885
7417.6 0.687996
7417.97 0.687119
7418.33 0.686203
7418.7 0.685272
7419.07 0.686852
7419.43 0.685959
7419.8 0.685097
7420.17 0.68428
7420.53 0.68351
7420.9 0.682823
7421.26 0.68409
7421.63 0.683655
7422 0.683342
7422.36 0.683128
7422.73 0.682991
7423.1 0.682907
7423.46 0.682854
7423.83 0.6828
7424.19 0.682716
7424.56 0.68261
7424.93 0.682487
7425.29 0.684509
7425.66 0.684364
7426.02 0.684227
7426.39 0.684135
7426.76 0.684097
7427.12 0.684128
7427.49 0.686249
7427.86 0.68647
7428.22 0.686821
7428.59 0.687294
7428.95 0.68792
7429.32 0.688683
7429.69 0.68959
7430.05 0.690636
7430.42 0.691795
7430.79 0.693054
7431.15 0.694412
7431.52 0.695824
7431.88 0.697243
7432.25 0.698586
7432.62 0.699913
7432.98 0.701149
7433.35 0.70224
7433.72 0.703712
7434.08 0.704155
7434.45 0.704346
7434.81 0.704247
7435.18 0.70388
7435.55 0.70327
7435.91 0.702431
7436.28 0.701416
7436.65 0.700264
7437.01 0.699043
7437.38 0.697784
7437.74 0.696518
7438.11 0.695236
7438.48 0.695457
7438.84 0.694115
7439.21 0.692734
7439.57 0.691254
7439.94 0.689537
7440.31 0.687698
7440.67 0.685707
7441.04 0.683586
7441.41 0.681366
7441.77 0.67907
7442.14 0.676758
7442.5 0.674461
7442.87 0.672211
7443.24 0.670013
7443.6 0.667862
7443.97 0.665764
7444.34 0.663696
7444.7 0.661667
7445.07 0.661163
7445.43 0.659225
7445.8 0.657074
7446.17 0.655373
7446.53 0.653793
7446.9 0.652328
7447.27 0.651001
7447.63 0.649826
7448 0.648781
7448.36 0.647873
7448.73 0.647125
7449.1 0.646523
7449.46 0.646065
7449.83 0.645775
7450.19 0.645615
7450.56 0.645584
7450.93 0.645668
7451.29 0.645882
7451.66 0.64769
7452.03 0.64994
7452.39 0.650475
7452.76 0.651131
7453.12 0.651886
7453.49 0.652718
7453.86 0.653595
7454.22 0.654472
7454.59 0.655319
7454.96 0.65612
7455.32 0.656822
7455.69 0.657425
7456.05 0.657906
7456.42 0.658264
7456.79 0.658478
7457.15 0.658577
7457.52 0.658554
7457.89 0.659416
7458.25 0.659584
7458.62 0.658989
7458.98 0.658325
7459.35 0.6576
7459.72 0.656837
7460.08 0.656044
7460.45 0.655235
7460.81 0.654419
7461.18 0.653595
7461.55 0.652763
7461.91 0.651909
7462.28 0.65107
7462.65 0.650253
7463.01 0.649513
7463.38 0.648888
7463.74 0.648392
7464.11 0.648033
7464.48 0.648376
7464.84 0.648361
7465.21 0.64843
7465.58 0.648605
7465.94 0.648895
7466.31 0.649315
7466.67 0.649887
7467.04 0.65062
7467.41 0.651505
7467.77 0.652534
7468.14 0.653725
7468.51 0.655067
7468.87 0.656555
7469.24 0.658173
7469.6 0.659904
7469.97 0.66169
7470.34 0.663506
7470.7 0.666847
7471.07 0.668373
7471.44 0.670036
7471.8 0.671608
7472.17 0.673065
7472.53 0.674385
7472.9 0.675545
7473.27 0.676529
7473.63 0.677299
7474 0.677879
7474.36 0.678238
7474.73 0.678352
7475.1 0.678253
7475.46 0.677917
7475.83 0.677376
7476.2 0.676636
7476.56 0.674461
7476.93 0.67347
7477.29 0.672546
7477.66 0.671402
7478.03 0.670715
7478.39 0.670204
7478.76 0.669876
7479.13 0.669754
7479.49 0.669861
7479.86 0.670219
7480.22 0.670822
7480.59 0.671646
7480.96 0.672668
7481.32 0.673889
7481.69 0.675262
7482.06 0.676819
7482.42 0.678551
7482.79 0.679344
7483.15 0.681396
7483.52 0.683655
7483.89 0.686119
7484.25 0.685135
7484.62 0.687843
7484.98 0.690689
7485.35 0.693588
7485.72 0.696457
7486.08 0.699203
7486.45 0.701759
7486.82 0.704071
7487.18 0.706131
7487.55 0.707909
7487.91 0.709404
7488.28 0.710602
7488.65 0.711502
7489.01 0.710754
7489.38 0.711105
7489.75 0.711304
7490.11 0.711426
7490.48 0.71154
7490.84 0.710274
7491.21 0.710495
7491.58 0.710793
7491.94 0.711174
7492.31 0.711655
7492.68 0.712227
7493.04 0.712921
7493.41 0.713692
7493.77 0.714592
7494.14 0.715591
7494.51 0.716713
7494.87 0.717964
7495.24 0.717262
7495.6 0.718468
7495.97 0.719757
7496.34 0.721092
7496.7 0.722504
7497.07 0.718979
7497.44 0.7202
7497.8 0.721725
7498.17 0.723763
7498.53 0.726524
7498.9 0.730202
7499.27 0.734917
7499.63 0.740875
7500 0.748413
7500.37 0.75795
7500.73 0.76799
7501.1 0.776169
7501.46 0.780045
7501.83 0.785713
7502.2 0.790543
7502.56 0.794739
7502.93 0.798431
7503.3 0.80172
7503.66 0.799919
7504.03 0.803001
7504.39 0.805809
7504.76 0.808365
7505.13 0.810715
7505.49 0.812851
7505.86 0.814812
7506.23 0.81662
7506.59 0.818298
7506.96 0.819893
7507.32 0.821449
7507.69 0.821411
7508.06 0.822952
7508.42 0.824547
7508.79 0.826233
7509.15 0.828049
7509.52 0.829994
7509.89 0.832092
7510.25 0.830666
7510.62 0.832939
7510.99 0.835388
7511.35 0.838036
7511.72 0.840919
7512.08 0.844032
7512.45 0.847366
7512.82 0.850883
7513.18 0.854523
7513.55 0.856804
7513.92 0.860504
7514.28 0.864304
7514.65 0.868217
7515.01 0.872253
7515.38 0.87645
7515.75 0.880821
7516.11 0.885468
7516.48 0.890503
7516.85 0.887001
7517.21 0.892311
7517.58 0.898453
7517.94 0.905327
7518.31 0.911362
7518.68 0.915352
7519.04 0.917351
7519.41 0.917519
7519.77 0.907471
7520.14 0.903976
7520.51 0.900269
7520.87 0.896858
7521.24 0.893829
7521.61 0.891182
7521.97 0.888878
7522.34 0.886879
7522.7 0.885124
7523.07 0.88353
7523.44 0.879189
7523.8 0.877769
7524.17 0.87632
7524.54 0.874825
7524.9 0.873276
7525.27 0.871643
7525.63 0.869881
7526 0.862083
7526.37 0.859436
7526.73 0.856644
7527.1 0.853973
7527.47 0.851768
7527.83 0.850372
7528.2 0.850075
7528.56 0.85112
7528.93 0.853813
7529.3 0.858574
7529.66 0.854103
7530.03 0.860947
7530.4 0.866783
7530.76 0.871208
7531.13 0.874657
7531.49 0.877396
7531.86 0.879585
7532.23 0.879105
7532.59 0.880577
7532.96 0.881706
7533.32 0.882561
7533.69 0.883186
7534.06 0.883591
7534.42 0.883797
7534.79 0.883865
7535.16 0.883835
7535.52 0.883751
7535.89 0.883659
7536.25 0.881981
7536.62 0.881844
7536.99 0.881638
7537.35 0.881332
7537.72 0.880913
7538.09 0.880371
7538.45 0.877525
7538.82 0.876648
7539.18 0.875572
7539.55 0.874268
7539.92 0.872673
7540.28 0.870743
7540.65 0.868484
7541.02 0.865913
7541.38 0.863022
7541.75 0.859787
7542.11 0.856194
7542.48 0.85218
7542.85 0.847031
7543.21 0.842163
7543.58 0.836823
7543.94 0.830986
7544.31 0.817062
7544.68 0.80957
7545.04 0.80201
7545.41 0.794884
7545.78 0.788368
7546.14 0.782433
7546.51 0.777008
7546.87 0.772018
7547.24 0.76741
7547.61 0.763115
7547.97 0.759056
7548.34 0.755196
7548.71 0.751465
7549.07 0.74781
7549.44 0.743393
7549.8 0.739784
7550.17 0.736244
7550.54 0.728241
7550.9 0.724815
7551.27 0.721504
7551.64 0.718376
7552 0.715424
7552.37 0.712639
7552.73 0.709984
7553.1 0.707382
7553.47 0.704826
7553.83 0.702339
7554.2 0.699936
7554.56 0.697624
7554.93 0.695419
7555.3 0.693336
7555.66 0.69136
7556.03 0.689262
7556.4 0.687653
7556.76 0.684738
7557.13 0.683556
7557.49 0.682457
7557.86 0.681435
7558.23 0.680496
7558.59 0.679604
7558.96 0.678741
7559.33 0.67791
7559.69 0.677094
7560.06 0.676292
7560.42 0.675545
7560.79 0.674858
7561.16 0.674225
7561.52 0.673653
7561.89 0.673149
7562.26 0.672737
7562.62 0.672241
7562.99 0.671593
7563.35 0.671562
7563.72 0.671707
7564.09 0.672043
7564.45 0.672592
7564.82 0.673363
7565.19 0.674324
7565.55 0.675453
7565.92 0.676735
7566.28 0.678169
7566.65 0.679733
7567.02 0.681419
7567.38 0.683205
7567.75 0.685051
7568.11 0.68692
7568.48 0.688728
7568.85 0.688828
7569.21 0.690598
7569.58 0.692123
7569.95 0.693459
7570.31 0.694611
7570.68 0.695587
7571.04 0.696365
7571.41 0.696991
7571.78 0.697464
7572.14 0.6978
7572.51 0.697998
7572.88 0.698082
7573.24 0.698067
7573.61 0.697945
7573.97 0.697708
7574.34 0.697342
7574.71 0.696815
7575.07 0.696106
7575.44 0.692757
7575.81 0.69162
7576.17 0.690384
7576.54 0.689102
7576.9 0.687798
7577.27 0.686493
7577.64 0.685226
7578 0.684059
7578.37 0.683029
7578.73 0.682213
7579.1 0.681641
7579.47 0.681328
7579.83 0.681244
7580.2 0.681358
7580.57 0.681641
7580.93 0.68203
7581.3 0.681732
7581.66 0.682236
7582.03 0.681419
7582.4 0.681854
7582.76 0.682228
7583.13 0.682518
7583.5 0.682701
7583.86 0.682793
7584.23 0.682732
7584.59 0.682533
7584.96 0.682205
7585.33 0.681732
7585.69 0.681145
7586.06 0.68045
7586.43 0.679665
7586.79 0.67878
7587.16 0.67778
7587.52 0.674271
7587.89 0.672798
7588.26 0.671074
7588.62 0.668167
7588.99 0.665955
7589.35 0.663429
7589.72 0.660561
7590.09 0.657318
7590.45 0.653664
7590.82 0.649567
7591.19 0.644997
7591.55 0.639893
7591.92 0.63414
7592.28 0.62751
7592.65 0.619774
7593.02 0.610893
7593.38 0.602142
7593.75 0.58799
7594.12 0.582924
7594.48 0.57872
7594.85 0.575226
7595.21 0.571838
7595.58 0.569458
7595.95 0.56749
7596.31 0.565849
7596.68 0.564537
7597.05 0.563515
7597.41 0.562744
7597.78 0.56218
7598.14 0.561798
7598.51 0.561539
7598.88 0.561363
7599.24 0.561272
7599.61 0.561249
7599.98 0.561279
7600.34 0.56147
7600.71 0.561707
7601.07 0.561981
7601.44 0.562187
7601.81 0.562561
7602.17 0.562981
7602.54 0.563446
7602.9 0.563965
7603.27 0.564537
7603.64 0.56514
7604 0.565781
7604.37 0.566444
7604.74 0.567131
7605.1 0.567818
7605.47 0.568474
7605.83 0.569069
7606.2 0.569908
7606.57 0.570244
7606.93 0.570427
7607.3 0.570457
7607.67 0.570313
7608.03 0.570137
7608.4 0.569664
7608.76 0.569008
7609.13 0.568153
7609.5 0.567154
7609.86 0.566002
7610.23 0.564705
7610.6 0.563286
7610.96 0.561699
7611.33 0.559906
7611.69 0.557899
7612.06 0.553886
7612.43 0.551239
7612.79 0.548325
7613.16 0.545135
7613.52 0.541687
7613.89 0.537971
7614.26 0.533997
7614.62 0.531334
7614.99 0.527054
7615.36 0.522606
7615.72 0.518066
7616.09 0.513474
7616.45 0.508865
7616.82 0.504234
7617.19 0.49958
7617.55 0.494904
7617.92 0.490181
7618.29 0.482567
7618.65 0.47789
7619.02 0.47332
7619.38 0.468933
7619.75 0.46479
7620.12 0.460938
7620.48 0.457436
7620.85 0.454262
7621.22 0.452751
7621.58 0.450142
7621.95 0.4478
7622.31 0.445671
7622.68 0.443733
7623.05 0.441933
7623.41 0.440208
7623.78 0.43853
7624.15 0.436813
7624.51 0.434158
7624.88 0.432076
7625.24 0.429764
7625.61 0.427208
7625.98 0.424362
7626.34 0.421242
7626.71 0.417809
7627.07 0.41407
7627.44 0.410004
7627.81 0.406921
7628.17 0.402122
7628.54 0.396828
7628.91 0.39093
7629.27 0.384308
7629.64 0.376793
7630 0.36824
7630.37 0.358528
7630.74 0.340004
7631.1 0.33168
7631.47 0.324593
7631.84 0.318504
7632.2 0.313217
7632.57 0.308586
7632.93 0.304474
7633.3 0.300819
7633.67 0.297546
7634.03 0.294601
7634.4 0.293587
7634.77 0.291206
7635.13 0.28907
7635.5 0.28717
7635.86 0.285484
7636.23 0.283997
7636.6 0.282715
7636.96 0.28183
7637.33 0.280983
7637.69 0.280327
7638.06 0.279854
7638.43 0.279579
7638.79 0.279488
7639.16 0.279564
7639.53 0.279808
7639.89 0.280182
7640.26 0.280678
7640.62 0.281219
7640.99 0.281815
7641.36 0.282433
7641.72 0.283051
7642.09 0.283577
7642.46 0.284012
7642.82 0.284309
7643.19 0.284615
7643.55 0.284508
7643.92 0.28421
7644.29 0.28373
7644.65 0.283066
7645.02 0.282272
7645.39 0.28138
7645.75 0.280418
7646.12 0.279396
7646.48 0.278336
7646.85 0.277252
7647.22 0.276817
7647.58 0.275703
7647.95 0.274597
7648.31 0.273544
7648.68 0.272575
7649.05 0.271172
7649.41 0.27034
7649.78 0.269562
7650.15 0.268814
7650.51 0.268158
7650.88 0.267586
7651.24 0.267151
7651.61 0.266861
7651.98 0.266678
7652.34 0.266571
7652.71 0.266502
7653.08 0.266464
7653.44 0.266418
7653.81 0.265358
7654.17 0.265244
7654.54 0.265038
7654.91 0.264694
7655.27 0.262688
7655.64 0.261772
7656.01 0.260597
7656.37 0.259125
7656.74 0.257339
7657.1 0.255211
7657.47 0.252731
7657.84 0.249893
7658.2 0.246742
7658.57 0.243347
7658.94 0.239792
7659.3 0.236168
7659.67 0.232491
7660.03 0.22879
7660.4 0.225937
7660.77 0.222244
7661.13 0.218582
7661.5 0.212379
7661.86 0.209007
7662.23 0.205765
7662.6 0.20266
7662.96 0.199692
7663.33 0.196915
7663.7 0.194351
7664.06 0.192024
7664.43 0.189911
7664.79 0.187973
7665.16 0.18618
7665.53 0.184494
7665.89 0.182915
7666.26 0.18145
7666.63 0.180107
7666.99 0.179794
7667.36 0.178719
7667.72 0.177818
7668.09 0.177078
7668.46 0.17646
7668.82 0.175987
7669.19 0.175674
7669.56 0.175537
7669.92 0.175591
7670.29 0.175812
7670.65 0.176193
7671.02 0.17672
7671.39 0.177376
7671.75 0.178108
7672.12 0.178894
7672.48 0.179695
7672.85 0.180496
7673.22 0.181786
7673.58 0.182556
7673.95 0.184601
7674.32 0.185226
7674.68 0.18573
7675.05 0.186104
7675.41 0.186333
7675.78 0.186424
7676.15 0.186386
7676.51 0.186241
7676.88 0.18602
7677.25 0.185745
7677.61 0.185448
7677.98 0.185143
7678.34 0.184868
7678.71 0.184662
7679.08 0.184547
7679.44 0.18457
7679.81 0.187119
7680.18 0.18734
7680.54 0.187721
7680.91 0.188271
7681.27 0.188995
7681.64 0.18988
7682.01 0.190887
7682.37 0.191971
7682.74 0.193062
7683.1 0.194084
7683.47 0.194992
7683.84 0.195709
7684.2 0.19622
7684.57 0.196487
7684.94 0.196495
7685.3 0.196251
7685.67 0.19574
7686.03 0.195038
7686.4 0.195023
7686.77 0.193939
7687.13 0.192673
7687.5 0.191261
7687.87 0.189735
7688.23 0.188141
7688.6 0.18647
7688.96 0.184784
7689.33 0.183075
7689.7 0.181358
7690.06 0.179665
7690.43 0.178009
7690.8 0.176437
7691.16 0.174927
7691.53 0.1735
7691.89 0.172157
7692.26 0.171654
7692.63 0.170593
7692.99 0.171417
7693.36 0.170555
7693.73 0.169868
7694.09 0.169357
7694.46 0.169006
7694.82 0.168839
7695.19 0.168869
7695.56 0.169067
7695.92 0.169411
7696.29 0.169846
7696.65 0.170311
7697.02 0.170746
7697.39 0.171104
7697.75 0.171349
7698.12 0.171448
7698.49 0.172073
7698.85 0.171616
7699.22 0.170906
7699.58 0.171112
7699.95 0.16993
7700.32 0.16848
7700.68 0.166763
7701.05 0.164787
7701.42 0.162567
7701.78 0.160118
7702.15 0.15744
7702.51 0.154587
7702.88 0.151604
7703.25 0.148567
7703.61 0.145538
7703.98 0.14257
7704.35 0.139702
7704.71 0.135124
7705.08 0.132683
7705.44 0.130493
7705.81 0.128616
7706.18 0.127518
7706.54 0.126221
7706.91 0.125275
7707.27 0.124596
7707.64 0.124146
7708.01 0.123917
7708.37 0.123871
7708.74 0.124008
7709.11 0.124306
7709.47 0.124771
7709.84 0.125359
7710.2 0.12603
7710.57 0.126732
7710.94 0.128571
7711.3 0.129219
7711.67 0.129791
7712.04 0.130226
7712.4 0.13121
7712.77 0.131416
7713.13 0.131416
7713.5 0.131233
7713.87 0.130852
7714.23 0.130287
7714.6 0.129555
7714.97 0.128654
7715.33 0.127617
7715.7 0.126472
7716.06 0.125237
7716.43 0.123932
7716.8 0.122559
7717.16 0.121208
7717.53 0.119865
7717.9 0.118546
7718.26 0.117256
7718.63 0.11602
7718.99 0.116287
7719.36 0.115204
7719.73 0.114227
7720.09 0.113365
7720.46 0.11264
7720.82 0.112068
7721.19 0.111626
7721.56 0.111305
7721.92 0.111099
7722.29 0.110962
7722.66 0.110863
7723.02 0.112137
7723.39 0.112068
7723.75 0.111946
7724.12 0.111763
7724.49 0.111496
7724.85 0.111122
7725.22 0.110664
7725.59 0.111916
7725.95 0.111328
7726.32 0.110657
7726.68 0.109901
7727.05 0.1091
7727.42 0.108261
7727.78 0.107399
7728.15 0.106537
7728.52 0.10569
7728.88 0.104858
7729.25 0.105484
7729.61 0.104759
7729.98 0.104073
7730.35 0.103432
7730.71 0.102844
7731.08 0.10228
7731.44 0.101768
7731.81 0.101295
7732.18 0.103096
7732.54 0.102699
7732.91 0.10231
7733.28 0.101936
7733.64 0.101547
7734.01 0.101105
7734.37 0.100578
7734.74 0.0999527
7735.11 0.0992203
7735.47 0.0992508
7735.84 0.0979309
7736.21 0.0963669
7736.57 0.0945435
7736.94 0.0924683
7737.3 0.0901794
7737.67 0.0877075
7738.04 0.0850906
7738.4 0.0823822
7738.77 0.0814362
7739.14 0.0787659
7739.5 0.0762634
7739.87 0.0739746
7740.23 0.0719452
7740.6 0.070137
7740.97 0.0685654
7741.33 0.0671921
7741.7 0.0667801
7742.06 0.065918
7742.43 0.065155
7742.8 0.0644531
7743.16 0.0637894
7743.53 0.0631332
7743.9 0.0624771
7744.26 0.0618057
7744.63 0.0611115
7744.99 0.0628662
7745.36 0.0621948
7745.73 0.06147
7746.09 0.0606995
7746.46 0.0598755
7746.83 0.0589981
7747.19 0.0580597
7747.56 0.0588989
7747.92 0.0578842
7748.29 0.0568466
7748.66 0.0557709
7749.02 0.0546722
7749.39 0.0535431
7749.76 0.0523987
7750.12 0.0512238
7750.49 0.0500336
7750.85 0.0488205
7751.22 0.0475922
7751.59 0.0492554
7751.95 0.0480728
7752.32 0.0469208
7752.69 0.0458145
7753.05 0.0447845
7753.42 0.0438309
7753.78 0.0451584
7754.15 0.0444489
7754.52 0.0438309
7754.88 0.0432816
7755.25 0.0428314
7755.61 0.0424576
7755.98 0.04216
7756.35 0.0419083
7756.71 0.0416946
7757.08 0.0414734
7757.45 0.0412598
7757.81 0.041008
7758.18 0.043045
7758.54 0.0426483
7758.91 0.0421753
7759.28 0.041626
7759.64 0.0409698
7760.01 0.041893
7760.38 0.0409622
7760.74 0.0399094
7761.11 0.0386658
7761.47 0.0372467
7761.84 0.0356293
7762.21 0.0338058
7762.57 0.0317688
7762.94 0.0295334
7763.31 0.0270691
7763.67 0.0243835
7764.04 0.0214767
7764.4 0.0183334
7764.77 0.0184479
7765.14 0.0148849
7765.5 0.0110626
7765.87 0.00697327
7766.23 0.00143433
7766.6 -0.00357819
7766.97 -0.00894165
7767.33 -0.014679
7767.7 -0.0208359
7768.07 -0.0273895
7768.43 -0.0341492
7768.8 -0.0407715
7769.16 -0.0469131
7769.53 -0.0523529
7769.9 -0.0570908
7770.26 -0.0611572
7770.63 -0.0646057
7771 -0.0675125
7771.36 -0.0677795
7771.73 -0.0698929
7772.09 -0.0716705
7772.46 -0.0725098
7772.83 -0.0736465
7773.19 -0.0746384
7773.56 -0.0755463
7773.93 -0.0764008
7774.29 -0.0772095
7774.66 -0.0780182
7775.02 -0.0787888
7775.39 -0.0795517
7775.76 -0.0802765
7776.12 -0.0809479
7776.49 -0.0815735
7776.85 -0.0821304
7777.22 -0.082634
7777.59 -0.0830994
7777.95 -0.0813065
7778.32 -0.0816803
7778.69 -0.0801086
7779.05 -0.0803757
7779.42 -0.0806198
7779.78 -0.0808716
7780.15 -0.0811386
7780.52 -0.081459
7780.88 -0.0818481
7781.25 -0.0823746
7781.62 -0.0830307
7781.98 -0.0838776
7782.35 -0.0848694
7782.71 -0.0860519
7783.08 -0.0873947
7783.45 -0.0888901
7783.81 -0.090538
7784.18 -0.0891876
7784.55 -0.0897903
7784.91 -0.0917892
7785.28 -0.0938721
7785.64 -0.0960388
7786.01 -0.0982819
7786.38 -0.100601
7786.74 -0.102997
7787.11 -0.105469
7787.48 -0.108009
7787.84 -0.110588
7788.21 -0.11319
7788.57 -0.115814
7788.94 -0.118446
7789.31 -0.121094
7789.67 -0.123734
7790.04 -0.126335
7790.4 -0.128899
7790.77 -0.127922
7791.14 -0.130356
7791.5 -0.132706
7791.87 -0.134941
7792.24 -0.137077
7792.6 -0.139099
7792.97 -0.141022
7793.33 -0.142845
7793.7 -0.144585
7794.07 -0.146255
7794.43 -0.147858
7794.8 -0.149376
7795.17 -0.15081
7795.53 -0.152176
7795.9 -0.153458
7796.26 -0.154694
7796.63 -0.155891
7797 -0.155884
7797.36 -0.154701
7797.73 -0.155823
7798.1 -0.156891
7798.46 -0.157921
7798.83 -0.15892
7799.19 -0.159927
7799.56 -0.160965
7799.93 -0.162041
7800.29 -0.163155
7800.66 -0.164314
7801.02 -0.16552
7801.39 -0.166771
7801.76 -0.168068
7802.12 -0.169426
7802.49 -0.170845
7802.86 -0.172333
7803.22 -0.173431
7803.59 -0.175209
7803.95 -0.174919
7804.32 -0.17691
7804.69 -0.179047
7805.05 -0.181328
7805.42 -0.183746
7805.79 -0.186325
7806.15 -0.189026
7806.52 -0.191826
7806.88 -0.194679
7807.25 -0.197563
7807.62 -0.200432
7807.98 -0.203278
7808.35 -0.20607
7808.72 -0.208778
7809.08 -0.21138
7809.45 -0.21347
7809.81 -0.215721
7810.18 -0.217896
7810.55 -0.217148
7810.91 -0.219162
7811.28 -0.2211
7811.65 -0.222992
7812.01 -0.224808
7812.38 -0.226563
7812.74 -0.228241
7813.11 -0.229858
7813.48 -0.231415
7813.84 -0.232903
7814.21 -0.234329
7814.57 -0.235695
7814.94 -0.237022
7815.31 -0.2369
7815.67 -0.238167
7816.04 -0.239395
7816.41 -0.240601
7816.77 -0.239319
7817.14 -0.240479
7817.5 -0.241592
7817.87 -0.242607
7818.24 -0.243546
7818.6 -0.244385
7818.97 -0.245132
7819.34 -0.245781
7819.7 -0.246315
7820.07 -0.246735
7820.43 -0.24704
7820.8 -0.247223
7821.17 -0.247284
7821.53 -0.245277
7821.9 -0.24501
7822.27 -0.244606
7822.63 -0.24408
7823 -0.243439
7823.36 -0.241257
7823.73 -0.240494
7824.1 -0.239662
7824.46 -0.238777
7824.83 -0.237869
7825.19 -0.236977
7825.56 -0.236122
7825.93 -0.235329
7826.29 -0.234619
7826.66 -0.233994
7827.03 -0.233459
7827.39 -0.233009
7827.76 -0.230438
7828.12 -0.230179
7828.49 -0.229973
7828.86 -0.229813
7829.22 -0.229713
7829.59 -0.229645
7829.96 -0.227516
7830.32 -0.227524
7830.69 -0.227562
7831.05 -0.227638
7831.42 -0.227745
7831.79 -0.227882
7832.15 -0.228058
7832.52 -0.228287
7832.89 -0.228577
7833.25 -0.228912
7833.62 -0.229286
7833.98 -0.227943
7834.35 -0.228386
7834.72 -0.228836
7835.08 -0.229286
7835.45 -0.229744
7835.81 -0.230217
7836.18 -0.230713
7836.55 -0.229538
7836.91 -0.230209
7837.28 -0.230957
7837.65 -0.231781
7838.01 -0.232735
7838.38 -0.233826
7838.74 -0.235069
7839.11 -0.236458
7839.48 -0.237999
7839.84 -0.239632
7840.21 -0.24147
7840.58 -0.243286
7840.94 -0.245102
7841.31 -0.246849
7841.67 -0.248497
7842.04 -0.249977
7842.41 -0.251289
7842.77 -0.252411
7843.14 -0.251892
7843.51 -0.252708
7843.87 -0.25338
7844.24 -0.253891
7844.6 -0.254265
7844.97 -0.254547
7845.34 -0.254738
7845.7 -0.25486
7846.07 -0.253632
7846.44 -0.253639
7846.8 -0.253616
7847.17 -0.253571
7847.53 -0.253517
7847.9 -0.253464
7848.27 -0.253403
7848.63 -0.253357
7849 -0.253334
7849.36 -0.253349
7849.73 -0.252151
7850.1 -0.252281
7850.46 -0.25251
7850.83 -0.252861
7851.2 -0.253342
7851.56 -0.253929
7851.93 -0.254623
7852.29 -0.25425
7852.66 -0.25502
7853.03 -0.255844
7853.39 -0.256683
7853.76 -0.257568
7854.13 -0.258476
7854.49 -0.259407
7854.86 -0.260384
7855.22 -0.261421
7855.59 -0.262512
7855.96 -0.261246
7856.32 -0.262505
7856.69 -0.263863
7857.06 -0.26532
7857.42 -0.266869
7857.79 -0.268494
7858.15 -0.270172
7858.52 -0.271263
7858.89 -0.273102
7859.25 -0.274986
7859.62 -0.276894
7859.98 -0.278801
7860.35 -0.280701
7860.72 -0.282593
7861.08 -0.284447
7861.45 -0.286255
7861.82 -0.288002
7862.18 -0.289673
7862.55 -0.289459
7862.91 -0.290977
7863.28 -0.292374
7863.65 -0.29364
7864.01 -0.294777
7864.38 -0.295776
7864.75 -0.295967
7865.11 -0.29673
7865.48 -0.297455
7865.84 -0.298164
7866.21 -0.298859
7866.58 -0.299583
7866.94 -0.300354
7867.31 -0.301216
7867.68 -0.302177
7868.04 -0.303253
7868.41 -0.30442
7868.77 -0.305649
7869.14 -0.305702
7869.51 -0.306931
7869.87 -0.308075
7870.24 -0.309082
7870.6 -0.309906
7870.97 -0.310097
7871.34 -0.310417
7871.7 -0.31057
7872.07 -0.310593
7872.44 -0.310501
7872.8 -0.310326
7873.17 -0.310112
7873.53 -0.309914
7873.9 -0.309753
7874.27 -0.309677
7874.63 -0.309685
7875 -0.309784
7875.37 -0.309967
7875.73 -0.309464
7876.1 -0.309799
7876.46 -0.310188
7876.83 -0.310616
7877.2 -0.311035
7877.56 -0.311646
7877.93 -0.312325
7878.3 -0.313072
7878.66 -0.313889
7879.03 -0.314781
7879.39 -0.315781
7879.76 -0.316917
7880.13 -0.318214
7880.49 -0.319717
7880.86 -0.321457
7881.23 -0.323433
7881.59 -0.325623
7881.96 -0.327995
7882.32 -0.329689
7882.69 -0.33226
7883.06 -0.336845
7883.42 -0.339729
7883.79 -0.342682
7884.15 -0.345627
7884.52 -0.348518
7884.89 -0.351326
7885.25 -0.354027
7885.62 -0.356606
7885.99 -0.359024
7886.35 -0.361252
7886.72 -0.363274
7887.08 -0.365067
7887.45 -0.366653
7887.82 -0.368057
7888.18 -0.36927
7888.55 -0.369629
7888.92 -0.370506
7889.28 -0.371117
7889.65 -0.371544
7890.01 -0.371872
7890.38 -0.372108
7890.75 -0.372276
7891.11 -0.372368
7891.48 -0.372406
7891.85 -0.372383
7892.21 -0.372322
7892.58 -0.372223
7892.94 -0.37207
7893.31 -0.371857
7893.68 -0.371544
7894.04 -0.371147
7894.41 -0.370689
7894.77 -0.370186
7895.14 -0.369545
7895.51 -0.368454
7895.87 -0.36795
7896.24 -0.367447
7896.61 -0.366943
7896.97 -0.366463
7897.34 -0.365997
7897.7 -0.36554
7898.07 -0.365067
7898.44 -0.364563
7898.8 -0.363983
7899.17 -0.363327
7899.54 -0.362572
7899.9 -0.361725
7900.27 -0.360764
7900.63 -0.359711
7901 -0.358582
7901.37 -0.357407
7901.73 -0.356682
7902.1 -0.355408
7902.47 -0.354103
7902.83 -0.352791
7903.2 -0.351463
7903.56 -0.350113
7903.93 -0.348755
7904.3 -0.347351
7904.66 -0.345886
7905.03 -0.344376
7905.4 -0.342804
7905.76 -0.341187
7906.13 -0.339539
7906.49 -0.33786
7906.86 -0.336174
7907.23 -0.334488
7907.59 -0.332832
7907.96 -0.330811
7908.32 -0.330475
7908.69 -0.329079
7909.06 -0.327812
7909.42 -0.326706
7909.79 -0.325768
7910.16 -0.325012
7910.52 -0.324471
7910.89 -0.324211
7911.25 -0.32428
7911.62 -0.324707
7911.99 -0.3255
7912.35 -0.32666
7912.72 -0.328194
7913.09 -0.330093
7913.45 -0.332367
7913.82 -0.33773
7914.18 -0.340881
7914.55 -0.344185
7914.92 -0.34742
7915.28 -0.350914
7915.65 -0.354454
7916.02 -0.358017
7916.38 -0.361565
7916.75 -0.365105
7917.11 -0.368629
7917.48 -0.372124
7917.85 -0.375511
7918.21 -0.378723
7918.58 -0.381706
7918.94 -0.384438
7919.31 -0.386948
7919.68 -0.38929
7920.04 -0.393196
7920.41 -0.395058
7920.78 -0.396759
7921.14 -0.39798
7921.51 -0.399406
7921.87 -0.400719
7922.24 -0.401962
7922.61 -0.403145
7922.97 -0.40432
7923.34 -0.405518
7923.71 -0.406792
7924.07 -0.408165
7924.44 -0.409668
7924.8 -0.411354
7925.17 -0.413246
7925.54 -0.415344
7925.9 -0.417671
7926.27 -0.423058
7926.64 -0.426102
7927 -0.429283
7927.37 -0.432465
7927.73 -0.435616
7928.1 -0.43853
7928.47 -0.441216
7928.83 -0.443611
7929.2 -0.445702
7929.56 -0.447449
7929.93 -0.448906
7930.3 -0.450104
7930.66 -0.451111
7931.03 -0.451988
7931.4 -0.452789
7931.76 -0.453514
7932.13 -0.454163
7932.49 -0.454781
7932.86 -0.455086
7933.23 -0.455299
7933.59 -0.455437
7933.96 -0.455513
7934.33 -0.454872
7934.69 -0.454758
7935.06 -0.454575
7935.42 -0.454315
7935.79 -0.453979
7936.16 -0.453583
7936.52 -0.453148
7936.89 -0.452667
7937.26 -0.452156
7937.62 -0.451614
7937.99 -0.451057
7938.35 -0.450478
7938.72 -0.448677
7939.09 -0.448151
7939.45 -0.447678
7939.82 -0.447258
7940.19 -0.446892
7940.55 -0.446625
7940.92 -0.445885
7941.28 -0.445854
7941.65 -0.445961
7942.02 -0.446236
7942.38 -0.446686
7942.75 -0.447357
7943.11 -0.448242
7943.48 -0.449348
7943.85 -0.450699
7944.21 -0.452301
7944.58 -0.454109
7944.95 -0.457344
7945.31 -0.459587
7945.68 -0.461929
7946.04 -0.46431
7946.41 -0.466721
7946.78 -0.469131
7947.14 -0.471535
7947.51 -0.472366
7947.88 -0.474648
7948.24 -0.476875
7948.61 -0.479034
7948.97 -0.481094
7949.34 -0.483009
7949.71 -0.484764
7950.07 -0.486336
7950.44 -0.48774
7950.81 -0.488098
7951.17 -0.488983
7951.54 -0.489723
7951.9 -0.490341
7952.27 -0.490875
7952.64 -0.491325
7953 -0.491737
7953.37 -0.492111
7953.73 -0.492462
7954.1 -0.491013
7954.47 -0.491348
7954.83 -0.491692
7955.2 -0.492004
7955.57 -0.492279
7955.93 -0.4925
7956.3 -0.492653
7956.66 -0.492714
7957.03 -0.49173
7957.4 -0.491653
7957.76 -0.491463
7958.13 -0.49118
7958.5 -0.490799
7958.86 -0.490349
7959.23 -0.489838
7959.59 -0.489311
7959.96 -0.4888
7960.33 -0.488777
7960.69 -0.488525
7961.06 -0.488434
7961.43 -0.488548
7961.79 -0.48893
7962.16 -0.489639
7962.52 -0.49073
7962.89 -0.492287
7963.26 -0.497421
7963.62 -0.500801
7963.99 -0.504944
7964.35 -0.509735
7964.72 -0.51474
7965.09 -0.519432
7965.45 -0.523537
7965.82 -0.527031
7966.19 -0.529999
7966.55 -0.532501
7966.92 -0.534554
7967.28 -0.536324
7967.65 -0.537758
7968.02 -0.538933
7968.38 -0.539902
7968.75 -0.54068
7969.12 -0.541306
7969.48 -0.542465
7969.85 -0.542755
7970.21 -0.5429
7970.58 -0.5429
7970.95 -0.542778
7971.31 -0.542564
7971.68 -0.542267
7972.05 -0.541924
7972.41 -0.541504
7972.78 -0.541031
7973.14 -0.540527
7973.51 -0.540245
7973.88 -0.539581
7974.24 -0.538857
7974.61 -0.538055
7974.98 -0.53717
7975.34 -0.536209
7975.71 -0.534378
7976.07 -0.533279
7976.44 -0.532158
7976.81 -0.531013
7977.17 -0.529816
7977.54 -0.528557
7977.9 -0.527229
7978.27 -0.525856
7978.64 -0.524452
7979 -0.523064
7979.37 -0.521729
7979.74 -0.520477
7980.1 -0.520287
7980.47 -0.519241
7980.83 -0.518311
7981.2 -0.517494
7981.57 -0.517067
7981.93 -0.516548
7982.3 -0.516144
7982.67 -0.515816
7983.03 -0.515533
7983.4 -0.515266
7983.76 -0.514992
7984.13 -0.514694
7984.5 -0.514404
7984.86 -0.514122
7985.23 -0.513847
7985.6 -0.513573
7985.96 -0.51329
7986.33 -0.512978
7986.69 -0.512817
7987.06 -0.512459
7987.43 -0.512054
7987.79 -0.511246
7988.16 -0.510643
7988.52 -0.509964
7988.89 -0.509193
7989.26 -0.508324
7989.62 -0.507324
7989.99 -0.50618
7990.36 -0.504845
7990.72 -0.503311
7991.09 -0.501549
7991.45 -0.499535
7991.82 -0.497253
7992.19 -0.494652
7992.55 -0.491684
7992.92 -0.49147
7993.29 -0.488068
7993.65 -0.484123
7994.02 -0.479248
7994.38 -0.473885
7994.75 -0.467735
7995.12 -0.46106
7995.48 -0.454338
7995.85 -0.447914
7996.22 -0.441841
7996.58 -0.436111
7996.95 -0.430725
7997.31 -0.425743
7997.68 -0.421219
7998.05 -0.41713
7998.41 -0.413452
7998.78 -0.410126
7999.15 -0.407104
7999.51 -0.406212
7999.88 -0.403496
8000.24 -0.400246
8000.61 -0.398094
8000.98 -0.396194
8001.34 -0.394531
8001.71 -0.393082
8002.07 -0.391838
8002.44 -0.3908
8002.81 -0.389954
8003.17 -0.38929
8003.54 -0.388809
8003.91 -0.388496
8004.27 -0.388336
8004.64 -0.388306
8005 -0.38839
8005.37 -0.388527
8005.74 -0.388664
8006.1 -0.389992
8006.47 -0.391563
8006.84 -0.391472
8007.2 -0.391068
8007.57 -0.390282
8007.93 -0.38903
8008.3 -0.387276
8008.67 -0.384987
8009.03 -0.382256
8009.4 -0.379158
8009.77 -0.375893
8010.13 -0.372559
8010.5 -0.36924
8010.86 -0.365944
8011.23 -0.362679
8011.6 -0.359436
8011.96 -0.356239
8012.33 -0.353104
8012.69 -0.3535
8013.06 -0.350357
8013.43 -0.347229
8013.79 -0.34407
8014.16 -0.340881
8014.53 -0.337631
8014.89 -0.334335
8015.26 -0.330956
8015.62 -0.327469
8015.99 -0.323807
8016.36 -0.319908
8016.72 -0.315712
8017.09 -0.311195
8017.46 -0.306335
8017.82 -0.301147
8018.19 -0.29567
8018.55 -0.289314
8018.92 -0.28344
8019.29 -0.28273
8019.65 -0.276817
8020.02 -0.271011
8020.39 -0.265427
8020.75 -0.260132
8021.12 -0.255196
8021.48 -0.250687
8021.85 -0.246628
8022.22 -0.243019
8022.58 -0.239853
8022.95 -0.237114
8023.31 -0.234795
8023.68 -0.232918
8024.05 -0.231514
8024.41 -0.230591
8024.78 -0.231628
8025.15 -0.232002
8025.51 -0.23288
8025.88 -0.235306
8026.24 -0.237038
8026.61 -0.239281
8026.98 -0.242088
8027.34 -0.245552
8027.71 -0.249695
8028.08 -0.254578
8028.44 -0.260147
8028.81 -0.266205
8029.17 -0.272346
8029.54 -0.278206
8029.91 -0.2836
8030.27 -0.288544
8030.64 -0.293129
8031.01 -0.301392
8031.37 -0.305206
8031.74 -0.308815
8032.1 -0.312111
8032.47 -0.315277
8032.84 -0.318207
8033.2 -0.320892
8033.57 -0.323311
8033.94 -0.325439
8034.3 -0.327248
8034.67 -0.328712
8035.03 -0.329811
8035.4 -0.330551
8035.77 -0.330902
8036.13 -0.330917
8036.5 -0.33062
8036.86 -0.330078
8037.23 -0.33139
8037.6 -0.330948
8037.96 -0.330864
8038.33 -0.331299
8038.7 -0.334053
8039.06 -0.335464
8039.43 -0.337669
8039.79 -0.340721
8040.16 -0.344673
8040.53 -0.349533
8040.89 -0.355194
8041.26 -0.361389
8041.63 -0.367722
8041.99 -0.37384
8042.36 -0.37957
8042.72 -0.384857
8043.09 -0.389748
8043.46 -0.398056
8043.82 -0.402206
8044.19 -0.406212
8044.56 -0.410065
8044.92 -0.413696
8045.29 -0.416862
8045.65 -0.419991
8046.02 -0.422691
8046.39 -0.424934
8046.75 -0.426689
8047.12 -0.427933
8047.48 -0.428665
8047.85 -0.428864
8048.22 -0.428497
8048.58 -0.427574
8048.95 -0.426056
8049.32 -0.424271
8049.68 -0.421417
8050.05 -0.41803
8050.41 -0.414169
8050.78 -0.409927
8051.15 -0.405464
8051.51 -0.400932
8051.88 -0.400551
8052.25 -0.396011
8052.61 -0.391624
8052.98 -0.387459
8053.34 -0.383575
8053.71 -0.379982
8054.08 -0.376663
8054.44 -0.373589
8054.81 -0.370712
8055.18 -0.367981
8055.54 -0.36496
8055.91 -0.36248
8056.27 -0.360085
8056.64 -0.357773
8057.01 -0.355568
8057.37 -0.353493
8057.74 -0.351578
8058.1 -0.349861
8058.47 -0.350327
8058.84 -0.349045
8059.2 -0.348083
8059.57 -0.347519
8059.94 -0.347397
8060.3 -0.347763
8060.67 -0.348648
8061.03 -0.350052
8061.4 -0.351959
8061.77 -0.35714
8062.13 -0.360222
8062.5 -0.363686
8062.87 -0.367409
8063.23 -0.371323
8063.6 -0.375359
8063.96 -0.379501
8064.33 -0.383751
8064.7 -0.387222
8065.06 -0.391525
8065.43 -0.395767
8065.8 -0.399834
8066.16 -0.403656
8066.53 -0.407181
8066.89 -0.410393
8067.26 -0.413292
8067.63 -0.415863
8067.99 -0.418953
8068.36 -0.420639
8068.73 -0.422104
8069.09 -0.423378
8069.46 -0.424507
8069.82 -0.425507
8070.19 -0.426414
8070.56 -0.427269
8070.92 -0.428085
8071.29 -0.427467
8071.65 -0.428215
8072.02 -0.428955
8072.39 -0.429695
8072.75 -0.430389
8073.12 -0.431068
8073.49 -0.431725
8073.85 -0.432373
8074.22 -0.432281
8074.58 -0.432976
8074.95 -0.43367
8075.32 -0.434372
8075.68 -0.435074
8076.05 -0.435783
8076.42 -0.436516
8076.78 -0.437309
8077.15 -0.438156
8077.51 -0.439056
8077.88 -0.438812
8078.25 -0.439842
8078.61 -0.440842
8078.98 -0.44178
8079.35 -0.442619
8079.71 -0.443336
8080.08 -0.443901
8080.44 -0.444511
8080.81 -0.444733
8081.18 -0.444786
8081.54 -0.44471
8081.91 -0.444557
8082.27 -0.444366
8082.64 -0.444214
8083.01 -0.444145
8083.37 -0.444237
8083.74 -0.444489
8084.11 -0.444946
8084.47 -0.445702
8084.84 -0.446426
8085.2 -0.447372
8085.57 -0.448532
8085.94 -0.449921
8086.3 -0.452728
8086.67 -0.454666
8087.04 -0.45681
8087.4 -0.459122
8087.77 -0.461563
8088.13 -0.464104
8088.5 -0.466713
8088.87 -0.469368
8089.23 -0.472031
8089.6 -0.474686
8089.97 -0.477318
8090.33 -0.479889
8090.7 -0.482422
8091.06 -0.482941
8091.43 -0.485344
8091.8 -0.487724
8092.16 -0.490059
8092.53 -0.492477
8092.9 -0.494659
8093.26 -0.496788
8093.63 -0.49884
8093.99 -0.500793
8094.36 -0.50264
8094.73 -0.504349
8095.09 -0.505913
8095.46 -0.507355
8095.82 -0.508652
8096.19 -0.509834
8096.56 -0.51088
8096.92 -0.511795
8097.29 -0.512566
8097.66 -0.512115
8098.02 -0.512772
8098.39 -0.513321
8098.75 -0.513451
8099.12 -0.513847
8099.49 -0.514145
8099.85 -0.514359
8100.22 -0.514488
8100.59 -0.514549
8100.95 -0.514572
8101.32 -0.514603
8101.68 -0.514664
8102.05 -0.514809
8102.42 -0.51506
8102.78 -0.515411
8103.15 -0.515892
8103.52 -0.516502
8103.88 -0.516098
8104.25 -0.516891
8104.61 -0.517815
8104.98 -0.518723
8105.35 -0.519897
8105.71 -0.521133
8106.08 -0.522377
8106.44 -0.52359
8106.81 -0.524757
8107.18 -0.525848
8107.54 -0.526848
8107.91 -0.527756
8108.28 -0.52858
8108.64 -0.52932
8109.01 -0.529953
8109.37 -0.530502
8109.74 -0.53096
8110.11 -0.531357
8110.47 -0.529892
8110.84 -0.530128
8111.21 -0.528595
8111.57 -0.528656
8111.94 -0.528694
8112.3 -0.528717
8112.67 -0.528702
8113.04 -0.528664
8113.4 -0.528603
8113.77 -0.528503
8114.14 -0.528366
8114.5 -0.528183
8114.87 -0.527962
8115.23 -0.527687
8115.6 -0.527344
8115.97 -0.526909
8116.33 -0.526367
8116.7 -0.525703
8117.06 -0.52198
8117.43 -0.521263
8117.8 -0.520393
8118.16 -0.519348
8118.53 -0.518135
8118.9 -0.516754
8119.26 -0.515228
8119.63 -0.513603
8119.99 -0.511932
8120.36 -0.510246
8120.73 -0.508614
8121.09 -0.507057
8121.46 -0.505569
8121.83 -0.504128
8122.19 -0.502747
8122.56 -0.501389
8122.92 -0.500053
8123.29 -0.497437
8123.66 -0.496147
8124.02 -0.494881
8124.39 -0.493622
8124.76 -0.492363
8125.12 -0.491089
8125.49 -0.489807
8125.85 -0.488533
8126.22 -0.487274
8126.59 -0.486038
8126.95 -0.484848
8127.32 -0.483711
8127.69 -0.482643
8128.05 -0.481636
8128.42 -0.480675
8128.78 -0.479736
8129.15 -0.47879
8129.52 -0.477287
8129.88 -0.476227
8130.25 -0.475632
8130.61 -0.474457
8130.98 -0.473244
8131.35 -0.472023
8131.71 -0.47084
8132.08 -0.469711
8132.45 -0.468681
8132.81 -0.467743
8133.18 -0.466934
8133.54 -0.466278
8133.91 -0.465797
8134.28 -0.465515
8134.64 -0.465439
8135.01 -0.465561
8135.38 -0.465889
8135.74 -0.46656
8136.11 -0.467361
8136.47 -0.467697
8136.84 -0.468704
8137.21 -0.469818
8137.57 -0.47097
8137.94 -0.472137
8138.31 -0.473297
8138.67 -0.474403
8139.04 -0.475426
8139.4 -0.476349
8139.77 -0.477158
8140.14 -0.477837
8140.5 -0.478424
8140.87 -0.478905
8141.23 -0.479309
8141.6 -0.479622
8141.97 -0.479469
8142.33 -0.479477
8142.7 -0.479408
8143.07 -0.478752
8143.43 -0.478531
8143.8 -0.478256
8144.16 -0.477928
8144.53 -0.477547
8144.9 -0.477127
8145.26 -0.476654
8145.63 -0.476135
8146 -0.475533
8146.36 -0.474831
8146.73 -0.47403
8147.09 -0.473129
8147.46 -0.472137
8147.83 -0.471077
8148.19 -0.468651
8148.56 -0.46759
8148.93 -0.466553
8149.29 -0.465538
8149.66 -0.46431
8150.02 -0.463379
8150.39 -0.462486
8150.76 -0.461639
8151.12 -0.460823
8151.49 -0.46003
8151.85 -0.459236
8152.22 -0.458443
8152.59 -0.457657
8152.95 -0.456886
8153.32 -0.456131
8153.69 -0.455383
8154.05 -0.453346
8154.42 -0.45256
8154.78 -0.451782
8155.15 -0.450996
8155.52 -0.450211
8155.88 -0.44944
8156.25 -0.448143
8156.62 -0.447357
8156.98 -0.446556
8157.35 -0.445755
8157.71 -0.444969
8158.08 -0.444183
8158.45 -0.443405
8158.81 -0.442604
8159.18 -0.441757
8159.55 -0.440865
8159.91 -0.439888
8160.28 -0.436958
8160.64 -0.435692
8161.01 -0.434326
8161.38 -0.432823
8161.74 -0.431168
8162.11 -0.429344
8162.48 -0.427338
8162.84 -0.425194
8163.21 -0.422966
8163.57 -0.420532
8163.94 -0.41787
8164.31 -0.414986
8164.67 -0.411858
8165.04 -0.40844
8165.4 -0.404701
8165.77 -0.40062
8166.14 -0.396202
8166.5 -0.389534
8166.87 -0.384735
8167.24 -0.379883
8167.6 -0.375053
8167.97 -0.370346
8168.33 -0.365875
8168.7 -0.361755
8169.07 -0.358078
8169.43 -0.356979
8169.8 -0.353973
8170.17 -0.351463
8170.53 -0.349419
8170.9 -0.347809
8171.26 -0.346619
8171.63 -0.345833
8172 -0.345406
8172.36 -0.345291
8172.73 -0.346558
8173.1 -0.347015
8173.46 -0.347565
8173.83 -0.34819
8174.19 -0.348885
8174.56 -0.34964
8174.93 -0.35041
8175.29 -0.351143
8175.66 -0.352264
8176.02 -0.352646
8176.39 -0.352867
8176.76 -0.35289
8177.12 -0.352753
8177.49 -0.352448
8177.86 -0.35199
8178.22 -0.351379
8178.59 -0.350609
8178.95 -0.348564
8179.32 -0.347366
8179.69 -0.346054
8180.05 -0.344627
8180.42 -0.343132
8180.79 -0.34156
8181.15 -0.339958
8181.52 -0.33831
8181.88 -0.336632
8182.25 -0.335091
8182.62 -0.333397
8182.98 -0.331665
8183.35 -0.329865
8183.72 -0.327995
8184.08 -0.326019
8184.45 -0.323929
8184.81 -0.320396
8185.18 -0.317993
8185.55 -0.315407
8185.91 -0.312668
8186.28 -0.309776
8186.65 -0.306725
8187.01 -0.303497
8187.38 -0.300064
8187.74 -0.296417
8188.11 -0.29258
8188.48 -0.288628
8188.84 -0.287186
8189.21 -0.283226
8189.57 -0.279289
8189.94 -0.275414
8190.31 -0.271576
8190.67 -0.267822
8191.04 -0.262917
8191.41 -0.259422
8191.77 -0.256096
8192.14 -0.25293
8192.5 -0.249954
8192.87 -0.247162
8193.24 -0.244591
8193.6 -0.242294
8193.97 -0.240273
8194.33 -0.238571
8194.7 -0.23716
8195.07 -0.236031
8195.43 -0.234818
8195.8 -0.233963
8196.17 -0.233345
8196.53 -0.232964
8196.9 -0.23278
8197.26 -0.231789
8197.63 -0.231995
8198 -0.232315
8198.36 -0.232704
8198.73 -0.233154
8199.1 -0.233658
8199.46 -0.234192
8199.83 -0.234756
8200.19 -0.235344
8200.56 -0.235939
8200.93 -0.236549
8201.29 -0.237175
8201.66 -0.237808
8202.03 -0.236938
8202.39 -0.237541
8202.76 -0.238113
8203.12 -0.238647
8203.49 -0.238014
8203.86 -0.238419
8204.22 -0.238792
8204.59 -0.239151
8204.96 -0.239502
8205.32 -0.239853
8205.69 -0.240189
8206.05 -0.240524
8206.42 -0.240837
8206.79 -0.241135
8207.15 -0.241394
8207.52 -0.241631
8207.88 -0.241852
8208.25 -0.240372
8208.62 -0.240555
8208.98 -0.240738
8209.35 -0.240944
8209.72 -0.239677
8210.08 -0.23996
8210.45 -0.240303
8210.81 -0.240707
8211.18 -0.241203
8211.55 -0.241745
8211.91 -0.242325
8212.28 -0.242889
8212.65 -0.243401
8213.01 -0.243835
8213.38 -0.244164
8213.74 -0.244362
8214.11 -0.244392
8214.48 -0.244225
8214.84 -0.242722
8215.21 -0.242233
8215.58 -0.241508
8215.94 -0.238739
8216.31 -0.237465
8216.67 -0.23597
8217.04 -0.234222
8217.41 -0.232269
8217.77 -0.230125
8218.14 -0.227821
8218.5 -0.22538
8218.87 -0.222855
8219.24 -0.220268
8219.6 -0.217651
8219.97 -0.215034
8220.34 -0.212425
8220.7 -0.209831
8221.07 -0.207237
8221.43 -0.204704
8221.8 -0.199493
8222.17 -0.196846
8222.53 -0.194244
8222.9 -0.191681
8223.27 -0.189171
8223.63 -0.18676
8224 -0.184441
8224.36 -0.182251
8224.73 -0.180199
8225.1 -0.178284
8225.46 -0.176498
8225.83 -0.174835
8226.2 -0.173279
8226.56 -0.171776
8226.93 -0.170326
8227.29 -0.1689
8227.66 -0.167473
8228.03 -0.163315
8228.39 -0.161934
8228.76 -0.160545
8229.13 -0.159142
8229.49 -0.157738
8229.86 -0.156334
8230.22 -0.154961
8230.59 -0.153625
8230.96 -0.152351
8231.32 -0.151154
8231.69 -0.150024
8232.05 -0.148941
8232.42 -0.147911
8232.79 -0.146912
8233.15 -0.14595
8233.52 -0.145004
8233.89 -0.144089
8234.25 -0.142921
8234.62 -0.142685
8234.98 -0.141838
8235.35 -0.140938
8235.72 -0.139984
8236.08 -0.139015
8236.45 -0.138054
8236.82 -0.137115
8237.18 -0.1362
8237.55 -0.135307
8237.91 -0.134438
8238.28 -0.133575
8238.65 -0.132744
8239.01 -0.131943
8239.38 -0.131203
8239.75 -0.130516
8240.11 -0.129898
8240.48 -0.1278
8240.84 -0.127289
8241.21 -0.125694
8241.58 -0.125267
8241.94 -0.124931
8242.31 -0.124725
8242.67 -0.124619
8243.04 -0.124603
8243.41 -0.12468
8243.77 -0.124817
8244.14 -0.124985
8244.51 -0.125175
8244.87 -0.125359
8245.24 -0.125511
8245.6 -0.125603
8245.97 -0.125626
8246.34 -0.125565
8246.7 -0.123764
8247.07 -0.123451
8247.44 -0.121666
8247.8 -0.121185
8248.17 -0.120598
8248.53 -0.119888
8248.9 -0.119064
8249.27 -0.118134
8249.63 -0.117119
8250 -0.116005
8250.37 -0.114784
8250.73 -0.113457
8251.1 -0.112015
8251.46 -0.110474
8251.83 -0.108856
8252.2 -0.107208
8252.56 -0.103622
8252.93 -0.101936
8253.29 -0.100258
8253.66 -0.0986252
8254.03 -0.0967178
8254.39 -0.0951157
8254.76 -0.0935669
8255.13 -0.0920639
8255.49 -0.0906143
8255.86 -0.0892105
8256.22 -0.0878525
8256.59 -0.086525
8256.96 -0.0852203
8257.32 -0.0839081
8257.69 -0.0825882
8258.06 -0.0812302
8258.42 -0.0798264
8258.79 -0.0762482
8259.15 -0.0746994
8259.52 -0.0730515
8259.89 -0.0712738
8260.25 -0.0693741
8260.62 -0.0671997
8260.99 -0.0651779
8261.35 -0.0630875
8261.72 -0.060936
8262.08 -0.0587769
8262.45 -0.0566483
8262.82 -0.0546112
8263.18 -0.052681
8263.55 -0.0509262
8263.92 -0.0493469
8264.28 -0.0479507
8264.65 -0.0467453
8265.01 -0.0432892
8265.38 -0.0424271
8265.75 -0.0417175
8266.11 -0.041153
8266.48 -0.0407181
8266.84 -0.0403748
8267.21 -0.0379944
8267.58 -0.037735
8267.94 -0.0375137
8268.31 -0.037323
8268.68 -0.0371552
8269.04 -0.0369949
8269.41 -0.0368423
8269.77 -0.0366821
8270.14 -0.036499
8270.51 -0.0362854
8270.87 -0.0360413
8271.24 -0.0333405
8271.61 -0.0330658
8271.97 -0.0327988
8272.34 -0.0325241
8272.7 -0.03228
8273.07 -0.0320511
8273.44 -0.0318451
8273.8 -0.0299149
8274.17 -0.0298309
8274.54 -0.0298004
8274.9 -0.0298157
8275.27 -0.0298996
8275.63 -0.0300446
8276 -0.0302582
8276.37 -0.0305099
8276.73 -0.0308151
8277.1 -0.0311661
8277.46 -0.0304108
8277.83 -0.0309372
8278.2 -0.0315323
8278.56 -0.0322037
8278.93 -0.032959
8279.3 -0.0337982
8279.66 -0.0347366
8280.03 -0.0339737
8280.39 -0.0350952
8280.76 -0.0363083
8281.13 -0.0376053
8281.49 -0.0390015
8281.86 -0.0404816
8282.23 -0.0420227
8282.59 -0.0436172
8282.96 -0.0452499
8283.32 -0.0469131
8283.69 -0.048378
8284.06 -0.0499878
8284.42 -0.0515671
8284.79 -0.053093
8285.16 -0.0545502
8285.52 -0.0559616
8285.89 -0.057312
8286.25 -0.058609
8286.62 -0.0580139
8286.99 -0.0591736
8287.35 -0.0602646
8287.72 -0.0613251
8288.08 -0.0623627
8288.45 -0.0633926
8288.82 -0.0644302
8289.18 -0.0654984
8289.55 -0.0656815
8289.92 -0.0667801
8290.28 -0.0679016
8290.65 -0.069046
8291.01 -0.0702057
8291.38 -0.0713501
8291.75 -0.0724869
8292.11 -0.0735779
8292.48 -0.0746307
8292.85 -0.0756302
8293.21 -0.0745392
8293.58 -0.0754242
8293.94 -0.07621
8294.31 -0.076889
8294.68 -0.0774384
8295.04 -0.077858
8295.41 -0.078125
8295.78 -0.0766144
8296.14 -0.0764694
8296.51 -0.076149
8296.87 -0.0756607
8297.24 -0.0750275
8297.61 -0.0742416
8297.97 -0.0733032
8298.34 -0.0722122
8298.71 -0.0709534
8299.07 -0.0695419
8299.44 -0.0679779
8299.8 -0.065506
8300.17 -0.0637894
8300.54 -0.0619736
8300.9 -0.0600739
8301.27 -0.0580902
8301.63 -0.0560608
8302 -0.0514832
8302.37 -0.0494537
8302.73 -0.0474472
8303.1 -0.0455017
8303.47 -0.043602
8303.83 -0.0417633
8304.2 -0.0399933
8304.56 -0.0382996
8304.93 -0.0367432
8305.3 -0.0353012
8305.66 -0.0340118
8306.03 -0.0328522
8306.4 -0.0309296
8306.76 -0.0299149
8307.13 -0.0289917
8307.49 -0.0281754
8307.86 -0.0274429
8308.23 -0.0249863
8308.59 -0.0243912
8308.96 -0.0238266
8309.33 -0.0233154
8309.69 -0.0228577
8310.06 -0.0224533
8310.42 -0.02211
8310.79 -0.0218353
8311.16 -0.0216217
8311.52 -0.0214767
8311.89 -0.0214081
8312.25 -0.0214462
8312.62 -0.0216064
8312.99 -0.0205688
8313.35 -0.0210648
8313.72 -0.0217743
8314.09 -0.0227509
8314.45 -0.024147
8314.82 -0.0261002
8315.18 -0.0284576
8315.55 -0.0312347
8315.92 -0.0344238
8316.28 -0.0380096
8316.65 -0.0419159
8317.02 -0.0460434
8317.38 -0.0502319
8317.75 -0.0543442
8318.11 -0.0582809
8318.48 -0.0620193
8318.85 -0.0655441
8319.21 -0.0670547
8319.58 -0.0702515
8319.95 -0.0733109
8320.31 -0.0772476
8320.68 -0.0799561
8321.04 -0.0825424
8321.41 -0.0850067
8321.78 -0.0873566
8322.14 -0.0895844
8322.51 -0.0917053
8322.88 -0.0937271
8323.24 -0.095665
8323.61 -0.0975418
8323.97 -0.0993576
8324.34 -0.101151
8324.71 -0.102943
8325.07 -0.104729
8325.44 -0.106529
8325.8 -0.106689
8326.17 -0.108459
8326.54 -0.110184
8326.9 -0.111786
8327.27 -0.113342
8327.64 -0.114861
8328 -0.116341
8328.37 -0.11779
8328.73 -0.119194
8329.1 -0.12056
8329.47 -0.121887
8329.83 -0.123192
8330.2 -0.124504
8330.57 -0.125824
8330.93 -0.127144
8331.3 -0.128487
8331.66 -0.129829
8332.03 -0.131149
8332.4 -0.130302
8332.76 -0.130707
8333.13 -0.131958
8333.5 -0.133186
8333.86 -0.134369
8334.23 -0.135521
8334.59 -0.136642
8334.96 -0.137726
8335.33 -0.138794
8335.69 -0.139832
8336.06 -0.140823
8336.42 -0.141792
8336.79 -0.142723
8337.16 -0.143616
8337.52 -0.14447
8337.89 -0.145294
8338.26 -0.146065
8338.62 -0.14679
8338.99 -0.143951
8339.35 -0.144547
8339.72 -0.145088
8340.09 -0.145561
8340.45 -0.14595
8340.82 -0.146225
8341.19 -0.146385
8341.55 -0.146416
8341.92 -0.146301
8342.28 -0.146049
8342.65 -0.145653
8343.02 -0.145096
8343.38 -0.144402
8343.75 -0.143547
8344.12 -0.142563
8344.48 -0.141464
8344.85 -0.140266
8345.21 -0.137268
8345.58 -0.135559
8345.95 -0.134354
8346.31 -0.133133
8346.68 -0.131927
8347.04 -0.13076
8347.41 -0.129639
8347.78 -0.128632
8348.14 -0.127708
8348.51 -0.126884
8348.88 -0.126106
8349.24 -0.125381
8349.61 -0.124672
8349.97 -0.123978
8350.34 -0.123283
8350.71 -0.122559
8351.07 -0.121819
8351.44 -0.120239
8351.81 -0.11956
8352.17 -0.118904
8352.54 -0.118225
8352.9 -0.117569
8353.27 -0.116959
8353.64 -0.116447
8354 -0.116066
8354.37 -0.115829
8354.74 -0.115776
8355.1 -0.115898
8355.47 -0.116203
8355.83 -0.116669
8356.2 -0.117317
8356.57 -0.118149
8356.93 -0.119148
8357.3 -0.121582
8357.67 -0.122971
8358.03 -0.124474
8358.4 -0.125786
8358.76 -0.127388
8359.13 -0.129112
8359.5 -0.130959
8359.86 -0.132942
8360.23 -0.135056
8360.59 -0.137276
8360.96 -0.139626
8361.33 -0.14209
8361.69 -0.14463
8362.06 -0.147232
8362.43 -0.149834
8362.79 -0.152397
8363.16 -0.154831
8363.52 -0.157356
8363.89 -0.159279
8364.26 -0.160995
8364.62 -0.162521
8364.99 -0.161842
8365.36 -0.162994
8365.72 -0.163994
8366.09 -0.164848
8366.45 -0.165588
8366.82 -0.166222
8367.19 -0.166748
8367.55 -0.16716
8367.92 -0.167458
8368.29 -0.167648
8368.65 -0.167725
8369.02 -0.167694
8369.38 -0.167534
8369.75 -0.165474
8370.12 -0.165138
8370.48 -0.164688
8370.85 -0.164139
8371.21 -0.163483
8371.58 -0.16198
8371.95 -0.161285
8372.31 -0.160477
8372.68 -0.159554
8373.05 -0.158516
8373.41 -0.157364
8373.78 -0.156151
8374.14 -0.1549
8374.51 -0.153656
8374.88 -0.152451
8375.24 -0.151321
8375.61 -0.150299
8375.98 -0.149033
8376.34 -0.148476
8376.71 -0.148117
8377.07 -0.147972
8377.44 -0.148033
8377.81 -0.14827
8378.17 -0.148224
8378.54 -0.148537
8378.91 -0.148926
8379.27 -0.149338
8379.64 -0.149788
8380 -0.150269
8380.37 -0.15078
8380.74 -0.151314
8381.1 -0.151909
8381.47 -0.152565
8381.83 -0.153313
8382.2 -0.153755
8382.57 -0.15477
8382.93 -0.155914
8383.3 -0.157204
8383.67 -0.158623
8384.03 -0.160179
8384.4 -0.160164
8384.76 -0.161942
8385.13 -0.163811
8385.5 -0.165749
8385.86 -0.167747
8386.23 -0.169769
8386.6 -0.171814
8386.96 -0.173843
8387.33 -0.175819
8387.69 -0.177719
8388.06 -0.180183
8388.43 -0.181923
8388.79 -0.183556
8389.16 -0.185043
8389.53 -0.186371
8389.89 -0.187531
8390.26 -0.18853
8390.62 -0.189407
8390.99 -0.19062
8391.36 -0.191513
8391.72 -0.19236
8392.09 -0.193192
8392.46 -0.194054
8392.82 -0.195015
8393.19 -0.196129
8393.55 -0.197433
8393.92 -0.198959
8394.29 -0.203033
8394.65 -0.20504
8395.02 -0.207184
8395.38 -0.209419
8395.75 -0.211716
8396.12 -0.214043
8396.48 -0.216354
8396.85 -0.218628
8397.22 -0.220818
8397.58 -0.223259
8397.95 -0.225281
8398.31 -0.227158
8398.68 -0.228882
8399.05 -0.230461
8399.41 -0.231888
8399.78 -0.233185
8400.15 -0.23436
8400.51 -0.236961
8400.88 -0.237839
8401.24 -0.238686
8401.61 -0.239494
8401.98 -0.240295
8402.34 -0.241066
8402.71 -0.241814
8403.08 -0.242508
8403.44 -0.243141
8403.81 -0.243706
8404.17 -0.244644
8404.54 -0.245117
8404.91 -0.245483
8405.27 -0.245743
8405.64 -0.245872
8406 -0.245872
8406.37 -0.245743
8406.74 -0.246063
8407.1 -0.245628
8407.47 -0.245094
8407.84 -0.244499
8408.2 -0.243835
8408.57 -0.243141
8408.93 -0.242424
8409.3 -0.241684
8409.67 -0.240936
8410.03 -0.240189
8410.4 -0.239433
8410.77 -0.239319
8411.13 -0.238586
8411.5 -0.237854
8411.86 -0.237106
8412.23 -0.236336
8412.6 -0.235558
8412.96 -0.235443
8413.33 -0.234848
8413.7 -0.234238
8414.06 -0.233582
8414.43 -0.232872
8414.79 -0.232086
8415.16 -0.231232
8415.53 -0.230354
8415.89 -0.229553
8416.26 -0.228951
8416.63 -0.228683
8416.99 -0.228851
8417.36 -0.23275
8417.72 -0.233963
8418.09 -0.235886
8418.46 -0.238541
8418.82 -0.241875
8419.19 -0.252052
8419.55 -0.255798
8419.92 -0.259186
8420.29 -0.262131
8420.65 -0.264687
8421.02 -0.266937
8421.39 -0.268944
8421.75 -0.270775
8422.12 -0.272446
8422.48 -0.273964
8422.85 -0.275368
8423.22 -0.276665
8423.58 -0.27887
8423.95 -0.280014
8424.32 -0.28112
8424.68 -0.282227
8425.05 -0.285461
8425.41 -0.286713
8425.78 -0.288055
8426.15 -0.289543
8426.51 -0.291191
8426.88 -0.293053
8427.25 -0.295158
8427.61 -0.297577
8427.98 -0.300385
8428.34 -0.30365
8428.71 -0.307381
8429.08 -0.311623
8429.44 -0.316338
8429.81 -0.321457
8430.17 -0.32756
8430.54 -0.332687
8430.91 -0.337379
8431.27 -0.345894
8431.64 -0.349098
8432.01 -0.351891
8432.37 -0.354294
8432.74 -0.356293
8433.1 -0.357887
8433.47 -0.3591
8433.84 -0.359947
8434.2 -0.36042
8434.57 -0.360519
8434.94 -0.360245
8435.3 -0.359566
8435.67 -0.358498
8436.03 -0.357033
8436.4 -0.355217
8436.77 -0.355469
8437.13 -0.353264
8437.5 -0.350815
8437.87 -0.347885
8438.23 -0.344543
8438.6 -0.340767
8438.96 -0.336494
8439.33 -0.331688
8439.7 -0.326294
8440.06 -0.320206
8440.43 -0.313316
8440.79 -0.305611
8441.16 -0.297478
8441.53 -0.289604
8441.89 -0.282333
8442.26 -0.275681
8442.63 -0.269547
8442.99 -0.263863
8443.36 -0.262703
8443.72 -0.256126
8444.09 -0.251091
8444.46 -0.246292
8444.82 -0.241646
8445.19 -0.237091
8445.56 -0.232544
8445.92 -0.227974
8446.29 -0.223328
8446.65 -0.218567
8447.02 -0.213623
8447.39 -0.208443
8447.75 -0.202957
8448.12 -0.197128
8448.49 -0.191032
8448.85 -0.184845
8449.22 -0.178818
8449.58 -0.173164
8449.95 -0.173141
8450.32 -0.168159
8450.68 -0.163681
8451.05 -0.159676
8451.42 -0.156097
8451.78 -0.152908
8452.15 -0.150078
8452.51 -0.147598
8452.88 -0.145477
8453.25 -0.143692
8453.61 -0.14222
8453.98 -0.141006
8454.34 -0.14003
8454.71 -0.139252
8455.08 -0.138672
8455.44 -0.138268
8455.81 -0.139313
8456.18 -0.140717
8456.54 -0.140961
8456.91 -0.141403
8457.27 -0.142044
8457.64 -0.142883
8458.01 -0.143921
8458.37 -0.145142
8458.74 -0.146553
8459.11 -0.148125
8459.47 -0.149857
8459.84 -0.151756
8460.2 -0.153809
8460.57 -0.156036
8460.94 -0.158455
8461.3 -0.161087
8461.67 -0.163994
8462.04 -0.172623
8462.4 -0.176888
8462.77 -0.183586
8463.13 -0.188736
8463.5 -0.193451
8463.87 -0.197334
8464.23 -0.200287
8464.6 -0.202347
8464.96 -0.203583
8465.33 -0.204025
8465.7 -0.203712
8466.06 -0.20269
8466.43 -0.200996
8466.8 -0.198685
8467.16 -0.195793
8467.53 -0.192322
8467.89 -0.188232
8468.26 -0.184891
8468.63 -0.179466
8468.99 -0.17392
8469.36 -0.175018
8469.73 -0.169701
8470.09 -0.164871
8470.46 -0.160522
8470.82 -0.156555
8471.19 -0.152962
8471.56 -0.149673
8471.92 -0.14669
8472.29 -0.143967
8472.66 -0.141464
8473.02 -0.139145
8473.39 -0.136978
8473.75 -0.134941
8474.12 -0.133041
8474.49 -0.133293
8474.85 -0.131714
8475.22 -0.130119
8475.58 -0.128403
8475.95 -0.130211
8476.32 -0.12809
8476.68 -0.125793
8477.05 -0.12336
8477.42 -0.120819
8477.78 -0.118195
8478.15 -0.115517
8478.51 -0.112785
8478.88 -0.1101
8479.25 -0.107513
8479.61 -0.105064
8479.98 -0.10276
8480.35 -0.100624
8480.71 -0.09832
8481.08 -0.0963974
8481.44 -0.0946121
8481.81 -0.0929718
8482.18 -0.0914612
8482.54 -0.0909042
8482.91 -0.0895004
8483.28 -0.0882187
8483.64 -0.087059
8484.01 -0.0860062
8484.37 -0.0850372
8484.74 -0.0841522
8485.11 -0.0833435
8485.47 -0.0826111
8485.84 -0.0819626
8486.21 -0.081398
8486.57 -0.0807648
8486.94 -0.0805206
8487.3 -0.0804214
8487.67 -0.0804596
8488.04 -0.0806427
8488.4 -0.0810013
8488.77 -0.0815277
8489.13 -0.082283
8489.5 -0.0830688
8489.87 -0.0840149
8490.23 -0.0850754
8490.6 -0.086235
8490.97 -0.0874634
8491.33 -0.088707
8491.7 -0.0899506
8492.06 -0.0911636
8492.43 -0.0923157
8492.8 -0.0941315
8493.16 -0.0950546
8493.53 -0.0959473
8493.9 -0.0968475
8494.26 -0.0977783
8494.63 -0.0987854
8494.99 -0.0998764
8495.36 -0.100693
8495.73 -0.102013
8496.09 -0.1035
8496.46 -0.105179
8496.83 -0.107056
8497.19 -0.109131
8497.56 -0.111404
8497.92 -0.113838
8498.29 -0.116386
8498.66 -0.119003
8499.02 -0.12426
8499.39 -0.126732
8499.75 -0.12899
8500.12 -0.130997
8500.49 -0.132721
8500.85 -0.134163
8501.22 -0.135315
8501.59 -0.136192
8501.95 -0.13765
8502.32 -0.138161
8502.68 -0.138428
8503.05 -0.138458
8503.42 -0.138268
8503.78 -0.137909
8504.15 -0.137459
8504.52 -0.136986
8504.88 -0.136528
8505.25 -0.13707
8505.61 -0.13681
8505.98 -0.136711
8506.35 -0.13681
8506.71 -0.137154
8507.08 -0.137756
8507.45 -0.13858
8507.81 -0.139603
8508.18 -0.140732
8508.54 -0.142311
8508.91 -0.143387
8509.28 -0.144371
8509.64 -0.145226
8510.01 -0.145935
8510.38 -0.146484
8510.74 -0.146912
8511.11 -0.147202
8511.47 -0.147995
8511.84 -0.147934
8512.21 -0.147705
8512.57 -0.147301
8512.94 -0.146706
8513.3 -0.14595
8513.67 -0.145027
8514.04 -0.143951
8514.4 -0.142731
8514.77 -0.141388
8515.14 -0.141434
8515.5 -0.139893
8515.87 -0.138245
8516.23 -0.136497
8516.6 -0.134636
8516.97 -0.132637
8517.33 -0.130508
8517.7 -0.128052
8518.07 -0.125618
8518.43 -0.123047
8518.8 -0.120331
8519.16 -0.11747
8519.53 -0.114426
8519.9 -0.111153
8520.26 -0.107597
8520.63 -0.103699
8521 -0.0993729
8521.36 -0.0945206
8521.73 -0.0950317
8522.09 -0.0895996
8522.46 -0.0832825
8522.83 -0.0761032
8523.19 -0.0692139
8523.56 -0.0654602
8523.92 -0.0617905
8524.29 -0.0594711
8524.66 -0.0584259
8525.02 -0.0586166
8525.39 -0.0600662
8525.76 -0.0628891
8526.12 -0.0672607
8526.49 -0.0731125
8526.85 -0.0790939
8527.22 -0.0841827
8527.59 -0.0884476
8527.95 -0.0926514
8528.32 -0.0956879
8528.69 -0.098381
8529.05 -0.100784
8529.42 -0.102936
8529.78 -0.106514
8530.15 -0.107986
8530.52 -0.109337
8530.88 -0.110573
8531.25 -0.11171
8531.62 -0.112755
8531.98 -0.113716
8532.35 -0.114601
8532.71 -0.11544
8533.08 -0.116264
8533.45 -0.117088
8533.81 -0.117928
8534.18 -0.118782
8534.54 -0.119064
8534.91 -0.11998
8535.28 -0.120934
8535.64 -0.121941
8536.01 -0.123474
8536.38 -0.124611
8536.74 -0.125755
8537.11 -0.126892
8537.47 -0.127983
8537.84 -0.129036
8538.21 -0.130035
8538.57 -0.130974
8538.94 -0.131836
8539.31 -0.132591
8539.67 -0.133224
8540.04 -0.13369
8540.4 -0.133965
8540.77 -0.134064
8541.14 -0.134407
8541.5 -0.134285
8541.87 -0.134003
8542.24 -0.133629
8542.6 -0.132881
8542.97 -0.131935
8543.33 -0.130783
8543.7 -0.12944
8544.07 -0.127914
8544.43 -0.126205
8544.8 -0.124321
8545.17 -0.122269
8545.53 -0.120071
8545.9 -0.117744
8546.26 -0.115303
8546.63 -0.112778
8547 -0.110191
8547.36 -0.107552
8547.73 -0.107147
8548.09 -0.104515
8548.46 -0.101555
8548.83 -0.098999
8549.19 -0.0964813
8549.56 -0.0939941
8549.93 -0.0914764
8550.29 -0.0889282
8550.66 -0.086319
8551.02 -0.0836258
8551.39 -0.0808716
8551.76 -0.0780792
8552.12 -0.0752945
8552.49 -0.0725403
8552.86 -0.0698929
8553.22 -0.0673904
8553.59 -0.0650864
8553.95 -0.0629883
8554.32 -0.0615005
8554.69 -0.0596161
8555.05 -0.0579529
8555.42 -0.0565033
8555.79 -0.0552444
8556.15 -0.0541306
8556.52 -0.0531387
8556.88 -0.0522156
8557.25 -0.0513306
8557.62 -0.0504532
8557.98 -0.0495453
8558.35 -0.0485611
8558.71 -0.0474854
8559.08 -0.0462799
8559.45 -0.0449448
8559.81 -0.0434647
8560.18 -0.0418777
8560.55 -0.0404587
8560.91 -0.0408936
8561.28 -0.039505
8561.64 -0.0380554
8562.01 -0.0365448
8562.38 -0.0349579
8562.74 -0.0332489
8563.11 -0.0313416
8563.48 -0.0291061
8563.84 -0.0263824
8564.21 -0.0229492
8564.57 -0.0186615
8564.94 -0.0138016
8565.31 -0.00952148
8565.67 -0.00627899
8566.04 -0.00389862
8566.41 -0.00215149
8566.77 -0.00244141
8567.14 -0.00378418
8567.5 -0.00230408
8567.87 -0.001091
8568.24 -0.000106812
8568.6 0.000671387
8568.97 0.00126648
8569.33 0.00170898
8569.7 0.00200653
8570.07 0.0022049
8570.43 0.00232697
8570.8 0.00237274
8571.17 0.00237274
8571.53 0.00235748
8571.9 0.00234985
8572.26 0.00241089
8572.63 0.00253296
8573 0.00344086
8573.36 0.00379944
8573.73 0.00469971
8574.1 0.00519562
8574.46 0.0057373
8574.83 0.00634766
8575.19 0.00701904
8575.56 0.00772858
8575.93 0.00846863
8576.29 0.0092392
8576.66 0.010025
8577.03 0.0108337
8577.39 0.011673
8577.76 0.0125656
8578.12 0.0135345
8578.49 0.0145874
8578.86 0.0157166
8579.22 0.0184021
8579.59 0.0197144
8579.96 0.0211105
8580.32 0.0226212
8580.69 0.0241089
8581.05 0.0256729
8581.42 0.027298
8581.79 0.0289993
8582.15 0.0307236
8582.52 0.0324783
8582.88 0.0342484
8583.25 0.0360107
8583.62 0.0377731
8583.98 0.0395279
8584.35 0.0412598
8584.72 0.0429764
8585.08 0.0446548
8585.45 0.0475693
8585.81 0.0491714
8586.18 0.0507813
8586.55 0.0523834
8586.91 0.0535126
8587.28 0.05513
8587.65 0.0567932
8588.01 0.0584946
8588.38 0.060257
8588.74 0.0620575
8589.11 0.0639038
8589.48 0.0657883
8589.84 0.0677185
8590.21 0.0696945
8590.58 0.0717239
8590.94 0.0738144
8591.31 0.0771942
8591.67 0.0794067
8592.04 0.0816879
8592.41 0.0840149
8592.77 0.0864182
8593.14 0.0889206
8593.5 0.090004
8593.87 0.092598
8594.24 0.095314
8594.6 0.0981674
8594.97 0.101135
8595.34 0.104225
8595.7 0.10743
8596.07 0.110733
8596.43 0.11409
8596.8 0.117439
8597.17 0.12075
8597.53 0.124641
8597.9 0.1278
8598.27 0.130905
8598.63 0.133965
8599 0.136955
8599.36 0.139847
8599.73 0.140297
8600.1 0.143036
8600.46 0.145676
8600.83 0.148232
8601.2 0.150688
8601.56 0.153015
8601.93 0.15519
8602.29 0.157143
8602.66 0.158882
8603.03 0.160408
8603.39 0.161751
8603.76 0.163239
8604.13 0.164352
8604.49 0.165367
8604.86 0.166321
8605.22 0.167191
8605.59 0.168007
8605.96 0.168785
8606.32 0.169502
8606.69 0.170334
8607.05 0.171135
8607.42 0.171921
8607.79 0.172668
8608.15 0.173378
8608.52 0.174049
8608.89 0.174667
8609.25 0.175262
8609.62 0.175827
8609.98 0.177811
8610.35 0.178391
8610.72 0.178932
8611.08 0.179443
8611.45 0.179893
8611.82 0.180305
8612.18 0.180679
8612.55 0.18103
8612.91 0.182495
8613.28 0.182777
8613.65 0.183029
8614.01 0.183235
8614.38 0.183426
8614.75 0.183617
8615.11 0.183823
8615.48 0.184074
8615.84 0.184372
8616.21 0.186188
8616.58 0.186646
8616.94 0.187149
8617.31 0.187721
8617.67 0.18837
8618.04 0.189095
8618.41 0.189896
8618.77 0.190773
8619.14 0.191719
8619.51 0.193817
8619.87 0.194923
8620.24 0.196068
8620.6 0.197258
8620.97 0.198502
8621.34 0.199783
8621.7 0.201111
8622.07 0.205025
8622.44 0.206459
8622.8 0.207939
8623.17 0.209503
8623.53 0.211143
8623.9 0.212868
8624.27 0.214684
8624.63 0.216576
8625 0.218536
8625.37 0.220551
8625.73 0.222618
8626.1 0.224976
8626.46 0.227066
8626.83 0.229195
8627.2 0.231361
8627.56 0.233551
8627.93 0.235764
8628.29 0.240089
8628.66 0.242256
8629.03 0.244392
8629.39 0.246483
8629.76 0.248512
8630.13 0.25045
8630.49 0.252319
8630.86 0.254089
8631.22 0.255775
8631.59 0.257347
8631.96 0.258812
8632.32 0.260155
8632.69 0.26181
8633.06 0.262955
8633.42 0.263969
8633.79 0.26487
8634.15 0.265625
8634.52 0.267418
8634.89 0.267853
8635.25 0.268158
8635.62 0.268364
8635.99 0.268463
8636.35 0.268501
8636.72 0.268478
8637.08 0.268425
8637.45 0.268341
8637.82 0.26825
8638.18 0.268166
8638.55 0.268105
8638.92 0.269104
8639.28 0.269127
8639.65 0.269226
8640.01 0.269379
8640.38 0.2696
8640.75 0.270981
8641.11 0.271332
8641.48 0.271767
8641.84 0.272301
8642.21 0.272949
8642.58 0.273712
8642.94 0.27462
8643.31 0.27565
8643.68 0.276825
8644.04 0.278145
8644.41 0.27964
8644.77 0.281288
8645.14 0.283119
8645.51 0.283669
8645.87 0.285606
8646.24 0.287659
8646.61 0.289772
8646.97 0.292168
8647.34 0.294235
8647.7 0.296295
8648.07 0.298325
8648.44 0.300339
8648.8 0.302315
8649.17 0.304222
8649.54 0.306038
8649.9 0.307716
8650.27 0.309265
8650.63 0.310654
8651 0.31192
8651.37 0.313072
8651.73 0.314102
8652.1 0.315338
8652.46 0.31636
8652.83 0.317284
8653.2 0.319588
8653.56 0.320381
8653.93 0.321114
8654.3 0.321815
8654.66 0.322495
8655.03 0.323189
8655.39 0.323921
8655.76 0.324699
8656.13 0.325562
8656.49 0.326508
8656.86 0.327568
8657.23 0.328751
8657.59 0.33007
8657.96 0.331528
8658.32 0.333107
8658.69 0.335205
8659.06 0.339073
8659.42 0.340904
8659.79 0.342812
8660.16 0.344795
8660.52 0.34684
8660.89 0.348923
8661.25 0.351036
8661.62 0.353157
8661.99 0.355278
8662.35 0.357368
8662.72 0.359413
8663.08 0.361382
8663.45 0.363266
8663.82 0.365067
8664.18 0.36676
8664.55 0.368355
8664.92 0.369827
8665.28 0.373238
8665.65 0.374428
8666.01 0.37542
8666.38 0.376228
8666.75 0.376839
8667.11 0.377289
8667.48 0.377579
8667.85 0.377724
8668.21 0.377762
8668.58 0.377678
8668.94 0.377502
8669.31 0.377251
8669.68 0.376945
8670.04 0.376587
8670.41 0.376183
8670.78 0.375771
8671.14 0.375328
8671.51 0.376442
8671.87 0.375961
8672.24 0.375504
8672.61 0.375069
8672.97 0.374641
8673.34 0.374229
8673.71 0.373825
8674.07 0.373428
8674.44 0.373024
8674.8 0.372597
8675.17 0.372154
8675.54 0.371681
8675.9 0.371185
8676.27 0.370651
8676.63 0.370064
8677 0.369453
8677.37 0.368828
8677.73 0.368996
8678.1 0.36982
8678.47 0.369202
8678.83 0.368568
8679.2 0.367912
8679.56 0.367218
8679.93 0.366524
8680.3 0.365829
8680.66 0.365158
8681.03 0.364532
8681.4 0.36396
8681.76 0.36348
8682.13 0.363083
8682.49 0.362823
8682.86 0.362732
8683.23 0.362854
8683.59 0.363197
8683.96 0.364395
8684.33 0.365143
8684.69 0.365654
8685.06 0.366478
8685.42 0.367424
8685.79 0.368446
8686.16 0.369492
8686.52 0.370499
8686.89 0.371376
8687.25 0.372025
8687.62 0.372398
8687.99 0.372459
8688.35 0.372231
8688.72 0.371704
8689.09 0.370918
8689.45 0.369911
8689.82 0.368225
8690.18 0.367073
8690.55 0.365898
8690.92 0.364738
8691.28 0.364738
8691.65 0.363762
8692.02 0.362831
8692.38 0.361923
8692.75 0.361061
8693.11 0.360229
8693.48 0.359413
8693.85 0.35862
8694.21 0.357834
8694.58 0.357063
8694.95 0.356316
8695.31 0.355583
8695.68 0.354858
8696.04 0.354935
8696.41 0.354233
8696.78 0.353554
8697.14 0.35289
8697.51 0.352257
8697.88 0.353088
8698.24 0.352516
8698.61 0.351982
8698.97 0.351501
8699.34 0.351059
8699.71 0.350647
8700.07 0.350243
8700.44 0.349838
8700.8 0.349442
8701.17 0.349014
8701.54 0.348557
8701.9 0.348053
8702.27 0.348534
8702.64 0.347885
8703 0.347115
8703.37 0.346222
8703.73 0.345192
8704.1 0.344017
8704.47 0.344681
8704.83 0.343239
8705.2 0.34166
8705.57 0.339951
8705.93 0.338097
8706.3 0.336113
8706.66 0.334023
8707.03 0.33181
8707.4 0.329491
8707.76 0.327095
8708.13 0.324608
8708.5 0.321114
8708.86 0.318489
8709.23 0.31588
8709.59 0.313293
8709.96 0.31073
8710.33 0.308205
8710.69 0.307091
8711.06 0.304649
8711.42 0.302315
8711.79 0.300095
8712.16 0.297997
8712.52 0.296013
8712.89 0.294121
8713.26 0.292313
8713.62 0.290596
8713.99 0.288979
8714.35 0.287476
8714.72 0.284996
8715.09 0.283691
8715.45 0.282524
8715.82 0.281509
8716.19 0.280708
8716.55 0.280182
8716.92 0.280006
8717.28 0.279083
8717.65 0.279427
8718.02 0.28019
8718.38 0.281418
8718.75 0.283157
8719.12 0.285416
8719.48 0.288193
8719.85 0.291328
8720.21 0.294518
8720.58 0.297424
8720.95 0.299942
8721.31 0.301964
8721.68 0.303551
8722.04 0.304749
8722.41 0.305611
8722.78 0.30619
8723.14 0.306519
8723.51 0.306641
8723.88 0.306885
8724.24 0.306839
8724.61 0.306648
8724.97 0.306351
8725.34 0.305969
8725.71 0.305511
8726.07 0.304977
8726.44 0.304359
8726.81 0.303795
8727.17 0.30291
8727.54 0.301888
8727.9 0.300743
8728.27 0.299469
8728.64 0.298073
8729 0.296577
8729.37 0.294983
8729.74 0.293312
8730.1 0.291611
8730.47 0.291389
8730.83 0.289726
8731.2 0.288109
8731.57 0.28653
8731.93 0.285011
8732.3 0.283554
8732.67 0.282166
8733.03 0.281166
8733.4 0.279984
8733.76 0.278885
8734.13 0.277855
8734.5 0.276932
8734.86 0.276108
8735.23 0.275421
8735.59 0.274849
8735.96 0.274391
8736.33 0.274025
8736.69 0.27372
8737.06 0.274529
8737.43 0.274239
8737.79 0.273949
8738.16 0.273659
8738.52 0.273315
8738.89 0.272934
8739.26 0.272804
8739.62 0.272232
8739.99 0.27166
8740.36 0.271111
8740.72 0.270607
8741.09 0.270142
8741.45 0.269714
8741.82 0.269333
8742.19 0.268982
8742.55 0.268677
8742.92 0.268417
8743.29 0.268486
8743.65 0.268219
8744.02 0.26796
8744.38 0.267685
8744.75 0.267365
8745.12 0.266991
8745.48 0.266388
8745.85 0.265831
8746.21 0.26516
8746.58 0.264374
8746.95 0.263466
8747.31 0.262405
8747.68 0.261192
8748.05 0.259819
8748.41 0.258293
8748.78 0.256615
8749.14 0.254776
8749.51 0.252762
8749.88 0.251434
8750.24 0.249084
8750.61 0.246559
8750.98 0.243889
8751.34 0.241104
8751.71 0.236244
8752.07 0.233292
8752.44 0.230331
8752.81 0.227402
8753.17 0.224556
8753.54 0.22187
8753.91 0.219383
8754.27 0.217125
8754.64 0.215088
8755 0.213249
8755.37 0.211601
8755.74 0.210129
8756.1 0.208824
8756.47 0.208359
8756.83 0.207321
8757.2 0.206429
8757.57 0.205383
8757.93 0.204636
8758.3 0.203934
8758.67 0.203278
8759.03 0.202675
8759.4 0.202164
8759.76 0.201752
8760.13 0.201454
8760.5 0.201271
8760.86 0.20121
8761.23 0.201294
8761.6 0.201523
8761.96 0.201881
8762.33 0.202362
8762.69 0.202904
8763.06 0.203041
8763.43 0.203697
8763.79 0.204651
8764.16 0.20536
8764.53 0.206039
8764.89 0.20665
8765.26 0.207169
8765.62 0.207596
8765.99 0.207932
8766.36 0.208206
8766.72 0.208427
8767.09 0.208603
8767.46 0.208717
8767.82 0.208771
8768.19 0.208755
8768.55 0.208672
8768.92 0.208519
8769.29 0.208298
8769.65 0.209
8770.02 0.209343
8770.38 0.208939
8770.75 0.208458
8771.12 0.207916
8771.48 0.207336
8771.85 0.206726
8772.22 0.206085
8772.58 0.205414
8772.95 0.204712
8773.31 0.203972
8773.68 0.203194
8774.05 0.20237
8774.41 0.201469
8774.78 0.200508
8775.15 0.199448
8775.51 0.198273
8775.88 0.19696
8776.24 0.196068
8776.61 0.194382
8776.98 0.192528
8777.34 0.190506
8777.71 0.188339
8778.08 0.186012
8778.44 0.183556
8778.81 0.181015
8779.17 0.178421
8779.54 0.175812
8779.91 0.173195
8780.27 0.170601
8780.64 0.168053
8781 0.165543
8781.37 0.163078
8781.74 0.160645
8782.1 0.158234
8782.47 0.157097
8782.84 0.154678
8783.2 0.152245
8783.57 0.149788
8783.93 0.147316
8784.3 0.144814
8784.67 0.142265
8785.03 0.139656
8785.4 0.136963
8785.77 0.134186
8786.13 0.131355
8786.5 0.128464
8786.86 0.125534
8787.23 0.122559
8787.6 0.119568
8787.96 0.11657
8788.33 0.113564
8788.7 0.109299
8789.06 0.108002
8789.43 0.104927
8789.79 0.101845
8790.16 0.0987549
8790.53 0.0956726
8790.89 0.0926285
8791.26 0.0896454
8791.63 0.086731
8791.99 0.0839233
8792.36 0.0812378
8792.72 0.0786667
8793.09 0.0762329
8793.46 0.0739136
8793.82 0.0717163
8794.19 0.0696411
8794.55 0.06707
8794.92 0.0653
8795.29 0.0636597
8795.65 0.0632019
8796.02 0.0617294
8796.39 0.0603943
8796.75 0.0591888
8797.12 0.058136
8797.48 0.0572281
8797.85 0.0564728
8798.22 0.0558624
8798.58 0.0553894
8798.95 0.0550613
8799.32 0.0548477
8799.68 0.0547256
8800.05 0.0547104
8800.41 0.0547867
8800.78 0.0549469
8801.15 0.0552444
8801.51 0.0555725
8801.88 0.0558929
8802.25 0.0561829
8802.61 0.0565186
8802.98 0.0567856
8803.34 0.0569687
8803.71 0.0570526
8804.08 0.0570297
8804.44 0.0569077
8804.81 0.0567093
8805.17 0.0564423
8805.54 0.0561447
8805.91 0.0558243
8806.27 0.0554962
8806.64 0.0551453
8807.01 0.0554733
8807.37 0.0551147
8807.74 0.0547256
8808.1 0.0543365
8808.47 0.0539398
8808.84 0.0546265
8809.2 0.0541992
8809.57 0.0537872
8809.94 0.0533829
8810.3 0.0530014
8810.67 0.0526581
8811.03 0.0523148
8811.4 0.052002
8811.77 0.0517044
8812.13 0.0514374
8812.5 0.0512085
8812.87 0.050972
8813.23 0.0513153
8813.6 0.0510025
8813.96 0.0506134
8814.33 0.0501251
8814.7 0.0495453
8815.06 0.0498962
8815.43 0.0491409
8815.79 0.0482635
8816.16 0.0472641
8816.53 0.0461121
8816.89 0.0448227
8817.26 0.0434189
8817.63 0.0419006
8817.99 0.0402679
8818.36 0.0385513
8818.72 0.0367279
8819.09 0.0348053
8819.46 0.0313797
8819.82 0.029213
8820.19 0.0270386
8820.56 0.0248795
8820.92 0.0227203
8821.29 0.0205765
8821.65 0.0187836
8822.02 0.0165787
8822.39 0.0143738
8822.75 0.0121613
8823.12 0.0098877
8823.49 0.00751495
8823.85 0.00496674
8824.22 0.0022049
8824.58 -0.000862122
8824.95 -0.00429535
8825.32 -0.0125275
8825.68 -0.0176315
8826.05 -0.0233383
8826.42 -0.0292053
8826.78 -0.0347137
8827.15 -0.039711
8827.51 -0.0442505
8827.88 -0.0484238
8828.25 -0.051712
8828.61 -0.0552216
8828.98 -0.0584564
8829.34 -0.0613785
8829.71 -0.0640335
8830.08 -0.0664291
8830.44 -0.0685577
8830.81 -0.0703888
8831.18 -0.071907
8831.54 -0.0739288
8831.91 -0.0746002
8832.27 -0.0750351
8832.64 -0.0752792
8833.01 -0.0754242
8833.37 -0.0755005
8833.74 -0.0755692
8834.11 -0.0756683
8834.47 -0.0758286
8834.84 -0.0757446
8835.2 -0.0759659
8835.57 -0.0763168
8835.94 -0.0767822
8836.3 -0.0773697
8836.67 -0.0780716
8837.04 -0.0788727
8837.4 -0.0797806
8837.77 -0.0812683
8838.13 -0.0825195
8838.5 -0.0839005
8838.87 -0.0854034
8839.23 -0.0870285
8839.6 -0.0887756
8839.96 -0.0906601
8840.33 -0.0926514
8840.7 -0.0947723
8841.06 -0.0970154
8841.43 -0.0992966
8841.8 -0.10183
8842.16 -0.104424
8842.53 -0.107033
8842.89 -0.109612
8843.26 -0.112106
8843.63 -0.11441
8843.99 -0.119034
8844.36 -0.120438
8844.73 -0.12146
8845.09 -0.122169
8845.46 -0.122581
8845.82 -0.122696
8846.19 -0.122543
8846.56 -0.122154
8846.92 -0.121567
8847.29 -0.120842
8847.66 -0.120003
8848.02 -0.120773
8848.39 -0.11982
8848.75 -0.118797
8849.12 -0.117714
8849.49 -0.116608
8849.85 -0.115555
8850.22 -0.115555
8850.58 -0.114845
8850.95 -0.114281
8851.32 -0.113884
8851.68 -0.113663
8852.05 -0.113663
8852.42 -0.113922
8852.78 -0.114449
8853.15 -0.115242
8853.51 -0.116249
8853.88 -0.11747
8854.25 -0.119301
8854.61 -0.120811
8854.98 -0.122566
8855.35 -0.124603
8855.71 -0.126945
8856.08 -0.129623
8856.44 -0.135757
8856.81 -0.139496
8857.18 -0.143669
8857.54 -0.148293
8857.91 -0.153397
8858.28 -0.158981
8858.64 -0.165016
8859.01 -0.171455
8859.37 -0.178207
8859.74 -0.185158
8860.11 -0.192123
8860.47 -0.198952
8860.84 -0.20491
8861.21 -0.211044
8861.57 -0.216736
8861.94 -0.221947
8862.3 -0.230545
8862.67 -0.234482
8863.04 -0.238029
8863.4 -0.241234
8863.77 -0.244095
8864.13 -0.246635
8864.5 -0.248863
8864.87 -0.250793
8865.23 -0.252457
8865.6 -0.253868
8865.97 -0.255066
8866.33 -0.256065
8866.7 -0.256897
8867.06 -0.257545
8867.43 -0.257866
8867.8 -0.258247
8868.16 -0.258537
8868.53 -0.258652
8868.9 -0.258751
8869.26 -0.25882
8869.63 -0.258873
8869.99 -0.258926
8870.36 -0.258995
8870.73 -0.259094
8871.09 -0.259232
8871.46 -0.259415
8871.83 -0.259636
8872.19 -0.259888
8872.56 -0.260139
8872.92 -0.260414
8873.29 -0.260689
8873.66 -0.260971
8874.02 -0.26075
8874.39 -0.261024
8874.75 -0.261063
8875.12 -0.261253
8875.49 -0.261414
8875.85 -0.261513
8876.22 -0.261574
8876.59 -0.261559
8876.95 -0.261452
8877.32 -0.261246
8877.68 -0.260918
8878.05 -0.260475
8878.42 -0.259895
8878.78 -0.259178
8879.15 -0.258308
8879.52 -0.257271
8879.88 -0.256073
8880.25 -0.2547
8880.61 -0.254227
8880.98 -0.252403
8881.35 -0.250885
8881.71 -0.249245
8882.08 -0.247437
8882.45 -0.245461
8882.81 -0.243301
8883.18 -0.24099
8883.54 -0.238564
8883.91 -0.236076
8884.28 -0.233566
8884.64 -0.231064
8885.01 -0.228584
8885.38 -0.226173
8885.74 -0.223869
8886.11 -0.221687
8886.47 -0.219673
8886.84 -0.220917
8887.21 -0.220863
8887.57 -0.219704
8887.94 -0.218979
8888.3 -0.218773
8888.67 -0.219116
8889.04 -0.219963
8889.4 -0.221245
8889.77 -0.222878
8890.14 -0.224831
8890.5 -0.227089
8890.87 -0.229622
8891.23 -0.232376
8891.6 -0.23526
8891.97 -0.23822
8892.33 -0.241203
8892.7 -0.244232
8893.07 -0.251457
8893.43 -0.25576
8893.8 -0.259254
8894.16 -0.262863
8894.53 -0.266571
8894.9 -0.270393
8895.26 -0.274315
8895.63 -0.278358
8896 -0.282486
8896.36 -0.286606
8896.73 -0.290596
8897.09 -0.29435
8897.46 -0.297913
8897.83 -0.301392
8898.19 -0.304924
8898.56 -0.308586
8898.92 -0.312355
8899.29 -0.322021
8899.66 -0.325142
8900.02 -0.329941
8900.39 -0.332092
8900.76 -0.3339
8901.12 -0.335419
8901.49 -0.33667
8901.85 -0.3377
8902.22 -0.338516
8902.59 -0.339134
8902.95 -0.339584
8903.32 -0.339897
8903.69 -0.340134
8904.05 -0.340324
8904.42 -0.340523
8904.78 -0.340721
8905.15 -0.34095
8905.52 -0.34095
8905.88 -0.341194
8906.25 -0.341515
8906.62 -0.341194
8906.98 -0.341583
8907.35 -0.342033
8907.71 -0.342522
8908.08 -0.343025
8908.45 -0.343521
8908.81 -0.344009
8909.18 -0.344475
8909.54 -0.344933
8909.91 -0.345383
8910.28 -0.345833
8910.64 -0.346283
8911.01 -0.346725
8911.38 -0.347183
8911.74 -0.347221
8912.11 -0.347794
8912.47 -0.348389
8912.84 -0.349007
8913.21 -0.348991
8913.57 -0.349739
8913.94 -0.350494
8914.31 -0.351257
8914.67 -0.351997
8915.04 -0.352699
8915.4 -0.353348
8915.77 -0.353928
8916.14 -0.354431
8916.5 -0.354889
8916.87 -0.355324
8917.24 -0.355743
8917.6 -0.356194
8917.97 -0.358452
8918.33 -0.359238
8918.7 -0.360214
8919.07 -0.361458
8919.43 -0.363022
8919.8 -0.365883
8920.17 -0.368011
8920.53 -0.370415
8920.9 -0.373039
8921.26 -0.375832
8921.63 -0.378723
8922 -0.381622
8922.36 -0.384514
8922.73 -0.387383
8923.09 -0.390228
8923.46 -0.393097
8923.83 -0.395988
8924.19 -0.401093
8924.56 -0.403801
8924.93 -0.406479
8925.29 -0.409096
8925.66 -0.411659
8926.02 -0.412994
8926.39 -0.41539
8926.76 -0.417732
8927.12 -0.419983
8927.49 -0.422112
8927.86 -0.42411
8928.22 -0.425987
8928.59 -0.427742
8928.95 -0.429359
8929.32 -0.430832
8929.69 -0.432137
8930.05 -0.433258
8930.42 -0.43412
8930.79 -0.434822
8931.15 -0.435371
8931.52 -0.435768
8931.88 -0.436043
8932.25 -0.436203
8932.62 -0.435654
8932.98 -0.435677
8933.35 -0.435593
8933.71 -0.435394
8934.08 -0.435097
8934.45 -0.434685
8934.81 -0.434151
8935.18 -0.433495
8935.55 -0.432671
8935.91 -0.431679
8936.28 -0.42984
8936.64 -0.428406
8937.01 -0.426735
8937.38 -0.424767
8937.74 -0.422462
8938.11 -0.419777
8938.48 -0.416618
8938.84 -0.412949
8939.21 -0.412636
8939.57 -0.408463
8939.94 -0.403816
8940.31 -0.399078
8940.67 -0.394737
8941.04 -0.391037
8941.41 -0.38797
8941.77 -0.385468
8942.14 -0.383408
8942.5 -0.381958
8942.87 -0.380592
8943.24 -0.379478
8943.6 -0.378548
8943.97 -0.377739
8944.33 -0.376976
8944.7 -0.376236
8945.07 -0.375465
8945.43 -0.374657
8945.8 -0.374382
8946.17 -0.373398
8946.53 -0.372353
8946.9 -0.371262
8947.26 -0.370094
8947.63 -0.368896
8948 -0.367661
8948.36 -0.366394
8948.73 -0.363853
8949.1 -0.362488
8949.46 -0.36116
8949.83 -0.359879
8950.19 -0.35865
8950.56 -0.357506
8950.93 -0.356422
8951.29 -0.355415
8951.66 -0.354477
8952.03 -0.3536
8952.39 -0.352112
8952.76 -0.351326
8953.12 -0.350601
8953.49 -0.349922
8953.86 -0.349281
8954.22 -0.348671
8954.59 -0.348076
8954.96 -0.346405
8955.32 -0.345909
8955.69 -0.345421
8956.05 -0.34494
8956.42 -0.34446
8956.79 -0.343987
8957.15 -0.343506
8957.52 -0.343048
8957.88 -0.342606
8958.25 -0.342186
8958.62 -0.342079
8958.98 -0.341843
8959.35 -0.341675
8959.72 -0.341599
8960.08 -0.341599
8960.45 -0.341736
8960.81 -0.342964
8961.18 -0.343727
8961.55 -0.34481
8961.91 -0.346207
8962.28 -0.347969
8962.65 -0.350082
8963.01 -0.352592
8963.38 -0.355522
8963.74 -0.358879
8964.11 -0.362602
8964.48 -0.366562
8964.84 -0.370575
8965.21 -0.374329
8965.58 -0.377998
8965.94 -0.381416
8966.31 -0.384567
8966.67 -0.387436
8967.04 -0.392021
8967.41 -0.394043
8967.77 -0.395813
8968.14 -0.397346
8968.5 -0.398666
8968.87 -0.399788
8969.24 -0.400711
8969.6 -0.401436
8969.97 -0.401955
8970.34 -0.40226
8970.7 -0.402359
8971.07 -0.402275
8971.43 -0.402061
8971.8 -0.401588
8972.17 -0.401176
8972.53 -0.400688
8972.9 -0.400154
8973.27 -0.398689
8973.63 -0.39801
8974 -0.397331
8974.36 -0.396652
8974.73 -0.396004
8975.1 -0.395378
8975.46 -0.394768
8975.83 -0.394173
8976.2 -0.393585
8976.56 -0.393013
8976.93 -0.392441
8977.29 -0.391884
8977.66 -0.391319
8978.03 -0.390747
8978.39 -0.389343
8978.76 -0.388718
8979.13 -0.388062
8979.49 -0.385841
8979.86 -0.385063
8980.22 -0.384216
8980.59 -0.383316
8980.96 -0.382347
8981.32 -0.38131
8981.69 -0.380188
8982.05 -0.378967
8982.42 -0.377632
8982.79 -0.376183
8983.15 -0.374611
8983.52 -0.37291
8983.89 -0.371101
8984.25 -0.369156
8984.62 -0.367096
8984.98 -0.365646
8985.35 -0.363464
8985.72 -0.359787
8986.08 -0.357346
8986.45 -0.354797
8986.82 -0.352165
8987.18 -0.349464
8987.55 -0.346718
8987.91 -0.343933
8988.28 -0.341141
8988.65 -0.338364
8989.01 -0.335625
8989.38 -0.332954
8989.75 -0.330338
8990.11 -0.327789
8990.48 -0.325272
8990.84 -0.322784
8991.21 -0.320679
8991.58 -0.318199
8991.94 -0.313614
8992.31 -0.311203
8992.67 -0.308838
8993.04 -0.306511
8993.41 -0.304207
8993.77 -0.301941
8994.14 -0.299713
8994.51 -0.297523
8994.87 -0.295387
8995.24 -0.293297
8995.6 -0.29126
8995.97 -0.289261
8996.34 -0.287338
8996.7 -0.285484
8997.07 -0.283714
8997.44 -0.282021
8997.8 -0.278404
8998.17 -0.276909
8998.53 -0.275528
8998.9 -0.274261
8999.27 -0.273125
8999.63 -0.272125
9000 -0.271255
9000.37 -0.270531
9000.73 -0.269936
9001.1 -0.269455
9001.46 -0.269089
9001.83 -0.268822
9002.2 -0.268631
9002.56 -0.268501
9002.93 -0.268402
9003.29 -0.268318
9003.66 -0.268219
9004.03 -0.267616
9004.39 -0.267174
9004.76 -0.267021
9005.13 -0.266754
9005.49 -0.266335
9005.86 -0.265732
9006.22 -0.264893
9006.59 -0.263809
9006.96 -0.262436
9007.32 -0.260765
9007.69 -0.258797
9008.06 -0.256516
9008.42 -0.253906
9008.79 -0.250961
9009.15 -0.247635
9009.52 -0.243904
9009.89 -0.239708
9010.25 -0.233948
9010.62 -0.228607
9010.99 -0.227463
9011.35 -0.221443
9011.72 -0.214851
9012.08 -0.207863
9012.45 -0.200821
9012.82 -0.194054
9013.18 -0.187714
9013.55 -0.181793
9013.92 -0.176239
9014.28 -0.170959
9014.65 -0.165916
9015.01 -0.161072
9015.38 -0.156425
9015.75 -0.15197
9016.11 -0.147667
9016.48 -0.14196
9016.84 -0.137894
9017.21 -0.133942
9017.58 -0.132286
9017.94 -0.128418
9018.31 -0.12468
9018.68 -0.12104
9019.04 -0.1175
9019.41 -0.114037
9019.77 -0.110634
9020.14 -0.107262
9020.51 -0.103905
9020.87 -0.100533
9021.24 -0.0971222
9021.61 -0.0936432
9021.97 -0.090065
9022.34 -0.0863495
9022.7 -0.0809097
9023.07 -0.0768356
9023.44 -0.0724869
9023.8 -0.0677948
9024.17 -0.0663223
9024.54 -0.0611954
9024.9 -0.0555344
9025.27 -0.0492935
9025.63 -0.0425415
9026 -0.0354919
9026.37 -0.0284729
9026.73 -0.021759
9027.1 -0.0154724
9027.46 -0.0096283
9027.83 -0.00418854
9028.2 0.000930786
9028.56 0.00714874
9028.93 0.0117874
9029.3 0.0162811
9029.66 0.0206299
9030.03 0.024826
9030.39 0.0258484
9030.76 0.0298004
9031.13 0.0335159
9031.49 0.0369415
9031.86 0.0400696
9032.23 0.0428848
9032.59 0.0454025
9032.96 0.0476456
9033.32 0.0496445
9033.69 0.0514145
9034.06 0.0529785
9034.42 0.0543594
9034.79 0.0561142
9035.16 0.0571442
9035.52 0.0580521
9035.89 0.0588531
9036.25 0.0596085
9036.62 0.060318
9036.99 0.0610733
9037.35 0.0618057
9037.72 0.0625
9038.08 0.063179
9038.45 0.0638275
9038.82 0.0644684
9039.18 0.0651016
9039.55 0.065712
9039.92 0.0663376
9040.28 0.0669708
9040.65 0.067627
9041.01 0.0693054
9041.38 0.0700531
9041.75 0.0708542
9042.11 0.0717163
9042.48 0.0726471
9042.85 0.0736618
9043.21 0.0747528
9043.58 0.0758667
9043.94 0.0770569
9044.31 0.0783539
9044.68 0.0797653
9045.04 0.0813141
9045.41 0.0830154
9045.78 0.0848465
9046.14 0.0868225
9046.51 0.0889587
9046.87 0.0912628
9047.24 0.09478
9047.61 0.0974808
9047.97 0.100395
9048.34 0.103539
9048.71 0.106903
9049.07 0.110458
9049.44 0.114189
9049.8 0.118027
9050.17 0.118782
9050.54 0.12262
9050.9 0.126457
9051.27 0.130234
9051.63 0.133957
9052 0.137642
9052.37 0.141266
9052.73 0.144806
9053.1 0.148186
9053.47 0.151627
9053.83 0.154625
9054.2 0.15741
9054.56 0.159988
9054.93 0.162376
9055.3 0.164589
9055.66 0.166626
9056.03 0.16848
9056.4 0.170181
9056.76 0.17128
9057.13 0.172913
9057.49 0.174431
9057.86 0.175858
9058.23 0.177231
9058.59 0.178551
9058.96 0.179863
9059.33 0.182823
9059.69 0.184196
9060.06 0.1856
9060.42 0.187027
9060.79 0.188499
9061.16 0.189995
9061.52 0.191521
9061.89 0.193062
9062.25 0.194641
9062.62 0.196251
9062.99 0.198334
9063.35 0.199966
9063.72 0.201614
9064.09 0.203255
9064.45 0.204895
9064.82 0.20652
9065.18 0.208153
9065.55 0.211769
9065.92 0.213432
9066.28 0.215149
9066.65 0.216919
9067.02 0.218758
9067.38 0.220612
9067.75 0.222496
9068.11 0.224388
9068.48 0.226295
9068.85 0.228218
9069.21 0.230148
9069.58 0.231667
9069.95 0.233559
9070.31 0.235435
9070.68 0.237289
9071.04 0.239128
9071.41 0.240944
9071.78 0.243896
9072.14 0.245613
9072.51 0.247299
9072.88 0.24894
9073.24 0.250519
9073.61 0.252014
9073.97 0.253448
9074.34 0.254807
9074.71 0.256126
9075.07 0.257408
9075.44 0.258675
9075.8 0.259926
9076.17 0.259956
9076.54 0.261154
9076.9 0.26239
9077.27 0.263687
9077.64 0.265038
9078 0.266449
9078.37 0.267998
9078.73 0.2696
9079.1 0.271248
9079.47 0.272926
9079.83 0.27462
9080.2 0.276291
9080.57 0.277924
9080.93 0.279518
9081.3 0.281082
9081.66 0.282616
9082.03 0.284149
9082.4 0.285667
9082.76 0.286682
9083.13 0.288246
9083.5 0.289772
9083.86 0.291275
9084.23 0.293922
9084.59 0.295395
9084.96 0.296852
9085.33 0.298271
9085.69 0.299644
9086.06 0.30098
9086.42 0.302261
9086.79 0.303482
9087.16 0.304642
9087.52 0.305748
9087.89 0.306801
9088.26 0.3078
9088.62 0.308731
9088.99 0.309616
9089.35 0.310555
9089.72 0.311333
9090.09 0.312073
9090.45 0.313446
9090.82 0.314049
9091.19 0.314598
9091.55 0.315102
9091.92 0.315529
9092.28 0.315887
9092.65 0.316147
9093.02 0.316322
9093.38 0.316383
9093.75 0.316376
9094.12 0.316299
9094.48 0.316216
9094.85 0.316132
9095.21 0.316093
9095.58 0.316116
9095.95 0.316292
9096.31 0.316719
9096.68 0.317039
9097.04 0.317474
9097.41 0.318031
9097.78 0.318687
9098.14 0.319412
9098.51 0.32016
9098.88 0.3209
9099.24 0.321617
9099.61 0.322289
9099.97 0.322884
9100.34 0.323395
9100.71 0.323792
9101.07 0.324081
9101.44 0.324234
9101.81 0.324265
9102.17 0.324883
9102.54 0.325325
9102.9 0.32505
9103.27 0.324661
9103.64 0.324158
9104 0.32354
9104.37 0.322823
9104.74 0.321999
9105.1 0.321083
9105.47 0.320084
9105.83 0.319008
9106.2 0.317848
9106.57 0.316612
9106.93 0.315323
9107.3 0.313965
9107.67 0.312561
9108.03 0.311142
9108.4 0.309708
9108.76 0.309906
9109.13 0.308456
9109.5 0.307007
9109.86 0.305557
9110.23 0.3041
9110.59 0.302643
9110.96 0.301186
9111.33 0.299736
9111.69 0.298271
9112.06 0.296799
9112.43 0.295296
9112.79 0.293747
9113.16 0.292152
9113.52 0.290512
9113.89 0.288826
9114.26 0.287086
9114.62 0.285263
9114.99 0.282249
9115.36 0.280991
9115.72 0.278564
9116.09 0.276054
9116.45 0.273521
9116.82 0.27108
9117.19 0.268791
9117.55 0.266693
9117.92 0.264809
9118.29 0.263115
9118.65 0.261642
9119.02 0.260353
9119.38 0.259254
9119.75 0.258316
9120.12 0.257568
9120.48 0.256981
9120.85 0.256554
9121.21 0.256775
9121.58 0.256744
9121.95 0.257408
9122.31 0.257591
9122.68 0.257935
9123.05 0.258423
9123.41 0.259048
9123.78 0.259796
9124.14 0.26062
9124.51 0.261497
9124.88 0.262398
9125.24 0.263306
9125.61 0.264198
9125.98 0.265068
9126.34 0.265907
9126.71 0.266716
9127.07 0.268608
9127.44 0.269318
9127.81 0.269997
9128.17 0.27066
9128.54 0.271683
9128.91 0.272339
9129.27 0.273018
9129.64 0.273727
9130 0.27446
9130.37 0.275223
9130.74 0.276016
9131.1 0.276848
9131.47 0.27774
9131.83 0.278679
9132.2 0.279678
9132.57 0.280716
9132.93 0.281784
9133.3 0.283218
9133.67 0.28421
9134.03 0.285179
9134.4 0.286118
9134.76 0.286308
9135.13 0.28714
9135.5 0.287903
9135.86 0.288567
9136.23 0.289116
9136.6 0.289543
9136.96 0.289864
9137.33 0.290092
9137.69 0.290276
9138.06 0.290436
9138.43 0.290596
9138.79 0.290741
9139.16 0.290863
9139.53 0.291306
9139.89 0.291481
9140.26 0.291649
9140.62 0.291824
9140.99 0.291969
9141.36 0.292618
9141.72 0.292778
9142.09 0.2929
9142.46 0.293007
9142.82 0.293083
9143.19 0.293137
9143.55 0.293159
9143.92 0.293137
9144.29 0.293068
9144.65 0.292931
9145.02 0.292747
9145.38 0.292503
9145.75 0.292763
9146.12 0.292328
9146.48 0.291847
9146.85 0.291344
9147.22 0.290825
9147.58 0.290306
9147.95 0.290588
9148.31 0.290031
9148.68 0.289467
9149.05 0.288872
9149.41 0.288239
9149.78 0.287529
9150.15 0.286713
9150.51 0.285805
9150.88 0.284798
9151.24 0.283699
9151.61 0.282524
9151.98 0.280853
9152.34 0.279594
9152.71 0.278374
9153.08 0.277237
9153.44 0.276207
9153.81 0.275307
9154.17 0.274529
9154.54 0.274765
9154.91 0.274223
9155.27 0.273773
9155.64 0.273415
9156 0.273132
9156.37 0.272896
9156.74 0.27269
9157.1 0.272507
9157.47 0.272331
9157.84 0.272133
9158.2 0.272812
9158.57 0.272537
9158.93 0.272202
9159.3 0.271797
9159.67 0.271332
9160.03 0.270821
9160.4 0.270248
9160.77 0.269623
9161.13 0.270554
9161.5 0.269867
9161.86 0.269142
9162.23 0.268402
9162.6 0.267654
9162.96 0.266899
9163.33 0.266159
9163.7 0.265434
9164.06 0.265793
9164.43 0.265213
9164.79 0.264687
9165.16 0.264206
9165.53 0.263786
9165.89 0.26342
9166.26 0.263115
9166.63 0.262878
9166.99 0.262726
9167.36 0.262634
9167.72 0.263992
9168.09 0.263992
9168.46 0.264053
9168.82 0.264198
9169.19 0.264458
9169.55 0.264839
9169.92 0.265366
9170.29 0.267273
9170.65 0.268082
9171.02 0.269043
9171.39 0.270187
9171.75 0.271515
9172.12 0.273018
9172.48 0.274704
9172.85 0.276588
9173.22 0.278633
9173.58 0.280807
9173.95 0.281754
9174.32 0.284004
9174.68 0.286316
9175.05 0.288681
9175.41 0.291069
9175.78 0.293442
9176.15 0.295769
9176.51 0.298683
9176.88 0.300598
9177.25 0.302254
9177.61 0.303612
9177.98 0.30468
9178.34 0.305458
9178.71 0.305977
9179.08 0.306244
9179.44 0.306274
9179.81 0.306099
9180.17 0.305717
9180.54 0.305916
9180.91 0.305267
9181.27 0.304466
9181.64 0.303535
9182.01 0.302505
9182.37 0.301392
9182.74 0.300186
9183.1 0.298912
9183.47 0.297569
9183.84 0.296181
9184.2 0.294746
9184.57 0.293274
9184.94 0.291756
9185.3 0.290176
9185.67 0.288521
9186.03 0.286766
9186.4 0.28492
9186.77 0.282974
9187.13 0.281876
9187.5 0.279762
9187.87 0.277596
9188.23 0.275375
9188.6 0.273125
9188.96 0.269661
9189.33 0.267433
9189.7 0.265236
9190.06 0.263069
9190.43 0.260933
9190.79 0.258842
9191.16 0.256805
9191.53 0.254837
9191.89 0.252945
9192.26 0.251122
9192.63 0.249382
9192.99 0.247726
9193.36 0.24614
9193.72 0.245552
9194.09 0.244064
9194.46 0.242622
9194.82 0.240799
9195.19 0.239456
9195.56 0.238152
9195.92 0.236885
9196.29 0.235657
9196.65 0.234467
9197.02 0.233299
9197.39 0.232155
9197.75 0.231041
9198.12 0.229973
9198.49 0.228958
9198.85 0.228004
9199.22 0.227127
9199.58 0.226349
9199.95 0.22567
9200.32 0.225906
9200.68 0.22541
9201.05 0.225471
9201.42 0.225281
9201.78 0.225174
9202.15 0.225159
9202.51 0.225197
9202.88 0.225273
9203.25 0.225388
9203.61 0.225533
9203.98 0.225685
9204.34 0.225815
9204.71 0.225906
9205.08 0.225945
9205.44 0.225922
9205.81 0.225822
9206.18 0.225647
9206.54 0.226051
9206.91 0.225746
9207.27 0.225601
9207.64 0.22506
9208.01 0.224426
9208.37 0.223717
9208.74 0.222961
9209.11 0.222153
9209.47 0.221313
9209.84 0.220436
9210.2 0.219505
9210.57 0.218529
9210.94 0.217499
9211.3 0.216408
9211.67 0.215233
9212.04 0.213989
9212.4 0.212639
9212.77 0.211189
9213.13 0.210808
9213.5 0.208672
9213.87 0.206909
9214.23 0.205048
9214.6 0.203087
9214.96 0.201019
9215.33 0.198853
9215.7 0.196609
9216.06 0.194351
9216.43 0.192101
9216.8 0.189896
9217.16 0.187744
9217.53 0.185623
9217.89 0.183533
9218.26 0.181503
9218.63 0.17952
9218.99 0.177597
9219.36 0.175697
9219.73 0.17408
9220.09 0.172195
9220.46 0.170258
9220.82 0.168243
9221.19 0.166145
9221.56 0.163933
9221.92 0.16156
9222.29 0.159027
9222.66 0.156319
9223.02 0.153473
9223.39 0.150513
9223.75 0.147499
9224.12 0.144455
9224.49 0.141403
9224.85 0.138374
9225.22 0.135368
9225.58 0.132431
9225.95 0.128685
9226.32 0.127899
9226.68 0.125191
9227.05 0.122482
9227.42 0.119751
9227.78 0.117012
9228.15 0.114281
9228.51 0.111572
9228.88 0.108879
9229.25 0.106186
9229.61 0.103516
9229.98 0.100853
9230.35 0.0982132
9230.71 0.0956039
9231.08 0.0930557
9231.44 0.0905457
9231.81 0.0877075
9232.18 0.0852661
9232.54 0.0828552
9232.91 0.082428
9233.28 0.08004
9233.64 0.0776825
9234.01 0.0753326
9234.37 0.0729675
9234.74 0.0705719
9235.11 0.0681458
9235.47 0.0656815
9235.84 0.0632095
9236.21 0.0607224
9236.57 0.0582428
9236.94 0.0557785
9237.3 0.0533676
9237.67 0.0510483
9238.04 0.0483093
9238.4 0.0464554
9238.77 0.044838
9239.13 0.0434723
9239.5 0.0434494
9239.87 0.0424805
9240.23 0.0417709
9240.6 0.0413132
9240.97 0.0410614
9241.33 0.0410309
9241.7 0.0411911
9242.06 0.0415115
9242.43 0.0419617
9242.8 0.0425034
9243.16 0.0430984
9243.53 0.0437012
9243.9 0.0442581
9244.26 0.0453568
9244.63 0.045639
9244.99 0.0457916
9245.36 0.045784
9245.73 0.046196
9246.09 0.0459366
9246.46 0.0454636
9246.83 0.0447617
9247.19 0.0438385
9247.56 0.0427246
9247.92 0.0414505
9248.29 0.0400467
9248.66 0.0385361
9249.02 0.0369415
9249.39 0.0352783
9249.75 0.033577
9250.12 0.0318527
9250.49 0.0297852
9250.85 0.0280609
9251.22 0.0263062
9251.59 0.0245285
9251.95 0.022728
9252.32 0.0222778
9252.68 0.0204163
9253.05 0.0185394
9253.42 0.0166245
9253.78 0.0146484
9254.15 0.0125809
9254.52 0.0104141
9254.88 0.00814056
9255.25 0.00579071
9255.61 0.00336456
9255.98 0.000892639
9256.35 -0.00160217
9256.71 -0.00505829
9257.08 -0.00740814
9257.45 -0.00967407
9257.81 -0.0118637
9258.18 -0.0139389
9258.54 -0.0159225
9258.91 -0.0160751
9259.28 -0.0178223
9259.64 -0.0194702
9260.01 -0.0210342
9260.38 -0.0224915
9260.74 -0.02388
9261.11 -0.0251999
9261.47 -0.026474
9261.84 -0.0277023
9262.21 -0.0288773
9262.57 -0.02948
9262.94 -0.0306015
9263.3 -0.0317154
9263.67 -0.0328293
9264.04 -0.0339584
9264.4 -0.0350876
9264.77 -0.0362396
9265.14 -0.0374222
9265.5 -0.0369186
9265.87 -0.0381546
9266.23 -0.0394363
9266.6 -0.0407562
9266.97 -0.0421143
9267.33 -0.0434952
9267.7 -0.0448837
9268.07 -0.0463104
9268.43 -0.0477295
9268.8 -0.0487061
9269.16 -0.0501328
9269.53 -0.0515518
9269.9 -0.0529556
9270.26 -0.0543594
9270.63 -0.0557632
9271 -0.0571899
9271.36 -0.0586166
9271.73 -0.0600815
9272.09 -0.0596237
9272.46 -0.0611343
9272.83 -0.0626755
9273.19 -0.0642548
9273.56 -0.0658951
9273.92 -0.0675964
9274.29 -0.0693817
9274.66 -0.0712509
9275.02 -0.073143
9275.39 -0.0752792
9275.76 -0.0774765
9276.12 -0.0797577
9276.49 -0.0820999
9276.85 -0.0845108
9277.22 -0.0869598
9277.59 -0.0894318
9277.95 -0.0919418
9278.32 -0.0923233
9278.69 -0.0948792
9279.05 -0.0974426
9279.42 -0.0999756
9279.78 -0.102455
9280.15 -0.104836
9280.52 -0.107109
9280.88 -0.109253
9281.25 -0.110977
9281.62 -0.112747
9281.98 -0.114418
9282.35 -0.115974
9282.71 -0.117424
9283.08 -0.11879
9283.45 -0.120079
9283.81 -0.121307
9284.18 -0.12249
9284.54 -0.123611
9284.91 -0.122574
9285.28 -0.123657
9285.64 -0.124695
9286.01 -0.12571
9286.38 -0.126701
9286.74 -0.12767
9287.11 -0.128639
9287.47 -0.129044
9287.84 -0.130188
9288.21 -0.131393
9288.57 -0.132698
9288.94 -0.134148
9289.31 -0.13575
9289.67 -0.137543
9290.04 -0.139557
9290.4 -0.1418
9290.77 -0.144272
9291.14 -0.147003
9291.5 -0.148933
9291.87 -0.152138
9292.24 -0.155457
9292.6 -0.158791
9292.97 -0.162109
9293.33 -0.165352
9293.7 -0.170891
9294.07 -0.173912
9294.43 -0.17675
9294.8 -0.179375
9295.17 -0.181763
9295.53 -0.183929
9295.9 -0.185883
9296.26 -0.18763
9296.63 -0.189209
9297 -0.190613
9297.36 -0.191895
9297.73 -0.193069
9298.09 -0.193962
9298.46 -0.195007
9298.83 -0.196045
9299.19 -0.197083
9299.56 -0.198936
9299.93 -0.200104
9300.29 -0.201347
9300.66 -0.202675
9301.02 -0.204079
9301.39 -0.205521
9301.76 -0.206985
9302.12 -0.208435
9302.49 -0.209862
9302.86 -0.211212
9303.22 -0.212479
9303.59 -0.213638
9303.95 -0.214714
9304.32 -0.215691
9304.69 -0.215729
9305.05 -0.21656
9305.42 -0.217331
9305.79 -0.217896
9306.15 -0.218597
9306.52 -0.219284
9306.88 -0.219978
9307.25 -0.220665
9307.62 -0.221352
9307.98 -0.222054
9308.35 -0.222771
9308.71 -0.223495
9309.08 -0.224243
9309.45 -0.224991
9309.81 -0.225739
9310.18 -0.226494
9310.55 -0.227272
9310.91 -0.228096
9311.28 -0.227554
9311.64 -0.228394
9312.01 -0.228683
9312.38 -0.229637
9312.74 -0.230659
9313.11 -0.231766
9313.48 -0.232971
9313.84 -0.234283
9314.21 -0.23571
9314.57 -0.237274
9314.94 -0.238976
9315.31 -0.240829
9315.67 -0.242828
9316.04 -0.244972
9316.41 -0.247246
9316.77 -0.249641
9317.14 -0.252129
9317.5 -0.25235
9317.87 -0.254951
9318.24 -0.25782
9318.6 -0.260353
9318.97 -0.262817
9319.33 -0.265182
9319.7 -0.267441
9320.07 -0.269585
9320.43 -0.271629
9320.8 -0.273582
9321.17 -0.275475
9321.53 -0.27729
9321.9 -0.279053
9322.26 -0.280785
9322.63 -0.282501
9323 -0.284225
9323.36 -0.285957
9323.73 -0.287743
9324.1 -0.287819
9324.46 -0.290009
9324.83 -0.29213
9325.19 -0.29435
9325.56 -0.296684
9325.93 -0.299133
9326.29 -0.301697
9326.66 -0.304382
9327.03 -0.307228
9327.39 -0.310219
9327.76 -0.313362
9328.12 -0.316658
9328.49 -0.320053
9328.86 -0.323547
9329.22 -0.327133
9329.59 -0.33078
9329.96 -0.334442
9330.32 -0.340469
9330.69 -0.342796
9331.05 -0.346024
9331.42 -0.348969
9331.79 -0.35157
9332.15 -0.353828
9332.52 -0.355682
9332.88 -0.357124
9333.25 -0.358162
9333.62 -0.35878
9333.98 -0.359009
9334.35 -0.358833
9334.72 -0.358299
9335.08 -0.357491
9335.45 -0.356506
9335.81 -0.35553
9336.18 -0.354683
9336.55 -0.355164
9336.91 -0.354698
9337.28 -0.355736
9337.65 -0.355286
9338.01 -0.354858
9338.38 -0.354439
9338.74 -0.353981
9339.11 -0.35347
9339.48 -0.352867
9339.84 -0.352165
9340.21 -0.351387
9340.58 -0.350563
9340.94 -0.349709
9341.31 -0.348831
9341.67 -0.347946
9342.04 -0.347054
9342.41 -0.346161
9342.77 -0.344536
9343.14 -0.343658
9343.5 -0.342804
9343.87 -0.342094
9344.24 -0.341309
9344.6 -0.340553
9344.97 -0.339859
9345.34 -0.339218
9345.7 -0.338646
9346.07 -0.338181
9346.43 -0.337814
9346.8 -0.337555
9347.17 -0.33741
9347.53 -0.337379
9347.9 -0.337463
9348.27 -0.3377
9348.63 -0.338074
9349 -0.338753
9349.36 -0.339554
9349.73 -0.340523
9350.1 -0.340996
9350.46 -0.342247
9350.83 -0.343666
9351.2 -0.345215
9351.56 -0.346893
9351.93 -0.348663
9352.29 -0.350502
9352.66 -0.352341
9353.03 -0.354134
9353.39 -0.355835
9353.76 -0.357407
9354.13 -0.358841
9354.49 -0.360138
9354.86 -0.361298
9355.22 -0.362335
9355.59 -0.363197
9355.96 -0.363983
9356.32 -0.364716
9356.69 -0.364342
9357.05 -0.364983
9357.42 -0.365623
9357.79 -0.366287
9358.15 -0.366997
9358.52 -0.36776
9358.89 -0.368546
9359.25 -0.36937
9359.62 -0.370224
9359.98 -0.371086
9360.35 -0.371986
9360.72 -0.372902
9361.08 -0.37381
9361.45 -0.374214
9361.82 -0.375137
9362.18 -0.376083
9362.55 -0.377068
9362.91 -0.378075
9363.28 -0.377518
9363.65 -0.37851
9364.01 -0.379509
9364.38 -0.380516
9364.75 -0.381531
9365.11 -0.382553
9365.48 -0.383598
9365.84 -0.384651
9366.21 -0.385712
9366.58 -0.386787
9366.94 -0.387909
9367.31 -0.388695
9367.67 -0.390015
9368.04 -0.391441
9368.41 -0.392952
9368.77 -0.394554
9369.14 -0.396263
9369.51 -0.398071
9369.87 -0.398636
9370.24 -0.400688
9370.6 -0.402817
9370.97 -0.405052
9371.34 -0.407364
9371.7 -0.409767
9372.07 -0.412247
9372.44 -0.414787
9372.8 -0.417374
9373.17 -0.419991
9373.53 -0.424141
9373.9 -0.42643
9374.27 -0.428421
9374.63 -0.430092
9375 -0.431419
9375.37 -0.432419
9375.73 -0.433098
9376.1 -0.433464
9376.46 -0.433334
9376.83 -0.433243
9377.2 -0.432892
9377.56 -0.432304
9377.93 -0.431473
9378.29 -0.430412
9378.66 -0.429138
9379.03 -0.427658
9379.39 -0.425957
9379.76 -0.422829
9380.13 -0.420654
9380.49 -0.418304
9380.86 -0.415817
9381.22 -0.413223
9381.59 -0.410538
9381.96 -0.407814
9382.32 -0.405052
9382.69 -0.40229
9383.06 -0.40052
9383.42 -0.397766
9383.79 -0.39505
9384.15 -0.392372
9384.52 -0.38974
9384.89 -0.387146
9385.25 -0.384575
9385.62 -0.382042
9385.99 -0.377914
9386.35 -0.375534
9386.72 -0.373276
9387.08 -0.371132
9387.45 -0.369148
9387.82 -0.367317
9388.18 -0.365677
9388.55 -0.364227
9388.92 -0.362976
9389.28 -0.361252
9389.65 -0.360207
9390.01 -0.359337
9390.38 -0.358643
9390.75 -0.358101
9391.11 -0.357689
9391.48 -0.357407
9391.84 -0.357231
9392.21 -0.35556
9392.58 -0.355598
9392.94 -0.35569
9393.31 -0.355843
9393.68 -0.356026
9394.04 -0.356239
9394.41 -0.356453
9394.77 -0.356659
9395.14 -0.356865
9395.51 -0.357048
9395.87 -0.355698
9396.24 -0.355904
9396.61 -0.356079
9396.97 -0.356255
9397.34 -0.356407
9397.7 -0.356544
9398.07 -0.355659
9398.44 -0.355858
9398.8 -0.356049
9399.17 -0.356216
9399.54 -0.356346
9399.9 -0.356407
9400.27 -0.356392
9400.63 -0.356285
9401 -0.356064
9401.37 -0.355736
9401.73 -0.355293
9402.1 -0.354759
9402.46 -0.353874
9402.83 -0.353264
9403.2 -0.352585
9403.56 -0.351883
9403.93 -0.351166
9404.3 -0.349693
9404.66 -0.349052
9405.03 -0.34845
9405.39 -0.34787
9405.76 -0.347305
9406.13 -0.346725
9406.49 -0.346161
9406.86 -0.345589
9407.23 -0.344994
9407.59 -0.344398
9407.96 -0.343773
9408.32 -0.343109
9408.69 -0.34243
9409.06 -0.341347
9409.42 -0.340683
9409.79 -0.340019
9410.16 -0.339363
9410.52 -0.337929
9410.89 -0.337357
9411.25 -0.336769
9411.62 -0.336151
9411.99 -0.33551
9412.35 -0.334839
9412.72 -0.334122
9413.08 -0.333328
9413.45 -0.332451
9413.82 -0.331451
9414.18 -0.33033
9414.55 -0.329102
9414.92 -0.327728
9415.28 -0.326202
9415.65 -0.325127
9416.01 -0.323326
9416.38 -0.32135
9416.75 -0.317749
9417.11 -0.315414
9417.48 -0.312988
9417.85 -0.310455
9418.21 -0.307816
9418.58 -0.305054
9418.94 -0.302162
9419.31 -0.299126
9419.68 -0.295952
9420.04 -0.292656
9420.41 -0.289238
9420.78 -0.285698
9421.14 -0.282013
9421.51 -0.278183
9421.87 -0.276169
9422.24 -0.272148
9422.61 -0.267982
9422.97 -0.261459
9423.34 -0.257004
9423.71 -0.252472
9424.07 -0.247879
9424.44 -0.243263
9424.8 -0.238602
9425.17 -0.233925
9425.54 -0.229248
9425.9 -0.224579
9426.27 -0.219933
9426.63 -0.215317
9427 -0.210747
9427.37 -0.206238
9427.73 -0.201805
9428.1 -0.197464
9428.47 -0.194862
9428.83 -0.190643
9429.2 -0.184006
9429.56 -0.180099
9429.93 -0.176338
9430.3 -0.172699
9430.66 -0.169189
9431.03 -0.165779
9431.4 -0.162483
9431.76 -0.159294
9432.13 -0.156227
9432.49 -0.153259
9432.86 -0.150383
9433.23 -0.147591
9433.59 -0.144882
9433.96 -0.142242
9434.33 -0.139694
9434.69 -0.13723
9435.06 -0.134018
9435.42 -0.131737
9435.79 -0.129524
9436.16 -0.127419
9436.52 -0.125412
9436.89 -0.123528
9437.25 -0.12178
9437.62 -0.120171
9437.99 -0.118698
9438.35 -0.11734
9438.72 -0.116089
9439.09 -0.114906
9439.45 -0.113777
9439.82 -0.112663
9440.18 -0.111557
9440.55 -0.110443
9440.92 -0.109306
9441.28 -0.107018
9441.65 -0.105904
9442.02 -0.104691
9442.38 -0.103378
9442.75 -0.101929
9443.11 -0.100304
9443.48 -0.0984802
9443.85 -0.0964355
9444.21 -0.0941696
9444.58 -0.0916748
9444.95 -0.0889435
9445.31 -0.085968
9445.68 -0.0827255
9446.04 -0.0792007
9446.41 -0.0753784
9446.78 -0.0712509
9447.14 -0.066803
9447.51 -0.060318
9447.88 -0.0551147
9448.24 -0.0534286
9448.61 -0.0477829
9448.97 -0.0416718
9449.34 -0.03508
9449.71 -0.0280609
9450.07 -0.0207748
9450.44 -0.0134811
9450.8 -0.00648499
9451.17 0
9451.54 0.00589752
9451.9 0.0112457
9452.27 0.0161133
9452.64 0.0205688
9453 0.0246735
9453.37 0.0284576
9453.73 0.0328598
9454.1 0.0360641
9454.47 0.0391006
9454.83 0.0399246
9455.2 0.0428162
9455.57 0.0456314
9455.93 0.0484009
9456.3 0.0511551
9456.66 0.0539246
9457.03 0.056778
9457.4 0.0597
9457.76 0.0627289
9458.13 0.0658646
9458.5 0.0691376
9458.86 0.0725708
9459.23 0.0762253
9459.59 0.0801392
9459.96 0.085083
9460.33 0.0896225
9460.69 0.0945206
9461.06 0.0950775
9461.42 0.100288
9461.79 0.105858
9462.16 0.111717
9462.52 0.117676
9462.89 0.123421
9463.26 0.128708
9463.62 0.133438
9463.99 0.137642
9464.35 0.14135
9464.72 0.144615
9465.09 0.14743
9465.45 0.149834
9465.82 0.151489
9466.19 0.152969
9466.55 0.154106
9466.92 0.15493
9467.28 0.155441
9467.65 0.15464
9468.02 0.15477
9468.38 0.154648
9468.75 0.154289
9469.12 0.153778
9469.48 0.153183
9469.85 0.15255
9470.21 0.151932
9470.58 0.151329
9470.95 0.150757
9471.31 0.150192
9471.68 0.149635
9472.04 0.14856
9472.41 0.148117
9472.78 0.147667
9473.14 0.147217
9473.51 0.146751
9473.88 0.146263
9474.24 0.146141
9474.61 0.145721
9474.97 0.145294
9475.34 0.144859
9475.71 0.144409
9476.07 0.143936
9476.44 0.143448
9476.81 0.142944
9477.17 0.142418
9477.54 0.141884
9477.9 0.141342
9478.27 0.14119
9478.64 0.14061
9479 0.140015
9479.37 0.139412
9479.74 0.138817
9480.1 0.138214
9480.47 0.137627
9480.83 0.137764
9481.2 0.137138
9481.57 0.136528
9481.93 0.135948
9482.3 0.135422
9482.67 0.134956
9483.03 0.13459
9483.4 0.134331
9483.76 0.134216
9484.13 0.134262
9484.5 0.134743
9484.86 0.135231
9485.23 0.135895
9485.59 0.136726
9485.96 0.137711
9486.33 0.138817
9486.69 0.140038
9487.06 0.141365
9487.43 0.142227
9487.79 0.143677
9488.16 0.14521
9488.52 0.146812
9488.89 0.14846
9489.26 0.150169
9489.62 0.151932
9489.99 0.153748
9490.36 0.155632
9490.72 0.158531
9491.09 0.160545
9491.45 0.162659
9491.82 0.164856
9492.19 0.167168
9492.55 0.169586
9492.92 0.172134
9493.29 0.174805
9493.65 0.175514
9494.02 0.178284
9494.38 0.181175
9494.75 0.184196
9495.12 0.18734
9495.48 0.190628
9495.85 0.194092
9496.21 0.197762
9496.58 0.20166
9496.95 0.206459
9497.31 0.21093
9497.68 0.215736
9498.05 0.220932
9498.41 0.226624
9498.78 0.232895
9499.14 0.239777
9499.51 0.247002
9499.88 0.254036
9500.24 0.254845
9500.61 0.261314
9500.98 0.267143
9501.34 0.272369
9501.71 0.277054
9502.07 0.28125
9502.44 0.285004
9502.81 0.289078
9503.17 0.292114
9503.54 0.294914
9503.91 0.297508
9504.27 0.299957
9504.64 0.302254
9505 0.30442
9505.37 0.306458
9505.74 0.308395
9506.1 0.310242
9506.47 0.312012
9506.83 0.312653
9507.2 0.314369
9507.57 0.31604
9507.93 0.31765
9508.3 0.319237
9508.67 0.320793
9509.03 0.323029
9509.4 0.324646
9509.76 0.326355
9510.13 0.328186
9510.5 0.330147
9510.86 0.332253
9511.23 0.334503
9511.6 0.336906
9511.96 0.339455
9512.33 0.342148
9512.69 0.344933
9513.06 0.347733
9513.43 0.348503
9513.79 0.351212
9514.16 0.353745
9514.53 0.356041
9514.89 0.358109
9515.26 0.360641
9515.62 0.362251
9515.99 0.363678
9516.36 0.364944
9516.72 0.366089
9517.09 0.367119
9517.46 0.368065
9517.82 0.368935
9518.19 0.369736
9518.55 0.370468
9518.92 0.37114
9519.29 0.371742
9519.65 0.372276
9520.02 0.372963
9520.38 0.373405
9520.75 0.373787
9521.12 0.374107
9521.48 0.374962
9521.85 0.375191
9522.22 0.375427
9522.58 0.375679
9522.95 0.375992
9523.31 0.37635
9523.68 0.376778
9524.05 0.377281
9524.41 0.377869
9524.78 0.378555
9525.15 0.379349
9525.51 0.380264
9525.88 0.381294
9526.24 0.382462
9526.61 0.38353
9526.98 0.384804
9527.34 0.386208
9527.71 0.388702
9528.08 0.390282
9528.44 0.391945
9528.81 0.393692
9529.17 0.395515
9529.54 0.397408
9529.91 0.399353
9530.27 0.401352
9530.64 0.403366
9531 0.405373
9531.37 0.407364
9531.74 0.409294
9532.1 0.411133
9532.47 0.412865
9532.84 0.413628
9533.2 0.415169
9533.57 0.417137
9533.93 0.418373
9534.3 0.419525
9534.67 0.420624
9535.03 0.421707
9535.4 0.422836
9535.77 0.424049
9536.13 0.425385
9536.5 0.426918
9536.86 0.428665
9537.23 0.430656
9537.6 0.43293
9537.96 0.435486
9538.33 0.438293
9538.7 0.441345
9539.06 0.44458
9539.43 0.445389
9539.79 0.449715
9540.16 0.453224
9540.53 0.456703
9540.89 0.460106
9541.26 0.463379
9541.63 0.466484
9541.99 0.469429
9542.36 0.472221
9542.72 0.474876
9543.09 0.477402
9543.46 0.47982
9543.82 0.482124
9544.19 0.484314
9544.55 0.486404
9544.92 0.488411
9545.29 0.490379
9545.65 0.492332
9546.02 0.494308
9546.39 0.496346
9546.75 0.498436
9547.12 0.50061
9547.48 0.502914
9547.85 0.505348
9548.22 0.507957
9548.58 0.510735
9548.95 0.51368
9549.32 0.516785
9549.68 0.519989
9550.05 0.523262
9550.41 0.526558
9550.78 0.529823
9551.15 0.533035
9551.51 0.536148
9551.88 0.539169
9552.25 0.543976
9552.61 0.545876
9552.98 0.548767
9553.34 0.55159
9553.71 0.554352
9554.08 0.557076
9554.44 0.559731
9554.81 0.56234
9555.17 0.564888
9555.54 0.567375
9555.91 0.569794
9556.27 0.572128
9556.64 0.574394
9557.01 0.576591
9557.37 0.578712
9557.74 0.580772
9558.1 0.582771
9558.47 0.586502
9558.84 0.588394
9559.2 0.590164
9559.57 0.592026
9559.94 0.593872
9560.3 0.595703
9560.67 0.597519
9561.03 0.599335
9561.4 0.601166
9561.77 0.60302
9562.13 0.604912
9562.5 0.606842
9562.87 0.608795
9563.23 0.610786
9563.6 0.612823
9563.96 0.614899
9564.33 0.618675
9564.7 0.620941
9565.06 0.623306
9565.43 0.625
9565.79 0.627518
9566.16 0.630196
9566.53 0.633072
9566.89 0.636177
9567.26 0.639549
9567.63 0.643219
9567.99 0.647247
9568.36 0.651672
9568.72 0.656555
9569.09 0.661972
9569.46 0.668045
9569.82 0.674927
9570.19 0.682838
9570.56 0.693817
9570.92 0.70256
9571.29 0.710251
9571.65 0.716965
9572.02 0.718925
9572.39 0.724876
9572.75 0.73024
9573.12 0.735115
9573.49 0.739594
9573.85 0.743706
9574.22 0.747498
9574.58 0.750984
9574.95 0.754219
9575.32 0.757202
9575.68 0.759964
9576.05 0.762527
9576.42 0.764915
9576.78 0.768486
9577.15 0.770493
9577.51 0.772369
9577.88 0.774155
9578.25 0.775887
9578.61 0.777046
9578.98 0.778717
9579.34 0.780373
9579.71 0.782028
9580.08 0.783699
9580.44 0.785385
9580.81 0.787102
9581.18 0.788841
9581.54 0.790596
9581.91 0.792358
9582.27 0.794121
9582.64 0.795868
9583.01 0.798531
9583.37 0.800171
9583.74 0.801758
9584.11 0.803299
9584.47 0.804779
9584.84 0.806206
9585.2 0.806801
9585.57 0.808105
9585.94 0.809334
9586.3 0.810493
9586.67 0.811569
9587.04 0.812599
9587.4 0.813591
9587.77 0.81456
9588.13 0.815536
9588.5 0.816483
9588.87 0.817406
9589.23 0.819077
9589.6 0.820061
9589.96 0.821053
9590.33 0.822052
9590.7 0.823036
9591.06 0.824005
9591.43 0.824959
9591.8 0.82608
9592.16 0.827042
9592.53 0.828033
9592.89 0.829048
9593.26 0.830109
9593.63 0.83123
9593.99 0.83239
9594.36 0.833595
9594.73 0.834846
9595.09 0.836136
9595.46 0.838799
9595.82 0.840172
9596.19 0.84156
9596.56 0.842979
9596.92 0.844383
9597.29 0.845772
9597.66 0.847107
9598.02 0.848381
9598.39 0.849625
9598.75 0.8508
9599.12 0.851883
9599.49 0.852875
9599.85 0.853783
9600.22 0.854591
9600.58 0.855293
9600.95 0.855904
9601.32 0.857193
9601.68 0.857544
9602.05 0.857803
9602.42 0.857994
9602.78 0.858131
9603.15 0.858208
9603.51 0.858261
9603.88 0.858292
9604.25 0.858307
9604.61 0.858505
9604.98 0.858551
9605.35 0.85865
9605.71 0.858803
9606.08 0.859009
9606.44 0.859276
9606.81 0.859589
9607.18 0.859947
9607.54 0.860748
9607.91 0.861275
9608.28 0.861916
9608.64 0.862709
9609.01 0.86367
9609.37 0.864815
9609.74 0.866165
9610.11 0.867752
9610.47 0.869606
9610.84 0.871742
9611.21 0.872467
9611.57 0.874985
9611.94 0.877815
9612.3 0.880974
9612.67 0.884438
9613.04 0.888161
9613.4 0.89209
9613.77 0.897385
9614.13 0.901497
9614.5 0.90551
9614.87 0.90937
9615.23 0.913033
9615.6 0.916481
9615.97 0.919701
9616.33 0.922707
9616.7 0.925491
9617.06 0.928085
9617.43 0.930511
9617.8 0.931961
9618.16 0.934196
9618.53 0.936279
9618.9 0.938202
9619.26 0.939972
9619.63 0.941589
9619.99 0.944008
9620.36 0.945198
9620.73 0.94622
9621.09 0.947037
9621.46 0.947655
9621.83 0.948051
9622.19 0.948227
9622.56 0.948196
9622.92 0.947983
9623.29 0.947624
9623.66 0.947136
9624.02 0.946526
9624.39 0.946442
9624.75 0.945656
9625.12 0.944748
9625.49 0.943718
9625.85 0.942574
9626.22 0.940895
9626.59 0.939453
9626.95 0.937859
9627.32 0.936096
9627.68 0.934158
9628.05 0.932091
9628.42 0.929932
9628.78 0.927696
9629.15 0.925438
9629.52 0.923172
9629.88 0.920944
9630.25 0.91877
9630.61 0.916687
9630.98 0.915771
9631.35 0.913925
9631.71 0.912201
9632.08 0.910202
9632.45 0.908844
9632.81 0.907608
9633.18 0.906487
9633.54 0.905464
9633.91 0.904518
9634.28 0.903679
9634.64 0.902916
9635.01 0.902229
9635.38 0.901619
9635.74 0.90107
9636.11 0.900566
9636.47 0.900101
9636.84 0.899658
9637.21 0.900047
9637.57 0.89962
9637.94 0.899231
9638.3 0.899269
9638.67 0.898956
9639.04 0.898674
9639.4 0.898399
9639.77 0.89814
9640.14 0.897865
9640.5 0.897552
9640.87 0.897194
9641.23 0.896774
9641.6 0.896294
9641.97 0.89576
9642.33 0.89518
9642.7 0.894539
9643.07 0.893852
9643.43 0.893135
9643.8 0.893219
9644.16 0.892456
9644.53 0.891701
9644.9 0.890915
9645.26 0.89016
9645.63 0.88945
9646 0.888779
9646.36 0.888153
9646.73 0.887589
9647.09 0.887085
9647.46 0.88665
9647.83 0.886276
9648.19 0.885971
9648.56 0.885735
9648.92 0.885582
9649.29 0.885483
9649.66 0.885445
9650.02 0.885452
9650.39 0.885811
9650.76 0.886108
9651.12 0.886078
9651.49 0.886024
9651.85 0.885971
9652.22 0.885887
9652.59 0.885796
9652.95 0.885681
9653.32 0.885544
9653.69 0.885368
9654.05 0.885147
9654.42 0.884872
9654.78 0.884544
9655.15 0.884163
9655.52 0.883743
9655.88 0.883278
9656.25 0.882774
9656.62 0.882195
9656.98 0.880875
9657.35 0.880089
9657.71 0.879219
9658.08 0.878258
9658.45 0.87722
9658.81 0.876091
9659.18 0.874855
9659.54 0.873497
9659.91 0.871994
9660.28 0.870323
9660.64 0.868477
9661.01 0.866455
9661.38 0.864288
9661.74 0.862015
9662.11 0.859688
9662.47 0.857315
9662.84 0.854927
9663.21 0.851166
9663.57 0.849892
9663.94 0.847771
9664.31 0.845734
9664.67 0.843773
9665.04 0.841888
9665.4 0.84008
9665.77 0.838364
9666.14 0.836739
9666.5 0.835205
9666.87 0.833771
9667.24 0.832413
9667.6 0.831131
9667.97 0.82991
9668.33 0.828735
9668.7 0.827621
9669.07 0.826485
9669.43 0.825417
9669.8 0.825363
9670.17 0.82428
9670.53 0.823166
9670.9 0.822037
9671.26 0.820885
9671.63 0.81971
9672 0.81852
9672.36 0.817307
9672.73 0.816093
9673.09 0.81488
9673.46 0.813644
9673.83 0.812401
9674.19 0.811119
9674.56 0.809837
9674.93 0.80854
9675.29 0.807823
9675.66 0.806664
9676.02 0.805519
9676.39 0.806335
9676.76 0.805267
9677.12 0.804222
9677.49 0.8032
9677.86 0.802216
9678.22 0.801285
9678.59 0.8004
9678.95 0.799561
9679.32 0.798767
9679.69 0.798012
9680.05 0.797295
9680.42 0.796631
9680.79 0.796013
9681.15 0.795433
9681.52 0.796349
9681.88 0.795876
9682.25 0.795441
9682.62 0.795052
9682.98 0.796547
9683.35 0.796204
9683.71 0.795891
9684.08 0.795609
9684.45 0.795334
9684.81 0.795067
9685.18 0.794823
9685.55 0.794586
9685.91 0.794357
9686.28 0.794121
9686.64 0.793861
9687.01 0.793579
9687.38 0.793259
9687.74 0.793961
9688.11 0.793495
9688.48 0.793007
9688.84 0.79248
9689.21 0.791931
9689.57 0.792648
9689.94 0.791977
9690.31 0.791267
9690.67 0.790543
9691.04 0.789818
9691.41 0.789116
9691.77 0.788429
9692.14 0.787766
9692.5 0.787109
9692.87 0.786446
9693.24 0.785782
9693.6 0.785088
9693.97 0.784195
9694.33 0.783348
9694.7 0.782394
9695.07 0.781357
9695.43 0.780228
9695.8 0.77903
9696.17 0.778481
9696.53 0.77726
9696.9 0.776039
9697.26 0.774849
9697.63 0.773712
9698 0.772667
9698.36 0.771706
9698.73 0.770844
9699.1 0.770073
9699.46 0.769394
9699.83 0.768951
9700.19 0.768394
9700.56 0.767853
9700.93 0.767311
9701.29 0.766747
9701.66 0.766144
9702.03 0.765488
9702.39 0.764755
9702.76 0.764366
9703.12 0.763382
9703.49 0.76226
9703.86 0.761024
9704.22 0.759674
9704.59 0.75824
9704.96 0.756767
9705.32 0.755287
9705.69 0.75383
9706.05 0.751152
9706.42 0.749878
9706.79 0.74868
9707.15 0.747559
9707.52 0.746475
9707.88 0.74543
9708.25 0.744385
9708.62 0.74334
9708.98 0.742722
9709.35 0.741768
9709.72 0.740822
9710.08 0.739891
9710.45 0.738983
9710.81 0.738106
9711.18 0.737267
9711.55 0.736481
9711.91 0.735748
9712.28 0.735535
9712.65 0.734924
9713.01 0.734329
9713.38 0.733727
9713.74 0.733109
9714.11 0.732468
9714.48 0.731804
9714.84 0.731087
9715.21 0.730309
9715.58 0.730843
9715.94 0.729942
9716.31 0.728951
9716.67 0.727882
9717.04 0.726746
9717.41 0.725555
9717.77 0.724335
9718.14 0.723114
9718.5 0.722397
9718.87 0.721222
9719.24 0.72007
9719.6 0.718948
9719.97 0.717873
9720.34 0.716835
9720.7 0.71582
9721.07 0.714828
9721.43 0.71386
9721.8 0.712883
9722.17 0.713585
9722.53 0.712578
9722.9 0.711548
9723.27 0.710472
9723.63 0.709358
9724 0.708183
9724.36 0.706955
9724.73 0.705818
9725.1 0.704338
9725.46 0.702789
9725.83 0.701172
9726.2 0.699516
9726.56 0.697868
9726.93 0.696228
9727.29 0.694649
9727.66 0.69313
9728.03 0.691689
9728.39 0.690315
9728.76 0.690025
9729.13 0.688728
9729.49 0.687485
9729.86 0.686279
9730.22 0.685089
9730.59 0.683891
9730.96 0.682083
9731.32 0.680756
9731.69 0.679398
9732.05 0.677994
9732.42 0.676529
9732.79 0.675003
9733.15 0.673431
9733.52 0.671799
9733.89 0.670113
9734.25 0.668335
9734.62 0.666443
9734.98 0.664429
9735.35 0.66272
9735.72 0.660515
9736.08 0.658272
9736.45 0.656013
9736.82 0.65197
9737.18 0.649719
9737.55 0.647507
9737.91 0.645363
9738.28 0.643318
9738.65 0.64138
9739.01 0.639542
9739.38 0.637794
9739.75 0.636093
9740.11 0.634438
9740.48 0.632813
9740.84 0.63121
9741.21 0.629639
9741.58 0.628769
9741.94 0.627258
9742.31 0.625816
9742.67 0.62442
9743.04 0.622444
9743.41 0.621223
9743.77 0.620071
9744.14 0.618996
9744.51 0.618034
9744.87 0.617172
9745.24 0.616409
9745.6 0.615715
9745.97 0.615112
9746.34 0.614586
9746.7 0.614143
9747.07 0.613785
9747.44 0.613525
9747.8 0.613373
9748.17 0.613693
9748.53 0.613686
9748.9 0.6138
9749.27 0.614502
9749.63 0.614853
9750 0.615295
9750.37 0.615822
9750.73 0.616432
9751.1 0.617126
9751.46 0.617889
9751.83 0.618713
9752.2 0.619568
9752.56 0.620438
9752.93 0.6213
9753.29 0.622124
9753.66 0.622894
9754.03 0.62355
9754.39 0.624062
9754.76 0.624077
9755.13 0.624382
9755.49 0.624481
9755.86 0.624504
9756.22 0.624435
9756.59 0.62426
9756.96 0.624001
9757.32 0.62368
9757.69 0.623322
9758.06 0.622932
9758.42 0.622543
9758.79 0.622154
9759.15 0.621765
9759.52 0.621368
9759.89 0.620972
9760.25 0.620583
9760.62 0.620163
9760.99 0.619728
9761.35 0.619881
9761.72 0.619438
9762.08 0.618805
9762.45 0.618088
9762.82 0.617264
9763.18 0.616341
9763.55 0.615303
9763.92 0.614143
9764.28 0.612869
9764.65 0.611481
9765.01 0.609955
9765.38 0.608307
9765.75 0.606522
9766.11 0.604599
9766.48 0.602547
9766.84 0.600365
9767.21 0.598038
9767.58 0.593887
9767.94 0.592064
9768.31 0.589279
9768.68 0.586388
9769.04 0.583427
9769.41 0.580437
9769.77 0.577446
9770.14 0.574501
9770.51 0.571594
9770.87 0.568748
9771.24 0.56591
9771.61 0.563065
9771.97 0.560196
9772.34 0.55732
9772.7 0.554459
9773.07 0.55162
9773.44 0.548782
9773.8 0.542259
9774.17 0.5392
9774.54 0.535362
9774.9 0.532501
9775.27 0.529938
9775.63 0.527672
9776 0.525681
9776.37 0.523972
9776.73 0.522507
9777.1 0.521294
9777.46 0.520302
9777.83 0.51947
9778.2 0.518768
9778.56 0.518143
9778.93 0.517578
9779.3 0.517075
9779.66 0.516632
9780.03 0.515007
9780.39 0.514748
9780.76 0.513542
9781.13 0.513321
9781.49 0.513123
9781.86 0.512917
9782.23 0.512726
9782.59 0.512558
9782.96 0.512413
9783.32 0.512276
9783.69 0.512093
9784.06 0.511841
9784.42 0.511452
9784.79 0.510895
9785.16 0.510178
9785.52 0.509277
9785.89 0.508194
9786.25 0.505257
9786.62 0.503868
9786.99 0.502357
9787.35 0.500557
9787.72 0.498924
9788.08 0.497223
9788.45 0.495491
9788.82 0.493759
9789.18 0.492043
9789.55 0.490341
9789.92 0.488632
9790.28 0.486931
9790.65 0.485222
9791.01 0.483528
9791.38 0.481857
9791.75 0.480217
9792.11 0.478584
9792.48 0.475433
9792.85 0.473724
9793.21 0.47197
9793.58 0.470154
9793.94 0.468414
9794.31 0.466415
9794.68 0.464287
9795.04 0.462059
9795.41 0.459755
9795.78 0.457413
9796.14 0.45504
9796.51 0.452637
9796.87 0.450195
9797.24 0.447716
9797.61 0.44519
9797.97 0.442665
9798.34 0.440178
9798.71 0.435196
9799.07 0.43306
9799.44 0.431129
9799.8 0.429398
9800.17 0.427856
9800.54 0.426445
9800.9 0.425331
9801.27 0.42437
9801.63 0.423546
9802 0.422836
9802.37 0.422234
9802.73 0.4217
9803.1 0.421219
9803.47 0.420761
9803.83 0.420326
9804.2 0.419884
9804.56 0.419434
9804.93 0.418922
9805.3 0.418335
9805.66 0.417664
9806.03 0.416916
9806.4 0.416092
9806.76 0.415192
9807.13 0.414886
9807.49 0.413864
9807.86 0.412811
9808.23 0.411743
9808.59 0.410728
9808.96 0.40976
9809.33 0.408913
9809.69 0.408173
9810.06 0.40757
9810.42 0.407097
9810.79 0.406593
9811.16 0.406487
9811.52 0.406479
9811.89 0.406563
9812.25 0.4067
9812.62 0.406891
9812.99 0.407097
9813.35 0.407356
9813.72 0.407608
9814.09 0.407867
9814.45 0.408134
9814.82 0.408409
9815.18 0.408691
9815.55 0.408997
9815.92 0.409348
9816.28 0.409752
9816.65 0.410225
9817.02 0.411186
9817.38 0.411926
9817.75 0.412773
9818.11 0.413773
9818.48 0.414909
9818.85 0.416199
9819.21 0.417633
9819.58 0.41922
9819.95 0.420074
9820.31 0.421806
9820.68 0.423668
9821.04 0.425652
9821.41 0.427773
9821.78 0.430016
9822.14 0.432381
9822.51 0.434875
9822.88 0.437447
9823.24 0.440895
9823.61 0.443535
9823.97 0.44619
9824.34 0.448822
9824.71 0.451393
9825.07 0.453819
9825.44 0.456062
9825.8 0.458084
9826.17 0.459862
9826.54 0.460304
9826.9 0.461823
9827.27 0.463158
9827.64 0.46431
9828 0.465324
9828.37 0.466194
9828.73 0.466949
9829.1 0.467598
9829.47 0.468384
9829.83 0.468887
9830.2 0.46936
9830.57 0.469826
9830.93 0.470284
9831.3 0.470734
9831.66 0.471153
9832.03 0.471527
9832.4 0.471832
9832.76 0.472054
9833.13 0.471878
9833.5 0.471916
9833.86 0.47184
9834.23 0.471642
9834.59 0.471291
9834.96 0.470787
9835.33 0.469231
9835.69 0.468262
9836.06 0.46711
9836.42 0.465805
9836.79 0.464317
9837.16 0.462662
9837.52 0.460838
9837.89 0.458885
9838.26 0.456848
9838.62 0.454811
9838.99 0.452812
9839.35 0.450882
9839.72 0.449455
9840.09 0.447678
9840.45 0.445961
9840.82 0.444305
9841.19 0.442734
9841.55 0.440392
9841.92 0.439034
9842.28 0.437752
9842.65 0.436516
9843.02 0.435341
9843.38 0.434242
9843.75 0.43325
9844.12 0.432388
9844.48 0.431648
9844.85 0.431061
9845.21 0.430618
9845.58 0.430313
9845.95 0.43013
9846.31 0.430382
9846.68 0.430367
9847.04 0.430435
9847.41 0.43058
9847.78 0.431267
9848.14 0.431633
9848.51 0.432106
9848.88 0.432671
9849.24 0.43335
9849.61 0.434128
9849.97 0.43502
9850.34 0.436043
9850.71 0.43721
9851.07 0.438507
9851.44 0.439934
9851.81 0.441498
9852.17 0.443184
9852.54 0.444069
9852.9 0.445885
9853.27 0.447784
9853.64 0.449753
9854 0.452675
9854.37 0.454636
9854.74 0.456528
9855.1 0.458321
9855.47 0.459999
9855.83 0.461533
9856.2 0.462929
9856.57 0.46418
9856.93 0.465279
9857.3 0.46624
9857.67 0.467064
9858.03 0.467789
9858.4 0.468437
9858.76 0.469048
9859.13 0.469009
9859.5 0.469589
9859.86 0.470207
9860.23 0.47094
9860.59 0.471756
9860.96 0.472694
9861.33 0.47377
9861.69 0.474976
9862.06 0.476311
9862.43 0.477768
9862.79 0.479332
9863.16 0.48098
9863.52 0.482704
9863.89 0.484474
9864.26 0.486275
9864.62 0.488106
9864.99 0.489952
9865.36 0.491829
9865.72 0.492432
9866.09 0.494324
9866.45 0.496811
9866.82 0.498718
9867.19 0.50061
9867.55 0.502487
9867.92 0.504349
9868.29 0.506172
9868.65 0.507957
9869.02 0.509682
9869.38 0.51133
9869.75 0.512901
9870.12 0.514397
9870.48 0.515808
9870.85 0.517136
9871.21 0.518387
9871.58 0.519569
9871.95 0.52066
9872.31 0.521507
9872.68 0.522499
9873.05 0.523438
9873.41 0.524338
9873.78 0.525208
9874.14 0.526054
9874.51 0.526886
9874.88 0.527702
9875.24 0.528511
9875.61 0.52932
9875.98 0.530128
9876.34 0.530945
9876.71 0.531754
9877.07 0.53257
9877.44 0.533363
9877.81 0.534134
9878.17 0.534866
9878.54 0.536118
9878.91 0.536713
9879.27 0.537422
9879.64 0.538124
9880 0.538834
9880.37 0.539558
9880.74 0.540298
9881.1 0.5411
9881.47 0.541939
9881.83 0.542839
9882.2 0.543785
9882.57 0.544769
9882.93 0.545769
9883.3 0.546776
9883.67 0.54776
9884.03 0.548729
9884.4 0.549675
9884.76 0.551971
9885.13 0.553345
9885.5 0.55426
9885.86 0.555168
9886.23 0.556053
9886.6 0.556923
9886.96 0.557785
9887.33 0.558655
9887.69 0.55954
9888.06 0.560448
9888.43 0.561363
9888.79 0.562279
9889.16 0.563187
9889.53 0.564087
9889.89 0.56498
9890.26 0.565872
9890.62 0.566757
9890.99 0.56881
9891.36 0.569588
9891.72 0.570679
9892.09 0.57135
9892.46 0.571983
9892.82 0.572578
9893.19 0.573158
9893.55 0.573738
9893.92 0.574341
9894.29 0.574951
9894.65 0.575584
9895.02 0.576241
9895.38 0.57695
9895.75 0.577713
9896.12 0.578537
9896.48 0.579453
9896.85 0.580437
9897.22 0.581955
9897.58 0.583061
9897.95 0.584244
9898.31 0.584518
9898.68 0.585762
9899.05 0.587135
9899.41 0.588654
9899.78 0.590294
9900.15 0.592041
9900.51 0.593887
9900.88 0.595833
9901.24 0.59787
9901.61 0.600021
9901.98 0.60228
9902.34 0.604652
9902.71 0.607117
9903.08 0.61039
9903.44 0.613159
9903.81 0.616104
9904.17 0.619255
9904.54 0.62265
9904.91 0.623459
9905.27 0.627174
9905.64 0.631226
9906 0.635689
9906.37 0.640648
9906.74 0.646179
9907.1 0.652206
9907.47 0.658325
9907.84 0.664078
9908.2 0.669304
9908.57 0.674057
9908.93 0.678429
9909.3 0.683281
9909.67 0.686935
9910.03 0.690277
9910.4 0.693306
9910.77 0.69606
9911.13 0.698555
9911.5 0.699097
9911.86 0.701317
9912.23 0.703331
9912.6 0.705132
9912.96 0.706749
9913.33 0.708183
9913.7 0.709457
9914.06 0.710594
9914.43 0.711624
9914.79 0.71257
9915.16 0.713448
9915.53 0.714767
9915.89 0.715546
9916.26 0.716316
9916.63 0.717079
9916.99 0.717873
9917.36 0.718742
9917.72 0.719696
9918.09 0.720482
9918.46 0.721581
9918.82 0.722786
9919.19 0.724106
9919.55 0.72554
9919.92 0.727112
9920.29 0.728828
9920.65 0.730698
9921.02 0.732712
9921.39 0.734909
9921.75 0.738365
9922.12 0.740906
9922.48 0.743599
9922.85 0.746468
9923.22 0.749489
9923.58 0.752678
9923.95 0.75602
9924.32 0.757042
9924.68 0.760536
9925.05 0.76416
9925.41 0.767906
9925.78 0.771767
9926.15 0.775703
9926.51 0.779594
9926.88 0.783348
9927.25 0.78688
9927.61 0.790154
9927.98 0.793976
9928.34 0.796692
9928.71 0.799171
9929.08 0.801414
9929.44 0.803436
9929.81 0.805267
9930.17 0.806908
9930.54 0.808434
9930.91 0.808853
9931.27 0.810226
9931.64 0.811523
9932.01 0.812744
9932.37 0.813904
9932.74 0.814987
9933.1 0.816002
9933.47 0.816978
9933.84 0.817932
9934.2 0.818657
9934.57 0.81958
9934.94 0.820549
9935.3 0.821594
9935.67 0.822731
9936.03 0.823997
9936.4 0.825432
9936.77 0.827057
9937.13 0.828842
9937.5 0.828987
9937.87 0.831024
9938.23 0.833199
9938.6 0.83551
9938.96 0.837959
9939.33 0.840561
9939.7 0.843346
9940.06 0.846992
9940.43 0.850288
9940.79 0.853851
9941.16 0.857719
9941.53 0.861916
9941.89 0.866478
9942.26 0.871422
9942.63 0.876762
9942.99 0.88253
9943.36 0.88871
9943.72 0.895233
9944.09 0.896202
9944.46 0.903023
9944.82 0.910004
9945.19 0.917007
9945.56 0.923874
9945.92 0.930466
9946.29 0.937614
9946.65 0.943443
9947.02 0.948868
9947.39 0.953903
9947.75 0.958572
9948.12 0.962883
9948.49 0.966866
9948.85 0.970535
9949.22 0.973915
9949.58 0.977013
9949.95 0.979828
9950.32 0.982376
9950.68 0.983101
9951.05 0.98539
9951.42 0.987442
9951.78 0.989296
9952.15 0.990959
9952.51 0.992973
9952.88 0.994278
9953.25 0.995422
9953.61 0.996429
9953.98 0.997307
9954.34 0.998077
9954.71 0.998749
9955.08 0.999336
9955.44 0.999817
9955.81 1.00021
9956.18 1.00049
9956.54 1.00069
9956.91 1.00074
9957.27 1.00087
9957.64 1.00101
9958.01 1.00117
9958.37 1.0014
9958.74 1.00187
9959.11 1.00228
9959.47 1.00276
9959.84 1.0033
9960.2 1.00392
9960.57 1.00461
9960.94 1.00535
9961.3 1.00615
9961.67 1.00698
9962.04 1.00784
9962.4 1.00873
9962.77 1.00964
9963.13 1.01055
9963.5 1.01138
9963.87 1.01234
9964.23 1.0133
9964.6 1.01427
9964.96 1.01624
9965.33 1.01726
9965.7 1.01828
9966.06 1.01931
9966.43 1.02034
9966.8 1.02137
9967.16 1.02242
9967.53 1.02351
9967.89 1.02461
9968.26 1.02576
9968.63 1.02694
9968.99 1.02818
9969.36 1.02945
9969.73 1.03078
9970.09 1.03176
9970.46 1.0331
9970.82 1.03535
9971.19 1.03672
9971.56 1.03813
9971.92 1.03958
9972.29 1.04108
9972.66 1.04263
9973.02 1.04424
9973.39 1.04591
9973.75 1.04768
9974.12 1.04951
9974.49 1.05145
9974.85 1.05347
9975.22 1.05556
9975.58 1.05774
9975.95 1.06002
9976.32 1.06244
9976.68 1.0625
9977.05 1.06486
9977.42 1.06746
9977.78 1.07025
9978.15 1.07322
9978.51 1.07634
9978.88 1.07961
9979.25 1.08304
9979.61 1.08662
9979.98 1.09031
9980.35 1.09406
9980.71 1.09782
9981.08 1.10163
9981.44 1.10548
9981.81 1.10942
9982.18 1.11349
9982.54 1.11771
9982.91 1.12211
9983.28 1.12206
9983.64 1.12665
9984.01 1.13144
9984.37 1.13645
9984.74 1.14172
9985.11 1.14725
9985.47 1.15308
9985.84 1.15912
9986.21 1.16529
9986.57 1.17154
9986.94 1.17786
9987.3 1.18428
9987.67 1.19084
9988.04 1.19752
9988.4 1.20421
9988.77 1.21077
9989.13 1.21702
9989.5 1.22333
9989.87 1.22384
9990.23 1.22911
9990.6 1.23383
9990.97 1.23802
9991.33 1.2417
9991.7 1.24492
9992.06 1.24775
9992.43 1.25021
9992.8 1.25237
9993.16 1.25426
9993.53 1.25592
9993.9 1.25739
9994.26 1.25871
9994.63 1.25993
9994.99 1.26105
9995.36 1.26214
9995.73 1.26396
9996.09 1.26479
9996.46 1.26595
9996.83 1.26714
9997.19 1.26835
9997.56 1.26961
9997.92 1.2709
9998.29 1.27225
9998.66 1.27361
9999.02 1.27501
9999.39 1.27641
9999.75 1.2778
10000.1 1.27921
10000.5 1.28062
10000.9 1.28204
10001.2 1.28347
10001.6 1.2849
10002 1.2878
10002.3 1.28925
10002.7 1.29065
10003.1 1.29208
10003.4 1.29355
10003.8 1.29505
10004.1 1.29659
10004.5 1.29814
10004.9 1.29975
10005.2 1.30141
10005.6 1.30315
10006 1.30498
10006.3 1.30689
10006.7 1.30889
10007.1 1.31097
10007.4 1.31315
10007.8 1.31637
10008.2 1.31878
10008.5 1.32131
10008.9 1.32396
10009.3 1.32486
10009.6 1.32758
10010 1.33038
10010.4 1.33327
10010.7 1.33626
10011.1 1.33936
10011.5 1.34261
10011.8 1.34603
10012.2 1.34963
10012.6 1.3534
10012.9 1.35732
10013.3 1.36135
10013.7 1.36544
10014 1.37002
10014.4 1.37408
10014.8 1.37802
10015.1 1.38184
10015.5 1.38553
10015.9 1.38618
10016.2 1.38982
10016.6 1.39336
10017 1.39683
10017.3 1.40021
10017.7 1.40348
10018.1 1.40665
10018.4 1.40974
10018.8 1.41275
10019.2 1.41569
10019.5 1.41857
10019.9 1.42139
10020.3 1.42547
10020.6 1.42817
10021 1.4308
10021.4 1.43334
10021.7 1.43579
10022.1 1.43815
10022.5 1.43953
10022.8 1.44174
10023.2 1.44382
10023.6 1.44579
10023.9 1.44759
10024.3 1.44923
10024.7 1.45071
10025 1.45203
10025.4 1.45318
10025.8 1.45419
10026.1 1.45505
10026.5 1.45635
10026.9 1.45689
10027.2 1.45732
10027.6 1.45766
10028 1.45792
10028.3 1.45815
10028.7 1.45836
10029.1 1.45861
10029.4 1.45891
10029.8 1.45926
10030.2 1.45969
10030.5 1.46021
10030.9 1.46084
10031.2 1.46157
10031.6 1.46241
10032 1.46336
10032.3 1.46442
10032.7 1.46664
10033.1 1.46794
10033.4 1.46931
10033.8 1.47073
10034.2 1.47219
10034.5 1.47369
10034.9 1.4752
10035.3 1.47617
10035.6 1.47765
10036 1.47913
10036.4 1.48061
10036.7 1.48209
10037.1 1.48352
10037.5 1.48493
10037.8 1.48631
10038.2 1.48766
10038.6 1.48946
10038.9 1.49071
10039.3 1.49192
10039.7 1.49307
10040 1.49415
10040.4 1.49516
10040.8 1.49609
10041.1 1.49695
10041.5 1.49774
10041.9 1.49833
10042.2 1.49908
10042.6 1.49976
10043 1.50035
10043.3 1.50085
10043.7 1.50125
10044.1 1.50156
10044.4 1.50175
10044.8 1.50248
10045.2 1.50243
10045.5 1.50227
10045.9 1.50201
10046.3 1.50168
10046.6 1.50128
10047 1.50085
10047.4 1.5004
10047.7 1.49993
10048.1 1.49947
10048.5 1.49979
10048.8 1.49938
10049.2 1.49905
10049.6 1.49882
10049.9 1.49868
10050.3 1.49863
10050.7 1.49869
10051 1.49954
10051.4 1.49984
10051.8 1.50024
10052.1 1.50074
10052.5 1.50134
10052.9 1.50202
10053.2 1.50278
10053.6 1.50362
10054 1.50455
10054.3 1.50554
10054.7 1.5066
10055.1 1.50735
10055.4 1.50843
10055.8 1.50956
10056.2 1.51074
10056.5 1.51197
10056.9 1.51324
10057.3 1.51482
10057.6 1.51609
10058 1.51742
10058.3 1.51886
10058.7 1.52044
10059.1 1.52219
10059.4 1.52415
10059.8 1.52634
10060.2 1.52882
10060.5 1.53157
10060.9 1.53467
10061.3 1.53812
10061.6 1.53804
10062 1.54186
10062.4 1.54591
10062.7 1.55001
10063.1 1.55403
10063.5 1.55801
10063.8 1.56163
10064.2 1.565
10064.6 1.5681
10064.9 1.57091
10065.3 1.57344
10065.7 1.57569
10066 1.57768
10066.4 1.57941
10066.8 1.58088
10067.1 1.5821
10067.5 1.58305
10067.9 1.58278
10068.2 1.58337
10068.6 1.58367
10069 1.58369
10069.3 1.58345
10069.7 1.58192
10070.1 1.5811
10070.4 1.58015
10070.8 1.57911
10071.2 1.57802
10071.5 1.57691
10071.9 1.57582
10072.3 1.57478
10072.6 1.57381
10073 1.57292
10073.4 1.57212
10073.7 1.57142
10074.1 1.57081
10074.5 1.57073
10074.8 1.57036
10075.2 1.57008
10075.6 1.57028
10075.9 1.57024
10076.3 1.57027
10076.7 1.57034
10077 1.57043
10077.4 1.57055
10077.8 1.57067
10078.1 1.57077
10078.5 1.57085
10078.9 1.57089
10079.2 1.5709
10079.6 1.57085
10080 1.57075
10080.3 1.57058
10080.7 1.57034
10081.1 1.57085
10081.4 1.57048
10081.8 1.57037
10082.2 1.56979
10082.5 1.56911
10082.9 1.56836
10083.3 1.56752
10083.6 1.56661
10084 1.56561
10084.3 1.56452
10084.7 1.56334
10085.1 1.56204
10085.4 1.56062
10085.8 1.55906
10086.2 1.55734
10086.5 1.55544
10086.9 1.55335
10087.3 1.55101
10087.6 1.54906
10088 1.54381
10088.4 1.54048
10088.7 1.53696
10089.1 1.5333
10089.5 1.52959
10089.8 1.52584
10090.2 1.5221
10090.6 1.51838
10090.9 1.51472
10091.3 1.51118
10091.7 1.50777
10092 1.50453
10092.4 1.50143
10092.8 1.49844
10093.1 1.49557
10093.5 1.4928
10093.9 1.49011
10094.2 1.48763
10094.6 1.48519
10095 1.48284
10095.3 1.48058
10095.7 1.4784
10096.1 1.47633
10096.4 1.47433
10096.8 1.47243
10097.2 1.47061
10097.5 1.46886
10097.9 1.46718
10098.3 1.46553
10098.6 1.46394
10099 1.46239
10099.4 1.46089
10099.7 1.45943
10100.1 1.45801
10100.5 1.45715
10100.8 1.45577
10101.2 1.45448
10101.6 1.45328
10101.9 1.45216
10102.3 1.45114
10102.7 1.4502
10103 1.44933
10103.4 1.44855
10103.8 1.44786
10104.1 1.44724
10104.5 1.44671
10104.9 1.44622
10105.2 1.44577
10105.6 1.44532
10106 1.44486
10106.3 1.44375
10106.7 1.44317
10107.1 1.44239
10107.4 1.44168
10107.8 1.44093
10108.2 1.44013
10108.5 1.43928
10108.9 1.43835
10109.3 1.43736
10109.6 1.43626
10110 1.43512
10110.4 1.43394
10110.7 1.43273
10111.1 1.43152
10111.4 1.4303
10111.8 1.42904
10112.2 1.42776
10112.5 1.42543
10112.9 1.42413
10113.3 1.42282
10113.6 1.42188
10114 1.42054
10114.4 1.41914
10114.7 1.41769
10115.1 1.4162
10115.5 1.41465
10115.8 1.41306
10116.2 1.41141
10116.6 1.40974
10116.9 1.40804
10117.3 1.40635
10117.7 1.40465
10118 1.40292
10118.4 1.40116
10118.8 1.39828
10119.1 1.39634
10119.5 1.39431
10119.9 1.39217
10120.2 1.39077
10120.6 1.38835
10121 1.38573
10121.3 1.38288
10121.7 1.37978
10122.1 1.37642
10122.4 1.3728
10122.8 1.3689
10123.2 1.36473
10123.5 1.36028
10123.9 1.3556
10124.3 1.35076
10124.6 1.34587
10125 1.33738
10125.4 1.33285
10125.7 1.32857
10126.1 1.32455
10126.5 1.32081
10126.8 1.31831
10127.2 1.31506
10127.6 1.31203
10127.9 1.3092
10128.3 1.30654
10128.7 1.30405
10129 1.30173
10129.4 1.29955
10129.8 1.29748
10130.1 1.2955
10130.5 1.29361
10130.9 1.2918
10131.2 1.28935
10131.6 1.28783
10132 1.28638
10132.3 1.28501
10132.7 1.28371
10133.1 1.28335
10133.4 1.28217
10133.8 1.28108
10134.2 1.28008
10134.5 1.27918
10134.9 1.2784
10135.3 1.27773
10135.6 1.27716
10136 1.27666
10136.4 1.27625
10136.7 1.27588
10137.1 1.27568
10137.5 1.27538
10137.8 1.27511
10138.2 1.27483
10138.5 1.27455
10138.9 1.27427
10139.3 1.27397
10139.6 1.27381
10140 1.27343
10140.4 1.273
10140.7 1.27251
10141.1 1.27197
10141.5 1.27135
10141.8 1.27068
10142.2 1.26993
10142.6 1.26908
10142.9 1.26814
10143.3 1.26624
10143.7 1.26504
10144 1.26375
10144.4 1.26241
10144.8 1.26097
10145.1 1.25945
10145.5 1.25783
10145.9 1.25613
10146.2 1.2548
10146.6 1.25294
10147 1.251
10147.3 1.24897
10147.7 1.24683
10148.1 1.24461
10148.4 1.24229
10148.8 1.23988
10149.2 1.23738
10149.5 1.23275
10149.9 1.23005
10150.3 1.22729
10150.6 1.22456
10151 1.22185
10151.4 1.21922
10151.7 1.21667
10152.1 1.2142
10152.5 1.21185
10152.8 1.21027
10153.2 1.20817
10153.6 1.20625
10153.9 1.20451
10154.3 1.20296
10154.7 1.20159
10155 1.20038
10155.4 1.19933
10155.8 1.19817
10156.1 1.19746
10156.5 1.19685
10156.9 1.19635
10157.2 1.19594
10157.6 1.19562
10158 1.19536
10158.3 1.19516
10158.7 1.19498
10159.1 1.19482
10159.4 1.19488
10159.8 1.19469
10160.2 1.19452
10160.5 1.19434
10160.9 1.19415
10161.3 1.19391
10161.6 1.19363
10162 1.19275
10162.4 1.19226
10162.7 1.1917
10163.1 1.19102
10163.5 1.19024
10163.8 1.18934
10164.2 1.18834
10164.5 1.18726
10164.9 1.18612
10165.3 1.18494
10165.6 1.18372
10166 1.18322
10166.4 1.18204
10166.7 1.18084
10167.1 1.17964
10167.5 1.17842
10167.8 1.17719
10168.2 1.17575
10168.6 1.17448
10168.9 1.17316
10169.3 1.17179
10169.7 1.17034
10170 1.16881
10170.4 1.16718
10170.8 1.16545
10171.1 1.16364
10171.5 1.16177
10171.9 1.15983
10172.2 1.15938
10172.6 1.15736
10173 1.15529
10173.3 1.15319
10173.7 1.15109
10174.1 1.14846
10174.4 1.14643
10174.8 1.14445
10175.2 1.14255
10175.5 1.14073
10175.9 1.13902
10176.3 1.13741
10176.6 1.13593
10177 1.13457
10177.4 1.13333
10177.7 1.13224
10178.1 1.13128
10178.5 1.13045
10178.8 1.1309
10179.2 1.13023
10179.6 1.12963
10179.9 1.12908
10180.3 1.12914
10180.7 1.12866
10181 1.1282
10181.4 1.12778
10181.8 1.12738
10182.1 1.12701
10182.5 1.1267
10182.9 1.12642
10183.2 1.12617
10183.6 1.12595
10184 1.12577
10184.3 1.12563
10184.7 1.12556
10185.1 1.12552
10185.4 1.12562
10185.8 1.12548
10186.2 1.12531
10186.5 1.12453
10186.9 1.12397
10187.3 1.1233
10187.6 1.12249
10188 1.12153
10188.4 1.12039
10188.7 1.11906
10189.1 1.11749
10189.5 1.1157
10189.8 1.11366
10190.2 1.11135
10190.6 1.10877
10190.9 1.10595
10191.3 1.10296
10191.6 1.09991
10192 1.09709
10192.4 1.09426
10192.7 1.08939
10193.1 1.08709
10193.5 1.08495
10193.8 1.08292
10194.2 1.08097
10194.6 1.0791
10194.9 1.0773
10195.3 1.07555
10195.7 1.07388
10196 1.07226
10196.4 1.07067
10196.8 1.06908
10197.1 1.06747
10197.5 1.06585
10197.9 1.0642
10198.2 1.06256
10198.6 1.06184
10199 1.05956
10199.3 1.05795
10199.7 1.05637
10200.1 1.05479
10200.4 1.05325
10200.8 1.05175
10201.2 1.05029
10201.5 1.04887
10201.9 1.04751
10202.3 1.0462
10202.6 1.04497
10203 1.04381
10203.4 1.04274
10203.7 1.04175
10204.1 1.04086
10204.5 1.04008
10204.8 1.03912
10205.2 1.03854
10205.6 1.03803
10205.9 1.03761
10206.3 1.03724
10206.7 1.03691
10207 1.03663
10207.4 1.03638
10207.8 1.03614
10208.1 1.03589
10208.5 1.03558
10208.9 1.03524
10209.2 1.03484
10209.6 1.0344
10210 1.03389
10210.3 1.03333
10210.7 1.03268
10211.1 1.03138
10211.4 1.03078
10211.8 1.03001
10212.2 1.02917
10212.5 1.02831
10212.9 1.0274
10213.3 1.02647
10213.6 1.02552
10214 1.02454
10214.4 1.02358
10214.7 1.02263
10215.1 1.02171
10215.5 1.02084
10215.8 1.02002
10216.2 1.01929
10216.6 1.01864
10216.9 1.01808
10217.3 1.01749
10217.7 1.01716
10218 1.01715
10218.4 1.01694
10218.7 1.0168
10219.1 1.01672
10219.5 1.01669
10219.8 1.01672
10220.2 1.01679
10220.6 1.01691
10220.9 1.01707
10221.3 1.01729
10221.7 1.01756
10222 1.01789
10222.4 1.01825
10222.8 1.01863
10223.1 1.01904
10223.5 1.01971
10223.9 1.02008
10224.2 1.02043
10224.6 1.02061
10225 1.02087
10225.3 1.02109
10225.7 1.02122
10226.1 1.02128
10226.4 1.02122
10226.8 1.02105
10227.2 1.02074
10227.5 1.02029
10227.9 1.01968
10228.3 1.01892
10228.6 1.018
10229 1.01691
10229.4 1.01567
10229.7 1.01213
10230.1 1.0107
10230.5 1.0094
10230.8 1.0083
10231.2 1.00634
10231.6 1.0058
10231.9 1.00567
10232.3 1.00593
10232.7 1.00654
10233 1.0074
10233.4 1.00841
10233.8 1.00948
10234.1 1.01058
10234.5 1.01167
10234.9 1.01274
10235.2 1.01379
10235.6 1.0148
10236 1.0164
10236.3 1.01741
10236.7 1.01837
10237.1 1.01927
10237.4 1.02011
10237.8 1.021
10238.2 1.02179
10238.5 1.02251
10238.9 1.02316
10239.3 1.02375
10239.6 1.02425
10240 1.02468
10240.4 1.02502
10240.7 1.02526
10241.1 1.02541
10241.5 1.02545
10241.8 1.02604
10242.2 1.02585
10242.6 1.02556
10242.9 1.02516
10243.3 1.02465
10243.7 1.02403
10244 1.02409
10244.4 1.02326
10244.8 1.02235
10245.1 1.02136
10245.5 1.02031
10245.8 1.0192
10246.2 1.01806
10246.6 1.01686
10246.9 1.01561
10247.3 1.01431
10247.7 1.01296
10248 1.0107
10248.4 1.0092
10248.8 1.00764
10249.1 1.00603
10249.5 1.00433
10249.9 1.00255
10250.2 1.00065
10250.6 0.998917
10251 0.996727
10251.3 0.994423
10251.7 0.992027
10252.1 0.989586
10252.4 0.987114
10252.8 0.98465
10253.2 0.982239
10253.5 0.979935
10253.9 0.977821
10254.3 0.974144
10254.6 0.97271
10255 0.971489
10255.4 0.970467
10255.7 0.969627
10256.1 0.968918
10256.5 0.968315
10256.8 0.967758
10257.2 0.967033
10257.6 0.966545
10257.9 0.966034
10258.3 0.965485
10258.7 0.964905
10259 0.964287
10259.4 0.963608
10259.8 0.962875
10260.1 0.962105
10260.5 0.960876
10260.9 0.960091
10261.2 0.959274
10261.6 0.958412
10262 0.957504
10262.3 0.956543
10262.7 0.955544
10263.1 0.954514
10263.4 0.95343
10263.8 0.952835
10264.2 0.951645
10264.5 0.950409
10264.9 0.949165
10265.3 0.947922
10265.6 0.946709
10266 0.945549
10266.4 0.944458
10266.7 0.942665
10267.1 0.94178
10267.5 0.940979
10267.8 0.940262
10268.2 0.939651
10268.6 0.939186
10268.9 0.938858
10269.3 0.93866
10269.7 0.938606
10270 0.93866
10270.4 0.938599
10270.8 0.938812
10271.1 0.93914
10271.5 0.93959
10271.8 0.940155
10272.2 0.940842
10272.6 0.941902
10272.9 0.942802
10273.3 0.943718
10273.7 0.944611
10274 0.945419
10274.4 0.946136
10274.8 0.946754
10275.1 0.947266
10275.5 0.947678
10275.9 0.94799
10276.2 0.948204
10276.6 0.948608
10277 0.948723
10277.3 0.948769
10277.7 0.948769
10278.1 0.948738
10278.4 0.948685
10278.8 0.949089
10279.2 0.94902
10279.5 0.948952
10279.9 0.948898
10280.3 0.948853
10280.6 0.948807
10281 0.948746
10281.4 0.948669
10281.7 0.948563
10282.1 0.948425
10282.5 0.948265
10282.8 0.948067
10283.2 0.948433
10283.6 0.948112
10283.9 0.947716
10284.3 0.947205
10284.7 0.946579
10285 0.945564
10285.4 0.944557
10285.8 0.943466
10286.1 0.942291
10286.5 0.941055
10286.9 0.939812
10287.2 0.938599
10287.6 0.937454
10288 0.936424
10288.3 0.935493
10288.7 0.934669
10289.1 0.933945
10289.4 0.933304
10289.8 0.933731
10290.2 0.933235
10290.5 0.9328
10290.9 0.932404
10291.3 0.932709
10291.6 0.932396
10292 0.932083
10292.4 0.931778
10292.7 0.93148
10293.1 0.931183
10293.5 0.930885
10293.8 0.930595
10294.2 0.930305
10294.6 0.930023
10294.9 0.929733
10295.3 0.929466
10295.7 0.929214
10296 0.928993
10296.4 0.929497
10296.8 0.929337
10297.1 0.929214
10297.5 0.929726
10297.9 0.929688
10298.2 0.92968
10298.6 0.929695
10298.9 0.929741
10299.3 0.929832
10299.7 0.929977
10300 0.930161
10300.4 0.930405
10300.8 0.930717
10301.1 0.931091
10301.5 0.931549
10301.9 0.932076
10302.2 0.932686
10302.6 0.93338
10303 0.934311
10303.3 0.935089
10303.7 0.936913
10304.1 0.93782
10304.4 0.938789
10304.8 0.939827
10305.2 0.94091
10305.5 0.942032
10305.9 0.943169
10306.3 0.944313
10306.6 0.945465
10307 0.94664
10307.4 0.947845
10307.7 0.949081
10308.1 0.950348
10308.5 0.951645
10308.8 0.952957
10309.2 0.954315
10309.6 0.955963
10309.9 0.957359
10310.3 0.958832
10310.7 0.960403
10311 0.962105
10311.4 0.963936
10311.8 0.965897
10312.1 0.967972
10312.5 0.970131
10312.9 0.972366
10313.2 0.974655
10313.6 0.976974
10314 0.979309
10314.3 0.981651
10314.7 0.983971
10315.1 0.98629
10315.4 0.988579
10315.8 0.990799
10316.2 0.993065
10316.5 0.995293
10316.9 0.99749
10317.3 0.999634
10317.6 1.00173
10318 1.00378
10318.4 1.0058
10318.7 1.00777
10319.1 1.0097
10319.5 1.0116
10319.8 1.01347
10320.2 1.01531
10320.6 1.01711
10320.9 1.01889
10321.3 1.02063
10321.7 1.02235
10322 1.02526
10322.4 1.02649
10322.8 1.02821
10323.1 1.02989
10323.5 1.03159
10323.9 1.03327
10324.2 1.03497
10324.6 1.03667
10325 1.03834
10325.3 1.03998
10325.7 1.04158
10326 1.04313
10326.4 1.04463
10326.8 1.04609
10327.1 1.04751
10327.5 1.04888
10327.9 1.05021
10328.2 1.05302
10328.6 1.05428
10329 1.05584
10329.3 1.05709
10329.7 1.05831
10330.1 1.05952
10330.4 1.06074
10330.8 1.06194
10331.2 1.06317
10331.5 1.06441
10331.9 1.06568
10332.3 1.06699
10332.6 1.06836
10333 1.06979
10333.4 1.07126
10333.7 1.07278
10334.1 1.07435
10334.5 1.07757
10334.8 1.07919
10335.2 1.08083
10335.6 1.08236
10335.9 1.08396
10336.3 1.08555
10336.7 1.08711
10337 1.08865
10337.4 1.09016
10337.8 1.09164
10338.1 1.09311
10338.5 1.09456
10338.9 1.096
10339.2 1.09744
10339.6 1.09889
10340 1.10036
10340.3 1.10283
10340.7 1.10433
10341.1 1.10586
10341.4 1.10743
10341.8 1.10903
10342.2 1.10986
10342.5 1.11148
10342.9 1.11315
10343.3 1.11491
10343.6 1.11679
10344 1.11879
10344.4 1.1209
10344.7 1.12312
10345.1 1.12537
10345.5 1.12766
10345.8 1.12995
10346.2 1.13226
10346.6 1.13561
10346.9 1.13794
10347.3 1.14024
10347.7 1.14249
10348 1.14472
10348.4 1.14593
10348.8 1.14817
10349.1 1.15042
10349.5 1.15269
10349.9 1.15497
10350.2 1.15726
10350.6 1.15955
10351 1.1619
10351.3 1.16431
10351.7 1.16682
10352 1.16943
10352.4 1.17211
10352.8 1.17599
10353.1 1.17867
10353.5 1.1813
10353.9 1.18387
10354.2 1.18636
10354.6 1.18873
10355 1.1897
10355.3 1.19192
10355.7 1.19398
10356.1 1.19593
10356.4 1.19778
10356.8 1.19954
10357.2 1.20125
10357.5 1.20288
10357.9 1.20446
10358.3 1.20596
10358.6 1.20741
10359 1.20946
10359.4 1.21086
10359.7 1.21229
10360.1 1.21375
10360.5 1.21523
10360.8 1.21672
10361.2 1.21822
10361.6 1.21902
10361.9 1.22054
10362.3 1.22205
10362.7 1.22357
10363 1.22513
10363.4 1.2267
10363.8 1.22829
10364.1 1.22989
10364.5 1.2315
10364.9 1.23314
10365.2 1.23569
10365.6 1.23746
10366 1.2393
10366.3 1.24119
10366.7 1.24314
10367.1 1.24514
10367.4 1.24718
10367.8 1.24927
10368.2 1.25031
10368.5 1.25243
10368.9 1.25454
10369.3 1.2566
10369.6 1.25857
10370 1.26043
10370.4 1.26216
10370.7 1.26377
10371.1 1.26524
10371.5 1.26758
10371.8 1.26871
10372.2 1.2697
10372.6 1.27054
10372.9 1.27123
10373.3 1.27179
10373.7 1.27222
10374 1.27251
10374.4 1.27268
10374.8 1.27302
10375.1 1.27296
10375.5 1.27282
10375.9 1.27262
10376.2 1.2724
10376.6 1.27219
10377 1.272
10377.3 1.27178
10377.7 1.27168
10378.1 1.27165
10378.4 1.27173
10378.8 1.27193
10379.1 1.27228
10379.5 1.27278
10379.9 1.27343
10380.2 1.2742
10380.6 1.27507
10381 1.27603
10381.3 1.27637
10381.7 1.27744
10382.1 1.27854
10382.4 1.27968
10382.8 1.28085
10383.2 1.28202
10383.5 1.28374
10383.9 1.28497
10384.3 1.28622
10384.6 1.28751
10385 1.28883
10385.4 1.29019
10385.7 1.29159
10386.1 1.29301
10386.5 1.29446
10386.8 1.29594
10387.2 1.29748
10387.6 1.29793
10387.9 1.29951
10388.3 1.30117
10388.7 1.30287
10389 1.30461
10389.4 1.30633
10389.8 1.30829
10390.1 1.3099
10390.5 1.31143
10390.9 1.31285
10391.2 1.31416
10391.6 1.31532
10392 1.31635
10392.3 1.31726
10392.7 1.31808
10393.1 1.31881
10393.4 1.31947
10393.8 1.32009
10394.2 1.32052
10394.5 1.32114
10394.9 1.32174
10395.3 1.32231
10395.6 1.32287
10396 1.32407
10396.4 1.32467
10396.7 1.32527
10397.1 1.32589
10397.5 1.3265
10397.8 1.32713
10398.2 1.32777
10398.6 1.32845
10398.9 1.32917
10399.3 1.32996
10399.7 1.33078
10400 1.33166
10400.4 1.33257
10400.8 1.33354
10401.1 1.33453
10401.5 1.33556
10401.9 1.33662
10402.2 1.33884
10402.6 1.34
10403 1.34118
10403.3 1.34239
10403.7 1.34361
10404.1 1.34486
10404.4 1.34612
10404.8 1.34737
10405.2 1.34863
10405.5 1.34989
10405.9 1.35113
10406.2 1.35236
10406.6 1.35356
10407 1.35474
10407.3 1.35587
10407.7 1.35698
10408.1 1.35905
10408.4 1.36005
10408.8 1.36102
10409.2 1.36197
10409.5 1.36289
10409.9 1.3638
10410.3 1.36471
10410.6 1.36562
10411 1.36654
10411.4 1.36748
10411.7 1.36844
10412.1 1.36943
10412.5 1.37044
10412.8 1.37147
10413.2 1.37251
10413.6 1.37357
10413.9 1.37389
10414.3 1.37524
10414.7 1.3763
10415 1.37737
10415.4 1.37845
10415.8 1.37951
10416.1 1.38052
10416.5 1.38145
10416.9 1.38228
10417.2 1.383
10417.6 1.38363
10418 1.38417
10418.3 1.38464
10418.7 1.38504
10419.1 1.38539
10419.4 1.38568
10419.8 1.38593
10420.2 1.38654
10420.5 1.38749
10420.9 1.38779
10421.3 1.38808
10421.6 1.3884
10422 1.38873
10422.4 1.38909
10422.7 1.38948
10423.1 1.38992
10423.5 1.3904
10423.8 1.39094
10424.2 1.39154
10424.6 1.39223
10424.9 1.39301
10425.3 1.39388
10425.7 1.39487
10426 1.39601
10426.4 1.39729
10426.8 1.39875
10427.1 1.40018
10427.5 1.4018
10427.9 1.40365
10428.2 1.40572
10428.6 1.40804
10429 1.4106
10429.3 1.41341
10429.7 1.41642
10430.1 1.41957
10430.4 1.42278
10430.8 1.42601
10431.2 1.42921
10431.5 1.43242
10431.9 1.4356
10432.3 1.43872
10432.6 1.44173
10433 1.44513
10433.3 1.44565
10433.7 1.4483
10434.1 1.45081
10434.4 1.45316
10434.8 1.45538
10435.2 1.45746
10435.5 1.45942
10435.9 1.46126
10436.3 1.46301
10436.6 1.46471
10437 1.46637
10437.4 1.46803
10437.7 1.4697
10438.1 1.47141
10438.5 1.47318
10438.8 1.47502
10439.2 1.47767
10439.6 1.47975
10439.9 1.48062
10440.3 1.48286
10440.7 1.48515
10441 1.48747
10441.4 1.48981
10441.8 1.49211
10442.1 1.49439
10442.5 1.49662
10442.9 1.49878
10443.2 1.50087
10443.6 1.50288
10444 1.50484
10444.3 1.50671
10444.7 1.50852
10445.1 1.5116
10445.4 1.51328
10445.8 1.5149
10446.2 1.51646
10446.5 1.51762
10446.9 1.51909
10447.3 1.52048
10447.6 1.52181
10448 1.52309
10448.4 1.5243
10448.7 1.52547
10449.1 1.52659
10449.5 1.52766
10449.8 1.52868
10450.2 1.52964
10450.6 1.53054
10450.9 1.53141
10451.3 1.53305
10451.7 1.53387
10452 1.53468
10452.4 1.53546
10452.8 1.53623
10453.1 1.53703
10453.5 1.53781
10453.9 1.53862
10454.2 1.53946
10454.6 1.54035
10455 1.54129
10455.3 1.54231
10455.7 1.54341
10456.1 1.5446
10456.4 1.54589
10456.8 1.54726
10457.2 1.54874
10457.5 1.55123
10457.9 1.55288
10458.3 1.5546
10458.6 1.55636
10459 1.55814
10459.3 1.55915
10459.7 1.56097
10460.1 1.56277
10460.4 1.56454
10460.8 1.5663
10461.2 1.56802
10461.5 1.5697
10461.9 1.57136
10462.3 1.57298
10462.6 1.5746
10463 1.57623
10463.4 1.57787
10463.7 1.58079
10464.1 1.58249
10464.5 1.58422
10464.8 1.58598
10465.2 1.58779
10465.6 1.58967
10465.9 1.5909
10466.3 1.59284
10466.7 1.59489
10467 1.59702
10467.4 1.59926
10467.8 1.6016
10468.1 1.60406
10468.5 1.60663
10468.9 1.60932
10469.2 1.61217
10469.6 1.61517
10470 1.6195
10470.3 1.62277
10470.7 1.62617
10471.1 1.62965
10471.4 1.63322
10471.8 1.63689
10472.2 1.64062
10472.5 1.64157
10472.9 1.64526
10473.3 1.6489
10473.6 1.65241
10474 1.65579
10474.4 1.65902
10474.7 1.66209
10475.1 1.66502
10475.5 1.6678
10475.8 1.67117
10476.2 1.67368
10476.6 1.67609
10476.9 1.67841
10477.3 1.68065
10477.7 1.68282
10478 1.68493
10478.4 1.68703
10478.8 1.68911
10479.1 1.68968
10479.5 1.69176
10479.9 1.69388
10480.2 1.69601
10480.6 1.69813
10481 1.70017
10481.3 1.70213
10481.7 1.70401
10482.1 1.70628
10482.4 1.70792
10482.8 1.7094
10483.2 1.71072
10483.5 1.7119
10483.9 1.71295
10484.3 1.7139
10484.6 1.71477
10485 1.71558
10485.4 1.71632
10485.7 1.71693
10486.1 1.71764
10486.4 1.71827
10486.8 1.71884
10487.2 1.71938
10487.5 1.71988
10487.9 1.72035
10488.3 1.72122
10488.6 1.72159
10489 1.72193
10489.4 1.72225
10489.7 1.72257
10490.1 1.72289
10490.5 1.72321
10490.8 1.72354
10491.2 1.72388
10491.6 1.72425
10491.9 1.72428
10492.3 1.72466
10492.7 1.72511
10493 1.7256
10493.4 1.72617
10493.8 1.72681
10494.1 1.72753
10494.5 1.72829
10494.9 1.72917
10495.2 1.73015
10495.6 1.73124
10496 1.73243
10496.3 1.73372
10496.7 1.73511
10497.1 1.73659
10497.4 1.73812
10497.8 1.7397
10498.2 1.74126
10498.5 1.74142
10498.9 1.743
10499.3 1.74451
10499.6 1.74594
10500 1.74728
10500.4 1.74857
10500.7 1.75037
10501.1 1.75162
10501.5 1.75282
10501.8 1.75401
10502.2 1.75516
10502.6 1.75629
10502.9 1.75742
10503.3 1.75854
10503.7 1.7597
10504 1.76089
10504.4 1.76209
10504.8 1.7633
10505.1 1.76425
10505.5 1.76545
10505.9 1.76664
10506.2 1.76781
10506.6 1.76897
10507 1.77106
10507.3 1.77219
10507.7 1.77332
10508.1 1.77444
10508.4 1.77555
10508.8 1.77665
10509.2 1.77776
10509.5 1.77886
10509.9 1.77993
10510.3 1.78097
10510.6 1.78195
10511 1.78289
10511.4 1.78378
10511.7 1.78457
10512.1 1.78536
10512.5 1.78613
10512.8 1.78749
10513.2 1.78817
10513.5 1.78884
10513.9 1.78954
10514.3 1.79025
10514.6 1.79103
10515 1.79189
10515.4 1.79285
10515.7 1.79394
10516.1 1.79515
10516.5 1.79652
10516.8 1.798
10517.2 1.79962
10517.6 1.80136
10517.9 1.80319
10518.3 1.80359
10518.7 1.80548
10519 1.80772
10519.4 1.80971
10519.8 1.81175
10520.1 1.81387
10520.5 1.81605
10520.9 1.81824
10521.2 1.82043
10521.6 1.82249
10522 1.82438
10522.3 1.82604
10522.7 1.82745
10523.1 1.82861
10523.4 1.82951
10523.8 1.83021
10524.2 1.83069
10524.5 1.83096
10524.9 1.83064
10525.3 1.83031
10525.6 1.83014
10526 1.82982
10526.4 1.82935
10526.7 1.82877
10527.1 1.82808
10527.5 1.82729
10527.8 1.82642
10528.2 1.82544
10528.6 1.82438
10528.9 1.82322
10529.3 1.82198
10529.7 1.82069
10530 1.81933
10530.4 1.81792
10530.8 1.81645
10531.1 1.8158
10531.5 1.81367
10531.9 1.81217
10532.2 1.81067
10532.6 1.80918
10533 1.80772
10533.3 1.80632
10533.7 1.80496
10534.1 1.80366
10534.4 1.80239
10534.8 1.80119
10535.2 1.80003
10535.5 1.79893
10535.9 1.79787
10536.3 1.79682
10536.6 1.79579
10537 1.79475
10537.4 1.79371
10537.7 1.79337
10538.1 1.79231
10538.5 1.79122
10538.8 1.79009
10539.2 1.78893
10539.5 1.78771
10539.9 1.78647
10540.3 1.78519
10540.6 1.78391
10541 1.78258
10541.4 1.78124
10541.7 1.77989
10542.1 1.77854
10542.5 1.7772
10542.8 1.77585
10543.2 1.77451
10543.6 1.77258
10543.9 1.77127
10544.3 1.77069
10544.7 1.76942
10545 1.76817
10545.4 1.76693
10545.8 1.76566
10546.1 1.76437
10546.5 1.76304
10546.9 1.76166
10547.2 1.76025
10547.6 1.75878
10548 1.75726
10548.3 1.75567
10548.7 1.75404
10549.1 1.75238
10549.4 1.75072
10549.8 1.74763
10550.2 1.74603
10550.5 1.74448
10550.9 1.74309
10551.3 1.74166
10551.6 1.74032
10552 1.73907
10552.4 1.73787
10552.7 1.73673
10553.1 1.73563
10553.5 1.73457
10553.8 1.73353
10554.2 1.7325
10554.6 1.73147
10554.9 1.73042
10555.3 1.72933
10555.7 1.72822
10556 1.72588
10556.4 1.72457
10556.8 1.72319
10557.1 1.7217
10557.5 1.72025
10557.9 1.71862
10558.2 1.71693
10558.6 1.71516
10559 1.71334
10559.3 1.71149
10559.7 1.70963
10560.1 1.70779
10560.4 1.70599
10560.8 1.70429
10561.2 1.7027
10561.5 1.70123
10561.9 1.69989
10562.3 1.69776
10562.6 1.69674
10563 1.69583
10563.4 1.69504
10563.7 1.69431
10564.1 1.69361
10564.5 1.69296
10564.8 1.69236
10565.2 1.69176
10565.6 1.69118
10565.9 1.69057
10566.3 1.68993
10566.6 1.68922
10567 1.68846
10567.4 1.68762
10567.7 1.68673
10568.1 1.68576
10568.5 1.68403
10568.8 1.68288
10569.2 1.68162
10569.6 1.68024
10569.9 1.67874
10570.3 1.67788
10570.7 1.67617
10571 1.67431
10571.4 1.67229
10571.8 1.6701
10572.1 1.66778
10572.5 1.66536
10572.9 1.66286
10573.2 1.6603
10573.6 1.65771
10574 1.6551
10574.3 1.65252
10574.7 1.64879
10575.1 1.64655
10575.4 1.64444
10575.8 1.64243
10576.2 1.64049
10576.5 1.63863
10576.9 1.63824
10577.3 1.63657
10577.6 1.63496
10578 1.6334
10578.4 1.63187
10578.7 1.63036
10579.1 1.62887
10579.5 1.62737
10579.8 1.62589
10580.2 1.6244
10580.6 1.62313
10580.9 1.62164
10581.3 1.62011
10581.7 1.61858
10582 1.61703
10582.4 1.61548
10582.8 1.61392
10583.1 1.61237
10583.5 1.61261
10583.9 1.6111
10584.2 1.60962
10584.6 1.60819
10585 1.60682
10585.3 1.6055
10585.7 1.60424
10586.1 1.60303
10586.4 1.60187
10586.8 1.60099
10587.2 1.59985
10587.5 1.59872
10587.9 1.59761
10588.3 1.5965
10588.6 1.59537
10589 1.59425
10589.4 1.59311
10589.7 1.59196
10590.1 1.59177
10590.5 1.5906
10590.8 1.58943
10591.2 1.58828
10591.6 1.58712
10591.9 1.58596
10592.3 1.58479
10592.7 1.58363
10593 1.58198
10593.4 1.58074
10593.7 1.57948
10594.1 1.57821
10594.5 1.5769
10594.8 1.57558
10595.2 1.57423
10595.6 1.57287
10595.9 1.5715
10596.3 1.57014
10596.7 1.5693
10597 1.56793
10597.4 1.56659
10597.8 1.56528
10598.1 1.56401
10598.5 1.56281
10598.9 1.56166
10599.2 1.56007
10599.6 1.55912
10600 1.55823
10600.3 1.5574
10600.7 1.55661
10601.1 1.55587
10601.4 1.55515
10601.8 1.55442
10602.2 1.5537
10602.5 1.55299
10602.9 1.55321
10603.3 1.55258
10603.6 1.55197
10604 1.55139
10604.4 1.55083
10604.7 1.55029
10605.1 1.5498
10605.5 1.54997
10605.8 1.54963
10606.2 1.54933
10606.6 1.54907
10606.9 1.54887
10607.3 1.5487
10607.7 1.54858
10608 1.54852
10608.4 1.54851
10608.8 1.54856
10609.1 1.54868
10609.5 1.54947
10609.9 1.54961
10610.2 1.54979
10610.6 1.55002
10611 1.55029
10611.3 1.55129
10611.7 1.55163
10612.1 1.55197
10612.4 1.55231
10612.8 1.55264
10613.2 1.55293
10613.5 1.5532
10613.9 1.55343
10614.3 1.5536
10614.6 1.55373
10615 1.55379
10615.4 1.55381
10615.7 1.55379
10616.1 1.55403
10616.5 1.55395
10616.8 1.55386
10617.2 1.55378
10617.6 1.55389
10617.9 1.55384
10618.3 1.55383
10618.7 1.55386
10619 1.55397
10619.4 1.55414
10619.8 1.55437
10620.1 1.55463
10620.5 1.55494
10620.8 1.55527
10621.2 1.55561
10621.6 1.55598
10621.9 1.55639
10622.3 1.55682
10622.7 1.55702
10623 1.55745
10623.4 1.55788
10623.8 1.55841
10624.1 1.55886
10624.5 1.55936
10624.9 1.5599
10625.2 1.56048
10625.6 1.56108
10626 1.56168
10626.3 1.56224
10626.7 1.56277
10627.1 1.56327
10627.4 1.56373
10627.8 1.56414
10628.2 1.56449
10628.5 1.56477
10628.9 1.56496
10629.3 1.56377
10629.6 1.56394
10630 1.56313
10630.4 1.56345
10630.7 1.56383
10631.1 1.56427
10631.5 1.56477
10631.8 1.5653
10632.2 1.56585
10632.6 1.56641
10632.9 1.56699
10633.3 1.56757
10633.7 1.56817
10634 1.56875
10634.4 1.5693
10634.8 1.56979
10635.1 1.57022
10635.5 1.57027
10635.9 1.57063
10636.2 1.57089
10636.6 1.57104
10637 1.57109
10637.3 1.57104
10637.7 1.57088
10638.1 1.57066
10638.4 1.57035
10638.8 1.56998
10639.2 1.56955
10639.5 1.5691
10639.9 1.56862
10640.3 1.56815
10640.6 1.56764
10641 1.56714
10641.4 1.56664
10641.7 1.56612
10642.1 1.56436
10642.5 1.56377
10642.8 1.56318
10643.2 1.56259
10643.6 1.56199
10643.9 1.56137
10644.3 1.56076
10644.7 1.56017
10645 1.55957
10645.4 1.55895
10645.8 1.55831
10646.1 1.55761
10646.5 1.55685
10646.8 1.55604
10647.2 1.55515
10647.6 1.55421
10647.9 1.5532
10648.3 1.55125
10648.7 1.55038
10649 1.54918
10649.4 1.54793
10649.8 1.54664
10650.1 1.54532
10650.5 1.54399
10650.9 1.54265
10651.2 1.54131
10651.6 1.53997
10652 1.53864
10652.3 1.53731
10652.7 1.53598
10653.1 1.53465
10653.4 1.53329
10653.8 1.53188
10654.2 1.53043
10654.5 1.52763
10654.9 1.52596
10655.3 1.52451
10655.6 1.52274
10656 1.52096
10656.4 1.51919
10656.7 1.51745
10657.1 1.51573
10657.5 1.51407
10657.8 1.51246
10658.2 1.51094
10658.6 1.50951
10658.9 1.50818
10659.3 1.50694
10659.7 1.50576
10660 1.50465
10660.4 1.50358
10660.8 1.50186
10661.1 1.50096
10661.5 1.50008
10661.9 1.49952
10662.2 1.49867
10662.6 1.49783
10663 1.49696
10663.3 1.49609
10663.7 1.49519
10664.1 1.49428
10664.4 1.49332
10664.8 1.49235
10665.2 1.49133
10665.5 1.4903
10665.9 1.48926
10666.3 1.4882
10666.6 1.48715
10667 1.48524
10667.4 1.48416
10667.7 1.48308
10668.1 1.482
10668.5 1.48111
10668.8 1.48002
10669.2 1.47891
10669.6 1.47781
10669.9 1.47673
10670.3 1.47569
10670.7 1.47471
10671 1.47379
10671.4 1.47295
10671.8 1.47218
10672.1 1.47153
10672.5 1.47095
10672.9 1.47048
10673.2 1.47007
10673.6 1.46986
10673.9 1.4697
10674.3 1.46957
10674.7 1.46973
10675 1.46964
10675.4 1.46954
10675.8 1.46944
10676.1 1.46932
10676.5 1.46919
10676.9 1.46905
10677.2 1.46886
10677.6 1.46864
10678 1.46839
10678.3 1.46815
10678.7 1.46792
10679.1 1.46787
10679.4 1.46773
10679.8 1.46763
10680.2 1.46757
10680.5 1.46756
10680.9 1.46758
10681.3 1.46793
10681.6 1.46803
10682 1.46814
10682.4 1.46826
10682.7 1.46839
10683.1 1.46854
10683.5 1.4687
10683.8 1.46887
10684.2 1.46906
10684.6 1.46923
10684.9 1.46939
10685.3 1.46998
10685.7 1.47011
10686 1.47025
10686.4 1.47041
10686.8 1.47059
10687.1 1.47077
10687.5 1.47096
10687.9 1.47135
10688.2 1.47153
10688.6 1.47168
10689 1.47177
10689.3 1.47182
10689.7 1.47179
10690.1 1.47169
10690.4 1.4715
10690.8 1.47122
10691.2 1.47083
10691.5 1.47031
10691.9 1.46964
10692.3 1.46888
10692.6 1.46803
10693 1.46714
10693.4 1.46622
10693.7 1.4653
10694.1 1.46437
10694.5 1.46404
10694.8 1.46314
10695.2 1.46229
10695.6 1.46147
10695.9 1.46069
10696.3 1.45995
10696.7 1.45921
10697 1.45848
10697.4 1.45776
10697.8 1.45679
10698.1 1.45608
10698.5 1.45539
10698.9 1.45476
10699.2 1.45419
10699.6 1.45373
10700 1.45336
10700.3 1.45313
10700.7 1.45299
10701 1.45316
10701.4 1.45319
10701.8 1.45335
10702.1 1.45361
10702.5 1.45399
10702.9 1.45443
10703.2 1.45493
10703.6 1.45544
10704 1.4565
10704.3 1.45705
10704.7 1.45761
10705.1 1.45815
10705.4 1.45866
10705.8 1.45914
10706.2 1.45958
10706.5 1.45997
10706.9 1.46032
10707.3 1.46107
10707.6 1.4614
10708 1.46168
10708.4 1.46191
10708.7 1.46209
10709.1 1.46222
10709.5 1.46231
10709.8 1.46308
10710.2 1.46315
10710.6 1.46322
10710.9 1.46331
10711.3 1.46344
10711.7 1.46361
10712 1.46382
10712.4 1.46408
10712.8 1.46439
10713.1 1.46474
10713.5 1.46514
10713.9 1.46611
10714.2 1.46658
10714.6 1.46705
10715 1.46752
10715.3 1.46797
10715.7 1.46837
10716.1 1.46972
10716.4 1.46996
10716.8 1.47009
10717.2 1.47012
10717.5 1.47004
10717.9 1.46986
10718.3 1.46957
10718.6 1.4692
10719 1.46874
10719.4 1.4682
10719.7 1.4676
10720.1 1.46694
10720.5 1.46753
10720.8 1.46684
10721.2 1.46612
10721.6 1.4654
10721.9 1.46469
10722.3 1.46475
10722.7 1.46413
10723 1.46355
10723.4 1.46302
10723.8 1.46253
10724.1 1.4621
10724.5 1.46172
10724.9 1.46136
10725.2 1.46105
10725.6 1.46077
10726 1.46051
10726.3 1.46027
10726.7 1.46004
10727 1.46114
10727.4 1.46089
10727.8 1.46064
10728.1 1.46039
10728.5 1.46119
10728.9 1.46093
10729.2 1.46069
10729.6 1.46046
10730 1.46024
10730.3 1.46001
10730.7 1.45979
10731.1 1.45957
10731.4 1.45935
10731.8 1.45912
10732.2 1.45888
10732.5 1.4586
10732.9 1.45828
10733.3 1.45793
10733.6 1.45876
10734 1.45832
10734.4 1.45786
10734.7 1.45802
10735.1 1.45747
10735.5 1.45689
10735.8 1.45629
10736.2 1.45567
10736.6 1.45505
10736.9 1.45441
10737.3 1.45377
10737.7 1.45312
10738 1.45244
10738.4 1.45173
10738.8 1.45099
10739.1 1.45022
10739.5 1.44941
10739.9 1.4501
10740.2 1.44924
10740.6 1.44835
10741 1.44805
10741.3 1.44707
10741.7 1.44608
10742.1 1.44507
10742.4 1.44405
10742.8 1.44305
10743.2 1.44205
10743.5 1.44106
10743.9 1.44009
10744.3 1.43913
10744.6 1.43821
10745 1.43732
10745.4 1.43645
10745.7 1.43562
10746.1 1.43483
10746.5 1.43544
10746.8 1.43527
10747.2 1.43453
10747.6 1.43382
10747.9 1.43317
10748.3 1.43256
10748.7 1.43201
10749 1.43153
10749.4 1.43111
10749.8 1.43075
10750.1 1.43045
10750.5 1.4302
10750.9 1.43
10751.2 1.42986
10751.6 1.42976
10752 1.42972
10752.3 1.42972
10752.7 1.42976
10753.1 1.4315
10753.4 1.43163
10753.8 1.43179
10754.1 1.43198
10754.5 1.43221
10754.9 1.43249
10755.2 1.43279
10755.6 1.4331
10756 1.43341
10756.3 1.43373
10756.7 1.43406
10757.1 1.43439
10757.4 1.43473
10757.8 1.43508
10758.2 1.43545
10758.5 1.43582
10758.9 1.43622
10759.3 1.43726
10759.6 1.43791
10760 1.43829
10760.4 1.43871
10760.7 1.43919
10761.1 1.4397
10761.5 1.44025
10761.8 1.44082
10762.2 1.44138
10762.6 1.44191
10762.9 1.44242
10763.3 1.4429
10763.7 1.44334
10764 1.44376
10764.4 1.44415
10764.8 1.4445
10765.1 1.44485
10765.5 1.44631
10765.9 1.44668
10766.2 1.44788
10766.6 1.4483
10767 1.44872
10767.3 1.44917
10767.7 1.44963
10768.1 1.4501
10768.4 1.45058
10768.8 1.45109
10769.2 1.45159
10769.5 1.45209
10769.9 1.45258
10770.3 1.45309
10770.6 1.45359
10771 1.4541
10771.4 1.45463
10771.7 1.45673
10772.1 1.45728
10772.5 1.45787
10772.8 1.45946
10773.2 1.46006
10773.6 1.46067
10773.9 1.4613
10774.3 1.46195
10774.7 1.46262
10775 1.46328
10775.4 1.46395
10775.8 1.46463
10776.1 1.4653
10776.5 1.46597
10776.9 1.46664
10777.2 1.46732
10777.6 1.46909
10778 1.46973
10778.3 1.47039
10778.7 1.47106
10779.1 1.47191
10779.4 1.47257
10779.8 1.47325
10780.2 1.47395
10780.5 1.47466
10780.9 1.47533
10781.2 1.47595
10781.6 1.47649
10782 1.47695
10782.3 1.47733
10782.7 1.47765
10783.1 1.4779
10783.4 1.4781
10783.8 1.47855
10784.2 1.4787
10784.5 1.47884
10784.9 1.479
10785.3 1.4792
10785.6 1.47964
10786 1.47992
10786.4 1.48022
10786.7 1.48055
10787.1 1.48089
10787.5 1.48122
10787.8 1.48154
10788.2 1.48185
10788.6 1.48215
10788.9 1.48241
10789.3 1.48267
10789.7 1.48286
10790 1.48392
10790.4 1.48402
10790.8 1.48404
10791.1 1.48399
10791.5 1.48387
10791.9 1.48367
10792.2 1.48447
10792.6 1.48413
10793 1.48371
10793.3 1.4832
10793.7 1.48262
10794.1 1.48199
10794.4 1.48132
10794.8 1.48062
10795.2 1.47993
10795.5 1.47926
10795.9 1.47861
10796.3 1.47849
10796.6 1.478
10797 1.47762
10797.4 1.47733
10797.7 1.47716
10798.1 1.47713
10798.5 1.47724
10798.8 1.47802
10799.2 1.47834
10799.6 1.47884
10799.9 1.47947
10800.3 1.48025
10800.7 1.48115
10801 1.48215
10801.4 1.48325
10801.8 1.48443
10802.1 1.48566
10802.5 1.48801
10802.9 1.4893
10803.2 1.49063
10803.6 1.49199
10804 1.49339
10804.3 1.49483
10804.7 1.4963
10805.1 1.4978
10805.4 1.49871
10805.8 1.50021
10806.2 1.50179
10806.5 1.50345
10806.9 1.50519
10807.3 1.50698
10807.6 1.50879
10808 1.51056
10808.3 1.51228
10808.7 1.51418
10809.1 1.51566
10809.4 1.51704
10809.8 1.51829
10810.2 1.51939
10810.5 1.52034
10810.9 1.52114
10811.3 1.52181
10811.6 1.52183
10812 1.52238
10812.4 1.52283
10812.7 1.52316
10813.1 1.52341
10813.5 1.52358
10813.8 1.5237
10814.2 1.52377
10814.6 1.52396
10814.9 1.52402
10815.3 1.52409
10815.7 1.52417
10816 1.52428
10816.4 1.52441
10816.8 1.52457
10817.1 1.52476
10817.5 1.52496
10817.9 1.52518
10818.2 1.5256
10818.6 1.52586
10819 1.52615
10819.3 1.52646
10819.7 1.5268
10820.1 1.52719
10820.4 1.52762
10820.8 1.52882
10821.2 1.52942
10821.5 1.53008
10821.9 1.53081
10822.3 1.53162
10822.6 1.53251
10823 1.53346
10823.4 1.53447
10823.7 1.53551
10824.1 1.53658
10824.5 1.5377
10824.8 1.5387
10825.2 1.53986
10825.6 1.54104
10825.9 1.54226
10826.3 1.5435
10826.7 1.54474
10827 1.54704
10827.4 1.54826
10827.8 1.54944
10828.1 1.55058
10828.5 1.55166
10828.9 1.55267
10829.2 1.5536
10829.6 1.55447
10830 1.55525
10830.3 1.55595
10830.7 1.55658
10831.1 1.55714
10831.4 1.55779
10831.8 1.55826
10832.2 1.55872
10832.5 1.55915
10832.9 1.55959
10833.3 1.56055
10833.6 1.56104
10834 1.56156
10834.3 1.56215
10834.7 1.56279
10835.1 1.5635
10835.4 1.56425
10835.8 1.56507
10836.2 1.56594
10836.5 1.56689
10836.9 1.5679
10837.3 1.56902
10837.6 1.57021
10838 1.5709
10838.4 1.5722
10838.7 1.57358
10839.1 1.57504
10839.5 1.57739
10839.8 1.57904
10840.2 1.58079
10840.6 1.58262
10840.9 1.58452
10841.3 1.58648
10841.7 1.58849
10842 1.59056
10842.4 1.5927
10842.8 1.59493
10843.1 1.59727
10843.5 1.59974
10843.9 1.6023
10844.2 1.60496
10844.6 1.60603
10845 1.60876
10845.3 1.61263
10845.7 1.61539
10846.1 1.61812
10846.4 1.62079
10846.8 1.62339
10847.2 1.62589
10847.5 1.62825
10847.9 1.63049
10848.3 1.63258
10848.6 1.63454
10849 1.63638
10849.4 1.63808
10849.7 1.63966
10850.1 1.64111
10850.5 1.64243
10850.8 1.6432
10851.2 1.64437
10851.6 1.64608
10851.9 1.64703
10852.3 1.6479
10852.7 1.64871
10853 1.64945
10853.4 1.65015
10853.8 1.65081
10854.1 1.65147
10854.5 1.65211
10854.9 1.65279
10855.2 1.65347
10855.6 1.65418
10856 1.65491
10856.3 1.65565
10856.7 1.65641
10857.1 1.65716
10857.4 1.65768
10857.8 1.65894
10858.2 1.65964
10858.5 1.6603
10858.9 1.66093
10859.3 1.6615
10859.6 1.662
10860 1.66242
10860.4 1.66274
10860.7 1.66299
10861.1 1.66315
10861.4 1.66323
10861.8 1.66326
10862.2 1.66323
10862.5 1.66313
10862.9 1.66296
10863.3 1.66273
10863.6 1.66244
10864 1.66348
10864.4 1.66315
10864.7 1.66279
10865.1 1.66238
10865.5 1.66196
10865.8 1.6615
10866.2 1.66102
10866.6 1.66052
10866.9 1.66
10867.3 1.65947
10867.7 1.65891
10868 1.65833
10868.4 1.65772
10868.8 1.6571
10869.1 1.65646
10869.5 1.65579
10869.9 1.65511
10870.2 1.65477
10870.6 1.6551
10871 1.65433
10871.3 1.65353
10871.7 1.65269
10872.1 1.65182
10872.4 1.65092
10872.8 1.65002
10873.2 1.64912
10873.5 1.64824
10873.9 1.64739
10874.3 1.64658
10874.6 1.64582
10875 1.64515
10875.4 1.64457
10875.7 1.64412
10876.1 1.64381
10876.5 1.64391
10876.8 1.64401
10877.2 1.64443
10877.6 1.64477
10877.9 1.64525
10878.3 1.64584
10878.7 1.64654
10879 1.64733
10879.4 1.64822
10879.8 1.64919
10880.1 1.65022
10880.5 1.65132
10880.9 1.65248
10881.2 1.65369
10881.6 1.65498
10882 1.65633
10882.3 1.6585
10882.7 1.65996
10883.1 1.66144
10883.4 1.66216
10883.8 1.6636
10884.2 1.66502
10884.5 1.66637
10884.9 1.66762
10885.3 1.66876
10885.6 1.66976
10886 1.67065
10886.4 1.67139
10886.7 1.67204
10887.1 1.6726
10887.5 1.67309
10887.8 1.67354
10888.2 1.67397
10888.5 1.67467
10888.9 1.67511
10889.3 1.67562
10889.6 1.67622
10890 1.67654
10890.4 1.67725
10890.7 1.67808
10891.1 1.67902
10891.5 1.6801
10891.8 1.68133
10892.2 1.68271
10892.6 1.68422
10892.9 1.68584
10893.3 1.68755
10893.7 1.68932
10894 1.69109
10894.4 1.69285
10894.8 1.69486
10895.1 1.69651
10895.5 1.69808
10895.9 1.69955
10896.2 1.70091
10896.6 1.70111
10897 1.70232
10897.3 1.70341
10897.7 1.70438
10898.1 1.70522
10898.4 1.70594
10898.8 1.70651
10899.2 1.70692
10899.5 1.70721
10899.9 1.70733
10900.3 1.70733
10900.6 1.70721
10901 1.7068
10901.4 1.70655
10901.7 1.70625
10902.1 1.70594
10902.5 1.70563
10902.8 1.70534
10903.2 1.70535
10903.6 1.70512
10903.9 1.70492
10904.3 1.70473
10904.7 1.70459
10905 1.70448
10905.4 1.70439
10905.8 1.70434
10906.1 1.70428
10906.5 1.70422
10906.9 1.70412
10907.2 1.70384
10907.6 1.70358
10908 1.70326
10908.3 1.70286
10908.7 1.70238
10909.1 1.70185
10909.4 1.70127
10909.8 1.70096
10910.2 1.70037
10910.5 1.69978
10910.9 1.69917
10911.3 1.6986
10911.6 1.69805
10912 1.69755
10912.4 1.69709
10912.7 1.69669
10913.1 1.6963
10913.5 1.69601
10913.8 1.69578
10914.2 1.69561
10914.5 1.69553
10914.9 1.69553
10915.3 1.69561
10915.6 1.69579
10916 1.69606
10916.4 1.69609
10916.7 1.69644
10917.1 1.69687
10917.5 1.69738
10917.8 1.69796
10918.2 1.69859
10918.6 1.69924
10918.9 1.69992
10919.3 1.70073
10919.7 1.70143
10920 1.70216
10920.4 1.7029
10920.8 1.7037
10921.1 1.70454
10921.5 1.70543
10921.9 1.7064
10922.2 1.70745
10922.6 1.70775
10923 1.7089
10923.3 1.71014
10923.7 1.71146
10924.1 1.71284
10924.4 1.7143
10924.8 1.71581
10925.2 1.71735
10925.5 1.71901
10925.9 1.72051
10926.3 1.72201
10926.6 1.72352
10927 1.72505
10927.4 1.7266
10927.7 1.72816
10928.1 1.72967
10928.5 1.73112
10928.8 1.73248
10929.2 1.73186
10929.6 1.73307
10929.9 1.73421
10930.3 1.7353
10930.7 1.73627
10931 1.73711
10931.4 1.73782
10931.8 1.7375
10932.1 1.738
10932.5 1.73845
10932.9 1.73888
10933.2 1.7393
10933.6 1.73974
10934 1.7402
10934.3 1.74072
10934.7 1.74124
10935.1 1.74178
10935.4 1.74234
10935.8 1.74197
10936.2 1.74258
10936.5 1.74321
10936.9 1.74384
10937.3 1.74445
10937.6 1.74503
10938 1.74542
10938.4 1.74591
10938.7 1.74633
10939.1 1.74669
10939.5 1.74697
10939.8 1.74714
10940.2 1.74719
10940.6 1.74714
10940.9 1.74697
10941.3 1.74673
10941.6 1.74641
10942 1.74603
10942.4 1.74562
10942.7 1.74516
10943.1 1.74467
10943.5 1.74416
10943.8 1.74365
10944.2 1.74284
10944.6 1.74242
10944.9 1.74203
10945.3 1.74166
10945.7 1.74134
10946 1.74105
10946.4 1.74081
10946.8 1.74061
10947.1 1.74046
10947.5 1.74036
10947.9 1.74031
10948.2 1.74031
10948.6 1.74036
10949 1.74014
10949.3 1.74025
10949.7 1.74041
10950.1 1.74043
10950.4 1.74063
10950.8 1.74084
10951.2 1.74105
10951.5 1.74124
10951.9 1.74142
10952.3 1.74158
10952.6 1.74171
10953 1.74179
10953.4 1.74184
10953.7 1.7419
10954.1 1.74194
10954.5 1.742
10954.8 1.74209
10955.2 1.74212
10955.6 1.74232
10955.9 1.74258
10956.3 1.74313
10956.7 1.74356
10957 1.74406
10957.4 1.74463
10957.8 1.74526
10958.1 1.74599
10958.5 1.74678
10958.9 1.74767
10959.2 1.74866
10959.6 1.74973
10960 1.75088
10960.3 1.75213
10960.7 1.75349
10961.1 1.75497
10961.4 1.75656
10961.8 1.75692
10962.2 1.75865
10962.5 1.76093
10962.9 1.76295
10963.3 1.76508
10963.6 1.76734
10964 1.76972
10964.4 1.7722
10964.7 1.77477
10965.1 1.77742
10965.5 1.78015
10965.8 1.78292
10966.2 1.7857
10966.6 1.78847
10966.9 1.79121
10967.3 1.79394
10967.7 1.79668
10968 1.79949
10968.4 1.79953
10968.7 1.80231
10969.1 1.80521
10969.5 1.8082
10969.8 1.81129
10970.2 1.81453
10970.6 1.81794
10970.9 1.82155
10971.3 1.82532
10971.7 1.82915
10972 1.83293
10972.4 1.83657
10972.8 1.84002
10973.1 1.84328
10973.5 1.84636
10973.9 1.84924
10974.2 1.85194
10974.6 1.85443
10975 1.85499
10975.3 1.85728
10975.7 1.85941
10976.1 1.86137
10976.4 1.86321
10976.8 1.86493
10977.2 1.86654
10977.5 1.86805
10977.9 1.86946
10978.3 1.8708
10978.6 1.87206
10979 1.87328
10979.4 1.87446
10979.7 1.87561
10980.1 1.87673
10980.5 1.87783
10980.8 1.87845
10981.2 1.87951
10981.6 1.87904
10981.9 1.88012
10982.3 1.88123
10982.7 1.88241
10983 1.88365
10983.4 1.88497
10983.8 1.88637
10984.1 1.88783
10984.5 1.88933
10984.9 1.89085
10985.2 1.8924
10985.6 1.89394
10986 1.8955
10986.3 1.89704
10986.7 1.89856
10987.1 1.89942
10987.4 1.90079
10987.8 1.9021
10988.2 1.90145
10988.5 1.9027
10988.9 1.90394
10989.3 1.90516
10989.6 1.90636
10990 1.90757
10990.4 1.90877
10990.7 1.90998
10991.1 1.91122
10991.5 1.91254
10991.8 1.91393
10992.2 1.9154
10992.6 1.91697
10992.9 1.91865
10993.3 1.9203
10993.7 1.92225
10994 1.92431
10994.4 1.92422
10994.8 1.92641
10995.1 1.92869
10995.5 1.93105
10995.8 1.93349
10996.2 1.93599
10996.6 1.9386
10996.9 1.94128
10997.3 1.94406
10997.7 1.94688
10998 1.94971
10998.4 1.95251
10998.8 1.95522
10999.1 1.9578
10999.5 1.96025
10999.9 1.96246
11000.2 1.96442
11000.6 1.96615
11001 1.96617
11001.3 1.96765
11001.7 1.96895
11002.1 1.97004
11002.4 1.97097
11002.8 1.97174
11003.2 1.97237
11003.5 1.97289
11003.9 1.97332
11004.3 1.97368
11004.6 1.974
11005 1.97427
11005.4 1.9745
11005.7 1.97446
11006.1 1.97462
11006.5 1.97479
11006.8 1.97498
11007.2 1.9752
11007.6 1.97482
11007.9 1.97503
11008.3 1.97527
11008.7 1.97555
11009 1.97585
11009.4 1.97614
11009.8 1.97645
11010.1 1.97671
11010.5 1.97693
11010.9 1.9771
11011.2 1.97721
11011.6 1.97728
11012 1.97662
11012.3 1.97658
11012.7 1.97647
11013.1 1.97631
11013.4 1.97612
11013.8 1.97588
11014.2 1.97531
11014.5 1.975
11014.9 1.97462
11015.3 1.97417
11015.6 1.97366
11016 1.97311
11016.4 1.97252
11016.7 1.9719
11017.1 1.97128
11017.5 1.97066
11017.8 1.96919
11018.2 1.96859
11018.6 1.96797
11018.9 1.96733
11019.3 1.96666
11019.7 1.96595
11020 1.96519
11020.4 1.96439
11020.8 1.96369
11021.1 1.96284
11021.5 1.96192
11021.8 1.96095
11022.2 1.95997
11022.6 1.95896
11022.9 1.95794
11023.3 1.95691
11023.7 1.95586
11024 1.95413
11024.4 1.95312
11024.8 1.95212
11025.1 1.95116
11025.5 1.95022
11025.9 1.94932
11026.2 1.94844
11026.6 1.94761
11027 1.94705
11027.3 1.94627
11027.7 1.94553
11028.1 1.94485
11028.4 1.94421
11028.8 1.94363
11029.2 1.9431
11029.5 1.94261
11029.9 1.94217
11030.3 1.94129
11030.6 1.94092
11031 1.94055
11031.4 1.9402
11031.7 1.93983
11032.1 1.93946
11032.5 1.93907
11032.8 1.93867
11033.2 1.93827
11033.6 1.93763
11033.9 1.93723
11034.3 1.93684
11034.7 1.93643
11035 1.93602
11035.4 1.93562
11035.8 1.93523
11036.1 1.93488
11036.5 1.93387
11036.9 1.93365
11037.2 1.93352
11037.6 1.93346
11038 1.93346
11038.3 1.93354
11038.7 1.93369
11039.1 1.93391
11039.4 1.93426
11039.8 1.93472
11040.2 1.93399
11040.5 1.93459
11040.9 1.93527
11041.3 1.93605
11041.6 1.9369
11042 1.93784
11042.4 1.93884
11042.7 1.93894
11043.1 1.93993
11043.5 1.94085
11043.8 1.94169
11044.2 1.94244
11044.6 1.94312
11044.9 1.94372
11045.3 1.94429
11045.7 1.94482
11046 1.94532
11046.4 1.9458
11046.8 1.94508
11047.1 1.94559
11047.5 1.94608
11047.9 1.94655
11048.2 1.94699
11048.6 1.94685
11048.9 1.9472
11049.3 1.94747
11049.7 1.94763
11050 1.94766
11050.4 1.94754
11050.8 1.94727
11051.1 1.94687
11051.5 1.94633
11051.9 1.94569
11052.2 1.94494
11052.6 1.9441
11053 1.94318
11053.3 1.9421
11053.7 1.94102
11054.1 1.93986
11054.4 1.93861
11054.8 1.93598
11055.2 1.93458
11055.5 1.93313
11055.9 1.93163
11056.3 1.93009
11056.6 1.92851
11057 1.92692
11057.4 1.92531
11057.7 1.92369
11058.1 1.92207
11058.5 1.92042
11058.8 1.91874
11059.2 1.91703
11059.6 1.91529
11059.9 1.91393
11060.3 1.91213
11060.7 1.91032
11061 1.90711
11061.4 1.90533
11061.8 1.90357
11062.1 1.90189
11062.5 1.90031
11062.9 1.89883
11063.2 1.8975
11063.6 1.89635
11064 1.89538
11064.3 1.89461
11064.7 1.89403
11065.1 1.89361
11065.4 1.89333
11065.8 1.89314
11066.2 1.89259
11066.5 1.89253
11066.9 1.89249
11067.3 1.89198
11067.6 1.89189
11068 1.89174
11068.4 1.89151
11068.7 1.89118
11069.1 1.89075
11069.5 1.8902
11069.8 1.88952
11070.2 1.88872
11070.6 1.88778
11070.9 1.88674
11071.3 1.88562
11071.7 1.88445
11072 1.88324
11072.4 1.88203
11072.8 1.88097
11073.1 1.87981
11073.5 1.87782
11073.9 1.87689
11074.2 1.87607
11074.6 1.87533
11075 1.87469
11075.3 1.87413
11075.7 1.87363
11076 1.87321
11076.4 1.87283
11076.8 1.87248
11077.1 1.87218
11077.5 1.87189
11077.9 1.87164
11078.2 1.87139
11078.6 1.87116
11079 1.87093
11079.3 1.8708
11079.7 1.87039
11080.1 1.87017
11080.4 1.86997
11080.8 1.86983
11081.2 1.86976
11081.5 1.86973
11081.9 1.86974
11082.3 1.86978
11082.6 1.86985
11083 1.86994
11083.4 1.87006
11083.7 1.87019
11084.1 1.87035
11084.5 1.87051
11084.8 1.87065
11085.2 1.87077
11085.6 1.8709
11085.9 1.87093
11086.3 1.87092
11086.7 1.87086
11087 1.87073
11087.4 1.87053
11087.8 1.87026
11088.1 1.8699
11088.5 1.86945
11088.9 1.8689
11089.2 1.86824
11089.6 1.86744
11090 1.86649
11090.3 1.86539
11090.7 1.86416
11091.1 1.86279
11091.4 1.86132
11091.8 1.85886
11092.2 1.85728
11092.5 1.85639
11092.9 1.8548
11093.3 1.8532
11093.6 1.8516
11094 1.85003
11094.4 1.8485
11094.7 1.84698
11095.1 1.84552
11095.5 1.84409
11095.8 1.8427
11096.2 1.84133
11096.6 1.84001
11096.9 1.83871
11097.3 1.83744
11097.7 1.83619
11098 1.83459
11098.4 1.8334
11098.8 1.83306
11099.1 1.83192
11099.5 1.8308
11099.9 1.82973
11100.2 1.82872
11100.6 1.82776
11101 1.82686
11101.3 1.82601
11101.7 1.82522
11102 1.82449
11102.4 1.82386
11102.8 1.82333
11103.1 1.82291
11103.5 1.82258
11103.9 1.82233
11104.2 1.82256
11104.6 1.82252
11105 1.82258
11105.3 1.82311
11105.7 1.8233
11106.1 1.82355
11106.4 1.82387
11106.8 1.82424
11107.2 1.82467
11107.5 1.82516
11107.9 1.82574
11108.3 1.82635
11108.6 1.82704
11109 1.82777
11109.4 1.82854
11109.7 1.82935
11110.1 1.8302
11110.5 1.8318
11110.8 1.83266
11111.2 1.8335
11111.6 1.8343
11111.9 1.83485
11112.3 1.83554
11112.7 1.83616
11113 1.83672
11113.4 1.83721
11113.8 1.83763
11114.1 1.83797
11114.5 1.83823
11114.9 1.8384
11115.2 1.8385
11115.6 1.83854
11116 1.83852
11116.3 1.83863
11116.7 1.83849
11117.1 1.83832
11117.4 1.8381
11117.8 1.83785
11118.2 1.83756
11118.5 1.83764
11118.9 1.83727
11119.3 1.83688
11119.6 1.83643
11120 1.83595
11120.4 1.83545
11120.7 1.83491
11121.1 1.83436
11121.5 1.8338
11121.8 1.83327
11122.2 1.83275
11122.6 1.8323
11122.9 1.83191
11123.3 1.8316
11123.7 1.83134
11124 1.83118
11124.4 1.83108
11124.8 1.83104
11125.1 1.83122
11125.5 1.83124
11125.9 1.83129
11126.2 1.83137
11126.6 1.83147
11127 1.83158
11127.3 1.83169
11127.7 1.83178
11128.1 1.83185
11128.4 1.83188
11128.8 1.83193
11129.1 1.83186
11129.5 1.83174
11129.9 1.83157
11130.2 1.83133
11130.6 1.83102
11131 1.83061
11131.3 1.83012
11131.7 1.8298
11132.1 1.82912
11132.4 1.82832
11132.8 1.82738
11133.2 1.82632
11133.5 1.82515
11133.9 1.82386
11134.3 1.82247
11134.6 1.82099
11135 1.81852
11135.4 1.81697
11135.7 1.81542
11136.1 1.8139
11136.5 1.81242
11136.8 1.81097
11137.2 1.80958
11137.6 1.80824
11137.9 1.80762
11138.3 1.80641
11138.7 1.80527
11139 1.80418
11139.4 1.80312
11139.8 1.8021
11140.1 1.8011
11140.5 1.80011
11140.9 1.79913
11141.2 1.79783
11141.6 1.79692
11142 1.79605
11142.3 1.7952
11142.7 1.7944
11143.1 1.79363
11143.4 1.79291
11143.8 1.79223
11144.2 1.79159
11144.5 1.79134
11144.9 1.7907
11145.3 1.79007
11145.6 1.78944
11146 1.78881
11146.4 1.78817
11146.7 1.78751
11147.1 1.78685
11147.5 1.78554
11147.8 1.78488
11148.2 1.78429
11148.6 1.78379
11148.9 1.7834
11149.3 1.78313
11149.7 1.78297
11150 1.78294
11150.4 1.78301
11150.8 1.78318
11151.1 1.7829
11151.5 1.78316
11151.9 1.78345
11152.2 1.78375
11152.6 1.784
11153 1.78416
11153.3 1.78384
11153.7 1.78373
11154.1 1.78349
11154.4 1.78312
11154.8 1.78264
11155.2 1.78204
11155.5 1.78134
11155.9 1.78056
11156.2 1.77973
11156.6 1.77887
11157 1.77798
11157.3 1.77706
11157.7 1.77649
11158.1 1.77559
11158.4 1.77467
11158.8 1.77374
11159.2 1.77279
11159.5 1.77141
11159.9 1.77044
11160.3 1.76947
11160.6 1.76847
11161 1.76745
11161.4 1.7664
11161.7 1.76534
11162.1 1.76424
11162.5 1.76313
11162.8 1.76201
11163.2 1.76087
11163.6 1.75974
11163.9 1.75863
11164.3 1.75813
11164.7 1.75707
11165 1.75603
11165.4 1.75501
11165.8 1.75349
11166.1 1.75245
11166.5 1.75143
11166.9 1.7504
11167.2 1.74937
11167.6 1.74833
11168 1.74728
11168.3 1.7462
11168.7 1.74513
11169.1 1.74408
11169.4 1.74304
11169.8 1.74202
11170.2 1.74103
11170.5 1.74037
11170.9 1.73939
11171.3 1.73843
11171.6 1.73753
11172 1.73598
11172.4 1.73513
11172.7 1.7343
11173.1 1.73347
11173.5 1.73266
11173.8 1.73185
11174.2 1.73106
11174.6 1.73029
11174.9 1.72957
11175.3 1.7289
11175.7 1.72826
11176 1.72765
11176.4 1.72704
11176.8 1.72642
11177.1 1.72561
11177.5 1.72495
11177.9 1.72425
11178.2 1.72272
11178.6 1.72198
11179 1.72121
11179.3 1.72044
11179.7 1.71966
11180.1 1.71886
11180.4 1.71807
11180.8 1.71729
11181.2 1.71651
11181.5 1.71574
11181.9 1.71497
11182.3 1.71419
11182.6 1.7134
11183 1.71261
11183.3 1.71181
11183.7 1.71157
11184.1 1.71057
11184.4 1.70975
11184.8 1.70889
11185.2 1.70796
11185.5 1.70699
11185.9 1.70594
11186.3 1.70483
11186.6 1.70364
11187 1.70238
11187.4 1.70106
11187.7 1.69968
11188.1 1.69824
11188.5 1.69678
11188.8 1.6953
11189.2 1.69383
11189.6 1.69238
11189.9 1.69098
11190.3 1.68966
11190.7 1.68832
11191 1.68702
11191.4 1.68576
11191.8 1.68456
11192.1 1.6834
11192.5 1.68227
11192.9 1.68115
11193.2 1.68004
11193.6 1.6789
11194 1.67773
11194.3 1.67654
11194.7 1.67529
11195.1 1.67402
11195.4 1.67274
11195.8 1.67146
11196.2 1.67023
11196.5 1.66818
11196.9 1.66734
11197.3 1.66645
11197.6 1.66571
11198 1.66514
11198.4 1.66475
11198.7 1.66454
11199.1 1.66451
11199.5 1.66464
11199.8 1.6649
11200.2 1.66527
11200.6 1.66571
11200.9 1.66621
11201.3 1.66676
11201.7 1.66734
11202 1.66794
11202.4 1.66855
11202.8 1.66955
11203.1 1.6702
11203.5 1.67063
11203.9 1.67131
11204.2 1.67197
11204.6 1.67261
11205 1.67323
11205.3 1.67384
11205.7 1.67442
11206.1 1.67499
11206.4 1.67553
11206.8 1.67605
11207.2 1.67654
11207.5 1.67702
11207.9 1.67746
11208.3 1.67783
11208.6 1.67813
11209 1.67849
11209.3 1.67859
11209.7 1.67863
11210.1 1.67858
11210.4 1.67841
11210.8 1.67814
11211.2 1.67777
11211.5 1.67734
11211.9 1.67683
11212.3 1.67628
11212.6 1.6757
11213 1.67506
11213.4 1.67439
11213.7 1.67369
11214.1 1.67297
11214.5 1.67225
11214.8 1.67117
11215.2 1.67048
11215.6 1.66982
11215.9 1.66919
11216.3 1.66893
11216.7 1.66835
11217 1.66782
11217.4 1.66731
11217.8 1.66684
11218.1 1.66642
11218.5 1.66604
11218.9 1.66569
11219.2 1.66537
11219.6 1.66507
11220 1.66479
11220.3 1.66451
11220.7 1.66422
11221.1 1.6644
11221.4 1.66412
11221.8 1.66383
11222.2 1.66348
11222.5 1.66308
11222.9 1.66357
11223.3 1.66311
11223.6 1.6626
11224 1.66204
11224.4 1.66145
11224.7 1.66084
11225.1 1.66019
11225.5 1.65953
11225.8 1.65887
11226.2 1.65823
11226.6 1.65762
11226.9 1.65704
11227.3 1.65714
11227.7 1.65662
11228 1.65615
11228.4 1.6557
11228.8 1.6553
11229.1 1.65493
11229.5 1.65553
11229.9 1.6552
11230.2 1.65492
11230.6 1.65466
11231 1.65442
11231.3 1.65421
11231.7 1.654
11232.1 1.65381
11232.4 1.65364
11232.8 1.65347
11233.2 1.65331
11233.5 1.65371
11233.9 1.65354
11234.3 1.6534
11234.6 1.65326
11235 1.65316
11235.4 1.65309
11235.7 1.65305
11236.1 1.65366
11236.4 1.65367
11236.8 1.65372
11237.2 1.65381
11237.5 1.65394
11237.9 1.65411
11238.3 1.65431
11238.6 1.65454
11239 1.65479
11239.4 1.65504
11239.7 1.6558
11240.1 1.65598
11240.5 1.65615
11240.8 1.65628
11241.2 1.65637
11241.6 1.65643
11241.9 1.65644
11242.3 1.65691
11242.7 1.65688
11243 1.65679
11243.4 1.65665
11243.8 1.65644
11244.1 1.65614
11244.5 1.65575
11244.9 1.65527
11245.2 1.65471
11245.6 1.65408
11246 1.65365
11246.3 1.65287
11246.7 1.65203
11247.1 1.65115
11247.4 1.65023
11247.8 1.64928
11248.2 1.64831
11248.5 1.64733
11248.9 1.64754
11249.3 1.64657
11249.6 1.6456
11250 1.64465
11250.4 1.6437
11250.7 1.64278
11251.1 1.64186
11251.5 1.64098
11251.8 1.64025
11252.2 1.63944
11252.6 1.63871
11252.9 1.63807
11253.3 1.63751
11253.7 1.63704
11254 1.63666
11254.4 1.63638
11254.8 1.63618
11255.1 1.63609
11255.5 1.63631
11255.9 1.63632
11256.2 1.6364
11256.6 1.63651
11257 1.63665
11257.3 1.63679
11257.7 1.63689
11258.1 1.63729
11258.4 1.63728
11258.8 1.63718
11259.2 1.63698
11259.5 1.63667
11259.9 1.63628
11260.3 1.63579
11260.6 1.63522
11261 1.63458
11261.4 1.63391
11261.7 1.63319
11262.1 1.63342
11262.5 1.63271
11262.8 1.632
11263.2 1.63132
11263.5 1.63067
11263.9 1.63007
11264.3 1.6299
11264.6 1.62948
11265 1.62914
11265.4 1.62886
11265.7 1.62865
11266.1 1.62848
11266.5 1.62836
11266.8 1.6283
11267.2 1.62828
11267.6 1.6283
11267.9 1.62832
11268.3 1.62834
11268.7 1.62877
11269 1.62878
11269.4 1.6288
11269.8 1.62881
11270.1 1.62881
11270.5 1.62921
11270.9 1.6292
11271.2 1.62916
11271.6 1.62909
11272 1.62898
11272.3 1.62885
11272.7 1.62868
11273.1 1.6285
11273.4 1.62831
11273.8 1.62811
11274.2 1.62791
11274.5 1.62769
11274.9 1.628
11275.3 1.62777
11275.6 1.62755
11276 1.62736
11276.4 1.62717
11276.7 1.62714
11277.1 1.62695
11277.5 1.62672
11277.8 1.62646
11278.2 1.62617
11278.6 1.62584
11278.9 1.62544
11279.3 1.625
11279.7 1.6245
11280 1.62395
11280.4 1.62334
11280.8 1.62271
11281.1 1.62203
11281.5 1.62186
11281.9 1.62119
11282.2 1.62048
11282.6 1.61973
11283 1.61904
11283.3 1.61834
11283.7 1.61762
11284.1 1.61691
11284.4 1.61619
11284.8 1.61549
11285.2 1.61483
11285.5 1.61421
11285.9 1.61363
11286.3 1.61312
11286.6 1.61267
11287 1.6123
11287.4 1.61198
11287.7 1.61175
11288.1 1.61194
11288.5 1.61179
11288.8 1.61193
11289.2 1.61195
11289.5 1.61203
11289.9 1.61218
11290.3 1.6124
11290.6 1.61266
11291 1.61297
11291.4 1.61332
11291.7 1.61369
11292.1 1.61405
11292.5 1.6144
11292.8 1.61469
11293.2 1.61494
11293.6 1.61513
11293.9 1.61526
11294.3 1.61531
11294.7 1.61532
11295 1.61524
11295.4 1.61515
11295.8 1.61504
11296.1 1.61492
11296.5 1.6148
11296.9 1.61466
11297.2 1.61453
11297.6 1.61442
11298 1.61431
11298.3 1.61425
11298.7 1.61422
11299.1 1.61423
11299.4 1.6143
11299.8 1.61443
11300.2 1.61465
11300.5 1.61496
11300.9 1.61537
11301.3 1.6155
11301.6 1.61603
11302 1.61668
11302.4 1.61745
11302.7 1.61836
11303.1 1.61938
11303.5 1.62045
11303.8 1.62157
11304.2 1.62267
11304.6 1.62373
11304.9 1.62473
11305.3 1.62561
11305.7 1.62638
11306 1.62701
11306.4 1.62749
11306.8 1.62782
11307.1 1.62798
11307.5 1.62775
11307.9 1.62749
11308.2 1.62729
11308.6 1.62696
11309 1.62653
11309.3 1.62599
11309.7 1.62539
11310.1 1.62475
11310.4 1.62409
11310.8 1.62344
11311.2 1.62279
11311.5 1.62215
11311.9 1.62155
11312.3 1.62098
11312.6 1.62045
11313 1.61997
11313.4 1.61954
11313.7 1.61947
11314.1 1.61976
11314.5 1.61949
11314.8 1.61929
11315.2 1.61913
11315.6 1.61901
11315.9 1.61894
11316.3 1.61891
11316.6 1.61892
11317 1.61897
11317.4 1.61907
11317.7 1.61922
11318.1 1.61944
11318.5 1.61972
11318.8 1.62007
11319.2 1.62054
11319.6 1.62124
11319.9 1.62193
11320.3 1.62275
11320.7 1.62286
11321 1.62381
11321.4 1.62491
11321.8 1.62617
11322.1 1.62759
11322.5 1.62918
11322.9 1.63096
11323.2 1.63293
11323.6 1.6351
11324 1.63744
11324.3 1.63991
11324.7 1.64243
11325.1 1.64494
11325.4 1.64742
11325.8 1.64988
11326.2 1.65228
11326.5 1.65459
11326.9 1.65678
11327.3 1.6569
11327.6 1.65897
11328 1.66091
11328.4 1.66273
11328.7 1.66446
11329.1 1.66613
11329.5 1.66776
11329.8 1.66935
11330.2 1.67091
11330.6 1.67243
11330.9 1.67391
11331.3 1.67536
11331.7 1.67677
11332 1.67861
11332.4 1.67992
11332.8 1.68117
11333.1 1.68235
11333.5 1.68347
11333.9 1.684
11334.2 1.68508
11334.6 1.68612
11335 1.68713
11335.3 1.6881
11335.7 1.68905
11336.1 1.68997
11336.4 1.6909
11336.8 1.69182
11337.2 1.69277
11337.5 1.69373
11337.9 1.69471
11338.3 1.69622
11338.6 1.69719
11339 1.69816
11339.4 1.69914
11339.7 1.70013
11340.1 1.70114
11340.5 1.70175
11340.8 1.70276
11341.2 1.70377
11341.6 1.7048
11341.9 1.70583
11342.3 1.70689
11342.7 1.70798
11343 1.70914
11343.4 1.71034
11343.7 1.71162
11344.1 1.71297
11344.5 1.71516
11344.8 1.71669
11345.2 1.71829
11345.6 1.71996
11345.9 1.72169
11346.3 1.72346
11346.7 1.72424
11347 1.72603
11347.4 1.72784
11347.8 1.72967
11348.1 1.73149
11348.5 1.73328
11348.9 1.73502
11349.2 1.73672
11349.6 1.73838
11350 1.74001
11350.3 1.74219
11350.7 1.74377
11351.1 1.74532
11351.4 1.74682
11351.8 1.7483
11352.2 1.74976
11352.5 1.75123
11352.9 1.75271
11353.3 1.75327
11353.6 1.75475
11354 1.75622
11354.4 1.75768
11354.7 1.75912
11355.1 1.76054
11355.5 1.76196
11355.8 1.76333
11356.2 1.76466
11356.6 1.7663
11356.9 1.7675
11357.3 1.76867
11357.7 1.76982
11358 1.77095
11358.4 1.77206
11358.8 1.77319
11359.1 1.77434
11359.5 1.77554
11359.9 1.77537
11360.2 1.77664
11360.6 1.77803
11361 1.77959
11361.3 1.78135
11361.7 1.78333
11362.1 1.7856
11362.4 1.78813
11362.8 1.79095
11363.2 1.79414
11363.5 1.79762
11363.9 1.80133
11364.3 1.8052
11364.6 1.80912
11365 1.81302
11365.4 1.81682
11365.7 1.82047
11366.1 1.82396
11366.5 1.82468
11366.8 1.82803
11367.2 1.8312
11367.6 1.83419
11367.9 1.83703
11368.3 1.83971
11368.7 1.84228
11369 1.84563
11369.4 1.84797
11369.8 1.85017
11370.1 1.85229
11370.5 1.85432
11370.8 1.85625
11371.2 1.85812
11371.6 1.85989
11371.9 1.86156
11372.3 1.86311
11372.7 1.86456
11373 1.86532
11373.4 1.86662
11373.8 1.86781
11374.1 1.86892
11374.5 1.86992
11374.9 1.8708
11375.2 1.8719
11375.6 1.87244
11376 1.87287
11376.3 1.87322
11376.7 1.8735
11377.1 1.87374
11377.4 1.87393
11377.8 1.87408
11378.2 1.8742
11378.5 1.87428
11378.9 1.87435
11379.3 1.87444
11379.6 1.87437
11380 1.87444
11380.4 1.87451
11380.7 1.87459
11381.1 1.87467
11381.5 1.8745
11381.8 1.87457
11382.2 1.87467
11382.6 1.87481
11382.9 1.87499
11383.3 1.8752
11383.7 1.87545
11384 1.87574
11384.4 1.87609
11384.8 1.87653
11385.1 1.87704
11385.5 1.87767
11385.9 1.87741
11386.2 1.87818
11386.6 1.87904
11387 1.88001
11387.3 1.8811
11387.7 1.88234
11388.1 1.8837
11388.4 1.88517
11388.8 1.88676
11389.2 1.88845
11389.5 1.89024
11389.9 1.89213
11390.3 1.89412
11390.6 1.89621
11391 1.8984
11391.4 1.90067
11391.7 1.90301
11392.1 1.90542
11392.5 1.90589
11392.8 1.90839
11393.2 1.91094
11393.6 1.91399
11393.9 1.91656
11394.3 1.91907
11394.7 1.92149
11395 1.92381
11395.4 1.92602
11395.8 1.92809
11396.1 1.92999
11396.5 1.93173
11396.8 1.93328
11397.2 1.93462
11397.6 1.93575
11397.9 1.93668
11398.3 1.93742
11398.7 1.93798
11399 1.93787
11399.4 1.93823
11399.8 1.93822
11400.1 1.93827
11400.5 1.93822
11400.9 1.93807
11401.2 1.93785
11401.6 1.93759
11402 1.9373
11402.3 1.937
11402.7 1.93673
11403.1 1.93649
11403.4 1.93632
11403.8 1.9362
11404.2 1.93617
11404.5 1.93624
11404.9 1.93643
11405.3 1.93674
11405.6 1.93664
11406 1.93714
11406.4 1.93781
11406.7 1.93858
11407.1 1.93943
11407.5 1.94037
11407.8 1.94138
11408.2 1.94248
11408.6 1.94363
11408.9 1.94482
11409.3 1.94602
11409.7 1.94723
11410 1.94843
11410.4 1.9496
11410.8 1.95074
11411.1 1.95186
11411.5 1.95293
11411.9 1.95394
11412.2 1.95495
11412.6 1.95592
11413 1.95683
11413.3 1.95768
11413.7 1.95846
11414.1 1.95918
11414.4 1.95985
11414.8 1.96046
11415.2 1.96104
11415.5 1.96159
11415.9 1.96209
11416.3 1.96255
11416.6 1.96296
11417 1.9633
11417.4 1.96359
11417.7 1.96381
11418.1 1.96334
11418.5 1.96265
11418.8 1.96257
11419.2 1.96247
11419.6 1.96238
11419.9 1.9623
11420.3 1.96222
11420.7 1.96216
11421 1.96209
11421.4 1.96202
11421.8 1.96193
11422.1 1.96183
11422.5 1.96169
11422.9 1.9615
11423.2 1.96125
11423.6 1.96094
11423.9 1.96054
11424.3 1.95965
11424.7 1.95913
11425 1.95871
11425.4 1.95812
11425.8 1.9575
11426.1 1.95685
11426.5 1.95619
11426.9 1.95554
11427.2 1.95488
11427.6 1.95423
11428 1.95358
11428.3 1.95293
11428.7 1.9523
11429.1 1.95169
11429.4 1.95112
11429.8 1.95059
11430.2 1.9501
11430.5 1.94942
11430.9 1.94907
11431.3 1.94881
11431.6 1.94863
11432 1.94846
11432.4 1.94835
11432.7 1.94833
11433.1 1.9484
11433.5 1.94859
11433.8 1.94891
11434.2 1.94937
11434.6 1.94997
11434.9 1.95068
11435.3 1.95151
11435.7 1.95245
11436 1.95353
11436.4 1.95474
11436.8 1.95547
11437.1 1.9569
11437.5 1.95847
11437.9 1.96015
11438.2 1.95932
11438.6 1.96109
11439 1.96298
11439.3 1.96493
11439.7 1.96686
11440.1 1.96869
11440.4 1.97037
11440.8 1.97187
11441.2 1.97319
11441.5 1.9743
11441.9 1.97523
11442.3 1.97598
11442.6 1.97656
11443 1.97597
11443.4 1.97615
11443.7 1.97615
11444.1 1.97594
11444.5 1.97556
11444.8 1.97403
11445.2 1.97337
11445.6 1.97258
11445.9 1.97172
11446.3 1.97079
11446.7 1.96983
11447 1.96886
11447.4 1.9679
11447.8 1.96698
11448.1 1.96613
11448.5 1.96537
11448.9 1.96468
11449.2 1.96265
11449.6 1.9622
11450 1.96181
11450.3 1.9615
11450.7 1.96124
11451 1.96102
11451.4 1.95993
11451.8 1.95972
11452.1 1.95951
11452.5 1.9593
11452.9 1.95909
11453.2 1.95885
11453.6 1.95856
11454 1.95822
11454.3 1.95781
11454.7 1.95734
11455.1 1.95567
11455.4 1.95514
11455.8 1.95459
11456.2 1.95405
11456.5 1.95353
11456.9 1.95306
11457.3 1.95264
11457.6 1.95161
11458 1.95125
11458.4 1.9509
11458.7 1.95057
11459.1 1.95026
11459.5 1.94995
11459.8 1.94965
11460.2 1.94936
11460.6 1.94904
11460.9 1.9487
11461.3 1.94701
11461.7 1.94643
11462 1.94576
11462.4 1.94499
11462.8 1.94414
11463.1 1.9432
11463.5 1.94217
11463.9 1.94107
11464.2 1.93908
11464.6 1.93786
11465 1.93665
11465.3 1.93545
11465.7 1.93428
11466.1 1.93314
11466.4 1.93202
11466.8 1.93093
11467.2 1.92986
11467.5 1.92742
11467.9 1.92657
11468.3 1.92577
11468.6 1.92503
11469 1.92433
11469.4 1.92368
11469.7 1.92305
11470.1 1.92246
11470.5 1.92191
11470.8 1.92126
11471.2 1.92078
11471.6 1.92032
11471.9 1.91986
11472.3 1.91942
11472.7 1.91897
11473 1.9185
11473.4 1.91798
11473.8 1.91685
11474.1 1.91621
11474.5 1.9155
11474.9 1.91472
11475.2 1.91386
11475.6 1.9129
11476 1.91184
11476.3 1.9107
11476.7 1.90948
11477 1.90823
11477.4 1.90674
11477.8 1.90538
11478.1 1.90403
11478.5 1.90274
11478.9 1.90154
11479.2 1.90046
11479.6 1.89957
11480 1.89725
11480.3 1.89681
11480.7 1.89663
11481.1 1.89671
11481.4 1.89706
11481.8 1.89767
11482.2 1.89847
11482.5 1.89944
11482.9 1.90051
11483.3 1.90161
11483.6 1.90269
11484 1.90166
11484.4 1.90265
11484.7 1.90347
11485.1 1.9041
11485.5 1.90453
11485.8 1.90396
11486.2 1.9041
11486.6 1.90408
11486.9 1.90391
11487.3 1.90359
11487.7 1.90316
11488 1.90263
11488.4 1.90202
11488.8 1.90135
11489.1 1.9006
11489.5 1.8998
11489.9 1.89895
11490.2 1.8985
11490.6 1.89761
11491 1.89669
11491.3 1.89574
11491.7 1.89476
11492.1 1.8933
11492.4 1.89223
11492.8 1.89116
11493.2 1.89005
11493.5 1.88892
11493.9 1.88776
11494.3 1.88659
11494.6 1.88539
11495 1.88417
11495.4 1.88293
11495.7 1.88168
11496.1 1.88044
11496.5 1.87919
11496.8 1.87814
11497.2 1.87683
11497.6 1.87556
11497.9 1.87432
11498.3 1.87185
11498.7 1.87073
11499 1.86967
11499.4 1.86869
11499.8 1.8678
11500.1 1.86698
11500.5 1.86626
11500.9 1.86561
11501.2 1.86506
11501.6 1.8646
11502 1.86425
11502.3 1.864
11502.7 1.86386
11503.1 1.86383
11503.4 1.86284
11503.8 1.86298
11504.1 1.86325
11504.5 1.86287
11504.9 1.8635
11505.2 1.86432
11505.6 1.86533
11506 1.86654
11506.3 1.86798
11506.7 1.86964
11507.1 1.87149
11507.4 1.87351
11507.8 1.87565
11508.2 1.87786
11508.5 1.88013
11508.9 1.88235
11509.3 1.8845
11509.6 1.88651
11510 1.88652
11510.4 1.88841
11510.7 1.8902
11511.1 1.8918
11511.5 1.89328
11511.8 1.89466
11512.2 1.89595
11512.6 1.89716
11512.9 1.89832
11513.3 1.89941
11513.7 1.90045
11514 1.90143
11514.4 1.90237
11514.8 1.90326
11515.1 1.90414
11515.5 1.90498
11515.9 1.90581
11516.2 1.90659
11516.6 1.90665
11517 1.90734
11517.3 1.90795
11517.7 1.90852
11518.1 1.90903
11518.4 1.90952
11518.8 1.91
11519.2 1.91043
11519.5 1.91084
11519.9 1.91121
11520.3 1.91156
11520.6 1.9119
11521 1.91223
11521.4 1.91255
11521.7 1.91285
11522.1 1.91312
11522.5 1.91334
11522.8 1.91268
11523.2 1.91182
11523.6 1.91197
11523.9 1.91211
11524.3 1.91223
11524.7 1.91232
11525 1.91235
11525.4 1.91235
11525.8 1.91228
11526.1 1.91215
11526.5 1.9119
11526.9 1.91155
11527.2 1.91114
11527.6 1.91066
11528 1.91011
11528.3 1.90953
11528.7 1.9089
11529.1 1.90734
11529.4 1.90644
11529.8 1.90566
11530.2 1.90485
11530.5 1.90397
11530.9 1.90302
11531.2 1.90201
11531.6 1.90096
11532 1.89989
11532.3 1.89884
11532.7 1.89778
11533.1 1.89674
11533.4 1.89573
11533.8 1.89471
11534.2 1.89368
11534.5 1.89266
11534.9 1.89165
11535.3 1.88975
11535.6 1.88875
11536 1.88783
11536.4 1.8868
11536.7 1.88573
11537.1 1.88466
11537.5 1.88356
11537.8 1.88243
11538.2 1.88129
11538.6 1.88011
11538.9 1.87891
11539.3 1.87767
11539.7 1.87643
11540 1.87519
11540.4 1.87395
11540.8 1.87276
11541.1 1.87161
11541.5 1.86957
11541.9 1.86855
11542.2 1.86761
11542.6 1.86677
11543 1.86597
11543.3 1.86532
11543.7 1.86483
11544.1 1.86452
11544.4 1.86435
11544.8 1.86433
11545.2 1.86443
11545.5 1.86461
11545.9 1.86486
11546.3 1.86514
11546.6 1.86539
11547 1.86555
11547.4 1.8656
11547.7 1.86498
11548.1 1.86472
11548.5 1.86435
11548.8 1.86385
11549.2 1.8633
11549.6 1.8627
11549.9 1.86201
11550.3 1.86126
11550.7 1.86045
11551 1.8596
11551.4 1.85873
11551.8 1.85786
11552.1 1.85694
11552.5 1.85603
11552.9 1.85511
11553.2 1.8542
11553.6 1.8527
11554 1.85181
11554.3 1.85093
11554.7 1.85007
11555.1 1.84922
11555.4 1.84836
11555.8 1.84768
11556.2 1.8468
11556.5 1.8459
11556.9 1.84499
11557.3 1.84405
11557.6 1.84306
11558 1.84203
11558.3 1.84094
11558.7 1.8398
11559.1 1.83861
11559.4 1.83738
11559.8 1.83508
11560.2 1.8337
11560.5 1.83229
11560.9 1.83085
11561.3 1.82937
11561.6 1.82786
11562 1.82674
11562.4 1.82523
11562.7 1.82372
11563.1 1.8222
11563.5 1.82072
11563.8 1.81922
11564.2 1.81775
11564.6 1.8163
11564.9 1.81485
11565.3 1.81343
11565.7 1.812
11566 1.8098
11566.4 1.80835
11566.8 1.80687
11567.1 1.80537
11567.5 1.80385
11567.9 1.80229
11568.2 1.8007
11568.6 1.79967
11569 1.79794
11569.3 1.79611
11569.7 1.79421
11570.1 1.79224
11570.4 1.79019
11570.8 1.78809
11571.2 1.78594
11571.5 1.78376
11571.9 1.78158
11572.3 1.77776
11572.6 1.77569
11573 1.77367
11573.4 1.77174
11573.7 1.76991
11574.1 1.76817
11574.5 1.76653
11574.8 1.76498
11575.2 1.76409
11575.6 1.7627
11575.9 1.76135
11576.3 1.76003
11576.7 1.75874
11577 1.75746
11577.4 1.7562
11577.8 1.75494
11578.1 1.75372
11578.5 1.75203
11578.9 1.75082
11579.2 1.74962
11579.6 1.74844
11580 1.74729
11580.3 1.74618
11580.7 1.74509
11581.1 1.74406
11581.4 1.74308
11581.8 1.74299
11582.2 1.74216
11582.5 1.74138
11582.9 1.74068
11583.3 1.74003
11583.6 1.73943
11584 1.73886
11584.3 1.73833
11584.7 1.73818
11585.1 1.7377
11585.4 1.7372
11585.8 1.73668
11586.2 1.73611
11586.5 1.7355
11586.9 1.73485
11587.3 1.73414
11587.6 1.73337
11588 1.73252
11588.4 1.73262
11588.7 1.73167
11589.1 1.73067
11589.5 1.7296
11589.8 1.72848
11590.2 1.72732
11590.6 1.72594
11590.9 1.72469
11591.3 1.72342
11591.7 1.72211
11592 1.72079
11592.4 1.71942
11592.8 1.71802
11593.1 1.71657
11593.5 1.71508
11593.9 1.71354
11594.2 1.71194
11594.6 1.71027
11595 1.70971
11595.3 1.70781
11595.7 1.7058
11596.1 1.70368
11596.4 1.70142
11596.8 1.69783
11597.2 1.69529
11597.5 1.6927
11597.9 1.69009
11598.3 1.68748
11598.6 1.68491
11599 1.6824
11599.4 1.67998
11599.7 1.67767
11600.1 1.6755
11600.5 1.67343
11600.8 1.67151
11601.2 1.67089
11601.6 1.66916
11601.9 1.66756
11602.3 1.66608
11602.7 1.66475
11603 1.6634
11603.4 1.66235
11603.8 1.66138
11604.1 1.66048
11604.5 1.65966
11604.9 1.6589
11605.2 1.65818
11605.6 1.65752
11606 1.65688
11606.3 1.65628
11606.7 1.6557
11607.1 1.65514
11607.4 1.65461
11607.8 1.65472
11608.2 1.65419
11608.5 1.65368
11608.9 1.65315
11609.3 1.65272
11609.6 1.65222
11610 1.65173
11610.4 1.65121
11610.7 1.65068
11611.1 1.65012
11611.4 1.64954
11611.8 1.64896
11612.2 1.6484
11612.5 1.64783
11612.9 1.64727
11613.3 1.6467
11613.6 1.64613
11614 1.64556
11614.4 1.64587
11614.7 1.64535
11615.1 1.64481
11615.5 1.64473
11615.8 1.64425
11616.2 1.64378
11616.6 1.64331
11616.9 1.64286
11617.3 1.64241
11617.7 1.642
11618 1.64158
11618.4 1.64117
11618.8 1.64079
11619.1 1.64042
11619.5 1.64006
11619.9 1.63972
11620.2 1.6394
11620.6 1.63908
11621 1.63967
11621.3 1.63992
11621.7 1.63959
11622.1 1.63926
11622.4 1.63892
11622.8 1.6386
11623.2 1.63827
11623.5 1.63795
11623.9 1.63763
11624.3 1.63731
11624.6 1.63701
11625 1.6367
11625.4 1.63641
11625.7 1.6361
11626.1 1.63581
11626.5 1.63549
11626.8 1.63517
11627.2 1.63482
11627.6 1.63491
11627.9 1.63448
11628.3 1.634
11628.7 1.63347
11629 1.63288
11629.4 1.63223
11629.8 1.63155
11630.1 1.63084
11630.5 1.6301
11630.9 1.62937
11631.2 1.62865
11631.6 1.62798
11632 1.62733
11632.3 1.62669
11632.7 1.62611
11633.1 1.62555
11633.4 1.62502
11633.8 1.62539
11634.2 1.62495
11634.5 1.62451
11634.9 1.62408
11635.3 1.62363
11635.6 1.62318
11636 1.62269
11636.4 1.62218
11636.7 1.62163
11637.1 1.62105
11637.5 1.62045
11637.8 1.61982
11638.2 1.61916
11638.5 1.61846
11638.9 1.61776
11639.3 1.61702
11639.6 1.61627
11640 1.61562
11640.4 1.6157
11640.7 1.6149
11641.1 1.61411
11641.5 1.61332
11641.8 1.61258
11642.2 1.61189
11642.6 1.61123
11642.9 1.61063
11643.3 1.61012
11643.7 1.6097
11644 1.60938
11644.4 1.60913
11644.8 1.60899
11645.1 1.60896
11645.5 1.60903
11645.9 1.60921
11646.2 1.60973
11646.6 1.6101
11647 1.61041
11647.3 1.61086
11647.7 1.61137
11648.1 1.61192
11648.4 1.6125
11648.8 1.61308
11649.2 1.61367
11649.5 1.61425
11649.9 1.61481
11650.3 1.61536
11650.6 1.61588
11651 1.61635
11651.4 1.61679
11651.7 1.6172
11652.1 1.61756
11652.5 1.61843
11652.8 1.61874
11653.2 1.61902
11653.6 1.61957
11653.9 1.61983
11654.3 1.6201
11654.7 1.62037
11655 1.62063
11655.4 1.62092
11655.8 1.62122
11656.1 1.62154
11656.5 1.62186
11656.9 1.62219
11657.2 1.62252
11657.6 1.62286
11658 1.62321
11658.3 1.62434
11658.7 1.62473
11659.1 1.62511
11659.4 1.62548
11659.8 1.62584
11660.2 1.62648
11660.5 1.62681
11660.9 1.62712
11661.3 1.6274
11661.6 1.62766
11662 1.62788
11662.4 1.62806
11662.7 1.62818
11663.1 1.62827
11663.5 1.6283
11663.8 1.62826
11664.2 1.62817
11664.5 1.62798
11664.9 1.62772
11665.3 1.62737
11665.6 1.62696
11666 1.62646
11666.4 1.62589
11666.7 1.62552
11667.1 1.62482
11667.5 1.62405
11667.8 1.62321
11668.2 1.62234
11668.6 1.62142
11668.9 1.62051
11669.3 1.61957
11669.7 1.61862
11670 1.61768
11670.4 1.61677
11670.8 1.61552
11671.1 1.61465
11671.5 1.61375
11671.9 1.61285
11672.2 1.61192
11672.6 1.61093
11673 1.61061
11673.3 1.6096
11673.7 1.60855
11674.1 1.60744
11674.4 1.60632
11674.8 1.60516
11675.2 1.60397
11675.5 1.60278
11675.9 1.60156
11676.3 1.60036
11676.6 1.5992
11677 1.59794
11677.4 1.59688
11677.7 1.59585
11678.1 1.59483
11678.5 1.59383
11678.8 1.59285
11679.2 1.59188
11679.6 1.59198
11679.9 1.59103
11680.3 1.5901
11680.7 1.58916
11681 1.58823
11681.4 1.5873
11681.8 1.58639
11682.1 1.58547
11682.5 1.58456
11682.9 1.58369
11683.2 1.58283
11683.6 1.58207
11684 1.58135
11684.3 1.5807
11684.7 1.5801
11685.1 1.57956
11685.4 1.57908
11685.8 1.57863
11686.2 1.57861
11686.5 1.57821
11686.9 1.57782
11687.3 1.57744
11687.6 1.57706
11688 1.57669
11688.4 1.5763
11688.7 1.5759
11689.1 1.57522
11689.5 1.57473
11689.8 1.57423
11690.2 1.57372
11690.6 1.5732
11690.9 1.57265
11691.3 1.57205
11691.6 1.57143
11692 1.57076
11692.4 1.57007
11692.7 1.56956
11693.1 1.56881
11693.5 1.56801
11693.8 1.56714
11694.2 1.56621
11694.6 1.56521
11694.9 1.56417
11695.3 1.56244
11695.7 1.56133
11696 1.56021
11696.4 1.5591
11696.8 1.55798
11697.1 1.55689
11697.5 1.55582
11697.9 1.55477
11698.2 1.55376
11698.6 1.55277
11699 1.55181
11699.3 1.55161
11699.7 1.55071
11700.1 1.54984
11700.4 1.54901
11700.8 1.54821
11701.2 1.54745
11701.5 1.54668
11701.9 1.54598
11702.3 1.5453
11702.6 1.54462
11703 1.54398
11703.4 1.54334
11703.7 1.54274
11704.1 1.54214
11704.5 1.54156
11704.8 1.54099
11705.2 1.54043
11705.6 1.54042
11705.9 1.53989
11706.3 1.53938
11706.7 1.5389
11707 1.53844
11707.4 1.53801
11707.8 1.53778
11708.1 1.53749
11708.5 1.53723
11708.9 1.53699
11709.2 1.53681
11709.6 1.53664
11710 1.53652
11710.3 1.53643
11710.7 1.53636
11711.1 1.53632
11711.4 1.5363
11711.8 1.5363
11712.2 1.5367
11712.5 1.53672
11712.9 1.53677
11713.3 1.5368
11713.6 1.53685
11714 1.53729
11714.4 1.53733
11714.7 1.53737
11715.1 1.53738
11715.5 1.53735
11715.8 1.53728
11716.2 1.53714
11716.6 1.53696
11716.9 1.53671
11717.3 1.53642
11717.7 1.53604
11718 1.5356
11718.4 1.53509
11718.7 1.53534
11719.1 1.53477
11719.5 1.53413
11719.8 1.53369
11720.2 1.53292
11720.6 1.53208
11720.9 1.53118
11721.3 1.53022
11721.7 1.52922
11722 1.52816
11722.4 1.52706
11722.8 1.52594
11723.1 1.52481
11723.5 1.5237
11723.9 1.52259
11724.2 1.52151
11724.6 1.52048
11725 1.51951
11725.3 1.51967
11725.7 1.51877
11726.1 1.5182
11726.4 1.51747
11726.8 1.5168
11727.2 1.51617
11727.5 1.51558
11727.9 1.51502
11728.3 1.51447
11728.6 1.51393
11729 1.51339
11729.4 1.51283
11729.7 1.51224
11730.1 1.51161
11730.5 1.51098
11730.8 1.51031
11731.2 1.50961
11731.6 1.50887
11731.9 1.50882
11732.3 1.50791
11732.7 1.5071
11733 1.50629
11733.4 1.50552
11733.8 1.50475
11734.1 1.50397
11734.5 1.50323
11734.9 1.50251
11735.2 1.50179
11735.6 1.5011
11736 1.50043
11736.3 1.49978
11736.7 1.49914
11737.1 1.49853
11737.4 1.49796
11737.8 1.49744
11738.2 1.49696
11738.5 1.49786
11738.9 1.49752
11739.3 1.49721
11739.6 1.49693
11740 1.49668
11740.4 1.49645
11740.7 1.49622
11741.1 1.49598
11741.5 1.49574
11741.8 1.49546
11742.2 1.49518
11742.6 1.49487
11742.9 1.49456
11743.3 1.49422
11743.7 1.49384
11744 1.49343
11744.4 1.493
11744.8 1.4943
11745.1 1.49378
11745.5 1.49323
11745.8 1.49265
11746.2 1.49203
11746.6 1.4914
11746.9 1.49076
11747.3 1.49009
11747.7 1.48942
11748 1.48873
11748.4 1.48803
11748.8 1.48731
11749.1 1.4866
11749.5 1.48589
11749.9 1.4852
11750.2 1.4845
11750.6 1.4838
11751 1.48355
11751.3 1.48397
11751.7 1.48329
11752.1 1.48262
11752.4 1.48196
11752.8 1.48133
11753.2 1.48072
11753.5 1.48013
11753.9 1.47956
11754.3 1.47902
11754.6 1.47852
11755 1.47806
11755.4 1.47764
11755.7 1.47725
11756.1 1.4769
11756.5 1.47658
11756.8 1.47668
11757.2 1.47635
11757.6 1.47601
11757.9 1.47639
11758.3 1.47601
11758.7 1.47562
11759 1.4752
11759.4 1.4748
11759.8 1.4744
11760.1 1.47402
11760.5 1.47367
11760.9 1.47335
11761.2 1.47308
11761.6 1.47283
11762 1.47264
11762.3 1.4725
11762.7 1.4724
11763.1 1.47282
11763.4 1.47279
11763.8 1.47275
11764.2 1.47272
11764.5 1.47318
11764.9 1.47314
11765.3 1.47306
11765.6 1.47299
11766 1.47291
11766.4 1.47283
11766.7 1.47276
11767.1 1.47269
11767.5 1.47263
11767.8 1.47257
11768.2 1.47252
11768.6 1.47247
11768.9 1.47243
11769.3 1.473
11769.7 1.473
11770 1.47301
11770.4 1.47306
11770.8 1.47312
11771.1 1.47378
11771.5 1.47387
11771.8 1.47395
11772.2 1.47406
11772.6 1.47418
11772.9 1.47431
11773.3 1.47446
11773.7 1.47465
11774 1.47486
11774.4 1.47509
11774.8 1.47534
11775.1 1.47559
11775.5 1.47633
11775.9 1.47665
11776.2 1.47698
11776.6 1.47735
11777 1.47773
11777.3 1.4782
11777.7 1.47863
11778.1 1.47907
11778.4 1.47954
11778.8 1.48003
11779.2 1.48055
11779.5 1.48111
11779.9 1.48169
11780.3 1.48229
11780.6 1.48293
11781 1.48357
11781.4 1.48424
11781.7 1.48556
11782.1 1.48619
11782.5 1.48679
11782.8 1.48734
11783.2 1.48782
11783.6 1.48821
11783.9 1.48873
11784.3 1.48901
11784.7 1.48922
11785 1.48933
11785.4 1.48938
11785.8 1.48933
11786.1 1.48921
11786.5 1.48901
11786.9 1.48873
11787.2 1.48837
11787.6 1.48814
11788 1.48761
11788.3 1.48699
11788.7 1.48631
11789.1 1.48557
11789.4 1.48474
11789.8 1.48386
11790.2 1.48292
11790.5 1.48286
11790.9 1.48186
11791.3 1.48085
11791.6 1.47985
11792 1.47887
11792.4 1.47793
11792.7 1.47701
11793.1 1.47615
11793.5 1.47532
11793.8 1.4747
11794.2 1.47402
11794.6 1.47337
11794.9 1.47276
11795.3 1.47219
11795.7 1.47166
11796 1.47116
11796.4 1.47071
11796.8 1.47029
11797.1 1.4708
11797.5 1.47044
11797.9 1.47009
11798.2 1.46978
11798.6 1.46951
11798.9 1.46928
11799.3 1.46909
11799.7 1.46893
11800 1.46934
11800.4 1.46922
11800.8 1.46912
11801.1 1.46902
11801.5 1.46896
11801.9 1.46888
11802.2 1.46879
11802.6 1.46866
11803 1.46849
11803.3 1.46828
11803.7 1.46849
11804.1 1.46816
11804.4 1.46778
11804.8 1.46732
11805.2 1.46681
11805.5 1.46626
11805.9 1.46566
11806.3 1.46481
11806.6 1.46417
11807 1.46353
11807.4 1.46292
11807.7 1.46233
11808.1 1.46178
11808.5 1.46125
11808.8 1.4608
11809.2 1.4604
11809.6 1.46009
11809.9 1.45984
11810.3 1.45969
11810.7 1.45954
11811 1.45947
11811.4 1.45946
11811.8 1.4595
11812.1 1.45962
11812.5 1.45985
11812.9 1.46008
11813.2 1.46037
11813.6 1.4607
11814 1.46108
11814.3 1.46153
11814.7 1.46204
11815.1 1.46259
11815.4 1.4632
11815.8 1.46384
11816.2 1.46451
11816.5 1.46474
11816.9 1.46542
11817.3 1.46612
11817.6 1.4668
11818 1.46751
11818.4 1.46819
11818.7 1.46903
11819.1 1.46971
11819.5 1.47038
11819.8 1.47105
11820.2 1.47169
11820.6 1.47233
11820.9 1.47296
11821.3 1.47361
11821.7 1.47427
11822 1.47495
11822.4 1.47562
11822.8 1.47627
11823.1 1.47655
11823.5 1.4772
11823.9 1.47782
11824.2 1.47842
11824.6 1.47926
11825 1.47974
11825.3 1.48014
11825.7 1.48049
11826 1.48077
11826.4 1.48099
11826.8 1.48116
11827.1 1.48126
11827.5 1.48133
11827.9 1.48134
11828.2 1.48131
11828.6 1.48126
11829 1.48118
11829.3 1.48108
11829.7 1.4808
11830.1 1.48064
11830.4 1.48045
11830.8 1.47971
11831.2 1.47937
11831.5 1.47897
11831.9 1.47853
11832.3 1.47803
11832.6 1.47748
11833 1.47689
11833.4 1.47623
11833.7 1.47557
11834.1 1.47488
11834.5 1.47418
11834.8 1.47352
11835.2 1.47292
11835.6 1.4724
11835.9 1.47195
11836.3 1.47118
11836.7 1.47094
11837 1.4703
11837.4 1.47038
11837.8 1.47057
11838.1 1.4709
11838.5 1.47135
11838.9 1.47195
11839.2 1.47267
11839.6 1.47352
11840 1.4745
11840.3 1.47559
11840.7 1.47678
11841.1 1.47805
11841.4 1.47936
11841.8 1.48071
11842.2 1.48208
11842.5 1.48344
11842.9 1.48363
11843.3 1.48515
11843.6 1.48643
11844 1.48766
11844.4 1.48882
11844.7 1.4899
11845.1 1.49093
11845.5 1.49191
11845.8 1.49286
11846.2 1.49381
11846.6 1.49477
11846.9 1.49574
11847.3 1.49677
11847.7 1.49786
11848 1.49903
11848.4 1.50027
11848.8 1.50163
11849.1 1.50202
11849.5 1.50394
11849.9 1.50552
11850.2 1.50717
11850.6 1.50891
11851 1.51069
11851.3 1.5125
11851.7 1.51431
11852 1.51612
11852.4 1.51791
11852.8 1.51967
11853.1 1.52136
11853.5 1.52299
11853.9 1.5245
11854.2 1.52591
11854.6 1.52719
11855 1.52838
11855.3 1.52972
11855.7 1.52995
11856.1 1.53094
11856.4 1.53184
11856.8 1.53265
11857.2 1.53339
11857.5 1.53408
11857.9 1.53472
11858.3 1.53532
11858.6 1.53588
11859 1.53642
11859.4 1.53691
11859.7 1.53736
11860.1 1.53778
11860.5 1.53815
11860.8 1.53851
11861.2 1.53884
11861.6 1.53876
11861.9 1.53893
11862.3 1.53847
11862.7 1.53851
11863 1.5385
11863.4 1.53846
11863.8 1.53838
11864.1 1.53829
11864.5 1.53819
11864.9 1.53809
11865.2 1.53803
11865.6 1.53802
11866 1.53806
11866.3 1.5382
11866.7 1.5384
11867.1 1.53865
11867.4 1.53889
11867.8 1.53806
11868.2 1.53832
11868.5 1.53856
11868.9 1.53748
11869.3 1.53769
11869.6 1.53783
11870 1.53786
11870.4 1.53778
11870.7 1.53763
11871.1 1.53741
11871.5 1.53716
11871.8 1.53687
11872.2 1.53654
11872.6 1.53618
11872.9 1.53581
11873.3 1.53544
11873.7 1.53506
11874 1.53444
11874.4 1.53414
11874.8 1.53386
11875.1 1.53358
11875.5 1.53352
11875.9 1.53329
11876.2 1.53308
11876.6 1.5329
11877 1.53274
11877.3 1.5326
11877.7 1.53248
11878.1 1.53238
11878.4 1.53229
11878.8 1.5322
11879.1 1.53211
11879.5 1.53201
11879.9 1.5319
11880.2 1.5319
11880.6 1.53173
11881 1.53154
11881.3 1.5313
11881.7 1.53135
11882.1 1.53104
11882.4 1.5307
11882.8 1.53033
11883.2 1.52995
11883.5 1.52954
11883.9 1.52914
11884.3 1.52872
11884.6 1.52833
11885 1.52795
11885.4 1.52761
11885.7 1.52733
11886.1 1.52709
11886.5 1.52659
11886.8 1.52642
11887.2 1.52629
11887.6 1.52618
11887.9 1.5261
11888.3 1.52575
11888.7 1.52564
11889 1.52554
11889.4 1.52544
11889.8 1.52534
11890.1 1.52527
11890.5 1.52523
11890.9 1.52521
11891.2 1.52523
11891.6 1.52526
11892 1.52534
11892.3 1.52492
11892.7 1.52507
11893.1 1.52525
11893.4 1.52547
11893.8 1.5257
11894.2 1.52592
11894.5 1.52613
11894.9 1.52563
11895.3 1.52586
11895.6 1.52608
11896 1.52628
11896.4 1.52644
11896.7 1.52654
11897.1 1.52657
11897.5 1.52655
11897.8 1.52647
11898.2 1.52634
11898.6 1.52567
11898.9 1.52538
11899.3 1.52502
11899.7 1.52462
11900 1.52418
11900.4 1.5237
11900.8 1.52318
11901.1 1.52261
11901.5 1.52225
11901.9 1.52166
11902.2 1.521
11902.6 1.5203
11903 1.51953
11903.3 1.51867
11903.7 1.51772
11904.1 1.51669
11904.4 1.51556
11904.8 1.51373
11905.2 1.51244
11905.5 1.51111
11905.9 1.50977
11906.2 1.50845
11906.6 1.50716
11907 1.5059
11907.3 1.50465
11907.7 1.50343
11908.1 1.50298
11908.4 1.50185
11908.8 1.50075
11909.2 1.49971
11909.5 1.49871
11909.9 1.49775
11910.3 1.49682
11910.6 1.4959
11911 1.49477
11911.4 1.49392
11911.7 1.4931
11912.1 1.49229
11912.5 1.49152
11912.8 1.49079
11913.2 1.49013
11913.6 1.48955
11913.9 1.48908
11914.3 1.48872
11914.7 1.48882
11915 1.48862
11915.4 1.48851
11915.8 1.48849
11916.1 1.48856
11916.5 1.48867
11916.9 1.48885
11917.2 1.48945
11917.6 1.48968
11918 1.48991
11918.3 1.49012
11918.7 1.49031
11919.1 1.49043
11919.4 1.49051
11919.8 1.49053
11920.2 1.49052
11920.5 1.49045
11920.9 1.49061
11921.3 1.49043
11921.6 1.4902
11922 1.48991
11922.4 1.48956
11922.7 1.48911
11923.1 1.4882
11923.5 1.48751
11923.8 1.48675
11924.2 1.4859
11924.6 1.48502
11924.9 1.48409
11925.3 1.48312
11925.7 1.48212
11926 1.48115
11926.4 1.48018
11926.8 1.47928
11927.1 1.47845
11927.5 1.47739
11927.9 1.4767
11928.2 1.47614
11928.6 1.4757
11929 1.47539
11929.3 1.47437
11929.7 1.47441
11930.1 1.47459
11930.4 1.47489
11930.8 1.47524
11931.2 1.47562
11931.5 1.47597
11931.9 1.47627
11932.3 1.4765
11932.6 1.47666
11933 1.47674
11933.3 1.47672
11933.7 1.47664
11934.1 1.4762
11934.4 1.47606
11934.8 1.47585
11935.2 1.4756
11935.5 1.47493
11935.9 1.47459
11936.3 1.47425
11936.6 1.47388
11937 1.47352
11937.4 1.47316
11937.7 1.4728
11938.1 1.47243
11938.5 1.47208
11938.8 1.47174
11939.2 1.47144
11939.6 1.47115
11939.9 1.4709
11940.3 1.47065
11940.7 1.47018
11941 1.46988
11941.4 1.46956
11941.8 1.46848
11942.1 1.46805
11942.5 1.46757
11942.9 1.46703
11943.2 1.4664
11943.6 1.4657
11944 1.46488
11944.3 1.464
11944.7 1.46302
11945.1 1.46198
11945.4 1.46087
11945.8 1.45972
11946.2 1.45856
11946.5 1.45744
11946.9 1.45638
11947.3 1.45443
11947.6 1.45345
11948 1.45074
11948.4 1.44994
11948.7 1.44919
11949.1 1.44849
11949.5 1.44785
11949.8 1.44724
11950.2 1.44666
11950.6 1.44609
11950.9 1.44553
11951.3 1.445
11951.7 1.44451
11952 1.44406
11952.4 1.44364
11952.8 1.44324
11953.1 1.44288
11953.5 1.44175
11953.9 1.44141
11954.2 1.44005
11954.6 1.4398
11955 1.43955
11955.3 1.43933
11955.7 1.43915
11956.1 1.43902
11956.4 1.43896
11956.8 1.43898
11957.2 1.43909
11957.5 1.4393
11957.9 1.43961
11958.3 1.44003
11958.6 1.44058
11959 1.44126
11959.3 1.44204
11959.7 1.44294
11960.1 1.44229
11960.4 1.44322
11960.8 1.44418
11961.2 1.44513
11961.5 1.44604
11961.9 1.44689
11962.3 1.44765
11962.6 1.44833
11963 1.44885
11963.4 1.44924
11963.7 1.44947
11964.1 1.44953
11964.5 1.44945
11964.8 1.44921
11965.2 1.44886
11965.6 1.44841
11965.9 1.44786
11966.3 1.44599
11966.7 1.44473
11967 1.44403
11967.4 1.4433
11967.8 1.44255
11968.1 1.4418
11968.5 1.44109
11968.9 1.44044
11969.2 1.43983
11969.6 1.4393
11970 1.43885
11970.3 1.4385
11970.7 1.43824
11971.1 1.43806
11971.4 1.43799
11971.8 1.43796
11972.2 1.438
11972.5 1.4375
11972.9 1.43768
11973.3 1.43715
11973.6 1.43738
11974 1.43764
11974.4 1.43794
11974.7 1.43826
11975.1 1.43858
11975.5 1.43895
11975.8 1.43935
11976.2 1.43978
11976.6 1.44022
11976.9 1.44064
11977.3 1.44102
11977.7 1.44133
11978 1.44157
11978.4 1.44173
11978.8 1.44147
11979.1 1.44141
11979.5 1.44125
11979.9 1.44086
11980.2 1.44054
11980.6 1.44008
11981 1.43949
11981.3 1.43878
11981.7 1.43796
11982.1 1.43704
11982.4 1.43605
11982.8 1.43501
11983.2 1.43392
11983.5 1.43279
11983.9 1.43164
11984.3 1.43048
11984.6 1.42931
11985 1.42726
11985.4 1.42625
11985.7 1.42532
11986.1 1.42442
11986.4 1.42373
11986.8 1.42296
11987.2 1.42223
11987.5 1.42154
11987.9 1.42088
11988.3 1.42026
11988.6 1.41967
11989 1.4191
11989.4 1.41856
11989.7 1.41804
11990.1 1.41752
11990.5 1.41699
11990.8 1.41632
11991.2 1.41576
11991.6 1.41517
11991.9 1.41455
11992.3 1.41389
11992.7 1.41364
11993 1.41293
11993.4 1.41222
11993.8 1.41148
11994.1 1.41073
11994.5 1.40995
11994.9 1.40913
11995.2 1.40829
11995.6 1.40743
11996 1.40659
11996.3 1.40575
11996.7 1.40491
11997.1 1.40359
11997.4 1.40276
11997.8 1.40195
11998.2 1.40116
11998.5 1.40041
11998.9 1.39972
11999.3 1.39929
11999.6 1.39866
12000 1.39809
12000.4 1.39753
12000.7 1.39701
12001.1 1.39652
12001.5 1.39606
12001.8 1.39561
12002.2 1.39516
12002.6 1.39471
12002.9 1.39425
12003.3 1.39295
12003.7 1.3924
12004 1.39181
12004.4 1.3912
12004.8 1.3906
12005.1 1.38999
12005.5 1.38942
12005.9 1.38866
12006.2 1.38818
12006.6 1.38772
12007 1.38731
12007.3 1.38698
12007.7 1.3867
12008.1 1.38647
12008.4 1.38628
12008.8 1.38614
12009.2 1.38599
12009.5 1.38567
12009.9 1.38554
12010.3 1.38539
12010.6 1.3852
12011 1.38497
12011.4 1.3847
12011.7 1.38435
12012.1 1.38394
12012.5 1.38378
12012.8 1.38326
12013.2 1.38266
12013.5 1.38198
12013.9 1.38125
12014.3 1.38046
12014.6 1.37964
12015 1.37878
12015.4 1.37788
12015.7 1.3766
12016.1 1.37569
12016.5 1.37477
12016.8 1.37388
12017.2 1.373
12017.6 1.37213
12017.9 1.37127
12018.3 1.37041
12018.7 1.36957
12019 1.36942
12019.4 1.36858
12019.8 1.36771
12020.1 1.36681
12020.5 1.36589
12020.9 1.36492
12021.2 1.36393
12021.6 1.36288
12022 1.36131
12022.3 1.3601
12022.7 1.35884
12023.1 1.35751
12023.4 1.35609
12023.8 1.35464
12024.2 1.35313
12024.5 1.35156
12024.9 1.34994
12025.3 1.34914
12025.6 1.34749
12026 1.34579
12026.4 1.34408
12026.7 1.34235
12027.1 1.3406
12027.5 1.33884
12027.8 1.33635
12028.2 1.33466
12028.6 1.33298
12028.9 1.33134
12029.3 1.32972
12029.7 1.32811
12030 1.32656
12030.4 1.32504
12030.8 1.32355
12031.1 1.32214
12031.5 1.32076
12031.9 1.32005
12032.2 1.31876
12032.6 1.31753
12033 1.31634
12033.3 1.31521
12033.7 1.31412
12034.1 1.31263
12034.4 1.31163
12034.8 1.31065
12035.2 1.30968
12035.5 1.30869
12035.9 1.30769
12036.3 1.3067
12036.6 1.30572
12037 1.30473
12037.4 1.30374
12037.7 1.30276
12038.1 1.3018
12038.5 1.30185
12038.8 1.30093
12039.2 1.30002
12039.5 1.29912
12039.9 1.29823
12040.3 1.29752
12040.6 1.29668
12041 1.29587
12041.4 1.29507
12041.7 1.29429
12042.1 1.29352
12042.5 1.29275
12042.8 1.29198
12043.2 1.29122
12043.6 1.29045
12043.9 1.28968
12044.3 1.28889
12044.7 1.2881
12045 1.28832
12045.4 1.28752
12045.8 1.2867
12046.1 1.28587
12046.5 1.28516
12046.9 1.28429
12047.2 1.28345
12047.6 1.28263
12048 1.28179
12048.3 1.28094
12048.7 1.28005
12049.1 1.27914
12049.4 1.27817
12049.8 1.27715
12050.2 1.27608
12050.5 1.27498
12050.9 1.27379
12051.3 1.27253
12051.6 1.27183
12052 1.27048
12052.4 1.26906
12052.7 1.26673
12053.1 1.26521
12053.5 1.26365
12053.8 1.26208
12054.2 1.26048
12054.6 1.25883
12054.9 1.25719
12055.3 1.25553
12055.7 1.25386
12056 1.2522
12056.4 1.25054
12056.8 1.24889
12057.1 1.24722
12057.5 1.24554
12057.9 1.24387
12058.2 1.24278
12058.6 1.24008
12059 1.23846
12059.3 1.23685
12059.7 1.23525
12060.1 1.23367
12060.4 1.23211
12060.8 1.23058
12061.2 1.22908
12061.5 1.22764
12061.9 1.22624
12062.3 1.22491
12062.6 1.22362
12063 1.2224
12063.4 1.22124
12063.7 1.22015
12064.1 1.21911
12064.5 1.2187
12064.8 1.21738
12065.2 1.21645
12065.6 1.21552
12065.9 1.21461
12066.3 1.21371
12066.6 1.21282
12067 1.21194
12067.4 1.21105
12067.7 1.21016
12068.1 1.20926
12068.5 1.20833
12068.8 1.2074
12069.2 1.20646
12069.6 1.2055
12069.9 1.20454
12070.3 1.20356
12070.7 1.20255
12071 1.20236
12071.4 1.20137
12071.8 1.20036
12072.1 1.19935
12072.5 1.19834
12072.9 1.19733
12073.2 1.19636
12073.6 1.19542
12074 1.19453
12074.3 1.19367
12074.7 1.19289
12075.1 1.19217
12075.4 1.19151
12075.8 1.1909
12076.2 1.19035
12076.5 1.18982
12076.9 1.18932
12077.3 1.18909
12077.6 1.18931
12078 1.18891
12078.4 1.18851
12078.7 1.18813
12079.1 1.18771
12079.5 1.18726
12079.8 1.18677
12080.2 1.18623
12080.6 1.18565
12080.9 1.18504
12081.3 1.18437
12081.7 1.18365
12082 1.18288
12082.4 1.18208
12082.8 1.1812
12083.1 1.18028
12083.5 1.17938
12083.9 1.17834
12084.2 1.17838
12084.6 1.17726
12085 1.17609
12085.3 1.17487
12085.7 1.1736
12086.1 1.17226
12086.4 1.17087
12086.8 1.16943
12087.2 1.16795
12087.5 1.1664
12087.9 1.1648
12088.3 1.16315
12088.6 1.16147
12089 1.15974
12089.4 1.15799
12089.7 1.15582
12090.1 1.15399
12090.5 1.15213
12090.8 1.15171
12091.2 1.14981
12091.6 1.14789
12091.9 1.14596
12092.3 1.14405
12092.7 1.14217
12093 1.14032
12093.4 1.13849
12093.7 1.1367
12094.1 1.13494
12094.5 1.13323
12094.8 1.13157
12095.2 1.12998
12095.6 1.12828
12095.9 1.12688
12096.3 1.12556
12096.7 1.12435
12097 1.12434
12097.4 1.12326
12097.8 1.12229
12098.1 1.12138
12098.5 1.12056
12098.9 1.11982
12099.2 1.11914
12099.6 1.11852
12100 1.11795
12100.3 1.11742
12100.7 1.11692
12101.1 1.11646
12101.4 1.11604
12101.8 1.11589
12102.2 1.11555
12102.5 1.11527
12102.9 1.11502
12103.3 1.11482
12103.6 1.11504
12104 1.11488
12104.4 1.11477
12104.7 1.11468
12105.1 1.11462
12105.5 1.11454
12105.8 1.11445
12106.2 1.11433
12106.6 1.11418
12106.9 1.11401
12107.3 1.11382
12107.7 1.11359
12108 1.11377
12108.4 1.11349
12108.8 1.11321
12109.1 1.1129
12109.5 1.11257
12109.9 1.11224
12110.2 1.11277
12110.6 1.11243
12111 1.1121
12111.3 1.11177
12111.7 1.11147
12112.1 1.11118
12112.4 1.11093
12112.8 1.11073
12113.2 1.11058
12113.5 1.11049
12113.9 1.11047
12114.3 1.1114
12114.6 1.1116
12115 1.11185
12115.4 1.11218
12115.7 1.11258
12116.1 1.11304
12116.5 1.11353
12116.8 1.11456
12117.2 1.11508
12117.6 1.11561
12117.9 1.11612
12118.3 1.11662
12118.7 1.11708
12119 1.11751
12119.4 1.1179
12119.8 1.11821
12120.1 1.11848
12120.5 1.11953
12120.8 1.11962
12121.2 1.11964
12121.6 1.11958
12121.9 1.11945
12122.3 1.11927
12122.7 1.11903
12123 1.11874
12123.4 1.11942
12123.8 1.11906
12124.1 1.11867
12124.5 1.11824
12124.9 1.11777
12125.2 1.11727
12125.6 1.11674
12126 1.1162
12126.3 1.11608
12126.7 1.11549
12127.1 1.11489
12127.4 1.1143
12127.8 1.11372
12128.2 1.11316
12128.5 1.11264
12128.9 1.11218
12129.3 1.11179
12129.6 1.11149
12130 1.11198
12130.4 1.11178
12130.7 1.11166
12131.1 1.11163
12131.5 1.11167
12131.8 1.11182
12132.2 1.11207
12132.6 1.11311
12132.9 1.11352
12133.3 1.11399
12133.7 1.11452
12134 1.1151
12134.4 1.11571
12134.8 1.11635
12135.1 1.11703
12135.5 1.11768
12135.9 1.11835
12136.2 1.11913
12136.6 1.11978
12137 1.12041
12137.3 1.12103
12137.7 1.12162
12138.1 1.12218
12138.4 1.12269
12138.8 1.12378
12139.2 1.12415
12139.5 1.12447
12139.9 1.12474
12140.3 1.12493
12140.6 1.12507
12141 1.12514
12141.4 1.12519
12141.7 1.12521
12142.1 1.12519
12142.5 1.12515
12142.8 1.12555
12143.2 1.12548
12143.6 1.1254
12143.9 1.1253
12144.3 1.12521
12144.7 1.12509
12145 1.1255
12145.4 1.12538
12145.8 1.12525
12146.1 1.1251
12146.5 1.12493
12146.8 1.12474
12147.2 1.12452
12147.6 1.12428
12147.9 1.124
12148.3 1.1237
12148.7 1.12339
12149 1.12307
12149.4 1.12375
12149.8 1.12346
12150.1 1.12316
12150.5 1.12287
12150.9 1.12258
12151.2 1.12304
12151.6 1.12277
12152 1.12251
12152.3 1.12225
12152.7 1.12197
12153.1 1.12174
12153.4 1.12152
12153.8 1.12131
12154.2 1.12112
12154.5 1.12099
12154.9 1.12091
12155.3 1.12087
12155.6 1.12091
12156 1.12186
12156.4 1.12199
12156.7 1.12218
12157.1 1.12244
12157.5 1.12382
12157.8 1.12422
12158.2 1.12466
12158.6 1.12517
12158.9 1.12566
12159.3 1.12618
12159.7 1.12669
12160 1.12721
12160.4 1.12772
12160.8 1.12821
12161.1 1.12868
12161.5 1.12913
12161.9 1.12955
12162.2 1.12994
12162.6 1.13092
12163 1.13125
12163.3 1.13248
12163.7 1.13271
12164.1 1.13293
12164.4 1.13309
12164.8 1.13319
12165.2 1.13326
12165.5 1.13329
12165.9 1.13326
12166.3 1.13318
12166.6 1.13303
12167 1.13284
12167.4 1.13258
12167.7 1.13227
12168.1 1.13192
12168.5 1.13152
12168.8 1.13202
12169.2 1.13156
12169.6 1.1315
12169.9 1.13095
12170.3 1.13036
12170.7 1.12974
12171 1.12907
12171.4 1.12837
12171.8 1.12765
12172.1 1.12689
12172.5 1.12611
12172.9 1.1253
12173.2 1.12448
12173.6 1.12366
12173.9 1.12285
12174.3 1.12206
12174.7 1.12128
12175 1.12054
12175.4 1.12096
12175.8 1.12074
12176.1 1.1201
12176.5 1.1195
12176.9 1.11895
12177.2 1.11845
12177.6 1.11801
12178 1.11762
12178.3 1.1173
12178.7 1.11701
12179.1 1.1168
12179.4 1.11663
12179.8 1.11652
12180.2 1.11647
12180.5 1.11647
12180.9 1.11652
12181.3 1.11664
12181.6 1.1168
12182 1.11826
12182.4 1.11846
12182.7 1.1187
12183.1 1.11897
12183.5 1.11926
12183.8 1.11954
12184.2 1.11981
12184.6 1.12004
12184.9 1.12023
12185.3 1.12038
12185.7 1.12048
12186 1.12052
12186.4 1.12051
12186.8 1.12046
12187.1 1.12037
12187.5 1.12022
12187.9 1.12004
12188.2 1.12021
12188.6 1.12057
12189 1.12023
12189.3 1.11986
12189.7 1.11945
12190.1 1.119
12190.4 1.11855
12190.8 1.11806
12191.2 1.11755
12191.5 1.11703
12191.9 1.1165
12192.3 1.11594
12192.6 1.11537
12193 1.1148
12193.4 1.1142
12193.7 1.11359
12194.1 1.11293
12194.5 1.11229
12194.8 1.11164
12195.2 1.1116
12195.6 1.11092
12195.9 1.11026
12196.3 1.10958
12196.7 1.10892
12197 1.10825
12197.4 1.1076
12197.8 1.10695
12198.1 1.10629
12198.5 1.10562
12198.9 1.10497
12199.2 1.10432
12199.6 1.10371
12200 1.10312
12200.3 1.10252
12200.7 1.10199
12201 1.10149
12201.4 1.10101
12201.8 1.10101
12202.1 1.10059
12202.5 1.10022
12202.9 1.09991
12203.2 1.09966
12203.6 1.09949
12204 1.09937
12204.3 1.0993
12204.7 1.09928
12205.1 1.0993
12205.4 1.09933
12205.8 1.0994
12206.2 1.09949
12206.5 1.09971
12206.9 1.09977
12207.3 1.0998
12207.6 1.09977
12208 1.09999
12208.4 1.09994
12208.7 1.09984
12209.1 1.09968
12209.5 1.09945
12209.8 1.09916
12210.2 1.09882
12210.6 1.09841
12210.9 1.09798
12211.3 1.09753
12211.7 1.09704
12212 1.09652
12212.4 1.09599
12212.8 1.09576
12213.1 1.09525
12213.5 1.09473
12213.9 1.09424
12214.2 1.09374
12214.6 1.09409
12215 1.09363
12215.3 1.09316
12215.7 1.09272
12216.1 1.09231
12216.4 1.09193
12216.8 1.09156
12217.2 1.09124
12217.5 1.09093
12217.9 1.09066
12218.3 1.09042
12218.6 1.09022
12219 1.09044
12219.4 1.09028
12219.7 1.09012
12220.1 1.08997
12220.5 1.08979
12220.8 1.0896
12221.2 1.08982
12221.6 1.08956
12221.9 1.08927
12222.3 1.08896
12222.7 1.0886
12223 1.0882
12223.4 1.08775
12223.8 1.08723
12224.1 1.08669
12224.5 1.0861
12224.9 1.08549
12225.2 1.08469
12225.6 1.08408
12226 1.08347
12226.3 1.0829
12226.7 1.08237
12227 1.08187
12227.4 1.08142
12227.8 1.08145
12228.1 1.08108
12228.5 1.08076
12228.9 1.08052
12229.2 1.08035
12229.6 1.08024
12230 1.08018
12230.3 1.0802
12230.7 1.08028
12231.1 1.08101
12231.4 1.08129
12231.8 1.08165
12232.2 1.08205
12232.5 1.0825
12232.9 1.08302
12233.3 1.08358
12233.6 1.0842
12234 1.08485
12234.4 1.08547
12234.7 1.08614
12235.1 1.08681
12235.5 1.08746
12235.8 1.08811
12236.2 1.08875
12236.6 1.08937
12236.9 1.08997
12237.3 1.09116
12237.7 1.0917
12238 1.09222
12238.4 1.09269
12238.8 1.09315
12239.1 1.09361
12239.5 1.09408
12239.9 1.09455
12240.2 1.09505
12240.6 1.09581
12241 1.09633
12241.3 1.09689
12241.7 1.09749
12242.1 1.09813
12242.4 1.09885
12242.8 1.09962
12243.2 1.10045
12243.5 1.1022
12243.9 1.1031
12244.3 1.10402
12244.6 1.10494
12245 1.10588
12245.4 1.10679
12245.7 1.10767
12246.1 1.10847
12246.5 1.10921
12246.8 1.10989
12247.2 1.11049
12247.6 1.11106
12247.9 1.11157
12248.3 1.11201
12248.7 1.11239
12249 1.11271
12249.4 1.113
12249.8 1.11357
12250.1 1.11377
12250.5 1.11391
12250.9 1.11401
12251.2 1.11407
12251.6 1.1141
12252 1.11408
12252.3 1.11404
12252.7 1.11395
12253.1 1.11383
12253.4 1.11366
12253.8 1.11363
12254.1 1.1134
12254.5 1.11311
12254.9 1.11279
12255.2 1.11244
12255.6 1.11208
12256 1.11153
12256.3 1.11113
12256.7 1.11072
12257.1 1.11031
12257.4 1.10989
12257.8 1.10947
12258.2 1.10904
12258.5 1.10861
12258.9 1.10818
12259.3 1.10776
12259.6 1.10732
12260 1.1069
12260.4 1.10691
12260.7 1.1065
12261.1 1.10609
12261.5 1.10569
12261.8 1.10535
12262.2 1.105
12262.6 1.10471
12262.9 1.10444
12263.3 1.10423
12263.7 1.10407
12264 1.10398
12264.4 1.10397
12264.8 1.10402
12265.1 1.10415
12265.5 1.10434
12265.9 1.10461
12266.2 1.10494
12266.6 1.10535
12267 1.10549
12267.3 1.10598
12267.7 1.10654
12268.1 1.10738
12268.4 1.10809
12268.8 1.10886
12269.2 1.10967
12269.5 1.11055
12269.9 1.11145
12270.3 1.1124
12270.6 1.11339
12271 1.11439
12271.4 1.11537
12271.7 1.11633
12272.1 1.11723
12272.5 1.11807
12272.8 1.11885
12273.2 1.11956
12273.6 1.11988
12273.9 1.12049
12274.3 1.12134
12274.7 1.12181
12275 1.12222
12275.4 1.12254
12275.8 1.12283
12276.1 1.12304
12276.5 1.12321
12276.9 1.12334
12277.2 1.12343
12277.6 1.12347
12278 1.12347
12278.3 1.12343
12278.7 1.12336
12279.1 1.12325
12279.4 1.12312
12279.8 1.12292
12280.2 1.12272
12280.5 1.12215
12280.9 1.1219
12281.2 1.12165
12281.6 1.12143
12282 1.12122
12282.3 1.12103
12282.7 1.12086
12283.1 1.1207
12283.4 1.12053
12283.8 1.12035
12284.2 1.12016
12284.5 1.11993
12284.9 1.11967
12285.3 1.11936
12285.6 1.119
12286 1.11861
12286.4 1.11813
12286.7 1.11715
12287.1 1.11666
12287.5 1.11616
12287.8 1.11563
12288.2 1.11508
12288.6 1.11455
12288.9 1.11398
12289.3 1.11343
12289.7 1.11283
12290 1.11221
12290.4 1.11154
12290.8 1.11081
12291.1 1.11003
12291.5 1.10921
12291.9 1.10835
12292.2 1.10743
12292.6 1.10548
12293 1.10441
12293.3 1.10322
12293.7 1.10194
12294.1 1.10059
12294.4 1.09915
12294.8 1.09766
12295.2 1.09608
12295.5 1.09445
12295.9 1.09275
12296.3 1.09099
12296.6 1.08919
12297 1.08737
12297.4 1.08552
12297.7 1.08365
12298.1 1.08175
12298.5 1.07981
12298.8 1.07632
12299.2 1.07437
12299.6 1.07289
12299.9 1.07098
12300.3 1.06907
12300.7 1.06715
12301 1.0652
12301.4 1.06322
12301.8 1.06123
12302.1 1.05919
12302.5 1.05711
12302.9 1.05495
12303.2 1.05272
12303.6 1.05039
12304 1.04796
12304.3 1.04545
12304.7 1.04284
12305.1 1.038
12305.4 1.0353
12305.8 1.03262
12306.2 1.03065
12306.5 1.02814
12306.9 1.0257
12307.3 1.02337
12307.6 1.02114
12308 1.01902
12308.3 1.01703
12308.7 1.01515
12309.1 1.01337
12309.4 1.01167
12309.8 1.01004
12310.2 1.00848
12310.5 1.00699
12310.9 1.00556
12311.3 1.0031
12311.6 1.00179
12312 1.00048
12312.4 0.999298
12312.7 0.997932
12313.1 0.996552
12313.5 0.995125
12313.8 0.993614
12314.2 0.992012
12314.6 0.990334
12314.9 0.988556
12315.3 0.986687
12315.7 0.984711
12316 0.982635
12316.4 0.980461
12316.8 0.978172
12317.1 0.975815
12317.5 0.971344
12317.9 0.968857
12318.2 0.966362
12318.6 0.96389
12319 0.961929
12319.3 0.959526
12319.7 0.957176
12320.1 0.95491
12320.4 0.952759
12320.8 0.950722
12321.2 0.948814
12321.5 0.947037
12321.9 0.945374
12322.3 0.943832
12322.6 0.942413
12323 0.941116
12323.4 0.939919
12323.7 0.937767
12324.1 0.936829
12324.5 0.935974
12324.8 0.935181
12325.2 0.934471
12325.6 0.933647
12325.9 0.933014
12326.3 0.932419
12326.7 0.931862
12327 0.93132
12327.4 0.930786
12327.8 0.930267
12328.1 0.929749
12328.5 0.92923
12328.9 0.928719
12329.2 0.92823
12329.6 0.927223
12330 0.926819
12330.3 0.926468
12330.7 0.926155
12331.1 0.925919
12331.4 0.925735
12331.8 0.925613
12332.2 0.925285
12332.5 0.925217
12332.9 0.925186
12333.3 0.925179
12333.6 0.925171
12334 0.925163
12334.3 0.925133
12334.7 0.925056
12335.1 0.924957
12335.4 0.924828
12335.8 0.924088
12336.2 0.923752
12336.5 0.923325
12336.9 0.922813
12337.3 0.922195
12337.6 0.921471
12338 0.92067
12338.4 0.919785
12338.7 0.918892
12339.1 0.917915
12339.5 0.916908
12339.8 0.915871
12340.2 0.914841
12340.6 0.913818
12340.9 0.912804
12341.3 0.911797
12341.7 0.91082
12342 0.909119
12342.4 0.908218
12342.8 0.907333
12343.1 0.906448
12343.5 0.905579
12343.9 0.904709
12344.2 0.903862
12344.6 0.903023
12345 0.902168
12345.3 0.901573
12345.7 0.900726
12346.1 0.899849
12346.4 0.898964
12346.8 0.898064
12347.2 0.897148
12347.5 0.896233
12347.9 0.895317
12348.3 0.893822
12348.6 0.892944
12349 0.89209
12349.4 0.891212
12349.7 0.890343
12350.1 0.88945
12350.5 0.888573
12350.8 0.887711
12351.2 0.886848
12351.6 0.886131
12351.9 0.885216
12352.3 0.884285
12352.7 0.883339
12353 0.88237
12353.4 0.881393
12353.8 0.880394
12354.1 0.879379
12354.5 0.877235
12354.9 0.876083
12355.2 0.874878
12355.6 0.873642
12356 0.872322
12356.3 0.870956
12356.7 0.869537
12357.1 0.868088
12357.4 0.866615
12357.8 0.865089
12358.2 0.863197
12358.5 0.861549
12358.9 0.859886
12359.3 0.858215
12359.6 0.856598
12360 0.855026
12360.4 0.851723
12360.7 0.850304
12361.1 0.848938
12361.4 0.847626
12361.8 0.846382
12362.2 0.845215
12362.5 0.844093
12362.9 0.843048
12363.3 0.842087
12363.6 0.841225
12364 0.840454
12364.4 0.839783
12364.7 0.838806
12365.1 0.838257
12365.5 0.837753
12365.8 0.837334
12366.2 0.836945
12366.6 0.835823
12366.9 0.835518
12367.3 0.835213
12367.7 0.834885
12368 0.834541
12368.4 0.834167
12368.8 0.833771
12369.1 0.833328
12369.5 0.832825
12369.9 0.832275
12370.2 0.83168
12370.6 0.831047
12371 0.830391
12371.3 0.829391
12371.7 0.828743
12372.1 0.82811
12372.4 0.827492
12372.8 0.826035
12373.2 0.825523
12373.5 0.825066
12373.9 0.824661
12374.3 0.824303
12374.6 0.823982
12375 0.823685
12375.4 0.823402
12375.7 0.823128
12376.1 0.822861
12376.5 0.822594
12376.8 0.822304
12377.2 0.822021
12377.6 0.821701
12377.9 0.821182
12378.3 0.820816
12378.7 0.820412
12379 0.819397
12379.4 0.818893
12379.8 0.818367
12380.1 0.817787
12380.5 0.8172
12380.9 0.816559
12381.2 0.815887
12381.6 0.81517
12382 0.814453
12382.3 0.813713
12382.7 0.812981
12383.1 0.812286
12383.4 0.811623
12383.8 0.810974
12384.2 0.810081
12384.5 0.809464
12384.9 0.808884
12385.3 0.807541
12385.6 0.807098
12386 0.806694
12386.4 0.806374
12386.7 0.806129
12387.1 0.805962
12387.5 0.805878
12387.8 0.805862
12388.2 0.805916
12388.5 0.806023
12388.9 0.80619
12389.3 0.806404
12389.6 0.806671
12390 0.806992
12390.4 0.807365
12390.7 0.807388
12391.1 0.807831
12391.5 0.808357
12391.8 0.808815
12392.2 0.80925
12392.6 0.809677
12392.9 0.81012
12393.3 0.810608
12393.7 0.811142
12394 0.811729
12394.4 0.812378
12394.8 0.81308
12395.1 0.813835
12395.5 0.814651
12395.9 0.815521
12396.2 0.816414
12396.6 0.817337
12397 0.818245
12397.3 0.818825
12397.7 0.81971
12398.1 0.820564
12398.4 0.821373
12398.8 0.822136
12399.2 0.822838
12399.5 0.823486
12399.9 0.824081
12400.3 0.824646
12400.6 0.825157
12401 0.825645
12401.4 0.826134
12401.7 0.826614
12402.1 0.827087
12402.5 0.827553
12402.8 0.828011
12403.2 0.828484
12403.6 0.829102
12403.9 0.829216
12404.3 0.829643
12404.7 0.830086
12405 0.830521
12405.4 0.830956
12405.8 0.831383
12406.1 0.831825
12406.5 0.832291
12406.9 0.832779
12407.2 0.833298
12407.6 0.833839
12408 0.834404
12408.3 0.834969
12408.7 0.835548
12409.1 0.836121
12409.4 0.8367
12409.8 0.836884
12410.2 0.83741
12410.5 0.836945
12410.9 0.837402
12411.3 0.837807
12411.6 0.83815
12412 0.838455
12412.4 0.838722
12412.7 0.838982
12413.1 0.839218
12413.5 0.839462
12413.8 0.839722
12414.2 0.839981
12414.5 0.840263
12414.9 0.840561
12415.3 0.840881
12415.6 0.841194
12416 0.840843
12416.4 0.841125
12416.7 0.840431
12417.1 0.840668
12417.5 0.840874
12417.8 0.841011
12418.2 0.841064
12418.6 0.841019
12418.9 0.840851
12419.3 0.840599
12419.7 0.840256
12420 0.839836
12420.4 0.839378
12420.8 0.83886
12421.1 0.838287
12421.5 0.837654
12421.9 0.836983
12422.2 0.835495
12422.6 0.834839
12423 0.83419
12423.3 0.833366
12423.7 0.832726
12424.1 0.832092
12424.4 0.83149
12424.8 0.830917
12425.2 0.830437
12425.5 0.830017
12425.9 0.829697
12426.3 0.829445
12426.6 0.829277
12427 0.829178
12427.4 0.829117
12427.7 0.829094
12428.1 0.828453
12428.5 0.828491
12428.8 0.828522
12429.2 0.828514
12429.6 0.828461
12429.9 0.827888
12430.3 0.827766
12430.7 0.82756
12431 0.827271
12431.4 0.826904
12431.8 0.826477
12432.1 0.825989
12432.5 0.825432
12432.9 0.824814
12433.2 0.82415
12433.6 0.823418
12434 0.822624
12434.3 0.821037
12434.7 0.820099
12435.1 0.819122
12435.4 0.818108
12435.8 0.817062
12436.2 0.815987
12436.5 0.815002
12436.9 0.813835
12437.3 0.81263
12437.6 0.811356
12438 0.80999
12438.4 0.808525
12438.7 0.806931
12439.1 0.805199
12439.5 0.803329
12439.8 0.801323
12440.2 0.799187
12440.6 0.794846
12440.9 0.792358
12441.3 0.789787
12441.6 0.787155
12442 0.7845
12442.4 0.781876
12442.7 0.779282
12443.1 0.777054
12443.5 0.774513
12443.8 0.772026
12444.2 0.7696
12444.6 0.767227
12444.9 0.764946
12445.3 0.762756
12445.7 0.760666
12446 0.75869
12446.4 0.756828
12446.8 0.753319
12447.1 0.751747
12447.5 0.75029
12447.9 0.748932
12448.2 0.747673
12448.6 0.746483
12449 0.745346
12449.3 0.74424
12449.7 0.742615
12450.1 0.741501
12450.4 0.740349
12450.8 0.739143
12451.2 0.7379
12451.5 0.736595
12451.9 0.735252
12452.3 0.733879
12452.6 0.732491
12453 0.729317
12453.4 0.727867
12453.7 0.726395
12454.1 0.724899
12454.5 0.723358
12454.8 0.721786
12455.2 0.720192
12455.6 0.718582
12455.9 0.716866
12456.3 0.715263
12456.7 0.713684
12457 0.712105
12457.4 0.710495
12457.8 0.70887
12458.1 0.707207
12458.5 0.705498
12458.9 0.703728
12459.2 0.700127
12459.6 0.698204
12460 0.696182
12460.3 0.694069
12460.7 0.691856
12461.1 0.689575
12461.4 0.68721
12461.8 0.684776
12462.2 0.682289
12462.5 0.680222
12462.9 0.677719
12463.3 0.675201
12463.6 0.672668
12464 0.670135
12464.4 0.667587
12464.7 0.665039
12465.1 0.660706
12465.5 0.658203
12465.8 0.655693
12466.2 0.653183
12466.6 0.650688
12466.9 0.648193
12467.3 0.645744
12467.7 0.643311
12468 0.640915
12468.4 0.638535
12468.7 0.636177
12469.1 0.634895
12469.5 0.632614
12469.8 0.630371
12470.2 0.628197
12470.6 0.626076
12470.9 0.624039
12471.3 0.621086
12471.7 0.619217
12472 0.617416
12472.4 0.6157
12472.8 0.614075
12473.1 0.612518
12473.5 0.611031
12473.9 0.609596
12474.2 0.60817
12474.6 0.606789
12475 0.605415
12475.3 0.604057
12475.7 0.603279
12476.1 0.601891
12476.4 0.600464
12476.8 0.599014
12477.2 0.597504
12477.5 0.594841
12477.9 0.593178
12478.3 0.591461
12478.6 0.589729
12479 0.587967
12479.4 0.586205
12479.7 0.584442
12480.1 0.582687
12480.5 0.580963
12480.8 0.579269
12481.2 0.577652
12481.6 0.576141
12481.9 0.57473
12482.3 0.573677
12482.7 0.572433
12483 0.571251
12483.4 0.570137
12483.8 0.568413
12484.1 0.567528
12484.5 0.566711
12484.9 0.565941
12485.2 0.565216
12485.6 0.564537
12486 0.563896
12486.3 0.563309
12486.7 0.562759
12487.1 0.562241
12487.4 0.56176
12487.8 0.561333
12488.2 0.560936
12488.5 0.561066
12488.9 0.560768
12489.3 0.560486
12489.6 0.560242
12490 0.560272
12490.4 0.560081
12490.7 0.559914
12491.1 0.559784
12491.5 0.559677
12491.8 0.559586
12492.2 0.559486
12492.6 0.55941
12492.9 0.559349
12493.3 0.559303
12493.7 0.55928
12494 0.559265
12494.4 0.559258
12494.8 0.559265
12495.1 0.559265
12495.5 0.559235
12495.8 0.559097
12496.2 0.55909
12496.6 0.55912
12496.9 0.559196
12497.3 0.559326
12497.7 0.559502
12498 0.559708
12498.4 0.559944
12498.8 0.560196
12499.1 0.560471
12499.5 0.560753
12499.9 0.561028
12500.2 0.561325
12500.6 0.561615
12501 0.561913
12501.3 0.562187
12501.7 0.56221
12502.1 0.562546
12502.4 0.562782
12502.8 0.562981
12503.2 0.563141
12503.5 0.563278
12503.9 0.5634
12504.3 0.56353
12504.6 0.563644
12505 0.563751
12505.4 0.563828
12505.7 0.563873
12506.1 0.563919
12506.5 0.563934
12506.8 0.56395
12507.2 0.563972
12507.6 0.563988
12507.9 0.563995
12508.3 0.564209
12508.7 0.564255
12509 0.564316
12509.4 0.564423
12509.8 0.56459
12510.1 0.564819
12510.5 0.565125
12510.9 0.565498
12511.2 0.565933
12511.6 0.566429
12512 0.566986
12512.3 0.567581
12512.7 0.56823
12513.1 0.568909
12513.4 0.569565
12513.8 0.570198
12514.2 0.570793
12514.5 0.571815
12514.9 0.572266
12515.3 0.57283
12515.6 0.573334
12516 0.573814
12516.4 0.57428
12516.7 0.574707
12517.1 0.575096
12517.5 0.575478
12517.8 0.575859
12518.2 0.576225
12518.6 0.576591
12518.9 0.576973
12519.3 0.577377
12519.7 0.577789
12520 0.578209
12520.4 0.578636
12520.8 0.579269
12521.1 0.579659
12521.5 0.579788
12521.8 0.580139
12522.2 0.58049
12522.6 0.580826
12522.9 0.581146
12523.3 0.581459
12523.7 0.581734
12524 0.581993
12524.4 0.582214
12524.8 0.58242
12525.1 0.582588
12525.5 0.582741
12525.9 0.58287
12526.2 0.582962
12526.6 0.583038
12527 0.583069
12527.3 0.583092
12527.7 0.583023
12528.1 0.583023
12528.4 0.583023
12528.8 0.583031
12529.2 0.583069
12529.5 0.583122
12529.9 0.583214
12530.3 0.583336
12530.6 0.583458
12531 0.583572
12531.4 0.58371
12531.7 0.583847
12532.1 0.583992
12532.5 0.58416
12532.8 0.584435
12533.2 0.584686
12533.6 0.584969
12533.9 0.585266
12534.3 0.585426
12534.7 0.585777
12535 0.586136
12535.4 0.586548
12535.8 0.587036
12536.1 0.587555
12536.5 0.588112
12536.9 0.588684
12537.2 0.589279
12537.6 0.589882
12538 0.5905
12538.3 0.591141
12538.7 0.591789
12539.1 0.592735
12539.4 0.59333
12539.8 0.59391
12540.2 0.594475
12540.5 0.595032
12540.9 0.595284
12541.3 0.59581
12541.6 0.596329
12542 0.596855
12542.4 0.597382
12542.7 0.5979
12543.1 0.598419
12543.5 0.598938
12543.8 0.599449
12544.2 0.59993
12544.6 0.600403
12544.9 0.600861
12545.3 0.601288
12545.7 0.601677
12546 0.602058
12546.4 0.602402
12546.8 0.602715
12547.1 0.602982
12547.5 0.602821
12547.9 0.603035
12548.2 0.603195
12548.6 0.603325
12548.9 0.603401
12549.3 0.603424
12549.7 0.603409
12550 0.60334
12550.4 0.603203
12550.8 0.603035
12551.1 0.602806
12551.5 0.602249
12551.9 0.601952
12552.2 0.601631
12552.6 0.601303
12553 0.60096
12553.3 0.600639
12553.7 0.600365
12554.1 0.60022
12554.4 0.600029
12554.8 0.599907
12555.2 0.599846
12555.5 0.599854
12555.9 0.599922
12556.3 0.60006
12556.6 0.600281
12557 0.600571
12557.4 0.600937
12557.7 0.601547
12558.1 0.602005
12558.5 0.602478
12558.8 0.602959
12559.2 0.603439
12559.6 0.603912
12559.9 0.604347
12560.3 0.604416
12560.7 0.60479
12561 0.605125
12561.4 0.605446
12561.8 0.605751
12562.1 0.606026
12562.5 0.606293
12562.9 0.606552
12563.2 0.606796
12563.6 0.607002
12564 0.607239
12564.3 0.607483
12564.7 0.607742
12565.1 0.608002
12565.4 0.608261
12565.8 0.608505
12566.2 0.608727
12566.5 0.608894
12566.9 0.608414
12567.3 0.608421
12567.6 0.608315
12568 0.608063
12568.4 0.607666
12568.7 0.607101
12569.1 0.606377
12569.5 0.605499
12569.8 0.603149
12570.2 0.601906
12570.6 0.600571
12570.9 0.599182
12571.3 0.597755
12571.7 0.596306
12572 0.594856
12572.4 0.593391
12572.8 0.591927
12573.1 0.590439
12573.5 0.589432
12573.9 0.587952
12574.2 0.586456
12574.6 0.584946
12575 0.583412
12575.3 0.581879
12575.7 0.580345
12576 0.57798
12576.4 0.576515
12576.8 0.575096
12577.1 0.573738
12577.5 0.572449
12577.9 0.571236
12578.2 0.570076
12578.6 0.569
12579 0.567978
12579.3 0.567032
12579.7 0.566139
12580.1 0.565834
12580.4 0.565025
12580.8 0.56427
12581.2 0.563576
12581.5 0.562958
12581.9 0.562401
12582.3 0.561829
12582.6 0.56147
12583 0.561195
12583.4 0.561028
12583.7 0.560959
12584.1 0.560974
12584.5 0.561058
12584.8 0.561226
12585.2 0.561462
12585.6 0.561768
12585.9 0.562141
12586.3 0.562592
12586.7 0.563049
12587 0.563576
12587.4 0.56414
12587.8 0.564713
12588.1 0.565315
12588.5 0.566498
12588.9 0.567116
12589.2 0.567734
12589.6 0.568314
12590 0.568871
12590.3 0.569389
12590.7 0.569878
12591.1 0.570313
12591.4 0.570679
12591.8 0.570999
12592.2 0.571228
12592.5 0.571388
12592.9 0.571472
12593.3 0.57196
12593.6 0.571945
12594 0.571846
12594.4 0.571686
12594.7 0.571831
12595.1 0.571533
12595.5 0.57119
12595.8 0.570816
12596.2 0.570404
12596.6 0.569977
12596.9 0.569542
12597.3 0.569092
12597.7 0.568672
12598 0.568245
12598.4 0.56781
12598.8 0.567406
12599.1 0.566994
12599.5 0.567329
12599.9 0.566963
12600.2 0.566597
12600.6 0.566635
12601 0.566284
12601.3 0.565903
12601.7 0.565521
12602 0.56514
12602.4 0.564743
12602.8 0.564339
12603.1 0.563934
12603.5 0.563515
12603.9 0.563095
12604.2 0.562675
12604.6 0.562263
12605 0.561844
12605.3 0.561417
12605.7 0.560982
12606.1 0.561302
12606.4 0.560829
12606.8 0.560631
12607.2 0.560135
12607.5 0.559616
12607.9 0.559067
12608.3 0.558456
12608.6 0.557785
12609 0.55706
12609.4 0.556259
12609.7 0.555397
12610.1 0.554474
12610.5 0.553474
12610.8 0.552406
12611.2 0.551262
12611.6 0.550026
12611.9 0.548714
12612.3 0.547333
12612.7 0.546722
12613 0.544579
12613.4 0.543098
12613.8 0.541626
12614.1 0.540207
12614.5 0.538834
12614.9 0.537529
12615.2 0.536301
12615.6 0.535133
12616 0.534058
12616.3 0.533051
12616.7 0.532127
12617.1 0.531288
12617.4 0.530518
12617.8 0.529816
12618.2 0.529175
12618.5 0.528587
12618.9 0.528038
12619.3 0.528435
12619.6 0.527962
12620 0.527527
12620.4 0.527122
12620.7 0.526772
12621.1 0.526459
12621.5 0.526199
12621.8 0.52597
12622.2 0.525764
12622.6 0.525589
12622.9 0.525414
12623.3 0.525269
12623.7 0.525131
12624 0.525024
12624.4 0.524918
12624.8 0.524818
12625.1 0.524689
12625.5 0.524857
12625.9 0.525154
12626.2 0.524971
12626.6 0.524773
12627 0.524567
12627.3 0.524345
12627.7 0.524132
12628.1 0.523911
12628.4 0.523705
12628.8 0.523491
12629.1 0.523308
12629.5 0.523109
12629.9 0.522911
12630.2 0.522705
12630.6 0.522484
12631 0.522232
12631.3 0.522018
12631.7 0.52166
12632.1 0.52166
12632.4 0.52121
12632.8 0.520729
12633.2 0.520187
12633.5 0.519608
12633.9 0.51899
12634.3 0.518372
12634.6 0.517738
12635 0.517113
12635.4 0.516495
12635.7 0.515892
12636.1 0.515289
12636.5 0.514702
12636.8 0.514153
12637.2 0.513634
12637.6 0.51326
12637.9 0.512848
12638.3 0.512459
12638.7 0.512596
12639 0.512222
12639.4 0.511856
12639.8 0.511475
12640.1 0.511093
12640.5 0.510704
12640.9 0.510284
12641.2 0.509827
12641.6 0.509323
12642 0.508766
12642.3 0.508148
12642.7 0.507477
12643.1 0.506721
12643.4 0.505898
12643.8 0.504562
12644.2 0.503487
12644.5 0.502335
12644.9 0.501099
12645.3 0.500427
12645.6 0.499046
12646 0.497589
12646.4 0.496063
12646.7 0.494484
12647.1 0.492859
12647.5 0.491203
12647.8 0.48951
12648.2 0.487778
12648.6 0.486061
12648.9 0.484344
12649.3 0.482658
12649.7 0.481041
12650 0.478592
12650.4 0.477119
12650.8 0.475731
12651.1 0.474396
12651.5 0.473129
12651.9 0.472572
12652.2 0.471413
12652.6 0.470291
12653 0.4692
12653.3 0.468155
12653.7 0.46714
12654.1 0.466148
12654.4 0.465187
12654.8 0.464264
12655.2 0.463379
12655.5 0.462532
12655.9 0.461754
12656.2 0.460815
12656.6 0.460121
12657 0.45948
12657.3 0.458878
12657.7 0.458351
12658.1 0.457886
12658.4 0.45784
12658.8 0.457489
12659.2 0.457191
12659.5 0.456963
12659.9 0.456802
12660.3 0.45668
12660.6 0.456612
12661 0.456566
12661.4 0.45652
12661.7 0.456482
12662.1 0.456436
12662.5 0.456482
12662.8 0.456467
12663.2 0.456436
12663.6 0.45639
12663.9 0.456337
12664.3 0.456276
12664.7 0.456215
12665 0.456444
12665.4 0.456398
12665.8 0.456352
12666.1 0.456314
12666.5 0.456238
12666.9 0.456177
12667.2 0.4561
12667.6 0.456009
12668 0.455887
12668.3 0.456017
12668.7 0.455849
12669.1 0.455688
12669.4 0.455521
12669.8 0.455376
12670.2 0.455231
12670.5 0.455101
12670.9 0.454964
12671.3 0.455307
12671.6 0.455185
12672 0.455078
12672.4 0.454979
12672.7 0.454903
12673.1 0.454826
12673.5 0.454773
12673.8 0.454704
12674.2 0.454651
12674.6 0.45504
12674.9 0.455017
12675.3 0.455017
12675.7 0.455055
12676 0.455116
12676.4 0.455215
12676.8 0.455338
12677.1 0.45549
12677.5 0.455643
12677.9 0.456093
12678.2 0.456245
12678.6 0.456413
12679 0.456551
12679.3 0.456673
12679.7 0.456764
12680.1 0.456825
12680.4 0.456841
12680.8 0.457108
12681.2 0.457069
12681.5 0.456993
12681.9 0.456909
12682.3 0.456802
12682.6 0.45665
12683 0.456474
12683.3 0.456261
12683.7 0.456024
12684.1 0.455765
12684.4 0.455811
12684.8 0.455482
12685.2 0.455124
12685.5 0.45475
12685.9 0.454346
12686.3 0.453888
12686.6 0.453392
12687 0.452591
12687.4 0.45192
12687.7 0.451187
12688.1 0.450394
12688.5 0.449554
12688.8 0.448677
12689.2 0.447769
12689.6 0.446831
12689.9 0.445877
12690.3 0.444939
12690.7 0.444
12691 0.443253
12691.4 0.442329
12691.8 0.441422
12692.1 0.440552
12692.5 0.43972
12692.9 0.438934
12693.2 0.437492
12693.6 0.436798
12694 0.436142
12694.3 0.435493
12694.7 0.434868
12695.1 0.434219
12695.4 0.433578
12695.8 0.432922
12696.2 0.432274
12696.5 0.431618
12696.9 0.430969
12697.3 0.430321
12697.6 0.430077
12698 0.429459
12698.4 0.42881
12698.7 0.428139
12699.1 0.427292
12699.5 0.426582
12699.8 0.425873
12700.2 0.425156
12700.6 0.424438
12700.9 0.423721
12701.3 0.423012
12701.7 0.422325
12702 0.421669
12702.4 0.421043
12702.8 0.420471
12703.1 0.419952
12703.5 0.419502
12703.9 0.419563
12704.2 0.419182
12704.6 0.418839
12705 0.418541
12705.3 0.418434
12705.7 0.418205
12706.1 0.417969
12706.4 0.417755
12706.8 0.417534
12707.2 0.417313
12707.5 0.417076
12707.9 0.416817
12708.3 0.416534
12708.6 0.416237
12709 0.415916
12709.3 0.415558
12709.7 0.415169
12710.1 0.414749
12710.4 0.414558
12710.8 0.414009
12711.2 0.413406
12711.5 0.412323
12711.9 0.411537
12712.3 0.410698
12712.6 0.409798
12713 0.408852
12713.4 0.407845
12713.7 0.406792
12714.1 0.405693
12714.5 0.404572
12714.8 0.403404
12715.2 0.402229
12715.6 0.401047
12715.9 0.399857
12716.3 0.398651
12716.7 0.39743
12717 0.39679
12717.4 0.395546
12717.8 0.393677
12718.1 0.39241
12718.5 0.391129
12718.9 0.389847
12719.2 0.388557
12719.6 0.387268
12720 0.385986
12720.3 0.384712
12720.7 0.383446
12721.1 0.382187
12721.4 0.380943
12721.8 0.3797
12722.2 0.378456
12722.5 0.377243
12722.9 0.37603
12723.3 0.37484
12723.6 0.374413
12724 0.372757
12724.4 0.371544
12724.7 0.370308
12725.1 0.369057
12725.5 0.36776
12725.8 0.366432
12726.2 0.365082
12726.6 0.363701
12726.9 0.362305
12727.3 0.360886
12727.7 0.359428
12728 0.357925
12728.4 0.3564
12728.8 0.354851
12729.1 0.353287
12729.5 0.351715
12729.9 0.350121
12730.2 0.348656
12730.6 0.346962
12731 0.345245
12731.3 0.343498
12731.7 0.341736
12732.1 0.339935
12732.4 0.338127
12732.8 0.336296
12733.2 0.334442
12733.5 0.332581
12733.9 0.330719
12734.3 0.328865
12734.6 0.327011
12735 0.325157
12735.4 0.323303
12735.7 0.321449
12736.1 0.318787
12736.4 0.316933
12736.8 0.316093
12737.2 0.314217
12737.5 0.312332
12737.9 0.310417
12738.3 0.308472
12738.6 0.306503
12739 0.304504
12739.4 0.302475
12739.7 0.30043
12740.1 0.298332
12740.5 0.296188
12740.8 0.294006
12741.2 0.291779
12741.6 0.28952
12741.9 0.287216
12742.3 0.283302
12742.7 0.280853
12743 0.279228
12743.4 0.276741
12743.8 0.274246
12744.1 0.271767
12744.5 0.269333
12744.9 0.266922
12745.2 0.264565
12745.6 0.262238
12746 0.259949
12746.3 0.257721
12746.7 0.255569
12747.1 0.253502
12747.4 0.251556
12747.8 0.249748
12748.2 0.248077
12748.5 0.245529
12748.9 0.244156
12749.3 0.242897
12749.6 0.242081
12750 0.24099
12750.4 0.239975
12750.7 0.239037
12751.1 0.238159
12751.5 0.23732
12751.8 0.236511
12752.2 0.235733
12752.6 0.234932
12752.9 0.234093
12753.3 0.2332
12753.7 0.232224
12754 0.231171
12754.4 0.230034
12754.8 0.227966
12755.1 0.226555
12755.5 0.225021
12755.9 0.223358
12756.2 0.222359
12756.6 0.220535
12757 0.21862
12757.3 0.216599
12757.7 0.214478
12758.1 0.212234
12758.4 0.209892
12758.8 0.207443
12759.2 0.20491
12759.5 0.202332
12759.9 0.199738
12760.3 0.197113
12760.6 0.194435
12761 0.190201
12761.4 0.187416
12761.7 0.184593
12762.1 0.18174
12762.5 0.178879
12762.8 0.177208
12763.2 0.174309
12763.5 0.171394
12763.9 0.168442
12764.3 0.165482
12764.6 0.162506
12765 0.159508
12765.4 0.156509
12765.7 0.153496
12766.1 0.150475
12766.5 0.147423
12766.8 0.142212
12767.2 0.139076
12767.6 0.13591
12767.9 0.132736
12768.3 0.129539
12768.7 0.126328
12769 0.12307
12769.4 0.120377
12769.8 0.117004
12770.1 0.113625
12770.5 0.110222
12770.9 0.106789
12771.2 0.103355
12771.6 0.0999298
12772 0.0965347
12772.3 0.0932007
12772.7 0.0899429
12773.1 0.0841141
12773.4 0.0811844
12773.8 0.0784225
12774.2 0.0758438
12774.5 0.0734558
12774.9 0.0712509
12775.3 0.0692215
12775.6 0.0675278
12776 0.0657654
12776.4 0.0641098
12776.7 0.0626068
12777.1 0.0612183
12777.5 0.0599518
12777.8 0.0587997
12778.2 0.0577316
12778.6 0.0567169
12778.9 0.0557327
12779.3 0.0539932
12779.7 0.0530777
12780 0.0521774
12780.4 0.0512695
12780.8 0.0503311
12781.1 0.0493622
12781.5 0.0483551
12781.9 0.0473099
12782.2 0.0467453
12782.6 0.0456619
12783 0.0445099
12783.3 0.0433044
12783.7 0.042038
12784.1 0.0407104
12784.4 0.0393219
12784.8 0.0378952
12785.2 0.0364151
12785.5 0.0341263
12785.9 0.0325394
12786.3 0.0308914
12786.6 0.0291824
12787 0.0274277
12787.4 0.0256119
12787.7 0.0237503
12788.1 0.0218506
12788.5 0.0199203
12788.8 0.0188904
12789.2 0.0169601
12789.5 0.0150452
12789.9 0.0131302
12790.3 0.0112381
12790.6 0.0093689
12791 0.00753021
12791.4 0.00576019
12791.7 0.00312042
12792.1 0.00150299
12792.5 -5.34058e-05
12792.8 -0.00158691
12793.2 -0.00307465
12793.6 -0.00453186
12793.9 -0.00597382
12794.3 -0.00737762
12794.7 -0.00875092
12795 -0.0101089
12795.4 -0.0111618
12795.8 -0.012558
12796.1 -0.0139465
12796.5 -0.0153046
12796.9 -0.0166397
12797.2 -0.017952
12797.6 -0.0203552
12798 -0.0215988
12798.3 -0.0228271
12798.7 -0.0240479
12799.1 -0.0252609
12799.4 -0.0264969
12799.8 -0.0277557
12800.2 -0.0290527
12800.5 -0.0303802
12800.9 -0.0317459
12801.3 -0.0331726
12801.6 -0.0346909
12802 -0.0359116
12802.4 -0.0375977
12802.7 -0.0393677
12803.1 -0.0412292
12803.5 -0.0431519
12803.8 -0.0464478
12804.2 -0.0484161
12804.6 -0.0503769
12804.9 -0.0523529
12805.3 -0.0543213
12805.7 -0.0562592
12806 -0.0581741
12806.4 -0.060051
12806.8 -0.0618973
12807.1 -0.063736
12807.5 -0.0655441
12807.9 -0.0673141
12808.2 -0.0690308
12808.6 -0.0697556
12809 -0.0713654
12809.3 -0.0729523
12809.7 -0.0745239
12810.1 -0.0766678
12810.4 -0.078186
12810.8 -0.0796661
12811.2 -0.0811081
12811.5 -0.0825195
12811.9 -0.0838852
12812.3 -0.0852356
12812.6 -0.0865326
12813 -0.0877914
12813.4 -0.0889664
12813.7 -0.0900421
12814.1 -0.0910263
12814.5 -0.0919037
12814.8 -0.0923538
12815.2 -0.0930862
12815.6 -0.093689
12815.9 -0.0941544
12816.3 -0.0947647
12816.6 -0.0949478
12817 -0.0950241
12817.4 -0.0950089
12817.7 -0.0949326
12818.1 -0.094841
12818.5 -0.0947418
12818.8 -0.0946579
12819.2 -0.0946121
12819.6 -0.0946045
12819.9 -0.0946274
12820.3 -0.0947037
12820.7 -0.0948486
12821 -0.0950317
12821.4 -0.0951996
12821.8 -0.0954666
12822.1 -0.0957718
12822.5 -0.096405
12822.9 -0.096817
12823.2 -0.0972748
12823.6 -0.0977631
12824 -0.0982666
12824.3 -0.098793
12824.7 -0.0993195
12825.1 -0.0998611
12825.4 -0.100426
12825.8 -0.101013
12826.2 -0.101593
12826.5 -0.102188
12826.9 -0.102768
12827.3 -0.103317
12827.6 -0.103882
12828 -0.104286
12828.4 -0.104858
12828.7 -0.105896
12829.1 -0.106529
12829.5 -0.107224
12829.8 -0.107986
12830.2 -0.108841
12830.6 -0.109779
12830.9 -0.110809
12831.3 -0.111969
12831.7 -0.11322
12832 -0.114578
12832.4 -0.116028
12832.8 -0.117569
12833.1 -0.119194
12833.5 -0.120903
12833.9 -0.122688
12834.2 -0.124519
12834.6 -0.127708
12835 -0.129631
12835.3 -0.131538
12835.7 -0.13343
12836.1 -0.135284
12836.4 -0.1371
12836.8 -0.138863
12837.2 -0.140556
12837.5 -0.142181
12837.9 -0.1437
12838.3 -0.145126
12838.6 -0.146461
12839 -0.147697
12839.4 -0.148857
12839.7 -0.149925
12840.1 -0.150917
12840.5 -0.151848
12840.8 -0.153839
12841.2 -0.15493
12841.6 -0.155701
12841.9 -0.156441
12842.3 -0.157158
12842.7 -0.157852
12843 -0.158524
12843.4 -0.159195
12843.7 -0.159897
12844.1 -0.160606
12844.5 -0.161331
12844.8 -0.162064
12845.2 -0.162788
12845.6 -0.163513
12845.9 -0.164246
12846.3 -0.164993
12846.7 -0.165771
12847 -0.168571
12847.4 -0.170662
12847.8 -0.171761
12848.1 -0.172913
12848.5 -0.174141
12848.9 -0.175446
12849.2 -0.176849
12849.6 -0.178337
12850 -0.179916
12850.3 -0.181549
12850.7 -0.183212
12851.1 -0.184921
12851.4 -0.186646
12851.8 -0.188408
12852.2 -0.19017
12852.5 -0.191948
12852.9 -0.193726
12853.3 -0.197647
12853.6 -0.199341
12854 -0.201424
12854.4 -0.203011
12854.7 -0.204536
12855.1 -0.206024
12855.5 -0.207497
12855.8 -0.208923
12856.2 -0.210304
12856.6 -0.211617
12856.9 -0.212852
12857.3 -0.214012
12857.7 -0.215103
12858 -0.216164
12858.4 -0.217178
12858.8 -0.218163
12859.1 -0.219124
12859.5 -0.221458
12859.9 -0.222389
12860.2 -0.223335
12860.6 -0.22467
12861 -0.225632
12861.3 -0.226608
12861.7 -0.227615
12862.1 -0.22863
12862.4 -0.229652
12862.8 -0.230698
12863.2 -0.231735
12863.5 -0.23278
12863.9 -0.233818
12864.3 -0.234818
12864.6 -0.235771
12865 -0.236664
12865.4 -0.239006
12865.7 -0.239799
12866.1 -0.240517
12866.5 -0.241173
12866.8 -0.241745
12867.2 -0.243317
12867.6 -0.243767
12867.9 -0.244095
12868.3 -0.244354
12868.7 -0.244545
12869 -0.244713
12869.4 -0.244888
12869.8 -0.245102
12870.1 -0.245384
12870.5 -0.24572
12870.8 -0.24614
12871.2 -0.246643
12871.6 -0.248779
12871.9 -0.249588
12872.3 -0.250542
12872.7 -0.251625
12873 -0.252869
12873.4 -0.254265
12873.8 -0.256104
12874.1 -0.257744
12874.5 -0.259529
12874.9 -0.261421
12875.2 -0.263367
12875.6 -0.26535
12876 -0.267326
12876.3 -0.269279
12876.7 -0.271225
12877.1 -0.273148
12877.4 -0.275017
12877.8 -0.278412
12878.2 -0.280006
12878.5 -0.281494
12878.9 -0.282898
12879.3 -0.284187
12879.6 -0.2854
12880 -0.286507
12880.4 -0.287697
12880.7 -0.28862
12881.1 -0.289383
12881.5 -0.289986
12881.8 -0.290443
12882.2 -0.290771
12882.6 -0.291
12882.9 -0.29113
12883.3 -0.291153
12883.7 -0.291077
12884 -0.291718
12884.4 -0.291512
12884.8 -0.29129
12885.1 -0.291107
12885.5 -0.290985
12885.9 -0.290916
12886.2 -0.290901
12886.6 -0.291771
12887 -0.291847
12887.3 -0.292
12887.7 -0.292206
12888.1 -0.29248
12888.4 -0.292831
12888.8 -0.293251
12889.2 -0.293747
12889.5 -0.294319
12889.9 -0.294968
12890.3 -0.296715
12890.6 -0.297409
12891 -0.298134
12891.4 -0.298866
12891.7 -0.299644
12892.1 -0.300453
12892.5 -0.3013
12892.8 -0.30217
12893.2 -0.303185
12893.6 -0.304062
12893.9 -0.304939
12894.3 -0.30584
12894.7 -0.306778
12895 -0.307747
12895.4 -0.308746
12895.8 -0.309761
12896.1 -0.310806
12896.5 -0.312843
12896.8 -0.313957
12897.2 -0.315086
12897.6 -0.316231
12897.9 -0.317368
12898.3 -0.31852
12898.7 -0.319664
12899 -0.320801
12899.4 -0.321945
12899.8 -0.322968
12900.1 -0.324135
12900.5 -0.325325
12900.9 -0.326515
12901.2 -0.327705
12901.6 -0.32888
12902 -0.330032
12902.3 -0.332352
12902.7 -0.333435
12903.1 -0.334473
12903.4 -0.335442
12903.8 -0.336357
12904.2 -0.337219
12904.5 -0.33799
12904.9 -0.338692
12905.3 -0.339287
12905.6 -0.339821
12906 -0.340279
12906.4 -0.341309
12906.7 -0.341721
12907.1 -0.34211
12907.5 -0.342468
12907.8 -0.342812
12908.2 -0.343132
12908.6 -0.344406
12908.9 -0.344772
12909.3 -0.345177
12909.7 -0.345634
12910 -0.346153
12910.4 -0.346748
12910.8 -0.347404
12911.1 -0.348145
12911.5 -0.34893
12911.9 -0.349762
12912.2 -0.350609
12912.6 -0.351463
12913 -0.352531
12913.3 -0.353302
12913.7 -0.35405
12914.1 -0.354767
12914.4 -0.355446
12914.8 -0.356667
12915.2 -0.357216
12915.5 -0.357742
12915.9 -0.358253
12916.3 -0.358765
12916.6 -0.359245
12917 -0.359711
12917.4 -0.360168
12917.7 -0.360603
12918.1 -0.361038
12918.5 -0.361473
12918.8 -0.361893
12919.2 -0.36174
12919.6 -0.362106
12919.9 -0.362457
12920.3 -0.362801
12920.7 -0.363136
12921 -0.363152
12921.4 -0.36348
12921.8 -0.363815
12922.1 -0.364174
12922.5 -0.364548
12922.9 -0.364967
12923.2 -0.365402
12923.6 -0.36586
12923.9 -0.366333
12924.3 -0.366814
12924.7 -0.367317
12925 -0.367828
12925.4 -0.368355
12925.8 -0.368233
12926.1 -0.368767
12926.5 -0.369308
12926.9 -0.369858
12927.2 -0.370407
12927.6 -0.370995
12928 -0.37159
12928.3 -0.372154
12928.7 -0.372696
12929.1 -0.373215
12929.4 -0.373688
12929.8 -0.374138
12930.2 -0.374565
12930.5 -0.374962
12930.9 -0.375313
12931.3 -0.37561
12931.6 -0.37587
12932 -0.376068
12932.4 -0.376228
12932.7 -0.376366
12933.1 -0.376595
12933.5 -0.376564
12933.8 -0.37645
12934.2 -0.376282
12934.6 -0.37606
12934.9 -0.375816
12935.3 -0.375549
12935.7 -0.375237
12936 -0.374916
12936.4 -0.37455
12936.8 -0.374161
12937.1 -0.373749
12937.5 -0.373329
12937.9 -0.372894
12938.2 -0.372444
12938.6 -0.371986
12939 -0.371712
12939.3 -0.370941
12939.7 -0.370445
12940.1 -0.369957
12940.4 -0.369453
12940.8 -0.368965
12941.2 -0.368462
12941.5 -0.36795
12941.9 -0.367447
12942.3 -0.366943
12942.6 -0.366425
12943 -0.365906
12943.4 -0.365387
12943.7 -0.364861
12944.1 -0.364342
12944.5 -0.363823
12944.8 -0.363335
12945.2 -0.362846
12945.6 -0.362343
12945.9 -0.361801
12946.3 -0.361229
12946.7 -0.360649
12947 -0.360039
12947.4 -0.359406
12947.8 -0.358765
12948.1 -0.358101
12948.5 -0.357407
12948.9 -0.356697
12949.2 -0.355942
12949.6 -0.355171
12950 -0.354378
12950.3 -0.353577
12950.7 -0.352753
12951 -0.351913
12951.4 -0.351059
12951.8 -0.349655
12952.1 -0.349129
12952.5 -0.348274
12952.9 -0.34745
12953.2 -0.346649
12953.6 -0.345879
12954 -0.345139
12954.3 -0.344444
12954.7 -0.343819
12955.1 -0.343262
12955.4 -0.342773
12955.8 -0.342369
12956.2 -0.342041
12956.5 -0.341797
12956.9 -0.34166
12957.3 -0.341644
12957.6 -0.341736
12958 -0.342072
12958.4 -0.342285
12958.7 -0.342621
12959.1 -0.343018
12959.5 -0.343475
12959.8 -0.343987
12960.2 -0.344536
12960.6 -0.345093
12960.9 -0.345657
12961.3 -0.34623
12961.7 -0.346794
12962 -0.347359
12962.4 -0.347923
12962.8 -0.348503
12963.1 -0.349091
12963.5 -0.34967
12963.9 -0.350235
12964.2 -0.351257
12964.6 -0.35173
12965 -0.352135
12965.3 -0.352516
12965.7 -0.352829
12966.1 -0.353065
12966.4 -0.353203
12966.8 -0.353249
12967.2 -0.35321
12967.5 -0.353073
12967.9 -0.352844
12968.3 -0.352524
12968.6 -0.352104
12969 -0.351608
12969.4 -0.351036
12969.7 -0.350395
12970.1 -0.348938
12970.5 -0.348083
12970.8 -0.34716
12971.2 -0.346176
12971.6 -0.345238
12971.9 -0.344162
12972.3 -0.343063
12972.7 -0.341911
12973 -0.340729
12973.4 -0.3395
12973.8 -0.338226
12974.1 -0.336922
12974.5 -0.335571
12974.9 -0.33419
12975.2 -0.332794
12975.6 -0.331375
12976 -0.329933
12976.3 -0.327446
12976.7 -0.325981
12977 -0.324509
12977.4 -0.323051
12977.8 -0.321587
12978.1 -0.320618
12978.5 -0.319191
12978.9 -0.317787
12979.2 -0.316422
12979.6 -0.315109
12980 -0.31385
12980.3 -0.312645
12980.7 -0.311493
12981.1 -0.310394
12981.4 -0.309326
12981.8 -0.308311
12982.2 -0.307327
12982.5 -0.305603
12982.9 -0.304688
12983.3 -0.303787
12983.6 -0.302895
12984 -0.30201
12984.4 -0.301102
12984.7 -0.300545
12985.1 -0.299667
12985.5 -0.298759
12985.8 -0.297813
12986.2 -0.296829
12986.6 -0.295799
12986.9 -0.294693
12987.3 -0.293518
12987.7 -0.292274
12988 -0.290977
12988.4 -0.289642
12988.8 -0.287941
12989.1 -0.286606
12989.5 -0.285271
12989.9 -0.283989
12990.2 -0.282753
12990.6 -0.281578
12991 -0.281181
12991.3 -0.280121
12991.7 -0.27916
12992.1 -0.27829
12992.4 -0.277534
12992.8 -0.276871
12993.2 -0.276283
12993.5 -0.275764
12993.9 -0.275314
12994.3 -0.274925
12994.6 -0.274574
12995 -0.273994
12995.4 -0.273766
12995.7 -0.273567
12996.1 -0.273392
12996.5 -0.273247
12996.8 -0.27314
12997.2 -0.273064
12997.6 -0.272888
12997.9 -0.272888
12998.3 -0.272926
12998.7 -0.273033
12999 -0.273193
12999.4 -0.27343
12999.8 -0.27372
13000.1 -0.274086
13000.5 -0.274529
13000.9 -0.27507
13001.2 -0.275688
13001.6 -0.276375
13002 -0.277122
13002.3 -0.277939
13002.7 -0.278809
13003.1 -0.279716
13003.4 -0.280663
13003.8 -0.281647
13004.1 -0.281822
13004.5 -0.282822
13004.9 -0.283798
13005.2 -0.28476
13005.6 -0.28569
13006 -0.286575
13006.3 -0.287407
13006.7 -0.288193
13007.1 -0.288971
13007.4 -0.289589
13007.8 -0.290146
13008.2 -0.290642
13008.5 -0.291092
13008.9 -0.291481
13009.3 -0.291832
13009.6 -0.292145
13010 -0.292442
13010.4 -0.292747
13010.7 -0.292725
13011.1 -0.293022
13011.5 -0.293304
13011.8 -0.293587
13012.2 -0.293877
13012.6 -0.294151
13012.9 -0.294418
13013.3 -0.294678
13013.7 -0.294891
13014 -0.295044
13014.4 -0.295143
13014.8 -0.295158
13015.1 -0.295082
13015.5 -0.294907
13015.9 -0.294624
13016.2 -0.294243
13016.6 -0.29377
13017 -0.293228
13017.3 -0.293312
13017.7 -0.292755
13018.1 -0.292198
13018.4 -0.291664
13018.8 -0.291183
13019.2 -0.290779
13019.5 -0.290848
13019.9 -0.290718
13020.3 -0.290741
13020.6 -0.290916
13021 -0.291229
13021.4 -0.291656
13021.7 -0.292175
13022.1 -0.292786
13022.5 -0.293457
13022.8 -0.294189
13023.2 -0.294975
13023.6 -0.295502
13023.9 -0.296303
13024.3 -0.297142
13024.7 -0.297989
13025 -0.298851
13025.4 -0.299728
13025.8 -0.30098
13026.1 -0.301872
13026.5 -0.302795
13026.9 -0.303719
13027.2 -0.304665
13027.6 -0.305626
13028 -0.30661
13028.3 -0.307617
13028.7 -0.308662
13029.1 -0.309738
13029.4 -0.31086
13029.8 -0.311981
13030.2 -0.312584
13030.5 -0.313774
13030.9 -0.314995
13031.2 -0.316216
13031.6 -0.317444
13032 -0.319351
13032.3 -0.320557
13032.7 -0.321732
13033.1 -0.322891
13033.4 -0.324059
13033.8 -0.325203
13034.2 -0.326363
13034.5 -0.32753
13034.9 -0.32869
13035.3 -0.329842
13035.6 -0.331001
13036 -0.332146
13036.4 -0.333298
13036.7 -0.333679
13037.1 -0.334808
13037.5 -0.335945
13037.8 -0.337387
13038.2 -0.338524
13038.6 -0.339661
13038.9 -0.340813
13039.3 -0.341972
13039.7 -0.34314
13040 -0.34433
13040.4 -0.345543
13040.8 -0.346764
13041.1 -0.347977
13041.5 -0.349197
13041.9 -0.350426
13042.2 -0.351646
13042.6 -0.352875
13043 -0.354111
13043.3 -0.354332
13043.7 -0.355583
13044.1 -0.357109
13044.4 -0.358406
13044.8 -0.359718
13045.2 -0.361046
13045.5 -0.362396
13045.9 -0.36377
13046.3 -0.365173
13046.6 -0.366585
13047 -0.368027
13047.4 -0.369492
13047.7 -0.370979
13048.1 -0.372505
13048.5 -0.374054
13048.8 -0.375641
13049.2 -0.377228
13049.6 -0.378815
13049.9 -0.379745
13050.3 -0.382233
13050.7 -0.383751
13051 -0.385208
13051.4 -0.386574
13051.8 -0.387856
13052.1 -0.389023
13052.5 -0.390099
13052.9 -0.39109
13053.2 -0.392021
13053.6 -0.392868
13054 -0.393661
13054.3 -0.394394
13054.7 -0.395065
13055.1 -0.395721
13055.4 -0.396339
13055.8 -0.39698
13056.2 -0.397621
13056.5 -0.397881
13056.9 -0.398499
13057.3 -0.399132
13057.6 -0.399803
13058 -0.40049
13058.3 -0.401207
13058.7 -0.401947
13059.1 -0.402702
13059.4 -0.403473
13059.8 -0.404228
13060.2 -0.404976
13060.5 -0.405724
13060.9 -0.406448
13061.3 -0.407166
13061.6 -0.407837
13062 -0.408455
13062.4 -0.40905
13062.7 -0.408752
13063.1 -0.409195
13063.5 -0.409615
13063.8 -0.409981
13064.2 -0.410316
13064.6 -0.410622
13064.9 -0.410896
13065.3 -0.411125
13065.7 -0.411339
13066 -0.411537
13066.4 -0.411728
13066.8 -0.411896
13067.1 -0.412071
13067.5 -0.412239
13067.9 -0.412422
13068.2 -0.412636
13068.6 -0.412544
13069 -0.412811
13069.3 -0.412491
13069.7 -0.412758
13070.1 -0.41304
13070.4 -0.413345
13070.8 -0.413666
13071.2 -0.414009
13071.5 -0.414368
13071.9 -0.414764
13072.3 -0.415192
13072.6 -0.415627
13073 -0.4161
13073.4 -0.416573
13073.7 -0.417076
13074.1 -0.417587
13074.5 -0.418114
13074.8 -0.418327
13075.2 -0.418892
13075.6 -0.419456
13075.9 -0.419121
13076.3 -0.419701
13076.7 -0.420303
13077 -0.420937
13077.4 -0.421593
13077.8 -0.422264
13078.1 -0.422958
13078.5 -0.423653
13078.9 -0.424355
13079.2 -0.425056
13079.6 -0.425751
13080 -0.42646
13080.3 -0.427162
13080.7 -0.427872
13081.1 -0.428284
13081.4 -0.428986
13081.8 -0.429688
13082.2 -0.430405
13082.5 -0.430046
13082.9 -0.430748
13083.3 -0.431419
13083.6 -0.432083
13084 -0.432739
13084.3 -0.433395
13084.7 -0.434052
13085.1 -0.4347
13085.4 -0.435356
13085.8 -0.435989
13086.2 -0.436607
13086.5 -0.43721
13086.9 -0.437805
13087.3 -0.437859
13087.6 -0.438423
13088 -0.438965
13088.4 -0.439484
13088.7 -0.43998
13089.1 -0.439476
13089.5 -0.439949
13089.8 -0.440376
13090.2 -0.440773
13090.6 -0.441116
13090.9 -0.441399
13091.3 -0.441635
13091.7 -0.441826
13092 -0.441963
13092.4 -0.442055
13092.8 -0.442116
13093.1 -0.442131
13093.5 -0.441742
13093.9 -0.441711
13094.2 -0.441658
13094.6 -0.441582
13095 -0.441498
13095.3 -0.441231
13095.7 -0.441162
13096.1 -0.441078
13096.4 -0.440994
13096.8 -0.440903
13097.2 -0.440819
13097.5 -0.440735
13097.9 -0.440674
13098.3 -0.440628
13098.6 -0.440613
13099 -0.440613
13099.4 -0.440628
13099.7 -0.440506
13100.1 -0.440544
13100.5 -0.440598
13100.8 -0.440666
13101.2 -0.440758
13101.6 -0.440857
13101.9 -0.440742
13102.3 -0.440842
13102.7 -0.440948
13103 -0.441078
13103.4 -0.441223
13103.8 -0.441399
13104.1 -0.441589
13104.5 -0.441818
13104.9 -0.442047
13105.2 -0.442299
13105.6 -0.442673
13106 -0.443008
13106.3 -0.44339
13106.7 -0.443794
13107.1 -0.444229
13107.4 -0.444672
13107.8 -0.445114
13108.2 -0.445541
13108.5 -0.445427
13108.9 -0.445801
13109.3 -0.446144
13109.6 -0.446465
13110 -0.446747
13110.4 -0.446983
13110.7 -0.447182
13111.1 -0.447342
13111.4 -0.447449
13111.8 -0.447029
13112.2 -0.447037
13112.5 -0.446991
13112.9 -0.446907
13113.3 -0.446815
13113.6 -0.446693
13114 -0.446571
13114.4 -0.446442
13114.7 -0.446312
13115.1 -0.445709
13115.5 -0.445564
13115.8 -0.445404
13116.2 -0.445259
13116.6 -0.445114
13116.9 -0.444977
13117.3 -0.444855
13117.7 -0.444748
13118 -0.444122
13118.4 -0.444046
13118.8 -0.443985
13119.1 -0.443954
13119.5 -0.443947
13119.9 -0.44397
13120.2 -0.444
13120.6 -0.444077
13121 -0.444176
13121.3 -0.444321
13121.7 -0.444305
13122.1 -0.444565
13122.4 -0.444855
13122.8 -0.445198
13123.2 -0.445564
13123.5 -0.445953
13123.9 -0.44635
13124.3 -0.447212
13124.6 -0.447716
13125 -0.448204
13125.4 -0.448677
13125.7 -0.449104
13126.1 -0.449486
13126.5 -0.449837
13126.8 -0.450157
13127.2 -0.450455
13127.6 -0.450737
13127.9 -0.450989
13128.3 -0.451317
13128.7 -0.451561
13129 -0.451828
13129.4 -0.45211
13129.8 -0.452438
13130.1 -0.452789
13130.5 -0.453453
13130.9 -0.453888
13131.2 -0.454369
13131.6 -0.45491
13132 -0.455475
13132.3 -0.45607
13132.7 -0.45668
13133.1 -0.457291
13133.4 -0.457924
13133.8 -0.458572
13134.2 -0.459221
13134.5 -0.459396
13134.9 -0.460014
13135.3 -0.460617
13135.6 -0.461205
13136 -0.461784
13136.4 -0.46241
13136.7 -0.462921
13137.1 -0.463425
13137.5 -0.463898
13137.8 -0.464355
13138.2 -0.46479
13138.5 -0.465187
13138.9 -0.465561
13139.3 -0.465919
13139.6 -0.466248
13140 -0.466583
13140.4 -0.466911
13140.7 -0.467255
13141.1 -0.467018
13141.5 -0.467377
13141.8 -0.467773
13142.2 -0.468224
13142.6 -0.46859
13142.9 -0.469208
13143.3 -0.469887
13143.7 -0.470627
13144 -0.471413
13144.4 -0.472282
13144.8 -0.473228
13145.1 -0.474258
13145.5 -0.47538
13145.9 -0.47657
13146.2 -0.477798
13146.6 -0.479073
13147 -0.480392
13147.3 -0.481758
13147.7 -0.482353
13148.1 -0.48381
13148.4 -0.485306
13148.8 -0.48748
13149.2 -0.488968
13149.5 -0.49044
13149.9 -0.491898
13150.3 -0.49334
13150.6 -0.494759
13151 -0.496155
13151.4 -0.497543
13151.7 -0.498932
13152.1 -0.50032
13152.5 -0.501686
13152.8 -0.503052
13153.2 -0.50441
13153.6 -0.505745
13153.9 -0.50708
13154.3 -0.507683
13154.7 -0.508995
13155 -0.510872
13155.4 -0.512138
13155.8 -0.513367
13156.1 -0.514595
13156.5 -0.515808
13156.9 -0.516998
13157.2 -0.518158
13157.6 -0.519295
13158 -0.520401
13158.3 -0.521484
13158.7 -0.522545
13159.1 -0.523605
13159.4 -0.524658
13159.8 -0.525703
13160.2 -0.526741
13160.5 -0.527786
13160.9 -0.528191
13161.3 -0.529556
13161.6 -0.530571
13162 -0.531593
13162.4 -0.532631
13162.7 -0.533669
13163.1 -0.534691
13163.5 -0.535706
13163.8 -0.536705
13164.2 -0.537697
13164.5 -0.538673
13164.9 -0.539635
13165.3 -0.540596
13165.6 -0.541534
13166 -0.542473
13166.4 -0.543411
13166.7 -0.544373
13167.1 -0.544807
13167.5 -0.546326
13167.8 -0.547401
13168.2 -0.548477
13168.6 -0.549591
13168.9 -0.550751
13169.3 -0.551941
13169.7 -0.553192
13170 -0.554497
13170.4 -0.555878
13170.8 -0.557327
13171.1 -0.558846
13171.5 -0.560463
13171.9 -0.562126
13172.2 -0.563866
13172.6 -0.565659
13173 -0.567513
13173.3 -0.570747
13173.7 -0.572075
13174.1 -0.574104
13174.4 -0.57618
13174.8 -0.578293
13175.2 -0.58046
13175.5 -0.582695
13175.9 -0.584999
13176.3 -0.587364
13176.6 -0.589798
13177 -0.592278
13177.4 -0.594803
13177.7 -0.597359
13178.1 -0.59993
13178.5 -0.602524
13178.8 -0.60511
13179.2 -0.607697
13179.6 -0.611618
13179.9 -0.61412
13180.3 -0.61544
13180.7 -0.617912
13181 -0.620377
13181.4 -0.622818
13181.8 -0.625214
13182.1 -0.627571
13182.5 -0.629898
13182.9 -0.632187
13183.2 -0.63443
13183.6 -0.63662
13184 -0.638771
13184.3 -0.640869
13184.7 -0.642921
13185.1 -0.644966
13185.4 -0.646988
13185.8 -0.649971
13186.2 -0.651855
13186.5 -0.653679
13186.9 -0.654579
13187.3 -0.656334
13187.6 -0.658043
13188 -0.659721
13188.4 -0.661354
13188.7 -0.662941
13189.1 -0.664505
13189.5 -0.666061
13189.8 -0.66761
13190.2 -0.669151
13190.6 -0.67067
13190.9 -0.67218
13191.3 -0.673668
13191.6 -0.675148
13192 -0.677193
13192.4 -0.678665
13192.7 -0.68013
13193.1 -0.681602
13193.5 -0.682167
13193.8 -0.683609
13194.2 -0.685051
13194.6 -0.686493
13194.9 -0.687958
13195.3 -0.689445
13195.7 -0.690941
13196 -0.692429
13196.4 -0.693901
13196.8 -0.695374
13197.1 -0.696823
13197.5 -0.698265
13197.9 -0.699699
13198.2 -0.70166
13198.6 -0.703011
13199 -0.704308
13199.3 -0.705559
13199.7 -0.706795
13200.1 -0.707237
13200.4 -0.708481
13200.8 -0.709724
13201.2 -0.71096
13201.5 -0.712181
13201.9 -0.713379
13202.3 -0.714569
13202.6 -0.715744
13203 -0.716919
13203.4 -0.718102
13203.7 -0.719261
13204.1 -0.720558
13204.5 -0.721634
13204.8 -0.722679
13205.2 -0.723694
13205.6 -0.724663
13205.9 -0.725609
13206.3 -0.725586
13206.7 -0.72644
13207 -0.727249
13207.4 -0.728035
13207.8 -0.728783
13208.1 -0.729515
13208.5 -0.730232
13208.9 -0.730942
13209.2 -0.731644
13209.6 -0.732361
13210 -0.733101
13210.3 -0.733566
13210.7 -0.734329
13211.1 -0.7351
13211.4 -0.73587
13211.8 -0.736664
13212.2 -0.737473
13212.5 -0.738312
13212.9 -0.738052
13213.3 -0.738914
13213.6 -0.739784
13214 -0.740654
13214.4 -0.741516
13214.7 -0.742393
13215.1 -0.743279
13215.5 -0.744171
13215.8 -0.745079
13216.2 -0.746025
13216.6 -0.747063
13216.9 -0.748138
13217.3 -0.74926
13217.7 -0.750427
13218 -0.751663
13218.4 -0.75296
13218.7 -0.754311
13219.1 -0.755737
13219.5 -0.756271
13219.8 -0.75782
13220.2 -0.759445
13220.6 -0.761131
13220.9 -0.762878
13221.3 -0.764664
13221.7 -0.766502
13222 -0.768379
13222.4 -0.770279
13222.8 -0.773056
13223.1 -0.775032
13223.5 -0.777039
13223.9 -0.77906
13224.2 -0.78109
13224.6 -0.783134
13225 -0.785194
13225.3 -0.787247
13225.7 -0.789299
13226.1 -0.790253
13226.4 -0.792282
13226.8 -0.794281
13227.2 -0.796234
13227.5 -0.798164
13227.9 -0.800049
13228.3 -0.801872
13228.6 -0.803635
13229 -0.806129
13229.4 -0.807747
13229.7 -0.809326
13230.1 -0.810837
13230.5 -0.812286
13230.8 -0.813667
13231.2 -0.81501
13231.6 -0.816315
13231.9 -0.817589
13232.3 -0.818848
13232.7 -0.81945
13233 -0.820679
13233.4 -0.821884
13233.8 -0.823074
13234.1 -0.824257
13234.5 -0.825439
13234.9 -0.82663
13235.2 -0.828629
13235.6 -0.829918
13236 -0.831268
13236.3 -0.832687
13236.7 -0.834145
13237.1 -0.835655
13237.4 -0.837204
13237.8 -0.838814
13238.2 -0.840485
13238.5 -0.842247
13238.9 -0.843269
13239.3 -0.845093
13239.6 -0.846962
13240 -0.848862
13240.4 -0.850822
13240.7 -0.852844
13241.1 -0.856133
13241.5 -0.858337
13241.8 -0.860596
13242.2 -0.862877
13242.6 -0.865166
13242.9 -0.867447
13243.3 -0.86972
13243.7 -0.871986
13244 -0.874229
13244.4 -0.876434
13244.8 -0.878601
13245.1 -0.880699
13245.5 -0.881699
13245.8 -0.883705
13246.2 -0.885658
13246.6 -0.887566
13246.9 -0.88945
13247.3 -0.892212
13247.7 -0.894043
13248 -0.895851
13248.4 -0.897629
13248.8 -0.899414
13249.1 -0.901192
13249.5 -0.902992
13249.9 -0.904793
13250.2 -0.906586
13250.6 -0.908348
13251 -0.910088
13251.3 -0.911819
13251.7 -0.913597
13252.1 -0.915031
13252.4 -0.916893
13252.8 -0.918785
13253.2 -0.9207
13253.5 -0.924263
13253.9 -0.926285
13254.3 -0.928383
13254.6 -0.930565
13255 -0.932838
13255.4 -0.935204
13255.7 -0.937645
13256.1 -0.940201
13256.5 -0.942863
13256.8 -0.945663
13257.2 -0.948608
13257.6 -0.951691
13257.9 -0.954926
13258.3 -0.958344
13258.7 -0.961334
13259 -0.965202
13259.4 -0.969406
13259.8 -0.978409
13260.1 -0.984055
13260.5 -0.990486
13260.9 -0.998207
13261.2 -1.01053
13261.6 -1.01867
13262 -1.02523
13262.3 -1.03096
13262.7 -1.03611
13263.1 -1.04084
13263.4 -1.04523
13263.8 -1.04935
13264.2 -1.0532
13264.5 -1.05682
13264.9 -1.0602
13265.3 -1.06264
13265.6 -1.0657
13266 -1.07063
13266.4 -1.07327
13266.7 -1.07578
13267.1 -1.07817
13267.5 -1.08043
13267.8 -1.08258
13268.2 -1.08463
13268.6 -1.08659
13268.9 -1.0885
13269.3 -1.09035
13269.7 -1.09215
13270 -1.09389
13270.4 -1.09559
13270.8 -1.09724
13271.1 -1.09888
13271.5 -1.10049
13271.8 -1.10189
13272.2 -1.10344
13272.6 -1.10494
13272.9 -1.10641
13273.3 -1.1078
13273.7 -1.10915
13274 -1.11045
13274.4 -1.11171
13274.8 -1.11293
13275.1 -1.11414
13275.5 -1.11531
13275.9 -1.11645
13276.2 -1.11756
13276.6 -1.11864
13277 -1.11971
13277.3 -1.12078
13277.7 -1.12186
13278.1 -1.12337
13278.4 -1.1246
13278.8 -1.12586
13279.2 -1.12717
13279.5 -1.12853
13279.9 -1.12993
13280.3 -1.13136
13280.6 -1.13282
13281 -1.1343
13281.4 -1.13579
13281.7 -1.13726
13282.1 -1.1387
13282.5 -1.1401
13282.8 -1.14142
13283.2 -1.14263
13283.6 -1.14375
13283.9 -1.14481
13284.3 -1.14703
13284.7 -1.14816
13285 -1.14899
13285.4 -1.14985
13285.8 -1.15073
13286.1 -1.15166
13286.5 -1.15262
13286.9 -1.15363
13287.2 -1.15466
13287.6 -1.15572
13288 -1.15683
13288.3 -1.15795
13288.7 -1.1591
13289.1 -1.16025
13289.4 -1.16142
13289.8 -1.16258
13290.2 -1.16373
13290.5 -1.16536
13290.9 -1.16649
13291.3 -1.16692
13291.6 -1.16806
13292 -1.16924
13292.4 -1.17045
13292.7 -1.1717
13293.1 -1.173
13293.5 -1.17433
13293.8 -1.17572
13294.2 -1.17716
13294.6 -1.17867
13294.9 -1.18026
13295.3 -1.18192
13295.7 -1.18369
13296 -1.18555
13296.4 -1.18751
13296.8 -1.19086
13297.1 -1.19307
13297.5 -1.19532
13297.9 -1.19672
13298.2 -1.19902
13298.6 -1.20134
13298.9 -1.20369
13299.3 -1.20605
13299.7 -1.20837
13300 -1.21068
13300.4 -1.21295
13300.8 -1.21517
13301.1 -1.21737
13301.5 -1.21952
13301.9 -1.22162
13302.2 -1.22365
13302.6 -1.22559
13303 -1.22813
13303.3 -1.22984
13303.7 -1.23146
13304.1 -1.23297
13304.4 -1.23335
13304.8 -1.23467
13305.2 -1.23591
13305.5 -1.23708
13305.9 -1.23815
13306.3 -1.23917
13306.6 -1.24013
13307 -1.241
13307.4 -1.2418
13307.7 -1.24255
13308.1 -1.24325
13308.5 -1.24389
13308.8 -1.24431
13309.2 -1.24487
13309.6 -1.24537
13309.9 -1.24583
13310.3 -1.24625
13310.7 -1.24599
13311 -1.24635
13311.4 -1.24666
13311.8 -1.24693
13312.1 -1.24712
13312.5 -1.24726
13312.9 -1.24734
13313.2 -1.24738
13313.6 -1.24737
13314 -1.24733
13314.3 -1.24723
13314.7 -1.24708
13315.1 -1.24644
13315.4 -1.24619
13315.8 -1.2459
13316.2 -1.24556
13316.5 -1.24518
13316.9 -1.24477
13317.3 -1.24432
13317.6 -1.24387
13318 -1.24337
13318.4 -1.24282
13318.7 -1.24226
13319.1 -1.24166
13319.5 -1.24107
13319.8 -1.24047
13320.2 -1.23988
13320.6 -1.23926
13320.9 -1.23864
13321.3 -1.23782
13321.7 -1.23732
13322 -1.23688
13322.4 -1.23648
13322.8 -1.23615
13323.1 -1.23587
13323.5 -1.23567
13323.9 -1.23579
13324.2 -1.23573
13324.6 -1.23576
13325 -1.23587
13325.3 -1.23606
13325.7 -1.23632
13326 -1.23665
13326.4 -1.23707
13326.8 -1.23757
13327.1 -1.23816
13327.5 -1.23917
13327.9 -1.23994
13328.2 -1.2408
13328.6 -1.24174
13329 -1.24278
13329.3 -1.24392
13329.7 -1.24516
13330.1 -1.2465
13330.4 -1.24728
13330.8 -1.24879
13331.2 -1.25041
13331.5 -1.25209
13331.9 -1.25385
13332.3 -1.25568
13332.6 -1.25755
13333 -1.25945
13333.4 -1.26134
13333.7 -1.26431
13334.1 -1.26611
13334.5 -1.26789
13334.8 -1.2696
13335.2 -1.27125
13335.6 -1.27283
13335.9 -1.27435
13336.3 -1.2758
13336.7 -1.27721
13337 -1.27789
13337.4 -1.27921
13337.8 -1.28046
13338.1 -1.28165
13338.5 -1.28279
13338.9 -1.28387
13339.2 -1.28493
13339.6 -1.28658
13340 -1.28762
13340.3 -1.28866
13340.7 -1.28971
13341.1 -1.29076
13341.4 -1.29182
13341.8 -1.29291
13342.2 -1.29401
13342.5 -1.29512
13342.9 -1.2962
13343.3 -1.29728
13343.6 -1.29795
13344 -1.29897
13344.4 -1.29994
13344.7 -1.30086
13345.1 -1.30173
13345.5 -1.30253
13345.8 -1.30375
13346.2 -1.30445
13346.6 -1.30513
13346.9 -1.30579
13347.3 -1.30643
13347.7 -1.30704
13348 -1.30765
13348.4 -1.30827
13348.8 -1.30891
13349.1 -1.30956
13349.5 -1.31028
13349.9 -1.3108
13350.2 -1.31157
13350.6 -1.31236
13351 -1.31316
13351.3 -1.31399
13351.7 -1.31483
13352 -1.31633
13352.4 -1.31721
13352.8 -1.3181
13353.1 -1.31899
13353.5 -1.31988
13353.9 -1.32074
13354.2 -1.3216
13354.6 -1.32246
13355 -1.3233
13355.3 -1.32413
13355.7 -1.32497
13356.1 -1.32581
13356.4 -1.32635
13356.8 -1.32721
13357.2 -1.32809
13357.5 -1.32899
13357.9 -1.3299
13358.3 -1.33146
13358.6 -1.33243
13359 -1.33342
13359.4 -1.33442
13359.7 -1.33542
13360.1 -1.33641
13360.5 -1.33737
13360.8 -1.33829
13361.2 -1.33916
13361.6 -1.33998
13361.9 -1.34074
13362.3 -1.34143
13362.7 -1.34206
13363 -1.34251
13363.4 -1.34303
13363.8 -1.3435
13364.1 -1.34394
13364.5 -1.34457
13364.9 -1.34489
13365.2 -1.3452
13365.6 -1.34549
13366 -1.34578
13366.3 -1.34607
13366.7 -1.34636
13367.1 -1.34667
13367.4 -1.34698
13367.8 -1.34731
13368.2 -1.34764
13368.5 -1.34799
13368.9 -1.34837
13369.3 -1.34877
13369.6 -1.34873
13370 -1.34917
13370.4 -1.34969
13370.7 -1.35024
13371.1 -1.35081
13371.5 -1.35141
13371.8 -1.35204
13372.2 -1.35272
13372.6 -1.35347
13372.9 -1.3543
13373.3 -1.35521
13373.7 -1.35619
13374 -1.35725
13374.4 -1.35835
13374.8 -1.35949
13375.1 -1.36067
13375.5 -1.36189
13375.9 -1.36311
13376.2 -1.36334
13376.6 -1.36481
13377 -1.36607
13377.3 -1.36733
13377.7 -1.36859
13378.1 -1.36986
13378.4 -1.37111
13378.8 -1.37234
13379.1 -1.37354
13379.5 -1.37471
13379.9 -1.37582
13380.2 -1.37688
13380.6 -1.37788
13381 -1.37881
13381.3 -1.37964
13381.7 -1.38037
13382.1 -1.381
13382.4 -1.38104
13382.8 -1.38155
13383.2 -1.38194
13383.5 -1.38223
13383.9 -1.38241
13384.3 -1.38246
13384.6 -1.38242
13385 -1.38229
13385.4 -1.38206
13385.7 -1.38177
13386.1 -1.38143
13386.5 -1.38103
13386.8 -1.38059
13387.2 -1.38013
13387.6 -1.37965
13387.9 -1.37916
13388.3 -1.37865
13388.7 -1.37814
13389 -1.37749
13389.4 -1.37696
13389.8 -1.37645
13390.1 -1.37594
13390.5 -1.37545
13390.9 -1.375
13391.2 -1.37457
13391.6 -1.37418
13392 -1.37383
13392.3 -1.37354
13392.7 -1.37329
13393.1 -1.37308
13393.4 -1.3729
13393.8 -1.37277
13394.2 -1.37269
13394.5 -1.37264
13394.9 -1.37264
13395.3 -1.37246
13395.6 -1.37225
13396 -1.37234
13396.4 -1.37244
13396.7 -1.37255
13397.1 -1.37267
13397.5 -1.37276
13397.8 -1.37284
13398.2 -1.37292
13398.6 -1.37298
13398.9 -1.37302
13399.3 -1.37305
13399.7 -1.37305
13400 -1.37302
13400.4 -1.37296
13400.8 -1.37286
13401.1 -1.37275
13401.5 -1.37209
13401.9 -1.37188
13402.2 -1.37134
13402.6 -1.37109
13403 -1.3708
13403.3 -1.37045
13403.7 -1.37003
13404.1 -1.36955
13404.4 -1.369
13404.8 -1.36836
13405.2 -1.36764
13405.5 -1.36681
13405.9 -1.36585
13406.2 -1.36478
13406.6 -1.36359
13407 -1.36227
13407.3 -1.3602
13407.7 -1.35861
13408.1 -1.35691
13408.4 -1.35509
13408.8 -1.35435
13409.2 -1.35248
13409.5 -1.35057
13409.9 -1.34866
13410.3 -1.34679
13410.6 -1.34492
13411 -1.3431
13411.4 -1.34132
13411.7 -1.3396
13412.1 -1.33797
13412.5 -1.33643
13412.8 -1.33496
13413.2 -1.33356
13413.6 -1.33143
13413.9 -1.33014
13414.3 -1.32893
13414.7 -1.32776
13415 -1.32664
13415.4 -1.32597
13415.8 -1.32494
13416.1 -1.32394
13416.5 -1.32295
13416.9 -1.322
13417.2 -1.32106
13417.6 -1.32015
13418 -1.3193
13418.3 -1.31849
13418.7 -1.3177
13419.1 -1.31694
13419.4 -1.3162
13419.8 -1.31493
13420.2 -1.31426
13420.5 -1.31363
13420.9 -1.31305
13421.3 -1.31253
13421.6 -1.31191
13422 -1.3114
13422.4 -1.31093
13422.7 -1.31048
13423.1 -1.31006
13423.5 -1.30966
13423.8 -1.30927
13424.2 -1.30887
13424.6 -1.30845
13424.9 -1.30801
13425.3 -1.30753
13425.7 -1.30702
13426 -1.30559
13426.4 -1.30495
13426.8 -1.30425
13427.1 -1.30347
13427.5 -1.30261
13427.9 -1.30167
13428.2 -1.30073
13428.6 -1.29971
13429 -1.29863
13429.3 -1.29749
13429.7 -1.29628
13430.1 -1.29503
13430.4 -1.29377
13430.8 -1.29249
13431.2 -1.29122
13431.5 -1.28996
13431.9 -1.28871
13432.3 -1.28679
13432.6 -1.28565
13433 -1.28455
13433.3 -1.2835
13433.7 -1.28249
13434.1 -1.28152
13434.4 -1.28063
13434.8 -1.28009
13435.2 -1.27924
13435.5 -1.27845
13435.9 -1.27768
13436.3 -1.27695
13436.6 -1.27622
13437 -1.27551
13437.4 -1.2748
13437.7 -1.2741
13438.1 -1.27261
13438.5 -1.27188
13438.8 -1.27115
13439.2 -1.27042
13439.6 -1.2697
13439.9 -1.26898
13440.3 -1.26826
13440.7 -1.26758
13441 -1.26689
13441.4 -1.26599
13441.8 -1.26534
13442.1 -1.26472
13442.5 -1.26412
13442.9 -1.26357
13443.2 -1.26304
13443.6 -1.26254
13444 -1.2621
13444.3 -1.26088
13444.7 -1.26048
13445.1 -1.26009
13445.4 -1.25972
13445.8 -1.25936
13446.2 -1.259
13446.5 -1.25864
13446.9 -1.25825
13447.3 -1.25782
13447.6 -1.25733
13448 -1.25664
13448.4 -1.2561
13448.7 -1.25549
13449.1 -1.2548
13449.5 -1.25403
13449.8 -1.25317
13450.2 -1.25225
13450.6 -1.2505
13450.9 -1.24947
13451.3 -1.24841
13451.7 -1.24732
13452 -1.24622
13452.4 -1.24512
13452.8 -1.24406
13453.1 -1.24305
13453.5 -1.2421
13453.9 -1.24122
13454.2 -1.24042
13454.6 -1.23963
13455 -1.23891
13455.3 -1.23827
13455.7 -1.23769
13456.1 -1.23717
13456.4 -1.23672
13456.8 -1.23561
13457.2 -1.23528
13457.5 -1.23499
13457.9 -1.23476
13458.3 -1.23454
13458.6 -1.23433
13459 -1.23415
13459.3 -1.23397
13459.7 -1.23378
13460.1 -1.23358
13460.4 -1.23338
13460.8 -1.23273
13461.2 -1.23252
13461.5 -1.23232
13461.9 -1.2321
13462.3 -1.2319
13462.6 -1.23169
13463 -1.23103
13463.4 -1.23087
13463.7 -1.23072
13464.1 -1.2306
13464.5 -1.23053
13464.8 -1.23052
13465.2 -1.23059
13465.6 -1.23074
13465.9 -1.23097
13466.3 -1.23125
13466.7 -1.2316
13467 -1.23199
13467.4 -1.23225
13467.8 -1.23279
13468.1 -1.23338
13468.5 -1.23402
13468.9 -1.23471
13469.2 -1.23589
13469.6 -1.2366
13470 -1.23728
13470.3 -1.23792
13470.7 -1.23848
13471.1 -1.23899
13471.4 -1.23941
13471.8 -1.23978
13472.2 -1.24008
13472.5 -1.24033
13472.9 -1.24054
13473.3 -1.24071
13473.6 -1.24084
13474 -1.24113
13474.4 -1.24129
13474.7 -1.24147
13475.1 -1.24207
13475.5 -1.24237
13475.8 -1.24271
13476.2 -1.24313
13476.6 -1.24358
13476.9 -1.24411
13477.3 -1.24468
13477.7 -1.24528
13478 -1.2459
13478.4 -1.24653
13478.8 -1.24716
13479.1 -1.2478
13479.5 -1.24844
13479.9 -1.24906
13480.2 -1.24967
13480.6 -1.24976
13481 -1.25032
13481.3 -1.25087
13481.7 -1.2514
13482.1 -1.25192
13482.4 -1.25243
13482.8 -1.25292
13483.2 -1.25338
13483.5 -1.25381
13483.9 -1.25421
13484.3 -1.25459
13484.6 -1.25493
13485 -1.25527
13485.4 -1.25559
13485.7 -1.25592
13486.1 -1.25626
13486.4 -1.25665
13486.8 -1.2571
13487.2 -1.25732
13487.5 -1.25827
13487.9 -1.25903
13488.3 -1.2599
13488.6 -1.26088
13489 -1.26195
13489.4 -1.26311
13489.7 -1.26435
13490.1 -1.26564
13490.5 -1.26695
13490.8 -1.26825
13491.2 -1.26955
13491.6 -1.27079
13491.9 -1.27198
13492.3 -1.27309
13492.7 -1.27412
13493 -1.27506
13493.4 -1.27564
13493.8 -1.27689
13494.1 -1.27751
13494.5 -1.27803
13494.9 -1.27843
13495.2 -1.27874
13495.6 -1.27896
13496 -1.27911
13496.3 -1.27918
13496.7 -1.27919
13497.1 -1.27914
13497.4 -1.27903
13497.8 -1.27885
13498.2 -1.27864
13498.5 -1.2784
13498.9 -1.27814
13499.3 -1.27785
13499.6 -1.27754
13500 -1.27702
13500.4 -1.27666
13500.7 -1.27629
13501.1 -1.27592
13501.5 -1.27555
13501.8 -1.27518
13502.2 -1.27482
13502.6 -1.27444
13502.9 -1.27409
13503.3 -1.27377
13503.7 -1.27346
13504 -1.27321
13504.4 -1.27299
13504.8 -1.27285
13505.1 -1.27277
13505.5 -1.27277
13505.9 -1.27299
13506.2 -1.27325
13506.6 -1.2735
13507 -1.2739
13507.3 -1.2744
13507.7 -1.27499
13508.1 -1.27567
13508.4 -1.27644
13508.8 -1.27728
13509.2 -1.27819
13509.5 -1.27914
13509.9 -1.28013
13510.3 -1.28114
13510.6 -1.28217
13511 -1.2832
13511.4 -1.28424
13511.7 -1.28529
13512.1 -1.28666
13512.5 -1.28763
13512.8 -1.28858
13513.2 -1.28881
13513.5 -1.28969
13513.9 -1.29054
13514.3 -1.29138
13514.6 -1.29221
13515 -1.29303
13515.4 -1.29385
13515.7 -1.29469
13516.1 -1.29552
13516.5 -1.29639
13516.8 -1.29726
13517.2 -1.29817
13517.6 -1.2991
13517.9 -1.30005
13518.3 -1.30117
13518.7 -1.30218
13519 -1.30321
13519.4 -1.30425
13519.8 -1.30452
13520.1 -1.30563
13520.5 -1.30676
13520.9 -1.30791
13521.2 -1.30904
13521.6 -1.31017
13522 -1.31132
13522.3 -1.31245
13522.7 -1.31358
13523.1 -1.3147
13523.4 -1.31576
13523.8 -1.31676
13524.2 -1.31769
13524.5 -1.31892
13524.9 -1.31961
13525.3 -1.3202
13525.6 -1.32069
13526 -1.32095
13526.4 -1.32129
13526.7 -1.32153
13527.1 -1.32166
13527.5 -1.32172
13527.8 -1.32169
13528.2 -1.32159
13528.6 -1.32142
13528.9 -1.32121
13529.3 -1.32095
13529.7 -1.32066
13530 -1.32035
13530.4 -1.32001
13530.8 -1.31955
13531.1 -1.31917
13531.5 -1.31878
13531.9 -1.31838
13532.2 -1.31802
13532.6 -1.31799
13533 -1.31767
13533.3 -1.31739
13533.7 -1.31712
13534.1 -1.31689
13534.4 -1.31668
13534.8 -1.31654
13535.2 -1.31645
13535.5 -1.31641
13535.9 -1.31644
13536.3 -1.31654
13536.6 -1.31669
13537 -1.31747
13537.4 -1.31777
13537.7 -1.3181
13538.1 -1.31847
13538.5 -1.31885
13538.8 -1.31925
13539.2 -1.31976
13539.5 -1.32015
13539.9 -1.32057
13540.3 -1.32098
13540.6 -1.3214
13541 -1.3218
13541.4 -1.32219
13541.7 -1.32256
13542.1 -1.32289
13542.5 -1.3232
13542.8 -1.32337
13543.2 -1.32357
13543.6 -1.32375
13543.9 -1.32391
13544.3 -1.32407
13544.7 -1.32421
13545 -1.32436
13545.4 -1.32448
13545.8 -1.32414
13546.1 -1.32422
13546.5 -1.32428
13546.9 -1.32433
13547.2 -1.32438
13547.6 -1.32442
13548 -1.32446
13548.3 -1.32447
13548.7 -1.32448
13549.1 -1.32399
13549.4 -1.32401
13549.8 -1.32403
13550.2 -1.32407
13550.5 -1.32411
13550.9 -1.32417
13551.3 -1.32426
13551.6 -1.32436
13552 -1.32452
13552.4 -1.32411
13552.7 -1.32435
13553.1 -1.32463
13553.5 -1.32495
13553.8 -1.3253
13554.2 -1.32567
13554.6 -1.32607
13554.9 -1.3265
13555.3 -1.32666
13555.7 -1.32714
13556 -1.32763
13556.4 -1.32813
13556.8 -1.32865
13557.1 -1.32919
13557.5 -1.32973
13557.9 -1.33029
13558.2 -1.33085
13558.6 -1.33054
13559 -1.33106
13559.3 -1.33157
13559.7 -1.33205
13560.1 -1.3325
13560.4 -1.3329
13560.8 -1.33327
13561.2 -1.33363
13561.5 -1.33354
13561.9 -1.33385
13562.3 -1.33414
13562.6 -1.3344
13563 -1.33463
13563.4 -1.33484
13563.7 -1.33502
13564.1 -1.33519
13564.5 -1.33532
13564.8 -1.33543
13565.2 -1.33497
13565.6 -1.33505
13565.9 -1.33509
13566.3 -1.33513
13566.6 -1.33514
13567 -1.33514
13567.4 -1.33513
13567.7 -1.33469
13568.1 -1.33468
13568.5 -1.33467
13568.8 -1.33466
13569.2 -1.33464
13569.6 -1.33462
13569.9 -1.33459
13570.3 -1.33453
13570.7 -1.33449
13571 -1.33443
13571.4 -1.33434
13571.8 -1.33406
13572.1 -1.33395
13572.5 -1.33383
13572.9 -1.33369
13573.2 -1.33356
13573.6 -1.33303
13574 -1.33288
13574.3 -1.33271
13574.7 -1.33255
13575.1 -1.33237
13575.4 -1.33223
13575.8 -1.3321
13576.2 -1.33199
13576.5 -1.3319
13576.9 -1.33185
13577.3 -1.33185
13577.6 -1.33189
13578 -1.33202
13578.4 -1.33165
13578.7 -1.33187
13579.1 -1.33212
13579.5 -1.33241
13579.8 -1.33237
13580.2 -1.3327
13580.6 -1.33303
13580.9 -1.33337
13581.3 -1.33372
13581.7 -1.33405
13582 -1.33436
13582.4 -1.33465
13582.8 -1.33492
13583.1 -1.33516
13583.5 -1.3354
13583.9 -1.33562
13584.2 -1.33582
13584.6 -1.33602
13585 -1.33544
13585.3 -1.33561
13585.7 -1.33578
13586.1 -1.33537
13586.4 -1.33556
13586.8 -1.33575
13587.2 -1.33598
13587.5 -1.33619
13587.9 -1.33644
13588.3 -1.3367
13588.6 -1.337
13589 -1.33733
13589.4 -1.33768
13589.7 -1.33807
13590.1 -1.33849
13590.5 -1.33895
13590.8 -1.33945
13591.2 -1.33998
13591.6 -1.33958
13591.9 -1.34019
13592.3 -1.34055
13592.7 -1.34129
13593 -1.34208
13593.4 -1.34292
13593.7 -1.34378
13594.1 -1.34467
13594.5 -1.34559
13594.8 -1.34655
13595.2 -1.34755
13595.6 -1.34859
13595.9 -1.34967
13596.3 -1.3508
13596.7 -1.35197
13597 -1.35316
13597.4 -1.35441
13597.8 -1.35432
13598.1 -1.3556
13598.5 -1.35683
13598.9 -1.35818
13599.2 -1.35956
13599.6 -1.36096
13600 -1.36238
13600.3 -1.3638
13600.7 -1.36523
13601.1 -1.36665
13601.4 -1.36806
13601.8 -1.36946
13602.2 -1.37087
13602.5 -1.37225
13602.9 -1.37363
13603.3 -1.37499
13603.6 -1.37632
13604 -1.37762
13604.4 -1.37751
13604.7 -1.37862
13605.1 -1.37983
13605.5 -1.38102
13605.8 -1.38219
13606.2 -1.38335
13606.6 -1.38449
13606.9 -1.3856
13607.3 -1.3867
13607.7 -1.38779
13608 -1.38886
13608.4 -1.38995
13608.8 -1.39101
13609.1 -1.39207
13609.5 -1.39309
13609.9 -1.39408
13610.2 -1.39504
13610.6 -1.39594
13611 -1.39589
13611.3 -1.39685
13611.7 -1.39779
13612.1 -1.39873
13612.4 -1.39967
13612.8 -1.40063
13613.2 -1.4016
13613.5 -1.40263
13613.9 -1.40369
13614.3 -1.40479
13614.6 -1.40596
13615 -1.40718
13615.4 -1.40849
13615.7 -1.40986
13616.1 -1.41129
13616.5 -1.41278
13616.8 -1.41483
13617.2 -1.41649
13617.6 -1.41705
13617.9 -1.41883
13618.3 -1.42068
13618.7 -1.42262
13619 -1.42461
13619.4 -1.42669
13619.8 -1.42881
13620.1 -1.43099
13620.5 -1.43322
13620.8 -1.43549
13621.2 -1.43778
13621.6 -1.44009
13621.9 -1.44241
13622.3 -1.44473
13622.7 -1.44701
13623 -1.45026
13623.4 -1.45249
13623.8 -1.4547
13624.1 -1.45564
13624.5 -1.45778
13624.9 -1.45988
13625.2 -1.46192
13625.6 -1.46394
13626 -1.46591
13626.3 -1.46786
13626.7 -1.46979
13627.1 -1.47167
13627.4 -1.47354
13627.8 -1.47537
13628.2 -1.47719
13628.5 -1.47898
13628.9 -1.48077
13629.3 -1.48342
13629.6 -1.48524
13630 -1.48706
13630.4 -1.48793
13630.7 -1.48979
13631.1 -1.49171
13631.5 -1.49372
13631.8 -1.49583
13632.2 -1.49805
13632.6 -1.50039
13632.9 -1.50283
13633.3 -1.50538
13633.7 -1.50806
13634 -1.5109
13634.4 -1.5139
13634.8 -1.51707
13635.1 -1.52039
13635.5 -1.52638
13635.9 -1.5303
13636.2 -1.53448
13636.6 -1.53897
13637 -1.5426
13637.3 -1.54784
13637.7 -1.55351
13638.1 -1.55965
13638.4 -1.5663
13638.8 -1.57339
13639.2 -1.5806
13639.5 -1.58749
13639.9 -1.5939
13640.3 -1.59989
13640.6 -1.60553
13641 -1.61088
13641.4 -1.61966
13641.7 -1.62458
13642.1 -1.62949
13642.5 -1.63441
13642.8 -1.63937
13643.2 -1.64441
13643.6 -1.64807
13643.9 -1.65327
13644.3 -1.65862
13644.7 -1.66415
13645 -1.66987
13645.4 -1.67582
13645.8 -1.68199
13646.1 -1.68835
13646.5 -1.69479
13646.8 -1.70116
13647.2 -1.70734
13647.6 -1.71732
13647.9 -1.72279
13648.3 -1.7281
13648.7 -1.73325
13649 -1.73823
13649.4 -1.74305
13649.8 -1.74772
13650.1 -1.75062
13650.5 -1.75499
13650.9 -1.75922
13651.2 -1.7633
13651.6 -1.76724
13652 -1.77105
13652.3 -1.77474
13652.7 -1.77833
13653.1 -1.78182
13653.4 -1.78523
13653.8 -1.79031
13654.2 -1.79344
13654.5 -1.79647
13654.9 -1.79943
13655.3 -1.80231
13655.6 -1.80513
13656 -1.80785
13656.4 -1.81051
13656.7 -1.81182
13657.1 -1.81433
13657.5 -1.81677
13657.8 -1.81916
13658.2 -1.8215
13658.6 -1.82376
13658.9 -1.826
13659.3 -1.8282
13659.7 -1.83038
13660 -1.83366
13660.4 -1.83584
13660.8 -1.83803
13661.1 -1.84023
13661.5 -1.84246
13661.9 -1.8447
13662.2 -1.84699
13662.6 -1.84932
13663 -1.85165
13663.3 -1.85307
13663.7 -1.85547
13664.1 -1.85791
13664.4 -1.86038
13664.8 -1.86292
13665.2 -1.86552
13665.5 -1.8682
13665.9 -1.87093
13666.3 -1.8754
13666.6 -1.8782
13667 -1.88103
13667.4 -1.88388
13667.7 -1.88676
13668.1 -1.88966
13668.5 -1.8926
13668.8 -1.89558
13669.2 -1.89863
13669.6 -1.90051
13669.9 -1.9037
13670.3 -1.90695
13670.7 -1.91025
13671 -1.9136
13671.4 -1.91702
13671.8 -1.92056
13672.1 -1.92421
13672.5 -1.93045
13672.9 -1.93421
13673.2 -1.93789
13673.6 -1.94146
13673.9 -1.94493
13674.3 -1.9483
13674.7 -1.95157
13675 -1.9547
13675.4 -1.95769
13675.8 -1.9605
13676.1 -1.96181
13676.5 -1.96437
13676.9 -1.96683
13677.2 -1.96918
13677.6 -1.97144
13678 -1.97358
13678.3 -1.97631
13678.7 -1.97816
13679.1 -1.97995
13679.4 -1.98166
13679.8 -1.9833
13680.2 -1.98489
13680.5 -1.9864
13680.9 -1.98787
13681.3 -1.98928
13681.6 -1.99063
13682 -1.99192
13682.4 -1.99313
13682.7 -1.99338
13683.1 -1.99452
13683.5 -1.99562
13683.8 -1.99669
13684.2 -1.99773
13684.6 -1.99895
13684.9 -1.99995
13685.3 -2.0009
13685.7 -2.00185
13686 -2.00275
13686.4 -2.00366
13686.8 -2.00454
13687.1 -2.00541
13687.5 -2.00626
13687.9 -2.00713
13688.2 -2.00798
13688.6 -2.00883
13689 -2.00969
13689.3 -2.00987
13689.7 -2.01073
13690.1 -2.0116
13690.4 -2.01248
13690.8 -2.01367
13691.2 -2.01463
13691.5 -2.01562
13691.9 -2.01662
13692.3 -2.01764
13692.6 -2.01868
13693 -2.01974
13693.4 -2.02086
13693.7 -2.022
13694.1 -2.02319
13694.5 -2.02441
13694.8 -2.02565
13695.2 -2.02694
13695.6 -2.02825
13695.9 -2.02888
13696.3 -2.03027
13696.7 -2.03168
13697 -2.03386
13697.4 -2.03536
13697.8 -2.0369
13698.1 -2.03844
13698.5 -2.04002
13698.9 -2.0416
13699.2 -2.04322
13699.6 -2.04486
13700 -2.04652
13700.3 -2.0482
13700.7 -2.0499
13701 -2.05161
13701.4 -2.05336
13701.8 -2.05512
13702.1 -2.05605
13702.5 -2.05788
13702.9 -2.05975
13703.2 -2.06267
13703.6 -2.06461
13704 -2.06657
13704.3 -2.06852
13704.7 -2.07049
13705.1 -2.07245
13705.4 -2.07444
13705.8 -2.07645
13706.2 -2.07847
13706.5 -2.08046
13706.9 -2.08244
13707.3 -2.08437
13707.6 -2.08627
13708 -2.08815
13708.4 -2.09003
13708.7 -2.09086
13709.1 -2.09345
13709.5 -2.09524
13709.8 -2.09699
13710.2 -2.09872
13710.6 -2.10044
13710.9 -2.10216
13711.3 -2.10386
13711.7 -2.10555
13712 -2.10726
13712.4 -2.10897
13712.8 -2.11071
13713.1 -2.11247
13713.5 -2.11427
13713.9 -2.11607
13714.2 -2.11789
13714.6 -2.1197
13715 -2.1215
13715.3 -2.12289
13715.7 -2.12469
13716.1 -2.12646
13716.4 -2.12817
13716.8 -2.12982
13717.2 -2.1314
13717.5 -2.13291
13717.9 -2.13433
13718.3 -2.13565
13718.6 -2.13684
13719 -2.13792
13719.4 -2.13888
13719.7 -2.13977
13720.1 -2.14058
13720.5 -2.14133
13720.8 -2.14205
13721.2 -2.14272
13721.6 -2.14335
13721.9 -2.14333
13722.3 -2.1439
13722.7 -2.14447
13723 -2.14507
13723.4 -2.14573
13723.8 -2.14645
13724.1 -2.14725
13724.5 -2.14811
13724.9 -2.14907
13725.2 -2.15013
13725.6 -2.15129
13726 -2.15259
13726.3 -2.15401
13726.7 -2.15555
13727 -2.15719
13727.4 -2.15892
13727.8 -2.16138
13728.1 -2.16325
13728.5 -2.16396
13728.9 -2.16587
13729.2 -2.1678
13729.6 -2.16973
13730 -2.17163
13730.3 -2.17352
13730.7 -2.17537
13731.1 -2.1772
13731.4 -2.17904
13731.8 -2.18087
13732.2 -2.18269
13732.5 -2.18449
13732.9 -2.18629
13733.3 -2.18808
13733.6 -2.18987
13734 -2.19222
13734.4 -2.19408
13734.7 -2.19598
13735.1 -2.1966
13735.5 -2.19858
13735.8 -2.2006
13736.2 -2.20268
13736.6 -2.20485
13736.9 -2.20708
13737.3 -2.20942
13737.7 -2.21187
13738 -2.21444
13738.4 -2.21716
13738.8 -2.22005
13739.1 -2.2231
13739.5 -2.22631
13739.9 -2.22968
13740.2 -2.23537
13740.6 -2.23914
13741 -2.24301
13741.3 -2.24545
13741.7 -2.24945
13742.1 -2.25349
13742.4 -2.25755
13742.8 -2.26157
13743.2 -2.26548
13743.5 -2.26927
13743.9 -2.27292
13744.3 -2.2764
13744.6 -2.27973
13745 -2.28291
13745.4 -2.28594
13745.7 -2.28882
13746.1 -2.29278
13746.5 -2.29527
13746.8 -2.29764
13747.2 -2.2999
13747.6 -2.30207
13747.9 -2.30293
13748.3 -2.30496
13748.7 -2.30693
13749 -2.30883
13749.4 -2.31069
13749.8 -2.3125
13750.1 -2.31428
13750.5 -2.31602
13750.9 -2.31775
13751.2 -2.31944
13751.6 -2.32111
13752 -2.32275
13752.3 -2.32508
13752.7 -2.32674
13753.1 -2.32843
13753.4 -2.33015
13753.8 -2.3319
13754.1 -2.3337
13754.5 -2.33485
13754.9 -2.33685
13755.2 -2.33891
13755.6 -2.34107
13756 -2.34332
13756.3 -2.3457
13756.7 -2.3482
13757.1 -2.35085
13757.4 -2.35364
13757.8 -2.35654
13758.2 -2.35953
13758.5 -2.36495
13758.9 -2.36804
13759.3 -2.37112
13759.6 -2.3742
13760 -2.37726
13760.4 -2.38032
13760.7 -2.38339
13761.1 -2.38568
13761.5 -2.38877
13761.8 -2.39186
13762.2 -2.39494
13762.6 -2.39803
13762.9 -2.40112
13763.3 -2.40421
13763.7 -2.4073
13764 -2.41039
13764.4 -2.41347
13764.8 -2.41872
13765.1 -2.42181
13765.5 -2.42489
13765.9 -2.42796
13766.2 -2.43097
13766.6 -2.43391
13767 -2.43678
13767.3 -2.43957
13767.7 -2.44141
13768.1 -2.44415
13768.4 -2.44684
13768.8 -2.44948
13769.2 -2.45209
13769.5 -2.45464
13769.9 -2.45713
13770.3 -2.45958
13770.6 -2.46196
13771 -2.46549
13771.4 -2.46766
13771.7 -2.4698
13772.1 -2.47187
13772.5 -2.47392
13772.8 -2.47591
13773.2 -2.47786
13773.6 -2.47974
13773.9 -2.48039
13774.3 -2.48211
13774.7 -2.48374
13775 -2.48527
13775.4 -2.48672
13775.8 -2.48809
13776.1 -2.48936
13776.5 -2.49056
13776.9 -2.49162
13777.2 -2.49261
13777.6 -2.49352
13778 -2.49438
13778.3 -2.49519
13778.7 -2.49594
13779.1 -2.49663
13779.4 -2.49726
13779.8 -2.49784
13780.2 -2.49837
13780.5 -2.49792
13780.9 -2.49837
13781.2 -2.49875
13781.6 -2.49906
13782 -2.4993
13782.3 -2.49947
13782.7 -2.49957
13783.1 -2.49895
13783.4 -2.49894
13783.8 -2.49886
13784.2 -2.49874
13784.5 -2.49859
13784.9 -2.4984
13785.3 -2.49821
13785.6 -2.49802
13786 -2.49784
13786.4 -2.49768
13786.7 -2.49755
13787.1 -2.49696
13787.5 -2.49686
13787.8 -2.49682
13788.2 -2.4968
13788.6 -2.49681
13788.9 -2.49685
13789.3 -2.49655
13789.7 -2.4967
13790 -2.49686
13790.4 -2.49703
13790.8 -2.49724
13791.1 -2.49747
13791.5 -2.49775
13791.9 -2.49807
13792.2 -2.49842
13792.6 -2.4988
13793 -2.4992
13793.3 -2.49965
13793.7 -2.49984
13794.1 -2.50035
13794.4 -2.50089
13794.8 -2.50142
13795.2 -2.50195
13795.5 -2.50273
13795.9 -2.50321
13796.3 -2.50363
13796.6 -2.50398
13797 -2.50427
13797.4 -2.50448
13797.7 -2.50461
13798.1 -2.50465
13798.5 -2.50458
13798.8 -2.50442
13799.2 -2.50412
13799.6 -2.50369
13799.9 -2.50314
13800.3 -2.50294
13800.7 -2.50224
13801 -2.50145
13801.4 -2.50057
13801.8 -2.49924
13802.1 -2.49821
13802.5 -2.49714
13802.9 -2.49606
13803.2 -2.495
13803.6 -2.49393
13804 -2.49284
13804.3 -2.49174
13804.7 -2.49063
13805.1 -2.48952
13805.4 -2.48843
13805.8 -2.48737
13806.2 -2.48632
13806.5 -2.48531
13806.9 -2.48478
13807.3 -2.48379
13807.6 -2.48279
13808 -2.48132
13808.3 -2.48028
13808.7 -2.47923
13809.1 -2.47816
13809.4 -2.47709
13809.8 -2.47598
13810.2 -2.47486
13810.5 -2.47369
13810.9 -2.47244
13811.3 -2.47114
13811.6 -2.46978
13812 -2.46838
13812.4 -2.46702
13812.7 -2.4657
13813.1 -2.4654
13813.5 -2.46413
13813.8 -2.46253
13814.2 -2.46133
13814.6 -2.46018
13814.9 -2.45911
13815.3 -2.4581
13815.7 -2.45715
13816 -2.45625
13816.4 -2.45535
13816.8 -2.45447
13817.1 -2.45358
13817.5 -2.45268
13817.9 -2.45179
13818.2 -2.45089
13818.6 -2.44998
13819 -2.44904
13819.3 -2.44808
13819.7 -2.44731
13820.1 -2.44547
13820.4 -2.44437
13820.8 -2.44321
13821.2 -2.44199
13821.5 -2.4407
13821.9 -2.43935
13822.3 -2.43793
13822.6 -2.43645
13823 -2.43491
13823.4 -2.43333
13823.7 -2.43167
13824.1 -2.42996
13824.5 -2.42818
13824.8 -2.42635
13825.2 -2.42446
13825.6 -2.42252
13825.9 -2.42056
13826.3 -2.4187
13826.7 -2.41674
13827 -2.4148
13827.4 -2.4129
13827.8 -2.41101
13828.1 -2.40919
13828.5 -2.40739
13828.9 -2.40567
13829.2 -2.40404
13829.6 -2.40249
13830 -2.40104
13830.3 -2.39967
13830.7 -2.39837
13831.1 -2.39716
13831.4 -2.39603
13831.8 -2.39501
13832.2 -2.39409
13832.5 -2.39265
13832.9 -2.3921
13833.3 -2.3914
13833.6 -2.39078
13834 -2.39024
13834.3 -2.38975
13834.7 -2.38931
13835.1 -2.38892
13835.4 -2.38857
13835.8 -2.38824
13836.2 -2.38795
13836.5 -2.3877
13836.9 -2.3875
13837.3 -2.38731
13837.6 -2.38712
13838 -2.38694
13838.4 -2.38677
13838.7 -2.38625
13839.1 -2.38611
13839.5 -2.38571
13839.8 -2.38558
13840.2 -2.38546
13840.6 -2.38535
13840.9 -2.38526
13841.3 -2.38518
13841.7 -2.38511
13842 -2.38504
13842.4 -2.38497
13842.8 -2.38488
13843.1 -2.3848
13843.5 -2.38469
13843.9 -2.38455
13844.2 -2.38441
13844.6 -2.38361
13845 -2.38342
13845.3 -2.38321
13845.7 -2.38263
13846.1 -2.3824
13846.4 -2.38216
13846.8 -2.3819
13847.2 -2.38159
13847.5 -2.38126
13847.9 -2.38089
13848.3 -2.38049
13848.6 -2.38008
13849 -2.37965
13849.4 -2.3792
13849.7 -2.37876
13850.1 -2.37831
13850.5 -2.37788
13850.8 -2.37708
13851.2 -2.37668
13851.6 -2.37629
13851.9 -2.37591
13852.3 -2.3755
13852.7 -2.3751
13853 -2.37469
13853.4 -2.37428
13853.8 -2.37386
13854.1 -2.37342
13854.5 -2.37296
13854.9 -2.37245
13855.2 -2.37191
13855.6 -2.37135
13856 -2.37074
13856.3 -2.37013
13856.7 -2.36949
13857.1 -2.36787
13857.4 -2.36712
13857.8 -2.36636
13858.2 -2.36559
13858.5 -2.3648
13858.9 -2.36378
13859.3 -2.36298
13859.6 -2.36215
13860 -2.36132
13860.4 -2.36049
13860.7 -2.35965
13861.1 -2.35883
13861.4 -2.358
13861.8 -2.35715
13862.2 -2.35628
13862.5 -2.35538
13862.9 -2.35446
13863.3 -2.35246
13863.6 -2.35151
13864 -2.35054
13864.4 -2.34955
13864.7 -2.34855
13865.1 -2.3475
13865.5 -2.34647
13865.8 -2.34544
13866.2 -2.34437
13866.6 -2.34328
13866.9 -2.34218
13867.3 -2.34104
13867.7 -2.33987
13868 -2.33865
13868.4 -2.33738
13868.8 -2.33607
13869.1 -2.33468
13869.5 -2.33239
13869.9 -2.33089
13870.2 -2.32935
13870.6 -2.32777
13871 -2.32615
13871.3 -2.32449
13871.7 -2.32279
13872.1 -2.32216
13872.4 -2.32048
13872.8 -2.31882
13873.2 -2.31722
13873.5 -2.31572
13873.9 -2.31432
13874.3 -2.313
13874.6 -2.31177
13875 -2.31061
13875.4 -2.30916
13875.7 -2.30819
13876.1 -2.30729
13876.5 -2.30646
13876.8 -2.30569
13877.2 -2.30499
13877.6 -2.30434
13877.9 -2.30373
13878.3 -2.30315
13878.7 -2.30278
13879 -2.30225
13879.4 -2.30176
13879.8 -2.30131
13880.1 -2.3009
13880.5 -2.30054
13880.9 -2.30023
13881.2 -2.29995
13881.6 -2.29947
13882 -2.29932
13882.3 -2.29918
13882.7 -2.29909
13883.1 -2.29903
13883.4 -2.29899
13883.8 -2.29896
13884.2 -2.29893
13884.5 -2.29889
13884.9 -2.29892
13885.3 -2.29883
13885.6 -2.29868
13886 -2.29849
13886.4 -2.29826
13886.7 -2.29803
13887.1 -2.29779
13887.5 -2.29758
13887.8 -2.29729
13888.2 -2.2971
13888.5 -2.29694
13888.9 -2.29681
13889.3 -2.29671
13889.6 -2.29665
13890 -2.2966
13890.4 -2.29657
13890.7 -2.29656
13891.1 -2.29658
13891.5 -2.29633
13891.8 -2.29635
13892.2 -2.29636
13892.6 -2.29637
13892.9 -2.29637
13893.3 -2.29634
13893.7 -2.2963
13894 -2.29597
13894.4 -2.29592
13894.8 -2.29584
13895.1 -2.29573
13895.5 -2.29558
13895.9 -2.29538
13896.2 -2.29514
13896.6 -2.29485
13897 -2.29452
13897.3 -2.29414
13897.7 -2.29369
13898.1 -2.29325
13898.4 -2.2927
13898.8 -2.29211
13899.2 -2.29147
13899.5 -2.29079
13899.9 -2.2901
13900.3 -2.28874
13900.6 -2.28798
13901 -2.28723
13901.4 -2.28648
13901.7 -2.28574
13902.1 -2.28506
13902.5 -2.28441
13902.8 -2.28381
13903.2 -2.28324
13903.6 -2.28273
13903.9 -2.28228
13904.3 -2.28189
13904.7 -2.28122
13905 -2.2809
13905.4 -2.28065
13905.8 -2.28049
13906.1 -2.28037
13906.5 -2.27966
13906.9 -2.27965
13907.2 -2.27968
13907.6 -2.27974
13908 -2.27985
13908.3 -2.28001
13908.7 -2.2802
13909.1 -2.28043
13909.4 -2.28072
13909.8 -2.28102
13910.2 -2.28139
13910.5 -2.28178
13910.9 -2.28222
13911.3 -2.28188
13911.6 -2.28238
13912 -2.28292
13912.4 -2.28324
13912.7 -2.28384
13913.1 -2.28444
13913.5 -2.28503
13913.8 -2.28563
13914.2 -2.2862
13914.5 -2.28678
13914.9 -2.28734
13915.3 -2.28786
13915.6 -2.28836
13916 -2.28884
13916.4 -2.28931
13916.7 -2.28977
13917.1 -2.29022
13917.5 -2.28969
13917.8 -2.29012
13918.2 -2.29056
13918.6 -2.29045
13918.9 -2.29089
13919.3 -2.29134
13919.7 -2.29179
13920 -2.29226
13920.4 -2.29274
13920.8 -2.29324
13921.1 -2.29376
13921.5 -2.29427
13921.9 -2.2948
13922.2 -2.29531
13922.6 -2.29584
13923 -2.29637
13923.3 -2.29691
13923.7 -2.29743
13924.1 -2.29723
13924.4 -2.29774
13924.8 -2.29807
13925.2 -2.29855
13925.5 -2.299
13925.9 -2.29943
13926.3 -2.29983
13926.6 -2.30019
13927 -2.30053
13927.4 -2.30084
13927.7 -2.30112
13928.1 -2.30137
13928.5 -2.30161
13928.8 -2.30182
13929.2 -2.30199
13929.6 -2.30213
13929.9 -2.30224
13930.3 -2.30231
13930.7 -2.30208
13931 -2.30182
13931.4 -2.30175
13931.8 -2.30161
13932.1 -2.30143
13932.5 -2.3012
13932.9 -2.30091
13933.2 -2.30056
13933.6 -2.30016
13934 -2.29969
13934.3 -2.29917
13934.7 -2.2986
13935.1 -2.29801
13935.4 -2.2974
13935.8 -2.29675
13936.2 -2.29607
13936.5 -2.29535
13936.9 -2.29462
13937.3 -2.29296
13937.6 -2.29224
13938 -2.29153
13938.4 -2.29083
13938.7 -2.29015
13939.1 -2.28947
13939.5 -2.28881
13939.8 -2.28819
13940.2 -2.28759
13940.6 -2.28703
13940.9 -2.28652
13941.3 -2.28606
13941.6 -2.28564
13942 -2.2853
13942.4 -2.28503
13942.7 -2.28481
13943.1 -2.28466
13943.5 -2.28471
13943.8 -2.28486
13944.2 -2.28508
13944.6 -2.28539
13944.9 -2.28576
13945.3 -2.28618
13945.7 -2.28664
13946 -2.28717
13946.4 -2.28773
13946.8 -2.28834
13947.1 -2.28896
13947.5 -2.2896
13947.9 -2.29023
13948.2 -2.29083
13948.6 -2.29138
13949 -2.29188
13949.3 -2.29256
13949.7 -2.29288
13950.1 -2.29312
13950.4 -2.29318
13950.8 -2.2933
13951.2 -2.2934
13951.5 -2.29341
13951.9 -2.2934
13952.3 -2.29332
13952.6 -2.29323
13953 -2.2931
13953.4 -2.29294
13953.7 -2.29276
13954.1 -2.29254
13954.5 -2.29231
13954.8 -2.29206
13955.2 -2.29178
13955.6 -2.29103
13955.9 -2.29072
13956.3 -2.29037
13956.7 -2.28992
13957 -2.28957
13957.4 -2.28921
13957.8 -2.28883
13958.1 -2.28843
13958.5 -2.28802
13958.9 -2.28761
13959.2 -2.28718
13959.6 -2.28675
13960 -2.28631
13960.3 -2.28587
13960.7 -2.2854
13961.1 -2.2849
13961.4 -2.28438
13961.8 -2.28374
13962.2 -2.28311
13962.5 -2.28242
13962.9 -2.28165
13963.3 -2.28175
13963.6 -2.28094
13964 -2.28008
13964.4 -2.27914
13964.7 -2.27818
13965.1 -2.27721
13965.5 -2.27622
13965.8 -2.27525
13966.2 -2.27429
13966.6 -2.27332
13966.9 -2.27238
13967.3 -2.27148
13967.7 -2.2706
13968 -2.27008
13968.4 -2.2692
13968.7 -2.2683
13969.1 -2.26743
13969.5 -2.26657
13969.8 -2.26679
13970.2 -2.26598
13970.6 -2.2652
13970.9 -2.26445
13971.3 -2.26374
13971.7 -2.26305
13972 -2.26243
13972.4 -2.26186
13972.8 -2.26133
13973.1 -2.26083
13973.5 -2.26034
13973.9 -2.25986
13974.2 -2.25973
13974.6 -2.2593
13975 -2.25889
13975.3 -2.25847
13975.7 -2.25803
13976.1 -2.25758
13976.4 -2.25806
13976.8 -2.25764
13977.2 -2.25726
13977.5 -2.25694
13977.9 -2.25667
13978.3 -2.25644
13978.6 -2.25625
13979 -2.2561
13979.4 -2.256
13979.7 -2.25594
13980.1 -2.25678
13980.5 -2.25677
13980.8 -2.25675
13981.2 -2.25673
13981.6 -2.25671
13981.9 -2.25668
13982.3 -2.25667
13982.7 -2.25665
13983 -2.25741
13983.4 -2.25733
13983.8 -2.2572
13984.1 -2.25702
13984.5 -2.25679
13984.9 -2.25652
13985.2 -2.25621
13985.6 -2.25584
13986 -2.25538
13986.3 -2.25514
13986.7 -2.25431
13987.1 -2.25336
13987.4 -2.25229
13987.8 -2.25115
13988.2 -2.24994
13988.5 -2.24866
13988.9 -2.24733
13989.3 -2.24708
13989.6 -2.24564
13990 -2.24416
13990.4 -2.24265
13990.7 -2.24114
13991.1 -2.23961
13991.5 -2.23807
13991.8 -2.23653
13992.2 -2.23499
13992.6 -2.23273
13992.9 -2.23119
13993.3 -2.22964
13993.7 -2.22812
13994 -2.22662
13994.4 -2.22516
13994.8 -2.22376
13995.1 -2.22241
13995.5 -2.22112
13995.8 -2.22038
13996.2 -2.21915
13996.6 -2.218
13996.9 -2.21691
13997.3 -2.2159
13997.7 -2.21498
13998 -2.21416
13998.4 -2.21342
13998.8 -2.2124
13999.1 -2.2119
13999.5 -2.21147
13999.9 -2.21113
14000.2 -2.21088
14000.6 -2.21072
14001 -2.21066
14001.3 -2.21066
14001.7 -2.21073
14002.1 -2.21086
14002.4 -2.21106
14002.8 -2.21127
14003.2 -2.2115
14003.5 -2.21172
14003.9 -2.21194
14004.3 -2.21213
14004.6 -2.21228
14005 -2.21276
14005.4 -2.21282
14005.7 -2.2128
14006.1 -2.21272
14006.5 -2.21255
14006.8 -2.21233
14007.2 -2.21207
14007.6 -2.21177
14007.9 -2.21142
14008.3 -2.211
14008.7 -2.21053
14009 -2.21059
14009.4 -2.21004
14009.8 -2.2095
14010.1 -2.20898
14010.5 -2.2085
14010.9 -2.20782
14011.2 -2.20734
14011.6 -2.2069
14012 -2.20648
14012.3 -2.20612
14012.7 -2.20582
14013.1 -2.20558
14013.4 -2.20541
14013.8 -2.20531
14014.2 -2.20527
14014.5 -2.20528
14014.9 -2.20535
14015.3 -2.20549
14015.6 -2.20514
14016 -2.20534
14016.4 -2.20559
14016.7 -2.20592
14017.1 -2.206
14017.5 -2.20644
14017.8 -2.20695
14018.2 -2.20753
14018.6 -2.20816
14018.9 -2.20885
14019.3 -2.20954
14019.7 -2.21027
14020 -2.21104
14020.4 -2.21181
14020.8 -2.21262
14021.1 -2.21342
14021.5 -2.21423
14021.8 -2.21499
14022.2 -2.21487
14022.6 -2.21558
14022.9 -2.21626
14023.3 -2.21675
14023.7 -2.21735
14024 -2.21789
14024.4 -2.21838
14024.8 -2.21882
14025.1 -2.21922
14025.5 -2.21958
14025.9 -2.21991
14026.2 -2.22021
14026.6 -2.22047
14027 -2.22071
14027.3 -2.22092
14027.7 -2.2211
14028.1 -2.22127
14028.4 -2.22105
14028.8 -2.22121
14029.2 -2.22139
14029.5 -2.22139
14029.9 -2.22163
14030.3 -2.22192
14030.6 -2.22224
14031 -2.22263
14031.4 -2.22308
14031.7 -2.2236
14032.1 -2.22417
14032.5 -2.22481
14032.8 -2.22548
14033.2 -2.2262
14033.6 -2.22694
14033.9 -2.22771
14034.3 -2.22852
14034.7 -2.22938
14035 -2.22955
14035.4 -2.23046
14035.8 -2.23172
14036.1 -2.23279
14036.5 -2.23393
14036.9 -2.23513
14037.2 -2.2364
14037.6 -2.23771
14038 -2.2391
14038.3 -2.24055
14038.7 -2.24209
14039.1 -2.24371
14039.4 -2.24541
14039.8 -2.24718
14040.2 -2.24899
14040.5 -2.25087
14040.9 -2.25278
14041.3 -2.25475
14041.6 -2.25594
14042 -2.25925
14042.4 -2.26144
14042.7 -2.26369
14043.1 -2.26603
14043.5 -2.26841
14043.8 -2.27084
14044.2 -2.2733
14044.6 -2.27581
14044.9 -2.27836
14045.3 -2.28098
14045.7 -2.28362
14046 -2.28628
14046.4 -2.28893
14046.8 -2.29157
14047.1 -2.29417
14047.5 -2.29675
14047.9 -2.30071
14048.2 -2.30211
14048.6 -2.30452
14048.9 -2.30689
14049.3 -2.30923
14049.7 -2.31155
14050 -2.31387
14050.4 -2.31621
14050.8 -2.31857
14051.1 -2.32095
14051.5 -2.32335
14051.9 -2.32578
14052.2 -2.32822
14052.6 -2.33072
14053 -2.33326
14053.3 -2.33585
14053.7 -2.33849
14054.1 -2.34293
14054.4 -2.34554
14054.8 -2.34737
14055.2 -2.34998
14055.5 -2.35262
14055.9 -2.35527
14056.3 -2.35794
14056.6 -2.36064
14057 -2.36337
14057.4 -2.36616
14057.7 -2.36901
14058.1 -2.37196
14058.5 -2.37501
14058.8 -2.37816
14059.2 -2.38139
14059.6 -2.38467
14059.9 -2.38799
14060.3 -2.3939
14060.7 -2.39706
14061 -2.39943
14061.4 -2.40229
14061.8 -2.40499
14062.1 -2.40754
14062.5 -2.40996
14062.9 -2.41227
14063.2 -2.41447
14063.6 -2.41659
14064 -2.41863
14064.3 -2.42059
14064.7 -2.42249
14065.1 -2.42435
14065.4 -2.42616
14065.8 -2.42796
14066.2 -2.42977
14066.5 -2.43268
14066.9 -2.43449
14067.3 -2.43633
14067.6 -2.43744
14068 -2.43931
14068.4 -2.44123
14068.7 -2.44319
14069.1 -2.44521
14069.5 -2.44724
14069.8 -2.4493
14070.2 -2.45138
14070.6 -2.45348
14070.9 -2.4556
14071.3 -2.45776
14071.7 -2.45995
14072 -2.4622
14072.4 -2.46448
14072.8 -2.46813
14073.1 -2.47046
14073.5 -2.4728
14073.9 -2.47516
14074.2 -2.47657
14074.6 -2.479
14075 -2.4815
14075.3 -2.48405
14075.7 -2.48667
14076 -2.48936
14076.4 -2.49217
14076.8 -2.49509
14077.1 -2.49815
14077.5 -2.50137
14077.9 -2.50475
14078.2 -2.50829
14078.6 -2.51508
14079 -2.51919
14079.3 -2.52346
14079.7 -2.52775
14080.1 -2.53191
14080.4 -2.53589
14080.8 -2.53893
14081.2 -2.54259
14081.5 -2.54608
14081.9 -2.54944
14082.3 -2.5526
14082.6 -2.55556
14083 -2.55833
14083.4 -2.56094
14083.7 -2.56345
14084.1 -2.56586
14084.5 -2.56821
14084.8 -2.57227
14085.2 -2.5745
14085.6 -2.57674
14085.9 -2.579
14086.3 -2.58133
14086.7 -2.58372
14087 -2.5862
14087.4 -2.58828
14087.8 -2.59097
14088.1 -2.5938
14088.5 -2.59682
14088.9 -2.6001
14089.2 -2.60365
14089.6 -2.60751
14090 -2.61172
14090.3 -2.6163
14090.7 -2.62135
14091.1 -2.63231
14091.4 -2.63815
14091.8 -2.64352
14092.2 -2.64838
14092.5 -2.6528
14092.9 -2.65685
14093.3 -2.66061
14093.6 -2.66409
14094 -2.6665
14094.4 -2.66953
14094.7 -2.67236
14095.1 -2.67499
14095.5 -2.67744
14095.8 -2.67973
14096.2 -2.68187
14096.6 -2.68388
14096.9 -2.68578
14097.3 -2.6884
14097.7 -2.69001
14098 -2.69154
14098.4 -2.69297
14098.8 -2.69436
14099.1 -2.69569
14099.5 -2.69698
14099.9 -2.69824
14100.2 -2.69872
14100.6 -2.69994
14101 -2.70115
14101.3 -2.70236
14101.7 -2.70358
14102 -2.70482
14102.4 -2.70608
14102.8 -2.70737
14103.1 -2.70869
14103.5 -2.71074
14103.9 -2.71213
14104.2 -2.71355
14104.6 -2.71502
14105 -2.71653
14105.3 -2.71809
14105.7 -2.71971
14106.1 -2.72139
14106.4 -2.72312
14106.8 -2.72486
14107.2 -2.72681
14107.5 -2.72885
14107.9 -2.73094
14108.3 -2.73307
14108.6 -2.73521
14109 -2.73731
14109.4 -2.73936
14109.7 -2.74377
14110.1 -2.74564
14110.5 -2.74747
14110.8 -2.74927
14111.2 -2.75103
14111.6 -2.75276
14111.9 -2.75446
14112.3 -2.75613
14112.7 -2.75775
14113 -2.75933
14113.4 -2.761
14113.8 -2.76249
14114.1 -2.76395
14114.5 -2.76539
14114.9 -2.7668
14115.2 -2.7682
14115.6 -2.77089
14116 -2.77216
14116.3 -2.7734
14116.7 -2.77464
14117.1 -2.77589
14117.4 -2.77718
14117.8 -2.77848
14118.2 -2.77979
14118.5 -2.78113
14118.9 -2.78249
14119.3 -2.78391
14119.6 -2.7854
14120 -2.78649
14120.4 -2.78806
14120.7 -2.78968
14121.1 -2.79131
14121.5 -2.79297
14121.8 -2.79578
14122.2 -2.79751
14122.6 -2.79927
14122.9 -2.80107
14123.3 -2.80289
14123.7 -2.80472
14124 -2.80659
14124.4 -2.80849
14124.8 -2.81046
14125.1 -2.81244
14125.5 -2.81443
14125.9 -2.81641
14126.2 -2.81839
14126.6 -2.81931
14127 -2.82127
14127.3 -2.82325
14127.7 -2.82523
14128.1 -2.8279
14128.4 -2.82977
14128.8 -2.83159
14129.1 -2.8334
14129.5 -2.83522
14129.9 -2.83701
14130.2 -2.83878
14130.6 -2.84051
14131 -2.84219
14131.3 -2.84383
14131.7 -2.84543
14132.1 -2.84699
14132.4 -2.84852
14132.8 -2.84872
14133.2 -2.85017
14133.5 -2.85156
14133.9 -2.85289
14134.3 -2.85417
14134.6 -2.85538
14135 -2.85656
14135.4 -2.85771
14135.7 -2.85883
14136.1 -2.8599
14136.5 -2.86095
14136.8 -2.86197
14137.2 -2.86298
14137.6 -2.86398
14137.9 -2.86499
14138.3 -2.86602
14138.7 -2.86706
14139 -2.86813
14139.4 -2.86819
14139.8 -2.86937
14140.1 -2.8706
14140.5 -2.87226
14140.9 -2.87372
14141.2 -2.87528
14141.6 -2.87698
14142 -2.87883
14142.3 -2.88084
14142.7 -2.88303
14143.1 -2.88538
14143.4 -2.88789
14143.8 -2.89056
14144.2 -2.89339
14144.5 -2.89641
14144.9 -2.89953
14145.3 -2.90266
14145.6 -2.90573
14146 -2.90749
14146.4 -2.91167
14146.7 -2.91408
14147.1 -2.91632
14147.5 -2.91837
14147.8 -2.92023
14148.2 -2.92192
14148.6 -2.92345
14148.9 -2.92484
14149.3 -2.9261
14149.7 -2.92725
14150 -2.9283
14150.4 -2.92928
14150.8 -2.93017
14151.1 -2.93101
14151.5 -2.93177
14151.9 -2.93246
14152.2 -2.93307
14152.6 -2.93237
14153 -2.93286
14153.3 -2.93329
14153.7 -2.93365
14154.1 -2.93394
14154.4 -2.93417
14154.8 -2.93433
14155.2 -2.9344
14155.5 -2.93439
14155.9 -2.93429
14156.2 -2.93411
14156.6 -2.93388
14157 -2.93357
14157.3 -2.93324
14157.7 -2.93288
14158.1 -2.93251
14158.4 -2.93214
14158.8 -2.93124
14159.2 -2.93067
14159.5 -2.93037
14159.9 -2.93011
14160.3 -2.92989
14160.6 -2.92971
14161 -2.92958
14161.4 -2.9295
14161.7 -2.9295
14162.1 -2.92954
14162.5 -2.92963
14162.8 -2.92978
14163.2 -2.92995
14163.6 -2.93015
14163.9 -2.93038
14164.3 -2.93065
14164.7 -2.93095
14165 -2.93063
14165.4 -2.92997
14165.8 -2.93033
14166.1 -2.93073
14166.5 -2.93116
14166.9 -2.93163
14167.2 -2.93212
14167.6 -2.93262
14168 -2.93316
14168.3 -2.93371
14168.7 -2.93427
14169.1 -2.93487
14169.4 -2.93548
14169.8 -2.9361
14170.2 -2.93676
14170.5 -2.93742
14170.9 -2.93809
14171.3 -2.93847
14171.6 -2.93922
14172 -2.93895
14172.4 -2.93974
14172.7 -2.94055
14173.1 -2.94138
14173.5 -2.94223
14173.8 -2.94309
14174.2 -2.94397
14174.6 -2.94482
14174.9 -2.94569
14175.3 -2.94653
14175.7 -2.94734
14176 -2.94814
14176.4 -2.94888
14176.8 -2.94957
14177.1 -2.9502
14177.5 -2.95044
14177.9 -2.95093
14178.2 -2.95137
14178.6 -2.95094
14179 -2.95131
14179.3 -2.95159
14179.7 -2.95183
14180.1 -2.95201
14180.4 -2.95214
14180.8 -2.95224
14181.2 -2.95232
14181.5 -2.95238
14181.9 -2.95243
14182.3 -2.95247
14182.6 -2.95251
14183 -2.95256
14183.3 -2.95188
14183.7 -2.9519
14184.1 -2.95193
14184.4 -2.95194
14184.8 -2.95196
14185.2 -2.95113
14185.5 -2.95115
14185.9 -2.95118
14186.3 -2.95122
14186.6 -2.95126
14187 -2.9513
14187.4 -2.95135
14187.7 -2.9514
14188.1 -2.95145
14188.5 -2.95148
14188.8 -2.95152
14189.2 -2.95154
14189.6 -2.95083
14189.9 -2.95084
14190.3 -2.95081
14190.7 -2.95076
14191 -2.95065
14191.4 -2.95052
14191.8 -2.94987
14192.1 -2.9497
14192.5 -2.94949
14192.9 -2.94923
14193.2 -2.94894
14193.6 -2.9486
14194 -2.9482
14194.3 -2.94776
14194.7 -2.94728
14195.1 -2.94676
14195.4 -2.94621
14195.8 -2.94524
14196.2 -2.94473
14196.5 -2.94423
14196.9 -2.94375
14197.3 -2.94331
14197.6 -2.94295
14198 -2.94267
14198.4 -2.9426
14198.7 -2.9425
14199.1 -2.94249
14199.5 -2.9426
14199.8 -2.94281
14200.2 -2.94314
14200.6 -2.94358
14200.9 -2.94411
14201.3 -2.94473
14201.7 -2.94537
14202 -2.94627
14202.4 -2.94682
14202.8 -2.94731
14203.1 -2.94774
14203.5 -2.94814
14203.9 -2.94849
14204.2 -2.94878
14204.6 -2.94853
14205 -2.94868
14205.3 -2.9488
14205.7 -2.94888
14206.1 -2.94894
14206.4 -2.94898
14206.8 -2.949
14207.2 -2.949
14207.5 -2.94898
14207.9 -2.94897
14208.3 -2.9483
14208.6 -2.94834
14209 -2.94839
14209.3 -2.94845
14209.7 -2.9485
14210.1 -2.94855
14210.4 -2.94859
14210.8 -2.94863
14211.2 -2.94788
14211.5 -2.94792
14211.9 -2.94795
14212.3 -2.948
14212.6 -2.94804
14213 -2.94811
14213.4 -2.9482
14213.7 -2.94832
14214.1 -2.94775
14214.5 -2.94794
14214.8 -2.94814
14215.2 -2.94837
14215.6 -2.94863
14215.9 -2.94891
14216.3 -2.94922
14216.7 -2.94955
14217 -2.94987
14217.4 -2.95024
14217.8 -2.94962
14218.1 -2.95002
14218.5 -2.95044
14218.9 -2.95087
14219.2 -2.9513
14219.6 -2.95175
14220 -2.9522
14220.3 -2.95212
14220.7 -2.95258
14221.1 -2.95305
14221.4 -2.95352
14221.8 -2.95402
14222.2 -2.95451
14222.5 -2.95502
14222.9 -2.95554
14223.3 -2.95608
14223.6 -2.95663
14224 -2.95719
14224.4 -2.95665
14224.7 -2.95724
14225.1 -2.95784
14225.5 -2.95846
14225.8 -2.95908
14226.2 -2.95973
14226.6 -2.95995
14226.9 -2.96066
14227.3 -2.96139
14227.7 -2.96214
14228 -2.96291
14228.4 -2.96369
14228.8 -2.96449
14229.1 -2.96531
14229.5 -2.96614
14229.9 -2.96699
14230.2 -2.96786
14230.6 -2.96872
14231 -2.96845
14231.3 -2.96935
14231.7 -2.97026
14232.1 -2.97119
14232.4 -2.97212
14232.8 -2.97303
14233.2 -2.97409
14233.5 -2.97519
14233.9 -2.97633
14234.3 -2.97752
14234.6 -2.97873
14235 -2.97994
14235.4 -2.98115
14235.7 -2.98234
14236.1 -2.9835
14236.4 -2.98462
14236.8 -2.98569
14237.2 -2.98586
14237.5 -2.98681
14237.9 -2.9877
14238.3 -2.98849
14238.6 -2.9892
14239 -2.98967
14239.4 -2.99018
14239.7 -2.99062
14240.1 -2.991
14240.5 -2.99129
14240.8 -2.99149
14241.2 -2.99159
14241.6 -2.99163
14241.9 -2.99159
14242.3 -2.99147
14242.7 -2.99128
14243 -2.99101
14243.4 -2.99071
14243.8 -2.9902
14244.1 -2.98985
14244.5 -2.98948
14244.9 -2.9891
14245.2 -2.98824
14245.6 -2.98787
14246 -2.98751
14246.3 -2.98718
14246.7 -2.9869
14247.1 -2.98666
14247.4 -2.9865
14247.8 -2.98637
14248.2 -2.98631
14248.5 -2.98631
14248.9 -2.98639
14249.3 -2.98656
14249.6 -2.9868
14250 -2.98711
14250.4 -2.98712
14250.7 -2.98751
14251.1 -2.98794
14251.5 -2.98841
14251.8 -2.98891
14252.2 -2.98948
14252.6 -2.99004
14252.9 -2.99061
14253.3 -2.99114
14253.7 -2.99164
14254 -2.9921
14254.4 -2.99252
14254.8 -2.99291
14255.1 -2.99327
14255.5 -2.99358
14255.9 -2.99385
14256.2 -2.99409
14256.6 -2.99431
14257 -2.99384
14257.3 -2.99352
14257.7 -2.99367
14258.1 -2.99384
14258.4 -2.99402
14258.8 -2.99424
14259.2 -2.99448
14259.5 -2.99475
14259.9 -2.99503
14260.3 -2.99532
14260.6 -2.99564
14261 -2.99598
14261.4 -2.99634
14261.7 -2.99671
14262.1 -2.99709
14262.5 -2.99747
14262.8 -2.99783
14263.2 -2.99816
14263.5 -2.99698
14263.9 -2.99727
14264.3 -2.99752
14264.6 -2.99775
14265 -2.99793
14265.4 -2.99806
14265.7 -2.99812
14266.1 -2.99812
14266.5 -2.99805
14266.8 -2.99792
14267.2 -2.99773
14267.6 -2.99747
14267.9 -2.99715
14268.3 -2.99677
14268.7 -2.99634
14269 -2.99585
14269.4 -2.99532
14269.8 -2.99393
14270.1 -2.99313
14270.5 -2.99249
14270.9 -2.99183
14271.2 -2.99113
14271.6 -2.99044
14272 -2.98973
14272.3 -2.98901
14272.7 -2.98831
14273.1 -2.98763
14273.4 -2.98696
14273.8 -2.98633
14274.2 -2.98569
14274.5 -2.98507
14274.9 -2.98445
14275.3 -2.98386
14275.6 -2.98327
14276 -2.98191
14276.4 -2.98111
14276.7 -2.98056
14277.1 -2.98001
14277.5 -2.97945
14277.8 -2.9789
14278.2 -2.97837
14278.6 -2.97783
14278.9 -2.97727
14279.3 -2.97672
14279.7 -2.97615
14280 -2.97556
14280.4 -2.97498
14280.8 -2.97436
14281.1 -2.97372
14281.5 -2.97305
14281.9 -2.97127
14282.2 -2.97053
14282.6 -2.96975
14283 -2.96862
14283.3 -2.9678
14283.7 -2.96696
14284.1 -2.9661
14284.4 -2.96523
14284.8 -2.96432
14285.2 -2.96343
14285.5 -2.96252
14285.9 -2.96161
14286.3 -2.96069
14286.6 -2.95978
14287 -2.95887
14287.4 -2.95798
14287.7 -2.95709
14288.1 -2.95524
14288.5 -2.95441
14288.8 -2.95358
14289.2 -2.95274
14289.5 -2.95183
14289.9 -2.95096
14290.3 -2.95008
14290.6 -2.9492
14291 -2.94832
14291.4 -2.94744
14291.7 -2.94655
14292.1 -2.94564
14292.5 -2.94473
14292.8 -2.94381
14293.2 -2.94292
14293.6 -2.94205
14293.9 -2.94122
14294.3 -2.93956
14294.7 -2.93874
14295 -2.93794
14295.4 -2.93715
14295.8 -2.93636
14296.1 -2.93557
14296.5 -2.93477
14296.9 -2.93394
14297.2 -2.93311
14297.6 -2.93222
14298 -2.93128
14298.3 -2.93027
14298.7 -2.92918
14299.1 -2.92802
14299.4 -2.92677
14299.8 -2.92546
14300.2 -2.92407
14300.5 -2.92154
14300.9 -2.91998
14301.3 -2.91837
14301.6 -2.91669
14302 -2.91495
14302.4 -2.91315
14302.7 -2.91199
14303.1 -2.91013
14303.5 -2.90823
14303.8 -2.90632
14304.2 -2.90438
14304.6 -2.90245
14304.9 -2.90053
14305.3 -2.89863
14305.7 -2.89676
14306 -2.89494
14306.4 -2.89315
14306.8 -2.89025
14307.1 -2.88854
14307.5 -2.88689
14307.9 -2.88532
14308.2 -2.88384
14308.6 -2.88246
14309 -2.88145
14309.3 -2.8802
14309.7 -2.87901
14310.1 -2.87791
14310.4 -2.87688
14310.8 -2.87594
14311.2 -2.87507
14311.5 -2.87427
14311.9 -2.87354
14312.3 -2.87286
14312.6 -2.87225
14313 -2.87102
14313.4 -2.87048
14313.7 -2.86998
14314.1 -2.86949
14314.5 -2.869
14314.8 -2.86852
14315.2 -2.86803
14315.6 -2.86749
14315.9 -2.867
14316.3 -2.86652
14316.6 -2.866
14317 -2.86549
14317.4 -2.86494
14317.7 -2.8644
14318.1 -2.86384
14318.5 -2.86327
14318.8 -2.86232
14319.2 -2.86171
14319.6 -2.86107
14319.9 -2.8604
14320.3 -2.8597
14320.7 -2.85895
14321 -2.85817
14321.4 -2.85737
14321.8 -2.85655
14322.1 -2.85635
14322.5 -2.85555
14322.9 -2.85474
14323.2 -2.85394
14323.6 -2.85311
14324 -2.85228
14324.3 -2.85143
14324.7 -2.85055
14325.1 -2.84956
14325.4 -2.84868
14325.8 -2.84779
14326.2 -2.84692
14326.5 -2.84606
14326.9 -2.84521
14327.3 -2.84435
14327.6 -2.84348
14328 -2.84261
14328.4 -2.84171
14328.7 -2.8418
14329.1 -2.84086
14329.5 -2.83987
14329.8 -2.83879
14330.2 -2.83762
14330.6 -2.83635
14330.9 -2.83498
14331.3 -2.83336
14331.7 -2.83175
14332 -2.83002
14332.4 -2.82817
14332.8 -2.82619
14333.1 -2.82411
14333.5 -2.82196
14333.9 -2.81973
14334.2 -2.81744
14334.6 -2.8151
14335 -2.81271
14335.3 -2.81224
14335.7 -2.80979
14336.1 -2.80732
14336.4 -2.80489
14336.8 -2.80251
14337.2 -2.80021
14337.5 -2.7975
14337.9 -2.79533
14338.3 -2.79327
14338.6 -2.79134
14339 -2.78955
14339.4 -2.7879
14339.7 -2.78635
14340.1 -2.78491
14340.5 -2.78354
14340.8 -2.78223
14341.2 -2.781
14341.6 -2.77984
14341.9 -2.77917
14342.3 -2.77808
14342.7 -2.77704
14343 -2.77605
14343.4 -2.77512
14343.7 -2.77348
14344.1 -2.77263
14344.5 -2.77183
14344.8 -2.77108
14345.2 -2.77037
14345.6 -2.76971
14345.9 -2.76909
14346.3 -2.7685
14346.7 -2.76794
14347 -2.7674
14347.4 -2.76688
14347.8 -2.76637
14348.1 -2.76576
14348.5 -2.7653
14348.9 -2.76485
14349.2 -2.76441
14349.6 -2.76347
14350 -2.76302
14350.3 -2.76257
14350.7 -2.76212
14351.1 -2.76166
14351.4 -2.76117
14351.8 -2.76068
14352.2 -2.76017
14352.5 -2.75963
14352.9 -2.75906
14353.3 -2.75845
14353.6 -2.75783
14354 -2.75719
14354.4 -2.75655
14354.7 -2.75622
14355.1 -2.75561
14355.5 -2.755
14355.8 -2.75415
14356.2 -2.75359
14356.6 -2.75303
14356.9 -2.75248
14357.3 -2.75195
14357.7 -2.75141
14358 -2.7509
14358.4 -2.7504
14358.8 -2.74989
14359.1 -2.74934
14359.5 -2.74879
14359.9 -2.74818
14360.2 -2.74757
14360.6 -2.74691
14361 -2.74622
14361.3 -2.74579
14361.7 -2.74506
14362.1 -2.74378
14362.4 -2.74293
14362.8 -2.74201
14363.2 -2.74105
14363.5 -2.74007
14363.9 -2.73905
14364.3 -2.73803
14364.6 -2.737
14365 -2.73598
14365.4 -2.73496
14365.7 -2.73396
14366.1 -2.733
14366.5 -2.73204
14366.8 -2.73108
14367.2 -2.73009
14367.6 -2.72911
14367.9 -2.72849
14368.3 -2.72687
14368.7 -2.72583
14369 -2.72476
14369.4 -2.72363
14369.8 -2.72243
14370.1 -2.72116
14370.5 -2.71982
14370.8 -2.71844
14371.2 -2.71704
14371.6 -2.71564
14371.9 -2.71424
14372.3 -2.71284
14372.7 -2.71146
14373 -2.71012
14373.4 -2.70879
14373.8 -2.70753
14374.1 -2.7063
14374.5 -2.70461
14374.9 -2.7034
14375.2 -2.70222
14375.6 -2.70107
14376 -2.69994
14376.3 -2.69881
14376.7 -2.69772
14377.1 -2.69665
14377.4 -2.69559
14377.8 -2.69453
14378.2 -2.69348
14378.5 -2.69243
14378.9 -2.69137
14379.3 -2.6903
14379.6 -2.68923
14380 -2.68816
14380.4 -2.68709
14380.7 -2.68476
14381.1 -2.68369
14381.5 -2.68259
14381.8 -2.68148
14382.2 -2.68037
14382.6 -2.67927
14382.9 -2.67818
14383.3 -2.67712
14383.7 -2.67609
14384 -2.67508
14384.4 -2.6741
14384.8 -2.67318
14385.1 -2.67229
14385.5 -2.67146
14385.9 -2.67065
14386.2 -2.66989
14386.6 -2.66803
14387 -2.66734
14387.3 -2.66624
14387.7 -2.6656
14388.1 -2.66498
14388.4 -2.66438
14388.8 -2.6638
14389.2 -2.66324
14389.5 -2.6627
14389.9 -2.66221
14390.3 -2.66174
14390.6 -2.66129
14391 -2.66086
14391.4 -2.66044
14391.7 -2.66003
14392.1 -2.65964
14392.5 -2.65926
14392.8 -2.65825
14393.2 -2.65794
14393.6 -2.65763
14393.9 -2.65708
14394.3 -2.65681
14394.7 -2.65654
14395 -2.6563
14395.4 -2.65607
14395.8 -2.65588
14396.1 -2.6557
14396.5 -2.65554
14396.8 -2.65541
14397.2 -2.65531
14397.6 -2.65524
14397.9 -2.6552
14398.3 -2.65517
14398.7 -2.65518
14399 -2.65504
14399.4 -2.65508
14399.8 -2.65511
14400.1 -2.65512
14400.5 -2.655
14400.9 -2.655
14401.2 -2.65498
14401.6 -2.65489
14402 -2.65472
14402.3 -2.65447
14402.7 -2.65414
14403.1 -2.6537
14403.4 -2.65318
14403.8 -2.65257
14404.2 -2.65188
14404.5 -2.65108
14404.9 -2.65017
14405.3 -2.64886
14405.6 -2.64777
14406 -2.64664
14406.4 -2.64549
14406.7 -2.64434
14407.1 -2.64412
14407.5 -2.64301
14407.8 -2.64191
14408.2 -2.64082
14408.6 -2.63976
14408.9 -2.63873
14409.3 -2.63776
14409.7 -2.63686
14410 -2.63606
14410.4 -2.63535
14410.8 -2.63473
14411.1 -2.63419
14411.5 -2.63399
14411.9 -2.6336
14412.2 -2.63329
14412.6 -2.63306
14413 -2.63289
14413.3 -2.63274
14413.7 -2.63303
14414.1 -2.63286
14414.4 -2.63268
14414.8 -2.6325
14415.2 -2.63232
14415.5 -2.63213
14415.9 -2.63191
14416.3 -2.63163
14416.6 -2.63129
14417 -2.63084
14417.4 -2.6302
14417.7 -2.62955
14418.1 -2.62881
14418.5 -2.62798
14418.8 -2.62702
14419.2 -2.62594
14419.6 -2.62471
14419.9 -2.62444
14420.3 -2.62305
14420.7 -2.62152
14421 -2.61987
14421.4 -2.6181
14421.8 -2.61623
14422.1 -2.61427
14422.5 -2.61224
14422.9 -2.61015
14423.2 -2.60801
14423.6 -2.60549
14423.9 -2.60339
14424.3 -2.60131
14424.7 -2.59928
14425 -2.59732
14425.4 -2.59542
14425.8 -2.59361
14426.1 -2.59189
14426.5 -2.59173
14426.9 -2.59013
14427.2 -2.5886
14427.6 -2.58714
14428 -2.58574
14428.3 -2.58443
14428.7 -2.5832
14429.1 -2.58208
14429.4 -2.58105
14429.8 -2.58036
14430.2 -2.57955
14430.5 -2.57883
14430.9 -2.5782
14431.3 -2.57769
14431.6 -2.57729
14432 -2.577
14432.4 -2.57678
14432.7 -2.57665
14433.1 -2.5774
14433.5 -2.57742
14433.8 -2.57751
14434.2 -2.57768
14434.6 -2.5779
14434.9 -2.57815
14435.3 -2.57841
14435.7 -2.57868
14436 -2.57985
14436.4 -2.58004
14436.8 -2.58016
14437.1 -2.58022
14437.5 -2.58017
14437.9 -2.58007
14438.2 -2.57989
14438.6 -2.57963
14439 -2.57929
14439.3 -2.57888
14439.7 -2.57918
14440.1 -2.57861
14440.4 -2.57797
14440.8 -2.57724
14441.2 -2.57647
14441.5 -2.57564
14441.9 -2.57474
14442.3 -2.57372
14442.6 -2.57272
14443 -2.57171
14443.4 -2.57069
14443.7 -2.56969
14444.1 -2.56871
14444.5 -2.56773
14444.8 -2.56677
14445.2 -2.56582
14445.6 -2.56487
14445.9 -2.56392
14446.3 -2.56372
14446.7 -2.56277
14447 -2.56184
14447.4 -2.5609
14447.8 -2.55994
14448.1 -2.55885
14448.5 -2.55788
14448.9 -2.55688
14449.2 -2.55588
14449.6 -2.55486
14450 -2.55379
14450.3 -2.55268
14450.7 -2.55151
14451 -2.55029
14451.4 -2.54905
14451.8 -2.54783
14452.1 -2.54668
14452.5 -2.54686
14452.9 -2.54581
14453.2 -2.54485
14453.6 -2.54395
14454 -2.54311
14454.3 -2.54269
14454.7 -2.54208
14455.1 -2.54156
14455.4 -2.54115
14455.8 -2.54085
14456.2 -2.54063
14456.5 -2.5405
14456.9 -2.54044
14457.3 -2.54046
14457.6 -2.54053
14458 -2.54068
14458.4 -2.54087
14458.7 -2.54109
14459.1 -2.54174
14459.5 -2.542
14459.8 -2.54228
14460.2 -2.54257
14460.6 -2.54349
14460.9 -2.5438
14461.3 -2.54414
14461.7 -2.54453
14462 -2.54494
14462.4 -2.54538
14462.8 -2.54584
14463.1 -2.54631
14463.5 -2.54678
14463.9 -2.54726
14464.2 -2.54775
14464.6 -2.54824
14465 -2.54871
14465.3 -2.54917
14465.7 -2.54993
14466.1 -2.55037
14466.4 -2.55079
14466.8 -2.55198
14467.2 -2.55235
14467.5 -2.55267
14467.9 -2.55294
14468.3 -2.55316
14468.6 -2.55335
14469 -2.55355
14469.4 -2.55376
14469.7 -2.55399
14470.1 -2.55422
14470.5 -2.55444
14470.8 -2.55464
14471.2 -2.55481
14471.6 -2.555
14471.9 -2.5552
14472.3 -2.55583
14472.7 -2.55608
14473 -2.55704
14473.4 -2.55738
14473.8 -2.55772
14474.1 -2.55811
14474.5 -2.55852
14474.9 -2.55897
14475.2 -2.55943
14475.6 -2.55989
14476 -2.56034
14476.3 -2.56077
14476.7 -2.56117
14477 -2.56155
14477.4 -2.56192
14477.8 -2.56225
14478.1 -2.56256
14478.5 -2.56285
14478.9 -2.5635
14479.2 -2.5644
14479.6 -2.56464
14480 -2.56486
14480.3 -2.56506
14480.7 -2.56525
14481.1 -2.5654
14481.4 -2.56554
14481.8 -2.56566
14482.2 -2.56579
14482.5 -2.56593
14482.9 -2.56607
14483.3 -2.56622
14483.6 -2.56638
14484 -2.56652
14484.4 -2.56667
14484.7 -2.56683
14485.1 -2.56763
14485.5 -2.56823
14485.8 -2.56829
14486.2 -2.56835
14486.6 -2.56841
14486.9 -2.56843
14487.3 -2.56843
14487.7 -2.56837
14488 -2.56827
14488.4 -2.56812
14488.8 -2.56794
14489.1 -2.56774
14489.5 -2.56752
14489.9 -2.56727
14490.2 -2.56699
14490.6 -2.56666
14491 -2.5663
14491.3 -2.56601
14491.7 -2.56614
14492.1 -2.56576
14492.4 -2.56537
14492.8 -2.56499
14493.2 -2.56464
14493.5 -2.56432
14493.9 -2.56407
14494.3 -2.56387
14494.6 -2.56378
14495 -2.5638
14495.4 -2.56392
14495.7 -2.56416
14496.1 -2.56454
14496.5 -2.56505
14496.8 -2.56568
14497.2 -2.56644
14497.6 -2.56811
14497.9 -2.5692
14498.3 -2.57011
14498.7 -2.57137
14499 -2.57273
14499.4 -2.5742
14499.8 -2.57574
14500.1 -2.57733
14500.5 -2.57897
14500.9 -2.58068
14501.2 -2.58242
14501.6 -2.58421
14502 -2.58603
14502.3 -2.58784
14502.7 -2.58962
14503.1 -2.59138
14503.4 -2.59312
14503.8 -2.59567
14504.1 -2.59728
14504.5 -2.59885
14504.9 -2.59958
14505.2 -2.60107
14505.6 -2.60252
14506 -2.60393
14506.3 -2.60528
14506.7 -2.60658
14507.1 -2.60784
14507.4 -2.60905
14507.8 -2.61024
14508.2 -2.61142
14508.5 -2.61259
14508.9 -2.61377
14509.3 -2.61494
14509.6 -2.6161
14510 -2.61794
14510.4 -2.61918
14510.7 -2.62045
14511.1 -2.62178
14511.5 -2.62273
14511.8 -2.62421
14512.2 -2.62577
14512.6 -2.62744
14512.9 -2.6292
14513.3 -2.63107
14513.7 -2.63301
14514 -2.63503
14514.4 -2.63712
14514.8 -2.63928
14515.1 -2.64155
14515.5 -2.64394
14515.9 -2.64856
14516.2 -2.65102
14516.6 -2.6534
14517 -2.65569
14517.3 -2.65791
14517.7 -2.66008
14518.1 -2.66174
14518.4 -2.66381
14518.8 -2.66584
14519.2 -2.66782
14519.5 -2.66978
14519.9 -2.67168
14520.3 -2.67355
14520.6 -2.67541
14521 -2.67728
14521.4 -2.67914
14521.7 -2.68099
14522.1 -2.68394
14522.5 -2.68575
14522.8 -2.68755
14523.2 -2.68932
14523.6 -2.69109
14523.9 -2.69284
14524.3 -2.69379
14524.7 -2.69544
14525 -2.69704
14525.4 -2.69855
14525.8 -2.7
14526.1 -2.70139
14526.5 -2.70273
14526.9 -2.704
14527.2 -2.70522
14527.6 -2.70638
14528 -2.7075
14528.3 -2.70898
14528.7 -2.71004
14529.1 -2.71111
14529.4 -2.71217
14529.8 -2.71325
14530.2 -2.71436
14530.5 -2.7155
14530.9 -2.71593
14531.2 -2.71712
14531.6 -2.71835
14532 -2.71961
14532.3 -2.72089
14532.7 -2.7222
14533.1 -2.72354
14533.4 -2.72492
14533.8 -2.72633
14534.2 -2.72776
14534.5 -2.72971
14534.9 -2.73119
14535.3 -2.73269
14535.6 -2.73424
14536 -2.73582
14536.4 -2.73743
14536.7 -2.73907
14537.1 -2.74072
14537.5 -2.7414
14537.8 -2.7431
14538.2 -2.7448
14538.6 -2.74651
14538.9 -2.74821
14539.3 -2.74984
14539.7 -2.75142
14540 -2.75291
14540.4 -2.75431
14540.8 -2.75602
14541.1 -2.75719
14541.5 -2.75826
14541.9 -2.75922
14542.2 -2.76005
14542.6 -2.76077
14543 -2.76137
14543.3 -2.76186
14543.7 -2.76225
14544.1 -2.76207
14544.4 -2.76229
14544.8 -2.76241
14545.2 -2.76243
14545.5 -2.76236
14545.9 -2.76221
14546.3 -2.76198
14546.6 -2.76168
14547 -2.76074
14547.4 -2.76032
14547.7 -2.75986
14548.1 -2.75938
14548.5 -2.75886
14548.8 -2.75832
14549.2 -2.75777
14549.6 -2.75719
14549.9 -2.75661
14550.3 -2.75605
14550.7 -2.75543
14551 -2.75491
14551.4 -2.75441
14551.8 -2.75396
14552.1 -2.75356
14552.5 -2.75321
14552.9 -2.75258
14553.2 -2.75247
14553.6 -2.75248
14554 -2.75262
14554.3 -2.75288
14554.7 -2.75323
14555.1 -2.75371
14555.4 -2.7543
14555.8 -2.75501
14556.2 -2.75583
14556.5 -2.75674
14556.9 -2.75771
14557.3 -2.75771
14557.6 -2.75873
14558 -2.75979
14558.3 -2.76089
14558.7 -2.76204
14559.1 -2.76315
14559.4 -2.76437
14559.8 -2.76564
14560.2 -2.76696
14560.5 -2.76832
14560.9 -2.76974
14561.3 -2.7712
14561.6 -2.77271
14562 -2.77425
14562.4 -2.77586
14562.7 -2.7775
14563.1 -2.77922
14563.5 -2.77952
14563.8 -2.78134
14564.2 -2.78321
14564.6 -2.78512
14564.9 -2.78705
14565.3 -2.78951
14565.7 -2.79147
14566 -2.79343
14566.4 -2.79536
14566.8 -2.79725
14567.1 -2.79909
14567.5 -2.80088
14567.9 -2.8026
14568.2 -2.80427
14568.6 -2.80588
14569 -2.80745
14569.3 -2.80897
14569.7 -2.81042
14570.1 -2.81048
14570.4 -2.81183
14570.8 -2.81314
14571.2 -2.81441
14571.5 -2.81554
14571.9 -2.81673
14572.3 -2.81789
14572.6 -2.81902
14573 -2.82014
14573.4 -2.82124
14573.7 -2.8223
14574.1 -2.82334
14574.5 -2.82436
14574.8 -2.82539
14575.2 -2.82641
14575.6 -2.82744
14575.9 -2.82848
14576.3 -2.82951
14576.7 -2.82961
14577 -2.83066
14577.4 -2.8317
14577.8 -2.83297
14578.1 -2.83408
14578.5 -2.83517
14578.9 -2.83624
14579.2 -2.8373
14579.6 -2.83833
14580 -2.83935
14580.3 -2.84035
14580.7 -2.84135
14581.1 -2.84232
14581.4 -2.84328
14581.8 -2.84419
14582.2 -2.84507
14582.5 -2.84592
14582.9 -2.84674
14583.3 -2.84663
14583.6 -2.84726
14584 -2.84798
14584.3 -2.84868
14584.7 -2.84935
14585.1 -2.84999
14585.4 -2.85062
14585.8 -2.8512
14586.2 -2.85177
14586.5 -2.85233
14586.9 -2.85285
14587.3 -2.85336
14587.6 -2.85384
14588 -2.85432
14588.4 -2.8548
14588.7 -2.85528
14589.1 -2.85575
14589.5 -2.85622
14589.8 -2.85578
14590.2 -2.85629
14590.6 -2.85679
14590.9 -2.85732
14591.3 -2.85785
14591.7 -2.8584
14592 -2.85893
14592.4 -2.85947
14592.8 -2.85999
14593.1 -2.8605
14593.5 -2.86099
14593.9 -2.86147
14594.2 -2.86192
14594.6 -2.86235
14595 -2.86275
14595.3 -2.8631
14595.7 -2.8634
14596.1 -2.86308
14596.4 -2.86328
14596.8 -2.86346
14597.2 -2.8636
14597.5 -2.86372
14597.9 -2.86382
14598.3 -2.86391
14598.6 -2.86398
14599 -2.86403
14599.4 -2.86409
14599.7 -2.86417
14600.1 -2.86425
14600.5 -2.86436
14600.8 -2.86447
14601.2 -2.8646
14601.6 -2.86474
14601.9 -2.8649
14602.3 -2.86465
14602.7 -2.86423
14603 -2.86441
14603.4 -2.86459
14603.8 -2.86478
14604.1 -2.86496
14604.5 -2.86513
14604.9 -2.8653
14605.2 -2.86547
14605.6 -2.86562
14606 -2.86574
14606.3 -2.86584
14606.7 -2.86594
14607.1 -2.86603
14607.4 -2.86612
14607.8 -2.86622
14608.2 -2.86633
14608.5 -2.86603
14608.9 -2.86614
14609.3 -2.86572
14609.6 -2.86584
14610 -2.86594
14610.4 -2.86604
14610.7 -2.86613
14611.1 -2.86623
14611.4 -2.86633
14611.8 -2.86641
14612.2 -2.86646
14612.5 -2.86647
14612.9 -2.86645
14613.3 -2.86637
14613.6 -2.86627
14614 -2.86614
14614.4 -2.86597
14614.7 -2.86536
14615.1 -2.86507
14615.5 -2.86475
14615.8 -2.86438
14616.2 -2.86404
14616.6 -2.86369
14616.9 -2.86335
14617.3 -2.86301
14617.7 -2.86268
14618 -2.86237
14618.4 -2.86208
14618.8 -2.86181
14619.1 -2.86156
14619.5 -2.86133
14619.9 -2.86111
14620.2 -2.86089
14620.6 -2.86024
14621 -2.86001
14621.3 -2.85976
14621.7 -2.8595
14622.1 -2.8592
14622.4 -2.85862
14622.8 -2.85826
14623.2 -2.85786
14623.5 -2.85741
14623.9 -2.85692
14624.3 -2.85636
14624.6 -2.85574
14625 -2.85506
14625.4 -2.85432
14625.7 -2.85354
14626.1 -2.85271
14626.5 -2.85184
14626.8 -2.85007
14627.2 -2.84912
14627.6 -2.84818
14627.9 -2.84721
14628.3 -2.84627
14628.7 -2.84531
14629 -2.84439
14629.4 -2.84345
14629.8 -2.84254
14630.1 -2.84165
14630.5 -2.8408
14630.9 -2.83999
14631.2 -2.83921
14631.6 -2.83847
14632 -2.83778
14632.3 -2.83714
14632.7 -2.83657
14633.1 -2.83533
14633.4 -2.83488
14633.8 -2.8345
14634.2 -2.83417
14634.5 -2.83389
14634.9 -2.83366
14635.3 -2.83315
14635.6 -2.83299
14636 -2.83288
14636.4 -2.8328
14636.7 -2.83277
14637.1 -2.83278
14637.5 -2.83282
14637.8 -2.8329
14638.2 -2.83301
14638.5 -2.83315
14638.9 -2.83332
14639.3 -2.83336
14639.6 -2.83356
14640 -2.83375
14640.4 -2.83389
14640.7 -2.83399
14641.1 -2.83399
14641.5 -2.83392
14641.8 -2.83347
14642.2 -2.83324
14642.6 -2.8329
14642.9 -2.83248
14643.3 -2.83196
14643.7 -2.83135
14644 -2.83064
14644.4 -2.82985
14644.8 -2.82897
14645.1 -2.82802
14645.5 -2.82603
14645.9 -2.82489
14646.2 -2.8237
14646.6 -2.82245
14647 -2.82117
14647.3 -2.81988
14647.7 -2.81858
14648.1 -2.81728
14648.4 -2.8163
14648.8 -2.81503
14649.2 -2.81376
14649.5 -2.81254
14649.9 -2.81138
14650.3 -2.81029
14650.6 -2.80926
14651 -2.80828
14651.4 -2.80637
14651.7 -2.80547
14652.1 -2.80463
14652.5 -2.80382
14652.8 -2.80307
14653.2 -2.80237
14653.6 -2.8017
14653.9 -2.80106
14654.3 -2.80045
14654.7 -2.79986
14655 -2.79889
14655.4 -2.79831
14655.8 -2.79775
14656.1 -2.79721
14656.5 -2.79671
14656.9 -2.7962
14657.2 -2.79571
14657.6 -2.79431
14658 -2.79385
14658.3 -2.7934
14658.7 -2.79296
14659.1 -2.79254
14659.4 -2.79215
14659.8 -2.79177
14660.2 -2.79141
14660.5 -2.79108
14660.9 -2.7908
14661.3 -2.79056
14661.6 -2.78976
14662 -2.78958
14662.4 -2.78946
14662.7 -2.7894
14663.1 -2.78937
14663.5 -2.78939
14663.8 -2.78876
14664.2 -2.78887
14664.5 -2.78902
14664.9 -2.78919
14665.3 -2.7894
14665.6 -2.78963
14666 -2.78988
14666.4 -2.79014
14666.7 -2.7904
14667.1 -2.79067
14667.5 -2.79092
14667.8 -2.79033
14668.2 -2.79056
14668.6 -2.79074
14668.9 -2.7909
14669.3 -2.79102
14669.7 -2.79111
14670 -2.79041
14670.4 -2.7904
14670.8 -2.79036
14671.1 -2.79028
14671.5 -2.79018
14671.9 -2.79004
14672.2 -2.78988
14672.6 -2.78969
14673 -2.78949
14673.3 -2.78927
14673.7 -2.78905
14674.1 -2.78885
14674.4 -2.78788
14674.8 -2.78769
14675.2 -2.78752
14675.5 -2.78737
14675.9 -2.78725
14676.3 -2.78632
14676.6 -2.78631
14677 -2.78633
14677.4 -2.78642
14677.7 -2.78654
14678.1 -2.7867
14678.5 -2.78691
14678.8 -2.78717
14679.2 -2.78749
14679.6 -2.78788
14679.9 -2.78835
14680.3 -2.78891
14680.7 -2.78957
14681 -2.78959
14681.4 -2.79047
14681.8 -2.79145
14682.1 -2.79255
14682.5 -2.79436
14682.9 -2.79585
14683.2 -2.79745
14683.6 -2.79916
14684 -2.80095
14684.3 -2.80282
14684.7 -2.80473
14685.1 -2.80669
14685.4 -2.80867
14685.8 -2.81062
14686.2 -2.81255
14686.5 -2.81441
14686.9 -2.81618
14687.3 -2.81789
14687.6 -2.81851
14688 -2.82002
14688.4 -2.82175
14688.7 -2.82298
14689.1 -2.82409
14689.5 -2.8251
14689.8 -2.82599
14690.2 -2.82677
14690.6 -2.82745
14690.9 -2.82803
14691.3 -2.82853
14691.6 -2.82893
14692 -2.82926
14692.4 -2.82952
14692.7 -2.82971
14693.1 -2.82985
14693.5 -2.82993
14693.8 -2.82999
14694.2 -2.82906
14694.6 -2.82804
14694.9 -2.82796
14695.3 -2.82787
14695.7 -2.82776
14696 -2.82761
14696.4 -2.82746
14696.8 -2.82729
14697.1 -2.82709
14697.5 -2.82689
14697.9 -2.82668
14698.2 -2.82646
14698.6 -2.82623
14699 -2.82599
14699.3 -2.82574
14699.7 -2.82549
14700.1 -2.82524
14700.4 -2.82433
14700.8 -2.82324
14701.2 -2.82307
14701.5 -2.82291
14701.9 -2.82277
14702.3 -2.82264
14702.6 -2.82253
14703 -2.82243
14703.4 -2.82235
14703.7 -2.8223
14704.1 -2.82227
14704.5 -2.82226
14704.8 -2.82224
14705.2 -2.8222
14705.6 -2.82213
14705.9 -2.82204
14706.3 -2.82195
14706.7 -2.82184
14707 -2.82035
14707.4 -2.82018
14707.8 -2.81998
14708.1 -2.81972
14708.5 -2.81943
14708.9 -2.81908
14709.2 -2.81871
14709.6 -2.8183
14710 -2.81785
14710.3 -2.81736
14710.7 -2.81683
14711.1 -2.81628
14711.4 -2.81572
14711.8 -2.81514
14712.2 -2.81457
14712.5 -2.814
14712.9 -2.81346
14713.3 -2.81185
14713.6 -2.81075
14714 -2.81026
14714.4 -2.80981
14714.7 -2.80942
14715.1 -2.80907
14715.5 -2.80876
14715.8 -2.8085
14716.2 -2.80828
14716.6 -2.80811
14716.9 -2.80795
14717.3 -2.80782
14717.7 -2.80773
14718 -2.80767
14718.4 -2.80763
14718.7 -2.8076
14719.1 -2.80659
14719.5 -2.80662
14719.8 -2.80665
14720.2 -2.80566
14720.6 -2.8057
14720.9 -2.80576
14721.3 -2.80584
14721.7 -2.80594
14722 -2.80605
14722.4 -2.80616
14722.8 -2.80627
14723.1 -2.80636
14723.5 -2.80645
14723.9 -2.80653
14724.2 -2.80662
14724.6 -2.8067
14725 -2.80679
14725.3 -2.806
14725.7 -2.80606
14726.1 -2.80609
14726.4 -2.80608
14726.8 -2.8053
14727.2 -2.80526
14727.5 -2.80518
14727.9 -2.80506
14728.3 -2.8049
14728.6 -2.80471
14729 -2.80447
14729.4 -2.80418
14729.7 -2.80384
14730.1 -2.80345
14730.5 -2.80301
14730.8 -2.80251
14731.2 -2.80198
14731.6 -2.80064
14731.9 -2.79998
14732.3 -2.79928
14732.7 -2.79856
14733 -2.79782
14733.4 -2.79697
14733.8 -2.7962
14734.1 -2.79543
14734.5 -2.79464
14734.9 -2.79385
14735.2 -2.79307
14735.6 -2.7923
14736 -2.79156
14736.3 -2.79085
14736.7 -2.79013
14737.1 -2.78942
14737.4 -2.78873
14737.8 -2.78714
14738.2 -2.78648
14738.5 -2.78584
14738.9 -2.7852
14739.3 -2.78456
14739.6 -2.78365
14740 -2.783
14740.4 -2.78233
14740.7 -2.78165
14741.1 -2.78096
14741.5 -2.78027
14741.8 -2.77959
14742.2 -2.77892
14742.6 -2.77824
14742.9 -2.77757
14743.3 -2.7769
14743.7 -2.77624
14744 -2.77451
14744.4 -2.77383
14744.8 -2.77317
14745.1 -2.77251
14745.5 -2.77187
14745.8 -2.77123
14746.2 -2.77012
14746.6 -2.76949
14746.9 -2.76887
14747.3 -2.76827
14747.7 -2.76769
14748 -2.76714
14748.4 -2.76661
14748.8 -2.76611
14749.1 -2.76566
14749.5 -2.76521
14749.9 -2.76478
14750.2 -2.76324
14750.6 -2.76283
14751 -2.76241
14751.3 -2.76199
14751.7 -2.76154
14752.1 -2.76107
14752.4 -2.76057
14752.8 -2.75945
14753.2 -2.75888
14753.5 -2.75828
14753.9 -2.75764
14754.3 -2.75694
14754.6 -2.75617
14755 -2.75534
14755.4 -2.75444
14755.7 -2.75349
14756.1 -2.75139
14756.5 -2.75039
14756.8 -2.74938
14757.2 -2.74836
14757.6 -2.74731
14757.9 -2.74625
14758.3 -2.7452
14758.7 -2.74419
14759 -2.74321
14759.4 -2.74239
14759.8 -2.74149
14760.1 -2.74062
14760.5 -2.73976
14760.9 -2.73893
14761.2 -2.73813
14761.6 -2.73734
14762 -2.73656
14762.3 -2.73506
14762.7 -2.73422
14763.1 -2.73336
14763.4 -2.73248
14763.8 -2.73158
14764.2 -2.73067
14764.5 -2.72974
14764.9 -2.7288
14765.3 -2.72781
14765.6 -2.72683
14766 -2.72587
14766.4 -2.72486
14766.7 -2.72384
14767.1 -2.72282
14767.5 -2.72179
14767.8 -2.72075
14768.2 -2.7197
14768.6 -2.71758
14768.9 -2.71652
14769.3 -2.71546
14769.7 -2.7144
14770 -2.71336
14770.4 -2.71232
14770.8 -2.71131
14771.1 -2.71032
14771.5 -2.70935
14771.8 -2.7084
14772.2 -2.70737
14772.6 -2.70647
14772.9 -2.70559
14773.3 -2.70475
14773.7 -2.70393
14774 -2.70312
14774.4 -2.70232
14774.8 -2.70055
14775.1 -2.69979
14775.5 -2.69904
14775.9 -2.6983
14776.2 -2.69757
14776.6 -2.69684
14777 -2.69611
14777.3 -2.69537
14777.7 -2.69463
14778.1 -2.69386
14778.4 -2.69308
14778.8 -2.69214
14779.2 -2.69132
14779.5 -2.69047
14779.9 -2.6896
14780.3 -2.68869
14780.6 -2.68776
14781 -2.68586
14781.4 -2.68481
14781.7 -2.68369
14782.1 -2.6825
14782.5 -2.68124
14782.8 -2.67992
14783.2 -2.67854
14783.6 -2.67708
14783.9 -2.67554
14784.3 -2.67393
14784.7 -2.67226
14785 -2.67055
14785.4 -2.66938
14785.8 -2.66756
14786.1 -2.6657
14786.5 -2.66377
14786.9 -2.66052
14787.2 -2.65849
14787.6 -2.65643
14788 -2.65436
14788.3 -2.65227
14788.7 -2.65015
14789.1 -2.64803
14789.4 -2.64589
14789.8 -2.64374
14790.2 -2.64156
14790.5 -2.63939
14790.9 -2.63724
14791.3 -2.63509
14791.6 -2.63298
14792 -2.63176
14792.4 -2.62971
14792.7 -2.62769
14793.1 -2.62458
14793.5 -2.62267
14793.8 -2.62078
14794.2 -2.61895
14794.6 -2.61715
14794.9 -2.61537
14795.3 -2.61362
14795.7 -2.61192
14796 -2.61028
14796.4 -2.60868
14796.8 -2.60713
14797.1 -2.60565
14797.5 -2.60422
14797.9 -2.60286
14798.2 -2.60158
14798.6 -2.60093
14798.9 -2.59981
14799.3 -2.59836
14799.7 -2.59748
14800 -2.59669
14800.4 -2.59599
14800.8 -2.59541
14801.1 -2.59494
14801.5 -2.59458
14801.9 -2.59432
14802.2 -2.59415
14802.6 -2.59405
14803 -2.59401
14803.3 -2.594
14803.7 -2.59404
14804.1 -2.5941
14804.4 -2.59415
14804.8 -2.5942
14805.2 -2.59438
14805.5 -2.59447
14805.9 -2.5944
14806.3 -2.59431
14806.6 -2.59421
14807 -2.59409
14807.4 -2.59395
14807.7 -2.59378
14808.1 -2.59357
14808.5 -2.59336
14808.8 -2.59312
14809.2 -2.59289
14809.6 -2.59266
14809.9 -2.59242
14810.3 -2.59218
14810.7 -2.59193
14811 -2.59168
14811.4 -2.59153
14811.8 -2.59111
14812.1 -2.59084
14812.5 -2.59058
14812.9 -2.59032
14813.2 -2.59006
14813.6 -2.58982
14814 -2.58956
14814.3 -2.58932
14814.7 -2.58911
14815.1 -2.58894
14815.4 -2.58883
14815.8 -2.58878
14816.2 -2.58878
14816.5 -2.58884
14816.9 -2.58894
14817.3 -2.58909
14817.6 -2.5893
14818 -2.58981
14818.4 -2.5902
14818.7 -2.59067
14819.1 -2.59121
14819.5 -2.5918
14819.8 -2.59245
14820.2 -2.59315
14820.6 -2.59386
14820.9 -2.59461
14821.3 -2.59541
14821.7 -2.59624
14822 -2.59708
14822.4 -2.59794
14822.8 -2.59883
14823.1 -2.59975
14823.5 -2.60072
14823.9 -2.60221
14824.2 -2.6032
14824.6 -2.60368
14825 -2.60468
14825.3 -2.60571
14825.7 -2.60676
14826 -2.60783
14826.4 -2.60893
14826.8 -2.61003
14827.1 -2.61115
14827.5 -2.61227
14827.9 -2.61342
14828.2 -2.61459
14828.6 -2.61577
14829 -2.61694
14829.3 -2.6181
14829.7 -2.61922
14830.1 -2.62081
14830.4 -2.62195
14830.8 -2.62307
14831.2 -2.62355
14831.5 -2.62464
14831.9 -2.62569
14832.3 -2.62672
14832.6 -2.62774
14833 -2.62872
14833.4 -2.62964
14833.7 -2.63052
14834.1 -2.63135
14834.5 -2.63213
14834.8 -2.63285
14835.2 -2.63351
14835.6 -2.63412
14835.9 -2.63467
14836.3 -2.63544
14836.7 -2.63586
14837 -2.63622
14837.4 -2.63654
14837.8 -2.63683
14838.1 -2.63712
14838.5 -2.63734
14838.9 -2.63754
14839.2 -2.6377
14839.6 -2.63783
14840 -2.63795
14840.3 -2.63807
14840.7 -2.63818
14841.1 -2.6383
14841.4 -2.63843
14841.8 -2.63856
14842.2 -2.63867
14842.5 -2.63921
14842.9 -2.63925
14843.3 -2.63926
14843.6 -2.63923
14844 -2.63957
14844.4 -2.63947
14844.7 -2.63929
14845.1 -2.63903
14845.5 -2.63868
14845.8 -2.63824
14846.2 -2.63775
14846.6 -2.6372
14846.9 -2.63658
14847.3 -2.6359
14847.7 -2.63519
14848 -2.63443
14848.4 -2.63367
14848.8 -2.6324
14849.1 -2.63156
14849.5 -2.6307
14849.9 -2.62981
14850.2 -2.62892
14850.6 -2.62823
14851 -2.62732
14851.3 -2.62643
14851.7 -2.62553
14852 -2.62463
14852.4 -2.62372
14852.8 -2.62279
14853.1 -2.62184
14853.5 -2.62089
14853.9 -2.61993
14854.2 -2.61896
14854.6 -2.61722
14855 -2.61625
14855.3 -2.61527
14855.7 -2.6143
14856.1 -2.61332
14856.4 -2.61235
14856.8 -2.61137
14857.2 -2.61082
14857.5 -2.60988
14857.9 -2.60897
14858.3 -2.60809
14858.6 -2.60725
14859 -2.60643
14859.4 -2.60565
14859.7 -2.6049
14860.1 -2.60418
14860.5 -2.6035
14860.8 -2.60283
14861.2 -2.60227
14861.6 -2.60176
14861.9 -2.60126
14862.3 -2.60076
14862.7 -2.60024
14863 -2.59972
14863.4 -2.59917
14863.8 -2.59937
14864.1 -2.59879
14864.5 -2.59821
14864.9 -2.59758
14865.2 -2.59693
14865.6 -2.59625
14866 -2.59554
14866.3 -2.5948
14866.7 -2.59402
14867.1 -2.59299
14867.4 -2.59215
14867.8 -2.59129
14868.2 -2.59041
14868.5 -2.58951
14868.9 -2.58857
14869.3 -2.58758
14869.6 -2.58654
14870 -2.58545
14870.4 -2.58477
14870.7 -2.58359
14871.1 -2.58236
14871.5 -2.58109
14871.8 -2.57974
14872.2 -2.57833
14872.6 -2.57685
14872.9 -2.57533
14873.3 -2.57291
14873.7 -2.57132
14874 -2.56969
14874.4 -2.56799
14874.8 -2.56626
14875.1 -2.56448
14875.5 -2.56266
14875.9 -2.56083
14876.2 -2.55899
14876.6 -2.55714
14877 -2.55643
14877.3 -2.55458
14877.7 -2.55269
14878.1 -2.55075
14878.4 -2.54878
14878.8 -2.54678
14879.1 -2.54473
14879.5 -2.54215
14879.9 -2.54005
14880.2 -2.53787
14880.6 -2.53566
14881 -2.53338
14881.3 -2.53102
14881.7 -2.52856
14882.1 -2.52598
14882.4 -2.52321
14882.8 -2.52018
14883.2 -2.52003
14883.5 -2.51677
14883.9 -2.51316
14884.3 -2.50912
14884.6 -2.50444
14885 -2.49868
14885.4 -2.48888
14885.7 -2.48315
14886.1 -2.47865
14886.5 -2.47496
14886.8 -2.47183
14887.2 -2.46911
14887.6 -2.46671
14887.9 -2.46457
14888.3 -2.46267
14888.7 -2.46097
14889 -2.45946
14889.4 -2.45809
14889.8 -2.4586
14890.1 -2.45734
14890.5 -2.45618
14890.9 -2.4551
14891.2 -2.45411
14891.6 -2.45353
14892 -2.45267
14892.3 -2.45187
14892.7 -2.45113
14893.1 -2.45042
14893.4 -2.44977
14893.8 -2.44917
14894.2 -2.44859
14894.5 -2.44805
14894.9 -2.44754
14895.3 -2.44705
14895.6 -2.44659
14896 -2.44613
14896.4 -2.44604
14896.7 -2.44558
14897.1 -2.44513
14897.5 -2.44469
14897.8 -2.44413
14898.2 -2.44372
14898.6 -2.44331
14898.9 -2.44294
14899.3 -2.44256
14899.7 -2.44218
14900 -2.4418
14900.4 -2.4414
14900.8 -2.44099
14901.1 -2.44054
14901.5 -2.44009
14901.9 -2.43964
14902.2 -2.43916
14902.6 -2.43867
14903 -2.43842
14903.3 -2.43788
14903.7 -2.43731
14904.1 -2.43639
14904.4 -2.43568
14904.8 -2.43491
14905.2 -2.43407
14905.5 -2.43313
14905.9 -2.4321
14906.2 -2.43096
14906.6 -2.42971
14907 -2.42835
14907.3 -2.42691
14907.7 -2.4254
14908.1 -2.42385
14908.4 -2.42227
14908.8 -2.42069
14909.2 -2.41914
14909.5 -2.41882
14909.9 -2.41734
14910.3 -2.4157
14910.6 -2.41446
14911 -2.41333
14911.4 -2.41232
14911.7 -2.41142
14912.1 -2.41063
14912.5 -2.40992
14912.8 -2.40928
14913.2 -2.40871
14913.6 -2.4082
14913.9 -2.40774
14914.3 -2.40734
14914.7 -2.40701
14915 -2.40672
14915.4 -2.40649
14915.8 -2.40665
14916.1 -2.40652
14916.5 -2.40672
14916.9 -2.40678
14917.2 -2.40693
14917.6 -2.40717
14918 -2.40749
14918.3 -2.40791
14918.7 -2.40844
14919.1 -2.40904
14919.4 -2.40972
14919.8 -2.41045
14920.2 -2.41122
14920.5 -2.412
14920.9 -2.41279
14921.3 -2.41354
14921.6 -2.41427
14922 -2.41496
14922.4 -2.4169
14922.7 -2.41745
14923.1 -2.41788
14923.5 -2.41817
14923.8 -2.41835
14924.2 -2.41837
14924.6 -2.41827
14924.9 -2.41802
14925.3 -2.41768
14925.7 -2.41724
14926 -2.41673
14926.4 -2.41617
14926.8 -2.41554
14927.1 -2.41487
14927.5 -2.41416
14927.9 -2.41344
14928.2 -2.41273
14928.6 -2.41228
14929 -2.41249
14929.3 -2.41183
14929.7 -2.41123
14930.1 -2.41068
14930.4 -2.41019
14930.8 -2.40977
14931.2 -2.40945
14931.5 -2.4092
14931.9 -2.40906
14932.3 -2.409
14932.6 -2.40902
14933 -2.40913
14933.3 -2.40931
14933.7 -2.4096
14934.1 -2.40996
14934.4 -2.41041
14934.8 -2.41138
14935.2 -2.41202
14935.5 -2.41254
14935.9 -2.4133
14936.3 -2.41412
14936.6 -2.41502
14937 -2.41603
14937.4 -2.41714
14937.7 -2.41835
14938.1 -2.41964
14938.5 -2.42102
14938.8 -2.42248
14939.2 -2.42403
14939.6 -2.42567
14939.9 -2.42743
14940.3 -2.42925
14940.7 -2.43117
14941 -2.43462
14941.4 -2.43664
14941.8 -2.43865
14942.1 -2.44012
14942.5 -2.44208
14942.9 -2.444
14943.2 -2.44588
14943.6 -2.44776
14944 -2.44961
14944.3 -2.45142
14944.7 -2.45321
14945.1 -2.45494
14945.4 -2.45663
14945.8 -2.4583
14946.2 -2.45995
14946.5 -2.46158
14946.9 -2.46321
14947.3 -2.46579
14947.6 -2.46738
14948 -2.46896
14948.4 -2.47051
14948.7 -2.47142
14949.1 -2.47297
14949.5 -2.4745
14949.8 -2.47601
14950.2 -2.47747
14950.6 -2.47891
14950.9 -2.48033
14951.3 -2.48174
14951.7 -2.48312
14952 -2.48448
14952.4 -2.48579
14952.8 -2.48708
14953.1 -2.48919
14953.5 -2.49048
14953.9 -2.49178
14954.2 -2.49306
14954.6 -2.49433
14955 -2.4954
14955.3 -2.49673
14955.7 -2.49811
14956.1 -2.49953
14956.4 -2.50103
14956.8 -2.50259
14957.2 -2.50417
14957.5 -2.50582
14957.9 -2.50756
14958.3 -2.50941
14958.6 -2.51135
14959 -2.51332
14959.3 -2.51701
14959.7 -2.51862
14960.1 -2.52006
14960.4 -2.52135
14960.8 -2.52248
14961.2 -2.52342
14961.5 -2.5244
14961.9 -2.525
14962.3 -2.52542
14962.6 -2.52565
14963 -2.52572
14963.4 -2.52563
14963.7 -2.52541
14964.1 -2.52507
14964.5 -2.52462
14964.8 -2.52409
14965.2 -2.52348
14965.6 -2.52287
14965.9 -2.52215
14966.3 -2.52142
14966.7 -2.5207
14967 -2.51998
14967.4 -2.51929
14967.8 -2.51862
14968.1 -2.51852
14968.5 -2.51789
14968.9 -2.5173
14969.2 -2.51676
14969.6 -2.51624
14970 -2.51572
14970.3 -2.51524
14970.7 -2.51479
14971.1 -2.51436
14971.4 -2.51396
14971.8 -2.51345
14972.2 -2.5131
14972.5 -2.51276
14972.9 -2.51243
14973.3 -2.51212
14973.6 -2.51182
14974 -2.51154
14974.4 -2.51128
14974.7 -2.51138
14975.1 -2.51121
14975.5 -2.51105
14975.8 -2.51091
14976.2 -2.5108
14976.6 -2.51073
14976.9 -2.5107
14977.3 -2.51071
14977.7 -2.51077
14978 -2.51128
14978.4 -2.51141
14978.8 -2.51156
14979.1 -2.51171
14979.5 -2.51186
14979.9 -2.51201
14980.2 -2.51214
14980.6 -2.51224
14981 -2.5123
14981.3 -2.51242
14981.7 -2.51239
14982.1 -2.51232
14982.4 -2.51221
14982.8 -2.51205
14983.2 -2.51186
14983.5 -2.51161
14983.9 -2.51131
14984.3 -2.51077
14984.6 -2.51037
14985 -2.50992
14985.4 -2.50945
14985.7 -2.50895
14986.1 -2.50843
14986.4 -2.5079
14986.8 -2.50735
14987.2 -2.50681
14987.5 -2.50658
14987.9 -2.50605
14988.3 -2.50551
14988.6 -2.50497
14989 -2.50443
14989.4 -2.5039
14989.7 -2.50339
14990.1 -2.50268
14990.5 -2.50221
14990.8 -2.50176
14991.2 -2.50134
14991.6 -2.50092
14991.9 -2.5005
14992.3 -2.50011
14992.7 -2.49973
14993 -2.49934
14993.4 -2.49895
14993.8 -2.49854
14994.1 -2.49844
14994.5 -2.49805
14994.9 -2.49764
14995.2 -2.49723
14995.6 -2.49682
14996 -2.49642
14996.3 -2.49601
14996.7 -2.49569
14997.1 -2.49538
14997.4 -2.49511
14997.8 -2.49487
14998.2 -2.49467
14998.5 -2.49454
14998.9 -2.49448
14999.3 -2.4945
14999.6 -2.49458
15000 -2.49467
15000.4 -2.49482
15000.7 -2.495
15001.1 -2.49516
15001.5 -2.49538
15001.8 -2.49564
15002.2 -2.49596
15002.6 -2.49643
15002.9 -2.49675
15003.3 -2.49707
15003.7 -2.4974
15004 -2.49774
15004.4 -2.4981
15004.8 -2.49847
15005.1 -2.49882
15005.5 -2.49915
15005.9 -2.49947
15006.2 -2.49977
15006.6 -2.50004
15007 -2.50028
15007.3 -2.50024
15007.7 -2.50043
15008.1 -2.50056
15008.4 -2.50067
15008.8 -2.50063
15009.2 -2.50063
15009.5 -2.50057
15009.9 -2.50046
15010.3 -2.50031
15010.6 -2.5001
15011 -2.49986
15011.4 -2.49958
15011.7 -2.49928
15012.1 -2.49897
15012.5 -2.49863
15012.8 -2.49828
15013.2 -2.49791
15013.5 -2.49753
15013.9 -2.4971
15014.3 -2.49669
15014.6 -2.49628
15015 -2.49542
15015.4 -2.49504
15015.7 -2.49467
15016.1 -2.49431
15016.5 -2.49397
15016.8 -2.49365
15017.2 -2.49334
15017.6 -2.49306
15017.9 -2.49281
15018.3 -2.49261
15018.7 -2.49246
15019 -2.49236
15019.4 -2.49227
15019.8 -2.49225
15020.1 -2.49226
15020.5 -2.49212
15020.9 -2.49203
15021.2 -2.4921
15021.6 -2.4922
15022 -2.49232
15022.3 -2.49248
15022.7 -2.49266
15023.1 -2.49288
15023.4 -2.49314
15023.8 -2.49347
15024.2 -2.49384
15024.5 -2.49427
15024.9 -2.49474
15025.3 -2.49524
15025.6 -2.49577
15026 -2.49633
15026.4 -2.49695
15026.7 -2.49718
15027.1 -2.49809
15027.5 -2.49878
15027.8 -2.4995
15028.2 -2.50025
15028.6 -2.50104
15028.9 -2.50184
15029.3 -2.50266
15029.7 -2.50349
15030 -2.50432
15030.4 -2.50517
15030.8 -2.50603
15031.1 -2.5069
15031.5 -2.50779
15031.9 -2.50867
15032.2 -2.50953
15032.6 -2.51038
15033 -2.51118
15033.3 -2.51155
15033.7 -2.51228
15034.1 -2.51296
15034.4 -2.51361
15034.8 -2.51419
15035.2 -2.51471
15035.5 -2.51515
15035.9 -2.51554
15036.3 -2.51588
15036.6 -2.51619
15037 -2.51649
15037.4 -2.51678
15037.7 -2.51707
15038.1 -2.51739
15038.5 -2.51772
15038.8 -2.51806
15039.2 -2.51844
15039.5 -2.51872
15039.9 -2.5186
15040.3 -2.51907
15040.6 -2.51956
15041 -2.5201
15041.4 -2.52068
15041.7 -2.52127
15042.1 -2.52189
15042.5 -2.52251
15042.8 -2.52312
15043.2 -2.52372
15043.6 -2.52431
15043.9 -2.52489
15044.3 -2.52543
15044.7 -2.52596
15045 -2.52644
15045.4 -2.52688
15045.8 -2.52691
15046.1 -2.52723
15046.5 -2.52679
15046.9 -2.52708
15047.2 -2.52736
15047.6 -2.52763
15048 -2.52789
15048.3 -2.52814
15048.7 -2.52839
15049.1 -2.52863
15049.4 -2.52887
15049.8 -2.52915
15050.2 -2.52946
15050.5 -2.52981
15050.9 -2.53017
15051.3 -2.53057
15051.6 -2.53099
15052 -2.53094
15052.4 -2.53143
15052.7 -2.53196
15053.1 -2.53151
15053.5 -2.53209
15053.8 -2.53268
15054.2 -2.53329
15054.6 -2.53393
15054.9 -2.53456
15055.3 -2.53522
15055.7 -2.53585
15056 -2.53648
15056.4 -2.53712
15056.8 -2.53773
15057.1 -2.53834
15057.5 -2.53893
15057.9 -2.53918
15058.2 -2.53974
15058.6 -2.54028
15059 -2.54079
15059.3 -2.54049
15059.7 -2.54099
15060.1 -2.54148
15060.4 -2.54197
15060.8 -2.54244
15061.2 -2.5429
15061.5 -2.54336
15061.9 -2.54381
15062.3 -2.54428
15062.6 -2.54478
15063 -2.54531
15063.4 -2.54585
15063.7 -2.54639
15064.1 -2.54671
15064.5 -2.54728
15064.8 -2.54786
15065.2 -2.54848
15065.6 -2.5491
15065.9 -2.54888
15066.3 -2.54949
15066.6 -2.5501
15067 -2.55072
15067.4 -2.55135
15067.7 -2.55199
15068.1 -2.55264
15068.5 -2.55329
15068.8 -2.55396
15069.2 -2.55462
15069.6 -2.55531
15069.9 -2.55604
15070.3 -2.55649
15070.7 -2.55727
15071 -2.55809
15071.4 -2.55893
15071.8 -2.55979
15072.1 -2.56067
15072.5 -2.56045
15072.9 -2.56135
15073.2 -2.56224
15073.6 -2.56313
15074 -2.56402
15074.3 -2.56491
15074.7 -2.5658
15075.1 -2.56665
15075.4 -2.56748
15075.8 -2.56828
15076.2 -2.56905
15076.5 -2.56958
15076.9 -2.57031
15077.3 -2.57101
15077.6 -2.57166
15078 -2.57231
15078.4 -2.57293
15078.7 -2.57354
15079.1 -2.57336
15079.5 -2.57394
15079.8 -2.57452
15080.2 -2.5751
15080.6 -2.57567
15080.9 -2.57625
15081.3 -2.57683
15081.7 -2.57743
15082 -2.57804
15082.4 -2.57864
15082.8 -2.57893
15083.1 -2.5795
15083.5 -2.58007
15083.9 -2.58066
15084.2 -2.58125
15084.6 -2.58186
15085 -2.58248
15085.3 -2.58309
15085.7 -2.58263
15086.1 -2.58322
15086.4 -2.58381
15086.8 -2.5844
15087.2 -2.58499
15087.5 -2.58558
15087.9 -2.58617
15088.3 -2.58675
15088.6 -2.58683
15089 -2.5874
15089.4 -2.58797
15089.7 -2.58852
15090.1 -2.58905
15090.5 -2.58955
15090.8 -2.59006
15091.2 -2.59053
15091.6 -2.591
15091.9 -2.59145
15092.3 -2.59097
15092.7 -2.59142
15093 -2.59185
15093.4 -2.59228
15093.7 -2.5927
15094.1 -2.59315
15094.5 -2.5936
15094.8 -2.5936
15095.2 -2.59406
15095.6 -2.59451
15095.9 -2.59496
15096.3 -2.59544
15096.7 -2.59592
15097 -2.59641
15097.4 -2.5969
15097.8 -2.5974
15098.1 -2.5979
15098.5 -2.59741
15098.9 -2.59792
15099.2 -2.59845
15099.6 -2.59898
15100 -2.59953
15100.3 -2.60006
15100.7 -2.60058
15101.1 -2.60056
15101.4 -2.60104
15101.8 -2.6015
15102.2 -2.60196
15102.5 -2.60238
15102.9 -2.60278
15103.3 -2.60316
15103.6 -2.60351
15104 -2.60384
15104.4 -2.60414
15104.7 -2.60442
15105.1 -2.60376
15105.5 -2.604
15105.8 -2.60423
15106.2 -2.60442
15106.6 -2.60458
15106.9 -2.60472
15107.3 -2.60402
15107.7 -2.60409
15108 -2.60415
15108.4 -2.60421
15108.8 -2.60426
15109.1 -2.60429
15109.5 -2.6043
15109.9 -2.60429
15110.2 -2.60428
15110.6 -2.60426
15111 -2.60422
15111.3 -2.60417
15111.7 -2.60339
15112.1 -2.60332
15112.4 -2.60323
15112.8 -2.60309
15113.2 -2.60292
15113.5 -2.60199
15113.9 -2.60175
15114.3 -2.60146
15114.6 -2.6011
15115 -2.6007
15115.4 -2.60023
15115.7 -2.59971
15116.1 -2.59912
15116.5 -2.59848
15116.8 -2.5978
15117.2 -2.59705
15117.6 -2.59627
15117.9 -2.59544
15118.3 -2.59473
15118.7 -2.59387
15119 -2.593
15119.4 -2.59214
15119.8 -2.59055
15120.1 -2.58972
15120.5 -2.58891
15120.8 -2.58813
15121.2 -2.58736
15121.6 -2.58662
15121.9 -2.58588
15122.3 -2.58514
15122.7 -2.58441
15123 -2.58366
15123.4 -2.58289
15123.8 -2.58208
15124.1 -2.58125
15124.5 -2.58037
15124.9 -2.57949
15125.2 -2.57854
15125.6 -2.57664
15126 -2.57562
15126.3 -2.57456
15126.7 -2.57347
15127.1 -2.57236
15127.4 -2.57124
15127.8 -2.5701
15128.2 -2.56899
15128.5 -2.5679
15128.9 -2.56687
15129.3 -2.56588
15129.6 -2.56494
15130 -2.56405
15130.4 -2.56322
15130.7 -2.56244
15131.1 -2.56152
15131.5 -2.56081
15131.8 -2.55928
15132.2 -2.55869
15132.6 -2.55814
15132.9 -2.55763
15133.3 -2.55715
15133.7 -2.5567
15134 -2.55628
15134.4 -2.55589
15134.8 -2.55553
15135.1 -2.55521
15135.5 -2.55491
15135.9 -2.55463
15136.2 -2.55435
15136.6 -2.55405
15137 -2.55374
15137.3 -2.55341
15137.7 -2.55286
15138.1 -2.55198
15138.4 -2.55158
15138.8 -2.55116
15139.2 -2.55068
15139.5 -2.55015
15139.9 -2.54956
15140.3 -2.54891
15140.6 -2.54821
15141 -2.54745
15141.4 -2.54667
15141.7 -2.54585
15142.1 -2.545
15142.5 -2.54416
15142.8 -2.54333
15143.2 -2.5425
15143.6 -2.54169
15143.9 -2.5409
15144.3 -2.54006
15144.7 -2.53924
15145 -2.53842
15145.4 -2.53762
15145.8 -2.53681
15146.1 -2.53602
15146.5 -2.53524
15146.8 -2.53448
15147.2 -2.53376
15147.6 -2.53306
15147.9 -2.53239
15148.3 -2.53173
15148.7 -2.53106
15149 -2.5304
15149.4 -2.52977
15149.8 -2.52914
15150.1 -2.52856
15150.5 -2.52711
15150.9 -2.5262
15151.2 -2.52566
15151.6 -2.52514
15152 -2.52464
15152.3 -2.52415
15152.7 -2.5237
15153.1 -2.52326
15153.4 -2.52286
15153.8 -2.52247
15154.2 -2.52208
15154.5 -2.52171
15154.9 -2.52135
15155.3 -2.52102
15155.6 -2.52067
15156 -2.52032
15156.4 -2.51908
15156.7 -2.51868
15157.1 -2.51827
15157.5 -2.5174
15157.8 -2.51695
15158.2 -2.51649
15158.6 -2.51596
15158.9 -2.51539
15159.3 -2.51476
15159.7 -2.51407
15160 -2.51331
15160.4 -2.5125
15160.8 -2.51163
15161.1 -2.51072
15161.5 -2.50974
15161.9 -2.50871
15162.2 -2.50764
15162.6 -2.50563
15163 -2.50451
15163.3 -2.50338
15163.7 -2.50224
15164.1 -2.5014
15164.4 -2.50029
15164.8 -2.49921
15165.2 -2.49818
15165.5 -2.49718
15165.9 -2.49623
15166.3 -2.49532
15166.6 -2.49445
15167 -2.49364
15167.4 -2.49288
15167.7 -2.49217
15168.1 -2.4915
15168.5 -2.49086
15168.8 -2.48953
15169.2 -2.48897
15169.6 -2.48843
15169.9 -2.48792
15170.3 -2.48722
15170.7 -2.48672
15171 -2.48622
15171.4 -2.48573
15171.8 -2.48523
15172.1 -2.48473
15172.5 -2.48423
15172.9 -2.4837
15173.2 -2.48315
15173.6 -2.48258
15173.9 -2.48199
15174.3 -2.48138
15174.7 -2.48072
15175 -2.47929
15175.4 -2.47855
15175.8 -2.47778
15176.1 -2.47697
15176.5 -2.47614
15176.9 -2.47539
15177.2 -2.47453
15177.6 -2.47364
15178 -2.47272
15178.3 -2.47179
15178.7 -2.47086
15179.1 -2.46992
15179.4 -2.46899
15179.8 -2.46811
15180.2 -2.46726
15180.5 -2.46647
15180.9 -2.46573
15181.3 -2.46447
15181.6 -2.46385
15182 -2.4633
15182.4 -2.46282
15182.7 -2.46242
15183.1 -2.46207
15183.5 -2.46165
15183.8 -2.46137
15184.2 -2.46113
15184.6 -2.46091
15184.9 -2.46074
15185.3 -2.46057
15185.7 -2.46043
15186 -2.46029
15186.4 -2.46014
15186.8 -2.45998
15187.1 -2.45982
15187.5 -2.45911
15187.9 -2.45892
15188.2 -2.45871
15188.6 -2.45848
15189 -2.45821
15189.3 -2.45793
15189.7 -2.45762
15190.1 -2.45704
15190.4 -2.4567
15190.8 -2.45632
15191.2 -2.4559
15191.5 -2.45545
15191.9 -2.45494
15192.3 -2.45439
15192.6 -2.4538
15193 -2.45316
15193.4 -2.45188
15193.7 -2.45113
15194.1 -2.45034
15194.5 -2.44947
15194.8 -2.44857
15195.2 -2.44764
15195.6 -2.4467
15195.9 -2.44577
15196.3 -2.44485
15196.7 -2.44421
15197 -2.44331
15197.4 -2.44247
15197.8 -2.44164
15198.1 -2.44086
15198.5 -2.44012
15198.9 -2.43944
15199.2 -2.43881
15199.6 -2.43761
15200 -2.4371
15200.3 -2.43665
15200.7 -2.43624
15201 -2.43588
15201.4 -2.43558
15201.8 -2.4353
15202.1 -2.43508
15202.5 -2.43488
15202.9 -2.43429
15203.2 -2.43415
15203.6 -2.43407
15204 -2.43403
15204.3 -2.43406
15204.7 -2.43416
15205.1 -2.43432
15205.4 -2.43454
15205.8 -2.43456
15206.2 -2.43494
15206.5 -2.43538
15206.9 -2.43584
15207.3 -2.43634
15207.6 -2.43686
15208 -2.43742
15208.4 -2.43797
15208.7 -2.43852
15209.1 -2.43904
15209.5 -2.43887
15209.8 -2.43933
15210.2 -2.43974
15210.6 -2.44012
15210.9 -2.44046
15211.3 -2.44074
15211.7 -2.44097
15212 -2.44067
15212.4 -2.44075
15212.8 -2.44077
15213.1 -2.44074
15213.5 -2.44066
15213.9 -2.44054
15214.2 -2.4404
15214.6 -2.44022
15215 -2.44001
15215.3 -2.4398
15215.7 -2.43957
15216.1 -2.43886
15216.4 -2.43862
15216.8 -2.43838
15217.2 -2.43816
15217.5 -2.43793
15217.9 -2.43774
15218.3 -2.4369
15218.6 -2.43678
15219 -2.43668
15219.4 -2.43663
15219.7 -2.43662
15220.1 -2.43665
15220.5 -2.43672
15220.8 -2.43683
15221.2 -2.43697
15221.6 -2.43716
15221.9 -2.43736
15222.3 -2.43756
15222.7 -2.43716
15223 -2.43738
15223.4 -2.43758
15223.8 -2.43778
15224.1 -2.43752
15224.5 -2.43767
15224.9 -2.43779
15225.2 -2.43788
15225.6 -2.43795
15226 -2.43801
15226.3 -2.43806
15226.7 -2.43807
15227 -2.43806
15227.4 -2.43801
15227.8 -2.43794
15228.1 -2.43785
15228.5 -2.43774
15228.9 -2.4376
15229.2 -2.43685
15229.6 -2.43668
15230 -2.43649
15230.3 -2.43547
15230.7 -2.43521
15231.1 -2.43494
15231.4 -2.43466
15231.8 -2.43439
15232.2 -2.4341
15232.5 -2.43382
15232.9 -2.43352
15233.3 -2.43322
15233.6 -2.43293
15234 -2.43265
15234.4 -2.4324
15234.7 -2.43216
15235.1 -2.43195
15235.5 -2.43175
15235.8 -2.43099
15236.2 -2.43082
15236.6 -2.42995
15236.9 -2.42986
15237.3 -2.42979
15237.7 -2.42974
15238 -2.42972
15238.4 -2.4297
15238.8 -2.42969
15239.1 -2.42969
15239.5 -2.4297
15239.9 -2.42973
15240.2 -2.42973
15240.6 -2.42973
15241 -2.42969
15241.3 -2.42963
15241.7 -2.42956
15242.1 -2.42897
15242.4 -2.4289
15242.8 -2.42824
15243.2 -2.42816
15243.5 -2.42806
15243.9 -2.42795
15244.3 -2.42783
15244.6 -2.42773
15245 -2.42764
15245.4 -2.42755
15245.7 -2.42749
15246.1 -2.42742
15246.5 -2.42737
15246.8 -2.42731
15247.2 -2.42726
15247.6 -2.42722
15247.9 -2.42719
15248.3 -2.42716
15248.7 -2.4264
15249 -2.4256
15249.4 -2.4256
15249.8 -2.4256
15250.1 -2.42562
15250.5 -2.42566
15250.9 -2.42572
15251.2 -2.4258
15251.6 -2.42591
15252 -2.42604
15252.3 -2.42617
15252.7 -2.4263
15253.1 -2.42644
15253.4 -2.42658
15253.8 -2.42673
15254.1 -2.42689
15254.5 -2.42705
15254.9 -2.42722
15255.2 -2.42643
15255.6 -2.42669
15256 -2.42696
15256.3 -2.42722
15256.7 -2.4275
15257.1 -2.42776
15257.4 -2.42803
15257.8 -2.4283
15258.2 -2.42857
15258.5 -2.42886
15258.9 -2.42915
15259.3 -2.42942
15259.6 -2.42968
15260 -2.42992
15260.4 -2.43013
15260.7 -2.43033
15261.1 -2.43036
15261.5 -2.4305
15261.8 -2.43031
15262.2 -2.43039
15262.6 -2.43046
15262.9 -2.4305
15263.3 -2.43053
15263.7 -2.43055
15264 -2.43056
15264.4 -2.43055
15264.8 -2.43053
15265.1 -2.43049
15265.5 -2.43044
15265.9 -2.43037
15266.2 -2.43031
15266.6 -2.43024
15267 -2.43016
15267.3 -2.42971
15267.7 -2.42962
15268.1 -2.4295
15268.4 -2.42911
15268.8 -2.42898
15269.2 -2.42885
15269.5 -2.42871
15269.9 -2.42859
15270.3 -2.42847
15270.6 -2.42833
15271 -2.42818
15271.4 -2.428
15271.7 -2.4278
15272.1 -2.42758
15272.5 -2.42735
15272.8 -2.42709
15273.2 -2.42681
15273.6 -2.42588
15273.9 -2.42555
15274.3 -2.42519
15274.7 -2.42451
15275 -2.42413
15275.4 -2.42372
15275.8 -2.42332
15276.1 -2.42293
15276.5 -2.42254
15276.9 -2.42214
15277.2 -2.42175
15277.6 -2.42135
15278 -2.42097
15278.3 -2.42063
15278.7 -2.42033
15279.1 -2.42007
15279.4 -2.41985
15279.8 -2.4193
15280.2 -2.41917
15280.5 -2.41905
15280.9 -2.41897
15281.2 -2.41883
15281.6 -2.41882
15282 -2.41882
15282.3 -2.41882
15282.7 -2.41884
15283.1 -2.41885
15283.4 -2.41883
15283.8 -2.41878
15284.2 -2.41868
15284.5 -2.41853
15284.9 -2.41832
15285.3 -2.41807
15285.6 -2.41776
15286 -2.41738
15286.4 -2.41692
15286.7 -2.41636
15287.1 -2.41571
15287.5 -2.41499
15287.8 -2.41479
15288.2 -2.41394
15288.6 -2.41303
15288.9 -2.41204
15289.3 -2.41097
15289.7 -2.40986
15290 -2.40869
15290.4 -2.40751
15290.8 -2.40631
15291.1 -2.40511
15291.5 -2.40391
15291.9 -2.40214
15292.2 -2.40092
15292.6 -2.3997
15293 -2.3985
15293.3 -2.39732
15293.7 -2.39616
15294.1 -2.39503
15294.4 -2.39446
15294.8 -2.39338
15295.2 -2.3923
15295.5 -2.39124
15295.9 -2.39021
15296.3 -2.38919
15296.6 -2.3882
15297 -2.38725
15297.4 -2.38631
15297.7 -2.38541
15298.1 -2.38418
15298.5 -2.3833
15298.8 -2.38244
15299.2 -2.38161
15299.6 -2.38081
15299.9 -2.38
15300.3 -2.37917
15300.7 -2.37828
15301 -2.37812
15301.4 -2.3772
15301.8 -2.37624
15302.1 -2.37522
15302.5 -2.37413
15302.9 -2.373
15303.2 -2.37178
15303.6 -2.37046
15304 -2.36901
15304.3 -2.36752
15304.7 -2.36584
15305.1 -2.36401
15305.4 -2.36203
15305.8 -2.35984
15306.2 -2.35741
15306.5 -2.35471
15306.9 -2.35168
15307.3 -2.35172
15307.6 -2.34833
15308 -2.34457
15308.3 -2.34039
15308.7 -2.33576
15309.1 -2.33076
15309.4 -2.32565
15309.8 -2.32086
15310.2 -2.31649
15310.5 -2.31261
15310.9 -2.30902
15311.3 -2.3057
15311.6 -2.3026
15312 -2.29967
15312.4 -2.29688
15312.7 -2.29415
15313.1 -2.29149
15313.5 -2.28885
15313.8 -2.28928
15314.2 -2.2867
15314.6 -2.28412
15314.9 -2.28152
15315.3 -2.27892
15315.7 -2.27625
15316 -2.27348
15316.4 -2.27057
15316.8 -2.26855
15317.1 -2.26549
15317.5 -2.26241
15317.9 -2.25945
15318.2 -2.25671
15318.6 -2.2542
15319 -2.25191
15319.3 -2.24983
15319.7 -2.24792
15320.1 -2.24616
15320.4 -2.24743
15320.8 -2.24581
15321.2 -2.24432
15321.5 -2.24294
15321.9 -2.24169
15322.3 -2.24054
15322.6 -2.23948
15323 -2.23963
15323.4 -2.2387
15323.7 -2.23783
15324.1 -2.23701
15324.5 -2.23619
15324.8 -2.23537
15325.2 -2.23455
15325.6 -2.23373
15325.9 -2.23293
15326.3 -2.23213
15326.7 -2.23133
15327 -2.23182
15327.4 -2.23096
15327.8 -2.23008
15328.1 -2.22918
15328.5 -2.22828
15328.9 -2.22755
15329.2 -2.22659
15329.6 -2.22565
15330 -2.22472
15330.3 -2.22378
15330.7 -2.22285
15331.1 -2.22192
15331.4 -2.22098
15331.8 -2.22002
15332.2 -2.21905
15332.5 -2.21805
15332.9 -2.21703
15333.3 -2.21599
15333.6 -2.21588
15334 -2.21481
15334.3 -2.21371
15334.7 -2.21256
15335.1 -2.21124
15335.4 -2.21002
15335.8 -2.20876
15336.2 -2.20747
15336.5 -2.20614
15336.9 -2.20478
15337.3 -2.2034
15337.6 -2.202
15338 -2.20057
15338.4 -2.1991
15338.7 -2.19761
15339.1 -2.19609
15339.5 -2.19456
15339.8 -2.19302
15340.2 -2.19295
15340.6 -2.19142
15340.9 -2.1899
15341.3 -2.18837
15341.7 -2.1869
15342 -2.18545
15342.4 -2.18401
15342.8 -2.18257
15343.1 -2.18111
15343.5 -2.17961
15343.9 -2.17807
15344.2 -2.17651
15344.6 -2.17495
15345 -2.17339
15345.3 -2.17181
15345.7 -2.17019
15346.1 -2.16849
15346.4 -2.16882
15346.8 -2.16708
15347.2 -2.16534
15347.5 -2.16415
15347.9 -2.16266
15348.3 -2.16129
15348.6 -2.16004
15349 -2.15892
15349.4 -2.15792
15349.7 -2.15708
15350.1 -2.15638
15350.5 -2.15583
15350.8 -2.1554
15351.2 -2.15505
15351.6 -2.15478
15351.9 -2.15457
15352.3 -2.15442
15352.7 -2.15434
15353 -2.15497
15353.4 -2.15491
15353.8 -2.15541
15354.1 -2.15536
15354.5 -2.15531
15354.9 -2.15525
15355.2 -2.15517
15355.6 -2.15508
15356 -2.15499
15356.3 -2.1549
15356.7 -2.15479
15357.1 -2.15468
15357.4 -2.15457
15357.8 -2.15449
15358.2 -2.15443
15358.5 -2.1544
15358.9 -2.15437
15359.3 -2.15434
15359.6 -2.15458
15360 -2.15455
15360.4 -2.15453
15360.7 -2.15453
15361.1 -2.15453
15361.4 -2.15457
15361.8 -2.15462
15362.2 -2.15469
15362.5 -2.15478
15362.9 -2.15486
15363.3 -2.15496
15363.6 -2.15508
15364 -2.15521
15364.4 -2.15536
15364.7 -2.15552
15365.1 -2.15569
15365.5 -2.15587
15365.8 -2.15632
15366.2 -2.1566
15366.6 -2.15672
15366.9 -2.15683
15367.3 -2.1569
15367.7 -2.15693
15368 -2.15691
15368.4 -2.15685
15368.8 -2.15672
15369.1 -2.15656
15369.5 -2.15636
15369.9 -2.15612
15370.2 -2.15584
15370.6 -2.15552
15371 -2.15515
15371.3 -2.15474
15371.7 -2.15429
15372.1 -2.1538
15372.4 -2.15328
15372.8 -2.15327
15373.2 -2.15273
15373.5 -2.15215
15373.9 -2.15156
15374.3 -2.15096
15374.6 -2.15031
15375 -2.14967
15375.4 -2.14901
15375.7 -2.14835
15376.1 -2.1477
15376.5 -2.14706
15376.8 -2.14642
15377.2 -2.14577
15377.6 -2.14513
15377.9 -2.14449
15378.3 -2.14405
15378.7 -2.1435
15379 -2.14374
15379.4 -2.14325
15379.8 -2.14278
15380.1 -2.1423
15380.5 -2.14184
15380.9 -2.14137
15381.2 -2.14095
15381.6 -2.14054
15382 -2.14017
15382.3 -2.13984
15382.7 -2.13951
15383.1 -2.13922
15383.4 -2.13896
15383.8 -2.13873
15384.2 -2.13855
15384.5 -2.13918
15384.9 -2.13912
15385.3 -2.13911
15385.6 -2.13998
15386 -2.14007
15386.4 -2.14023
15386.7 -2.1404
15387.1 -2.1406
15387.5 -2.14081
15387.8 -2.14105
15388.2 -2.14131
15388.5 -2.1416
15388.9 -2.1419
15389.3 -2.1422
15389.6 -2.14249
15390 -2.14279
15390.4 -2.1431
15390.7 -2.14429
15391.1 -2.14461
15391.5 -2.14494
15391.8 -2.14523
15392.2 -2.14606
15392.6 -2.14631
15392.9 -2.14656
15393.3 -2.14678
15393.7 -2.14701
15394 -2.14723
15394.4 -2.14745
15394.8 -2.14764
15395.1 -2.14781
15395.5 -2.14796
15395.9 -2.14813
15396.2 -2.1483
15396.6 -2.14915
15397 -2.14928
15397.3 -2.14944
15397.7 -2.1496
15398.1 -2.14981
15398.4 -2.15008
15398.8 -2.1506
15399.2 -2.15088
15399.5 -2.15117
15399.9 -2.15147
15400.3 -2.15175
15400.6 -2.15204
15401 -2.15235
15401.4 -2.15266
15401.7 -2.15302
15402.1 -2.15337
15402.5 -2.15372
15402.8 -2.15434
15403.2 -2.15461
15403.6 -2.15485
15403.9 -2.15504
15404.3 -2.15518
15404.7 -2.15526
15405 -2.15527
15405.4 -2.1554
15405.8 -2.15532
15406.1 -2.15517
15406.5 -2.15493
15406.9 -2.1546
15407.2 -2.15419
15407.6 -2.15371
15408 -2.15318
15408.3 -2.15261
15408.7 -2.15202
15409.1 -2.15147
15409.4 -2.15086
15409.8 -2.15029
15410.2 -2.14972
15410.5 -2.14917
15410.9 -2.14866
15411.3 -2.14819
15411.6 -2.14775
15412 -2.14785
15412.4 -2.14748
15412.7 -2.14713
15413.1 -2.14677
15413.5 -2.14642
15413.8 -2.14606
15414.2 -2.14569
15414.5 -2.14533
15414.9 -2.14498
15415.3 -2.14471
15415.6 -2.14432
15416 -2.14391
15416.4 -2.14348
15416.7 -2.14303
15417.1 -2.14253
15417.5 -2.14202
15417.8 -2.14146
15418.2 -2.14155
15418.6 -2.14095
15418.9 -2.14032
15419.3 -2.13963
15419.7 -2.13889
15420 -2.13808
15420.4 -2.13715
15420.8 -2.13612
15421.1 -2.13493
15421.5 -2.13375
15421.9 -2.13228
15422.2 -2.13067
15422.6 -2.12891
15423 -2.127
15423.3 -2.12494
15423.7 -2.12276
15424.1 -2.1205
15424.4 -2.11816
15424.8 -2.11802
15425.2 -2.11558
15425.5 -2.11311
15425.9 -2.11064
15426.3 -2.10824
15426.6 -2.10593
15427 -2.10371
15427.4 -2.1013
15427.7 -2.09932
15428.1 -2.09743
15428.5 -2.09567
15428.8 -2.094
15429.2 -2.09243
15429.6 -2.09093
15429.9 -2.08952
15430.3 -2.08818
15430.7 -2.0869
15431 -2.08569
15431.4 -2.08535
15431.8 -2.0842
15432.1 -2.08308
15432.5 -2.08199
15432.9 -2.08093
15433.2 -2.07989
15433.6 -2.07851
15434 -2.07749
15434.3 -2.07649
15434.7 -2.07551
15435.1 -2.07453
15435.4 -2.07356
15435.8 -2.07259
15436.2 -2.07162
15436.5 -2.07066
15436.9 -2.06965
15437.3 -2.06863
15437.6 -2.06759
15438 -2.06738
15438.4 -2.06629
15438.7 -2.06512
15439.1 -2.06389
15439.5 -2.06258
15439.8 -2.06108
15440.2 -2.05962
15440.6 -2.05807
15440.9 -2.05642
15441.3 -2.05464
15441.6 -2.05274
15442 -2.05072
15442.4 -2.04859
15442.7 -2.04639
15443.1 -2.04417
15443.5 -2.04193
15443.8 -2.0397
15444.2 -2.03748
15444.6 -2.03744
15444.9 -2.03526
15445.3 -2.03309
15445.7 -2.03094
15446 -2.02877
15446.4 -2.02664
15446.8 -2.02452
15447.1 -2.02242
15447.5 -2.02034
15447.9 -2.01826
15448.2 -2.01617
15448.6 -2.01404
15449 -2.01188
15449.3 -2.00971
15449.7 -2.00755
15450.1 -2.00538
15450.4 -2.00319
15450.8 -2.003
15451.2 -2.00072
15451.5 -1.99842
15451.9 -1.99611
15452.3 -1.99348
15452.6 -1.99122
15453 -1.98901
15453.4 -1.98682
15453.7 -1.98466
15454.1 -1.98254
15454.5 -1.98045
15454.8 -1.97839
15455.2 -1.97638
15455.6 -1.97443
15455.9 -1.97255
15456.3 -1.97074
15456.7 -1.96901
15457 -1.96737
15457.4 -1.967
15457.8 -1.96547
15458.1 -1.96402
15458.5 -1.96236
15458.9 -1.9611
15459.2 -1.9599
15459.6 -1.95878
15460 -1.95773
15460.3 -1.95678
15460.7 -1.95591
15461.1 -1.95513
15461.4 -1.95446
15461.8 -1.95387
15462.2 -1.95338
15462.5 -1.95294
15462.9 -1.95258
15463.3 -1.95228
15463.6 -1.95206
15464 -1.95196
15464.4 -1.95173
15464.7 -1.95165
15465.1 -1.9516
15465.5 -1.95157
15465.8 -1.95157
15466.2 -1.9516
15466.6 -1.95165
15466.9 -1.95174
15467.3 -1.95184
15467.7 -1.95193
15468 -1.95205
15468.4 -1.95216
15468.7 -1.95228
15469.1 -1.95241
15469.5 -1.95255
15469.8 -1.95269
15470.2 -1.95284
15470.6 -1.95211
15470.9 -1.95219
15471.3 -1.95229
15471.7 -1.95235
15472 -1.95242
15472.4 -1.95246
15472.8 -1.95248
15473.1 -1.9525
15473.5 -1.9525
15473.9 -1.95249
15474.2 -1.95247
15474.6 -1.95242
15475 -1.95237
15475.3 -1.95229
15475.7 -1.95219
15476.1 -1.95207
15476.4 -1.95196
15476.8 -1.95135
15477.2 -1.95089
15477.5 -1.95074
15477.9 -1.95053
15478.3 -1.95028
15478.6 -1.94999
15479 -1.94964
15479.4 -1.94924
15479.7 -1.94879
15480.1 -1.94828
15480.5 -1.94769
15480.8 -1.94703
15481.2 -1.9463
15481.6 -1.94553
15481.9 -1.94468
15482.3 -1.94379
15482.7 -1.94283
15483 -1.94113
15483.4 -1.94007
15483.8 -1.93933
15484.1 -1.93826
15484.5 -1.93716
15484.9 -1.93605
15485.2 -1.93494
15485.6 -1.93384
15486 -1.93275
15486.3 -1.93171
15486.7 -1.93071
15487.1 -1.92977
15487.4 -1.92888
15487.8 -1.92802
15488.2 -1.92722
15488.5 -1.92647
15488.9 -1.92578
15489.3 -1.92464
15489.6 -1.9241
15490 -1.92358
15490.4 -1.92312
15490.7 -1.92269
15491.1 -1.92229
15491.5 -1.92193
15491.8 -1.9216
15492.2 -1.9213
15492.6 -1.92102
15492.9 -1.92077
15493.3 -1.92052
15493.7 -1.92029
15494 -1.92006
15494.4 -1.91982
15494.8 -1.91957
15495.1 -1.91868
15495.5 -1.91841
15495.8 -1.91815
15496.2 -1.91788
15496.6 -1.91721
15496.9 -1.91692
15497.3 -1.91662
15497.7 -1.91631
15498 -1.91595
15498.4 -1.9156
15498.8 -1.91521
15499.1 -1.91484
15499.5 -1.91445
15499.9 -1.91405
15500.2 -1.91364
15500.6 -1.91318
15501 -1.91269
15501.3 -1.91151
15501.7 -1.911
15502.1 -1.91051
15502.4 -1.91003
15502.8 -1.90957
15503.2 -1.909
15503.5 -1.90858
15503.9 -1.9082
15504.3 -1.90784
15504.6 -1.90752
15505 -1.90724
15505.4 -1.90701
15505.7 -1.90685
15506.1 -1.90672
15506.5 -1.90664
15506.8 -1.90662
15507.2 -1.90664
15507.6 -1.90648
15507.9 -1.90663
15508.3 -1.90684
15508.7 -1.90707
15509 -1.90735
15509.4 -1.90766
15509.8 -1.9075
15510.1 -1.90781
15510.5 -1.90813
15510.9 -1.90845
15511.2 -1.90878
15511.6 -1.90913
15512 -1.90947
15512.3 -1.90981
15512.7 -1.91013
15513.1 -1.91044
15513.4 -1.91075
15513.8 -1.91068
15514.2 -1.91095
15514.5 -1.91121
15514.9 -1.91145
15515.3 -1.91166
15515.6 -1.91186
15516 -1.91204
15516.4 -1.91148
15516.7 -1.91166
15517.1 -1.91183
15517.5 -1.91202
15517.8 -1.91222
15518.2 -1.91242
15518.6 -1.91263
15518.9 -1.91285
15519.3 -1.91308
15519.7 -1.91331
15520 -1.91314
15520.4 -1.91342
15520.8 -1.91373
15521.1 -1.91403
15521.5 -1.91435
15521.8 -1.91467
15522.2 -1.91499
15522.6 -1.91466
15522.9 -1.91496
15523.3 -1.91526
15523.7 -1.91553
15524 -1.91579
15524.4 -1.91603
15524.8 -1.91625
15525.1 -1.91644
15525.5 -1.9166
15525.9 -1.91632
15526.2 -1.91638
15526.6 -1.91639
15527 -1.91635
15527.3 -1.91627
15527.7 -1.91614
15528.1 -1.91595
15528.4 -1.91574
15528.8 -1.91548
15529.2 -1.91492
15529.5 -1.91463
15529.9 -1.91431
15530.3 -1.91396
15530.6 -1.91359
15531 -1.91318
15531.4 -1.91274
15531.7 -1.91229
15532.1 -1.91115
15532.5 -1.91068
15532.8 -1.91022
15533.2 -1.90974
15533.6 -1.90927
15533.9 -1.90878
15534.3 -1.9083
15534.7 -1.90784
15535 -1.90739
15535.4 -1.90694
15535.8 -1.9062
15536.1 -1.90576
15536.5 -1.90533
15536.9 -1.9049
15537.2 -1.90446
15537.6 -1.90405
15538 -1.90363
15538.3 -1.90244
15538.7 -1.90205
15539.1 -1.90167
15539.4 -1.9013
15539.8 -1.90093
15540.2 -1.90057
15540.5 -1.9002
15540.9 -1.89982
15541.3 -1.89943
15541.6 -1.89904
15542 -1.89864
15542.4 -1.89786
15542.7 -1.89747
15543.1 -1.89708
15543.5 -1.89669
15543.8 -1.89629
15544.2 -1.8959
15544.6 -1.89478
15544.9 -1.89436
15545.3 -1.89395
15545.7 -1.89353
15546 -1.89314
15546.4 -1.89276
15546.8 -1.89241
15547.1 -1.89207
15547.5 -1.89175
15547.9 -1.89145
15548.2 -1.89119
15548.6 -1.89097
15548.9 -1.89051
15549.3 -1.89035
15549.7 -1.89023
15550 -1.89013
15550.4 -1.89008
15550.8 -1.88963
15551.1 -1.88965
15551.5 -1.88969
15551.9 -1.88976
15552.2 -1.88985
15552.6 -1.88995
15553 -1.89008
15553.3 -1.89021
15553.7 -1.89034
15554.1 -1.89046
15554.4 -1.89058
15554.8 -1.89068
15555.2 -1.89075
15555.5 -1.89
15555.9 -1.89002
15556.3 -1.89001
15556.6 -1.88998
15557 -1.88901
15557.4 -1.88889
15557.7 -1.88876
15558.1 -1.8886
15558.5 -1.88844
15558.8 -1.88825
15559.2 -1.88807
15559.6 -1.88787
15559.9 -1.88767
15560.3 -1.88747
15560.7 -1.88727
15561 -1.88705
15561.4 -1.88684
15561.8 -1.88577
15562.1 -1.88555
15562.5 -1.88535
15562.9 -1.88408
15563.2 -1.88387
15563.6 -1.88364
15564 -1.88342
15564.3 -1.88319
15564.7 -1.88293
15565.1 -1.88268
15565.4 -1.88241
15565.8 -1.88213
15566.2 -1.88185
15566.5 -1.88155
15566.9 -1.88126
15567.3 -1.88097
15567.6 -1.88065
15568 -1.88034
15568.4 -1.8794
15568.7 -1.8791
15569.1 -1.87789
15569.5 -1.8776
15569.8 -1.8773
15570.2 -1.87697
15570.6 -1.87663
15570.9 -1.87628
15571.3 -1.87592
15571.7 -1.87556
15572 -1.87517
15572.4 -1.87476
15572.8 -1.87434
15573.1 -1.87389
15573.5 -1.87342
15573.9 -1.87294
15574.2 -1.87247
15574.6 -1.87199
15575 -1.87126
15575.3 -1.87006
15575.7 -1.86958
15576 -1.86909
15576.4 -1.86861
15576.8 -1.86812
15577.1 -1.86763
15577.5 -1.86716
15577.9 -1.86668
15578.2 -1.86622
15578.6 -1.86577
15579 -1.86532
15579.3 -1.86487
15579.7 -1.86439
15580.1 -1.86389
15580.4 -1.86338
15580.8 -1.86285
15581.2 -1.86231
15581.5 -1.86091
15581.9 -1.86033
15582.3 -1.8597
15582.6 -1.85905
15583 -1.85836
15583.4 -1.85764
15583.7 -1.85689
15584.1 -1.85611
15584.5 -1.85529
15584.8 -1.85445
15585.2 -1.8536
15585.6 -1.85275
15585.9 -1.85191
15586.3 -1.85107
15586.7 -1.85026
15587 -1.84944
15587.4 -1.8486
15587.8 -1.84686
15588.1 -1.84595
15588.5 -1.84502
15588.9 -1.84408
15589.2 -1.84312
15589.6 -1.84216
15590 -1.84117
15590.3 -1.84017
15590.7 -1.83916
15591.1 -1.83816
15591.4 -1.83715
15591.8 -1.83614
15592.2 -1.83513
15592.5 -1.83411
15592.9 -1.8331
15593.3 -1.83209
15593.6 -1.82993
15594 -1.82894
15594.4 -1.82779
15594.7 -1.82679
15595.1 -1.82579
15595.5 -1.8248
15595.8 -1.82379
15596.2 -1.82278
15596.6 -1.82177
15596.9 -1.82077
15597.3 -1.81978
15597.7 -1.8188
15598 -1.81783
15598.4 -1.81687
15598.8 -1.81594
15599.1 -1.81503
15599.5 -1.81414
15599.9 -1.81216
15600.2 -1.81136
15600.6 -1.81061
15601 -1.80951
15601.3 -1.80881
15601.7 -1.80815
15602 -1.80756
15602.4 -1.807
15602.8 -1.80648
15603.1 -1.80601
15603.5 -1.80557
15603.9 -1.80517
15604.2 -1.80479
15604.6 -1.80443
15605 -1.80409
15605.3 -1.80376
15605.7 -1.80346
15606.1 -1.80238
15606.4 -1.80211
15606.8 -1.80184
15607.2 -1.80157
15607.5 -1.8008
15607.9 -1.80053
15608.3 -1.80025
15608.6 -1.79995
15609 -1.79964
15609.4 -1.79932
15609.7 -1.79898
15610.1 -1.79864
15610.5 -1.79828
15610.8 -1.7979
15611.2 -1.79752
15611.6 -1.7971
15611.9 -1.79666
15612.3 -1.79536
15612.7 -1.79485
15613 -1.7943
15613.4 -1.79371
15613.8 -1.79308
15614.1 -1.79221
15614.5 -1.79156
15614.9 -1.79088
15615.2 -1.79018
15615.6 -1.78944
15616 -1.78867
15616.3 -1.78787
15616.7 -1.78709
15617.1 -1.78631
15617.4 -1.78555
15617.8 -1.78482
15618.2 -1.7841
15618.5 -1.78241
15618.9 -1.7817
15619.3 -1.78102
15619.6 -1.78036
15620 -1.77971
15620.4 -1.77907
15620.7 -1.77808
15621.1 -1.77743
15621.5 -1.77679
15621.8 -1.77615
15622.2 -1.77551
15622.6 -1.77486
15622.9 -1.77422
15623.3 -1.77355
15623.7 -1.77287
15624 -1.77217
15624.4 -1.77041
15624.8 -1.76966
15625.1 -1.76892
15625.5 -1.76817
15625.9 -1.76738
15626.2 -1.76658
15626.6 -1.76575
15627 -1.76491
15627.3 -1.76388
15627.7 -1.76302
15628.1 -1.76215
15628.4 -1.76127
15628.8 -1.76038
15629.1 -1.75949
15629.5 -1.75859
15629.9 -1.7577
15630.2 -1.75682
15630.6 -1.75507
15631 -1.75423
15631.3 -1.75341
15631.7 -1.75259
15632.1 -1.75181
15632.4 -1.75105
15632.8 -1.75032
15633.2 -1.74959
15633.5 -1.74883
15633.9 -1.7481
15634.3 -1.74738
15634.6 -1.74667
15635 -1.74598
15635.4 -1.74529
15635.7 -1.74458
15636.1 -1.74387
15636.5 -1.74316
15636.8 -1.74162
15637.2 -1.74092
15637.6 -1.74024
15637.9 -1.73957
15638.3 -1.73891
15638.7 -1.73827
15639 -1.73766
15639.4 -1.73709
15639.8 -1.73657
15640.1 -1.73569
15640.5 -1.73521
15640.9 -1.73478
15641.2 -1.73439
15641.6 -1.73402
15642 -1.7337
15642.3 -1.7334
15642.7 -1.73314
15643.1 -1.73205
15643.4 -1.73183
15643.8 -1.73164
15644.2 -1.73146
15644.5 -1.73127
15644.9 -1.73109
15645.3 -1.73092
15645.6 -1.73075
15646 -1.73056
15646.4 -1.73035
15646.7 -1.72961
15647.1 -1.72938
15647.5 -1.72909
15647.8 -1.72877
15648.2 -1.7284
15648.6 -1.72799
15648.9 -1.72752
15649.3 -1.72623
15649.7 -1.7256
15650 -1.72491
15650.4 -1.72415
15650.8 -1.72331
15651.1 -1.7224
15651.5 -1.72141
15651.9 -1.72034
15652.2 -1.71922
15652.6 -1.71806
15653 -1.71686
15653.3 -1.71619
15653.7 -1.71496
15654.1 -1.71368
15654.4 -1.71238
15654.8 -1.71107
15655.2 -1.70977
15655.5 -1.70794
15655.9 -1.70672
15656.2 -1.70554
15656.6 -1.70441
15657 -1.70336
15657.3 -1.70239
15657.7 -1.70148
15658.1 -1.70063
15658.4 -1.69982
15658.8 -1.69907
15659.2 -1.69837
15659.5 -1.69774
15659.9 -1.69714
15660.3 -1.69655
15660.6 -1.69601
15661 -1.6955
15661.4 -1.69443
15661.7 -1.69399
15662.1 -1.69359
15662.5 -1.69321
15662.8 -1.69286
15663.2 -1.69253
15663.6 -1.69221
15663.9 -1.69193
15664.3 -1.69165
15664.7 -1.6914
15665 -1.69116
15665.4 -1.69094
15665.8 -1.69072
15666.1 -1.69023
15666.5 -1.69004
15666.9 -1.68984
15667.2 -1.68967
15667.6 -1.68915
15668 -1.68901
15668.3 -1.68887
15668.7 -1.68874
15669.1 -1.68862
15669.4 -1.68851
15669.8 -1.68842
15670.2 -1.68833
15670.5 -1.68825
15670.9 -1.68817
15671.3 -1.6881
15671.6 -1.68801
15672 -1.68793
15672.4 -1.68784
15672.7 -1.68792
15673.1 -1.68781
15673.5 -1.68767
15673.8 -1.68753
15674.2 -1.68729
15674.6 -1.68698
15674.9 -1.68661
15675.3 -1.68616
15675.7 -1.68564
15676 -1.68507
15676.4 -1.68446
15676.8 -1.68382
15677.1 -1.68315
15677.5 -1.68244
15677.9 -1.68171
15678.2 -1.68095
15678.6 -1.68019
15679 -1.67944
15679.3 -1.67907
15679.7 -1.67831
15680.1 -1.67715
15680.4 -1.67641
15680.8 -1.67566
15681.2 -1.67491
15681.5 -1.67416
15681.9 -1.67343
15682.3 -1.67272
15682.6 -1.67201
15683 -1.67132
15683.3 -1.67061
15683.7 -1.66988
15684.1 -1.66914
15684.4 -1.6684
15684.8 -1.66766
15685.2 -1.66694
15685.5 -1.66621
15685.9 -1.66593
15686.3 -1.66504
15686.6 -1.66438
15687 -1.66372
15687.4 -1.66307
15687.7 -1.66246
15688.1 -1.66187
15688.5 -1.6613
15688.8 -1.66071
15689.2 -1.66009
15689.6 -1.65945
15689.9 -1.65879
15690.3 -1.65812
15690.7 -1.65743
15691 -1.65672
15691.4 -1.65595
15691.8 -1.65515
15692.1 -1.65437
15692.5 -1.6544
15692.9 -1.65353
15693.2 -1.65267
15693.6 -1.65182
15694 -1.65096
15694.3 -1.65009
15694.7 -1.64922
15695.1 -1.64834
15695.4 -1.64746
15695.8 -1.6466
15696.2 -1.64575
15696.5 -1.64491
15696.9 -1.64407
15697.3 -1.64323
15697.6 -1.64241
15698 -1.64161
15698.4 -1.64067
15698.7 -1.63997
15699.1 -1.63979
15699.5 -1.63916
15699.8 -1.63862
15700.2 -1.63815
15700.6 -1.63774
15700.9 -1.63739
15701.3 -1.63709
15701.7 -1.63686
15702 -1.63669
15702.4 -1.63658
15702.8 -1.63651
15703.1 -1.63649
15703.5 -1.6365
15703.9 -1.63652
15704.2 -1.63657
15704.6 -1.63634
15705 -1.63642
15705.3 -1.63607
15705.7 -1.63618
15706.1 -1.63631
15706.4 -1.63645
15706.8 -1.6366
15707.2 -1.63679
15707.5 -1.63699
15707.9 -1.63721
15708.3 -1.63746
15708.6 -1.63771
15709 -1.63795
15709.3 -1.6382
15709.7 -1.63842
15710.1 -1.63863
15710.4 -1.63882
15710.8 -1.63872
15711.2 -1.63887
15711.5 -1.63899
15711.9 -1.63871
15712.3 -1.63879
15712.6 -1.63883
15713 -1.63882
15713.4 -1.63877
15713.7 -1.63866
15714.1 -1.6385
15714.5 -1.63829
15714.8 -1.63802
15715.2 -1.63771
15715.6 -1.63734
15715.9 -1.63692
15716.3 -1.63644
15716.7 -1.63594
15717 -1.63515
15717.4 -1.63459
15717.8 -1.63401
15718.1 -1.63342
15718.5 -1.63321
15718.9 -1.63262
15719.2 -1.63203
15719.6 -1.63142
15720 -1.6308
15720.3 -1.63017
15720.7 -1.62957
15721.1 -1.62897
15721.4 -1.62839
15721.8 -1.62782
15722.2 -1.62724
15722.5 -1.62666
15722.9 -1.62614
15723.3 -1.62551
15723.6 -1.62512
15724 -1.62479
15724.4 -1.62452
15724.7 -1.62433
15725.1 -1.62431
15725.5 -1.62423
15725.8 -1.62424
15726.2 -1.62434
15726.6 -1.62453
15726.9 -1.62479
15727.3 -1.62513
15727.7 -1.62552
15728 -1.62596
15728.4 -1.62643
15728.8 -1.62696
15729.1 -1.62788
15729.5 -1.62845
15729.9 -1.62898
15730.2 -1.62949
15730.6 -1.62996
15731 -1.63039
15731.3 -1.63081
15731.7 -1.63098
15732.1 -1.63131
15732.4 -1.63158
15732.8 -1.63179
15733.2 -1.63194
15733.5 -1.63202
15733.9 -1.63204
15734.3 -1.63203
15734.6 -1.63194
15735 -1.6318
15735.4 -1.63132
15735.7 -1.63106
15736.1 -1.63074
15736.4 -1.63037
15736.8 -1.62997
15737.2 -1.62954
15737.5 -1.62908
15737.9 -1.62865
15738.3 -1.62817
15738.6 -1.62767
15739 -1.62717
15739.4 -1.62669
15739.7 -1.62621
15740.1 -1.62574
15740.5 -1.62528
15740.8 -1.62483
15741.2 -1.62441
15741.6 -1.62355
15741.9 -1.62318
15742.3 -1.62283
15742.7 -1.62251
15743 -1.62218
15743.4 -1.62188
15743.8 -1.62158
15744.1 -1.62131
15744.5 -1.621
15744.9 -1.62078
15745.2 -1.62061
15745.6 -1.62048
15746 -1.62037
15746.3 -1.62029
15746.7 -1.62025
15747.1 -1.62024
15747.4 -1.62026
15747.8 -1.62035
15748.2 -1.62048
15748.5 -1.6206
15748.9 -1.62074
15749.3 -1.6209
15749.6 -1.62106
15750 -1.62122
15750.4 -1.62137
15750.7 -1.62153
15751.1 -1.6218
15751.5 -1.62196
15751.8 -1.62209
15752.2 -1.62221
15752.6 -1.6223
15752.9 -1.62234
15753.3 -1.62238
15753.7 -1.62235
15754 -1.62251
15754.4 -1.62237
15754.8 -1.62216
15755.1 -1.62189
15755.5 -1.62157
15755.9 -1.62118
15756.2 -1.62071
15756.6 -1.62019
15757 -1.61961
15757.3 -1.61895
15757.7 -1.61909
15758.1 -1.61837
15758.4 -1.61758
15758.8 -1.61672
15759.2 -1.61581
15759.5 -1.61485
15759.9 -1.61402
15760.3 -1.61307
15760.6 -1.61214
15761 -1.61121
15761.4 -1.61029
15761.7 -1.60936
15762.1 -1.60841
15762.5 -1.60744
15762.8 -1.60648
15763.2 -1.60553
15763.5 -1.60459
15763.9 -1.60366
15764.3 -1.60423
15764.6 -1.60329
15765 -1.60232
15765.4 -1.6013
15765.7 -1.60027
15766.1 -1.59972
15766.5 -1.5986
15766.8 -1.59748
15767.2 -1.59637
15767.6 -1.59525
15767.9 -1.59415
15768.3 -1.59303
15768.7 -1.59193
15769 -1.59083
15769.4 -1.58974
15769.8 -1.58867
15770.1 -1.58759
15770.5 -1.5865
15770.9 -1.58663
15771.2 -1.58546
15771.6 -1.58424
15772 -1.58295
15772.3 -1.5816
15772.7 -1.58017
15773.1 -1.57868
15773.4 -1.57713
15773.8 -1.57549
15774.2 -1.57376
15774.5 -1.57197
15774.9 -1.57013
15775.3 -1.56828
15775.6 -1.56641
15776 -1.56453
15776.4 -1.56261
15776.7 -1.56065
15777.1 -1.56051
15777.5 -1.55849
15777.8 -1.55643
15778.2 -1.55434
15778.6 -1.552
15778.9 -1.5498
15779.3 -1.54752
15779.7 -1.54516
15780 -1.54272
15780.4 -1.54018
15780.8 -1.53756
15781.1 -1.5349
15781.5 -1.5322
15781.9 -1.52953
15782.2 -1.52692
15782.6 -1.52441
15783 -1.52205
15783.3 -1.51984
15783.7 -1.51982
15784.1 -1.51781
15784.4 -1.51596
15784.8 -1.51438
15785.2 -1.51284
15785.5 -1.51142
15785.9 -1.5101
15786.3 -1.50888
15786.6 -1.50774
15787 -1.5067
15787.4 -1.50573
15787.7 -1.50481
15788.1 -1.50392
15788.5 -1.50305
15788.8 -1.50217
15789.2 -1.50128
15789.5 -1.5004
15789.9 -1.49948
15790.3 -1.49974
15790.6 -1.49881
15791 -1.49808
15791.4 -1.49708
15791.7 -1.49606
15792.1 -1.49503
15792.5 -1.49397
15792.8 -1.49289
15793.2 -1.49178
15793.6 -1.49068
15793.9 -1.48956
15794.3 -1.48843
15794.7 -1.48724
15795 -1.48604
15795.4 -1.48478
15795.8 -1.48351
15796.1 -1.48223
15796.5 -1.48094
15796.9 -1.48114
15797.2 -1.47982
15797.6 -1.47847
15798 -1.47708
15798.3 -1.47565
15798.7 -1.47416
15799.1 -1.4726
15799.4 -1.47097
15799.8 -1.46925
15800.2 -1.46744
15800.5 -1.46548
15800.9 -1.46339
15801.3 -1.46112
15801.6 -1.45869
15802 -1.45609
15802.4 -1.45332
15802.7 -1.45038
15803.1 -1.44723
15803.5 -1.44721
15803.8 -1.4439
15804.2 -1.44054
15804.6 -1.43726
15804.9 -1.43412
15805.3 -1.43112
15805.7 -1.42825
15806 -1.42548
15806.4 -1.42282
15806.8 -1.4203
15807.1 -1.41794
15807.5 -1.41573
15807.9 -1.41365
15808.2 -1.41166
15808.6 -1.40974
15809 -1.40785
15809.3 -1.40594
15809.7 -1.40591
15810.1 -1.4041
15810.4 -1.40231
15810.8 -1.40051
15811.2 -1.39868
15811.5 -1.3968
15811.9 -1.39486
15812.3 -1.39285
15812.6 -1.39073
15813 -1.38851
15813.4 -1.38615
15813.7 -1.38361
15814.1 -1.38085
15814.5 -1.37783
15814.8 -1.37453
15815.2 -1.37096
15815.6 -1.36707
15815.9 -1.36282
15816.3 -1.36287
15816.6 -1.35822
15817 -1.35325
15817.4 -1.34843
15817.7 -1.34409
15818.1 -1.34026
15818.5 -1.33688
15818.8 -1.33389
15819.2 -1.33121
15819.6 -1.32881
15819.9 -1.32665
15820.3 -1.32471
15820.7 -1.32299
15821 -1.32148
15821.4 -1.32014
15821.8 -1.31928
15822.1 -1.31824
15822.5 -1.3173
15822.9 -1.31761
15823.2 -1.31675
15823.6 -1.31596
15824 -1.31522
15824.3 -1.31455
15824.7 -1.31394
15825.1 -1.31337
15825.4 -1.31283
15825.8 -1.3123
15826.2 -1.31179
15826.5 -1.31129
15826.9 -1.31079
15827.3 -1.31031
15827.6 -1.31001
15828 -1.3095
15828.4 -1.30896
15828.7 -1.30838
15829.1 -1.30775
15829.5 -1.30788
15829.8 -1.30717
15830.2 -1.3064
15830.6 -1.30556
15830.9 -1.30466
15831.3 -1.30369
15831.7 -1.30264
15832 -1.30149
15832.4 -1.30023
15832.8 -1.29885
15833.1 -1.29733
15833.5 -1.29566
15833.9 -1.29372
15834.2 -1.29177
15834.6 -1.28967
15835 -1.28743
15835.3 -1.28506
15835.7 -1.28261
15836.1 -1.2825
15836.4 -1.27995
15836.8 -1.27737
15837.2 -1.2748
15837.5 -1.27226
15837.9 -1.2698
15838.3 -1.2674
15838.6 -1.26508
15839 -1.26284
15839.4 -1.26067
15839.7 -1.25858
15840.1 -1.25663
15840.5 -1.25472
15840.8 -1.25291
15841.2 -1.25116
15841.6 -1.24947
15841.9 -1.24784
15842.3 -1.24794
15842.7 -1.24634
15843 -1.24478
15843.4 -1.24326
15843.7 -1.24177
15844.1 -1.24032
15844.5 -1.2389
15844.8 -1.2375
15845.2 -1.23613
15845.6 -1.23479
15845.9 -1.23345
15846.3 -1.23215
15846.7 -1.23082
15847 -1.22951
15847.4 -1.22821
15847.8 -1.22692
15848.1 -1.22562
15848.5 -1.2243
15848.9 -1.22423
15849.2 -1.22285
15849.6 -1.22144
15850 -1.21999
15850.3 -1.21854
15850.7 -1.21705
15851.1 -1.21555
15851.4 -1.21402
15851.8 -1.21245
15852.2 -1.21086
15852.5 -1.20897
15852.9 -1.20735
15853.3 -1.20574
15853.6 -1.20412
15854 -1.2025
15854.4 -1.20087
15854.7 -1.19924
15855.1 -1.19764
15855.5 -1.1973
15855.8 -1.19573
15856.2 -1.19422
15856.6 -1.19274
15856.9 -1.19127
15857.3 -1.18981
15857.7 -1.18839
15858 -1.18702
15858.4 -1.18571
15858.8 -1.18414
15859.1 -1.18295
15859.5 -1.18179
15859.9 -1.18066
15860.2 -1.17959
15860.6 -1.17854
15861 -1.17756
15861.3 -1.17664
15861.7 -1.17576
15862.1 -1.17553
15862.4 -1.17472
15862.8 -1.17395
15863.2 -1.17323
15863.5 -1.17256
15863.9 -1.17195
15864.3 -1.17139
15864.6 -1.17078
15865 -1.17033
15865.4 -1.16992
15865.7 -1.16953
15866.1 -1.16917
15866.5 -1.16881
15866.8 -1.16846
15867.2 -1.16813
15867.6 -1.16781
15867.9 -1.1675
15868.3 -1.16719
15868.7 -1.16713
15869 -1.16681
15869.4 -1.16647
15869.8 -1.1661
15870.1 -1.16571
15870.5 -1.16529
15870.8 -1.16475
15871.2 -1.16421
15871.6 -1.1636
15871.9 -1.16291
15872.3 -1.16216
15872.7 -1.16134
15873 -1.1604
15873.4 -1.15936
15873.8 -1.15816
15874.1 -1.15683
15874.5 -1.15534
15874.9 -1.1537
15875.2 -1.1535
15875.6 -1.1517
15876 -1.14973
15876.3 -1.14761
15876.7 -1.14532
15877.1 -1.14257
15877.4 -1.14008
15877.8 -1.13764
15878.2 -1.13531
15878.5 -1.13309
15878.9 -1.13103
15879.3 -1.1291
15879.6 -1.12731
15880 -1.12566
15880.4 -1.12415
15880.7 -1.12279
15881.1 -1.12154
15881.5 -1.12101
15881.8 -1.11987
15882.2 -1.11881
15882.6 -1.11781
15882.9 -1.11689
15883.3 -1.11545
15883.7 -1.11461
15884 -1.11382
15884.4 -1.11306
15884.8 -1.11232
15885.1 -1.1116
15885.5 -1.1109
15885.9 -1.11023
15886.2 -1.10957
15886.6 -1.10893
15887 -1.10831
15887.3 -1.1077
15887.7 -1.10709
15888.1 -1.10647
15888.4 -1.10589
15888.8 -1.10533
15889.2 -1.1048
15889.5 -1.10366
15889.9 -1.10314
15890.3 -1.10265
15890.6 -1.10214
15891 -1.10164
15891.4 -1.10116
15891.7 -1.10069
15892.1 -1.10023
15892.5 -1.0998
15892.8 -1.09938
15893.2 -1.09897
15893.6 -1.09857
15893.9 -1.09818
15894.3 -1.09781
15894.7 -1.09729
15895 -1.09695
15895.4 -1.09615
15895.8 -1.09587
15896.1 -1.09559
15896.5 -1.09531
15896.8 -1.09504
15897.2 -1.09479
15897.6 -1.09454
15897.9 -1.09431
15898.3 -1.09409
15898.7 -1.09387
15899 -1.09365
15899.4 -1.09344
15899.8 -1.09322
15900.1 -1.09301
15900.5 -1.09279
15900.9 -1.09255
15901.2 -1.09212
15901.6 -1.09146
15902 -1.09122
15902.3 -1.09098
15902.7 -1.09073
15903.1 -1.09047
15903.4 -1.09019
15903.8 -1.08988
15904.2 -1.08954
15904.5 -1.08918
15904.9 -1.08879
15905.3 -1.08839
15905.6 -1.08796
15906 -1.08749
15906.4 -1.08697
15906.7 -1.08642
15907.1 -1.08583
15907.5 -1.08523
15907.8 -1.08424
15908.2 -1.0836
15908.6 -1.08292
15908.9 -1.0822
15909.3 -1.08145
15909.7 -1.08067
15910 -1.07986
15910.4 -1.07905
15910.8 -1.07822
15911.1 -1.07738
15911.5 -1.07655
15911.9 -1.07571
15912.2 -1.07491
15912.6 -1.07413
15913 -1.07337
15913.3 -1.07264
15913.7 -1.07194
15914.1 -1.07065
15914.4 -1.06995
15914.8 -1.06928
15915.2 -1.06863
15915.5 -1.06802
15915.9 -1.06743
15916.3 -1.06685
15916.6 -1.06628
15917 -1.06573
15917.4 -1.0652
15917.7 -1.06467
15918.1 -1.06416
15918.5 -1.06364
15918.8 -1.06314
15919.2 -1.06264
15919.6 -1.06217
15919.9 -1.06171
15920.3 -1.06055
15920.7 -1.05983
15921 -1.05939
15921.4 -1.05896
15921.8 -1.05854
15922.1 -1.05813
15922.5 -1.05773
15922.9 -1.05734
15923.2 -1.05698
15923.6 -1.05661
15923.9 -1.05625
15924.3 -1.05589
15924.7 -1.05552
15925 -1.05514
15925.4 -1.05476
15925.8 -1.0544
15926.1 -1.05402
15926.5 -1.053
15926.9 -1.05265
15927.2 -1.05202
15927.6 -1.05167
15928 -1.05135
15928.3 -1.05102
15928.7 -1.0507
15929.1 -1.05038
15929.4 -1.05004
15929.8 -1.04971
15930.2 -1.04936
15930.5 -1.04902
15930.9 -1.04865
15931.3 -1.04829
15931.6 -1.04789
15932 -1.04748
15932.4 -1.04649
15932.7 -1.04602
15933.1 -1.04553
15933.5 -1.045
15933.8 -1.0444
15934.2 -1.04382
15934.6 -1.04319
15934.9 -1.04253
15935.3 -1.04181
15935.7 -1.04105
15936 -1.04024
15936.4 -1.03936
15936.8 -1.03843
15937.1 -1.03742
15937.5 -1.03637
15937.9 -1.03526
15938.2 -1.03409
15938.6 -1.0322
15939 -1.03094
15939.3 -1.02965
15939.7 -1.02834
15940.1 -1.02702
15940.4 -1.02639
15940.8 -1.02509
15941.2 -1.02383
15941.5 -1.02262
15941.9 -1.0215
15942.3 -1.02045
15942.6 -1.01949
15943 -1.01857
15943.4 -1.01773
15943.7 -1.01695
15944.1 -1.01625
15944.5 -1.01563
15944.8 -1.01453
15945.2 -1.01401
15945.6 -1.01353
15945.9 -1.01308
15946.3 -1.01266
15946.7 -1.01226
15947 -1.01171
15947.4 -1.01134
15947.8 -1.01098
15948.1 -1.01063
15948.5 -1.01027
15948.9 -1.00991
15949.2 -1.00954
15949.6 -1.00921
15950 -1.00888
15950.3 -1.00856
15950.7 -1.00826
15951 -1.0074
15951.4 -1.00713
15951.8 -1.00684
15952.1 -1.00658
15952.5 -1.00632
15952.9 -1.00607
15953.2 -1.00554
15953.6 -1.00531
15954 -1.00509
15954.3 -1.00487
15954.7 -1.00463
15955.1 -1.00439
15955.4 -1.00413
15955.8 -1.00388
15956.2 -1.00362
15956.5 -1.00336
15956.9 -1.00307
15957.3 -1.00224
15957.6 -1.00189
15958 -1.0015
15958.4 -1.0011
15958.7 -1.00066
15959.1 -1.00019
15959.5 -0.999695
15959.8 -0.999062
15960.2 -0.99855
15960.6 -0.998024
15960.9 -0.99749
15961.3 -0.996948
15961.7 -0.996407
15962 -0.995865
15962.4 -0.995331
15962.8 -0.994804
15963.1 -0.993675
15963.5 -0.993179
15963.9 -0.992691
15964.2 -0.99221
15964.6 -0.991745
15965 -0.991287
15965.3 -0.990837
15965.7 -0.990379
15966.1 -0.989937
15966.4 -0.98941
15966.8 -0.988976
15967.2 -0.988548
15967.5 -0.988106
15967.9 -0.987648
15968.3 -0.987167
15968.6 -0.986664
15969 -0.98613
15969.4 -0.985001
15969.7 -0.984421
15970.1 -0.98381
15970.5 -0.983185
15970.8 -0.982544
15971.2 -0.981865
15971.6 -0.981178
15971.9 -0.980453
15972.3 -0.979706
15972.7 -0.978928
15973 -0.978249
15973.4 -0.977417
15973.8 -0.976555
15974.1 -0.975662
15974.5 -0.974747
15974.9 -0.973785
15975.2 -0.972778
15975.6 -0.970947
15976 -0.969803
15976.3 -0.968582
15976.7 -0.967293
15977 -0.965935
15977.4 -0.964523
15977.8 -0.963066
15978.1 -0.961571
15978.5 -0.960037
15978.9 -0.958481
15979.2 -0.956924
15979.6 -0.955994
15980 -0.954445
15980.3 -0.952934
15980.7 -0.951462
15981.1 -0.95002
15981.4 -0.948624
15981.8 -0.94635
15982.2 -0.945084
15982.5 -0.943893
15982.9 -0.942764
15983.3 -0.941689
15983.6 -0.940666
15984 -0.939697
15984.4 -0.938789
15984.7 -0.937935
15985.1 -0.937141
15985.5 -0.936417
15985.8 -0.935753
15986.2 -0.935081
15986.6 -0.934456
15986.9 -0.933861
15987.3 -0.933304
15987.7 -0.932777
15988 -0.931793
15988.4 -0.931343
15988.8 -0.930908
15989.1 -0.930473
15989.5 -0.930046
15989.9 -0.929634
15990.2 -0.929222
15990.6 -0.928795
15991 -0.928352
15991.3 -0.927879
15991.7 -0.927361
15992.1 -0.926819
15992.4 -0.92643
15992.8 -0.925865
15993.2 -0.925278
15993.5 -0.92466
15993.9 -0.923996
15994.3 -0.922882
15994.6 -0.922119
15995 -0.92131
15995.4 -0.920486
15995.7 -0.919662
15996.1 -0.918846
15996.5 -0.918037
15996.8 -0.917229
15997.2 -0.916412
15997.6 -0.915588
15997.9 -0.91478
15998.3 -0.913979
15998.7 -0.913223
15999 -0.912827
15999.4 -0.912094
15999.8 -0.911407
16000.1 -0.910286
16000.5 -0.909615
16000.9 -0.908989
16001.2 -0.908394
16001.6 -0.907845
16002 -0.907326
16002.3 -0.906822
16002.7 -0.906326
16003.1 -0.905838
16003.4 -0.905357
16003.8 -0.904884
16004.1 -0.904434
16004.5 -0.903976
16004.9 -0.903526
16005.2 -0.903069
16005.6 -0.902542
16006 -0.902092
16006.3 -0.901123
16006.7 -0.900688
16007.1 -0.900261
16007.4 -0.899826
16007.8 -0.899399
16008.2 -0.898972
16008.5 -0.898544
16008.9 -0.898125
16009.3 -0.89772
16009.6 -0.897331
16010 -0.896957
16010.4 -0.896591
16010.7 -0.896248
16011.1 -0.895905
16011.5 -0.895576
16011.8 -0.895256
16012.2 -0.894775
16012.6 -0.893944
16012.9 -0.893608
16013.3 -0.893295
16013.7 -0.892975
16014 -0.892677
16014.4 -0.892372
16014.8 -0.892059
16015.1 -0.891769
16015.5 -0.891464
16015.9 -0.891174
16016.2 -0.890869
16016.6 -0.890587
16017 -0.890289
16017.3 -0.889999
16017.7 -0.889709
16018.1 -0.889404
16018.4 -0.889099
16018.8 -0.887848
16019.2 -0.88752
16019.5 -0.887169
16019.9 -0.886818
16020.3 -0.886459
16020.6 -0.886093
16021 -0.885704
16021.4 -0.885307
16021.7 -0.884918
16022.1 -0.884499
16022.5 -0.884079
16022.8 -0.883652
16023.2 -0.883232
16023.6 -0.882805
16023.9 -0.882378
16024.3 -0.881958
16024.7 -0.881569
16025 -0.880196
16025.4 -0.879822
16025.8 -0.879463
16026.1 -0.879135
16026.5 -0.878799
16026.9 -0.878487
16027.2 -0.878197
16027.6 -0.877922
16028 -0.87767
16028.3 -0.877419
16028.7 -0.87719
16029.1 -0.876968
16029.4 -0.87677
16029.8 -0.876579
16030.2 -0.876411
16030.5 -0.876251
16030.9 -0.875404
16031.2 -0.875252
16031.6 -0.87455
16032 -0.874413
16032.3 -0.87429
16032.7 -0.874176
16033.1 -0.874046
16033.4 -0.873917
16033.8 -0.873787
16034.2 -0.873642
16034.5 -0.873512
16034.9 -0.873375
16035.3 -0.873222
16035.6 -0.873047
16036 -0.872856
16036.4 -0.872627
16036.7 -0.872383
16037.1 -0.871399
16037.5 -0.87114
16037.8 -0.870865
16038.2 -0.870125
16038.6 -0.869812
16038.9 -0.869492
16039.3 -0.869156
16039.7 -0.868813
16040 -0.868454
16040.4 -0.868095
16040.8 -0.867729
16041.1 -0.86734
16041.5 -0.866943
16041.9 -0.866562
16042.2 -0.866173
16042.6 -0.865791
16043 -0.86541
16043.3 -0.864304
16043.7 -0.86393
16044.1 -0.863564
16044.4 -0.863205
16044.8 -0.862518
16045.2 -0.862175
16045.5 -0.861839
16045.9 -0.861519
16046.3 -0.861198
16046.6 -0.860909
16047 -0.860626
16047.4 -0.860367
16047.7 -0.86013
16048.1 -0.859909
16048.5 -0.859711
16048.8 -0.85955
16049.2 -0.859421
16049.6 -0.858887
16049.9 -0.858856
16050.3 -0.858864
16050.7 -0.858917
16051 -0.858994
16051.4 -0.858597
16051.8 -0.858711
16052.1 -0.858879
16052.5 -0.859062
16052.9 -0.859276
16053.2 -0.85952
16053.6 -0.859772
16054 -0.860031
16054.3 -0.860306
16054.7 -0.860573
16055.1 -0.860855
16055.4 -0.861145
16055.8 -0.861031
16056.2 -0.861275
16056.5 -0.861504
16056.9 -0.861717
16057.3 -0.861916
16057.6 -0.861465
16058 -0.861641
16058.3 -0.861778
16058.7 -0.861893
16059.1 -0.862
16059.4 -0.862083
16059.8 -0.862152
16060.2 -0.862183
16060.5 -0.86219
16060.9 -0.862167
16061.3 -0.862106
16061.6 -0.862022
16062 -0.861328
16062.4 -0.861176
16062.7 -0.861015
16063.1 -0.860825
16063.5 -0.860619
16063.8 -0.860382
16064.2 -0.859833
16064.6 -0.859596
16064.9 -0.859322
16065.3 -0.859032
16065.7 -0.858719
16066 -0.858398
16066.4 -0.85807
16066.8 -0.857742
16067.1 -0.857414
16067.5 -0.857079
16067.9 -0.856293
16068.2 -0.855957
16068.6 -0.855621
16069 -0.85527
16069.3 -0.854912
16069.7 -0.854546
16070.1 -0.854156
16070.4 -0.85376
16070.8 -0.853371
16071.2 -0.852936
16071.5 -0.852493
16071.9 -0.852036
16072.3 -0.851547
16072.6 -0.851044
16073 -0.850525
16073.4 -0.849983
16073.7 -0.849419
16074.1 -0.848381
16074.5 -0.847763
16074.8 -0.847107
16075.2 -0.84642
16075.6 -0.845711
16075.9 -0.844978
16076.3 -0.844231
16076.7 -0.843468
16077 -0.842682
16077.4 -0.842133
16077.8 -0.841309
16078.1 -0.840477
16078.5 -0.839607
16078.9 -0.838722
16079.2 -0.83783
16079.6 -0.836922
16080 -0.835999
16080.3 -0.834427
16080.7 -0.833443
16081.1 -0.83242
16081.4 -0.831367
16081.8 -0.830284
16082.2 -0.829178
16082.5 -0.828064
16082.9 -0.826942
16083.3 -0.825821
16083.6 -0.824699
16084 -0.824059
16084.3 -0.822945
16084.7 -0.821861
16085.1 -0.820831
16085.4 -0.819839
16085.8 -0.818909
16086.2 -0.818039
16086.5 -0.816696
16086.9 -0.815956
16087.3 -0.815285
16087.6 -0.814667
16088 -0.814125
16088.4 -0.813622
16088.7 -0.813171
16089.1 -0.812759
16089.5 -0.81237
16089.8 -0.812019
16090.2 -0.811714
16090.6 -0.811432
16090.9 -0.811195
16091.3 -0.810974
16091.7 -0.81076
16092 -0.810532
16092.4 -0.810287
16092.8 -0.809723
16093.1 -0.809433
16093.5 -0.809143
16093.9 -0.808853
16094.2 -0.808563
16094.6 -0.808266
16095 -0.807953
16095.3 -0.807632
16095.7 -0.807304
16096.1 -0.806969
16096.4 -0.806641
16096.8 -0.806152
16097.2 -0.805824
16097.5 -0.805496
16097.9 -0.805168
16098.3 -0.804855
16098.6 -0.804001
16099 -0.80368
16099.4 -0.803375
16099.7 -0.803078
16100.1 -0.80278
16100.5 -0.80249
16100.8 -0.802185
16101.2 -0.801888
16101.6 -0.80159
16101.9 -0.801292
16102.3 -0.800987
16102.7 -0.800652
16103 -0.800323
16103.4 -0.799782
16103.8 -0.799446
16104.1 -0.79911
16104.5 -0.798767
16104.9 -0.797928
16105.2 -0.797569
16105.6 -0.79718
16106 -0.796776
16106.3 -0.796349
16106.7 -0.795906
16107.1 -0.795456
16107.4 -0.795006
16107.8 -0.794556
16108.2 -0.794083
16108.5 -0.79361
16108.9 -0.793129
16109.3 -0.792648
16109.6 -0.79216
16110 -0.791702
16110.4 -0.791222
16110.7 -0.790733
16111.1 -0.789803
16111.4 -0.789322
16111.8 -0.788834
16112.2 -0.788338
16112.5 -0.787834
16112.9 -0.787315
16113.3 -0.786774
16113.6 -0.78624
16114 -0.785706
16114.4 -0.785187
16114.7 -0.784668
16115.1 -0.784157
16115.5 -0.783653
16115.8 -0.783157
16116.2 -0.782669
16116.6 -0.782349
16116.9 -0.781891
16117.3 -0.781128
16117.7 -0.780708
16118 -0.780304
16118.4 -0.779915
16118.8 -0.779533
16119.1 -0.779152
16119.5 -0.778786
16119.9 -0.778427
16120.2 -0.778084
16120.6 -0.777763
16121 -0.777481
16121.3 -0.777229
16121.7 -0.777
16122.1 -0.776794
16122.4 -0.776604
16122.8 -0.776443
16123.2 -0.776154
16123.5 -0.775764
16123.9 -0.775688
16124.3 -0.775627
16124.6 -0.775574
16125 -0.775513
16125.4 -0.775444
16125.7 -0.775383
16126.1 -0.775322
16126.5 -0.775284
16126.8 -0.775269
16127.2 -0.775246
16127.6 -0.775246
16127.9 -0.775253
16128.3 -0.775276
16128.7 -0.775314
16129 -0.775375
16129.4 -0.775208
16129.8 -0.775139
16130.1 -0.775238
16130.5 -0.77536
16130.9 -0.77549
16131.2 -0.77562
16131.6 -0.775757
16132 -0.775887
16132.3 -0.776024
16132.7 -0.776154
16133.1 -0.776276
16133.4 -0.776405
16133.8 -0.776527
16134.2 -0.776642
16134.5 -0.776756
16134.9 -0.776871
16135.3 -0.77697
16135.6 -0.776756
16136 -0.776421
16136.4 -0.776505
16136.7 -0.776604
16137.1 -0.776726
16137.5 -0.776855
16137.8 -0.777008
16138.2 -0.777176
16138.5 -0.777367
16138.9 -0.777557
16139.3 -0.777786
16139.6 -0.77803
16140 -0.778305
16140.4 -0.778603
16140.7 -0.778915
16141.1 -0.779243
16141.5 -0.779579
16141.8 -0.779617
16142.2 -0.779991
16142.6 -0.779724
16142.9 -0.780144
16143.3 -0.780586
16143.7 -0.781044
16144 -0.781517
16144.4 -0.782005
16144.8 -0.782509
16145.1 -0.783028
16145.5 -0.783577
16145.9 -0.784142
16146.2 -0.784737
16146.6 -0.785339
16147 -0.785957
16147.3 -0.786583
16147.7 -0.787224
16148.1 -0.78791
16148.4 -0.788597
16148.8 -0.789284
16149.2 -0.78936
16149.5 -0.79007
16149.9 -0.790779
16150.3 -0.791481
16150.6 -0.792183
16151 -0.79287
16151.4 -0.793526
16151.7 -0.794144
16152.1 -0.794731
16152.5 -0.795288
16152.8 -0.795815
16153.2 -0.796295
16153.6 -0.79673
16153.9 -0.797119
16154.3 -0.797493
16154.7 -0.797783
16155 -0.798027
16155.4 -0.798233
16155.8 -0.798225
16156.1 -0.798386
16156.5 -0.798515
16156.9 -0.798607
16157.2 -0.798668
16157.6 -0.798683
16158 -0.798653
16158.3 -0.798576
16158.7 -0.798462
16159.1 -0.798309
16159.4 -0.798119
16159.8 -0.797882
16160.2 -0.797607
16160.5 -0.797112
16160.9 -0.796768
16161.3 -0.79641
16161.6 -0.796028
16162 -0.795601
16162.4 -0.79538
16162.7 -0.794937
16163.1 -0.794472
16163.5 -0.793999
16163.8 -0.793533
16164.2 -0.793053
16164.5 -0.792557
16164.9 -0.792053
16165.3 -0.791542
16165.6 -0.791023
16166 -0.790504
16166.4 -0.789703
16166.7 -0.7892
16167.1 -0.788696
16167.5 -0.788185
16167.8 -0.787689
16168.2 -0.787193
16168.6 -0.786842
16168.9 -0.786369
16169.3 -0.785896
16169.7 -0.785439
16170 -0.784988
16170.4 -0.784538
16170.8 -0.784081
16171.1 -0.783615
16171.5 -0.783134
16171.9 -0.782654
16172.2 -0.782158
16172.6 -0.781425
16173 -0.78093
16173.3 -0.780403
16173.7 -0.779861
16174.1 -0.779305
16174.4 -0.778725
16174.8 -0.77813
16175.2 -0.778023
16175.5 -0.777412
16175.9 -0.776779
16176.3 -0.776123
16176.6 -0.775459
16177 -0.774788
16177.4 -0.774124
16177.7 -0.77346
16178.1 -0.772812
16178.5 -0.772171
16178.8 -0.771523
16179.2 -0.770897
16179.6 -0.770287
16179.9 -0.769707
16180.3 -0.76915
16180.7 -0.768631
16181 -0.76815
16181.4 -0.767693
16181.8 -0.767609
16182.1 -0.767189
16182.5 -0.766808
16182.9 -0.766457
16183.2 -0.766129
16183.6 -0.765839
16184 -0.765572
16184.3 -0.76532
16184.7 -0.765091
16185.1 -0.76487
16185.4 -0.764702
16185.8 -0.764557
16186.2 -0.76442
16186.5 -0.764305
16186.9 -0.764198
16187.3 -0.764099
16187.6 -0.764008
16188 -0.763916
16188.4 -0.763847
16188.7 -0.763756
16189.1 -0.763641
16189.5 -0.763519
16189.8 -0.763367
16190.2 -0.763214
16190.6 -0.763031
16190.9 -0.762848
16191.3 -0.762466
16191.6 -0.762222
16192 -0.761948
16192.4 -0.761642
16192.7 -0.761307
16193.1 -0.760941
16193.5 -0.760544
16193.8 -0.760117
16194.2 -0.759697
16194.6 -0.75927
16194.9 -0.759209
16195.3 -0.75882
16195.7 -0.758408
16196 -0.75795
16196.4 -0.757454
16196.8 -0.756935
16197.1 -0.756401
16197.5 -0.755928
16197.9 -0.755363
16198.2 -0.75473
16198.6 -0.754036
16199 -0.753288
16199.3 -0.752487
16199.7 -0.751648
16200.1 -0.750763
16200.4 -0.749832
16200.8 -0.74884
16201.2 -0.748947
16201.5 -0.747932
16201.9 -0.74688
16202.3 -0.745811
16202.6 -0.744728
16203 -0.743637
16203.4 -0.74263
16203.7 -0.741524
16204.1 -0.740433
16204.5 -0.739357
16204.8 -0.738327
16205.2 -0.737335
16205.6 -0.736382
16205.9 -0.735489
16206.3 -0.734627
16206.7 -0.73381
16207 -0.733047
16207.4 -0.732338
16207.8 -0.732285
16208.1 -0.731606
16208.5 -0.73098
16208.9 -0.730423
16209.2 -0.729904
16209.6 -0.72934
16210 -0.728882
16210.3 -0.72847
16210.7 -0.728096
16211.1 -0.727753
16211.4 -0.72744
16211.8 -0.727158
16212.2 -0.726891
16212.5 -0.726646
16212.9 -0.726418
16213.3 -0.726204
16213.6 -0.726021
16214 -0.725853
16214.4 -0.725899
16214.7 -0.725777
16215.1 -0.72567
16215.5 -0.725586
16215.8 -0.725624
16216.2 -0.725548
16216.6 -0.725456
16216.9 -0.725349
16217.3 -0.72522
16217.7 -0.725075
16218 -0.724915
16218.4 -0.724709
16218.7 -0.72448
16219.1 -0.72419
16219.5 -0.723854
16219.8 -0.723488
16220.2 -0.723091
16220.6 -0.722649
16220.9 -0.722588
16221.3 -0.722084
16221.7 -0.721535
16222 -0.720779
16222.4 -0.7201
16222.8 -0.719368
16223.1 -0.718597
16223.5 -0.717781
16223.9 -0.716934
16224.2 -0.716057
16224.6 -0.715149
16225 -0.714195
16225.3 -0.713203
16225.7 -0.712189
16226.1 -0.711143
16226.4 -0.710075
16226.8 -0.708984
16227.2 -0.70787
16227.5 -0.707642
16227.9 -0.706512
16228.3 -0.70517
16228.6 -0.704025
16229 -0.702896
16229.4 -0.701797
16229.7 -0.700706
16230.1 -0.699638
16230.5 -0.698578
16230.8 -0.69754
16231.2 -0.696503
16231.6 -0.695496
16231.9 -0.694504
16232.3 -0.693527
16232.7 -0.692535
16233 -0.691544
16233.4 -0.690544
16233.8 -0.689522
16234.1 -0.689392
16234.5 -0.688347
16234.9 -0.687294
16235.2 -0.686211
16235.6 -0.685112
16236 -0.68399
16236.3 -0.682884
16236.7 -0.68177
16237.1 -0.680679
16237.4 -0.679588
16237.8 -0.678505
16238.2 -0.677429
16238.5 -0.676361
16238.9 -0.675293
16239.3 -0.67424
16239.6 -0.673241
16240 -0.672272
16240.4 -0.67231
16240.7 -0.671417
16241.1 -0.67054
16241.5 -0.669678
16241.8 -0.6688
16242.2 -0.667946
16242.6 -0.667107
16242.9 -0.666283
16243.3 -0.665474
16243.7 -0.664673
16244 -0.663864
16244.4 -0.663048
16244.8 -0.662216
16245.1 -0.661346
16245.5 -0.660446
16245.8 -0.6595
16246.2 -0.658516
16246.6 -0.657463
16246.9 -0.657448
16247.3 -0.656326
16247.7 -0.655174
16248 -0.653999
16248.4 -0.652809
16248.8 -0.651604
16249.1 -0.650406
16249.5 -0.649216
16249.9 -0.648033
16250.2 -0.646866
16250.6 -0.645729
16251 -0.6446
16251.3 -0.643501
16251.7 -0.642433
16252.1 -0.641388
16252.4 -0.640358
16252.8 -0.639267
16253.2 -0.638229
16253.5 -0.638168
16253.9 -0.637131
16254.3 -0.636108
16254.6 -0.635109
16255 -0.634125
16255.4 -0.633148
16255.7 -0.632164
16256.1 -0.631165
16256.5 -0.63015
16256.8 -0.629135
16257.2 -0.62812
16257.6 -0.627129
16257.9 -0.626152
16258.3 -0.625191
16258.7 -0.62426
16259 -0.623428
16259.4 -0.622589
16259.8 -0.62178
16260.1 -0.621864
16260.5 -0.621109
16260.9 -0.620399
16261.2 -0.61972
16261.6 -0.61911
16262 -0.618568
16262.3 -0.618103
16262.7 -0.617699
16263.1 -0.617363
16263.4 -0.617065
16263.8 -0.616814
16264.2 -0.6166
16264.5 -0.616417
16264.9 -0.616272
16265.3 -0.616592
16265.6 -0.616562
16266 -0.616562
16266.4 -0.616592
16266.7 -0.617134
16267.1 -0.61718
16267.5 -0.617233
16267.8 -0.617264
16268.2 -0.617294
16268.6 -0.617302
16268.9 -0.617287
16269.3 -0.617233
16269.7 -0.617126
16270 -0.616959
16270.4 -0.616722
16270.8 -0.616417
16271.1 -0.61644
16271.5 -0.615967
16271.8 -0.61541
16272.2 -0.614754
16272.6 -0.614029
16272.9 -0.614296
16273.3 -0.613449
16273.7 -0.612526
16274 -0.611519
16274.4 -0.610451
16274.8 -0.609306
16275.1 -0.608101
16275.5 -0.60685
16275.9 -0.605545
16276.2 -0.604218
16276.6 -0.602859
16277 -0.601471
16277.3 -0.600006
16277.7 -0.598557
16278.1 -0.597099
16278.4 -0.595657
16278.8 -0.594231
16279.2 -0.592842
16279.5 -0.59269
16279.9 -0.591316
16280.3 -0.589981
16280.6 -0.588676
16281 -0.587379
16281.4 -0.586113
16281.7 -0.584869
16282.1 -0.583641
16282.5 -0.58242
16282.8 -0.581223
16283.2 -0.580055
16283.6 -0.578644
16283.9 -0.577499
16284.3 -0.57637
16284.7 -0.575226
16285 -0.574066
16285.4 -0.572891
16285.8 -0.571693
16286.1 -0.571419
16286.5 -0.570213
16286.9 -0.568993
16287.2 -0.567741
16287.6 -0.56646
16288 -0.56514
16288.3 -0.563766
16288.7 -0.562332
16289.1 -0.560837
16289.4 -0.55925
16289.8 -0.557426
16290.2 -0.555672
16290.5 -0.553841
16290.9 -0.551933
16291.3 -0.549957
16291.6 -0.547913
16292 -0.545792
16292.4 -0.543579
16292.7 -0.543488
16293.1 -0.541183
16293.5 -0.538788
16293.8 -0.536377
16294.2 -0.534004
16294.6 -0.5317
16294.9 -0.529495
16295.3 -0.527367
16295.7 -0.525314
16296 -0.523201
16296.4 -0.52124
16296.8 -0.519341
16297.1 -0.517487
16297.5 -0.515686
16297.9 -0.513931
16298.2 -0.512215
16298.6 -0.510536
16298.9 -0.508873
16299.3 -0.508675
16299.7 -0.507034
16300 -0.505394
16300.4 -0.503784
16300.8 -0.502182
16301.1 -0.500603
16301.5 -0.499062
16301.9 -0.497391
16302.2 -0.495911
16302.6 -0.494469
16303 -0.49308
16303.3 -0.491768
16303.7 -0.490517
16304.1 -0.489334
16304.4 -0.488205
16304.8 -0.487129
16305.2 -0.486107
16305.5 -0.485123
16305.9 -0.485046
16306.3 -0.484093
16306.6 -0.483162
16307 -0.482239
16307.4 -0.481316
16307.7 -0.48037
16308.1 -0.47921
16308.5 -0.478226
16308.8 -0.477211
16309.2 -0.476173
16309.6 -0.475098
16309.9 -0.474007
16310.3 -0.47287
16310.7 -0.471718
16311 -0.470551
16311.4 -0.469368
16311.8 -0.468163
16312.1 -0.467819
16312.5 -0.466606
16312.9 -0.465393
16313.2 -0.464172
16313.6 -0.462967
16314 -0.461769
16314.3 -0.460327
16314.7 -0.459175
16315.1 -0.458023
16315.4 -0.456863
16315.8 -0.455696
16316.2 -0.454529
16316.5 -0.453346
16316.9 -0.452187
16317.3 -0.451012
16317.6 -0.449837
16318 -0.448662
16318.4 -0.447487
16318.7 -0.447418
16319.1 -0.446266
16319.5 -0.445145
16319.8 -0.444061
16320.2 -0.443031
16320.6 -0.442055
16320.9 -0.44117
16321.3 -0.440323
16321.7 -0.439514
16322 -0.438744
16322.4 -0.438011
16322.8 -0.437347
16323.1 -0.436752
16323.5 -0.436226
16323.9 -0.435753
16324.2 -0.435318
16324.6 -0.434921
16325 -0.43457
16325.3 -0.434502
16325.7 -0.434189
16326 -0.433922
16326.4 -0.433693
16326.8 -0.433388
16327.1 -0.433243
16327.5 -0.433121
16327.9 -0.433037
16328.2 -0.432961
16328.6 -0.432892
16329 -0.432838
16329.3 -0.432785
16329.7 -0.432755
16330.1 -0.432747
16330.4 -0.432739
16330.8 -0.432747
16331.2 -0.432747
16331.5 -0.432732
16331.9 -0.432617
16332.3 -0.432625
16332.6 -0.432625
16333 -0.432541
16333.4 -0.43251
16333.7 -0.432457
16334.1 -0.432381
16334.5 -0.432281
16334.8 -0.432137
16335.2 -0.431953
16335.6 -0.431694
16335.9 -0.431374
16336.3 -0.430984
16336.7 -0.430542
16337 -0.430054
16337.4 -0.429504
16337.8 -0.428902
16338.1 -0.428238
16338.5 -0.427971
16338.9 -0.426895
16339.2 -0.426079
16339.6 -0.425255
16340 -0.424416
16340.3 -0.423576
16340.7 -0.422722
16341.1 -0.421867
16341.4 -0.421013
16341.8 -0.420174
16342.2 -0.419342
16342.5 -0.41851
16342.9 -0.417686
16343.3 -0.416855
16343.6 -0.416016
16344 -0.415161
16344.4 -0.414291
16344.7 -0.413925
16345.1 -0.41272
16345.5 -0.411873
16345.8 -0.411003
16346.2 -0.410126
16346.6 -0.40921
16346.9 -0.408257
16347.3 -0.407272
16347.7 -0.40625
16348 -0.405212
16348.4 -0.404152
16348.8 -0.403076
16349.1 -0.401985
16349.5 -0.400902
16349.9 -0.399834
16350.2 -0.398766
16350.6 -0.397736
16351 -0.396751
16351.3 -0.396469
16351.7 -0.395531
16352 -0.39463
16352.4 -0.393776
16352.8 -0.39296
16353.1 -0.392189
16353.5 -0.391441
16353.9 -0.390724
16354.2 -0.390045
16354.6 -0.389381
16355 -0.388763
16355.3 -0.388145
16355.7 -0.387527
16356.1 -0.386887
16356.4 -0.386246
16356.8 -0.385597
16357.2 -0.384941
16357.5 -0.383965
16357.9 -0.383659
16358.3 -0.382927
16358.6 -0.382187
16359 -0.381409
16359.4 -0.380615
16359.7 -0.379784
16360.1 -0.378914
16360.5 -0.378021
16360.8 -0.37709
16361.2 -0.376114
16361.6 -0.375114
16361.9 -0.374092
16362.3 -0.373024
16362.7 -0.371933
16363 -0.370819
16363.4 -0.36969
16363.8 -0.368057
16364.1 -0.366905
16364.5 -0.366394
16364.9 -0.365242
16365.2 -0.36409
16365.6 -0.362946
16366 -0.361824
16366.3 -0.360718
16366.7 -0.359627
16367.1 -0.358559
16367.4 -0.357513
16367.8 -0.356491
16368.2 -0.355499
16368.5 -0.354523
16368.9 -0.353569
16369.3 -0.352623
16369.6 -0.351151
16370 -0.350273
16370.4 -0.349403
16370.7 -0.348579
16371.1 -0.348061
16371.5 -0.347252
16371.8 -0.346466
16372.2 -0.345703
16372.6 -0.344963
16372.9 -0.344238
16373.3 -0.343536
16373.7 -0.34285
16374 -0.342186
16374.4 -0.341545
16374.8 -0.340919
16375.1 -0.340286
16375.5 -0.339653
16375.9 -0.338676
16376.2 -0.338043
16376.6 -0.337425
16377 -0.336792
16377.3 -0.336136
16377.7 -0.335838
16378.1 -0.335159
16378.4 -0.334457
16378.8 -0.333733
16379.1 -0.332993
16379.5 -0.332222
16379.9 -0.331429
16380.2 -0.330605
16380.6 -0.329781
16381 -0.328934
16381.3 -0.328079
16381.7 -0.327202
16382.1 -0.325859
16382.4 -0.324959
16382.8 -0.324074
16383.2 -0.323181
16383.5 -0.322289
16383.9 -0.321701
16384.3 -0.320786
16384.6 -0.31987
16385 -0.31897
16385.4 -0.318069
16385.7 -0.317169
16386.1 -0.316277
16386.5 -0.315399
16386.8 -0.314522
16387.2 -0.313652
16387.6 -0.312798
16387.9 -0.311943
16388.3 -0.310356
16388.7 -0.309509
16389 -0.30867
16389.4 -0.307846
16389.8 -0.307014
16390.1 -0.306213
16390.5 -0.305542
16390.9 -0.304756
16391.2 -0.303978
16391.6 -0.3032
16392 -0.302422
16392.3 -0.301651
16392.7 -0.30088
16393.1 -0.300133
16393.4 -0.2994
16393.8 -0.298683
16394.2 -0.297981
16394.5 -0.296722
16394.9 -0.296043
16395.3 -0.29538
16395.6 -0.294716
16396 -0.294044
16396.4 -0.293373
16396.7 -0.292694
16397.1 -0.292122
16397.5 -0.291428
16397.8 -0.290733
16398.2 -0.290039
16398.6 -0.289368
16398.9 -0.288696
16399.3 -0.288033
16399.7 -0.287376
16400 -0.286705
16400.4 -0.286026
16400.8 -0.284805
16401.1 -0.284103
16401.5 -0.283409
16401.9 -0.282715
16402.2 -0.282013
16402.6 -0.281319
16403 -0.280617
16403.3 -0.279907
16403.7 -0.279373
16404.1 -0.278671
16404.4 -0.277969
16404.8 -0.27726
16405.2 -0.276558
16405.5 -0.275848
16405.9 -0.275131
16406.2 -0.274414
16406.6 -0.273132
16407 -0.272423
16407.3 -0.271713
16407.7 -0.271004
16408.1 -0.270302
16408.4 -0.269608
16408.8 -0.268921
16409.2 -0.268265
16409.5 -0.267624
16409.9 -0.267006
16410.3 -0.266541
16410.6 -0.265945
16411 -0.265381
16411.4 -0.264824
16411.7 -0.26429
16412.1 -0.263771
16412.5 -0.263306
16412.8 -0.262444
16413.2 -0.262039
16413.6 -0.261658
16413.9 -0.261314
16414.3 -0.260994
16414.7 -0.260704
16415 -0.260429
16415.4 -0.260178
16415.8 -0.259933
16416.1 -0.25972
16416.5 -0.259323
16416.9 -0.259155
16417.2 -0.259018
16417.6 -0.258926
16418 -0.258858
16418.3 -0.258827
16418.7 -0.25882
16419.1 -0.258606
16419.4 -0.258682
16419.8 -0.258797
16420.2 -0.258926
16420.5 -0.259064
16420.9 -0.259209
16421.3 -0.259354
16421.6 -0.259499
16422 -0.259636
16422.4 -0.25975
16422.7 -0.259842
16423.1 -0.259644
16423.5 -0.259674
16423.8 -0.259674
16424.2 -0.259628
16424.6 -0.259529
16424.9 -0.259377
16425.3 -0.25882
16425.7 -0.258545
16426 -0.258217
16426.4 -0.257835
16426.8 -0.257401
16427.1 -0.256912
16427.5 -0.256393
16427.9 -0.255821
16428.2 -0.255203
16428.6 -0.254539
16429 -0.253845
16429.3 -0.253105
16429.7 -0.252556
16430.1 -0.25177
16430.4 -0.250946
16430.8 -0.250076
16431.2 -0.249176
16431.5 -0.24765
16431.9 -0.246696
16432.3 -0.245735
16432.6 -0.244759
16433 -0.24379
16433.3 -0.242836
16433.7 -0.241936
16434.1 -0.241096
16434.4 -0.240326
16434.8 -0.239632
16435.2 -0.239006
16435.5 -0.238441
16435.9 -0.237923
16436.3 -0.237358
16436.6 -0.236916
16437 -0.236542
16437.4 -0.23571
16437.7 -0.235451
16438.1 -0.235229
16438.5 -0.235046
16438.8 -0.234894
16439.2 -0.234787
16439.6 -0.234703
16439.9 -0.234642
16440.3 -0.234612
16440.7 -0.234581
16441 -0.234558
16441.4 -0.234535
16441.8 -0.234528
16442.1 -0.234543
16442.5 -0.234566
16442.9 -0.234238
16443.2 -0.234291
16443.6 -0.234077
16444 -0.234169
16444.3 -0.234283
16444.7 -0.234413
16445.1 -0.234581
16445.4 -0.234779
16445.8 -0.235001
16446.2 -0.235237
16446.5 -0.235481
16446.9 -0.235764
16447.3 -0.236053
16447.6 -0.236366
16448 -0.236702
16448.4 -0.237053
16448.7 -0.237396
16449.1 -0.237389
16449.5 -0.237747
16449.8 -0.238091
16450.2 -0.238441
16450.6 -0.238777
16450.9 -0.239098
16451.3 -0.23941
16451.7 -0.2397
16452 -0.239967
16452.4 -0.240227
16452.8 -0.240463
16453.1 -0.240685
16453.5 -0.240898
16453.9 -0.241104
16454.2 -0.241287
16454.6 -0.241463
16455 -0.241623
16455.3 -0.24176
16455.7 -0.241615
16456.1 -0.241585
16456.4 -0.241676
16456.8 -0.24176
16457.2 -0.241829
16457.5 -0.241898
16457.9 -0.241959
16458.3 -0.242004
16458.6 -0.242043
16459 -0.242065
16459.3 -0.242081
16459.7 -0.242081
16460.1 -0.242073
16460.4 -0.24205
16460.8 -0.241997
16461.2 -0.241951
16461.5 -0.241867
16461.9 -0.24176
16462.3 -0.241409
16462.6 -0.241241
16463 -0.241051
16463.4 -0.24086
16463.7 -0.240662
16464.1 -0.240463
16464.5 -0.240265
16464.8 -0.240074
16465.2 -0.239883
16465.6 -0.239693
16465.9 -0.239532
16466.3 -0.23938
16466.7 -0.239258
16467 -0.239159
16467.4 -0.239098
16467.8 -0.239059
16468.1 -0.238747
16468.5 -0.23877
16468.9 -0.23848
16469.2 -0.238533
16469.6 -0.238617
16470 -0.238701
16470.3 -0.2388
16470.7 -0.238907
16471.1 -0.239014
16471.4 -0.239098
16471.8 -0.239159
16472.2 -0.239189
16472.5 -0.239182
16472.9 -0.239143
16473.3 -0.239067
16473.6 -0.238945
16474 -0.238762
16474.4 -0.238091
16474.7 -0.237785
16475.1 -0.237434
16475.5 -0.236938
16475.8 -0.236511
16476.2 -0.236023
16476.6 -0.235466
16476.9 -0.23484
16477.3 -0.234138
16477.7 -0.23336
16478 -0.232491
16478.4 -0.231529
16478.8 -0.230476
16479.1 -0.229324
16479.5 -0.228081
16479.9 -0.226753
16480.2 -0.225327
16480.6 -0.223297
16481 -0.221687
16481.3 -0.219978
16481.7 -0.218201
16482.1 -0.217751
16482.4 -0.215919
16482.8 -0.214066
16483.2 -0.212181
16483.5 -0.210304
16483.9 -0.20845
16484.3 -0.20665
16484.6 -0.204918
16485 -0.203262
16485.3 -0.201691
16485.7 -0.200218
16486.1 -0.198837
16486.4 -0.197571
16486.8 -0.196114
16487.2 -0.195076
16487.5 -0.194122
16487.9 -0.193291
16488.3 -0.193069
16488.6 -0.192337
16489 -0.191696
16489.4 -0.191154
16489.7 -0.190704
16490.1 -0.190346
16490.5 -0.190063
16490.8 -0.18985
16491.2 -0.18969
16491.6 -0.189575
16491.9 -0.189491
16492.3 -0.189453
16492.7 -0.189445
16493 -0.189209
16493.4 -0.18924
16493.8 -0.189285
16494.1 -0.189346
16494.5 -0.1894
16494.9 -0.189056
16495.2 -0.189102
16495.6 -0.18914
16496 -0.189171
16496.3 -0.189194
16496.7 -0.189209
16497.1 -0.189217
16497.4 -0.189224
16497.8 -0.189209
16498.2 -0.189178
16498.5 -0.189117
16498.9 -0.189049
16499.3 -0.188461
16499.6 -0.188324
16500 -0.188179
16500.4 -0.188011
16500.7 -0.18782
16501.1 -0.187607
16501.5 -0.187126
16501.8 -0.18689
16502.2 -0.186638
16502.6 -0.186371
16502.9 -0.186081
16503.3 -0.185783
16503.7 -0.185493
16504 -0.185181
16504.4 -0.184868
16504.8 -0.18454
16505.1 -0.183823
16505.5 -0.18354
16505.9 -0.183273
16506.2 -0.183037
16506.6 -0.182831
16507 -0.18264
16507.3 -0.182465
16507.7 -0.182312
16508.1 -0.182014
16508.4 -0.181877
16508.8 -0.181786
16509.2 -0.181717
16509.5 -0.181679
16509.9 -0.181679
16510.3 -0.181694
16510.6 -0.181732
16511 -0.181786
16511.4 -0.181587
16511.7 -0.181664
16512.1 -0.181763
16512.4 -0.181877
16512.8 -0.181992
16513.2 -0.182098
16513.5 -0.182198
16513.9 -0.182304
16514.3 -0.182411
16514.6 -0.182037
16515 -0.182121
16515.4 -0.182205
16515.7 -0.182274
16516.1 -0.182343
16516.5 -0.182396
16516.8 -0.182449
16517.2 -0.182503
16517.6 -0.182129
16517.9 -0.182175
16518.3 -0.18222
16518.7 -0.182266
16519 -0.182312
16519.4 -0.182365
16519.8 -0.182442
16520.1 -0.182533
16520.5 -0.18264
16520.9 -0.182358
16521.2 -0.182487
16521.6 -0.182632
16522 -0.182785
16522.3 -0.182953
16522.7 -0.183113
16523.1 -0.183273
16523.4 -0.183426
16523.8 -0.18335
16524.2 -0.183487
16524.5 -0.183601
16524.9 -0.183693
16525.3 -0.183769
16525.6 -0.18383
16526 -0.183868
16526.4 -0.183884
16526.7 -0.183876
16527.1 -0.18383
16527.5 -0.183456
16527.8 -0.183365
16528.2 -0.183235
16528.6 -0.183083
16528.9 -0.182907
16529.3 -0.182709
16529.7 -0.182487
16530 -0.181786
16530.4 -0.181519
16530.8 -0.181244
16531.1 -0.180954
16531.5 -0.180656
16531.9 -0.180336
16532.2 -0.180016
16532.6 -0.179688
16533 -0.179359
16533.3 -0.179031
16533.7 -0.178711
16534.1 -0.178299
16534.4 -0.178024
16534.8 -0.177765
16535.2 -0.177528
16535.5 -0.177307
16535.9 -0.177124
16536.3 -0.176666
16536.6 -0.176559
16537 -0.176498
16537.4 -0.17646
16537.7 -0.17646
16538.1 -0.176491
16538.5 -0.176567
16538.8 -0.176666
16539.2 -0.176781
16539.5 -0.176926
16539.9 -0.177078
16540.3 -0.177231
16540.6 -0.177032
16541 -0.177177
16541.4 -0.177322
16541.7 -0.177483
16542.1 -0.177475
16542.5 -0.177635
16542.8 -0.177795
16543.2 -0.177971
16543.6 -0.178139
16543.9 -0.178322
16544.3 -0.178505
16544.7 -0.178696
16545 -0.178909
16545.4 -0.179123
16545.8 -0.179375
16546.1 -0.179634
16546.5 -0.179893
16546.9 -0.180176
16547.2 -0.180092
16547.6 -0.180382
16548 -0.180679
16548.3 -0.180847
16548.7 -0.181137
16549.1 -0.181427
16549.4 -0.181717
16549.8 -0.182014
16550.2 -0.182312
16550.5 -0.18261
16550.9 -0.182915
16551.3 -0.183228
16551.6 -0.183548
16552 -0.183876
16552.4 -0.184204
16552.7 -0.184555
16553.1 -0.184929
16553.5 -0.185318
16553.8 -0.185219
16554.2 -0.185646
16554.6 -0.186028
16554.9 -0.186501
16555.3 -0.186958
16555.7 -0.187431
16556 -0.187904
16556.4 -0.188377
16556.8 -0.18885
16557.1 -0.189316
16557.5 -0.189781
16557.9 -0.190216
16558.2 -0.190643
16558.6 -0.191071
16559 -0.19149
16559.3 -0.191902
16559.7 -0.192307
16560.1 -0.192192
16560.4 -0.192581
16560.8 -0.192856
16561.2 -0.19326
16561.5 -0.193665
16561.9 -0.194077
16562.3 -0.194496
16562.6 -0.194908
16563 -0.19532
16563.4 -0.195732
16563.7 -0.196152
16564.1 -0.196564
16564.5 -0.196968
16564.8 -0.197372
16565.2 -0.197746
16565.6 -0.198112
16565.9 -0.198456
16566.3 -0.198776
16566.6 -0.19883
16567 -0.199203
16567.4 -0.199509
16567.7 -0.199791
16568.1 -0.200058
16568.5 -0.20031
16568.8 -0.200531
16569.2 -0.200729
16569.6 -0.20092
16569.9 -0.201118
16570.3 -0.201324
16570.7 -0.201561
16571 -0.20182
16571.4 -0.202095
16571.8 -0.202385
16572.1 -0.202698
16572.5 -0.203033
16572.9 -0.203499
16573.2 -0.20359
16573.6 -0.204018
16574 -0.204491
16574.3 -0.205002
16574.7 -0.205559
16575.1 -0.206154
16575.4 -0.206795
16575.8 -0.207481
16576.2 -0.208199
16576.5 -0.208946
16576.9 -0.209732
16577.3 -0.210533
16577.6 -0.211357
16578 -0.212212
16578.4 -0.213089
16578.7 -0.213959
16579.1 -0.215225
16579.5 -0.216087
16579.8 -0.216469
16580.2 -0.217316
16580.6 -0.218147
16580.9 -0.218964
16581.3 -0.21978
16581.7 -0.220558
16582 -0.221329
16582.4 -0.222069
16582.8 -0.222801
16583.1 -0.223511
16583.5 -0.224205
16583.9 -0.224899
16584.2 -0.225578
16584.6 -0.226265
16585 -0.226921
16585.3 -0.227791
16585.7 -0.228409
16586.1 -0.229004
16586.4 -0.229187
16586.8 -0.229744
16587.2 -0.230263
16587.5 -0.230751
16587.9 -0.231209
16588.3 -0.231628
16588.6 -0.232018
16589 -0.232361
16589.4 -0.232666
16589.7 -0.232933
16590.1 -0.233147
16590.5 -0.233322
16590.8 -0.233467
16591.2 -0.233589
16591.6 -0.233421
16591.9 -0.23349
16592.3 -0.233543
16592.7 -0.233208
16593 -0.233246
16593.4 -0.233276
16593.7 -0.233337
16594.1 -0.233429
16594.5 -0.233543
16594.8 -0.233688
16595.2 -0.233864
16595.6 -0.234062
16595.9 -0.234314
16596.3 -0.234589
16596.7 -0.234917
16597 -0.235268
16597.4 -0.235641
16597.8 -0.235764
16598.1 -0.236198
16598.5 -0.236656
16598.9 -0.237144
16599.2 -0.236938
16599.6 -0.237442
16600 -0.237968
16600.3 -0.238503
16600.7 -0.239052
16601.1 -0.239609
16601.4 -0.240189
16601.8 -0.240784
16602.2 -0.241394
16602.5 -0.242012
16602.9 -0.242638
16603.3 -0.243256
16603.6 -0.243965
16604 -0.244637
16604.4 -0.245323
16604.7 -0.24601
16605.1 -0.246704
16605.5 -0.247391
16605.8 -0.247559
16606.2 -0.248245
16606.6 -0.248909
16606.9 -0.249565
16607.3 -0.250191
16607.7 -0.250786
16608 -0.251358
16608.4 -0.251892
16608.8 -0.252373
16609.1 -0.252823
16609.5 -0.25322
16609.9 -0.253731
16610.2 -0.254082
16610.6 -0.254364
16611 -0.254585
16611.3 -0.254738
16611.7 -0.254822
16612.1 -0.254845
16612.4 -0.255043
16612.8 -0.255028
16613.2 -0.254959
16613.5 -0.254829
16613.9 -0.254639
16614.3 -0.254387
16614.6 -0.254105
16615 -0.253792
16615.4 -0.253479
16615.7 -0.253166
16616.1 -0.25325
16616.5 -0.252968
16616.8 -0.252708
16617.2 -0.252487
16617.6 -0.252327
16617.9 -0.252213
16618.3 -0.252151
16618.7 -0.252129
16619 -0.252663
16619.4 -0.252693
16619.8 -0.252762
16620.1 -0.252861
16620.5 -0.252975
16620.8 -0.25312
16621.2 -0.253281
16621.6 -0.253441
16621.9 -0.253586
16622.3 -0.254166
16622.7 -0.254257
16623 -0.254341
16623.4 -0.254387
16623.8 -0.254402
16624.1 -0.254387
16624.5 -0.254333
16624.9 -0.254234
16625.2 -0.254097
16625.6 -0.254234
16626 -0.254044
16626.3 -0.253799
16626.7 -0.25354
16627.1 -0.253258
16627.4 -0.25293
16627.8 -0.252594
16628.2 -0.252228
16628.5 -0.251793
16628.9 -0.251389
16629.3 -0.250984
16629.6 -0.250549
16630 -0.250092
16630.4 -0.249588
16630.7 -0.249046
16631.1 -0.248466
16631.5 -0.247849
16631.8 -0.24781
16632.2 -0.247169
16632.6 -0.246498
16632.9 -0.245773
16633.3 -0.245003
16633.7 -0.244186
16634 -0.243324
16634.4 -0.242439
16634.8 -0.241447
16635.1 -0.240501
16635.5 -0.239517
16635.9 -0.238525
16636.2 -0.237518
16636.6 -0.236519
16637 -0.235512
16637.3 -0.234489
16637.7 -0.233452
16638.1 -0.232407
16638.4 -0.232277
16638.8 -0.231216
16639.2 -0.230156
16639.5 -0.229103
16639.9 -0.22805
16640.3 -0.227028
16640.6 -0.225899
16641 -0.224915
16641.4 -0.22393
16641.7 -0.222954
16642.1 -0.221992
16642.5 -0.221046
16642.8 -0.220108
16643.2 -0.219162
16643.6 -0.218216
16643.9 -0.217255
16644.3 -0.216301
16644.7 -0.215355
16645 -0.215324
16645.4 -0.214417
16645.8 -0.213516
16646.1 -0.212616
16646.5 -0.211693
16646.8 -0.210701
16647.2 -0.209763
16647.6 -0.208824
16647.9 -0.207878
16648.3 -0.206932
16648.7 -0.205986
16649 -0.205017
16649.4 -0.204056
16649.8 -0.203079
16650.1 -0.20211
16650.5 -0.201134
16650.9 -0.200165
16651.2 -0.199203
16651.6 -0.19899
16652 -0.198013
16652.3 -0.197037
16652.7 -0.196075
16653.1 -0.194885
16653.4 -0.193916
16653.8 -0.192947
16654.2 -0.191986
16654.5 -0.191025
16654.9 -0.190063
16655.3 -0.189125
16655.6 -0.188187
16656 -0.187248
16656.4 -0.18631
16656.7 -0.185364
16657.1 -0.18441
16657.5 -0.183456
16657.8 -0.182503
16658.2 -0.182426
16658.6 -0.181503
16658.9 -0.180588
16659.3 -0.17968
16659.7 -0.17881
16660 -0.177956
16660.4 -0.177139
16660.8 -0.176369
16661.1 -0.175644
16661.5 -0.17495
16661.9 -0.174301
16662.2 -0.173721
16662.6 -0.17321
16663 -0.172768
16663.3 -0.172409
16663.7 -0.172119
16664.1 -0.17189
16664.4 -0.172104
16664.8 -0.171936
16665.2 -0.171822
16665.5 -0.171951
16665.9 -0.171906
16666.3 -0.171906
16666.6 -0.171951
16667 -0.172012
16667.4 -0.172112
16667.7 -0.172234
16668.1 -0.172401
16668.5 -0.172592
16668.8 -0.172806
16669.2 -0.173019
16669.6 -0.173256
16669.9 -0.173477
16670.3 -0.173698
16670.7 -0.173927
16671 -0.17392
16671.4 -0.174126
16671.8 -0.17424
16672.1 -0.1744
16672.5 -0.17453
16672.8 -0.174667
16673.2 -0.174774
16673.6 -0.174881
16673.9 -0.174957
16674.3 -0.175041
16674.7 -0.175087
16675 -0.17511
16675.4 -0.17511
16675.8 -0.175095
16676.1 -0.175056
16676.5 -0.175003
16676.9 -0.174934
16677.2 -0.17485
16677.6 -0.174805
16678 -0.174728
16678.3 -0.174622
16678.7 -0.174484
16679.1 -0.174324
16679.4 -0.174118
16679.8 -0.173889
16680.2 -0.17363
16680.5 -0.17334
16680.9 -0.173004
16681.3 -0.172623
16681.6 -0.172203
16682 -0.171745
16682.4 -0.171249
16682.7 -0.170731
16683.1 -0.170212
16683.5 -0.169693
16683.8 -0.169319
16684.2 -0.169472
16684.6 -0.169006
16684.9 -0.168571
16685.3 -0.168144
16685.7 -0.167755
16686 -0.167404
16686.4 -0.167099
16686.8 -0.166862
16687.1 -0.166679
16687.5 -0.166573
16687.9 -0.166519
16688.2 -0.166512
16688.6 -0.166542
16689 -0.166611
16689.3 -0.166718
16689.7 -0.166862
16690.1 -0.167213
16690.4 -0.16745
16690.8 -0.16761
16691.2 -0.167885
16691.5 -0.168182
16691.9 -0.16851
16692.3 -0.168854
16692.6 -0.169228
16693 -0.169601
16693.4 -0.169991
16693.7 -0.170387
16694.1 -0.170799
16694.5 -0.171196
16694.8 -0.1716
16695.2 -0.172012
16695.6 -0.172401
16695.9 -0.172798
16696.3 -0.173286
16696.7 -0.173683
16697 -0.17382
16697.4 -0.17421
16697.8 -0.174606
16698.1 -0.174995
16698.5 -0.175369
16698.9 -0.175735
16699.2 -0.176079
16699.6 -0.17643
16699.9 -0.176773
16700.3 -0.177109
16700.7 -0.177437
16701 -0.177757
16701.4 -0.178055
16701.8 -0.178345
16702.1 -0.178612
16702.5 -0.179176
16702.9 -0.179405
16703.2 -0.179581
16703.6 -0.179871
16704 -0.18
16704.3 -0.180077
16704.7 -0.180122
16705.1 -0.18013
16705.4 -0.180092
16705.8 -0.179993
16706.2 -0.17981
16706.5 -0.179543
16706.9 -0.179192
16707.3 -0.178757
16707.6 -0.178238
16708 -0.177673
16708.4 -0.177032
16708.7 -0.176315
16709.1 -0.175545
16709.5 -0.174698
16709.8 -0.173798
16710.2 -0.173721
16710.6 -0.172775
16710.9 -0.171822
16711.3 -0.170853
16711.7 -0.169899
16712 -0.168945
16712.4 -0.167992
16712.8 -0.167046
16713.1 -0.166107
16713.5 -0.165207
16713.9 -0.164345
16714.2 -0.163528
16714.6 -0.162773
16715 -0.162056
16715.3 -0.161385
16715.7 -0.160774
16716.1 -0.160217
16716.4 -0.159744
16716.8 -0.159904
16717.2 -0.159515
16717.5 -0.159164
16717.9 -0.158852
16718.3 -0.158592
16718.6 -0.158379
16719 -0.158203
16719.4 -0.158051
16719.7 -0.157928
16720.1 -0.157814
16720.5 -0.157722
16720.8 -0.157898
16721.2 -0.157814
16721.6 -0.157722
16721.9 -0.157631
16722.3 -0.157524
16722.7 -0.15741
16723 -0.157272
16723.4 -0.15741
16723.8 -0.157242
16724.1 -0.157059
16724.5 -0.15686
16724.9 -0.156654
16725.2 -0.156433
16725.6 -0.156197
16726 -0.155952
16726.3 -0.155708
16726.7 -0.155426
16727 -0.155022
16727.4 -0.154686
16727.8 -0.15435
16728.1 -0.154022
16728.5 -0.153687
16728.9 -0.153351
16729.2 -0.153
16729.6 -0.152657
16730 -0.152481
16730.3 -0.15213
16730.7 -0.151794
16731.1 -0.151459
16731.4 -0.151154
16731.8 -0.150871
16732.2 -0.150604
16732.5 -0.150368
16732.9 -0.150146
16733.3 -0.149887
16733.6 -0.149719
16734 -0.14959
16734.4 -0.14946
16734.7 -0.149345
16735.1 -0.149231
16735.5 -0.149117
16735.8 -0.148987
16736.2 -0.149048
16736.6 -0.148926
16736.9 -0.148811
16737.3 -0.148682
16737.7 -0.148514
16738 -0.148308
16738.4 -0.148079
16738.8 -0.147827
16739.1 -0.147667
16739.5 -0.147377
16739.9 -0.147064
16740.2 -0.146729
16740.6 -0.146355
16741 -0.145943
16741.3 -0.145493
16741.7 -0.145012
16742.1 -0.144493
16742.4 -0.143929
16742.8 -0.143944
16743.2 -0.143295
16743.5 -0.142593
16743.9 -0.141823
16744.3 -0.141006
16744.6 -0.140114
16745 -0.13916
16745.4 -0.138016
16745.7 -0.136887
16746.1 -0.135696
16746.5 -0.134438
16746.8 -0.133141
16747.2 -0.131798
16747.6 -0.130424
16747.9 -0.129044
16748.3 -0.127647
16748.7 -0.126259
16749 -0.124886
16749.4 -0.124855
16749.8 -0.123543
16750.1 -0.122269
16750.5 -0.121048
16750.9 -0.119896
16751.2 -0.118828
16751.6 -0.117989
16752 -0.117104
16752.3 -0.116287
16752.7 -0.11554
16753.1 -0.114838
16753.4 -0.114189
16753.8 -0.113586
16754.1 -0.113022
16754.5 -0.112511
16754.9 -0.11203
16755.2 -0.111572
16755.6 -0.111122
16756 -0.111351
16756.3 -0.110909
16756.7 -0.110481
16757.1 -0.110039
16757.4 -0.109604
16757.8 -0.109329
16758.2 -0.108871
16758.5 -0.108398
16758.9 -0.107903
16759.3 -0.107391
16759.6 -0.106842
16760 -0.10627
16760.4 -0.105644
16760.7 -0.104988
16761.1 -0.104301
16761.5 -0.103584
16761.8 -0.102837
16762.2 -0.102081
16762.6 -0.102074
16762.9 -0.101273
16763.3 -0.100433
16763.7 -0.0995483
16764 -0.0984879
16764.4 -0.0974808
16764.8 -0.0964279
16765.1 -0.0953293
16765.5 -0.0941849
16765.9 -0.0929718
16766.2 -0.0917053
16766.6 -0.0903625
16767 -0.0889359
16767.3 -0.0874329
16767.7 -0.0858612
16768.1 -0.0842133
16768.4 -0.0824814
16768.8 -0.0821838
16769.2 -0.0803528
16769.5 -0.0784454
16769.9 -0.0760956
16770.3 -0.0740356
16770.6 -0.0719223
16771 -0.0697861
16771.4 -0.067627
16771.7 -0.0654678
16772.1 -0.0633163
16772.5 -0.0612106
16772.8 -0.0591431
16773.2 -0.057106
16773.6 -0.0551147
16773.9 -0.0531464
16774.3 -0.0512161
16774.7 -0.0493164
16775 -0.0474625
16775.4 -0.0470276
16775.8 -0.0452271
16776.1 -0.0430527
16776.5 -0.0413208
16776.9 -0.0396042
16777.2 -0.0379105
16777.6 -0.0362244
16778 -0.0345688
16778.3 -0.0329361
16778.7 -0.0313263
16779.1 -0.029747
16779.4 -0.0281754
16779.8 -0.0266342
16780.2 -0.0250931
16780.5 -0.0235596
16780.9 -0.022049
16781.2 -0.0205536
16781.6 -0.0190506
16782 -0.0187454
16782.3 -0.0169296
16782.7 -0.0154037
16783.1 -0.0138702
16783.4 -0.0123367
16783.8 -0.0108032
16784.2 -0.00925446
16784.5 -0.00766754
16784.9 -0.00605011
16785.3 -0.0043869
16785.6 -0.00270081
16786 -0.000991821
16786.4 0.000740051
16786.7 0.00250244
16787.1 0.00432587
16787.5 0.00621033
16787.8 0.00814056
16788.2 0.0101089
16788.6 0.0104141
16788.9 0.0123825
16789.3 0.0143814
16789.7 0.0164566
16790 0.0186386
16790.4 0.0209198
16790.8 0.0232391
16791.1 0.0254974
16791.5 0.0276566
16791.9 0.0296936
16792.2 0.0316238
16792.6 0.0334549
16793 0.0351944
16793.3 0.0368195
16793.7 0.0383301
16794.1 0.0397339
16794.4 0.0410233
16794.8 0.0424118
16795.2 0.0426102
16795.5 0.0437317
16795.9 0.0447769
16796.3 0.0457306
16796.6 0.0466309
16797 0.0474701
16797.4 0.0482483
16797.7 0.0489731
16798.1 0.049675
16798.5 0.0503464
16798.8 0.0509872
16799.2 0.0516129
16799.6 0.0522003
16799.9 0.0527649
16800.3 0.0533218
16800.7 0.0538559
16801 0.0545578
16801.4 0.0551147
16801.8 0.0552902
16802.1 0.0558472
16802.5 0.0564041
16802.9 0.0569611
16803.2 0.057518
16803.6 0.0580826
16804 0.0586548
16804.3 0.059227
16804.7 0.0597916
16805.1 0.0603638
16805.4 0.0609436
16805.8 0.0615311
16806.2 0.0621262
16806.5 0.0627365
16806.9 0.0635681
16807.3 0.0642395
16807.6 0.0649414
16808 0.0651474
16808.3 0.0659027
16808.7 0.0666962
16809.1 0.0675201
16809.4 0.0683823
16809.8 0.0692902
16810.2 0.0702209
16810.5 0.0711899
16810.9 0.0722046
16811.3 0.0732346
16811.6 0.0742874
16812 0.0753479
16812.4 0.0764008
16812.7 0.0774536
16813.1 0.0786667
16813.5 0.0796814
16813.8 0.0806656
16814.2 0.0816116
16814.6 0.0817566
16814.9 0.0826263
16815.3 0.0834351
16815.7 0.0841827
16816 0.0848694
16816.4 0.0855103
16816.8 0.0861053
16817.1 0.086647
16817.5 0.0871429
16817.9 0.0875778
16818.2 0.0879669
16818.6 0.088295
16819 0.0885849
16819.3 0.0887604
16819.7 0.0889587
16820.1 0.0891342
16820.4 0.0892715
16820.8 0.0893936
16821.2 0.0891953
16821.5 0.0892639
16821.9 0.0893173
16822.3 0.0893478
16822.6 0.0893784
16823 0.0894012
16823.4 0.0894165
16823.7 0.0894318
16824.1 0.0894547
16824.5 0.0894852
16824.8 0.0895309
16825.2 0.089592
16825.6 0.0895004
16825.9 0.0896378
16826.3 0.0898209
16826.7 0.0900421
16827 0.0902939
16827.4 0.0905914
16827.8 0.0905762
16828.1 0.0909271
16828.5 0.0912857
16828.9 0.0916519
16829.2 0.092041
16829.6 0.0924377
16830 0.0928421
16830.3 0.0932693
16830.7 0.0937119
16831.1 0.0941467
16831.4 0.0945892
16831.8 0.0950928
16832.2 0.0955887
16832.5 0.0961151
16832.9 0.0966873
16833.3 0.0972824
16833.6 0.0978928
16834 0.0985184
16834.3 0.0986404
16834.7 0.0992889
16835.1 0.0999832
16835.4 0.100723
16835.8 0.101501
16836.2 0.102295
16836.5 0.103111
16836.9 0.103905
16837.3 0.104675
16837.6 0.105415
16838 0.106186
16838.4 0.106873
16838.7 0.107559
16839.1 0.108223
16839.5 0.108871
16839.8 0.109482
16840.2 0.110054
16840.6 0.110016
16840.9 0.110542
16841.3 0.111046
16841.7 0.111534
16842 0.112015
16842.4 0.112495
16842.8 0.112953
16843.1 0.113411
16843.5 0.113861
16843.9 0.114311
16844.2 0.114799
16844.6 0.115303
16845 0.115807
16845.3 0.11631
16845.7 0.116821
16846.1 0.11734
16846.4 0.117867
16846.8 0.118401
16847.2 0.118553
16847.5 0.119095
16847.9 0.119606
16848.3 0.120117
16848.6 0.120598
16849 0.121071
16849.4 0.121552
16849.7 0.122025
16850.1 0.12278
16850.5 0.123253
16850.8 0.123703
16851.2 0.124146
16851.6 0.12458
16851.9 0.125
16852.3 0.12542
16852.7 0.125832
16853 0.126228
16853.4 0.126617
16853.8 0.126915
16854.1 0.127319
16854.5 0.127739
16854.9 0.128166
16855.2 0.128616
16855.6 0.129082
16856 0.129562
16856.3 0.130363
16856.7 0.13089
16857.1 0.131439
16857.4 0.132004
16857.8 0.132584
16858.2 0.133194
16858.5 0.13382
16858.9 0.13446
16859.3 0.135109
16859.6 0.135765
16860 0.136421
16860.3 0.136703
16860.7 0.137367
16861.1 0.138031
16861.4 0.13871
16861.8 0.139381
16862.2 0.140068
16862.5 0.141045
16862.9 0.141754
16863.3 0.142509
16863.6 0.143288
16864 0.144104
16864.4 0.144943
16864.7 0.145805
16865.1 0.146698
16865.5 0.147598
16865.8 0.148537
16866.2 0.149498
16866.6 0.150482
16866.9 0.150757
16867.3 0.151756
16867.7 0.152771
16868 0.153793
16868.4 0.154823
16868.8 0.156204
16869.1 0.157257
16869.5 0.158333
16869.9 0.159409
16870.2 0.160492
16870.6 0.161568
16871 0.162613
16871.3 0.163658
16871.7 0.164703
16872.1 0.165733
16872.4 0.166771
16872.8 0.167793
16873.2 0.168793
16873.5 0.169044
16873.9 0.169975
16874.3 0.17086
16874.6 0.171867
16875 0.172653
16875.4 0.173424
16875.7 0.174164
16876.1 0.174866
16876.5 0.175522
16876.8 0.176132
16877.2 0.176697
16877.6 0.177231
16877.9 0.177742
16878.3 0.178246
16878.7 0.178741
16879 0.179253
16879.4 0.179764
16879.8 0.179924
16880.1 0.180466
16880.5 0.181038
16880.9 0.181862
16881.2 0.182503
16881.6 0.183182
16882 0.183891
16882.3 0.184624
16882.7 0.185394
16883.1 0.186188
16883.4 0.187012
16883.8 0.187866
16884.2 0.188751
16884.5 0.189629
16884.9 0.190498
16885.3 0.19136
16885.6 0.192215
16886 0.193047
16886.4 0.19352
16886.7 0.194344
16887.1 0.195648
16887.4 0.196434
16887.8 0.197205
16888.2 0.197929
16888.5 0.198631
16888.9 0.199303
16889.3 0.199944
16889.6 0.200577
16890 0.201202
16890.4 0.20182
16890.7 0.202423
16891.1 0.203011
16891.5 0.20359
16891.8 0.20414
16892.2 0.204681
16892.6 0.205215
16892.9 0.205734
16893.3 0.206764
16893.7 0.207268
16894 0.207787
16894.4 0.208282
16894.8 0.208771
16895.1 0.209251
16895.5 0.209717
16895.9 0.210197
16896.2 0.210663
16896.6 0.211128
16897 0.211601
16897.3 0.212082
16897.7 0.212555
16898.1 0.213028
16898.4 0.213516
16898.8 0.214005
16899.2 0.214493
16899.5 0.215065
16899.9 0.215561
16900.3 0.216057
16900.6 0.216576
16901 0.217087
16901.4 0.217613
16901.7 0.218147
16902.1 0.218697
16902.5 0.219269
16902.8 0.219856
16903.2 0.220451
16903.6 0.221062
16903.9 0.22168
16904.3 0.222321
16904.7 0.222961
16905 0.223618
16905.4 0.224663
16905.8 0.225327
16906.1 0.225731
16906.5 0.226418
16906.9 0.227135
16907.2 0.227875
16907.6 0.228615
16908 0.229355
16908.3 0.230072
16908.7 0.230782
16909.1 0.231461
16909.4 0.232147
16909.8 0.232834
16910.2 0.233498
16910.5 0.234146
16910.9 0.234772
16911.3 0.235374
16911.6 0.236237
16912 0.236794
16912.4 0.237061
16912.7 0.23761
16913.1 0.238152
16913.5 0.238686
16913.8 0.239227
16914.2 0.239777
16914.5 0.240349
16914.9 0.240944
16915.3 0.24157
16915.6 0.242218
16916 0.242897
16916.4 0.243607
16916.7 0.244331
16917.1 0.245087
16917.5 0.24588
16917.8 0.247215
16918.2 0.248085
16918.6 0.248962
16918.9 0.249512
16919.3 0.250412
16919.7 0.25132
16920 0.252243
16920.4 0.253174
16920.8 0.254128
16921.1 0.255081
16921.5 0.256035
16921.9 0.256989
16922.2 0.25795
16922.6 0.258919
16923 0.259888
16923.3 0.260857
16923.7 0.261833
16924.1 0.263435
16924.4 0.26442
16924.8 0.265411
16925.2 0.266396
16925.5 0.267006
16925.9 0.267982
16926.3 0.268936
16926.6 0.269875
16927 0.270805
16927.4 0.271713
16927.7 0.272598
16928.1 0.273453
16928.5 0.274269
16928.8 0.275032
16929.2 0.275764
16929.6 0.276436
16929.9 0.277046
16930.3 0.277939
16930.7 0.278427
16931 0.278877
16931.4 0.279289
16931.8 0.279671
16932.1 0.279884
16932.5 0.280235
16932.9 0.280556
16933.2 0.280853
16933.6 0.281136
16934 0.281425
16934.3 0.281715
16934.7 0.282013
16935.1 0.282318
16935.4 0.282623
16935.8 0.282928
16936.2 0.283241
16936.5 0.283783
16936.9 0.284119
16937.3 0.28447
16937.6 0.284836
16938 0.285179
16938.4 0.28553
16938.7 0.285774
16939.1 0.286102
16939.5 0.28643
16939.8 0.286751
16940.2 0.287071
16940.6 0.287384
16940.9 0.287682
16941.3 0.287971
16941.6 0.288246
16942 0.288506
16942.4 0.288841
16942.7 0.289055
16943.1 0.289253
16943.5 0.289429
16943.8 0.289597
16944.2 0.289742
16944.6 0.289879
16944.9 0.289993
16945.3 0.28997
16945.7 0.29007
16946 0.290169
16946.4 0.290268
16946.8 0.290375
16947.1 0.290504
16947.5 0.290627
16947.9 0.290756
16948.2 0.290894
16948.6 0.291077
16949 0.291229
16949.3 0.291397
16949.7 0.291573
16950.1 0.291748
16950.4 0.291939
16950.8 0.292145
16951.2 0.292358
16951.5 0.292519
16951.9 0.29274
16952.3 0.292953
16952.6 0.293182
16953 0.293419
16953.4 0.293671
16953.7 0.293945
16954.1 0.29422
16954.5 0.294487
16954.8 0.295082
16955.2 0.295364
16955.6 0.295647
16955.9 0.295921
16956.3 0.296196
16956.7 0.296463
16957 0.296722
16957.4 0.296974
16957.8 0.297234
16958.1 0.297699
16958.5 0.297966
16958.9 0.298241
16959.2 0.298515
16959.6 0.298767
16960 0.299019
16960.3 0.299271
16960.7 0.299522
16961.1 0.300209
16961.4 0.300461
16961.8 0.300713
16962.2 0.300957
16962.5 0.301201
16962.9 0.30143
16963.3 0.301659
16963.6 0.301888
16964 0.302124
16964.4 0.302361
16964.7 0.302689
16965.1 0.302925
16965.5 0.303169
16965.8 0.303413
16966.2 0.303658
16966.6 0.303902
16966.9 0.304146
16967.3 0.304688
16967.7 0.304924
16968 0.305168
16968.4 0.305412
16968.7 0.305656
16969.1 0.305901
16969.5 0.306145
16969.8 0.306381
16970.2 0.306625
16970.6 0.30687
16970.9 0.307121
16971.3 0.30751
16971.7 0.307785
16972 0.308083
16972.4 0.308388
16972.8 0.308685
16973.1 0.309418
16973.5 0.309715
16973.9 0.310005
16974.2 0.310303
16974.6 0.310585
16975 0.310867
16975.3 0.311127
16975.7 0.311394
16976.1 0.31163
16976.4 0.311859
16976.8 0.31208
16977.2 0.312271
16977.5 0.312454
16977.9 0.312904
16978.3 0.31308
16978.6 0.313232
16979 0.31337
16979.4 0.313896
16979.7 0.31398
16980.1 0.314041
16980.5 0.314079
16980.8 0.314102
16981.2 0.314095
16981.6 0.314087
16981.9 0.314056
16982.3 0.314011
16982.7 0.313957
16983 0.313881
16983.4 0.313797
16983.8 0.313698
16984.1 0.31385
16984.5 0.313721
16984.9 0.313576
16985.2 0.313431
16985.6 0.313324
16986 0.313164
16986.3 0.313011
16986.7 0.312874
16987.1 0.312752
16987.4 0.312653
16987.8 0.312584
16988.2 0.312538
16988.5 0.312538
16988.9 0.312569
16989.3 0.31263
16989.6 0.312714
16990 0.312828
16990.4 0.312958
16990.7 0.313072
16991.1 0.313248
16991.5 0.313438
16991.8 0.313828
16992.2 0.314087
16992.6 0.314362
16992.9 0.314644
16993.3 0.314964
16993.7 0.315285
16994 0.31562
16994.4 0.315964
16994.8 0.316322
16995.1 0.316689
16995.5 0.317055
16995.8 0.317436
16996.2 0.317825
16996.6 0.318214
16996.9 0.318604
16997.3 0.318787
16997.7 0.319168
16998 0.319702
16998.4 0.320045
16998.8 0.320389
16999.1 0.320709
16999.5 0.321007
16999.9 0.321274
17000.2 0.32151
17000.6 0.321693
17001 0.321838
17001.3 0.321953
17001.7 0.322037
17002.1 0.322083
17002.4 0.322121
17002.8 0.322128
17003.2 0.322105
17003.5 0.32206
17003.9 0.32222
17004.3 0.322372
17004.6 0.322327
17005 0.322281
17005.4 0.322235
17005.7 0.322205
17006.1 0.322182
17006.5 0.322182
17006.8 0.322205
17007.2 0.322227
17007.6 0.322266
17007.9 0.322311
17008.3 0.322372
17008.7 0.322456
17009 0.322548
17009.4 0.32267
17009.8 0.322815
17010.1 0.32338
17010.5 0.323807
17010.9 0.323967
17011.2 0.324127
17011.6 0.324287
17012 0.324432
17012.3 0.324577
17012.7 0.32473
17013.1 0.32486
17013.4 0.324982
17013.8 0.325096
17014.2 0.32518
17014.5 0.325241
17014.9 0.325294
17015.3 0.325317
17015.6 0.325302
17016 0.325264
17016.4 0.325378
17016.7 0.325264
17017.1 0.325401
17017.5 0.325233
17017.8 0.325058
17018.2 0.324844
17018.6 0.3246
17018.9 0.324326
17019.3 0.324036
17019.7 0.323738
17020 0.323448
17020.4 0.323158
17020.8 0.322876
17021.1 0.322601
17021.5 0.322319
17021.8 0.322052
17022.2 0.3218
17022.6 0.321503
17022.9 0.321289
17023.3 0.321251
17023.7 0.321075
17024 0.320923
17024.4 0.320816
17024.8 0.32074
17025.1 0.320694
17025.5 0.320663
17025.9 0.320656
17026.2 0.320679
17026.6 0.320709
17027 0.320786
17027.3 0.3209
17027.7 0.321045
17028.1 0.321198
17028.4 0.321373
17028.8 0.321854
17029.2 0.322075
17029.5 0.322319
17029.9 0.322655
17030.3 0.322922
17030.6 0.323174
17031 0.323418
17031.4 0.323639
17031.7 0.323868
17032.1 0.324081
17032.5 0.324295
17032.8 0.324486
17033.2 0.324654
17033.6 0.324791
17033.9 0.324905
17034.3 0.32502
17034.7 0.325127
17035 0.325424
17035.4 0.325462
17035.8 0.325478
17036.1 0.325478
17036.5 0.325615
17036.9 0.325592
17037.2 0.325554
17037.6 0.325508
17038 0.325432
17038.3 0.325356
17038.7 0.325264
17039.1 0.325188
17039.4 0.325119
17039.8 0.325043
17040.2 0.324974
17040.5 0.324875
17040.9 0.324646
17041.3 0.324562
17041.6 0.324493
17042 0.32444
17042.4 0.324402
17042.7 0.324364
17043.1 0.324181
17043.5 0.324135
17043.8 0.324104
17044.2 0.324089
17044.6 0.324074
17044.9 0.324066
17045.3 0.324059
17045.7 0.324036
17046 0.324028
17046.4 0.324013
17046.8 0.323997
17047.1 0.323898
17047.5 0.323837
17047.8 0.323769
17048.2 0.323685
17048.6 0.323586
17048.9 0.323463
17049.3 0.323341
17049.7 0.323181
17050 0.323013
17050.4 0.322838
17050.8 0.322647
17051.1 0.322449
17051.5 0.322235
17051.9 0.321999
17052.2 0.321739
17052.6 0.321472
17053 0.321205
17053.3 0.320724
17053.7 0.320465
17054.1 0.320206
17054.4 0.319916
17054.8 0.319626
17055.2 0.319351
17055.5 0.319084
17055.9 0.318886
17056.3 0.318634
17056.6 0.318359
17057 0.318085
17057.4 0.31781
17057.7 0.317535
17058.1 0.317276
17058.5 0.317039
17058.8 0.316811
17059.2 0.316597
17059.6 0.316254
17059.9 0.316086
17060.3 0.315933
17060.7 0.315796
17061 0.315651
17061.4 0.315529
17061.8 0.315414
17062.1 0.315323
17062.5 0.315277
17062.9 0.315201
17063.2 0.315125
17063.6 0.315041
17064 0.314957
17064.3 0.31488
17064.7 0.314812
17065.1 0.314758
17065.4 0.314735
17065.8 0.314651
17066.2 0.314667
17066.5 0.31469
17066.9 0.314751
17067.3 0.314835
17067.6 0.314941
17068 0.315079
17068.4 0.315231
17068.7 0.315399
17069.1 0.315216
17069.5 0.315384
17069.8 0.315544
17070.2 0.315697
17070.6 0.315834
17070.9 0.315971
17071.3 0.316086
17071.7 0.316177
17072 0.315887
17072.4 0.315865
17072.8 0.315804
17073.1 0.315697
17073.5 0.315544
17073.9 0.315346
17074.2 0.315102
17074.6 0.314804
17074.9 0.314476
17075.3 0.314102
17075.7 0.31366
17076 0.313263
17076.4 0.312828
17076.8 0.312355
17077.1 0.311844
17077.5 0.311295
17077.9 0.310257
17078.2 0.309677
17078.6 0.309082
17079 0.308495
17079.3 0.307899
17079.7 0.30732
17080.1 0.306747
17080.4 0.30619
17080.8 0.305664
17081.2 0.305153
17081.5 0.304672
17081.9 0.304237
17082.3 0.303894
17082.6 0.303535
17083 0.303215
17083.4 0.30294
17083.7 0.302696
17084.1 0.302238
17084.5 0.302063
17084.8 0.301941
17085.2 0.301842
17085.6 0.301758
17085.9 0.301697
17086.3 0.30162
17086.7 0.301552
17087 0.301483
17087.4 0.301414
17087.8 0.301353
17088.1 0.301277
17088.5 0.301186
17088.9 0.300987
17089.2 0.30088
17089.6 0.300728
17090 0.300568
17090.3 0.300217
17090.7 0.300034
17091.1 0.29985
17091.4 0.299644
17091.8 0.299431
17092.2 0.299217
17092.5 0.298988
17092.9 0.298775
17093.3 0.298569
17093.6 0.298386
17094 0.29821
17094.4 0.298042
17094.7 0.297874
17095.1 0.297897
17095.5 0.297745
17095.8 0.2976
17096.2 0.29747
17096.6 0.29747
17096.9 0.297401
17097.3 0.29734
17097.7 0.297287
17098 0.297234
17098.4 0.29718
17098.8 0.297127
17099.1 0.297073
17099.5 0.297028
17099.9 0.296959
17100.2 0.296906
17100.6 0.296837
17101 0.296753
17101.3 0.296669
17101.7 0.29673
17102 0.296623
17102.4 0.296509
17102.8 0.29641
17103.1 0.296272
17103.5 0.296135
17103.9 0.29599
17104.2 0.295837
17104.6 0.295692
17105 0.295547
17105.3 0.295395
17105.7 0.295273
17106.1 0.295174
17106.4 0.295082
17106.8 0.295006
17107.2 0.294945
17107.5 0.294891
17107.9 0.294853
17108.3 0.294861
17108.6 0.294914
17109 0.294945
17109.4 0.294998
17109.7 0.295044
17110.1 0.29509
17110.5 0.295135
17110.8 0.295166
17111.2 0.295197
17111.6 0.295219
17111.9 0.295219
17112.3 0.295212
17112.7 0.295174
17113 0.295128
17113.4 0.295052
17113.8 0.294968
17114.1 0.294861
17114.5 0.294746
17114.9 0.29483
17115.2 0.294678
17115.6 0.294495
17116 0.294289
17116.3 0.294052
17116.7 0.293793
17117.1 0.293541
17117.4 0.293274
17117.8 0.293015
17118.2 0.292763
17118.5 0.292526
17118.9 0.292313
17119.3 0.292114
17119.6 0.291946
17120 0.291801
17120.4 0.291687
17120.7 0.291611
17121.1 0.29155
17121.5 0.291542
17121.8 0.29158
17122.2 0.291664
17122.6 0.291779
17122.9 0.291939
17123.3 0.292122
17123.7 0.292343
17124 0.292595
17124.4 0.292877
17124.8 0.293213
17125.1 0.293579
17125.5 0.293968
17125.9 0.29438
17126.2 0.294815
17126.6 0.295265
17127 0.295746
17127.3 0.29628
17127.7 0.296333
17128.1 0.296806
17128.4 0.297279
17128.8 0.297729
17129.1 0.298164
17129.5 0.298584
17129.9 0.298988
17130.2 0.299377
17130.6 0.299759
17131 0.300125
17131.3 0.300476
17131.7 0.300812
17132.1 0.301125
17132.4 0.30143
17132.8 0.301735
17133.2 0.302048
17133.5 0.302437
17133.9 0.302788
17134.3 0.302895
17134.6 0.303246
17135 0.303604
17135.4 0.303955
17135.7 0.304329
17136.1 0.304703
17136.5 0.305092
17136.8 0.305481
17137.2 0.305885
17137.6 0.306305
17137.9 0.30674
17138.3 0.307198
17138.7 0.307648
17139 0.308121
17139.4 0.308586
17139.8 0.30941
17140.1 0.309891
17140.5 0.310364
17140.9 0.310753
17141.2 0.311211
17141.6 0.311646
17142 0.312065
17142.3 0.312462
17142.7 0.312851
17143.1 0.313217
17143.4 0.313568
17143.8 0.313896
17144.2 0.314201
17144.5 0.314476
17144.9 0.314728
17145.3 0.314941
17145.6 0.315445
17146 0.31562
17146.4 0.315788
17146.7 0.315956
17147.1 0.316093
17147.5 0.316338
17147.8 0.316452
17148.2 0.316566
17148.6 0.316681
17148.9 0.316811
17149.3 0.316963
17149.7 0.317154
17150 0.317352
17150.4 0.317589
17150.8 0.317841
17151.1 0.31813
17151.5 0.318436
17151.9 0.31881
17152.2 0.319168
17152.6 0.319565
17153 0.319984
17153.3 0.320427
17153.7 0.320892
17154.1 0.320854
17154.4 0.321358
17154.8 0.321907
17155.2 0.322479
17155.5 0.323059
17155.9 0.323631
17156.2 0.324196
17156.6 0.32476
17157 0.32531
17157.3 0.325859
17157.7 0.326424
17158.1 0.327042
17158.4 0.327591
17158.8 0.328102
17159.2 0.328583
17159.5 0.329033
17159.9 0.329437
17160.3 0.329819
17160.6 0.329918
17161 0.330276
17161.4 0.330605
17161.7 0.330887
17162.1 0.331139
17162.5 0.33136
17162.8 0.331551
17163.2 0.331734
17163.6 0.331902
17163.9 0.332054
17164.3 0.332321
17164.7 0.332451
17165 0.332565
17165.4 0.332664
17165.8 0.332756
17166.1 0.332848
17166.5 0.332947
17166.9 0.333046
17167.2 0.333145
17167.6 0.33326
17168 0.333382
17168.3 0.333519
17168.7 0.333664
17169.1 0.333839
17169.4 0.334038
17169.8 0.334259
17170.2 0.334518
17170.5 0.334969
17170.9 0.335304
17171.3 0.33567
17171.6 0.336075
17172 0.336517
17172.4 0.337006
17172.7 0.337532
17173.1 0.338097
17173.5 0.338379
17173.8 0.338989
17174.2 0.33963
17174.6 0.340309
17174.9 0.341019
17175.3 0.341759
17175.7 0.342545
17176 0.343369
17176.4 0.344643
17176.8 0.345558
17177.1 0.346489
17177.5 0.34745
17177.9 0.348442
17178.2 0.349449
17178.6 0.350479
17179 0.351509
17179.3 0.352539
17179.7 0.353577
17180.1 0.35405
17180.4 0.355064
17180.8 0.356079
17181.2 0.357079
17181.5 0.35807
17181.9 0.359055
17182.3 0.360016
17182.6 0.361389
17183 0.362328
17183.3 0.363243
17183.7 0.364143
17184.1 0.365036
17184.4 0.365921
17184.8 0.366798
17185.2 0.367668
17185.5 0.368523
17185.9 0.369385
17186.3 0.370255
17186.6 0.370514
17187 0.371368
17187.4 0.372231
17187.7 0.373123
17188.1 0.374039
17188.5 0.374985
17188.8 0.376083
17189.2 0.377068
17189.6 0.378082
17189.9 0.379143
17190.3 0.380249
17190.7 0.381432
17191 0.38266
17191.4 0.383957
17191.8 0.385277
17192.1 0.38665
17192.5 0.388062
17192.9 0.389503
17193.2 0.389511
17193.6 0.391006
17194 0.392532
17194.3 0.394073
17194.7 0.395607
17195.1 0.39711
17195.4 0.398643
17195.8 0.400185
17196.2 0.401733
17196.5 0.403275
17196.9 0.404808
17197.3 0.406311
17197.6 0.407791
17198 0.409241
17198.4 0.410675
17198.7 0.412086
17199.1 0.413475
17199.5 0.413338
17199.8 0.414673
17200.2 0.415977
17200.6 0.417229
17200.9 0.418442
17201.3 0.419449
17201.7 0.42057
17202 0.421638
17202.4 0.422646
17202.8 0.423615
17203.1 0.424545
17203.5 0.425461
17203.9 0.426331
17204.2 0.427177
17204.6 0.428001
17205 0.428802
17205.3 0.429565
17205.7 0.430328
17206.1 0.430428
17206.4 0.431198
17206.8 0.431969
17207.2 0.432716
17207.5 0.433662
17207.9 0.43441
17208.3 0.43515
17208.6 0.435867
17209 0.436554
17209.3 0.437218
17209.7 0.437866
17210.1 0.438499
17210.4 0.439125
17210.8 0.439751
17211.2 0.440361
17211.5 0.440948
17211.9 0.441513
17212.3 0.442062
17212.6 0.44223
17213 0.442764
17213.4 0.443413
17213.7 0.443901
17214.1 0.444359
17214.5 0.444809
17214.8 0.445251
17215.2 0.445686
17215.6 0.446106
17215.9 0.446526
17216.3 0.44693
17216.7 0.447334
17217 0.447731
17217.4 0.448151
17217.8 0.44857
17218.1 0.448997
17218.5 0.449448
17218.9 0.449921
17219.2 0.449974
17219.6 0.450577
17220 0.451126
17220.3 0.451698
17220.7 0.452301
17221.1 0.45295
17221.4 0.453636
17221.8 0.454346
17222.2 0.455086
17222.5 0.455833
17222.9 0.456589
17223.3 0.457382
17223.6 0.458191
17224 0.45903
17224.4 0.4599
17224.7 0.460785
17225.1 0.4617
17225.5 0.462631
17225.8 0.462868
17226.2 0.463791
17226.6 0.464722
17226.9 0.465675
17227.3 0.466675
17227.7 0.467682
17228 0.468727
17228.4 0.469788
17228.8 0.470871
17229.1 0.471992
17229.5 0.473129
17229.9 0.474297
17230.2 0.475456
17230.6 0.476639
17231 0.477821
17231.3 0.479019
17231.7 0.480232
17232.1 0.48159
17232.4 0.481743
17232.8 0.482979
17233.2 0.484207
17233.5 0.485413
17233.9 0.486603
17234.3 0.487762
17234.6 0.488892
17235 0.489975
17235.3 0.49102
17235.7 0.492043
17236.1 0.493011
17236.4 0.49395
17236.8 0.494858
17237.2 0.495743
17237.5 0.496605
17237.9 0.497437
17238.3 0.498474
17238.6 0.49868
17239 0.499474
17239.4 0.500267
17239.7 0.501053
17240.1 0.501854
17240.5 0.50264
17240.8 0.503418
17241.2 0.504196
17241.6 0.504974
17241.9 0.50576
17242.3 0.506546
17242.7 0.507355
17243 0.508179
17243.4 0.509018
17243.8 0.509872
17244.1 0.510948
17244.5 0.511848
17244.9 0.512764
17245.2 0.513
17245.6 0.513939
17246 0.514923
17246.3 0.515923
17246.7 0.516937
17247.1 0.517975
17247.4 0.51902
17247.8 0.520058
17248.2 0.521088
17248.5 0.52211
17248.9 0.523132
17249.3 0.524139
17249.6 0.525124
17250 0.526077
17250.4 0.527245
17250.7 0.528107
17251.1 0.528938
17251.5 0.529732
17251.8 0.52993
17252.2 0.530693
17252.6 0.531418
17252.9 0.532127
17253.3 0.532806
17253.7 0.533455
17254 0.534096
17254.4 0.534721
17254.8 0.535347
17255.1 0.535965
17255.5 0.536591
17255.9 0.537224
17256.2 0.537849
17256.6 0.538673
17257 0.53936
17257.3 0.540062
17257.7 0.540787
17258.1 0.541527
17258.4 0.541801
17258.8 0.54258
17259.2 0.543388
17259.5 0.544235
17259.9 0.545128
17260.3 0.546051
17260.6 0.547005
17261 0.547997
17261.4 0.549011
17261.7 0.550056
17262.1 0.551155
17262.4 0.552292
17262.8 0.553909
17263.2 0.555122
17263.5 0.556358
17263.9 0.557617
17264.3 0.558907
17264.6 0.560226
17265 0.560661
17265.4 0.562012
17265.7 0.563362
17266.1 0.564735
17266.5 0.566124
17266.8 0.567513
17267.2 0.568939
17267.6 0.570396
17267.9 0.571884
17268.3 0.573402
17268.7 0.574936
17269 0.576797
17269.4 0.578354
17269.8 0.579933
17270.1 0.581551
17270.5 0.583183
17270.9 0.584824
17271.2 0.585129
17271.6 0.586777
17272 0.588425
17272.3 0.590073
17272.7 0.591713
17273.1 0.593353
17273.4 0.594986
17273.8 0.596588
17274.2 0.59819
17274.5 0.599785
17274.9 0.601372
17275.3 0.603264
17275.6 0.604843
17276 0.606422
17276.4 0.607994
17276.7 0.60955
17277.1 0.611099
17277.5 0.612633
17277.8 0.612923
17278.2 0.614441
17278.6 0.615959
17278.9 0.61747
17279.3 0.618965
17279.7 0.620468
17280 0.621941
17280.4 0.623398
17280.8 0.624832
17281.1 0.626472
17281.5 0.627869
17281.9 0.629234
17282.2 0.630562
17282.6 0.631874
17283 0.633163
17283.3 0.634438
17283.7 0.635712
17284.1 0.636978
17284.4 0.637245
17284.8 0.638504
17285.2 0.639725
17285.5 0.64093
17285.9 0.642105
17286.3 0.643265
17286.6 0.644417
17287 0.645584
17287.4 0.647125
17287.7 0.648331
17288.1 0.649536
17288.5 0.650726
17288.8 0.651917
17289.2 0.653084
17289.5 0.654243
17289.9 0.65538
17290.3 0.656502
17290.6 0.657616
17291 0.658028
17291.4 0.659126
17291.7 0.660187
17292.1 0.661232
17292.5 0.662247
17292.8 0.663254
17293.2 0.664215
17293.6 0.665565
17293.9 0.666496
17294.3 0.667427
17294.7 0.66835
17295 0.669258
17295.4 0.670174
17295.8 0.671089
17296.1 0.67202
17296.5 0.672958
17296.9 0.673904
17297.2 0.674858
17297.6 0.67524
17298 0.676186
17298.3 0.677139
17298.7 0.678078
17299.1 0.679031
17299.4 0.679985
17299.8 0.681267
17300.2 0.682205
17300.5 0.683121
17300.9 0.684021
17301.3 0.684906
17301.6 0.68576
17302 0.686615
17302.4 0.687447
17302.7 0.688278
17303.1 0.689095
17303.5 0.689903
17303.8 0.690704
17304.2 0.69091
17304.6 0.691704
17304.9 0.692505
17305.3 0.693314
17305.7 0.694122
17306 0.69519
17306.4 0.696045
17306.8 0.696907
17307.1 0.697792
17307.5 0.698708
17307.9 0.699631
17308.2 0.700577
17308.6 0.701538
17309 0.702499
17309.3 0.703445
17309.7 0.704391
17310.1 0.705315
17310.4 0.705597
17310.8 0.706505
17311.2 0.707375
17311.5 0.708206
17311.9 0.709221
17312.3 0.709953
17312.6 0.71064
17313 0.711273
17313.4 0.711861
17313.7 0.712402
17314.1 0.712898
17314.5 0.713356
17314.8 0.713783
17315.2 0.714165
17315.6 0.714539
17315.9 0.714882
17316.3 0.715233
17316.6 0.715584
17317 0.715706
17317.4 0.716072
17317.7 0.716454
17318.1 0.717018
17318.5 0.717438
17318.8 0.717865
17319.2 0.718315
17319.6 0.718765
17319.9 0.719223
17320.3 0.719704
17320.7 0.720192
17321 0.720695
17321.4 0.721214
17321.8 0.721733
17322.1 0.72226
17322.5 0.722778
17322.9 0.723297
17323.2 0.723816
17323.6 0.724129
17324 0.724648
17324.3 0.725471
17324.7 0.725983
17325.1 0.726501
17325.4 0.727013
17325.8 0.727524
17326.2 0.728035
17326.5 0.728554
17326.9 0.729073
17327.3 0.729614
17327.6 0.730164
17328 0.730721
17328.4 0.731285
17328.7 0.731865
17329.1 0.732445
17329.5 0.733017
17329.8 0.733604
17330.2 0.73381
17330.6 0.734596
17330.9 0.735207
17331.3 0.735809
17331.7 0.736412
17332 0.737007
17332.4 0.73761
17332.8 0.738182
17333.1 0.73877
17333.5 0.739334
17333.9 0.739891
17334.2 0.74044
17334.6 0.740997
17335 0.741547
17335.3 0.742088
17335.7 0.742615
17336.1 0.743134
17336.4 0.743652
17336.8 0.743752
17337.2 0.744286
17337.5 0.744812
17337.9 0.745361
17338.3 0.745934
17338.6 0.746521
17339 0.747147
17339.4 0.747795
17339.7 0.748451
17340.1 0.749092
17340.5 0.749733
17340.8 0.750366
17341.2 0.750992
17341.6 0.751617
17341.9 0.752243
17342.3 0.752861
17342.7 0.753471
17343 0.754082
17343.4 0.7547
17343.7 0.75531
17344.1 0.755898
17344.5 0.756485
17344.8 0.757057
17345.2 0.757629
17345.6 0.758194
17345.9 0.758751
17346.3 0.7593
17346.7 0.759865
17347 0.760422
17347.4 0.760986
17347.8 0.761559
17348.1 0.762146
17348.5 0.762749
17348.9 0.763878
17349.2 0.764534
17349.6 0.765038
17350 0.765701
17350.3 0.76638
17350.7 0.767067
17351.1 0.767761
17351.4 0.768486
17351.8 0.769226
17352.2 0.769966
17352.5 0.770721
17352.9 0.771484
17353.3 0.772263
17353.6 0.773033
17354 0.773827
17354.4 0.77462
17354.7 0.775429
17355.1 0.776649
17355.5 0.777443
17355.8 0.778206
17356.2 0.778587
17356.6 0.779358
17356.9 0.780121
17357.3 0.780869
17357.7 0.781631
17358 0.782387
17358.4 0.78315
17358.8 0.783897
17359.1 0.784637
17359.5 0.78537
17359.9 0.786095
17360.2 0.786819
17360.6 0.787537
17361 0.788223
17361.3 0.7892
17361.7 0.789864
17362.1 0.790497
17362.4 0.791115
17362.8 0.79142
17363.2 0.792015
17363.5 0.792595
17363.9 0.793159
17364.3 0.793701
17364.6 0.79422
17365 0.794724
17365.4 0.795212
17365.7 0.795692
17366.1 0.796165
17366.5 0.796623
17366.8 0.797058
17367.2 0.797478
17367.6 0.798241
17367.9 0.798653
17368.3 0.799065
17368.7 0.799477
17369 0.799889
17369.4 0.800232
17369.8 0.800636
17370.1 0.801048
17370.5 0.80146
17370.8 0.801888
17371.2 0.802315
17371.6 0.80275
17371.9 0.8032
17372.3 0.80365
17372.7 0.804108
17373 0.804573
17373.4 0.805038
17373.8 0.805885
17374.1 0.806328
17374.5 0.806763
17374.9 0.807182
17375.2 0.807579
17375.6 0.807953
17376 0.808289
17376.3 0.808617
17376.7 0.808914
17377.1 0.809181
17377.4 0.809433
17377.8 0.809654
17378.2 0.809853
17378.5 0.810036
17378.9 0.810188
17379.3 0.810333
17379.6 0.810738
17380 0.81086
17380.4 0.810989
17380.7 0.811119
17381.1 0.811264
17381.5 0.811409
17381.8 0.811562
17382.2 0.811882
17382.6 0.81208
17382.9 0.812294
17383.3 0.812546
17383.7 0.81282
17384 0.81311
17384.4 0.813431
17384.8 0.813774
17385.1 0.814148
17385.5 0.814537
17385.9 0.815407
17386.2 0.815872
17386.6 0.81636
17387 0.816856
17387.3 0.817352
17387.7 0.817863
17388.1 0.818382
17388.4 0.818901
17388.8 0.819397
17389.2 0.819916
17389.5 0.820435
17389.9 0.820953
17390.3 0.821472
17390.6 0.821968
17391 0.822456
17391.4 0.822929
17391.7 0.82338
17392.1 0.824287
17392.5 0.824684
17392.8 0.825043
17393.2 0.825386
17393.6 0.825699
17393.9 0.826004
17394.3 0.826279
17394.7 0.826538
17395 0.82679
17395.4 0.827118
17395.8 0.827332
17396.1 0.82753
17396.5 0.827705
17396.8 0.827866
17397.2 0.828011
17397.6 0.82814
17397.9 0.82827
17398.3 0.828568
17398.7 0.828644
17399 0.828712
17399.4 0.828766
17399.8 0.828819
17400.1 0.828888
17400.5 0.828964
17400.9 0.829041
17401.2 0.829109
17401.6 0.829193
17402 0.829277
17402.3 0.829369
17402.7 0.829491
17403.1 0.829636
17403.4 0.829796
17403.8 0.829987
17404.2 0.830215
17404.5 0.830566
17404.9 0.830856
17405.3 0.831177
17405.6 0.831528
17406 0.831917
17406.4 0.832336
17406.7 0.832787
17407.1 0.833267
17407.5 0.833794
17407.8 0.834343
17408.2 0.834923
17408.6 0.835167
17408.9 0.835785
17409.3 0.836411
17409.7 0.837036
17410 0.837662
17410.4 0.838287
17410.8 0.839218
17411.1 0.839836
17411.5 0.840446
17411.9 0.841049
17412.2 0.841621
17412.6 0.842171
17413 0.842682
17413.3 0.843178
17413.7 0.843636
17414.1 0.844063
17414.4 0.844444
17414.8 0.844711
17415.2 0.845039
17415.5 0.845322
17415.9 0.845566
17416.3 0.845772
17416.6 0.846107
17417 0.84626
17417.4 0.846397
17417.7 0.846512
17418.1 0.846634
17418.5 0.846748
17418.8 0.846863
17419.2 0.846977
17419.6 0.847092
17419.9 0.847214
17420.3 0.847336
17420.7 0.847466
17421 0.84761
17421.4 0.84761
17421.8 0.847748
17422.1 0.847893
17422.5 0.848038
17422.8 0.848122
17423.2 0.848244
17423.6 0.848358
17423.9 0.848473
17424.3 0.848602
17424.7 0.848724
17425 0.848854
17425.4 0.848969
17425.8 0.849091
17426.1 0.849205
17426.5 0.849319
17426.9 0.849434
17427.2 0.849556
17427.6 0.849678
17428 0.849655
17428.3 0.849777
17428.7 0.849884
17429.1 0.850037
17429.4 0.850166
17429.8 0.850281
17430.2 0.850388
17430.5 0.850471
17430.9 0.850548
17431.3 0.850609
17431.6 0.85067
17432 0.850723
17432.4 0.850754
17432.7 0.850777
17433.1 0.850777
17433.5 0.850769
17433.8 0.850723
17434.2 0.850685
17434.6 0.850754
17434.9 0.8507
17435.3 0.850677
17435.7 0.850594
17436 0.850502
17436.4 0.850395
17436.8 0.850281
17437.1 0.850136
17437.5 0.849968
17437.9 0.849792
17438.2 0.849594
17438.6 0.849388
17439 0.849167
17439.3 0.84893
17439.7 0.848679
17440.1 0.848396
17440.4 0.848099
17440.8 0.847809
17441.2 0.847725
17441.5 0.847336
17441.9 0.847031
17442.3 0.846703
17442.6 0.846367
17443 0.846024
17443.4 0.84568
17443.7 0.845329
17444.1 0.844986
17444.5 0.844643
17444.8 0.844307
17445.2 0.843979
17445.6 0.843658
17445.9 0.843346
17446.3 0.84304
17446.7 0.842758
17447 0.842506
17447.4 0.842339
17447.8 0.842102
17448.1 0.841873
17448.5 0.841667
17448.9 0.841476
17449.2 0.841309
17449.6 0.841164
17449.9 0.841034
17450.3 0.840919
17450.7 0.840836
17451 0.840767
17451.4 0.840729
17451.8 0.840706
17452.1 0.840714
17452.5 0.840744
17452.9 0.840782
17453.2 0.840843
17453.6 0.840866
17454 0.84082
17454.3 0.840881
17454.7 0.840958
17455.1 0.841049
17455.4 0.841133
17455.8 0.841209
17456.2 0.841278
17456.5 0.841316
17456.9 0.841324
17457.3 0.841293
17457.6 0.841225
17458 0.841133
17458.4 0.841003
17458.7 0.840828
17459.1 0.840607
17459.5 0.840332
17459.8 0.839821
17460.2 0.839447
17460.6 0.839233
17460.9 0.838814
17461.3 0.838356
17461.7 0.837868
17462 0.837349
17462.4 0.836807
17462.8 0.836243
17463.1 0.83567
17463.5 0.835091
17463.9 0.834511
17464.2 0.833939
17464.6 0.833374
17465 0.832809
17465.3 0.832237
17465.7 0.831688
17466.1 0.831062
17466.4 0.830559
17466.8 0.830078
17467.2 0.830086
17467.5 0.829651
17467.9 0.829239
17468.3 0.828842
17468.6 0.828461
17469 0.828102
17469.4 0.827766
17469.7 0.827438
17470.1 0.827118
17470.5 0.826805
17470.8 0.8265
17471.2 0.82621
17471.6 0.825928
17471.9 0.825653
17472.3 0.825508
17472.7 0.825233
17473 0.824944
17473.4 0.824646
17473.8 0.824715
17474.1 0.824394
17474.5 0.824059
17474.9 0.823708
17475.2 0.823334
17475.6 0.822952
17476 0.822548
17476.3 0.822121
17476.7 0.821671
17477 0.821198
17477.4 0.820709
17477.8 0.820198
17478.1 0.819679
17478.5 0.818802
17478.9 0.818214
17479.2 0.817612
17479.6 0.816994
17480 0.816353
17480.3 0.815903
17480.7 0.815262
17481.1 0.814613
17481.4 0.813972
17481.8 0.813347
17482.2 0.812737
17482.5 0.812141
17482.9 0.811569
17483.3 0.811012
17483.6 0.810478
17484 0.809967
17484.4 0.809143
17484.7 0.808701
17485.1 0.808304
17485.5 0.807953
17485.8 0.807663
17486.2 0.807396
17486.6 0.807289
17486.9 0.807091
17487.3 0.806923
17487.7 0.806778
17488 0.806656
17488.4 0.806564
17488.8 0.806488
17489.1 0.806419
17489.5 0.806351
17489.9 0.806297
17490.2 0.806252
17490.6 0.806343
17491 0.80632
17491.3 0.806305
17491.7 0.806297
17492.1 0.806267
17492.4 0.806229
17492.8 0.806175
17493.2 0.806267
17493.5 0.806183
17493.9 0.806068
17494.3 0.805939
17494.6 0.805786
17495 0.805611
17495.4 0.805412
17495.7 0.805183
17496.1 0.804924
17496.5 0.804626
17496.8 0.80423
17497.2 0.803833
17497.6 0.803413
17497.9 0.802963
17498.3 0.802483
17498.7 0.801979
17499 0.801453
17499.4 0.800911
17499.8 0.800819
17500.1 0.80027
17500.5 0.799706
17500.9 0.799141
17501.2 0.798569
17501.6 0.797981
17502 0.797401
17502.3 0.796806
17502.7 0.796211
17503.1 0.795593
17503.4 0.795013
17503.8 0.794441
17504.1 0.793869
17504.5 0.793297
17504.9 0.792732
17505.2 0.792175
17505.6 0.791618
17506 0.791069
17506.3 0.791084
17506.7 0.790543
17507.1 0.790009
17507.4 0.78949
17507.8 0.788971
17508.2 0.78846
17508.5 0.787971
17508.9 0.787498
17509.3 0.787125
17509.6 0.78669
17510 0.786263
17510.4 0.785851
17510.7 0.785461
17511.1 0.785088
17511.5 0.784721
17511.8 0.784386
17512.2 0.784081
17512.6 0.783791
17512.9 0.783951
17513.3 0.783691
17513.7 0.78344
17514 0.783203
17514.4 0.782982
17514.8 0.782784
17515.1 0.782692
17515.5 0.782494
17515.9 0.782295
17516.2 0.782082
17516.6 0.781876
17517 0.78167
17517.3 0.781448
17517.7 0.781212
17518.1 0.780975
17518.4 0.780731
17518.8 0.780457
17519.2 0.780167
17519.5 0.780083
17519.9 0.779762
17520.3 0.779419
17520.6 0.779068
17521 0.778702
17521.4 0.778175
17521.7 0.777779
17522.1 0.777367
17522.5 0.776939
17522.8 0.776512
17523.2 0.776085
17523.6 0.77565
17523.9 0.775215
17524.3 0.774773
17524.7 0.774345
17525 0.773926
17525.4 0.773506
17525.8 0.773407
17526.1 0.772995
17526.5 0.772583
17526.9 0.772171
17527.2 0.771759
17527.6 0.771255
17528 0.770836
17528.3 0.770401
17528.7 0.769951
17529.1 0.769508
17529.4 0.769051
17529.8 0.768593
17530.2 0.768127
17530.5 0.767647
17530.9 0.767159
17531.2 0.766647
17531.6 0.766136
17532 0.765617
17532.3 0.765503
17532.7 0.764984
17533.1 0.764465
17533.4 0.763931
17533.8 0.763283
17534.2 0.762741
17534.5 0.762177
17534.9 0.761612
17535.3 0.76104
17535.6 0.76046
17536 0.759888
17536.4 0.7593
17536.7 0.75872
17537.1 0.758141
17537.5 0.757553
17537.8 0.756989
17538.2 0.756409
17538.6 0.755829
17538.9 0.75573
17539.3 0.75515
17539.7 0.75457
17540 0.753906
17540.4 0.753342
17540.8 0.752785
17541.1 0.75222
17541.5 0.751656
17541.9 0.751099
17542.2 0.750534
17542.6 0.749985
17543 0.749443
17543.3 0.748917
17543.7 0.748398
17544.1 0.747879
17544.4 0.74736
17544.8 0.746841
17545.2 0.74633
17545.5 0.746132
17545.9 0.745621
17546.3 0.744904
17546.6 0.7444
17547 0.743889
17547.4 0.743385
17547.7 0.742874
17548.1 0.742371
17548.5 0.741837
17548.8 0.741302
17549.2 0.740753
17549.6 0.740189
17549.9 0.739601
17550.3 0.739014
17550.7 0.738388
17551 0.737732
17551.4 0.737038
17551.8 0.73632
17552.1 0.73542
17552.5 0.734673
17552.9 0.733902
17553.2 0.733116
17553.6 0.732307
17554 0.731468
17554.3 0.730606
17554.7 0.729744
17555.1 0.728874
17555.4 0.728027
17555.8 0.72718
17556.2 0.726334
17556.5 0.725494
17556.9 0.724655
17557.3 0.723816
17557.6 0.722992
17558 0.722176
17558.3 0.721252
17558.7 0.720497
17559.1 0.719757
17559.4 0.719055
17559.8 0.718391
17560.2 0.717766
17560.5 0.717178
17560.9 0.716621
17561.3 0.716103
17561.6 0.715637
17562 0.715187
17562.4 0.714767
17562.7 0.714371
17563.1 0.713989
17563.5 0.713615
17563.8 0.713249
17564.2 0.712883
17564.6 0.712364
17564.9 0.712212
17565.3 0.711853
17565.7 0.711494
17566 0.711128
17566.4 0.710762
17566.8 0.710388
17567.1 0.709984
17567.5 0.709572
17567.9 0.709137
17568.2 0.708687
17568.6 0.708221
17569 0.707756
17569.3 0.707306
17569.7 0.706856
17570.1 0.706413
17570.4 0.705963
17570.8 0.705185
17571.2 0.704742
17571.5 0.704422
17571.9 0.703987
17572.3 0.703545
17572.6 0.703117
17573 0.702698
17573.4 0.702271
17573.7 0.701866
17574.1 0.701454
17574.5 0.701042
17574.8 0.700623
17575.2 0.700203
17575.6 0.699776
17575.9 0.699341
17576.3 0.698914
17576.7 0.698479
17577 0.697731
17577.4 0.697311
17577.8 0.696907
17578.1 0.696617
17578.5 0.696228
17578.9 0.695854
17579.2 0.695488
17579.6 0.695122
17580 0.694778
17580.3 0.69445
17580.7 0.69413
17581.1 0.693817
17581.4 0.693527
17581.8 0.693237
17582.2 0.69297
17582.5 0.692734
17582.9 0.69239
17583.3 0.692207
17583.6 0.692062
17584 0.691917
17584.3 0.691803
17584.7 0.691689
17585.1 0.691582
17585.4 0.691513
17585.8 0.691467
17586.2 0.691452
17586.5 0.69149
17586.9 0.691582
17587.3 0.691704
17587.6 0.691864
17588 0.692055
17588.4 0.692307
17588.7 0.692596
17589.1 0.69297
17589.5 0.693375
17589.8 0.693817
17590.2 0.69429
17590.6 0.694801
17590.9 0.694885
17591.3 0.69545
17591.7 0.696037
17592 0.696648
17592.4 0.697266
17592.8 0.697884
17593.1 0.698486
17593.5 0.699074
17593.9 0.699646
17594.2 0.700203
17594.6 0.700722
17595 0.70121
17595.3 0.701752
17595.7 0.702141
17596.1 0.702499
17596.4 0.702805
17596.8 0.703064
17597.2 0.703293
17597.5 0.703308
17597.9 0.703476
17598.3 0.703613
17598.6 0.70372
17599 0.703796
17599.4 0.703842
17599.7 0.70385
17600.1 0.703835
17600.5 0.703804
17600.8 0.703766
17601.2 0.703712
17601.6 0.703575
17601.9 0.703522
17602.3 0.703491
17602.7 0.703468
17603 0.703453
17603.4 0.703453
17603.8 0.703484
17604.1 0.703453
17604.5 0.703514
17604.9 0.703583
17605.2 0.703667
17605.6 0.703758
17606 0.703865
17606.3 0.704018
17606.7 0.704193
17607.1 0.704414
17607.4 0.704666
17607.8 0.704971
17608.2 0.705292
17608.5 0.705627
17608.9 0.706001
17609.3 0.706398
17609.6 0.706825
17610 0.707268
17610.3 0.707733
17610.7 0.707748
17611.1 0.708221
17611.4 0.708702
17611.8 0.70919
17612.2 0.709686
17612.5 0.710182
17612.9 0.710678
17613.3 0.711159
17613.6 0.711571
17614 0.711983
17614.4 0.712372
17614.7 0.712738
17615.1 0.713089
17615.5 0.713417
17615.8 0.713722
17616.2 0.714005
17616.6 0.714249
17616.9 0.714493
17617.3 0.714348
17617.7 0.714554
17618 0.714752
17618.4 0.71492
17618.8 0.71508
17619.1 0.715225
17619.5 0.715363
17619.9 0.715355
17620.2 0.715492
17620.6 0.715637
17621 0.715775
17621.3 0.715904
17621.7 0.716049
17622.1 0.716194
17622.4 0.71637
17622.8 0.716545
17623.2 0.716728
17623.5 0.716919
17623.9 0.716858
17624.3 0.717049
17624.6 0.717247
17625 0.717438
17625.4 0.717628
17625.7 0.717819
17626.1 0.71801
17626.5 0.718216
17626.8 0.718422
17627.2 0.71862
17627.6 0.718811
17627.9 0.719002
17628.3 0.719193
17628.7 0.719383
17629 0.719582
17629.4 0.719795
17629.8 0.720024
17630.1 0.720161
17630.5 0.720398
17630.9 0.720642
17631.2 0.720886
17631.6 0.721153
17632 0.721436
17632.3 0.721878
17632.7 0.722176
17633.1 0.722473
17633.4 0.722771
17633.8 0.723061
17634.2 0.723358
17634.5 0.723671
17634.9 0.723984
17635.3 0.724297
17635.6 0.724617
17636 0.724922
17636.4 0.725243
17636.7 0.725357
17637.1 0.725655
17637.4 0.725952
17637.8 0.72625
17638.2 0.726532
17638.5 0.726944
17638.9 0.727219
17639.3 0.727509
17639.6 0.727791
17640 0.728065
17640.4 0.728363
17640.7 0.728668
17641.1 0.728989
17641.5 0.729317
17641.8 0.729652
17642.2 0.729988
17642.6 0.730339
17642.9 0.73069
17643.3 0.730812
17643.7 0.731171
17644 0.731537
17644.4 0.731918
17644.8 0.732414
17645.1 0.732811
17645.5 0.733208
17645.9 0.733612
17646.2 0.734024
17646.6 0.734428
17647 0.734825
17647.3 0.735214
17647.7 0.735596
17648.1 0.735992
17648.4 0.736397
17648.8 0.736816
17649.2 0.737244
17649.5 0.737701
17649.9 0.737816
17650.3 0.738289
17650.6 0.738884
17651 0.739403
17651.4 0.73996
17651.7 0.740562
17652.1 0.741196
17652.5 0.741867
17652.8 0.742577
17653.2 0.743324
17653.6 0.744118
17653.9 0.744942
17654.3 0.745789
17654.7 0.746651
17655 0.747513
17655.4 0.748375
17655.8 0.749237
17656.1 0.750084
17656.5 0.750183
17656.9 0.751083
17657.2 0.751862
17657.6 0.752586
17658 0.753281
17658.3 0.753937
17658.7 0.754555
17659.1 0.755127
17659.4 0.75563
17659.8 0.756096
17660.2 0.756508
17660.5 0.756882
17660.9 0.757217
17661.3 0.757515
17661.6 0.75779
17662 0.758034
17662.4 0.758263
17662.7 0.758461
17663.1 0.758522
17663.5 0.758682
17663.8 0.75882
17664.2 0.758926
17664.5 0.75901
17664.9 0.759064
17665.3 0.759094
17665.6 0.759102
17666 0.759094
17666.4 0.759056
17666.7 0.759003
17667.1 0.758926
17667.5 0.75882
17667.8 0.758705
17668.2 0.758568
17668.6 0.758423
17668.9 0.758286
17669.3 0.757935
17669.7 0.757782
17670 0.757622
17670.4 0.7575
17670.8 0.757393
17671.1 0.757309
17671.5 0.75724
17671.9 0.757195
17672.2 0.757156
17672.6 0.757133
17673 0.757141
17673.3 0.757179
17673.7 0.757233
17674.1 0.757301
17674.4 0.757393
17674.8 0.7575
17675.2 0.757629
17675.5 0.757515
17675.9 0.757225
17676.3 0.757347
17676.6 0.757477
17677 0.757622
17677.4 0.757767
17677.7 0.757935
17678.1 0.758102
17678.5 0.758293
17678.8 0.758492
17679.2 0.758698
17679.6 0.758926
17679.9 0.759155
17680.3 0.759399
17680.7 0.759636
17681 0.759872
17681.4 0.760124
17681.8 0.759972
17682.1 0.760246
17682.5 0.759872
17682.9 0.760147
17683.2 0.760437
17683.6 0.760712
17684 0.760986
17684.3 0.761261
17684.7 0.761543
17685.1 0.761833
17685.4 0.762146
17685.8 0.762451
17686.2 0.762779
17686.5 0.763115
17686.9 0.763466
17687.3 0.76384
17687.6 0.764084
17688 0.764503
17688.4 0.764938
17688.7 0.765381
17689.1 0.765289
17689.5 0.765762
17689.8 0.766258
17690.2 0.7668
17690.6 0.767395
17690.9 0.768036
17691.3 0.768715
17691.6 0.769447
17692 0.770195
17692.4 0.770981
17692.7 0.771812
17693.1 0.772682
17693.5 0.773613
17693.8 0.774651
17694.2 0.775642
17694.6 0.776649
17694.9 0.777664
17695.3 0.778687
17695.7 0.778755
17696 0.779747
17696.4 0.780731
17696.8 0.7817
17697.1 0.782646
17697.5 0.783562
17697.9 0.784447
17698.2 0.785286
17698.6 0.786102
17699 0.786873
17699.3 0.787605
17699.7 0.788307
17700.1 0.788986
17700.4 0.789604
17700.8 0.790184
17701.2 0.790749
17701.5 0.791283
17701.9 0.791252
17702.3 0.791763
17702.6 0.792244
17703 0.792671
17703.4 0.79306
17703.7 0.793411
17704.1 0.793732
17704.5 0.794029
17704.8 0.794304
17705.2 0.794571
17705.6 0.794815
17705.9 0.795052
17706.3 0.795143
17706.7 0.795364
17707 0.795586
17707.4 0.795815
17707.8 0.796021
17708.1 0.796234
17708.5 0.79612
17708.9 0.796326
17709.2 0.796539
17709.6 0.796745
17710 0.796959
17710.3 0.797173
17710.7 0.797394
17711.1 0.797623
17711.4 0.797867
17711.8 0.798119
17712.2 0.79837
17712.5 0.798668
17712.9 0.798958
17713.3 0.799263
17713.6 0.799591
17714 0.799927
17714.4 0.800301
17714.7 0.80069
17715.1 0.800781
17715.5 0.801208
17715.8 0.801674
17716.2 0.80217
17716.6 0.802711
17716.9 0.803299
17717.3 0.803925
17717.7 0.804588
17718 0.80529
17718.4 0.806221
17718.7 0.807007
17719.1 0.807838
17719.5 0.808701
17719.8 0.809593
17720.2 0.810509
17720.6 0.81144
17720.9 0.812393
17721.3 0.813347
17721.7 0.813614
17722 0.81459
17722.4 0.815559
17722.8 0.816513
17723.1 0.817467
17723.5 0.818405
17723.9 0.819328
17724.2 0.820236
17724.6 0.821396
17725 0.822266
17725.3 0.823135
17725.7 0.823982
17726.1 0.824814
17726.4 0.825638
17726.8 0.826447
17727.2 0.827232
17727.5 0.828011
17727.9 0.828781
17728.3 0.828987
17728.6 0.829735
17729 0.830467
17729.4 0.831184
17729.7 0.831886
17730.1 0.832581
17730.5 0.833267
17730.8 0.834137
17731.2 0.834831
17731.6 0.835518
17731.9 0.836189
17732.3 0.836853
17732.7 0.837532
17733 0.838219
17733.4 0.838905
17733.8 0.8396
17734.1 0.840302
17734.5 0.840538
17734.9 0.841255
17735.2 0.841972
17735.6 0.842682
17736 0.843384
17736.3 0.84407
17736.7 0.844765
17737.1 0.845741
17737.4 0.846436
17737.8 0.847145
17738.2 0.847847
17738.5 0.848534
17738.9 0.849213
17739.3 0.849876
17739.6 0.850533
17740 0.851181
17740.4 0.851822
17740.7 0.852486
17741.1 0.852791
17741.5 0.853447
17741.8 0.854103
17742.2 0.854759
17742.6 0.855408
17742.9 0.856056
17743.3 0.857018
17743.7 0.857689
17744 0.858368
17744.4 0.859047
17744.8 0.859734
17745.1 0.860428
17745.5 0.86113
17745.8 0.861847
17746.2 0.862579
17746.6 0.863327
17746.9 0.864082
17747.3 0.864845
17747.7 0.865227
17748 0.865997
17748.4 0.866776
17748.8 0.867546
17749.1 0.868683
17749.5 0.869453
17749.9 0.870216
17750.2 0.870987
17750.6 0.871758
17751 0.87252
17751.3 0.873283
17751.7 0.874046
17752.1 0.874802
17752.4 0.87558
17752.8 0.876358
17753.2 0.877151
17753.5 0.877968
17753.9 0.878784
17754.3 0.879128
17754.6 0.879959
17755 0.880814
17755.4 0.88205
17755.7 0.88295
17756.1 0.883865
17756.5 0.884796
17756.8 0.885735
17757.2 0.886681
17757.6 0.887627
17757.9 0.88858
17758.3 0.889557
17758.7 0.890541
17759 0.891525
17759.4 0.892502
17759.8 0.893471
17760.1 0.89444
17760.5 0.895393
17760.9 0.895668
17761.2 0.896606
17761.6 0.897827
17762 0.89875
17762.3 0.899673
17762.7 0.900581
17763.1 0.901482
17763.4 0.902367
17763.8 0.903252
17764.2 0.904106
17764.5 0.904953
17764.9 0.9058
17765.3 0.906631
17765.6 0.907455
17766 0.908264
17766.4 0.909081
17766.7 0.909882
17767.1 0.910149
17767.5 0.910934
17767.8 0.911987
17768.2 0.912773
17768.6 0.913528
17768.9 0.914261
17769.3 0.914963
17769.7 0.915649
17770 0.916321
17770.4 0.916985
17770.8 0.917641
17771.1 0.918289
17771.5 0.918907
17771.8 0.91951
17772.2 0.920097
17772.6 0.920662
17772.9 0.921219
17773.3 0.921783
17773.7 0.92205
17774 0.922874
17774.4 0.923424
17774.8 0.923981
17775.1 0.924522
17775.5 0.925049
17775.9 0.925568
17776.2 0.926079
17776.6 0.926598
17777 0.927132
17777.3 0.927673
17777.7 0.92823
17778.1 0.928787
17778.4 0.929344
17778.8 0.929901
17779.2 0.930458
17779.5 0.93103
17779.9 0.931732
17780.3 0.931862
17780.6 0.932434
17781 0.933006
17781.4 0.933609
17781.7 0.934204
17782.1 0.934822
17782.5 0.935417
17782.8 0.936012
17783.2 0.93663
17783.6 0.937233
17783.9 0.937851
17784.3 0.938469
17784.7 0.939072
17785 0.939659
17785.4 0.940216
17785.8 0.940765
17786.1 0.941429
17786.5 0.941948
17786.9 0.94207
17787.2 0.942574
17787.6 0.943062
17788 0.943512
17788.3 0.943947
17788.7 0.944359
17789.1 0.94474
17789.4 0.945122
17789.8 0.945473
17790.2 0.945801
17790.5 0.946068
17790.9 0.946297
17791.3 0.946472
17791.6 0.946609
17792 0.946724
17792.4 0.946632
17792.7 0.946632
17793.1 0.946587
17793.5 0.94635
17793.8 0.946243
17794.2 0.946098
17794.6 0.945923
17794.9 0.945747
17795.3 0.945534
17795.7 0.945297
17796 0.94503
17796.4 0.944756
17796.8 0.944466
17797.1 0.944176
17797.5 0.943886
17797.8 0.943619
17798.2 0.943344
17798.6 0.942749
17798.9 0.942505
17799.3 0.942268
17799.7 0.942055
17800 0.941788
17800.4 0.941612
17800.8 0.94146
17801.1 0.941322
17801.5 0.941193
17801.9 0.941078
17802.2 0.940979
17802.6 0.940895
17803 0.940819
17803.3 0.940765
17803.7 0.940712
17804.1 0.940689
17804.4 0.940674
17804.8 0.940521
17805.2 0.940582
17805.5 0.940659
17805.9 0.940758
17806.3 0.940628
17806.6 0.940758
17807 0.940895
17807.4 0.941048
17807.7 0.941216
17808.1 0.941399
17808.5 0.941597
17808.8 0.941803
17809.2 0.942017
17809.6 0.942238
17809.9 0.942451
17810.3 0.942673
17810.7 0.942886
17811 0.943008
17811.4 0.94323
17811.8 0.943451
17812.1 0.943672
17812.5 0.943893
17812.9 0.943787
17813.2 0.943993
17813.6 0.944183
17814 0.944374
17814.3 0.94455
17814.7 0.944717
17815.1 0.944878
17815.4 0.945023
17815.8 0.945183
17816.2 0.945328
17816.5 0.945473
17816.9 0.94548
17817.3 0.94561
17817.6 0.945732
17818 0.945839
17818.4 0.945946
17818.7 0.946037
17819.1 0.946121
17819.5 0.946022
17819.8 0.946098
17820.2 0.946167
17820.6 0.94622
17820.9 0.946259
17821.3 0.946274
17821.7 0.946266
17822 0.946251
17822.4 0.946213
17822.8 0.946167
17823.1 0.94606
17823.5 0.945992
17823.9 0.945908
17824.2 0.945801
17824.6 0.945686
17824.9 0.945549
17825.3 0.945404
17825.7 0.945251
17826 0.94519
17826.4 0.945023
17826.8 0.944839
17827.1 0.944641
17827.5 0.94442
17827.9 0.944191
17828.2 0.943962
17828.6 0.943726
17829 0.943497
17829.3 0.943184
17829.7 0.942947
17830.1 0.942696
17830.4 0.942444
17830.8 0.942177
17831.2 0.941895
17831.5 0.94162
17831.9 0.941322
17832.3 0.941025
17832.6 0.940918
17833 0.940613
17833.4 0.9403
17833.7 0.93998
17834.1 0.939636
17834.5 0.939285
17834.8 0.938919
17835.2 0.938545
17835.6 0.937981
17835.9 0.937599
17836.3 0.937202
17836.7 0.936806
17837 0.936386
17837.4 0.935966
17837.8 0.935555
17838.1 0.93515
17838.5 0.934753
17838.9 0.934364
17839.2 0.934113
17839.6 0.933723
17840 0.933342
17840.3 0.932953
17840.7 0.932587
17841.1 0.932213
17841.4 0.931847
17841.8 0.931206
17842.2 0.930855
17842.5 0.930511
17842.9 0.930168
17843.3 0.929832
17843.6 0.929497
17844 0.929169
17844.4 0.928848
17844.7 0.928535
17845.1 0.928238
17845.5 0.928001
17845.8 0.927734
17846.2 0.927483
17846.6 0.927238
17846.9 0.92701
17847.3 0.926811
17847.7 0.926613
17848 0.926292
17848.4 0.92614
17848.8 0.925995
17849.1 0.925873
17849.5 0.925758
17849.9 0.925652
17850.2 0.92556
17850.6 0.925468
17851 0.925385
17851.3 0.925285
17851.7 0.925186
17852 0.92511
17852.4 0.925011
17852.8 0.924904
17853.1 0.924782
17853.5 0.92466
17853.9 0.924393
17854.2 0.924217
17854.6 0.924011
17855 0.923798
17855.3 0.923569
17855.7 0.923332
17856.1 0.923065
17856.4 0.922775
17856.8 0.922455
17857.2 0.922127
17857.5 0.921768
17857.9 0.921394
17858.3 0.921013
17858.6 0.920753
17859 0.920319
17859.4 0.919868
17859.7 0.919403
17860.1 0.91864
17860.5 0.918144
17860.8 0.917625
17861.2 0.917084
17861.6 0.916527
17861.9 0.915955
17862.3 0.91539
17862.7 0.914818
17863 0.914238
17863.4 0.913643
17863.8 0.913048
17864.1 0.91243
17864.5 0.911819
17864.9 0.911217
17865.2 0.910843
17865.6 0.910255
17866 0.909676
17866.3 0.90873
17866.7 0.908142
17867.1 0.907555
17867.4 0.906967
17867.8 0.90638
17868.2 0.905815
17868.5 0.905235
17868.9 0.904663
17869.3 0.904091
17869.6 0.903503
17870 0.902931
17870.4 0.902351
17870.7 0.901772
17871.1 0.901199
17871.5 0.900627
17871.8 0.900391
17872.2 0.899818
17872.6 0.899033
17872.9 0.898483
17873.3 0.897949
17873.7 0.897423
17874 0.896912
17874.4 0.896423
17874.8 0.895935
17875.1 0.895454
17875.5 0.894981
17875.9 0.894531
17876.2 0.894104
17876.6 0.893684
17877 0.893295
17877.3 0.892906
17877.7 0.892525
17878.1 0.892365
17878.4 0.892014
17878.8 0.891502
17879.1 0.891159
17879.5 0.890816
17879.9 0.890465
17880.2 0.890099
17880.6 0.88974
17881 0.889381
17881.3 0.889023
17881.7 0.888634
17882.1 0.888245
17882.4 0.887825
17882.8 0.887383
17883.2 0.886909
17883.5 0.886429
17883.9 0.885933
17884.3 0.885429
17884.6 0.884735
17885 0.884224
17885.4 0.883705
17885.7 0.883171
17886.1 0.882645
17886.5 0.882118
17886.8 0.881615
17887.2 0.881111
17887.6 0.880638
17887.9 0.880165
17888.3 0.879715
17888.7 0.879272
17889 0.878853
17889.4 0.878433
17889.8 0.878044
17890.1 0.877663
17890.5 0.877304
17890.9 0.876884
17891.2 0.876816
17891.6 0.876518
17892 0.876236
17892.3 0.875977
17892.7 0.875732
17893.1 0.875481
17893.4 0.875237
17893.8 0.874992
17894.2 0.874748
17894.5 0.874504
17894.9 0.874268
17895.3 0.874023
17895.6 0.873779
17896 0.873543
17896.4 0.873299
17896.7 0.873047
17897.1 0.87265
17897.5 0.87236
17897.8 0.872185
17898.2 0.871841
17898.6 0.87149
17898.9 0.871117
17899.3 0.87072
17899.7 0.870316
17900 0.869888
17900.4 0.869431
17900.8 0.86895
17901.1 0.868439
17901.5 0.867905
17901.9 0.867355
17902.2 0.866791
17902.6 0.866219
17903 0.865639
17903.3 0.86467
17903.7 0.864105
17904.1 0.863548
17904.4 0.863182
17904.8 0.86264
17905.2 0.862114
17905.5 0.861595
17905.9 0.861084
17906.2 0.860596
17906.6 0.860123
17907 0.859673
17907.3 0.859245
17907.7 0.858841
17908.1 0.858444
17908.4 0.858055
17908.8 0.857681
17909.2 0.8573
17909.5 0.856682
17909.9 0.856323
17910.3 0.855957
17910.6 0.855713
17911 0.855354
17911.4 0.85498
17911.7 0.854599
17912.1 0.854202
17912.5 0.853783
17912.8 0.853348
17913.2 0.852898
17913.6 0.852425
17913.9 0.851952
17914.3 0.851471
17914.7 0.85099
17915 0.850525
17915.4 0.849831
17915.8 0.84938
17916.1 0.848938
17916.5 0.848503
17916.9 0.848083
17917.2 0.847908
17917.6 0.847504
17918 0.84713
17918.3 0.846764
17918.7 0.84642
17919.1 0.846077
17919.4 0.845741
17919.8 0.845413
17920.2 0.8451
17920.5 0.844795
17920.9 0.844498
17921.3 0.844215
17921.6 0.843796
17922 0.843506
17922.4 0.843216
17922.7 0.842918
17923.1 0.842606
17923.5 0.842278
17923.8 0.842087
17924.2 0.841728
17924.6 0.841354
17924.9 0.840965
17925.3 0.840553
17925.7 0.840134
17926 0.839706
17926.4 0.839272
17926.8 0.838821
17927.1 0.838371
17927.5 0.837921
17927.9 0.837257
17928.2 0.836807
17928.6 0.836334
17929 0.835854
17929.3 0.83535
17929.7 0.834854
17930.1 0.834351
17930.4 0.834175
17930.8 0.833672
17931.2 0.833183
17931.5 0.832687
17931.9 0.832169
17932.3 0.831635
17932.6 0.831085
17933 0.830536
17933.3 0.829979
17933.7 0.829437
17934.1 0.828781
17934.4 0.828224
17934.8 0.827667
17935.2 0.827087
17935.5 0.826492
17935.9 0.82589
17936.3 0.825287
17936.6 0.824684
17937 0.824593
17937.4 0.823982
17937.7 0.823372
17938.1 0.822762
17938.5 0.822136
17938.8 0.821503
17939.2 0.820854
17939.6 0.820206
17939.9 0.819565
17940.3 0.818756
17940.7 0.818115
17941 0.817474
17941.4 0.816841
17941.8 0.816208
17942.1 0.81559
17942.5 0.814987
17942.9 0.8144
17943.2 0.813835
17943.6 0.81353
17944 0.812973
17944.3 0.812416
17944.7 0.811867
17945.1 0.811356
17945.4 0.810883
17945.8 0.81044
17946.2 0.81002
17946.5 0.809364
17946.9 0.808998
17947.3 0.808655
17947.6 0.808342
17948 0.808067
17948.4 0.807816
17948.7 0.807587
17949.1 0.807373
17949.5 0.807167
17949.8 0.80703
17950.2 0.806847
17950.6 0.806671
17950.9 0.806511
17951.3 0.806374
17951.7 0.806236
17952 0.806091
17952.4 0.805862
17952.8 0.805717
17953.1 0.805557
17953.5 0.805405
17953.9 0.805252
17954.2 0.805099
17954.6 0.804962
17955 0.804817
17955.3 0.804665
17955.7 0.804527
17956.1 0.804382
17956.4 0.804276
17956.8 0.804123
17957.2 0.80397
17957.5 0.80381
17957.9 0.803627
17958.3 0.803429
17958.6 0.803047
17959 0.802795
17959.3 0.802521
17959.7 0.802231
17960.1 0.801903
17960.4 0.801559
17960.8 0.801208
17961.2 0.800835
17961.5 0.800453
17961.9 0.800056
17962.3 0.799637
17962.6 0.799202
17963 0.798927
17963.4 0.7985
17963.7 0.798088
17964.1 0.797691
17964.5 0.797318
17964.8 0.796783
17965.2 0.796455
17965.6 0.796143
17965.9 0.795853
17966.3 0.795578
17966.7 0.795334
17967 0.795113
17967.4 0.794922
17967.8 0.794739
17968.1 0.794579
17968.5 0.794411
17968.9 0.794258
17969.2 0.794106
17969.6 0.794113
17970 0.793976
17970.3 0.793854
17970.7 0.793724
17971.1 0.793602
17971.4 0.79348
17971.8 0.79335
17972.2 0.793228
17972.5 0.793091
17972.9 0.792931
17973.3 0.792763
17973.6 0.792572
17974 0.792374
17974.4 0.79216
17974.7 0.791931
17975.1 0.791672
17975.5 0.791412
17975.8 0.791138
17976.2 0.791046
17976.6 0.790764
17976.9 0.790474
17977.3 0.79007
17977.7 0.789749
17978 0.789421
17978.4 0.789085
17978.8 0.788742
17979.1 0.788383
17979.5 0.788017
17979.9 0.787628
17980.2 0.787224
17980.6 0.786804
17981 0.786354
17981.3 0.785904
17981.7 0.785416
17982.1 0.784912
17982.4 0.784706
17982.8 0.78418
17983.2 0.783646
17983.5 0.782898
17983.9 0.782349
17984.3 0.781807
17984.6 0.781265
17985 0.780731
17985.3 0.780212
17985.7 0.779694
17986.1 0.779182
17986.4 0.778687
17986.8 0.778206
17987.2 0.77774
17987.5 0.777306
17987.9 0.776871
17988.3 0.776459
17988.6 0.776047
17989 0.775932
17989.4 0.775429
17989.7 0.775055
17990.1 0.774681
17990.5 0.774315
17990.8 0.773949
17991.2 0.773575
17991.6 0.773201
17991.9 0.772812
17992.3 0.77243
17992.7 0.772049
17993 0.771667
17993.4 0.771278
17993.8 0.770889
17994.1 0.770493
17994.5 0.770088
17994.9 0.769676
17995.2 0.769264
17995.6 0.769112
17996 0.768684
17996.3 0.768234
17996.7 0.767776
17997.1 0.767303
17997.4 0.766815
17997.8 0.766304
17998.2 0.765778
17998.5 0.765244
17998.9 0.764687
17999.3 0.764122
17999.6 0.763535
18000 0.762924
18000.4 0.762299
18000.7 0.761665
18001.1 0.761032
18001.5 0.760384
18001.8 0.75946
18002.2 0.759178
18002.6 0.758514
18002.9 0.757858
18003.3 0.757195
18003.7 0.756538
18004 0.75589
18004.4 0.755249
18004.8 0.754608
18005.1 0.75396
18005.5 0.753326
18005.9 0.752686
18006.2 0.752052
18006.6 0.751419
18007 0.750771
18007.3 0.750137
18007.7 0.749496
18008.1 0.748558
18008.4 0.74791
18008.8 0.747597
18009.2 0.746941
18009.5 0.746292
18009.9 0.745644
18010.3 0.745003
18010.6 0.744362
18011 0.743729
18011.4 0.743111
18011.7 0.7425
18012.1 0.74192
18012.4 0.741356
18012.8 0.740822
18013.2 0.740303
18013.5 0.739807
18013.9 0.739334
18014.3 0.738541
18014.6 0.738091
18015 0.737648
18015.4 0.737343
18015.7 0.736938
18016.1 0.736549
18016.5 0.736176
18016.8 0.735802
18017.2 0.735443
18017.6 0.735092
18017.9 0.734756
18018.3 0.734428
18018.7 0.7341
18019 0.733788
18019.4 0.733475
18019.8 0.733162
18020.1 0.73259
18020.5 0.732277
18020.9 0.731972
18021.2 0.731651
18021.6 0.731384
18022 0.731056
18022.3 0.730721
18022.7 0.73037
18023.1 0.730003
18023.4 0.729637
18023.8 0.729271
18024.2 0.728897
18024.5 0.728516
18024.9 0.728134
18025.3 0.727737
18025.6 0.727318
18026 0.726906
18026.4 0.72625
18026.7 0.725838
18027.1 0.725426
18027.5 0.725006
18027.8 0.724571
18028.2 0.724358
18028.6 0.723923
18028.9 0.723495
18029.3 0.723068
18029.7 0.722656
18030 0.722237
18030.4 0.721832
18030.8 0.72142
18031.1 0.721024
18031.5 0.720627
18031.9 0.720245
18032.2 0.719872
18032.6 0.719345
18033 0.718987
18033.3 0.718643
18033.7 0.7183
18034.1 0.717964
18034.4 0.717636
18034.8 0.717461
18035.2 0.717155
18035.5 0.71685
18035.9 0.716568
18036.3 0.716293
18036.6 0.716026
18037 0.715759
18037.4 0.715492
18037.7 0.71524
18038.1 0.714973
18038.5 0.714714
18038.8 0.714249
18039.2 0.713974
18039.5 0.713699
18039.9 0.713417
18040.3 0.713104
18040.6 0.712776
18041 0.71241
18041.4 0.712128
18041.7 0.711739
18042.1 0.711311
18042.5 0.710876
18042.8 0.710388
18043.2 0.709877
18043.6 0.709312
18043.9 0.708725
18044.3 0.708099
18044.7 0.707458
18045 0.706299
18045.4 0.705589
18045.8 0.704865
18046.1 0.704117
18046.5 0.703362
18046.9 0.702606
18047.2 0.701843
18047.6 0.701088
18048 0.7006
18048.3 0.699867
18048.7 0.699127
18049.1 0.698402
18049.4 0.697685
18049.8 0.696976
18050.2 0.696281
18050.5 0.69558
18050.9 0.694534
18051.3 0.693871
18051.6 0.693222
18052 0.692589
18052.4 0.691956
18052.7 0.691345
18053.1 0.69075
18053.5 0.690147
18053.8 0.68956
18054.2 0.689278
18054.6 0.688713
18054.9 0.688148
18055.3 0.687599
18055.7 0.68708
18056 0.686569
18056.4 0.686096
18056.8 0.685646
18057.1 0.68499
18057.5 0.684616
18057.9 0.684258
18058.2 0.683937
18058.6 0.68364
18059 0.683357
18059.3 0.683098
18059.7 0.682861
18060.1 0.682655
18060.4 0.682472
18060.8 0.682312
18061.2 0.682159
18061.5 0.682014
18061.9 0.68187
18062.3 0.681732
18062.6 0.68158
18063 0.681419
18063.4 0.681068
18063.7 0.68087
18064.1 0.680649
18064.5 0.680405
18064.8 0.680138
18065.2 0.679863
18065.6 0.679573
18065.9 0.67926
18066.3 0.678947
18066.6 0.678619
18067 0.678276
18067.4 0.678078
18067.7 0.677742
18068.1 0.677383
18068.5 0.677025
18068.8 0.676674
18069.2 0.676315
18069.6 0.675827
18069.9 0.675491
18070.3 0.67514
18070.7 0.674797
18071 0.674461
18071.4 0.674118
18071.8 0.67379
18072.1 0.673454
18072.5 0.673126
18072.9 0.672806
18073.2 0.672478
18073.6 0.672165
18074 0.672089
18074.3 0.671776
18074.7 0.671471
18075.1 0.671158
18075.4 0.67083
18075.8 0.67041
18076.2 0.67009
18076.5 0.669769
18076.9 0.669456
18077.3 0.669128
18077.6 0.6688
18078 0.668472
18078.4 0.668129
18078.7 0.667793
18079.1 0.66745
18079.5 0.667122
18079.8 0.666779
18080.2 0.666443
18080.6 0.666275
18080.9 0.665939
18081.3 0.665604
18081.7 0.665268
18082 0.664734
18082.4 0.664383
18082.8 0.66404
18083.1 0.663689
18083.5 0.663345
18083.9 0.662994
18084.2 0.662651
18084.6 0.662315
18085 0.66198
18085.3 0.661652
18085.7 0.661339
18086.1 0.661041
18086.4 0.660751
18086.8 0.660484
18087.2 0.660332
18087.5 0.660103
18087.9 0.659805
18088.3 0.65966
18088.6 0.659531
18089 0.659431
18089.4 0.659348
18089.7 0.659279
18090.1 0.659225
18090.5 0.659195
18090.8 0.659164
18091.2 0.659157
18091.6 0.659149
18091.9 0.659134
18092.3 0.659119
18092.7 0.659111
18093 0.659119
18093.4 0.659195
18093.7 0.65921
18094.1 0.659317
18094.5 0.65934
18094.8 0.659378
18095.2 0.659431
18095.6 0.659508
18095.9 0.659584
18096.3 0.659668
18096.7 0.659752
18097 0.659851
18097.4 0.65995
18097.8 0.66008
18098.1 0.66021
18098.5 0.660347
18098.9 0.660477
18099.2 0.660606
18099.6 0.660721
18100 0.660782
18100.3 0.660934
18100.7 0.661034
18101.1 0.661125
18101.4 0.661217
18101.8 0.661301
18102.2 0.661392
18102.5 0.661461
18102.9 0.66153
18103.3 0.661591
18103.6 0.661629
18104 0.661682
18104.4 0.661713
18104.7 0.661751
18105.1 0.661774
18105.5 0.661789
18105.8 0.661789
18106.2 0.661766
18106.6 0.661476
18106.9 0.661415
18107.3 0.661346
18107.7 0.661255
18108 0.66114
18108.4 0.660995
18108.8 0.660835
18109.1 0.660652
18109.5 0.660446
18109.9 0.660225
18110.2 0.659981
18110.6 0.659706
18111 0.659401
18111.3 0.659065
18111.7 0.658722
18112.1 0.658356
18112.4 0.657974
18112.8 0.657249
18113.2 0.656898
18113.5 0.656471
18113.9 0.656044
18114.3 0.655609
18114.6 0.655151
18115 0.654694
18115.4 0.654236
18115.7 0.65377
18116.1 0.65332
18116.5 0.652885
18116.8 0.652466
18117.2 0.652077
18117.6 0.65168
18117.9 0.651314
18118.3 0.650963
18118.7 0.650391
18119 0.650139
18119.4 0.649925
18119.8 0.649719
18120.1 0.649559
18120.5 0.649429
18120.8 0.64933
18121.2 0.649246
18121.6 0.649193
18121.9 0.649178
18122.3 0.649193
18122.7 0.649231
18123 0.649307
18123.4 0.649406
18123.8 0.649529
18124.1 0.649658
18124.5 0.649818
18124.9 0.649918
18125.2 0.650101
18125.6 0.650307
18126 0.65023
18126.3 0.650452
18126.7 0.650681
18127.1 0.650902
18127.4 0.651131
18127.8 0.651375
18128.2 0.651611
18128.5 0.651848
18128.9 0.652069
18129.3 0.652267
18129.6 0.652451
18130 0.652626
18130.4 0.652786
18130.7 0.652939
18131.1 0.652908
18131.5 0.653015
18131.8 0.653107
18132.2 0.653191
18132.6 0.652977
18132.9 0.653038
18133.3 0.653076
18133.7 0.653099
18134 0.653107
18134.4 0.653091
18134.8 0.653069
18135.1 0.653023
18135.5 0.652954
18135.9 0.65284
18136.2 0.652702
18136.6 0.652527
18137 0.652336
18137.3 0.651756
18137.7 0.651527
18138.1 0.65126
18138.4 0.65097
18138.8 0.650665
18139.2 0.650246
18139.5 0.649918
18139.9 0.649582
18140.3 0.649239
18140.6 0.64888
18141 0.648521
18141.4 0.648155
18141.7 0.647797
18142.1 0.64743
18142.5 0.647064
18142.8 0.646706
18143.2 0.646355
18143.6 0.645622
18143.9 0.645302
18144.3 0.644989
18144.7 0.644661
18145 0.644341
18145.4 0.644012
18145.8 0.643692
18146.1 0.643387
18146.5 0.643097
18146.8 0.64283
18147.2 0.64257
18147.6 0.642311
18147.9 0.642052
18148.3 0.641777
18148.7 0.64151
18149 0.641243
18149.4 0.640999
18149.8 0.640587
18150.1 0.640358
18150.5 0.640137
18150.9 0.639915
18151.2 0.639717
18151.6 0.639526
18152 0.639351
18152.3 0.639198
18152.7 0.639053
18153.1 0.638916
18153.4 0.638809
18153.8 0.638718
18154.2 0.638641
18154.5 0.63858
18154.9 0.638535
18155.3 0.638504
18155.6 0.638329
18156 0.638298
18156.4 0.638275
18156.7 0.638237
18157.1 0.638206
18157.5 0.638176
18157.8 0.638161
18158.2 0.638138
18158.6 0.638123
18158.9 0.63784
18159.3 0.637787
18159.7 0.637718
18160 0.63765
18160.4 0.637558
18160.8 0.637466
18161.1 0.63736
18161.5 0.637253
18161.9 0.636818
18162.2 0.636703
18162.6 0.636597
18163 0.63649
18163.3 0.636398
18163.7 0.636337
18164.1 0.636299
18164.4 0.636284
18164.8 0.636307
18165.2 0.636154
18165.5 0.636208
18165.9 0.636292
18166.3 0.636391
18166.6 0.63652
18167 0.636665
18167.4 0.636826
18167.7 0.637009
18168.1 0.637177
18168.5 0.637383
18168.8 0.637589
18169.2 0.637787
18169.6 0.637978
18169.9 0.638161
18170.3 0.638336
18170.7 0.638496
18171 0.638641
18171.4 0.638763
18171.8 0.638725
18172.1 0.638824
18172.5 0.638901
18172.8 0.638969
18173.2 0.639038
18173.6 0.639107
18173.9 0.63916
18174.3 0.63913
18174.7 0.639153
18175 0.63916
18175.4 0.639153
18175.8 0.639153
18176.1 0.639153
18176.5 0.639145
18176.9 0.639153
18177.2 0.63916
18177.6 0.639198
18178 0.639259
18178.3 0.639114
18178.7 0.639175
18179.1 0.639252
18179.4 0.63932
18179.8 0.639404
18180.2 0.639488
18180.5 0.639427
18180.9 0.639542
18181.3 0.639687
18181.6 0.639832
18182 0.639992
18182.4 0.640129
18182.7 0.640282
18183.1 0.640434
18183.5 0.640579
18183.8 0.640739
18184.2 0.640915
18184.6 0.64109
18184.9 0.640945
18185.3 0.641136
18185.7 0.641335
18186 0.641525
18186.4 0.641617
18186.8 0.641853
18187.1 0.64209
18187.5 0.642326
18187.9 0.642555
18188.2 0.642784
18188.6 0.643005
18189 0.643204
18189.3 0.64341
18189.7 0.643585
18190.1 0.643761
18190.4 0.643936
18190.8 0.644104
18191.2 0.644264
18191.5 0.644203
18191.9 0.644371
18192.3 0.644539
18192.6 0.644714
18193 0.64492
18193.4 0.645134
18193.7 0.64537
18194.1 0.645607
18194.5 0.645844
18194.8 0.64608
18195.2 0.646317
18195.6 0.646584
18195.9 0.646873
18196.3 0.647171
18196.7 0.647491
18197 0.647812
18197.4 0.64814
18197.8 0.64827
18198.1 0.648613
18198.5 0.648987
18198.9 0.649559
18199.2 0.649986
18199.6 0.650429
18199.9 0.650894
18200.3 0.651375
18200.7 0.651878
18201 0.652405
18201.4 0.652954
18201.8 0.653503
18202.1 0.65406
18202.5 0.65461
18202.9 0.655174
18203.2 0.655739
18203.6 0.656296
18204 0.656845
18204.3 0.657066
18204.7 0.657608
18205.1 0.658363
18205.4 0.658875
18205.8 0.659378
18206.2 0.659851
18206.5 0.660309
18206.9 0.660728
18207.3 0.661125
18207.6 0.661499
18208 0.66185
18208.4 0.66217
18208.7 0.662453
18209.1 0.662727
18209.5 0.662971
18209.8 0.6632
18210.2 0.663406
18210.6 0.663589
18210.9 0.663712
18211.3 0.663963
18211.7 0.664078
18212 0.664185
18212.4 0.664268
18212.8 0.664345
18213.1 0.664421
18213.5 0.664482
18213.9 0.664551
18214.2 0.664635
18214.6 0.664734
18215 0.664856
18215.3 0.665009
18215.7 0.665169
18216.1 0.665344
18216.4 0.665543
18216.8 0.665764
18217.2 0.666008
18217.5 0.66629
18217.9 0.666565
18218.3 0.666855
18218.6 0.667145
18219 0.667442
18219.4 0.667763
18219.7 0.668083
18220.1 0.668419
18220.5 0.668755
18220.8 0.669106
18221.2 0.669441
18221.6 0.669785
18221.9 0.67012
18222.3 0.670464
18222.7 0.670807
18223 0.67115
18223.4 0.671654
18223.8 0.671982
18224.1 0.672134
18224.5 0.672455
18224.9 0.672775
18225.2 0.673096
18225.6 0.673416
18226 0.673737
18226.3 0.674065
18226.7 0.674393
18227 0.674721
18227.4 0.675041
18227.8 0.675346
18228.1 0.675644
18228.5 0.675934
18228.9 0.676224
18229.2 0.676529
18229.6 0.676888
18230 0.677231
18230.3 0.677582
18230.7 0.677628
18231.1 0.678001
18231.4 0.678375
18231.8 0.678757
18232.2 0.679146
18232.5 0.679543
18232.9 0.679962
18233.3 0.680397
18233.6 0.680855
18234 0.681328
18234.4 0.681808
18234.7 0.682304
18235.1 0.682785
18235.5 0.683273
18235.8 0.683968
18236.2 0.684456
18236.6 0.684929
18236.9 0.685188
18237.3 0.685677
18237.7 0.686157
18238 0.686638
18238.4 0.687126
18238.8 0.687614
18239.1 0.688103
18239.5 0.688599
18239.9 0.689102
18240.2 0.689606
18240.6 0.690117
18241 0.690636
18241.3 0.691177
18241.7 0.691734
18242.1 0.692764
18242.4 0.693375
18242.8 0.694008
18243.2 0.694633
18243.5 0.695084
18243.9 0.695724
18244.3 0.696365
18244.6 0.697006
18245 0.697662
18245.4 0.698303
18245.7 0.698959
18246.1 0.699608
18246.5 0.700249
18246.8 0.700874
18247.2 0.701485
18247.6 0.702087
18247.9 0.702675
18248.3 0.703529
18248.7 0.704056
18249 0.704575
18249.4 0.70507
18249.8 0.705536
18250.1 0.705688
18250.5 0.706085
18250.9 0.706467
18251.2 0.70681
18251.6 0.70713
18252 0.70742
18252.3 0.70768
18252.7 0.707932
18253.1 0.708153
18253.4 0.708366
18253.8 0.70858
18254.1 0.708572
18254.5 0.708755
18254.9 0.708961
18255.2 0.709167
18255.6 0.709404
18256 0.709671
18256.3 0.709961
18256.7 0.709732
18257.1 0.710068
18257.4 0.710449
18257.8 0.710876
18258.2 0.711334
18258.5 0.71183
18258.9 0.712364
18259.3 0.712914
18259.6 0.713501
18260 0.714096
18260.4 0.714592
18260.7 0.715248
18261.1 0.715904
18261.5 0.716568
18261.8 0.717209
18262.2 0.717834
18262.6 0.718445
18262.9 0.719032
18263.3 0.718987
18263.7 0.719566
18264 0.720139
18264.4 0.720695
18264.8 0.721222
18265.1 0.721718
18265.5 0.722183
18265.9 0.722626
18266.2 0.723038
18266.6 0.723389
18267 0.72374
18267.3 0.724045
18267.7 0.724327
18268.1 0.724564
18268.4 0.72477
18268.8 0.72493
18269.2 0.725052
18269.5 0.724884
18269.9 0.724922
18270.3 0.724922
18270.6 0.724869
18271 0.72477
18271.4 0.724609
18271.7 0.724396
18272.1 0.724129
18272.5 0.723816
18272.8 0.722992
18273.2 0.722588
18273.6 0.722145
18273.9 0.72168
18274.3 0.721191
18274.7 0.720695
18275 0.720184
18275.4 0.719658
18275.8 0.719124
18276.1 0.718567
18276.5 0.718056
18276.9 0.71756
18277.2 0.717079
18277.6 0.716629
18278 0.716187
18278.3 0.715767
18278.7 0.715355
18279.1 0.714615
18279.4 0.714287
18279.8 0.713974
18280.2 0.713669
18280.5 0.713379
18280.9 0.71312
18281.2 0.712875
18281.6 0.712646
18282 0.712463
18282.3 0.712311
18282.7 0.712128
18283.1 0.712006
18283.4 0.711899
18283.8 0.711815
18284.2 0.711731
18284.5 0.711655
18284.9 0.711601
18285.3 0.711395
18285.6 0.711342
18286 0.711311
18286.4 0.711281
18286.7 0.71125
18287.1 0.71122
18287.5 0.711182
18287.8 0.711128
18288.2 0.71106
18288.6 0.710983
18288.9 0.710892
18289.3 0.71064
18289.7 0.710526
18290 0.710388
18290.4 0.710243
18290.8 0.710075
18291.1 0.709587
18291.5 0.709396
18291.9 0.709183
18292.2 0.708954
18292.6 0.708717
18293 0.708458
18293.3 0.708183
18293.7 0.707901
18294.1 0.707603
18294.4 0.707306
18294.8 0.707001
18295.2 0.706703
18295.5 0.706398
18295.9 0.706062
18296.3 0.705772
18296.6 0.705498
18297 0.705231
18297.4 0.704704
18297.7 0.704475
18298.1 0.704277
18298.5 0.704094
18298.8 0.703949
18299.2 0.703827
18299.6 0.703751
18299.9 0.703697
18300.3 0.703659
18300.7 0.703629
18301 0.703621
18301.4 0.703621
18301.8 0.703636
18302.1 0.703674
18302.5 0.703583
18302.9 0.703636
18303.2 0.703697
18303.6 0.70369
18304 0.703743
18304.3 0.703789
18304.7 0.703819
18305.1 0.703827
18305.4 0.703819
18305.8 0.703789
18306.2 0.703743
18306.5 0.703682
18306.9 0.70359
18307.3 0.703491
18307.6 0.703369
18308 0.703224
18308.3 0.703072
18308.7 0.702995
18309.1 0.70282
18309.4 0.702629
18309.8 0.702362
18310.2 0.702187
18310.5 0.702011
18310.9 0.701836
18311.3 0.701675
18311.6 0.701508
18312 0.701355
18312.4 0.70121
18312.7 0.70108
18313.1 0.700951
18313.5 0.700829
18313.8 0.700714
18314.2 0.700607
18314.6 0.700516
18314.9 0.700424
18315.3 0.700272
18315.7 0.700195
18316 0.699982
18316.4 0.699944
18316.8 0.699921
18317.1 0.699928
18317.5 0.699959
18317.9 0.700012
18318.2 0.700081
18318.6 0.700165
18319 0.700294
18319.3 0.700432
18319.7 0.700592
18320.1 0.700783
18320.4 0.700981
18320.8 0.701172
18321.2 0.701385
18321.5 0.701607
18321.9 0.701721
18322.3 0.701988
18322.6 0.702271
18323 0.702538
18323.4 0.702789
18323.7 0.703026
18324.1 0.703247
18324.5 0.703453
18324.8 0.703644
18325.2 0.703812
18325.6 0.703957
18325.9 0.704086
18326.3 0.704216
18326.7 0.704323
18327 0.704437
18327.4 0.704536
18327.8 0.70462
18328.1 0.704659
18328.5 0.704628
18328.9 0.704659
18329.2 0.704681
18329.6 0.704704
18330 0.70472
18330.3 0.704742
18330.7 0.704758
18331.1 0.704758
18331.4 0.704765
18331.8 0.704788
18332.2 0.704811
18332.5 0.704849
18332.9 0.704887
18333.3 0.704926
18333.6 0.704964
18334 0.704987
18334.3 0.704903
18334.7 0.70491
18335.1 0.704765
18335.4 0.70475
18335.8 0.70472
18336.2 0.704674
18336.5 0.704613
18336.9 0.704529
18337.3 0.70443
18337.6 0.704323
18338 0.704193
18338.4 0.704056
18338.7 0.703911
18339.1 0.703766
18339.5 0.703621
18339.8 0.703468
18340.2 0.703331
18340.6 0.703201
18340.9 0.703087
18341.3 0.703148
18341.7 0.703072
18342 0.702995
18342.4 0.702934
18342.8 0.702873
18343.1 0.702843
18343.5 0.70282
18343.9 0.70282
18344.2 0.702835
18344.6 0.702858
18345 0.702919
18345.3 0.702995
18345.7 0.703094
18346.1 0.703232
18346.4 0.703384
18346.8 0.703819
18347.2 0.704018
18347.5 0.704239
18347.9 0.704536
18348.3 0.704788
18348.6 0.705063
18349 0.705353
18349.4 0.705666
18349.7 0.705994
18350.1 0.706329
18350.5 0.70668
18350.8 0.707031
18351.2 0.70739
18351.6 0.707756
18351.9 0.708122
18352.3 0.708504
18352.7 0.708878
18353 0.709572
18353.4 0.709938
18353.8 0.710312
18354.1 0.710655
18354.5 0.710945
18354.9 0.711296
18355.2 0.711647
18355.6 0.711998
18356 0.712349
18356.3 0.712685
18356.7 0.713013
18357.1 0.713333
18357.4 0.713661
18357.8 0.713974
18358.2 0.714279
18358.5 0.714577
18358.9 0.715149
18359.3 0.715416
18359.6 0.715668
18360 0.715927
18360.3 0.716164
18360.7 0.7164
18361.1 0.716698
18361.4 0.716911
18361.8 0.717094
18362.2 0.717247
18362.5 0.717384
18362.9 0.717506
18363.3 0.717606
18363.6 0.71769
18364 0.717751
18364.4 0.717781
18364.7 0.717789
18365.1 0.717964
18365.5 0.717926
18365.8 0.717865
18366.2 0.717789
18366.6 0.71769
18366.9 0.717575
18367.3 0.717445
18367.7 0.717552
18368 0.7174
18368.4 0.717232
18368.8 0.717018
18369.1 0.716774
18369.5 0.716515
18369.9 0.716248
18370.2 0.715965
18370.6 0.715683
18371 0.715378
18371.3 0.715012
18371.7 0.714645
18372.1 0.714279
18372.4 0.713898
18372.8 0.713509
18373.2 0.713104
18373.5 0.712692
18373.9 0.712257
18374.3 0.712135
18374.6 0.711685
18375 0.711227
18375.4 0.710777
18375.7 0.710327
18376.1 0.709869
18376.5 0.709427
18376.8 0.708992
18377.2 0.70858
18377.6 0.708046
18377.9 0.70768
18378.3 0.707329
18378.7 0.707001
18379 0.706696
18379.4 0.706429
18379.8 0.7062
18380.1 0.706001
18380.5 0.705971
18380.9 0.705818
18381.2 0.705696
18381.6 0.705612
18382 0.705544
18382.3 0.705498
18382.7 0.705475
18383.1 0.705467
18383.4 0.705475
18383.8 0.705627
18384.2 0.705666
18384.5 0.705719
18384.9 0.70575
18385.3 0.705772
18385.6 0.705757
18386 0.705727
18386.4 0.705673
18386.7 0.705589
18387.1 0.705666
18387.4 0.705528
18387.8 0.70536
18388.2 0.705154
18388.5 0.704895
18388.9 0.704605
18389.3 0.704277
18389.6 0.703789
18390 0.703331
18390.4 0.702827
18390.7 0.702271
18391.1 0.701683
18391.5 0.701042
18391.8 0.700371
18392.2 0.699661
18392.6 0.698906
18392.9 0.698128
18393.3 0.697311
18393.7 0.696938
18394 0.696075
18394.4 0.69519
18394.8 0.69429
18395.1 0.693375
18395.5 0.692429
18395.9 0.691017
18396.2 0.690071
18396.6 0.68914
18397 0.688232
18397.3 0.687325
18397.7 0.686417
18398.1 0.685532
18398.4 0.684669
18398.8 0.683838
18399.2 0.683029
18399.5 0.682228
18399.9 0.681442
18400.3 0.681053
18400.6 0.680298
18401 0.679558
18401.4 0.678848
18401.7 0.678146
18402.1 0.677116
18402.5 0.676422
18402.8 0.675751
18403.2 0.675087
18403.6 0.674416
18403.9 0.673744
18404.3 0.673065
18404.7 0.672379
18405 0.671692
18405.4 0.671005
18405.8 0.670326
18406.1 0.669647
18406.5 0.668961
18406.9 0.668617
18407.2 0.667946
18407.6 0.667297
18408 0.666656
18408.3 0.665726
18408.7 0.665123
18409.1 0.664543
18409.4 0.663979
18409.8 0.663422
18410.2 0.66288
18410.5 0.662323
18410.9 0.661774
18411.3 0.661209
18411.6 0.66066
18412 0.660118
18412.4 0.659592
18412.7 0.659058
18413.1 0.658836
18413.5 0.658279
18413.8 0.6577
18414.2 0.657127
18414.5 0.656258
18414.9 0.65564
18415.3 0.655006
18415.6 0.65435
18416 0.653679
18416.4 0.652992
18416.7 0.652306
18417.1 0.651604
18417.5 0.650925
18417.8 0.650238
18418.2 0.649544
18418.6 0.648857
18418.9 0.648155
18419.3 0.647453
18419.7 0.647034
18420 0.646347
18420.4 0.645668
18420.8 0.644547
18421.1 0.643837
18421.5 0.643135
18421.9 0.642433
18422.2 0.641724
18422.6 0.641022
18423 0.64032
18423.3 0.639618
18423.7 0.638908
18424.1 0.638199
18424.4 0.637482
18424.8 0.636772
18425.2 0.636078
18425.5 0.635391
18425.9 0.634712
18426.3 0.634247
18426.6 0.63311
18427 0.632462
18427.4 0.631821
18427.7 0.63121
18428.1 0.630623
18428.5 0.630066
18428.8 0.629517
18429.2 0.628998
18429.6 0.62851
18429.9 0.628044
18430.3 0.627602
18430.7 0.627174
18431 0.626755
18431.4 0.626335
18431.8 0.625908
18432.1 0.625481
18432.5 0.625046
18432.9 0.624138
18433.2 0.623688
18433.6 0.623215
18434 0.622734
18434.3 0.622223
18434.7 0.621689
18435.1 0.621109
18435.4 0.620499
18435.8 0.619843
18436.2 0.619148
18436.5 0.618401
18436.9 0.617622
18437.3 0.616814
18437.6 0.615974
18438 0.615097
18438.4 0.614182
18438.7 0.613251
18439.1 0.611588
18439.5 0.610901
18439.8 0.60994
18440.2 0.608971
18440.6 0.608025
18440.9 0.607094
18441.3 0.606178
18441.6 0.605286
18442 0.604401
18442.4 0.603546
18442.7 0.602715
18443.1 0.601913
18443.5 0.601135
18443.8 0.60038
18444.2 0.599632
18444.6 0.598915
18444.9 0.598221
18445.3 0.597328
18445.7 0.596725
18446 0.59655
18446.4 0.595993
18446.8 0.595459
18447.1 0.594963
18447.5 0.594482
18447.9 0.594017
18448.2 0.593567
18448.6 0.593124
18449 0.592697
18449.3 0.592278
18449.7 0.591896
18450.1 0.59153
18450.4 0.591187
18450.8 0.590858
18451.2 0.590515
18451.5 0.590126
18451.9 0.589783
18452.3 0.589729
18452.6 0.589409
18453 0.589104
18453.4 0.588806
18453.7 0.588524
18454.1 0.588257
18454.5 0.587982
18454.8 0.58773
18455.2 0.587494
18455.6 0.58728
18455.9 0.587067
18456.3 0.586876
18456.7 0.586685
18457 0.58651
18457.4 0.586304
18457.8 0.586159
18458.1 0.586037
18458.5 0.585922
18458.9 0.585854
18459.2 0.585747
18459.6 0.58567
18460 0.585609
18460.3 0.585564
18460.7 0.585533
18461.1 0.585518
18461.4 0.585518
18461.8 0.585526
18462.2 0.585541
18462.5 0.585564
18462.9 0.585602
18463.3 0.585648
18463.6 0.58564
18464 0.585724
18464.4 0.585808
18464.7 0.585907
18465.1 0.585991
18465.5 0.585991
18465.8 0.586105
18466.2 0.586227
18466.6 0.586372
18466.9 0.586517
18467.3 0.586662
18467.7 0.586815
18468 0.586967
18468.4 0.587135
18468.7 0.587311
18469.1 0.587486
18469.5 0.587669
18469.8 0.58799
18470.2 0.58815
18470.6 0.588303
18470.9 0.58844
18471.3 0.588562
18471.7 0.588676
18472 0.588776
18472.4 0.588875
18472.8 0.588982
18473.1 0.589073
18473.5 0.589157
18473.9 0.589241
18474.2 0.589317
18474.6 0.589401
18475 0.589462
18475.3 0.589523
18475.7 0.589569
18476.1 0.589615
18476.4 0.589645
18476.8 0.589668
18477.2 0.589684
18477.5 0.589684
18477.9 0.589668
18478.3 0.589638
18478.6 0.58963
18479 0.589584
18479.4 0.589523
18479.7 0.589439
18480.1 0.589348
18480.5 0.589241
18480.8 0.589127
18481.2 0.588997
18481.6 0.588844
18481.9 0.588692
18482.3 0.588509
18482.7 0.588348
18483 0.588203
18483.4 0.588058
18483.8 0.587921
18484.1 0.587784
18484.5 0.587669
18484.9 0.587692
18485.2 0.587585
18485.6 0.587494
18486 0.587418
18486.3 0.587364
18486.7 0.587311
18487.1 0.587273
18487.4 0.58725
18487.8 0.587227
18488.2 0.587196
18488.5 0.587234
18488.9 0.587181
18489.3 0.587097
18489.6 0.58699
18490 0.586861
18490.4 0.5867
18490.7 0.586517
18491.1 0.586319
18491.5 0.586342
18491.8 0.586113
18492.2 0.585846
18492.6 0.585548
18492.9 0.58522
18493.3 0.584869
18493.7 0.584503
18494 0.584114
18494.4 0.583626
18494.8 0.583183
18495.1 0.582726
18495.5 0.582245
18495.8 0.581764
18496.2 0.581276
18496.6 0.58078
18496.9 0.580284
18497.3 0.579781
18497.7 0.579269
18498 0.579086
18498.4 0.578568
18498.8 0.578064
18499.1 0.577568
18499.5 0.577087
18499.9 0.576622
18500.2 0.576172
18500.6 0.575516
18501 0.575066
18501.3 0.574631
18501.7 0.574226
18502.1 0.57383
18502.4 0.573471
18502.8 0.57312
18503.2 0.572792
18503.5 0.572479
18503.9 0.572197
18504.3 0.571945
18504.6 0.571869
18505 0.571663
18505.4 0.571465
18505.7 0.571281
18506.1 0.571114
18506.5 0.570969
18506.8 0.570778
18507.2 0.570641
18507.6 0.570503
18507.9 0.570351
18508.3 0.57019
18508.7 0.570015
18509 0.569832
18509.4 0.569633
18509.8 0.569427
18510.1 0.569191
18510.5 0.568924
18510.9 0.568634
18511.2 0.568375
18511.6 0.568016
18512 0.567627
18512.3 0.567215
18512.7 0.566765
18513.1 0.565918
18513.4 0.565407
18513.8 0.564865
18514.2 0.564308
18514.5 0.563736
18514.9 0.563148
18515.3 0.562546
18515.6 0.561935
18516 0.56131
18516.4 0.560684
18516.7 0.560059
18517.1 0.559433
18517.5 0.559067
18517.8 0.558472
18518.2 0.557884
18518.6 0.557304
18518.9 0.556717
18519.3 0.555862
18519.7 0.555313
18520 0.554764
18520.4 0.554245
18520.8 0.553749
18521.1 0.553261
18521.5 0.552788
18521.8 0.552338
18522.2 0.551895
18522.6 0.551491
18522.9 0.551102
18523.3 0.550743
18523.7 0.550415
18524 0.550377
18524.4 0.550072
18524.8 0.549797
18525.1 0.549538
18525.5 0.549286
18525.9 0.549057
18526.2 0.548843
18526.6 0.54863
18527 0.548447
18527.3 0.548271
18527.7 0.548119
18528.1 0.547966
18528.4 0.547821
18528.8 0.547676
18529.2 0.547539
18529.5 0.547401
18529.9 0.547256
18530.3 0.547112
18530.6 0.547089
18531 0.546936
18531.4 0.546715
18531.7 0.546539
18532.1 0.546349
18532.5 0.54615
18532.8 0.545929
18533.2 0.545692
18533.6 0.545425
18533.9 0.545128
18534.3 0.544815
18534.7 0.544472
18535 0.544113
18535.4 0.543732
18535.8 0.543312
18536.1 0.54287
18536.5 0.542389
18536.9 0.541901
18537.2 0.541603
18537.6 0.54081
18538 0.540314
18538.3 0.539818
18538.7 0.539322
18539.1 0.538834
18539.4 0.538353
18539.8 0.53791
18540.2 0.537483
18540.5 0.537094
18540.9 0.536736
18541.3 0.5364
18541.6 0.53611
18542 0.535851
18542.4 0.535637
18542.7 0.535454
18543.1 0.535316
18543.5 0.535194
18543.8 0.535301
18544.2 0.535255
18544.6 0.535248
18544.9 0.535248
18545.3 0.535286
18545.7 0.535316
18546 0.535355
18546.4 0.5354
18546.8 0.535431
18547.1 0.535454
18547.5 0.535446
18547.8 0.535431
18548.2 0.535393
18548.6 0.535316
18548.9 0.535225
18549.3 0.535103
18549.7 0.534943
18550 0.534668
18550.4 0.534576
18550.8 0.534302
18551.1 0.533981
18551.5 0.533623
18551.9 0.533226
18552.2 0.532784
18552.6 0.532295
18553 0.531776
18553.3 0.531219
18553.7 0.530655
18554.1 0.53006
18554.4 0.529449
18554.8 0.528824
18555.2 0.528206
18555.5 0.52758
18555.9 0.52697
18556.3 0.526054
18556.6 0.525749
18557 0.525185
18557.4 0.524666
18557.7 0.524178
18558.1 0.523727
18558.5 0.523323
18558.8 0.522964
18559.2 0.522629
18559.6 0.522354
18559.9 0.522118
18560.3 0.521919
18560.7 0.521767
18561 0.521652
18561.4 0.521568
18561.8 0.521515
18562.1 0.521645
18562.5 0.52169
18562.9 0.521751
18563.2 0.521942
18563.6 0.522049
18564 0.522163
18564.3 0.522293
18564.7 0.522453
18565.1 0.522621
18565.4 0.522804
18565.8 0.522987
18566.2 0.52317
18566.5 0.523354
18566.9 0.523544
18567.3 0.523743
18567.6 0.523956
18568 0.52417
18568.4 0.524612
18568.7 0.524818
18569.1 0.525017
18569.5 0.525223
18569.8 0.525436
18570.2 0.525658
18570.6 0.525879
18570.9 0.5261
18571.3 0.526337
18571.7 0.526558
18572 0.526779
18572.4 0.527
18572.8 0.527214
18573.1 0.527428
18573.5 0.527634
18573.9 0.527824
18574.2 0.527992
18574.6 0.528252
18574.9 0.528381
18575.3 0.528488
18575.7 0.528587
18576 0.528679
18576.4 0.528786
18576.8 0.528862
18577.1 0.528931
18577.5 0.528999
18577.9 0.529068
18578.2 0.529137
18578.6 0.529205
18579 0.529282
18579.3 0.529366
18579.7 0.529449
18580.1 0.529549
18580.4 0.529671
18580.8 0.529953
18581.2 0.530144
18581.5 0.53035
18581.9 0.530579
18582.3 0.530823
18582.6 0.531097
18583 0.531296
18583.4 0.531593
18583.7 0.531906
18584.1 0.532234
18584.5 0.532578
18584.8 0.532928
18585.2 0.533279
18585.6 0.53363
18585.9 0.533989
18586.3 0.53434
18586.7 0.534683
18587 0.535339
18587.4 0.53569
18587.8 0.536041
18588.1 0.536377
18588.5 0.536713
18588.9 0.537048
18589.2 0.537384
18589.6 0.537704
18590 0.53804
18590.3 0.538376
18590.7 0.538719
18591.1 0.539055
18591.4 0.539391
18591.8 0.539734
18592.2 0.540077
18592.5 0.540428
18592.9 0.541046
18593.3 0.541412
18593.6 0.541794
18594 0.542183
18594.4 0.542572
18594.7 0.542969
18595.1 0.543365
18595.5 0.543762
18595.8 0.543968
18596.2 0.544357
18596.6 0.544746
18596.9 0.545128
18597.3 0.545517
18597.7 0.545898
18598 0.546272
18598.4 0.546631
18598.8 0.546982
18599.1 0.547493
18599.5 0.547836
18599.9 0.54818
18600.2 0.548515
18600.6 0.548843
18601 0.549179
18601.3 0.549522
18601.7 0.549866
18602 0.550217
18602.4 0.550377
18602.8 0.550735
18603.1 0.551109
18603.5 0.551476
18603.9 0.551865
18604.2 0.552269
18604.6 0.552689
18605 0.553131
18605.3 0.553719
18605.7 0.554199
18606.1 0.55468
18606.4 0.555176
18606.8 0.555679
18607.2 0.556198
18607.5 0.556725
18607.9 0.557251
18608.3 0.557785
18608.6 0.558311
18609 0.558357
18609.4 0.558884
18609.7 0.559387
18610.1 0.559898
18610.5 0.560379
18610.8 0.560852
18611.2 0.561302
18611.6 0.561714
18611.9 0.562149
18612.3 0.562576
18612.7 0.562988
18613 0.563377
18613.4 0.563736
18613.8 0.564079
18614.1 0.564423
18614.5 0.564766
18614.9 0.565109
18615.2 0.565453
18615.6 0.565422
18616 0.565765
18616.3 0.566109
18616.7 0.566444
18617.1 0.56678
18617.4 0.567116
18617.8 0.56749
18618.2 0.567841
18618.5 0.568176
18618.9 0.568481
18619.3 0.568771
18619.6 0.569046
18620 0.569298
18620.4 0.569534
18620.7 0.569748
18621.1 0.569946
18621.5 0.570107
18621.8 0.570244
18622.2 0.570381
18622.6 0.570488
18622.9 0.570564
18623.3 0.570618
18623.7 0.57077
18624 0.570763
18624.4 0.570717
18624.8 0.570648
18625.1 0.570541
18625.5 0.570419
18625.9 0.570282
18626.2 0.570129
18626.6 0.569962
18627 0.569771
18627.3 0.569572
18627.7 0.569366
18628.1 0.56916
18628.4 0.569084
18628.8 0.56884
18629.1 0.568596
18629.5 0.568344
18629.9 0.56794
18630.2 0.567688
18630.6 0.567429
18631 0.5672
18631.3 0.566986
18631.7 0.566803
18632.1 0.566628
18632.4 0.566467
18632.8 0.566307
18633.2 0.566162
18633.5 0.56604
18633.9 0.565956
18634.3 0.565918
18634.6 0.565918
18635 0.56588
18635.4 0.565918
18635.7 0.565979
18636.1 0.566055
18636.5 0.566193
18636.8 0.566368
18637.2 0.566597
18637.6 0.566856
18637.9 0.567154
18638.3 0.567482
18638.7 0.567841
18639 0.568214
18639.4 0.568604
18639.8 0.569
18640.1 0.569412
18640.5 0.569824
18640.9 0.570229
18641.2 0.570633
18641.6 0.570763
18642 0.571182
18642.3 0.571716
18642.7 0.572105
18643.1 0.572502
18643.4 0.572876
18643.8 0.573257
18644.2 0.573647
18644.5 0.574036
18644.9 0.574417
18645.3 0.574799
18645.6 0.575165
18646 0.575539
18646.4 0.575905
18646.7 0.576286
18647.1 0.576675
18647.5 0.577072
18647.8 0.577461
18648.2 0.577484
18648.6 0.57785
18648.9 0.578186
18649.3 0.578537
18649.7 0.578903
18650 0.579277
18650.4 0.579666
18650.8 0.58007
18651.1 0.580467
18651.5 0.580864
18651.9 0.581276
18652.2 0.581688
18652.6 0.582123
18653 0.582558
18653.3 0.583
18653.7 0.58345
18654.1 0.583908
18654.4 0.584358
18654.8 0.584015
18655.2 0.58448
18655.5 0.584938
18655.9 0.585403
18656.2 0.585854
18656.6 0.586304
18657 0.586746
18657.3 0.587173
18657.7 0.587585
18658.1 0.587997
18658.4 0.588394
18658.8 0.588776
18659.2 0.589127
18659.5 0.589455
18659.9 0.589767
18660.3 0.590065
18660.6 0.590302
18661 0.590271
18661.4 0.590553
18661.7 0.590805
18662.1 0.591034
18662.5 0.591255
18662.8 0.591454
18663.2 0.591637
18663.6 0.591805
18663.9 0.591957
18664.3 0.592087
18664.7 0.592201
18665 0.592308
18665.4 0.592422
18665.8 0.592529
18666.1 0.592644
18666.5 0.592751
18666.9 0.592827
18667.2 0.592896
18667.6 0.592857
18668 0.592888
18668.3 0.592911
18668.7 0.592926
18669.1 0.592911
18669.4 0.59288
18669.8 0.592827
18670.2 0.592751
18670.5 0.592667
18670.9 0.592575
18671.3 0.592468
18671.6 0.592339
18672 0.592194
18672.4 0.592026
18672.7 0.59185
18673.1 0.591454
18673.5 0.591309
18673.8 0.591171
18674.2 0.590981
18674.6 0.590851
18674.9 0.590729
18675.3 0.590637
18675.7 0.590553
18676 0.590485
18676.4 0.590431
18676.8 0.590378
18677.1 0.590324
18677.5 0.590286
18677.9 0.590256
18678.2 0.590263
18678.6 0.590279
18679 0.590309
18679.3 0.59037
18679.7 0.590439
18680.1 0.590508
18680.4 0.590599
18680.8 0.590614
18681.2 0.590691
18681.5 0.590775
18681.9 0.590858
18682.3 0.59095
18682.6 0.591049
18683 0.591156
18683.3 0.591255
18683.7 0.591347
18684.1 0.591438
18684.4 0.591507
18684.8 0.591576
18685.2 0.591621
18685.5 0.591591
18685.9 0.591606
18686.3 0.591591
18686.6 0.59156
18687 0.591507
18687.4 0.591377
18687.7 0.591286
18688.1 0.591164
18688.5 0.591019
18688.8 0.590858
18689.2 0.590675
18689.6 0.590477
18689.9 0.590263
18690.3 0.59005
18690.7 0.589836
18691 0.589622
18691.4 0.589417
18691.8 0.589081
18692.1 0.588882
18692.5 0.588684
18692.9 0.588493
18693.2 0.58831
18693.6 0.588135
18694 0.588043
18694.3 0.587898
18694.7 0.587776
18695.1 0.587685
18695.4 0.587624
18695.8 0.587585
18696.2 0.58757
18696.5 0.587578
18696.9 0.587624
18697.3 0.587692
18697.6 0.587914
18698 0.588097
18698.4 0.588303
18698.7 0.588531
18699.1 0.588791
18699.5 0.589073
18699.8 0.589401
18700.2 0.589584
18700.6 0.589943
18700.9 0.590324
18701.3 0.590721
18701.7 0.591148
18702 0.591599
18702.4 0.592064
18702.8 0.59256
18703.1 0.593079
18703.5 0.593605
18703.9 0.594376
18704.2 0.594925
18704.6 0.595482
18705 0.596046
18705.3 0.596603
18705.7 0.59716
18706.1 0.597702
18706.4 0.598244
18706.8 0.598473
18707.2 0.598991
18707.5 0.599495
18707.9 0.599991
18708.3 0.600471
18708.6 0.600937
18709 0.601395
18709.3 0.601837
18709.7 0.602264
18710.1 0.602859
18710.4 0.603241
18710.8 0.6036
18711.2 0.60392
18711.5 0.60421
18711.9 0.604485
18712.3 0.604721
18712.6 0.604935
18713 0.605118
18713.4 0.605209
18713.7 0.605362
18714.1 0.605476
18714.5 0.605576
18714.8 0.605659
18715.2 0.605743
18715.6 0.60582
18715.9 0.605904
18716.3 0.606026
18716.7 0.606094
18717 0.606148
18717.4 0.606232
18717.8 0.606323
18718.1 0.606453
18718.5 0.606598
18718.9 0.606758
18719.2 0.606934
18719.6 0.607124
18720 0.607224
18720.3 0.60743
18720.7 0.607658
18721.1 0.60791
18721.4 0.608162
18721.8 0.608437
18722.2 0.608719
18722.5 0.609161
18722.9 0.609505
18723.3 0.609848
18723.6 0.610199
18724 0.61055
18724.4 0.610916
18724.7 0.611282
18725.1 0.611656
18725.5 0.61203
18725.8 0.612404
18726.2 0.612793
18726.6 0.612938
18726.9 0.613335
18727.3 0.613754
18727.7 0.614174
18728 0.614624
18728.4 0.615242
18728.8 0.615677
18729.1 0.616112
18729.5 0.616547
18729.9 0.616982
18730.2 0.617424
18730.6 0.617889
18731 0.61837
18731.3 0.618858
18731.7 0.619339
18732.1 0.619804
18732.4 0.62027
18732.8 0.62072
18733.2 0.620918
18733.5 0.621399
18733.9 0.62188
18734.3 0.62236
18734.6 0.623047
18735 0.623528
18735.3 0.623993
18735.7 0.624451
18736.1 0.624908
18736.4 0.625366
18736.8 0.625816
18737.2 0.626274
18737.5 0.626717
18737.9 0.627159
18738.3 0.627602
18738.6 0.628052
18739 0.628487
18739.4 0.6287
18739.7 0.629158
18740.1 0.629608
18740.5 0.630066
18740.8 0.630737
18741.2 0.631187
18741.6 0.631653
18741.9 0.632126
18742.3 0.632622
18742.7 0.633125
18743 0.633636
18743.4 0.634155
18743.8 0.634682
18744.1 0.635216
18744.5 0.63575
18744.9 0.636314
18745.2 0.636894
18745.6 0.637482
18746 0.637695
18746.3 0.638268
18746.7 0.63884
18747.1 0.639587
18747.4 0.64016
18747.8 0.640732
18748.2 0.641289
18748.5 0.64183
18748.9 0.642365
18749.3 0.642868
18749.6 0.643349
18750 0.643806
18750.4 0.644241
18750.7 0.644653
18751.1 0.645035
18751.5 0.645386
18751.8 0.645699
18752.2 0.645973
18752.6 0.645958
18752.9 0.646172
18753.3 0.646301
18753.7 0.646439
18754 0.646553
18754.4 0.646637
18754.8 0.646706
18755.1 0.646751
18755.5 0.646759
18755.9 0.646744
18756.2 0.646713
18756.6 0.646675
18757 0.646614
18757.3 0.646553
18757.7 0.646484
18758.1 0.646416
18758.4 0.646339
18758.8 0.64624
18759.2 0.645851
18759.5 0.645737
18759.9 0.645622
18760.3 0.645523
18760.6 0.645432
18761 0.645348
18761.4 0.645264
18761.7 0.645195
18762.1 0.645134
18762.4 0.645088
18762.8 0.645065
18763.2 0.64505
18763.5 0.64505
18763.9 0.645081
18764.3 0.645134
18764.6 0.64521
18765 0.645325
18765.4 0.645187
18765.7 0.64492
18766.1 0.64502
18766.5 0.645119
18766.8 0.645226
18767.2 0.645332
18767.6 0.645432
18767.9 0.645531
18768.3 0.645615
18768.7 0.645691
18769 0.645782
18769.4 0.645874
18769.8 0.64595
18770.1 0.646011
18770.5 0.646065
18770.9 0.646095
18771.2 0.646118
18771.6 0.645927
18772 0.645729
18772.3 0.64576
18772.7 0.645767
18773.1 0.645767
18773.4 0.64576
18773.8 0.645744
18774.2 0.645721
18774.5 0.645676
18774.9 0.64563
18775.3 0.645569
18775.6 0.6455
18776 0.645432
18776.4 0.645355
18776.7 0.645279
18777.1 0.64521
18777.5 0.645142
18777.8 0.644989
18778.2 0.644905
18778.6 0.644836
18778.9 0.644737
18779.3 0.644646
18779.7 0.644569
18780 0.644493
18780.4 0.644424
18780.8 0.644363
18781.1 0.64431
18781.5 0.644241
18781.9 0.64418
18782.2 0.644119
18782.6 0.644089
18783 0.644058
18783.3 0.644051
18783.7 0.644043
18784.1 0.643845
18784.4 0.643806
18784.8 0.643768
18785.2 0.643562
18785.5 0.643532
18785.9 0.643501
18786.3 0.643471
18786.6 0.64344
18787 0.64341
18787.4 0.643379
18787.7 0.643364
18788.1 0.643341
18788.5 0.643349
18788.8 0.643364
18789.2 0.643387
18789.5 0.643417
18789.9 0.643448
18790.3 0.643295
18790.6 0.643349
18791 0.643387
18791.4 0.643433
18791.7 0.643303
18792.1 0.643364
18792.5 0.643433
18792.8 0.643501
18793.2 0.643547
18793.6 0.643585
18793.9 0.643608
18794.3 0.643623
18794.7 0.643623
18795 0.643623
18795.4 0.643608
18795.8 0.6436
18796.1 0.643539
18796.5 0.643532
18796.9 0.643539
18797.2 0.643539
18797.6 0.643539
18798 0.643547
18798.3 0.643517
18798.7 0.643524
18799.1 0.643547
18799.4 0.643578
18799.8 0.643608
18800.2 0.643654
18800.5 0.643707
18800.9 0.643784
18801.3 0.643852
18801.6 0.643944
18802 0.644043
18802.4 0.644051
18802.7 0.644165
18803.1 0.644287
18803.5 0.644424
18803.8 0.644562
18804.2 0.644714
18804.6 0.644531
18804.9 0.644676
18805.3 0.644814
18805.7 0.644951
18806 0.645088
18806.4 0.645226
18806.8 0.645363
18807.1 0.645508
18807.5 0.645653
18807.9 0.645798
18808.2 0.645935
18808.6 0.645897
18809 0.646034
18809.3 0.646187
18809.7 0.646347
18810.1 0.646523
18810.4 0.646706
18810.8 0.646896
18811.2 0.646843
18811.5 0.647041
18811.9 0.647247
18812.3 0.647453
18812.6 0.647659
18813 0.647865
18813.4 0.648048
18813.7 0.648239
18814.1 0.648415
18814.5 0.64859
18814.8 0.648827
18815.2 0.649017
18815.6 0.6492
18815.9 0.649376
18816.3 0.649529
18816.6 0.649666
18817 0.649796
18817.4 0.649933
18817.7 0.650047
18818.1 0.650169
18818.5 0.650284
18818.8 0.650375
18819.2 0.650436
18819.6 0.65049
18819.9 0.65052
18820.3 0.650543
18820.7 0.650551
18821 0.650642
18821.4 0.650612
18821.8 0.650558
18822.1 0.650497
18822.5 0.650421
18822.9 0.650337
18823.2 0.650223
18823.6 0.650101
18824 0.649963
18824.3 0.650009
18824.7 0.649857
18825.1 0.649704
18825.4 0.649551
18825.8 0.649399
18826.2 0.649231
18826.5 0.649048
18826.9 0.648865
18827.3 0.648735
18827.6 0.648552
18828 0.648376
18828.4 0.648201
18828.7 0.648018
18829.1 0.647842
18829.5 0.647675
18829.8 0.647522
18830.2 0.647377
18830.6 0.647255
18830.9 0.647377
18831.3 0.647255
18831.7 0.647156
18832 0.647072
18832.4 0.646973
18832.8 0.646881
18833.1 0.646896
18833.5 0.646812
18833.9 0.646729
18834.2 0.646645
18834.6 0.646561
18835 0.646461
18835.3 0.64637
18835.7 0.646263
18836.1 0.646156
18836.4 0.646042
18836.8 0.645912
18837.2 0.645943
18837.5 0.645798
18837.9 0.645668
18838.3 0.645523
18838.6 0.645386
18839 0.645248
18839.4 0.645195
18839.7 0.645081
18840.1 0.644981
18840.5 0.644913
18840.8 0.644852
18841.2 0.644814
18841.6 0.644783
18841.9 0.644775
18842.3 0.644806
18842.7 0.644859
18843 0.644943
18843.4 0.645073
18843.7 0.645287
18844.1 0.645447
18844.5 0.645638
18844.8 0.645844
18845.2 0.646072
18845.6 0.646545
18845.9 0.646797
18846.3 0.647057
18846.7 0.647324
18847 0.647591
18847.4 0.647858
18847.8 0.648125
18848.1 0.648369
18848.5 0.64859
18848.9 0.648811
18849.2 0.648994
18849.6 0.649155
18850 0.649284
18850.3 0.649437
18850.7 0.649521
18851.1 0.64959
18851.4 0.64962
18851.8 0.649704
18852.2 0.649673
18852.5 0.64962
18852.9 0.649536
18853.3 0.649437
18853.6 0.649338
18854 0.649231
18854.4 0.649132
18854.7 0.649017
18855.1 0.648888
18855.5 0.64875
18855.8 0.648582
18856.2 0.648407
18856.6 0.648224
18856.9 0.648056
18857.3 0.647858
18857.7 0.647652
18858 0.64724
18858.4 0.647003
18858.8 0.646751
18859.1 0.646477
18859.5 0.646194
18859.9 0.645905
18860.2 0.645607
18860.6 0.645309
18861 0.645012
18861.3 0.644707
18861.7 0.644402
18862.1 0.644081
18862.4 0.643761
18862.8 0.64344
18863.2 0.64312
18863.5 0.642876
18863.9 0.642311
18864.3 0.641975
18864.6 0.641647
18865 0.641312
18865.4 0.640976
18865.7 0.640625
18866.1 0.640274
18866.5 0.6399
18866.8 0.639519
18867.2 0.63913
18867.6 0.638741
18867.9 0.638374
18868.3 0.638016
18868.7 0.637672
18869 0.637329
18869.4 0.636986
18869.8 0.636642
18870.1 0.636131
18870.5 0.635788
18870.8 0.63546
18871.2 0.635139
18871.6 0.634819
18871.9 0.634491
18872.3 0.634148
18872.7 0.633812
18873 0.633484
18873.4 0.633163
18873.8 0.632858
18874.1 0.632561
18874.5 0.632263
18874.9 0.631966
18875.2 0.63166
18875.6 0.631363
18876 0.631058
18876.3 0.630402
18876.7 0.630104
18877.1 0.629814
18877.4 0.629555
18877.8 0.629639
18878.2 0.629753
18878.5 0.629883
18878.9 0.630028
18879.3 0.630196
18879.6 0.630371
18880 0.630569
18880.4 0.630791
18880.7 0.63105
18881.1 0.631317
18881.5 0.631599
18881.8 0.631897
18882.2 0.63221
18882.6 0.632538
18882.9 0.632538
18883.3 0.632866
18883.7 0.633194
18884 0.633537
18884.4 0.633858
18884.8 0.634171
18885.1 0.634476
18885.5 0.634766
18885.9 0.635033
18886.2 0.635284
18886.6 0.635506
18887 0.635704
18887.3 0.63588
18887.7 0.636017
18888.1 0.636147
18888.4 0.636253
18888.8 0.636345
18889.2 0.636436
18889.5 0.636436
18889.9 0.636528
18890.3 0.636604
18890.6 0.636688
18891 0.636765
18891.4 0.636826
18891.7 0.636887
18892.1 0.636948
18892.5 0.637001
18892.8 0.637054
18893.2 0.6371
18893.6 0.637123
18893.9 0.637123
18894.3 0.637115
18894.7 0.637108
18895 0.637085
18895.4 0.637077
18895.8 0.637054
18896.1 0.637054
18896.5 0.637032
18896.8 0.637009
18897.2 0.636963
18897.6 0.636925
18897.9 0.636887
18898.3 0.636841
18898.7 0.636818
18899 0.63681
18899.4 0.636826
18899.8 0.636848
18900.1 0.636879
18900.5 0.636925
18900.9 0.636986
18901.2 0.637047
18901.6 0.637115
18902 0.637215
18902.3 0.637321
18902.7 0.637321
18903.1 0.637444
18903.4 0.637573
18903.8 0.637718
18904.2 0.637856
18904.5 0.638
18904.9 0.638145
18905.3 0.638298
18905.6 0.638443
18906 0.63858
18906.4 0.638702
18906.7 0.638817
18907.1 0.638901
18907.5 0.638962
18907.8 0.639015
18908.2 0.639053
18908.6 0.639069
18908.9 0.639069
18909.3 0.639069
18909.7 0.639053
18910 0.639015
18910.4 0.638962
18910.8 0.638901
18911.1 0.638809
18911.5 0.638718
18911.9 0.638611
18912.2 0.638489
18912.6 0.638351
18913 0.638206
18913.3 0.638046
18913.7 0.637878
18914.1 0.637711
18914.4 0.637535
18914.8 0.63736
18915.2 0.637184
18915.5 0.637184
18915.9 0.637001
18916.3 0.63681
18916.6 0.63662
18917 0.636429
18917.4 0.636246
18917.7 0.636063
18918.1 0.63588
18918.5 0.635689
18918.8 0.63549
18919.2 0.635292
18919.6 0.635101
18919.9 0.634911
18920.3 0.63472
18920.7 0.634537
18921 0.634346
18921.4 0.634148
18921.8 0.633965
18922.1 0.633965
18922.5 0.633789
18922.8 0.633606
18923.2 0.633438
18923.6 0.63327
18923.9 0.633095
18924.3 0.632927
18924.7 0.632751
18925 0.632591
18925.4 0.632423
18925.8 0.632256
18926.1 0.632088
18926.5 0.63192
18926.9 0.63176
18927.2 0.631599
18927.6 0.631432
18928 0.631248
18928.3 0.631073
18928.7 0.631073
18929.1 0.630898
18929.4 0.630714
18929.8 0.630547
18930.2 0.630379
18930.5 0.630203
18930.9 0.630035
18931.3 0.62986
18931.6 0.629692
18932 0.629532
18932.4 0.629356
18932.7 0.629173
18933.1 0.628983
18933.5 0.628777
18933.8 0.628563
18934.2 0.628357
18934.6 0.628143
18934.9 0.62793
18935.3 0.62793
18935.7 0.627716
18936 0.627495
18936.4 0.627266
18936.8 0.627045
18937.1 0.626831
18937.5 0.626625
18937.9 0.626434
18938.2 0.626244
18938.6 0.62606
18939 0.625877
18939.3 0.625717
18939.7 0.625572
18940.1 0.625435
18940.4 0.625328
18940.8 0.625244
18941.2 0.62516
18941.5 0.625099
18941.9 0.625099
18942.3 0.625038
18942.6 0.624992
18943 0.624947
18943.4 0.624908
18943.7 0.624886
18944.1 0.624863
18944.5 0.624847
18944.8 0.624825
18945.2 0.624802
18945.6 0.624779
18945.9 0.624725
18946.3 0.624664
18946.7 0.624596
18947 0.624512
18947.4 0.624405
18947.8 0.624283
18948.1 0.624283
18948.5 0.624138
18948.9 0.62397
18949.2 0.623779
18949.6 0.623573
18949.9 0.623352
18950.3 0.6231
18950.7 0.622841
18951 0.622559
18951.4 0.622261
18951.8 0.621948
18952.1 0.621628
18952.5 0.621284
18952.9 0.620941
18953.2 0.62059
18953.6 0.620239
18954 0.619873
18954.3 0.619507
18954.7 0.619507
18955.1 0.619133
18955.4 0.618752
18955.8 0.618362
18956.2 0.617966
18956.5 0.617554
18956.9 0.617142
18957.3 0.616737
18957.6 0.616325
18958 0.615913
18958.4 0.615494
18958.7 0.615067
18959.1 0.614632
18959.5 0.614204
18959.8 0.61377
18960.2 0.613327
18960.6 0.612907
18960.9 0.612488
18961.3 0.612488
18961.7 0.612076
18962 0.611679
18962.4 0.61129
18962.8 0.610909
18963.1 0.610535
18963.5 0.610184
18963.9 0.60984
18964.2 0.609528
18964.6 0.609222
18965 0.60894
18965.3 0.608658
18965.7 0.608398
18966.1 0.608147
18966.4 0.607895
18966.8 0.607658
18967.2 0.607437
18967.5 0.607224
18967.9 0.607224
18968.3 0.607018
18968.6 0.606819
18969 0.606628
18969.4 0.60643
18969.7 0.606232
18970.1 0.606026
18970.5 0.605827
18970.8 0.605621
18971.2 0.605408
18971.6 0.605194
18971.9 0.604973
18972.3 0.604744
18972.7 0.6045
18973 0.604248
18973.4 0.603981
18973.8 0.603706
18974.1 0.603416
18974.5 0.603416
18974.9 0.603111
18975.2 0.602814
18975.6 0.602524
18976 0.602234
18976.3 0.601936
18976.7 0.601631
18977 0.601311
18977.4 0.60099
18977.8 0.600647
18978.1 0.600327
18978.5 0.599998
18978.9 0.599701
18979.2 0.599411
18979.6 0.599129
18980 0.598862
18980.3 0.59861
18980.7 0.59861
18981.1 0.598366
18981.4 0.598137
18981.8 0.597916
18982.2 0.59771
18982.5 0.597504
18982.9 0.597305
18983.3 0.597115
18983.6 0.596924
18984 0.596733
18984.4 0.596542
18984.7 0.596344
18985.1 0.596138
18985.5 0.595909
18985.8 0.595665
18986.2 0.595398
18986.6 0.595108
18986.9 0.594803
18987.3 0.594803
18987.7 0.594482
18988 0.594147
18988.4 0.593796
18988.8 0.59343
18989.1 0.593033
18989.5 0.592628
18989.9 0.592209
18990.2 0.591774
18990.6 0.591324
18991 0.590866
18991.3 0.590393
18991.7 0.58992
18992.1 0.589439
18992.4 0.588943
18992.8 0.588432
18993.2 0.587921
18993.5 0.58741
18993.9 0.58741
18994.3 0.586884
18994.6 0.586365
18995 0.585831
18995.4 0.585297
18995.7 0.584763
18996.1 0.584221
18996.5 0.583687
18996.8 0.583153
18997.2 0.582626
18997.6 0.5821
18997.9 0.581573
18998.3 0.581055
18998.7 0.580544
18999 0.58004
18999.4 0.579544
18999.8 0.579079
19000.1 0.578629
19000.5 0.578629
19000.9 0.578194
19001.2 0.577789
19001.6 0.577393
19002 0.577026
19002.3 0.576675
19002.7 0.576347
19003.1 0.576057
19003.4 0.575775
19003.8 0.575531
19004.1 0.57531
19004.5 0.575111
19004.9 0.574928
19005.2 0.574768
19005.6 0.574623
19006 0.574486
19006.3 0.574356
19006.7 0.574234
19007.1 0.574234
19007.4 0.57412
19007.8 0.57399
19008.2 0.57386
19008.5 0.57373
19008.9 0.573586
19009.3 0.573448
19009.6 0.573303
19010 0.573151
19010.4 0.57299
19010.7 0.57283
19011.1 0.572662
19011.5 0.572487
19011.8 0.572311
19012.2 0.572128
19012.6 0.571945
19012.9 0.571762
19013.3 0.571594
19013.7 0.571594
19014 0.571426
19014.4 0.571274
19014.8 0.571129
19015.1 0.570984
19015.5 0.570862
19015.9 0.570755
19016.2 0.570663
19016.6 0.570587
19017 0.570534
19017.3 0.570496
19017.7 0.570473
19018.1 0.570473
19018.4 0.57048
19018.8 0.570511
19019.2 0.570549
19019.5 0.570602
19019.9 0.570602
19020.3 0.570656
19020.6 0.570732
19021 0.570801
19021.4 0.570877
19021.7 0.57093
19022.1 0.570976
19022.5 0.571014
19022.8 0.571045
19023.2 0.571075
19023.6 0.571091
19023.9 0.571106
19024.3 0.571106
19024.7 0.571091
19025 0.571068
19025.4 0.57103
19025.8 0.570984
19026.1 0.570915
19026.5 0.570915
19026.9 0.570824
19027.2 0.570724
19027.6 0.570625
19028 0.570511
19028.3 0.570396
19028.7 0.570267
19029.1 0.570114
19029.4 0.569939
19029.8 0.569733
19030.2 0.569504
19030.5 0.569267
19030.9 0.569008
19031.2 0.568741
19031.6 0.568459
19032 0.568161
19032.3 0.567841
19032.7 0.567505
19033.1 0.567505
19033.4 0.567162
19033.8 0.566795
19034.2 0.566422
19034.5 0.56604
19034.9 0.565643
19035.3 0.565239
19035.6 0.564835
19036 0.56443
19036.4 0.564034
19036.7 0.563629
19037.1 0.563248
19037.5 0.562859
19037.8 0.562477
19038.2 0.562103
19038.6 0.561737
19038.9 0.561386
19039.3 0.561043
19039.7 0.561043
19040 0.560715
19040.4 0.560402
19040.8 0.560097
19041.1 0.559799
19041.5 0.559517
19041.9 0.559235
19042.2 0.558968
19042.6 0.558701
19043 0.558441
19043.3 0.558182
19043.7 0.55793
19044.1 0.557678
19044.4 0.557426
19044.8 0.557182
19045.2 0.556931
19045.5 0.556679
19045.9 0.556427
19046.3 0.556427
19046.6 0.55616
19047 0.555901
19047.4 0.555641
19047.7 0.555359
19048.1 0.555069
19048.5 0.554764
19048.8 0.554451
19049.2 0.554131
19049.6 0.553795
19049.9 0.553459
19050.3 0.553108
19050.7 0.55275
19051 0.552376
19051.4 0.55201
19051.8 0.551636
19052.1 0.551254
19052.5 0.550865
19052.9 0.550865
19053.2 0.550484
19053.6 0.550087
19054 0.54969
19054.3 0.549294
19054.7 0.548889
19055.1 0.548485
19055.4 0.548088
19055.8 0.547699
19056.2 0.547295
19056.5 0.546898
19056.9 0.546501
19057.3 0.546097
19057.6 0.545708
19058 0.545326
19058.3 0.54496
19058.7 0.544601
19059.1 0.544601
19059.4 0.54425
19059.8 0.543915
19060.2 0.543594
19060.5 0.543289
19060.9 0.542999
19061.3 0.54274
19061.6 0.542488
19062 0.542267
19062.4 0.542061
19062.7 0.541885
19063.1 0.541725
19063.5 0.541588
19063.8 0.541481
19064.2 0.541389
19064.6 0.541328
19064.9 0.54129
19065.3 0.541267
19065.7 0.541267
19066 0.541275
19066.4 0.54129
19066.8 0.541313
19067.1 0.541359
19067.5 0.541389
19067.9 0.541428
19068.2 0.541466
19068.6 0.541489
19069 0.541512
19069.3 0.541519
19069.7 0.541519
19070.1 0.541496
19070.4 0.541458
19070.8 0.541405
19071.2 0.541336
19071.5 0.541245
19071.9 0.541145
19072.3 0.541145
19072.6 0.541023
19073 0.540894
19073.4 0.540749
19073.7 0.540596
19074.1 0.540436
19074.5 0.540276
19074.8 0.540108
19075.2 0.53994
19075.6 0.539764
19075.9 0.539589
19076.3 0.539413
19076.7 0.539253
19077 0.539101
19077.4 0.538948
19077.8 0.538795
19078.1 0.538651
19078.5 0.538506
19078.9 0.538506
19079.2 0.538368
19079.6 0.538239
19080 0.538109
19080.3 0.537987
19080.7 0.537857
19081.1 0.537727
19081.4 0.537605
19081.8 0.537483
19082.2 0.537376
19082.5 0.53727
19082.9 0.537163
19083.3 0.537064
19083.6 0.536957
19084 0.53685
19084.3 0.536751
19084.7 0.536644
19085.1 0.53653
19085.4 0.53653
19085.8 0.536407
19086.2 0.536285
19086.5 0.536148
19086.9 0.536011
19087.3 0.535858
19087.6 0.535698
19088 0.535522
19088.4 0.535339
19088.7 0.535126
19089.1 0.534889
19089.5 0.53463
19089.8 0.534363
19090.2 0.534081
19090.6 0.533775
19090.9 0.53347
19091.3 0.53315
19091.7 0.53315
19092 0.532806
19092.4 0.532448
19092.8 0.532074
19093.1 0.531693
19093.5 0.531311
19093.9 0.53093
19094.2 0.530548
19094.6 0.530167
19095 0.5298
19095.3 0.529427
19095.7 0.52906
19096.1 0.528702
19096.4 0.528351
19096.8 0.528023
19097.2 0.527695
19097.5 0.527397
19097.9 0.52713
19098.3 0.52713
19098.6 0.526871
19099 0.526642
19099.4 0.526428
19099.7 0.526245
19100.1 0.52607
19100.5 0.525932
19100.8 0.525818
19101.2 0.525719
19101.6 0.525642
19101.9 0.525581
19102.3 0.525551
19102.7 0.525543
19103 0.525558
19103.4 0.525612
19103.8 0.525665
19104.1 0.525719
19104.5 0.525787
19104.9 0.525787
19105.2 0.525864
19105.6 0.525955
19106 0.526047
19106.3 0.526146
19106.7 0.526253
19107.1 0.526352
19107.4 0.526451
19107.8 0.526535
19108.2 0.526604
19108.5 0.526665
19108.9 0.526695
19109.3 0.526703
19109.6 0.526695
19110 0.526665
19110.3 0.526611
19110.7 0.526543
19111.1 0.526451
19111.4 0.526451
19111.8 0.526329
19112.2 0.526184
19112.5 0.526001
19112.9 0.525795
19113.3 0.525574
19113.6 0.525345
19114 0.525085
19114.4 0.524834
19114.7 0.524551
19115.1 0.524254
19115.5 0.523956
19115.8 0.523651
19116.2 0.523354
19116.6 0.523064
19116.9 0.522781
19117.3 0.522507
19117.7 0.522224
19118 0.522224
19118.4 0.521942
19118.8 0.521675
19119.1 0.521423
19119.5 0.521179
19119.9 0.52095
19120.2 0.520721
19120.6 0.520508
19121 0.520302
19121.3 0.520119
19121.7 0.519958
19122.1 0.519829
19122.4 0.519714
19122.8 0.5196
19123.2 0.519508
19123.5 0.519424
19123.9 0.519371
19124.3 0.519371
19124.6 0.519341
19125 0.519348
19125.4 0.519363
19125.7 0.519409
19126.1 0.519463
19126.5 0.519547
19126.8 0.519646
19127.2 0.519783
19127.6 0.519943
19127.9 0.520119
19128.3 0.520302
19128.7 0.520493
19129 0.520691
19129.4 0.520897
19129.8 0.521126
19130.1 0.521347
19130.5 0.521576
19130.9 0.521576
19131.2 0.521782
19131.6 0.52198
19132 0.522171
19132.3 0.522362
19132.7 0.522537
19133.1 0.522697
19133.4 0.52285
19133.8 0.52298
19134.2 0.523109
19134.5 0.523216
19134.9 0.523354
19135.3 0.523499
19135.6 0.523651
19136 0.523804
19136.4 0.523964
19136.7 0.524124
19137.1 0.524307
19137.4 0.524307
19137.8 0.524498
19138.2 0.524712
19138.5 0.52494
19138.9 0.525177
19139.3 0.525414
19139.6 0.525681
19140 0.525948
19140.4 0.526237
19140.7 0.526527
19141.1 0.526825
19141.5 0.527107
19141.8 0.527382
19142.2 0.527657
19142.6 0.527946
19142.9 0.528236
19143.3 0.528519
19143.7 0.528801
19144 0.528801
19144.4 0.529053
19144.8 0.529289
19145.1 0.529518
19145.5 0.529762
19145.9 0.530006
19146.2 0.530266
19146.6 0.530518
19147 0.530754
19147.3 0.530975
19147.7 0.531189
19148.1 0.531387
19148.4 0.531578
19148.8 0.531754
19149.2 0.531921
19149.5 0.532066
19149.9 0.532211
19150.3 0.532341
19150.6 0.532341
19151 0.532463
19151.4 0.53257
19151.7 0.532661
19152.1 0.532745
19152.5 0.532829
19152.8 0.532913
19153.2 0.532997
19153.6 0.533089
19153.9 0.53318
19154.3 0.533264
19154.7 0.533356
19155 0.533447
19155.4 0.533546
19155.8 0.533669
19156.1 0.533798
19156.5 0.533951
19156.9 0.534096
19157.2 0.534096
19157.6 0.534256
19158 0.534431
19158.3 0.534615
19158.7 0.534805
19159.1 0.535019
19159.4 0.535248
19159.8 0.535492
19160.2 0.535751
19160.5 0.536041
19160.9 0.536354
19161.3 0.536674
19161.6 0.53701
19162 0.537361
19162.4 0.537727
19162.7 0.538109
19163.1 0.538521
19163.5 0.538521
19163.8 0.538925
19164.2 0.539352
19164.5 0.539787
19164.9 0.540222
19165.3 0.54068
19165.6 0.541161
19166 0.541649
19166.4 0.542152
19166.7 0.542648
19167.1 0.543152
19167.5 0.543655
19167.8 0.544159
19168.2 0.544678
19168.6 0.545212
19168.9 0.545753
19169.3 0.546288
19169.7 0.546829
19170 0.546829
19170.4 0.547371
19170.8 0.547905
19171.1 0.548439
19171.5 0.548958
19171.9 0.549477
19172.2 0.549988
19172.6 0.550484
19173 0.550964
19173.3 0.55143
19173.7 0.551865
19174.1 0.552269
19174.4 0.55265
19174.8 0.553009
19175.2 0.553352
19175.5 0.553688
19175.9 0.554016
19176.3 0.554329
19176.6 0.554329
19177 0.554634
19177.4 0.554924
19177.7 0.555206
19178.1 0.555489
19178.5 0.555763
19178.8 0.556046
19179.2 0.556328
19179.6 0.556602
19179.9 0.556885
19180.3 0.557159
19180.7 0.557426
19181 0.557678
19181.4 0.557938
19181.8 0.558182
19182.1 0.558434
19182.5 0.558685
19182.9 0.558922
19183.2 0.558922
19183.6 0.559174
19184 0.559402
19184.3 0.559616
19184.7 0.55983
19185.1 0.560013
19185.4 0.560188
19185.8 0.560349
19186.2 0.560493
19186.5 0.560608
19186.9 0.560699
19187.3 0.560768
19187.6 0.560814
19188 0.560852
19188.4 0.560883
19188.7 0.560898
19189.1 0.56089
19189.5 0.560875
19189.8 0.560875
19190.2 0.560837
19190.6 0.560776
19190.9 0.560699
19191.3 0.560623
19191.6 0.560532
19192 0.560448
19192.4 0.560364
19192.7 0.56028
19193.1 0.560196
19193.5 0.560112
19193.8 0.560043
19194.2 0.559975
19194.6 0.559921
19194.9 0.559891
19195.3 0.559853
19195.7 0.559837
19196 0.559837
19196.4 0.559837
19196.8 0.559837
19197.1 0.55986
19197.5 0.559898
19197.9 0.559952
19198.2 0.56002
19198.6 0.560097
19199 0.560211
19199.3 0.560326
19199.7 0.560455
19200.1 0.560585
19200.4 0.560707
19200.8 0.560822
19201.2 0.560928
19201.5 0.561028
19201.9 0.561119
19202.3 0.561195
19202.6 0.561195
19203 0.561256
19203.4 0.561302
19203.7 0.561317
19204.1 0.561317
19204.5 0.561302
19204.8 0.561279
19205.2 0.561249
19205.6 0.561195
19205.9 0.561127
19206.3 0.561043
19206.7 0.560959
19207 0.560875
19207.4 0.560806
19207.8 0.560745
19208.1 0.560684
19208.5 0.560646
19208.9 0.5606
19209.2 0.5606
19209.6 0.56057
19210 0.560547
19210.3 0.560532
19210.7 0.560532
19211.1 0.560547
19211.4 0.560577
19211.8 0.560631
19212.2 0.560707
19212.5 0.560814
19212.9 0.560944
19213.3 0.561089
19213.6 0.561249
19214 0.561409
19214.4 0.561577
19214.7 0.561752
19215.1 0.561935
19215.5 0.562111
19215.8 0.562111
19216.2 0.562286
19216.6 0.562439
19216.9 0.562584
19217.3 0.562706
19217.7 0.562805
19218 0.562889
19218.4 0.56295
19218.7 0.562981
19219.1 0.563004
19219.5 0.563004
19219.8 0.562996
19220.2 0.562988
19220.6 0.562973
19220.9 0.562965
19221.3 0.56295
19221.7 0.56292
19222 0.562881
19222.4 0.562881
19222.8 0.562836
19223.1 0.562798
19223.5 0.562775
19223.9 0.562752
19224.2 0.562744
19224.6 0.562729
19225 0.562721
19225.3 0.562721
19225.7 0.562721
19226.1 0.562729
19226.4 0.562744
19226.8 0.562775
19227.2 0.562805
19227.5 0.562843
19227.9 0.562874
19228.3 0.562912
19228.6 0.562943
19229 0.562943
19229.4 0.562965
19229.7 0.562981
19230.1 0.563004
19230.5 0.563011
19230.8 0.563019
19231.2 0.563019
19231.6 0.563004
19231.9 0.562965
19232.3 0.56292
19232.7 0.562851
19233 0.562782
19233.4 0.562683
19233.8 0.562569
19234.1 0.562439
19234.5 0.562286
19234.9 0.562111
19235.2 0.562111
19235.6 0.561935
19236 0.561729
19236.3 0.561508
19236.7 0.561256
19237.1 0.560997
19237.4 0.560699
19237.8 0.560402
19238.2 0.560081
19238.5 0.559761
19238.9 0.559418
19239.3 0.559074
19239.6 0.558716
19240 0.55835
19240.4 0.557983
19240.7 0.557617
19241.1 0.557259
19241.5 0.556892
19241.8 0.556892
19242.2 0.556541
19242.6 0.556175
19242.9 0.555817
19243.3 0.555466
19243.7 0.555115
19244 0.554779
19244.4 0.554466
19244.8 0.554161
19245.1 0.553871
19245.5 0.553604
19245.8 0.553345
19246.2 0.553101
19246.6 0.552856
19246.9 0.552643
19247.3 0.552422
19247.7 0.552216
19248 0.55204
19248.4 0.55204
19248.8 0.551865
19249.1 0.55172
19249.5 0.55159
19249.9 0.551468
19250.2 0.551369
19250.6 0.551277
19251 0.551208
19251.3 0.551163
19251.7 0.55114
19252.1 0.551132
19252.4 0.551147
19252.8 0.551163
19253.2 0.551201
19253.5 0.551247
19253.9 0.551323
19254.3 0.551407
19254.6 0.551506
19255 0.551506
19255.4 0.551598
19255.7 0.551682
19256.1 0.551758
19256.5 0.551819
19256.8 0.551872
19257.2 0.551918
19257.6 0.551964
19257.9 0.552002
19258.3 0.552017
19258.7 0.552017
19259 0.552002
19259.4 0.551987
19259.8 0.551956
19260.1 0.551918
19260.5 0.55188
19260.9 0.551834
19261.2 0.551781
19261.6 0.551781
19262 0.55172
19262.3 0.551651
19262.7 0.551575
19263.1 0.551498
19263.4 0.551422
19263.8 0.551346
19264.2 0.55127
19264.5 0.551186
19264.9 0.551109
19265.3 0.551025
19265.6 0.550934
19266 0.55085
19266.4 0.550766
19266.7 0.550674
19267.1 0.550606
19267.5 0.550529
19267.8 0.550529
19268.2 0.550461
19268.6 0.550385
19268.9 0.550316
19269.3 0.550247
19269.7 0.550179
19270 0.550102
19270.4 0.550041
19270.8 0.549965
19271.1 0.549896
19271.5 0.54982
19271.8 0.549736
19272.2 0.549644
19272.6 0.549538
19272.9 0.549416
19273.3 0.549286
19273.7 0.549149
19274 0.548996
19274.4 0.548996
19274.8 0.548828
19275.1 0.548645
19275.5 0.548439
19275.9 0.548218
19276.2 0.547974
19276.6 0.547707
19277 0.547424
19277.3 0.547127
19277.7 0.546814
19278.1 0.546478
19278.4 0.54612
19278.8 0.545738
19279.2 0.545349
19279.5 0.54493
19279.9 0.544495
19280.3 0.54406
19280.6 0.543594
19281 0.543594
19281.4 0.543129
19281.7 0.542648
19282.1 0.542168
19282.5 0.541679
19282.8 0.541199
19283.2 0.540718
19283.6 0.54023
19283.9 0.539734
19284.3 0.539246
19284.7 0.538765
19285 0.538284
19285.4 0.537811
19285.8 0.537354
19286.1 0.536896
19286.5 0.536453
19286.9 0.536026
19287.2 0.535606
19287.6 0.535606
19288 0.535194
19288.3 0.534798
19288.7 0.534409
19289.1 0.534035
19289.4 0.533691
19289.8 0.533348
19290.2 0.533043
19290.5 0.532753
19290.9 0.532486
19291.3 0.532227
19291.6 0.531998
19292 0.531792
19292.4 0.531601
19292.7 0.531433
19293.1 0.531288
19293.5 0.531166
19293.8 0.531052
19294.2 0.531052
19294.6 0.530968
19294.9 0.530899
19295.3 0.530846
19295.7 0.5308
19296 0.530754
19296.4 0.530731
19296.8 0.530708
19297.1 0.530701
19297.5 0.530708
19297.8 0.530724
19298.2 0.530739
19298.6 0.530754
19298.9 0.530769
19299.3 0.5308
19299.7 0.530838
19300 0.530891
19300.4 0.530945
19300.8 0.530945
19301.1 0.531021
19301.5 0.531105
19301.9 0.531204
19302.2 0.531311
19302.6 0.531425
19303 0.531555
19303.3 0.531708
19303.7 0.53186
19304.1 0.532021
19304.4 0.532196
19304.8 0.532364
19305.2 0.532539
19305.5 0.53273
19305.9 0.532928
19306.3 0.533134
19306.6 0.533356
19307 0.533356
19307.4 0.533569
19307.7 0.533768
19308.1 0.533974
19308.5 0.534172
19308.8 0.534355
19309.2 0.534538
19309.6 0.534706
19309.9 0.534836
19310.3 0.53495
19310.7 0.535027
19311 0.53508
19311.4 0.53511
19311.8 0.53511
19312.1 0.535088
19312.5 0.535027
19312.9 0.534935
19313.2 0.534813
19313.6 0.534813
19314 0.53466
19314.3 0.534477
19314.7 0.534286
19315.1 0.534073
19315.4 0.533852
19315.8 0.533615
19316.2 0.533371
19316.5 0.533127
19316.9 0.532883
19317.3 0.532639
19317.6 0.532394
19318 0.53215
19318.4 0.531914
19318.7 0.531685
19319.1 0.531471
19319.5 0.531281
19319.8 0.531097
19320.2 0.531097
19320.6 0.53093
19320.9 0.530762
19321.3 0.530609
19321.7 0.530472
19322 0.530357
19322.4 0.530251
19322.8 0.530167
19323.1 0.530098
19323.5 0.530037
19323.9 0.529991
19324.2 0.529968
19324.6 0.529953
19324.9 0.529945
19325.3 0.529938
19325.7 0.52993
19326 0.529938
19326.4 0.529938
19326.8 0.529938
19327.1 0.52993
19327.5 0.529907
19327.9 0.529869
19328.2 0.5298
19328.6 0.529716
19329 0.529625
19329.3 0.529518
19329.7 0.529396
19330.1 0.529274
19330.4 0.529137
19330.8 0.528984
19331.2 0.528824
19331.5 0.528664
19331.9 0.528488
19332.3 0.528328
19332.6 0.528168
19333 0.528008
19333.4 0.528008
19333.7 0.527847
19334.1 0.527702
19334.5 0.527542
19334.8 0.527397
19335.2 0.527267
19335.6 0.527145
19335.9 0.527046
19336.3 0.526955
19336.7 0.526871
19337 0.526802
19337.4 0.526741
19337.8 0.526672
19338.1 0.526611
19338.5 0.526573
19338.9 0.526527
19339.2 0.526474
19339.6 0.526474
19340 0.526421
19340.3 0.526352
19340.7 0.526276
19341.1 0.526184
19341.4 0.526077
19341.8 0.525948
19342.2 0.52581
19342.5 0.52565
19342.9 0.525475
19343.3 0.525291
19343.6 0.525093
19344 0.524879
19344.4 0.524651
19344.7 0.524414
19345.1 0.52417
19345.5 0.523918
19345.8 0.523659
19346.2 0.523659
19346.6 0.523407
19346.9 0.523155
19347.3 0.522896
19347.7 0.522636
19348 0.522377
19348.4 0.52211
19348.8 0.521851
19349.1 0.521599
19349.5 0.521362
19349.9 0.521126
19350.2 0.520905
19350.6 0.520683
19351 0.520462
19351.3 0.520241
19351.7 0.52002
19352 0.519806
19352.4 0.519592
19352.8 0.519592
19353.1 0.519386
19353.5 0.51918
19353.9 0.518974
19354.2 0.518761
19354.6 0.518547
19355 0.518341
19355.3 0.51812
19355.7 0.517891
19356.1 0.51767
19356.4 0.517426
19356.8 0.517166
19357.2 0.516907
19357.5 0.516624
19357.9 0.516342
19358.3 0.516052
19358.6 0.515755
19359 0.515442
19359.4 0.515442
19359.7 0.515129
19360.1 0.514793
19360.5 0.514465
19360.8 0.51413
19361.2 0.513802
19361.6 0.513481
19361.9 0.513161
19362.3 0.512833
19362.7 0.512543
19363 0.512253
19363.4 0.511978
19363.8 0.511719
19364.1 0.511475
19364.5 0.511246
19364.9 0.51104
19365.2 0.510841
19365.6 0.510658
19366 0.510658
19366.3 0.510498
19366.7 0.510345
19367.1 0.510193
19367.4 0.510048
19367.8 0.509888
19368.2 0.509727
19368.5 0.509552
19368.9 0.509377
19369.3 0.509201
19369.6 0.50901
19370 0.508789
19370.4 0.508568
19370.7 0.508308
19371.1 0.508018
19371.5 0.507713
19371.8 0.507385
19372.2 0.507042
19372.6 0.507042
19372.9 0.506676
19373.3 0.506279
19373.7 0.505859
19374 0.505409
19374.4 0.504951
19374.8 0.504478
19375.1 0.503998
19375.5 0.50351
19375.9 0.502998
19376.2 0.502495
19376.6 0.501968
19377 0.501442
19377.3 0.500908
19377.7 0.500374
19378.1 0.499832
19378.4 0.499298
19378.8 0.499298
19379.1 0.498764
19379.5 0.498245
19379.9 0.497726
19380.2 0.497223
19380.6 0.496735
19381 0.496246
19381.3 0.495766
19381.7 0.495293
19382.1 0.49482
19382.4 0.494362
19382.8 0.493919
19383.2 0.493492
19383.5 0.49308
19383.9 0.492691
19384.3 0.492294
19384.6 0.491913
19385 0.491531
19385.4 0.491531
19385.7 0.49115
19386.1 0.490768
19386.5 0.490402
19386.8 0.490021
19387.2 0.489647
19387.6 0.489258
19387.9 0.488884
19388.3 0.488503
19388.7 0.488121
19389 0.48774
19389.4 0.487358
19389.8 0.486969
19390.1 0.486595
19390.5 0.486214
19390.9 0.485825
19391.2 0.485435
19391.6 0.485046
19392 0.485046
19392.3 0.484665
19392.7 0.484276
19393.1 0.483902
19393.4 0.483528
19393.8 0.483162
19394.2 0.482803
19394.5 0.482452
19394.9 0.482109
19395.3 0.481781
19395.6 0.481445
19396 0.481125
19396.4 0.480804
19396.7 0.480492
19397.1 0.480194
19397.5 0.479889
19397.8 0.479599
19398.2 0.479301
19398.6 0.479301
19398.9 0.479012
19399.3 0.478706
19399.7 0.478409
19400 0.478088
19400.4 0.47776
19400.8 0.477425
19401.1 0.477074
19401.5 0.476715
19401.9 0.476357
19402.2 0.475998
19402.6 0.475616
19403 0.475204
19403.3 0.474785
19403.7 0.474342
19404.1 0.473892
19404.4 0.473427
19404.8 0.472954
19405.2 0.472954
19405.5 0.472473
19405.9 0.471977
19406.2 0.471458
19406.6 0.470947
19407 0.470421
19407.3 0.469894
19407.7 0.46936
19408.1 0.468826
19408.4 0.468292
19408.8 0.467758
19409.2 0.467224
19409.5 0.466698
19409.9 0.466179
19410.3 0.46566
19410.6 0.465149
19411 0.464638
19411.4 0.464638
19411.7 0.464134
19412.1 0.463631
19412.5 0.463127
19412.8 0.462608
19413.2 0.462105
19413.6 0.461601
19413.9 0.461082
19414.3 0.460579
19414.7 0.460068
19415 0.459564
19415.4 0.459068
19415.8 0.458572
19416.1 0.458084
19416.5 0.457603
19416.9 0.457115
19417.2 0.456642
19417.6 0.456184
19418 0.456184
19418.3 0.455734
19418.7 0.455299
19419.1 0.454872
19419.4 0.454453
19419.8 0.454056
19420.2 0.453667
19420.5 0.453293
19420.9 0.452934
19421.3 0.452583
19421.6 0.452255
19422 0.451935
19422.4 0.45163
19422.7 0.451332
19423.1 0.451027
19423.5 0.450729
19423.8 0.450424
19424.2 0.450119
19424.6 0.450119
19424.9 0.449791
19425.3 0.449471
19425.7 0.44912
19426 0.448769
19426.4 0.44841
19426.8 0.448044
19427.1 0.447662
19427.5 0.447281
19427.9 0.446899
19428.2 0.446495
19428.6 0.446091
19429 0.445671
19429.3 0.445259
19429.7 0.444847
19430.1 0.444458
19430.4 0.444077
19430.8 0.44371
19431.2 0.44371
19431.5 0.443367
19431.9 0.443024
19432.3 0.442696
19432.6 0.442383
19433 0.442093
19433.3 0.441803
19433.7 0.441544
19434.1 0.441307
19434.4 0.441071
19434.8 0.440865
19435.2 0.440659
19435.5 0.440468
19435.9 0.440277
19436.3 0.440079
19436.6 0.439896
19437 0.439697
19437.4 0.439484
19437.7 0.439484
19438.1 0.439255
19438.5 0.439003
19438.8 0.438736
19439.2 0.438454
19439.6 0.438156
19439.9 0.437836
19440.3 0.437492
19440.7 0.437126
19441 0.436745
19441.4 0.436348
19441.8 0.435944
19442.1 0.435524
19442.5 0.435089
19442.9 0.434639
19443.2 0.434196
19443.6 0.433739
19444 0.433289
19444.3 0.433289
19444.7 0.432831
19445.1 0.432388
19445.4 0.431938
19445.8 0.431496
19446.2 0.431038
19446.5 0.430595
19446.9 0.430161
19447.3 0.429726
19447.6 0.429298
19448 0.428894
19448.4 0.428482
19448.7 0.428085
19449.1 0.427696
19449.5 0.427315
19449.8 0.426941
19450.2 0.426582
19450.6 0.426582
19450.9 0.426231
19451.3 0.425903
19451.7 0.425575
19452 0.425255
19452.4 0.424934
19452.8 0.424622
19453.1 0.424324
19453.5 0.424034
19453.9 0.423744
19454.2 0.42347
19454.6 0.423203
19455 0.422958
19455.3 0.422714
19455.7 0.422485
19456.1 0.422264
19456.4 0.42205
19456.8 0.421852
19457.2 0.421852
19457.5 0.421661
19457.9 0.421494
19458.3 0.421326
19458.6 0.421188
19459 0.421043
19459.3 0.420906
19459.7 0.420776
19460.1 0.420639
19460.4 0.420494
19460.8 0.420349
19461.2 0.420197
19461.5 0.420029
19461.9 0.419838
19462.3 0.419632
19462.6 0.419411
19463 0.419167
19463.4 0.418907
19463.7 0.418907
19464.1 0.418617
19464.5 0.418304
19464.8 0.417969
19465.2 0.41761
19465.6 0.417229
19465.9 0.416832
19466.3 0.416412
19466.7 0.41597
19467 0.41552
19467.4 0.415039
19467.8 0.414543
19468.1 0.41404
19468.5 0.413521
19468.9 0.412979
19469.2 0.412415
19469.6 0.411842
19470 0.411247
19470.3 0.411247
19470.7 0.410629
19471.1 0.410004
19471.4 0.40937
19471.8 0.408722
19472.2 0.408073
19472.5 0.407417
19472.9 0.406754
19473.3 0.406059
19473.6 0.405373
19474 0.404663
19474.4 0.403961
19474.7 0.403259
19475.1 0.40255
19475.5 0.401848
19475.8 0.401146
19476.2 0.400444
19476.6 0.39975
19476.9 0.39975
19477.3 0.399071
19477.7 0.398399
19478 0.397743
19478.4 0.397079
19478.8 0.396431
19479.1 0.395775
19479.5 0.395142
19479.9 0.394501
19480.2 0.393875
19480.6 0.393272
19481 0.392685
19481.3 0.39212
19481.7 0.391556
19482.1 0.391006
19482.4 0.390457
19482.8 0.389923
19483.2 0.389923
19483.5 0.389404
19483.9 0.388893
19484.3 0.388397
19484.6 0.387901
19485 0.387413
19485.3 0.386925
19485.7 0.386444
19486.1 0.385971
19486.4 0.385498
19486.8 0.385033
19487.2 0.38456
19487.5 0.384094
19487.9 0.383629
19488.3 0.383163
19488.6 0.382698
19489 0.382233
19489.4 0.38176
19489.7 0.38176
19490.1 0.381279
19490.5 0.380798
19490.8 0.380325
19491.2 0.379837
19491.6 0.379356
19491.9 0.378853
19492.3 0.378357
19492.7 0.377846
19493 0.377342
19493.4 0.376831
19493.8 0.376312
19494.1 0.375793
19494.5 0.375259
19494.9 0.374725
19495.2 0.374184
19495.6 0.373634
19496 0.3731
19496.3 0.3731
19496.7 0.372559
19497.1 0.372025
19497.4 0.371475
19497.8 0.370926
19498.2 0.370361
19498.5 0.369797
19498.9 0.369232
19499.3 0.368675
19499.6 0.368111
19500 0.367538
19500.4 0.366959
19500.7 0.366371
19501.1 0.365791
19501.5 0.365196
19501.8 0.364624
19502.2 0.364059
19502.6 0.363495
19502.9 0.363495
19503.3 0.362946
19503.7 0.362419
19504 0.361885
19504.4 0.361374
19504.8 0.360878
19505.1 0.360382
19505.5 0.359894
19505.9 0.359436
19506.2 0.358971
19506.6 0.358521
19507 0.358078
19507.3 0.357643
19507.7 0.357201
19508.1 0.35675
19508.4 0.356293
19508.8 0.355835
19509.2 0.355362
19509.5 0.355362
19509.9 0.354881
19510.3 0.354385
19510.6 0.353889
19511 0.353386
19511.4 0.352852
19511.7 0.352303
19512.1 0.351738
19512.4 0.351151
19512.8 0.350555
19513.2 0.349945
19513.5 0.349319
19513.9 0.348686
19514.3 0.348045
19514.6 0.347397
19515 0.346741
19515.4 0.346069
19515.7 0.34539
19516.1 0.34539
19516.5 0.344696
19516.8 0.343994
19517.2 0.343285
19517.6 0.34256
19517.9 0.341827
19518.3 0.341087
19518.7 0.340347
19519 0.3396
19519.4 0.338852
19519.8 0.338104
19520.1 0.337357
19520.5 0.336617
19520.9 0.335876
19521.2 0.335136
19521.6 0.334412
19522 0.333694
19522.3 0.333694
19522.7 0.333015
19523.1 0.332336
19523.4 0.331696
19523.8 0.331062
19524.2 0.330444
19524.5 0.329849
19524.9 0.329262
19525.3 0.328705
19525.6 0.328171
19526 0.32766
19526.4 0.327156
19526.7 0.326675
19527.1 0.326202
19527.5 0.32576
19527.8 0.325325
19528.2 0.324921
19528.6 0.324516
19528.9 0.324516
19529.3 0.32415
19529.7 0.323792
19530 0.323471
19530.4 0.323143
19530.8 0.322845
19531.1 0.322548
19531.5 0.322273
19531.9 0.322006
19532.2 0.321762
19532.6 0.321526
19533 0.321297
19533.3 0.321053
19533.7 0.320816
19534.1 0.320572
19534.4 0.320335
19534.8 0.320084
19535.2 0.319847
19535.5 0.319847
19535.9 0.31958
19536.3 0.319313
19536.6 0.319031
19537 0.318741
19537.4 0.318443
19537.7 0.318138
19538.1 0.317818
19538.5 0.317474
19538.8 0.317123
19539.2 0.316742
19539.5 0.316338
19539.9 0.31591
19540.3 0.315468
19540.6 0.315018
19541 0.314545
19541.4 0.314056
19541.7 0.313568
19542.1 0.313568
19542.5 0.313057
19542.8 0.312546
19543.2 0.312012
19543.6 0.311485
19543.9 0.310936
19544.3 0.310394
19544.7 0.309837
19545 0.30928
19545.4 0.308739
19545.8 0.308205
19546.1 0.307686
19546.5 0.307175
19546.9 0.306679
19547.2 0.306206
19547.6 0.305748
19548 0.305313
19548.3 0.304893
19548.7 0.304893
19549.1 0.304504
19549.4 0.304138
19549.8 0.303795
19550.2 0.303467
19550.5 0.303162
19550.9 0.302879
19551.3 0.30262
19551.6 0.302376
19552 0.302155
19552.4 0.301933
19552.7 0.30172
19553.1 0.301521
19553.5 0.301353
19553.8 0.301201
19554.2 0.301064
19554.6 0.300934
19554.9 0.300934
19555.3 0.300812
19555.7 0.300705
19556 0.300598
19556.4 0.300514
19556.8 0.300461
19557.1 0.30043
19557.5 0.300415
19557.9 0.300407
19558.2 0.3004
19558.6 0.300392
19559 0.300377
19559.3 0.300362
19559.7 0.300339
19560.1 0.300308
19560.4 0.30027
19560.8 0.300209
19561.2 0.300125
19561.5 0.300125
19561.9 0.300041
19562.3 0.299942
19562.6 0.29982
19563 0.29969
19563.4 0.299545
19563.7 0.299377
19564.1 0.299171
19564.5 0.298965
19564.8 0.298744
19565.2 0.298538
19565.6 0.298317
19565.9 0.29808
19566.3 0.297844
19566.6 0.297592
19567 0.297348
19567.4 0.297104
19567.7 0.296875
19568.1 0.296875
19568.5 0.296646
19568.8 0.296417
19569.2 0.296196
19569.6 0.295975
19569.9 0.295746
19570.3 0.29554
19570.7 0.295341
19571 0.295158
19571.4 0.29496
19571.8 0.294769
19572.1 0.294594
19572.5 0.294441
19572.9 0.294319
19573.2 0.294228
19573.6 0.294151
19574 0.29406
19574.3 0.293976
19574.7 0.293976
19575.1 0.293907
19575.4 0.293854
19575.8 0.293808
19576.2 0.29377
19576.5 0.293755
19576.9 0.293724
19577.3 0.293701
19577.6 0.293678
19578 0.293671
19578.4 0.293663
19578.7 0.293686
19579.1 0.293716
19579.5 0.293755
19579.8 0.293793
19580.2 0.293823
19580.6 0.293861
19580.9 0.293892
19581.3 0.293892
19581.7 0.293922
19582 0.293961
19582.4 0.293983
19582.8 0.294006
19583.1 0.294006
19583.5 0.293999
19583.9 0.293991
19584.2 0.293968
19584.6 0.293938
19585 0.293907
19585.3 0.293869
19585.7 0.293816
19586.1 0.293755
19586.4 0.293686
19586.8 0.293617
19587.2 0.293556
19587.5 0.293503
19587.9 0.293503
19588.3 0.293434
19588.6 0.293373
19589 0.293289
19589.4 0.293213
19589.7 0.293129
19590.1 0.29306
19590.5 0.292992
19590.8 0.292908
19591.2 0.292839
19591.6 0.292763
19591.9 0.292694
19592.3 0.292625
19592.7 0.292557
19593 0.292465
19593.4 0.292381
19593.7 0.292305
19594.1 0.292305
19594.5 0.292244
19594.8 0.292206
19595.2 0.292175
19595.6 0.292175
19595.9 0.292183
19596.3 0.292206
19596.7 0.292236
19597 0.29229
19597.4 0.292366
19597.8 0.292465
19598.1 0.292587
19598.5 0.292725
19598.9 0.292862
19599.2 0.293022
19599.6 0.293182
19600 0.293358
19600.3 0.293526
19600.7 0.293526
19601.1 0.293686
19601.4 0.293854
19601.8 0.293999
19602.2 0.294121
19602.5 0.294235
19602.9 0.294319
19603.3 0.29438
19603.6 0.294426
19604 0.294456
19604.4 0.294464
19604.7 0.294464
19605.1 0.294426
19605.5 0.29435
19605.8 0.294243
19606.2 0.294098
19606.6 0.29393
19606.9 0.293739
19607.3 0.293739
19607.7 0.293526
19608 0.293297
19608.4 0.293045
19608.8 0.29277
19609.1 0.292496
19609.5 0.292198
19609.9 0.291916
19610.2 0.291626
19610.6 0.291328
19611 0.291031
19611.3 0.290718
19611.7 0.290398
19612.1 0.2901
19612.4 0.289818
19612.8 0.289551
19613.2 0.289307
19613.5 0.289085
19613.9 0.289085
19614.3 0.288895
19614.6 0.288742
19615 0.288605
19615.4 0.288513
19615.7 0.288467
19616.1 0.288452
19616.5 0.288498
19616.8 0.288582
19617.2 0.288719
19617.6 0.288902
19617.9 0.289124
19618.3 0.289375
19618.7 0.289665
19619 0.290009
19619.4 0.290382
19619.8 0.290794
19620.1 0.291237
19620.5 0.291237
19620.8 0.291718
19621.2 0.292206
19621.6 0.292702
19621.9 0.293205
19622.3 0.293701
19622.7 0.294205
19623 0.294701
19623.4 0.295158
19623.8 0.295593
19624.1 0.296013
19624.5 0.29641
19624.9 0.296783
19625.2 0.297142
19625.6 0.297455
19626 0.297707
19626.3 0.297913
19626.7 0.297913
19627.1 0.298058
19627.4 0.298141
19627.8 0.298203
19628.2 0.298203
19628.5 0.29818
19628.9 0.298119
19629.3 0.298012
19629.6 0.297867
19630 0.297684
19630.4 0.29747
19630.7 0.297249
19631.1 0.29702
19631.5 0.296776
19631.8 0.296509
19632.2 0.296219
19632.6 0.295921
19632.9 0.295631
19633.3 0.295631
19633.7 0.295326
19634 0.295029
19634.4 0.294739
19634.8 0.294456
19635.1 0.294189
19635.5 0.293938
19635.9 0.293694
19636.2 0.29348
19636.6 0.293289
19637 0.293121
19637.3 0.292961
19637.7 0.292824
19638.1 0.292702
19638.4 0.292572
19638.8 0.29248
19639.2 0.292404
19639.5 0.292358
19639.9 0.292358
19640.3 0.29232
19640.6 0.292305
19641 0.29229
19641.4 0.292297
19641.7 0.292305
19642.1 0.292305
19642.5 0.292305
19642.8 0.292297
19643.2 0.29229
19643.6 0.292267
19643.9 0.292229
19644.3 0.292191
19644.7 0.292152
19645 0.292099
19645.4 0.292046
19645.8 0.291985
19646.1 0.291908
19646.5 0.291908
19646.8 0.291847
19647.2 0.291763
19647.6 0.291672
19647.9 0.291573
19648.3 0.291458
19648.7 0.291359
19649 0.291245
19649.4 0.291115
19649.8 0.290977
19650.1 0.290833
19650.5 0.290657
19650.9 0.290497
19651.2 0.290306
19651.6 0.290108
19652 0.289886
19652.3 0.289673
19652.7 0.289436
19653.1 0.289436
19653.4 0.289185
19653.8 0.288925
19654.2 0.288651
19654.5 0.288368
19654.9 0.288063
19655.3 0.28775
19655.6 0.28743
19656 0.287094
19656.4 0.286751
19656.7 0.286407
19657.1 0.286064
19657.5 0.285713
19657.8 0.28537
19658.2 0.285011
19658.6 0.284668
19658.9 0.284332
19659.3 0.284004
19659.7 0.284004
19660 0.283699
19660.4 0.283417
19660.8 0.28315
19661.1 0.282906
19661.5 0.282684
19661.9 0.282494
19662.2 0.282318
19662.6 0.282173
19663 0.282043
19663.3 0.281944
19663.7 0.28186
19664.1 0.281807
19664.4 0.281784
19664.8 0.281776
19665.2 0.281776
19665.5 0.281799
19665.9 0.281799
19666.3 0.281822
19666.6 0.281845
19667 0.281891
19667.4 0.28196
19667.7 0.282036
19668.1 0.282127
19668.5 0.282219
19668.8 0.28231
19669.2 0.282394
19669.6 0.282486
19669.9 0.282562
19670.3 0.282639
19670.7 0.2827
19671 0.282753
19671.4 0.282784
19671.8 0.282806
19672.1 0.282814
19672.5 0.282814
19672.8 0.282822
19673.2 0.282829
19673.6 0.282837
19673.9 0.282829
19674.3 0.282829
19674.7 0.282814
19675 0.282799
19675.4 0.282791
19675.8 0.282768
19676.1 0.282761
19676.5 0.282761
19676.9 0.282768
19677.2 0.282784
19677.6 0.282791
19678 0.282829
19678.3 0.282852
19678.7 0.28289
19679.1 0.28289
19679.4 0.282913
19679.8 0.282951
19680.2 0.282982
19680.5 0.28302
19680.9 0.283051
19681.3 0.283096
19681.6 0.283134
19682 0.283173
19682.4 0.283234
19682.7 0.283279
19683.1 0.28334
19683.5 0.283394
19683.8 0.28344
19684.2 0.283485
19684.6 0.283508
19684.9 0.283531
19685.3 0.283531
19685.7 0.283531
19686 0.283539
19686.4 0.283554
19686.8 0.283562
19687.1 0.283592
19687.5 0.283615
19687.9 0.283638
19688.2 0.283646
19688.6 0.283661
19689 0.283669
19689.3 0.283684
19689.7 0.283722
19690.1 0.283775
19690.4 0.283821
19690.8 0.283882
19691.2 0.283943
19691.5 0.284019
19691.9 0.284096
19692.3 0.284096
19692.6 0.284195
19693 0.284317
19693.4 0.284447
19693.7 0.284607
19694.1 0.284782
19694.5 0.28495
19694.8 0.285133
19695.2 0.285332
19695.6 0.285553
19695.9 0.285789
19696.3 0.286049
19696.7 0.286324
19697 0.286606
19697.4 0.286911
19697.8 0.287231
19698.1 0.287567
19698.5 0.287567
19698.9 0.287918
19699.2 0.288284
19699.6 0.288658
19699.9 0.289063
19700.3 0.28949
19700.7 0.289955
19701 0.290443
19701.4 0.29097
19701.8 0.291504
19702.1 0.292046
19702.5 0.29261
19702.9 0.293182
19703.2 0.29377
19703.6 0.294373
19704 0.295006
19704.3 0.295631
19704.7 0.296257
19705.1 0.296257
19705.4 0.296875
19705.8 0.297493
19706.2 0.298103
19706.5 0.298714
19706.9 0.299324
19707.3 0.299927
19707.6 0.300537
19708 0.301117
19708.4 0.301689
19708.7 0.302231
19709.1 0.302765
19709.5 0.303268
19709.8 0.303734
19710.2 0.304176
19710.6 0.304573
19710.9 0.304939
19711.3 0.305267
19711.7 0.305267
19712 0.305557
19712.4 0.305824
19712.8 0.306046
19713.1 0.306236
19713.5 0.306404
19713.9 0.306557
19714.2 0.306694
19714.6 0.306816
19715 0.306946
19715.3 0.30706
19715.7 0.307175
19716.1 0.307289
19716.4 0.307388
19716.8 0.307495
19717.2 0.307587
19717.5 0.307693
19717.9 0.307823
19718.3 0.307823
19718.6 0.307961
19719 0.308136
19719.4 0.30835
19719.7 0.308586
19720.1 0.30883
19720.5 0.30909
19720.8 0.309364
19721.2 0.309669
19721.6 0.30999
19721.9 0.310341
19722.3 0.310707
19722.7 0.311073
19723 0.31144
19723.4 0.311806
19723.8 0.312187
19724.1 0.312584
19724.5 0.312996
19724.9 0.312996
19725.2 0.313423
19725.6 0.31385
19726 0.314255
19726.3 0.314674
19726.7 0.315102
19727 0.315514
19727.4 0.315948
19727.8 0.316376
19728.1 0.316795
19728.5 0.317192
19728.9 0.317589
19729.2 0.317986
19729.6 0.318359
19730 0.318733
19730.3 0.319077
19730.7 0.319397
19731.1 0.319397
19731.4 0.319702
19731.8 0.319992
19732.2 0.320251
19732.5 0.320496
19732.9 0.32074
19733.3 0.320969
19733.6 0.321167
19734 0.321373
19734.4 0.321571
19734.7 0.321754
19735.1 0.321922
19735.5 0.32206
19735.8 0.322182
19736.2 0.322281
19736.6 0.322388
19736.9 0.322487
19737.3 0.322571
19737.7 0.322571
19738 0.322655
19738.4 0.322708
19738.8 0.322769
19739.1 0.32283
19739.5 0.322884
19739.9 0.322922
19740.2 0.322937
19740.6 0.322929
19741 0.322899
19741.3 0.322861
19741.7 0.322807
19742.1 0.322754
19742.4 0.32267
19742.8 0.322548
19743.2 0.322395
19743.5 0.32222
19743.9 0.322037
19744.3 0.322037
19744.6 0.321831
19745 0.321617
19745.4 0.321381
19745.7 0.321136
19746.1 0.320877
19746.5 0.32061
19746.8 0.32032
19747.2 0.320038
19747.6 0.319756
19747.9 0.319473
19748.3 0.319183
19748.7 0.318901
19749 0.318619
19749.4 0.318359
19749.8 0.3181
19750.1 0.317856
19750.5 0.317627
19750.9 0.317627
19751.2 0.317413
19751.6 0.317215
19752 0.317055
19752.3 0.31691
19752.7 0.31678
19753.1 0.316681
19753.4 0.316589
19753.8 0.316528
19754.1 0.316483
19754.5 0.316452
19754.9 0.316452
19755.2 0.31646
19755.6 0.316475
19756 0.316505
19756.3 0.316544
19756.7 0.316574
19757.1 0.316597
19757.4 0.316597
19757.8 0.316605
19758.2 0.316605
19758.5 0.316589
19758.9 0.316566
19759.3 0.316536
19759.6 0.316483
19760 0.316422
19760.4 0.316345
19760.7 0.316261
19761.1 0.316177
19761.5 0.316093
19761.8 0.31601
19762.2 0.315926
19762.6 0.315826
19762.9 0.315712
19763.3 0.31559
19763.7 0.315453
19764 0.315453
19764.4 0.315308
19764.8 0.31517
19765.1 0.315033
19765.5 0.314903
19765.9 0.314781
19766.2 0.314651
19766.6 0.314529
19767 0.3144
19767.3 0.31427
19767.7 0.31414
19768.1 0.314018
19768.4 0.313919
19768.8 0.31382
19769.2 0.313721
19769.5 0.313614
19769.9 0.313515
19770.3 0.313515
19770.6 0.313431
19771 0.31337
19771.4 0.313339
19771.7 0.313332
19772.1 0.313362
19772.5 0.313393
19772.8 0.313438
19773.2 0.313492
19773.6 0.31356
19773.9 0.313644
19774.3 0.313744
19774.7 0.31385
19775 0.313972
19775.4 0.314095
19775.8 0.314224
19776.1 0.314354
19776.5 0.314491
19776.9 0.314491
19777.2 0.314613
19777.6 0.314728
19778 0.314835
19778.3 0.314934
19778.7 0.315041
19779.1 0.315132
19779.4 0.315224
19779.8 0.315292
19780.2 0.315346
19780.5 0.315384
19780.9 0.315407
19781.2 0.315414
19781.6 0.315407
19782 0.315392
19782.3 0.315369
19782.7 0.315346
19783.1 0.3153
19783.4 0.3153
19783.8 0.315254
19784.2 0.315186
19784.5 0.315109
19784.9 0.315002
19785.3 0.314888
19785.6 0.314758
19786 0.314606
19786.4 0.31443
19786.7 0.31424
19787.1 0.314026
19787.5 0.313789
19787.8 0.31353
19788.2 0.313248
19788.6 0.312935
19788.9 0.312614
19789.3 0.312279
19789.7 0.311928
19790 0.311928
19790.4 0.311577
19790.8 0.311211
19791.1 0.310852
19791.5 0.310478
19791.9 0.310112
19792.2 0.309746
19792.6 0.309387
19793 0.309029
19793.3 0.308685
19793.7 0.308334
19794.1 0.307999
19794.4 0.307663
19794.8 0.307327
19795.2 0.306999
19795.5 0.306679
19795.9 0.306366
19796.3 0.306061
19796.6 0.306061
19797 0.305763
19797.4 0.305481
19797.7 0.305191
19798.1 0.304901
19798.5 0.304604
19798.8 0.304306
19799.2 0.304001
19799.6 0.303696
19799.9 0.303398
19800.3 0.303108
19800.7 0.302811
19801 0.302513
19801.4 0.302193
19801.8 0.30188
19802.1 0.301544
19802.5 0.301216
19802.9 0.300896
19803.2 0.300896
19803.6 0.300583
19804 0.30027
19804.3 0.299957
19804.7 0.299637
19805.1 0.299324
19805.4 0.299011
19805.8 0.298683
19806.2 0.298363
19806.5 0.298027
19806.9 0.297691
19807.3 0.297348
19807.6 0.297005
19808 0.296669
19808.3 0.296341
19808.7 0.296013
19809.1 0.2957
19809.4 0.2957
19809.8 0.29538
19810.2 0.295059
19810.5 0.294739
19810.9 0.294426
19811.3 0.294113
19811.6 0.293823
19812 0.293518
19812.4 0.293221
19812.7 0.292915
19813.1 0.292603
19813.5 0.292305
19813.8 0.292007
19814.2 0.29171
19814.6 0.29142
19814.9 0.291115
19815.3 0.290794
19815.7 0.290482
19816 0.290482
19816.4 0.290161
19816.8 0.289856
19817.1 0.289551
19817.5 0.289261
19817.9 0.288971
19818.2 0.288689
19818.6 0.288399
19819 0.288116
19819.3 0.287834
19819.7 0.287552
19820.1 0.287277
19820.4 0.287018
19820.8 0.286758
19821.2 0.286522
19821.5 0.286293
19821.9 0.286072
19822.3 0.285851
19822.6 0.285851
19823 0.285645
19823.4 0.285446
19823.7 0.285255
19824.1 0.285072
19824.5 0.284897
19824.8 0.284698
19825.2 0.284515
19825.6 0.284325
19825.9 0.284134
19826.3 0.283951
19826.7 0.283775
19827 0.2836
19827.4 0.28344
19827.8 0.283295
19828.1 0.283173
19828.5 0.283073
19828.9 0.282982
19829.2 0.282982
19829.6 0.282913
19830 0.28286
19830.3 0.282822
19830.7 0.282814
19831.1 0.282845
19831.4 0.282906
19831.8 0.282997
19832.2 0.283104
19832.5 0.283226
19832.9 0.283348
19833.3 0.283501
19833.6 0.283653
19834 0.283806
19834.3 0.283951
19834.7 0.284081
19835.1 0.284218
19835.4 0.28434
19835.8 0.28434
19836.2 0.284462
19836.5 0.284584
19836.9 0.284714
19837.3 0.284836
19837.6 0.284973
19838 0.285118
19838.4 0.285278
19838.7 0.285461
19839.1 0.285667
19839.5 0.285904
19839.8 0.286171
19840.2 0.286461
19840.6 0.286789
19840.9 0.287148
19841.3 0.287537
19841.7 0.287956
19842 0.287956
19842.4 0.288406
19842.8 0.288879
19843.1 0.289375
19843.5 0.289886
19843.9 0.290428
19844.2 0.290993
19844.6 0.291557
19845 0.29213
19845.3 0.292694
19845.7 0.293259
19846.1 0.293823
19846.4 0.29438
19846.8 0.29493
19847.2 0.295441
19847.5 0.295944
19847.9 0.296417
19848.3 0.296875
19848.6 0.296875
19849 0.297325
19849.4 0.297752
19849.7 0.298164
19850.1 0.298546
19850.5 0.29892
19850.8 0.299271
19851.2 0.299591
19851.6 0.299889
19851.9 0.300148
19852.3 0.300369
19852.7 0.300568
19853 0.30072
19853.4 0.30085
19853.8 0.300957
19854.1 0.301025
19854.5 0.301079
19854.9 0.301109
19855.2 0.301109
19855.6 0.301117
19856 0.301102
19856.3 0.301056
19856.7 0.300964
19857.1 0.300835
19857.4 0.300674
19857.8 0.300507
19858.2 0.300308
19858.5 0.30011
19858.9 0.299889
19859.3 0.299652
19859.6 0.299393
19860 0.299126
19860.3 0.298859
19860.7 0.298592
19861.1 0.298325
19861.4 0.29805
19861.8 0.29805
19862.2 0.297775
19862.5 0.297508
19862.9 0.297241
19863.3 0.296989
19863.6 0.296745
19864 0.296501
19864.4 0.296257
19864.7 0.296005
19865.1 0.295769
19865.5 0.29554
19865.8 0.295334
19866.2 0.295135
19866.6 0.294945
19866.9 0.294762
19867.3 0.294579
19867.7 0.294418
19868 0.294281
19868.4 0.294281
19868.8 0.294159
19869.1 0.294044
19869.5 0.293938
19869.9 0.293839
19870.2 0.293747
19870.6 0.293671
19871 0.293625
19871.3 0.293602
19871.7 0.293617
19872.1 0.293655
19872.4 0.293701
19872.8 0.293755
19873.2 0.293816
19873.5 0.293877
19873.9 0.293945
19874.3 0.294014
19874.6 0.294014
19875 0.294075
19875.4 0.294136
19875.7 0.294197
19876.1 0.29425
19876.5 0.294296
19876.8 0.294342
19877.2 0.294373
19877.6 0.29438
19877.9 0.294373
19878.3 0.294357
19878.7 0.294312
19879 0.29425
19879.4 0.294174
19879.8 0.29406
19880.1 0.29393
19880.5 0.29377
19880.9 0.293587
19881.2 0.293587
19881.6 0.293396
19882 0.29319
19882.3 0.292969
19882.7 0.292725
19883.1 0.292465
19883.4 0.292198
19883.8 0.291908
19884.2 0.291603
19884.5 0.29129
19884.9 0.290962
19885.3 0.290619
19885.6 0.290253
19886 0.289856
19886.4 0.289444
19886.7 0.289024
19887.1 0.288589
19887.4 0.288139
19887.8 0.288139
19888.2 0.287689
19888.5 0.287216
19888.9 0.28672
19889.3 0.286194
19889.6 0.285645
19890 0.28508
19890.4 0.284508
19890.7 0.283928
19891.1 0.283348
19891.5 0.282745
19891.8 0.282127
19892.2 0.281494
19892.6 0.280853
19892.9 0.280212
19893.3 0.279564
19893.7 0.278938
19894 0.278305
19894.4 0.278305
19894.8 0.277695
19895.1 0.277084
19895.5 0.276482
19895.9 0.275879
19896.2 0.275284
19896.6 0.274696
19897 0.274139
19897.3 0.273582
19897.7 0.273041
19898.1 0.272514
19898.4 0.271988
19898.8 0.271469
19899.2 0.27095
19899.5 0.270447
19899.9 0.269951
19900.3 0.269463
19900.6 0.26899
19901 0.26899
19901.4 0.268509
19901.7 0.268036
19902.1 0.26757
19902.5 0.267105
19902.8 0.266624
19903.2 0.266144
19903.6 0.265648
19903.9 0.265137
19904.3 0.264618
19904.7 0.264091
19905 0.26355
19905.4 0.263
19905.8 0.262436
19906.1 0.261856
19906.5 0.261261
19906.9 0.260651
19907.2 0.26004
19907.6 0.26004
19908 0.259415
19908.3 0.258789
19908.7 0.258163
19909.1 0.257507
19909.4 0.256844
19909.8 0.256165
19910.2 0.255478
19910.5 0.254799
19910.9 0.254128
19911.3 0.253464
19911.6 0.252808
19912 0.252144
19912.4 0.25148
19912.7 0.250801
19913.1 0.250107
19913.5 0.249413
19913.8 0.249413
19914.2 0.248711
19914.5 0.247993
19914.9 0.247292
19915.3 0.246574
19915.6 0.245865
19916 0.245155
19916.4 0.244438
19916.7 0.243713
19917.1 0.242981
19917.5 0.242256
19917.8 0.241508
19918.2 0.240761
19918.6 0.23999
19918.9 0.239212
19919.3 0.238419
19919.7 0.237602
19920 0.236778
19920.4 0.236778
19920.8 0.235939
19921.1 0.235107
19921.5 0.234253
19921.9 0.233406
19922.2 0.232559
19922.6 0.231728
19923 0.230888
19923.3 0.230049
19923.7 0.229202
19924.1 0.228355
19924.4 0.227509
19924.8 0.226669
19925.2 0.225838
19925.5 0.225006
19925.9 0.224182
19926.3 0.223366
19926.6 0.222557
19927 0.222557
19927.4 0.221748
19927.7 0.220947
19928.1 0.220146
19928.5 0.219345
19928.8 0.218544
19929.2 0.217743
19929.6 0.216942
19929.9 0.216141
19930.3 0.21534
19930.7 0.214546
19931 0.21376
19931.4 0.21299
19931.8 0.212219
19932.1 0.211464
19932.5 0.210716
19932.9 0.209969
19933.2 0.209213
19933.6 0.209213
19934 0.208473
19934.3 0.207741
19934.7 0.207024
19935.1 0.206322
19935.4 0.205627
19935.8 0.204941
19936.2 0.204247
19936.5 0.203552
19936.9 0.20285
19937.3 0.202156
19937.6 0.201462
19938 0.200783
19938.4 0.200111
19938.7 0.199432
19939.1 0.198769
19939.5 0.198105
19939.8 0.197441
19940.2 0.197441
19940.6 0.196785
19940.9 0.196129
19941.3 0.195465
19941.6 0.194801
19942 0.19413
19942.4 0.193451
19942.7 0.192764
19943.1 0.192078
19943.5 0.191383
19943.8 0.190689
19944.2 0.189995
19944.6 0.189301
19944.9 0.188606
19945.3 0.18792
19945.7 0.187225
19946 0.186531
19946.4 0.186531
19946.8 0.185822
19947.1 0.185104
19947.5 0.184387
19947.9 0.18367
19948.2 0.182968
19948.6 0.182266
19949 0.181564
19949.3 0.180862
19949.7 0.180153
19950.1 0.179443
19950.4 0.178741
19950.8 0.178047
19951.2 0.177368
19951.5 0.176697
19951.9 0.176041
19952.3 0.175392
19952.6 0.174767
19953 0.174767
19953.4 0.174141
19953.7 0.173546
19954.1 0.172951
19954.5 0.172379
19954.8 0.171822
19955.2 0.171272
19955.6 0.170753
19955.9 0.170242
19956.3 0.169746
19956.7 0.16925
19957 0.168762
19957.4 0.168289
19957.8 0.167824
19958.1 0.167366
19958.5 0.166901
19958.9 0.166435
19959.2 0.165977
19959.6 0.165977
19960 0.165504
19960.3 0.165039
19960.7 0.164558
19961.1 0.164093
19961.4 0.16362
19961.8 0.163124
19962.2 0.162628
19962.5 0.162125
19962.9 0.161629
19963.3 0.161133
19963.6 0.160652
19964 0.160179
19964.4 0.159706
19964.7 0.159248
19965.1 0.158775
19965.5 0.158325
19965.8 0.15789
19966.2 0.15789
19966.6 0.157471
19966.9 0.157082
19967.3 0.156715
19967.7 0.156372
19968 0.156044
19968.4 0.155739
19968.7 0.155472
19969.1 0.155266
19969.5 0.155098
19969.8 0.154976
19970.2 0.1549
19970.6 0.154846
19970.9 0.154831
19971.3 0.154854
19971.7 0.154922
19972 0.155045
19972.4 0.15522
19972.8 0.15522
19973.1 0.155426
19973.5 0.155678
19973.9 0.155945
19974.2 0.156242
19974.6 0.156563
19975 0.156914
19975.3 0.157295
19975.7 0.157692
19976.1 0.158096
19976.4 0.158493
19976.8 0.15889
19977.2 0.159271
19977.5 0.159637
19977.9 0.159988
19978.3 0.160332
19978.6 0.160652
19979 0.16095
19979.4 0.16095
19979.7 0.161217
19980.1 0.161446
19980.5 0.161659
19980.8 0.161865
19981.2 0.162041
19981.6 0.162209
19981.9 0.162354
19982.3 0.162483
19982.7 0.162613
19983 0.162727
19983.4 0.162834
19983.8 0.162933
19984.1 0.163025
19984.5 0.163109
19984.9 0.163177
19985.2 0.163216
19985.6 0.163216
19986 0.163239
19986.3 0.163254
19986.7 0.163254
19987.1 0.163239
19987.4 0.163223
19987.8 0.163193
19988.2 0.16317
19988.5 0.163147
19988.9 0.163109
19989.3 0.163063
19989.6 0.163017
19990 0.162956
19990.4 0.162895
19990.7 0.162819
19991.1 0.162743
19991.5 0.162666
19991.8 0.16259
19992.2 0.16259
19992.6 0.162514
19992.9 0.162453
19993.3 0.162384
19993.7 0.162323
19994 0.162254
19994.4 0.162193
19994.8 0.162155
19995.1 0.162125
19995.5 0.162117
19995.8 0.162125
19996.2 0.162132
19996.6 0.162155
19996.9 0.162163
19997.3 0.16217
19997.7 0.16217
19998 0.162178
19998.4 0.162178
19998.8 0.162178
19999.1 0.162186
19999.5 0.162178
19999.9 0.16217
