20.1416 57.0778
20.5078 58.0952
20.874 58.3735
21.2402 57.7283
21.6064 57.8574
21.9727 57.8979
22.3389 57.7696
22.7051 57.4713
23.0713 57.0076
23.4375 56.5086
23.8037 56.6251
24.1699 57.362
24.5361 56.5974
24.9023 54.5361
25.2686 54.6981
25.6348 55.3649
26.001 56.4151
26.3672 57.1132
26.7334 57.2339
27.0996 57.0647
27.4658 58.3938
27.832 61.0014
28.1982 62.4647
28.5645 63.2911
28.9307 63.6548
29.2969 63.6338
29.6631 63.6411
30.0293 64.7546
30.3955 66.5202
30.7617 67.2939
31.1279 68.0748
31.4941 68.2628
31.8604 68.4037
32.2266 68.6551
32.5928 69.1744
32.959 69.1935
33.3252 69.7676
33.6914 70.0354
34.0576 69.9938
34.4238 69.7536
34.79 69.4334
35.1563 69.2223
35.5225 69.3054
35.8887 69.727
36.2549 70.4394
36.6211 71.3709
36.9873 73.268
37.3535 74.4038
37.7197 75.6139
38.0859 76.94
38.4521 78.4303
38.8184 80.0764
39.1846 80.7744
39.5508 82.4242
39.917 83.9279
40.2832 85.2353
40.6494 86.3602
41.0156 87.3324
41.3818 88.1825
41.748 88.9352
42.1143 89.6019
42.4805 90.1671
42.8467 90.5855
43.2129 90.5885
43.5791 90.5501
43.9453 90.3637
44.3115 90.07
44.6777 89.7051
45.0439 89.2995
45.4102 88.8804
45.7764 88.7449
46.1426 88.3783
46.5088 88.0302
46.875 87.6983
47.2412 87.3711
47.6074 87.0293
47.9736 86.6457
48.3398 86.1829
48.7061 85.5892
49.0723 84.7994
49.4385 82.6991
49.8047 81.404
50.1709 80.2655
50.5371 79.3279
50.9033 78.5416
51.2695 77.8479
51.6357 77.2031
52.0019 76.5908
52.3682 76.6736
52.7344 76.202
53.1006 75.8398
53.4668 75.6218
53.833 75.5778
54.1992 75.7385
54.5654 76.1382
54.9316 76.8117
55.2978 77.7802
55.6641 79.5002
56.0303 80.7201
56.3965 81.7712
56.7627 82.6047
57.1289 83.2776
57.4951 83.8715
57.8613 84.4489
58.2275 85.0319
58.5937 85.6053
58.96 85.7585
59.3262 86.2699
59.6924 86.7423
60.0586 87.2013
60.4248 87.6666
60.791 88.1404
61.1572 88.6139
61.5234 89.076
61.8896 89.8281
62.2559 90.2101
62.6221 90.5589
62.9883 90.8852
63.3545 91.2014
63.7207 91.5141
64.0869 91.8118
64.4531 92.0667
64.8193 92.2567
65.1855 92.3782
65.5518 92.2448
65.918 92.2687
66.2842 92.246
66.6504 92.175
67.0166 92.0315
67.3828 91.7785
67.749 90.9788
68.1152 90.4004
68.4814 89.7066
68.8476 88.9443
69.2139 88.1715
69.5801 87.4363
69.9463 86.7686
70.3125 86.1836
70.6787 85.6867
71.0449 85.2761
71.4111 84.9455
71.7773 85.0104
72.1435 84.8023
72.5098 84.6544
72.876 84.5642
73.2422 84.5321
73.6084 84.5595
73.9746 84.9346
74.3408 85.1077
74.707 85.344
75.0732 85.649
75.4394 86.033
75.8057 86.5092
76.1719 87.091
76.5381 87.7845
76.9043 88.5807
77.2705 89.4501
77.6367 90.3513
78.0029 91.2499
78.3691 91.6699
78.7353 92.5324
79.1016 93.3607
79.4678 94.1505
79.834 94.8988
80.2002 95.8777
80.5664 96.4857
80.9326 97.0288
81.2988 97.4988
81.665 97.8872
82.0312 98.1851
82.3975 98.3854
82.7637 98.4842
83.1299 98.4834
83.4961 98.391
83.8623 98.2193
84.2285 97.9827
84.5947 97.6982
84.9609 97.3066
85.3271 97.0305
85.6934 96.7589
86.0596 96.4972
86.4258 96.1253
86.792 95.9246
87.1582 95.7159
87.5244 95.4936
87.8906 95.253
88.2568 94.9919
88.623 94.712
88.9893 94.4199
89.3555 94.1254
89.7217 93.8395
90.0879 93.5713
90.4541 93.3282
90.8203 93.1173
91.1865 92.9464
91.5527 93.0372
91.9189 92.9216
92.2851 92.8658
92.6514 92.9745
93.0176 93.0526
93.3838 93.1933
93.75 93.3902
94.1162 93.6349
94.4824 93.9165
94.8486 94.2195
95.2148 94.5243
95.581 94.8109
95.9473 95.064
96.3135 95.2759
96.6797 95.4469
97.0459 95.5828
97.4121 95.6926
97.7783 95.7859
98.1445 95.8394
98.5107 95.9243
98.8769 96.0456
99.2432 96.1118
99.6094 96.1711
99.9756 96.2208
100.342 96.2569
100.708 96.2765
101.074 96.2792
101.44 96.2668
101.807 96.2431
102.173 96.2129
102.539 96.1811
102.905 96.1523
103.271 96.1305
103.638 96.1189
104.004 96.12
104.37 96.1359
104.736 96.1844
105.103 96.2407
105.469 96.311
105.835 96.393
106.201 96.4836
106.567 96.5808
106.934 96.6838
107.3 96.7932
107.666 96.9094
108.032 97.0329
108.398 97.1627
108.765 97.2971
109.131 97.4342
109.497 97.5728
109.863 97.713
110.229 97.8564
110.596 98.0064
110.962 98.2772
111.328 98.4396
111.694 98.6143
112.061 98.8026
112.427 99.0047
112.793 99.2196
113.159 99.4453
113.525 99.6799
113.892 99.9211
114.258 100.166
114.624 100.411
114.99 100.649
115.356 100.875
115.723 101.083
116.089 101.268
116.455 101.429
116.821 101.564
117.187 101.634
117.554 101.587
117.92 101.648
118.286 101.691
118.652 101.715
119.019 101.723
119.385 101.715
119.751 101.694
120.117 101.662
120.483 101.622
120.85 101.577
121.216 101.527
121.582 101.476
121.948 101.425
122.314 101.379
122.681 101.339
123.047 101.303
123.413 101.272
123.779 101.239
124.146 101.235
124.512 101.185
124.878 101.118
125.244 101.033
125.61 100.93
125.977 100.808
126.343 100.666
126.709 100.504
127.075 100.321
127.441 100.12
127.808 99.9022
128.174 99.6735
128.54 99.4392
128.906 99.2054
129.272 98.9779
129.639 98.6482
130.005 98.4638
130.371 98.3016
130.737 98.2331
131.104 98.1074
131.47 98.0014
131.836 97.9129
132.202 97.8392
132.568 97.7776
132.935 97.726
133.301 97.6823
133.667 97.6446
134.033 97.6105
134.399 97.5771
134.766 97.5417
135.132 97.5014
135.498 97.4337
135.864 97.3728
136.23 97.2993
136.597 97.2103
136.963 97.1035
137.329 97.0571
137.695 96.925
138.062 96.7739
138.428 96.6052
138.794 96.421
139.16 96.2234
139.526 96.0144
139.893 95.7948
140.259 95.5646
140.625 95.3219
140.991 95.0626
141.357 94.7795
141.724 94.1568
142.09 93.6755
142.456 93.0145
142.822 92.546
143.188 92.227
143.555 92.0598
143.921 91.908
144.287 91.8179
144.653 91.7776
145.02 91.7768
145.386 91.8062
145.752 91.8567
146.118 91.9203
146.484 91.9908
146.851 92.0631
147.217 92.1338
147.583 92.2001
147.949 92.4071
148.315 92.4542
148.682 92.4926
149.048 92.5233
149.414 92.5479
149.78 92.5684
150.146 92.6834
150.513 92.6995
150.879 92.7152
151.245 92.7318
151.611 92.75
151.978 92.7706
152.344 92.7944
152.71 92.8222
153.076 92.8553
153.442 92.8944
153.809 92.9405
154.175 93.0887
154.541 93.1495
154.907 93.22
155.273 93.3017
155.64 93.3965
156.006 93.5059
156.372 93.6318
156.738 93.7228
157.104 93.8673
157.471 94.0331
157.837 94.2234
158.203 94.4424
158.569 94.6965
158.936 94.9961
159.302 95.3593
159.668 95.8253
160.034 96.4659
160.4 96.9728
160.767 97.312
161.133 97.5655
161.499 97.7481
161.865 97.8665
162.231 97.9238
162.598 97.9215
162.964 97.8601
163.33 97.7152
163.696 97.5677
164.062 97.3905
164.429 97.2189
164.795 97.0738
165.161 96.9596
165.527 96.8741
165.894 96.8134
166.26 96.7734
166.626 96.7744
166.992 96.7639
167.358 96.7558
167.725 96.7468
168.091 96.7348
168.457 96.7187
168.823 96.6986
169.189 96.6755
169.556 96.6507
169.922 96.6473
170.288 96.6216
170.654 96.5969
171.02 96.5733
171.387 96.5506
171.753 96.5283
172.119 96.5058
172.485 96.4786
172.852 96.4511
173.218 96.42
173.584 96.3837
173.95 96.341
174.316 96.2907
174.683 96.2324
175.049 96.1666
175.415 96.0943
175.781 96.0164
176.147 95.9341
176.514 95.895
176.88 95.8107
177.246 95.7248
177.612 95.6389
177.979 95.5552
178.345 95.4761
178.711 95.4028
179.077 95.3494
179.443 95.3065
179.81 95.2749
180.176 95.2554
180.542 95.2489
180.908 95.2566
181.274 95.2801
181.641 95.3216
182.007 95.3839
182.373 95.4706
182.739 95.5247
183.105 95.6393
183.472 95.7851
183.838 95.9593
184.204 96.1445
184.57 96.3128
184.937 96.4977
185.303 96.6047
185.669 96.6878
186.035 96.7536
186.401 96.8079
186.768 96.8559
187.134 96.9012
187.5 96.9467
187.866 96.9938
188.232 97.0434
188.599 97.0952
188.965 97.1482
189.331 97.1973
189.697 97.245
190.063 97.2924
190.43 97.339
190.796 97.384
191.162 97.45
191.528 97.4863
191.895 97.5187
192.261 97.5467
192.627 97.5704
192.993 97.5902
193.359 97.6069
193.726 97.6221
194.092 97.6371
194.458 97.6538
194.824 97.6739
195.19 97.6994
195.557 97.7319
195.923 97.7225
196.289 97.7674
196.655 97.8231
197.021 97.8894
197.388 97.984
197.754 98.0756
198.12 98.1753
198.486 98.282
198.853 98.3943
199.219 98.5102
199.585 98.6275
199.951 98.7433
200.317 98.8549
200.684 98.9594
201.05 99.0547
201.416 99.1389
201.782 99.2111
202.148 99.271
202.515 99.292
202.881 99.3324
203.247 99.3611
203.613 99.3741
203.979 99.3798
204.346 99.3802
204.712 99.3768
205.078 99.371
205.444 99.3634
205.811 99.3544
206.177 99.3446
206.543 99.3343
206.909 99.3235
207.275 99.3117
207.642 99.298
208.008 99.2815
208.374 99.2609
208.74 99.2357
209.106 99.222
209.473 99.1781
209.839 99.1435
210.205 99.1049
210.571 99.0635
210.937 99.0206
211.304 98.9776
211.67 98.9356
212.036 98.8952
212.402 98.8563
212.769 98.8181
213.135 98.7794
213.501 98.7385
213.867 98.6944
214.233 98.6462
214.6 98.5942
214.966 98.5392
215.332 98.4825
215.698 98.3695
216.064 98.3209
216.431 98.282
216.797 98.2539
217.163 98.2366
217.529 98.2285
217.895 98.2279
218.262 98.2328
218.628 98.2411
218.994 98.2511
219.36 98.261
219.727 98.2689
220.093 98.2727
220.459 98.2706
220.825 98.2609
221.191 98.2423
221.558 98.2141
221.924 98.1751
222.29 98.1326
222.656 98.0815
223.022 98.0228
223.389 97.9573
223.755 97.8865
224.121 97.8121
224.487 97.7358
224.854 97.6595
225.22 97.5845
225.586 97.5121
225.952 97.4434
226.318 97.3795
226.685 97.321
227.051 97.2683
227.417 97.2211
227.783 97.1788
228.149 97.1332
228.516 97.1262
228.882 97.0965
229.248 97.0752
229.614 97.0623
229.98 97.0573
230.347 97.0595
230.713 97.0683
231.079 97.0829
231.445 97.1023
231.812 97.1251
232.178 97.1495
232.544 97.1738
232.91 97.1963
233.276 97.2159
233.643 97.2312
234.009 97.2415
234.375 97.2603
234.741 97.2547
235.107 97.2585
235.474 97.2448
235.84 97.2282
236.206 97.2095
236.572 97.1898
236.938 97.1709
237.305 97.1543
237.671 97.1419
238.037 97.1353
238.403 97.1359
238.77 97.1456
239.136 97.166
239.502 97.1988
239.868 97.2452
240.234 97.3528
240.601 97.4329
240.967 97.5248
241.333 97.6269
241.699 97.6955
242.065 97.8102
242.432 97.9297
242.798 98.0509
243.164 98.171
243.53 98.2881
243.896 98.4014
244.263 98.5108
244.629 98.6168
244.995 98.7201
245.361 98.8211
245.728 98.9199
246.094 99.0166
246.46 99.1837
246.826 99.2715
247.192 99.356
247.559 99.437
247.925 99.514
248.291 99.5553
248.657 99.6175
249.023 99.6721
249.39 99.7177
249.756 99.7529
250.122 99.7771
250.488 99.7901
250.854 99.7926
251.221 99.7856
251.587 99.7702
251.953 99.747
252.319 99.7166
252.686 99.5986
253.052 99.5496
253.418 99.4938
253.784 99.4317
254.15 99.3648
254.517 99.2654
254.883 99.1967
255.249 99.1304
255.615 99.068
255.981 99.01
256.348 98.9561
256.714 98.9048
257.08 98.8542
257.446 98.8026
257.812 98.7485
258.179 98.6912
258.545 98.6298
258.911 98.5032
259.277 98.4346
259.644 98.3621
260.01 98.2867
260.376 98.2091
260.742 98.1297
261.108 98.0727
261.475 97.9872
261.841 97.8964
262.207 97.7989
262.573 97.6929
262.939 97.5775
263.306 97.4527
263.672 97.3206
264.038 97.185
264.404 97.0504
264.77 96.921
265.137 96.6858
265.503 96.5826
265.869 96.488
266.235 96.4004
266.602 96.318
266.968 96.2396
267.334 96.1641
267.7 96.1129
268.066 96.048
268.433 95.9844
268.799 95.9211
269.165 95.857
269.531 95.7909
269.897 95.7219
270.264 95.6488
270.63 95.5709
270.996 95.4837
271.362 95.3922
271.728 95.2928
272.095 95.185
272.461 95.0686
272.827 94.9428
273.193 94.8073
273.56 94.6614
273.926 94.5043
274.292 94.4596
274.658 94.2796
275.024 94.0835
275.391 93.8685
275.757 93.6302
276.123 93.3644
276.489 93.0742
276.855 92.7852
277.222 92.4335
277.588 92.2334
277.954 92.0571
278.32 91.9015
278.686 91.7646
279.053 91.6448
279.419 91.541
279.785 91.4522
280.151 91.377
280.518 91.3138
280.884 91.3279
281.25 91.2701
281.616 91.2152
281.982 91.1592
282.349 91.0976
282.715 91.0275
283.081 90.9496
283.447 90.8338
283.813 90.7855
284.18 90.7596
284.546 90.7549
284.912 90.7688
285.278 90.7984
285.645 90.8401
286.011 90.8903
286.377 90.9463
286.743 91.0058
287.109 91.0775
287.476 91.1434
287.842 91.2108
288.208 91.2797
288.574 91.35
288.94 91.4219
289.307 91.4957
289.673 91.6684
290.039 91.7482
290.405 91.8291
290.771 91.9106
291.138 91.9916
291.504 92.0713
291.87 92.1492
292.236 92.2251
292.603 92.2994
292.969 92.3731
293.335 92.4476
293.701 92.5219
294.067 92.5929
294.434 92.6694
294.8 92.7559
295.166 92.8572
295.532 92.976
295.898 93.186
296.265 93.3387
296.631 93.4985
296.997 93.6608
297.363 93.822
297.729 93.9798
298.096 94.1329
298.462 94.2805
298.828 94.4219
299.194 94.5566
299.561 94.684
299.927 94.8036
300.293 94.8825
300.659 94.9919
301.025 95.0947
301.392 95.1922
301.758 95.2859
302.124 95.4598
302.49 95.5534
302.856 95.6471
303.223 95.742
303.589 95.8385
303.955 95.9374
304.321 96.0389
304.687 96.143
305.054 96.2496
305.42 96.359
305.786 96.4712
306.152 96.5869
306.519 96.7064
306.885 96.7845
307.251 96.9039
307.617 97.0276
307.983 97.2114
308.35 97.3384
308.716 97.4721
309.082 97.6153
309.448 97.7719
309.814 97.9464
310.181 98.1371
310.547 98.3228
310.913 98.4815
311.279 98.6128
311.645 98.7235
312.012 98.8207
312.378 98.9094
312.744 98.9935
313.11 99.0756
313.477 99.0867
313.843 99.1737
314.209 99.2857
314.575 99.378
314.941 99.4718
315.308 99.5679
315.674 99.6674
316.04 99.7719
316.406 99.8833
316.772 100.004
317.139 100.134
317.505 100.273
317.871 100.412
318.237 100.539
318.603 100.645
318.97 100.726
319.336 100.783
319.702 100.816
320.068 100.764
320.435 100.718
320.801 100.725
321.167 100.731
321.533 100.735
321.899 100.737
322.266 100.733
322.632 100.723
322.998 100.706
323.364 100.685
323.73 100.66
324.097 100.636
324.463 100.616
324.829 100.599
325.195 100.589
325.561 100.584
325.928 100.584
326.294 100.595
326.66 100.623
327.026 100.637
327.393 100.652
327.759 100.666
328.125 100.678
328.491 100.689
328.857 100.696
329.224 100.703
329.59 100.708
329.956 100.714
330.322 100.717
330.688 100.718
331.055 100.712
331.421 100.7
331.787 100.681
332.153 100.657
332.52 100.63
332.886 100.584
333.252 100.559
333.618 100.532
333.984 100.503
334.351 100.473
334.717 100.442
335.083 100.411
335.449 100.381
335.815 100.352
336.182 100.325
336.548 100.299
336.914 100.273
337.28 100.245
337.646 100.213
338.013 100.176
338.379 100.132
338.745 100.053
339.111 99.9928
339.478 99.9618
339.844 99.8952
340.21 99.8246
340.576 99.751
340.942 99.6756
341.309 99.5995
341.675 99.524
342.041 99.4498
342.407 99.3777
342.773 99.308
343.14 99.2407
343.506 99.1754
343.872 99.112
344.238 99.05
344.604 98.9893
344.971 98.9107
345.337 98.8496
345.703 98.7893
346.069 98.7593
346.436 98.6962
346.802 98.6361
347.168 98.5819
347.534 98.5366
347.9 98.5029
348.267 98.4818
348.633 98.4725
348.999 98.4728
349.365 98.4792
349.731 98.4879
350.098 98.4954
350.464 98.4991
350.83 98.4972
351.196 98.4881
351.562 98.4695
351.929 98.4423
352.295 98.406
352.661 98.3897
353.027 98.3378
353.394 98.2757
353.76 98.204
354.126 98.1236
354.492 98.0359
354.858 97.942
355.225 97.8436
355.591 97.742
355.957 97.6387
356.323 97.5351
356.689 97.4324
357.056 97.331
357.422 97.1452
357.788 97.0379
358.154 96.927
358.52 96.8111
358.887 96.6821
359.253 96.5667
359.619 96.4714
359.985 96.3939
360.352 96.3284
360.718 96.2713
361.084 96.221
361.45 96.177
361.816 96.1391
362.183 96.1065
362.549 96.0778
362.915 96.0504
363.281 96.0206
363.647 95.9538
364.014 95.9031
364.38 95.8389
364.746 95.7594
365.112 95.6636
365.478 95.5976
365.845 95.4729
366.211 95.3269
366.577 95.1558
366.943 94.9526
367.31 94.7074
367.676 94.4581
368.042 94.2557
368.408 94.092
368.774 93.9592
369.141 93.8528
369.507 93.7694
369.873 93.711
370.239 93.6782
370.605 93.6593
370.972 93.6527
371.338 93.6563
371.704 93.6676
372.07 93.7169
372.436 93.7363
372.803 93.7576
373.169 93.7793
373.535 93.8005
373.901 93.8212
374.268 93.8413
374.634 93.8609
375 93.8799
375.366 93.8978
375.732 93.973
376.099 93.9861
376.465 93.9967
376.831 94.0047
377.197 94.0107
377.563 94.0157
377.93 94.0208
378.296 94.027
378.662 94.0755
379.028 94.0822
379.395 94.091
379.761 94.1017
380.127 94.1134
380.493 94.1252
380.859 94.1355
381.226 94.1431
381.592 94.1462
381.958 94.1514
382.324 94.1319
382.69 94.1027
383.057 94.0638
383.423 94.0179
383.789 93.9704
384.155 93.9269
384.521 93.891
384.888 93.8642
385.254 93.8786
385.62 93.8706
385.986 93.871
386.353 93.8798
386.719 93.8971
387.085 93.9226
387.451 93.9561
387.817 93.9971
388.184 94.1118
388.55 94.1684
388.916 94.2303
389.282 94.296
389.648 94.3631
390.015 94.4289
390.381 94.4912
390.747 94.5488
391.113 94.6016
391.479 94.6502
391.846 94.7227
392.212 94.7693
392.578 94.8138
392.944 94.8576
393.311 94.9014
393.677 94.9461
394.043 94.9925
394.409 95.1169
394.775 95.1687
395.142 95.2243
395.508 95.2844
395.874 95.3496
396.24 95.4202
396.606 95.4961
396.973 95.5771
397.339 95.6622
397.705 95.7507
398.071 95.8071
398.437 95.8932
398.804 95.981
399.17 96.07
399.536 96.16
399.902 96.2505
400.269 96.3419
400.635 96.4656
401.001 96.5604
401.367 96.6612
401.733 96.7711
402.1 96.8937
402.466 97.0311
402.832 97.1806
403.198 97.3299
403.564 97.4664
403.931 97.5863
404.297 97.6908
404.663 97.7208
405.029 97.8101
405.395 97.8877
405.762 97.9556
406.128 98.0159
406.494 98.0848
406.86 98.1332
407.227 98.1798
407.593 98.2258
407.959 98.2719
408.325 98.3183
408.691 98.3651
409.058 98.4125
409.424 98.4605
409.79 98.5092
410.156 98.559
410.522 98.6113
410.889 98.6696
411.255 98.6149
411.621 98.6857
411.987 98.7868
412.353 98.9309
412.72 99.0516
413.086 99.1761
413.452 99.2725
413.818 99.3472
414.185 99.4035
414.551 99.4436
414.917 99.4692
415.283 99.4819
415.649 99.4833
416.016 99.4748
416.382 99.458
416.748 99.4343
417.114 99.4052
417.48 99.3724
417.847 99.3412
418.213 99.3076
418.579 99.2733
418.945 99.2135
419.311 99.1789
419.678 99.1431
420.044 99.1062
420.41 99.0681
420.776 99.0294
421.143 98.9909
421.509 98.9539
421.875 98.9198
422.241 98.89
422.607 98.8656
422.974 98.8474
423.34 98.8354
423.706 98.8295
424.072 98.8295
424.438 98.8434
424.805 98.8525
425.171 98.8899
425.537 98.9101
425.903 98.9339
426.27 98.9609
426.636 98.9912
427.002 99.0245
427.368 99.061
427.734 99.1011
428.101 99.1453
428.467 99.1946
428.833 99.2496
429.199 99.3114
429.565 99.3801
429.932 99.4551
430.298 99.5336
430.664 99.5492
431.03 99.6243
431.396 99.7034
431.763 99.7605
432.129 99.8072
432.495 99.8438
432.861 99.8713
433.228 99.8905
433.594 99.9023
433.96 99.9075
434.326 99.9068
434.692 99.9012
435.059 99.8916
435.425 99.8793
435.791 99.8653
436.157 99.8509
436.523 99.8371
436.89 99.8245
437.256 99.8355
437.622 99.8419
437.988 99.8362
438.354 99.8308
438.721 99.8252
439.087 99.8193
439.453 99.813
439.819 99.8066
440.186 99.8003
440.552 99.7943
440.918 99.7886
441.284 99.7834
441.65 99.7785
442.017 99.7738
442.383 99.769
442.749 99.7641
443.115 99.7585
443.481 99.7806
443.848 99.8079
444.214 99.7992
444.58 99.7889
444.946 99.7772
445.312 99.7644
445.679 99.7508
446.045 99.7367
446.411 99.7223
446.777 99.7077
447.144 99.6923
447.51 99.6757
447.876 99.6571
448.242 99.636
448.608 99.6118
448.975 99.5844
449.341 99.5537
449.707 99.4876
450.073 99.4463
450.439 99.4072
450.806 99.3574
451.172 99.3015
451.538 99.2381
451.904 99.1659
452.27 99.0841
452.637 98.9921
453.003 98.8898
453.369 98.7772
453.735 98.6551
454.102 98.5261
454.468 98.3939
454.834 98.2627
455.2 98.1348
455.566 98.011
455.933 97.7893
456.299 97.6747
456.665 97.563
457.031 97.4667
457.397 97.357
457.764 97.2473
458.13 97.1367
458.496 97.0247
458.862 96.9114
459.228 96.7978
459.595 96.6859
459.961 96.5795
460.327 96.4825
460.693 96.3979
461.06 96.3262
461.426 96.2647
461.792 96.2084
462.158 96.071
462.524 96.0138
462.891 95.9515
463.257 95.8837
463.623 95.8064
463.989 95.7312
464.355 95.6486
464.722 95.5575
465.088 95.4567
465.454 95.3459
465.82 95.2296
466.186 95.1187
466.553 95.0228
466.919 94.9446
467.285 94.8834
467.651 94.8372
468.018 94.8039
468.384 94.7703
468.75 94.7634
469.116 94.7614
469.482 94.7627
469.849 94.7729
470.215 94.7783
470.581 94.7836
470.947 94.7881
471.313 94.7916
471.68 94.7938
472.046 94.7953
472.412 94.7967
472.778 94.7989
473.145 94.8023
473.511 94.8071
473.877 94.8128
474.243 94.8475
474.609 94.8591
474.976 94.8706
475.342 94.8818
475.708 94.8921
476.074 94.9008
476.44 94.9492
476.807 94.9563
477.173 94.9601
477.539 94.9608
477.905 94.9587
478.271 94.9544
478.638 94.9488
479.004 94.9426
479.37 94.9366
479.736 94.9312
480.103 94.927
480.469 94.9736
480.835 94.972
481.201 94.9709
481.567 94.9698
481.934 94.968
482.3 94.9647
482.666 94.9596
483.032 94.9963
483.398 94.9864
483.765 94.9752
484.131 94.9634
484.497 94.9513
484.863 94.939
485.229 94.9265
485.596 94.9133
485.962 94.8989
486.328 94.8828
486.694 94.8783
487.061 94.854
487.427 94.8265
487.793 94.796
488.159 94.7628
488.525 94.7271
488.892 94.6887
489.258 94.6467
489.624 94.6393
489.99 94.5884
490.356 94.5303
490.723 94.4639
491.089 94.3887
491.455 94.3042
491.821 94.2093
492.187 94.1013
492.554 93.9748
492.92 93.7031
493.286 93.5625
493.652 93.4512
494.019 93.3603
494.385 93.2847
494.751 93.2209
495.117 93.1666
495.483 93.12
495.85 93.0795
496.216 93.1126
496.582 93.0817
496.948 93.0544
497.314 93.0305
497.681 93.0103
498.047 92.9942
498.413 92.9828
498.779 92.9763
499.145 93.0416
499.512 93.0474
499.878 93.0571
500.244 93.0704
500.61 93.0869
500.977 93.1063
501.343 93.1284
501.709 93.1532
502.075 93.1805
502.441 93.2459
502.808 93.2736
503.174 93.3035
503.54 93.3352
503.906 93.3685
504.272 93.4028
504.639 93.4375
505.005 93.472
505.371 93.543
505.737 93.575
506.103 93.6095
506.47 93.6482
506.836 93.6925
507.202 93.7438
507.568 93.8032
507.935 93.8718
508.301 93.9505
508.667 94.0397
509.033 94.0769
509.399 94.1767
509.766 94.2838
510.132 94.3947
510.498 94.5062
510.864 94.6164
511.23 94.7605
511.597 94.8683
511.963 94.9756
512.329 95.0825
512.695 95.189
513.061 95.2956
513.428 95.403
513.794 95.5119
514.16 95.6235
514.526 95.7384
514.893 95.8575
515.259 95.9807
515.625 96.0099
515.991 96.1356
516.357 96.2624
516.724 96.387
517.09 96.5071
517.456 96.6437
517.822 96.7509
518.188 96.854
518.555 96.9547
518.921 97.0545
519.287 97.1547
519.653 97.256
520.019 97.3589
520.386 97.464
520.752 97.5722
521.118 97.6846
521.484 97.8028
521.851 97.9287
522.217 97.952
522.583 98.0848
522.949 98.2221
523.315 98.3544
523.682 98.4888
524.048 98.5898
524.414 98.6755
524.78 98.7474
525.146 98.8072
525.513 98.8564
525.879 98.8966
526.245 98.929
526.611 98.9549
526.977 98.9753
527.344 98.991
527.71 99.0025
528.076 99.0101
528.442 99.0138
528.809 98.9983
529.175 98.9921
529.541 98.9809
529.907 98.9263
530.273 98.9024
530.64 98.8767
531.006 98.85
531.372 98.8226
531.738 98.7943
532.104 98.7644
532.471 98.7322
532.837 98.697
533.203 98.6582
533.569 98.6158
533.935 98.5699
534.302 98.5209
534.668 98.4693
535.034 98.4154
535.4 98.3822
535.767 98.323
536.133 98.2143
536.499 98.1387
536.865 98.0533
537.231 97.955
537.598 97.8392
537.964 97.7004
538.33 97.5353
538.696 97.3664
539.062 97.2166
539.429 97.0836
539.795 96.9636
540.161 96.8541
540.527 96.7531
540.893 96.6593
541.26 96.5718
541.626 96.517
541.992 96.3937
542.358 96.3297
542.725 96.2749
543.091 96.2289
543.457 96.1906
543.823 96.159
544.189 96.133
544.556 96.1119
544.922 96.095
545.288 96.0817
545.654 96.0717
546.02 96.0647
546.387 96.0608
546.753 96.0598
547.119 96.0617
547.485 96.066
547.852 96.0721
548.218 96.0691
548.584 96.0733
548.95 96.077
549.316 96.08
549.683 96.0822
550.049 96.084
550.415 96.0856
550.781 96.0871
551.147 96.0888
551.514 96.0913
551.88 96.0964
552.246 96.1078
552.612 96.1319
552.978 96.1793
553.345 96.2443
553.711 96.2813
554.077 96.2937
554.443 96.2455
554.81 96.2049
555.176 96.1948
555.542 96.1753
555.908 96.1479
556.274 96.1137
556.641 96.0738
557.007 96.0287
557.373 95.9789
557.739 95.9246
558.105 95.8657
558.472 95.8016
558.838 95.732
559.204 95.6565
559.57 95.575
559.936 95.4873
560.303 95.3934
560.669 95.2376
561.035 95.126
561.401 95.06
561.768 94.9357
562.134 94.8042
562.5 94.6656
562.866 94.5207
563.232 94.3738
563.599 94.2327
563.965 94.1029
564.331 93.9851
564.697 93.8781
565.063 93.7802
565.43 93.69
565.796 93.6065
566.162 93.5292
566.528 93.4578
566.894 93.3647
567.261 93.3059
567.627 93.2511
567.993 93.2301
568.359 93.1803
568.726 93.1327
569.092 93.0869
569.458 93.0421
569.824 92.9977
570.19 92.953
570.557 92.9071
570.923 92.8592
571.289 92.809
571.655 92.7564
572.021 92.7016
572.388 92.6456
572.754 92.5793
573.12 92.5303
573.486 92.4869
573.852 92.4493
574.219 92.4618
574.585 92.4354
574.951 92.4133
575.317 92.3949
575.684 92.3797
576.05 92.3674
576.416 92.3577
576.782 92.3504
577.148 92.3451
577.515 92.3416
577.881 92.3397
578.247 92.3392
578.613 92.3399
578.979 92.3904
579.346 92.3941
579.712 92.3984
580.078 92.4029
580.444 92.4073
580.81 92.4536
581.177 92.4546
581.543 92.4532
581.909 92.4487
582.275 92.4405
582.642 92.4281
583.008 92.4118
583.374 92.3917
583.74 92.3683
584.106 92.3419
584.473 92.3129
584.839 92.2816
585.205 92.266
585.571 92.2298
585.937 92.1924
586.304 92.1539
586.67 92.1143
587.036 92.0737
587.402 92.0819
587.768 92.0391
588.135 91.9956
588.501 91.9511
588.867 91.9057
589.233 91.8592
589.6 91.8117
589.966 91.7635
590.332 91.7151
590.698 91.6673
591.064 91.621
591.431 91.5763
591.797 91.5389
592.163 91.5066
592.529 91.4804
592.895 91.4612
593.262 91.4497
593.628 91.4464
593.994 91.4669
594.36 91.474
594.727 91.4885
595.093 91.5092
595.459 91.5343
595.825 91.5618
596.191 91.5898
596.558 91.6173
596.924 91.6438
597.29 91.6694
597.656 91.7309
598.022 91.7566
598.389 91.7824
598.755 91.8085
599.121 91.8348
599.487 91.8612
599.853 91.8877
600.22 91.9141
600.586 91.9453
600.952 91.9697
601.318 91.9951
601.685 92.0231
602.051 92.0559
602.417 92.0966
602.783 92.1488
603.149 92.2164
603.516 92.3037
603.882 92.4584
604.248 92.6006
604.614 92.7488
604.98 92.8824
605.347 93.0028
605.713 93.113
606.079 93.2153
606.445 93.3115
606.811 93.364
607.178 93.4546
607.544 93.5412
607.91 93.6242
608.276 93.703
608.643 93.7767
609.009 93.8437
609.375 93.9031
609.741 93.9935
610.107 94.0356
610.474 94.0708
610.84 94.0999
611.206 94.1236
611.572 94.1427
611.938 94.1578
612.305 94.1696
612.671 94.1787
613.037 94.1859
613.403 94.2024
613.769 94.2068
614.136 94.2105
614.502 94.2141
614.868 94.2177
615.234 94.2214
615.601 94.2253
615.967 94.2383
616.333 94.2418
616.699 94.2471
617.065 94.2554
617.432 94.2678
617.798 94.2853
618.164 94.3085
618.53 94.3375
618.896 94.3719
619.263 94.411
619.629 94.453
619.995 94.4575
620.361 94.4973
620.727 94.5344
621.094 94.5661
621.46 94.5899
621.826 94.6037
622.192 94.5653
622.559 94.5501
622.925 94.5341
623.291 94.5227
623.657 94.5174
624.023 94.5179
624.39 94.5235
624.756 94.5337
625.122 94.5479
625.488 94.5658
625.854 94.5869
626.221 94.6109
626.587 94.6109
626.953 94.6382
627.319 94.6676
627.685 94.6993
628.052 94.7332
628.418 94.7714
628.784 94.8132
629.15 94.8606
629.517 94.9148
629.883 94.9764
630.249 95.046
630.615 95.1233
630.981 95.2084
631.348 95.3011
631.714 95.4005
632.08 95.5023
632.446 95.5994
632.812 95.6864
633.179 95.695
633.545 95.7681
633.911 95.8304
634.277 95.8831
634.643 95.9165
635.01 95.946
635.376 95.9657
635.742 95.9746
636.108 95.9722
636.475 95.9605
636.841 95.9476
637.207 95.9419
637.573 95.9462
637.939 95.9595
638.306 95.9805
638.672 96.0077
639.038 96.0399
639.404 96.0765
639.77 96.0922
640.137 96.137
640.503 96.2128
640.869 96.2684
641.235 96.3279
641.602 96.3914
641.968 96.4585
642.334 96.5286
642.7 96.6002
643.066 96.671
643.433 96.7388
643.799 96.8022
644.165 96.8601
644.531 96.9123
644.897 96.9592
645.264 97.0009
645.63 97.038
645.996 97.0758
646.362 97.1078
646.728 97.1713
647.095 97.1961
647.461 97.2181
647.827 97.2377
648.193 97.2547
648.56 97.269
648.926 97.2805
649.292 97.2887
649.658 97.2932
650.024 97.2935
650.391 97.2895
650.757 97.2813
651.123 97.2691
651.489 97.2532
651.855 97.2339
652.222 97.211
652.588 97.1974
652.954 97.1303
653.32 97.0741
653.686 97.0017
654.053 96.9004
654.419 96.7538
654.785 96.6633
655.151 96.6003
655.518 96.5551
655.884 96.5234
656.25 96.5025
656.616 96.4904
656.982 96.4855
657.349 96.4864
657.715 96.4921
658.081 96.5016
658.447 96.5141
658.813 96.5287
659.18 96.5319
659.546 96.5462
659.912 96.561
660.278 96.5767
660.644 96.594
661.011 96.6136
661.377 96.6362
661.743 96.6619
662.109 96.6905
662.476 96.7218
662.842 96.7552
663.208 96.79
663.574 96.8255
663.94 96.8611
664.307 96.8961
664.673 96.9298
665.039 96.9619
665.405 97.0068
665.771 97.0219
666.138 97.0502
666.504 97.0758
666.87 97.099
667.236 97.1198
667.602 97.1384
667.969 97.155
668.335 97.1696
668.701 97.1822
669.067 97.1931
669.434 97.2023
669.8 97.2103
670.166 97.2173
670.532 97.2233
670.898 97.2285
671.265 97.2327
671.631 97.2465
671.997 97.2483
672.363 97.2571
672.729 97.2572
673.096 97.2568
673.462 97.2564
673.828 97.2563
674.194 97.2567
674.56 97.2578
674.927 97.2597
675.293 97.2624
675.659 97.2653
676.025 97.2674
676.392 97.2677
676.758 97.2652
677.124 97.2593
677.49 97.2524
677.856 97.2395
678.223 97.2233
678.589 97.2262
678.955 97.2073
679.321 97.1862
679.687 97.1635
680.054 97.1399
680.42 97.1159
680.786 97.092
681.152 97.0686
681.518 97.0461
681.885 97.0249
682.251 97.005
682.617 96.9868
682.983 96.97
683.35 96.9547
683.716 96.9502
684.082 96.9365
684.448 96.9233
684.814 96.9104
685.181 96.915
685.547 96.9007
685.913 96.8867
686.279 96.8731
686.645 96.8604
687.012 96.8488
687.378 96.8382
687.744 96.8287
688.11 96.8198
688.477 96.8114
688.843 96.8029
689.209 96.7942
689.575 96.7848
689.941 96.7637
690.308 96.7519
690.674 96.7397
691.04 96.7273
691.406 96.7152
691.772 96.699
692.139 96.6874
692.505 96.6773
692.871 96.669
693.237 96.6625
693.603 96.6578
693.97 96.6547
694.336 96.6532
694.702 96.6533
695.068 96.6551
695.435 96.6591
695.801 96.6654
696.167 96.6755
696.533 96.688
696.899 96.7044
697.266 96.7255
697.632 96.7524
697.998 96.7861
698.364 96.7802
698.73 96.819
699.097 96.8618
699.463 96.9031
699.829 96.9391
700.195 96.9696
700.561 96.9953
700.928 97.0171
701.294 97.0358
701.66 97.0521
702.026 97.0667
702.393 97.0815
702.759 97.0961
703.125 97.1113
703.491 97.1274
703.857 97.1445
704.224 97.1624
704.59 97.181
704.956 97.1894
705.322 97.2085
705.688 97.2272
706.055 97.2451
706.421 97.2617
706.787 97.2767
707.153 97.2903
707.519 97.3029
707.886 97.3149
708.252 97.3434
708.618 97.3577
708.984 97.3732
709.351 97.3907
709.717 97.4107
710.083 97.4337
710.449 97.4601
710.815 97.49
711.182 97.5235
711.548 97.5518
711.914 97.5884
712.28 97.6281
712.646 97.671
713.013 97.7177
713.379 97.7693
713.745 97.8269
714.111 97.8916
714.477 97.9801
714.844 98.0502
715.21 98.1134
715.576 98.1677
715.942 98.2141
716.309 98.254
716.675 98.2885
717.041 98.3187
717.407 98.3449
717.773 98.3715
718.14 98.3945
718.506 98.4137
718.872 98.4291
719.238 98.4408
719.604 98.449
719.971 98.454
720.337 98.456
720.703 98.4798
721.069 98.4775
721.435 98.4739
721.802 98.4695
722.168 98.4647
722.534 98.4597
722.9 98.455
723.267 98.4508
723.633 98.4473
723.999 98.4446
724.365 98.4711
724.731 98.4693
725.098 98.4683
725.464 98.468
725.83 98.4683
726.196 98.4693
726.562 98.4709
726.929 98.501
727.295 98.5056
727.661 98.5122
728.027 98.5209
728.393 98.5321
728.76 98.5462
729.126 98.5631
729.492 98.583
729.858 98.6061
730.225 98.6323
730.591 98.6616
730.957 98.6912
731.323 98.723
731.689 98.7587
732.056 98.7991
732.422 98.8454
732.788 98.8993
733.154 98.9905
733.52 99.0666
733.887 99.1597
734.253 99.2806
734.619 99.4435
734.985 99.5574
735.352 99.6476
735.718 99.7224
736.084 99.7855
736.45 99.839
736.816 99.8844
737.183 99.9228
737.549 99.9353
737.915 99.9651
738.281 99.9897
738.647 100.01
739.014 100.027
739.38 100.043
739.746 100.057
740.112 100.071
740.478 100.087
740.845 100.105
741.211 100.124
741.577 100.144
741.943 100.165
742.31 100.186
742.676 100.206
743.042 100.226
743.408 100.245
743.774 100.262
744.141 100.269
744.507 100.285
744.873 100.299
745.239 100.319
745.605 100.331
745.972 100.343
746.338 100.356
746.704 100.368
747.07 100.381
747.436 100.395
747.803 100.409
748.169 100.424
748.535 100.44
748.901 100.456
749.268 100.473
749.634 100.49
750 100.508
750.366 100.523
750.732 100.541
751.099 100.559
751.465 100.593
751.831 100.612
752.197 100.631
752.563 100.65
752.93 100.669
753.296 100.688
753.662 100.707
754.028 100.727
754.394 100.748
754.761 100.771
755.127 100.794
755.493 100.819
755.859 100.844
756.226 100.871
756.592 100.9
756.958 100.915
757.324 100.944
757.69 100.99
758.057 101.02
758.423 101.05
758.789 101.081
759.155 101.111
759.521 101.141
759.888 101.17
760.254 101.199
760.62 101.227
760.986 101.254
761.352 101.281
761.719 101.308
762.085 101.334
762.451 101.36
762.817 101.386
763.184 101.412
763.55 101.425
763.916 101.466
764.282 101.493
764.648 101.519
765.015 101.544
765.381 101.569
765.747 101.592
766.113 101.614
766.479 101.634
766.846 101.655
767.212 101.675
767.578 101.695
767.944 101.716
768.31 101.738
768.677 101.76
769.043 101.784
769.409 101.808
769.775 101.833
770.142 101.842
770.508 101.865
770.874 101.887
771.24 101.908
771.606 101.929
771.973 101.948
772.339 101.966
772.705 101.983
773.071 101.998
773.437 102.012
773.804 102.025
774.17 102.036
774.536 102.046
774.902 102.054
775.268 102.06
775.635 102.065
776.001 102.03
776.367 102.024
776.733 101.978
777.1 101.96
777.466 101.933
777.832 101.892
778.198 101.83
778.564 101.732
778.931 101.635
779.297 101.567
779.663 101.512
780.029 101.466
780.395 101.426
780.762 101.392
781.128 101.361
781.494 101.333
781.86 101.309
782.227 101.248
782.593 101.231
782.959 101.216
783.325 101.184
783.691 101.174
784.058 101.168
784.424 101.166
784.79 101.166
785.156 101.168
785.522 101.171
785.889 101.176
786.255 101.181
786.621 101.188
786.987 101.196
787.353 101.206
787.72 101.217
788.086 101.228
788.452 101.237
788.818 101.25
789.185 101.261
789.551 101.26
789.917 101.271
790.283 101.28
790.649 101.288
791.016 101.295
791.382 101.3
791.748 101.303
792.114 101.305
792.48 101.305
792.847 101.303
793.213 101.3
793.579 101.296
793.945 101.292
794.311 101.288
794.678 101.28
795.044 101.278
795.41 101.276
795.776 101.273
796.143 101.273
796.509 101.27
796.875 101.265
797.241 101.259
797.607 101.25
797.974 101.24
798.34 101.228
798.706 101.214
799.072 101.199
799.438 101.183
799.805 101.166
800.171 101.149
800.537 101.133
800.903 101.104
801.269 101.086
801.636 101.067
802.002 101.048
802.368 101.028
802.734 101.011
803.101 100.987
803.467 100.961
803.833 100.931
804.199 100.898
804.565 100.859
804.932 100.817
805.298 100.77
805.664 100.719
806.03 100.664
806.396 100.606
806.763 100.543
807.129 100.427
807.495 100.361
807.861 100.299
808.227 100.242
808.594 100.189
808.96 100.14
809.326 100.109
809.692 100.066
810.059 100.026
810.425 99.9867
810.791 99.9487
811.157 99.9114
811.523 99.8743
811.89 99.8373
812.256 99.8002
812.622 99.7629
812.988 99.7065
813.354 99.669
813.721 99.6314
814.087 99.5939
814.453 99.5566
814.819 99.5195
815.185 99.4826
815.552 99.4459
815.918 99.4302
816.284 99.3946
816.65 99.3594
817.017 99.3246
817.383 99.2905
817.749 99.2572
818.115 99.2248
818.481 99.1934
818.848 99.163
819.214 99.1313
819.58 99.1036
819.946 99.0767
820.312 99.0504
820.679 99.0244
821.045 98.9983
821.411 98.9717
821.777 98.9443
822.143 98.9398
822.51 98.9108
822.876 98.881
823.242 98.8508
823.608 98.8205
823.975 98.7903
824.341 98.7608
824.707 98.7324
825.073 98.7056
825.439 98.6829
825.806 98.663
826.172 98.6463
826.538 98.6331
826.904 98.6234
827.27 98.6173
827.637 98.6144
828.003 98.6145
828.369 98.6171
828.735 98.6318
829.102 98.6363
829.468 98.6419
829.834 98.6481
830.2 98.6543
830.566 98.66
830.933 98.6646
831.299 98.6677
831.665 98.677
832.031 98.6763
832.397 98.6738
832.764 98.6695
833.13 98.6633
833.496 98.6551
833.862 98.645
834.228 98.6329
834.595 98.6191
834.961 98.6035
835.327 98.5982
835.693 98.5788
836.06 98.5576
836.426 98.535
836.792 98.5114
837.158 98.4877
837.524 98.4642
837.891 98.4362
838.257 98.4158
838.623 98.3958
838.989 98.376
839.355 98.3563
839.722 98.3366
840.088 98.3168
840.454 98.2968
840.82 98.2765
841.186 98.2555
841.553 98.2336
841.919 98.2323
842.285 98.2075
842.651 98.1803
843.018 98.1501
843.384 98.1164
843.75 98.0584
844.116 98.0105
844.482 97.9581
844.849 97.9042
845.215 97.8532
845.581 97.8074
845.947 97.7672
846.313 97.7318
846.68 97.7002
847.046 97.6718
847.412 97.6458
847.778 97.622
848.144 97.6
848.511 97.6057
848.877 97.5865
849.243 97.5681
849.609 97.5502
849.976 97.5413
850.342 97.5235
850.708 97.5055
851.074 97.4874
851.44 97.4692
851.807 97.4512
852.173 97.4334
852.539 97.4162
852.905 97.3997
853.271 97.3843
853.638 97.37
854.004 97.3569
854.37 97.3451
854.736 97.3343
855.102 97.3495
855.469 97.3398
855.835 97.3303
856.201 97.3357
856.567 97.3246
856.934 97.3123
857.3 97.2987
857.666 97.2837
858.032 97.267
858.398 97.2487
858.765 97.2284
859.131 97.2058
859.497 97.1804
859.863 97.1519
860.229 97.1206
860.596 97.0868
860.962 97.0519
861.328 97.0425
861.694 97.0091
862.06 96.9777
862.427 96.9464
862.793 96.921
863.159 96.8972
863.525 96.8749
863.892 96.8538
864.258 96.8337
864.624 96.8146
864.99 96.7963
865.356 96.7789
865.723 96.7626
866.089 96.7475
866.455 96.734
866.821 96.7222
867.187 96.7125
867.554 96.7052
867.92 96.7074
868.286 96.7038
868.652 96.7091
869.018 96.7133
869.385 96.7208
869.751 96.7312
870.117 96.7443
870.483 96.7599
870.85 96.7779
871.216 96.7984
871.582 96.8217
871.948 96.8484
872.314 96.8798
872.681 96.9174
873.047 96.9643
873.413 97.026
873.779 97.1173
874.145 97.204
874.512 97.1964
874.878 97.2496
875.244 97.2977
875.61 97.3385
875.977 97.3746
876.343 97.4075
876.709 97.4381
877.075 97.4672
877.441 97.4951
877.808 97.5221
878.174 97.5482
878.54 97.5732
878.906 97.5969
879.272 97.6193
879.639 97.6402
880.005 97.6595
880.371 97.6775
880.737 97.701
881.103 97.7082
881.47 97.7232
881.836 97.7359
882.202 97.7461
882.568 97.7534
882.935 97.7574
883.301 97.7581
883.667 97.7554
884.033 97.7495
884.399 97.7405
884.766 97.7285
885.132 97.7138
885.498 97.6962
885.864 97.6759
886.23 97.6527
886.597 97.6268
886.963 97.5795
887.329 97.5469
887.695 97.5242
888.061 97.4893
888.428 97.4544
888.794 97.4204
889.16 97.3882
889.526 97.358
889.893 97.3298
890.259 97.3032
890.625 97.2775
890.991 97.2521
891.357 97.227
891.724 97.202
892.09 97.1775
892.456 97.1535
892.822 97.1302
893.188 97.1012
893.555 97.0815
893.921 97.0779
894.287 97.0601
894.653 97.0429
895.019 97.0264
895.386 97.0103
895.752 96.9949
896.118 96.9802
896.484 96.9662
896.851 96.953
897.217 96.9406
897.583 96.9289
897.949 96.9179
898.315 96.9077
898.682 96.898
899.048 96.8888
899.414 96.8721
899.78 96.8608
900.146 96.848
900.513 96.8336
900.879 96.8162
901.245 96.7977
901.611 96.7802
901.977 96.766
902.344 96.7571
902.71 96.7543
903.076 96.7578
903.442 96.7672
903.809 96.782
904.175 96.8015
904.541 96.8253
904.907 96.8529
905.273 96.8839
905.64 96.9176
906.006 96.9495
906.372 96.9783
906.738 97.0015
907.104 96.991
907.471 97.0029
907.837 97.0062
908.203 97.0005
908.569 96.9856
908.935 96.9623
909.302 96.934
909.668 96.9064
910.034 96.8832
910.4 96.865
910.767 96.8512
911.133 96.841
911.499 96.8222
911.865 96.819
912.231 96.8173
912.598 96.8169
912.964 96.8176
913.33 96.8193
913.696 96.8152
914.062 96.8189
914.429 96.8234
914.795 96.8288
915.161 96.8351
915.527 96.8423
915.893 96.8503
916.26 96.8589
916.626 96.868
916.992 96.8771
917.358 96.886
917.725 96.9039
918.091 96.9121
918.457 96.9195
918.823 96.926
919.189 96.9318
919.556 96.9372
919.922 96.9422
920.288 96.9533
920.654 96.9586
921.02 96.9639
921.387 96.9695
921.753 96.9754
922.119 96.9817
922.485 96.9882
922.852 96.9947
923.218 97.0007
923.584 97.0058
923.95 97.0122
924.316 97.0108
924.683 97.0059
925.049 96.9968
925.415 96.9827
925.781 96.9629
926.147 96.9369
926.514 96.9045
926.88 96.8759
927.246 96.8349
927.612 96.791
927.978 96.7455
928.345 96.699
928.711 96.6513
929.077 96.6024
929.443 96.5519
929.81 96.4995
930.176 96.4096
930.542 96.351
930.908 96.2899
931.274 96.226
931.641 96.159
932.007 96.0897
932.373 96.0196
932.739 95.9517
933.105 95.9051
933.472 95.8463
933.838 95.7926
934.204 95.7432
934.57 95.6972
934.936 95.6538
935.303 95.6121
935.669 95.5714
936.035 95.5315
936.401 95.4643
936.768 95.4277
937.134 95.3939
937.5 95.3634
937.866 95.3359
938.232 95.3112
938.599 95.2886
938.965 95.2674
939.331 95.2468
939.697 95.2297
940.063 95.2112
940.43 95.1936
940.796 95.1769
941.162 95.1613
941.528 95.147
941.894 95.1339
942.261 95.1218
942.627 95.1125
942.993 95.1036
943.359 95.0959
943.726 95.0894
944.092 95.0844
944.458 95.081
944.824 95.0793
945.19 95.0795
945.557 95.0817
945.923 95.0864
946.289 95.0938
946.655 95.1005
947.021 95.11
947.388 95.1227
947.754 95.1386
948.12 95.157
948.486 95.1739
948.852 95.1868
949.219 95.1936
949.585 95.194
949.951 95.1885
950.317 95.1776
950.684 95.1621
951.05 95.1426
951.416 95.1193
951.782 95.0929
952.148 95.0636
952.515 95.032
952.881 95.0145
953.247 94.981
953.613 94.9473
953.979 94.9139
954.346 94.8812
954.712 94.8357
955.078 94.8063
955.444 94.7778
955.81 94.7501
956.177 94.7227
956.543 94.6955
956.909 94.6681
957.275 94.6401
957.642 94.6113
958.008 94.5811
958.374 94.5493
958.74 94.5157
959.106 94.4803
959.473 94.4666
959.839 94.4294
960.205 94.3917
960.571 94.3535
960.937 94.3004
961.304 94.2618
961.67 94.2241
962.036 94.1881
962.402 94.1545
962.768 94.1239
963.135 94.0964
963.501 94.0722
963.867 94.0515
964.233 94.0344
964.6 94.0209
964.966 94.0109
965.332 94.004
965.698 94.0025
966.064 93.9975
966.431 93.9933
966.797 93.9884
967.163 93.9764
967.529 93.9657
967.895 93.9516
968.262 93.9341
968.628 93.9132
968.994 93.889
969.36 93.8618
969.727 93.832
970.093 93.8002
970.459 93.7673
970.825 93.7345
971.191 93.7032
971.558 93.6747
971.924 93.6499
972.29 93.6396
972.656 93.6218
973.022 93.607
973.389 93.5954
973.755 93.5864
974.121 93.5779
974.487 93.5691
974.853 93.5594
975.22 93.5483
975.586 93.5354
975.952 93.5206
976.318 93.5041
976.685 93.4859
977.051 93.4663
977.417 93.4457
977.783 93.4243
978.149 93.4027
978.516 93.3809
978.882 93.3726
979.248 93.3384
979.614 93.3138
979.98 93.2891
980.347 93.2641
980.713 93.2388
981.079 93.2127
981.445 93.1851
981.811 93.1553
982.178 93.1223
982.544 93.0855
982.91 93.0439
983.276 92.9965
983.643 92.9417
984.009 92.8768
984.375 92.7979
984.741 92.7084
985.107 92.6304
985.474 92.5506
985.84 92.5015
986.206 92.4565
986.572 92.4143
986.938 92.3736
987.305 92.3336
987.671 92.2931
988.037 92.251
988.403 92.2064
988.769 92.1583
989.136 92.1061
989.502 92.0497
989.868 91.9899
990.234 91.9287
990.601 91.8686
990.967 91.8111
991.333 91.7565
991.699 91.674
992.065 91.6436
992.432 91.5926
992.798 91.5426
993.164 91.4945
993.53 91.4495
993.896 91.4091
994.263 91.3743
994.629 91.346
994.995 91.3246
995.361 91.3103
995.727 91.3029
996.094 91.3019
996.46 91.3066
996.826 91.3161
997.192 91.3295
997.559 91.3458
997.925 91.381
998.291 91.4014
998.657 91.4208
999.023 91.442
999.39 91.463
999.756 91.4836
1000.12 91.5037
1000.49 91.523
1000.85 91.5413
1001.22 91.5582
1001.59 91.5736
1001.95 91.5874
1002.32 91.5995
1002.69 91.61
1003.05 91.6188
1003.42 91.6262
1003.78 91.6325
1004.15 91.6583
1004.52 91.6629
1004.88 91.6828
1005.25 91.6868
1005.62 91.6905
1005.98 91.6939
1006.35 91.6971
1006.71 91.6999
1007.08 91.7021
1007.45 91.7035
1007.81 91.7036
1008.18 91.7022
1008.54 91.6991
1008.91 91.6943
1009.28 91.6884
1009.64 91.6824
1010.01 91.6775
1010.38 91.6786
1010.74 91.68
1011.11 91.685
1011.47 91.692
1011.84 91.701
1012.21 91.7111
1012.57 91.7202
1012.94 91.7268
1013.31 91.7305
1013.67 91.7314
1014.04 91.7301
1014.4 91.7274
1014.77 91.7241
1015.14 91.7207
1015.5 91.7179
1015.87 91.7161
1016.24 91.7332
1016.6 91.7345
1016.97 91.7372
1017.33 91.7416
1017.7 91.7477
1018.07 91.7628
1018.43 91.7697
1018.8 91.779
1019.16 91.7912
1019.53 91.807
1019.9 91.8268
1020.26 91.85
1020.63 91.8737
1021 91.8926
1021.36 91.9034
1021.73 91.9053
1022.09 91.8985
1022.46 91.8614
1022.83 91.8289
1023.19 91.784
1023.56 91.7258
1023.93 91.6614
1024.29 91.6014
1024.66 91.5566
1025.02 91.5034
1025.39 91.4484
1025.76 91.3878
1026.12 91.3165
1026.49 91.2332
1026.86 91.1629
1027.22 91.1081
1027.59 91.0639
1027.95 91.0274
1028.32 90.9965
1028.69 90.9708
1029.05 90.951
1029.42 90.9329
1029.79 90.9162
1030.15 90.9007
1030.52 90.8864
1030.88 90.8731
1031.25 90.8888
1031.62 90.8776
1031.98 90.8671
1032.35 90.8574
1032.71 90.8481
1033.08 90.8394
1033.45 90.8311
1033.81 90.8231
1034.18 90.8156
1034.55 90.8085
1034.91 90.8239
1035.28 90.8182
1035.64 90.8134
1036.01 90.8097
1036.38 90.8074
1036.74 90.8065
1037.11 90.8072
1037.48 90.8292
1037.84 90.8313
1038.21 90.8356
1038.57 90.8425
1038.94 90.8525
1039.31 90.8661
1039.67 90.8835
1040.04 90.905
1040.41 90.9301
1040.77 90.9576
1041.14 91.0033
1041.5 91.031
1041.87 91.0576
1042.24 91.0831
1042.6 91.1078
1042.97 91.1322
1043.33 91.1567
1043.7 91.1817
1044.07 91.1917
1044.43 91.2166
1044.8 91.243
1045.17 91.2713
1045.53 91.3018
1045.9 91.3352
1046.26 91.3711
1046.63 91.4082
1047 91.4496
1047.36 91.4831
1047.73 91.513
1048.1 91.5396
1048.46 91.5636
1048.83 91.5858
1049.19 91.6072
1049.56 91.6287
1049.93 91.6511
1050.29 91.6747
1050.66 91.6856
1051.03 91.7108
1051.39 91.7367
1051.76 91.7625
1052.12 91.7876
1052.49 91.812
1052.86 91.8354
1053.22 91.8713
1053.59 91.8926
1053.95 91.9125
1054.32 91.9309
1054.69 91.9474
1055.05 91.9614
1055.42 91.9726
1055.79 91.9808
1056.15 91.9861
1056.52 91.9888
1056.88 91.9896
1057.25 91.9972
1057.62 91.9966
1057.98 91.9948
1058.35 91.9918
1058.72 91.9875
1059.08 91.9816
1059.45 91.9797
1059.81 91.9697
1060.18 91.9583
1060.55 91.9463
1060.91 91.934
1061.28 91.922
1061.65 91.9108
1062.01 91.9006
1062.38 91.8918
1062.74 91.8847
1063.11 91.8796
1063.48 91.8765
1063.84 91.8867
1064.21 91.8863
1064.58 91.8877
1064.94 91.8908
1065.31 91.8952
1065.67 91.9131
1066.04 91.9199
1066.41 91.9277
1066.77 91.9364
1067.14 91.946
1067.5 91.9562
1067.87 91.9672
1068.24 91.9788
1068.6 91.9912
1068.97 92.0043
1069.34 92.0178
1069.7 92.0313
1070.07 92.0443
1070.43 92.0496
1070.8 92.0606
1071.17 92.07
1071.53 92.0775
1071.9 92.0847
1072.27 92.0896
1072.63 92.0943
1073 92.0993
1073.36 92.105
1073.73 92.1116
1074.1 92.1191
1074.46 92.1276
1074.83 92.1372
1075.2 92.1479
1075.56 92.1599
1075.93 92.1733
1076.29 92.1882
1076.66 92.1989
1077.03 92.2155
1077.39 92.2331
1077.76 92.2637
1078.12 92.2829
1078.49 92.3027
1078.86 92.3231
1079.22 92.3439
1079.59 92.3647
1079.96 92.3849
1080.32 92.4041
1080.69 92.4218
1081.05 92.4381
1081.42 92.453
1081.79 92.4667
1082.15 92.4795
1082.52 92.4917
1082.89 92.5035
1083.25 92.5186
1083.62 92.5305
1083.98 92.5576
1084.35 92.5697
1084.72 92.5818
1085.08 92.5937
1085.45 92.6053
1085.82 92.6162
1086.18 92.6263
1086.55 92.6355
1086.91 92.6434
1087.28 92.6498
1087.65 92.6542
1088.01 92.6559
1088.38 92.6546
1088.74 92.6504
1089.11 92.6447
1089.48 92.6394
1089.84 92.6212
1090.21 92.6067
1090.58 92.6071
1090.94 92.6058
1091.31 92.6019
1091.67 92.5955
1092.04 92.5869
1092.41 92.5768
1092.77 92.5659
1093.14 92.5549
1093.51 92.5445
1093.87 92.5353
1094.24 92.5278
1094.6 92.5224
1094.97 92.5194
1095.34 92.5189
1095.7 92.521
1096.07 92.5255
1096.44 92.5417
1096.8 92.5499
1097.17 92.5598
1097.53 92.5714
1097.9 92.5846
1098.27 92.5995
1098.63 92.6161
1099 92.6348
1099.37 92.6557
1099.73 92.6791
1100.1 92.7049
1100.46 92.7331
1100.83 92.7635
1101.2 92.7959
1101.56 92.8302
1101.93 92.8662
1102.29 92.9041
1102.66 92.9582
1103.03 92.9718
1103.39 93.0118
1103.76 93.0547
1104.13 93.102
1104.49 93.1564
1104.86 93.2216
1105.22 93.2951
1105.59 93.3577
1105.96 93.4087
1106.32 93.4522
1106.69 93.4909
1107.06 93.5265
1107.42 93.5602
1107.79 93.5932
1108.15 93.6263
1108.52 93.6601
1108.89 93.71
1109.25 93.7246
1109.62 93.7624
1109.99 93.803
1110.35 93.8472
1110.72 93.8951
1111.08 93.9461
1111.45 93.9984
1111.82 94.05
1112.18 94.0996
1112.55 94.1468
1112.91 94.1921
1113.28 94.2361
1113.65 94.279
1114.01 94.3211
1114.38 94.3619
1114.75 94.4011
1115.11 94.4341
1115.48 94.4628
1115.84 94.458
1116.21 94.4809
1116.58 94.4995
1116.94 94.5138
1117.31 94.5239
1117.68 94.53
1118.04 94.5322
1118.41 94.5307
1118.77 94.5259
1119.14 94.5178
1119.51 94.5067
1119.87 94.4927
1120.24 94.476
1120.61 94.4564
1120.97 94.417
1121.34 94.3871
1121.7 94.3524
1122.07 94.3134
1122.44 94.2836
1122.8 94.2444
1123.17 94.2087
1123.54 94.1772
1123.9 94.1498
1124.27 94.1259
1124.63 94.1053
1125 94.0874
1125.37 94.0718
1125.73 94.0582
1126.1 94.0463
1126.46 94.0362
1126.83 94.0276
1127.2 94.0262
1127.56 94.0216
1127.93 94.0182
1128.3 94.0159
1128.66 94.0147
1129.03 94.0249
1129.39 94.0257
1129.76 94.0277
1130.13 94.0312
1130.49 94.0362
1130.86 94.043
1131.23 94.0521
1131.59 94.0636
1131.96 94.0779
1132.32 94.0948
1132.69 94.1141
1133.06 94.135
1133.42 94.1743
1133.79 94.1959
1134.16 94.2165
1134.52 94.2358
1134.89 94.2533
1135.25 94.2689
1135.62 94.2825
1135.99 94.2951
1136.35 94.3059
1136.72 94.3152
1137.08 94.3232
1137.45 94.33
1137.82 94.3358
1138.18 94.3405
1138.55 94.3443
1138.92 94.3471
1139.28 94.3494
1139.65 94.3604
1140.01 94.363
1140.38 94.3656
1140.75 94.3683
1141.11 94.3713
1141.48 94.3744
1141.85 94.3858
1142.21 94.3888
1142.58 94.3919
1142.94 94.3951
1143.31 94.3984
1143.68 94.4016
1144.04 94.4047
1144.41 94.4077
1144.78 94.411
1145.14 94.415
1145.51 94.4216
1145.87 94.4289
1146.24 94.4389
1146.61 94.4522
1146.97 94.4694
1147.34 94.4911
1147.7 94.5183
1148.07 94.5528
1148.44 94.5536
1148.8 94.5975
1149.17 94.6526
1149.54 94.7129
1149.9 94.7696
1150.27 94.8228
1150.63 94.8752
1151 94.9299
1151.37 94.99
1151.73 95.0697
1152.1 95.1512
1152.47 95.2211
1152.83 95.2768
1153.2 95.3223
1153.56 95.3601
1153.93 95.3918
1154.3 95.4185
1154.66 95.441
1155.03 95.4516
1155.4 95.47
1155.76 95.4854
1156.13 95.4983
1156.49 95.5091
1156.86 95.5182
1157.23 95.5257
1157.59 95.5319
1157.96 95.545
1158.33 95.5503
1158.69 95.5558
1159.06 95.5617
1159.42 95.5681
1159.79 95.5751
1160.16 95.5827
1160.52 95.5908
1160.89 95.5993
1161.25 95.6082
1161.62 95.6236
1161.99 95.6327
1162.35 95.6414
1162.72 95.6498
1163.09 95.6575
1163.45 95.6644
1163.82 95.6707
1164.18 95.688
1164.55 95.6926
1164.92 95.6971
1165.28 95.7017
1165.65 95.7067
1166.02 95.7123
1166.38 95.7187
1166.75 95.7256
1167.11 95.7333
1167.48 95.7414
1167.85 95.7499
1168.21 95.7616
1168.58 95.7711
1168.95 95.7812
1169.31 95.792
1169.68 95.8036
1170.04 95.8162
1170.41 95.8439
1170.78 95.8589
1171.14 95.875
1171.51 95.8922
1171.87 95.9105
1172.24 95.9298
1172.61 95.95
1172.97 95.9709
1173.34 95.9924
1173.71 96.0142
1174.07 96.0359
1174.44 96.0572
1174.8 96.0694
1175.17 96.0887
1175.54 96.1066
1175.9 96.123
1176.27 96.1376
1176.64 96.1558
1177 96.1663
1177.37 96.1754
1177.73 96.1834
1178.1 96.1903
1178.47 96.1963
1178.83 96.2013
1179.2 96.2053
1179.57 96.2082
1179.93 96.2101
1180.3 96.2108
1180.66 96.2104
1181.03 96.209
1181.4 96.207
1181.76 96.2041
1182.13 96.2009
1182.49 96.195
1182.86 96.1924
1183.23 96.1906
1183.59 96.1897
1183.96 96.1897
1184.33 96.1905
1184.69 96.192
1185.06 96.1939
1185.42 96.1959
1185.79 96.1975
1186.16 96.1984
1186.52 96.1983
1186.89 96.197
1187.26 96.1946
1187.62 96.187
1187.99 96.1828
1188.35 96.1783
1188.72 96.1654
1189.09 96.1625
1189.45 96.1609
1189.82 96.1602
1190.19 96.1601
1190.55 96.1603
1190.92 96.1605
1191.28 96.1606
1191.65 96.1605
1192.02 96.1602
1192.38 96.1598
1192.75 96.1595
1193.12 96.1593
1193.48 96.1594
1193.85 96.16
1194.21 96.1594
1194.58 96.1615
1194.95 96.1667
1195.31 96.171
1195.68 96.176
1196.04 96.1818
1196.41 96.1886
1196.78 96.1964
1197.14 96.2055
1197.51 96.2158
1197.88 96.2275
1198.24 96.2406
1198.61 96.2551
1198.97 96.2708
1199.34 96.2875
1199.71 96.3049
1200.07 96.3229
1200.44 96.3412
1200.81 96.3538
1201.17 96.3843
1201.54 96.4025
1201.9 96.4208
1202.27 96.4392
1202.64 96.4576
1203 96.4755
1203.37 96.4925
1203.74 96.5082
1204.1 96.5222
1204.47 96.5341
1204.83 96.5438
1205.2 96.5512
1205.57 96.5566
1205.93 96.5605
1206.3 96.5632
1206.66 96.5653
1207.03 96.5669
1207.4 96.5644
1207.76 96.566
1208.13 96.5673
1208.5 96.5681
1208.86 96.5683
1209.23 96.5675
1209.59 96.5655
1209.96 96.5621
1210.33 96.5571
1210.69 96.5502
1211.06 96.5415
1211.43 96.5306
1211.79 96.5173
1212.16 96.5013
1212.52 96.4824
1212.89 96.4608
1213.26 96.4154
1213.62 96.3944
1213.99 96.3722
1214.36 96.3524
1214.72 96.3354
1215.09 96.3213
1215.45 96.3099
1215.82 96.3009
1216.19 96.2942
1216.55 96.2893
1216.92 96.2861
1217.29 96.2845
1217.65 96.2845
1218.02 96.2861
1218.38 96.2893
1218.75 96.2943
1219.12 96.3012
1219.48 96.3152
1219.85 96.3267
1220.21 96.3315
1220.58 96.3462
1220.95 96.3645
1221.31 96.3873
1221.68 96.4148
1222.05 96.4469
1222.41 96.4819
1222.78 96.5173
1223.14 96.5513
1223.51 96.5833
1223.88 96.6137
1224.24 96.6428
1224.61 96.671
1224.98 96.6987
1225.34 96.7257
1225.71 96.7587
1226.07 96.7831
1226.44 96.8055
1226.81 96.8095
1227.17 96.8284
1227.54 96.8447
1227.91 96.8583
1228.27 96.8693
1228.64 96.878
1229 96.8848
1229.37 96.8901
1229.74 96.8944
1230.1 96.8983
1230.47 96.902
1230.83 96.9057
1231.2 96.9096
1231.57 96.9136
1231.93 96.9194
1232.3 96.9229
1232.67 96.9256
1233.03 96.9271
1233.4 96.9268
1233.76 96.9254
1234.13 96.9216
1234.5 96.9152
1234.86 96.9057
1235.23 96.893
1235.6 96.8771
1235.96 96.858
1236.33 96.8361
1236.69 96.8123
1237.06 96.788
1237.43 96.7646
1237.79 96.7434
1238.16 96.7112
1238.53 96.6976
1238.89 96.6864
1239.26 96.677
1239.62 96.6691
1239.99 96.6616
1240.36 96.6555
1240.72 96.6502
1241.09 96.6454
1241.45 96.6408
1241.82 96.636
1242.19 96.631
1242.55 96.6256
1242.92 96.6198
1243.29 96.6136
1243.65 96.6069
1244.02 96.5998
1244.38 96.5902
1244.75 96.5823
1245.12 96.5741
1245.48 96.5655
1245.85 96.5567
1246.22 96.5476
1246.58 96.5443
1246.95 96.5347
1247.31 96.5248
1247.68 96.515
1248.05 96.5053
1248.41 96.4959
1248.78 96.4871
1249.15 96.4791
1249.51 96.4721
1249.88 96.4663
1250.24 96.4582
1250.61 96.4554
1250.98 96.4542
1251.34 96.4546
1251.71 96.4564
1252.08 96.4594
1252.44 96.4632
1252.81 96.4569
1253.17 96.4601
1253.54 96.4631
1253.91 96.4657
1254.27 96.4678
1254.64 96.47
1255 96.4726
1255.37 96.4762
1255.74 96.4813
1256.1 96.4881
1256.47 96.4941
1256.84 96.5053
1257.2 96.5181
1257.57 96.5327
1257.93 96.5493
1258.3 96.5683
1258.67 96.5902
1259.03 96.6156
1259.4 96.613
1259.77 96.6411
1260.13 96.6706
1260.5 96.6985
1260.86 96.7229
1261.23 96.7431
1261.6 96.7593
1261.96 96.7717
1262.33 96.7807
1262.7 96.7808
1263.06 96.7836
1263.43 96.7842
1263.79 96.7828
1264.16 96.7798
1264.53 96.7752
1264.89 96.7694
1265.26 96.7624
1265.62 96.7543
1265.99 96.7454
1266.36 96.7365
1266.72 96.7268
1267.09 96.7165
1267.46 96.7055
1267.82 96.6939
1268.19 96.6817
1268.55 96.6689
1268.92 96.6476
1269.29 96.6337
1269.65 96.6191
1270.02 96.6035
1270.39 96.587
1270.75 96.5697
1271.12 96.5519
1271.48 96.534
1271.85 96.5163
1272.22 96.4993
1272.58 96.4929
1272.95 96.4777
1273.32 96.4637
1273.68 96.4513
1274.05 96.4406
1274.41 96.4316
1274.78 96.4243
1275.15 96.4198
1275.51 96.4166
1275.88 96.4149
1276.24 96.4146
1276.61 96.4154
1276.98 96.4172
1277.34 96.4194
1277.71 96.4217
1278.08 96.4236
1278.44 96.4244
1278.81 96.4239
1279.17 96.4246
1279.54 96.4214
1279.91 96.4166
1280.27 96.4103
1280.64 96.4029
1281.01 96.3917
1281.37 96.3833
1281.74 96.3753
1282.1 96.3678
1282.47 96.3612
1282.84 96.3555
1283.2 96.3508
1283.57 96.347
1283.94 96.344
1284.3 96.3416
1284.67 96.3396
1285.03 96.3378
1285.4 96.3326
1285.77 96.3301
1286.13 96.3274
1286.5 96.3246
1286.87 96.3217
1287.23 96.3135
1287.6 96.3118
1287.96 96.3106
1288.33 96.3097
1288.7 96.3088
1289.06 96.3076
1289.43 96.3058
1289.79 96.3031
1290.16 96.2992
1290.53 96.2939
1290.89 96.2871
1291.26 96.2788
1291.63 96.2689
1291.99 96.2613
1292.36 96.2496
1292.72 96.2364
1293.09 96.2218
1293.46 96.1966
1293.82 96.1796
1294.19 96.1621
1294.56 96.1442
1294.92 96.1259
1295.29 96.1072
1295.65 96.0881
1296.02 96.0687
1296.39 96.0489
1296.75 96.0289
1297.12 96.0087
1297.49 95.9883
1297.85 95.9678
1298.22 95.9476
1298.58 95.9339
1298.95 95.9153
1299.32 95.8979
1299.68 95.8721
1300.05 95.8573
1300.41 95.8426
1300.78 95.8276
1301.15 95.8121
1301.51 95.7957
1301.88 95.7784
1302.25 95.7597
1302.61 95.7398
1302.98 95.7187
1303.34 95.6964
1303.71 95.6734
1304.08 95.65
1304.44 95.6264
1304.81 95.603
1305.18 95.5932
1305.54 95.5708
1305.91 95.5417
1306.27 95.5228
1306.64 95.5056
1307.01 95.4902
1307.37 95.4763
1307.74 95.4639
1308.11 95.4527
1308.47 95.4425
1308.84 95.4332
1309.2 95.4246
1309.57 95.4166
1309.94 95.4091
1310.3 95.4018
1310.67 95.3945
1311.04 95.3871
1311.4 95.3794
1311.77 95.3834
1312.13 95.3797
1312.5 95.3718
1312.87 95.3642
1313.23 95.357
1313.6 95.3502
1313.96 95.344
1314.33 95.3383
1314.7 95.3329
1315.06 95.3278
1315.43 95.3227
1315.8 95.3176
1316.16 95.3125
1316.53 95.3072
1316.89 95.3017
1317.26 95.2963
1317.63 95.291
1317.99 95.2943
1318.36 95.3024
1318.73 95.2977
1319.09 95.2937
1319.46 95.2904
1319.82 95.288
1320.19 95.2865
1320.56 95.2857
1320.92 95.2854
1321.29 95.2856
1321.66 95.286
1322.02 95.2865
1322.39 95.2869
1322.75 95.287
1323.12 95.287
1323.49 95.2866
1323.85 95.286
1324.22 95.2864
1324.58 95.2867
1324.95 95.284
1325.32 95.2807
1325.68 95.2767
1326.05 95.2715
1326.42 95.2648
1326.78 95.2558
1327.15 95.2439
1327.51 95.2281
1327.88 95.2073
1328.25 95.18
1328.61 95.1436
1328.98 95.093
1329.35 95.027
1329.71 94.9794
1330.08 94.9437
1330.44 94.8938
1330.81 94.8753
1331.18 94.8605
1331.54 94.8483
1331.91 94.8388
1332.28 94.8319
1332.64 94.8272
1333.01 94.8244
1333.37 94.8231
1333.74 94.8226
1334.11 94.8226
1334.47 94.8225
1334.84 94.8219
1335.2 94.8208
1335.57 94.8192
1335.94 94.8176
1336.3 94.816
1336.67 94.8106
1337.04 94.8103
1337.4 94.8103
1337.77 94.808
1338.13 94.8087
1338.5 94.8093
1338.87 94.8097
1339.23 94.8097
1339.6 94.8089
1339.97 94.8073
1340.33 94.8045
1340.7 94.8003
1341.06 94.7946
1341.43 94.7871
1341.8 94.7775
1342.16 94.7655
1342.53 94.7508
1342.9 94.7214
1343.26 94.6969
1343.63 94.6679
1343.99 94.6337
1344.36 94.6059
1344.73 94.5608
1345.09 94.5121
1345.46 94.4638
1345.83 94.4183
1346.19 94.3758
1346.56 94.3357
1346.92 94.2976
1347.29 94.2614
1347.66 94.2273
1348.02 94.1954
1348.39 94.1659
1348.75 94.13
1349.12 94.1082
1349.49 94.0891
1349.85 94.0727
1350.22 94.0588
1350.59 94.0473
1350.95 94.0483
1351.32 94.0395
1351.68 94.0322
1352.05 94.0261
1352.42 94.0211
1352.78 94.017
1353.15 94.0136
1353.52 94.0107
1353.88 94.0079
1354.25 94.0051
1354.61 94.0022
1354.98 94.0009
1355.35 93.998
1355.71 93.9953
1356.08 93.9928
1356.45 93.9907
1356.81 93.9893
1357.18 93.9931
1357.54 93.9929
1357.91 93.9938
1358.28 93.996
1358.64 93.9996
1359.01 94.0047
1359.37 94.0112
1359.74 94.0193
1360.11 94.0289
1360.47 94.04
1360.84 94.0528
1361.21 94.0685
1361.57 94.0822
1361.94 94.0953
1362.3 94.1066
1362.67 94.1147
1363.04 94.119
1363.4 94.1189
1363.77 94.1097
1364.14 94.1031
1364.5 94.0918
1364.87 94.0764
1365.23 94.0576
1365.6 94.0368
1365.97 94.0153
1366.33 93.9943
1366.7 93.9744
1367.07 93.9559
1367.43 93.9331
1367.8 93.9191
1368.16 93.9061
1368.53 93.894
1368.9 93.8825
1369.26 93.8717
1369.63 93.8614
1369.99 93.8519
1370.36 93.8533
1370.73 93.8455
1371.09 93.8384
1371.46 93.8321
1371.83 93.8264
1372.19 93.8211
1372.56 93.8162
1372.92 93.8115
1373.29 93.8068
1373.66 93.8113
1374.02 93.8065
1374.39 93.8014
1374.76 93.7962
1375.12 93.7909
1375.49 93.7854
1375.85 93.78
1376.22 93.7748
1376.59 93.7702
1376.95 93.7771
1377.32 93.7735
1377.69 93.7711
1378.05 93.7701
1378.42 93.7702
1378.78 93.7712
1379.15 93.7728
1379.52 93.7747
1379.88 93.7836
1380.25 93.7851
1380.62 93.786
1380.98 93.7864
1381.35 93.786
1381.71 93.7849
1382.08 93.7832
1382.45 93.781
1382.81 93.7787
1383.18 93.7764
1383.54 93.7827
1383.91 93.7807
1384.28 93.7793
1384.64 93.7788
1385.01 93.7795
1385.38 93.7817
1385.74 93.7922
1386.11 93.798
1386.47 93.8058
1386.84 93.8157
1387.21 93.8276
1387.57 93.8412
1387.94 93.8557
1388.31 93.8703
1388.67 93.8838
1389.04 93.8952
1389.4 93.904
1389.77 93.9102
1390.14 93.9097
1390.5 93.9125
1390.87 93.913
1391.24 93.9114
1391.6 93.9082
1391.97 93.8984
1392.33 93.8926
1392.7 93.8863
1393.07 93.8798
1393.43 93.8734
1393.8 93.8674
1394.16 93.8621
1394.53 93.8575
1394.9 93.8538
1395.26 93.8511
1395.63 93.8495
1396 93.849
1396.36 93.8539
1396.73 93.8554
1397.09 93.8578
1397.46 93.861
1397.83 93.8649
1398.19 93.878
1398.56 93.8834
1398.93 93.8894
1399.29 93.8959
1399.66 93.9029
1400.02 93.9105
1400.39 93.9186
1400.76 93.9273
1401.12 93.9365
1401.49 93.9462
1401.86 93.9562
1402.22 93.9666
1402.59 93.9773
1402.95 93.9903
1403.32 94.0013
1403.69 94.0123
1404.05 94.0233
1404.42 94.0467
1404.79 94.0568
1405.15 94.0666
1405.52 94.0762
1405.88 94.0855
1406.25 94.0949
1406.62 94.1045
1406.98 94.1145
1407.35 94.125
1407.71 94.1359
1408.08 94.147
1408.45 94.158
1408.81 94.1684
1409.18 94.178
1409.55 94.1875
1409.91 94.1962
1410.28 94.2036
1410.64 94.2183
1411.01 94.2223
1411.38 94.2248
1411.74 94.2256
1412.11 94.2251
1412.48 94.2232
1412.84 94.2201
1413.21 94.216
1413.57 94.211
1413.94 94.205
1414.31 94.1982
1414.67 94.1907
1415.04 94.1826
1415.41 94.1743
1415.77 94.1659
1416.14 94.1598
1416.5 94.1453
1416.87 94.1376
1417.24 94.1309
1417.6 94.1252
1417.97 94.1206
1418.33 94.1169
1418.7 94.1139
1419.07 94.1113
1419.43 94.1089
1419.8 94.1063
1420.17 94.1034
1420.53 94.0999
1420.9 94.0954
1421.26 94.0898
1421.63 94.0826
1422 94.0737
1422.36 94.0627
1422.73 94.0301
1423.1 94.0113
1423.46 93.9895
1423.83 93.965
1424.19 93.9386
1424.56 93.9119
1424.93 93.8865
1425.29 93.8628
1425.66 93.8411
1426.03 93.8211
1426.39 93.8026
1426.76 93.785
1427.12 93.768
1427.49 93.7514
1427.86 93.7352
1428.22 93.7196
1428.59 93.7052
1428.95 93.6861
1429.32 93.6782
1429.69 93.6716
1430.05 93.6663
1430.42 93.662
1430.79 93.6586
1431.15 93.6559
1431.52 93.6538
1431.88 93.652
1432.25 93.6507
1432.62 93.6495
1432.98 93.6486
1433.35 93.648
1433.72 93.6478
1434.08 93.648
1434.45 93.6488
1434.81 93.6502
1435.18 93.6615
1435.55 93.6705
1435.91 93.6726
1436.28 93.675
1436.65 93.6778
1437.01 93.6806
1437.38 93.6832
1437.74 93.6853
1438.11 93.6866
1438.48 93.6871
1438.84 93.6868
1439.21 93.6858
1439.58 93.6843
1439.94 93.6827
1440.31 93.6812
1440.67 93.6802
1441.04 93.6797
1441.41 93.6837
1441.77 93.6852
1442.14 93.6895
1442.5 93.6923
1442.87 93.6961
1443.24 93.7006
1443.6 93.7055
1443.97 93.7107
1444.34 93.7155
1444.7 93.7197
1445.07 93.7228
1445.43 93.7247
1445.8 93.7251
1446.17 93.7242
1446.53 93.7217
1446.9 93.7178
1447.27 93.7123
1447.63 93.6978
1448 93.6882
1448.36 93.6782
1448.73 93.6684
1449.1 93.6592
1449.46 93.6512
1449.83 93.6444
1450.2 93.6388
1450.56 93.6345
1450.93 93.6314
1451.29 93.63
1451.66 93.6302
1452.03 93.6321
1452.39 93.6357
1452.76 93.6409
1453.12 93.6475
1453.49 93.6612
1453.86 93.6714
1454.22 93.6828
1454.59 93.6953
1454.96 93.7088
1455.32 93.7171
1455.69 93.7315
1456.05 93.7464
1456.42 93.7615
1456.79 93.7766
1457.15 93.7913
1457.52 93.8051
1457.89 93.8175
1458.25 93.8284
1458.62 93.8378
1458.98 93.8461
1459.35 93.8536
1459.72 93.8655
1460.08 93.8732
1460.45 93.8812
1460.82 93.8898
1461.18 93.899
1461.55 93.9091
1461.91 93.9172
1462.28 93.9285
1462.65 93.9407
1463.01 93.9538
1463.38 93.9677
1463.74 93.9824
1464.11 93.9978
1464.48 94.0138
1464.84 94.0302
1465.21 94.0467
1465.58 94.0629
1465.94 94.0909
1466.31 94.1062
1466.67 94.1209
1467.04 94.1347
1467.41 94.1479
1467.77 94.1602
1468.14 94.1729
1468.51 94.1844
1468.87 94.1952
1469.24 94.205
1469.6 94.214
1469.97 94.222
1470.34 94.2291
1470.7 94.2354
1471.07 94.2409
1471.44 94.2458
1471.8 94.2503
1472.17 94.2634
1472.53 94.2658
1472.9 94.2672
1473.27 94.2672
1473.63 94.2656
1474 94.2623
1474.37 94.2573
1474.73 94.2598
1475.1 94.2526
1475.46 94.2443
1475.83 94.2353
1476.2 94.2258
1476.56 94.2161
1476.93 94.2065
1477.29 94.1972
1477.66 94.1885
1478.03 94.1804
1478.39 94.1768
1478.76 94.171
1479.13 94.1658
1479.49 94.1614
1479.86 94.1575
1480.22 94.1541
1480.59 94.1511
1480.96 94.1485
1481.32 94.1551
1481.69 94.1527
1482.06 94.1504
1482.42 94.1482
1482.79 94.1461
1483.15 94.1442
1483.52 94.1425
1483.89 94.1411
1484.25 94.1451
1484.62 94.1437
1484.99 94.1424
1485.35 94.141
1485.72 94.1393
1486.08 94.1373
1486.45 94.1347
1486.82 94.1315
1487.18 94.1279
1487.55 94.1242
1487.91 94.1207
1488.28 94.1172
1488.65 94.115
1489.01 94.1148
1489.38 94.1173
1489.75 94.1231
1490.11 94.133
1490.48 94.1479
1490.84 94.1704
1491.21 94.2019
1491.58 94.2471
1491.94 94.3072
1492.31 94.3521
1492.68 94.3877
1493.04 94.4177
1493.41 94.4439
1493.77 94.4672
1494.14 94.4882
1494.51 94.497
1494.87 94.516
1495.24 94.5333
1495.61 94.549
1495.97 94.5633
1496.34 94.5766
1496.7 94.5971
1497.07 94.6093
1497.44 94.6217
1497.8 94.6346
1498.17 94.6482
1498.54 94.6626
1498.9 94.6776
1499.27 94.6931
1499.63 94.7087
1500 94.7243
1500.37 94.7395
1500.73 94.7512
1501.1 94.7657
1501.46 94.7796
1501.83 94.7926
1502.2 94.8048
1502.56 94.816
1502.93 94.8354
1503.3 94.8442
1503.66 94.8522
1504.03 94.8596
1504.39 94.8666
1504.76 94.8734
1505.13 94.8805
1505.49 94.8881
1505.86 94.8967
1506.23 94.9068
1506.59 94.9188
1506.96 94.9332
1507.32 94.9398
1507.69 94.9576
1508.06 94.9788
1508.42 95.004
1508.79 95.0338
1509.16 95.0782
1509.52 95.1183
1509.89 95.1612
1510.25 95.2031
1510.62 95.2418
1510.99 95.2771
1511.35 95.3094
1511.72 95.339
1512.08 95.3662
1512.45 95.3908
1512.82 95.4128
1513.18 95.4322
1513.55 95.4488
1513.92 95.4518
1514.28 95.4648
1514.65 95.4752
1515.01 95.4831
1515.38 95.4891
1515.75 95.4932
1516.11 95.4962
1516.48 95.4985
1516.85 95.5004
1517.21 95.5021
1517.58 95.5037
1517.94 95.5055
1518.31 95.5074
1518.68 95.5094
1519.04 95.5115
1519.41 95.5135
1519.78 95.5154
1520.14 95.5169
1520.51 95.5164
1520.87 95.5169
1521.24 95.5144
1521.61 95.5127
1521.97 95.5102
1522.34 95.5072
1522.7 95.5038
1523.07 95.5
1523.44 95.4962
1523.8 95.4925
1524.17 95.4889
1524.54 95.4855
1524.9 95.4825
1525.27 95.4799
1525.63 95.4776
1526 95.4758
1526.37 95.4744
1526.73 95.4737
1527.1 95.4737
1527.47 95.4735
1527.83 95.4737
1528.2 95.4744
1528.56 95.4756
1528.93 95.4774
1529.3 95.48
1529.66 95.4835
1530.03 95.4883
1530.4 95.4946
1530.76 95.5029
1531.13 95.5136
1531.49 95.5269
1531.86 95.5428
1532.23 95.5608
1532.59 95.5801
1532.96 95.5996
1533.33 95.6183
1533.69 95.6257
1534.06 95.6442
1534.42 95.6613
1534.79 95.6769
1535.16 95.6913
1535.52 95.7047
1535.89 95.7175
1536.25 95.7299
1536.62 95.7421
1536.99 95.7541
1537.35 95.7659
1537.72 95.7773
1538.09 95.788
1538.45 95.7979
1538.82 95.8068
1539.18 95.8147
1539.55 95.8213
1539.92 95.8355
1540.28 95.84
1540.65 95.8431
1541.02 95.8448
1541.38 95.8453
1541.75 95.8445
1542.11 95.8427
1542.48 95.8402
1542.85 95.8371
1543.21 95.8338
1543.58 95.8307
1543.95 95.8277
1544.31 95.825
1544.68 95.8225
1545.04 95.82
1545.41 95.8175
1545.78 95.8146
1546.14 95.81
1546.51 95.8083
1546.87 95.804
1547.24 95.7992
1547.61 95.7942
1547.97 95.789
1548.34 95.7838
1548.71 95.7786
1549.07 95.7735
1549.44 95.7688
1549.8 95.7645
1550.17 95.7607
1550.54 95.7574
1550.9 95.7546
1551.27 95.7522
1551.64 95.7502
1552 95.7482
1552.37 95.7463
1552.73 95.7443
1553.1 95.7438
1553.47 95.7416
1553.83 95.7394
1554.2 95.7372
1554.57 95.7351
1554.93 95.7332
1555.3 95.7317
1555.66 95.7306
1556.03 95.7301
1556.4 95.7304
1556.76 95.7314
1557.13 95.7332
1557.49 95.7359
1557.86 95.7395
1558.23 95.7473
1558.59 95.7523
1558.96 95.7578
1559.33 95.7637
1559.69 95.7663
1560.06 95.7718
1560.42 95.7775
1560.79 95.7834
1561.16 95.7898
1561.52 95.7969
1561.89 95.8049
1562.26 95.8137
1562.62 95.8232
1562.99 95.8333
1563.35 95.8438
1563.72 95.8544
1564.09 95.8649
1564.45 95.8776
1564.82 95.8868
1565.19 95.8948
1565.55 95.9015
1565.92 95.9067
1566.28 95.9088
1566.65 95.9122
1567.02 95.9143
1567.38 95.9151
1567.75 95.9148
1568.12 95.9136
1568.48 95.9118
1568.85 95.9094
1569.21 95.9068
1569.58 95.904
1569.95 95.9012
1570.31 95.8986
1570.68 95.8988
1571.04 95.8973
1571.41 95.896
1571.78 95.8948
1572.14 95.8936
1572.51 95.8981
1572.88 95.8964
1573.24 95.8941
1573.61 95.8911
1573.97 95.8872
1574.34 95.8827
1574.71 95.8775
1575.07 95.8717
1575.44 95.8655
1575.81 95.8591
1576.17 95.8529
1576.54 95.8469
1576.9 95.8435
1577.27 95.8392
1577.64 95.8356
1578 95.8327
1578.37 95.8304
1578.74 95.8285
1579.1 95.8308
1579.47 95.8292
1579.83 95.8276
1580.2 95.826
1580.57 95.824
1580.93 95.8217
1581.3 95.8191
1581.66 95.8163
1582.03 95.8134
1582.4 95.8104
1582.76 95.8076
1583.13 95.8075
1583.5 95.8057
1583.86 95.8049
1584.23 95.8051
1584.59 95.8067
1584.96 95.8096
1585.33 95.814
1585.69 95.8172
1586.06 95.8232
1586.43 95.8306
1586.79 95.8394
1587.16 95.8494
1587.52 95.8603
1587.89 95.872
1588.26 95.8841
1588.62 95.8964
1588.99 95.9123
1589.36 95.9244
1589.72 95.9363
1590.09 95.948
1590.45 95.9594
1590.82 95.9705
1591.19 95.9814
1591.55 95.9923
1591.92 96.0034
1592.29 96.0074
1592.65 96.0193
1593.02 96.0318
1593.38 96.0449
1593.75 96.0589
1594.12 96.0737
1594.48 96.0897
1594.85 96.1068
1595.21 96.1333
1595.58 96.1536
1595.95 96.1756
1596.31 96.1997
1596.68 96.226
1597.05 96.2547
1597.41 96.286
1597.78 96.3202
1598.14 96.3568
1598.51 96.395
1598.88 96.4038
1599.24 96.4422
1599.61 96.4797
1599.98 96.5157
1600.34 96.5501
1600.71 96.5828
1601.07 96.6141
1601.44 96.6504
1601.81 96.6783
1602.17 96.7047
1602.54 96.7295
1602.91 96.7522
1603.27 96.7724
1603.64 96.7895
1604 96.8036
1604.37 96.8147
1604.74 96.8231
1605.1 96.8291
1605.47 96.8275
1605.83 96.8315
1606.2 96.8341
1606.57 96.8358
1606.93 96.8368
1607.3 96.8373
1607.67 96.8385
1608.03 96.8393
1608.4 96.84
1608.76 96.8407
1609.13 96.8414
1609.5 96.8421
1609.86 96.8429
1610.23 96.8437
1610.6 96.8447
1610.96 96.8459
1611.33 96.8473
1611.69 96.8504
1612.06 96.8521
1612.43 96.8541
1612.79 96.8565
1613.16 96.8595
1613.53 96.863
1613.89 96.8699
1614.26 96.8745
1614.62 96.8795
1614.99 96.8847
1615.36 96.8899
1615.72 96.8948
1616.09 96.8991
1616.45 96.9028
1616.82 96.9057
1617.19 96.908
1617.55 96.9098
1617.92 96.9113
1618.29 96.9097
1618.65 96.9111
1619.02 96.9122
1619.38 96.9131
1619.75 96.9122
1620.12 96.9121
1620.48 96.9118
1620.85 96.9111
1621.22 96.9103
1621.58 96.9097
1621.95 96.9097
1622.31 96.9107
1622.68 96.9132
1623.05 96.9176
1623.41 96.9242
1623.78 96.9332
1624.15 96.9446
1624.51 96.9585
1624.88 96.9616
1625.24 96.9787
1625.61 96.9978
1625.98 97.0243
1626.34 97.0461
1626.71 97.068
1627.08 97.0895
1627.44 97.1105
1627.81 97.1309
1628.17 97.1506
1628.54 97.1695
1628.91 97.1872
1629.27 97.2036
1629.64 97.2184
1630 97.2314
1630.37 97.2428
1630.74 97.2525
1631.1 97.2608
1631.47 97.2658
1631.84 97.2722
1632.2 97.2809
1632.57 97.2843
1632.93 97.2865
1633.3 97.2876
1633.67 97.2876
1634.03 97.2868
1634.4 97.2851
1634.77 97.2828
1635.13 97.2802
1635.5 97.2776
1635.86 97.2753
1636.23 97.2736
1636.6 97.2727
1636.96 97.2727
1637.33 97.2734
1637.7 97.2745
1638.06 97.273
1638.43 97.2733
1638.79 97.2746
1639.16 97.2757
1639.53 97.2764
1639.89 97.277
1640.26 97.2774
1640.62 97.2777
1640.99 97.278
1641.36 97.2782
1641.72 97.2783
1642.09 97.2782
1642.46 97.2778
1642.82 97.277
1643.19 97.2757
1643.55 97.2742
1643.92 97.2724
1644.29 97.2745
1644.65 97.2759
1645.02 97.275
1645.39 97.2742
1645.75 97.2736
1646.12 97.2732
1646.48 97.2729
1646.85 97.2727
1647.22 97.2726
1647.58 97.2726
1647.95 97.2727
1648.32 97.273
1648.68 97.2732
1649.05 97.2735
1649.41 97.2738
1649.78 97.2741
1650.15 97.2743
1650.51 97.2787
1650.88 97.2826
1651.24 97.2819
1651.61 97.2812
1651.98 97.2804
1652.34 97.2796
1652.71 97.279
1653.08 97.2785
1653.44 97.2781
1653.81 97.2779
1654.17 97.2779
1654.54 97.2779
1654.91 97.2779
1655.27 97.2777
1655.64 97.2775
1656.01 97.277
1656.37 97.2763
1656.74 97.2693
1657.1 97.2679
1657.47 97.2614
1657.84 97.2596
1658.2 97.2573
1658.57 97.2545
1658.94 97.2511
1659.3 97.2472
1659.67 97.2428
1660.03 97.2382
1660.4 97.2334
1660.77 97.2287
1661.13 97.2242
1661.5 97.2198
1661.87 97.2158
1662.23 97.212
1662.6 97.2086
1662.96 97.2026
1663.33 97.2
1663.7 97.1976
1664.06 97.1953
1664.43 97.1935
1664.79 97.1921
1665.16 97.1912
1665.53 97.1907
1665.89 97.1906
1666.26 97.191
1666.63 97.192
1666.99 97.1937
1667.36 97.1963
1667.72 97.2
1668.09 97.2051
1668.46 97.2117
1668.82 97.22
1669.19 97.2329
1669.56 97.2446
1669.92 97.2572
1670.29 97.2701
1670.65 97.2736
1671.02 97.2863
1671.39 97.2983
1671.75 97.3095
1672.12 97.3194
1672.49 97.3278
1672.85 97.3345
1673.22 97.3394
1673.58 97.3425
1673.95 97.3435
1674.32 97.3426
1674.68 97.3398
1675.05 97.3353
1675.41 97.3231
1675.78 97.3159
1676.15 97.308
1676.51 97.2996
1676.88 97.2908
1677.25 97.2844
1677.61 97.2752
1677.98 97.2657
1678.34 97.2558
1678.71 97.2454
1679.08 97.2343
1679.44 97.2226
1679.81 97.21
1680.18 97.1966
1680.54 97.1824
1680.91 97.1674
1681.27 97.1515
1681.64 97.1227
1682.01 97.1063
1682.37 97.0901
1682.74 97.0742
1683.11 97.0589
1683.47 97.0504
1683.84 97.0367
1684.2 97.0238
1684.57 97.0119
1684.94 97.0009
1685.3 96.9909
1685.67 96.982
1686.04 96.974
1686.4 96.9671
1686.77 96.9613
1687.13 96.9564
1687.5 96.9522
1687.87 96.9491
1688.23 96.9467
1688.6 96.9448
1688.96 96.9434
1689.33 96.9424
1689.7 96.9415
1690.06 96.9416
1690.43 96.9404
1690.8 96.9389
1691.16 96.9369
1691.53 96.9343
1691.89 96.931
1692.26 96.927
1692.63 96.9224
1692.99 96.9174
1693.36 96.9122
1693.73 96.9064
1694.09 96.9012
1694.46 96.896
1694.82 96.8908
1695.19 96.8856
1695.56 96.8806
1695.92 96.8758
1696.29 96.8714
1696.66 96.8716
1697.02 96.8678
1697.39 96.8646
1697.75 96.8625
1698.12 96.8614
1698.49 96.8616
1698.85 96.863
1699.22 96.8657
1699.58 96.8696
1699.95 96.8788
1700.32 96.8853
1700.68 96.8925
1701.05 96.9002
1701.42 96.9082
1701.78 96.9162
1702.15 96.9241
1702.51 96.9316
1702.88 96.9387
1703.25 96.9431
1703.61 96.9491
1703.98 96.9543
1704.35 96.9589
1704.71 96.9628
1705.08 96.9662
1705.44 96.9692
1705.81 96.9718
1706.18 96.9734
1706.54 96.9753
1706.91 96.9773
1707.28 96.9795
1707.64 96.982
1708.01 96.9847
1708.37 96.9875
1708.74 96.9902
1709.11 96.9926
1709.47 96.9945
1709.84 96.9899
1710.2 96.9908
1710.57 96.9909
1710.94 96.99
1711.3 96.9878
1711.67 96.9842
1712.04 96.979
1712.4 96.9611
1712.77 96.9518
1713.13 96.9412
1713.5 96.9297
1713.87 96.9177
1714.23 96.9055
1714.6 96.8935
1714.97 96.8822
1715.33 96.8719
1715.7 96.8626
1716.06 96.8502
1716.43 96.8423
1716.8 96.8352
1717.16 96.8289
1717.53 96.8233
1717.9 96.8184
1718.26 96.8055
1718.63 96.8022
1718.99 96.7987
1719.36 96.7949
1719.73 96.7906
1720.09 96.7856
1720.46 96.78
1720.83 96.7738
1721.19 96.7671
1721.56 96.76
1721.92 96.7527
1722.29 96.7451
1722.66 96.74
1723.02 96.7324
1723.39 96.7249
1723.75 96.7173
1724.12 96.7099
1724.49 96.6999
1724.85 96.6932
1725.22 96.6867
1725.59 96.6805
1725.95 96.6744
1726.32 96.6688
1726.68 96.6635
1727.05 96.6586
1727.42 96.6539
1727.78 96.6496
1728.15 96.6454
1728.52 96.6413
1728.88 96.6373
1729.25 96.6369
1729.61 96.6322
1729.98 96.6274
1730.35 96.6226
1730.71 96.6136
1731.08 96.6079
1731.45 96.6022
1731.81 96.5965
1732.18 96.5908
1732.54 96.5852
1732.91 96.5796
1733.28 96.5743
1733.64 96.5694
1734.01 96.5648
1734.37 96.5608
1734.74 96.5573
1735.11 96.5544
1735.47 96.5519
1735.84 96.5471
1736.21 96.5452
1736.57 96.5435
1736.94 96.5365
1737.3 96.5343
1737.67 96.5316
1738.04 96.5284
1738.4 96.5245
1738.77 96.5198
1739.14 96.5143
1739.5 96.5081
1739.87 96.5013
1740.23 96.4939
1740.6 96.4864
1740.97 96.4786
1741.33 96.4708
1741.7 96.463
1742.07 96.4552
1742.43 96.4458
1742.8 96.4377
1743.16 96.4191
1743.53 96.4101
1743.9 96.4006
1744.26 96.3906
1744.63 96.38
1744.99 96.3689
1745.36 96.3574
1745.73 96.3454
1746.09 96.333
1746.46 96.32
1746.83 96.3064
1747.19 96.2923
1747.56 96.2774
1747.92 96.262
1748.29 96.2458
1748.66 96.2312
1749.02 96.214
1749.39 96.18
1749.76 96.1609
1750.12 96.1414
1750.49 96.1221
1750.85 96.1038
1751.22 96.0873
1751.59 96.0733
1751.95 96.0619
1752.32 96.0528
1752.69 96.0457
1753.05 96.04
1753.42 96.0356
1753.78 96.0319
1754.15 96.0289
1754.52 96.0263
1754.88 96.0238
1755.25 96.0229
1755.62 96.0206
1755.98 96.0179
1756.35 96.0147
1756.71 96.0111
1757.08 96.0069
1757.45 96.0022
1757.81 95.9968
1758.18 95.9908
1758.54 95.9839
1758.91 95.9761
1759.28 95.9672
1759.64 95.9571
1760.01 95.9456
1760.38 95.9324
1760.74 95.9174
1761.11 95.9004
1761.47 95.863
1761.84 95.8449
1762.21 95.8273
1762.57 95.8116
1762.94 95.7979
1763.31 95.786
1763.67 95.7756
1764.04 95.7665
1764.4 95.7586
1764.77 95.7518
1765.14 95.7461
1765.5 95.7414
1765.87 95.7378
1766.24 95.7351
1766.6 95.7333
1766.97 95.7323
1767.33 95.7321
1767.7 95.7351
1768.07 95.7359
1768.43 95.7385
1768.8 95.7393
1769.16 95.74
1769.53 95.7402
1769.9 95.7399
1770.26 95.7389
1770.63 95.7369
1771 95.7338
1771.36 95.7296
1771.73 95.7241
1772.09 95.7173
1772.46 95.7094
1772.83 95.7005
1773.19 95.691
1773.56 95.681
1773.93 95.6627
1774.29 95.6522
1774.66 95.6414
1775.02 95.6325
1775.39 95.6209
1775.76 95.6091
1776.12 95.5972
1776.49 95.5857
1776.86 95.5748
1777.22 95.5647
1777.59 95.5555
1777.95 95.5472
1778.32 95.5397
1778.69 95.533
1779.05 95.527
1779.42 95.5217
1779.79 95.517
1780.15 95.5133
1780.52 95.5106
1780.88 95.5084
1781.25 95.5067
1781.62 95.5098
1781.98 95.509
1782.35 95.5086
1782.71 95.5084
1783.08 95.5086
1783.45 95.5091
1783.81 95.5099
1784.18 95.5108
1784.55 95.5118
1784.91 95.5126
1785.28 95.513
1785.64 95.5128
1786.01 95.5127
1786.38 95.5092
1786.74 95.5043
1787.11 95.4977
1787.48 95.4894
1787.84 95.485
1788.21 95.4741
1788.57 95.4617
1788.94 95.448
1789.31 95.4333
1789.67 95.4176
1790.04 95.4014
1790.41 95.385
1790.77 95.3689
1791.14 95.3533
1791.5 95.3384
1791.87 95.3241
1792.24 95.3064
1792.6 95.2934
1792.97 95.2805
1793.33 95.2673
1793.7 95.2539
1794.07 95.2398
1794.43 95.2349
1794.8 95.2193
1795.17 95.2023
1795.53 95.1839
1795.9 95.1636
1796.26 95.1414
1796.63 95.1177
1797 95.0932
1797.36 95.0693
1797.73 95.047
1798.1 95.027
1798.46 95.0013
1798.83 94.988
1799.19 94.9768
1799.56 94.9674
1799.93 94.9596
1800.29 94.9529
1800.66 94.9473
1801.03 94.9448
1801.39 94.9397
1801.76 94.935
1802.12 94.9303
1802.49 94.9255
1802.86 94.9201
1803.22 94.9141
1803.59 94.907
1803.95 94.8989
1804.32 94.8896
1804.69 94.8727
1805.05 94.8611
1805.42 94.8489
1805.79 94.8362
1806.15 94.8231
1806.52 94.8099
1806.88 94.7968
1807.25 94.7841
1807.62 94.7781
1807.98 94.766
1808.35 94.7541
1808.72 94.7424
1809.08 94.7309
1809.45 94.7199
1809.81 94.7094
1810.18 94.6997
1810.55 94.6907
1810.91 94.681
1811.28 94.6736
1811.65 94.6666
1812.01 94.6598
1812.38 94.653
1812.74 94.6464
1813.11 94.64
1813.48 94.6338
1813.84 94.6281
1814.21 94.6263
1814.58 94.6209
1814.94 94.616
1815.31 94.6113
1815.67 94.6068
1816.04 94.6023
1816.41 94.5978
1816.77 94.593
1817.14 94.5854
1817.5 94.5795
1817.87 94.5732
1818.24 94.5663
1818.6 94.5591
1818.97 94.5515
1819.34 94.5437
1819.7 94.536
1820.07 94.5284
1820.43 94.5225
1820.8 94.5156
1821.17 94.5089
1821.53 94.5024
1821.9 94.4959
1822.27 94.4891
1822.63 94.4819
1823 94.4719
1823.36 94.4635
1823.73 94.4541
1824.1 94.4438
1824.46 94.4325
1824.83 94.4204
1825.2 94.4075
1825.56 94.3941
1825.93 94.3804
1826.29 94.3667
1826.66 94.3534
1827.03 94.3526
1827.39 94.3409
1827.76 94.3301
1828.12 94.3201
1828.49 94.3109
1828.86 94.3026
1829.22 94.2991
1829.59 94.2925
1829.96 94.2865
1830.32 94.2809
1830.69 94.2758
1831.05 94.2711
1831.42 94.2671
1831.79 94.2636
1832.15 94.2609
1832.52 94.2589
1832.89 94.2575
1833.25 94.2567
1833.62 94.262
1833.98 94.2612
1834.35 94.2605
1834.72 94.2599
1835.08 94.259
1835.45 94.2576
1835.82 94.2542
1836.18 94.2499
1836.55 94.2449
1836.91 94.2393
1837.28 94.2336
1837.65 94.2279
1838.01 94.2228
1838.38 94.2185
1838.74 94.2151
1839.11 94.2125
1839.48 94.2108
1839.84 94.2096
1840.21 94.2135
1840.58 94.213
1840.94 94.2124
1841.31 94.2115
1841.67 94.2148
1842.04 94.2133
1842.41 94.2115
1842.77 94.2098
1843.14 94.2081
1843.51 94.2065
1843.87 94.2049
1844.24 94.2031
1844.6 94.2012
1844.97 94.1988
1845.34 94.196
1845.7 94.1924
1846.07 94.1881
1846.44 94.1827
1846.8 94.185
1847.17 94.1779
1847.53 94.1696
1847.9 94.1591
1848.27 94.1475
1848.63 94.1349
1849 94.1213
1849.37 94.1069
1849.73 94.0918
1850.1 94.0764
1850.46 94.0609
1850.83 94.0455
1851.2 94.0307
1851.56 94.0165
1851.93 94.0032
1852.29 93.9908
1852.66 93.9791
1853.03 93.9682
1853.39 93.9667
1853.76 93.9554
1854.13 93.9459
1854.49 93.9366
1854.86 93.9275
1855.22 93.9185
1855.59 93.9096
1855.96 93.9007
1856.32 93.892
1856.69 93.8834
1857.06 93.8753
1857.42 93.8677
1857.79 93.8612
1858.15 93.8558
1858.52 93.8518
1858.89 93.8491
1859.25 93.8476
1859.62 93.8475
1859.99 93.8491
1860.35 93.8508
1860.72 93.8534
1861.08 93.8568
1861.45 93.8609
1861.82 93.8659
1862.18 93.8716
1862.55 93.878
1862.91 93.885
1863.28 93.8925
1863.65 93.9001
1864.01 93.9077
1864.38 93.9151
1864.75 93.9221
1865.11 93.9288
1865.48 93.935
1865.84 93.9409
1866.21 93.9577
1866.58 93.9633
1866.94 93.9686
1867.31 93.9737
1867.68 93.9786
1868.04 93.9832
1868.41 93.9875
1868.77 93.9914
1869.14 93.9948
1869.51 93.9977
1869.87 94.0001
1870.24 94.0019
1870.61 94.003
1870.97 94.0033
1871.34 94.0026
1871.7 94.0009
1872.07 93.998
1872.44 93.9956
1872.8 93.9964
1873.17 93.989
1873.54 93.9804
1873.9 93.9705
1874.27 93.9596
1874.63 93.948
1875 93.9356
1875.37 93.9227
1875.73 93.9092
1876.1 93.8952
1876.46 93.8805
1876.83 93.8653
1877.2 93.8495
1877.56 93.8334
1877.93 93.8175
1878.3 93.8025
1878.66 93.7804
1879.03 93.7707
1879.39 93.7653
1879.76 93.7596
1880.13 93.756
1880.49 93.754
1880.86 93.7532
1881.23 93.7533
1881.59 93.754
1881.96 93.7552
1882.32 93.7566
1882.69 93.7581
1883.06 93.7598
1883.42 93.7618
1883.79 93.7641
1884.16 93.767
1884.52 93.7706
1884.89 93.7771
1885.25 93.7829
1885.62 93.7899
1885.99 93.7932
1886.35 93.8021
1886.72 93.8122
1887.08 93.8234
1887.45 93.8355
1887.82 93.8482
1888.18 93.8613
1888.55 93.8743
1888.92 93.8872
1889.28 93.8997
1889.65 93.9117
1890.01 93.9231
1890.38 93.9339
1890.75 93.954
1891.11 93.9633
1891.48 93.9717
1891.85 93.9792
1892.21 93.9887
1892.58 93.995
1892.94 94.0005
1893.31 94.0051
1893.68 94.0089
1894.04 94.0121
1894.41 94.0149
1894.78 94.0173
1895.14 94.0195
1895.51 94.0217
1895.87 94.0238
1896.24 94.0261
1896.61 94.0286
1896.97 94.0393
1897.34 94.0426
1897.7 94.0462
1898.07 94.0502
1898.44 94.0545
1898.8 94.0626
1899.17 94.067
1899.54 94.0714
1899.9 94.0757
1900.27 94.0798
1900.63 94.0834
1901 94.0866
1901.37 94.0893
1901.73 94.0917
1902.1 94.0939
1902.47 94.0961
1902.83 94.0985
1903.2 94.109
1903.56 94.1121
1903.93 94.1155
1904.3 94.1191
1904.66 94.1227
1905.03 94.1263
1905.4 94.1347
1905.76 94.1381
1906.13 94.1412
1906.49 94.144
1906.86 94.1464
1907.23 94.1486
1907.59 94.1505
1907.96 94.1522
1908.33 94.1537
1908.69 94.1551
1909.06 94.1561
1909.42 94.1668
1909.79 94.1673
1910.16 94.1675
1910.52 94.1676
1910.89 94.1677
1911.25 94.1679
1911.62 94.1683
1911.99 94.1769
1912.35 94.177
1912.72 94.1772
1913.09 94.1774
1913.45 94.1775
1913.82 94.1774
1914.18 94.1771
1914.55 94.1764
1914.92 94.1752
1915.28 94.1735
1915.65 94.1718
1916.02 94.1686
1916.38 94.1653
1916.75 94.1622
1917.11 94.1598
1917.48 94.1583
1917.85 94.158
1918.21 94.1589
1918.58 94.1619
1918.95 94.1648
1919.31 94.1688
1919.68 94.1739
1920.04 94.18
1920.41 94.1873
1920.78 94.1956
1921.14 94.205
1921.51 94.2224
1921.87 94.2334
1922.24 94.245
1922.61 94.2571
1922.97 94.2694
1923.34 94.2816
1923.71 94.2936
1924.07 94.3051
1924.44 94.3162
1924.8 94.3269
1925.17 94.3293
1925.54 94.34
1925.9 94.3506
1926.27 94.3612
1926.64 94.3718
1927 94.3826
1927.37 94.3935
1927.73 94.4105
1928.1 94.4218
1928.47 94.433
1928.83 94.4438
1929.2 94.4543
1929.57 94.4647
1929.93 94.4749
1930.3 94.4852
1930.66 94.4955
1931.03 94.5058
1931.4 94.5146
1931.76 94.5248
1932.13 94.5348
1932.49 94.5445
1932.86 94.5538
1933.23 94.5627
1933.59 94.571
1933.96 94.5851
1934.33 94.5914
1934.69 94.5969
1935.06 94.6013
1935.42 94.6049
1935.79 94.6077
1936.16 94.6099
1936.52 94.6119
1936.89 94.6137
1937.26 94.6157
1937.62 94.618
1937.99 94.6243
1938.35 94.6277
1938.72 94.6314
1939.09 94.6356
1939.45 94.6402
1939.82 94.6454
1940.19 94.6612
1940.55 94.6681
1940.92 94.6758
1941.28 94.6843
1941.65 94.6937
1942.02 94.7041
1942.38 94.7155
1942.75 94.7278
1943.12 94.741
1943.48 94.7551
1943.85 94.7697
1944.21 94.7848
1944.58 94.7966
1944.95 94.8118
1945.31 94.8269
1945.68 94.842
1946.04 94.8568
1946.41 94.8829
1946.78 94.897
1947.14 94.9107
1947.51 94.9239
1947.88 94.9367
1948.24 94.949
1948.61 94.961
1948.97 94.9725
1949.34 94.9837
1949.71 94.9947
1950.07 95.0054
1950.44 95.0161
1950.81 95.0267
1951.17 95.0328
1951.54 95.043
1951.9 95.0534
1952.27 95.0639
1952.64 95.079
1953 95.0895
1953.37 95.1
1953.74 95.1102
1954.1 95.1202
1954.47 95.1298
1954.83 95.1393
1955.2 95.1485
1955.57 95.1579
1955.93 95.1673
1956.3 95.1771
1956.66 95.1873
1957.03 95.1981
1957.4 95.2094
1957.76 95.2126
1958.13 95.2243
1958.5 95.2392
1958.86 95.251
1959.23 95.2624
1959.59 95.2734
1959.96 95.284
1960.33 95.2943
1960.69 95.3045
1961.06 95.3152
1961.43 95.3265
1961.79 95.3388
1962.16 95.3522
1962.52 95.3668
1962.89 95.3825
1963.26 95.3995
1963.62 95.4177
1963.99 95.4234
1964.36 95.4433
1964.72 95.4712
1965.09 95.493
1965.45 95.5147
1965.82 95.5355
1966.19 95.5549
1966.55 95.573
1966.92 95.5897
1967.29 95.6054
1967.65 95.62
1968.02 95.634
1968.38 95.6473
1968.75 95.6602
1969.12 95.6728
1969.48 95.6853
1969.85 95.6977
1970.21 95.7102
1970.58 95.723
1970.95 95.7486
1971.31 95.7614
1971.68 95.7744
1972.05 95.7876
1972.41 95.8012
1972.78 95.8152
1973.14 95.8299
1973.51 95.8454
1973.88 95.8618
1974.24 95.8791
1974.61 95.8973
1974.98 95.9167
1975.34 95.9372
1975.71 95.9591
1976.07 95.9824
1976.44 96.007
1976.81 96.0327
1977.17 96.0507
1977.54 96.0759
1977.91 96.1004
1978.27 96.1231
1978.64 96.1433
1979 96.1611
1979.37 96.1765
1979.74 96.1898
1980.1 96.2012
1980.47 96.2111
1980.83 96.2195
1981.2 96.2269
1981.57 96.2332
1981.93 96.2386
1982.3 96.2434
1982.67 96.2477
1983.03 96.2514
1983.4 96.2592
1983.76 96.2635
1984.13 96.2664
1984.5 96.269
1984.86 96.2716
1985.23 96.2742
1985.6 96.2768
1985.96 96.2795
1986.33 96.2824
1986.69 96.2855
1987.06 96.2892
1987.43 96.2934
1987.79 96.2984
1988.16 96.3043
1988.53 96.3112
1988.89 96.319
1989.26 96.3298
1989.62 96.3386
1989.99 96.3475
1990.36 96.3488
1990.72 96.3576
1991.09 96.3666
1991.45 96.3759
1991.82 96.3855
1992.19 96.3958
1992.55 96.4068
1992.92 96.4188
1993.29 96.4317
1993.65 96.4452
1994.02 96.459
1994.38 96.4727
1994.75 96.486
1995.12 96.4987
1995.48 96.5166
1995.85 96.5282
1996.22 96.5391
1996.58 96.5493
1996.95 96.5553
1997.31 96.5647
1997.68 96.5732
1998.05 96.5808
1998.41 96.5874
1998.78 96.5929
1999.15 96.5974
1999.51 96.601
1999.88 96.6039
2000.24 96.6061
2000.61 96.6078
2000.98 96.609
2001.34 96.6097
2001.71 96.612
2002.08 96.6113
2002.44 96.6102
2002.81 96.6086
2003.17 96.6087
2003.54 96.6065
2003.91 96.6043
2004.27 96.6025
2004.64 96.6013
2005 96.6008
2005.37 96.6013
2005.74 96.6031
2006.1 96.6062
2006.47 96.6109
2006.84 96.6172
2007.2 96.625
2007.57 96.634
2007.93 96.6463
2008.3 96.6574
2008.67 96.6689
2009.03 96.6804
2009.4 96.6915
2009.77 96.693
2010.13 96.7029
2010.5 96.7118
2010.86 96.7195
2011.23 96.7261
2011.6 96.7317
2011.96 96.7367
2012.33 96.7411
2012.7 96.7452
2013.06 96.7491
2013.43 96.753
2013.79 96.757
2014.16 96.7583
2014.53 96.7624
2014.89 96.7671
2015.26 96.7727
2015.62 96.7796
2015.99 96.788
2016.36 96.7829
2016.72 96.793
2017.09 96.8045
2017.46 96.8163
2017.82 96.8277
2018.19 96.8381
2018.55 96.8474
2018.92 96.8554
2019.29 96.8624
2019.65 96.8684
2020.02 96.8739
2020.39 96.8784
2020.75 96.8835
2021.12 96.8887
2021.48 96.894
2021.85 96.8997
2022.22 96.9057
2022.58 96.9122
2022.95 96.9133
2023.32 96.9204
2023.68 96.928
2024.05 96.9362
2024.41 96.9452
2024.78 96.955
2025.15 96.9655
2025.51 96.9767
2025.88 96.9885
2026.24 97.0035
2026.61 97.0159
2026.98 97.0283
2027.34 97.0406
2027.71 97.0525
2028.08 97.0639
2028.44 97.0747
2028.81 97.085
2029.17 97.0948
2029.54 97.0958
2029.91 97.1049
2030.27 97.1137
2030.64 97.1219
2031.01 97.1295
2031.37 97.1365
2031.74 97.1426
2032.1 97.148
2032.47 97.1512
2032.84 97.1548
2033.2 97.1579
2033.57 97.1607
2033.94 97.1637
2034.3 97.1669
2034.67 97.1703
2035.03 97.174
2035.4 97.1779
2035.77 97.1763
2036.13 97.1804
2036.5 97.1846
2036.87 97.1891
2037.23 97.1936
2037.6 97.1981
2037.96 97.2025
2038.33 97.2067
2038.7 97.2091
2039.06 97.2131
2039.43 97.2174
2039.79 97.222
2040.16 97.2271
2040.53 97.2327
2040.89 97.2388
2041.26 97.2454
2041.63 97.2525
2041.99 97.2599
2042.36 97.2579
2042.72 97.2654
2043.09 97.2727
2043.46 97.2797
2043.82 97.2861
2044.19 97.2917
2044.56 97.2963
2044.92 97.2954
2045.29 97.2972
2045.65 97.2981
2046.02 97.2981
2046.39 97.2979
2046.75 97.2978
2047.12 97.2984
2047.49 97.3003
2047.85 97.3037
2048.22 97.3087
2048.58 97.3151
2048.95 97.3157
2049.32 97.3245
2049.68 97.3341
2050.05 97.3442
2050.41 97.3542
2050.78 97.3641
2051.15 97.3787
2051.51 97.3879
2051.88 97.3963
2052.25 97.404
2052.61 97.411
2052.98 97.4172
2053.34 97.4227
2053.71 97.4275
2054.08 97.4315
2054.44 97.4347
2054.81 97.4372
2055.18 97.4389
2055.54 97.4393
2055.91 97.4392
2056.27 97.4382
2056.64 97.4362
2057.01 97.43
2057.37 97.4256
2057.74 97.4207
2058.11 97.4153
2058.47 97.4097
2058.84 97.4044
2059.2 97.3995
2059.57 97.3953
2059.94 97.3923
2060.3 97.3906
2060.67 97.3903
2061.03 97.3914
2061.4 97.3936
2061.77 97.3967
2062.13 97.3927
2062.5 97.3966
2062.87 97.4003
2063.23 97.4009
2063.6 97.4036
2063.96 97.4056
2064.33 97.4069
2064.7 97.4074
2065.06 97.4073
2065.43 97.4067
2065.8 97.4057
2066.16 97.4045
2066.53 97.4032
2066.89 97.4019
2067.26 97.4007
2067.63 97.3993
2067.99 97.3977
2068.36 97.3957
2068.73 97.3927
2069.09 97.3899
2069.46 97.3823
2069.82 97.3781
2070.19 97.3735
2070.56 97.3686
2070.92 97.3637
2071.29 97.3587
2071.66 97.354
2072.02 97.3496
2072.39 97.3456
2072.75 97.3424
2073.12 97.34
2073.49 97.3386
2073.85 97.3384
2074.22 97.3395
2074.58 97.3419
2074.95 97.3381
2075.32 97.342
2075.68 97.3441
2076.05 97.3501
2076.42 97.3567
2076.78 97.3636
2077.15 97.3706
2077.51 97.3773
2077.88 97.3835
2078.25 97.3891
2078.61 97.3939
2078.98 97.398
2079.35 97.4017
2079.71 97.4052
2080.08 97.4087
2080.44 97.4125
2080.81 97.4168
2081.18 97.4213
2081.54 97.4198
2081.91 97.4234
2082.28 97.4283
2082.64 97.4333
2083.01 97.4383
2083.37 97.4434
2083.74 97.4484
2084.11 97.4534
2084.47 97.4585
2084.84 97.4635
2085.2 97.4684
2085.57 97.4732
2085.94 97.4777
2086.3 97.4822
2086.67 97.4865
2087.04 97.4907
2087.4 97.4949
2087.77 97.4992
2088.13 97.5006
2088.5 97.5057
2088.87 97.5106
2089.23 97.5152
2089.6 97.5194
2089.97 97.5231
2090.33 97.5261
2090.7 97.5285
2091.06 97.5301
2091.43 97.5311
2091.8 97.5315
2092.16 97.5314
2092.53 97.5308
2092.9 97.5299
2093.26 97.5287
2093.63 97.5271
2093.99 97.525
2094.36 97.5223
2094.73 97.5213
2095.09 97.5177
2095.46 97.5137
2095.82 97.5092
2096.19 97.5042
2096.56 97.4989
2096.92 97.4932
2097.29 97.4873
2097.66 97.4812
2098.02 97.4749
2098.39 97.4688
2098.75 97.4627
2099.12 97.457
2099.49 97.4517
2099.85 97.447
2100.22 97.4383
2100.59 97.435
2100.95 97.4324
2101.32 97.4276
2101.68 97.4255
2102.05 97.4238
2102.42 97.4225
2102.78 97.4216
2103.15 97.421
2103.52 97.4207
2103.88 97.4207
2104.25 97.421
2104.61 97.4215
2104.98 97.4223
2105.35 97.4236
2105.71 97.4253
2106.08 97.4276
2106.45 97.4215
2106.81 97.426
2107.18 97.4319
2107.54 97.4235
2107.91 97.4309
2108.28 97.4385
2108.64 97.4458
2109.01 97.4522
2109.37 97.4574
2109.74 97.4613
2110.11 97.464
2110.47 97.4655
2110.84 97.4661
2111.21 97.4658
2111.57 97.4649
2111.94 97.4634
2112.3 97.4614
2112.67 97.4522
2113.04 97.4488
2113.4 97.4447
2113.77 97.4399
2114.14 97.4302
2114.5 97.4237
2114.87 97.4163
2115.23 97.4082
2115.6 97.3997
2115.97 97.391
2116.33 97.3826
2116.7 97.3746
2117.07 97.3672
2117.43 97.3602
2117.8 97.3534
2118.16 97.3464
2118.53 97.3391
2118.9 97.3252
2119.26 97.3172
2119.63 97.3086
2119.99 97.2995
2120.36 97.2898
2120.73 97.283
2121.09 97.2722
2121.46 97.2606
2121.83 97.2481
2122.19 97.2349
2122.56 97.2207
2122.92 97.2056
2123.29 97.1894
2123.66 97.172
2124.02 97.1531
2124.39 97.1326
2124.76 97.0899
2125.12 97.0658
2125.49 97.043
2125.85 97.0223
2126.22 97.004
2126.59 96.9879
2126.95 96.9736
2127.32 96.9629
2127.69 96.9514
2128.05 96.9411
2128.42 96.9315
2128.78 96.9226
2129.15 96.9141
2129.52 96.906
2129.88 96.8982
2130.25 96.8906
2130.61 96.8832
2130.98 96.8723
2131.35 96.8657
2131.71 96.8593
2132.08 96.8533
2132.45 96.8475
2132.81 96.842
2133.18 96.8367
2133.54 96.8318
2133.91 96.8296
2134.28 96.8256
2134.64 96.822
2135.01 96.8188
2135.38 96.816
2135.74 96.8133
2136.11 96.8108
2136.47 96.8084
2136.84 96.8062
2137.21 96.8058
2137.57 96.8041
2137.94 96.8025
2138.31 96.8009
2138.67 96.7992
2139.04 96.7973
2139.4 96.7951
2139.77 96.7925
2140.14 96.7894
2140.5 96.7898
2140.87 96.7856
2141.24 96.7806
2141.6 96.7749
2141.97 96.7684
2142.33 96.761
2142.7 96.7528
2143.07 96.7436
2143.43 96.7269
2143.8 96.7145
2144.16 96.7012
2144.53 96.6877
2144.9 96.6743
2145.26 96.6616
2145.63 96.6498
2146 96.6391
2146.36 96.6295
2146.73 96.6244
2147.09 96.6164
2147.46 96.6093
2147.83 96.6029
2148.19 96.5973
2148.56 96.5923
2148.93 96.5881
2149.29 96.5846
2149.66 96.5776
2150.02 96.5755
2150.39 96.574
2150.76 96.5729
2151.12 96.5721
2151.49 96.5713
2151.86 96.57
2152.22 96.5681
2152.59 96.5651
2152.95 96.5612
2153.32 96.5552
2153.69 96.5498
2154.05 96.5434
2154.42 96.5361
2154.78 96.528
2155.15 96.5192
2155.52 96.5034
2155.88 96.4944
2156.25 96.4853
2156.62 96.4765
2156.98 96.4678
2157.35 96.4595
2157.71 96.4517
2158.08 96.4443
2158.45 96.4373
2158.81 96.4307
2159.18 96.4243
2159.55 96.418
2159.91 96.4104
2160.28 96.4035
2160.64 96.3961
2161.01 96.3882
2161.38 96.3795
2161.74 96.3597
2162.11 96.349
2162.48 96.3375
2162.84 96.3256
2163.21 96.3132
2163.57 96.3004
2163.94 96.2872
2164.31 96.2737
2164.67 96.2598
2165.04 96.2456
2165.41 96.2314
2165.77 96.2171
2166.14 96.2029
2166.5 96.1939
2166.87 96.1804
2167.24 96.1674
2167.6 96.1549
2167.97 96.1372
2168.33 96.1267
2168.7 96.1169
2169.07 96.1077
2169.43 96.0991
2169.8 96.0911
2170.17 96.0835
2170.53 96.0765
2170.9 96.07
2171.26 96.064
2171.63 96.0587
2172 96.054
2172.36 96.0497
2172.73 96.0456
2173.1 96.0427
2173.46 96.0384
2173.83 96.0337
2174.19 96.0248
2174.56 96.0186
2174.93 96.0115
2175.29 96.0035
2175.66 95.9946
2176.03 95.9849
2176.39 95.9746
2176.76 95.9639
2177.12 95.9528
2177.49 95.9413
2177.86 95.9296
2178.22 95.9174
2178.59 95.9048
2178.95 95.8916
2179.32 95.8858
2179.69 95.8714
2180.05 95.8561
2180.42 95.8314
2180.79 95.8135
2181.15 95.7952
2181.52 95.777
2181.88 95.7596
2182.25 95.7434
2182.62 95.7287
2182.98 95.7153
2183.35 95.7031
2183.72 95.6919
2184.08 95.6815
2184.45 95.6716
2184.81 95.6622
2185.18 95.6529
2185.55 95.6438
2185.91 95.6437
2186.28 95.6344
2186.65 95.6243
2187.01 95.6147
2187.38 95.6051
2187.74 95.5956
2188.11 95.5865
2188.48 95.5779
2188.84 95.5698
2189.21 95.5623
2189.57 95.5554
2189.94 95.5491
2190.31 95.5433
2190.67 95.5379
2191.04 95.533
2191.41 95.5283
2191.77 95.5239
2192.14 95.5197
2192.5 95.5173
2192.87 95.5129
2193.24 95.5084
2193.6 95.504
2193.97 95.4996
2194.34 95.4952
2194.7 95.4911
2195.07 95.487
2195.43 95.4832
2195.8 95.4794
2196.17 95.4757
2196.53 95.472
2196.9 95.4683
2197.27 95.4646
2197.63 95.4608
2198 95.4568
2198.36 95.4527
2198.73 95.4456
2199.1 95.4424
2199.46 95.4371
2199.83 95.432
2200.2 95.4271
2200.56 95.4226
2200.93 95.4184
2201.29 95.4144
2201.66 95.4105
2202.03 95.4067
2202.39 95.4028
2202.76 95.3988
2203.12 95.3947
2203.49 95.3905
2203.86 95.3863
2204.22 95.3818
2204.59 95.3773
2204.96 95.374
2205.32 95.3691
2205.69 95.3707
2206.05 95.3655
2206.42 95.3598
2206.79 95.3535
2207.15 95.3467
2207.52 95.3392
2207.89 95.3309
2208.25 95.3217
2208.62 95.3113
2208.98 95.2998
2209.35 95.2869
2209.72 95.2726
2210.08 95.2572
2210.45 95.2407
2210.82 95.2234
2211.18 95.1997
2211.55 95.1816
2211.91 95.1636
2212.28 95.1581
2212.65 95.1408
2213.01 95.124
2213.38 95.1078
2213.74 95.0921
2214.11 95.077
2214.48 95.0623
2214.84 95.0479
2215.21 95.0336
2215.58 95.0194
2215.94 95.0051
2216.31 94.9907
2216.67 94.9761
2217.04 94.9613
2217.41 94.9413
2217.77 94.9256
2218.14 94.9098
2218.51 94.9042
2218.87 94.8886
2219.24 94.8737
2219.6 94.8595
2219.97 94.8462
2220.34 94.8338
2220.7 94.8224
2221.07 94.8118
2221.44 94.802
2221.8 94.7928
2222.17 94.7842
2222.53 94.7759
2222.9 94.7679
2223.27 94.7591
2223.63 94.7514
2224 94.7435
2224.36 94.7356
2224.73 94.7276
2225.1 94.7256
2225.46 94.7168
2225.83 94.7076
2226.2 94.6977
2226.56 94.6872
2226.93 94.6761
2227.29 94.6646
2227.66 94.6526
2228.03 94.6406
2228.39 94.6288
2228.76 94.6174
2229.13 94.6067
2229.49 94.5935
2229.86 94.5853
2230.22 94.578
2230.59 94.5716
2230.96 94.5659
2231.32 94.5609
2231.69 94.5617
2232.06 94.5579
2232.42 94.5546
2232.79 94.5518
2233.15 94.5495
2233.52 94.5476
2233.89 94.5462
2234.25 94.5452
2234.62 94.5444
2234.99 94.5437
2235.35 94.5428
2235.72 94.5438
2236.08 94.5417
2236.45 94.5389
2236.82 94.5352
2237.18 94.5307
2237.55 94.5254
2237.91 94.5196
2238.28 94.5203
2238.65 94.5141
2239.01 94.5075
2239.38 94.5008
2239.75 94.4939
2240.11 94.4868
2240.48 94.4797
2240.84 94.4725
2241.21 94.4653
2241.58 94.4583
2241.94 94.4528
2242.31 94.4462
2242.68 94.44
2243.04 94.4343
2243.41 94.4292
2243.77 94.4246
2244.14 94.4206
2244.51 94.4171
2244.87 94.4203
2245.24 94.4176
2245.61 94.4153
2245.97 94.4136
2246.34 94.4122
2246.7 94.4114
2247.07 94.4112
2247.44 94.4115
2247.8 94.4123
2248.17 94.4189
2248.53 94.421
2248.9 94.4235
2249.27 94.4263
2249.63 94.4295
2250 94.4327
2250.37 94.4361
2250.73 94.4393
2251.1 94.4445
2251.46 94.4473
2251.83 94.4498
2252.2 94.4517
2252.56 94.453
2252.93 94.4538
2253.3 94.454
2253.66 94.4538
2254.03 94.4532
2254.39 94.4564
2254.76 94.4553
2255.13 94.4542
2255.49 94.4532
2255.86 94.4524
2256.23 94.4519
2256.59 94.4516
2256.96 94.4517
2257.32 94.4521
2257.69 94.4553
2258.06 94.4557
2258.42 94.4562
2258.79 94.4567
2259.16 94.4573
2259.52 94.4579
2259.89 94.4585
2260.25 94.4606
2260.62 94.461
2260.99 94.4616
2261.35 94.4625
2261.72 94.4637
2262.08 94.4652
2262.45 94.4671
2262.82 94.4693
2263.18 94.4716
2263.55 94.474
2263.92 94.4763
2264.28 94.4781
2264.65 94.4805
2265.01 94.4827
2265.38 94.4845
2265.75 94.4861
2266.11 94.4875
2266.48 94.4917
2266.85 94.4929
2267.21 94.494
2267.58 94.495
2267.94 94.496
2268.31 94.497
2268.68 94.4979
2269.04 94.4988
2269.41 94.4995
2269.78 94.4999
2270.14 94.4999
2270.51 94.4997
2270.87 94.5036
2271.24 94.5029
2271.61 94.5016
2271.97 94.4997
2272.34 94.4972
2272.7 94.4954
2273.07 94.491
2273.44 94.4859
2273.8 94.4804
2274.17 94.4746
2274.54 94.4688
2274.9 94.463
2275.27 94.4577
2275.63 94.453
2276 94.4491
2276.37 94.4462
2276.73 94.4442
2277.1 94.4432
2277.47 94.4478
2277.83 94.4484
2278.2 94.4499
2278.56 94.4522
2278.93 94.4626
2279.3 94.4664
2279.66 94.4707
2280.03 94.4752
2280.4 94.4799
2280.76 94.4847
2281.13 94.4899
2281.49 94.4954
2281.86 94.5013
2282.23 94.5074
2282.59 94.5137
2282.96 94.52
2283.32 94.5262
2283.69 94.5347
2284.06 94.5407
2284.42 94.5467
2284.79 94.5525
2285.16 94.5656
2285.52 94.5705
2285.89 94.5752
2286.25 94.5794
2286.62 94.5832
2286.99 94.5869
2287.35 94.5904
2287.72 94.594
2288.09 94.5976
2288.45 94.6013
2288.82 94.605
2289.18 94.6087
2289.55 94.6123
2289.92 94.616
2290.28 94.6219
2290.65 94.6258
2291.02 94.636
2291.38 94.6401
2291.75 94.6443
2292.11 94.6486
2292.48 94.6531
2292.85 94.6577
2293.21 94.6626
2293.58 94.6676
2293.95 94.6727
2294.31 94.6781
2294.68 94.6838
2295.04 94.6898
2295.41 94.6962
2295.78 94.7031
2296.14 94.7104
2296.51 94.7181
2296.87 94.7237
2297.24 94.7375
2297.61 94.7457
2297.97 94.7535
2298.34 94.7604
2298.71 94.7663
2299.07 94.7711
2299.44 94.7748
2299.8 94.7775
2300.17 94.7794
2300.54 94.7807
2300.9 94.7813
2301.27 94.7814
2301.64 94.7811
2302 94.7803
2302.37 94.7791
2302.73 94.7776
2303.1 94.7756
2303.47 94.7873
2303.83 94.7842
2304.2 94.7809
2304.57 94.7777
2304.93 94.7748
2305.3 94.7723
2305.66 94.7706
2306.03 94.7697
2306.4 94.7698
2306.76 94.771
2307.13 94.7732
2307.49 94.7764
2307.86 94.7806
2308.23 94.7857
2308.59 94.7916
2308.96 94.7984
2309.33 94.8059
2309.69 94.8218
2310.06 94.8293
2310.42 94.8381
2310.79 94.8472
2311.16 94.8566
2311.52 94.8659
2311.89 94.875
2312.26 94.8837
2312.62 94.8918
2312.99 94.8993
2313.35 94.906
2313.72 94.9118
2314.09 94.9168
2314.45 94.9212
2314.82 94.925
2315.19 94.9285
2315.55 94.9317
2315.92 94.9386
2316.28 94.9413
2316.65 94.9451
2317.02 94.9476
2317.38 94.95
2317.75 94.9524
2318.11 94.9549
2318.48 94.9575
2318.85 94.9603
2319.21 94.9632
2319.58 94.9661
2319.95 94.9691
2320.31 94.9721
2320.68 94.9753
2321.04 94.9786
2321.41 94.9823
2321.78 94.9863
2322.14 94.9953
2322.51 95.0001
2322.88 95.0048
2323.24 95.01
2323.61 95.0156
2323.97 95.0213
2324.34 95.0272
2324.71 95.0331
2325.07 95.0388
2325.44 95.0441
2325.81 95.049
2326.17 95.0535
2326.54 95.0575
2326.9 95.0609
2327.27 95.0638
2327.64 95.066
2328 95.0683
2328.37 95.0695
2328.74 95.0704
2329.1 95.0709
2329.47 95.0716
2329.83 95.0722
2330.2 95.0727
2330.57 95.0734
2330.93 95.0742
2331.3 95.0754
2331.66 95.077
2332.03 95.079
2332.4 95.0813
2332.76 95.0841
2333.13 95.0872
2333.5 95.0906
2333.86 95.0942
2334.23 95.1009
2334.59 95.1036
2334.96 95.1055
2335.33 95.1068
2335.69 95.1073
2336.06 95.109
2336.43 95.1087
2336.79 95.1081
2337.16 95.1076
2337.52 95.1075
2337.89 95.1078
2338.26 95.1087
2338.62 95.1103
2338.99 95.1126
2339.36 95.1156
2339.72 95.1191
2340.09 95.1229
2340.45 95.1301
2340.82 95.1335
2341.19 95.1362
2341.55 95.138
2341.92 95.1389
2342.28 95.1388
2342.65 95.1402
2343.02 95.1385
2343.38 95.1357
2343.75 95.1316
2344.12 95.1263
2344.48 95.1197
2344.85 95.112
2345.21 95.1032
2345.58 95.0937
2345.95 95.0836
2346.31 95.0732
2346.68 95.0571
2347.05 95.0466
2347.41 95.0365
2347.78 95.0268
2348.14 95.0177
2348.51 95.0094
2348.88 95.0021
2349.24 95.0001
2349.61 94.995
2349.98 94.9911
2350.34 94.9885
2350.71 94.9871
2351.07 94.9869
2351.44 94.9878
2351.81 94.9898
2352.17 94.9929
2352.54 94.9968
2352.91 95.0073
2353.27 95.013
2353.64 95.0192
2354 95.026
2354.37 95.0331
2354.74 95.0405
2355.1 95.0482
2355.47 95.0546
2355.83 95.0623
2356.2 95.0699
2356.57 95.0773
2356.93 95.0844
2357.3 95.0911
2357.67 95.0973
2358.03 95.103
2358.4 95.1081
2358.76 95.1152
2359.13 95.1182
2359.5 95.1205
2359.86 95.1222
2360.23 95.1234
2360.6 95.1244
2360.96 95.1253
2361.33 95.1264
2361.69 95.1277
2362.06 95.1255
2362.43 95.1272
2362.79 95.1294
2363.16 95.1318
2363.53 95.1345
2363.89 95.1374
2364.26 95.1402
2364.62 95.1426
2364.99 95.1405
2365.36 95.141
2365.72 95.1406
2366.09 95.1396
2366.45 95.1383
2366.82 95.1368
2367.19 95.1355
2367.55 95.1344
2367.92 95.1335
2368.29 95.1331
2368.65 95.1307
2369.02 95.1313
2369.38 95.1322
2369.75 95.1334
2370.12 95.135
2370.48 95.1369
2370.85 95.1391
2371.22 95.1419
2371.58 95.1452
2371.95 95.1491
2372.31 95.1537
2372.68 95.1591
2373.05 95.1652
2373.41 95.1722
2373.78 95.1798
2374.15 95.188
2374.51 95.1963
2374.88 95.2044
2375.24 95.2041
2375.61 95.211
2375.98 95.2166
2376.34 95.2207
2376.71 95.2233
2377.07 95.2246
2377.44 95.2205
2377.81 95.2192
2378.17 95.2174
2378.54 95.2156
2378.91 95.214
2379.27 95.2129
2379.64 95.2124
2380 95.2127
2380.37 95.2138
2380.74 95.2159
2381.1 95.2191
2381.47 95.2232
2381.84 95.2229
2382.2 95.2286
2382.57 95.2353
2382.93 95.2432
2383.3 95.2525
2383.67 95.265
2384.03 95.278
2384.4 95.2929
2384.77 95.3099
2385.13 95.3287
2385.5 95.3482
2385.86 95.3671
2386.23 95.3845
2386.6 95.4
2386.96 95.414
2387.33 95.4264
2387.7 95.4376
2388.06 95.4478
2388.43 95.4517
2388.79 95.4611
2389.16 95.4698
2389.53 95.4779
2389.89 95.4901
2390.26 95.4975
2390.62 95.5046
2390.99 95.5113
2391.36 95.5176
2391.72 95.5235
2392.09 95.5289
2392.46 95.5338
2392.82 95.5381
2393.19 95.5421
2393.55 95.5455
2393.92 95.5485
2394.29 95.5511
2394.65 95.5526
2395.02 95.5543
2395.39 95.5555
2395.75 95.557
2396.12 95.5573
2396.48 95.5572
2396.85 95.557
2397.22 95.5565
2397.58 95.5558
2397.95 95.555
2398.32 95.5539
2398.68 95.5528
2399.05 95.5515
2399.41 95.5501
2399.78 95.5489
2400.15 95.5477
2400.51 95.5467
2400.88 95.5459
2401.24 95.5483
2401.61 95.5479
2401.98 95.5503
2402.34 95.5506
2402.71 95.5513
2403.08 95.5524
2403.44 95.554
2403.81 95.556
2404.17 95.5584
2404.54 95.5614
2404.91 95.5649
2405.27 95.5691
2405.64 95.574
2406.01 95.5797
2406.37 95.5862
2406.74 95.5931
2407.1 95.6
2407.47 95.6065
2407.84 95.6059
2408.2 95.6084
2408.57 95.6106
2408.94 95.611
2409.3 95.6096
2409.67 95.6065
2410.03 95.6019
2410.4 95.5959
2410.77 95.5888
2411.13 95.581
2411.5 95.5727
2411.86 95.5643
2412.23 95.5564
2412.6 95.5492
2412.96 95.5429
2413.33 95.5378
2413.7 95.5337
2414.06 95.5305
2414.43 95.521
2414.79 95.5202
2415.16 95.5202
2415.53 95.521
2415.89 95.5225
2416.26 95.525
2416.63 95.5282
2416.99 95.5323
2417.36 95.5373
2417.72 95.5431
2418.09 95.5496
2418.46 95.5566
2418.82 95.564
2419.19 95.5714
2419.56 95.5788
2419.92 95.586
2420.29 95.593
2420.65 95.6021
2421.02 95.6042
2421.39 95.6099
2421.75 95.6153
2422.12 95.6202
2422.49 95.6249
2422.85 95.6293
2423.22 95.6338
2423.58 95.6384
2423.95 95.6434
2424.32 95.6489
2424.68 95.655
2425.05 95.6618
2425.41 95.6693
2425.78 95.6775
2426.15 95.6863
2426.51 95.6972
2426.88 95.7072
2427.25 95.7088
2427.61 95.7192
2427.98 95.7297
2428.34 95.7403
2428.71 95.7508
2429.08 95.7613
2429.44 95.7717
2429.81 95.782
2430.18 95.792
2430.54 95.8018
2430.91 95.8111
2431.27 95.82
2431.64 95.8283
2432.01 95.8361
2432.37 95.8434
2432.74 95.8508
2433.11 95.8569
2433.47 95.8623
2433.84 95.8628
2434.2 95.8675
2434.57 95.8716
2434.94 95.875
2435.3 95.8779
2435.67 95.8803
2436.03 95.8824
2436.4 95.884
2436.77 95.8853
2437.13 95.8862
2437.5 95.8866
2437.87 95.8866
2438.23 95.8861
2438.6 95.8854
2438.96 95.8809
2439.33 95.8798
2439.7 95.8788
2440.06 95.878
2440.43 95.8744
2440.8 95.8741
2441.16 95.8743
2441.53 95.8748
2441.89 95.8757
2442.26 95.8771
2442.63 95.8789
2442.99 95.8812
2443.36 95.8841
2443.73 95.8874
2444.09 95.8914
2444.46 95.8959
2444.82 95.9011
2445.19 95.9088
2445.56 95.9156
2445.92 95.9232
2446.29 95.9313
2446.66 95.94
2447.02 95.9423
2447.39 95.9514
2447.75 95.9608
2448.12 95.9705
2448.49 95.98
2448.85 95.9887
2449.22 95.9959
2449.58 96.0011
2449.95 96.004
2450.32 96.0046
2450.68 96.0027
2451.05 95.9985
2451.42 95.982
2451.78 95.9708
2452.15 95.9569
2452.51 95.9402
2452.88 95.9212
2453.25 95.9015
2453.61 95.8823
2453.98 95.8656
2454.35 95.8511
2454.71 95.8386
2455.08 95.8279
2455.44 95.8188
2455.81 95.811
2456.18 95.8043
2456.54 95.7987
2456.91 95.794
2457.28 95.79
2457.64 95.7826
2458.01 95.7808
2458.37 95.7796
2458.74 95.7791
2459.11 95.7791
2459.47 95.7797
2459.84 95.7808
2460.2 95.781
2460.57 95.783
2460.94 95.7853
2461.3 95.7881
2461.67 95.7912
2462.04 95.7946
2462.4 95.7983
2462.77 95.8021
2463.13 95.8061
2463.5 95.8119
2463.87 95.8157
2464.23 95.8191
2464.6 95.8222
2464.97 95.8249
2465.33 95.8272
2465.7 95.829
2466.06 95.8304
2466.43 95.8297
2466.8 95.83
2467.16 95.8298
2467.53 95.8292
2467.9 95.8282
2468.26 95.8269
2468.63 95.8251
2468.99 95.8229
2469.36 95.8203
2469.73 95.8099
2470.09 95.8065
2470.46 95.8029
2470.82 95.799
2471.19 95.7946
2471.56 95.7897
2471.92 95.7842
2472.29 95.7778
2472.66 95.7704
2473.02 95.7614
2473.39 95.7525
2473.75 95.7428
2474.12 95.7325
2474.49 95.7218
2474.85 95.7109
2475.22 95.7001
2475.59 95.6891
2475.95 95.6677
2476.32 95.656
2476.68 95.6439
2477.05 95.6312
2477.42 95.6179
2477.78 95.6039
2478.15 95.5891
2478.52 95.5734
2478.88 95.5569
2479.25 95.5393
2479.61 95.5179
2479.98 95.4962
2480.35 95.4716
2480.71 95.4419
2481.08 95.4006
2481.45 95.3652
2481.81 95.3393
2482.18 95.2965
2482.54 95.2827
2482.91 95.2713
2483.28 95.2619
2483.64 95.2542
2484.01 95.2479
2484.37 95.2426
2484.74 95.2382
2485.11 95.2346
2485.47 95.2319
2485.84 95.23
2486.21 95.2264
2486.57 95.2262
2486.94 95.2268
2487.3 95.2282
2487.67 95.2304
2488.04 95.2333
2488.4 95.2372
2488.77 95.2419
2489.14 95.2471
2489.5 95.2529
2489.87 95.259
2490.23 95.2653
2490.6 95.2715
2490.97 95.2773
2491.33 95.2825
2491.7 95.2871
2492.07 95.2909
2492.43 95.2937
2492.8 95.293
2493.16 95.2945
2493.53 95.2952
2493.9 95.295
2494.26 95.2909
2494.63 95.2888
2494.99 95.286
2495.36 95.2825
2495.73 95.2785
2496.09 95.2741
2496.46 95.2694
2496.83 95.2648
2497.19 95.2604
2497.56 95.2564
2497.92 95.2529
2498.29 95.25
2498.66 95.2477
2499.02 95.2416
2499.39 95.24
2499.76 95.2389
2500.12 95.238
2500.49 95.2294
2500.85 95.2271
2501.22 95.2235
2501.59 95.2181
2501.95 95.2101
2502.32 95.1987
2502.69 95.1833
2503.05 95.1648
2503.42 95.1474
2503.78 95.1331
2504.15 95.1218
2504.52 95.1128
2504.88 95.1056
2505.25 95.0999
2505.61 95.0963
2505.98 95.0932
2506.35 95.091
2506.71 95.0902
2507.08 95.0902
2507.45 95.0908
2507.81 95.092
2508.18 95.0937
2508.54 95.096
2508.91 95.0988
2509.28 95.1021
2509.64 95.1061
2510.01 95.1105
2510.38 95.1155
2510.74 95.121
2511.11 95.1267
2511.47 95.1327
2511.84 95.1386
2512.21 95.1443
2512.57 95.15
2512.94 95.1609
2513.31 95.1661
2513.67 95.171
2514.04 95.1755
2514.4 95.1797
2514.77 95.1834
2515.14 95.1867
2515.5 95.1895
2515.87 95.1918
2516.24 95.1937
2516.6 95.1952
2516.97 95.1963
2517.33 95.1969
2517.7 95.1971
2518.07 95.197
2518.43 95.1964
2518.8 95.197
2519.16 95.1964
2519.53 95.1951
2519.9 95.1935
2520.26 95.1916
2520.63 95.1895
2521 95.1871
2521.36 95.1846
2521.73 95.1818
2522.09 95.1788
2522.46 95.1756
2522.83 95.1723
2523.19 95.1688
2523.56 95.1653
2523.93 95.1617
2524.29 95.1582
2524.66 95.1547
2525.02 95.1514
2525.39 95.1527
2525.76 95.1497
2526.12 95.1469
2526.49 95.1443
2526.86 95.142
2527.22 95.14
2527.59 95.1383
2527.95 95.1369
2528.32 95.1358
2528.69 95.1348
2529.05 95.134
2529.42 95.1334
2529.78 95.1328
2530.15 95.1323
2530.52 95.1317
2530.88 95.1311
2531.25 95.1321
2531.62 95.1311
2531.98 95.1324
2532.35 95.1311
2532.71 95.1298
2533.08 95.1285
2533.45 95.1273
2533.81 95.1261
2534.18 95.1251
2534.55 95.1243
2534.91 95.1237
2535.28 95.1235
2535.64 95.1235
2536.01 95.1239
2536.38 95.1248
2536.74 95.1262
2537.11 95.128
2537.48 95.1328
2537.84 95.1354
2538.21 95.1383
2538.57 95.1412
2538.94 95.1444
2539.31 95.1478
2539.67 95.1515
2540.04 95.1553
2540.41 95.1591
2540.77 95.1629
2541.14 95.1666
2541.5 95.1701
2541.87 95.1736
2542.24 95.177
2542.6 95.1803
2542.97 95.1835
2543.33 95.1865
2543.7 95.1938
2544.07 95.1964
2544.43 95.1986
2544.8 95.2025
2545.17 95.204
2545.53 95.205
2545.9 95.2054
2546.26 95.2053
2546.63 95.2048
2547 95.204
2547.36 95.2031
2547.73 95.2024
2548.1 95.2019
2548.46 95.2018
2548.83 95.2021
2549.19 95.2028
2549.56 95.204
2549.93 95.2089
2550.29 95.2107
2550.66 95.2128
2551.03 95.2151
2551.39 95.2176
2551.76 95.2198
2552.12 95.2222
2552.49 95.2246
2552.86 95.227
2553.22 95.2291
2553.59 95.2308
2553.95 95.2317
2554.32 95.2318
2554.69 95.2308
2555.05 95.2286
2555.42 95.2252
2555.79 95.2206
2556.15 95.2124
2556.52 95.2063
2556.88 95.2003
2557.25 95.1945
2557.62 95.189
2557.98 95.1898
2558.35 95.1855
2558.72 95.1816
2559.08 95.1779
2559.45 95.1745
2559.81 95.1714
2560.18 95.1684
2560.55 95.1654
2560.91 95.1625
2561.28 95.1595
2561.65 95.1563
2562.01 95.1565
2562.38 95.1532
2562.74 95.1498
2563.11 95.1465
2563.48 95.1432
2563.84 95.1401
2564.21 95.137
2564.57 95.1404
2564.94 95.1375
2565.31 95.1347
2565.67 95.1319
2566.04 95.1291
2566.41 95.1262
2566.77 95.1233
2567.14 95.1203
2567.5 95.1172
2567.87 95.1141
2568.24 95.1118
2568.6 95.1082
2568.97 95.1045
2569.34 95.1009
2569.7 95.0974
2570.07 95.0939
2570.43 95.0906
2570.8 95.0922
2571.17 95.0893
2571.53 95.0867
2571.9 95.0844
2572.27 95.0823
2572.63 95.0806
2573 95.0791
2573.36 95.0778
2573.73 95.0767
2574.1 95.0757
2574.46 95.0797
2574.83 95.0794
2575.2 95.0794
2575.56 95.0796
2575.93 95.0802
2576.29 95.081
2576.66 95.0821
2577.03 95.0835
2577.39 95.0897
2577.76 95.0916
2578.12 95.0937
2578.49 95.0959
2578.86 95.0981
2579.22 95.1004
2579.59 95.1028
2579.96 95.1051
2580.32 95.1076
2580.69 95.1179
2581.05 95.1204
2581.42 95.1229
2581.79 95.1252
2582.15 95.1275
2582.52 95.1297
2582.89 95.1319
2583.25 95.134
2583.62 95.1362
2583.98 95.1443
2584.35 95.1466
2584.72 95.149
2585.08 95.1516
2585.45 95.1544
2585.82 95.1574
2586.18 95.1605
2586.55 95.1636
2586.91 95.1731
2587.28 95.1758
2587.65 95.1783
2588.01 95.1805
2588.38 95.1823
2588.74 95.1839
2589.11 95.1851
2589.48 95.186
2589.84 95.1865
2590.21 95.1868
2590.58 95.1926
2590.94 95.1924
2591.31 95.192
2591.67 95.1913
2592.04 95.1904
2592.41 95.1891
2592.77 95.1875
2593.14 95.1896
2593.51 95.1869
2593.87 95.1838
2594.24 95.1803
2594.6 95.1765
2594.97 95.1724
2595.34 95.168
2595.7 95.1633
2596.07 95.1584
2596.44 95.1533
2596.8 95.1479
2597.17 95.1459
2597.53 95.1398
2597.9 95.1333
2598.27 95.1266
2598.63 95.1196
2599 95.1086
2599.36 95.1016
2599.73 95.095
2600.1 95.0891
2600.46 95.084
2600.83 95.0796
2601.2 95.076
2601.56 95.0731
2601.93 95.0708
2602.29 95.0691
2602.66 95.0679
2603.03 95.0671
2603.39 95.0667
2603.76 95.0703
2604.13 95.0703
2604.49 95.0704
2604.86 95.0706
2605.22 95.0749
2605.59 95.075
2605.96 95.0751
2606.32 95.0751
2606.69 95.0749
2607.06 95.0747
2607.42 95.0742
2607.79 95.0736
2608.15 95.0729
2608.52 95.072
2608.89 95.0711
2609.25 95.0702
2609.62 95.0694
2609.99 95.0715
2610.35 95.0708
2610.72 95.0705
2611.08 95.0706
2611.45 95.0737
2611.82 95.0751
2612.18 95.077
2612.55 95.0793
2612.91 95.0817
2613.28 95.0844
2613.65 95.087
2614.01 95.0897
2614.38 95.0923
2614.75 95.0949
2615.11 95.0973
2615.48 95.0996
2615.84 95.1017
2616.21 95.1036
2616.58 95.1071
2616.94 95.1089
2617.31 95.1106
2617.68 95.1163
2618.04 95.1181
2618.41 95.1198
2618.77 95.1214
2619.14 95.1232
2619.51 95.125
2619.87 95.127
2620.24 95.1292
2620.61 95.1317
2620.97 95.1345
2621.34 95.1377
2621.7 95.1414
2622.07 95.1455
2622.44 95.1499
2622.8 95.1546
2623.17 95.1605
2623.53 95.1653
2623.9 95.1764
2624.27 95.181
2624.63 95.1855
2625 95.1896
2625.37 95.1934
2625.73 95.1967
2626.1 95.1997
2626.46 95.2023
2626.83 95.2046
2627.2 95.2066
2627.56 95.2083
2627.93 95.2098
2628.3 95.2112
2628.66 95.2123
2629.03 95.2133
2629.39 95.2142
2629.76 95.2168
2630.13 95.2169
2630.49 95.2171
2630.86 95.2176
2631.23 95.2187
2631.59 95.2204
2631.96 95.2229
2632.32 95.2261
2632.69 95.2299
2633.06 95.2344
2633.42 95.2393
2633.79 95.2446
2634.16 95.2501
2634.52 95.2557
2634.89 95.2614
2635.25 95.2669
2635.62 95.2721
2635.99 95.2782
2636.35 95.2795
2636.72 95.2839
2637.08 95.2876
2637.45 95.2906
2637.82 95.293
2638.18 95.2948
2638.55 95.2962
2638.92 95.2972
2639.28 95.298
2639.65 95.2988
2640.01 95.2997
2640.38 95.3007
2640.75 95.3021
2641.11 95.3037
2641.48 95.3056
2641.85 95.3077
2642.21 95.318
2642.58 95.3261
2642.94 95.329
2643.31 95.332
2643.68 95.3351
2644.04 95.3382
2644.41 95.3414
2644.78 95.3447
2645.14 95.3482
2645.51 95.3518
2645.87 95.3557
2646.24 95.36
2646.61 95.3646
2646.97 95.3696
2647.34 95.3751
2647.7 95.3811
2648.07 95.3877
2648.44 95.4022
2648.8 95.4097
2649.17 95.4163
2649.54 95.424
2649.9 95.432
2650.27 95.4401
2650.63 95.4481
2651 95.4557
2651.37 95.4628
2651.73 95.4694
2652.1 95.4755
2652.47 95.4811
2652.83 95.4864
2653.2 95.4914
2653.56 95.4965
2653.93 95.502
2654.3 95.5081
2654.66 95.5182
2655.03 95.5262
2655.4 95.5349
2655.76 95.5392
2656.13 95.5486
2656.49 95.5582
2656.86 95.5676
2657.23 95.5767
2657.59 95.5854
2657.96 95.5936
2658.32 95.6011
2658.69 95.6079
2659.06 95.6141
2659.42 95.6198
2659.79 95.625
2660.16 95.6298
2660.52 95.6378
2660.89 95.6419
2661.25 95.6459
2661.62 95.6496
2661.99 95.6532
2662.35 95.6565
2662.72 95.6602
2663.09 95.664
2663.45 95.668
2663.82 95.6722
2664.18 95.6765
2664.55 95.6811
2664.92 95.6859
2665.28 95.6908
2665.65 95.6959
2666.02 95.7012
2666.38 95.7066
2666.75 95.7159
2667.11 95.7213
2667.48 95.727
2667.85 95.7329
2668.21 95.7391
2668.58 95.7456
2668.95 95.7477
2669.31 95.7544
2669.68 95.7613
2670.04 95.768
2670.41 95.7745
2670.78 95.7806
2671.14 95.7863
2671.51 95.7915
2671.87 95.7963
2672.24 95.8008
2672.61 95.8049
2672.97 95.8111
2673.34 95.8146
2673.71 95.8177
2674.07 95.8205
2674.44 95.823
2674.8 95.825
2675.17 95.8266
2675.54 95.8286
2675.9 95.8296
2676.27 95.8301
2676.64 95.8302
2677 95.8297
2677.37 95.8288
2677.73 95.8275
2678.1 95.8259
2678.47 95.8239
2678.83 95.8218
2679.2 95.8199
2679.57 95.8175
2679.93 95.815
2680.3 95.8123
2680.66 95.8094
2681.03 95.8063
2681.4 95.803
2681.76 95.803
2682.13 95.7998
2682.49 95.7968
2682.86 95.7939
2683.23 95.7914
2683.59 95.7891
2683.96 95.7872
2684.33 95.7856
2684.69 95.7844
2685.06 95.7836
2685.42 95.786
2685.79 95.7863
2686.16 95.7872
2686.52 95.7886
2686.89 95.7906
2687.26 95.7932
2687.62 95.7965
2687.99 95.8003
2688.35 95.8051
2688.72 95.8096
2689.09 95.8142
2689.45 95.819
2689.82 95.8237
2690.19 95.8283
2690.55 95.8327
2690.92 95.8368
2691.28 95.8405
2691.65 95.8477
2692.02 95.8503
2692.38 95.8525
2692.75 95.8542
2693.11 95.8554
2693.48 95.856
2693.85 95.8561
2694.21 95.8555
2694.58 95.8542
2694.95 95.8538
2695.31 95.8507
2695.68 95.8465
2696.04 95.841
2696.41 95.8339
2696.78 95.8251
2697.14 95.8144
2697.51 95.7885
2697.88 95.7712
2698.24 95.7525
2698.61 95.7337
2698.97 95.7163
2699.34 95.7009
2699.71 95.6877
2700.07 95.6765
2700.44 95.6672
2700.81 95.6596
2701.17 95.6537
2701.54 95.6496
2701.9 95.6462
2702.27 95.6441
2702.64 95.6433
2703 95.6437
2703.37 95.6453
2703.74 95.6486
2704.1 95.6529
2704.47 95.6584
2704.83 95.6651
2705.2 95.6729
2705.57 95.6817
2705.93 95.6916
2706.3 95.7025
2706.66 95.714
2707.03 95.726
2707.4 95.7382
2707.76 95.7501
2708.13 95.7536
2708.5 95.7654
2708.86 95.7768
2709.23 95.7877
2709.59 95.798
2709.96 95.813
2710.33 95.8224
2710.69 95.8312
2711.06 95.8392
2711.43 95.8465
2711.79 95.853
2712.16 95.8586
2712.52 95.8632
2712.89 95.8669
2713.26 95.8696
2713.62 95.8712
2713.99 95.872
2714.36 95.8736
2714.72 95.8732
2715.09 95.8724
2715.45 95.8712
2715.82 95.8698
2716.19 95.8693
2716.55 95.8683
2716.92 95.8675
2717.28 95.8671
2717.65 95.867
2718.02 95.8673
2718.38 95.8679
2718.75 95.8688
2719.12 95.8698
2719.48 95.8709
2719.85 95.8719
2720.21 95.8729
2720.58 95.8736
2720.95 95.8735
2721.31 95.8739
2721.68 95.8742
2722.05 95.8746
2722.41 95.8763
2722.78 95.8777
2723.14 95.8794
2723.51 95.8814
2723.88 95.8838
2724.24 95.8865
2724.61 95.8894
2724.98 95.8926
2725.34 95.896
2725.71 95.8997
2726.07 95.9035
2726.44 95.9075
2726.81 95.9118
2727.17 95.9163
2727.54 95.922
2727.91 95.9268
2728.27 95.9375
2728.64 95.9424
2729 95.9474
2729.37 95.9522
2729.74 95.957
2730.1 95.9617
2730.47 95.9663
2730.83 95.9708
2731.2 95.9751
2731.57 95.9793
2731.93 95.9832
2732.3 95.9868
2732.67 95.99
2733.03 95.9928
2733.4 95.995
2733.76 95.9968
2734.13 95.9974
2734.5 95.9964
2734.86 95.9948
2735.23 95.9922
2735.6 95.9887
2735.96 95.9841
2736.33 95.9785
2736.69 95.972
2737.06 95.9644
2737.43 95.9558
2737.79 95.9464
2738.16 95.9369
2738.53 95.9281
2738.89 95.9207
2739.26 95.9147
2739.62 95.9101
2739.99 95.9067
2740.36 95.9042
2740.72 95.8963
2741.09 95.8958
2741.45 95.8956
2741.82 95.8955
2742.19 95.8953
2742.55 95.8949
2742.92 95.8943
2743.29 95.8933
2743.65 95.892
2744.02 95.8905
2744.38 95.8887
2744.75 95.8868
2745.12 95.8849
2745.48 95.883
2745.85 95.8814
2746.22 95.8802
2746.58 95.8793
2746.95 95.8807
2747.31 95.8827
2747.68 95.8832
2748.05 95.8841
2748.41 95.8854
2748.78 95.8873
2749.15 95.8896
2749.51 95.8925
2749.88 95.896
2750.24 95.9003
2750.61 95.9053
2750.98 95.911
2751.34 95.9176
2751.71 95.9252
2752.07 95.9337
2752.44 95.9433
2752.81 95.9538
2753.17 95.9564
2753.54 95.9459
2753.91 95.9507
2754.27 95.952
2754.64 95.95
2755 95.9471
2755.37 95.9447
2755.74 95.9431
2756.1 95.9422
2756.47 95.9416
2756.84 95.9411
2757.2 95.9407
2757.57 95.9401
2757.93 95.9392
2758.3 95.9379
2758.67 95.936
2759.03 95.9334
2759.4 95.9233
2759.77 95.9185
2760.13 95.9113
2760.5 95.9054
2760.86 95.8989
2761.23 95.8921
2761.6 95.8851
2761.96 95.878
2762.33 95.8709
2762.7 95.864
2763.06 95.8573
2763.43 95.8509
2763.79 95.845
2764.16 95.8394
2764.53 95.8343
2764.89 95.8295
2765.26 95.8225
2765.62 95.8185
2765.99 95.8147
2766.36 95.8109
2766.72 95.8081
2767.09 95.8042
2767.46 95.8004
2767.82 95.7968
2768.19 95.7935
2768.55 95.7907
2768.92 95.7887
2769.29 95.7874
2769.65 95.787
2770.02 95.7876
2770.39 95.789
2770.75 95.7912
2771.12 95.7942
2771.48 95.7948
2771.85 95.7981
2772.22 95.8012
2772.58 95.8039
2772.95 95.8061
2773.32 95.801
2773.68 95.8024
2774.05 95.8035
2774.41 95.8047
2774.78 95.8063
2775.15 95.8083
2775.51 95.8112
2775.88 95.8149
2776.24 95.8196
2776.61 95.825
2776.98 95.8309
2777.34 95.8372
2777.71 95.8412
2778.08 95.8482
2778.44 95.8555
2778.81 95.8632
2779.17 95.8713
2779.54 95.8801
2779.91 95.8793
2780.27 95.8888
2780.64 95.899
2781.01 95.91
2781.37 95.9218
2781.74 95.9346
2782.1 95.9484
2782.47 95.9635
2782.84 95.9801
2783.2 95.9983
2783.57 96.0188
2783.94 96.0401
2784.3 96.0684
2784.67 96.1072
2785.03 96.1409
2785.4 96.1661
2785.77 96.1865
2786.13 96.1825
2786.5 96.1991
2786.86 96.2129
2787.23 96.2241
2787.6 96.2332
2787.96 96.2403
2788.33 96.2458
2788.7 96.2501
2789.06 96.2533
2789.43 96.2556
2789.79 96.2571
2790.16 96.2544
2790.53 96.2554
2790.89 96.2561
2791.26 96.2567
2791.63 96.2572
2791.99 96.2577
2792.36 96.2584
2792.72 96.2581
2793.09 96.2596
2793.46 96.2613
2793.82 96.2633
2794.19 96.2653
2794.56 96.2675
2794.92 96.2698
2795.29 96.2721
2795.65 96.2743
2796.02 96.2779
2796.39 96.2795
2796.75 96.2808
2797.12 96.2818
2797.49 96.2826
2797.85 96.283
2798.22 96.2832
2798.58 96.2831
2798.95 96.2827
2799.32 96.2786
2799.68 96.2775
2800.05 96.2764
2800.41 96.2755
2800.78 96.2747
2801.15 96.2742
2801.51 96.2738
2801.88 96.2735
2802.25 96.2657
2802.61 96.2648
2802.98 96.2637
2803.34 96.2622
2803.71 96.2601
2804.08 96.2572
2804.44 96.2534
2804.81 96.2487
2805.18 96.2428
2805.54 96.2356
2805.91 96.2202
2806.27 96.2102
2806.64 96.1993
2807.01 96.1885
2807.37 96.1791
2807.74 96.172
2808.11 96.1676
2808.47 96.1531
2808.84 96.156
2809.2 96.1625
2809.57 96.1717
2809.94 96.18
2810.3 96.1854
2810.67 96.1885
2811.03 96.1897
2811.4 96.1896
2811.77 96.1884
2812.13 96.1864
2812.5 96.1803
2812.87 96.1779
2813.23 96.1748
2813.6 96.1711
2813.96 96.167
2814.33 96.1624
2814.7 96.1533
2815.06 96.1479
2815.43 96.1418
2815.8 96.1351
2816.16 96.1278
2816.53 96.1197
2816.89 96.1109
2817.26 96.1013
2817.63 96.0909
2817.99 96.0798
2818.36 96.0684
2818.73 96.0611
2819.09 96.0499
2819.46 96.0393
2819.82 96.0294
2820.19 96.0203
2820.56 96.012
2820.92 96.0011
2821.29 95.9948
2821.66 95.9892
2822.02 95.9843
2822.39 95.9801
2822.75 95.9766
2823.12 95.9738
2823.49 95.9717
2823.85 95.9703
2824.22 95.9695
2824.58 95.9694
2824.95 95.9699
2825.32 95.9711
2825.68 95.9723
2826.05 95.9738
2826.42 95.9757
2826.78 95.9777
2827.15 95.9817
2827.51 95.9838
2827.88 95.9859
2828.25 95.9879
2828.61 95.9897
2828.98 95.9914
2829.35 95.9929
2829.71 95.9941
2830.08 95.9951
2830.44 95.9958
2830.81 95.9962
2831.18 95.9963
2831.54 95.9959
2831.91 95.9943
2832.28 95.9931
2832.64 95.9913
2833.01 95.9851
2833.37 95.9815
2833.74 95.9774
2834.11 95.9728
2834.47 95.9677
2834.84 95.9622
2835.2 95.956
2835.57 95.9492
2835.94 95.9414
2836.3 95.9325
2836.67 95.9222
2837.04 95.9101
2837.4 95.8964
2837.77 95.8814
2838.13 95.8668
2838.5 95.8555
2838.87 95.8448
2839.23 95.8305
2839.6 95.8247
2839.97 95.82
2840.33 95.8163
2840.7 95.8134
2841.06 95.8111
2841.43 95.8095
2841.8 95.8085
2842.16 95.8081
2842.53 95.808
2842.9 95.8083
2843.26 95.809
2843.63 95.8099
2843.99 95.811
2844.36 95.8121
2844.73 95.8133
2845.09 95.8147
2845.46 95.817
2845.82 95.8176
2846.19 95.8179
2846.56 95.8178
2846.92 95.8173
2847.29 95.8163
2847.66 95.8148
2848.02 95.8129
2848.39 95.8105
2848.75 95.8076
2849.12 95.8042
2849.49 95.8004
2849.85 95.796
2850.22 95.791
2850.59 95.7854
2850.95 95.7791
2851.32 95.7722
2851.68 95.7626
2852.05 95.7547
2852.42 95.7469
2852.78 95.7394
2853.15 95.7324
2853.52 95.726
2853.88 95.7201
2854.25 95.7146
2854.61 95.7096
2854.98 95.7048
2855.35 95.7004
2855.71 95.6961
2856.08 95.692
2856.45 95.6879
2856.81 95.6838
2857.18 95.6796
2857.54 95.6752
2857.91 95.6685
2858.28 95.6624
2858.64 95.6558
2859.01 95.6489
2859.37 95.6417
2859.74 95.6341
2860.11 95.6261
2860.47 95.6179
2860.84 95.6094
2861.21 95.6008
2861.57 95.5922
2861.94 95.5837
2862.3 95.5754
2862.67 95.5675
2863.04 95.5602
2863.4 95.5533
2863.77 95.5428
2864.14 95.5372
2864.5 95.5335
2864.87 95.5286
2865.23 95.5238
2865.6 95.5192
2865.97 95.5147
2866.33 95.5102
2866.7 95.5059
2867.07 95.5017
2867.43 95.4977
2867.8 95.4939
2868.16 95.4903
2868.53 95.4867
2868.9 95.4832
2869.26 95.4797
2869.63 95.4762
2869.99 95.4682
2870.36 95.4655
2870.73 95.4629
2871.09 95.4606
2871.46 95.4588
2871.83 95.4569
2872.19 95.4551
2872.56 95.4534
2872.92 95.4518
2873.29 95.4502
2873.66 95.4486
2874.02 95.4471
2874.39 95.4455
2874.76 95.4438
2875.12 95.442
2875.49 95.4399
2875.85 95.4377
2876.22 95.4352
2876.59 95.4323
2876.95 95.4291
2877.32 95.4257
2877.69 95.4248
2878.05 95.4208
2878.42 95.4167
2878.78 95.4124
2879.15 95.408
2879.52 95.4036
2879.88 95.3994
2880.25 95.3953
2880.61 95.3916
2880.98 95.3883
2881.35 95.3854
2881.71 95.3829
2882.08 95.3808
2882.45 95.378
2882.81 95.3764
2883.18 95.3748
2883.54 95.3733
2883.91 95.3717
2884.28 95.3704
2884.64 95.3685
2885.01 95.3665
2885.38 95.3643
2885.74 95.362
2886.11 95.3597
2886.47 95.3573
2886.84 95.355
2887.21 95.3527
2887.57 95.3505
2887.94 95.3483
2888.31 95.3462
2888.67 95.3452
2889.04 95.3431
2889.4 95.341
2889.77 95.3389
2890.14 95.3369
2890.5 95.3392
2890.87 95.3375
2891.24 95.3359
2891.6 95.3343
2891.97 95.3327
2892.33 95.3312
2892.7 95.3296
2893.07 95.3278
2893.43 95.3259
2893.8 95.3239
2894.16 95.3216
2894.53 95.3193
2894.9 95.3205
2895.26 95.318
2895.63 95.3155
2896 95.3129
2896.36 95.3103
2896.73 95.3077
2897.09 95.3119
2897.46 95.3092
2897.83 95.3064
2898.19 95.3035
2898.56 95.3003
2898.93 95.297
2899.29 95.2934
2899.66 95.2897
2900.02 95.2857
2900.39 95.2817
2900.76 95.2803
2901.12 95.2761
2901.49 95.272
2901.86 95.2679
2902.22 95.264
2902.59 95.2602
2902.95 95.2564
2903.32 95.2528
2903.69 95.2548
2904.05 95.2512
2904.42 95.2476
2904.78 95.2442
2905.15 95.2409
2905.52 95.2379
2905.88 95.2351
2906.25 95.2325
2906.62 95.2301
2906.98 95.2313
2907.35 95.2295
2907.71 95.2279
2908.08 95.2264
2908.45 95.2251
2908.81 95.2239
2909.18 95.2229
2909.55 95.2221
2909.91 95.2214
2910.28 95.2249
2910.64 95.2243
2911.01 95.224
2911.38 95.224
2911.74 95.2241
2912.11 95.2245
2912.48 95.2251
2912.84 95.2257
2913.21 95.2275
2913.57 95.228
2913.94 95.2286
2914.31 95.2293
2914.67 95.2301
2915.04 95.2311
2915.41 95.2324
2915.77 95.2339
2916.14 95.2358
2916.5 95.238
2916.87 95.2368
2917.24 95.2394
2917.6 95.2421
2917.97 95.2451
2918.33 95.2479
2918.7 95.2506
2919.07 95.253
2919.43 95.2559
2919.8 95.2574
2920.17 95.2583
2920.53 95.2583
2920.9 95.2577
2921.26 95.2562
2921.63 95.2541
2922 95.2512
2922.36 95.2476
2922.73 95.2433
2923.1 95.2383
2923.46 95.2359
2923.83 95.2293
2924.19 95.2218
2924.56 95.2132
2924.93 95.2035
2925.29 95.1927
2925.66 95.1723
2926.03 95.1605
2926.39 95.1494
2926.76 95.1394
2927.12 95.1306
2927.49 95.1228
2927.86 95.1162
2928.22 95.1105
2928.59 95.1056
2928.95 95.1014
2929.32 95.0977
2929.69 95.0963
2930.05 95.0935
2930.42 95.0912
2930.79 95.0893
2931.15 95.0878
2931.52 95.0881
2931.88 95.0877
2932.25 95.0876
2932.62 95.0877
2932.98 95.0881
2933.35 95.0887
2933.72 95.0896
2934.08 95.0907
2934.45 95.092
2934.81 95.0935
2935.18 95.0952
2935.55 95.0969
2935.91 95.0987
2936.28 95.1036
2936.65 95.1056
2937.01 95.1075
2937.38 95.1093
2937.74 95.1159
2938.11 95.1171
2938.48 95.1179
2938.84 95.1182
2939.21 95.118
2939.57 95.1172
2939.94 95.1157
2940.31 95.1137
2940.67 95.1111
2941.04 95.1079
2941.41 95.1042
2941.77 95.1001
2942.14 95.0956
2942.5 95.0908
2942.87 95.0908
2943.24 95.0857
2943.6 95.0805
2943.97 95.0752
2944.34 95.0699
2944.7 95.0645
2945.07 95.059
2945.43 95.0534
2945.8 95.0477
2946.17 95.0419
2946.53 95.036
2946.9 95.0302
2947.27 95.0243
2947.63 95.0183
2948 95.0123
2948.36 95.0063
2948.73 95.0002
2949.1 94.9943
2949.46 94.9926
2949.83 94.9871
2950.2 94.981
2950.56 94.9773
2950.93 94.9744
2951.29 94.9724
2951.66 94.9713
2952.03 94.971
2952.39 94.9714
2952.76 94.9725
2953.12 94.9741
2953.49 94.9761
2953.86 94.9782
2954.22 94.9806
2954.59 94.9828
2954.96 94.9851
2955.32 94.9872
2955.69 94.9893
2956.05 94.9919
2956.42 94.9976
2956.79 95.0005
2957.15 95.0036
2957.52 95.0068
2957.89 95.0101
2958.25 95.0135
2958.62 95.0169
2958.98 95.0203
2959.35 95.0236
2959.72 95.0269
2960.08 95.0299
2960.45 95.0326
2960.82 95.035
2961.18 95.0368
2961.55 95.038
2961.91 95.0386
2962.28 95.0416
2962.65 95.043
2963.01 95.0409
2963.38 95.0378
2963.74 95.0338
2964.11 95.029
2964.48 95.0235
2964.84 95.0174
2965.21 95.0111
2965.58 95.0046
2965.94 94.9981
2966.31 94.9916
2966.67 94.9852
2967.04 94.9789
2967.41 94.9727
2967.77 94.9665
2968.14 94.9603
2968.51 94.9559
2968.87 94.9577
2969.24 94.9514
2969.6 94.9451
2969.97 94.9387
2970.34 94.9323
2970.7 94.9259
2971.07 94.9197
2971.44 94.9135
2971.8 94.9076
2972.17 94.9018
2972.53 94.8963
2972.9 94.891
2973.27 94.8859
2973.63 94.881
2974 94.8763
2974.36 94.8718
2974.73 94.8686
2975.1 94.8641
2975.46 94.8649
2975.83 94.8602
2976.2 94.8556
2976.56 94.8509
2976.93 94.8461
2977.29 94.8412
2977.66 94.836
2978.03 94.8303
2978.39 94.8239
2978.76 94.8166
2979.13 94.8082
2979.49 94.7987
2979.86 94.7883
2980.22 94.7772
2980.59 94.7657
2980.96 94.7482
2981.32 94.7379
2981.69 94.7282
2982.06 94.7242
2982.42 94.7157
2982.79 94.7077
2983.15 94.7003
2983.52 94.6933
2983.89 94.6867
2984.25 94.6805
2984.62 94.6744
2984.99 94.6686
2985.35 94.6629
2985.72 94.6576
2986.08 94.6525
2986.45 94.6478
2986.82 94.6434
2987.18 94.6393
2987.55 94.6356
2987.91 94.632
2988.28 94.6286
2988.65 94.6294
2989.01 94.626
2989.38 94.6225
2989.75 94.6187
2990.11 94.6146
2990.48 94.6101
2990.84 94.6052
2991.21 94.5998
2991.58 94.5939
2991.94 94.5876
2992.31 94.5811
2992.68 94.5744
2993.04 94.5678
2993.41 94.5597
2993.77 94.5541
2994.14 94.5491
2994.51 94.5447
2994.87 94.5409
2995.24 94.5409
2995.61 94.5378
2995.97 94.5351
2996.34 94.5327
2996.7 94.5304
2997.07 94.5284
2997.44 94.5265
2997.8 94.5246
2998.17 94.5229
2998.53 94.5211
2998.9 94.5194
2999.27 94.5197
2999.63 94.5182
3000 94.5168
3000.37 94.5153
3000.73 94.5138
3001.1 94.5122
3001.46 94.5141
3001.83 94.5123
3002.2 94.5104
3002.56 94.5083
3002.93 94.506
3003.3 94.5035
3003.66 94.5006
3004.03 94.4976
3004.39 94.4942
3004.76 94.4906
3005.13 94.4869
3005.49 94.4812
3005.86 94.4772
3006.23 94.4733
3006.59 94.4693
3006.96 94.4653
3007.32 94.4611
3007.69 94.4568
3008.06 94.4541
3008.42 94.4493
3008.79 94.4443
3009.16 94.4389
3009.52 94.4331
3009.89 94.427
3010.25 94.4205
3010.62 94.4135
3010.99 94.4063
3011.35 94.3988
3011.72 94.3865
3012.08 94.3795
3012.45 94.3729
3012.82 94.3666
3013.18 94.3606
3013.55 94.3549
3013.92 94.3494
3014.28 94.3442
3014.65 94.3432
3015.01 94.3384
3015.38 94.3337
3015.75 94.329
3016.11 94.3242
3016.48 94.3195
3016.85 94.3148
3017.21 94.31
3017.58 94.3054
3017.94 94.3026
3018.31 94.2986
3018.68 94.295
3019.04 94.2917
3019.41 94.2889
3019.78 94.2866
3020.14 94.2846
3020.51 94.2831
3020.87 94.2819
3021.24 94.2861
3021.61 94.2852
3021.97 94.2846
3022.34 94.2842
3022.7 94.284
3023.07 94.2839
3023.44 94.2841
3023.8 94.2847
3024.17 94.2891
3024.54 94.2905
3024.9 94.2926
3025.27 94.2955
3025.63 94.2993
3026 94.3042
3026.37 94.3104
3026.73 94.3181
3027.1 94.3273
3027.47 94.3384
3027.83 94.3413
3028.2 94.3541
3028.56 94.3688
3028.93 94.3848
3029.3 94.4008
3029.66 94.4157
3030.03 94.429
3030.4 94.443
3030.76 94.4528
3031.13 94.4611
3031.49 94.4682
3031.86 94.4741
3032.23 94.479
3032.59 94.4831
3032.96 94.4863
3033.32 94.4888
3033.69 94.4908
3034.06 94.4932
3034.42 94.4947
3034.79 94.4957
3035.16 94.4964
3035.52 94.4969
3035.89 94.4973
3036.25 94.5001
3036.62 94.5005
3036.99 94.5008
3037.35 94.5009
3037.72 94.5008
3038.09 94.5004
3038.45 94.4997
3038.82 94.4988
3039.18 94.4976
3039.55 94.4961
3039.92 94.4944
3040.28 94.4924
3040.65 94.4956
3041.02 94.4936
3041.38 94.4915
3041.75 94.4893
3042.11 94.4871
3042.48 94.4886
3042.85 94.4864
3043.21 94.4842
3043.58 94.4821
3043.95 94.4802
3044.31 94.4784
3044.68 94.4769
3045.04 94.4757
3045.41 94.4748
3045.78 94.4743
3046.14 94.4741
3046.51 94.4743
3046.87 94.4747
3047.24 94.4777
3047.61 94.4783
3047.97 94.4791
3048.34 94.4799
3048.71 94.4834
3049.07 94.484
3049.44 94.4842
3049.8 94.4842
3050.17 94.4838
3050.54 94.4831
3050.9 94.4821
3051.27 94.4809
3051.64 94.4795
3052 94.4782
3052.37 94.477
3052.73 94.4758
3053.1 94.4748
3053.47 94.474
3053.83 94.4747
3054.2 94.4739
3054.57 94.4732
3054.93 94.473
3055.3 94.4719
3055.66 94.4704
3056.03 94.4684
3056.4 94.4659
3056.76 94.4629
3057.13 94.4595
3057.49 94.4556
3057.86 94.4513
3058.23 94.4466
3058.59 94.4416
3058.96 94.4363
3059.33 94.4308
3059.69 94.4251
3060.06 94.4194
3060.42 94.42
3060.79 94.4142
3061.16 94.4087
3061.52 94.4023
3061.89 94.3955
3062.26 94.3884
3062.62 94.3808
3062.99 94.3727
3063.35 94.3641
3063.72 94.3548
3064.09 94.3451
3064.45 94.3349
3064.82 94.3244
3065.19 94.314
3065.55 94.3039
3065.92 94.2945
3066.28 94.286
3066.65 94.2787
3067.02 94.2766
3067.38 94.2719
3067.75 94.2683
3068.11 94.2658
3068.48 94.2644
3068.85 94.2641
3069.21 94.265
3069.58 94.267
3069.95 94.2703
3070.31 94.2749
3070.68 94.2808
3071.04 94.2881
3071.41 94.2966
3071.78 94.3064
3072.14 94.3172
3072.51 94.3291
3072.88 94.3416
3073.24 94.3462
3073.61 94.3576
3073.97 94.3679
3074.34 94.3766
3074.71 94.3834
3075.07 94.3885
3075.44 94.3919
3075.81 94.3938
3076.17 94.3942
3076.54 94.3933
3076.9 94.3912
3077.27 94.3879
3077.64 94.3839
3078 94.3794
3078.37 94.3747
3078.74 94.3701
3079.1 94.3657
3079.47 94.3585
3079.83 94.3556
3080.2 94.3518
3080.57 94.3477
3080.93 94.3431
3081.3 94.3377
3081.66 94.3315
3082.03 94.3243
3082.4 94.316
3082.76 94.3068
3083.13 94.297
3083.5 94.287
3083.86 94.2772
3084.23 94.2679
3084.59 94.2593
3084.96 94.2514
3085.33 94.2443
3085.69 94.2361
3086.06 94.2313
3086.43 94.2303
3086.79 94.2265
3087.16 94.2232
3087.52 94.2204
3087.89 94.218
3088.26 94.2161
3088.62 94.2147
3088.99 94.214
3089.36 94.2141
3089.72 94.2155
3090.09 94.2183
3090.45 94.223
3090.82 94.2299
3091.19 94.2394
3091.55 94.2517
3091.92 94.266
3092.28 94.2796
3092.65 94.2914
3093.02 94.2918
3093.38 94.3015
3093.75 94.3094
3094.12 94.3158
3094.48 94.3207
3094.85 94.3245
3095.21 94.3273
3095.58 94.3292
3095.95 94.3306
3096.31 94.3318
3096.68 94.3331
3097.05 94.3347
3097.41 94.3369
3097.78 94.3395
3098.14 94.341
3098.51 94.3444
3098.88 94.3479
3099.24 94.3512
3099.61 94.3496
3099.98 94.3525
3100.34 94.3549
3100.71 94.3566
3101.07 94.3577
3101.44 94.3579
3101.81 94.3572
3102.17 94.3556
3102.54 94.3531
3102.91 94.3496
3103.27 94.3454
3103.64 94.3405
3104 94.3287
3104.37 94.3227
3104.74 94.3165
3105.1 94.3103
3105.47 94.3042
3105.83 94.2972
3106.2 94.2914
3106.57 94.2861
3106.93 94.2813
3107.3 94.2768
3107.67 94.2727
3108.03 94.2687
3108.4 94.2647
3108.76 94.2606
3109.13 94.2562
3109.5 94.2515
3109.86 94.2464
3110.23 94.2347
3110.6 94.2288
3110.96 94.2232
3111.33 94.2182
3111.69 94.214
3112.06 94.2109
3112.43 94.2063
3112.79 94.2048
3113.16 94.2041
3113.53 94.204
3113.89 94.2044
3114.26 94.2051
3114.62 94.2058
3114.99 94.2064
3115.36 94.2068
3115.72 94.2069
3116.09 94.2067
3116.45 94.2038
3116.82 94.2022
3117.19 94.1998
3117.55 94.1964
3117.92 94.1917
3118.29 94.1859
3118.65 94.1791
3119.02 94.172
3119.38 94.1647
3119.75 94.1576
3120.12 94.1509
3120.48 94.1446
3120.85 94.1389
3121.22 94.1336
3121.58 94.1286
3121.95 94.124
3122.31 94.1197
3122.68 94.1129
3123.05 94.1093
3123.41 94.1058
3123.78 94.1027
3124.15 94.0999
3124.51 94.0975
3124.88 94.0955
3125.24 94.0939
3125.61 94.0922
3125.98 94.0911
3126.34 94.0905
3126.71 94.0903
3127.07 94.0905
3127.44 94.091
3127.81 94.092
3128.17 94.0932
3128.54 94.0948
3128.91 94.0966
3129.27 94.0987
3129.64 94.101
3130 94.1033
3130.37 94.1056
3130.74 94.1079
3131.1 94.1101
3131.47 94.1122
3131.84 94.114
3132.2 94.1147
3132.57 94.1162
3132.93 94.1172
3133.3 94.1177
3133.67 94.1177
3134.03 94.1171
3134.4 94.1161
3134.77 94.1151
3135.13 94.1134
3135.5 94.1115
3135.86 94.1096
3136.23 94.1075
3136.6 94.1054
3136.96 94.1033
3137.33 94.1012
3137.7 94.0991
3138.06 94.0972
3138.43 94.0953
3138.79 94.0966
3139.16 94.0945
3139.53 94.0925
3139.89 94.0904
3140.26 94.0883
3140.62 94.0863
3140.99 94.0821
3141.36 94.0795
3141.72 94.0769
3142.09 94.074
3142.46 94.0708
3142.82 94.0668
3143.19 94.0621
3143.55 94.0563
3143.92 94.0497
3144.29 94.0422
3144.65 94.0342
3145.02 94.0223
3145.39 94.0154
3145.75 94.0101
3146.12 94.0066
3146.48 94.0047
3146.85 94.0045
3147.22 94.0021
3147.58 94.0054
3147.95 94.0099
3148.32 94.0158
3148.68 94.023
3149.05 94.0318
3149.41 94.0422
3149.78 94.0542
3150.15 94.0677
3150.51 94.0819
3150.88 94.0958
3151.24 94.109
3151.61 94.1095
3151.98 94.1218
3152.34 94.1332
3152.71 94.1439
3153.08 94.1541
3153.44 94.1657
3153.81 94.1755
3154.17 94.1851
3154.54 94.1941
3154.91 94.2026
3155.27 94.2105
3155.64 94.2177
3156.01 94.2243
3156.37 94.2302
3156.74 94.2357
3157.1 94.2408
3157.47 94.2456
3157.84 94.2503
3158.2 94.2526
3158.57 94.2573
3158.94 94.2621
3159.3 94.2671
3159.67 94.2756
3160.03 94.2811
3160.4 94.2868
3160.77 94.2927
3161.13 94.2988
3161.5 94.3052
3161.86 94.312
3162.23 94.3191
3162.6 94.3267
3162.96 94.3344
3163.33 94.3423
3163.7 94.3498
3164.06 94.3566
3164.43 94.3626
3164.79 94.364
3165.16 94.3683
3165.53 94.3715
3165.89 94.3724
3166.26 94.3723
3166.63 94.371
3166.99 94.3685
3167.36 94.365
3167.72 94.3609
3168.09 94.3565
3168.46 94.3519
3168.82 94.3474
3169.19 94.3428
3169.56 94.3383
3169.92 94.3337
3170.29 94.3291
3170.65 94.3243
3171.02 94.3195
3171.39 94.3175
3171.75 94.3115
3172.12 94.3073
3172.49 94.3035
3172.85 94.2999
3173.22 94.2967
3173.58 94.2939
3173.95 94.2915
3174.32 94.2894
3174.68 94.2876
3175.05 94.286
3175.41 94.2847
3175.78 94.2835
3176.15 94.2827
3176.51 94.2821
3176.88 94.2818
3177.25 94.282
3177.61 94.2837
3177.98 94.2862
3178.34 94.2873
3178.71 94.2888
3179.08 94.2907
3179.44 94.2929
3179.81 94.2954
3180.18 94.2981
3180.54 94.3008
3180.91 94.3036
3181.27 94.3061
3181.64 94.3084
3182.01 94.3102
3182.37 94.3117
3182.74 94.3128
3183.11 94.3138
3183.47 94.3151
3183.84 94.3172
3184.2 94.3081
3184.57 94.3128
3184.94 94.3197
3185.3 94.3282
3185.67 94.337
3186.03 94.3448
3186.4 94.3512
3186.77 94.3562
3187.13 94.36
3187.5 94.3629
3187.87 94.365
3188.23 94.3664
3188.6 94.3672
3188.96 94.3674
3189.33 94.367
3189.7 94.366
3190.06 94.3644
3190.43 94.361
3190.8 94.3595
3191.16 94.3556
3191.53 94.3509
3191.89 94.3454
3192.26 94.3391
3192.63 94.332
3192.99 94.3243
3193.36 94.3162
3193.73 94.3078
3194.09 94.2993
3194.46 94.2909
3194.82 94.2826
3195.19 94.2746
3195.56 94.267
3195.92 94.2597
3196.29 94.253
3196.66 94.2427
3197.02 94.2381
3197.39 94.2352
3197.75 94.2325
3198.12 94.2309
3198.49 94.2303
3198.85 94.2307
3199.22 94.2322
3199.58 94.2346
3199.95 94.2379
3200.32 94.2422
3200.68 94.2472
3201.05 94.2528
3201.42 94.2587
3201.78 94.2644
3202.15 94.2697
3202.51 94.2773
3202.88 94.2813
3203.25 94.2846
3203.61 94.2873
3203.98 94.2893
3204.35 94.291
3204.71 94.2922
3205.08 94.2928
3205.44 94.2931
3205.81 94.2932
3206.18 94.2934
3206.54 94.2937
3206.91 94.2946
3207.28 94.2961
3207.64 94.2984
3208.01 94.3018
3208.37 94.3061
3208.74 94.3139
3209.11 94.3204
3209.47 94.3276
3209.84 94.3353
3210.2 94.3435
3210.57 94.3476
3210.94 94.3565
3211.3 94.3654
3211.67 94.3745
3212.04 94.3835
3212.4 94.3924
3212.77 94.401
3213.13 94.4093
3213.5 94.4172
3213.87 94.4248
3214.23 94.4319
3214.6 94.4387
3214.97 94.4487
3215.33 94.4545
3215.7 94.4599
3216.06 94.465
3216.43 94.4699
3216.8 94.4724
3217.16 94.4767
3217.53 94.4808
3217.9 94.4848
3218.26 94.4886
3218.63 94.4922
3218.99 94.4959
3219.36 94.4996
3219.73 94.5034
3220.09 94.5073
3220.46 94.5111
3220.82 94.5146
3221.19 94.5166
3221.56 94.5187
3221.92 94.52
3222.29 94.5206
3222.66 94.5205
3223.02 94.5197
3223.39 94.5184
3223.75 94.5171
3224.12 94.5153
3224.49 94.5131
3224.85 94.5108
3225.22 94.5084
3225.59 94.5061
3225.95 94.504
3226.32 94.5023
3226.68 94.501
3227.05 94.5002
3227.42 94.5016
3227.78 94.5022
3228.15 94.5033
3228.52 94.5048
3228.88 94.5066
3229.25 94.5087
3229.61 94.511
3229.98 94.5133
3230.35 94.5153
3230.71 94.5171
3231.08 94.5188
3231.45 94.5201
3231.81 94.521
3232.18 94.5214
3232.54 94.5211
3232.91 94.5202
3233.28 94.5154
3233.64 94.5123
3234.01 94.5082
3234.37 94.5033
3234.74 94.4976
3235.11 94.4916
3235.47 94.4861
3235.84 94.4814
3236.21 94.4777
3236.57 94.4751
3236.94 94.4735
3237.3 94.4727
3237.67 94.4727
3238.04 94.4732
3238.4 94.4741
3238.77 94.4753
3239.14 94.4765
3239.5 94.4789
3239.87 94.4799
3240.23 94.4806
3240.6 94.4811
3240.97 94.4813
3241.33 94.4813
3241.7 94.4812
3242.07 94.4811
3242.43 94.4811
3242.8 94.4811
3243.16 94.4833
3243.53 94.4835
3243.9 94.4837
3244.26 94.4839
3244.63 94.4841
3244.99 94.4842
3245.36 94.4843
3245.73 94.4881
3246.09 94.4882
3246.46 94.4881
3246.83 94.4879
3247.19 94.4875
3247.56 94.487
3247.92 94.4864
3248.29 94.4856
3248.66 94.4846
3249.02 94.4834
3249.39 94.4861
3249.76 94.4844
3250.12 94.4823
3250.49 94.4798
3250.85 94.477
3251.22 94.4736
3251.59 94.4698
3251.95 94.4657
3252.32 94.4608
3252.69 94.4555
3253.05 94.4499
3253.42 94.4438
3253.78 94.4373
3254.15 94.4302
3254.52 94.4226
3254.88 94.4145
3255.25 94.4059
3255.61 94.3972
3255.98 94.3918
3256.35 94.3836
3256.71 94.376
3257.08 94.3694
3257.45 94.3637
3257.81 94.3589
3258.18 94.3546
3258.54 94.3518
3258.91 94.3497
3259.28 94.348
3259.64 94.3469
3260.01 94.3461
3260.38 94.3456
3260.74 94.3452
3261.11 94.345
3261.47 94.3446
3261.84 94.3442
3262.21 94.3436
3262.57 94.3464
3262.94 94.3456
3263.31 94.3445
3263.67 94.3431
3264.04 94.3416
3264.4 94.3423
3264.77 94.3405
3265.14 94.3389
3265.5 94.3373
3265.87 94.3359
3266.24 94.3346
3266.6 94.3335
3266.97 94.3327
3267.33 94.3321
3267.7 94.3319
3268.07 94.332
3268.43 94.3324
3268.8 94.3332
3269.16 94.3368
3269.53 94.3379
3269.9 94.3394
3270.26 94.3447
3270.63 94.3468
3271 94.3492
3271.36 94.3518
3271.73 94.3548
3272.09 94.3581
3272.46 94.3616
3272.83 94.3653
3273.19 94.3692
3273.56 94.3732
3273.93 94.3771
3274.29 94.3811
3274.66 94.3849
3275.02 94.3884
3275.39 94.3916
3275.76 94.3953
3276.12 94.398
3276.49 94.4034
3276.86 94.4049
3277.22 94.406
3277.59 94.4069
3277.95 94.4075
3278.32 94.408
3278.69 94.4085
3279.05 94.409
3279.42 94.4097
3279.78 94.4107
3280.15 94.4123
3280.52 94.4145
3280.88 94.4174
3281.25 94.4212
3281.62 94.426
3281.98 94.4318
3282.35 94.4351
3282.71 94.4459
3283.08 94.4544
3283.45 94.4639
3283.81 94.4742
3284.18 94.4849
3284.55 94.4952
3284.91 94.5048
3285.28 94.5134
3285.64 94.521
3286.01 94.5277
3286.38 94.5335
3286.74 94.5387
3287.11 94.5433
3287.48 94.5474
3287.84 94.5512
3288.21 94.5546
3288.57 94.5572
3288.94 94.5629
3289.31 94.5657
3289.67 94.5682
3290.04 94.5704
3290.41 94.5723
3290.77 94.5739
3291.14 94.5751
3291.5 94.5761
3291.87 94.5767
3292.24 94.577
3292.6 94.5768
3292.97 94.5762
3293.33 94.5751
3293.7 94.5735
3294.07 94.5713
3294.43 94.5686
3294.8 94.5652
3295.17 94.566
3295.53 94.5608
3295.9 94.555
3296.26 94.5488
3296.63 94.5423
3297 94.5356
3297.36 94.529
3297.73 94.5226
3298.1 94.5165
3298.46 94.5109
3298.83 94.5058
3299.19 94.5014
3299.56 94.4974
3299.93 94.4941
3300.29 94.4914
3300.66 94.4893
3301.03 94.4883
3301.39 94.4876
3301.76 94.4885
3302.12 94.4885
3302.49 94.489
3302.86 94.4899
3303.22 94.4913
3303.59 94.493
3303.95 94.4951
3304.32 94.4975
3304.69 94.5001
3305.05 94.503
3305.42 94.5061
3305.79 94.5094
3306.15 94.5131
3306.52 94.5171
3306.88 94.5213
3307.25 94.5309
3307.62 94.5358
3307.98 94.541
3308.35 94.5463
3308.72 94.5518
3309.08 94.5575
3309.45 94.5635
3309.81 94.5696
3310.18 94.5758
3310.55 94.582
3310.91 94.588
3311.28 94.5938
3311.65 94.5992
3312.01 94.6042
3312.38 94.6088
3312.74 94.6129
3313.11 94.6165
3313.48 94.6241
3313.84 94.6269
3314.21 94.6293
3314.57 94.6315
3314.94 94.6355
3315.31 94.6373
3315.67 94.6388
3316.04 94.6401
3316.41 94.6413
3316.77 94.6422
3317.14 94.643
3317.5 94.6435
3317.87 94.6438
3318.24 94.6438
3318.6 94.6435
3318.97 94.6429
3319.34 94.6421
3319.7 94.644
3320.07 94.6428
3320.43 94.6413
3320.8 94.6396
3321.17 94.6423
3321.53 94.6402
3321.9 94.6377
3322.27 94.6349
3322.63 94.632
3323 94.6288
3323.36 94.6256
3323.73 94.6223
3324.1 94.6191
3324.46 94.6161
3324.83 94.6132
3325.2 94.6106
3325.56 94.6082
3325.93 94.6053
3326.29 94.6029
3326.66 94.6005
3327.03 94.5983
3327.39 94.5961
3327.76 94.5947
3328.12 94.5925
3328.49 94.5903
3328.86 94.5881
3329.22 94.5858
3329.59 94.5835
3329.96 94.5813
3330.32 94.5792
3330.69 94.5772
3331.05 94.5754
3331.42 94.5738
3331.79 94.5724
3332.15 94.5726
3332.52 94.5722
3332.89 94.5722
3333.25 94.5725
3333.62 94.5732
3333.98 94.5742
3334.35 94.5773
3334.72 94.5789
3335.08 94.5808
3335.45 94.5829
3335.82 94.5852
3336.18 94.5877
3336.55 94.5903
3336.91 94.593
3337.28 94.5957
3337.65 94.5985
3338.01 94.6055
3338.38 94.6081
3338.74 94.6108
3339.11 94.6135
3339.48 94.6164
3339.84 94.6194
3340.21 94.6227
3340.58 94.6264
3340.94 94.6305
3341.31 94.6345
3341.67 94.6391
3342.04 94.6442
3342.41 94.6499
3342.77 94.6563
3343.14 94.6634
3343.51 94.6713
3343.87 94.68
3344.24 94.6935
3344.6 94.7034
3344.97 94.7136
3345.34 94.7238
3345.7 94.7337
3346.07 94.743
3346.44 94.7517
3346.8 94.7598
3347.17 94.7673
3347.53 94.7711
3347.9 94.778
3348.27 94.7844
3348.63 94.7903
3349 94.7958
3349.36 94.8012
3349.73 94.8063
3350.1 94.8113
3350.46 94.8198
3350.83 94.8245
3351.2 94.8291
3351.56 94.8336
3351.93 94.8379
3352.29 94.842
3352.66 94.8459
3353.03 94.8497
3353.39 94.8534
3353.76 94.8569
3354.13 94.8607
3354.49 94.8641
3354.86 94.8674
3355.22 94.8706
3355.59 94.8737
3355.96 94.8767
3356.32 94.8796
3356.69 94.8851
3357.06 94.8876
3357.42 94.8902
3357.79 94.8927
3358.15 94.8954
3358.52 94.898
3358.89 94.9005
3359.25 94.9028
3359.62 94.9046
3359.99 94.9058
3360.35 94.9046
3360.72 94.9044
3361.08 94.9032
3361.45 94.9011
3361.82 94.898
3362.18 94.894
3362.55 94.889
3362.91 94.877
3363.28 94.8699
3363.65 94.8623
3364.01 94.8542
3364.38 94.8455
3364.75 94.8365
3365.11 94.8272
3365.48 94.818
3365.84 94.8092
3366.21 94.8009
3366.58 94.7932
3366.94 94.7877
3367.31 94.7814
3367.68 94.7759
3368.04 94.7712
3368.41 94.7674
3368.77 94.7637
3369.14 94.7621
3369.51 94.7612
3369.87 94.7609
3370.24 94.7612
3370.61 94.7621
3370.97 94.7635
3371.34 94.7655
3371.7 94.7681
3372.07 94.7713
3372.44 94.775
3372.8 94.7791
3373.17 94.7835
3373.53 94.7863
3373.9 94.7911
3374.27 94.7961
3374.63 94.8013
3375 94.81
3375.37 94.8157
3375.73 94.8217
3376.1 94.8279
3376.46 94.8344
3376.83 94.8413
3377.2 94.8486
3377.56 94.8564
3377.93 94.8646
3378.3 94.8732
3378.66 94.8821
3379.03 94.8912
3379.39 94.9004
3379.76 94.9096
3380.13 94.9134
3380.49 94.9222
3380.86 94.9306
3381.23 94.9418
3381.59 94.9488
3381.96 94.9552
3382.32 94.9609
3382.69 94.966
3383.06 94.9705
3383.42 94.9744
3383.79 94.9777
3384.16 94.9804
3384.52 94.9823
3384.89 94.9837
3385.25 94.9843
3385.62 94.9844
3385.99 94.984
3386.35 94.983
3386.72 94.982
3387.08 94.9803
3387.45 94.9765
3387.82 94.9737
3388.18 94.9705
3388.55 94.9668
3388.92 94.9626
3389.28 94.9579
3389.65 94.9527
3390.01 94.9471
3390.38 94.9409
3390.75 94.9342
3391.11 94.9271
3391.48 94.9196
3391.85 94.9117
3392.21 94.9035
3392.58 94.895
3392.94 94.8895
3393.31 94.8811
3393.68 94.8687
3394.04 94.862
3394.41 94.8558
3394.78 94.8502
3395.14 94.8451
3395.51 94.8403
3395.87 94.8359
3396.24 94.8318
3396.61 94.8281
3396.97 94.8246
3397.34 94.8214
3397.7 94.8186
3398.07 94.8161
3398.44 94.8139
3398.8 94.8121
3399.17 94.8106
3399.54 94.8115
3399.9 94.8125
3400.27 94.8126
3400.63 94.813
3401 94.8138
3401.37 94.8148
3401.73 94.816
3402.1 94.8175
3402.47 94.8191
3402.83 94.8207
3403.2 94.8225
3403.56 94.8242
3403.93 94.826
3404.3 94.8278
3404.66 94.8296
3405.03 94.8313
3405.4 94.8329
3405.76 94.8373
3406.13 94.8401
3406.49 94.8409
3406.86 94.8416
3407.23 94.8422
3407.59 94.8426
3407.96 94.8429
3408.32 94.8432
3408.69 94.8434
3409.06 94.8438
3409.42 94.8442
3409.79 94.8448
3410.16 94.8455
3410.52 94.8462
3410.89 94.847
3411.25 94.8478
3411.62 94.8487
3411.99 94.8526
3412.35 94.8532
3412.72 94.8561
3413.09 94.8562
3413.45 94.856
3413.82 94.8553
3414.18 94.8543
3414.55 94.8529
3414.92 94.8512
3415.28 94.8491
3415.65 94.8469
3416.02 94.8445
3416.38 94.8419
3416.75 94.8392
3417.11 94.8365
3417.48 94.8338
3417.85 94.8308
3418.21 94.8264
3418.58 94.8223
3418.95 94.8177
3419.31 94.8149
3419.68 94.8091
3420.04 94.8027
3420.41 94.7956
3420.78 94.788
3421.14 94.7801
3421.51 94.772
3421.87 94.764
3422.24 94.7561
3422.61 94.7483
3422.97 94.7406
3423.34 94.7329
3423.71 94.7254
3424.07 94.718
3424.44 94.7049
3424.8 94.6979
3425.17 94.6911
3425.54 94.6858
3425.9 94.6801
3426.27 94.6752
3426.64 94.6711
3427 94.6677
3427.37 94.6651
3427.73 94.6631
3428.1 94.6615
3428.47 94.6604
3428.83 94.6597
3429.2 94.6592
3429.57 94.659
3429.93 94.659
3430.3 94.659
3430.66 94.6597
3431.03 94.6598
3431.4 94.6599
3431.76 94.6599
3432.13 94.6602
3432.49 94.66
3432.86 94.6597
3433.23 94.6593
3433.59 94.6589
3433.96 94.6584
3434.33 94.6577
3434.69 94.6569
3435.06 94.6558
3435.42 94.6546
3435.79 94.6532
3436.16 94.6518
3436.52 94.6487
3436.89 94.647
3437.26 94.6454
3437.62 94.6441
3437.99 94.643
3438.35 94.6424
3438.72 94.6397
3439.09 94.6398
3439.45 94.6407
3439.82 94.6424
3440.19 94.645
3440.55 94.6481
3440.92 94.6516
3441.28 94.6551
3441.65 94.6586
3442.02 94.6619
3442.38 94.665
3442.75 94.6701
3443.11 94.6731
3443.48 94.6758
3443.85 94.6782
3444.21 94.6804
3444.58 94.6823
3444.95 94.6841
3445.31 94.6876
3445.68 94.6892
3446.04 94.6905
3446.41 94.6916
3446.78 94.6925
3447.14 94.6932
3447.51 94.6936
3447.88 94.6939
3448.24 94.694
3448.61 94.694
3448.97 94.6957
3449.34 94.6952
3449.71 94.6948
3450.07 94.6944
3450.44 94.6942
3450.81 94.6941
3451.17 94.6941
3451.54 94.6944
3451.9 94.694
3452.27 94.6945
3452.64 94.6954
3453 94.697
3453.37 94.6993
3453.74 94.7024
3454.1 94.7064
3454.47 94.7108
3454.83 94.7156
3455.2 94.7208
3455.57 94.7256
3455.93 94.73
3456.3 94.7343
3456.66 94.7384
3457.03 94.7425
3457.4 94.7467
3457.76 94.751
3458.13 94.7557
3458.5 94.757
3458.86 94.762
3459.23 94.7674
3459.59 94.7733
3459.96 94.7797
3460.33 94.7865
3460.69 94.7934
3461.06 94.8002
3461.43 94.8064
3461.79 94.8118
3462.16 94.8164
3462.52 94.8202
3462.89 94.8232
3463.26 94.8255
3463.62 94.8271
3463.99 94.828
3464.36 94.8284
3464.72 94.8273
3465.09 94.8273
3465.45 94.8272
3465.82 94.8272
3466.19 94.8274
3466.55 94.8281
3466.92 94.8292
3467.28 94.8307
3467.65 94.8333
3468.02 94.8356
3468.38 94.8381
3468.75 94.8404
3469.12 94.8425
3469.48 94.8442
3469.85 94.8454
3470.21 94.846
3470.58 94.846
3470.95 94.8453
3471.31 94.844
3471.68 94.8421
3472.05 94.8396
3472.41 94.8366
3472.78 94.8334
3473.14 94.83
3473.51 94.8224
3473.88 94.8195
3474.24 94.8173
3474.61 94.8156
3474.98 94.8145
3475.34 94.8139
3475.71 94.8135
3476.07 94.8133
3476.44 94.8132
3476.81 94.8131
3477.17 94.813
3477.54 94.8129
3477.91 94.8108
3478.27 94.8104
3478.64 94.8097
3479 94.8087
3479.37 94.8074
3479.74 94.8012
3480.1 94.7982
3480.47 94.7945
3480.83 94.7901
3481.2 94.7851
3481.57 94.7798
3481.93 94.7745
3482.3 94.7695
3482.67 94.7652
3483.03 94.7616
3483.4 94.7585
3483.76 94.7559
3484.13 94.7537
3484.5 94.7454
3484.86 94.7433
3485.23 94.7412
3485.6 94.7389
3485.96 94.727
3486.33 94.7239
3486.69 94.7207
3487.06 94.7172
3487.43 94.7136
3487.79 94.7097
3488.16 94.7055
3488.53 94.7012
3488.89 94.6966
3489.26 94.6916
3489.62 94.6862
3489.99 94.6802
3490.36 94.6732
3490.72 94.6649
3491.09 94.6487
3491.45 94.6355
3491.82 94.6197
3492.19 94.5899
3492.55 94.583
3492.92 94.578
3493.29 94.5743
3493.65 94.5715
3494.02 94.5694
3494.38 94.5678
3494.75 94.5669
3495.12 94.5665
3495.48 94.5668
3495.85 94.5675
3496.22 94.5688
3496.58 94.5705
3496.95 94.5726
3497.31 94.5731
3497.68 94.5761
3498.05 94.5797
3498.41 94.586
3498.78 94.5913
3499.15 94.5974
3499.51 94.6044
3499.88 94.6125
3500.24 94.6216
3500.61 94.6315
3500.98 94.6417
3501.34 94.652
3501.71 94.6618
3502.07 94.6711
3502.44 94.6798
3502.81 94.688
3503.17 94.6958
3503.54 94.7031
3503.91 94.7065
3504.27 94.7167
3504.64 94.7231
3505 94.7292
3505.37 94.7349
3505.74 94.7404
3506.1 94.7454
3506.47 94.7501
3506.84 94.7543
3507.2 94.7581
3507.57 94.7615
3507.93 94.7646
3508.3 94.7675
3508.67 94.7702
3509.03 94.7727
3509.4 94.7751
3509.77 94.7773
3510.13 94.7793
3510.5 94.7807
3510.86 94.7827
3511.23 94.7844
3511.6 94.7859
3511.96 94.787
3512.33 94.7879
3512.7 94.7884
3513.06 94.7885
3513.43 94.7881
3513.79 94.7873
3514.16 94.786
3514.53 94.7843
3514.89 94.7822
3515.26 94.7797
3515.62 94.7772
3515.99 94.7747
3516.36 94.7725
3516.72 94.769
3517.09 94.7677
3517.46 94.7669
3517.82 94.7664
3518.19 94.766
3518.55 94.7658
3518.92 94.7655
3519.29 94.7652
3519.65 94.7646
3520.02 94.7639
3520.39 94.7629
3520.75 94.7618
3521.12 94.7606
3521.48 94.7594
3521.85 94.7582
3522.22 94.7571
3522.58 94.7563
3522.95 94.7561
3523.32 94.7562
3523.68 94.7567
3524.05 94.7576
3524.41 94.759
3524.78 94.7611
3525.15 94.7638
3525.51 94.7672
3525.88 94.7711
3526.24 94.7756
3526.61 94.7806
3526.98 94.786
3527.34 94.792
3527.71 94.7986
3528.08 94.8058
3528.44 94.8136
3528.81 94.822
3529.17 94.8282
3529.54 94.8361
3529.91 94.8433
3530.27 94.8384
3530.64 94.8436
3531.01 94.8473
3531.37 94.8495
3531.74 94.8506
3532.1 94.8508
3532.47 94.8504
3532.84 94.8497
3533.2 94.8488
3533.57 94.8479
3533.94 94.8471
3534.3 94.8464
3534.67 94.8459
3535.03 94.8454
3535.4 94.8434
3535.77 94.8432
3536.13 94.8428
3536.5 94.8415
3536.86 94.841
3537.23 94.8402
3537.6 94.8392
3537.96 94.8382
3538.33 94.8372
3538.7 94.8364
3539.06 94.8358
3539.43 94.8355
3539.79 94.8354
3540.16 94.8355
3540.53 94.8359
3540.89 94.8366
3541.26 94.8403
3541.63 94.8418
3541.99 94.8435
3542.36 94.8455
3542.72 94.8476
3543.09 94.8511
3543.46 94.8534
3543.82 94.8558
3544.19 94.8581
3544.56 94.8602
3544.92 94.8621
3545.29 94.8636
3545.65 94.8648
3546.02 94.8655
3546.39 94.8658
3546.75 94.8657
3547.12 94.8652
3547.49 94.8662
3547.85 94.8649
3548.22 94.8632
3548.58 94.8613
3548.95 94.859
3549.32 94.8565
3549.68 94.8564
3550.05 94.8533
3550.41 94.8503
3550.78 94.8473
3551.15 94.8445
3551.51 94.842
3551.88 94.8398
3552.25 94.8379
3552.61 94.8363
3552.98 94.8349
3553.34 94.8336
3553.71 94.8292
3554.08 94.8271
3554.44 94.8246
3554.81 94.8217
3555.18 94.8182
3555.54 94.8145
3555.91 94.8109
3556.27 94.804
3556.64 94.802
3557.01 94.8008
3557.37 94.8004
3557.74 94.8006
3558.11 94.8014
3558.47 94.8027
3558.84 94.8045
3559.2 94.8067
3559.57 94.8092
3559.94 94.813
3560.3 94.8159
3560.67 94.8187
3561.03 94.8211
3561.4 94.8232
3561.77 94.8249
3562.13 94.8262
3562.5 94.8272
3562.87 94.8283
3563.23 94.829
3563.6 94.8295
3563.96 94.8299
3564.33 94.8303
3564.7 94.8307
3565.06 94.8312
3565.43 94.8316
3565.8 94.8321
3566.16 94.8339
3566.53 94.8342
3566.89 94.8343
3567.26 94.8342
3567.63 94.834
3567.99 94.8335
3568.36 94.8329
3568.73 94.8322
3569.09 94.8321
3569.46 94.8312
3569.82 94.8305
3570.19 94.8302
3570.56 94.8304
3570.92 94.8313
3571.29 94.8329
3571.66 94.8355
3572.02 94.84
3572.39 94.8447
3572.75 94.8503
3573.12 94.8568
3573.49 94.8636
3573.85 94.8706
3574.22 94.8774
3574.58 94.8839
3574.95 94.8898
3575.32 94.8953
3575.68 94.8986
3576.05 94.9037
3576.42 94.9085
3576.78 94.9129
3577.15 94.917
3577.51 94.9208
3577.88 94.9244
3578.25 94.9315
3578.61 94.935
3578.98 94.9385
3579.35 94.9422
3579.71 94.9461
3580.08 94.9502
3580.44 94.9546
3580.81 94.9592
3581.18 94.9642
3581.54 94.9697
3581.91 94.9755
3582.28 94.979
3582.64 94.9852
3583.01 94.992
3583.37 94.9992
3583.74 95.007
3584.11 95.0152
3584.47 95.027
3584.84 95.036
3585.2 95.0452
3585.57 95.0546
3585.94 95.0641
3586.3 95.0737
3586.67 95.0833
3587.04 95.0927
3587.4 95.102
3587.77 95.1108
3588.13 95.1192
3588.5 95.1269
3588.87 95.1304
3589.23 95.1371
3589.6 95.143
3589.97 95.1479
3590.33 95.1521
3590.7 95.1579
3591.06 95.1605
3591.43 95.1624
3591.8 95.1638
3592.16 95.1646
3592.53 95.1651
3592.9 95.1652
3593.26 95.1651
3593.63 95.1648
3593.99 95.1644
3594.36 95.1639
3594.73 95.1634
3595.09 95.1628
3595.46 95.1637
3595.82 95.163
3596.19 95.1623
3596.56 95.1616
3596.92 95.1611
3597.29 95.1604
3597.66 95.1598
3598.02 95.1592
3598.39 95.1586
3598.75 95.1581
3599.12 95.1576
3599.49 95.1571
3599.85 95.1566
3600.22 95.1561
3600.59 95.1555
3600.95 95.1548
3601.32 95.1539
3601.68 95.1529
3602.05 95.1534
3602.42 95.1521
3602.78 95.1505
3603.15 95.1493
3603.52 95.1472
3603.88 95.1449
3604.25 95.1424
3604.61 95.1398
3604.98 95.1373
3605.35 95.1348
3605.71 95.1324
3606.08 95.1301
3606.45 95.128
3606.81 95.1259
3607.18 95.1239
3607.54 95.1219
3607.91 95.12
3608.28 95.121
3608.64 95.1189
3609.01 95.1169
3609.37 95.1142
3609.74 95.1113
3610.11 95.1081
3610.47 95.1048
3610.84 95.1013
3611.21 95.0977
3611.57 95.094
3611.94 95.0902
3612.3 95.0864
3612.67 95.0826
3613.04 95.0788
3613.4 95.0752
3613.77 95.0716
3614.14 95.068
3614.5 95.0644
3614.87 95.0594
3615.23 95.0497
3615.6 95.0451
3615.97 95.0406
3616.33 95.0364
3616.7 95.0328
3617.07 95.03
3617.43 95.028
3617.8 95.0267
3618.16 95.026
3618.53 95.0258
3618.9 95.026
3619.26 95.0264
3619.63 95.027
3619.99 95.0277
3620.36 95.0283
3620.73 95.0289
3621.09 95.0293
3621.46 95.0298
3621.83 95.0302
3622.19 95.0304
3622.56 95.0305
3622.92 95.0306
3623.29 95.0307
3623.66 95.0307
3624.02 95.0308
3624.39 95.0309
3624.76 95.0312
3625.12 95.0315
3625.49 95.0321
3625.85 95.0329
3626.22 95.0339
3626.59 95.0352
3626.95 95.0367
3627.32 95.0387
3627.69 95.0424
3628.05 95.0436
3628.42 95.0459
3628.78 95.0486
3629.15 95.0517
3629.52 95.055
3629.88 95.0588
3630.25 95.0629
3630.61 95.0676
3630.98 95.0729
3631.35 95.0784
3631.71 95.0837
3632.08 95.0885
3632.45 95.0927
3632.81 95.0963
3633.18 95.0993
3633.54 95.1019
3633.91 95.1057
3634.28 95.1078
3634.64 95.1096
3635.01 95.1114
3635.38 95.1129
3635.74 95.1141
3636.11 95.1151
3636.47 95.116
3636.84 95.1165
3637.21 95.1168
3637.57 95.1167
3637.94 95.1163
3638.31 95.1155
3638.67 95.1143
3639.04 95.1127
3639.4 95.1107
3639.77 95.1074
3640.14 95.1051
3640.5 95.1029
3640.87 95.1027
3641.24 95.1012
3641.6 95.1
3641.97 95.099
3642.33 95.0982
3642.7 95.0977
3643.07 95.0973
3643.43 95.0971
3643.8 95.0972
3644.16 95.0975
3644.53 95.098
3644.9 95.0988
3645.26 95.0999
3645.63 95.1012
3646 95.1068
3646.36 95.1087
3646.73 95.1109
3647.09 95.1134
3647.46 95.1177
3647.83 95.1205
3648.19 95.1234
3648.56 95.1267
3648.93 95.1301
3649.29 95.1339
3649.66 95.138
3650.02 95.1424
3650.39 95.1471
3650.76 95.1522
3651.12 95.1577
3651.49 95.1636
3651.86 95.1702
3652.22 95.1821
3652.59 95.1902
3652.95 95.1992
3653.32 95.209
3653.69 95.2194
3654.05 95.2246
3654.42 95.2355
3654.78 95.2463
3655.15 95.2567
3655.52 95.2665
3655.88 95.2755
3656.25 95.2836
3656.62 95.291
3656.98 95.2976
3657.35 95.3037
3657.71 95.3094
3658.08 95.3146
3658.45 95.3248
3658.81 95.3296
3659.18 95.3341
3659.55 95.3384
3659.91 95.3424
3660.28 95.3462
3660.64 95.3514
3661.01 95.3548
3661.38 95.358
3661.74 95.3609
3662.11 95.3636
3662.48 95.3661
3662.84 95.3684
3663.21 95.3706
3663.57 95.3728
3663.94 95.3749
3664.31 95.3771
3664.67 95.3824
3665.04 95.3843
3665.41 95.3862
3665.77 95.3878
3666.14 95.3893
3666.5 95.3906
3666.87 95.3917
3667.24 95.3946
3667.6 95.3956
3667.97 95.3965
3668.33 95.3974
3668.7 95.3982
3669.07 95.399
3669.43 95.3999
3669.8 95.4009
3670.17 95.4019
3670.53 95.4031
3670.9 95.4077
3671.26 95.4091
3671.63 95.4106
3672 95.4121
3672.36 95.4137
3672.73 95.4152
3673.1 95.4167
3673.46 95.4181
3673.83 95.4217
3674.19 95.4229
3674.56 95.424
3674.93 95.4249
3675.29 95.4255
3675.66 95.4259
3676.03 95.4261
3676.39 95.426
3676.76 95.4276
3677.12 95.4268
3677.49 95.426
3677.86 95.425
3678.22 95.4241
3678.59 95.4231
3678.95 95.4223
3679.32 95.4216
3679.69 95.421
3680.05 95.4216
3680.42 95.4213
3680.79 95.4212
3681.15 95.4211
3681.52 95.4211
3681.88 95.421
3682.25 95.4206
3682.62 95.4201
3682.98 95.4197
3683.35 95.4184
3683.72 95.4169
3684.08 95.415
3684.45 95.4129
3684.81 95.4106
3685.18 95.4082
3685.55 95.4058
3685.91 95.4035
3686.28 95.4014
3686.65 95.4019
3687.01 95.4002
3687.38 95.3988
3687.74 95.3977
3688.11 95.3969
3688.48 95.3963
3688.84 95.3959
3689.21 95.397
3689.57 95.3967
3689.94 95.3963
3690.31 95.3958
3690.67 95.3953
3691.04 95.3947
3691.41 95.394
3691.77 95.3933
3692.14 95.3925
3692.5 95.3917
3692.87 95.3911
3693.24 95.3927
3693.6 95.3924
3693.97 95.3922
3694.34 95.3921
3694.7 95.3922
3695.07 95.3924
3695.43 95.3954
3695.8 95.3959
3696.17 95.3965
3696.53 95.3972
3696.9 95.3981
3697.27 95.3992
3697.63 95.4006
3698 95.4022
3698.36 95.4043
3698.73 95.4068
3699.1 95.4098
3699.46 95.4133
3699.83 95.4153
3700.2 95.4192
3700.56 95.4234
3700.93 95.4277
3701.29 95.4321
3701.66 95.4385
3702.03 95.4425
3702.39 95.4461
3702.76 95.4493
3703.12 95.452
3703.49 95.4541
3703.86 95.4558
3704.22 95.457
3704.59 95.4578
3704.96 95.4581
3705.32 95.458
3705.69 95.4577
3706.05 95.4571
3706.42 95.4566
3706.79 95.456
3707.15 95.4552
3707.52 95.454
3707.89 95.4528
3708.25 95.4513
3708.62 95.4495
3708.98 95.4475
3709.35 95.4451
3709.72 95.4424
3710.08 95.4393
3710.45 95.4359
3710.82 95.4322
3711.18 95.4281
3711.55 95.4237
3711.91 95.4189
3712.28 95.4138
3712.65 95.4123
3713.01 95.4068
3713.38 95.4011
3713.74 95.3936
3714.11 95.388
3714.48 95.3824
3714.84 95.377
3715.21 95.3717
3715.58 95.3666
3715.94 95.3615
3716.31 95.3565
3716.67 95.3514
3717.04 95.3464
3717.41 95.3414
3717.77 95.3362
3718.14 95.3311
3718.51 95.3261
3718.87 95.3211
3719.24 95.3197
3719.6 95.3152
3719.97 95.3104
3720.34 95.3067
3720.7 95.3032
3721.07 95.2999
3721.44 95.2968
3721.8 95.2936
3722.17 95.2903
3722.53 95.287
3722.9 95.2834
3723.27 95.2795
3723.63 95.2753
3724 95.2706
3724.36 95.2654
3724.73 95.2598
3725.1 95.2538
3725.46 95.2477
3725.83 95.244
3726.2 95.2356
3726.56 95.2311
3726.93 95.2272
3727.29 95.2238
3727.66 95.221
3728.03 95.2188
3728.39 95.2171
3728.76 95.216
3729.13 95.2152
3729.49 95.2149
3729.86 95.2147
3730.22 95.2148
3730.59 95.2151
3730.96 95.2155
3731.32 95.2159
3731.69 95.2164
3732.06 95.2169
3732.42 95.2172
3732.79 95.218
3733.15 95.2192
3733.52 95.2207
3733.89 95.2227
3734.25 95.225
3734.62 95.2276
3734.99 95.2305
3735.35 95.2336
3735.72 95.2368
3736.08 95.2402
3736.45 95.2435
3736.82 95.2469
3737.18 95.2501
3737.55 95.2531
3737.91 95.2559
3738.28 95.2604
3738.65 95.2627
3739.01 95.2645
3739.38 95.2663
3739.75 95.2678
3740.11 95.2689
3740.48 95.2697
3740.84 95.27
3741.21 95.2699
3741.58 95.2695
3741.94 95.2688
3742.31 95.2679
3742.68 95.2667
3743.04 95.2654
3743.41 95.264
3743.77 95.2624
3744.14 95.2606
3744.51 95.2603
3744.87 95.2585
3745.24 95.2567
3745.61 95.2584
3745.97 95.2567
3746.34 95.2553
3746.7 95.254
3747.07 95.2529
3747.44 95.2521
3747.8 95.2515
3748.17 95.251
3748.53 95.2506
3748.9 95.2502
3749.27 95.2497
3749.63 95.2492
3750 95.2485
3750.37 95.2477
3750.73 95.2491
3751.1 95.2481
3751.46 95.2469
3751.83 95.249
3752.2 95.2477
3752.56 95.2464
3752.93 95.2449
3753.3 95.2434
3753.66 95.2417
3754.03 95.2399
3754.39 95.2379
3754.76 95.2358
3755.13 95.2337
3755.49 95.2314
3755.86 95.2291
3756.23 95.2267
3756.59 95.2242
3756.96 95.2217
3757.32 95.2186
3757.69 95.2152
3758.06 95.2114
3758.42 95.2103
3758.79 95.2057
3759.16 95.2008
3759.52 95.1956
3759.89 95.1901
3760.25 95.1847
3760.62 95.1793
3760.99 95.174
3761.35 95.1688
3761.72 95.1636
3762.08 95.1585
3762.45 95.1534
3762.82 95.1484
3763.18 95.1413
3763.55 95.1362
3763.92 95.1311
3764.28 95.1259
3764.65 95.1207
3765.01 95.1186
3765.38 95.1133
3765.75 95.108
3766.11 95.1027
3766.48 95.0975
3766.85 95.0923
3767.21 95.0872
3767.58 95.0823
3767.94 95.0773
3768.31 95.0725
3768.68 95.0676
3769.04 95.0629
3769.41 95.0548
3769.78 95.0505
3770.14 95.0466
3770.51 95.0431
3770.87 95.0401
3771.24 95.0378
3771.61 95.0349
3771.97 95.0333
3772.34 95.0325
3772.7 95.0325
3773.07 95.0334
3773.44 95.035
3773.8 95.0376
3774.17 95.0411
3774.54 95.0455
3774.9 95.0508
3775.27 95.057
3775.63 95.064
3776 95.0716
3776.37 95.0796
3776.73 95.0881
3777.1 95.0969
3777.47 95.1057
3777.83 95.1142
3778.2 95.116
3778.56 95.1244
3778.93 95.1324
3779.3 95.1399
3779.66 95.1469
3780.03 95.1533
3780.4 95.159
3780.76 95.164
3781.13 95.1684
3781.49 95.1748
3781.86 95.1778
3782.23 95.1802
3782.59 95.182
3782.96 95.1832
3783.32 95.1839
3783.69 95.184
3784.06 95.1837
3784.42 95.1843
3784.79 95.1829
3785.16 95.1808
3785.52 95.178
3785.89 95.1745
3786.25 95.1702
3786.62 95.1653
3786.99 95.1598
3787.35 95.1538
3787.72 95.1429
3788.09 95.1356
3788.45 95.1279
3788.82 95.1199
3789.18 95.1117
3789.55 95.1032
3789.92 95.0948
3790.28 95.0864
3790.65 95.0782
3791.02 95.0735
3791.38 95.0658
3791.75 95.0583
3792.11 95.0511
3792.48 95.0441
3792.85 95.0376
3793.21 95.0313
3793.58 95.0253
3793.95 95.0172
3794.31 95.0117
3794.68 95.0063
3795.04 95.001
3795.41 94.9959
3795.78 94.9909
3796.14 94.9862
3796.51 94.9817
3796.87 94.9776
3797.24 94.9738
3797.61 94.9722
3797.97 94.9688
3798.34 94.9658
3798.71 94.9631
3799.07 94.9608
3799.44 94.9589
3799.8 94.9573
3800.17 94.9539
3800.54 94.9521
3800.9 94.9501
3801.27 94.9479
3801.64 94.9452
3802 94.942
3802.37 94.9383
3802.73 94.9339
3803.1 94.9291
3803.47 94.9239
3803.83 94.9187
3804.2 94.912
3804.57 94.908
3804.93 94.9049
3805.3 94.9029
3805.66 94.9018
3806.03 94.8987
3806.4 94.8995
3806.76 94.9009
3807.13 94.9029
3807.49 94.9052
3807.86 94.908
3808.23 94.9108
3808.59 94.9136
3808.96 94.9161
3809.33 94.9181
3809.69 94.9196
3810.06 94.9207
3810.42 94.9214
3810.79 94.9193
3811.16 94.9195
3811.52 94.9194
3811.89 94.9191
3812.26 94.917
3812.62 94.9169
3812.99 94.9168
3813.35 94.9168
3813.72 94.9168
3814.09 94.9169
3814.45 94.917
3814.82 94.917
3815.19 94.9168
3815.55 94.9164
3815.92 94.9157
3816.28 94.9148
3816.65 94.9135
3817.02 94.912
3817.38 94.9125
3817.75 94.9108
3818.11 94.9089
3818.48 94.9078
3818.85 94.9058
3819.21 94.9039
3819.58 94.9019
3819.95 94.9001
3820.31 94.8982
3820.68 94.8965
3821.04 94.8949
3821.41 94.8934
3821.78 94.8922
3822.14 94.8913
3822.51 94.8906
3822.88 94.8903
3823.24 94.8902
3823.61 94.8925
3823.97 94.8928
3824.34 94.8932
3824.71 94.8967
3825.07 94.8977
3825.44 94.8988
3825.81 94.9
3826.17 94.9013
3826.54 94.9025
3826.9 94.9037
3827.27 94.9048
3827.64 94.9058
3828 94.9066
3828.37 94.9073
3828.74 94.9078
3829.1 94.9082
3829.47 94.9085
3829.83 94.9087
3830.2 94.9117
3830.57 94.9119
3830.93 94.9151
3831.3 94.9156
3831.66 94.9163
3832.03 94.9172
3832.4 94.9184
3832.76 94.9198
3833.13 94.9213
3833.5 94.9229
3833.86 94.9246
3834.23 94.9262
3834.59 94.9277
3834.96 94.9291
3835.33 94.9303
3835.69 94.9315
3836.06 94.9326
3836.43 94.9338
3836.79 94.9339
3837.16 94.9346
3837.52 94.9356
3837.89 94.937
3838.26 94.9387
3838.62 94.9408
3838.99 94.9434
3839.36 94.9465
3839.72 94.9499
3840.09 94.9533
3840.45 94.9568
3840.82 94.96
3841.19 94.9631
3841.55 94.966
3841.92 94.9688
3842.28 94.9714
3842.65 94.9739
3843.02 94.973
3843.38 94.9694
3843.75 94.9711
3844.12 94.9726
3844.48 94.9741
3844.85 94.9757
3845.21 94.9772
3845.58 94.9785
3845.95 94.9796
3846.31 94.9803
3846.68 94.9808
3847.05 94.9809
3847.41 94.9807
3847.78 94.9804
3848.14 94.98
3848.51 94.9795
3848.88 94.9792
3849.24 94.9786
3849.61 94.9786
3849.98 94.9788
3850.34 94.9789
3850.71 94.979
3851.07 94.979
3851.44 94.9789
3851.81 94.9787
3852.17 94.9784
3852.54 94.978
3852.91 94.9775
3853.27 94.9768
3853.64 94.9761
3854 94.9752
3854.37 94.9742
3854.74 94.9732
3855.1 94.9724
3855.47 94.9706
3855.83 94.9706
3856.2 94.97
3856.57 94.9709
3856.93 94.9722
3857.3 94.9739
3857.67 94.976
3858.03 94.9785
3858.4 94.9814
3858.76 94.9848
3859.13 94.9884
3859.5 94.9924
3859.86 94.9966
3860.23 95.0008
3860.6 95.0049
3860.96 95.0088
3861.33 95.0122
3861.69 95.0169
3862.06 95.0192
3862.43 95.0207
3862.79 95.0217
3863.16 95.0221
3863.53 95.0215
3863.89 95.02
3864.26 95.0175
3864.62 95.0138
3864.99 95.0089
3865.36 95.0029
3865.72 94.9956
3866.09 94.9869
3866.45 94.9767
3866.82 94.9649
3867.19 94.9513
3867.55 94.9368
3867.92 94.9126
3868.29 94.9011
3868.65 94.8911
3869.02 94.8823
3869.38 94.8773
3869.75 94.8704
3870.12 94.8644
3870.48 94.8591
3870.85 94.8545
3871.22 94.8503
3871.58 94.8465
3871.95 94.8431
3872.31 94.84
3872.68 94.8372
3873.05 94.8345
3873.41 94.8319
3873.78 94.8264
3874.15 94.8236
3874.51 94.8208
3874.88 94.8178
3875.24 94.8147
3875.61 94.8113
3875.98 94.8073
3876.34 94.8032
3876.71 94.7987
3877.07 94.7936
3877.44 94.7878
3877.81 94.7812
3878.17 94.7735
3878.54 94.7645
3878.91 94.7535
3879.27 94.7398
3879.64 94.7229
3880 94.693
3880.37 94.6818
3880.74 94.6726
3881.1 94.6649
3881.47 94.6585
3881.84 94.6531
3882.2 94.6486
3882.57 94.6459
3882.93 94.6426
3883.3 94.6397
3883.67 94.6372
3884.03 94.6351
3884.4 94.6333
3884.77 94.6318
3885.13 94.6305
3885.5 94.6294
3885.86 94.6285
3886.23 94.6267
3886.6 94.6259
3886.96 94.6253
3887.33 94.6247
3887.7 94.6243
3888.06 94.6241
3888.43 94.624
3888.79 94.6243
3889.16 94.6238
3889.53 94.6245
3889.89 94.6253
3890.26 94.6262
3890.62 94.627
3890.99 94.6278
3891.36 94.6286
3891.72 94.6293
3892.09 94.6301
3892.46 94.6326
3892.82 94.6336
3893.19 94.6346
3893.55 94.6358
3893.92 94.6371
3894.29 94.6386
3894.65 94.6403
3895.02 94.6424
3895.39 94.6448
3895.75 94.6472
3896.12 94.6501
3896.48 94.6534
3896.85 94.6572
3897.22 94.6615
3897.58 94.6664
3897.95 94.6717
3898.32 94.6773
3898.68 94.6853
3899.05 94.6912
3899.41 94.697
3899.78 94.7027
3900.15 94.7081
3900.51 94.7132
3900.88 94.7181
3901.24 94.7228
3901.61 94.7272
3901.98 94.7293
3902.34 94.7334
3902.71 94.7372
3903.08 94.7406
3903.44 94.7438
3903.81 94.7468
3904.17 94.7497
3904.54 94.7525
3904.91 94.7554
3905.27 94.758
3905.64 94.761
3906.01 94.7644
3906.37 94.7684
3906.74 94.7733
3907.1 94.7791
3907.47 94.7858
3907.84 94.7932
3908.2 94.8011
3908.57 94.8008
3908.94 94.809
3909.3 94.8173
3909.67 94.8256
3910.03 94.8341
3910.4 94.8427
3910.77 94.8534
3911.13 94.863
3911.5 94.873
3911.86 94.8835
3912.23 94.8944
3912.6 94.9058
3912.96 94.9177
3913.33 94.9298
3913.7 94.942
3914.06 94.9543
3914.43 94.9665
3914.79 94.9787
3915.16 94.982
3915.53 94.9939
3915.89 95.0058
3916.26 95.0175
3916.63 95.0294
3916.99 95.044
3917.36 95.0565
3917.72 95.0697
3918.09 95.084
3918.46 95.0998
3918.82 95.1178
3919.19 95.1378
3919.56 95.1556
3919.92 95.1694
3920.29 95.18
3920.65 95.1884
3921.02 95.1951
3921.39 95.2005
3921.75 95.1992
3922.12 95.2039
3922.49 95.2079
3922.85 95.2115
3923.22 95.2143
3923.58 95.2172
3923.95 95.2197
3924.32 95.2219
3924.68 95.2237
3925.05 95.2251
3925.41 95.2261
3925.78 95.2266
3926.15 95.2268
3926.51 95.2264
3926.88 95.2256
3927.25 95.2242
3927.61 95.2223
3927.98 95.222
3928.34 95.219
3928.71 95.2154
3929.08 95.211
3929.44 95.2024
3929.81 95.1954
3930.18 95.1872
3930.54 95.178
3930.91 95.1677
3931.27 95.1568
3931.64 95.1458
3932.01 95.1353
3932.37 95.1257
3932.74 95.117
3933.11 95.1092
3933.47 95.1023
3933.84 95.0962
3934.2 95.091
3934.57 95.0887
3934.94 95.0848
3935.3 95.0815
3935.67 95.0783
3936.03 95.0766
3936.4 95.0754
3936.77 95.0748
3937.13 95.0746
3937.5 95.0748
3937.87 95.0752
3938.23 95.0758
3938.6 95.0767
3938.96 95.0776
3939.33 95.0786
3939.7 95.0797
3940.06 95.0807
3940.43 95.0817
3940.8 95.0827
3941.16 95.084
3941.53 95.0863
3941.89 95.0872
3942.26 95.0883
3942.63 95.0895
3942.99 95.0908
3943.36 95.0923
3943.73 95.094
3944.09 95.0959
3944.46 95.098
3944.82 95.1003
3945.19 95.1028
3945.56 95.1053
3945.92 95.108
3946.29 95.1105
3946.66 95.113
3947.02 95.1154
3947.39 95.1176
3947.75 95.1191
3948.12 95.1215
3948.49 95.1237
3948.85 95.1258
3949.22 95.1277
3949.58 95.1294
3949.95 95.1309
3950.32 95.1322
3950.68 95.133
3951.05 95.1335
3951.42 95.1336
3951.78 95.1335
3952.15 95.1331
3952.51 95.1326
3952.88 95.1322
3953.25 95.132
3953.61 95.132
3953.98 95.1323
3954.35 95.1327
3954.71 95.1334
3955.08 95.1339
3955.44 95.1344
3955.81 95.1346
3956.18 95.1347
3956.54 95.1346
3956.91 95.1345
3957.28 95.1344
3957.64 95.1344
3958.01 95.1347
3958.37 95.1353
3958.74 95.1363
3959.11 95.138
3959.47 95.1402
3959.84 95.143
3960.2 95.1494
3960.57 95.1525
3960.94 95.1569
3961.3 95.1619
3961.67 95.1676
3962.04 95.174
3962.4 95.181
3962.77 95.1886
3963.13 95.1965
3963.5 95.2045
3963.87 95.2123
3964.23 95.2198
3964.6 95.2269
3964.97 95.2334
3965.33 95.2393
3965.7 95.2446
3966.06 95.2492
3966.43 95.2534
3966.8 95.2564
3967.16 95.2561
3967.53 95.2581
3967.9 95.2594
3968.26 95.2604
3968.63 95.261
3968.99 95.2617
3969.36 95.2625
3969.73 95.2638
3970.09 95.2655
3970.46 95.2679
3970.82 95.2707
3971.19 95.274
3971.56 95.2776
3971.92 95.2814
3972.29 95.2852
3972.66 95.2929
3973.02 95.2967
3973.39 95.3002
3973.75 95.3046
3974.12 95.3079
3974.49 95.3109
3974.85 95.3134
3975.22 95.3157
3975.59 95.3176
3975.95 95.3193
3976.32 95.3208
3976.68 95.3222
3977.05 95.3235
3977.42 95.3247
3977.78 95.3259
3978.15 95.3271
3978.52 95.3326
3978.88 95.3341
3979.25 95.3358
3979.61 95.3377
3979.98 95.3399
3980.35 95.3445
3980.71 95.3471
3981.08 95.35
3981.45 95.3532
3981.81 95.3567
3982.18 95.3605
3982.54 95.3645
3982.91 95.3689
3983.28 95.3735
3983.64 95.3784
3984.01 95.3836
3984.37 95.3889
3984.74 95.3991
3985.11 95.4046
3985.47 95.4101
3985.84 95.4155
3986.21 95.4209
3986.57 95.4262
3986.94 95.43
3987.3 95.4351
3987.67 95.4401
3988.04 95.4453
3988.4 95.4506
3988.77 95.4561
3989.14 95.462
3989.5 95.4684
3989.87 95.4754
3990.23 95.4831
3990.6 95.4912
3990.97 95.4999
3991.33 95.5072
3991.7 95.5135
3992.07 95.5184
3992.43 95.522
3992.8 95.5243
3993.16 95.5254
3993.53 95.5232
3993.9 95.5233
3994.26 95.5227
3994.63 95.5216
3994.99 95.5201
3995.36 95.5185
3995.73 95.5169
3996.09 95.5154
3996.46 95.5141
3996.83 95.5131
3997.19 95.5126
3997.56 95.5125
3997.92 95.5126
3998.29 95.5129
3998.66 95.5134
3999.02 95.5142
3999.39 95.515
3999.76 95.5162
4000.12 95.5171
4000.49 95.5179
4000.85 95.5186
4001.22 95.5191
4001.59 95.5195
4001.95 95.5197
4002.32 95.5197
4002.69 95.5196
4003.05 95.5193
4003.42 95.5193
4003.78 95.5189
4004.15 95.5187
4004.52 95.5186
4004.88 95.5187
4005.25 95.5191
4005.61 95.5198
4005.98 95.5207
4006.35 95.5212
4006.71 95.5225
4007.08 95.524
4007.45 95.5256
4007.81 95.5272
4008.18 95.5286
4008.54 95.5299
4008.91 95.5311
4009.28 95.5334
4009.64 95.5344
4010.01 95.5352
4010.38 95.5359
4010.74 95.5365
4011.11 95.537
4011.47 95.5375
4011.84 95.5378
4012.21 95.5381
4012.57 95.5384
4012.94 95.5407
4013.31 95.5409
4013.67 95.541
4014.04 95.5409
4014.4 95.5407
4014.77 95.5404
4015.14 95.54
4015.5 95.5419
4015.87 95.5414
4016.24 95.5408
4016.6 95.5402
4016.97 95.5395
4017.33 95.5388
4017.7 95.5381
4018.07 95.5373
4018.43 95.5365
4018.8 95.5356
4019.16 95.5346
4019.53 95.5362
4019.9 95.5348
4020.26 95.5332
4020.63 95.5314
4021 95.5293
4021.36 95.5269
4021.73 95.5239
4022.09 95.5207
4022.46 95.5173
4022.83 95.5136
4023.19 95.5099
4023.56 95.5061
4023.93 95.5024
4024.29 95.499
4024.66 95.4958
4025.02 95.493
4025.39 95.4906
4025.76 95.4886
4026.12 95.49
4026.49 95.4887
4026.86 95.4877
4027.22 95.487
4027.59 95.4864
4027.95 95.4889
4028.32 95.489
4028.69 95.4892
4029.05 95.4896
4029.42 95.4902
4029.78 95.4909
4030.15 95.4918
4030.52 95.4928
4030.88 95.4938
4031.25 95.495
4031.62 95.4963
4031.98 95.4976
4032.35 95.5003
4032.71 95.5015
4033.08 95.5028
4033.45 95.5039
4033.81 95.5049
4034.18 95.5068
4034.55 95.5067
4034.91 95.5062
4035.28 95.5053
4035.64 95.5041
4036.01 95.5027
4036.38 95.5012
4036.74 95.4997
4037.11 95.4984
4037.48 95.4971
4037.84 95.4961
4038.21 95.4952
4038.57 95.4944
4038.94 95.493
4039.31 95.4924
4039.67 95.4921
4040.04 95.4918
4040.41 95.4906
4040.77 95.4904
4041.14 95.4902
4041.5 95.4899
4041.87 95.4895
4042.24 95.489
4042.6 95.4885
4042.97 95.488
4043.33 95.4877
4043.7 95.4876
4044.07 95.4877
4044.43 95.4881
4044.8 95.4886
4045.17 95.4893
4045.53 95.4906
4045.9 95.4917
4046.26 95.4948
4046.63 95.4962
4047 95.4977
4047.36 95.4991
4047.73 95.5005
4048.1 95.502
4048.46 95.5035
4048.83 95.5051
4049.19 95.5068
4049.56 95.5085
4049.93 95.5103
4050.29 95.5123
4050.66 95.5144
4051.03 95.5167
4051.39 95.5193
4051.76 95.5221
4052.12 95.5239
4052.49 95.5283
4052.86 95.5312
4053.22 95.5342
4053.59 95.5373
4053.95 95.5405
4054.32 95.5438
4054.69 95.5471
4055.05 95.5505
4055.42 95.5538
4055.79 95.5573
4056.15 95.5608
4056.52 95.5645
4056.88 95.5685
4057.25 95.5729
4057.62 95.5778
4057.98 95.5832
4058.35 95.589
4058.72 95.5903
4059.08 95.5969
4059.45 95.6035
4059.81 95.61
4060.18 95.6161
4060.55 95.6219
4060.91 95.6273
4061.28 95.6325
4061.65 95.6373
4062.01 95.6419
4062.38 95.6463
4062.74 95.6505
4063.11 95.6544
4063.48 95.6581
4063.84 95.6617
4064.21 95.6651
4064.57 95.6684
4064.94 95.6743
4065.31 95.677
4065.67 95.6797
4066.04 95.6822
4066.41 95.6844
4066.77 95.6862
4067.14 95.6878
4067.5 95.689
4067.87 95.6898
4068.24 95.6904
4068.6 95.6908
4068.97 95.691
4069.34 95.6912
4069.7 95.6913
4070.07 95.6916
4070.43 95.6919
4070.8 95.6924
4071.17 95.6944
4071.53 95.6958
4071.9 95.6962
4072.27 95.6966
4072.63 95.697
4073 95.6975
4073.36 95.6981
4073.73 95.6987
4074.1 95.6993
4074.46 95.7
4074.83 95.7007
4075.2 95.7013
4075.56 95.7018
4075.93 95.7021
4076.29 95.7021
4076.66 95.7018
4077.03 95.7006
4077.39 95.6999
4077.76 95.699
4078.12 95.6987
4078.49 95.6979
4078.86 95.6971
4079.22 95.6964
4079.59 95.6958
4079.96 95.6954
4080.32 95.695
4080.69 95.6949
4081.05 95.6948
4081.42 95.6949
4081.79 95.6951
4082.15 95.6952
4082.52 95.6954
4082.89 95.6955
4083.25 95.6951
4083.62 95.6949
4083.98 95.6946
4084.35 95.6946
4084.72 95.6935
4085.08 95.6937
4085.45 95.6942
4085.82 95.6951
4086.18 95.6961
4086.55 95.6972
4086.91 95.6983
4087.28 95.6993
4087.65 95.7001
4088.01 95.7008
4088.38 95.7013
4088.74 95.7016
4089.11 95.7016
4089.48 95.7031
4089.84 95.7027
4090.21 95.702
4090.58 95.7011
4090.94 95.7
4091.31 95.7014
4091.67 95.6999
4092.04 95.6982
4092.41 95.6961
4092.77 95.6937
4093.14 95.6909
4093.51 95.6878
4093.87 95.6843
4094.24 95.6804
4094.6 95.676
4094.97 95.6712
4095.34 95.6658
4095.7 95.6569
4096.07 95.6499
4096.44 95.6425
4096.8 95.6347
4097.17 95.6262
4097.53 95.6172
4097.9 95.6107
4098.27 95.6001
4098.63 95.5885
4099 95.5761
4099.36 95.5633
4099.73 95.5506
4100.1 95.5387
4100.46 95.5277
4100.83 95.5177
4101.2 95.5087
4101.56 95.5005
4101.93 95.4909
4102.29 95.4847
4102.66 95.479
4103.03 95.4736
4103.39 95.4685
4103.76 95.4638
4104.13 95.4637
4104.49 95.4593
4104.86 95.4552
4105.22 95.4513
4105.59 95.4476
4105.96 95.444
4106.32 95.4405
4106.69 95.4371
4107.06 95.4338
4107.42 95.4305
4107.79 95.4272
4108.15 95.4252
4108.52 95.4219
4108.89 95.4186
4109.25 95.4153
4109.62 95.4121
4109.98 95.409
4110.35 95.4059
4110.72 95.4064
4111.08 95.4031
4111.45 95.3997
4111.82 95.3963
4112.18 95.3926
4112.55 95.3886
4112.91 95.3843
4113.28 95.3797
4113.65 95.3749
4114.01 95.3674
4114.38 95.362
4114.75 95.3565
4115.11 95.3508
4115.48 95.345
4115.84 95.3391
4116.21 95.3329
4116.58 95.3264
4116.94 95.3197
4117.31 95.3153
4117.68 95.3082
4118.04 95.301
4118.41 95.2938
4118.77 95.2865
4119.14 95.2791
4119.51 95.2716
4119.87 95.2639
4120.24 95.2508
4120.6 95.2419
4120.97 95.2324
4121.34 95.2222
4121.7 95.2114
4122.07 95.2004
4122.44 95.1897
4122.8 95.1799
4123.17 95.1711
4123.53 95.1633
4123.9 95.1598
4124.27 95.1538
4124.63 95.1486
4125 95.1441
4125.37 95.1402
4125.73 95.1368
4126.1 95.134
4126.46 95.1318
4126.83 95.13
4127.2 95.1286
4127.56 95.1276
4127.93 95.127
4128.3 95.1268
4128.66 95.127
4129.03 95.1275
4129.39 95.1283
4129.76 95.1293
4130.13 95.1305
4130.49 95.1324
4130.86 95.1337
4131.23 95.1349
4131.59 95.1362
4131.96 95.1373
4132.32 95.1383
4132.69 95.1407
4133.06 95.1411
4133.42 95.1412
4133.79 95.1409
4134.15 95.1401
4134.52 95.1388
4134.89 95.137
4135.25 95.1347
4135.62 95.1322
4135.99 95.1295
4136.35 95.127
4136.72 95.1246
4137.08 95.123
4137.45 95.1214
4137.82 95.1201
4138.18 95.1191
4138.55 95.1183
4138.92 95.1179
4139.28 95.1174
4139.65 95.1167
4140.01 95.116
4140.38 95.115
4140.75 95.1138
4141.11 95.1123
4141.48 95.1105
4141.85 95.1084
4142.21 95.106
4142.58 95.1032
4142.94 95.1001
4143.31 95.0978
4143.68 95.0942
4144.04 95.0905
4144.41 95.0869
4144.77 95.0812
4145.14 95.0778
4145.51 95.0743
4145.87 95.0707
4146.24 95.0668
4146.61 95.0629
4146.97 95.0589
4147.34 95.055
4147.7 95.0513
4148.07 95.0479
4148.44 95.0447
4148.8 95.0419
4149.17 95.0394
4149.54 95.0372
4149.9 95.0376
4150.27 95.0357
4150.63 95.0339
4151 95.0324
4151.37 95.0304
4151.73 95.0283
4152.1 95.0257
4152.47 95.0227
4152.83 95.0192
4153.2 95.015
4153.56 95.01
4153.93 95.0042
4154.3 94.9975
4154.66 94.99
4155.03 94.9819
4155.4 94.9736
4155.76 94.9657
4156.13 94.9586
4156.49 94.9541
4156.86 94.9487
4157.23 94.9417
4157.59 94.9387
4157.96 94.9365
4158.32 94.9351
4158.69 94.9344
4159.06 94.9342
4159.42 94.9345
4159.79 94.9351
4160.16 94.9358
4160.52 94.9365
4160.89 94.9371
4161.25 94.9375
4161.62 94.9377
4161.99 94.9375
4162.35 94.937
4162.72 94.9362
4163.09 94.9351
4163.45 94.9322
4163.82 94.9308
4164.18 94.9298
4164.55 94.9291
4164.92 94.9289
4165.28 94.9292
4165.65 94.9299
4166.02 94.9309
4166.38 94.9323
4166.75 94.9341
4167.11 94.9361
4167.48 94.9383
4167.85 94.9408
4168.21 94.9433
4168.58 94.9458
4168.94 94.9483
4169.31 94.9507
4169.68 94.9535
4170.04 94.9559
4170.41 94.9582
4170.78 94.9605
4171.14 94.9628
4171.51 94.9651
4171.87 94.9674
4172.24 94.9698
4172.61 94.9723
4172.97 94.9749
4173.34 94.9775
4173.71 94.98
4174.07 94.9825
4174.44 94.9848
4174.8 94.9868
4175.17 94.9885
4175.54 94.99
4175.9 94.9921
4176.27 94.9934
4176.64 94.9947
4177 94.996
4177.37 94.9975
4177.73 94.9992
4178.1 95.0014
4178.47 95.0041
4178.83 95.0073
4179.2 95.011
4179.56 95.0153
4179.93 95.0202
4180.3 95.0257
4180.66 95.0316
4181.03 95.0378
4181.4 95.044
4181.76 95.0527
4182.13 95.0583
4182.49 95.061
4182.86 95.0661
4183.23 95.0707
4183.59 95.0747
4183.96 95.0782
4184.33 95.0812
4184.69 95.0836
4185.06 95.0856
4185.42 95.0872
4185.79 95.0885
4186.16 95.0894
4186.52 95.0901
4186.89 95.0905
4187.26 95.0906
4187.62 95.0905
4187.99 95.0904
4188.35 95.0902
4188.72 95.09
4189.09 95.0902
4189.45 95.0903
4189.82 95.0905
4190.19 95.0908
4190.55 95.0911
4190.92 95.0914
4191.28 95.0916
4191.65 95.0916
4192.02 95.0915
4192.38 95.0912
4192.75 95.0907
4193.11 95.0901
4193.48 95.0893
4193.85 95.0883
4194.21 95.0872
4194.58 95.0855
4194.95 95.0834
4195.31 95.081
4195.68 95.0801
4196.04 95.0771
4196.41 95.0738
4196.78 95.0702
4197.14 95.0664
4197.51 95.0624
4197.88 95.0584
4198.24 95.0542
4198.61 95.0499
4198.97 95.0454
4199.34 95.0406
4199.71 95.0354
4200.07 95.0299
4200.44 95.0186
4200.81 95.012
4201.17 95.0053
4201.54 94.9985
4201.9 94.9918
4202.27 94.9866
4202.64 94.98
4203 94.9734
4203.37 94.9667
4203.73 94.9597
4204.1 94.9524
4204.47 94.9446
4204.83 94.9361
4205.2 94.9266
4205.57 94.9159
4205.93 94.9039
4206.3 94.8907
4206.66 94.8672
4207.03 94.8561
4207.4 94.8466
4207.76 94.8384
4208.13 94.8315
4208.5 94.8255
4208.86 94.8229
4209.23 94.8184
4209.59 94.8145
4209.96 94.8109
4210.33 94.8077
4210.69 94.8048
4211.06 94.8019
4211.43 94.7992
4211.79 94.7964
4212.16 94.7935
4212.52 94.7894
4212.89 94.7862
4213.26 94.7829
4213.62 94.7794
4213.99 94.7757
4214.35 94.7719
4214.72 94.768
4215.09 94.7654
4215.45 94.7619
4215.82 94.7588
4216.19 94.7564
4216.55 94.7545
4216.92 94.7533
4217.28 94.7528
4217.65 94.7528
4218.02 94.7534
4218.38 94.7545
4218.75 94.7572
4219.12 94.7593
4219.48 94.7618
4219.85 94.7647
4220.21 94.7677
4220.58 94.7708
4220.95 94.7739
4221.31 94.7771
4221.68 94.7784
4222.05 94.7816
4222.41 94.7849
4222.78 94.7882
4223.14 94.7916
4223.51 94.7949
4223.88 94.7983
4224.24 94.8017
4224.61 94.8052
4224.98 94.8108
4225.34 94.8146
4225.71 94.8183
4226.07 94.8221
4226.44 94.8259
4226.81 94.8296
4227.17 94.8333
4227.54 94.8367
4227.9 94.84
4228.27 94.8413
4228.64 94.8444
4229 94.8474
4229.37 94.8504
4229.74 94.8536
4230.1 94.857
4230.47 94.8606
4230.83 94.8643
4231.2 94.8689
4231.57 94.8727
4231.93 94.8764
4232.3 94.88
4232.67 94.8835
4233.03 94.8867
4233.4 94.8896
4233.76 94.8922
4234.13 94.8944
4234.5 94.8962
4234.86 94.8957
4235.23 94.8966
4235.6 94.8969
4235.96 94.8965
4236.33 94.8956
4236.69 94.8939
4237.06 94.8917
4237.43 94.886
4237.79 94.8828
4238.16 94.8793
4238.52 94.8757
4238.89 94.8721
4239.26 94.8685
4239.62 94.865
4239.99 94.8616
4240.36 94.8582
4240.72 94.8549
4241.09 94.8517
4241.45 94.8508
4241.82 94.8479
4242.19 94.8451
4242.55 94.8423
4242.92 94.8395
4243.29 94.8365
4243.65 94.8335
4244.02 94.8305
4244.38 94.8275
4244.75 94.8244
4245.12 94.8216
4245.48 94.8189
4245.85 94.8166
4246.22 94.8146
4246.58 94.8131
4246.95 94.8121
4247.31 94.8116
4247.68 94.8126
4248.05 94.8129
4248.41 94.8139
4248.78 94.8155
4249.15 94.8178
4249.51 94.8225
4249.88 94.8261
4250.24 94.83
4250.61 94.8343
4250.98 94.8389
4251.34 94.8435
4251.71 94.8481
4252.07 94.8527
4252.44 94.8572
4252.81 94.8618
4253.17 94.8664
4253.54 94.8711
4253.91 94.876
4254.27 94.8764
4254.64 94.8814
4255 94.8862
4255.37 94.8908
4255.74 94.8958
4256.1 94.9
4256.47 94.904
4256.84 94.9078
4257.2 94.9114
4257.57 94.9149
4257.93 94.9183
4258.3 94.9217
4258.67 94.9249
4259.03 94.9281
4259.4 94.9312
4259.77 94.9343
4260.13 94.9373
4260.5 94.9404
4260.86 94.9416
4261.23 94.9447
4261.6 94.9478
4261.96 94.9523
4262.33 94.9554
4262.69 94.9586
4263.06 94.9617
4263.43 94.965
4263.79 94.9683
4264.16 94.9717
4264.53 94.9752
4264.89 94.9787
4265.26 94.9824
4265.62 94.9861
4265.99 94.99
4266.36 94.9942
4266.72 94.9986
4267.09 95.0033
4267.46 95.0044
4267.82 95.0093
4268.19 95.0153
4268.55 95.0213
4268.92 95.0282
4269.29 95.0357
4269.65 95.0435
4270.02 95.0515
4270.39 95.0592
4270.75 95.0665
4271.12 95.0735
4271.48 95.0801
4271.85 95.0865
4272.22 95.0926
4272.58 95.0987
4272.95 95.1046
4273.31 95.1106
4273.68 95.1165
4274.05 95.1203
4274.41 95.1301
4274.78 95.1359
4275.15 95.1417
4275.51 95.1473
4275.88 95.1528
4276.24 95.1582
4276.61 95.1635
4276.98 95.1686
4277.34 95.1736
4277.71 95.1784
4278.08 95.1831
4278.44 95.1876
4278.81 95.1918
4279.17 95.1956
4279.54 95.199
4279.91 95.202
4280.27 95.206
4280.64 95.2073
4281.01 95.2091
4281.37 95.2106
4281.74 95.2118
4282.1 95.2128
4282.47 95.2138
4282.84 95.2147
4283.2 95.2158
4283.57 95.217
4283.94 95.2184
4284.3 95.22
4284.67 95.2218
4285.03 95.2239
4285.4 95.2262
4285.77 95.2287
4286.13 95.2313
4286.5 95.2376
4286.86 95.2412
4287.23 95.2442
4287.6 95.2472
4287.96 95.2502
4288.33 95.253
4288.7 95.2558
4289.06 95.2583
4289.43 95.2608
4289.79 95.263
4290.16 95.2652
4290.53 95.2672
4290.89 95.2692
4291.26 95.2712
4291.63 95.2731
4291.99 95.275
4292.36 95.2769
4292.72 95.2825
4293.09 95.2842
4293.46 95.2879
4293.82 95.2893
4294.19 95.2905
4294.56 95.2915
4294.92 95.2921
4295.29 95.2925
4295.65 95.2925
4296.02 95.2923
4296.39 95.2918
4296.75 95.291
4297.12 95.2901
4297.48 95.2891
4297.85 95.2881
4298.22 95.2872
4298.58 95.2865
4298.95 95.2882
4299.32 95.2882
4299.68 95.2886
4300.05 95.2915
4300.41 95.2923
4300.78 95.2933
4301.15 95.2944
4301.51 95.2955
4301.88 95.2967
4302.25 95.2979
4302.61 95.2992
4302.98 95.3006
4303.34 95.3022
4303.71 95.3038
4304.08 95.3056
4304.44 95.3075
4304.81 95.3096
4305.18 95.3146
4305.54 95.3168
4305.91 95.3192
4306.27 95.3217
4306.64 95.3239
4307.01 95.3263
4307.37 95.3288
4307.74 95.3312
4308.1 95.3334
4308.47 95.3356
4308.84 95.3376
4309.2 95.3394
4309.57 95.3411
4309.94 95.3427
4310.3 95.3441
4310.67 95.3453
4311.03 95.345
4311.4 95.3453
4311.77 95.3454
4312.13 95.3453
4312.5 95.3452
4312.87 95.3452
4313.23 95.3426
4313.6 95.3432
4313.96 95.3442
4314.33 95.3457
4314.7 95.3475
4315.06 95.3496
4315.43 95.3516
4315.8 95.3535
4316.16 95.355
4316.53 95.3561
4316.89 95.3567
4317.26 95.3543
4317.63 95.3543
4317.99 95.3543
4318.36 95.3544
4318.73 95.3547
4319.09 95.3551
4319.46 95.3546
4319.82 95.3557
4320.19 95.3569
4320.56 95.3581
4320.92 95.3594
4321.29 95.3607
4321.65 95.3621
4322.02 95.3635
4322.39 95.365
4322.75 95.3666
4323.12 95.3683
4323.49 95.3717
4323.85 95.3738
4324.22 95.376
4324.58 95.3783
4324.95 95.3807
4325.32 95.3832
4325.68 95.3857
4326.05 95.3866
4326.42 95.3889
4326.78 95.3911
4327.15 95.3931
4327.51 95.3947
4327.88 95.3959
4328.25 95.3967
4328.61 95.397
4328.98 95.3971
4329.35 95.3971
4329.71 95.3972
4330.08 95.3977
4330.44 95.3983
4330.81 95.399
4331.18 95.3998
4331.54 95.4007
4331.91 95.4016
4332.27 95.4027
4332.64 95.4049
4333.01 95.4062
4333.37 95.4076
4333.74 95.409
4334.11 95.4106
4334.47 95.4124
4334.84 95.4143
4335.2 95.4166
4335.57 95.4192
4335.94 95.426
4336.3 95.4297
4336.67 95.4339
4337.04 95.4386
4337.4 95.4441
4337.77 95.4502
4338.13 95.4571
4338.5 95.4648
4338.87 95.4733
4339.23 95.477
4339.6 95.4863
4339.97 95.4967
4340.33 95.5083
4340.7 95.5213
4341.06 95.535
4341.43 95.5482
4341.8 95.5602
4342.16 95.5732
4342.53 95.5823
4342.9 95.5903
4343.26 95.5973
4343.63 95.6034
4343.99 95.6088
4344.36 95.6137
4344.73 95.6182
4345.09 95.6225
4345.46 95.6266
4345.82 95.6281
4346.19 95.6322
4346.56 95.6363
4346.92 95.6405
4347.29 95.6448
4347.66 95.6492
4348.02 95.6557
4348.39 95.6608
4348.75 95.6661
4349.12 95.6718
4349.49 95.6777
4349.85 95.684
4350.22 95.6905
4350.59 95.6973
4350.95 95.7043
4351.32 95.7117
4351.68 95.7194
4352.05 95.7276
4352.42 95.7299
4352.78 95.7386
4353.15 95.7482
4353.52 95.759
4353.88 95.7716
4354.25 95.7889
4354.61 95.8066
4354.98 95.8243
4355.35 95.8392
4355.71 95.8518
4356.08 95.8625
4356.44 95.8717
4356.81 95.8797
4357.18 95.8868
4357.54 95.8931
4357.91 95.8988
4358.28 95.9039
4358.64 95.9062
4359.01 95.9109
4359.37 95.9153
4359.74 95.9196
4360.11 95.9235
4360.47 95.929
4360.84 95.9324
4361.21 95.9357
4361.57 95.9388
4361.94 95.9418
4362.3 95.9447
4362.67 95.9476
4363.04 95.9504
4363.4 95.9532
4363.77 95.956
4364.14 95.9588
4364.5 95.9615
4364.87 95.9641
4365.23 95.9653
4365.6 95.9681
4365.97 95.9708
4366.33 95.9736
4366.7 95.9787
4367.06 95.9818
4367.43 95.9849
4367.8 95.988
4368.16 95.9909
4368.53 95.9938
4368.9 95.9965
4369.26 95.9992
4369.63 96.0018
4369.99 96.0043
4370.36 96.0068
4370.73 96.0092
4371.09 96.0115
4371.46 96.0139
4371.83 96.0174
4372.19 96.0197
4372.56 96.0221
4372.92 96.0278
4373.29 96.0301
4373.66 96.0324
4374.02 96.0347
4374.39 96.0369
4374.76 96.039
4375.12 96.041
4375.49 96.0429
4375.85 96.0447
4376.22 96.0465
4376.59 96.0481
4376.95 96.0497
4377.32 96.0512
4377.69 96.0525
4378.05 96.0538
4378.42 96.056
4378.78 96.059
4379.15 96.0599
4379.52 96.0606
4379.88 96.0611
4380.25 96.0616
4380.61 96.062
4380.98 96.0625
4381.35 96.0632
4381.71 96.0641
4382.08 96.0654
4382.45 96.067
4382.81 96.069
4383.18 96.0714
4383.54 96.0743
4383.91 96.0776
4384.28 96.0811
4384.64 96.0848
4385.01 96.0897
4385.38 96.0938
4385.74 96.0978
4386.11 96.1019
4386.47 96.1059
4386.84 96.1099
4387.21 96.1138
4387.57 96.1176
4387.94 96.1212
4388.31 96.1244
4388.67 96.1273
4389.04 96.1298
4389.4 96.1319
4389.77 96.1335
4390.14 96.1346
4390.5 96.1352
4390.87 96.1352
4391.23 96.1374
4391.6 96.1363
4391.97 96.1348
4392.33 96.1329
4392.7 96.1305
4393.07 96.1278
4393.43 96.1248
4393.8 96.1215
4394.16 96.1179
4394.53 96.1142
4394.9 96.1103
4395.26 96.1064
4395.63 96.1026
4396 96.0988
4396.36 96.0952
4396.73 96.0917
4397.09 96.0886
4397.46 96.0842
4397.83 96.0828
4398.19 96.0809
4398.56 96.0796
4398.93 96.0789
4399.29 96.0788
4399.66 96.0793
4400.02 96.0801
4400.39 96.0814
4400.76 96.0828
4401.12 96.0843
4401.49 96.0857
4401.85 96.0872
4402.22 96.0886
4402.59 96.0902
4402.95 96.0918
4403.32 96.0936
4403.69 96.0972
4404.05 96.0998
4404.42 96.1022
4404.78 96.1053
4405.15 96.1085
4405.52 96.1119
4405.88 96.1155
4406.25 96.1193
4406.62 96.1233
4406.98 96.1276
4407.35 96.1321
4407.71 96.137
4408.08 96.142
4408.45 96.1473
4408.81 96.1528
4409.18 96.1586
4409.55 96.1647
4409.91 96.175
4410.28 96.1816
4410.64 96.1887
4411.01 96.1917
4411.38 96.1989
4411.74 96.2067
4412.11 96.2151
4412.48 96.224
4412.84 96.2331
4413.21 96.2419
4413.57 96.2499
4413.94 96.2568
4414.31 96.2626
4414.67 96.2675
4415.04 96.2716
4415.4 96.2749
4415.77 96.2772
4416.14 96.2797
4416.5 96.282
4416.87 96.284
4417.24 96.286
4417.6 96.2864
4417.97 96.2884
4418.33 96.2904
4418.7 96.2923
4419.07 96.2941
4419.43 96.2959
4419.8 96.2977
4420.17 96.2994
4420.53 96.301
4420.9 96.3026
4421.26 96.3041
4421.63 96.3056
4422 96.3091
4422.36 96.3107
4422.73 96.3124
4423.1 96.3143
4423.46 96.3162
4423.83 96.3183
4424.19 96.3208
4424.56 96.3232
4424.93 96.3257
4425.29 96.3284
4425.66 96.3313
4426.02 96.3343
4426.39 96.3374
4426.76 96.3406
4427.12 96.3439
4427.49 96.3473
4427.86 96.3507
4428.22 96.3568
4428.59 96.3602
4428.95 96.3636
4429.32 96.3669
4429.69 96.37
4430.05 96.3729
4430.42 96.3752
4430.79 96.3779
4431.15 96.3803
4431.52 96.3825
4431.88 96.3844
4432.25 96.3861
4432.62 96.3875
4432.98 96.3886
4433.35 96.3896
4433.72 96.3904
4434.08 96.3912
4434.45 96.392
4434.81 96.3927
4435.18 96.3935
4435.55 96.3943
4435.91 96.3951
4436.28 96.3956
4436.65 96.3957
4437.01 96.3938
4437.38 96.3931
4437.74 96.3918
4438.11 96.39
4438.48 96.3878
4438.84 96.3856
4439.21 96.3835
4439.57 96.3818
4439.94 96.3805
4440.31 96.3796
4440.67 96.3787
4441.04 96.379
4441.41 96.3795
4441.77 96.3802
4442.14 96.3811
4442.5 96.3819
4442.87 96.3828
4443.24 96.3837
4443.6 96.3853
4443.97 96.3863
4444.34 96.3871
4444.7 96.3879
4445.07 96.3887
4445.43 96.3894
4445.8 96.3901
4446.17 96.3908
4446.53 96.3944
4446.9 96.3951
4447.27 96.3959
4447.63 96.3967
4448 96.3975
4448.36 96.3983
4448.73 96.399
4449.1 96.3997
4449.46 96.4004
4449.83 96.401
4450.19 96.4021
4450.56 96.4022
4450.93 96.4021
4451.29 96.4019
4451.66 96.4016
4452.03 96.4011
4452.39 96.4005
4452.76 96.3979
4453.12 96.3968
4453.49 96.3956
4453.86 96.3944
4454.22 96.3933
4454.59 96.3923
4454.96 96.3916
4455.32 96.3911
4455.69 96.3908
4456.05 96.3908
4456.42 96.3909
4456.79 96.3916
4457.15 96.3924
4457.52 96.3931
4457.89 96.3938
4458.25 96.3945
4458.62 96.395
4458.98 96.3987
4459.35 96.3993
4459.72 96.3998
4460.08 96.4003
4460.45 96.4007
4460.81 96.4011
4461.18 96.4015
4461.55 96.402
4461.91 96.4025
4462.28 96.4031
4462.65 96.4037
4463.01 96.4073
4463.38 96.4079
4463.74 96.4084
4464.11 96.4089
4464.48 96.4092
4464.84 96.4095
4465.21 96.4125
4465.58 96.4124
4465.94 96.4121
4466.31 96.4116
4466.67 96.4109
4467.04 96.41
4467.41 96.4087
4467.77 96.4071
4468.14 96.405
4468.51 96.4026
4468.87 96.3999
4469.24 96.3968
4469.6 96.3971
4469.97 96.3935
4470.34 96.3898
4470.7 96.3861
4471.07 96.3822
4471.44 96.3782
4471.8 96.3742
4472.17 96.37
4472.53 96.3657
4472.9 96.3611
4473.27 96.3562
4473.63 96.3509
4474 96.3453
4474.36 96.339
4474.73 96.3321
4475.1 96.3244
4475.46 96.3157
4475.83 96.306
4476.2 96.2981
4476.56 96.2875
4476.93 96.2773
4477.29 96.2679
4477.66 96.2538
4478.03 96.2474
4478.39 96.2421
4478.76 96.2378
4479.13 96.2343
4479.49 96.2317
4479.86 96.2298
4480.22 96.2287
4480.59 96.2282
4480.96 96.2283
4481.32 96.2289
4481.69 96.2299
4482.06 96.2311
4482.42 96.2325
4482.79 96.2314
4483.15 96.2327
4483.52 96.2326
4483.89 96.2336
4484.25 96.2343
4484.62 96.2345
4484.98 96.2343
4485.35 96.2334
4485.72 96.2319
4486.08 96.2297
4486.45 96.227
4486.82 96.2236
4487.18 96.2196
4487.55 96.215
4487.91 96.2101
4488.28 96.2051
4488.65 96.2001
4489.01 96.1956
4489.38 96.1921
4489.75 96.1861
4490.11 96.1835
4490.48 96.1813
4490.84 96.1796
4491.21 96.1782
4491.58 96.1772
4491.94 96.1766
4492.31 96.1764
4492.68 96.1765
4493.04 96.1771
4493.41 96.1779
4493.77 96.1791
4494.14 96.1806
4494.51 96.1824
4494.87 96.1844
4495.24 96.1866
4495.6 96.1887
4495.97 96.1935
4496.34 96.1962
4496.7 96.1988
4497.07 96.2014
4497.44 96.2038
4497.8 96.206
4498.17 96.2081
4498.53 96.21
4498.9 96.2117
4499.27 96.2132
4499.63 96.2145
4500 96.2155
4500.37 96.2163
4500.73 96.2168
4501.1 96.2171
4501.46 96.2171
4501.83 96.2168
4502.2 96.218
4502.56 96.2174
4502.93 96.2166
4503.3 96.2155
4503.66 96.2141
4504.03 96.2123
4504.39 96.21
4504.76 96.2074
4505.13 96.2043
4505.49 96.2008
4505.86 96.197
4506.23 96.193
4506.59 96.189
4506.96 96.1852
4507.32 96.1817
4507.69 96.1784
4508.06 96.1755
4508.42 96.1721
4508.79 96.1713
4509.15 96.1695
4509.52 96.1678
4509.89 96.1662
4510.25 96.1647
4510.62 96.1633
4510.99 96.1619
4511.35 96.1605
4511.72 96.1591
4512.08 96.1579
4512.45 96.1567
4512.82 96.1558
4513.18 96.1551
4513.55 96.1547
4513.92 96.1547
4514.28 96.1543
4514.65 96.1547
4515.01 96.1553
4515.38 96.1545
4515.75 96.1551
4516.11 96.1557
4516.48 96.1561
4516.85 96.1563
4517.21 96.1561
4517.58 96.1554
4517.94 96.1542
4518.31 96.1526
4518.68 96.1505
4519.04 96.1479
4519.41 96.1451
4519.77 96.142
4520.14 96.1386
4520.51 96.1334
4520.87 96.1297
4521.24 96.1258
4521.61 96.1217
4521.97 96.1195
4522.34 96.115
4522.7 96.1102
4523.07 96.1054
4523.44 96.1005
4523.8 96.0957
4524.17 96.091
4524.54 96.0866
4524.9 96.0823
4525.27 96.0782
4525.63 96.0744
4526 96.0707
4526.37 96.0672
4526.73 96.0622
4527.1 96.0589
4527.47 96.0557
4527.83 96.0528
4528.2 96.0503
4528.56 96.0485
4528.93 96.0463
4529.3 96.0447
4529.66 96.0435
4530.03 96.0427
4530.4 96.042
4530.76 96.0414
4531.13 96.0408
4531.49 96.04
4531.86 96.0388
4532.23 96.0371
4532.59 96.0347
4532.96 96.0256
4533.32 96.0202
4533.69 96.0137
4534.06 96.0065
4534.42 95.9992
4534.79 95.9911
4535.16 95.9851
4535.52 95.98
4535.89 95.9755
4536.25 95.9718
4536.62 95.9686
4536.99 95.966
4537.35 95.9639
4537.72 95.9622
4538.09 95.9609
4538.45 95.9597
4538.82 95.9588
4539.18 95.9573
4539.55 95.9566
4539.92 95.956
4540.28 95.9552
4540.65 95.9544
4541.02 95.9536
4541.38 95.954
4541.75 95.9534
4542.11 95.9528
4542.48 95.9523
4542.85 95.9518
4543.21 95.9514
4543.58 95.9511
4543.94 95.9508
4544.31 95.9506
4544.68 95.9504
4545.04 95.9502
4545.41 95.9518
4545.78 95.9517
4546.14 95.9515
4546.51 95.9513
4546.87 95.9512
4547.24 95.951
4547.61 95.9508
4547.97 95.9521
4548.34 95.9518
4548.71 95.9516
4549.07 95.9515
4549.44 95.9514
4549.8 95.9514
4550.17 95.9516
4550.54 95.9521
4550.9 95.9528
4551.27 95.9544
4551.64 95.9557
4552 95.9572
4552.37 95.9589
4552.73 95.9606
4553.1 95.9624
4553.47 95.9641
4553.83 95.9657
4554.2 95.9673
4554.56 95.9684
4554.93 95.9698
4555.3 95.971
4555.66 95.9721
4556.03 95.9729
4556.4 95.9734
4556.76 95.9737
4557.13 95.9738
4557.49 95.975
4557.86 95.9747
4558.23 95.9743
4558.59 95.9736
4558.96 95.9728
4559.33 95.972
4559.69 95.971
4560.06 95.97
4560.42 95.969
4560.79 95.968
4561.16 95.9695
4561.52 95.9685
4561.89 95.9676
4562.26 95.9668
4562.62 95.9661
4562.99 95.9656
4563.35 95.9652
4563.72 95.9665
4564.09 95.966
4564.45 95.9655
4564.82 95.965
4565.19 95.9643
4565.55 95.9634
4565.92 95.9625
4566.28 95.9613
4566.65 95.9599
4567.02 95.9582
4567.38 95.9575
4567.75 95.9553
4568.11 95.9529
4568.48 95.9503
4568.85 95.9476
4569.21 95.9446
4569.58 95.9416
4569.95 95.9363
4570.31 95.9329
4570.68 95.9293
4571.04 95.9255
4571.41 95.9217
4571.78 95.9179
4572.14 95.9144
4572.51 95.9113
4572.88 95.9088
4573.24 95.9069
4573.61 95.9058
4573.97 95.9049
4574.34 95.9048
4574.71 95.9051
4575.07 95.9059
4575.44 95.907
4575.81 95.9084
4576.17 95.9109
4576.54 95.9128
4576.9 95.9149
4577.27 95.917
4577.64 95.9191
4578 95.9212
4578.37 95.9231
4578.73 95.9248
4579.1 95.9264
4579.47 95.9277
4579.83 95.9289
4580.2 95.9299
4580.57 95.9315
4580.93 95.9322
4581.3 95.9327
4581.66 95.9332
4582.03 95.9346
4582.4 95.9351
4582.76 95.936
4583.13 95.9371
4583.5 95.9385
4583.86 95.9403
4584.23 95.9422
4584.59 95.9443
4584.96 95.9463
4585.33 95.9482
4585.69 95.9498
4586.06 95.951
4586.43 95.9518
4586.79 95.9521
4587.16 95.9523
4587.52 95.9522
4587.89 95.9516
4588.26 95.9507
4588.62 95.9496
4588.99 95.9484
4589.35 95.9471
4589.72 95.9458
4590.09 95.9446
4590.45 95.9433
4590.82 95.9421
4591.19 95.9409
4591.55 95.9398
4591.92 95.9386
4592.28 95.9373
4592.65 95.9359
4593.02 95.9344
4593.38 95.9329
4593.75 95.9319
4594.12 95.9303
4594.48 95.9279
4594.85 95.9268
4595.21 95.9261
4595.58 95.9258
4595.95 95.926
4596.31 95.9266
4596.68 95.9277
4597.05 95.9293
4597.41 95.9313
4597.78 95.9338
4598.14 95.9368
4598.51 95.9402
4598.88 95.9442
4599.24 95.9489
4599.61 95.9543
4599.98 95.9606
4600.34 95.9603
4600.71 95.9677
4601.07 95.976
4601.44 95.9847
4601.81 95.9932
4602.17 96.001
4602.54 96.0079
4602.9 96.0139
4603.27 96.0191
4603.64 96.0236
4604 96.0274
4604.37 96.0308
4604.74 96.0337
4605.1 96.0363
4605.47 96.0387
4605.83 96.0409
4606.2 96.0429
4606.57 96.0443
4606.93 96.0477
4607.3 96.0495
4607.67 96.0511
4608.03 96.0524
4608.4 96.0535
4608.76 96.0544
4609.13 96.0551
4609.5 96.0555
4609.86 96.0556
4610.23 96.0557
4610.6 96.0556
4610.96 96.0554
4611.33 96.0553
4611.69 96.0551
4612.06 96.0549
4612.43 96.0549
4612.79 96.055
4613.16 96.0565
4613.52 96.0571
4613.89 96.0581
4614.26 96.0595
4614.62 96.0612
4614.99 96.0633
4615.36 96.0657
4615.72 96.0686
4616.09 96.0718
4616.45 96.0754
4616.82 96.0794
4617.19 96.0837
4617.55 96.0883
4617.92 96.093
4618.29 96.0979
4618.65 96.103
4619.02 96.1102
4619.38 96.1155
4619.75 96.1175
4620.12 96.1229
4620.48 96.1285
4620.85 96.1342
4621.22 96.1401
4621.58 96.146
4621.95 96.1518
4622.31 96.1574
4622.68 96.1627
4623.05 96.1677
4623.41 96.1724
4623.78 96.1769
4624.15 96.1811
4624.51 96.1852
4624.88 96.1893
4625.24 96.1918
4625.61 96.196
4625.98 96.2005
4626.34 96.1979
4626.71 96.2024
4627.07 96.207
4627.44 96.2112
4627.81 96.2148
4628.17 96.2177
4628.54 96.2201
4628.91 96.2219
4629.27 96.2235
4629.64 96.2248
4630 96.2261
4630.37 96.2274
4630.74 96.2287
4631.1 96.23
4631.47 96.2321
4631.84 96.2335
4632.2 96.2348
4632.57 96.2358
4632.93 96.2364
4633.3 96.237
4633.67 96.2372
4634.03 96.2369
4634.4 96.2362
4634.77 96.2352
4635.13 96.2338
4635.5 96.2321
4635.86 96.2303
4636.23 96.2285
4636.6 96.2266
4636.96 96.2247
4637.33 96.2229
4637.69 96.2207
4638.06 96.2194
4638.43 96.2183
4638.79 96.2175
4639.16 96.2174
4639.53 96.217
4639.89 96.2171
4640.26 96.2177
4640.62 96.2188
4640.99 96.2206
4641.36 96.223
4641.72 96.2259
4642.09 96.2293
4642.46 96.233
4642.82 96.2368
4643.19 96.2406
4643.55 96.2441
4643.92 96.2492
4644.29 96.2525
4644.65 96.2556
4645.02 96.2585
4645.39 96.2613
4645.75 96.2635
4646.12 96.2662
4646.48 96.2688
4646.85 96.2713
4647.22 96.2739
4647.58 96.2766
4647.95 96.2795
4648.31 96.2826
4648.68 96.286
4649.05 96.2896
4649.41 96.2937
4649.78 96.3001
4650.15 96.3047
4650.51 96.3096
4650.88 96.3147
4651.24 96.3198
4651.61 96.3247
4651.98 96.3296
4652.34 96.3314
4652.71 96.3359
4653.08 96.3402
4653.44 96.3444
4653.81 96.3484
4654.17 96.3522
4654.54 96.3559
4654.91 96.3594
4655.27 96.3626
4655.64 96.3655
4656.01 96.3694
4656.37 96.372
4656.74 96.3744
4657.1 96.3767
4657.47 96.3789
4657.84 96.3811
4658.2 96.3833
4658.57 96.3855
4658.94 96.3873
4659.3 96.3896
4659.67 96.3921
4660.03 96.3947
4660.4 96.3976
4660.77 96.4007
4661.13 96.4042
4661.5 96.4081
4661.86 96.4126
4662.23 96.4193
4662.6 96.425
4662.96 96.4317
4663.33 96.439
4663.7 96.4471
4664.06 96.4553
4664.43 96.4635
4664.79 96.4711
4665.16 96.4781
4665.53 96.48
4665.89 96.4864
4666.26 96.4921
4666.63 96.4973
4666.99 96.502
4667.36 96.5062
4667.72 96.5101
4668.09 96.5137
4668.46 96.5192
4668.82 96.5224
4669.19 96.5255
4669.56 96.5285
4669.92 96.5316
4670.29 96.5349
4670.65 96.5384
4671.02 96.5423
4671.39 96.5465
4671.75 96.5512
4672.12 96.5545
4672.48 96.5597
4672.85 96.5653
4673.22 96.5711
4673.58 96.5769
4673.95 96.5826
4674.32 96.588
4674.68 96.5958
4675.05 96.6
4675.41 96.6036
4675.78 96.6069
4676.15 96.6098
4676.51 96.6125
4676.88 96.6151
4677.25 96.6177
4677.61 96.6203
4677.98 96.623
4678.34 96.6258
4678.71 96.6287
4679.08 96.6316
4679.44 96.6346
4679.81 96.6376
4680.18 96.6405
4680.54 96.6435
4680.91 96.6497
4681.27 96.6527
4681.64 96.6558
4682.01 96.659
4682.37 96.6621
4682.74 96.6654
4683.1 96.6685
4683.47 96.6717
4683.84 96.6749
4684.2 96.6781
4684.57 96.6813
4684.94 96.6843
4685.3 96.6874
4685.67 96.6903
4686.03 96.6931
4686.4 96.6958
4686.77 96.7007
4687.13 96.703
4687.5 96.7051
4687.87 96.7072
4688.23 96.7092
4688.6 96.7112
4688.96 96.7132
4689.33 96.7152
4689.7 96.7172
4690.06 96.7192
4690.43 96.7213
4690.8 96.7235
4691.16 96.7258
4691.53 96.7295
4691.89 96.7321
4692.26 96.7347
4692.63 96.7374
4692.99 96.7445
4693.36 96.7473
4693.73 96.7502
4694.09 96.753
4694.46 96.7558
4694.82 96.7586
4695.19 96.7613
4695.56 96.764
4695.92 96.7667
4696.29 96.7694
4696.65 96.7722
4697.02 96.7751
4697.39 96.7781
4697.75 96.7813
4698.12 96.785
4698.49 96.7883
4698.85 96.7917
4699.22 96.7988
4699.58 96.8025
4699.95 96.8063
4700.32 96.8103
4700.68 96.8144
4701.05 96.8185
4701.42 96.8227
4701.78 96.8268
4702.15 96.8308
4702.51 96.8348
4702.88 96.8387
4703.25 96.8425
4703.61 96.8462
4703.98 96.8498
4704.35 96.8534
4704.71 96.8566
4705.08 96.8601
4705.44 96.8671
4705.81 96.8709
4706.18 96.8748
4706.54 96.8788
4706.91 96.883
4707.27 96.8873
4707.64 96.8919
4708.01 96.8967
4708.37 96.9018
4708.74 96.9072
4709.11 96.9128
4709.47 96.9187
4709.84 96.9249
4710.2 96.9312
4710.57 96.9377
4710.94 96.9411
4711.3 96.9476
4711.67 96.957
4712.04 96.9634
4712.4 96.9697
4712.77 96.9761
4713.13 96.9825
4713.5 96.9891
4713.87 96.9957
4714.23 97.0025
4714.6 97.0094
4714.97 97.0164
4715.33 97.0233
4715.7 97.0301
4716.06 97.0366
4716.43 97.0426
4716.8 97.0483
4717.16 97.0537
4717.53 97.052
4717.9 97.057
4718.26 97.062
4718.63 97.0673
4718.99 97.0728
4719.36 97.0789
4719.73 97.0858
4720.09 97.0937
4720.46 97.1029
4720.82 97.1134
4721.19 97.125
4721.56 97.1369
4721.92 97.1482
4722.29 97.1581
4722.66 97.1667
4723.02 97.174
4723.39 97.1801
4723.75 97.1857
4724.12 97.1859
4724.49 97.1899
4724.85 97.1931
4725.22 97.1956
4725.59 97.1975
4725.95 97.1987
4726.32 97.1995
4726.68 97.1998
4727.05 97.1997
4727.42 97.1993
4727.78 97.1985
4728.15 97.1974
4728.52 97.196
4728.88 97.1944
4729.25 97.1926
4729.61 97.1905
4729.98 97.1823
4730.35 97.1801
4730.71 97.1745
4731.08 97.1737
4731.44 97.1737
4731.81 97.1745
4732.18 97.1757
4732.54 97.1773
4732.91 97.1789
4733.28 97.1807
4733.64 97.1825
4734.01 97.1844
4734.37 97.1864
4734.74 97.1884
4735.11 97.1905
4735.47 97.1927
4735.84 97.1951
4736.21 97.1992
4736.57 97.2018
4736.94 97.2043
4737.3 97.2062
4737.67 97.2088
4738.04 97.2114
4738.4 97.214
4738.77 97.2165
4739.14 97.219
4739.5 97.2214
4739.87 97.2238
4740.23 97.2259
4740.6 97.228
4740.97 97.2299
4741.33 97.2316
4741.7 97.2332
4742.06 97.2346
4742.43 97.237
4742.8 97.238
4743.16 97.2388
4743.53 97.2396
4743.9 97.2407
4744.26 97.2415
4744.63 97.2423
4744.99 97.2432
4745.36 97.2443
4745.73 97.2455
4746.09 97.247
4746.46 97.2486
4746.83 97.2504
4747.19 97.2523
4747.56 97.2543
4747.92 97.2564
4748.29 97.2584
4748.66 97.2614
4749.02 97.2632
4749.39 97.2649
4749.76 97.2665
4750.12 97.2672
4750.49 97.2686
4750.85 97.2699
4751.22 97.2711
4751.59 97.2724
4751.95 97.2737
4752.32 97.2751
4752.69 97.2768
4753.05 97.2787
4753.42 97.2809
4753.78 97.2835
4754.15 97.2863
4754.52 97.2896
4754.88 97.293
4755.25 97.2966
4755.61 97.3005
4755.98 97.3044
4756.35 97.3082
4756.71 97.3077
4757.08 97.3112
4757.45 97.3145
4757.81 97.3174
4758.18 97.32
4758.54 97.322
4758.91 97.3235
4759.28 97.3243
4759.64 97.3243
4760.01 97.3235
4760.38 97.3219
4760.74 97.3139
4761.11 97.3101
4761.47 97.3055
4761.84 97.3002
4762.21 97.2945
4762.57 97.2885
4762.94 97.2828
4763.31 97.2755
4763.67 97.2705
4764.04 97.266
4764.4 97.2621
4764.77 97.2589
4765.14 97.2563
4765.5 97.2544
4765.87 97.2531
4766.23 97.2523
4766.6 97.2521
4766.97 97.2519
4767.33 97.253
4767.7 97.2543
4768.07 97.2559
4768.43 97.2576
4768.8 97.2594
4769.16 97.2613
4769.53 97.2634
4769.9 97.2656
4770.26 97.2679
4770.63 97.2703
4771 97.2729
4771.36 97.2756
4771.73 97.2785
4772.09 97.2816
4772.46 97.285
4772.83 97.2886
4773.19 97.2949
4773.56 97.2988
4773.93 97.3027
4774.29 97.3064
4774.66 97.3099
4775.02 97.3132
4775.39 97.3165
4775.76 97.3196
4776.12 97.3227
4776.49 97.3247
4776.85 97.3277
4777.22 97.3308
4777.59 97.3337
4777.95 97.3366
4778.32 97.3393
4778.69 97.3418
4779.05 97.3442
4779.42 97.3477
4779.78 97.3495
4780.15 97.3511
4780.52 97.3526
4780.88 97.3539
4781.25 97.3551
4781.62 97.3561
4781.98 97.3569
4782.35 97.3576
4782.71 97.3577
4783.08 97.358
4783.45 97.3582
4783.81 97.3582
4784.18 97.3582
4784.55 97.3581
4784.91 97.3579
4785.28 97.3577
4785.64 97.3578
4786.01 97.3579
4786.38 97.3581
4786.74 97.3585
4787.11 97.359
4787.48 97.3598
4787.84 97.3609
4788.21 97.3623
4788.57 97.364
4788.94 97.366
4789.31 97.368
4789.67 97.3706
4790.04 97.3734
4790.4 97.3766
4790.77 97.38
4791.14 97.3835
4791.5 97.3898
4791.87 97.3933
4792.24 97.3966
4792.6 97.3996
4792.97 97.4023
4793.33 97.4047
4793.7 97.4067
4794.07 97.4084
4794.43 97.4097
4794.8 97.4107
4795.17 97.4115
4795.53 97.4118
4795.9 97.4136
4796.26 97.4133
4796.63 97.4126
4797 97.4114
4797.36 97.4097
4797.73 97.4068
4798.1 97.4035
4798.46 97.3996
4798.83 97.3953
4799.19 97.3907
4799.56 97.3857
4799.93 97.3807
4800.29 97.3758
4800.66 97.3711
4801.02 97.3666
4801.39 97.3624
4801.76 97.3585
4802.12 97.3549
4802.49 97.3522
4802.86 97.349
4803.22 97.3462
4803.59 97.3437
4803.95 97.3396
4804.32 97.3378
4804.69 97.3362
4805.05 97.3348
4805.42 97.3336
4805.79 97.3325
4806.15 97.3314
4806.52 97.3305
4806.88 97.3295
4807.25 97.3287
4807.62 97.328
4807.98 97.3274
4808.35 97.327
4808.72 97.3267
4809.08 97.3269
4809.45 97.3269
4809.81 97.3269
4810.18 97.328
4810.55 97.328
4810.91 97.328
4811.28 97.3278
4811.65 97.3276
4812.01 97.3273
4812.38 97.327
4812.74 97.3266
4813.11 97.3262
4813.48 97.3257
4813.84 97.3252
4814.21 97.3246
4814.57 97.324
4814.94 97.3233
4815.31 97.3225
4815.67 97.3235
4816.04 97.323
4816.41 97.3216
4816.77 97.32
4817.14 97.3182
4817.5 97.3163
4817.87 97.3142
4818.24 97.3121
4818.6 97.3098
4818.97 97.3075
4819.34 97.3051
4819.7 97.3027
4820.07 97.3002
4820.43 97.2977
4820.8 97.2952
4821.17 97.2927
4821.53 97.2904
4821.9 97.2891
4822.27 97.2855
4822.63 97.2835
4823 97.2818
4823.36 97.2804
4823.73 97.2791
4824.1 97.2779
4824.46 97.2767
4824.83 97.2753
4825.19 97.2737
4825.56 97.2718
4825.93 97.2696
4826.29 97.2671
4826.66 97.2644
4827.03 97.2615
4827.39 97.2585
4827.76 97.2553
4828.12 97.2522
4828.49 97.249
4828.86 97.2455
4829.22 97.242
4829.59 97.2384
4829.96 97.2347
4830.32 97.2311
4830.69 97.2275
4831.05 97.2239
4831.42 97.2205
4831.79 97.2173
4832.15 97.2141
4832.52 97.211
4832.89 97.2079
4833.25 97.2048
4833.62 97.2015
4833.98 97.198
4834.35 97.1943
4834.72 97.1867
4835.08 97.1829
4835.45 97.1789
4835.81 97.1754
4836.18 97.1724
4836.55 97.1701
4836.91 97.1683
4837.28 97.167
4837.65 97.1662
4838.01 97.1658
4838.38 97.1658
4838.74 97.1661
4839.11 97.1667
4839.48 97.1678
4839.84 97.1691
4840.21 97.1707
4840.58 97.1725
4840.94 97.1721
4841.31 97.1733
4841.67 97.1709
4842.04 97.1716
4842.41 97.172
4842.77 97.1721
4843.14 97.1722
4843.51 97.1723
4843.87 97.1726
4844.24 97.1733
4844.6 97.1744
4844.97 97.1759
4845.34 97.1779
4845.7 97.1803
4846.07 97.1829
4846.44 97.1856
4846.8 97.1882
4847.17 97.1899
4847.53 97.1917
4847.9 97.193
4848.27 97.1922
4848.63 97.1929
4849 97.193
4849.36 97.1926
4849.73 97.1917
4850.1 97.1904
4850.46 97.1887
4850.83 97.1865
4851.2 97.1841
4851.56 97.1813
4851.93 97.1784
4852.29 97.1752
4852.66 97.172
4853.03 97.1654
4853.39 97.1619
4853.76 97.1585
4854.13 97.1551
4854.49 97.1518
4854.86 97.1485
4855.22 97.1452
4855.59 97.1418
4855.96 97.1384
4856.32 97.1349
4856.69 97.1314
4857.06 97.1278
4857.42 97.1244
4857.79 97.1212
4858.15 97.1184
4858.52 97.116
4858.89 97.1139
4859.25 97.1089
4859.62 97.1073
4859.98 97.1056
4860.35 97.1037
4860.72 97.1016
4861.08 97.099
4861.45 97.0965
4861.82 97.0937
4862.18 97.0905
4862.55 97.087
4862.91 97.0831
4863.28 97.0789
4863.65 97.0742
4864.01 97.0691
4864.38 97.0637
4864.75 97.058
4865.11 97.052
4865.48 97.0416
4865.84 97.0356
4866.21 97.0297
4866.58 97.0238
4866.94 97.018
4867.31 97.0121
4867.68 97.0089
4868.04 97.0031
4868.41 96.9973
4868.77 96.9915
4869.14 96.9856
4869.51 96.9797
4869.87 96.9739
4870.24 96.9683
4870.6 96.9629
4870.97 96.9578
4871.34 96.953
4871.7 96.9461
4872.07 96.942
4872.44 96.938
4872.8 96.9342
4873.17 96.9304
4873.53 96.9265
4873.9 96.9226
4874.27 96.9195
4874.63 96.9151
4875 96.9102
4875.37 96.9051
4875.73 96.8995
4876.1 96.8935
4876.46 96.8872
4876.83 96.8807
4877.2 96.874
4877.56 96.8673
4877.93 96.8546
4878.3 96.8481
4878.66 96.8417
4879.03 96.8356
4879.39 96.8297
4879.76 96.8239
4880.13 96.8183
4880.49 96.8127
4880.86 96.808
4881.23 96.8025
4881.59 96.7969
4881.96 96.7912
4882.32 96.7854
4882.69 96.7793
4883.06 96.7731
4883.42 96.7667
4883.79 96.7551
4884.15 96.7484
4884.52 96.7416
4884.89 96.735
4885.25 96.7285
4885.62 96.7223
4885.99 96.7163
4886.35 96.7105
4886.72 96.7049
4887.08 96.6993
4887.45 96.6955
4887.82 96.69
4888.18 96.6843
4888.55 96.6785
4888.92 96.6725
4889.28 96.6662
4889.65 96.6597
4890.01 96.6483
4890.38 96.6418
4890.75 96.6355
4891.11 96.6294
4891.48 96.6236
4891.85 96.6179
4892.21 96.6124
4892.58 96.6069
4892.94 96.6014
4893.31 96.5959
4893.68 96.5916
4894.04 96.5857
4894.41 96.5797
4894.77 96.5735
4895.14 96.567
4895.51 96.5605
4895.87 96.5539
4896.24 96.5421
4896.61 96.5364
4896.97 96.5312
4897.34 96.5265
4897.7 96.5223
4898.07 96.5186
4898.44 96.5153
4898.8 96.5126
4899.17 96.5102
4899.54 96.5081
4899.9 96.5063
4900.27 96.5057
4900.63 96.5045
4901 96.5035
4901.37 96.5026
4901.73 96.5019
4902.1 96.5014
4902.47 96.5027
4902.83 96.5026
4903.2 96.5025
4903.56 96.5024
4903.93 96.5023
4904.3 96.5022
4904.66 96.502
4905.03 96.5017
4905.4 96.5012
4905.76 96.5006
4906.13 96.4998
4906.49 96.4988
4906.86 96.5003
4907.23 96.4988
4907.59 96.4971
4907.96 96.495
4908.32 96.4927
4908.69 96.4898
4909.06 96.4865
4909.42 96.4829
4909.79 96.4792
4910.16 96.4754
4910.52 96.4718
4910.89 96.4685
4911.25 96.4654
4911.62 96.4628
4911.99 96.4604
4912.35 96.4584
4912.72 96.4566
4913.09 96.455
4913.45 96.4555
4913.82 96.4542
4914.18 96.4531
4914.55 96.452
4914.92 96.4515
4915.28 96.4505
4915.65 96.4496
4916.02 96.4488
4916.38 96.4482
4916.75 96.4476
4917.11 96.4471
4917.48 96.4468
4917.85 96.4466
4918.21 96.4465
4918.58 96.4465
4918.94 96.4466
4919.31 96.4467
4919.68 96.4469
4920.04 96.4484
4920.41 96.4486
4920.78 96.4508
4921.14 96.451
4921.51 96.4513
4921.87 96.4515
4922.24 96.4517
4922.61 96.4519
4922.97 96.4521
4923.34 96.4524
4923.71 96.4526
4924.07 96.4528
4924.44 96.453
4924.8 96.4532
4925.17 96.4534
4925.54 96.4538
4925.9 96.4542
4926.27 96.4569
4926.64 96.4576
4927 96.4613
4927.37 96.4624
4927.73 96.4637
4928.1 96.4653
4928.47 96.4671
4928.83 96.4692
4929.2 96.4716
4929.56 96.4743
4929.93 96.4773
4930.3 96.4805
4930.66 96.4841
4931.03 96.4878
4931.4 96.4919
4931.76 96.4961
4932.13 96.5005
4932.49 96.505
4932.86 96.5078
4933.23 96.515
4933.59 96.5194
4933.96 96.5239
4934.33 96.5283
4934.69 96.5326
4935.06 96.5368
4935.42 96.5408
4935.79 96.5446
4936.16 96.5481
4936.52 96.5513
4936.89 96.5542
4937.26 96.5568
4937.62 96.559
4937.99 96.5609
4938.35 96.5624
4938.72 96.5637
4939.09 96.5646
4939.45 96.5639
4939.82 96.5639
4940.19 96.5637
4940.55 96.5632
4940.92 96.5626
4941.28 96.562
4941.65 96.5612
4942.02 96.5603
4942.38 96.5593
4942.75 96.5582
4943.11 96.557
4943.48 96.5556
4943.85 96.5541
4944.21 96.5525
4944.58 96.5509
4944.95 96.5492
4945.31 96.5475
4945.68 96.5474
4946.04 96.5492
4946.41 96.5478
4946.78 96.5462
4947.14 96.5447
4947.51 96.5431
4947.88 96.5415
4948.24 96.54
4948.61 96.5386
4948.97 96.5372
4949.34 96.536
4949.71 96.5348
4950.07 96.5338
4950.44 96.533
4950.81 96.5324
4951.17 96.532
4951.54 96.5337
4951.9 96.5336
4952.27 96.5338
4952.64 96.5354
4953 96.5357
4953.37 96.5362
4953.73 96.5369
4954.1 96.5377
4954.47 96.5386
4954.83 96.5395
4955.2 96.5405
4955.57 96.5414
4955.93 96.5422
4956.3 96.5427
4956.66 96.5431
4957.03 96.5432
4957.4 96.5431
4957.76 96.5425
4958.13 96.5422
4958.5 96.542
4958.86 96.5417
4959.23 96.5421
4959.59 96.5421
4959.96 96.5421
4960.33 96.542
4960.69 96.5419
4961.06 96.5418
4961.43 96.5416
4961.79 96.5413
4962.16 96.541
4962.52 96.5407
4962.89 96.5404
4963.26 96.54
4963.62 96.5396
4963.99 96.5405
4964.35 96.5402
4964.72 96.54
4965.09 96.5398
4965.45 96.5417
4965.82 96.5418
4966.19 96.5418
4966.55 96.5419
4966.92 96.5419
4967.28 96.5419
4967.65 96.5418
4968.02 96.5416
4968.38 96.5412
4968.75 96.5409
4969.12 96.5404
4969.48 96.54
4969.85 96.5396
4970.21 96.5413
4970.58 96.5412
4970.95 96.5412
4971.31 96.5415
4971.68 96.5419
4972.05 96.5446
4972.41 96.5453
4972.78 96.5461
4973.14 96.5471
4973.51 96.5481
4973.88 96.5492
4974.24 96.5505
4974.61 96.5518
4974.98 96.5533
4975.34 96.5549
4975.71 96.5566
4976.07 96.5585
4976.44 96.5629
4976.81 96.5649
4977.17 96.567
4977.54 96.5692
4977.9 96.5714
4978.27 96.5738
4978.64 96.5755
4979 96.5779
4979.37 96.5805
4979.74 96.5834
4980.1 96.5867
4980.47 96.5904
4980.83 96.5945
4981.2 96.599
4981.57 96.6039
4981.93 96.609
4982.3 96.6142
4982.67 96.6222
4983.03 96.6273
4983.4 96.6322
4983.76 96.6368
4984.13 96.6411
4984.5 96.6452
4984.86 96.6491
4985.23 96.6529
4985.6 96.6566
4985.96 96.66
4986.33 96.6633
4986.69 96.6663
4987.06 96.669
4987.43 96.6716
4987.79 96.6738
4988.16 96.6758
4988.52 96.6807
4988.89 96.682
4989.26 96.6831
4989.62 96.6839
4989.99 96.6844
4990.36 96.6848
4990.72 96.6851
4991.09 96.6852
4991.45 96.6853
4991.82 96.6878
4992.19 96.688
4992.55 96.6883
4992.92 96.6887
4993.29 96.6892
4993.65 96.6899
4994.02 96.6907
4994.38 96.6916
4994.75 96.6946
4995.12 96.6956
4995.48 96.6966
4995.85 96.6978
4996.22 96.6991
4996.58 96.7006
4996.95 96.7021
4997.31 96.7037
4997.68 96.7056
4998.05 96.7057
4998.41 96.7076
4998.78 96.7099
4999.15 96.7125
4999.51 96.7154
4999.88 96.7186
5000.24 96.7219
5000.61 96.725
5000.98 96.7287
5001.34 96.7311
5001.71 96.733
5002.07 96.7344
5002.44 96.7354
5002.81 96.7359
5003.17 96.7362
5003.54 96.7362
5003.91 96.7359
5004.27 96.7354
5004.64 96.7373
5005 96.7367
5005.37 96.7358
5005.74 96.7348
5006.1 96.7335
5006.47 96.7321
5006.84 96.7304
5007.2 96.7298
5007.57 96.7277
5007.93 96.7257
5008.3 96.7237
5008.67 96.7217
5009.03 96.7198
5009.4 96.7181
5009.77 96.7165
5010.13 96.7151
5010.5 96.7137
5010.86 96.7124
5011.23 96.7138
5011.6 96.7125
5011.96 96.7114
5012.33 96.7103
5012.69 96.7093
5013.06 96.7085
5013.43 96.7093
5013.79 96.709
5014.16 96.709
5014.53 96.7093
5014.89 96.71
5015.26 96.7111
5015.62 96.7126
5015.99 96.7143
5016.36 96.7164
5016.72 96.7186
5017.09 96.7211
5017.46 96.7235
5017.82 96.7259
5018.19 96.7284
5018.55 96.7308
5018.92 96.7333
5019.29 96.7378
5019.65 96.7403
5020.02 96.7428
5020.39 96.7456
5020.75 96.7486
5021.12 96.7519
5021.48 96.7556
5021.85 96.7598
5022.22 96.7648
5022.58 96.7706
5022.95 96.7774
5023.31 96.7854
5023.68 96.7945
5024.05 96.8045
5024.41 96.8072
5024.78 96.8176
5025.15 96.8281
5025.51 96.841
5025.88 96.8503
5026.24 96.8589
5026.61 96.8669
5026.98 96.8743
5027.34 96.8813
5027.71 96.8878
5028.08 96.8939
5028.44 96.8997
5028.81 96.9052
5029.17 96.9104
5029.54 96.9155
5029.91 96.9203
5030.27 96.9251
5030.64 96.9298
5031.01 96.9331
5031.37 96.9376
5031.74 96.9447
5032.1 96.9488
5032.47 96.9527
5032.84 96.9566
5033.2 96.9603
5033.57 96.964
5033.94 96.9677
5034.3 96.9715
5034.67 96.9754
5035.03 96.9794
5035.4 96.9837
5035.77 96.9882
5036.13 96.9928
5036.5 96.9977
5036.86 97.0027
5037.23 97.0032
5037.6 97.0081
5037.96 97.0129
5038.33 97.0173
5038.7 97.0213
5039.06 97.0251
5039.43 97.0285
5039.79 97.0317
5040.16 97.0348
5040.53 97.0378
5040.89 97.0406
5041.26 97.0433
5041.63 97.0458
5041.99 97.0483
5042.36 97.0507
5042.72 97.053
5043.09 97.0552
5043.46 97.0572
5043.82 97.0593
5044.19 97.0634
5044.56 97.065
5044.92 97.0664
5045.29 97.0676
5045.65 97.0686
5046.02 97.0695
5046.39 97.0702
5046.75 97.0708
5047.12 97.0713
5047.48 97.0716
5047.85 97.0719
5048.22 97.0721
5048.58 97.0723
5048.95 97.0725
5049.32 97.0727
5049.68 97.073
5050.05 97.0735
5050.41 97.0768
5050.78 97.0775
5051.15 97.0784
5051.51 97.0795
5051.88 97.0808
5052.25 97.0823
5052.61 97.0839
5052.98 97.0855
5053.34 97.0872
5053.71 97.0888
5054.08 97.0903
5054.44 97.0917
5054.81 97.093
5055.18 97.0944
5055.54 97.0958
5055.91 97.0974
5056.27 97.0997
5056.64 97.102
5057.01 97.1026
5057.37 97.1054
5057.74 97.1088
5058.1 97.1125
5058.47 97.1164
5058.84 97.1204
5059.2 97.1244
5059.57 97.1282
5059.94 97.1318
5060.3 97.1353
5060.67 97.1385
5061.03 97.1415
5061.4 97.1443
5061.77 97.1469
5062.13 97.1492
5062.5 97.1525
5062.87 97.1543
5063.23 97.1561
5063.6 97.1569
5063.96 97.1585
5064.33 97.1602
5064.7 97.1621
5065.06 97.164
5065.43 97.1661
5065.8 97.1683
5066.16 97.1704
5066.53 97.1727
5066.89 97.1749
5067.26 97.1772
5067.63 97.1796
5067.99 97.1821
5068.36 97.1846
5068.73 97.1886
5069.09 97.1915
5069.46 97.1946
5069.82 97.1961
5070.19 97.1995
5070.56 97.2031
5070.92 97.2068
5071.29 97.2106
5071.65 97.2146
5072.02 97.2187
5072.39 97.2228
5072.75 97.2269
5073.12 97.231
5073.49 97.2351
5073.85 97.2392
5074.22 97.2433
5074.58 97.2475
5074.95 97.2535
5075.32 97.2577
5075.68 97.262
5076.05 97.2665
5076.42 97.268
5076.78 97.2724
5077.15 97.2768
5077.51 97.2813
5077.88 97.2856
5078.25 97.2897
5078.61 97.2936
5078.98 97.2972
5079.35 97.3006
5079.71 97.3038
5080.08 97.3068
5080.44 97.3098
5080.81 97.3129
5081.18 97.3171
5081.54 97.3205
5081.91 97.324
5082.27 97.3277
5082.64 97.3314
5083.01 97.3329
5083.37 97.3368
5083.74 97.3407
5084.11 97.3446
5084.47 97.3484
5084.84 97.3523
5085.2 97.3561
5085.57 97.3601
5085.94 97.3642
5086.3 97.3686
5086.67 97.3733
5087.04 97.3801
5087.4 97.3862
5087.77 97.3931
5088.13 97.4011
5088.5 97.4101
5088.87 97.4202
5089.23 97.4311
5089.6 97.4333
5089.97 97.4442
5090.33 97.4548
5090.7 97.4645
5091.06 97.4736
5091.43 97.4819
5091.8 97.4896
5092.16 97.4968
5092.53 97.5034
5092.9 97.5095
5093.26 97.5179
5093.63 97.5233
5093.99 97.5284
5094.36 97.5332
5094.73 97.5377
5095.09 97.542
5095.46 97.5462
5095.82 97.5501
5096.19 97.5528
5096.56 97.5565
5096.92 97.56
5097.29 97.5633
5097.66 97.5662
5098.02 97.5688
5098.39 97.571
5098.75 97.5729
5099.12 97.5745
5099.49 97.577
5099.85 97.5779
5100.22 97.5785
5100.59 97.5788
5100.95 97.5791
5101.32 97.5792
5101.68 97.5793
5102.05 97.5794
5102.42 97.5801
5102.78 97.5804
5103.15 97.5808
5103.52 97.5812
5103.88 97.5817
5104.25 97.5823
5104.61 97.5828
5104.98 97.5834
5105.35 97.5839
5105.71 97.5847
5106.08 97.5851
5106.44 97.5856
5106.81 97.5861
5107.18 97.5868
5107.54 97.5875
5107.91 97.5884
5108.28 97.5893
5108.64 97.5904
5109.01 97.591
5109.37 97.592
5109.74 97.5931
5110.11 97.594
5110.47 97.5949
5110.84 97.5957
5111.21 97.5963
5111.57 97.5968
5111.94 97.5973
5112.3 97.5975
5112.67 97.5975
5113.04 97.5974
5113.4 97.5972
5113.77 97.597
5114.14 97.5967
5114.5 97.5963
5114.87 97.5958
5115.23 97.5952
5115.6 97.5947
5115.97 97.5938
5116.33 97.5929
5116.7 97.5918
5117.06 97.5905
5117.43 97.5891
5117.8 97.5877
5118.16 97.585
5118.53 97.5836
5118.9 97.5824
5119.26 97.5811
5119.63 97.5799
5119.99 97.5786
5120.36 97.5771
5120.73 97.5754
5121.09 97.5734
5121.46 97.571
5121.83 97.5683
5122.19 97.5658
5122.56 97.5625
5122.92 97.5589
5123.29 97.5551
5123.66 97.5513
5124.02 97.5441
5124.39 97.5407
5124.76 97.5378
5125.12 97.5354
5125.49 97.5335
5125.85 97.5323
5126.22 97.5316
5126.59 97.5315
5126.95 97.532
5127.32 97.5329
5127.69 97.5342
5128.05 97.5359
5128.42 97.5379
5128.78 97.5377
5129.15 97.5403
5129.52 97.5432
5129.88 97.5464
5130.25 97.5505
5130.61 97.5545
5130.98 97.5589
5131.35 97.5637
5131.71 97.5687
5132.08 97.5738
5132.45 97.5788
5132.81 97.5836
5133.18 97.5881
5133.54 97.5921
5133.91 97.5958
5134.28 97.5992
5134.64 97.6021
5135.01 97.6048
5135.38 97.6065
5135.74 97.6087
5136.11 97.6105
5136.47 97.613
5136.84 97.6139
5137.21 97.6144
5137.57 97.6144
5137.94 97.6141
5138.31 97.6134
5138.67 97.6124
5139.04 97.6113
5139.4 97.6101
5139.77 97.6088
5140.14 97.6076
5140.5 97.6066
5140.87 97.6057
5141.23 97.605
5141.6 97.6048
5141.97 97.6044
5142.33 97.6042
5142.7 97.6041
5143.07 97.6041
5143.43 97.6041
5143.8 97.6041
5144.16 97.604
5144.53 97.6038
5144.9 97.6035
5145.26 97.6029
5145.63 97.6022
5146 97.6014
5146.36 97.6006
5146.73 97.5997
5147.09 97.5987
5147.46 97.5977
5147.83 97.5965
5148.19 97.5944
5148.56 97.5926
5148.93 97.5867
5149.29 97.5833
5149.66 97.579
5150.02 97.5736
5150.39 97.5668
5150.76 97.5586
5151.12 97.5491
5151.49 97.5397
5151.85 97.5314
5152.22 97.5244
5152.59 97.5186
5152.95 97.5138
5153.32 97.5099
5153.69 97.5067
5154.05 97.5043
5154.42 97.5026
5154.78 97.4983
5155.15 97.4981
5155.52 97.4984
5155.88 97.4991
5156.25 97.5001
5156.62 97.5014
5156.98 97.5028
5157.35 97.5042
5157.71 97.5056
5158.08 97.507
5158.45 97.5082
5158.81 97.5093
5159.18 97.5102
5159.55 97.511
5159.91 97.5117
5160.28 97.5121
5160.64 97.5125
5161.01 97.5108
5161.38 97.5088
5161.74 97.5083
5162.11 97.5077
5162.48 97.5068
5162.84 97.5057
5163.21 97.5044
5163.57 97.5028
5163.94 97.5009
5164.31 97.4988
5164.67 97.4963
5165.04 97.4937
5165.4 97.491
5165.77 97.4882
5166.14 97.4854
5166.5 97.4827
5166.87 97.4802
5167.24 97.4758
5167.6 97.4742
5167.97 97.4727
5168.33 97.4716
5168.7 97.4706
5169.07 97.4697
5169.43 97.469
5169.8 97.4683
5170.17 97.4676
5170.53 97.467
5170.9 97.4663
5171.26 97.4655
5171.63 97.4647
5172 97.4639
5172.36 97.4629
5172.73 97.4617
5173.1 97.4605
5173.46 97.4577
5173.83 97.456
5174.19 97.4543
5174.56 97.4525
5174.93 97.4507
5175.29 97.4489
5175.66 97.4471
5176.02 97.4451
5176.39 97.443
5176.76 97.4406
5177.12 97.4378
5177.49 97.4344
5177.86 97.4305
5178.22 97.4259
5178.59 97.4205
5178.95 97.4142
5179.32 97.4069
5179.69 97.3899
5180.05 97.3797
5180.42 97.3691
5180.79 97.3595
5181.15 97.35
5181.52 97.3414
5181.88 97.3337
5182.25 97.3269
5182.62 97.3209
5182.98 97.3156
5183.35 97.3109
5183.72 97.3068
5184.08 97.3031
5184.45 97.2998
5184.81 97.2968
5185.18 97.2942
5185.55 97.2917
5185.91 97.2886
5186.28 97.2867
5186.65 97.285
5187.01 97.2834
5187.38 97.2824
5187.74 97.2808
5188.11 97.2792
5188.48 97.2778
5188.84 97.2764
5189.21 97.2752
5189.57 97.2742
5189.94 97.2733
5190.31 97.2727
5190.67 97.2722
5191.04 97.2719
5191.41 97.2717
5191.77 97.2689
5192.14 97.2684
5192.5 97.2679
5192.87 97.2671
5193.24 97.2661
5193.6 97.2647
5193.97 97.2597
5194.34 97.2576
5194.7 97.2554
5195.07 97.2532
5195.43 97.2513
5195.8 97.2497
5196.17 97.2484
5196.53 97.2473
5196.9 97.2465
5197.27 97.2457
5197.63 97.2451
5198 97.244
5198.36 97.2439
5198.73 97.2438
5199.1 97.2439
5199.46 97.2442
5199.83 97.2446
5200.19 97.2454
5200.56 97.246
5200.93 97.2471
5201.29 97.2483
5201.66 97.2499
5202.03 97.2516
5202.39 97.2536
5202.76 97.2558
5203.12 97.2581
5203.49 97.2605
5203.86 97.2629
5204.22 97.2666
5204.59 97.2694
5204.96 97.2722
5205.32 97.2751
5205.69 97.278
5206.05 97.281
5206.42 97.284
5206.79 97.2869
5207.15 97.2891
5207.52 97.292
5207.89 97.2948
5208.25 97.2976
5208.62 97.3003
5208.98 97.3028
5209.35 97.3052
5209.72 97.3074
5210.08 97.3094
5210.45 97.3127
5210.81 97.3138
5211.18 97.3146
5211.55 97.3149
5211.91 97.3146
5212.28 97.3137
5212.65 97.3121
5213.01 97.3098
5213.38 97.3079
5213.74 97.3044
5214.11 97.3003
5214.48 97.2959
5214.84 97.2914
5215.21 97.2867
5215.58 97.2821
5215.94 97.2774
5216.31 97.2728
5216.67 97.265
5217.04 97.2602
5217.41 97.2554
5217.77 97.2504
5218.14 97.2453
5218.51 97.2401
5218.87 97.2349
5219.24 97.2295
5219.6 97.224
5219.97 97.2196
5220.34 97.2138
5220.7 97.2081
5221.07 97.2025
5221.44 97.1973
5221.8 97.1923
5222.17 97.1876
5222.53 97.1805
5222.9 97.1768
5223.27 97.1735
5223.63 97.1704
5224 97.1675
5224.36 97.1647
5224.73 97.162
5225.1 97.1593
5225.46 97.1564
5225.83 97.1534
5226.2 97.1501
5226.56 97.1471
5226.93 97.1431
5227.29 97.1387
5227.66 97.1338
5228.03 97.1288
5228.39 97.1236
5228.76 97.1147
5229.13 97.1103
5229.49 97.1064
5229.86 97.1029
5230.22 97.0998
5230.59 97.0971
5230.96 97.0946
5231.32 97.0924
5231.69 97.0904
5232.06 97.0885
5232.42 97.0867
5232.79 97.0849
5233.15 97.0841
5233.52 97.0822
5233.89 97.0802
5234.25 97.0781
5234.62 97.0759
5234.98 97.0725
5235.35 97.0702
5235.72 97.0678
5236.08 97.0653
5236.45 97.0628
5236.82 97.0601
5237.18 97.0573
5237.55 97.0544
5237.91 97.0514
5238.28 97.0483
5238.65 97.045
5239.01 97.0416
5239.38 97.0381
5239.75 97.0361
5240.11 97.0327
5240.48 97.0294
5240.84 97.0265
5241.21 97.0235
5241.58 97.0216
5241.94 97.0201
5242.31 97.0188
5242.68 97.0177
5243.04 97.0167
5243.41 97.0159
5243.77 97.0151
5244.14 97.0144
5244.51 97.0138
5244.87 97.0131
5245.24 97.0125
5245.6 97.0118
5245.97 97.0139
5246.34 97.0132
5246.7 97.0125
5247.07 97.0118
5247.44 97.0128
5247.8 97.012
5248.17 97.0113
5248.53 97.0105
5248.9 97.0095
5249.27 97.0084
5249.63 97.007
5250 97.0054
5250.37 97.0034
5250.73 97.0011
5251.1 96.9985
5251.46 96.9958
5251.83 96.993
5252.2 96.9903
5252.56 96.9902
5252.93 96.9878
5253.3 96.9857
5253.66 96.9845
5254.03 96.9829
5254.39 96.9814
5254.76 96.9801
5255.13 96.9787
5255.49 96.9773
5255.86 96.9759
5256.23 96.9744
5256.59 96.9727
5256.96 96.9709
5257.32 96.969
5257.69 96.967
5258.06 96.9648
5258.42 96.9626
5258.79 96.9604
5259.15 96.9607
5259.52 96.9588
5259.89 96.9568
5260.25 96.9549
5260.62 96.9532
5260.99 96.9516
5261.35 96.95
5261.72 96.9485
5262.08 96.947
5262.45 96.9453
5262.82 96.9434
5263.18 96.9413
5263.55 96.9389
5263.92 96.9362
5264.28 96.9333
5264.65 96.9301
5265.01 96.9266
5265.38 96.923
5265.75 96.922
5266.11 96.9185
5266.48 96.9148
5266.85 96.9112
5267.21 96.9076
5267.58 96.9041
5267.94 96.9008
5268.31 96.8976
5268.68 96.8947
5269.04 96.892
5269.41 96.8895
5269.77 96.8871
5270.14 96.885
5270.51 96.8829
5270.87 96.881
5271.24 96.8791
5271.61 96.8773
5271.97 96.8769
5272.34 96.8783
5272.7 96.8764
5273.07 96.8743
5273.44 96.8723
5273.8 96.8701
5274.17 96.8679
5274.54 96.8657
5274.9 96.8635
5275.27 96.8613
5275.63 96.8591
5276 96.857
5276.37 96.8549
5276.73 96.8528
5277.1 96.8506
5277.47 96.8483
5277.83 96.8459
5278.2 96.8437
5278.56 96.8412
5278.93 96.8415
5279.3 96.8392
5279.66 96.8371
5280.03 96.8351
5280.4 96.8334
5280.76 96.8319
5281.13 96.8305
5281.49 96.8291
5281.86 96.8278
5282.23 96.8264
5282.59 96.8249
5282.96 96.8234
5283.32 96.8216
5283.69 96.8198
5284.06 96.8177
5284.42 96.8166
5284.79 96.8142
5285.16 96.8152
5285.52 96.8126
5285.89 96.81
5286.25 96.8073
5286.62 96.8048
5286.99 96.8024
5287.35 96.8003
5287.72 96.7984
5288.09 96.7968
5288.45 96.7956
5288.82 96.7949
5289.18 96.7945
5289.55 96.7946
5289.92 96.7952
5290.28 96.7994
5290.65 96.8009
5291.02 96.8028
5291.38 96.805
5291.75 96.8086
5292.11 96.8111
5292.48 96.8138
5292.85 96.8167
5293.21 96.8198
5293.58 96.823
5293.94 96.8265
5294.31 96.8302
5294.68 96.834
5295.04 96.838
5295.41 96.8421
5295.78 96.8462
5296.14 96.8503
5296.51 96.8577
5296.87 96.8618
5297.24 96.8657
5297.61 96.8694
5297.97 96.873
5298.34 96.8765
5298.71 96.88
5299.07 96.8832
5299.44 96.8863
5299.8 96.8893
5300.17 96.8922
5300.54 96.895
5300.9 96.8978
5301.27 96.9007
5301.64 96.9036
5302 96.9066
5302.37 96.9098
5302.73 96.9166
5303.1 96.92
5303.47 96.9235
5303.83 96.9273
5304.2 96.9314
5304.56 96.9357
5304.93 96.9393
5305.3 96.9441
5305.66 96.9493
5306.03 96.9549
5306.4 96.961
5306.76 96.9675
5307.13 96.9746
5307.49 96.9821
5307.86 96.99
5308.23 96.9984
5308.59 97.0073
5308.96 97.0207
5309.33 97.0302
5309.69 97.0397
5310.06 97.0487
5310.42 97.057
5310.79 97.0645
5311.16 97.0711
5311.52 97.0751
5311.89 97.0809
5312.26 97.086
5312.62 97.0905
5312.99 97.0944
5313.35 97.0978
5313.72 97.1007
5314.09 97.1033
5314.45 97.1056
5314.82 97.1076
5315.19 97.1127
5315.55 97.1144
5315.92 97.1159
5316.28 97.1174
5316.65 97.1187
5317.02 97.1199
5317.38 97.121
5317.75 97.1238
5318.11 97.1248
5318.48 97.1257
5318.85 97.1266
5319.21 97.1274
5319.58 97.1283
5319.95 97.129
5320.31 97.1297
5320.68 97.1304
5321.04 97.1335
5321.41 97.134
5321.78 97.1346
5322.14 97.1351
5322.51 97.1357
5322.88 97.1364
5323.24 97.1371
5323.61 97.1379
5323.97 97.1387
5324.34 97.1406
5324.71 97.1415
5325.07 97.1426
5325.44 97.1437
5325.81 97.1448
5326.17 97.146
5326.54 97.1473
5326.9 97.1485
5327.27 97.1516
5327.64 97.1526
5328 97.1533
5328.37 97.1539
5328.73 97.1542
5329.1 97.1544
5329.47 97.1545
5329.83 97.1544
5330.2 97.1542
5330.57 97.1539
5330.93 97.1544
5331.3 97.1539
5331.66 97.1533
5332.03 97.1527
5332.4 97.152
5332.76 97.1514
5333.13 97.1507
5333.5 97.1499
5333.86 97.1494
5334.23 97.1491
5334.59 97.1489
5334.96 97.1489
5335.33 97.149
5335.69 97.1493
5336.06 97.1498
5336.43 97.1504
5336.79 97.1512
5337.16 97.1522
5337.52 97.1535
5337.89 97.1547
5338.26 97.1561
5338.62 97.1577
5338.99 97.1595
5339.35 97.1616
5339.72 97.1657
5340.09 97.1684
5340.45 97.1713
5340.82 97.1745
5341.19 97.178
5341.55 97.182
5341.92 97.1864
5342.28 97.1914
5342.65 97.1969
5343.02 97.203
5343.38 97.2097
5343.75 97.217
5344.12 97.2195
5344.48 97.2275
5344.85 97.2361
5345.21 97.2451
5345.58 97.2546
5345.95 97.2668
5346.31 97.2762
5346.68 97.2852
5347.05 97.2937
5347.41 97.3016
5347.78 97.3089
5348.14 97.3154
5348.51 97.3211
5348.88 97.326
5349.24 97.33
5349.61 97.3332
5349.98 97.3357
5350.34 97.3375
5350.71 97.3384
5351.07 97.3398
5351.44 97.3407
5351.81 97.3412
5352.17 97.3427
5352.54 97.3428
5352.9 97.3427
5353.27 97.3424
5353.64 97.3419
5354 97.3413
5354.37 97.3406
5354.74 97.3398
5355.1 97.3389
5355.47 97.3379
5355.83 97.3368
5356.2 97.3356
5356.57 97.3344
5356.93 97.3353
5357.3 97.334
5357.67 97.3325
5358.03 97.3314
5358.4 97.3296
5358.76 97.3277
5359.13 97.3257
5359.5 97.3236
5359.86 97.3215
5360.23 97.3194
5360.6 97.3172
5360.96 97.3152
5361.33 97.3133
5361.69 97.3116
5362.06 97.3101
5362.43 97.3087
5362.79 97.3075
5363.16 97.3065
5363.52 97.3072
5363.89 97.3063
5364.26 97.3065
5364.62 97.3059
5364.99 97.3054
5365.36 97.3051
5365.72 97.3049
5366.09 97.3049
5366.45 97.305
5366.82 97.3053
5367.19 97.3058
5367.55 97.3064
5367.92 97.3072
5368.29 97.3081
5368.65 97.3092
5369.02 97.3103
5369.38 97.3114
5369.75 97.3124
5370.12 97.3132
5370.48 97.3147
5370.85 97.3154
5371.22 97.3161
5371.58 97.3167
5371.95 97.3173
5372.31 97.3178
5372.68 97.3185
5373.05 97.3191
5373.41 97.3199
5373.78 97.3207
5374.15 97.3215
5374.51 97.3223
5374.88 97.3232
5375.24 97.324
5375.61 97.3247
5375.98 97.3254
5376.34 97.326
5376.71 97.3313
5377.07 97.3318
5377.44 97.3322
5377.81 97.3325
5378.17 97.3328
5378.54 97.333
5378.91 97.3332
5379.27 97.3334
5379.64 97.3335
5380 97.3336
5380.37 97.3337
5380.74 97.3338
5381.1 97.3339
5381.47 97.334
5381.84 97.3341
5382.2 97.3343
5382.57 97.3345
5382.93 97.3368
5383.3 97.3386
5383.67 97.339
5384.03 97.3396
5384.4 97.3404
5384.77 97.3415
5385.13 97.343
5385.5 97.345
5385.86 97.3474
5386.23 97.3502
5386.6 97.3535
5386.96 97.357
5387.33 97.3607
5387.69 97.3644
5388.06 97.3679
5388.43 97.3712
5388.79 97.3738
5389.16 97.3761
5389.53 97.3752
5389.89 97.3767
5390.26 97.3777
5390.62 97.3782
5390.99 97.3783
5391.36 97.3778
5391.72 97.377
5392.09 97.3759
5392.46 97.3747
5392.82 97.3737
5393.19 97.3731
5393.55 97.3728
5393.92 97.3731
5394.29 97.3737
5394.65 97.3749
5395.02 97.3771
5395.39 97.3793
5395.75 97.3817
5396.12 97.3831
5396.48 97.3858
5396.85 97.3883
5397.22 97.3907
5397.58 97.3929
5397.95 97.3949
5398.31 97.3967
5398.68 97.3984
5399.05 97.4
5399.41 97.4014
5399.78 97.4027
5400.15 97.4038
5400.51 97.4048
5400.88 97.4057
5401.24 97.4086
5401.61 97.4092
5401.98 97.4098
5402.34 97.4102
5402.71 97.412
5403.08 97.4123
5403.44 97.4125
5403.81 97.4127
5404.17 97.4128
5404.54 97.4129
5404.91 97.413
5405.27 97.413
5405.64 97.4129
5406.01 97.4128
5406.37 97.4126
5406.74 97.4123
5407.1 97.4118
5407.47 97.4108
5407.84 97.4103
5408.2 97.4099
5408.57 97.4099
5408.94 97.4101
5409.3 97.4104
5409.67 97.4113
5410.03 97.4127
5410.4 97.4144
5410.77 97.4164
5411.13 97.4188
5411.5 97.4215
5411.86 97.4244
5412.23 97.4275
5412.6 97.4307
5412.96 97.434
5413.33 97.4373
5413.7 97.443
5414.06 97.4466
5414.43 97.4503
5414.79 97.4541
5415.16 97.458
5415.53 97.4621
5415.89 97.465
5416.26 97.4693
5416.63 97.4737
5416.99 97.4781
5417.36 97.4826
5417.72 97.4871
5418.09 97.4916
5418.46 97.496
5418.82 97.5004
5419.19 97.5046
5419.56 97.5088
5419.92 97.5152
5420.29 97.5191
5420.65 97.5228
5421.02 97.5264
5421.39 97.5299
5421.75 97.5332
5422.12 97.5363
5422.48 97.5372
5422.85 97.5399
5423.22 97.5424
5423.58 97.5446
5423.95 97.5467
5424.32 97.5486
5424.68 97.5503
5425.05 97.5521
5425.41 97.5538
5425.78 97.5548
5426.15 97.5568
5426.51 97.5588
5426.88 97.5611
5427.25 97.5632
5427.61 97.5653
5427.98 97.567
5428.34 97.5684
5428.71 97.5667
5429.08 97.5678
5429.44 97.5688
5429.81 97.5696
5430.18 97.5703
5430.54 97.5711
5430.91 97.5719
5431.27 97.5727
5431.64 97.5737
5432.01 97.574
5432.37 97.5752
5432.74 97.5765
5433.1 97.578
5433.47 97.5795
5433.84 97.5813
5434.2 97.5833
5434.57 97.5855
5434.94 97.588
5435.3 97.588
5435.67 97.5908
5436.03 97.5938
5436.4 97.5969
5436.77 97.6
5437.13 97.6031
5437.5 97.6062
5437.87 97.6092
5438.23 97.6139
5438.6 97.6171
5438.96 97.6203
5439.33 97.6235
5439.7 97.6268
5440.06 97.6301
5440.43 97.6334
5440.8 97.6369
5441.16 97.6403
5441.53 97.6439
5441.89 97.6465
5442.26 97.65
5442.63 97.6536
5442.99 97.6571
5443.36 97.6607
5443.73 97.6643
5444.09 97.6679
5444.46 97.6729
5444.82 97.6763
5445.19 97.6797
5445.56 97.6831
5445.92 97.6865
5446.29 97.6898
5446.65 97.6931
5447.02 97.6963
5447.39 97.6997
5447.75 97.703
5448.12 97.7064
5448.49 97.7066
5448.85 97.7101
5449.22 97.7137
5449.58 97.7173
5449.95 97.721
5450.32 97.7249
5450.68 97.7295
5451.05 97.7339
5451.42 97.7386
5451.78 97.7434
5452.15 97.7483
5452.51 97.7532
5452.88 97.7579
5453.25 97.7623
5453.61 97.7664
5453.98 97.7702
5454.35 97.7736
5454.71 97.7768
5455.08 97.7769
5455.44 97.7796
5455.81 97.7822
5456.18 97.7845
5456.54 97.7862
5456.91 97.7884
5457.27 97.7906
5457.64 97.7928
5458.01 97.7954
5458.37 97.7982
5458.74 97.8013
5459.11 97.8048
5459.47 97.8088
5459.84 97.8131
5460.2 97.8178
5460.57 97.8227
5460.94 97.8278
5461.3 97.8287
5461.67 97.8339
5462.04 97.8391
5462.4 97.8441
5462.77 97.8499
5463.13 97.8544
5463.5 97.8587
5463.87 97.8627
5464.23 97.8666
5464.6 97.8702
5464.97 97.8737
5465.33 97.8769
5465.7 97.8798
5466.06 97.8824
5466.43 97.8846
5466.8 97.8863
5467.16 97.8874
5467.53 97.8879
5467.9 97.8849
5468.26 97.8841
5468.63 97.8826
5468.99 97.8753
5469.36 97.8726
5469.73 97.87
5470.09 97.8678
5470.46 97.8662
5470.82 97.8653
5471.19 97.8651
5471.56 97.8656
5471.92 97.8668
5472.29 97.8686
5472.66 97.8709
5473.02 97.8737
5473.39 97.8767
5473.75 97.8799
5474.12 97.883
5474.49 97.88
5474.85 97.883
5475.22 97.8829
5475.59 97.8861
5475.95 97.8894
5476.32 97.8927
5476.68 97.8961
5477.05 97.8995
5477.42 97.9029
5477.78 97.9062
5478.15 97.9094
5478.52 97.9125
5478.88 97.9153
5479.25 97.918
5479.61 97.9203
5479.98 97.9224
5480.35 97.9243
5480.71 97.9258
5481.08 97.9221
5481.44 97.9184
5481.81 97.9187
5482.18 97.9189
5482.54 97.9189
5482.91 97.9189
5483.28 97.9187
5483.64 97.9183
5484.01 97.9178
5484.37 97.9172
5484.74 97.9168
5485.11 97.9165
5485.47 97.9166
5485.84 97.9169
5486.21 97.9175
5486.57 97.9184
5486.94 97.9198
5487.3 97.9215
5487.67 97.9164
5488.04 97.9187
5488.4 97.9213
5488.77 97.924
5489.14 97.9268
5489.5 97.9295
5489.87 97.9322
5490.23 97.9347
5490.6 97.9372
5490.97 97.9396
5491.33 97.942
5491.7 97.9444
5492.06 97.9468
5492.43 97.9493
5492.8 97.9521
5493.16 97.955
5493.53 97.9564
5493.9 97.9599
5494.26 97.958
5494.63 97.9617
5494.99 97.9655
5495.36 97.9693
5495.73 97.973
5496.09 97.9763
5496.46 97.9793
5496.83 97.9818
5497.19 97.9838
5497.56 97.9852
5497.92 97.9862
5498.29 97.9867
5498.66 97.9868
5499.02 97.9863
5499.39 97.9855
5499.76 97.9813
5500.12 97.9797
5500.49 97.9768
5500.85 97.975
5501.22 97.9731
5501.59 97.971
5501.95 97.9688
5502.32 97.9666
5502.69 97.9644
5503.05 97.9622
5503.42 97.9598
5503.78 97.9574
5504.15 97.9549
5504.52 97.9523
5504.88 97.9497
5505.25 97.9469
5505.61 97.9439
5505.98 97.9384
5506.35 97.9345
5506.71 97.9302
5507.08 97.9262
5507.45 97.9206
5507.81 97.9143
5508.18 97.907
5508.54 97.8983
5508.91 97.8875
5509.28 97.8742
5509.64 97.8622
5510.01 97.8532
5510.38 97.8465
5510.74 97.8415
5511.11 97.8377
5511.47 97.835
5511.84 97.833
5512.21 97.8289
5512.57 97.8284
5512.94 97.828
5513.31 97.8277
5513.67 97.8268
5514.04 97.8269
5514.4 97.8272
5514.77 97.8275
5515.14 97.828
5515.5 97.8286
5515.87 97.8293
5516.23 97.8302
5516.6 97.8312
5516.97 97.8324
5517.33 97.8336
5517.7 97.835
5518.07 97.8363
5518.43 97.8386
5518.8 97.8399
5519.16 97.8412
5519.53 97.8424
5519.9 97.8433
5520.26 97.8438
5520.63 97.8445
5521 97.8449
5521.36 97.8451
5521.73 97.845
5522.09 97.8447
5522.46 97.8442
5522.83 97.8435
5523.19 97.8428
5523.56 97.8419
5523.93 97.8409
5524.29 97.8396
5524.66 97.8383
5525.02 97.8369
5525.39 97.8353
5525.76 97.8336
5526.12 97.8318
5526.49 97.83
5526.85 97.8294
5527.22 97.8275
5527.59 97.8256
5527.95 97.8236
5528.32 97.8216
5528.69 97.8195
5529.05 97.8174
5529.42 97.815
5529.78 97.8126
5530.15 97.81
5530.52 97.8062
5530.88 97.8034
5531.25 97.8004
5531.62 97.7975
5531.98 97.7946
5532.35 97.7918
5532.71 97.789
5533.08 97.7884
5533.45 97.7859
5533.81 97.7835
5534.18 97.7812
5534.55 97.7789
5534.91 97.7767
5535.28 97.7746
5535.64 97.7725
5536.01 97.7704
5536.38 97.7684
5536.74 97.7659
5537.11 97.7638
5537.48 97.7616
5537.84 97.7593
5538.21 97.757
5538.57 97.7547
5538.94 97.7524
5539.31 97.75
5539.67 97.7488
5540.04 97.7463
5540.4 97.744
5540.77 97.7416
5541.14 97.7394
5541.5 97.7373
5541.87 97.7352
5542.24 97.7334
5542.6 97.7317
5542.97 97.7289
5543.33 97.7278
5543.7 97.727
5544.07 97.7266
5544.43 97.7265
5544.8 97.7269
5545.17 97.7276
5545.53 97.7286
5545.9 97.7297
5546.26 97.729
5546.63 97.7302
5547 97.7312
5547.36 97.732
5547.73 97.7325
5548.1 97.7326
5548.46 97.7325
5548.83 97.7321
5549.19 97.7302
5549.56 97.7293
5549.93 97.7281
5550.29 97.7268
5550.66 97.7255
5551.02 97.7241
5551.39 97.7227
5551.76 97.7213
5552.12 97.72
5552.49 97.7187
5552.86 97.7187
5553.22 97.7176
5553.59 97.7164
5553.95 97.7152
5554.32 97.7141
5554.69 97.713
5555.05 97.7119
5555.42 97.7112
5555.79 97.7103
5556.15 97.7095
5556.52 97.7087
5556.88 97.7081
5557.25 97.7076
5557.62 97.7072
5557.98 97.7068
5558.35 97.7065
5558.72 97.7064
5559.08 97.7062
5559.45 97.7068
5559.81 97.7068
5560.18 97.7068
5560.55 97.7071
5560.91 97.7075
5561.28 97.7085
5561.65 97.7092
5562.01 97.71
5562.38 97.7109
5562.74 97.7119
5563.11 97.713
5563.48 97.7142
5563.84 97.7154
5564.21 97.7167
5564.57 97.7179
5564.94 97.7189
5565.31 97.7198
5565.67 97.7204
5566.04 97.7202
5566.41 97.7205
5566.77 97.7205
5567.14 97.7204
5567.5 97.7201
5567.87 97.7201
5568.24 97.7201
5568.6 97.7202
5568.97 97.7204
5569.34 97.7206
5569.7 97.7208
5570.07 97.721
5570.43 97.7212
5570.8 97.7212
5571.17 97.7212
5571.53 97.721
5571.9 97.7207
5572.27 97.7207
5572.63 97.72
5573 97.719
5573.36 97.7177
5573.73 97.7155
5574.1 97.7136
5574.46 97.7116
5574.83 97.7095
5575.19 97.7073
5575.56 97.7051
5575.93 97.703
5576.29 97.7009
5576.66 97.6989
5577.03 97.6969
5577.39 97.6951
5577.76 97.6933
5578.12 97.6917
5578.49 97.6901
5578.86 97.6898
5579.22 97.6884
5579.59 97.6871
5579.96 97.6861
5580.32 97.685
5580.69 97.6838
5581.05 97.6825
5581.42 97.6812
5581.79 97.6798
5582.15 97.6783
5582.52 97.6767
5582.89 97.675
5583.25 97.6733
5583.62 97.6716
5583.98 97.67
5584.35 97.6683
5584.72 97.6668
5585.08 97.6654
5585.45 97.6657
5585.81 97.6644
5586.18 97.6638
5586.55 97.6628
5586.91 97.662
5587.28 97.6614
5587.65 97.6608
5588.01 97.6603
5588.38 97.6599
5588.74 97.6595
5589.11 97.659
5589.48 97.6584
5589.84 97.6578
5590.21 97.6571
5590.58 97.6563
5590.94 97.6554
5591.31 97.6544
5591.67 97.6535
5592.04 97.655
5592.41 97.6543
5592.77 97.6536
5593.14 97.6529
5593.51 97.6523
5593.87 97.6516
5594.24 97.6509
5594.6 97.6503
5594.97 97.6496
5595.34 97.6489
5595.7 97.6482
5596.07 97.6474
5596.44 97.6467
5596.8 97.6459
5597.17 97.6452
5597.53 97.6444
5597.9 97.6437
5598.27 97.6448
5598.63 97.6467
5599 97.646
5599.36 97.6454
5599.73 97.6448
5600.1 97.6444
5600.46 97.644
5600.83 97.6437
5601.2 97.6435
5601.56 97.6433
5601.93 97.6431
5602.29 97.6428
5602.66 97.6425
5603.03 97.6421
5603.39 97.6416
5603.76 97.641
5604.13 97.6403
5604.49 97.6408
5604.86 97.6419
5605.22 97.6413
5605.59 97.6409
5605.96 97.6407
5606.32 97.6406
5606.69 97.6408
5607.06 97.6412
5607.42 97.6419
5607.79 97.6428
5608.15 97.644
5608.52 97.6453
5608.89 97.6469
5609.25 97.6487
5609.62 97.6506
5609.98 97.6526
5610.35 97.6546
5610.72 97.658
5611.08 97.6599
5611.45 97.6613
5611.82 97.663
5612.18 97.6647
5612.55 97.6663
5612.91 97.6678
5613.28 97.6694
5613.65 97.671
5614.01 97.6726
5614.38 97.6743
5614.75 97.676
5615.11 97.6777
5615.48 97.6794
5615.84 97.681
5616.21 97.6826
5616.58 97.6841
5616.94 97.688
5617.31 97.6893
5617.68 97.6904
5618.04 97.6926
5618.41 97.6935
5618.77 97.6943
5619.14 97.695
5619.51 97.6957
5619.87 97.6963
5620.24 97.6969
5620.6 97.6975
5620.97 97.6981
5621.34 97.6986
5621.7 97.699
5622.07 97.6991
5622.44 97.6991
5622.8 97.6989
5623.17 97.6985
5623.53 97.6978
5623.9 97.6969
5624.27 97.696
5624.63 97.6956
5625 97.6946
5625.37 97.6936
5625.73 97.6926
5626.1 97.6917
5626.46 97.6907
5626.83 97.6897
5627.2 97.6887
5627.56 97.6875
5627.93 97.6863
5628.3 97.6848
5628.66 97.6833
5629.03 97.6812
5629.39 97.6796
5629.76 97.6781
5630.13 97.6767
5630.49 97.6754
5630.86 97.6743
5631.23 97.675
5631.59 97.6743
5631.96 97.6738
5632.32 97.6735
5632.69 97.6735
5633.06 97.6736
5633.42 97.6739
5633.79 97.6744
5634.15 97.675
5634.52 97.6757
5634.89 97.6766
5635.25 97.6795
5635.62 97.6804
5635.99 97.6814
5636.35 97.6823
5636.72 97.6832
5637.08 97.684
5637.45 97.6858
5637.82 97.6864
5638.18 97.6868
5638.55 97.6871
5638.92 97.6871
5639.28 97.687
5639.65 97.6868
5640.01 97.6864
5640.38 97.686
5640.75 97.6856
5641.11 97.6852
5641.48 97.6867
5641.85 97.6864
5642.21 97.6862
5642.58 97.686
5642.94 97.6858
5643.31 97.6857
5643.68 97.6855
5644.04 97.6881
5644.41 97.688
5644.77 97.6879
5645.14 97.6879
5645.51 97.6879
5645.87 97.6879
5646.24 97.6879
5646.61 97.688
5646.97 97.6881
5647.34 97.6883
5647.7 97.691
5648.07 97.6914
5648.44 97.6917
5648.8 97.6922
5649.17 97.6928
5649.54 97.6935
5649.9 97.6943
5650.27 97.6951
5650.63 97.6969
5651 97.6977
5651.37 97.6985
5651.73 97.6993
5652.1 97.7001
5652.47 97.7009
5652.83 97.7017
5653.2 97.7025
5653.56 97.7034
5653.93 97.7053
5654.3 97.7063
5654.66 97.7074
5655.03 97.7086
5655.4 97.7098
5655.76 97.7111
5656.13 97.7122
5656.49 97.7133
5656.86 97.7143
5657.23 97.7155
5657.59 97.7165
5657.96 97.7175
5658.32 97.7185
5658.69 97.7195
5659.06 97.7205
5659.42 97.7216
5659.79 97.7252
5660.16 97.7265
5660.52 97.7277
5660.89 97.729
5661.25 97.7303
5661.62 97.7316
5661.99 97.7329
5662.35 97.7343
5662.72 97.7357
5663.09 97.7372
5663.45 97.7386
5663.82 97.7416
5664.18 97.7431
5664.55 97.7447
5664.92 97.7463
5665.28 97.7479
5665.65 97.7497
5666.02 97.7547
5666.38 97.7566
5666.75 97.7586
5667.11 97.7607
5667.48 97.7628
5667.85 97.7649
5668.21 97.767
5668.58 97.7691
5668.94 97.7711
5669.31 97.7731
5669.68 97.7749
5670.04 97.7767
5670.41 97.7797
5670.78 97.7814
5671.14 97.783
5671.51 97.7846
5671.87 97.7863
5672.24 97.7906
5672.61 97.7922
5672.97 97.7939
5673.34 97.7957
5673.71 97.7975
5674.07 97.7993
5674.44 97.8012
5674.8 97.803
5675.17 97.8048
5675.54 97.8063
5675.9 97.8077
5676.27 97.8087
5676.64 97.8096
5677 97.8101
5677.37 97.8102
5677.73 97.8099
5678.1 97.8092
5678.47 97.8078
5678.83 97.8064
5679.2 97.8047
5679.56 97.8029
5679.93 97.8012
5680.3 97.7995
5680.66 97.7979
5681.03 97.7965
5681.4 97.7954
5681.76 97.7946
5682.13 97.7943
5682.49 97.7943
5682.86 97.7948
5683.23 97.796
5683.59 97.7971
5683.96 97.7984
5684.33 97.8
5684.69 97.8039
5685.06 97.8059
5685.42 97.808
5685.79 97.8101
5686.16 97.8122
5686.52 97.8144
5686.89 97.8166
5687.26 97.8189
5687.62 97.8212
5687.99 97.8236
5688.35 97.826
5688.72 97.8284
5689.09 97.8308
5689.45 97.8333
5689.82 97.8365
5690.19 97.839
5690.55 97.8414
5690.92 97.8471
5691.28 97.8495
5691.65 97.8518
5692.02 97.854
5692.38 97.8562
5692.75 97.8584
5693.11 97.8606
5693.48 97.8627
5693.85 97.8649
5694.21 97.8671
5694.58 97.8692
5694.95 97.8714
5695.31 97.8735
5695.68 97.8756
5696.04 97.8776
5696.41 97.8808
5696.78 97.8856
5697.14 97.8872
5697.51 97.8887
5697.88 97.8901
5698.24 97.8913
5698.61 97.8925
5698.97 97.8935
5699.34 97.8944
5699.71 97.8952
5700.07 97.896
5700.44 97.8968
5700.81 97.8977
5701.17 97.8987
5701.54 97.8999
5701.9 97.9011
5702.27 97.9024
5702.64 97.9037
5703 97.9074
5703.37 97.9088
5703.73 97.9102
5704.1 97.9115
5704.47 97.9127
5704.83 97.9139
5705.2 97.9151
5705.57 97.9162
5705.93 97.9174
5706.3 97.9185
5706.66 97.9197
5707.03 97.921
5707.4 97.9224
5707.76 97.9239
5708.13 97.9254
5708.5 97.9269
5708.86 97.9284
5709.23 97.9327
5709.59 97.9339
5709.96 97.9347
5710.33 97.9354
5710.69 97.9357
5711.06 97.9357
5711.43 97.9355
5711.79 97.9349
5712.16 97.9341
5712.52 97.9331
5712.89 97.9319
5713.26 97.9305
5713.62 97.929
5713.99 97.9273
5714.35 97.9255
5714.72 97.9236
5715.09 97.9216
5715.45 97.9194
5715.82 97.9194
5716.19 97.9173
5716.55 97.9153
5716.92 97.9133
5717.28 97.9113
5717.65 97.9094
5718.02 97.9076
5718.38 97.9058
5718.75 97.904
5719.12 97.9023
5719.48 97.9007
5719.85 97.8992
5720.21 97.8978
5720.58 97.8966
5720.95 97.8957
5721.31 97.8949
5721.68 97.8957
5722.05 97.8955
5722.41 97.897
5722.78 97.897
5723.14 97.8971
5723.51 97.8974
5723.88 97.8978
5724.24 97.8983
5724.61 97.8989
5724.98 97.8996
5725.34 97.9005
5725.71 97.9013
5726.07 97.9023
5726.44 97.9032
5726.81 97.9042
5727.17 97.9051
5727.54 97.9074
5727.9 97.9084
5728.27 97.9093
5728.64 97.9103
5729 97.9119
5729.37 97.913
5729.74 97.9141
5730.1 97.9154
5730.47 97.9168
5730.83 97.9184
5731.2 97.92
5731.57 97.9217
5731.93 97.9233
5732.3 97.9249
5732.67 97.9265
5733.03 97.9278
5733.4 97.929
5733.76 97.9311
5734.13 97.9319
5734.5 97.9325
5734.86 97.9331
5735.23 97.9336
5735.6 97.9344
5735.96 97.9348
5736.33 97.9352
5736.69 97.9355
5737.06 97.9357
5737.43 97.9359
5737.79 97.9361
5738.16 97.9361
5738.52 97.936
5738.89 97.9357
5739.26 97.9353
5739.62 97.9348
5739.99 97.9331
5740.36 97.9323
5740.72 97.9317
5741.09 97.9311
5741.45 97.9308
5741.82 97.9307
5742.19 97.9301
5742.55 97.9304
5742.92 97.931
5743.29 97.9318
5743.65 97.9329
5744.02 97.9342
5744.38 97.9357
5744.75 97.9373
5745.12 97.9391
5745.48 97.941
5745.85 97.9429
5746.22 97.9462
5746.58 97.9485
5746.95 97.951
5747.31 97.9537
5747.68 97.9566
5748.05 97.9597
5748.41 97.9613
5748.78 97.9647
5749.15 97.9683
5749.51 97.9721
5749.88 97.9761
5750.24 97.9803
5750.61 97.9845
5750.98 97.9887
5751.34 97.9928
5751.71 97.9966
5752.07 98.0002
5752.44 98.0034
5752.81 98.006
5753.17 98.0081
5753.54 98.0097
5753.91 98.011
5754.27 98.0118
5754.64 98.0122
5755 98.0111
5755.37 98.0113
5755.74 98.0113
5756.1 98.0112
5756.47 98.0109
5756.84 98.0106
5757.2 98.0102
5757.57 98.0097
5757.93 98.0091
5758.3 98.0085
5758.67 98.0072
5759.03 98.0063
5759.4 98.0053
5759.77 98.0041
5760.13 98.0026
5760.5 98.001
5760.86 97.9991
5761.23 97.997
5761.6 97.996
5761.96 97.9936
5762.33 97.9911
5762.69 97.9885
5763.06 97.9861
5763.43 97.9838
5763.79 97.9817
5764.16 97.98
5764.53 97.9786
5764.89 97.9777
5765.26 97.9772
5765.62 97.9769
5765.99 97.977
5766.36 97.9774
5766.72 97.9781
5767.09 97.9791
5767.46 97.9804
5767.82 97.9818
5768.19 97.9826
5768.55 97.9842
5768.92 97.9858
5769.29 97.9875
5769.65 97.9892
5770.02 97.9907
5770.39 97.9923
5770.75 97.9947
5771.12 97.9961
5771.48 97.9975
5771.85 97.9988
5772.22 98.0002
5772.58 98.0016
5772.95 98.003
5773.31 98.0045
5773.68 98.0061
5774.05 98.0078
5774.41 98.0096
5774.78 98.0108
5775.15 98.0129
5775.51 98.0151
5775.88 98.0174
5776.24 98.0198
5776.61 98.0224
5776.98 98.0264
5777.34 98.0292
5777.71 98.0321
5778.08 98.0352
5778.44 98.0385
5778.81 98.0421
5779.17 98.046
5779.54 98.0503
5779.91 98.0551
5780.27 98.0606
5780.64 98.067
5781.01 98.0671
5781.37 98.0744
5781.74 98.0828
5782.1 98.0922
5782.47 98.1013
5782.84 98.1093
5783.2 98.1152
5783.57 98.1207
5783.94 98.1253
5784.3 98.1292
5784.67 98.1324
5785.03 98.135
5785.4 98.1372
5785.77 98.1389
5786.13 98.1403
5786.5 98.1414
5786.86 98.1422
5787.23 98.1428
5787.6 98.1421
5787.96 98.1425
5788.33 98.1427
5788.7 98.1427
5789.06 98.1425
5789.43 98.1413
5789.79 98.141
5790.16 98.1407
5790.53 98.1406
5790.89 98.1406
5791.26 98.1409
5791.63 98.1413
5791.99 98.1421
5792.36 98.1431
5792.72 98.1443
5793.09 98.1458
5793.46 98.1474
5793.82 98.1492
5794.19 98.1487
5794.56 98.1505
5794.92 98.1523
5795.29 98.1532
5795.65 98.1549
5796.02 98.1568
5796.39 98.1587
5796.75 98.1607
5797.12 98.163
5797.48 98.1654
5797.85 98.168
5798.22 98.1708
5798.58 98.1736
5798.95 98.1764
5799.32 98.1791
5799.68 98.1816
5800.05 98.1839
5800.41 98.186
5800.78 98.1862
5801.15 98.188
5801.51 98.1897
5801.88 98.1909
5802.25 98.1919
5802.61 98.1928
5802.98 98.1935
5803.34 98.194
5803.71 98.1945
5804.08 98.1949
5804.44 98.1953
5804.81 98.1958
5805.18 98.1963
5805.54 98.197
5805.91 98.1979
5806.27 98.199
5806.64 98.2002
5807.01 98.2017
5807.37 98.2014
5807.74 98.2029
5808.1 98.2047
5808.47 98.2067
5808.84 98.2089
5809.2 98.2112
5809.57 98.2138
5809.94 98.2166
5810.3 98.2198
5810.67 98.2234
5811.03 98.2275
5811.4 98.2321
5811.77 98.2372
5812.13 98.2429
5812.5 98.2493
5812.87 98.2564
5813.23 98.2642
5813.6 98.2729
5813.96 98.2755
5814.33 98.2851
5814.7 98.2955
5815.06 98.3062
5815.43 98.3166
5815.8 98.3262
5816.16 98.3349
5816.53 98.3427
5816.89 98.3495
5817.26 98.3555
5817.63 98.3606
5817.99 98.365
5818.36 98.3686
5818.73 98.3716
5819.09 98.3739
5819.46 98.3756
5819.82 98.3767
5820.19 98.3737
5820.56 98.3732
5820.92 98.3722
5821.29 98.3705
5821.65 98.3683
5822.02 98.3654
5822.39 98.362
5822.75 98.3581
5823.12 98.3538
5823.49 98.3491
5823.85 98.3444
5824.22 98.34
5824.58 98.3361
5824.95 98.3327
5825.32 98.3298
5825.68 98.3275
5826.05 98.3256
5826.42 98.3206
5826.78 98.3172
5827.15 98.3164
5827.51 98.3159
5827.88 98.3156
5828.25 98.3157
5828.61 98.3161
5828.98 98.3169
5829.35 98.3182
5829.71 98.3199
5830.08 98.3221
5830.44 98.3247
5830.81 98.3273
5831.18 98.3298
5831.54 98.3319
5831.91 98.3335
5832.27 98.3319
5832.64 98.3322
5833.01 98.3319
5833.37 98.329
5833.74 98.3281
5834.11 98.3267
5834.47 98.325
5834.84 98.323
5835.2 98.3209
5835.57 98.3186
5835.94 98.3163
5836.3 98.3139
5836.67 98.3116
5837.04 98.3093
5837.4 98.3071
5837.77 98.305
5838.13 98.303
5838.5 98.2993
5838.87 98.2975
5839.23 98.2958
5839.6 98.2942
5839.97 98.2928
5840.33 98.2914
5840.7 98.29
5841.06 98.2887
5841.43 98.2875
5841.8 98.2863
5842.16 98.2851
5842.53 98.2839
5842.9 98.2827
5843.26 98.2815
5843.63 98.2802
5843.99 98.2789
5844.36 98.2776
5844.73 98.2763
5845.09 98.275
5845.46 98.2735
5845.82 98.2721
5846.19 98.2706
5846.56 98.2703
5846.92 98.2686
5847.29 98.2669
5847.66 98.2652
5848.02 98.2634
5848.39 98.2616
5848.75 98.2599
5849.12 98.2582
5849.49 98.2568
5849.85 98.2556
5850.22 98.2547
5850.59 98.2542
5850.95 98.2531
5851.32 98.2537
5851.68 98.255
5852.05 98.2569
5852.42 98.2594
5852.78 98.259
5853.15 98.2621
5853.52 98.2654
5853.88 98.2689
5854.25 98.2726
5854.61 98.2764
5854.98 98.2802
5855.35 98.2842
5855.71 98.2884
5856.08 98.2926
5856.44 98.297
5856.81 98.3016
5857.18 98.3071
5857.54 98.3118
5857.91 98.3166
5858.28 98.3215
5858.64 98.3264
5859.01 98.3313
5859.37 98.3316
5859.74 98.3363
5860.11 98.3407
5860.47 98.3449
5860.84 98.3486
5861.21 98.3517
5861.57 98.3543
5861.94 98.3563
5862.3 98.3577
5862.67 98.3584
5863.04 98.3555
5863.4 98.3545
5863.77 98.3528
5864.14 98.3505
5864.5 98.3474
5864.87 98.3437
5865.23 98.3393
5865.6 98.3348
5865.97 98.3276
5866.33 98.3238
5866.7 98.3209
5867.06 98.3187
5867.43 98.3172
5867.8 98.3162
5868.16 98.3155
5868.53 98.3149
5868.9 98.3141
5869.26 98.3072
5869.63 98.3049
5869.99 98.3018
5870.36 98.2981
5870.73 98.2941
5871.09 98.29
5871.46 98.2861
5871.83 98.2826
5872.19 98.2795
5872.56 98.2755
5872.92 98.2733
5873.29 98.2716
5873.66 98.2703
5874.02 98.2694
5874.39 98.269
5874.76 98.2689
5875.12 98.2691
5875.49 98.2686
5875.85 98.2694
5876.22 98.2702
5876.59 98.2712
5876.95 98.2722
5877.32 98.2733
5877.69 98.2745
5878.05 98.2757
5878.42 98.2771
5878.78 98.2786
5879.15 98.2782
5879.52 98.2799
5879.88 98.2819
5880.25 98.2842
5880.61 98.2866
5880.98 98.2891
5881.35 98.2918
5881.71 98.295
5882.08 98.2977
5882.45 98.3002
5882.81 98.3024
5883.18 98.3042
5883.54 98.3057
5883.91 98.3068
5884.28 98.3076
5884.64 98.3081
5885.01 98.3084
5885.38 98.3084
5885.74 98.3092
5886.11 98.3089
5886.47 98.3085
5886.84 98.3079
5887.21 98.3071
5887.57 98.3061
5887.94 98.3049
5888.31 98.3033
5888.67 98.3016
5889.04 98.2995
5889.4 98.2973
5889.77 98.2949
5890.14 98.2923
5890.5 98.2896
5890.87 98.287
5891.23 98.2845
5891.6 98.2822
5891.97 98.2802
5892.33 98.2784
5892.7 98.277
5893.07 98.276
5893.43 98.2753
5893.8 98.2741
5894.16 98.2742
5894.53 98.2745
5894.9 98.2749
5895.26 98.2753
5895.63 98.2756
5896 98.2758
5896.36 98.2758
5896.73 98.2756
5897.09 98.2752
5897.46 98.2746
5897.83 98.2738
5898.19 98.2729
5898.56 98.2724
5898.93 98.2714
5899.29 98.2702
5899.66 98.2691
5900.02 98.2671
5900.39 98.2658
5900.76 98.2645
5901.12 98.2631
5901.49 98.2617
5901.85 98.2602
5902.22 98.2585
5902.59 98.2568
5902.95 98.2549
5903.32 98.2529
5903.69 98.251
5904.05 98.2491
5904.42 98.2474
5904.78 98.2458
5905.15 98.2439
5905.52 98.2425
5905.88 98.2414
5906.25 98.2389
5906.62 98.2382
5906.98 98.2376
5907.35 98.2373
5907.71 98.237
5908.08 98.237
5908.45 98.237
5908.81 98.2371
5909.18 98.2374
5909.55 98.2376
5909.91 98.238
5910.28 98.2383
5910.64 98.2388
5911.01 98.2392
5911.38 98.2397
5911.74 98.2394
5912.11 98.24
5912.48 98.2404
5912.84 98.2409
5913.21 98.2413
5913.57 98.2415
5913.94 98.2416
5914.31 98.2415
5914.67 98.2413
5915.04 98.2409
5915.4 98.2405
5915.77 98.24
5916.14 98.2394
5916.5 98.2388
5916.87 98.2383
5917.24 98.2377
5917.6 98.2373
5917.97 98.237
5918.33 98.2374
5918.7 98.2378
5919.07 98.238
5919.43 98.2383
5919.8 98.2389
5920.17 98.2397
5920.53 98.2407
5920.9 98.2419
5921.26 98.2431
5921.63 98.2444
5922 98.2458
5922.36 98.2473
5922.73 98.2488
5923.1 98.2502
5923.46 98.2516
5923.83 98.2529
5924.19 98.2542
5924.56 98.2547
5924.93 98.256
5925.29 98.2567
5925.66 98.2572
5926.02 98.2576
5926.39 98.2579
5926.76 98.2579
5927.12 98.2578
5927.49 98.2575
5927.86 98.2572
5928.22 98.2567
5928.59 98.2562
5928.95 98.2557
5929.32 98.2552
5929.69 98.2547
5930.05 98.2543
5930.42 98.254
5930.79 98.254
5931.15 98.2543
5931.52 98.2542
5931.88 98.2543
5932.25 98.2546
5932.62 98.2549
5932.98 98.2554
5933.35 98.256
5933.72 98.2567
5934.08 98.2574
5934.45 98.2581
5934.81 98.2588
5935.18 98.2594
5935.55 98.2598
5935.91 98.2601
5936.28 98.2601
5936.65 98.2599
5937.01 98.2604
5937.38 98.2596
5937.74 98.2604
5938.11 98.2593
5938.48 98.2579
5938.84 98.2563
5939.21 98.2545
5939.57 98.2526
5939.94 98.2506
5940.31 98.2485
5940.67 98.2464
5941.04 98.2443
5941.41 98.2422
5941.77 98.2402
5942.14 98.2383
5942.5 98.2366
5942.87 98.2349
5943.24 98.2342
5943.6 98.2328
5943.97 98.2316
5944.34 98.2326
5944.7 98.2316
5945.07 98.2306
5945.43 98.2296
5945.8 98.2287
5946.17 98.2277
5946.53 98.2268
5946.9 98.2258
5947.27 98.2247
5947.63 98.2237
5948 98.2226
5948.36 98.2215
5948.73 98.2204
5949.1 98.2194
5949.46 98.2202
5949.83 98.2193
5950.19 98.2186
5950.56 98.2179
5950.93 98.2198
5951.29 98.2192
5951.66 98.2185
5952.03 98.2179
5952.39 98.2174
5952.76 98.2168
5953.12 98.2162
5953.49 98.2155
5953.86 98.2148
5954.22 98.214
5954.59 98.213
5954.96 98.212
5955.32 98.2107
5955.69 98.2105
5956.05 98.2087
5956.42 98.2067
5956.79 98.2046
5957.15 98.2022
5957.52 98.2025
5957.89 98.1998
5958.25 98.1969
5958.62 98.1938
5958.98 98.1906
5959.35 98.1874
5959.72 98.1842
5960.08 98.1811
5960.45 98.1781
5960.81 98.1753
5961.18 98.1726
5961.55 98.1706
5961.91 98.1682
5962.28 98.1661
5962.65 98.164
5963.01 98.162
5963.38 98.1601
5963.74 98.1609
5964.11 98.1591
5964.48 98.1574
5964.84 98.1557
5965.21 98.154
5965.58 98.1524
5965.94 98.1508
5966.31 98.1492
5966.67 98.1475
5967.04 98.1459
5967.41 98.1443
5967.77 98.1429
5968.14 98.141
5968.51 98.1389
5968.87 98.1367
5969.24 98.1342
5969.6 98.1316
5969.97 98.1287
5970.34 98.1276
5970.7 98.1243
5971.07 98.1209
5971.44 98.1174
5971.8 98.1139
5972.17 98.1105
5972.53 98.1073
5972.9 98.1045
5973.27 98.102
5973.63 98.0999
5974 98.0979
5974.36 98.0966
5974.73 98.0956
5975.1 98.0948
5975.46 98.0942
5975.83 98.0937
5976.2 98.0933
5976.56 98.0929
5976.93 98.0938
5977.29 98.0936
5977.66 98.0933
5978.03 98.093
5978.39 98.0928
5978.76 98.0926
5979.13 98.0924
5979.49 98.0923
5979.86 98.0923
5980.22 98.0936
5980.59 98.0937
5980.96 98.094
5981.32 98.0944
5981.69 98.095
5982.06 98.0957
5982.42 98.0966
5982.79 98.0976
5983.15 98.0987
5983.52 98.0998
5983.89 98.1009
5984.25 98.1022
5984.62 98.1035
5984.98 98.1049
5985.35 98.1063
5985.72 98.1076
5986.08 98.109
5986.45 98.1108
5986.82 98.112
5987.18 98.1131
5987.55 98.114
5987.91 98.1148
5988.28 98.1153
5988.65 98.1156
5989.01 98.1158
5989.38 98.1157
5989.75 98.1155
5990.11 98.1156
5990.48 98.1153
5990.84 98.1149
5991.21 98.1144
5991.58 98.114
5991.94 98.1134
5992.31 98.1129
5992.68 98.1126
5993.04 98.112
5993.41 98.1114
5993.77 98.1107
5994.14 98.1102
5994.51 98.1096
5994.87 98.1092
5995.24 98.1089
5995.6 98.1087
5995.97 98.1087
5996.34 98.1101
5996.7 98.1104
5997.07 98.1107
5997.44 98.1111
5997.8 98.1115
5998.17 98.1119
5998.53 98.1148
5998.9 98.1153
5999.27 98.1159
5999.63 98.1164
6000 98.117
6000.37 98.1175
6000.73 98.1181
6001.1 98.1187
6001.46 98.1193
6001.83 98.1199
6002.2 98.1207
6002.56 98.1215
6002.93 98.1236
6003.3 98.1245
6003.66 98.1254
6004.03 98.1265
6004.39 98.1276
6004.76 98.1304
6005.13 98.1315
6005.49 98.1325
6005.86 98.1335
6006.23 98.1343
6006.59 98.1349
6006.96 98.1354
6007.32 98.1357
6007.69 98.1359
6008.06 98.1359
6008.42 98.1358
6008.79 98.1355
6009.15 98.1351
6009.52 98.1354
6009.89 98.1348
6010.25 98.1341
6010.62 98.1335
6010.99 98.1329
6011.35 98.1324
6011.72 98.1321
6012.08 98.1319
6012.45 98.1318
6012.82 98.1319
6013.18 98.1322
6013.55 98.1327
6013.92 98.1334
6014.28 98.1343
6014.65 98.1354
6015.01 98.1368
6015.38 98.1383
6015.75 98.14
6016.11 98.1411
6016.48 98.1428
6016.85 98.1446
6017.21 98.1475
6017.58 98.1491
6017.94 98.1507
6018.31 98.1521
6018.68 98.1534
6019.04 98.1546
6019.41 98.1556
6019.77 98.1564
6020.14 98.1572
6020.51 98.1578
6020.87 98.1584
6021.24 98.1588
6021.61 98.1591
6021.97 98.1592
6022.34 98.1592
6022.7 98.1593
6023.07 98.159
6023.44 98.1582
6023.8 98.1574
6024.17 98.1566
6024.54 98.1558
6024.9 98.155
6025.27 98.1544
6025.63 98.1539
6026 98.1537
6026.37 98.1537
6026.73 98.154
6027.1 98.1545
6027.47 98.1553
6027.83 98.1563
6028.2 98.1575
6028.56 98.1588
6028.93 98.1602
6029.3 98.1632
6029.66 98.1645
6030.03 98.1657
6030.4 98.1667
6030.76 98.1673
6031.13 98.1677
6031.49 98.1678
6031.86 98.1676
6032.23 98.167
6032.59 98.1662
6032.96 98.1651
6033.32 98.1639
6033.69 98.1625
6034.06 98.161
6034.42 98.1594
6034.79 98.1579
6035.16 98.1563
6035.52 98.1569
6035.89 98.1552
6036.25 98.1536
6036.62 98.1519
6036.99 98.1501
6037.35 98.1483
6037.72 98.1465
6038.09 98.1445
6038.45 98.1426
6038.82 98.1405
6039.18 98.1385
6039.55 98.1365
6039.92 98.1345
6040.28 98.1325
6040.65 98.1305
6041.02 98.1287
6041.38 98.127
6041.75 98.1255
6042.11 98.1256
6042.48 98.1246
6042.85 98.1238
6043.21 98.1233
6043.58 98.123
6043.94 98.1229
6044.31 98.123
6044.68 98.1232
6045.04 98.1237
6045.41 98.1242
6045.78 98.1249
6046.14 98.1257
6046.51 98.1267
6046.87 98.1279
6047.24 98.1293
6047.61 98.1309
6047.97 98.1347
6048.34 98.137
6048.71 98.139
6049.07 98.1417
6049.44 98.1446
6049.8 98.1479
6050.17 98.1515
6050.54 98.1554
6050.9 98.1596
6051.27 98.1641
6051.64 98.169
6052 98.174
6052.37 98.1791
6052.73 98.1841
6053.1 98.1889
6053.47 98.1933
6053.83 98.1974
6054.2 98.2031
6054.56 98.2063
6054.93 98.2092
6055.3 98.2113
6055.66 98.2138
6056.03 98.2159
6056.4 98.2177
6056.76 98.2192
6057.13 98.2204
6057.49 98.2214
6057.86 98.2222
6058.23 98.2229
6058.59 98.2234
6058.96 98.2238
6059.33 98.2241
6059.69 98.2243
6060.06 98.2244
6060.42 98.2261
6060.79 98.2259
6061.16 98.2258
6061.52 98.2256
6061.89 98.2268
6062.26 98.2265
6062.62 98.2261
6062.99 98.2257
6063.35 98.2253
6063.72 98.225
6064.09 98.2248
6064.45 98.2247
6064.82 98.2246
6065.19 98.2247
6065.55 98.2249
6065.92 98.2252
6066.28 98.2265
6066.65 98.227
6067.02 98.2275
6067.38 98.2282
6067.75 98.2289
6068.11 98.2294
6068.48 98.23
6068.85 98.2308
6069.21 98.2316
6069.58 98.2326
6069.95 98.2335
6070.31 98.2344
6070.68 98.2352
6071.04 98.2357
6071.41 98.2359
6071.78 98.2358
6072.14 98.2354
6072.51 98.234
6072.88 98.2328
6073.24 98.2314
6073.61 98.2297
6073.97 98.2277
6074.34 98.2256
6074.71 98.2246
6075.07 98.2224
6075.44 98.2202
6075.81 98.2179
6076.17 98.2155
6076.54 98.2131
6076.9 98.2107
6077.27 98.2081
6077.64 98.2054
6078 98.2026
6078.37 98.1995
6078.73 98.1951
6079.1 98.1915
6079.47 98.1877
6079.83 98.1838
6080.2 98.1797
6080.57 98.1756
6080.93 98.1715
6081.3 98.17
6081.66 98.1663
6082.03 98.1628
6082.4 98.1596
6082.76 98.1568
6083.13 98.1543
6083.5 98.1523
6083.86 98.1508
6084.23 98.1496
6084.59 98.1489
6084.96 98.1497
6085.33 98.1499
6085.69 98.1505
6086.06 98.1514
6086.43 98.1526
6086.79 98.154
6087.16 98.1557
6087.52 98.1575
6087.89 98.1594
6088.26 98.1615
6088.62 98.1637
6088.99 98.1662
6089.35 98.1688
6089.72 98.1716
6090.09 98.1745
6090.45 98.1776
6090.82 98.1807
6091.19 98.1858
6091.55 98.189
6091.92 98.1923
6092.28 98.1956
6092.65 98.1988
6093.02 98.202
6093.38 98.2051
6093.75 98.2079
6094.12 98.2106
6094.48 98.2115
6094.85 98.2139
6095.21 98.2161
6095.58 98.2181
6095.95 98.22
6096.31 98.2218
6096.68 98.2235
6097.05 98.2257
6097.41 98.2272
6097.78 98.2285
6098.14 98.2297
6098.51 98.2307
6098.88 98.2316
6099.24 98.2321
6099.61 98.2323
6099.98 98.2322
6100.34 98.2317
6100.71 98.2308
6101.07 98.2293
6101.44 98.2276
6101.81 98.2253
6102.17 98.2226
6102.54 98.2193
6102.9 98.2154
6103.27 98.2073
6103.64 98.2028
6104 98.1983
6104.37 98.1939
6104.74 98.1897
6105.1 98.1857
6105.47 98.1821
6105.83 98.1788
6106.2 98.1757
6106.57 98.173
6106.93 98.1706
6107.3 98.1707
6107.67 98.1689
6108.03 98.1674
6108.4 98.1662
6108.76 98.1652
6109.13 98.1646
6109.5 98.1655
6109.86 98.1653
6110.23 98.1653
6110.6 98.1655
6110.96 98.1658
6111.33 98.1662
6111.69 98.1668
6112.06 98.1674
6112.43 98.1681
6112.79 98.1689
6113.16 98.1697
6113.52 98.1705
6113.89 98.1712
6114.26 98.1718
6114.62 98.1722
6114.99 98.1724
6115.36 98.1724
6115.72 98.1715
6116.09 98.1707
6116.45 98.1696
6116.82 98.1683
6117.19 98.1668
6117.55 98.165
6117.92 98.1631
6118.29 98.1612
6118.65 98.1592
6119.02 98.1573
6119.38 98.1556
6119.75 98.1541
6120.12 98.1528
6120.48 98.152
6120.85 98.1512
6121.22 98.1506
6121.58 98.1502
6121.95 98.1503
6122.31 98.1505
6122.68 98.1509
6123.05 98.1514
6123.41 98.152
6123.78 98.1528
6124.15 98.1537
6124.51 98.1548
6124.88 98.156
6125.24 98.1572
6125.61 98.1584
6125.98 98.1596
6126.34 98.1607
6126.71 98.1618
6127.07 98.1623
6127.44 98.1633
6127.81 98.1642
6128.17 98.1657
6128.54 98.1663
6128.91 98.1668
6129.27 98.1671
6129.64 98.1672
6130 98.1671
6130.37 98.1668
6130.74 98.1663
6131.1 98.1656
6131.47 98.1648
6131.84 98.1638
6132.2 98.1628
6132.57 98.1616
6132.93 98.1605
6133.3 98.1595
6133.67 98.1587
6134.03 98.1571
6134.4 98.1566
6134.77 98.1565
6135.13 98.1568
6135.5 98.1575
6135.86 98.1587
6136.23 98.1602
6136.6 98.1623
6136.96 98.1649
6137.33 98.1681
6137.69 98.1718
6138.06 98.176
6138.43 98.1808
6138.79 98.1859
6139.16 98.1911
6139.53 98.1961
6139.89 98.1962
6140.26 98.2005
6140.62 98.2043
6140.99 98.2075
6141.36 98.2102
6141.72 98.2125
6142.09 98.2144
6142.46 98.216
6142.82 98.2174
6143.19 98.2187
6143.55 98.2199
6143.92 98.2211
6144.29 98.2223
6144.65 98.2234
6145.02 98.2244
6145.39 98.2253
6145.75 98.2259
6146.12 98.2263
6146.48 98.221
6146.85 98.2207
6147.22 98.2201
6147.58 98.2191
6147.95 98.2179
6148.31 98.2165
6148.68 98.215
6149.05 98.2135
6149.41 98.212
6149.78 98.2106
6150.15 98.2094
6150.51 98.2082
6150.88 98.2072
6151.24 98.2063
6151.61 98.2054
6151.98 98.2045
6152.34 98.2035
6152.71 98.196
6153.08 98.1889
6153.44 98.185
6153.81 98.1799
6154.17 98.1734
6154.54 98.1661
6154.91 98.16
6155.27 98.1557
6155.64 98.1527
6156.01 98.1506
6156.37 98.1491
6156.74 98.1481
6157.1 98.1473
6157.47 98.1468
6157.84 98.1465
6158.2 98.1464
6158.57 98.1465
6158.94 98.1449
6159.3 98.1458
6159.67 98.1445
6160.03 98.1458
6160.4 98.1474
6160.77 98.1491
6161.13 98.1509
6161.5 98.153
6161.86 98.1551
6162.23 98.1574
6162.6 98.1597
6162.96 98.162
6163.33 98.1643
6163.7 98.1665
6164.06 98.1687
6164.43 98.1709
6164.79 98.173
6165.16 98.1748
6165.53 98.1766
6165.89 98.1782
6166.26 98.178
6166.63 98.1795
6166.99 98.181
6167.36 98.1825
6167.72 98.184
6168.09 98.1856
6168.46 98.1872
6168.82 98.189
6169.19 98.1907
6169.56 98.1926
6169.92 98.1945
6170.29 98.1964
6170.65 98.1983
6171.02 98.1995
6171.39 98.2014
6171.75 98.2031
6172.12 98.2049
6172.48 98.2066
6172.85 98.2055
6173.22 98.2068
6173.58 98.208
6173.95 98.209
6174.32 98.2096
6174.68 98.21
6175.05 98.21
6175.41 98.2096
6175.78 98.2089
6176.15 98.2077
6176.51 98.2062
6176.88 98.2044
6177.25 98.199
6177.61 98.1966
6177.98 98.194
6178.34 98.1911
6178.71 98.1878
6179.08 98.1828
6179.44 98.179
6179.81 98.175
6180.18 98.1711
6180.54 98.1677
6180.91 98.1651
6181.27 98.1635
6181.64 98.1631
6182.01 98.164
6182.37 98.1662
6182.74 98.1699
6183.1 98.1754
6183.47 98.1815
6183.84 98.1923
6184.2 98.2024
6184.57 98.2102
6184.94 98.2163
6185.3 98.2213
6185.67 98.2201
6186.03 98.2241
6186.4 98.2272
6186.77 98.2295
6187.13 98.2312
6187.5 98.2323
6187.87 98.2329
6188.23 98.2331
6188.6 98.2329
6188.96 98.2324
6189.33 98.2315
6189.7 98.2284
6190.06 98.2267
6190.43 98.2246
6190.8 98.2223
6191.16 98.2196
6191.53 98.2166
6191.89 98.2134
6192.26 98.2106
6192.63 98.2072
6192.99 98.2038
6193.36 98.2006
6193.73 98.1975
6194.09 98.1947
6194.46 98.1921
6194.82 98.1899
6195.19 98.188
6195.56 98.1865
6195.92 98.1844
6196.29 98.1835
6196.65 98.1829
6197.02 98.1825
6197.39 98.1822
6197.75 98.1821
6198.12 98.1821
6198.49 98.1823
6198.85 98.1824
6199.22 98.1827
6199.58 98.1831
6199.95 98.1835
6200.32 98.184
6200.68 98.1846
6201.05 98.1853
6201.42 98.186
6201.78 98.1871
6202.15 98.1879
6202.51 98.1887
6202.88 98.1896
6203.25 98.1904
6203.61 98.1913
6203.98 98.1921
6204.35 98.1928
6204.71 98.1936
6205.08 98.1943
6205.44 98.1943
6205.81 98.195
6206.18 98.1956
6206.54 98.1963
6206.91 98.1968
6207.27 98.1974
6207.64 98.1979
6208.01 98.1977
6208.37 98.198
6208.74 98.1984
6209.11 98.1987
6209.47 98.1989
6209.84 98.199
6210.2 98.199
6210.57 98.1989
6210.94 98.1986
6211.3 98.1983
6211.67 98.1975
6212.04 98.1972
6212.4 98.1968
6212.77 98.1963
6213.13 98.1958
6213.5 98.1953
6213.87 98.1948
6214.23 98.1933
6214.6 98.1927
6214.97 98.192
6215.33 98.1913
6215.7 98.1906
6216.06 98.1897
6216.43 98.1888
6216.8 98.1878
6217.16 98.1866
6217.53 98.1854
6217.9 98.1839
6218.26 98.181
6218.63 98.1792
6218.99 98.1774
6219.36 98.1755
6219.73 98.1736
6220.09 98.1718
6220.46 98.1669
6220.82 98.1655
6221.19 98.1642
6221.56 98.1632
6221.92 98.1624
6222.29 98.1617
6222.66 98.1613
6223.02 98.161
6223.39 98.1609
6223.75 98.1609
6224.12 98.1611
6224.49 98.1613
6224.85 98.1609
6225.22 98.1614
6225.59 98.1621
6225.95 98.1628
6226.32 98.1638
6226.68 98.1652
6227.05 98.1666
6227.42 98.1681
6227.78 98.1698
6228.15 98.1716
6228.52 98.1735
6228.88 98.1754
6229.25 98.1774
6229.61 98.1793
6229.98 98.1811
6230.35 98.1827
6230.71 98.1841
6231.08 98.1851
6231.44 98.1853
6231.81 98.1859
6232.18 98.1862
6232.54 98.1859
6232.91 98.1856
6233.28 98.1851
6233.64 98.1844
6234.01 98.1836
6234.37 98.1828
6234.74 98.1819
6235.11 98.181
6235.47 98.18
6235.84 98.179
6236.21 98.1779
6236.57 98.1768
6236.94 98.1755
6237.3 98.1742
6237.67 98.1728
6238.04 98.1717
6238.4 98.1702
6238.77 98.1674
6239.14 98.1657
6239.5 98.164
6239.87 98.1622
6240.23 98.1603
6240.6 98.1583
6240.97 98.1563
6241.33 98.1543
6241.7 98.1523
6242.06 98.1504
6242.43 98.1486
6242.8 98.1469
6243.16 98.1455
6243.53 98.1441
6243.9 98.143
6244.26 98.142
6244.63 98.1411
6244.99 98.1397
6245.36 98.1391
6245.73 98.1386
6246.09 98.1382
6246.46 98.1379
6246.83 98.1378
6247.19 98.1379
6247.56 98.1382
6247.92 98.1386
6248.29 98.1393
6248.66 98.14
6249.02 98.1408
6249.39 98.1416
6249.76 98.1425
6250.12 98.1433
6250.49 98.1441
6250.85 98.1451
6251.22 98.1469
6251.59 98.1477
6251.95 98.1483
6252.32 98.1489
6252.69 98.1493
6253.05 98.1497
6253.42 98.1499
6253.78 98.1499
6254.15 98.1499
6254.52 98.1498
6254.88 98.1497
6255.25 98.1494
6255.61 98.149
6255.98 98.1485
6256.35 98.1479
6256.71 98.1471
6257.08 98.1461
6257.45 98.1415
6257.81 98.1398
6258.18 98.1378
6258.54 98.1358
6258.91 98.1338
6259.28 98.1319
6259.64 98.1302
6260.01 98.1287
6260.38 98.1274
6260.74 98.1262
6261.11 98.1251
6261.47 98.1241
6261.84 98.123
6262.21 98.1219
6262.57 98.1208
6262.94 98.1196
6263.31 98.1183
6263.67 98.116
6264.04 98.1151
6264.4 98.1141
6264.77 98.1133
6265.14 98.1127
6265.5 98.1123
6265.87 98.1121
6266.23 98.1122
6266.6 98.1125
6266.97 98.1131
6267.33 98.1138
6267.7 98.1148
6268.07 98.1159
6268.43 98.1171
6268.8 98.1183
6269.16 98.1196
6269.53 98.1226
6269.9 98.1241
6270.26 98.1257
6270.63 98.1275
6271 98.1292
6271.36 98.131
6271.73 98.1327
6272.09 98.1345
6272.46 98.1363
6272.83 98.138
6273.19 98.1397
6273.56 98.1414
6273.93 98.143
6274.29 98.1446
6274.66 98.146
6275.02 98.1474
6275.39 98.1487
6275.76 98.151
6276.12 98.1518
6276.49 98.1525
6276.85 98.153
6277.22 98.1538
6277.59 98.154
6277.95 98.1539
6278.32 98.1535
6278.69 98.1529
6279.05 98.152
6279.42 98.1509
6279.78 98.1495
6280.15 98.1479
6280.52 98.1461
6280.88 98.1441
6281.25 98.142
6281.62 98.1398
6281.98 98.1369
6282.35 98.1346
6282.71 98.1324
6283.08 98.1302
6283.45 98.1295
6283.81 98.1273
6284.18 98.1252
6284.55 98.1232
6284.91 98.1212
6285.28 98.1192
6285.64 98.1173
6286.01 98.1154
6286.38 98.1135
6286.74 98.1116
6287.11 98.1098
6287.48 98.1079
6287.84 98.1061
6288.21 98.1038
6288.57 98.1024
6288.94 98.1012
6289.31 98.1003
6289.67 98.0997
6290.04 98.1
6290.4 98.0998
6290.77 98.0999
6291.14 98.1001
6291.5 98.1005
6291.87 98.101
6292.24 98.1017
6292.6 98.1024
6292.97 98.1032
6293.33 98.104
6293.7 98.1048
6294.07 98.1057
6294.43 98.1086
6294.8 98.1094
6295.17 98.1103
6295.53 98.1112
6295.9 98.1121
6296.26 98.1129
6296.63 98.115
6297 98.1158
6297.36 98.1166
6297.73 98.1174
6298.1 98.1181
6298.46 98.1189
6298.83 98.1195
6299.19 98.12
6299.56 98.1204
6299.93 98.1207
6300.29 98.122
6300.66 98.1218
6301.02 98.1215
6301.39 98.1208
6301.76 98.1201
6302.12 98.1191
6302.49 98.1181
6302.86 98.1169
6303.22 98.1177
6303.59 98.1164
6303.95 98.1151
6304.32 98.1139
6304.69 98.1127
6305.05 98.1116
6305.42 98.1107
6305.79 98.1099
6306.15 98.1093
6306.52 98.11
6306.88 98.1099
6307.25 98.1099
6307.62 98.11
6307.98 98.1103
6308.35 98.1107
6308.72 98.1111
6309.08 98.1115
6309.45 98.112
6309.81 98.1129
6310.18 98.1133
6310.55 98.1138
6310.91 98.1142
6311.28 98.1147
6311.65 98.1152
6312.01 98.1159
6312.38 98.1166
6312.74 98.1179
6313.11 98.1189
6313.48 98.12
6313.84 98.1213
6314.21 98.1226
6314.57 98.124
6314.94 98.1254
6315.31 98.1269
6315.67 98.1284
6316.04 98.1294
6316.41 98.1309
6316.77 98.1324
6317.14 98.1339
6317.5 98.1353
6317.87 98.1367
6318.24 98.138
6318.6 98.1391
6318.97 98.1407
6319.34 98.1416
6319.7 98.1423
6320.07 98.1431
6320.43 98.1437
6320.8 98.1444
6321.17 98.145
6321.53 98.1455
6321.9 98.1459
6322.27 98.1463
6322.63 98.1478
6323 98.148
6323.36 98.1482
6323.73 98.1483
6324.1 98.1482
6324.46 98.1481
6324.83 98.1479
6325.19 98.149
6325.56 98.1487
6325.93 98.1484
6326.29 98.1481
6326.66 98.1478
6327.03 98.1475
6327.39 98.1472
6327.76 98.1469
6328.12 98.1466
6328.49 98.1464
6328.86 98.1463
6329.22 98.1475
6329.59 98.1476
6329.96 98.1478
6330.32 98.1481
6330.69 98.1485
6331.05 98.1491
6331.42 98.1516
6331.79 98.1523
6332.15 98.153
6332.52 98.1537
6332.89 98.1543
6333.25 98.1549
6333.62 98.1555
6333.98 98.156
6334.35 98.1564
6334.72 98.1568
6335.08 98.1572
6335.45 98.1575
6335.81 98.1599
6336.18 98.1601
6336.55 98.1602
6336.91 98.1603
6337.28 98.1625
6337.65 98.1624
6338.01 98.1622
6338.38 98.162
6338.74 98.1618
6339.11 98.1615
6339.48 98.1613
6339.84 98.161
6340.21 98.1608
6340.58 98.1605
6340.94 98.1602
6341.31 98.1599
6341.67 98.1596
6342.04 98.1592
6342.41 98.16
6342.77 98.1594
6343.14 98.1587
6343.51 98.1582
6343.87 98.1573
6344.24 98.1564
6344.6 98.1556
6344.97 98.1549
6345.34 98.1544
6345.7 98.154
6346.07 98.1537
6346.44 98.1536
6346.8 98.1536
6347.17 98.1537
6347.53 98.1539
6347.9 98.1541
6348.27 98.1543
6348.63 98.1545
6349 98.1554
6349.36 98.1557
6349.73 98.1569
6350.1 98.1571
6350.46 98.1572
6350.83 98.1571
6351.2 98.157
6351.56 98.1566
6351.93 98.1562
6352.29 98.1555
6352.66 98.1547
6353.03 98.1537
6353.39 98.1525
6353.76 98.1512
6354.13 98.1498
6354.49 98.1483
6354.86 98.1466
6355.22 98.1472
6355.59 98.1454
6355.96 98.1439
6356.32 98.1419
6356.69 98.1399
6357.06 98.1378
6357.42 98.1357
6357.79 98.1336
6358.15 98.1315
6358.52 98.1293
6358.89 98.1271
6359.25 98.1248
6359.62 98.1224
6359.98 98.12
6360.35 98.1175
6360.72 98.115
6361.08 98.1123
6361.45 98.1096
6361.82 98.1095
6362.18 98.1066
6362.55 98.1037
6362.91 98.101
6363.28 98.0983
6363.65 98.0957
6364.01 98.0933
6364.38 98.091
6364.75 98.0888
6365.11 98.0869
6365.48 98.0852
6365.84 98.0836
6366.21 98.0823
6366.58 98.0812
6366.94 98.0803
6367.31 98.0796
6367.68 98.0792
6368.04 98.0809
6368.41 98.083
6368.77 98.0832
6369.14 98.0837
6369.51 98.0844
6369.87 98.0853
6370.24 98.0864
6370.6 98.0878
6370.97 98.0893
6371.34 98.0911
6371.7 98.0931
6372.07 98.0953
6372.44 98.0978
6372.8 98.1004
6373.17 98.1032
6373.53 98.1061
6373.9 98.1092
6374.27 98.1148
6374.63 98.1178
6375 98.1201
6375.37 98.1229
6375.73 98.1255
6376.1 98.1279
6376.46 98.13
6376.83 98.1318
6377.2 98.1333
6377.56 98.1344
6377.93 98.1351
6378.3 98.1354
6378.66 98.1355
6379.03 98.1352
6379.39 98.1347
6379.76 98.1341
6380.13 98.1332
6380.49 98.133
6380.86 98.1321
6381.23 98.131
6381.59 98.1319
6381.96 98.1308
6382.32 98.1297
6382.69 98.1284
6383.06 98.127
6383.42 98.1255
6383.79 98.1239
6384.15 98.122
6384.52 98.1201
6384.89 98.118
6385.25 98.1159
6385.62 98.1136
6385.99 98.1113
6386.35 98.1088
6386.72 98.1068
6387.08 98.1043
6387.45 98.1019
6387.82 98.1024
6388.18 98.1001
6388.55 98.0978
6388.92 98.0956
6389.28 98.0934
6389.65 98.0912
6390.01 98.0891
6390.38 98.0871
6390.75 98.085
6391.11 98.083
6391.48 98.081
6391.85 98.0791
6392.21 98.0772
6392.58 98.0753
6392.94 98.0744
6393.31 98.0726
6393.68 98.0709
6394.04 98.0693
6394.41 98.0702
6394.77 98.0686
6395.14 98.0671
6395.51 98.0656
6395.87 98.0642
6396.24 98.0629
6396.61 98.0617
6396.97 98.0606
6397.34 98.0595
6397.7 98.0584
6398.07 98.0573
6398.44 98.0563
6398.8 98.055
6399.17 98.0537
6399.54 98.0523
6399.9 98.0509
6400.27 98.0493
6400.63 98.0477
6401 98.0476
6401.37 98.0459
6401.73 98.0442
6402.1 98.0425
6402.47 98.0408
6402.83 98.039
6403.2 98.0372
6403.56 98.0353
6403.93 98.0334
6404.3 98.0314
6404.66 98.0294
6405.03 98.0272
6405.4 98.0251
6405.76 98.0229
6406.13 98.0207
6406.49 98.0186
6406.86 98.0164
6407.23 98.0143
6407.59 98.0143
6407.96 98.0124
6408.32 98.0106
6408.69 98.0089
6409.06 98.0075
6409.42 98.0062
6409.79 98.0052
6410.16 98.0044
6410.52 98.0038
6410.89 98.0034
6411.25 98.0037
6411.62 98.0037
6411.99 98.0039
6412.35 98.0043
6412.72 98.0049
6413.09 98.0056
6413.45 98.0065
6413.82 98.0075
6414.18 98.0086
6414.55 98.0097
6414.92 98.0109
6415.28 98.0121
6415.65 98.0133
6416.02 98.0144
6416.38 98.0154
6416.75 98.0164
6417.11 98.0172
6417.48 98.0188
6417.85 98.0193
6418.21 98.0197
6418.58 98.0199
6418.94 98.0199
6419.31 98.0197
6419.68 98.0193
6420.04 98.0186
6420.41 98.0177
6420.78 98.0173
6421.14 98.016
6421.51 98.0144
6421.87 98.0125
6422.24 98.0104
6422.61 98.0082
6422.97 98.0059
6423.34 98.0035
6423.71 98.0003
6424.07 97.9982
6424.44 97.9962
6424.8 97.9944
6425.17 97.9927
6425.54 97.9913
6425.9 97.99
6426.27 97.989
6426.64 97.9881
6427 97.9885
6427.37 97.988
6427.73 97.9876
6428.1 97.9873
6428.47 97.987
6428.83 97.9868
6429.2 97.9866
6429.56 97.9864
6429.93 97.9872
6430.3 97.9868
6430.66 97.9864
6431.03 97.9859
6431.4 97.9853
6431.76 97.9846
6432.13 97.9838
6432.49 97.983
6432.86 97.9821
6433.23 97.9812
6433.59 97.9816
6433.96 97.9806
6434.33 97.9795
6434.69 97.9784
6435.06 97.9773
6435.42 97.9762
6435.79 97.9749
6436.16 97.9737
6436.52 97.9725
6436.89 97.9714
6437.26 97.9703
6437.62 97.9693
6437.99 97.9684
6438.35 97.9676
6438.72 97.9668
6439.09 97.9662
6439.45 97.9657
6439.82 97.9653
6440.19 97.9651
6440.55 97.9648
6440.92 97.9645
6441.28 97.9644
6441.65 97.9644
6442.02 97.964
6442.38 97.9642
6442.75 97.9646
6443.11 97.965
6443.48 97.9656
6443.85 97.9662
6444.21 97.9667
6444.58 97.9672
6444.95 97.9676
6445.31 97.9679
6445.68 97.9681
6446.04 97.9683
6446.41 97.9683
6446.78 97.9682
6447.14 97.9682
6447.51 97.9679
6447.88 97.9675
6448.24 97.9668
6448.61 97.9661
6448.97 97.9652
6449.34 97.964
6449.71 97.9628
6450.07 97.9613
6450.44 97.9598
6450.81 97.9582
6451.17 97.9566
6451.54 97.9549
6451.9 97.9532
6452.27 97.9516
6452.64 97.95
6453 97.9484
6453.37 97.9482
6453.73 97.9466
6454.1 97.9451
6454.47 97.9432
6454.83 97.9416
6455.2 97.9401
6455.57 97.9385
6455.93 97.937
6456.3 97.9354
6456.66 97.9337
6457.03 97.9319
6457.4 97.9301
6457.76 97.9282
6458.13 97.9261
6458.5 97.924
6458.86 97.9218
6459.23 97.9194
6459.59 97.9161
6459.96 97.9136
6460.33 97.9112
6460.69 97.9056
6461.06 97.9033
6461.43 97.901
6461.79 97.8988
6462.16 97.8966
6462.52 97.8945
6462.89 97.8925
6463.26 97.8908
6463.62 97.8891
6463.99 97.8877
6464.35 97.8864
6464.72 97.8854
6465.09 97.8845
6465.45 97.8839
6465.82 97.8836
6466.19 97.8828
6466.55 97.8823
6466.92 97.8826
6467.28 97.8831
6467.65 97.8837
6468.02 97.8844
6468.38 97.885
6468.75 97.8856
6469.12 97.886
6469.48 97.8863
6469.85 97.8863
6470.21 97.8862
6470.58 97.8859
6470.95 97.8854
6471.31 97.8847
6471.68 97.8838
6472.05 97.8827
6472.41 97.8815
6472.78 97.88
6473.14 97.8783
6473.51 97.8764
6473.88 97.8742
6474.24 97.8718
6474.61 97.8692
6474.98 97.8665
6475.34 97.8635
6475.71 97.8604
6476.07 97.8571
6476.44 97.8536
6476.81 97.85
6477.17 97.8463
6477.54 97.8424
6477.9 97.8385
6478.27 97.8346
6478.64 97.8306
6479 97.8239
6479.37 97.8212
6479.74 97.8176
6480.1 97.814
6480.47 97.8105
6480.83 97.8071
6481.2 97.8037
6481.57 97.8004
6481.93 97.7973
6482.3 97.7942
6482.67 97.7914
6483.03 97.7887
6483.4 97.7861
6483.76 97.7837
6484.13 97.7815
6484.5 97.7795
6484.86 97.7776
6485.23 97.7755
6485.6 97.774
6485.96 97.7737
6486.33 97.7723
6486.69 97.771
6487.06 97.7697
6487.43 97.7686
6487.79 97.7676
6488.16 97.7667
6488.52 97.7661
6488.89 97.7656
6489.26 97.7652
6489.62 97.765
6489.99 97.765
6490.36 97.7651
6490.72 97.7653
6491.09 97.7656
6491.45 97.7658
6491.82 97.7662
6492.19 97.7665
6492.55 97.7664
6492.92 97.7667
6493.29 97.767
6493.65 97.7672
6494.02 97.7673
6494.38 97.7673
6494.75 97.7673
6495.12 97.7671
6495.48 97.7667
6495.85 97.7663
6496.22 97.7656
6496.58 97.7649
6496.95 97.764
6497.31 97.7629
6497.68 97.7596
6498.05 97.758
6498.41 97.7563
6498.78 97.7535
6499.15 97.7511
6499.51 97.7485
6499.88 97.7455
6500.24 97.7421
6500.61 97.7384
6500.98 97.7345
6501.34 97.7305
6501.71 97.7263
6502.07 97.7223
6502.44 97.7184
6502.81 97.7148
6503.17 97.7115
6503.54 97.7055
6503.91 97.7029
6504.27 97.7006
6504.64 97.6985
6505 97.6966
6505.37 97.6941
6505.74 97.6921
6506.1 97.6901
6506.47 97.688
6506.84 97.6857
6507.2 97.683
6507.57 97.6798
6507.93 97.6761
6508.3 97.6718
6508.67 97.6668
6509.03 97.6611
6509.4 97.6548
6509.77 97.6411
6510.13 97.6341
6510.5 97.6274
6510.86 97.6213
6511.23 97.6156
6511.6 97.6103
6511.96 97.6059
6512.33 97.6014
6512.69 97.5972
6513.06 97.5933
6513.43 97.5896
6513.79 97.586
6514.16 97.5825
6514.53 97.579
6514.89 97.5754
6515.26 97.5719
6515.62 97.5683
6515.99 97.5612
6516.36 97.5577
6516.72 97.5544
6517.09 97.5513
6517.46 97.5484
6517.82 97.5459
6518.19 97.5437
6518.55 97.5419
6518.92 97.5403
6519.29 97.539
6519.65 97.5379
6520.02 97.537
6520.39 97.5363
6520.75 97.5357
6521.12 97.5352
6521.48 97.5348
6521.85 97.5344
6522.22 97.5347
6522.58 97.5345
6522.95 97.5342
6523.31 97.534
6523.68 97.5338
6524.05 97.5336
6524.41 97.5334
6524.78 97.5332
6525.15 97.5344
6525.51 97.5342
6525.88 97.5339
6526.24 97.5336
6526.61 97.5333
6526.98 97.5329
6527.34 97.5325
6527.71 97.5321
6528.08 97.5316
6528.44 97.5323
6528.81 97.5319
6529.17 97.5314
6529.54 97.5311
6529.91 97.5309
6530.27 97.5308
6530.64 97.5309
6531.01 97.5311
6531.37 97.5317
6531.74 97.532
6532.1 97.5325
6532.47 97.5332
6532.84 97.5342
6533.2 97.5353
6533.57 97.5366
6533.94 97.5381
6534.3 97.5388
6534.67 97.5403
6535.03 97.5418
6535.4 97.5435
6535.77 97.5452
6536.13 97.5469
6536.5 97.5485
6536.86 97.5496
6537.23 97.5501
6537.6 97.5496
6537.96 97.5438
6538.33 97.5419
6538.7 97.5394
6539.06 97.5369
6539.43 97.5345
6539.79 97.5324
6540.16 97.5306
6540.53 97.5256
6540.89 97.5249
6541.26 97.5246
6541.63 97.5245
6541.99 97.5247
6542.36 97.5252
6542.72 97.5259
6543.09 97.5268
6543.46 97.5279
6543.82 97.5291
6544.19 97.5304
6544.56 97.5297
6544.92 97.5313
6545.29 97.5328
6545.65 97.5344
6546.02 97.5359
6546.39 97.5375
6546.75 97.5389
6547.12 97.5405
6547.48 97.5422
6547.85 97.544
6548.22 97.5457
6548.58 97.5475
6548.95 97.5492
6549.32 97.5509
6549.68 97.5525
6550.05 97.5541
6550.41 97.5556
6550.78 97.557
6551.15 97.5567
6551.51 97.5582
6551.88 97.5598
6552.25 97.5615
6552.61 97.5631
6552.98 97.5654
6553.34 97.5672
6553.71 97.5691
6554.08 97.571
6554.44 97.5728
6554.81 97.5746
6555.18 97.5763
6555.54 97.578
6555.91 97.5795
6556.27 97.5808
6556.64 97.5821
6557.01 97.5831
6557.37 97.584
6557.74 97.5846
6558.1 97.5853
6558.47 97.5857
6558.84 97.5859
6559.2 97.5862
6559.57 97.5861
6559.94 97.5858
6560.3 97.5853
6560.67 97.5848
6561.03 97.5843
6561.4 97.5837
6561.77 97.5831
6562.13 97.5826
6562.5 97.5821
6562.87 97.5817
6563.23 97.5814
6563.6 97.5812
6563.96 97.5811
6564.33 97.5807
6564.7 97.5807
6565.06 97.5809
6565.43 97.5807
6565.8 97.581
6566.16 97.5814
6566.53 97.5818
6566.89 97.5821
6567.26 97.5825
6567.63 97.5828
6567.99 97.5829
6568.36 97.583
6568.73 97.5829
6569.09 97.5826
6569.46 97.5822
6569.82 97.5816
6570.19 97.5809
6570.56 97.5804
6570.92 97.5796
6571.29 97.5784
6571.65 97.5774
6572.02 97.5764
6572.39 97.5752
6572.75 97.5741
6573.12 97.5728
6573.49 97.5716
6573.85 97.5703
6574.22 97.569
6574.58 97.5676
6574.95 97.5664
6575.32 97.5651
6575.68 97.5639
6576.05 97.5628
6576.42 97.5618
6576.78 97.561
6577.15 97.5609
6577.51 97.5606
6577.88 97.5606
6578.25 97.561
6578.61 97.5618
6578.98 97.563
6579.35 97.5645
6579.71 97.5665
6580.08 97.5689
6580.44 97.5717
6580.81 97.5751
6581.18 97.5789
6581.54 97.5833
6581.91 97.5882
6582.27 97.5938
6582.64 97.6002
6583.01 97.6072
6583.37 97.6149
6583.74 97.6186
6584.11 97.6266
6584.47 97.6345
6584.84 97.642
6585.2 97.6489
6585.57 97.6554
6585.94 97.6615
6586.3 97.6673
6586.67 97.6729
6587.04 97.6784
6587.4 97.6839
6587.77 97.6896
6588.13 97.6954
6588.5 97.7014
6588.87 97.7076
6589.23 97.7138
6589.6 97.7198
6589.97 97.7256
6590.33 97.7257
6590.7 97.7304
6591.06 97.7346
6591.43 97.738
6591.8 97.7409
6592.16 97.7432
6592.53 97.7451
6592.9 97.7466
6593.26 97.7477
6593.63 97.7486
6593.99 97.7494
6594.36 97.75
6594.73 97.7507
6595.09 97.7513
6595.46 97.7521
6595.82 97.753
6596.19 97.7548
6596.56 97.7561
6596.92 97.7572
6597.29 97.7588
6597.66 97.7605
6598.02 97.7622
6598.39 97.7641
6598.75 97.7659
6599.12 97.7678
6599.49 97.7697
6599.85 97.7714
6600.22 97.7731
6600.59 97.7747
6600.95 97.7761
6601.32 97.7774
6601.68 97.7785
6602.05 97.7812
6602.42 97.7819
6602.78 97.7826
6603.15 97.7841
6603.52 97.7846
6603.88 97.785
6604.25 97.7854
6604.61 97.7857
6604.98 97.7859
6605.35 97.7862
6605.71 97.7865
6606.08 97.7869
6606.44 97.7873
6606.81 97.7878
6607.18 97.7885
6607.54 97.7892
6607.91 97.7902
6608.28 97.7931
6608.64 97.7946
6609.01 97.7963
6609.37 97.7984
6609.74 97.8003
6610.11 97.8026
6610.47 97.8051
6610.84 97.8079
6611.21 97.8109
6611.57 97.8141
6611.94 97.8175
6612.3 97.821
6612.67 97.8245
6613.04 97.8279
6613.4 97.8312
6613.77 97.8343
6614.14 97.8372
6614.5 97.8413
6614.87 97.8437
6615.23 97.8459
6615.6 97.8478
6615.97 97.8496
6616.33 97.8508
6616.7 97.8523
6617.06 97.8537
6617.43 97.855
6617.8 97.8561
6618.16 97.8571
6618.53 97.858
6618.9 97.8589
6619.26 97.8598
6619.63 97.8606
6619.99 97.8614
6620.36 97.8622
6620.73 97.8635
6621.09 97.8644
6621.46 97.8652
6621.83 97.8661
6622.19 97.8671
6622.56 97.8682
6622.92 97.8687
6623.29 97.8701
6623.66 97.8716
6624.02 97.8734
6624.39 97.8754
6624.76 97.8777
6625.12 97.8803
6625.49 97.8832
6625.85 97.8862
6626.22 97.8894
6626.59 97.8927
6626.95 97.8973
6627.32 97.9005
6627.69 97.9036
6628.05 97.9066
6628.42 97.9096
6628.78 97.9125
6629.15 97.9153
6629.52 97.9169
6629.88 97.9196
6630.25 97.9223
6630.61 97.9249
6630.98 97.9275
6631.35 97.9301
6631.71 97.9326
6632.08 97.935
6632.45 97.9373
6632.81 97.9396
6633.18 97.943
6633.54 97.9449
6633.91 97.9467
6634.28 97.9482
6634.64 97.9496
6635.01 97.9509
6635.38 97.952
6635.74 97.953
6636.11 97.9539
6636.47 97.9548
6636.84 97.9556
6637.21 97.9564
6637.57 97.9571
6637.94 97.9578
6638.31 97.9585
6638.67 97.9592
6639.04 97.9607
6639.4 97.9613
6639.77 97.962
6640.14 97.9627
6640.5 97.9633
6640.87 97.964
6641.23 97.9646
6641.6 97.9652
6641.97 97.9659
6642.33 97.9668
6642.7 97.9675
6643.07 97.9681
6643.43 97.9688
6643.8 97.9695
6644.16 97.9701
6644.53 97.9707
6644.9 97.9712
6645.26 97.9732
6645.63 97.9736
6646 97.9741
6646.36 97.9745
6646.73 97.9749
6647.09 97.9754
6647.46 97.976
6647.83 97.9768
6648.19 97.9776
6648.56 97.9787
6648.93 97.9808
6649.29 97.9821
6649.66 97.9835
6650.02 97.9851
6650.39 97.9868
6650.76 97.9885
6651.12 97.9903
6651.49 97.994
6651.85 97.9956
6652.22 97.997
6652.59 97.9982
6652.95 97.9993
6653.32 98.0001
6653.69 98.0008
6654.05 98.0013
6654.42 98.0017
6654.78 98.0019
6655.15 98.0021
6655.52 98.0024
6655.88 98.0024
6656.25 98.0024
6656.62 98.0024
6656.98 98.0025
6657.35 98.0025
6657.71 98.0031
6658.08 98.0033
6658.45 98.0036
6658.81 98.0039
6659.18 98.0042
6659.55 98.0046
6659.91 98.0049
6660.28 98.0053
6660.64 98.0058
6661.01 98.0062
6661.38 98.0066
6661.74 98.0071
6662.11 98.0086
6662.48 98.0092
6662.84 98.0099
6663.21 98.0106
6663.57 98.0115
6663.94 98.0144
6664.31 98.0155
6664.67 98.0167
6665.04 98.018
6665.4 98.0195
6665.77 98.021
6666.14 98.0226
6666.5 98.0242
6666.87 98.0259
6667.24 98.0277
6667.6 98.0294
6667.97 98.0312
6668.33 98.033
6668.7 98.0352
6669.07 98.0369
6669.43 98.0385
6669.8 98.042
6670.17 98.0433
6670.53 98.0443
6670.9 98.0452
6671.26 98.0459
6671.63 98.0463
6672 98.0465
6672.36 98.0465
6672.73 98.0463
6673.1 98.0459
6673.46 98.0454
6673.83 98.0448
6674.19 98.0441
6674.56 98.0435
6674.93 98.0441
6675.29 98.0435
6675.66 98.0429
6676.02 98.0433
6676.39 98.0428
6676.76 98.0423
6677.12 98.0417
6677.49 98.0411
6677.86 98.0404
6678.22 98.0395
6678.59 98.0385
6678.95 98.0375
6679.32 98.0363
6679.69 98.0351
6680.05 98.0339
6680.42 98.0327
6680.79 98.0315
6681.15 98.0304
6681.52 98.0312
6681.88 98.0303
6682.25 98.0307
6682.62 98.0301
6682.98 98.0298
6683.35 98.0295
6683.72 98.0294
6684.08 98.0295
6684.45 98.0297
6684.81 98.0301
6685.18 98.0306
6685.55 98.0313
6685.91 98.0321
6686.28 98.0332
6686.65 98.0344
6687.01 98.0358
6687.38 98.0374
6687.74 98.0391
6688.11 98.0411
6688.48 98.0449
6688.84 98.0468
6689.21 98.0487
6689.57 98.0505
6689.94 98.0522
6690.31 98.0537
6690.67 98.055
6691.04 98.0562
6691.41 98.0571
6691.77 98.0577
6692.14 98.0582
6692.5 98.0585
6692.87 98.0587
6693.24 98.0587
6693.6 98.0587
6693.97 98.0586
6694.34 98.0585
6694.7 98.0597
6695.07 98.0596
6695.43 98.0595
6695.8 98.0594
6696.17 98.0594
6696.53 98.0594
6696.9 98.0595
6697.27 98.0597
6697.63 98.0599
6698 98.0602
6698.36 98.0606
6698.73 98.0612
6699.1 98.062
6699.46 98.063
6699.83 98.0641
6700.19 98.0655
6700.56 98.0671
6700.93 98.07
6701.29 98.0711
6701.66 98.0731
6702.03 98.0754
6702.39 98.0778
6702.76 98.0804
6703.12 98.0829
6703.49 98.0854
6703.86 98.0877
6704.22 98.0898
6704.59 98.0916
6704.96 98.093
6705.32 98.0942
6705.69 98.095
6706.05 98.0956
6706.42 98.0958
6706.79 98.096
6707.15 98.0956
6707.52 98.095
6707.89 98.0948
6708.25 98.094
6708.62 98.093
6708.98 98.092
6709.35 98.091
6709.72 98.09
6710.08 98.089
6710.45 98.088
6710.81 98.087
6711.18 98.0861
6711.55 98.0851
6711.91 98.0842
6712.28 98.0832
6712.65 98.0823
6713.01 98.0813
6713.38 98.0803
6713.74 98.0793
6714.11 98.0793
6714.48 98.0784
6714.84 98.0776
6715.21 98.0768
6715.58 98.0761
6715.94 98.0756
6716.31 98.0751
6716.67 98.0748
6717.04 98.0745
6717.41 98.0744
6717.77 98.0743
6718.14 98.0743
6718.51 98.0745
6718.87 98.0747
6719.24 98.0759
6719.6 98.0763
6719.97 98.0768
6720.34 98.0774
6720.7 98.0784
6721.07 98.079
6721.44 98.0797
6721.8 98.0804
6722.17 98.0811
6722.53 98.0818
6722.9 98.0825
6723.27 98.083
6723.63 98.0835
6724 98.0838
6724.36 98.0841
6724.73 98.0841
6725.1 98.0841
6725.46 98.084
6725.83 98.0838
6726.2 98.0835
6726.56 98.0831
6726.93 98.0827
6727.29 98.0826
6727.66 98.0821
6728.03 98.0816
6728.39 98.081
6728.76 98.0803
6729.13 98.0796
6729.49 98.0788
6729.86 98.078
6730.22 98.0771
6730.59 98.0762
6730.96 98.0753
6731.32 98.0743
6731.69 98.0741
6732.06 98.0731
6732.42 98.0721
6732.79 98.0711
6733.15 98.07
6733.52 98.0689
6733.89 98.07
6734.25 98.0689
6734.62 98.0678
6734.98 98.0666
6735.35 98.0654
6735.72 98.0642
6736.08 98.0629
6736.45 98.0616
6736.82 98.0602
6737.18 98.0587
6737.55 98.0575
6737.91 98.0558
6738.28 98.0539
6738.65 98.0519
6739.01 98.0498
6739.38 98.0476
6739.75 98.0453
6740.11 98.043
6740.48 98.042
6740.84 98.0396
6741.21 98.0372
6741.58 98.035
6741.94 98.033
6742.31 98.0311
6742.68 98.0294
6743.04 98.028
6743.41 98.0268
6743.77 98.0257
6744.14 98.0251
6744.51 98.0247
6744.87 98.0245
6745.24 98.0245
6745.6 98.0246
6745.97 98.0248
6746.34 98.025
6746.7 98.0253
6747.07 98.0254
6747.44 98.0254
6747.8 98.0252
6748.17 98.0249
6748.53 98.0243
6748.9 98.0235
6749.27 98.0226
6749.63 98.0214
6750 98.0191
6750.37 98.0173
6750.73 98.0155
6751.1 98.0135
6751.46 98.0114
6751.83 98.0092
6752.2 98.0071
6752.56 98.0049
6752.93 98.0028
6753.3 98.0019
6753.66 98
6754.03 97.9982
6754.39 97.9966
6754.76 97.9951
6755.13 97.9938
6755.49 97.9926
6755.86 97.9916
6756.23 97.9909
6756.59 97.9902
6756.96 97.9897
6757.32 97.9893
6757.69 97.9891
6758.06 97.9889
6758.42 97.9889
6758.79 97.989
6759.15 97.9893
6759.52 97.9897
6759.89 97.9904
6760.25 97.991
6760.62 97.9917
6760.99 97.9925
6761.35 97.9934
6761.72 97.9943
6762.08 97.9951
6762.45 97.9962
6762.82 97.9968
6763.18 97.9973
6763.55 97.9976
6763.92 97.9978
6764.28 97.9978
6764.65 97.9977
6765.01 97.9975
6765.38 97.9973
6765.75 97.9971
6766.11 97.9968
6766.48 97.9979
6766.85 97.9977
6767.21 97.9976
6767.58 97.9974
6767.94 97.9972
6768.31 97.9971
6768.68 97.9984
6769.04 97.9984
6769.41 97.9986
6769.77 97.9988
6770.14 97.9991
6770.51 97.9996
6770.87 98.0003
6771.24 98.001
6771.61 98.0019
6771.97 98.0029
6772.34 98.004
6772.7 98.0052
6773.07 98.0067
6773.44 98.0079
6773.8 98.009
6774.17 98.0101
6774.54 98.0123
6774.9 98.0132
6775.27 98.0139
6775.63 98.0145
6776 98.015
6776.37 98.0154
6776.73 98.0158
6777.1 98.016
6777.47 98.0161
6777.83 98.0161
6778.2 98.016
6778.56 98.0158
6778.93 98.0155
6779.3 98.0149
6779.66 98.0143
6780.03 98.0136
6780.4 98.0128
6780.76 98.0108
6781.13 98.0097
6781.49 98.0085
6781.86 98.0072
6782.23 98.0057
6782.59 98.004
6782.96 98.002
6783.32 98
6783.69 97.9977
6784.06 97.9954
6784.42 97.9929
6784.79 97.9904
6785.16 97.9878
6785.52 97.9852
6785.89 97.9838
6786.25 97.9813
6786.62 97.9788
6786.99 97.9751
6787.35 97.9725
6787.72 97.9699
6788.09 97.9673
6788.45 97.9646
6788.82 97.9618
6789.18 97.9589
6789.55 97.9559
6789.92 97.9529
6790.28 97.9498
6790.65 97.9467
6791.02 97.9437
6791.38 97.9406
6791.75 97.9376
6792.11 97.9347
6792.48 97.9339
6792.85 97.9313
6793.21 97.9286
6793.58 97.9265
6793.94 97.9247
6794.31 97.9231
6794.68 97.9216
6795.04 97.9203
6795.41 97.9192
6795.78 97.9182
6796.14 97.9173
6796.51 97.9164
6796.87 97.9156
6797.24 97.9149
6797.61 97.9142
6797.97 97.9135
6798.34 97.9129
6798.71 97.9122
6799.07 97.9136
6799.44 97.9141
6799.8 97.9134
6800.17 97.9127
6800.54 97.912
6800.9 97.9112
6801.27 97.9105
6801.64 97.9098
6802 97.9091
6802.37 97.9085
6802.73 97.908
6803.1 97.9075
6803.47 97.9072
6803.83 97.907
6804.2 97.9069
6804.56 97.9068
6804.93 97.9069
6805.3 97.908
6805.66 97.9091
6806.03 97.909
6806.4 97.9088
6806.76 97.9085
6807.13 97.908
6807.49 97.9074
6807.86 97.9067
6808.23 97.9058
6808.59 97.9046
6808.96 97.9034
6809.33 97.902
6809.69 97.9005
6810.06 97.8989
6810.42 97.8972
6810.79 97.8956
6811.16 97.8938
6811.52 97.8907
6811.89 97.8888
6812.26 97.8872
6812.62 97.8852
6812.99 97.8832
6813.35 97.8813
6813.72 97.8795
6814.09 97.8778
6814.45 97.8762
6814.82 97.8748
6815.19 97.8735
6815.55 97.8723
6815.92 97.8711
6816.28 97.8701
6816.65 97.8692
6817.02 97.8684
6817.38 97.8676
6817.75 97.8655
6818.11 97.8649
6818.48 97.8635
6818.85 97.863
6819.21 97.8625
6819.58 97.8621
6819.95 97.8617
6820.31 97.8613
6820.68 97.861
6821.04 97.8606
6821.41 97.8603
6821.78 97.8601
6822.14 97.8598
6822.51 97.8597
6822.88 97.8596
6823.24 97.8595
6823.61 97.8595
6823.97 97.8582
6824.34 97.8581
6824.71 97.858
6825.07 97.8563
6825.44 97.8559
6825.81 97.8554
6826.17 97.8546
6826.54 97.8535
6826.9 97.8521
6827.27 97.8505
6827.64 97.8486
6828 97.8465
6828.37 97.844
6828.73 97.8413
6829.1 97.8382
6829.47 97.835
6829.83 97.8315
6830.2 97.8254
6830.57 97.8216
6830.93 97.8177
6831.3 97.8139
6831.66 97.8116
6832.03 97.8078
6832.4 97.804
6832.76 97.8003
6833.13 97.7966
6833.5 97.793
6833.86 97.7895
6834.23 97.786
6834.59 97.7826
6834.96 97.7792
6835.33 97.7759
6835.69 97.7727
6836.06 97.7696
6836.43 97.7653
6836.79 97.7623
6837.16 97.7592
6837.52 97.7563
6837.89 97.7533
6838.26 97.7519
6838.62 97.7489
6838.99 97.746
6839.35 97.743
6839.72 97.7402
6840.09 97.7374
6840.45 97.7347
6840.82 97.7321
6841.19 97.7296
6841.55 97.7272
6841.92 97.7249
6842.28 97.7215
6842.65 97.7195
6843.02 97.7178
6843.38 97.7161
6843.75 97.7146
6844.12 97.7132
6844.48 97.712
6844.85 97.7114
6845.21 97.7103
6845.58 97.7094
6845.95 97.7086
6846.31 97.708
6846.68 97.7076
6847.05 97.7074
6847.41 97.7073
6847.78 97.7076
6848.14 97.7081
6848.51 97.7081
6848.88 97.7092
6849.24 97.7106
6849.61 97.7123
6849.98 97.7144
6850.34 97.7167
6850.71 97.7191
6851.07 97.7185
6851.44 97.7209
6851.81 97.7233
6852.17 97.7255
6852.54 97.7274
6852.9 97.729
6853.27 97.7303
6853.64 97.7314
6854 97.7322
6854.37 97.7328
6854.74 97.7336
6855.1 97.7338
6855.47 97.7337
6855.83 97.7335
6856.2 97.7329
6856.57 97.7322
6856.93 97.7314
6857.3 97.7303
6857.67 97.7306
6858.03 97.7294
6858.4 97.728
6858.76 97.7267
6859.13 97.7252
6859.5 97.7237
6859.86 97.7222
6860.23 97.7206
6860.6 97.7189
6860.96 97.7165
6861.33 97.7144
6861.69 97.7122
6862.06 97.7099
6862.43 97.7074
6862.79 97.7047
6863.16 97.7019
6863.52 97.6991
6863.89 97.6963
6864.26 97.6936
6864.62 97.6912
6864.99 97.6893
6865.36 97.6879
6865.72 97.687
6866.09 97.6867
6866.45 97.6868
6866.82 97.6873
6867.19 97.6878
6867.55 97.689
6867.92 97.6902
6868.29 97.6914
6868.65 97.6924
6869.02 97.6933
6869.38 97.6939
6869.75 97.6942
6870.12 97.6943
6870.48 97.6941
6870.85 97.6938
6871.22 97.6935
6871.58 97.6929
6871.95 97.6923
6872.31 97.6917
6872.68 97.6912
6873.05 97.6909
6873.41 97.6906
6873.78 97.6903
6874.15 97.6902
6874.51 97.6901
6874.88 97.69
6875.24 97.69
6875.61 97.69
6875.98 97.69
6876.34 97.6899
6876.71 97.6898
6877.07 97.6895
6877.44 97.6898
6877.81 97.6893
6878.17 97.6887
6878.54 97.6879
6878.91 97.687
6879.27 97.6856
6879.64 97.6844
6880 97.6831
6880.37 97.6817
6880.74 97.6804
6881.1 97.6792
6881.47 97.6782
6881.84 97.6774
6882.2 97.6768
6882.57 97.6765
6882.93 97.6764
6883.3 97.6766
6883.67 97.6768
6884.03 97.6768
6884.4 97.6772
6884.77 97.6777
6885.13 97.6782
6885.5 97.6789
6885.86 97.6794
6886.23 97.6799
6886.6 97.6803
6886.96 97.6807
6887.33 97.681
6887.69 97.6813
6888.06 97.6816
6888.43 97.6819
6888.79 97.6822
6889.16 97.6825
6889.53 97.6829
6889.89 97.6833
6890.26 97.6844
6890.62 97.6851
6890.99 97.6859
6891.36 97.6868
6891.72 97.6894
6892.09 97.6908
6892.46 97.6923
6892.82 97.694
6893.19 97.6958
6893.55 97.6977
6893.92 97.6998
6894.29 97.7019
6894.65 97.704
6895.02 97.7063
6895.39 97.7086
6895.75 97.7109
6896.12 97.7133
6896.48 97.7157
6896.85 97.7167
6897.22 97.719
6897.58 97.7212
6897.95 97.7235
6898.31 97.7251
6898.68 97.7266
6899.05 97.7278
6899.41 97.7288
6899.78 97.7296
6900.15 97.73
6900.51 97.7303
6900.88 97.7304
6901.24 97.7305
6901.61 97.7307
6901.98 97.7311
6902.34 97.7317
6902.71 97.7326
6903.08 97.7339
6903.44 97.7329
6903.81 97.7349
6904.17 97.7371
6904.54 97.7402
6904.91 97.7438
6905.27 97.748
6905.64 97.7527
6906.01 97.7581
6906.37 97.7644
6906.74 97.7717
6907.1 97.7801
6907.47 97.7899
6907.84 97.8013
6908.2 97.8135
6908.57 97.8248
6908.94 97.8346
6909.3 97.8433
6909.67 97.851
6910.03 97.8544
6910.4 97.8614
6910.77 97.8676
6911.13 97.8733
6911.5 97.8784
6911.86 97.883
6912.23 97.8872
6912.6 97.891
6912.96 97.8945
6913.33 97.8976
6913.7 97.9003
6914.06 97.9028
6914.43 97.9049
6914.79 97.9068
6915.16 97.9084
6915.53 97.9099
6915.89 97.9111
6916.26 97.9134
6916.63 97.9145
6916.99 97.9152
6917.36 97.9159
6917.72 97.9164
6918.09 97.9168
6918.46 97.9171
6918.82 97.9174
6919.19 97.9177
6919.56 97.918
6919.92 97.9184
6920.29 97.9189
6920.65 97.9194
6921.02 97.92
6921.39 97.9208
6921.75 97.9216
6922.12 97.9225
6922.48 97.9244
6922.85 97.9254
6923.22 97.9265
6923.58 97.9278
6923.95 97.929
6924.32 97.9302
6924.68 97.9314
6925.05 97.9326
6925.41 97.9338
6925.78 97.935
6926.15 97.9361
6926.51 97.9372
6926.88 97.9383
6927.25 97.9394
6927.61 97.9405
6927.98 97.9416
6928.34 97.9428
6928.71 97.9447
6929.08 97.9463
6929.44 97.9469
6929.81 97.949
6930.18 97.9513
6930.54 97.954
6930.91 97.957
6931.27 97.9602
6931.64 97.9638
6932.01 97.9677
6932.37 97.9717
6932.74 97.976
6933.1 97.9805
6933.47 97.985
6933.84 97.9897
6934.2 97.9946
6934.57 97.9997
6934.94 98.0069
6935.3 98.0127
6935.67 98.0189
6936.03 98.0207
6936.4 98.0271
6936.77 98.0338
6937.13 98.0407
6937.5 98.0474
6937.87 98.0537
6938.23 98.0596
6938.6 98.0649
6938.96 98.0697
6939.33 98.074
6939.7 98.078
6940.06 98.0815
6940.43 98.0847
6940.8 98.0888
6941.16 98.0913
6941.53 98.0936
6941.89 98.0956
6942.26 98.0973
6942.63 98.0979
6942.99 98.0992
6943.36 98.1003
6943.73 98.1012
6944.09 98.102
6944.46 98.1027
6944.82 98.1033
6945.19 98.1039
6945.56 98.1045
6945.92 98.1052
6946.29 98.106
6946.65 98.1069
6947.02 98.1076
6947.39 98.109
6947.75 98.1105
6948.12 98.1123
6948.49 98.1143
6948.85 98.1165
6949.22 98.1168
6949.58 98.1193
6949.95 98.1222
6950.32 98.1252
6950.68 98.1284
6951.05 98.1317
6951.42 98.1351
6951.78 98.1384
6952.15 98.1416
6952.51 98.1446
6952.88 98.1475
6953.25 98.1514
6953.61 98.1539
6953.98 98.1562
6954.35 98.1583
6954.71 98.1603
6955.08 98.1622
6955.44 98.1641
6955.81 98.1656
6956.18 98.1675
6956.54 98.1693
6956.91 98.1711
6957.27 98.1728
6957.64 98.1745
6958.01 98.1762
6958.37 98.1778
6958.74 98.1794
6959.11 98.181
6959.47 98.1842
6959.84 98.1856
6960.2 98.187
6960.57 98.1884
6960.94 98.1898
6961.3 98.1912
6961.67 98.1925
6962.04 98.1941
6962.4 98.1954
6962.77 98.1966
6963.13 98.1978
6963.5 98.199
6963.87 98.2002
6964.23 98.2012
6964.6 98.2023
6964.97 98.2033
6965.33 98.2042
6965.7 98.206
6966.06 98.2069
6966.43 98.2079
6966.8 98.209
6967.16 98.2101
6967.53 98.2114
6967.9 98.2128
6968.26 98.2142
6968.63 98.2151
6968.99 98.2168
6969.36 98.2185
6969.73 98.2204
6970.09 98.2223
6970.46 98.2242
6970.82 98.2262
6971.19 98.2281
6971.56 98.2312
6971.92 98.2331
6972.29 98.2349
6972.66 98.2367
6973.02 98.2384
6973.39 98.2401
6973.75 98.2418
6974.12 98.2436
6974.49 98.2454
6974.85 98.2472
6975.22 98.2482
6975.59 98.2501
6975.95 98.2521
6976.32 98.2541
6976.68 98.2563
6977.05 98.2586
6977.42 98.2611
6977.78 98.2646
6978.15 98.2674
6978.52 98.2703
6978.88 98.2735
6979.25 98.2767
6979.61 98.2801
6979.98 98.2837
6980.35 98.2872
6980.71 98.2909
6981.08 98.2944
6981.44 98.2979
6981.81 98.2982
6982.18 98.3015
6982.54 98.3046
6982.91 98.3074
6983.28 98.3101
6983.64 98.3126
6984.01 98.3149
6984.37 98.317
6984.74 98.3189
6985.11 98.3206
6985.47 98.3221
6985.84 98.3235
6986.21 98.3247
6986.57 98.3258
6986.94 98.3268
6987.3 98.3277
6987.67 98.3285
6988.04 98.3293
6988.4 98.3301
6988.77 98.3309
6989.14 98.3317
6989.5 98.3325
6989.87 98.3332
6990.23 98.3352
6990.6 98.3359
6990.97 98.3366
6991.33 98.3373
6991.7 98.338
6992.06 98.3388
6992.43 98.3395
6992.8 98.3403
6993.16 98.3412
6993.53 98.3422
6993.9 98.3434
6994.26 98.3447
6994.63 98.3462
6994.99 98.3478
6995.36 98.3496
6995.73 98.3516
6996.09 98.3537
6996.46 98.3579
6996.83 98.3604
6997.19 98.3631
6997.56 98.3658
6997.92 98.3686
6998.29 98.3714
6998.66 98.3742
6999.02 98.377
6999.39 98.3798
6999.76 98.3826
7000.12 98.3854
7000.49 98.3882
7000.85 98.3909
7001.22 98.3926
7001.59 98.3952
7001.95 98.3978
7002.32 98.4004
7002.69 98.4042
7003.05 98.4066
7003.42 98.409
7003.78 98.4114
7004.15 98.4137
7004.52 98.416
7004.88 98.4183
7005.25 98.4206
7005.61 98.4228
7005.98 98.4249
7006.35 98.4268
7006.71 98.4285
7007.08 98.4301
7007.45 98.4314
7007.81 98.4315
7008.18 98.4326
7008.54 98.4338
7008.91 98.4349
7009.28 98.436
7009.64 98.4371
7010.01 98.4383
7010.38 98.4396
7010.74 98.4409
7011.11 98.4424
7011.47 98.4438
7011.84 98.4454
7012.21 98.4469
7012.57 98.4484
7012.94 98.4499
7013.31 98.4514
7013.67 98.4527
7014.04 98.454
7014.4 98.4554
7014.77 98.4579
7015.14 98.4588
7015.5 98.4595
7015.87 98.4601
7016.23 98.4605
7016.6 98.4607
7016.97 98.4609
7017.33 98.4609
7017.7 98.4609
7018.07 98.4609
7018.43 98.4608
7018.8 98.4608
7019.16 98.4609
7019.53 98.4611
7019.9 98.4615
7020.26 98.462
7020.63 98.4628
7021 98.4631
7021.36 98.4642
7021.73 98.4655
7022.09 98.4671
7022.46 98.469
7022.83 98.4711
7023.19 98.4735
7023.56 98.4762
7023.93 98.4792
7024.29 98.4824
7024.66 98.4859
7025.02 98.4894
7025.39 98.493
7025.76 98.4965
7026.12 98.5
7026.49 98.5033
7026.85 98.5066
7027.22 98.5109
7027.59 98.5122
7027.95 98.5154
7028.32 98.5184
7028.69 98.5214
7029.05 98.5244
7029.42 98.5272
7029.78 98.53
7030.15 98.5327
7030.52 98.5353
7030.88 98.5377
7031.25 98.5399
7031.62 98.5419
7031.98 98.5436
7032.35 98.545
7032.71 98.5462
7033.08 98.547
7033.45 98.5478
7033.81 98.548
7034.18 98.5479
7034.55 98.5475
7034.91 98.5469
7035.28 98.5461
7035.64 98.5452
7036.01 98.5443
7036.38 98.5432
7036.74 98.5422
7037.11 98.5411
7037.48 98.5401
7037.84 98.539
7038.21 98.538
7038.57 98.537
7038.94 98.536
7039.31 98.5359
7039.67 98.5351
7040.04 98.5344
7040.4 98.5354
7040.77 98.5349
7041.14 98.5345
7041.5 98.5342
7041.87 98.534
7042.24 98.5339
7042.6 98.5338
7042.97 98.5338
7043.33 98.5339
7043.7 98.534
7044.07 98.5342
7044.43 98.5344
7044.8 98.5346
7045.17 98.5348
7045.53 98.5361
7045.9 98.5364
7046.26 98.5368
7046.63 98.5372
7047 98.5381
7047.36 98.5386
7047.73 98.5392
7048.1 98.54
7048.46 98.5409
7048.83 98.5419
7049.19 98.5431
7049.56 98.5444
7049.93 98.5459
7050.29 98.5475
7050.66 98.5492
7051.02 98.5511
7051.39 98.553
7051.76 98.5562
7052.12 98.5582
7052.49 98.5603
7052.86 98.5624
7053.22 98.5646
7053.59 98.5659
7053.95 98.5681
7054.32 98.5704
7054.69 98.5726
7055.05 98.5748
7055.42 98.577
7055.79 98.5793
7056.15 98.5815
7056.52 98.5838
7056.88 98.5861
7057.25 98.5883
7057.62 98.5905
7057.98 98.5937
7058.35 98.5955
7058.72 98.5972
7059.08 98.5985
7059.45 98.5996
7059.81 98.6004
7060.18 98.6009
7060.55 98.6012
7060.91 98.6011
7061.28 98.6006
7061.65 98.5997
7062.01 98.5985
7062.38 98.5968
7062.74 98.5947
7063.11 98.5922
7063.48 98.5893
7063.84 98.5861
7064.21 98.5802
7064.57 98.5763
7064.94 98.5724
7065.31 98.5685
7065.67 98.5648
7066.04 98.5612
7066.41 98.5595
7066.77 98.5563
7067.14 98.5533
7067.5 98.5506
7067.87 98.548
7068.24 98.5456
7068.6 98.5435
7068.97 98.5416
7069.34 98.5399
7069.7 98.5385
7070.07 98.5372
7070.43 98.5365
7070.8 98.5358
7071.17 98.5353
7071.53 98.5349
7071.9 98.5348
7072.27 98.5348
7072.63 98.5349
7073 98.5359
7073.36 98.5362
7073.73 98.5366
7074.1 98.5371
7074.46 98.5376
7074.83 98.5381
7075.19 98.5387
7075.56 98.5393
7075.93 98.5399
7076.29 98.5414
7076.66 98.5418
7077.03 98.5422
7077.39 98.5425
7077.76 98.5428
7078.12 98.5429
7078.49 98.5431
7078.86 98.5431
7079.22 98.5432
7079.59 98.5442
7079.96 98.5444
7080.32 98.5445
7080.69 98.5448
7081.05 98.5451
7081.42 98.5456
7081.79 98.5461
7082.15 98.5468
7082.52 98.549
7082.89 98.5499
7083.25 98.5509
7083.62 98.552
7083.98 98.5532
7084.35 98.5544
7084.72 98.5557
7085.08 98.5569
7085.45 98.5581
7085.81 98.5592
7086.18 98.5606
7086.55 98.5615
7086.91 98.5624
7087.28 98.5632
7087.65 98.5638
7088.01 98.5643
7088.38 98.5646
7088.74 98.5658
7089.11 98.5658
7089.48 98.5659
7089.84 98.5659
7090.21 98.5658
7090.58 98.5658
7090.94 98.5658
7091.31 98.5657
7091.67 98.5656
7092.04 98.5656
7092.41 98.5654
7092.77 98.5656
7093.14 98.5653
7093.51 98.5649
7093.87 98.5643
7094.24 98.5635
7094.6 98.5625
7094.97 98.5603
7095.34 98.5585
7095.7 98.5564
7096.07 98.5541
7096.44 98.5516
7096.8 98.5488
7097.17 98.5459
7097.53 98.5428
7097.9 98.5397
7098.27 98.5364
7098.63 98.5331
7099 98.5298
7099.36 98.5275
7099.73 98.5242
7100.1 98.5209
7100.46 98.5178
7100.83 98.5147
7101.2 98.5098
7101.56 98.5071
7101.93 98.5045
7102.29 98.502
7102.66 98.4995
7103.03 98.4971
7103.39 98.4947
7103.76 98.4922
7104.13 98.4896
7104.49 98.4869
7104.86 98.484
7105.22 98.481
7105.59 98.4791
7105.96 98.4758
7106.32 98.4723
7106.69 98.4686
7107.06 98.4625
7107.42 98.4585
7107.79 98.4544
7108.15 98.4503
7108.52 98.446
7108.89 98.4417
7109.25 98.4374
7109.62 98.433
7109.98 98.4286
7110.35 98.4242
7110.72 98.42
7111.08 98.4158
7111.45 98.4118
7111.82 98.4079
7112.18 98.4061
7112.55 98.4025
7112.91 98.3991
7113.28 98.3948
7113.65 98.3919
7114.01 98.3892
7114.38 98.3867
7114.75 98.3843
7115.11 98.3821
7115.48 98.3801
7115.84 98.3781
7116.21 98.3763
7116.58 98.3746
7116.94 98.373
7117.31 98.3715
7117.68 98.3701
7118.04 98.3689
7118.41 98.3679
7118.77 98.3676
7119.14 98.3667
7119.51 98.3657
7119.87 98.3652
7120.24 98.3648
7120.6 98.3645
7120.97 98.3643
7121.34 98.3641
7121.7 98.3639
7122.07 98.3637
7122.44 98.3634
7122.8 98.363
7123.17 98.3623
7123.53 98.3615
7123.9 98.3605
7124.27 98.3594
7124.63 98.358
7125 98.3564
7125.37 98.3552
7125.73 98.3517
7126.1 98.3494
7126.46 98.3471
7126.83 98.3446
7127.2 98.3421
7127.56 98.3396
7127.93 98.3371
7128.3 98.3346
7128.66 98.3322
7129.03 98.3298
7129.39 98.3275
7129.76 98.3253
7130.13 98.3231
7130.49 98.3209
7130.86 98.3187
7131.23 98.3165
7131.59 98.3143
7131.96 98.3112
7132.32 98.309
7132.69 98.3069
7133.06 98.3049
7133.42 98.3031
7133.79 98.3014
7134.15 98.2999
7134.52 98.2986
7134.89 98.2975
7135.25 98.2966
7135.62 98.2958
7135.99 98.2952
7136.35 98.2946
7136.72 98.2942
7137.08 98.2938
7137.45 98.2934
7137.82 98.2931
7138.18 98.293
7138.55 98.2927
7138.92 98.2924
7139.28 98.2922
7139.65 98.292
7140.01 98.2918
7140.38 98.2917
7140.75 98.2916
7141.11 98.2916
7141.48 98.2916
7141.85 98.2915
7142.21 98.2913
7142.58 98.2911
7142.94 98.2906
7143.31 98.29
7143.68 98.2892
7144.04 98.2872
7144.41 98.2858
7144.77 98.2847
7145.14 98.2829
7145.51 98.2808
7145.87 98.2784
7146.24 98.2758
7146.61 98.2729
7146.97 98.2697
7147.34 98.2664
7147.7 98.2628
7148.07 98.2591
7148.44 98.2553
7148.8 98.2514
7149.17 98.2474
7149.54 98.2434
7149.9 98.2394
7150.27 98.2338
7150.63 98.2299
7151 98.2261
7151.37 98.2247
7151.73 98.2209
7152.1 98.2172
7152.47 98.2135
7152.83 98.2097
7153.2 98.206
7153.56 98.2023
7153.93 98.1987
7154.3 98.1951
7154.66 98.1917
7155.03 98.1885
7155.4 98.1854
7155.76 98.1825
7156.13 98.1798
7156.49 98.1769
7156.86 98.1748
7157.23 98.173
7157.59 98.1715
7157.96 98.1713
7158.32 98.1701
7158.69 98.1691
7159.06 98.1683
7159.42 98.1677
7159.79 98.1673
7160.16 98.167
7160.52 98.1668
7160.89 98.1668
7161.25 98.1668
7161.62 98.167
7161.99 98.1671
7162.35 98.1673
7162.72 98.1687
7163.09 98.1691
7163.45 98.1695
7163.82 98.17
7164.18 98.1705
7164.55 98.1719
7164.92 98.1725
7165.28 98.1733
7165.65 98.1741
7166.02 98.175
7166.38 98.1759
7166.75 98.1769
7167.11 98.1779
7167.48 98.1789
7167.85 98.1798
7168.21 98.1807
7168.58 98.1815
7168.94 98.183
7169.31 98.1833
7169.68 98.1835
7170.04 98.1835
7170.41 98.1833
7170.78 98.1828
7171.14 98.1827
7171.51 98.1819
7171.87 98.1808
7172.24 98.1796
7172.61 98.178
7172.97 98.1762
7173.34 98.1741
7173.71 98.1718
7174.07 98.1692
7174.44 98.1664
7174.8 98.1609
7175.17 98.1573
7175.54 98.1535
7175.9 98.1494
7176.27 98.1451
7176.64 98.1407
7177 98.1361
7177.37 98.1325
7177.73 98.128
7178.1 98.1236
7178.47 98.1194
7178.83 98.1154
7179.2 98.1116
7179.56 98.1079
7179.93 98.1044
7180.3 98.1011
7180.66 98.0979
7181.03 98.0923
7181.4 98.0896
7181.76 98.0872
7182.13 98.0851
7182.49 98.0832
7182.86 98.0815
7183.23 98.08
7183.59 98.0787
7183.96 98.0774
7184.33 98.0765
7184.69 98.0757
7185.06 98.075
7185.42 98.0744
7185.79 98.074
7186.16 98.0736
7186.52 98.0734
7186.89 98.0733
7187.26 98.0733
7187.62 98.0734
7187.99 98.0737
7188.35 98.0741
7188.72 98.0745
7189.09 98.075
7189.45 98.0755
7189.82 98.076
7190.19 98.0765
7190.55 98.0769
7190.92 98.0774
7191.28 98.0779
7191.65 98.0783
7192.02 98.0786
7192.38 98.0788
7192.75 98.0788
7193.11 98.0786
7193.48 98.0779
7193.85 98.0772
7194.21 98.0763
7194.58 98.0751
7194.95 98.0736
7195.31 98.072
7195.68 98.07
7196.04 98.0678
7196.41 98.0653
7196.78 98.0626
7197.14 98.0601
7197.51 98.0569
7197.88 98.0536
7198.24 98.0501
7198.61 98.0467
7198.97 98.0434
7199.34 98.0403
7199.71 98.0355
7200.07 98.033
7200.44 98.0306
7200.81 98.0284
7201.17 98.0264
7201.54 98.0245
7201.9 98.0228
7202.27 98.0211
7202.64 98.0195
7203 98.0179
7203.37 98.0163
7203.73 98.0154
7204.1 98.0137
7204.47 98.0119
7204.83 98.0102
7205.2 98.0084
7205.57 98.0067
7205.93 98.0036
7206.3 98.0022
7206.66 98.0011
7207.03 98.0003
7207.4 97.9998
7207.76 97.9996
7208.13 97.9996
7208.5 97.9998
7208.86 98.0002
7209.23 98.0007
7209.59 98.0013
7209.96 98.001
7210.33 98.0016
7210.69 98.0021
7211.06 98.0026
7211.43 98.0029
7211.79 98.0029
7212.16 98.003
7212.52 98.003
7212.89 98.0028
7213.26 98.0025
7213.62 98.002
7213.99 98.0014
7214.35 98.0007
7214.72 98
7215.09 97.9992
7215.45 97.9983
7215.82 97.9975
7216.19 97.9966
7216.55 97.9967
7216.92 97.9957
7217.28 97.9948
7217.65 97.9937
7218.02 97.9923
7218.38 97.991
7218.75 97.9896
7219.12 97.9882
7219.48 97.9868
7219.85 97.9852
7220.21 97.9837
7220.58 97.9821
7220.95 97.9806
7221.31 97.9791
7221.68 97.9777
7222.05 97.9765
7222.41 97.9753
7222.78 97.9744
7223.14 97.9736
7223.51 97.9729
7223.88 97.9724
7224.24 97.9715
7224.61 97.9713
7224.98 97.9712
7225.34 97.9712
7225.71 97.9714
7226.07 97.9716
7226.44 97.9719
7226.81 97.9724
7227.17 97.9729
7227.54 97.9734
7227.9 97.9741
7228.27 97.9748
7228.64 97.9756
7229 97.9766
7229.37 97.9776
7229.74 97.9785
7230.1 97.9797
7230.47 97.982
7230.83 97.9834
7231.2 97.9849
7231.57 97.9865
7231.93 97.988
7232.3 97.9896
7232.67 97.9911
7233.03 97.9926
7233.4 97.994
7233.76 97.9954
7234.13 97.9966
7234.5 97.9978
7234.86 97.9989
7235.23 98
7235.6 98.0009
7235.96 98.0018
7236.33 98.0026
7236.69 98.0041
7237.06 98.0049
7237.43 98.0056
7237.79 98.0063
7238.16 98.0069
7238.52 98.0076
7238.89 98.0081
7239.26 98.0087
7239.62 98.0092
7239.99 98.0096
7240.36 98.0099
7240.72 98.0101
7241.09 98.0102
7241.45 98.0101
7241.82 98.0101
7242.19 98.0099
7242.55 98.0093
7242.92 98.0088
7243.29 98.0085
7243.65 98.0083
7244.02 98.0082
7244.38 98.0082
7244.75 98.0083
7245.12 98.0085
7245.48 98.0089
7245.85 98.0094
7246.22 98.0101
7246.58 98.011
7246.95 98.0121
7247.31 98.0135
7247.68 98.0151
7248.05 98.0169
7248.41 98.019
7248.78 98.0214
7249.15 98.0214
7249.51 98.0238
7249.88 98.0264
7250.24 98.0291
7250.61 98.0319
7250.98 98.0347
7251.34 98.0374
7251.71 98.0399
7252.07 98.0423
7252.44 98.0446
7252.81 98.0468
7253.17 98.049
7253.54 98.051
7253.91 98.0529
7254.27 98.0547
7254.64 98.0564
7255 98.0579
7255.37 98.0595
7255.74 98.0595
7256.1 98.0612
7256.47 98.0628
7256.84 98.0643
7257.2 98.0656
7257.57 98.0669
7257.93 98.0681
7258.3 98.0692
7258.67 98.0702
7259.03 98.0712
7259.4 98.0722
7259.77 98.0732
7260.13 98.0741
7260.5 98.0752
7260.86 98.0762
7261.23 98.0781
7261.6 98.0792
7261.96 98.0803
7262.33 98.0812
7262.69 98.0823
7263.06 98.0835
7263.43 98.0848
7263.79 98.086
7264.16 98.0873
7264.53 98.0887
7264.89 98.0901
7265.26 98.0915
7265.62 98.093
7265.99 98.0946
7266.36 98.0963
7266.72 98.0981
7267.09 98.1
7267.46 98.1018
7267.82 98.1035
7268.19 98.1053
7268.55 98.107
7268.92 98.1065
7269.29 98.1083
7269.65 98.1101
7270.02 98.112
7270.39 98.114
7270.75 98.1161
7271.12 98.1184
7271.48 98.1208
7271.85 98.1233
7272.22 98.1259
7272.58 98.1286
7272.95 98.1314
7273.31 98.1342
7273.68 98.1376
7274.05 98.1407
7274.41 98.1437
7274.78 98.1467
7275.15 98.1496
7275.51 98.1506
7275.88 98.1535
7276.24 98.1562
7276.61 98.1588
7276.98 98.1613
7277.34 98.1635
7277.71 98.1655
7278.08 98.1673
7278.44 98.1689
7278.81 98.1703
7279.17 98.1714
7279.54 98.1727
7279.91 98.1734
7280.27 98.1738
7280.64 98.1742
7281.01 98.1743
7281.37 98.1744
7281.74 98.1739
7282.1 98.1737
7282.47 98.1735
7282.84 98.1732
7283.2 98.1729
7283.57 98.1727
7283.94 98.1726
7284.3 98.1725
7284.67 98.1726
7285.03 98.1727
7285.4 98.173
7285.77 98.1734
7286.13 98.1739
7286.5 98.1744
7286.86 98.175
7287.23 98.1756
7287.6 98.1762
7287.96 98.1769
7288.33 98.1772
7288.7 98.1779
7289.06 98.1786
7289.43 98.1793
7289.79 98.1801
7290.16 98.181
7290.53 98.1819
7290.89 98.1829
7291.26 98.184
7291.63 98.1852
7291.99 98.1867
7292.36 98.1882
7292.72 98.19
7293.09 98.192
7293.46 98.1942
7293.82 98.1966
7294.19 98.1993
7294.56 98.2022
7294.92 98.2025
7295.29 98.2057
7295.65 98.2093
7296.02 98.2132
7296.39 98.2173
7296.75 98.2218
7297.12 98.2264
7297.48 98.2312
7297.85 98.236
7298.22 98.2415
7298.58 98.2462
7298.95 98.2508
7299.32 98.2551
7299.68 98.2594
7300.05 98.2635
7300.41 98.2675
7300.78 98.2715
7301.15 98.2755
7301.51 98.277
7301.88 98.2811
7302.25 98.2852
7302.61 98.2893
7302.98 98.2937
7303.34 98.2981
7303.71 98.3028
7304.08 98.3078
7304.44 98.3148
7304.81 98.3205
7305.18 98.3266
7305.54 98.3332
7305.91 98.3403
7306.27 98.3479
7306.64 98.3558
7307.01 98.3638
7307.37 98.3717
7307.74 98.3793
7308.1 98.3809
7308.47 98.3879
7308.84 98.3944
7309.2 98.4005
7309.57 98.4062
7309.94 98.4117
7310.3 98.4181
7310.67 98.423
7311.03 98.4276
7311.4 98.4321
7311.77 98.4364
7312.13 98.4407
7312.5 98.4448
7312.87 98.449
7313.23 98.453
7313.6 98.4569
7313.96 98.4606
7314.33 98.4641
7314.7 98.4641
7315.06 98.4672
7315.43 98.47
7315.8 98.4725
7316.16 98.4747
7316.53 98.4761
7316.89 98.4775
7317.26 98.4787
7317.63 98.4797
7317.99 98.4805
7318.36 98.481
7318.73 98.4814
7319.09 98.4817
7319.46 98.4818
7319.82 98.4819
7320.19 98.4819
7320.56 98.4818
7320.92 98.4819
7321.29 98.4819
7321.65 98.4818
7322.02 98.4816
7322.39 98.4814
7322.75 98.4813
7323.12 98.4808
7323.49 98.4803
7323.85 98.4798
7324.22 98.4791
7324.58 98.4783
7324.95 98.4775
7325.32 98.4765
7325.68 98.4755
7326.05 98.4745
7326.42 98.4734
7326.78 98.4723
7327.15 98.4713
7327.51 98.471
7327.88 98.4702
7328.25 98.4695
7328.61 98.4689
7328.98 98.4687
7329.35 98.4685
7329.71 98.4685
7330.08 98.4686
7330.44 98.4688
7330.81 98.4691
7331.18 98.4696
7331.54 98.4701
7331.91 98.4707
7332.27 98.4714
7332.64 98.4722
7333.01 98.4731
7333.37 98.4741
7333.74 98.4752
7334.11 98.4755
7334.47 98.4767
7334.84 98.4782
7335.2 98.4799
7335.57 98.4819
7335.94 98.4842
7336.3 98.4869
7336.67 98.49
7337.04 98.4935
7337.4 98.4975
7337.77 98.5019
7338.13 98.5068
7338.5 98.5122
7338.87 98.5179
7339.23 98.5238
7339.6 98.5294
7339.97 98.5345
7340.33 98.539
7340.7 98.5384
7341.06 98.5423
7341.43 98.5449
7341.8 98.5478
7342.16 98.5503
7342.53 98.5524
7342.9 98.5542
7343.26 98.5557
7343.63 98.5569
7343.99 98.5579
7344.36 98.5587
7344.73 98.5593
7345.09 98.5597
7345.46 98.56
7345.82 98.5602
7346.19 98.5603
7346.56 98.5603
7346.92 98.5603
7347.29 98.5589
7347.66 98.559
7348.02 98.5593
7348.39 98.5595
7348.75 98.5599
7349.12 98.5604
7349.49 98.5609
7349.85 98.5616
7350.22 98.5623
7350.59 98.5632
7350.95 98.5642
7351.32 98.5652
7351.68 98.5663
7352.05 98.5674
7352.42 98.5684
7352.78 98.5694
7353.15 98.5703
7353.52 98.5704
7353.88 98.571
7354.25 98.5714
7354.61 98.5717
7354.98 98.5718
7355.35 98.5716
7355.71 98.5713
7356.08 98.5709
7356.44 98.5703
7356.81 98.5697
7357.18 98.569
7357.54 98.5682
7357.91 98.5674
7358.28 98.5666
7358.64 98.5658
7359.01 98.5649
7359.37 98.5641
7359.74 98.5628
7360.11 98.5623
7360.47 98.5616
7360.84 98.561
7361.21 98.5606
7361.57 98.5603
7361.94 98.5602
7362.3 98.5603
7362.67 98.5606
7363.04 98.5612
7363.4 98.5619
7363.77 98.5629
7364.14 98.564
7364.5 98.5653
7364.87 98.5667
7365.23 98.5682
7365.6 98.5697
7365.97 98.5724
7366.33 98.5741
7366.7 98.5752
7367.06 98.5771
7367.43 98.579
7367.8 98.5809
7368.16 98.5829
7368.53 98.5849
7368.9 98.5868
7369.26 98.5887
7369.63 98.5906
7369.99 98.5925
7370.36 98.5943
7370.73 98.5961
7371.09 98.5978
7371.46 98.5995
7371.83 98.6012
7372.19 98.6035
7372.56 98.6049
7372.92 98.6062
7373.29 98.6065
7373.66 98.6076
7374.02 98.6085
7374.39 98.6093
7374.76 98.6099
7375.12 98.6104
7375.49 98.6108
7375.85 98.611
7376.22 98.6111
7376.59 98.611
7376.95 98.6107
7377.32 98.6102
7377.69 98.6096
7378.05 98.6072
7378.42 98.6061
7378.78 98.605
7379.15 98.6039
7379.52 98.603
7379.88 98.6015
7380.25 98.6008
7380.61 98.6004
7380.98 98.6001
7381.35 98.6
7381.71 98.6
7382.08 98.6002
7382.45 98.6003
7382.81 98.6005
7383.18 98.6006
7383.54 98.6005
7383.91 98.6004
7384.28 98.6
7384.64 98.5997
7385.01 98.5992
7385.38 98.5987
7385.74 98.598
7386.11 98.5979
7386.47 98.5971
7386.84 98.5961
7387.21 98.5951
7387.57 98.5939
7387.94 98.5926
7388.31 98.5912
7388.67 98.5897
7389.04 98.5881
7389.4 98.5865
7389.77 98.5849
7390.14 98.5833
7390.5 98.5815
7390.87 98.5801
7391.23 98.5788
7391.6 98.5776
7391.97 98.5765
7392.33 98.5755
7392.7 98.5756
7393.07 98.5747
7393.43 98.574
7393.8 98.5734
7394.16 98.5729
7394.53 98.5726
7394.9 98.5723
7395.26 98.5723
7395.63 98.5723
7396 98.5726
7396.36 98.573
7396.73 98.574
7397.09 98.5747
7397.46 98.5754
7397.83 98.5762
7398.19 98.5771
7398.56 98.578
7398.93 98.579
7399.29 98.5791
7399.66 98.5799
7400.02 98.5806
7400.39 98.5813
7400.76 98.5818
7401.12 98.5822
7401.49 98.5824
7401.85 98.5824
7402.22 98.5823
7402.59 98.5819
7402.95 98.5807
7403.32 98.58
7403.69 98.5792
7404.05 98.5782
7404.42 98.5772
7404.78 98.576
7405.15 98.5748
7405.52 98.5735
7405.88 98.5733
7406.25 98.5721
7406.62 98.5709
7406.98 98.5698
7407.35 98.5687
7407.71 98.5677
7408.08 98.5667
7408.45 98.5658
7408.81 98.565
7409.18 98.565
7409.55 98.5644
7409.91 98.564
7410.28 98.5636
7410.64 98.5633
7411.01 98.5631
7411.38 98.5629
7411.74 98.5627
7412.11 98.5626
7412.48 98.5634
7412.84 98.5632
7413.21 98.5629
7413.57 98.5625
7413.94 98.5621
7414.31 98.5616
7414.67 98.5609
7415.04 98.5599
7415.4 98.5588
7415.77 98.5574
7416.14 98.5559
7416.5 98.5541
7416.87 98.5521
7417.24 98.5499
7417.6 98.5474
7417.97 98.5448
7418.33 98.542
7418.7 98.5391
7419.07 98.5375
7419.43 98.5345
7419.8 98.5315
7420.17 98.5287
7420.53 98.526
7420.9 98.5236
7421.26 98.5205
7421.63 98.5185
7422 98.5168
7422.36 98.5153
7422.73 98.5139
7423.1 98.5127
7423.46 98.5116
7423.83 98.5106
7424.19 98.5097
7424.56 98.5089
7424.93 98.5082
7425.29 98.5085
7425.66 98.5078
7426.02 98.5072
7426.39 98.5066
7426.76 98.506
7427.12 98.5055
7427.49 98.5053
7427.86 98.5048
7428.22 98.5045
7428.59 98.5042
7428.95 98.504
7429.32 98.5038
7429.69 98.5036
7430.05 98.5035
7430.42 98.5035
7430.79 98.5034
7431.15 98.5034
7431.52 98.5033
7431.88 98.5034
7432.25 98.5033
7432.62 98.5032
7432.98 98.5029
7433.35 98.5026
7433.72 98.5016
7434.08 98.5008
7434.45 98.4999
7434.81 98.4987
7435.18 98.4975
7435.55 98.4961
7435.91 98.4946
7436.28 98.493
7436.65 98.4914
7437.01 98.4897
7437.38 98.488
7437.74 98.4863
7438.11 98.4846
7438.48 98.4839
7438.84 98.4823
7439.21 98.4808
7439.57 98.4793
7439.94 98.4775
7440.31 98.4762
7440.67 98.4749
7441.04 98.4737
7441.41 98.4725
7441.77 98.4713
7442.14 98.4702
7442.5 98.469
7442.87 98.4679
7443.24 98.4667
7443.6 98.4654
7443.97 98.4642
7444.34 98.4629
7444.7 98.4615
7445.07 98.4612
7445.43 98.4596
7445.8 98.4571
7446.17 98.4552
7446.53 98.453
7446.9 98.4507
7447.27 98.4481
7447.63 98.4452
7448 98.4421
7448.36 98.4387
7448.73 98.4349
7449.1 98.4309
7449.46 98.4267
7449.83 98.4223
7450.19 98.4179
7450.56 98.4136
7450.93 98.4093
7451.29 98.4053
7451.66 98.4019
7452.03 98.3953
7452.39 98.392
7452.76 98.3888
7453.12 98.3856
7453.49 98.3825
7453.86 98.3794
7454.22 98.3763
7454.59 98.3731
7454.96 98.3699
7455.32 98.3666
7455.69 98.3632
7456.05 98.3597
7456.42 98.3561
7456.79 98.3523
7457.15 98.3484
7457.52 98.3444
7457.89 98.3412
7458.25 98.3334
7458.62 98.3287
7458.98 98.3239
7459.35 98.3188
7459.72 98.3137
7460.08 98.3085
7460.45 98.3033
7460.81 98.2981
7461.18 98.2929
7461.55 98.2879
7461.91 98.283
7462.28 98.2782
7462.65 98.2735
7463.01 98.269
7463.38 98.2646
7463.74 98.2603
7464.11 98.2561
7464.48 98.2518
7464.84 98.2478
7465.21 98.2439
7465.58 98.2401
7465.94 98.2362
7466.31 98.2323
7466.67 98.2284
7467.04 98.2245
7467.41 98.2206
7467.77 98.2167
7468.14 98.2129
7468.51 98.2091
7468.87 98.2054
7469.24 98.2018
7469.6 98.1984
7469.97 98.195
7470.34 98.1918
7470.7 98.1858
7471.07 98.1829
7471.44 98.1798
7471.8 98.1767
7472.17 98.1736
7472.53 98.1704
7472.9 98.1671
7473.27 98.1638
7473.63 98.1605
7474 98.1572
7474.36 98.154
7474.73 98.1508
7475.1 98.1478
7475.46 98.1449
7475.83 98.1421
7476.2 98.1396
7476.56 98.136
7476.93 98.1339
7477.29 98.1318
7477.66 98.1311
7478.03 98.1292
7478.39 98.1274
7478.76 98.1255
7479.13 98.1237
7479.49 98.1218
7479.86 98.12
7480.22 98.1181
7480.59 98.1163
7480.96 98.1145
7481.32 98.1128
7481.69 98.111
7482.06 98.1094
7482.42 98.1077
7482.79 98.1063
7483.15 98.1047
7483.52 98.103
7483.89 98.1013
7484.25 98.1015
7484.62 98.0998
7484.98 98.0979
7485.35 98.0961
7485.72 98.0943
7486.08 98.0924
7486.45 98.0906
7486.82 98.0889
7487.18 98.0872
7487.55 98.0856
7487.91 98.0841
7488.28 98.0827
7488.65 98.0815
7489.01 98.0803
7489.38 98.0792
7489.75 98.0782
7490.11 98.0772
7490.48 98.0762
7490.84 98.0757
7491.21 98.0745
7491.58 98.0731
7491.94 98.0716
7492.31 98.0698
7492.68 98.0679
7493.04 98.0657
7493.41 98.0632
7493.77 98.0605
7494.14 98.0576
7494.51 98.0544
7494.87 98.0509
7495.24 98.0442
7495.6 98.0403
7495.97 98.0365
7496.34 98.0328
7496.7 98.0295
7497.07 98.0271
7497.44 98.0244
7497.8 98.022
7498.17 98.02
7498.53 98.0182
7498.9 98.0167
7499.27 98.0154
7499.63 98.0142
7500 98.0131
7500.37 98.0121
7500.73 98.0111
7501.1 98.0102
7501.46 98.0096
7501.83 98.0088
7502.2 98.0079
7502.56 98.007
7502.93 98.0061
7503.3 98.0052
7503.66 98.0057
7504.03 98.0048
7504.39 98.0039
7504.76 98.003
7505.13 98.0021
7505.49 98.0012
7505.86 98.0003
7506.23 97.9993
7506.59 97.9985
7506.96 97.9975
7507.32 97.9966
7507.69 97.9964
7508.06 97.9955
7508.42 97.9945
7508.79 97.9934
7509.15 97.9924
7509.52 97.9914
7509.89 97.9905
7510.25 97.9909
7510.62 97.9899
7510.99 97.989
7511.35 97.9882
7511.72 97.9874
7512.08 97.9867
7512.45 97.9861
7512.82 97.9856
7513.18 97.9851
7513.55 97.9848
7513.92 97.9843
7514.28 97.9838
7514.65 97.9833
7515.01 97.9828
7515.38 97.9823
7515.75 97.9817
7516.11 97.9811
7516.48 97.9804
7516.85 97.9803
7517.21 97.9796
7517.58 97.9787
7517.94 97.9778
7518.31 97.9768
7518.68 97.9757
7519.04 97.9746
7519.41 97.9733
7519.77 97.9715
7520.14 97.9701
7520.51 97.9687
7520.87 97.9673
7521.24 97.9659
7521.61 97.9645
7521.97 97.9631
7522.34 97.9617
7522.7 97.9603
7523.07 97.9588
7523.44 97.9584
7523.8 97.957
7524.17 97.9555
7524.54 97.954
7524.9 97.9524
7525.27 97.9508
7525.63 97.9493
7526 97.947
7526.37 97.9455
7526.73 97.9441
7527.1 97.9428
7527.47 97.9417
7527.83 97.9407
7528.2 97.94
7528.56 97.9393
7528.93 97.9389
7529.3 97.9386
7529.66 97.9383
7530.03 97.9381
7530.4 97.938
7530.76 97.938
7531.13 97.9379
7531.49 97.9379
7531.86 97.9378
7532.23 97.9377
7532.59 97.9375
7532.96 97.9373
7533.32 97.9371
7533.69 97.9369
7534.06 97.9366
7534.42 97.9364
7534.79 97.9361
7535.16 97.9359
7535.52 97.9356
7535.89 97.9352
7536.25 97.935
7536.62 97.9345
7536.99 97.9339
7537.35 97.9332
7537.72 97.9322
7538.09 97.9311
7538.45 97.9285
7538.82 97.9267
7539.18 97.9245
7539.55 97.9221
7539.92 97.9195
7540.28 97.9167
7540.65 97.9137
7541.02 97.9106
7541.38 97.9074
7541.75 97.9044
7542.11 97.9014
7542.48 97.8985
7542.85 97.8968
7543.21 97.8944
7543.58 97.8923
7543.94 97.8904
7544.31 97.8882
7544.68 97.8869
7545.04 97.8858
7545.41 97.8849
7545.78 97.8842
7546.14 97.8836
7546.51 97.8831
7546.87 97.8828
7547.24 97.8825
7547.61 97.8823
7547.97 97.8821
7548.34 97.882
7548.71 97.8818
7549.07 97.8817
7549.44 97.8816
7549.8 97.8813
7550.17 97.881
7550.54 97.8804
7550.9 97.88
7551.27 97.8796
7551.64 97.8792
7552 97.8787
7552.37 97.8783
7552.73 97.8778
7553.1 97.8773
7553.47 97.8768
7553.83 97.8763
7554.2 97.8759
7554.56 97.8754
7554.93 97.8749
7555.3 97.8745
7555.66 97.874
7556.03 97.8743
7556.4 97.8738
7556.76 97.8738
7557.13 97.8732
7557.49 97.8727
7557.86 97.872
7558.23 97.8714
7558.59 97.8707
7558.96 97.8699
7559.33 97.8691
7559.69 97.8683
7560.06 97.8675
7560.42 97.8667
7560.79 97.8658
7561.16 97.8649
7561.52 97.864
7561.89 97.8631
7562.26 97.8622
7562.62 97.8617
7562.99 97.8599
7563.35 97.8587
7563.72 97.8577
7564.09 97.8567
7564.45 97.8558
7564.82 97.8551
7565.19 97.8546
7565.55 97.8541
7565.92 97.8539
7566.28 97.8537
7566.65 97.8536
7567.02 97.8535
7567.38 97.8533
7567.75 97.8531
7568.11 97.8527
7568.48 97.8522
7568.85 97.8512
7569.21 97.8495
7569.58 97.8485
7569.95 97.8475
7570.31 97.8462
7570.68 97.8449
7571.04 97.8434
7571.41 97.8419
7571.78 97.8403
7572.14 97.8387
7572.51 97.837
7572.88 97.8355
7573.24 97.834
7573.61 97.8326
7573.97 97.8314
7574.34 97.8303
7574.71 97.8294
7575.07 97.8287
7575.44 97.827
7575.81 97.8264
7576.17 97.826
7576.54 97.8257
7576.9 97.8255
7577.27 97.8253
7577.64 97.8251
7578 97.8249
7578.37 97.8246
7578.73 97.8242
7579.1 97.8237
7579.47 97.8231
7579.83 97.8222
7580.2 97.8211
7580.57 97.8197
7580.93 97.8179
7581.3 97.8129
7581.66 97.8102
7582.03 97.8069
7582.4 97.8037
7582.76 97.8004
7583.13 97.797
7583.5 97.7936
7583.86 97.7904
7584.23 97.7873
7584.59 97.7843
7584.96 97.7815
7585.33 97.779
7585.69 97.7766
7586.06 97.7744
7586.43 97.7723
7586.79 97.7704
7587.16 97.7686
7587.52 97.7661
7587.89 97.7646
7588.26 97.7632
7588.62 97.7626
7588.99 97.7612
7589.35 97.7599
7589.72 97.7588
7590.09 97.7577
7590.45 97.7567
7590.82 97.7557
7591.19 97.7549
7591.55 97.7541
7591.92 97.7534
7592.28 97.7527
7592.65 97.752
7593.02 97.7514
7593.38 97.7508
7593.75 97.7503
7594.12 97.7497
7594.48 97.7491
7594.85 97.7485
7595.21 97.7489
7595.58 97.7483
7595.95 97.7476
7596.31 97.7469
7596.68 97.7461
7597.05 97.7453
7597.41 97.7445
7597.78 97.7436
7598.14 97.7426
7598.51 97.7416
7598.88 97.7406
7599.24 97.7396
7599.61 97.7385
7599.98 97.7376
7600.34 97.7364
7600.71 97.7351
7601.07 97.7338
7601.44 97.7339
7601.81 97.7325
7602.17 97.7311
7602.54 97.7296
7602.9 97.7281
7603.27 97.7266
7603.64 97.7251
7604 97.7236
7604.37 97.7222
7604.74 97.7208
7605.1 97.7196
7605.47 97.7184
7605.83 97.7173
7606.2 97.716
7606.57 97.715
7606.93 97.7141
7607.3 97.7133
7607.67 97.7126
7608.03 97.712
7608.4 97.7113
7608.76 97.7108
7609.13 97.7103
7609.5 97.7099
7609.86 97.7097
7610.23 97.7096
7610.6 97.7098
7610.96 97.7101
7611.33 97.7107
7611.69 97.7114
7612.06 97.7125
7612.43 97.7138
7612.79 97.7153
7613.16 97.7169
7613.52 97.7187
7613.89 97.7205
7614.26 97.7224
7614.62 97.7231
7614.99 97.725
7615.36 97.727
7615.72 97.7289
7616.09 97.7307
7616.45 97.7325
7616.82 97.7342
7617.19 97.7358
7617.55 97.7374
7617.92 97.7389
7618.29 97.7408
7618.65 97.7423
7619.02 97.7437
7619.38 97.7451
7619.75 97.7465
7620.12 97.7479
7620.48 97.7494
7620.85 97.7508
7621.22 97.7513
7621.58 97.7527
7621.95 97.7542
7622.31 97.7558
7622.68 97.7573
7623.05 97.7589
7623.41 97.7605
7623.78 97.7622
7624.15 97.7638
7624.51 97.7663
7624.88 97.7678
7625.24 97.7691
7625.61 97.7703
7625.98 97.7712
7626.34 97.7721
7626.71 97.7727
7627.07 97.7733
7627.44 97.7737
7627.81 97.7749
7628.17 97.7751
7628.54 97.7753
7628.91 97.7755
7629.27 97.7755
7629.64 97.7755
7630 97.7755
7630.37 97.7755
7630.74 97.7766
7631.1 97.7766
7631.47 97.7765
7631.84 97.7765
7632.2 97.7765
7632.57 97.7766
7632.93 97.7768
7633.3 97.777
7633.67 97.7773
7634.03 97.7776
7634.4 97.779
7634.77 97.7794
7635.13 97.7798
7635.5 97.7803
7635.86 97.7807
7636.23 97.7812
7636.6 97.7816
7636.96 97.7834
7637.33 97.7838
7637.69 97.7841
7638.06 97.7843
7638.43 97.7845
7638.79 97.7847
7639.16 97.7849
7639.53 97.785
7639.89 97.7852
7640.26 97.7854
7640.62 97.7864
7640.99 97.7867
7641.36 97.7871
7641.72 97.7877
7642.09 97.7885
7642.46 97.7894
7642.82 97.7906
7643.19 97.7928
7643.55 97.7942
7643.92 97.7956
7644.29 97.7972
7644.65 97.7988
7645.02 97.8004
7645.39 97.802
7645.75 97.8037
7646.12 97.8054
7646.48 97.807
7646.85 97.8087
7647.22 97.8088
7647.58 97.8104
7647.95 97.8119
7648.31 97.8134
7648.68 97.8148
7649.05 97.8161
7649.41 97.8174
7649.78 97.8187
7650.15 97.82
7650.51 97.8214
7650.88 97.8228
7651.24 97.8242
7651.61 97.8257
7651.98 97.8272
7652.34 97.8288
7652.71 97.8304
7653.08 97.8319
7653.44 97.8335
7653.81 97.8338
7654.17 97.8353
7654.54 97.8366
7654.91 97.8379
7655.27 97.8392
7655.64 97.8403
7656.01 97.8412
7656.37 97.8421
7656.74 97.843
7657.1 97.8438
7657.47 97.8446
7657.84 97.8454
7658.2 97.8462
7658.57 97.847
7658.94 97.8479
7659.3 97.8488
7659.67 97.8499
7660.03 97.851
7660.4 97.8508
7660.77 97.852
7661.13 97.8533
7661.5 97.8544
7661.86 97.8559
7662.23 97.8575
7662.6 97.8593
7662.96 97.8612
7663.33 97.8633
7663.7 97.8654
7664.06 97.8676
7664.43 97.8699
7664.79 97.8723
7665.16 97.8748
7665.53 97.8773
7665.89 97.8799
7666.26 97.8824
7666.63 97.885
7666.99 97.8853
7667.36 97.8878
7667.72 97.8905
7668.09 97.8928
7668.46 97.895
7668.82 97.8971
7669.19 97.8991
7669.56 97.9009
7669.92 97.9027
7670.29 97.9043
7670.65 97.9058
7671.02 97.9072
7671.39 97.9086
7671.75 97.9099
7672.12 97.9112
7672.48 97.9124
7672.85 97.9136
7673.22 97.9137
7673.58 97.915
7673.95 97.9164
7674.32 97.9176
7674.68 97.9189
7675.05 97.9202
7675.41 97.9214
7675.78 97.9228
7676.15 97.9241
7676.51 97.9255
7676.88 97.927
7677.25 97.9285
7677.61 97.9301
7677.98 97.9318
7678.34 97.9336
7678.71 97.9354
7679.08 97.9373
7679.44 97.9392
7679.81 97.9405
7680.18 97.9426
7680.54 97.9446
7680.91 97.9466
7681.27 97.9486
7681.64 97.9505
7682.01 97.9523
7682.37 97.9541
7682.74 97.9558
7683.1 97.9574
7683.47 97.9589
7683.84 97.9603
7684.2 97.9617
7684.57 97.963
7684.94 97.9643
7685.3 97.9655
7685.67 97.9667
7686.03 97.9683
7686.4 97.9686
7686.77 97.9696
7687.13 97.9704
7687.5 97.9712
7687.87 97.9719
7688.23 97.9726
7688.6 97.9731
7688.96 97.9735
7689.33 97.9738
7689.7 97.9738
7690.06 97.9737
7690.43 97.9734
7690.8 97.9729
7691.16 97.9722
7691.53 97.9712
7691.89 97.97
7692.26 97.9665
7692.63 97.9647
7692.99 97.9626
7693.36 97.9605
7693.73 97.9584
7694.09 97.9564
7694.46 97.9544
7694.82 97.9526
7695.19 97.9509
7695.56 97.9493
7695.92 97.9479
7696.29 97.9465
7696.65 97.9453
7697.02 97.944
7697.39 97.9428
7697.75 97.9415
7698.12 97.9402
7698.49 97.9373
7698.85 97.9356
7699.22 97.9339
7699.58 97.932
7699.95 97.9301
7700.32 97.9283
7700.68 97.9265
7701.05 97.9248
7701.42 97.9233
7701.78 97.9219
7702.15 97.9208
7702.51 97.92
7702.88 97.9196
7703.25 97.9195
7703.61 97.9199
7703.98 97.9207
7704.35 97.9219
7704.71 97.9223
7705.08 97.9239
7705.44 97.9254
7705.81 97.9268
7706.18 97.9265
7706.54 97.9278
7706.91 97.929
7707.27 97.9299
7707.64 97.9307
7708.01 97.9313
7708.37 97.9319
7708.74 97.9323
7709.11 97.9326
7709.47 97.933
7709.84 97.9333
7710.2 97.9336
7710.57 97.9339
7710.94 97.9341
7711.3 97.9343
7711.67 97.9344
7712.04 97.9345
7712.4 97.9342
7712.77 97.9342
7713.13 97.9341
7713.5 97.9339
7713.87 97.9337
7714.23 97.9334
7714.6 97.9331
7714.97 97.9326
7715.33 97.9322
7715.7 97.9318
7716.06 97.9314
7716.43 97.9311
7716.8 97.931
7717.16 97.9309
7717.53 97.9309
7717.9 97.9309
7718.26 97.931
7718.63 97.9313
7718.99 97.9319
7719.36 97.9323
7719.73 97.9329
7720.09 97.9335
7720.46 97.9343
7720.82 97.9352
7721.19 97.9361
7721.56 97.9371
7721.92 97.9382
7722.29 97.9393
7722.66 97.9405
7723.02 97.9421
7723.39 97.9431
7723.75 97.944
7724.12 97.9448
7724.49 97.9454
7724.85 97.9459
7725.22 97.9461
7725.59 97.9457
7725.95 97.9456
7726.32 97.9452
7726.68 97.9446
7727.05 97.9438
7727.42 97.9429
7727.78 97.9418
7728.15 97.9406
7728.52 97.9392
7728.88 97.9378
7729.25 97.9348
7729.61 97.9332
7729.98 97.9316
7730.35 97.9298
7730.71 97.928
7731.08 97.9262
7731.44 97.9244
7731.81 97.9226
7732.18 97.9215
7732.54 97.92
7732.91 97.9184
7733.28 97.9169
7733.64 97.9154
7734.01 97.914
7734.37 97.9126
7734.74 97.9111
7735.11 97.9097
7735.47 97.908
7735.84 97.9065
7736.21 97.905
7736.57 97.9034
7736.94 97.9018
7737.3 97.9001
7737.67 97.8984
7738.04 97.8967
7738.4 97.8951
7738.77 97.8948
7739.14 97.8932
7739.5 97.8917
7739.87 97.8903
7740.23 97.8889
7740.6 97.8878
7740.97 97.8868
7741.33 97.8859
7741.7 97.8855
7742.06 97.8851
7742.43 97.885
7742.8 97.8852
7743.16 97.8857
7743.53 97.8865
7743.9 97.8876
7744.26 97.8892
7744.63 97.891
7744.99 97.8914
7745.36 97.8936
7745.73 97.896
7746.09 97.8985
7746.46 97.901
7746.83 97.9034
7747.19 97.9055
7747.56 97.9073
7747.92 97.9088
7748.29 97.9099
7748.66 97.9108
7749.02 97.9114
7749.39 97.9118
7749.76 97.912
7750.12 97.912
7750.49 97.9119
7750.85 97.9116
7751.22 97.9112
7751.59 97.9113
7751.95 97.9107
7752.32 97.91
7752.69 97.9092
7753.05 97.9082
7753.42 97.9072
7753.78 97.9064
7754.15 97.9054
7754.52 97.9045
7754.88 97.9035
7755.25 97.9026
7755.61 97.9017
7755.98 97.9008
7756.35 97.8999
7756.71 97.899
7757.08 97.8982
7757.45 97.8973
7757.81 97.8964
7758.18 97.897
7758.54 97.8961
7758.91 97.8952
7759.28 97.8942
7759.64 97.8933
7760.01 97.893
7760.38 97.8922
7760.74 97.8915
7761.11 97.8908
7761.47 97.8903
7761.84 97.8898
7762.21 97.8894
7762.57 97.8891
7762.94 97.8889
7763.31 97.8887
7763.67 97.8886
7764.04 97.8885
7764.4 97.8885
7764.77 97.8893
7765.14 97.8892
7765.5 97.889
7765.87 97.8888
7766.23 97.8888
7766.6 97.8882
7766.97 97.8875
7767.33 97.8866
7767.7 97.8855
7768.07 97.8842
7768.43 97.8826
7768.8 97.8809
7769.16 97.8789
7769.53 97.8767
7769.9 97.8743
7770.26 97.8717
7770.63 97.869
7771 97.8663
7771.36 97.8645
7771.73 97.8618
7772.09 97.8593
7772.46 97.8556
7772.83 97.8535
7773.19 97.8517
7773.56 97.85
7773.93 97.8484
7774.29 97.847
7774.66 97.8458
7775.02 97.8447
7775.39 97.8436
7775.76 97.8426
7776.12 97.8417
7776.49 97.8408
7776.85 97.84
7777.22 97.8392
7777.59 97.8383
7777.95 97.8381
7778.32 97.8372
7778.69 97.8362
7779.05 97.8353
7779.42 97.8344
7779.78 97.8333
7780.15 97.8322
7780.52 97.8309
7780.88 97.8296
7781.25 97.8282
7781.62 97.8267
7781.98 97.8252
7782.35 97.8236
7782.71 97.8219
7783.08 97.8201
7783.45 97.8182
7783.81 97.8162
7784.18 97.8158
7784.55 97.813
7784.91 97.8107
7785.28 97.8083
7785.64 97.8058
7786.01 97.8033
7786.38 97.8008
7786.74 97.7984
7787.11 97.7961
7787.48 97.7939
7787.84 97.7918
7788.21 97.79
7788.57 97.7883
7788.94 97.7868
7789.31 97.7854
7789.67 97.7843
7790.04 97.7834
7790.4 97.7826
7790.77 97.7842
7791.14 97.7838
7791.5 97.7837
7791.87 97.7836
7792.24 97.7838
7792.6 97.784
7792.97 97.7845
7793.33 97.7852
7793.7 97.7859
7794.07 97.7869
7794.43 97.7879
7794.8 97.7891
7795.17 97.7903
7795.53 97.7915
7795.9 97.7926
7796.26 97.7937
7796.63 97.7947
7797 97.7959
7797.36 97.7962
7797.73 97.7967
7798.1 97.797
7798.46 97.7971
7798.83 97.7969
7799.19 97.7966
7799.56 97.7961
7799.93 97.7955
7800.29 97.7947
7800.66 97.7937
7801.02 97.7925
7801.39 97.7912
7801.76 97.7897
7802.12 97.7881
7802.49 97.7865
7802.86 97.7848
7803.22 97.7826
7803.59 97.7809
7803.95 97.7805
7804.32 97.7789
7804.69 97.7772
7805.05 97.7756
7805.42 97.7738
7805.79 97.7721
7806.15 97.7702
7806.52 97.7682
7806.88 97.7661
7807.25 97.7638
7807.62 97.7613
7807.98 97.7587
7808.35 97.7561
7808.72 97.7534
7809.08 97.7507
7809.45 97.7472
7809.81 97.7447
7810.18 97.7423
7810.55 97.7418
7810.91 97.7396
7811.28 97.7376
7811.65 97.7356
7812.01 97.7337
7812.38 97.7318
7812.74 97.73
7813.11 97.7283
7813.48 97.7265
7813.84 97.7248
7814.21 97.7232
7814.57 97.7215
7814.94 97.7199
7815.31 97.7182
7815.67 97.7167
7816.04 97.7152
7816.41 97.7139
7816.77 97.7138
7817.14 97.7125
7817.5 97.7113
7817.87 97.7102
7818.24 97.7091
7818.6 97.7081
7818.97 97.7071
7819.34 97.7062
7819.7 97.7053
7820.07 97.7044
7820.43 97.7035
7820.8 97.7025
7821.17 97.7015
7821.53 97.7003
7821.9 97.699
7822.27 97.6977
7822.63 97.6963
7823 97.6947
7823.36 97.6942
7823.73 97.6925
7824.1 97.6907
7824.46 97.6888
7824.83 97.687
7825.19 97.6851
7825.56 97.6833
7825.93 97.6815
7826.29 97.6797
7826.66 97.6781
7827.03 97.6765
7827.39 97.675
7827.76 97.6731
7828.12 97.6717
7828.49 97.6703
7828.86 97.669
7829.22 97.6676
7829.59 97.6663
7829.96 97.6661
7830.32 97.6647
7830.69 97.6634
7831.05 97.6621
7831.42 97.6607
7831.79 97.6593
7832.15 97.658
7832.52 97.6566
7832.89 97.6553
7833.25 97.6539
7833.62 97.6527
7833.98 97.6511
7834.35 97.6498
7834.72 97.6486
7835.08 97.6474
7835.45 97.6462
7835.81 97.6451
7836.18 97.6439
7836.55 97.6432
7836.91 97.6418
7837.28 97.6404
7837.65 97.6389
7838.01 97.6373
7838.38 97.6356
7838.74 97.6337
7839.11 97.6318
7839.48 97.6297
7839.84 97.6275
7840.21 97.623
7840.58 97.6203
7840.94 97.6173
7841.31 97.6141
7841.67 97.6106
7842.04 97.6066
7842.41 97.6022
7842.77 97.5972
7843.14 97.5925
7843.51 97.5864
7843.87 97.5799
7844.24 97.5734
7844.6 97.5671
7844.97 97.5612
7845.34 97.5557
7845.7 97.5506
7846.07 97.5428
7846.44 97.5388
7846.8 97.535
7847.17 97.5315
7847.53 97.5281
7847.9 97.525
7848.27 97.5219
7848.63 97.519
7849 97.5162
7849.36 97.5134
7849.73 97.5122
7850.1 97.5095
7850.46 97.5068
7850.83 97.5041
7851.2 97.5014
7851.56 97.4986
7851.93 97.4957
7852.29 97.4918
7852.66 97.4889
7853.03 97.4859
7853.39 97.4829
7853.76 97.4798
7854.13 97.4766
7854.49 97.4732
7854.86 97.4697
7855.22 97.466
7855.59 97.4622
7855.96 97.4602
7856.32 97.4559
7856.69 97.4513
7857.06 97.4465
7857.42 97.4415
7857.79 97.4364
7858.15 97.4312
7858.52 97.4231
7858.89 97.4182
7859.25 97.4136
7859.62 97.4092
7859.98 97.4049
7860.35 97.4009
7860.72 97.3971
7861.08 97.3936
7861.45 97.3902
7861.82 97.3871
7862.18 97.3841
7862.55 97.3823
7862.91 97.3796
7863.28 97.377
7863.65 97.3746
7864.01 97.3723
7864.38 97.3703
7864.75 97.3673
7865.11 97.3658
7865.48 97.3645
7865.84 97.3634
7866.21 97.3625
7866.58 97.3618
7866.94 97.3612
7867.31 97.3607
7867.68 97.3602
7868.04 97.3597
7868.41 97.3592
7868.77 97.3586
7869.14 97.3591
7869.51 97.3584
7869.87 97.3576
7870.24 97.3567
7870.6 97.3556
7870.97 97.3545
7871.34 97.3531
7871.7 97.3515
7872.07 97.3498
7872.44 97.348
7872.8 97.3462
7873.17 97.3444
7873.53 97.3425
7873.9 97.3406
7874.27 97.3387
7874.63 97.3369
7875 97.3351
7875.37 97.3333
7875.73 97.333
7876.1 97.3313
7876.46 97.3297
7876.83 97.3282
7877.2 97.3263
7877.56 97.3251
7877.93 97.3239
7878.3 97.3229
7878.66 97.322
7879.03 97.3211
7879.39 97.3204
7879.76 97.3196
7880.13 97.3189
7880.49 97.3181
7880.86 97.3173
7881.23 97.3164
7881.59 97.3155
7881.96 97.3145
7882.32 97.3143
7882.69 97.3132
7883.06 97.3116
7883.42 97.3103
7883.79 97.309
7884.15 97.3076
7884.52 97.3062
7884.89 97.3048
7885.25 97.3034
7885.62 97.3019
7885.99 97.3004
7886.35 97.2989
7886.72 97.2973
7887.08 97.2956
7887.45 97.2938
7887.82 97.292
7888.18 97.29
7888.55 97.2897
7888.92 97.2877
7889.28 97.2853
7889.65 97.2833
7890.01 97.2812
7890.38 97.2791
7890.75 97.2771
7891.11 97.275
7891.48 97.273
7891.85 97.271
7892.21 97.2691
7892.58 97.2672
7892.94 97.2653
7893.31 97.2636
7893.68 97.2619
7894.04 97.2604
7894.41 97.259
7894.77 97.2578
7895.14 97.2574
7895.51 97.2561
7895.87 97.2553
7896.24 97.2546
7896.61 97.2539
7896.97 97.2533
7897.34 97.2527
7897.7 97.252
7898.07 97.2512
7898.44 97.2503
7898.8 97.2494
7899.17 97.2482
7899.54 97.2469
7899.9 97.2455
7900.27 97.244
7900.63 97.2424
7901 97.2407
7901.37 97.2391
7901.73 97.2383
7902.1 97.2368
7902.47 97.2353
7902.83 97.2338
7903.2 97.2324
7903.56 97.231
7903.93 97.2297
7904.3 97.2284
7904.66 97.2273
7905.03 97.2262
7905.4 97.2253
7905.76 97.2245
7906.13 97.2237
7906.49 97.2231
7906.86 97.2226
7907.23 97.2222
7907.59 97.2219
7907.96 97.223
7908.32 97.2242
7908.69 97.2242
7909.06 97.2241
7909.42 97.2241
7909.79 97.224
7910.16 97.224
7910.52 97.2239
7910.89 97.2238
7911.25 97.2236
7911.62 97.2234
7911.99 97.223
7912.35 97.2226
7912.72 97.2221
7913.09 97.2215
7913.45 97.2208
7913.82 97.2206
7914.18 97.2197
7914.55 97.2187
7914.92 97.2192
7915.28 97.218
7915.65 97.2169
7916.02 97.2157
7916.38 97.2144
7916.75 97.2131
7917.11 97.2117
7917.48 97.2103
7917.85 97.2089
7918.21 97.2073
7918.58 97.2057
7918.94 97.2041
7919.31 97.2026
7919.68 97.201
7920.04 97.1997
7920.41 97.1982
7920.78 97.1967
7921.14 97.1971
7921.51 97.1958
7921.87 97.1945
7922.24 97.1933
7922.61 97.1923
7922.97 97.1913
7923.34 97.1905
7923.71 97.1898
7924.07 97.1893
7924.44 97.1888
7924.8 97.1885
7925.17 97.1882
7925.54 97.1882
7925.9 97.1882
7926.27 97.189
7926.64 97.1893
7927 97.1897
7927.37 97.1904
7927.73 97.1906
7928.1 97.1914
7928.47 97.1923
7928.83 97.1934
7929.2 97.1946
7929.56 97.1958
7929.93 97.197
7930.3 97.198
7930.66 97.1989
7931.03 97.1995
7931.4 97.1999
7931.76 97.2
7932.13 97.1999
7932.49 97.1986
7932.86 97.1981
7933.23 97.1975
7933.59 97.1969
7933.96 97.1962
7934.33 97.1957
7934.69 97.1951
7935.06 97.1945
7935.42 97.1938
7935.79 97.1932
7936.16 97.1926
7936.52 97.192
7936.89 97.1913
7937.26 97.1906
7937.62 97.1899
7937.99 97.1891
7938.35 97.1883
7938.72 97.1878
7939.09 97.1868
7939.45 97.1858
7939.82 97.1847
7940.19 97.1836
7940.55 97.1824
7940.92 97.1827
7941.28 97.1814
7941.65 97.1801
7942.02 97.1789
7942.38 97.1776
7942.75 97.1763
7943.11 97.1751
7943.48 97.1738
7943.85 97.1726
7944.21 97.1714
7944.58 97.1702
7944.95 97.1693
7945.31 97.1682
7945.68 97.1672
7946.04 97.1662
7946.41 97.1652
7946.78 97.1642
7947.14 97.1632
7947.51 97.1638
7947.88 97.1629
7948.24 97.162
7948.61 97.1612
7948.97 97.1603
7949.34 97.1594
7949.71 97.1585
7950.07 97.1576
7950.44 97.1567
7950.81 97.1564
7951.17 97.1553
7951.54 97.1541
7951.9 97.1528
7952.27 97.1514
7952.64 97.15
7953 97.1486
7953.37 97.1471
7953.73 97.1458
7954.1 97.1461
7954.47 97.1448
7954.83 97.1435
7955.2 97.1424
7955.57 97.1412
7955.93 97.1402
7956.3 97.1391
7956.66 97.138
7957.03 97.137
7957.4 97.1358
7957.76 97.1345
7958.13 97.1332
7958.5 97.1318
7958.86 97.1303
7959.23 97.1288
7959.59 97.1272
7959.96 97.1256
7960.33 97.1247
7960.69 97.1229
7961.06 97.121
7961.43 97.1191
7961.79 97.1171
7962.16 97.1151
7962.52 97.113
7962.89 97.1111
7963.26 97.1075
7963.62 97.1057
7963.99 97.1041
7964.35 97.1027
7964.72 97.1015
7965.09 97.1005
7965.45 97.0997
7965.82 97.099
7966.19 97.0984
7966.55 97.098
7966.92 97.0965
7967.28 97.0962
7967.65 97.0961
7968.02 97.0962
7968.38 97.0963
7968.75 97.0966
7969.12 97.0968
7969.48 97.096
7969.85 97.0964
7970.21 97.0967
7970.58 97.0969
7970.95 97.0972
7971.31 97.0973
7971.68 97.0974
7972.05 97.0975
7972.41 97.0974
7972.78 97.0974
7973.14 97.0973
7973.51 97.0964
7973.88 97.0964
7974.24 97.0964
7974.61 97.0966
7974.98 97.0969
7975.34 97.0975
7975.71 97.0979
7976.07 97.0989
7976.44 97.1002
7976.81 97.1016
7977.17 97.1031
7977.54 97.1048
7977.9 97.1066
7978.27 97.1085
7978.64 97.1104
7979 97.1124
7979.37 97.1144
7979.74 97.1164
7980.1 97.1168
7980.47 97.1188
7980.83 97.1207
7981.2 97.1226
7981.57 97.1247
7981.93 97.1264
7982.3 97.1279
7982.67 97.1293
7983.03 97.1306
7983.4 97.1317
7983.76 97.1327
7984.13 97.1336
7984.5 97.1343
7984.86 97.1349
7985.23 97.1355
7985.6 97.136
7985.96 97.1364
7986.33 97.1369
7986.69 97.1372
7987.06 97.1377
7987.43 97.1381
7987.79 97.1392
7988.16 97.1397
7988.52 97.1402
7988.89 97.1408
7989.26 97.1413
7989.62 97.1419
7989.99 97.1424
7990.36 97.1429
7990.72 97.1434
7991.09 97.1438
7991.45 97.1441
7991.82 97.1444
7992.19 97.1446
7992.55 97.1446
7992.92 97.1449
7993.29 97.1447
7993.65 97.1444
7994.02 97.144
7994.38 97.1436
7994.75 97.1432
7995.12 97.1429
7995.48 97.1428
7995.85 97.1428
7996.22 97.1429
7996.58 97.1433
7996.95 97.1438
7997.31 97.1446
7997.68 97.1456
7998.05 97.1468
7998.41 97.1482
7998.78 97.1498
7999.15 97.1515
7999.51 97.1523
7999.88 97.1542
8000.24 97.157
8000.61 97.159
8000.98 97.1611
8001.34 97.163
8001.71 97.1649
8002.07 97.1668
8002.44 97.1685
8002.81 97.1701
8003.17 97.1718
8003.54 97.1733
8003.91 97.1749
8004.27 97.1766
8004.64 97.1782
8005 97.18
8005.37 97.1817
8005.74 97.1835
8006.1 97.1843
8006.47 97.187
8006.84 97.1888
8007.2 97.1905
8007.57 97.1921
8007.93 97.1935
8008.3 97.1947
8008.67 97.1958
8009.03 97.1966
8009.4 97.1972
8009.77 97.1976
8010.13 97.1978
8010.5 97.1978
8010.86 97.1977
8011.23 97.1974
8011.6 97.1971
8011.96 97.1967
8012.33 97.1962
8012.69 97.196
8013.06 97.1956
8013.43 97.1952
8013.79 97.195
8014.16 97.1948
8014.53 97.1947
8014.89 97.1947
8015.26 97.1948
8015.62 97.195
8015.99 97.1953
8016.36 97.1957
8016.72 97.1963
8017.09 97.1971
8017.46 97.198
8017.82 97.1991
8018.19 97.2003
8018.55 97.2029
8018.92 97.2045
8019.29 97.2058
8019.65 97.2076
8020.02 97.2094
8020.39 97.2113
8020.75 97.2134
8021.12 97.2154
8021.48 97.2176
8021.85 97.2197
8022.22 97.2218
8022.58 97.2239
8022.95 97.2259
8023.31 97.2278
8023.68 97.2296
8024.05 97.2313
8024.41 97.2329
8024.78 97.2345
8025.15 97.2358
8025.51 97.2371
8025.88 97.2372
8026.24 97.2385
8026.61 97.2398
8026.98 97.2411
8027.34 97.2424
8027.71 97.2439
8028.08 97.2454
8028.44 97.247
8028.81 97.2488
8029.17 97.2507
8029.54 97.2526
8029.91 97.2547
8030.27 97.2568
8030.64 97.2589
8031.01 97.2624
8031.37 97.2644
8031.74 97.2664
8032.1 97.2679
8032.47 97.2698
8032.84 97.2716
8033.2 97.2732
8033.57 97.2748
8033.94 97.2763
8034.3 97.2776
8034.67 97.2789
8035.03 97.2801
8035.4 97.2811
8035.77 97.2821
8036.13 97.2829
8036.5 97.2836
8036.86 97.2842
8037.23 97.2858
8037.6 97.2861
8037.96 97.2862
8038.33 97.2863
8038.7 97.2873
8039.06 97.2872
8039.43 97.2869
8039.79 97.2867
8040.16 97.2863
8040.53 97.2858
8040.89 97.2853
8041.26 97.2848
8041.63 97.2842
8041.99 97.2836
8042.36 97.283
8042.72 97.2823
8043.09 97.2817
8043.46 97.282
8043.82 97.2814
8044.19 97.2808
8044.56 97.2802
8044.92 97.2796
8045.29 97.2805
8045.65 97.28
8046.02 97.2795
8046.39 97.2791
8046.75 97.2788
8047.12 97.2785
8047.48 97.2784
8047.85 97.2783
8048.22 97.2784
8048.58 97.2785
8048.95 97.2788
8049.32 97.2799
8049.68 97.2804
8050.05 97.2811
8050.41 97.282
8050.78 97.283
8051.15 97.2842
8051.51 97.2856
8051.88 97.2863
8052.25 97.2879
8052.61 97.2898
8052.98 97.2918
8053.34 97.2941
8053.71 97.2966
8054.08 97.2993
8054.44 97.3023
8054.81 97.3054
8055.18 97.3088
8055.54 97.313
8055.91 97.3167
8056.27 97.3203
8056.64 97.324
8057.01 97.3277
8057.37 97.3312
8057.74 97.3347
8058.1 97.3382
8058.47 97.3391
8058.84 97.3425
8059.2 97.3458
8059.57 97.3491
8059.94 97.3523
8060.3 97.3555
8060.67 97.3585
8061.03 97.3613
8061.4 97.3639
8061.77 97.3671
8062.13 97.3693
8062.5 97.3712
8062.87 97.3729
8063.23 97.3743
8063.6 97.3755
8063.96 97.3763
8064.33 97.3769
8064.7 97.3768
8065.06 97.377
8065.43 97.3768
8065.8 97.3764
8066.16 97.3756
8066.53 97.3746
8066.89 97.3734
8067.26 97.3719
8067.63 97.3704
8067.99 97.3677
8068.36 97.3663
8068.73 97.365
8069.09 97.3638
8069.46 97.3628
8069.82 97.3619
8070.19 97.3611
8070.56 97.3605
8070.92 97.3599
8071.29 97.36
8071.65 97.3596
8072.02 97.3593
8072.39 97.3591
8072.75 97.3589
8073.12 97.3588
8073.49 97.3587
8073.85 97.3588
8074.22 97.3591
8074.58 97.3593
8074.95 97.3595
8075.32 97.3599
8075.68 97.3603
8076.05 97.3608
8076.42 97.3615
8076.78 97.3624
8077.15 97.3634
8077.51 97.3646
8077.88 97.3643
8078.25 97.3657
8078.61 97.3674
8078.98 97.3693
8079.35 97.3714
8079.71 97.3736
8080.08 97.3758
8080.44 97.3783
8080.81 97.3805
8081.18 97.3826
8081.54 97.3845
8081.91 97.3864
8082.27 97.3882
8082.64 97.3899
8083.01 97.3915
8083.37 97.3931
8083.74 97.3947
8084.11 97.3963
8084.47 97.3975
8084.84 97.3991
8085.2 97.4008
8085.57 97.4025
8085.94 97.4043
8086.3 97.4073
8086.67 97.4092
8087.04 97.4111
8087.4 97.413
8087.77 97.415
8088.13 97.4168
8088.5 97.4185
8088.87 97.42
8089.23 97.4213
8089.6 97.4223
8089.97 97.4231
8090.33 97.4236
8090.7 97.4239
8091.06 97.4237
8091.43 97.4237
8091.8 97.4236
8092.16 97.4235
8092.53 97.4229
8092.9 97.4227
8093.26 97.4225
8093.63 97.4223
8093.99 97.4222
8094.36 97.4222
8094.73 97.4222
8095.09 97.4222
8095.46 97.4221
8095.82 97.422
8096.19 97.4218
8096.56 97.4216
8096.92 97.4211
8097.29 97.4206
8097.66 97.4199
8098.02 97.4189
8098.39 97.4177
8098.75 97.4148
8099.12 97.4129
8099.49 97.4108
8099.85 97.4086
8100.22 97.4064
8100.59 97.4042
8100.95 97.4022
8101.32 97.4004
8101.68 97.3989
8102.05 97.3976
8102.42 97.3966
8102.78 97.3959
8103.15 97.3955
8103.52 97.3952
8103.88 97.3947
8104.25 97.3948
8104.61 97.3951
8104.98 97.3952
8105.35 97.3957
8105.71 97.3962
8106.08 97.3968
8106.44 97.3974
8106.81 97.398
8107.18 97.3986
8107.54 97.3993
8107.91 97.4
8108.28 97.4008
8108.64 97.4016
8109.01 97.4024
8109.37 97.4033
8109.74 97.4041
8110.11 97.405
8110.47 97.4059
8110.84 97.4068
8111.21 97.4086
8111.57 97.4092
8111.94 97.4098
8112.3 97.4103
8112.67 97.4106
8113.04 97.4109
8113.4 97.411
8113.77 97.4111
8114.14 97.411
8114.5 97.4108
8114.87 97.4106
8115.23 97.4102
8115.6 97.4098
8115.97 97.4092
8116.33 97.4086
8116.7 97.408
8117.06 97.4088
8117.43 97.408
8117.8 97.407
8118.16 97.406
8118.53 97.4049
8118.9 97.4037
8119.26 97.4025
8119.63 97.4012
8119.99 97.3997
8120.36 97.3982
8120.73 97.3967
8121.09 97.3951
8121.46 97.3935
8121.83 97.3919
8122.19 97.3904
8122.56 97.389
8122.92 97.3876
8123.29 97.386
8123.66 97.3857
8124.02 97.3848
8124.39 97.384
8124.76 97.3833
8125.12 97.3828
8125.49 97.3823
8125.85 97.382
8126.22 97.3818
8126.59 97.3817
8126.95 97.3816
8127.32 97.3816
8127.69 97.3816
8128.05 97.3815
8128.42 97.3814
8128.78 97.3813
8129.15 97.3811
8129.52 97.3802
8129.88 97.3798
8130.25 97.3791
8130.61 97.3786
8130.98 97.378
8131.35 97.3775
8131.71 97.3769
8132.08 97.3764
8132.45 97.3759
8132.81 97.3756
8133.18 97.3753
8133.54 97.375
8133.91 97.3749
8134.28 97.3748
8134.64 97.3749
8135.01 97.3749
8135.38 97.3751
8135.74 97.3758
8136.11 97.3761
8136.47 97.3766
8136.84 97.377
8137.21 97.3774
8137.57 97.3779
8137.94 97.3784
8138.31 97.379
8138.67 97.3797
8139.04 97.3804
8139.4 97.3812
8139.77 97.382
8140.14 97.3828
8140.5 97.3836
8140.87 97.3845
8141.23 97.3853
8141.6 97.3861
8141.97 97.3872
8142.33 97.3878
8142.7 97.3884
8143.07 97.3888
8143.43 97.3892
8143.8 97.3895
8144.16 97.3897
8144.53 97.3898
8144.9 97.3897
8145.26 97.3894
8145.63 97.3891
8146 97.3886
8146.36 97.388
8146.73 97.3872
8147.09 97.3864
8147.46 97.3854
8147.83 97.3843
8148.19 97.3826
8148.56 97.3812
8148.93 97.3797
8149.29 97.3781
8149.66 97.3772
8150.02 97.3752
8150.39 97.3731
8150.76 97.3709
8151.12 97.3686
8151.49 97.3662
8151.85 97.3638
8152.22 97.3614
8152.59 97.359
8152.95 97.3566
8153.32 97.3544
8153.69 97.3524
8154.05 97.3497
8154.42 97.3481
8154.78 97.3468
8155.15 97.3456
8155.52 97.3446
8155.88 97.3438
8156.25 97.3438
8156.62 97.3433
8156.98 97.343
8157.35 97.3428
8157.71 97.3428
8158.08 97.343
8158.45 97.3433
8158.81 97.3437
8159.18 97.3442
8159.55 97.3448
8159.91 97.3454
8160.28 97.3463
8160.64 97.3468
8161.01 97.3471
8161.38 97.3473
8161.74 97.3473
8162.11 97.347
8162.48 97.3465
8162.84 97.3461
8163.21 97.3453
8163.57 97.3443
8163.94 97.3431
8164.31 97.3417
8164.67 97.3403
8165.04 97.3389
8165.4 97.3374
8165.77 97.3359
8166.14 97.3345
8166.5 97.333
8166.87 97.3318
8167.24 97.3307
8167.6 97.3297
8167.97 97.3287
8168.33 97.3279
8168.7 97.3273
8169.07 97.3268
8169.43 97.3274
8169.8 97.327
8170.17 97.3268
8170.53 97.3267
8170.9 97.3267
8171.26 97.3268
8171.63 97.327
8172 97.3274
8172.36 97.3279
8172.73 97.3292
8173.1 97.3299
8173.46 97.3307
8173.83 97.3316
8174.19 97.3326
8174.56 97.3335
8174.93 97.3343
8175.29 97.3351
8175.66 97.3357
8176.02 97.3363
8176.39 97.3368
8176.76 97.3372
8177.12 97.3375
8177.49 97.3376
8177.86 97.3377
8178.22 97.3376
8178.59 97.3374
8178.95 97.3374
8179.32 97.3371
8179.69 97.3367
8180.05 97.3362
8180.42 97.3357
8180.79 97.3352
8181.15 97.3346
8181.52 97.334
8181.88 97.3333
8182.25 97.3331
8182.62 97.3323
8182.98 97.3315
8183.35 97.3306
8183.72 97.3296
8184.08 97.3286
8184.45 97.3275
8184.81 97.3253
8185.18 97.3238
8185.55 97.3222
8185.91 97.3204
8186.28 97.3184
8186.65 97.3162
8187.01 97.3138
8187.38 97.3111
8187.74 97.3084
8188.11 97.3055
8188.48 97.3025
8188.84 97.3001
8189.21 97.2971
8189.57 97.2941
8189.94 97.2911
8190.31 97.2882
8190.67 97.2854
8191.04 97.281
8191.41 97.2786
8191.77 97.2762
8192.14 97.2739
8192.5 97.2717
8192.87 97.2696
8193.24 97.2675
8193.6 97.2655
8193.97 97.2634
8194.33 97.2613
8194.7 97.2593
8195.07 97.2572
8195.43 97.2568
8195.8 97.2547
8196.17 97.2526
8196.53 97.2504
8196.9 97.2481
8197.26 97.2453
8197.63 97.2428
8198 97.2402
8198.36 97.2375
8198.73 97.2347
8199.1 97.2318
8199.46 97.2287
8199.83 97.2255
8200.19 97.2222
8200.56 97.2188
8200.93 97.2152
8201.29 97.2115
8201.66 97.2078
8202.03 97.2058
8202.39 97.2019
8202.76 97.1979
8203.12 97.1938
8203.49 97.1876
8203.86 97.1837
8204.22 97.18
8204.59 97.1764
8204.96 97.173
8205.32 97.1697
8205.69 97.1667
8206.05 97.1638
8206.42 97.1612
8206.79 97.1587
8207.15 97.1563
8207.52 97.1542
8207.88 97.1523
8208.25 97.1516
8208.62 97.15
8208.98 97.1486
8209.35 97.1474
8209.72 97.146
8210.08 97.1451
8210.45 97.1444
8210.81 97.1438
8211.18 97.1432
8211.55 97.1428
8211.91 97.1423
8212.28 97.1419
8212.65 97.1415
8213.01 97.141
8213.38 97.1405
8213.74 97.14
8214.11 97.1393
8214.48 97.1385
8214.84 97.1378
8215.21 97.1369
8215.58 97.1358
8215.94 97.1335
8216.31 97.132
8216.67 97.1304
8217.04 97.1286
8217.41 97.1267
8217.77 97.1248
8218.14 97.1228
8218.5 97.1207
8218.87 97.1187
8219.24 97.1167
8219.6 97.1148
8219.97 97.1129
8220.34 97.1111
8220.7 97.1094
8221.07 97.1077
8221.43 97.1067
8221.8 97.1039
8222.17 97.1023
8222.53 97.1006
8222.9 97.0988
8223.27 97.0969
8223.63 97.0949
8224 97.0928
8224.36 97.0905
8224.73 97.0881
8225.1 97.0857
8225.46 97.0832
8225.83 97.0808
8226.2 97.0785
8226.56 97.0762
8226.93 97.0741
8227.29 97.0721
8227.66 97.0703
8228.03 97.0691
8228.39 97.0677
8228.76 97.0664
8229.13 97.0652
8229.49 97.0642
8229.86 97.0632
8230.22 97.0623
8230.59 97.0616
8230.96 97.0609
8231.32 97.0603
8231.69 97.0598
8232.05 97.0593
8232.42 97.0589
8232.79 97.0585
8233.15 97.0581
8233.52 97.0578
8233.89 97.0574
8234.25 97.0573
8234.62 97.0576
8234.98 97.0575
8235.35 97.0574
8235.72 97.0575
8236.08 97.0577
8236.45 97.058
8236.82 97.0583
8237.18 97.0587
8237.55 97.0592
8237.91 97.0597
8238.28 97.0603
8238.65 97.061
8239.01 97.0617
8239.38 97.0625
8239.75 97.0633
8240.11 97.0642
8240.48 97.0659
8240.84 97.0668
8241.21 97.0676
8241.58 97.0685
8241.94 97.0694
8242.31 97.0704
8242.67 97.0713
8243.04 97.0721
8243.41 97.0728
8243.77 97.0735
8244.14 97.0741
8244.51 97.0746
8244.87 97.0749
8245.24 97.0751
8245.6 97.0752
8245.97 97.0751
8246.34 97.0748
8246.7 97.0736
8247.07 97.0728
8247.44 97.0718
8247.8 97.0707
8248.17 97.0694
8248.53 97.068
8248.9 97.0666
8249.27 97.0652
8249.63 97.0638
8250 97.0625
8250.37 97.0613
8250.73 97.0601
8251.1 97.0589
8251.46 97.0578
8251.83 97.0566
8252.2 97.0555
8252.56 97.0539
8252.93 97.0527
8253.29 97.0514
8253.66 97.0501
8254.03 97.0493
8254.39 97.0479
8254.76 97.0465
8255.13 97.045
8255.49 97.0436
8255.86 97.0421
8256.22 97.0407
8256.59 97.0392
8256.96 97.0378
8257.32 97.0365
8257.69 97.0352
8258.06 97.034
8258.42 97.033
8258.79 97.0315
8259.15 97.0309
8259.52 97.0305
8259.89 97.0302
8260.25 97.0301
8260.62 97.0303
8260.99 97.0305
8261.35 97.0309
8261.72 97.0313
8262.08 97.0318
8262.45 97.0323
8262.82 97.0329
8263.18 97.0334
8263.55 97.0338
8263.92 97.0342
8264.28 97.0345
8264.65 97.0347
8265.01 97.0359
8265.38 97.0359
8265.75 97.0359
8266.11 97.0358
8266.48 97.0356
8266.84 97.0354
8267.21 97.0364
8267.58 97.0362
8267.94 97.0359
8268.31 97.0355
8268.68 97.0351
8269.04 97.0346
8269.41 97.0342
8269.77 97.0337
8270.14 97.0332
8270.51 97.0327
8270.87 97.0322
8271.24 97.0329
8271.61 97.0325
8271.97 97.0321
8272.34 97.0317
8272.7 97.0313
8273.07 97.031
8273.44 97.0308
8273.8 97.032
8274.17 97.0318
8274.54 97.0316
8274.9 97.0315
8275.27 97.0315
8275.63 97.0316
8276 97.0318
8276.37 97.0321
8276.73 97.0326
8277.1 97.0332
8277.46 97.0352
8277.83 97.036
8278.2 97.037
8278.56 97.0381
8278.93 97.0392
8279.3 97.0404
8279.66 97.0418
8280.03 97.0429
8280.39 97.0442
8280.76 97.0456
8281.13 97.0471
8281.49 97.0485
8281.86 97.0499
8282.23 97.0513
8282.59 97.0527
8282.96 97.0538
8283.32 97.0548
8283.69 97.0556
8284.06 97.056
8284.42 97.0563
8284.79 97.0564
8285.16 97.0563
8285.52 97.0561
8285.89 97.0558
8286.25 97.0554
8286.62 97.0552
8286.99 97.0547
8287.35 97.0542
8287.72 97.0537
8288.08 97.0532
8288.45 97.0528
8288.82 97.0524
8289.18 97.0521
8289.55 97.052
8289.92 97.0518
8290.28 97.0517
8290.65 97.0516
8291.01 97.0515
8291.38 97.0515
8291.75 97.0516
8292.11 97.0517
8292.48 97.0519
8292.85 97.0521
8293.21 97.0526
8293.58 97.0529
8293.94 97.0532
8294.31 97.0536
8294.68 97.0539
8295.04 97.0542
8295.41 97.0545
8295.78 97.0553
8296.14 97.0555
8296.51 97.0555
8296.87 97.0556
8297.24 97.0555
8297.61 97.0554
8297.97 97.0551
8298.34 97.0548
8298.71 97.0543
8299.07 97.0537
8299.44 97.053
8299.8 97.053
8300.17 97.052
8300.54 97.0509
8300.9 97.0496
8301.27 97.0483
8301.63 97.0468
8302 97.0446
8302.37 97.0429
8302.73 97.0412
8303.1 97.0395
8303.47 97.038
8303.83 97.0367
8304.2 97.0355
8304.56 97.0346
8304.93 97.0339
8305.3 97.0335
8305.66 97.0333
8306.03 97.0334
8306.4 97.0341
8306.76 97.0345
8307.13 97.0351
8307.49 97.0359
8307.86 97.0368
8308.23 97.0392
8308.59 97.0406
8308.96 97.042
8309.33 97.0435
8309.69 97.045
8310.06 97.0466
8310.42 97.0482
8310.79 97.0499
8311.16 97.0514
8311.52 97.053
8311.89 97.0545
8312.25 97.0559
8312.62 97.0572
8312.99 97.0589
8313.35 97.06
8313.72 97.061
8314.09 97.0619
8314.45 97.064
8314.82 97.0645
8315.18 97.0649
8315.55 97.0651
8315.92 97.0652
8316.28 97.0652
8316.65 97.065
8317.02 97.0648
8317.38 97.0645
8317.75 97.0641
8318.11 97.0636
8318.48 97.063
8318.85 97.0623
8319.21 97.063
8319.58 97.0622
8319.95 97.0613
8320.31 97.0607
8320.68 97.0596
8321.04 97.0584
8321.41 97.0573
8321.78 97.0561
8322.14 97.0549
8322.51 97.0537
8322.88 97.0526
8323.24 97.0516
8323.61 97.0506
8323.97 97.0499
8324.34 97.0492
8324.71 97.0488
8325.07 97.0485
8325.44 97.0485
8325.8 97.0482
8326.17 97.0485
8326.54 97.0489
8326.9 97.0495
8327.27 97.0504
8327.64 97.0513
8328 97.0523
8328.37 97.0533
8328.73 97.0541
8329.1 97.0549
8329.47 97.0555
8329.83 97.056
8330.2 97.0562
8330.57 97.0563
8330.93 97.0563
8331.3 97.056
8331.66 97.0557
8332.03 97.0551
8332.4 97.0551
8332.76 97.0545
8333.13 97.0539
8333.5 97.0532
8333.86 97.0525
8334.23 97.0518
8334.59 97.0512
8334.96 97.0507
8335.33 97.0502
8335.69 97.0498
8336.06 97.0495
8336.42 97.0493
8336.79 97.0492
8337.16 97.0491
8337.52 97.0491
8337.89 97.0491
8338.26 97.0491
8338.62 97.0491
8338.99 97.0502
8339.35 97.05
8339.72 97.0496
8340.09 97.0492
8340.45 97.0486
8340.82 97.048
8341.19 97.0473
8341.55 97.0466
8341.92 97.0459
8342.28 97.0453
8342.65 97.0447
8343.02 97.0442
8343.38 97.0438
8343.75 97.0435
8344.12 97.0433
8344.48 97.0433
8344.85 97.0434
8345.21 97.0436
8345.58 97.0437
8345.95 97.0441
8346.31 97.0446
8346.68 97.0451
8347.04 97.0457
8347.41 97.0464
8347.78 97.0471
8348.14 97.0478
8348.51 97.0485
8348.88 97.0493
8349.24 97.0501
8349.61 97.0508
8349.97 97.0516
8350.34 97.0523
8350.71 97.053
8351.07 97.0536
8351.44 97.0553
8351.81 97.0563
8352.17 97.057
8352.54 97.0576
8352.9 97.0581
8353.27 97.0587
8353.64 97.0592
8354 97.0596
8354.37 97.0601
8354.74 97.0605
8355.1 97.0609
8355.47 97.0613
8355.83 97.0618
8356.2 97.0623
8356.57 97.0629
8356.93 97.0636
8357.3 97.0653
8357.67 97.0663
8358.03 97.0675
8358.4 97.0682
8358.76 97.0695
8359.13 97.071
8359.5 97.0727
8359.86 97.0746
8360.23 97.0766
8360.59 97.0788
8360.96 97.0812
8361.33 97.0836
8361.69 97.0861
8362.06 97.0886
8362.43 97.0909
8362.79 97.0929
8363.16 97.0948
8363.52 97.0953
8363.89 97.0966
8364.26 97.0979
8364.62 97.0991
8364.99 97.0983
8365.36 97.0996
8365.72 97.1009
8366.09 97.1022
8366.45 97.1036
8366.82 97.1051
8367.19 97.1067
8367.55 97.1084
8367.92 97.1102
8368.29 97.112
8368.65 97.1138
8369.02 97.1158
8369.38 97.1178
8369.75 97.1199
8370.12 97.1221
8370.48 97.1244
8370.85 97.1269
8371.21 97.1295
8371.58 97.1297
8371.95 97.1325
8372.31 97.1355
8372.68 97.1386
8373.05 97.1419
8373.41 97.1453
8373.78 97.1487
8374.14 97.1522
8374.51 97.1556
8374.88 97.1588
8375.24 97.1619
8375.61 97.1648
8375.98 97.168
8376.34 97.1706
8376.71 97.1731
8377.07 97.1754
8377.44 97.1778
8377.81 97.18
8378.17 97.1808
8378.54 97.1832
8378.91 97.1857
8379.27 97.1882
8379.64 97.1908
8380 97.1935
8380.37 97.1964
8380.74 97.1994
8381.1 97.2026
8381.47 97.2059
8381.83 97.2094
8382.2 97.2144
8382.57 97.2181
8382.93 97.2218
8383.3 97.2255
8383.67 97.2291
8384.03 97.2327
8384.4 97.2338
8384.76 97.2371
8385.13 97.2402
8385.5 97.2432
8385.86 97.2459
8386.23 97.2485
8386.6 97.251
8386.96 97.2533
8387.33 97.2555
8387.69 97.2577
8388.06 97.2595
8388.43 97.2614
8388.79 97.2634
8389.16 97.2653
8389.53 97.2671
8389.89 97.2689
8390.26 97.2706
8390.62 97.2722
8390.99 97.2725
8391.36 97.2741
8391.72 97.2757
8392.09 97.2771
8392.46 97.2785
8392.82 97.2798
8393.19 97.281
8393.55 97.2822
8393.92 97.2833
8394.29 97.2855
8394.65 97.2867
8395.02 97.2879
8395.38 97.289
8395.75 97.2901
8396.12 97.2911
8396.48 97.2921
8396.85 97.293
8397.22 97.2938
8397.58 97.295
8397.95 97.2956
8398.31 97.2961
8398.68 97.2965
8399.05 97.2967
8399.41 97.2967
8399.78 97.2966
8400.15 97.2964
8400.51 97.2962
8400.88 97.2956
8401.24 97.295
8401.61 97.2944
8401.98 97.2938
8402.34 97.2932
8402.71 97.2926
8403.08 97.2922
8403.44 97.2918
8403.81 97.2915
8404.17 97.2915
8404.54 97.2913
8404.91 97.2912
8405.27 97.2912
8405.64 97.2913
8406 97.2915
8406.37 97.2918
8406.74 97.2929
8407.1 97.2935
8407.47 97.2942
8407.84 97.2951
8408.2 97.2961
8408.57 97.2972
8408.93 97.2985
8409.3 97.3
8409.67 97.3016
8410.03 97.3034
8410.4 97.3053
8410.77 97.3062
8411.13 97.3083
8411.5 97.3105
8411.86 97.313
8412.23 97.3156
8412.6 97.3185
8412.96 97.3224
8413.33 97.3257
8413.7 97.329
8414.06 97.3324
8414.43 97.3357
8414.79 97.3387
8415.16 97.3416
8415.53 97.3441
8415.89 97.3464
8416.26 97.3483
8416.63 97.3499
8416.99 97.3512
8417.36 97.3519
8417.72 97.3528
8418.09 97.3534
8418.46 97.3539
8418.82 97.3541
8419.19 97.3545
8419.55 97.3545
8419.92 97.3544
8420.29 97.3543
8420.65 97.3543
8421.02 97.3543
8421.39 97.3543
8421.75 97.3545
8422.12 97.3547
8422.48 97.355
8422.85 97.3554
8423.22 97.3558
8423.58 97.357
8423.95 97.3574
8424.32 97.3579
8424.68 97.3584
8425.05 97.3602
8425.41 97.3607
8425.78 97.3612
8426.15 97.3616
8426.51 97.3621
8426.88 97.3627
8427.25 97.3633
8427.61 97.3639
8427.98 97.3646
8428.34 97.3654
8428.71 97.3662
8429.08 97.367
8429.44 97.3679
8429.81 97.3687
8430.17 97.3701
8430.54 97.3709
8430.91 97.3716
8431.27 97.3732
8431.64 97.3737
8432.01 97.374
8432.37 97.3741
8432.74 97.3741
8433.1 97.3739
8433.47 97.3735
8433.84 97.3728
8434.2 97.3719
8434.57 97.3707
8434.94 97.3692
8435.3 97.3674
8435.67 97.3653
8436.03 97.363
8436.4 97.3604
8436.77 97.358
8437.13 97.3553
8437.5 97.3507
8437.87 97.3486
8438.23 97.3468
8438.6 97.3452
8438.96 97.3439
8439.33 97.3429
8439.7 97.3421
8440.06 97.3415
8440.43 97.3411
8440.79 97.3408
8441.16 97.3407
8441.53 97.3406
8441.89 97.3406
8442.26 97.3407
8442.63 97.3407
8442.99 97.3409
8443.36 97.3409
8443.72 97.3413
8444.09 97.3416
8444.46 97.342
8444.82 97.3425
8445.19 97.3431
8445.56 97.3437
8445.92 97.3445
8446.29 97.3453
8446.65 97.3461
8447.02 97.347
8447.39 97.348
8447.75 97.349
8448.12 97.35
8448.49 97.351
8448.85 97.352
8449.22 97.3529
8449.58 97.3538
8449.95 97.3549
8450.32 97.3557
8450.68 97.3563
8451.05 97.3568
8451.42 97.3572
8451.78 97.3574
8452.15 97.3574
8452.51 97.3573
8452.88 97.357
8453.25 97.3565
8453.61 97.3559
8453.98 97.3551
8454.34 97.3542
8454.71 97.3533
8455.08 97.3522
8455.44 97.3511
8455.81 97.3489
8456.18 97.3479
8456.54 97.3466
8456.91 97.3453
8457.27 97.3439
8457.64 97.3426
8458.01 97.3411
8458.37 97.3396
8458.74 97.338
8459.11 97.3364
8459.47 97.3347
8459.84 97.3331
8460.2 97.3315
8460.57 97.33
8460.94 97.3287
8461.3 97.3276
8461.67 97.3267
8462.04 97.3247
8462.4 97.3245
8462.77 97.3234
8463.13 97.3236
8463.5 97.3241
8463.87 97.3248
8464.23 97.3257
8464.6 97.3267
8464.96 97.3277
8465.33 97.3287
8465.7 97.3295
8466.06 97.3302
8466.43 97.3307
8466.8 97.331
8467.16 97.3311
8467.53 97.331
8467.89 97.3307
8468.26 97.3299
8468.63 97.3295
8468.99 97.3291
8469.36 97.3287
8469.73 97.3283
8470.09 97.3278
8470.46 97.3272
8470.82 97.3265
8471.19 97.3259
8471.56 97.3252
8471.92 97.3245
8472.29 97.3239
8472.66 97.3232
8473.02 97.3225
8473.39 97.3218
8473.75 97.3211
8474.12 97.3204
8474.49 97.3189
8474.85 97.3181
8475.22 97.3172
8475.58 97.3164
8475.95 97.3154
8476.32 97.3146
8476.68 97.3139
8477.05 97.3131
8477.42 97.3125
8477.78 97.3118
8478.15 97.3111
8478.51 97.3105
8478.88 97.3098
8479.25 97.309
8479.61 97.3081
8479.98 97.3071
8480.35 97.306
8480.71 97.3039
8481.08 97.3024
8481.44 97.3008
8481.81 97.299
8482.18 97.2971
8482.54 97.2956
8482.91 97.2933
8483.28 97.2909
8483.64 97.2883
8484.01 97.2857
8484.37 97.283
8484.74 97.2804
8485.11 97.278
8485.47 97.2757
8485.84 97.2736
8486.21 97.2717
8486.57 97.2687
8486.94 97.2673
8487.3 97.266
8487.67 97.2649
8488.04 97.2639
8488.4 97.263
8488.77 97.2623
8489.13 97.2612
8489.5 97.2606
8489.87 97.26
8490.23 97.2596
8490.6 97.2593
8490.97 97.259
8491.33 97.2588
8491.7 97.2587
8492.06 97.2586
8492.43 97.2585
8492.8 97.2578
8493.16 97.2578
8493.53 97.2578
8493.9 97.2578
8494.26 97.2578
8494.63 97.2579
8494.99 97.258
8495.36 97.2575
8495.73 97.2577
8496.09 97.2579
8496.46 97.2581
8496.83 97.2584
8497.19 97.2587
8497.56 97.259
8497.92 97.2593
8498.29 97.2597
8498.66 97.2601
8499.02 97.26
8499.39 97.2603
8499.75 97.2607
8500.12 97.261
8500.49 97.2612
8500.85 97.2614
8501.22 97.2615
8501.59 97.2616
8501.95 97.2608
8502.32 97.2608
8502.68 97.2606
8503.05 97.2605
8503.42 97.2603
8503.78 97.2601
8504.15 97.2599
8504.52 97.2596
8504.88 97.2594
8505.25 97.2582
8505.61 97.258
8505.98 97.2578
8506.35 97.2577
8506.71 97.2577
8507.08 97.2579
8507.45 97.2584
8507.81 97.2592
8508.18 97.2604
8508.54 97.2601
8508.91 97.2617
8509.28 97.2636
8509.64 97.2659
8510.01 97.2684
8510.38 97.2712
8510.74 97.2742
8511.11 97.2773
8511.47 97.2808
8511.84 97.2839
8512.21 97.2869
8512.57 97.2896
8512.94 97.2922
8513.3 97.2945
8513.67 97.2966
8514.04 97.2984
8514.4 97.3001
8514.77 97.3016
8515.14 97.302
8515.5 97.3034
8515.87 97.3047
8516.23 97.3059
8516.6 97.307
8516.97 97.3081
8517.33 97.3091
8517.7 97.3107
8518.07 97.3117
8518.43 97.3127
8518.8 97.3136
8519.16 97.3146
8519.53 97.3155
8519.9 97.3165
8520.26 97.3174
8520.63 97.3182
8521 97.3191
8521.36 97.3198
8521.73 97.3205
8522.09 97.3211
8522.46 97.3216
8522.83 97.322
8523.19 97.3223
8523.56 97.3229
8523.92 97.3229
8524.29 97.3227
8524.66 97.3225
8525.02 97.3221
8525.39 97.3216
8525.76 97.321
8526.12 97.3202
8526.49 97.3194
8526.85 97.3186
8527.22 97.3176
8527.59 97.3167
8527.95 97.3162
8528.32 97.3153
8528.69 97.3143
8529.05 97.3133
8529.42 97.3123
8529.78 97.3108
8530.15 97.3098
8530.52 97.3088
8530.88 97.3078
8531.25 97.3068
8531.62 97.3057
8531.98 97.3046
8532.35 97.3036
8532.71 97.3025
8533.08 97.3015
8533.45 97.3006
8533.81 97.2997
8534.18 97.2991
8534.54 97.2986
8534.91 97.2982
8535.28 97.2979
8535.64 97.2978
8536.01 97.2979
8536.38 97.2981
8536.74 97.2984
8537.11 97.2989
8537.47 97.2994
8537.84 97.3
8538.21 97.3007
8538.57 97.3014
8538.94 97.3023
8539.31 97.3032
8539.67 97.3041
8540.04 97.3051
8540.4 97.3062
8540.77 97.3073
8541.14 97.3077
8541.5 97.3088
8541.87 97.3097
8542.24 97.3109
8542.6 97.3116
8542.97 97.3121
8543.33 97.3123
8543.7 97.3123
8544.07 97.3121
8544.43 97.3115
8544.8 97.3107
8545.17 97.3096
8545.53 97.3082
8545.9 97.3066
8546.26 97.3047
8546.63 97.3027
8547 97.3006
8547.36 97.2983
8547.73 97.2968
8548.09 97.2946
8548.46 97.291
8548.83 97.289
8549.19 97.2872
8549.56 97.2855
8549.93 97.2839
8550.29 97.2825
8550.66 97.2812
8551.02 97.2799
8551.39 97.2787
8551.76 97.2776
8552.12 97.2765
8552.49 97.2755
8552.86 97.2746
8553.22 97.2736
8553.59 97.2727
8553.95 97.2718
8554.32 97.2713
8554.69 97.2703
8555.05 97.2694
8555.42 97.2684
8555.79 97.2674
8556.15 97.2663
8556.52 97.2651
8556.88 97.2638
8557.25 97.2625
8557.62 97.2611
8557.98 97.2597
8558.35 97.2582
8558.71 97.2567
8559.08 97.2551
8559.45 97.2535
8559.81 97.2519
8560.18 97.2502
8560.55 97.2479
8560.91 97.2473
8561.28 97.2454
8561.64 97.2435
8562.01 97.2415
8562.38 97.2395
8562.74 97.2375
8563.11 97.2354
8563.48 97.2333
8563.84 97.2311
8564.21 97.2289
8564.57 97.2266
8564.94 97.2243
8565.31 97.2219
8565.67 97.2195
8566.04 97.217
8566.41 97.2145
8566.77 97.2108
8567.14 97.2095
8567.5 97.207
8567.87 97.2044
8568.24 97.2019
8568.6 97.1993
8568.97 97.1967
8569.33 97.1942
8569.7 97.1916
8570.07 97.189
8570.43 97.1864
8570.8 97.1838
8571.17 97.1812
8571.53 97.1786
8571.9 97.1759
8572.26 97.1731
8572.63 97.1704
8573 97.166
8573.36 97.163
8573.73 97.1613
8574.1 97.1581
8574.46 97.155
8574.83 97.1518
8575.19 97.1487
8575.56 97.1456
8575.93 97.1426
8576.29 97.1396
8576.66 97.1365
8577.03 97.1335
8577.39 97.1304
8577.76 97.1273
8578.12 97.1244
8578.49 97.1215
8578.86 97.1188
8579.22 97.115
8579.59 97.1128
8579.96 97.1109
8580.32 97.1101
8580.69 97.1084
8581.05 97.1069
8581.42 97.1056
8581.79 97.1043
8582.15 97.1032
8582.52 97.1023
8582.88 97.1014
8583.25 97.1006
8583.62 97.0997
8583.98 97.0989
8584.35 97.0981
8584.72 97.0973
8585.08 97.0965
8585.45 97.0952
8585.81 97.0943
8586.18 97.0935
8586.55 97.0926
8586.91 97.0921
8587.28 97.0912
8587.65 97.0903
8588.01 97.0894
8588.38 97.0885
8588.74 97.0875
8589.11 97.0865
8589.48 97.0854
8589.84 97.0843
8590.21 97.0833
8590.58 97.0822
8590.94 97.0812
8591.31 97.0797
8591.67 97.0787
8592.04 97.0779
8592.41 97.077
8592.77 97.0763
8593.14 97.0757
8593.5 97.0755
8593.87 97.0751
8594.24 97.0747
8594.6 97.0745
8594.97 97.0743
8595.34 97.0742
8595.7 97.0742
8596.07 97.0742
8596.43 97.0742
8596.8 97.0742
8597.17 97.0743
8597.53 97.0745
8597.9 97.0745
8598.27 97.0744
8598.63 97.0742
8599 97.0741
8599.36 97.0738
8599.73 97.0736
8600.1 97.0732
8600.46 97.0727
8600.83 97.0721
8601.2 97.0716
8601.56 97.071
8601.93 97.0703
8602.29 97.0697
8602.66 97.0692
8603.03 97.0686
8603.39 97.0681
8603.76 97.0676
8604.13 97.0671
8604.49 97.0666
8604.86 97.0662
8605.22 97.0658
8605.59 97.0654
8605.96 97.0651
8606.32 97.0653
8606.69 97.065
8607.05 97.0647
8607.42 97.0645
8607.79 97.0643
8608.15 97.0641
8608.52 97.0639
8608.89 97.0638
8609.25 97.0637
8609.62 97.0637
8609.98 97.0638
8610.35 97.0637
8610.72 97.0635
8611.08 97.0634
8611.45 97.0632
8611.82 97.063
8612.18 97.0627
8612.55 97.0624
8612.91 97.0625
8613.28 97.0621
8613.65 97.0616
8614.01 97.0611
8614.38 97.0606
8614.75 97.0601
8615.11 97.0595
8615.48 97.0589
8615.84 97.0584
8616.21 97.0576
8616.58 97.057
8616.94 97.0565
8617.31 97.056
8617.67 97.0556
8618.04 97.0552
8618.41 97.0548
8618.77 97.0545
8619.14 97.0543
8619.51 97.0549
8619.87 97.0549
8620.24 97.0549
8620.6 97.055
8620.97 97.0552
8621.34 97.0554
8621.7 97.0556
8622.07 97.0574
8622.44 97.0577
8622.8 97.0581
8623.17 97.0584
8623.53 97.0588
8623.9 97.0592
8624.27 97.0596
8624.63 97.06
8625 97.0605
8625.37 97.0609
8625.73 97.0614
8626.1 97.0629
8626.46 97.0634
8626.83 97.064
8627.2 97.0646
8627.56 97.0653
8627.93 97.066
8628.29 97.0681
8628.66 97.0689
8629.03 97.0698
8629.39 97.0708
8629.76 97.0718
8630.13 97.0729
8630.49 97.0741
8630.86 97.0754
8631.22 97.0768
8631.59 97.0783
8631.96 97.08
8632.32 97.0818
8632.69 97.0829
8633.06 97.0847
8633.42 97.0868
8633.79 97.0889
8634.15 97.0913
8634.52 97.0948
8634.89 97.0973
8635.25 97.0999
8635.62 97.1025
8635.99 97.105
8636.35 97.1074
8636.72 97.1096
8637.08 97.1118
8637.45 97.1138
8637.82 97.1158
8638.18 97.1177
8638.55 97.1196
8638.92 97.1209
8639.28 97.1228
8639.65 97.1248
8640.01 97.1269
8640.38 97.1291
8640.75 97.1331
8641.11 97.1356
8641.48 97.1384
8641.84 97.1412
8642.21 97.1442
8642.58 97.1473
8642.94 97.1505
8643.31 97.1537
8643.68 97.1569
8644.04 97.1602
8644.41 97.1634
8644.77 97.1665
8645.14 97.1696
8645.51 97.1709
8645.87 97.1738
8646.24 97.1765
8646.61 97.179
8646.97 97.1822
8647.34 97.1842
8647.7 97.186
8648.07 97.1876
8648.44 97.1889
8648.8 97.1901
8649.17 97.1911
8649.54 97.192
8649.9 97.1928
8650.27 97.1934
8650.63 97.194
8651 97.1944
8651.37 97.1948
8651.73 97.1952
8652.1 97.1959
8652.46 97.1962
8652.83 97.1965
8653.2 97.1975
8653.56 97.1978
8653.93 97.1981
8654.3 97.1984
8654.66 97.1988
8655.03 97.1992
8655.39 97.1996
8655.76 97.2001
8656.13 97.2007
8656.49 97.2014
8656.86 97.202
8657.23 97.2028
8657.59 97.2036
8657.96 97.2044
8658.32 97.2053
8658.69 97.206
8659.06 97.2077
8659.42 97.2086
8659.79 97.2095
8660.16 97.2104
8660.52 97.2113
8660.89 97.2121
8661.25 97.213
8661.62 97.2137
8661.99 97.2145
8662.35 97.2152
8662.72 97.2159
8663.08 97.2166
8663.45 97.2171
8663.82 97.2177
8664.18 97.2182
8664.55 97.2186
8664.92 97.219
8665.28 97.2215
8665.65 97.2218
8666.01 97.2221
8666.38 97.2223
8666.75 97.2224
8667.11 97.2226
8667.48 97.2227
8667.85 97.2229
8668.21 97.2231
8668.58 97.2233
8668.94 97.2236
8669.31 97.224
8669.68 97.2244
8670.04 97.225
8670.41 97.2256
8670.78 97.2263
8671.14 97.2271
8671.51 97.229
8671.87 97.2299
8672.24 97.231
8672.61 97.2322
8672.97 97.2335
8673.34 97.2349
8673.71 97.2364
8674.07 97.238
8674.44 97.2396
8674.8 97.2413
8675.17 97.2429
8675.54 97.2445
8675.9 97.246
8676.27 97.2475
8676.63 97.249
8677 97.2505
8677.37 97.2519
8677.73 97.2537
8678.1 97.2541
8678.47 97.2554
8678.83 97.2567
8679.2 97.2579
8679.56 97.259
8679.93 97.26
8680.3 97.2608
8680.66 97.2616
8681.03 97.2622
8681.4 97.2628
8681.76 97.2632
8682.13 97.2635
8682.49 97.2638
8682.86 97.264
8683.23 97.2641
8683.59 97.2642
8683.96 97.2645
8684.33 97.2646
8684.69 97.2648
8685.06 97.2649
8685.42 97.2651
8685.79 97.2654
8686.16 97.2656
8686.52 97.266
8686.89 97.2663
8687.25 97.2666
8687.62 97.2668
8687.99 97.2671
8688.35 97.2673
8688.72 97.2674
8689.09 97.2674
8689.45 97.2674
8689.82 97.2674
8690.18 97.2672
8690.55 97.2668
8690.92 97.2663
8691.28 97.2662
8691.65 97.2655
8692.02 97.2646
8692.38 97.2637
8692.75 97.2627
8693.11 97.2617
8693.48 97.2606
8693.85 97.2595
8694.21 97.2585
8694.58 97.2575
8694.95 97.2566
8695.31 97.2559
8695.68 97.2552
8696.04 97.2546
8696.41 97.2543
8696.78 97.2542
8697.14 97.2542
8697.51 97.2543
8697.88 97.2547
8698.24 97.255
8698.61 97.2555
8698.97 97.2559
8699.34 97.2564
8699.71 97.257
8700.07 97.2575
8700.44 97.2581
8700.8 97.2587
8701.17 97.2593
8701.54 97.2599
8701.9 97.2605
8702.27 97.262
8702.64 97.2625
8703 97.2629
8703.37 97.2633
8703.73 97.2635
8704.1 97.2637
8704.47 97.2644
8704.83 97.2644
8705.2 97.2643
8705.57 97.2641
8705.93 97.2639
8706.3 97.2636
8706.66 97.2634
8707.03 97.2631
8707.4 97.2629
8707.76 97.2627
8708.13 97.2625
8708.5 97.2628
8708.86 97.2627
8709.23 97.2627
8709.59 97.2626
8709.96 97.2626
8710.33 97.2626
8710.69 97.2633
8711.06 97.2634
8711.42 97.2634
8711.79 97.2634
8712.16 97.2633
8712.52 97.2632
8712.89 97.263
8713.26 97.2628
8713.62 97.2624
8713.99 97.262
8714.35 97.2616
8714.72 97.2615
8715.09 97.2609
8715.45 97.2603
8715.82 97.2597
8716.19 97.2592
8716.55 97.2588
8716.92 97.2585
8717.28 97.2587
8717.65 97.2586
8718.02 97.2586
8718.38 97.2589
8718.75 97.2594
8719.12 97.2601
8719.48 97.2611
8719.85 97.2623
8720.21 97.2637
8720.58 97.2653
8720.95 97.2678
8721.31 97.2698
8721.68 97.2719
8722.04 97.2741
8722.41 97.2763
8722.78 97.2786
8723.14 97.2807
8723.51 97.2827
8723.88 97.2836
8724.24 97.2855
8724.61 97.2873
8724.97 97.2889
8725.34 97.2904
8725.71 97.2918
8726.07 97.293
8726.44 97.2941
8726.81 97.2957
8727.17 97.2965
8727.54 97.2973
8727.9 97.2979
8728.27 97.2985
8728.64 97.299
8729 97.2994
8729.37 97.2997
8729.74 97.2999
8730.1 97.2999
8730.47 97.3
8730.83 97.2999
8731.2 97.2998
8731.57 97.2997
8731.93 97.2994
8732.3 97.2991
8732.67 97.2989
8733.03 97.2984
8733.4 97.2981
8733.76 97.2977
8734.13 97.2973
8734.5 97.2969
8734.86 97.2965
8735.23 97.2962
8735.59 97.2958
8735.96 97.2955
8736.33 97.2951
8736.69 97.2948
8737.06 97.2944
8737.43 97.2941
8737.79 97.2938
8738.16 97.2935
8738.52 97.2932
8738.89 97.293
8739.26 97.2921
8739.62 97.2919
8739.99 97.2918
8740.36 97.2918
8740.72 97.2917
8741.09 97.2917
8741.45 97.2916
8741.82 97.2915
8742.19 97.2914
8742.55 97.2912
8742.92 97.291
8743.29 97.2913
8743.65 97.2911
8744.02 97.2908
8744.38 97.2906
8744.75 97.2903
8745.12 97.2899
8745.48 97.2903
8745.85 97.2899
8746.21 97.2896
8746.58 97.2894
8746.95 97.2891
8747.31 97.289
8747.68 97.2889
8748.05 97.2888
8748.41 97.2888
8748.78 97.289
8749.14 97.2892
8749.51 97.2895
8749.88 97.2909
8750.24 97.2913
8750.61 97.2918
8750.98 97.2924
8751.34 97.2931
8751.71 97.2953
8752.07 97.2962
8752.44 97.2971
8752.81 97.298
8753.17 97.299
8753.54 97.3
8753.91 97.3011
8754.27 97.3023
8754.64 97.3036
8755 97.3049
8755.37 97.3063
8755.74 97.3078
8756.1 97.3093
8756.47 97.3104
8756.83 97.3119
8757.2 97.3134
8757.57 97.3161
8757.93 97.3176
8758.3 97.3191
8758.67 97.3205
8759.03 97.3219
8759.4 97.3232
8759.76 97.3246
8760.13 97.3259
8760.5 97.3271
8760.86 97.3284
8761.23 97.3297
8761.6 97.3311
8761.96 97.3325
8762.33 97.334
8762.69 97.3355
8763.06 97.3366
8763.43 97.3383
8763.79 97.3411
8764.16 97.343
8764.53 97.3449
8764.89 97.3468
8765.26 97.3488
8765.62 97.3507
8765.99 97.3525
8766.36 97.3543
8766.72 97.356
8767.09 97.3577
8767.46 97.3592
8767.82 97.3607
8768.19 97.3621
8768.55 97.3635
8768.92 97.3648
8769.29 97.3661
8769.65 97.3674
8770.02 97.3698
8770.38 97.371
8770.75 97.3721
8771.12 97.3731
8771.48 97.3741
8771.85 97.375
8772.22 97.3759
8772.58 97.3767
8772.95 97.3775
8773.31 97.3783
8773.68 97.3789
8774.05 97.3795
8774.41 97.38
8774.78 97.3804
8775.15 97.3808
8775.51 97.3811
8775.88 97.3814
8776.24 97.3819
8776.61 97.382
8776.98 97.382
8777.34 97.3821
8777.71 97.3821
8778.08 97.382
8778.44 97.382
8778.81 97.382
8779.17 97.3821
8779.54 97.3821
8779.91 97.3822
8780.27 97.3824
8780.64 97.3827
8781 97.3832
8781.37 97.3837
8781.74 97.3844
8782.1 97.3852
8782.47 97.3862
8782.84 97.3873
8783.2 97.3884
8783.57 97.3896
8783.93 97.3908
8784.3 97.3921
8784.67 97.3933
8785.03 97.3944
8785.4 97.3956
8785.77 97.3967
8786.13 97.3978
8786.5 97.3988
8786.86 97.3998
8787.23 97.4007
8787.6 97.4016
8787.96 97.4024
8788.33 97.4031
8788.7 97.4044
8789.06 97.405
8789.43 97.4056
8789.79 97.4062
8790.16 97.4068
8790.53 97.4074
8790.89 97.408
8791.26 97.4086
8791.63 97.4091
8791.99 97.4097
8792.36 97.4103
8792.72 97.4108
8793.09 97.4114
8793.46 97.4119
8793.82 97.4125
8794.19 97.4131
8794.55 97.4142
8794.92 97.4149
8795.29 97.4157
8795.65 97.4162
8796.02 97.4172
8796.39 97.4183
8796.75 97.4195
8797.12 97.4209
8797.48 97.4224
8797.85 97.424
8798.22 97.4258
8798.58 97.4277
8798.95 97.4297
8799.32 97.4317
8799.68 97.4338
8800.05 97.436
8800.41 97.4384
8800.78 97.4412
8801.15 97.4438
8801.51 97.4465
8801.88 97.4494
8802.25 97.4498
8802.61 97.453
8802.98 97.4567
8803.34 97.4608
8803.71 97.4655
8804.08 97.4706
8804.44 97.476
8804.81 97.4814
8805.17 97.4867
8805.54 97.4915
8805.91 97.4959
8806.27 97.4999
8806.64 97.5036
8807.01 97.5075
8807.37 97.5105
8807.74 97.5132
8808.1 97.5156
8808.47 97.5178
8808.84 97.5183
8809.2 97.5203
8809.57 97.5221
8809.94 97.5237
8810.3 97.5252
8810.67 97.5266
8811.03 97.5279
8811.4 97.529
8811.77 97.5301
8812.13 97.531
8812.5 97.5319
8812.87 97.5327
8813.23 97.5329
8813.6 97.5334
8813.96 97.5338
8814.33 97.5342
8814.7 97.5345
8815.06 97.5337
8815.43 97.5339
8815.79 97.534
8816.16 97.5341
8816.53 97.5342
8816.89 97.5343
8817.26 97.5345
8817.63 97.5348
8817.99 97.5352
8818.36 97.5358
8818.72 97.5367
8819.09 97.5378
8819.46 97.5379
8819.82 97.5395
8820.19 97.5413
8820.56 97.5431
8820.92 97.5449
8821.29 97.5466
8821.65 97.5456
8822.02 97.5473
8822.39 97.5488
8822.75 97.5503
8823.12 97.5516
8823.49 97.5528
8823.85 97.5539
8824.22 97.5549
8824.58 97.5558
8824.95 97.5566
8825.32 97.5566
8825.68 97.5574
8826.05 97.5583
8826.42 97.5591
8826.78 97.56
8827.15 97.5609
8827.51 97.5617
8827.88 97.5626
8828.25 97.5625
8828.61 97.5634
8828.98 97.5643
8829.34 97.5651
8829.71 97.5658
8830.08 97.5664
8830.44 97.5669
8830.81 97.5674
8831.18 97.5677
8831.54 97.5684
8831.91 97.5685
8832.27 97.5686
8832.64 97.5687
8833.01 97.5686
8833.37 97.5686
8833.74 97.5685
8834.11 97.5685
8834.47 97.5684
8834.84 97.5685
8835.2 97.5683
8835.57 97.5683
8835.94 97.5682
8836.3 97.5681
8836.67 97.5681
8837.04 97.5681
8837.4 97.5681
8837.77 97.568
8838.13 97.5681
8838.5 97.5683
8838.87 97.5686
8839.23 97.569
8839.6 97.5694
8839.96 97.57
8840.33 97.5706
8840.7 97.5713
8841.06 97.572
8841.43 97.5723
8841.8 97.5731
8842.16 97.5739
8842.53 97.5746
8842.89 97.5753
8843.26 97.576
8843.63 97.5765
8843.99 97.5771
8844.36 97.5775
8844.73 97.5778
8845.09 97.578
8845.46 97.5782
8845.82 97.5784
8846.19 97.5786
8846.56 97.5787
8846.92 97.5788
8847.29 97.5789
8847.66 97.5789
8848.02 97.5786
8848.39 97.5786
8848.75 97.5785
8849.12 97.5783
8849.49 97.578
8849.85 97.5776
8850.22 97.5759
8850.58 97.5749
8850.95 97.5738
8851.32 97.5726
8851.68 97.5711
8852.05 97.5696
8852.42 97.568
8852.78 97.5664
8853.15 97.5649
8853.51 97.5634
8853.88 97.5621
8854.25 97.5605
8854.61 97.5594
8854.98 97.5584
8855.35 97.5575
8855.71 97.5567
8856.08 97.5561
8856.44 97.5547
8856.81 97.5543
8857.18 97.554
8857.54 97.5538
8857.91 97.5537
8858.28 97.5536
8858.64 97.5537
8859.01 97.5538
8859.37 97.554
8859.74 97.5544
8860.11 97.5547
8860.47 97.5551
8860.84 97.5551
8861.21 97.5556
8861.57 97.5561
8861.94 97.5567
8862.3 97.5574
8862.67 97.558
8863.04 97.5587
8863.4 97.5593
8863.77 97.5599
8864.13 97.5606
8864.5 97.5613
8864.87 97.562
8865.23 97.5628
8865.6 97.5636
8865.97 97.5644
8866.33 97.5652
8866.7 97.5661
8867.06 97.5669
8867.43 97.5671
8867.8 97.5679
8868.16 97.5687
8868.53 97.5694
8868.9 97.57
8869.26 97.5704
8869.63 97.5706
8869.99 97.5707
8870.36 97.5706
8870.73 97.5702
8871.09 97.5696
8871.46 97.5688
8871.83 97.5677
8872.19 97.5663
8872.56 97.5646
8872.92 97.5626
8873.29 97.5604
8873.66 97.558
8874.02 97.556
8874.39 97.5535
8874.75 97.5491
8875.12 97.5467
8875.49 97.5442
8875.85 97.5419
8876.22 97.5396
8876.59 97.5374
8876.95 97.5353
8877.32 97.5333
8877.68 97.5314
8878.05 97.5295
8878.42 97.5278
8878.78 97.5261
8879.15 97.5245
8879.52 97.523
8879.88 97.5215
8880.25 97.5202
8880.61 97.5197
8880.98 97.518
8881.35 97.517
8881.71 97.5159
8882.08 97.5151
8882.45 97.5143
8882.81 97.5135
8883.18 97.5129
8883.54 97.5125
8883.91 97.5121
8884.28 97.5118
8884.64 97.5116
8885.01 97.5114
8885.38 97.5114
8885.74 97.5113
8886.11 97.5113
8886.47 97.5114
8886.84 97.5116
8887.21 97.5119
8887.57 97.5119
8887.94 97.5118
8888.3 97.5117
8888.67 97.5115
8889.04 97.5111
8889.4 97.5107
8889.77 97.5103
8890.14 97.5097
8890.5 97.509
8890.87 97.5083
8891.23 97.5076
8891.6 97.5069
8891.97 97.5063
8892.33 97.5057
8892.7 97.5052
8893.07 97.5047
8893.43 97.5048
8893.8 97.5044
8894.16 97.5041
8894.53 97.5037
8894.9 97.5034
8895.26 97.503
8895.63 97.5027
8896 97.5023
8896.36 97.502
8896.73 97.5017
8897.09 97.5014
8897.46 97.5012
8897.83 97.501
8898.19 97.501
8898.56 97.5011
8898.92 97.5013
8899.29 97.5022
8899.66 97.5028
8900.02 97.5034
8900.39 97.5042
8900.76 97.5052
8901.12 97.5064
8901.49 97.5077
8901.85 97.5092
8902.22 97.5108
8902.59 97.5126
8902.95 97.5144
8903.32 97.5164
8903.69 97.5183
8904.05 97.5204
8904.42 97.5224
8904.78 97.5243
8905.15 97.5262
8905.52 97.5289
8905.88 97.5306
8906.25 97.5321
8906.62 97.533
8906.98 97.5343
8907.35 97.5355
8907.71 97.5366
8908.08 97.5376
8908.45 97.5384
8908.81 97.5391
8909.18 97.5397
8909.54 97.5403
8909.91 97.5407
8910.28 97.5411
8910.64 97.5414
8911.01 97.5418
8911.38 97.5421
8911.74 97.5429
8912.11 97.5433
8912.47 97.5436
8912.84 97.544
8913.21 97.5446
8913.57 97.5451
8913.94 97.5456
8914.31 97.5461
8914.67 97.5467
8915.04 97.5472
8915.4 97.5478
8915.77 97.5484
8916.14 97.549
8916.5 97.5496
8916.87 97.5502
8917.24 97.5507
8917.6 97.5513
8917.97 97.5525
8918.33 97.5531
8918.7 97.5537
8919.07 97.5543
8919.43 97.5549
8919.8 97.5557
8920.17 97.5562
8920.53 97.5566
8920.9 97.557
8921.26 97.5574
8921.63 97.5576
8922 97.5577
8922.36 97.5577
8922.73 97.5577
8923.09 97.5575
8923.46 97.5573
8923.83 97.5571
8924.19 97.5571
8924.56 97.5568
8924.93 97.5565
8925.29 97.5561
8925.66 97.5558
8926.02 97.5559
8926.39 97.5556
8926.76 97.5554
8927.12 97.5553
8927.49 97.5551
8927.86 97.555
8928.22 97.555
8928.59 97.5549
8928.95 97.5548
8929.32 97.5548
8929.69 97.5547
8930.05 97.5548
8930.42 97.5547
8930.79 97.5547
8931.15 97.5547
8931.52 97.5548
8931.88 97.555
8932.25 97.5552
8932.62 97.5553
8932.98 97.5557
8933.35 97.5562
8933.71 97.5567
8934.08 97.5574
8934.45 97.5582
8934.81 97.5591
8935.18 97.5601
8935.55 97.5611
8935.91 97.5622
8936.28 97.5634
8936.64 97.5647
8937.01 97.5661
8937.38 97.5676
8937.74 97.5691
8938.11 97.5707
8938.48 97.5723
8938.84 97.574
8939.21 97.574
8939.57 97.5757
8939.94 97.5775
8940.31 97.5793
8940.67 97.5811
8941.04 97.583
8941.41 97.5849
8941.77 97.5869
8942.14 97.5889
8942.5 97.5916
8942.87 97.5938
8943.24 97.596
8943.6 97.5983
8943.97 97.6006
8944.33 97.6029
8944.7 97.6052
8945.07 97.6075
8945.43 97.6097
8945.8 97.6108
8946.17 97.6131
8946.53 97.6154
8946.9 97.6176
8947.26 97.6198
8947.63 97.6219
8948 97.624
8948.36 97.6261
8948.73 97.629
8949.1 97.631
8949.46 97.6328
8949.83 97.6346
8950.19 97.6362
8950.56 97.6378
8950.93 97.6392
8951.29 97.6405
8951.66 97.6416
8952.03 97.6426
8952.39 97.643
8952.76 97.6438
8953.12 97.6445
8953.49 97.6451
8953.86 97.6456
8954.22 97.646
8954.59 97.6463
8954.96 97.6469
8955.32 97.647
8955.69 97.6471
8956.05 97.6471
8956.42 97.6472
8956.79 97.6471
8957.15 97.6471
8957.52 97.647
8957.88 97.647
8958.25 97.6469
8958.62 97.647
8958.98 97.647
8959.35 97.6469
8959.72 97.6469
8960.08 97.6468
8960.45 97.6467
8960.81 97.6464
8961.18 97.6463
8961.55 97.6461
8961.91 97.6459
8962.28 97.6456
8962.65 97.6453
8963.01 97.645
8963.38 97.6447
8963.74 97.6442
8964.11 97.6437
8964.48 97.6431
8964.84 97.6424
8965.21 97.6418
8965.58 97.641
8965.94 97.6401
8966.31 97.639
8966.67 97.6379
8967.04 97.6361
8967.41 97.6349
8967.77 97.6338
8968.14 97.6327
8968.5 97.6317
8968.87 97.6308
8969.24 97.63
8969.6 97.6293
8969.97 97.6288
8970.34 97.6284
8970.7 97.6281
8971.07 97.628
8971.43 97.628
8971.8 97.6282
8972.17 97.6284
8972.53 97.6287
8972.9 97.6291
8973.27 97.6298
8973.63 97.6303
8974 97.6309
8974.36 97.6313
8974.73 97.6318
8975.1 97.6322
8975.46 97.6325
8975.83 97.6329
8976.2 97.6332
8976.56 97.6335
8976.93 97.6338
8977.29 97.634
8977.66 97.6342
8978.03 97.6343
8978.39 97.6348
8978.76 97.635
8979.13 97.6351
8979.49 97.6358
8979.86 97.6359
8980.22 97.636
8980.59 97.6361
8980.96 97.6363
8981.32 97.6365
8981.69 97.6367
8982.05 97.6369
8982.42 97.6372
8982.79 97.6375
8983.15 97.6378
8983.52 97.6382
8983.89 97.6386
8984.25 97.6389
8984.62 97.6392
8984.98 97.64
8985.35 97.6401
8985.72 97.6408
8986.08 97.6407
8986.45 97.6406
8986.82 97.6403
8987.18 97.64
8987.55 97.6396
8987.91 97.6392
8988.28 97.6388
8988.65 97.6385
8989.01 97.6381
8989.38 97.6378
8989.75 97.6376
8990.11 97.6375
8990.48 97.6375
8990.84 97.6377
8991.21 97.638
8991.58 97.6383
8991.94 97.639
8992.31 97.6394
8992.67 97.6399
8993.04 97.6405
8993.41 97.641
8993.77 97.6416
8994.14 97.6422
8994.51 97.6427
8994.87 97.6432
8995.24 97.6435
8995.6 97.6438
8995.97 97.644
8996.34 97.6441
8996.7 97.6441
8997.07 97.644
8997.44 97.6439
8997.8 97.644
8998.17 97.6437
8998.53 97.6433
8998.9 97.6428
8999.27 97.6423
8999.63 97.6416
9000 97.6408
9000.37 97.64
9000.73 97.6391
9001.1 97.6381
9001.46 97.6372
9001.83 97.6362
9002.2 97.6352
9002.56 97.6343
9002.93 97.6334
9003.29 97.6326
9003.66 97.6318
9004.03 97.6312
9004.39 97.6312
9004.76 97.6307
9005.13 97.6302
9005.49 97.6299
9005.86 97.6296
9006.22 97.6294
9006.59 97.6292
9006.96 97.6291
9007.32 97.629
9007.69 97.6289
9008.06 97.6288
9008.42 97.6287
9008.79 97.6286
9009.15 97.6285
9009.52 97.6285
9009.89 97.6284
9010.25 97.6285
9010.62 97.6285
9010.99 97.6289
9011.35 97.6288
9011.72 97.6286
9012.08 97.6284
9012.45 97.6281
9012.82 97.6276
9013.18 97.6271
9013.55 97.6265
9013.92 97.6258
9014.28 97.6251
9014.65 97.6244
9015.01 97.6237
9015.38 97.6229
9015.75 97.6222
9016.11 97.6215
9016.48 97.6214
9016.84 97.6207
9017.21 97.6201
9017.58 97.6207
9017.94 97.6202
9018.31 97.6197
9018.68 97.6194
9019.04 97.619
9019.41 97.6188
9019.77 97.6187
9020.14 97.6187
9020.51 97.6188
9020.87 97.6189
9021.24 97.6192
9021.61 97.6195
9021.97 97.6199
9022.34 97.6204
9022.7 97.6224
9023.07 97.623
9023.44 97.6237
9023.8 97.6245
9024.17 97.626
9024.54 97.6268
9024.9 97.6276
9025.27 97.6284
9025.63 97.6293
9026 97.6301
9026.37 97.631
9026.73 97.6319
9027.1 97.6328
9027.46 97.6338
9027.83 97.6347
9028.2 97.6356
9028.56 97.6383
9028.93 97.6392
9029.3 97.6402
9029.66 97.6412
9030.03 97.6421
9030.39 97.6438
9030.76 97.6447
9031.13 97.6456
9031.49 97.6465
9031.86 97.6474
9032.23 97.6483
9032.59 97.6491
9032.96 97.65
9033.32 97.6508
9033.69 97.6517
9034.06 97.6525
9034.42 97.6533
9034.79 97.6555
9035.16 97.6564
9035.52 97.6573
9035.89 97.6582
9036.25 97.659
9036.62 97.6599
9036.99 97.6613
9037.35 97.6621
9037.72 97.663
9038.08 97.6638
9038.45 97.6646
9038.82 97.6653
9039.18 97.666
9039.55 97.6666
9039.92 97.6671
9040.28 97.6676
9040.65 97.668
9041.01 97.669
9041.38 97.6692
9041.75 97.6692
9042.11 97.6692
9042.48 97.6691
9042.85 97.669
9043.21 97.6688
9043.58 97.6691
9043.94 97.6689
9044.31 97.6688
9044.68 97.6686
9045.04 97.6685
9045.41 97.6683
9045.78 97.6683
9046.14 97.6682
9046.51 97.6682
9046.87 97.6683
9047.24 97.6694
9047.61 97.6696
9047.97 97.67
9048.34 97.6704
9048.71 97.6709
9049.07 97.6714
9049.44 97.6721
9049.8 97.6729
9050.17 97.6741
9050.54 97.675
9050.9 97.6759
9051.27 97.677
9051.63 97.6782
9052 97.6794
9052.37 97.6808
9052.73 97.6824
9053.1 97.684
9053.47 97.6869
9053.83 97.6888
9054.2 97.6907
9054.56 97.6928
9054.93 97.6948
9055.3 97.6968
9055.66 97.6988
9056.03 97.7006
9056.4 97.7022
9056.76 97.7028
9057.13 97.7043
9057.49 97.7056
9057.86 97.7067
9058.23 97.7077
9058.59 97.7085
9058.96 97.7092
9059.33 97.7102
9059.69 97.7107
9060.06 97.711
9060.42 97.7113
9060.79 97.7115
9061.16 97.7117
9061.52 97.7118
9061.89 97.7121
9062.25 97.7123
9062.62 97.7126
9062.99 97.713
9063.35 97.7134
9063.72 97.7138
9064.09 97.7144
9064.45 97.7152
9064.82 97.7161
9065.18 97.7171
9065.55 97.7193
9065.92 97.7207
9066.28 97.7222
9066.65 97.7239
9067.02 97.7256
9067.38 97.7273
9067.75 97.7291
9068.11 97.7308
9068.48 97.7324
9068.85 97.7339
9069.21 97.7354
9069.58 97.737
9069.95 97.7383
9070.31 97.7396
9070.68 97.7408
9071.04 97.7419
9071.41 97.7429
9071.78 97.745
9072.14 97.7457
9072.51 97.7461
9072.88 97.7465
9073.24 97.7466
9073.61 97.7466
9073.97 97.7465
9074.34 97.7462
9074.71 97.7457
9075.07 97.7451
9075.44 97.7443
9075.8 97.7435
9076.17 97.7436
9076.54 97.7426
9076.9 97.7417
9077.27 97.7408
9077.64 97.7399
9078 97.739
9078.37 97.7383
9078.73 97.7377
9079.1 97.7372
9079.47 97.7368
9079.83 97.7365
9080.2 97.7362
9080.57 97.736
9080.93 97.7358
9081.3 97.7355
9081.66 97.7353
9082.03 97.7351
9082.4 97.7347
9082.76 97.734
9083.13 97.7335
9083.5 97.7331
9083.86 97.7327
9084.23 97.7316
9084.59 97.7314
9084.96 97.7312
9085.33 97.7311
9085.69 97.7311
9086.06 97.7312
9086.42 97.7315
9086.79 97.7319
9087.16 97.7324
9087.52 97.733
9087.89 97.7339
9088.26 97.7348
9088.62 97.736
9088.99 97.7372
9089.35 97.7377
9089.72 97.7391
9090.09 97.7407
9090.45 97.7427
9090.82 97.7444
9091.19 97.7463
9091.55 97.7481
9091.92 97.75
9092.28 97.7518
9092.65 97.7534
9093.02 97.7548
9093.38 97.756
9093.75 97.7568
9094.12 97.7574
9094.48 97.7577
9094.85 97.7577
9095.21 97.7575
9095.58 97.7571
9095.95 97.7559
9096.31 97.7544
9096.68 97.7539
9097.04 97.7535
9097.41 97.7531
9097.78 97.7527
9098.14 97.7524
9098.51 97.752
9098.88 97.7517
9099.24 97.7513
9099.61 97.7508
9099.97 97.7503
9100.34 97.7496
9100.71 97.7488
9101.07 97.7478
9101.44 97.7468
9101.81 97.7457
9102.17 97.745
9102.54 97.7433
9102.9 97.7422
9103.27 97.7412
9103.64 97.7402
9104 97.7392
9104.37 97.7383
9104.74 97.7375
9105.1 97.7368
9105.47 97.7362
9105.83 97.7356
9106.2 97.7352
9106.57 97.7347
9106.93 97.7344
9107.3 97.734
9107.67 97.7337
9108.03 97.7334
9108.4 97.7332
9108.76 97.7336
9109.13 97.7333
9109.5 97.733
9109.86 97.7328
9110.23 97.7326
9110.59 97.7325
9110.96 97.7324
9111.33 97.7324
9111.69 97.7325
9112.06 97.7327
9112.43 97.733
9112.79 97.7334
9113.16 97.7339
9113.52 97.7346
9113.89 97.7353
9114.26 97.7361
9114.62 97.737
9114.99 97.7385
9115.36 97.7389
9115.72 97.7399
9116.09 97.7409
9116.45 97.7418
9116.82 97.7427
9117.19 97.7435
9117.55 97.7442
9117.92 97.7447
9118.29 97.7451
9118.65 97.7453
9119.02 97.7454
9119.38 97.7452
9119.75 97.7449
9120.12 97.7445
9120.48 97.7438
9120.85 97.7431
9121.21 97.7415
9121.58 97.7406
9121.95 97.7398
9122.31 97.7391
9122.68 97.7384
9123.05 97.7379
9123.41 97.7375
9123.78 97.7373
9124.14 97.7373
9124.51 97.7375
9124.88 97.7379
9125.24 97.7386
9125.61 97.7394
9125.98 97.7404
9126.34 97.7415
9126.71 97.7427
9127.07 97.7446
9127.44 97.7459
9127.81 97.7473
9128.17 97.7486
9128.54 97.7494
9128.91 97.7506
9129.27 97.7517
9129.64 97.7527
9130 97.7537
9130.37 97.7545
9130.74 97.7552
9131.1 97.7558
9131.47 97.7563
9131.83 97.7567
9132.2 97.757
9132.57 97.7573
9132.93 97.7575
9133.3 97.758
9133.67 97.7581
9134.03 97.758
9134.4 97.758
9134.76 97.7583
9135.13 97.7582
9135.5 97.7581
9135.86 97.758
9136.23 97.7578
9136.6 97.7576
9136.96 97.7574
9137.33 97.7572
9137.69 97.757
9138.06 97.7567
9138.43 97.7564
9138.79 97.756
9139.16 97.7556
9139.53 97.755
9139.89 97.7544
9140.26 97.7538
9140.62 97.7532
9140.99 97.7526
9141.36 97.7521
9141.72 97.7514
9142.09 97.7508
9142.46 97.7502
9142.82 97.7497
9143.19 97.7493
9143.55 97.749
9143.92 97.7488
9144.29 97.7487
9144.65 97.7487
9145.02 97.7489
9145.38 97.7491
9145.75 97.7495
9146.12 97.7501
9146.48 97.7508
9146.85 97.7518
9147.22 97.7529
9147.58 97.7542
9147.95 97.7546
9148.31 97.7562
9148.68 97.7579
9149.05 97.7598
9149.41 97.7618
9149.78 97.7638
9150.15 97.7659
9150.51 97.7681
9150.88 97.7701
9151.24 97.7721
9151.61 97.774
9151.98 97.7764
9152.34 97.778
9152.71 97.7794
9153.08 97.7806
9153.44 97.7817
9153.81 97.7825
9154.17 97.7832
9154.54 97.7836
9154.91 97.7841
9155.27 97.7844
9155.64 97.7846
9156 97.7847
9156.37 97.7847
9156.74 97.7846
9157.1 97.7844
9157.47 97.7842
9157.84 97.7839
9158.2 97.7834
9158.57 97.7831
9158.93 97.7828
9159.3 97.7824
9159.67 97.7822
9160.03 97.7819
9160.4 97.7818
9160.77 97.7817
9161.13 97.7815
9161.5 97.7816
9161.86 97.7817
9162.23 97.782
9162.6 97.7823
9162.96 97.7828
9163.33 97.7834
9163.7 97.784
9164.06 97.7847
9164.43 97.7853
9164.79 97.786
9165.16 97.7866
9165.53 97.7872
9165.89 97.7878
9166.26 97.7882
9166.63 97.7887
9166.99 97.7891
9167.36 97.7894
9167.72 97.7896
9168.09 97.7899
9168.46 97.7901
9168.82 97.7902
9169.19 97.7902
9169.55 97.7901
9169.92 97.7901
9170.29 97.7903
9170.65 97.7902
9171.02 97.7901
9171.39 97.79
9171.75 97.7899
9172.12 97.7898
9172.48 97.7898
9172.85 97.7897
9173.22 97.7898
9173.58 97.7898
9173.95 97.7903
9174.32 97.7904
9174.68 97.7905
9175.05 97.7906
9175.41 97.7907
9175.78 97.7908
9176.15 97.7909
9176.51 97.7914
9176.88 97.7915
9177.25 97.7916
9177.61 97.7917
9177.98 97.7918
9178.34 97.7919
9178.71 97.792
9179.08 97.7921
9179.44 97.7921
9179.81 97.7922
9180.17 97.7923
9180.54 97.7924
9180.91 97.7924
9181.27 97.7923
9181.64 97.7923
9182.01 97.7923
9182.37 97.7923
9182.74 97.7921
9183.1 97.792
9183.47 97.7918
9183.84 97.7917
9184.2 97.7916
9184.57 97.7915
9184.94 97.7915
9185.3 97.7915
9185.67 97.7916
9186.03 97.7918
9186.4 97.7921
9186.77 97.7925
9187.13 97.7921
9187.5 97.7928
9187.87 97.7936
9188.23 97.7946
9188.6 97.7957
9188.96 97.7969
9189.33 97.7985
9189.7 97.8002
9190.06 97.8021
9190.43 97.8041
9190.79 97.8061
9191.16 97.8082
9191.53 97.8102
9191.89 97.8121
9192.26 97.8138
9192.63 97.8154
9192.99 97.8167
9193.36 97.8178
9193.72 97.8167
9194.09 97.8175
9194.46 97.818
9194.82 97.817
9195.19 97.8172
9195.56 97.8173
9195.92 97.8173
9196.29 97.8173
9196.65 97.8171
9197.02 97.8169
9197.39 97.8167
9197.75 97.8164
9198.12 97.8161
9198.49 97.8157
9198.85 97.8153
9199.22 97.8149
9199.58 97.8145
9199.95 97.8141
9200.32 97.8133
9200.68 97.813
9201.05 97.812
9201.42 97.812
9201.78 97.8121
9202.15 97.8123
9202.51 97.8126
9202.88 97.813
9203.25 97.8135
9203.61 97.8141
9203.98 97.8149
9204.34 97.8157
9204.71 97.8166
9205.08 97.8175
9205.44 97.8186
9205.81 97.8196
9206.18 97.8207
9206.54 97.8198
9206.91 97.8209
9207.27 97.8208
9207.64 97.8217
9208.01 97.8225
9208.37 97.8232
9208.74 97.8238
9209.11 97.8241
9209.47 97.8243
9209.84 97.8243
9210.2 97.8241
9210.57 97.8238
9210.94 97.8234
9211.3 97.8229
9211.67 97.8223
9212.04 97.8217
9212.4 97.8212
9212.77 97.8206
9213.13 97.8192
9213.5 97.8174
9213.87 97.817
9214.23 97.8166
9214.6 97.8162
9214.96 97.8159
9215.33 97.8156
9215.7 97.8153
9216.06 97.8151
9216.43 97.8149
9216.8 97.8147
9217.16 97.8146
9217.53 97.8146
9217.89 97.8146
9218.26 97.8145
9218.63 97.8146
9218.99 97.8146
9219.36 97.8146
9219.73 97.8132
9220.09 97.8131
9220.46 97.813
9220.82 97.8129
9221.19 97.8128
9221.56 97.8126
9221.92 97.8124
9222.29 97.8123
9222.66 97.8121
9223.02 97.8119
9223.39 97.8118
9223.75 97.8117
9224.12 97.8117
9224.49 97.8117
9224.85 97.8118
9225.22 97.8118
9225.58 97.8119
9225.95 97.8107
9226.32 97.8095
9226.68 97.8096
9227.05 97.8098
9227.42 97.8099
9227.78 97.8102
9228.15 97.8105
9228.51 97.8109
9228.88 97.8115
9229.25 97.8122
9229.61 97.8131
9229.98 97.8142
9230.35 97.8156
9230.71 97.8171
9231.08 97.8188
9231.44 97.8207
9231.81 97.8225
9232.18 97.8245
9232.54 97.8265
9232.91 97.8264
9233.28 97.8283
9233.64 97.83
9234.01 97.8317
9234.37 97.8331
9234.74 97.8343
9235.11 97.8354
9235.47 97.8362
9235.84 97.8369
9236.21 97.8374
9236.57 97.8379
9236.94 97.8381
9237.3 97.8382
9237.67 97.8382
9238.04 97.8378
9238.4 97.8374
9238.77 97.837
9239.13 97.8364
9239.5 97.8358
9239.87 97.8352
9240.23 97.8345
9240.6 97.8338
9240.97 97.8331
9241.33 97.8325
9241.7 97.8319
9242.06 97.8314
9242.43 97.831
9242.8 97.8306
9243.16 97.8302
9243.53 97.8298
9243.9 97.8294
9244.26 97.8288
9244.63 97.8285
9244.99 97.828
9245.36 97.8275
9245.73 97.8274
9246.09 97.8268
9246.46 97.8262
9246.83 97.8255
9247.19 97.8247
9247.56 97.8238
9247.92 97.8229
9248.29 97.8219
9248.66 97.8208
9249.02 97.8197
9249.39 97.8185
9249.75 97.8172
9250.12 97.8159
9250.49 97.8137
9250.85 97.8124
9251.22 97.8111
9251.59 97.8099
9251.95 97.8088
9252.32 97.808
9252.68 97.8071
9253.05 97.8063
9253.42 97.8057
9253.78 97.8051
9254.15 97.8048
9254.52 97.8045
9254.88 97.8045
9255.25 97.8046
9255.61 97.805
9255.98 97.8055
9256.35 97.8063
9256.71 97.8072
9257.08 97.8083
9257.45 97.8096
9257.81 97.811
9258.18 97.8124
9258.54 97.814
9258.91 97.8142
9259.28 97.8158
9259.64 97.8173
9260.01 97.8187
9260.38 97.8201
9260.74 97.8213
9261.11 97.8225
9261.47 97.8235
9261.84 97.8244
9262.21 97.8252
9262.57 97.8259
9262.94 97.8265
9263.3 97.827
9263.67 97.8276
9264.04 97.8283
9264.4 97.829
9264.77 97.8298
9265.14 97.8307
9265.5 97.8307
9265.87 97.8318
9266.23 97.833
9266.6 97.8344
9266.97 97.8358
9267.33 97.8374
9267.7 97.839
9268.07 97.8407
9268.43 97.8424
9268.8 97.8447
9269.16 97.8465
9269.53 97.8481
9269.9 97.8497
9270.26 97.8512
9270.63 97.8525
9271 97.8537
9271.36 97.8548
9271.73 97.8558
9272.09 97.8566
9272.46 97.8575
9272.83 97.8584
9273.19 97.8591
9273.56 97.8597
9273.92 97.8603
9274.29 97.8608
9274.66 97.8613
9275.02 97.8625
9275.39 97.8628
9275.76 97.863
9276.12 97.8632
9276.49 97.8633
9276.85 97.8633
9277.22 97.8634
9277.59 97.8634
9277.95 97.8633
9278.32 97.8639
9278.69 97.8638
9279.05 97.8636
9279.42 97.8634
9279.78 97.8631
9280.15 97.8628
9280.52 97.8624
9280.88 97.8619
9281.25 97.8613
9281.62 97.8605
9281.98 97.8596
9282.35 97.8586
9282.71 97.8575
9283.08 97.8563
9283.45 97.855
9283.81 97.8536
9284.18 97.8521
9284.54 97.8505
9284.91 97.8496
9285.28 97.8478
9285.64 97.8459
9286.01 97.8439
9286.38 97.8418
9286.74 97.8396
9287.11 97.8373
9287.47 97.8333
9287.84 97.8309
9288.21 97.8286
9288.57 97.8263
9288.94 97.8242
9289.31 97.8222
9289.67 97.8203
9290.04 97.8186
9290.4 97.8171
9290.77 97.8157
9291.14 97.8144
9291.5 97.8141
9291.87 97.8131
9292.24 97.8121
9292.6 97.8112
9292.97 97.8104
9293.33 97.8096
9293.7 97.8089
9294.07 97.8082
9294.43 97.8074
9294.8 97.8068
9295.17 97.8061
9295.53 97.8056
9295.9 97.805
9296.26 97.8046
9296.63 97.8042
9297 97.8039
9297.36 97.8037
9297.73 97.8035
9298.09 97.8031
9298.46 97.8029
9298.83 97.8028
9299.19 97.8028
9299.56 97.8022
9299.93 97.8022
9300.29 97.8021
9300.66 97.8021
9301.02 97.8021
9301.39 97.802
9301.76 97.8019
9302.12 97.8019
9302.49 97.8018
9302.86 97.8017
9303.22 97.8016
9303.59 97.8014
9303.95 97.8013
9304.32 97.8011
9304.69 97.8009
9305.05 97.8009
9305.42 97.8008
9305.79 97.8009
9306.15 97.801
9306.52 97.8011
9306.88 97.8012
9307.25 97.8014
9307.62 97.8016
9307.98 97.8019
9308.35 97.8022
9308.71 97.8025
9309.08 97.8029
9309.45 97.8032
9309.81 97.8036
9310.18 97.804
9310.55 97.8044
9310.91 97.8048
9311.28 97.8055
9311.64 97.8059
9312.01 97.8068
9312.38 97.8071
9312.74 97.8074
9313.11 97.8076
9313.48 97.8078
9313.84 97.808
9314.21 97.808
9314.57 97.8081
9314.94 97.8081
9315.31 97.8081
9315.67 97.808
9316.04 97.808
9316.41 97.8079
9316.77 97.8079
9317.14 97.8079
9317.5 97.8073
9317.87 97.8072
9318.24 97.8065
9318.6 97.8066
9318.97 97.8068
9319.33 97.807
9319.7 97.8072
9320.07 97.8074
9320.43 97.8075
9320.8 97.8075
9321.17 97.8073
9321.53 97.8071
9321.9 97.8067
9322.26 97.8062
9322.63 97.8055
9323 97.8049
9323.36 97.8041
9323.73 97.8033
9324.1 97.803
9324.46 97.8021
9324.83 97.8013
9325.19 97.8006
9325.56 97.7998
9325.93 97.799
9326.29 97.7982
9326.66 97.7974
9327.03 97.7965
9327.39 97.7957
9327.76 97.7947
9328.12 97.7938
9328.49 97.7928
9328.86 97.7918
9329.22 97.7908
9329.59 97.7897
9329.96 97.7886
9330.32 97.7875
9330.69 97.7876
9331.05 97.7864
9331.42 97.7853
9331.79 97.7842
9332.15 97.7832
9332.52 97.7822
9332.88 97.7813
9333.25 97.7805
9333.62 97.7797
9333.98 97.7789
9334.35 97.7782
9334.72 97.7775
9335.08 97.7768
9335.45 97.7761
9335.81 97.7754
9336.18 97.7748
9336.55 97.7739
9336.91 97.7732
9337.28 97.7729
9337.65 97.7722
9338.01 97.7716
9338.38 97.7709
9338.74 97.7704
9339.11 97.7699
9339.48 97.7695
9339.84 97.7692
9340.21 97.769
9340.58 97.769
9340.94 97.7691
9341.31 97.7693
9341.67 97.7697
9342.04 97.7701
9342.41 97.7705
9342.77 97.7708
9343.14 97.7713
9343.5 97.7719
9343.87 97.7717
9344.24 97.7722
9344.6 97.7727
9344.97 97.7731
9345.34 97.7736
9345.7 97.7739
9346.07 97.7744
9346.43 97.7748
9346.8 97.7752
9347.17 97.7756
9347.53 97.7761
9347.9 97.7766
9348.27 97.7771
9348.63 97.7777
9349 97.7788
9349.36 97.7795
9349.73 97.7802
9350.1 97.7808
9350.46 97.7816
9350.83 97.7824
9351.2 97.7832
9351.56 97.784
9351.93 97.7848
9352.29 97.7856
9352.66 97.7863
9353.03 97.787
9353.39 97.7877
9353.76 97.7883
9354.13 97.7889
9354.49 97.7894
9354.86 97.7899
9355.22 97.7906
9355.59 97.791
9355.96 97.7913
9356.32 97.7916
9356.69 97.792
9357.05 97.7921
9357.42 97.7923
9357.79 97.7923
9358.15 97.7922
9358.52 97.7921
9358.89 97.792
9359.25 97.7919
9359.62 97.7918
9359.98 97.7917
9360.35 97.7917
9360.72 97.7918
9361.08 97.7919
9361.45 97.7925
9361.82 97.793
9362.18 97.7935
9362.55 97.7941
9362.91 97.7948
9363.28 97.7952
9363.65 97.796
9364.01 97.7967
9364.38 97.7975
9364.75 97.7983
9365.11 97.7991
9365.48 97.7999
9365.84 97.8008
9366.21 97.8016
9366.58 97.8025
9366.94 97.8034
9367.31 97.805
9367.67 97.806
9368.04 97.807
9368.41 97.8079
9368.77 97.8089
9369.14 97.8099
9369.51 97.8109
9369.87 97.812
9370.24 97.8129
9370.6 97.8139
9370.97 97.8148
9371.34 97.8157
9371.7 97.8165
9372.07 97.8172
9372.44 97.818
9372.8 97.8186
9373.17 97.8193
9373.53 97.8211
9373.9 97.8216
9374.27 97.8221
9374.63 97.8226
9375 97.823
9375.37 97.8234
9375.73 97.8237
9376.1 97.824
9376.46 97.8249
9376.83 97.825
9377.2 97.8251
9377.56 97.8251
9377.93 97.8251
9378.29 97.8251
9378.66 97.8251
9379.03 97.825
9379.39 97.825
9379.76 97.8255
9380.13 97.8256
9380.49 97.8258
9380.86 97.826
9381.22 97.8263
9381.59 97.8267
9381.96 97.8271
9382.32 97.8276
9382.69 97.8282
9383.06 97.8291
9383.42 97.8298
9383.79 97.8306
9384.15 97.8315
9384.52 97.8324
9384.89 97.8335
9385.25 97.8347
9385.62 97.8361
9385.99 97.8383
9386.35 97.8399
9386.72 97.8416
9387.08 97.8434
9387.45 97.8452
9387.82 97.847
9388.18 97.8488
9388.55 97.8504
9388.92 97.852
9389.28 97.8524
9389.65 97.8538
9390.01 97.855
9390.38 97.8561
9390.75 97.8571
9391.11 97.8579
9391.48 97.8586
9391.84 97.8592
9392.21 97.86
9392.58 97.8606
9392.94 97.8612
9393.31 97.8618
9393.68 97.8625
9394.04 97.8631
9394.41 97.8638
9394.77 97.8645
9395.14 97.8652
9395.51 97.866
9395.87 97.8665
9396.24 97.8673
9396.61 97.868
9396.97 97.8687
9397.34 97.8694
9397.7 97.8701
9398.07 97.8715
9398.44 97.8721
9398.8 97.8727
9399.17 97.8732
9399.54 97.8737
9399.9 97.8741
9400.27 97.8745
9400.63 97.8748
9401 97.8751
9401.37 97.8752
9401.73 97.8754
9402.1 97.8754
9402.46 97.8755
9402.83 97.8754
9403.2 97.8752
9403.56 97.875
9403.93 97.8747
9404.3 97.8744
9404.66 97.8739
9405.03 97.8734
9405.39 97.8728
9405.76 97.8721
9406.13 97.8714
9406.49 97.8707
9406.86 97.8698
9407.23 97.869
9407.59 97.8681
9407.96 97.8672
9408.32 97.8663
9408.69 97.8655
9409.06 97.8657
9409.42 97.8649
9409.79 97.8642
9410.16 97.8635
9410.52 97.8632
9410.89 97.8627
9411.25 97.8623
9411.62 97.8619
9411.99 97.8617
9412.35 97.8616
9412.72 97.8616
9413.08 97.8618
9413.45 97.862
9413.82 97.8623
9414.18 97.8627
9414.55 97.8632
9414.92 97.8636
9415.28 97.8642
9415.65 97.8642
9416.01 97.8647
9416.38 97.8651
9416.75 97.8655
9417.11 97.8658
9417.48 97.8661
9417.85 97.8663
9418.21 97.8664
9418.58 97.8665
9418.94 97.8664
9419.31 97.8663
9419.68 97.8661
9420.04 97.8658
9420.41 97.8654
9420.78 97.865
9421.14 97.8644
9421.51 97.8638
9421.87 97.8639
9422.24 97.8631
9422.61 97.8624
9422.97 97.8615
9423.34 97.8605
9423.71 97.8595
9424.07 97.8585
9424.44 97.8574
9424.8 97.8562
9425.17 97.8551
9425.54 97.854
9425.9 97.8529
9426.27 97.8518
9426.63 97.8508
9427 97.8498
9427.37 97.8489
9427.73 97.8482
9428.1 97.8475
9428.47 97.8471
9428.83 97.8466
9429.2 97.8458
9429.56 97.8455
9429.93 97.8453
9430.3 97.8452
9430.66 97.8451
9431.03 97.845
9431.4 97.8448
9431.76 97.8446
9432.13 97.8442
9432.49 97.8439
9432.86 97.8434
9433.23 97.8429
9433.59 97.8424
9433.96 97.8419
9434.33 97.8413
9434.69 97.8408
9435.06 97.8403
9435.42 97.8401
9435.79 97.8398
9436.16 97.8396
9436.52 97.8394
9436.89 97.8392
9437.25 97.8391
9437.62 97.8389
9437.99 97.8388
9438.35 97.8387
9438.72 97.8385
9439.09 97.8383
9439.45 97.8382
9439.82 97.838
9440.18 97.8378
9440.55 97.8375
9440.92 97.8373
9441.28 97.8371
9441.65 97.8373
9442.02 97.8368
9442.38 97.8363
9442.75 97.8357
9443.11 97.8351
9443.48 97.8343
9443.85 97.8335
9444.21 97.8325
9444.58 97.8314
9444.95 97.8302
9445.31 97.8289
9445.68 97.8275
9446.04 97.8261
9446.41 97.8246
9446.78 97.8231
9447.14 97.8217
9447.51 97.8195
9447.88 97.8184
9448.24 97.8178
9448.61 97.8169
9448.97 97.8161
9449.34 97.8156
9449.71 97.8152
9450.07 97.8149
9450.44 97.8147
9450.8 97.8146
9451.17 97.8146
9451.54 97.8145
9451.9 97.8145
9452.27 97.8144
9452.64 97.8143
9453 97.8141
9453.37 97.8139
9453.73 97.8143
9454.1 97.814
9454.47 97.8138
9454.83 97.8145
9455.2 97.8143
9455.57 97.8142
9455.93 97.814
9456.3 97.8138
9456.66 97.8136
9457.03 97.8135
9457.4 97.8134
9457.76 97.8133
9458.13 97.8132
9458.5 97.8131
9458.86 97.813
9459.23 97.8129
9459.59 97.8127
9459.96 97.8137
9460.33 97.8135
9460.69 97.8133
9461.06 97.8144
9461.42 97.8142
9461.79 97.814
9462.16 97.8139
9462.52 97.8137
9462.89 97.8137
9463.26 97.8136
9463.62 97.8137
9463.99 97.8137
9464.35 97.8139
9464.72 97.8142
9465.09 97.8146
9465.45 97.8151
9465.82 97.8165
9466.19 97.8173
9466.55 97.8183
9466.92 97.8196
9467.28 97.8211
9467.65 97.8216
9468.02 97.8233
9468.38 97.8252
9468.75 97.8273
9469.12 97.8297
9469.48 97.8321
9469.85 97.8346
9470.21 97.837
9470.58 97.8391
9470.95 97.841
9471.31 97.8426
9471.68 97.8438
9472.04 97.8443
9472.41 97.8449
9472.78 97.8453
9473.14 97.8455
9473.51 97.8456
9473.88 97.8455
9474.24 97.8449
9474.61 97.8449
9474.97 97.845
9475.34 97.8451
9475.71 97.8452
9476.07 97.8454
9476.44 97.8456
9476.81 97.8458
9477.17 97.8461
9477.54 97.8464
9477.9 97.8468
9478.27 97.8476
9478.64 97.8479
9479 97.8483
9479.37 97.8487
9479.74 97.849
9480.1 97.8494
9480.47 97.8497
9480.83 97.8502
9481.2 97.8504
9481.57 97.8506
9481.93 97.8507
9482.3 97.8507
9482.67 97.8506
9483.03 97.8503
9483.4 97.85
9483.76 97.8495
9484.13 97.8489
9484.5 97.8475
9484.86 97.8465
9485.23 97.8454
9485.59 97.8443
9485.96 97.8431
9486.33 97.8421
9486.69 97.8411
9487.06 97.8403
9487.43 97.8394
9487.79 97.8388
9488.16 97.8382
9488.52 97.8379
9488.89 97.8376
9489.26 97.8374
9489.62 97.8373
9489.99 97.8373
9490.36 97.8373
9490.72 97.8366
9491.09 97.8368
9491.45 97.837
9491.82 97.8373
9492.19 97.8376
9492.55 97.8379
9492.92 97.8383
9493.29 97.8387
9493.65 97.8379
9494.02 97.8384
9494.38 97.839
9494.75 97.8397
9495.12 97.8404
9495.48 97.8412
9495.85 97.842
9496.21 97.8429
9496.58 97.8438
9496.95 97.8437
9497.31 97.8444
9497.68 97.8451
9498.05 97.8458
9498.41 97.8464
9498.78 97.8469
9499.14 97.8474
9499.51 97.8477
9499.88 97.848
9500.24 97.8473
9500.61 97.8475
9500.98 97.8477
9501.34 97.8478
9501.71 97.848
9502.07 97.848
9502.44 97.8481
9502.81 97.847
9503.17 97.8468
9503.54 97.8466
9503.91 97.8463
9504.27 97.846
9504.64 97.8456
9505 97.8451
9505.37 97.8446
9505.74 97.844
9506.1 97.8434
9506.47 97.8427
9506.83 97.8416
9507.2 97.841
9507.57 97.8405
9507.93 97.84
9508.3 97.8395
9508.67 97.8392
9509.03 97.8382
9509.4 97.8381
9509.76 97.838
9510.13 97.838
9510.5 97.8382
9510.86 97.8384
9511.23 97.8388
9511.6 97.8392
9511.96 97.8397
9512.33 97.8404
9512.69 97.8412
9513.06 97.8421
9513.43 97.8421
9513.79 97.8431
9514.16 97.8441
9514.53 97.8452
9514.89 97.8462
9515.26 97.8473
9515.62 97.8483
9515.99 97.8491
9516.36 97.8499
9516.72 97.8505
9517.09 97.8511
9517.46 97.8516
9517.82 97.852
9518.19 97.8524
9518.55 97.8528
9518.92 97.8531
9519.29 97.8535
9519.65 97.854
9520.02 97.8534
9520.38 97.8539
9520.75 97.8545
9521.12 97.8552
9521.48 97.8555
9521.85 97.8566
9522.22 97.8578
9522.58 97.8592
9522.95 97.8605
9523.31 97.8618
9523.68 97.863
9524.05 97.864
9524.41 97.8648
9524.78 97.8653
9525.15 97.8656
9525.51 97.8656
9525.88 97.8655
9526.24 97.8652
9526.61 97.8637
9526.98 97.8634
9527.34 97.8631
9527.71 97.8616
9528.08 97.8615
9528.44 97.8616
9528.81 97.8617
9529.17 97.8618
9529.54 97.862
9529.91 97.8622
9530.27 97.8624
9530.64 97.8626
9531 97.8628
9531.37 97.863
9531.74 97.8631
9532.1 97.8632
9532.47 97.8632
9532.84 97.8623
9533.2 97.8621
9533.57 97.8608
9533.93 97.8604
9534.3 97.8598
9534.67 97.859
9535.03 97.8581
9535.4 97.857
9535.77 97.8559
9536.13 97.8545
9536.5 97.8531
9536.86 97.8516
9537.23 97.85
9537.6 97.8485
9537.96 97.8471
9538.33 97.8458
9538.7 97.8447
9539.06 97.8437
9539.43 97.8422
9539.79 97.8405
9540.16 97.8403
9540.53 97.8402
9540.89 97.8402
9541.26 97.8405
9541.63 97.8408
9541.99 97.8412
9542.36 97.8418
9542.72 97.8424
9543.09 97.8431
9543.46 97.8438
9543.82 97.8446
9544.19 97.8453
9544.55 97.8461
9544.92 97.8469
9545.29 97.8476
9545.65 97.8484
9546.02 97.8481
9546.39 97.8489
9546.75 97.8497
9547.12 97.8505
9547.48 97.8513
9547.85 97.8522
9548.22 97.853
9548.58 97.8538
9548.95 97.8545
9549.32 97.8552
9549.68 97.8557
9550.05 97.856
9550.41 97.8562
9550.78 97.8563
9551.15 97.8563
9551.51 97.8561
9551.88 97.8559
9552.25 97.8551
9552.61 97.8547
9552.98 97.854
9553.34 97.8533
9553.71 97.8525
9554.08 97.8516
9554.44 97.8505
9554.81 97.8494
9555.17 97.8482
9555.54 97.8468
9555.91 97.8454
9556.27 97.8439
9556.64 97.8424
9557.01 97.8409
9557.37 97.8394
9557.74 97.8381
9558.1 97.8367
9558.47 97.8345
9558.84 97.8334
9559.2 97.8326
9559.57 97.8317
9559.94 97.8308
9560.3 97.83
9560.67 97.8293
9561.03 97.8286
9561.4 97.8279
9561.77 97.8272
9562.13 97.8266
9562.5 97.826
9562.87 97.8253
9563.23 97.8246
9563.6 97.8239
9563.96 97.8232
9564.33 97.8221
9564.7 97.8213
9565.06 97.8205
9565.43 97.82
9565.79 97.8192
9566.16 97.8183
9566.53 97.8175
9566.89 97.8168
9567.26 97.8161
9567.63 97.8155
9567.99 97.815
9568.36 97.8146
9568.72 97.8143
9569.09 97.8141
9569.46 97.814
9569.82 97.8139
9570.19 97.8139
9570.56 97.8136
9570.92 97.8137
9571.29 97.8138
9571.65 97.8139
9572.02 97.8134
9572.39 97.8135
9572.75 97.8136
9573.12 97.8137
9573.49 97.8138
9573.85 97.814
9574.22 97.8141
9574.58 97.8143
9574.95 97.8145
9575.32 97.8148
9575.68 97.8151
9576.05 97.8155
9576.42 97.8159
9576.78 97.8162
9577.15 97.8169
9577.51 97.8176
9577.88 97.8184
9578.25 97.8193
9578.61 97.8193
9578.98 97.8203
9579.34 97.8212
9579.71 97.8221
9580.08 97.823
9580.44 97.8238
9580.81 97.8246
9581.18 97.8254
9581.54 97.826
9581.91 97.8266
9582.27 97.8272
9582.64 97.8276
9583.01 97.8285
9583.37 97.8288
9583.74 97.8289
9584.11 97.8289
9584.47 97.8288
9584.84 97.8286
9585.2 97.8287
9585.57 97.8284
9585.94 97.828
9586.3 97.8276
9586.67 97.8271
9587.04 97.8267
9587.4 97.8262
9587.77 97.8259
9588.13 97.8255
9588.5 97.8253
9588.87 97.8251
9589.23 97.8248
9589.6 97.8248
9589.96 97.8248
9590.33 97.8249
9590.7 97.825
9591.06 97.8253
9591.43 97.8256
9591.8 97.8252
9592.16 97.8256
9592.53 97.8262
9592.89 97.8268
9593.26 97.8276
9593.63 97.8285
9593.99 97.8295
9594.36 97.8305
9594.73 97.8315
9595.09 97.8326
9595.46 97.8331
9595.82 97.8341
9596.19 97.8349
9596.56 97.8357
9596.92 97.8364
9597.29 97.837
9597.66 97.8376
9598.02 97.8375
9598.39 97.8382
9598.75 97.8388
9599.12 97.8394
9599.49 97.84
9599.85 97.8407
9600.22 97.8413
9600.58 97.842
9600.95 97.8427
9601.32 97.8438
9601.68 97.8446
9602.05 97.8454
9602.42 97.8463
9602.78 97.8472
9603.15 97.8481
9603.51 97.849
9603.88 97.8499
9604.25 97.8508
9604.61 97.8511
9604.98 97.852
9605.35 97.8527
9605.71 97.8535
9606.08 97.8542
9606.44 97.8548
9606.81 97.8555
9607.18 97.8561
9607.54 97.8568
9607.91 97.8575
9608.28 97.8581
9608.64 97.8589
9609.01 97.8597
9609.37 97.8606
9609.74 97.8616
9610.11 97.8626
9610.47 97.8637
9610.84 97.8649
9611.21 97.8651
9611.57 97.8662
9611.94 97.8674
9612.3 97.8685
9612.67 97.8696
9613.04 97.8708
9613.4 97.8719
9613.77 97.8731
9614.13 97.8742
9614.5 97.8754
9614.87 97.8765
9615.23 97.8777
9615.6 97.8788
9615.97 97.88
9616.33 97.8811
9616.7 97.8821
9617.06 97.8832
9617.43 97.8842
9617.8 97.884
9618.16 97.885
9618.53 97.8861
9618.9 97.8872
9619.26 97.8882
9619.63 97.8893
9619.99 97.8904
9620.36 97.8915
9620.73 97.8926
9621.09 97.8938
9621.46 97.895
9621.83 97.8961
9622.19 97.8974
9622.56 97.8987
9622.92 97.9
9623.29 97.9014
9623.66 97.9028
9624.02 97.9043
9624.39 97.9039
9624.75 97.9054
9625.12 97.9069
9625.49 97.9085
9625.85 97.9101
9626.22 97.9113
9626.59 97.9129
9626.95 97.9146
9627.32 97.9163
9627.68 97.918
9628.05 97.9197
9628.42 97.9213
9628.78 97.9228
9629.15 97.9242
9629.52 97.9254
9629.88 97.9264
9630.25 97.9273
9630.61 97.9281
9630.98 97.9279
9631.35 97.9286
9631.71 97.9294
9632.08 97.93
9632.45 97.9307
9632.81 97.9313
9633.18 97.932
9633.54 97.9328
9633.91 97.9335
9634.28 97.9344
9634.64 97.9353
9635.01 97.9364
9635.38 97.9376
9635.74 97.9388
9636.11 97.9401
9636.47 97.9415
9636.84 97.9429
9637.21 97.9436
9637.57 97.9451
9637.94 97.9467
9638.3 97.9492
9638.67 97.9509
9639.04 97.9525
9639.4 97.9542
9639.77 97.9559
9640.14 97.9576
9640.5 97.9592
9640.87 97.9609
9641.23 97.9626
9641.6 97.9642
9641.97 97.9659
9642.33 97.9675
9642.7 97.9691
9643.07 97.9706
9643.43 97.9721
9643.8 97.9729
9644.16 97.9743
9644.53 97.9763
9644.9 97.9775
9645.26 97.9786
9645.63 97.9795
9646 97.9804
9646.36 97.9811
9646.73 97.9816
9647.09 97.982
9647.46 97.9823
9647.83 97.9825
9648.19 97.9826
9648.56 97.9826
9648.92 97.9825
9649.29 97.9824
9649.66 97.9822
9650.02 97.982
9650.39 97.9817
9650.76 97.9811
9651.12 97.9809
9651.49 97.9809
9651.85 97.9809
9652.22 97.9811
9652.59 97.9814
9652.95 97.9818
9653.32 97.9823
9653.69 97.9829
9654.05 97.9836
9654.42 97.9844
9654.78 97.9851
9655.15 97.9859
9655.52 97.9866
9655.88 97.9872
9656.25 97.9877
9656.62 97.9882
9656.98 97.9884
9657.35 97.9887
9657.71 97.989
9658.08 97.9893
9658.45 97.9895
9658.81 97.9897
9659.18 97.9899
9659.54 97.9901
9659.91 97.9903
9660.28 97.9905
9660.64 97.9908
9661.01 97.9912
9661.38 97.9916
9661.74 97.9921
9662.11 97.9926
9662.47 97.9933
9662.84 97.9939
9663.21 97.9953
9663.57 97.9961
9663.94 97.9969
9664.31 97.9978
9664.67 97.9988
9665.04 97.9998
9665.4 98.0008
9665.77 98.0019
9666.14 98.003
9666.5 98.0041
9666.87 98.0053
9667.24 98.0064
9667.6 98.0077
9667.97 98.0089
9668.33 98.0101
9668.7 98.0113
9669.07 98.0133
9669.43 98.0145
9669.8 98.0151
9670.17 98.0161
9670.53 98.0171
9670.9 98.018
9671.26 98.0189
9671.63 98.0197
9672 98.0203
9672.36 98.0209
9672.73 98.0213
9673.09 98.0216
9673.46 98.0217
9673.83 98.0218
9674.19 98.0216
9674.56 98.0213
9674.93 98.0209
9675.29 98.0201
9675.66 98.0195
9676.02 98.0188
9676.39 98.0187
9676.76 98.018
9677.12 98.0172
9677.49 98.0164
9677.86 98.0156
9678.22 98.0149
9678.59 98.0141
9678.95 98.0134
9679.32 98.0127
9679.69 98.0121
9680.05 98.0116
9680.42 98.0112
9680.79 98.0108
9681.15 98.0105
9681.52 98.0112
9681.88 98.011
9682.25 98.0109
9682.62 98.0109
9682.98 98.0118
9683.35 98.0118
9683.71 98.0119
9684.08 98.0119
9684.45 98.0121
9684.81 98.0122
9685.18 98.0124
9685.55 98.0127
9685.91 98.0129
9686.28 98.0133
9686.64 98.0136
9687.01 98.014
9687.38 98.0144
9687.74 98.0159
9688.11 98.0163
9688.48 98.0167
9688.84 98.017
9689.21 98.0173
9689.57 98.0183
9689.94 98.0185
9690.31 98.0187
9690.67 98.0189
9691.04 98.019
9691.41 98.019
9691.77 98.0191
9692.14 98.019
9692.5 98.019
9692.87 98.0189
9693.24 98.0188
9693.6 98.0187
9693.97 98.019
9694.33 98.0188
9694.7 98.0185
9695.07 98.0182
9695.43 98.0178
9695.8 98.0174
9696.17 98.0178
9696.53 98.0173
9696.9 98.0168
9697.26 98.0164
9697.63 98.0159
9698 98.0154
9698.36 98.0149
9698.73 98.0144
9699.1 98.0139
9699.46 98.0134
9699.83 98.0138
9700.19 98.0134
9700.56 98.0131
9700.93 98.0128
9701.29 98.0125
9701.66 98.0123
9702.03 98.0121
9702.39 98.012
9702.76 98.0129
9703.12 98.0128
9703.49 98.0128
9703.86 98.0128
9704.22 98.0128
9704.59 98.0129
9704.96 98.0131
9705.32 98.0134
9705.69 98.0137
9706.05 98.0151
9706.42 98.0156
9706.79 98.0162
9707.15 98.0167
9707.52 98.0174
9707.88 98.018
9708.25 98.0186
9708.62 98.0192
9708.98 98.0202
9709.35 98.0208
9709.72 98.0213
9710.08 98.0219
9710.45 98.0223
9710.81 98.0229
9711.18 98.0233
9711.55 98.0238
9711.91 98.0243
9712.28 98.0255
9712.65 98.0259
9713.01 98.0263
9713.38 98.0267
9713.74 98.0271
9714.11 98.0275
9714.48 98.0279
9714.84 98.0284
9715.21 98.0288
9715.58 98.0296
9715.94 98.0302
9716.31 98.0307
9716.67 98.0313
9717.04 98.0318
9717.41 98.0324
9717.77 98.0329
9718.14 98.0334
9718.5 98.0346
9718.87 98.0349
9719.24 98.0351
9719.6 98.0353
9719.97 98.0354
9720.34 98.0354
9720.7 98.0353
9721.07 98.035
9721.43 98.0347
9721.8 98.0343
9722.17 98.0345
9722.53 98.0339
9722.9 98.0333
9723.27 98.0326
9723.63 98.0319
9724 98.0311
9724.36 98.0303
9724.73 98.0297
9725.1 98.0289
9725.46 98.0282
9725.83 98.0276
9726.2 98.0269
9726.56 98.0263
9726.93 98.0258
9727.29 98.0252
9727.66 98.0247
9728.03 98.0242
9728.39 98.0238
9728.76 98.0239
9729.13 98.0235
9729.49 98.023
9729.86 98.0225
9730.22 98.022
9730.59 98.0214
9730.96 98.0208
9731.32 98.0202
9731.69 98.0197
9732.05 98.0191
9732.42 98.0185
9732.79 98.0179
9733.15 98.0174
9733.52 98.0169
9733.89 98.0165
9734.25 98.0162
9734.62 98.0159
9734.98 98.0157
9735.35 98.016
9735.72 98.0159
9736.08 98.0159
9736.45 98.0159
9736.82 98.0165
9737.18 98.0167
9737.55 98.017
9737.91 98.0173
9738.28 98.0177
9738.65 98.018
9739.01 98.0185
9739.38 98.0189
9739.75 98.0194
9740.11 98.0199
9740.48 98.0204
9740.84 98.0209
9741.21 98.0214
9741.58 98.0221
9741.94 98.0226
9742.31 98.0232
9742.67 98.0237
9743.04 98.0251
9743.41 98.0257
9743.77 98.0263
9744.14 98.0269
9744.51 98.0276
9744.87 98.0283
9745.24 98.0291
9745.6 98.0299
9745.97 98.0308
9746.34 98.0317
9746.7 98.0326
9747.07 98.0336
9747.44 98.0346
9747.8 98.0357
9748.17 98.0366
9748.53 98.0376
9748.9 98.0387
9749.27 98.0406
9749.63 98.0415
9750 98.0424
9750.37 98.0432
9750.73 98.044
9751.1 98.0447
9751.46 98.0453
9751.83 98.0459
9752.2 98.0464
9752.56 98.0468
9752.93 98.0472
9753.29 98.0476
9753.66 98.048
9754.03 98.0483
9754.39 98.0486
9754.76 98.0487
9755.13 98.049
9755.49 98.0493
9755.86 98.0497
9756.22 98.0502
9756.59 98.0507
9756.96 98.0514
9757.32 98.0521
9757.69 98.0529
9758.06 98.0538
9758.42 98.0547
9758.79 98.0556
9759.15 98.0565
9759.52 98.0574
9759.89 98.0584
9760.25 98.0593
9760.62 98.0602
9760.99 98.061
9761.35 98.0615
9761.72 98.0628
9762.08 98.0636
9762.45 98.0643
9762.82 98.0649
9763.18 98.0654
9763.55 98.0658
9763.92 98.066
9764.28 98.0661
9764.65 98.0661
9765.01 98.066
9765.38 98.0658
9765.75 98.0656
9766.11 98.0652
9766.48 98.0648
9766.84 98.0645
9767.21 98.0642
9767.58 98.0643
9767.94 98.0647
9768.31 98.0647
9768.68 98.0647
9769.04 98.0648
9769.41 98.065
9769.77 98.0652
9770.14 98.0655
9770.51 98.0658
9770.87 98.0662
9771.24 98.0666
9771.61 98.067
9771.97 98.0675
9772.34 98.068
9772.7 98.0686
9773.07 98.0691
9773.44 98.0698
9773.8 98.0714
9774.17 98.0721
9774.54 98.0731
9774.9 98.074
9775.27 98.0748
9775.63 98.0757
9776 98.0765
9776.37 98.0774
9776.73 98.0781
9777.1 98.0788
9777.46 98.0795
9777.83 98.08
9778.2 98.0805
9778.56 98.0809
9778.93 98.0813
9779.3 98.0816
9779.66 98.0818
9780.03 98.0825
9780.39 98.0826
9780.76 98.083
9781.13 98.083
9781.49 98.0831
9781.86 98.0832
9782.23 98.0832
9782.59 98.0834
9782.96 98.0835
9783.32 98.0837
9783.69 98.084
9784.06 98.0843
9784.42 98.0846
9784.79 98.085
9785.16 98.0854
9785.52 98.0858
9785.89 98.0863
9786.25 98.0872
9786.62 98.0877
9786.99 98.0882
9787.35 98.0888
9787.72 98.0893
9788.08 98.0898
9788.45 98.0902
9788.82 98.0906
9789.18 98.091
9789.55 98.0914
9789.92 98.0917
9790.28 98.0921
9790.65 98.0924
9791.01 98.0927
9791.38 98.093
9791.75 98.0933
9792.11 98.0936
9792.48 98.0946
9792.85 98.0948
9793.21 98.0951
9793.58 98.0953
9793.94 98.096
9794.31 98.0962
9794.68 98.0963
9795.04 98.0965
9795.41 98.0967
9795.78 98.0969
9796.14 98.0972
9796.51 98.0974
9796.87 98.0976
9797.24 98.0979
9797.61 98.0982
9797.97 98.0985
9798.34 98.0989
9798.71 98.0995
9799.07 98.0999
9799.44 98.1004
9799.8 98.101
9800.17 98.1016
9800.54 98.102
9800.9 98.1027
9801.27 98.1034
9801.63 98.1042
9802 98.105
9802.37 98.1059
9802.73 98.1068
9803.1 98.1077
9803.47 98.1086
9803.83 98.1095
9804.2 98.1104
9804.56 98.1117
9804.93 98.1125
9805.3 98.1134
9805.66 98.1142
9806.03 98.115
9806.4 98.1159
9806.76 98.1167
9807.13 98.1168
9807.49 98.1175
9807.86 98.1183
9808.23 98.1191
9808.59 98.1198
9808.96 98.1206
9809.33 98.1213
9809.69 98.1219
9810.06 98.1225
9810.42 98.123
9810.79 98.1229
9811.16 98.1232
9811.52 98.1233
9811.89 98.1233
9812.25 98.1232
9812.62 98.123
9812.99 98.1227
9813.35 98.1221
9813.72 98.1218
9814.09 98.1213
9814.45 98.1208
9814.82 98.1202
9815.18 98.1195
9815.55 98.1188
9815.92 98.1181
9816.28 98.1173
9816.65 98.1165
9817.02 98.1151
9817.38 98.1141
9817.75 98.1131
9818.11 98.1121
9818.48 98.1109
9818.85 98.1096
9819.21 98.1083
9819.58 98.1068
9819.95 98.1061
9820.31 98.1045
9820.68 98.1028
9821.04 98.101
9821.41 98.0993
9821.78 98.0975
9822.14 98.0957
9822.51 98.0939
9822.88 98.0922
9823.24 98.0899
9823.61 98.0884
9823.97 98.0869
9824.34 98.0855
9824.71 98.0842
9825.07 98.083
9825.44 98.0818
9825.8 98.0808
9826.17 98.0798
9826.54 98.0797
9826.9 98.0788
9827.27 98.078
9827.64 98.0772
9828 98.0765
9828.37 98.0758
9828.73 98.0752
9829.1 98.0746
9829.47 98.0742
9829.83 98.0737
9830.2 98.0732
9830.57 98.0726
9830.93 98.0721
9831.3 98.0715
9831.66 98.071
9832.03 98.0705
9832.4 98.0699
9832.76 98.0693
9833.13 98.0694
9833.5 98.0688
9833.86 98.0681
9834.23 98.0674
9834.59 98.0667
9834.96 98.066
9835.33 98.0651
9835.69 98.0642
9836.06 98.0633
9836.42 98.0624
9836.79 98.0616
9837.16 98.0607
9837.52 98.0599
9837.89 98.0591
9838.26 98.0583
9838.62 98.0576
9838.99 98.057
9839.35 98.0564
9839.72 98.0567
9840.09 98.0563
9840.45 98.0558
9840.82 98.0554
9841.19 98.055
9841.55 98.0552
9841.92 98.0548
9842.28 98.0544
9842.65 98.0539
9843.02 98.0535
9843.38 98.053
9843.75 98.0524
9844.12 98.0517
9844.48 98.051
9844.85 98.0502
9845.21 98.0493
9845.58 98.0483
9845.95 98.0472
9846.31 98.0466
9846.68 98.0453
9847.04 98.0438
9847.41 98.0423
9847.78 98.0394
9848.14 98.0377
9848.51 98.0361
9848.88 98.0345
9849.24 98.033
9849.61 98.0316
9849.97 98.0303
9850.34 98.0292
9850.71 98.0281
9851.07 98.027
9851.44 98.026
9851.81 98.0251
9852.17 98.0242
9852.54 98.0233
9852.9 98.0224
9853.27 98.0215
9853.64 98.0206
9854 98.0185
9854.37 98.0174
9854.74 98.0163
9855.1 98.0152
9855.47 98.014
9855.83 98.0127
9856.2 98.0113
9856.57 98.0097
9856.93 98.0081
9857.3 98.0063
9857.67 98.0045
9858.03 98.0026
9858.4 98.0006
9858.76 97.9985
9859.13 97.9969
9859.5 97.995
9859.86 97.993
9860.23 97.9901
9860.59 97.9885
9860.96 97.9871
9861.33 97.9858
9861.69 97.9846
9862.06 97.9835
9862.43 97.9825
9862.79 97.9815
9863.16 97.9807
9863.52 97.9799
9863.89 97.9792
9864.26 97.9786
9864.62 97.978
9864.99 97.9773
9865.36 97.9767
9865.72 97.9764
9866.09 97.9758
9866.45 97.9747
9866.82 97.974
9867.19 97.9734
9867.55 97.9727
9867.92 97.972
9868.29 97.9714
9868.65 97.9707
9869.02 97.9701
9869.38 97.9695
9869.75 97.9688
9870.12 97.9682
9870.48 97.9676
9870.85 97.967
9871.21 97.9664
9871.58 97.9658
9871.95 97.9651
9872.31 97.9642
9872.68 97.9635
9873.05 97.9628
9873.41 97.9621
9873.78 97.9614
9874.14 97.9607
9874.51 97.96
9874.88 97.9594
9875.24 97.9587
9875.61 97.9581
9875.98 97.9575
9876.34 97.9569
9876.71 97.9563
9877.07 97.9558
9877.44 97.9553
9877.81 97.9548
9878.17 97.9544
9878.54 97.9539
9878.91 97.9537
9879.27 97.9533
9879.64 97.9529
9880 97.9525
9880.37 97.9521
9880.74 97.9516
9881.1 97.9511
9881.47 97.9505
9881.83 97.9499
9882.2 97.9492
9882.57 97.9485
9882.93 97.9478
9883.3 97.947
9883.67 97.9462
9884.03 97.9454
9884.4 97.9446
9884.76 97.9435
9885.13 97.9433
9885.5 97.9427
9885.86 97.9422
9886.23 97.9418
9886.6 97.9415
9886.96 97.9413
9887.33 97.9413
9887.69 97.9413
9888.06 97.9415
9888.43 97.9418
9888.79 97.9421
9889.16 97.9426
9889.53 97.9431
9889.89 97.9438
9890.26 97.9445
9890.62 97.9452
9890.99 97.9466
9891.36 97.9475
9891.72 97.948
9892.09 97.9489
9892.46 97.9498
9892.82 97.9507
9893.19 97.9517
9893.55 97.9526
9893.92 97.9536
9894.29 97.9546
9894.65 97.9556
9895.02 97.9566
9895.38 97.9577
9895.75 97.9589
9896.12 97.96
9896.48 97.9612
9896.85 97.9624
9897.22 97.9635
9897.58 97.9647
9897.95 97.9659
9898.31 97.9657
9898.68 97.9668
9899.05 97.9679
9899.41 97.9689
9899.78 97.9699
9900.15 97.9709
9900.51 97.9718
9900.88 97.9727
9901.24 97.9736
9901.61 97.9745
9901.98 97.9754
9902.34 97.9763
9902.71 97.9773
9903.08 97.9785
9903.44 97.9796
9903.81 97.9808
9904.17 97.982
9904.54 97.9832
9904.91 97.9835
9905.27 97.9848
9905.64 97.986
9906 97.9872
9906.37 97.9883
9906.74 97.9894
9907.1 97.9904
9907.47 97.9914
9907.84 97.9923
9908.2 97.9931
9908.57 97.9938
9908.93 97.9944
9909.3 97.9953
9909.67 97.9958
9910.03 97.9963
9910.4 97.9967
9910.77 97.9971
9911.13 97.9975
9911.5 97.998
9911.86 97.9984
9912.23 97.9987
9912.6 97.999
9912.96 97.9994
9913.33 97.9997
9913.7 97.9999
9914.06 98.0002
9914.43 98.0005
9914.79 98.0008
9915.16 98.0011
9915.53 98.0016
9915.89 98.0018
9916.26 98.002
9916.63 98.0022
9916.99 98.0024
9917.36 98.0026
9917.72 98.0028
9918.09 98.0027
9918.46 98.0027
9918.82 98.0028
9919.19 98.0028
9919.55 98.0028
9919.92 98.0027
9920.29 98.0026
9920.65 98.0025
9921.02 98.0023
9921.39 98.002
9921.75 98.0013
9922.12 98.001
9922.48 98.0007
9922.85 98.0004
9923.22 98.0001
9923.58 97.9998
9923.95 97.9995
9924.32 97.9993
9924.68 97.9989
9925.05 97.9986
9925.41 97.9982
9925.78 97.9979
9926.15 97.9976
9926.51 97.9973
9926.88 97.997
9927.25 97.9968
9927.61 97.9966
9927.98 97.9961
9928.34 97.996
9928.71 97.9959
9929.08 97.9958
9929.44 97.9958
9929.81 97.9958
9930.17 97.996
9930.54 97.9962
9930.91 97.9961
9931.27 97.9965
9931.64 97.9969
9932.01 97.9974
9932.37 97.9981
9932.74 97.9988
9933.1 97.9997
9933.47 98.0007
9933.84 98.0018
9934.2 98.0031
9934.57 98.0044
9934.94 98.0058
9935.3 98.0074
9935.67 98.009
9936.03 98.0107
9936.4 98.0125
9936.77 98.0143
9937.13 98.0161
9937.5 98.0161
9937.87 98.0179
9938.23 98.0197
9938.6 98.0214
9938.96 98.023
9939.33 98.0245
9939.7 98.0259
9940.06 98.0276
9940.43 98.029
9940.79 98.0303
9941.16 98.0315
9941.53 98.0327
9941.89 98.0338
9942.26 98.0349
9942.63 98.0359
9942.99 98.0368
9943.36 98.0377
9943.72 98.0385
9944.09 98.0388
9944.46 98.0395
9944.82 98.0402
9945.19 98.0409
9945.56 98.0415
9945.92 98.042
9946.29 98.0429
9946.65 98.0434
9947.02 98.0439
9947.39 98.0443
9947.75 98.0446
9948.12 98.045
9948.49 98.0452
9948.85 98.0454
9949.22 98.0456
9949.58 98.0457
9949.95 98.0457
9950.32 98.0457
9950.68 98.0457
9951.05 98.0456
9951.42 98.0454
9951.78 98.0451
9952.15 98.0449
9952.51 98.0443
9952.88 98.044
9953.25 98.0437
9953.61 98.0433
9953.98 98.043
9954.34 98.0427
9954.71 98.0424
9955.08 98.0422
9955.44 98.042
9955.81 98.0419
9956.18 98.0419
9956.54 98.0419
9956.91 98.0415
9957.27 98.0417
9957.64 98.042
9958.01 98.0424
9958.37 98.0429
9958.74 98.0431
9959.11 98.044
9959.47 98.0451
9959.84 98.0463
9960.2 98.0477
9960.57 98.0491
9960.94 98.0507
9961.3 98.0523
9961.67 98.0539
9962.04 98.0555
9962.4 98.0571
9962.77 98.0586
9963.13 98.0602
9963.5 98.0604
9963.87 98.062
9964.23 98.0636
9964.6 98.0651
9964.96 98.0673
9965.33 98.0688
9965.7 98.0704
9966.06 98.0719
9966.43 98.0735
9966.8 98.075
9967.16 98.0766
9967.53 98.0781
9967.89 98.0797
9968.26 98.0813
9968.63 98.0828
9968.99 98.0843
9969.36 98.0858
9969.73 98.0873
9970.09 98.0883
9970.46 98.0898
9970.82 98.0923
9971.19 98.0936
9971.56 98.0948
9971.92 98.096
9972.29 98.0971
9972.66 98.098
9973.02 98.0989
9973.39 98.0996
9973.75 98.1003
9974.12 98.1008
9974.49 98.1013
9974.85 98.1017
9975.22 98.1021
9975.58 98.1024
9975.95 98.1027
9976.32 98.103
9976.68 98.1032
9977.05 98.1035
9977.42 98.1038
9977.78 98.1041
9978.15 98.1044
9978.51 98.1049
9978.88 98.1053
9979.25 98.1059
9979.61 98.1064
9979.98 98.107
9980.35 98.1076
9980.71 98.1081
9981.08 98.1086
9981.44 98.109
9981.81 98.1094
9982.18 98.1098
9982.54 98.1101
9982.91 98.1105
9983.28 98.1111
9983.64 98.1116
9984.01 98.1121
9984.37 98.1126
9984.74 98.1132
9985.11 98.1138
9985.47 98.1144
9985.84 98.1151
9986.21 98.1159
9986.57 98.1167
9986.94 98.1175
9987.3 98.1183
9987.67 98.1191
9988.04 98.1198
9988.4 98.1205
9988.77 98.1211
9989.13 98.1217
9989.5 98.123
9989.87 98.1237
9990.23 98.1242
9990.6 98.1246
9990.97 98.125
9991.33 98.1253
9991.7 98.1255
9992.06 98.1257
9992.43 98.1259
9992.8 98.126
9993.16 98.1261
9993.53 98.1262
9993.9 98.1262
9994.26 98.1263
9994.63 98.1264
9994.99 98.1264
9995.36 98.1265
9995.73 98.1275
9996.09 98.1284
9996.46 98.1286
9996.83 98.1288
9997.19 98.129
9997.56 98.1293
9997.92 98.1296
9998.29 98.1299
9998.66 98.1302
9999.02 98.1306
9999.39 98.1309
9999.75 98.1312
10000.1 98.1316
10000.5 98.1319
10000.9 98.1322
10001.2 98.1326
10001.6 98.1329
10002 98.1339
10002.3 98.1341
10002.7 98.1347
10003.1 98.1349
10003.4 98.1351
10003.8 98.1353
10004.1 98.1355
10004.5 98.1357
10004.9 98.1359
10005.2 98.136
10005.6 98.1362
10006 98.1364
10006.3 98.1366
10006.7 98.1368
10007.1 98.137
10007.4 98.1373
10007.8 98.1382
10008.2 98.1386
10008.5 98.139
10008.9 98.1394
10009.3 98.1401
10009.6 98.1406
10010 98.141
10010.4 98.1414
10010.7 98.1418
10011.1 98.1422
10011.5 98.1426
10011.8 98.143
10012.2 98.1434
10012.6 98.1438
10012.9 98.1442
10013.3 98.1446
10013.7 98.145
10014 98.1465
10014.4 98.147
10014.8 98.1477
10015.1 98.1483
10015.5 98.149
10015.9 98.1501
10016.2 98.1509
10016.6 98.1517
10017 98.1526
10017.3 98.1536
10017.7 98.1546
10018.1 98.1556
10018.4 98.1567
10018.8 98.1577
10019.2 98.1588
10019.5 98.1599
10019.9 98.161
10020.3 98.1629
10020.6 98.1639
10021 98.1649
10021.4 98.1659
10021.7 98.1668
10022.1 98.1677
10022.5 98.1686
10022.8 98.1695
10023.2 98.1704
10023.6 98.1712
10023.9 98.1721
10024.3 98.1729
10024.7 98.1737
10025 98.1745
10025.4 98.1752
10025.8 98.1759
10026.1 98.1765
10026.5 98.1774
10026.9 98.1778
10027.2 98.1781
10027.6 98.1784
10028 98.1787
10028.3 98.1789
10028.7 98.179
10029.1 98.1792
10029.4 98.1795
10029.8 98.1799
10030.2 98.1803
10030.5 98.1808
10030.9 98.1814
10031.2 98.182
10031.6 98.1827
10032 98.1834
10032.3 98.1842
10032.7 98.1855
10033.1 98.1864
10033.4 98.1872
10033.8 98.1881
10034.2 98.1889
10034.5 98.1897
10034.9 98.1904
10035.3 98.1911
10035.6 98.1919
10036 98.1926
10036.4 98.1933
10036.7 98.1939
10037.1 98.1945
10037.5 98.1951
10037.8 98.1956
10038.2 98.196
10038.6 98.1972
10038.9 98.1975
10039.3 98.1976
10039.7 98.1977
10040 98.1977
10040.4 98.1976
10040.8 98.1975
10041.1 98.1973
10041.5 98.197
10041.9 98.1975
10042.2 98.1972
10042.6 98.1968
10043 98.1964
10043.3 98.1959
10043.7 98.1954
10044.1 98.195
10044.4 98.1945
10044.8 98.1943
10045.2 98.194
10045.5 98.1936
10045.9 98.1934
10046.3 98.1933
10046.6 98.1932
10047 98.1933
10047.4 98.1935
10047.7 98.1937
10048.1 98.194
10048.5 98.1946
10048.8 98.195
10049.2 98.1954
10049.6 98.1959
10049.9 98.1965
10050.3 98.197
10050.7 98.1976
10051 98.1991
10051.4 98.1998
10051.8 98.2006
10052.1 98.2014
10052.5 98.2024
10052.9 98.2033
10053.2 98.2044
10053.6 98.2055
10054 98.2066
10054.3 98.2078
10054.7 98.209
10055.1 98.2102
10055.4 98.2115
10055.8 98.2128
10056.2 98.2141
10056.5 98.2156
10056.9 98.217
10057.3 98.2197
10057.6 98.2212
10058 98.2227
10058.3 98.2243
10058.7 98.2258
10059.1 98.2274
10059.4 98.2289
10059.8 98.2304
10060.2 98.2319
10060.5 98.2334
10060.9 98.2349
10061.3 98.2363
10061.6 98.2372
10062 98.2385
10062.4 98.2399
10062.7 98.2411
10063.1 98.2423
10063.5 98.2438
10063.8 98.2448
10064.2 98.2457
10064.6 98.2465
10064.9 98.2471
10065.3 98.2477
10065.7 98.2481
10066 98.2485
10066.4 98.2487
10066.8 98.2488
10067.1 98.2487
10067.5 98.2486
10067.9 98.2481
10068.2 98.248
10068.6 98.248
10069 98.2479
10069.3 98.2479
10069.7 98.2479
10070.1 98.2482
10070.4 98.2484
10070.8 98.2488
10071.2 98.2493
10071.5 98.2498
10071.9 98.2504
10072.3 98.2511
10072.6 98.2519
10073 98.2528
10073.4 98.2537
10073.7 98.2546
10074.1 98.2556
10074.5 98.2566
10074.8 98.2576
10075.2 98.2586
10075.6 98.2606
10075.9 98.2615
10076.3 98.2623
10076.7 98.2631
10077 98.2638
10077.4 98.2645
10077.8 98.2652
10078.1 98.2657
10078.5 98.2662
10078.9 98.2666
10079.2 98.2669
10079.6 98.2672
10080 98.2673
10080.3 98.2673
10080.7 98.2672
10081.1 98.2677
10081.4 98.2675
10081.8 98.2677
10082.2 98.2674
10082.5 98.2671
10082.9 98.2668
10083.3 98.2665
10083.6 98.2662
10084 98.2659
10084.3 98.2657
10084.7 98.2655
10085.1 98.2653
10085.4 98.2652
10085.8 98.2652
10086.2 98.2652
10086.5 98.2653
10086.9 98.2655
10087.3 98.2658
10087.6 98.2663
10088 98.2672
10088.4 98.2677
10088.7 98.2683
10089.1 98.2689
10089.5 98.2695
10089.8 98.2701
10090.2 98.2708
10090.6 98.2714
10090.9 98.272
10091.3 98.2725
10091.7 98.273
10092 98.2735
10092.4 98.2739
10092.8 98.2744
10093.1 98.2747
10093.5 98.2751
10093.9 98.2755
10094.2 98.2764
10094.6 98.2767
10095 98.2771
10095.3 98.2775
10095.7 98.2779
10096.1 98.2783
10096.4 98.2786
10096.8 98.2791
10097.2 98.2795
10097.5 98.28
10097.9 98.2805
10098.3 98.281
10098.6 98.2815
10099 98.282
10099.4 98.2825
10099.7 98.2831
10100.1 98.2836
10100.5 98.2843
10100.8 98.2848
10101.2 98.2852
10101.6 98.2856
10101.9 98.286
10102.3 98.2864
10102.7 98.2868
10103 98.2871
10103.4 98.2874
10103.8 98.2878
10104.1 98.2881
10104.5 98.2885
10104.9 98.289
10105.2 98.2894
10105.6 98.2899
10106 98.2905
10106.3 98.2916
10106.7 98.2923
10107.1 98.2929
10107.4 98.2937
10107.8 98.2945
10108.2 98.2954
10108.5 98.2963
10108.9 98.2973
10109.3 98.2983
10109.6 98.2994
10110 98.3004
10110.4 98.3015
10110.7 98.3027
10111.1 98.3038
10111.4 98.3049
10111.8 98.306
10112.2 98.307
10112.5 98.3088
10112.9 98.3097
10113.3 98.3106
10113.6 98.3114
10114 98.3122
10114.4 98.3129
10114.7 98.3136
10115.1 98.3143
10115.5 98.315
10115.8 98.3157
10116.2 98.3163
10116.6 98.3169
10116.9 98.3175
10117.3 98.3181
10117.7 98.3187
10118 98.3192
10118.4 98.3197
10118.8 98.3208
10119.1 98.3212
10119.5 98.3215
10119.9 98.3218
10120.2 98.3223
10120.6 98.3224
10121 98.3225
10121.3 98.3226
10121.7 98.3225
10122.1 98.3224
10122.4 98.3222
10122.8 98.322
10123.2 98.3216
10123.5 98.3212
10123.9 98.3207
10124.3 98.3202
10124.6 98.3195
10125 98.3189
10125.4 98.3181
10125.7 98.3174
10126.1 98.3165
10126.5 98.3157
10126.8 98.3158
10127.2 98.3151
10127.6 98.3143
10127.9 98.3135
10128.3 98.3128
10128.7 98.3121
10129 98.3115
10129.4 98.3109
10129.8 98.3103
10130.1 98.3097
10130.5 98.3092
10130.9 98.3087
10131.2 98.3089
10131.6 98.3084
10132 98.3079
10132.3 98.3074
10132.7 98.3069
10133.1 98.3077
10133.4 98.3072
10133.8 98.3067
10134.2 98.3062
10134.5 98.3056
10134.9 98.305
10135.3 98.3044
10135.6 98.3038
10136 98.3031
10136.4 98.3024
10136.7 98.3016
10137.1 98.3012
10137.5 98.3004
10137.8 98.2994
10138.2 98.2985
10138.5 98.2975
10138.9 98.2964
10139.3 98.2953
10139.6 98.2951
10140 98.2939
10140.4 98.2927
10140.7 98.2914
10141.1 98.29
10141.5 98.2886
10141.8 98.287
10142.2 98.2854
10142.6 98.2838
10142.9 98.2821
10143.3 98.2796
10143.7 98.2778
10144 98.276
10144.4 98.2742
10144.8 98.2725
10145.1 98.2709
10145.5 98.2693
10145.9 98.2679
10146.2 98.2674
10146.6 98.2661
10147 98.265
10147.3 98.264
10147.7 98.2632
10148.1 98.2624
10148.4 98.2618
10148.8 98.2612
10149.2 98.2608
10149.5 98.2602
10149.9 98.2599
10150.3 98.2596
10150.6 98.2593
10151 98.2589
10151.4 98.2586
10151.7 98.2582
10152.1 98.2577
10152.5 98.2571
10152.8 98.2568
10153.2 98.2562
10153.6 98.2556
10153.9 98.2549
10154.3 98.2542
10154.7 98.2535
10155 98.2527
10155.4 98.252
10155.8 98.2511
10156.1 98.2503
10156.5 98.2495
10156.9 98.2486
10157.2 98.2478
10157.6 98.2469
10158 98.2459
10158.3 98.245
10158.7 98.244
10159.1 98.243
10159.4 98.2429
10159.8 98.2419
10160.2 98.2408
10160.5 98.2398
10160.9 98.2387
10161.3 98.2376
10161.6 98.2365
10162 98.2351
10162.4 98.2341
10162.7 98.2331
10163.1 98.2321
10163.5 98.2313
10163.8 98.2306
10164.2 98.23
10164.5 98.2294
10164.9 98.229
10165.3 98.2286
10165.6 98.2283
10166 98.2285
10166.4 98.2282
10166.7 98.228
10167.1 98.2278
10167.5 98.2276
10167.8 98.2274
10168.2 98.2274
10168.6 98.2272
10168.9 98.227
10169.3 98.2269
10169.7 98.2268
10170 98.2266
10170.4 98.2265
10170.8 98.2263
10171.1 98.2261
10171.5 98.2259
10171.9 98.2256
10172.2 98.2254
10172.6 98.225
10173 98.2245
10173.3 98.224
10173.7 98.2233
10174.1 98.2221
10174.4 98.2213
10174.8 98.2203
10175.2 98.2192
10175.5 98.2181
10175.9 98.2169
10176.3 98.2155
10176.6 98.2141
10177 98.2126
10177.4 98.2111
10177.7 98.2095
10178.1 98.2079
10178.5 98.2063
10178.8 98.2058
10179.2 98.2041
10179.6 98.2025
10179.9 98.2008
10180.3 98.1986
10180.7 98.1969
10181 98.1953
10181.4 98.1936
10181.8 98.192
10182.1 98.1904
10182.5 98.1888
10182.9 98.1873
10183.2 98.1858
10183.6 98.1844
10184 98.1831
10184.3 98.1818
10184.7 98.1807
10185.1 98.1796
10185.4 98.179
10185.8 98.178
10186.2 98.1771
10186.5 98.1757
10186.9 98.175
10187.3 98.1745
10187.6 98.174
10188 98.1735
10188.4 98.1731
10188.7 98.1728
10189.1 98.1725
10189.5 98.1723
10189.8 98.1721
10190.2 98.172
10190.6 98.1719
10190.9 98.1718
10191.3 98.1719
10191.6 98.172
10192 98.1719
10192.4 98.1721
10192.7 98.1724
10193.1 98.1728
10193.5 98.1732
10193.8 98.1737
10194.2 98.1743
10194.6 98.1749
10194.9 98.1756
10195.3 98.1763
10195.7 98.177
10196 98.1777
10196.4 98.1784
10196.8 98.179
10197.1 98.1795
10197.5 98.1799
10197.9 98.1801
10198.2 98.1803
10198.6 98.1802
10199 98.1803
10199.3 98.1802
10199.7 98.1801
10200.1 98.1799
10200.4 98.1797
10200.8 98.1793
10201.2 98.1789
10201.5 98.1785
10201.9 98.178
10202.3 98.1776
10202.6 98.1771
10203 98.1766
10203.4 98.1762
10203.7 98.1757
10204.1 98.1753
10204.5 98.1748
10204.8 98.174
10205.2 98.1735
10205.6 98.1731
10205.9 98.1727
10206.3 98.1724
10206.7 98.1723
10207 98.1723
10207.4 98.1724
10207.8 98.1727
10208.1 98.1731
10208.5 98.1737
10208.9 98.1744
10209.2 98.1752
10209.6 98.176
10210 98.1769
10210.3 98.1778
10210.7 98.1786
10211.1 98.1795
10211.4 98.1796
10211.8 98.1807
10212.2 98.1817
10212.5 98.1828
10212.9 98.1839
10213.3 98.185
10213.6 98.1861
10214 98.1873
10214.4 98.1885
10214.7 98.1897
10215.1 98.1909
10215.5 98.1921
10215.8 98.1933
10216.2 98.1945
10216.6 98.1956
10216.9 98.1967
10217.3 98.198
10217.7 98.1989
10218 98.1991
10218.4 98.1999
10218.7 98.2005
10219.1 98.2011
10219.5 98.2015
10219.8 98.2019
10220.2 98.2022
10220.6 98.2024
10220.9 98.2026
10221.3 98.2027
10221.7 98.2027
10222 98.2026
10222.4 98.2025
10222.8 98.2024
10223.1 98.2022
10223.5 98.2018
10223.9 98.2014
10224.2 98.201
10224.6 98.2006
10225 98.2001
10225.3 98.1995
10225.7 98.1989
10226.1 98.1983
10226.4 98.1976
10226.8 98.1968
10227.2 98.1959
10227.5 98.195
10227.9 98.194
10228.3 98.1929
10228.6 98.1918
10229 98.1906
10229.4 98.1893
10229.7 98.187
10230.1 98.1857
10230.5 98.1844
10230.8 98.1832
10231.2 98.1822
10231.6 98.181
10231.9 98.1799
10232.3 98.1788
10232.7 98.1779
10233 98.177
10233.4 98.1763
10233.8 98.1756
10234.1 98.175
10234.5 98.1746
10234.9 98.1743
10235.2 98.1741
10235.6 98.174
10236 98.1738
10236.3 98.1741
10236.7 98.1744
10237.1 98.1749
10237.4 98.1755
10237.8 98.1754
10238.2 98.1761
10238.5 98.1768
10238.9 98.1776
10239.3 98.1783
10239.6 98.179
10240 98.1797
10240.4 98.1803
10240.7 98.1808
10241.1 98.1812
10241.5 98.1815
10241.8 98.1816
10242.2 98.1817
10242.6 98.1816
10242.9 98.1814
10243.3 98.1812
10243.7 98.1808
10244 98.1805
10244.4 98.18
10244.8 98.1794
10245.1 98.1787
10245.5 98.1779
10245.8 98.177
10246.2 98.1762
10246.6 98.1753
10246.9 98.1744
10247.3 98.1735
10247.7 98.1726
10248 98.1716
10248.4 98.1708
10248.8 98.1702
10249.1 98.1696
10249.5 98.1691
10249.9 98.1686
10250.2 98.1682
10250.6 98.1684
10251 98.1681
10251.3 98.1679
10251.7 98.1677
10252.1 98.1676
10252.4 98.1675
10252.8 98.1675
10253.2 98.1674
10253.5 98.1673
10253.9 98.1672
10254.3 98.1672
10254.6 98.1671
10255 98.1669
10255.4 98.1667
10255.7 98.1665
10256.1 98.1663
10256.5 98.1661
10256.8 98.1658
10257.2 98.1655
10257.6 98.1651
10257.9 98.1648
10258.3 98.1644
10258.7 98.1641
10259 98.1637
10259.4 98.1634
10259.8 98.1632
10260.1 98.163
10260.5 98.1623
10260.9 98.1624
10261.2 98.1625
10261.6 98.1627
10262 98.163
10262.3 98.1633
10262.7 98.1636
10263.1 98.1639
10263.4 98.1643
10263.8 98.1642
10264.2 98.1645
10264.5 98.1648
10264.9 98.165
10265.3 98.1652
10265.6 98.1653
10266 98.1654
10266.4 98.1653
10266.7 98.165
10267.1 98.1648
10267.5 98.1645
10267.8 98.1642
10268.2 98.1637
10268.6 98.1632
10268.9 98.1626
10269.3 98.162
10269.7 98.1614
10270 98.1607
10270.4 98.1605
10270.8 98.1597
10271.1 98.1589
10271.5 98.158
10271.8 98.157
10272.2 98.156
10272.6 98.1541
10272.9 98.1528
10273.3 98.1515
10273.7 98.1502
10274 98.1488
10274.4 98.1476
10274.8 98.1463
10275.1 98.1451
10275.5 98.1441
10275.9 98.1431
10276.2 98.1423
10276.6 98.1417
10277 98.1412
10277.3 98.1407
10277.7 98.1404
10278.1 98.1403
10278.4 98.1402
10278.8 98.1402
10279.2 98.1404
10279.5 98.1407
10279.9 98.1409
10280.3 98.1412
10280.6 98.1414
10281 98.1416
10281.4 98.1417
10281.7 98.1418
10282.1 98.1418
10282.5 98.1416
10282.8 98.1415
10283.2 98.1409
10283.6 98.1406
10283.9 98.1402
10284.3 98.1397
10284.7 98.1393
10285 98.1381
10285.4 98.1377
10285.8 98.1372
10286.1 98.1368
10286.5 98.1364
10286.9 98.1361
10287.2 98.1358
10287.6 98.1355
10288 98.1353
10288.3 98.135
10288.7 98.1348
10289.1 98.1346
10289.4 98.1344
10289.8 98.1344
10290.2 98.1342
10290.5 98.1341
10290.9 98.1341
10291.3 98.1342
10291.6 98.1343
10292 98.1344
10292.4 98.1345
10292.7 98.1346
10293.1 98.1347
10293.5 98.1349
10293.8 98.135
10294.2 98.1352
10294.6 98.1354
10294.9 98.1356
10295.3 98.1358
10295.7 98.1359
10296 98.136
10296.4 98.1365
10296.8 98.1366
10297.1 98.1367
10297.5 98.1371
10297.9 98.1371
10298.2 98.1371
10298.6 98.1371
10298.9 98.137
10299.3 98.137
10299.7 98.1369
10300 98.1369
10300.4 98.1368
10300.8 98.1368
10301.1 98.1368
10301.5 98.1369
10301.9 98.1369
10302.2 98.1371
10302.6 98.1372
10303 98.1376
10303.3 98.1378
10303.7 98.1385
10304.1 98.1389
10304.4 98.1394
10304.8 98.1399
10305.2 98.1405
10305.5 98.1411
10305.9 98.1418
10306.3 98.1425
10306.6 98.1433
10307 98.144
10307.4 98.1448
10307.7 98.1457
10308.1 98.1465
10308.5 98.1475
10308.8 98.1484
10309.2 98.1494
10309.6 98.1504
10309.9 98.1514
10310.3 98.1525
10310.7 98.1536
10311 98.1547
10311.4 98.1558
10311.8 98.1568
10312.1 98.1579
10312.5 98.159
10312.9 98.16
10313.2 98.161
10313.6 98.162
10314 98.1629
10314.3 98.1639
10314.7 98.1648
10315.1 98.1657
10315.4 98.1667
10315.8 98.1681
10316.2 98.1691
10316.5 98.1701
10316.9 98.1712
10317.3 98.1724
10317.6 98.1737
10318 98.1751
10318.4 98.1767
10318.7 98.1784
10319.1 98.1803
10319.5 98.1823
10319.8 98.1844
10320.2 98.1866
10320.6 98.1889
10320.9 98.1911
10321.3 98.1934
10321.7 98.1957
10322 98.1988
10322.4 98.1999
10322.8 98.2019
10323.1 98.2039
10323.5 98.2058
10323.9 98.2077
10324.2 98.2095
10324.6 98.2112
10325 98.2129
10325.3 98.2145
10325.7 98.2161
10326 98.2176
10326.4 98.2191
10326.8 98.2204
10327.1 98.2217
10327.5 98.2228
10327.9 98.2239
10328.2 98.225
10328.6 98.2258
10329 98.2259
10329.3 98.2266
10329.7 98.2273
10330.1 98.228
10330.4 98.2287
10330.8 98.2295
10331.2 98.2302
10331.5 98.2311
10331.9 98.2319
10332.3 98.2329
10332.6 98.2339
10333 98.2351
10333.4 98.2363
10333.7 98.2376
10334.1 98.2391
10334.5 98.2412
10334.8 98.243
10335.2 98.2449
10335.6 98.2456
10335.9 98.2477
10336.3 98.2499
10336.7 98.2523
10337 98.2548
10337.4 98.2574
10337.8 98.2601
10338.1 98.2628
10338.5 98.2656
10338.9 98.2683
10339.2 98.271
10339.6 98.2737
10340 98.2763
10340.3 98.2798
10340.7 98.2822
10341.1 98.2844
10341.4 98.2865
10341.8 98.2885
10342.2 98.2892
10342.5 98.291
10342.9 98.2926
10343.3 98.2941
10343.6 98.2955
10344 98.2967
10344.4 98.2977
10344.7 98.2987
10345.1 98.2995
10345.5 98.3002
10345.8 98.3009
10346.2 98.3016
10346.6 98.3022
10346.9 98.3028
10347.3 98.3035
10347.7 98.3042
10348 98.305
10348.4 98.3051
10348.8 98.3059
10349.1 98.3069
10349.5 98.3079
10349.9 98.3091
10350.2 98.3103
10350.6 98.3117
10351 98.3131
10351.3 98.3147
10351.7 98.3164
10352 98.3182
10352.4 98.3201
10352.8 98.3226
10353.1 98.3246
10353.5 98.3267
10353.9 98.3287
10354.2 98.3308
10354.6 98.3328
10355 98.3335
10355.3 98.3356
10355.7 98.3376
10356.1 98.3397
10356.4 98.3416
10356.8 98.3436
10357.2 98.3455
10357.5 98.3474
10357.9 98.3492
10358.3 98.3509
10358.6 98.3525
10359 98.3547
10359.4 98.3561
10359.7 98.3573
10360.1 98.3584
10360.5 98.3594
10360.8 98.3603
10361.2 98.361
10361.6 98.3613
10361.9 98.3619
10362.3 98.3624
10362.7 98.3629
10363 98.3633
10363.4 98.3637
10363.8 98.364
10364.1 98.3643
10364.5 98.3646
10364.9 98.3648
10365.2 98.3652
10365.6 98.3655
10366 98.3658
10366.3 98.3661
10366.7 98.3664
10367.1 98.3669
10367.4 98.3673
10367.8 98.3679
10368.2 98.3682
10368.5 98.3688
10368.9 98.3696
10369.3 98.3704
10369.6 98.3713
10370 98.3723
10370.4 98.3735
10370.7 98.3747
10371.1 98.3759
10371.5 98.3779
10371.8 98.3793
10372.2 98.3807
10372.6 98.3822
10372.9 98.3836
10373.3 98.3851
10373.7 98.3865
10374 98.3878
10374.4 98.3891
10374.8 98.3898
10375.1 98.391
10375.5 98.3922
10375.9 98.3934
10376.2 98.3945
10376.6 98.3956
10377 98.3966
10377.3 98.3985
10377.7 98.3996
10378.1 98.4007
10378.4 98.4018
10378.8 98.403
10379.1 98.4042
10379.5 98.4054
10379.9 98.4067
10380.2 98.408
10380.6 98.4093
10381 98.4106
10381.3 98.4111
10381.7 98.4123
10382.1 98.4135
10382.4 98.4146
10382.8 98.4158
10383.2 98.4169
10383.5 98.4181
10383.9 98.4191
10384.3 98.4201
10384.6 98.421
10385 98.4219
10385.4 98.4227
10385.7 98.4234
10386.1 98.424
10386.5 98.4245
10386.8 98.425
10387.2 98.4254
10387.6 98.4253
10387.9 98.4257
10388.3 98.426
10388.7 98.4263
10389 98.4265
10389.4 98.4266
10389.8 98.4266
10390.1 98.4267
10390.5 98.4268
10390.9 98.4268
10391.2 98.4269
10391.6 98.4269
10392 98.427
10392.3 98.427
10392.7 98.4271
10393.1 98.4272
10393.4 98.4274
10393.8 98.4275
10394.2 98.4278
10394.5 98.428
10394.9 98.4282
10395.3 98.4285
10395.6 98.4288
10396 98.4296
10396.4 98.43
10396.7 98.4306
10397.1 98.4312
10397.5 98.4319
10397.8 98.4326
10398.2 98.4334
10398.6 98.4343
10398.9 98.4351
10399.3 98.4359
10399.7 98.4367
10400 98.4375
10400.4 98.4381
10400.8 98.4387
10401.1 98.4393
10401.5 98.4399
10401.9 98.4404
10402.2 98.4413
10402.6 98.4416
10403 98.4419
10403.3 98.442
10403.7 98.4422
10404.1 98.4423
10404.4 98.4423
10404.8 98.4423
10405.2 98.4423
10405.5 98.4423
10405.9 98.4422
10406.2 98.4421
10406.6 98.442
10407 98.4418
10407.3 98.4422
10407.7 98.4421
10408.1 98.4424
10408.4 98.4424
10408.8 98.4423
10409.2 98.4423
10409.5 98.4423
10409.9 98.4423
10410.3 98.4423
10410.6 98.4423
10411 98.4424
10411.4 98.4425
10411.7 98.4426
10412.1 98.4427
10412.5 98.4428
10412.8 98.4429
10413.2 98.443
10413.6 98.443
10413.9 98.4435
10414.3 98.4437
10414.7 98.4436
10415 98.4434
10415.4 98.4432
10415.8 98.443
10416.1 98.4427
10416.5 98.4425
10416.9 98.4422
10417.2 98.4419
10417.6 98.4418
10418 98.4417
10418.3 98.4417
10418.7 98.4418
10419.1 98.4421
10419.4 98.4424
10419.8 98.4429
10420.2 98.4429
10420.5 98.4437
10420.9 98.4446
10421.3 98.4456
10421.6 98.4467
10422 98.4479
10422.4 98.4493
10422.7 98.4507
10423.1 98.4523
10423.5 98.454
10423.8 98.4557
10424.2 98.4576
10424.6 98.4595
10424.9 98.4615
10425.3 98.4635
10425.7 98.4654
10426 98.4672
10426.4 98.469
10426.8 98.4697
10427.1 98.4713
10427.5 98.4727
10427.9 98.474
10428.2 98.4752
10428.6 98.4763
10429 98.4772
10429.3 98.4781
10429.7 98.4788
10430.1 98.4794
10430.4 98.4801
10430.8 98.4806
10431.2 98.4812
10431.5 98.4817
10431.9 98.4822
10432.3 98.4827
10432.6 98.4832
10433 98.4841
10433.3 98.4843
10433.7 98.4849
10434.1 98.4855
10434.4 98.486
10434.8 98.4867
10435.2 98.4873
10435.5 98.488
10435.9 98.4887
10436.3 98.4894
10436.6 98.4901
10437 98.4908
10437.4 98.4916
10437.7 98.4924
10438.1 98.4932
10438.5 98.494
10438.8 98.4949
10439.2 98.4961
10439.6 98.4971
10439.9 98.4974
10440.3 98.4984
10440.7 98.4994
10441 98.5003
10441.4 98.5013
10441.8 98.5022
10442.1 98.5031
10442.5 98.504
10442.9 98.5048
10443.2 98.5056
10443.6 98.5063
10444 98.5069
10444.3 98.5075
10444.7 98.508
10445.1 98.5087
10445.4 98.509
10445.8 98.5093
10446.2 98.5095
10446.5 98.5098
10446.9 98.5099
10447.3 98.5101
10447.6 98.5101
10448 98.5102
10448.4 98.5101
10448.7 98.51
10449.1 98.5099
10449.5 98.5098
10449.8 98.5096
10450.2 98.5094
10450.6 98.5092
10450.9 98.509
10451.3 98.509
10451.7 98.5088
10452 98.5087
10452.4 98.5085
10452.8 98.5084
10453.1 98.5086
10453.5 98.5085
10453.9 98.5084
10454.2 98.5084
10454.6 98.5085
10455 98.5085
10455.3 98.5087
10455.7 98.5089
10456.1 98.5093
10456.4 98.5097
10456.8 98.5102
10457.2 98.5108
10457.5 98.5117
10457.9 98.5125
10458.3 98.5133
10458.6 98.5143
10459 98.5153
10459.3 98.5155
10459.7 98.5165
10460.1 98.5175
10460.4 98.5186
10460.8 98.5197
10461.2 98.5208
10461.5 98.5219
10461.9 98.5231
10462.3 98.5243
10462.6 98.5254
10463 98.5266
10463.4 98.5278
10463.7 98.5293
10464.1 98.5303
10464.5 98.5313
10464.8 98.5322
10465.2 98.5331
10465.6 98.5339
10465.9 98.5342
10466.3 98.5349
10466.7 98.5354
10467 98.5359
10467.4 98.5364
10467.8 98.5367
10468.1 98.5369
10468.5 98.5371
10468.9 98.5371
10469.2 98.5371
10469.6 98.5369
10470 98.5363
10470.3 98.5359
10470.7 98.5354
10471.1 98.5348
10471.4 98.5341
10471.8 98.5333
10472.2 98.5324
10472.5 98.5314
10472.9 98.5303
10473.3 98.5293
10473.6 98.5282
10474 98.5271
10474.4 98.526
10474.7 98.5249
10475.1 98.5239
10475.5 98.5229
10475.8 98.5209
10476.2 98.5201
10476.6 98.5195
10476.9 98.5189
10477.3 98.5185
10477.7 98.5182
10478 98.5181
10478.4 98.518
10478.8 98.5181
10479.1 98.518
10479.5 98.5184
10479.9 98.5188
10480.2 98.5194
10480.6 98.5201
10481 98.5209
10481.3 98.5218
10481.7 98.5227
10482.1 98.5241
10482.4 98.5251
10482.8 98.5261
10483.2 98.5271
10483.5 98.528
10483.9 98.5288
10484.3 98.5296
10484.6 98.5303
10485 98.5309
10485.4 98.5315
10485.7 98.5314
10486.1 98.5318
10486.4 98.5321
10486.8 98.5323
10487.2 98.5325
10487.5 98.5327
10487.9 98.5328
10488.3 98.5324
10488.6 98.5324
10489 98.5323
10489.4 98.5322
10489.7 98.5319
10490.1 98.5316
10490.5 98.5312
10490.8 98.5307
10491.2 98.5302
10491.6 98.5295
10491.9 98.5288
10492.3 98.5281
10492.7 98.5272
10493 98.5263
10493.4 98.5254
10493.8 98.5244
10494.1 98.5233
10494.5 98.5216
10494.9 98.5205
10495.2 98.5195
10495.6 98.5185
10496 98.5176
10496.3 98.5167
10496.7 98.5158
10497.1 98.5151
10497.4 98.5144
10497.8 98.5137
10498.2 98.5131
10498.5 98.5127
10498.9 98.5122
10499.3 98.5117
10499.6 98.5113
10500 98.5109
10500.4 98.5106
10500.7 98.51
10501.1 98.5097
10501.5 98.5094
10501.8 98.5092
10502.2 98.5089
10502.6 98.5087
10502.9 98.5085
10503.3 98.5083
10503.7 98.508
10504 98.5078
10504.4 98.5076
10504.8 98.5073
10505.1 98.5071
10505.5 98.5068
10505.9 98.5064
10506.2 98.5061
10506.6 98.5057
10507 98.5048
10507.3 98.5043
10507.7 98.5038
10508.1 98.5032
10508.4 98.5026
10508.8 98.5019
10509.2 98.5013
10509.5 98.5006
10509.9 98.4998
10510.3 98.4991
10510.6 98.4983
10511 98.4975
10511.4 98.4967
10511.7 98.4961
10512.1 98.4953
10512.5 98.4944
10512.8 98.4928
10513.2 98.4919
10513.5 98.4909
10513.9 98.49
10514.3 98.489
10514.6 98.488
10515 98.4869
10515.4 98.4859
10515.7 98.4848
10516.1 98.4836
10516.5 98.4825
10516.8 98.4813
10517.2 98.4801
10517.6 98.4788
10517.9 98.4776
10518.3 98.4771
10518.7 98.4758
10519 98.4741
10519.4 98.4728
10519.8 98.4716
10520.1 98.4703
10520.5 98.469
10520.9 98.4678
10521.2 98.4665
10521.6 98.4652
10522 98.464
10522.3 98.4628
10522.7 98.4616
10523.1 98.4604
10523.4 98.4593
10523.8 98.4582
10524.2 98.4571
10524.5 98.4561
10524.9 98.4556
10525.3 98.4541
10525.6 98.4531
10526 98.4521
10526.4 98.4512
10526.7 98.4502
10527.1 98.4493
10527.5 98.4484
10527.8 98.4475
10528.2 98.4466
10528.6 98.4456
10528.9 98.4446
10529.3 98.4436
10529.7 98.4425
10530 98.4414
10530.4 98.4402
10530.8 98.439
10531.1 98.4383
10531.5 98.4364
10531.9 98.4352
10532.2 98.4339
10532.6 98.4326
10533 98.4313
10533.3 98.43
10533.7 98.4287
10534.1 98.4275
10534.4 98.4263
10534.8 98.4251
10535.2 98.424
10535.5 98.4229
10535.9 98.4219
10536.3 98.4209
10536.6 98.42
10537 98.4192
10537.4 98.4185
10537.7 98.4179
10538.1 98.4174
10538.5 98.4169
10538.8 98.4166
10539.2 98.4163
10539.5 98.4161
10539.9 98.416
10540.3 98.4159
10540.6 98.4158
10541 98.4158
10541.4 98.4158
10541.7 98.4158
10542.1 98.4157
10542.5 98.4156
10542.8 98.4154
10543.2 98.415
10543.6 98.4141
10543.9 98.4135
10544.3 98.4129
10544.7 98.4121
10545 98.4111
10545.4 98.41
10545.8 98.4088
10546.1 98.4075
10546.5 98.4061
10546.9 98.4045
10547.2 98.4029
10547.6 98.4013
10548 98.3995
10548.3 98.3976
10548.7 98.3956
10549.1 98.3936
10549.4 98.3915
10549.8 98.3877
10550.2 98.3855
10550.5 98.3833
10550.9 98.3814
10551.3 98.3791
10551.6 98.3769
10552 98.3749
10552.4 98.3729
10552.7 98.3711
10553.1 98.3695
10553.5 98.3681
10553.8 98.3669
10554.2 98.3658
10554.6 98.3649
10554.9 98.3642
10555.3 98.3635
10555.7 98.363
10556 98.362
10556.4 98.3616
10556.8 98.3613
10557.1 98.361
10557.5 98.3606
10557.9 98.3603
10558.2 98.3599
10558.6 98.3595
10559 98.3592
10559.3 98.3587
10559.7 98.3583
10560.1 98.3578
10560.4 98.3573
10560.8 98.3568
10561.2 98.3562
10561.5 98.3556
10561.9 98.355
10562.3 98.3538
10562.6 98.3531
10563 98.3525
10563.4 98.3518
10563.7 98.3512
10564.1 98.3505
10564.5 98.3498
10564.8 98.3491
10565.2 98.3484
10565.6 98.3477
10565.9 98.3471
10566.3 98.3465
10566.6 98.3458
10567 98.3452
10567.4 98.3446
10567.7 98.344
10568.1 98.3434
10568.5 98.3421
10568.8 98.3415
10569.2 98.3409
10569.6 98.3403
10569.9 98.3396
10570.3 98.3389
10570.7 98.3382
10571 98.3376
10571.4 98.3369
10571.8 98.3362
10572.1 98.3355
10572.5 98.3348
10572.9 98.3341
10573.2 98.3334
10573.6 98.3328
10574 98.3323
10574.3 98.3319
10574.7 98.3312
10575.1 98.331
10575.4 98.3309
10575.8 98.331
10576.2 98.331
10576.5 98.3312
10576.9 98.3312
10577.3 98.3315
10577.6 98.3317
10578 98.332
10578.4 98.3323
10578.7 98.3326
10579.1 98.3329
10579.5 98.3332
10579.8 98.3335
10580.2 98.3337
10580.6 98.3338
10580.9 98.334
10581.3 98.3343
10581.7 98.3345
10582 98.3347
10582.4 98.3349
10582.8 98.3351
10583.1 98.3353
10583.5 98.335
10583.9 98.3352
10584.2 98.3354
10584.6 98.3356
10585 98.3359
10585.3 98.3362
10585.7 98.3365
10586.1 98.3369
10586.4 98.3374
10586.8 98.3378
10587.2 98.3384
10587.5 98.3391
10587.9 98.3397
10588.3 98.3404
10588.6 98.341
10589 98.3416
10589.4 98.3422
10589.7 98.3427
10590.1 98.3427
10590.5 98.3432
10590.8 98.3435
10591.2 98.3439
10591.6 98.3441
10591.9 98.3443
10592.3 98.3445
10592.7 98.3446
10593 98.3449
10593.4 98.3451
10593.7 98.3452
10594.1 98.3452
10594.5 98.3454
10594.8 98.3455
10595.2 98.3456
10595.6 98.3458
10595.9 98.346
10596.3 98.3462
10596.7 98.3465
10597 98.3468
10597.4 98.347
10597.8 98.3473
10598.1 98.3476
10598.5 98.3479
10598.9 98.3482
10599.2 98.3488
10599.6 98.3492
10600 98.3496
10600.3 98.3501
10600.7 98.3507
10601.1 98.3513
10601.4 98.352
10601.8 98.3527
10602.2 98.3535
10602.5 98.3543
10602.9 98.3541
10603.3 98.355
10603.6 98.3558
10604 98.3565
10604.4 98.3573
10604.7 98.358
10605.1 98.3586
10605.5 98.359
10605.8 98.3596
10606.2 98.36
10606.6 98.3604
10606.9 98.3607
10607.3 98.361
10607.7 98.3612
10608 98.3614
10608.4 98.3615
10608.8 98.3615
10609.1 98.3615
10609.5 98.3616
10609.9 98.3616
10610.2 98.3615
10610.6 98.3613
10611 98.3611
10611.3 98.3609
10611.7 98.3606
10612.1 98.3603
10612.4 98.3599
10612.8 98.3594
10613.2 98.3589
10613.5 98.3583
10613.9 98.3577
10614.3 98.357
10614.6 98.3563
10615 98.3555
10615.4 98.3547
10615.7 98.3539
10616.1 98.3538
10616.5 98.3529
10616.8 98.3521
10617.2 98.3512
10617.6 98.3501
10617.9 98.3492
10618.3 98.3483
10618.7 98.3473
10619 98.3464
10619.4 98.3455
10619.8 98.3446
10620.1 98.3437
10620.5 98.3429
10620.8 98.342
10621.2 98.3412
10621.6 98.3404
10621.9 98.3397
10622.3 98.339
10622.7 98.339
10623 98.3385
10623.4 98.338
10623.8 98.3377
10624.1 98.3374
10624.5 98.3372
10624.9 98.337
10625.2 98.3369
10625.6 98.3368
10626 98.3367
10626.3 98.3367
10626.7 98.3367
10627.1 98.3367
10627.4 98.3367
10627.8 98.3368
10628.2 98.3369
10628.5 98.3371
10628.9 98.3373
10629.3 98.3375
10629.6 98.3378
10630 98.3383
10630.4 98.3387
10630.7 98.3393
10631.1 98.3399
10631.5 98.3407
10631.8 98.3415
10632.2 98.3425
10632.6 98.3435
10632.9 98.3445
10633.3 98.3456
10633.7 98.3468
10634 98.3479
10634.4 98.3489
10634.8 98.3498
10635.1 98.3507
10635.5 98.351
10635.9 98.3517
10636.2 98.3526
10636.6 98.3531
10637 98.3534
10637.3 98.3536
10637.7 98.3537
10638.1 98.3537
10638.4 98.3536
10638.8 98.3535
10639.2 98.3532
10639.5 98.3529
10639.9 98.3525
10640.3 98.352
10640.6 98.3516
10641 98.3512
10641.4 98.3508
10641.7 98.3504
10642.1 98.3504
10642.5 98.3502
10642.8 98.3501
10643.2 98.3501
10643.6 98.3502
10643.9 98.3503
10644.3 98.3507
10644.7 98.3511
10645 98.3517
10645.4 98.3524
10645.8 98.3533
10646.1 98.3544
10646.5 98.3556
10646.8 98.3569
10647.2 98.3583
10647.6 98.3598
10647.9 98.3613
10648.3 98.3634
10648.7 98.364
10649 98.3656
10649.4 98.3672
10649.8 98.3687
10650.1 98.3702
10650.5 98.3717
10650.9 98.3731
10651.2 98.3746
10651.6 98.376
10652 98.3774
10652.3 98.3787
10652.7 98.38
10653.1 98.3813
10653.4 98.3826
10653.8 98.3838
10654.2 98.385
10654.5 98.3864
10654.9 98.3875
10655.3 98.3876
10655.6 98.3887
10656 98.3897
10656.4 98.3907
10656.7 98.3917
10657.1 98.3927
10657.5 98.3937
10657.8 98.3948
10658.2 98.3958
10658.6 98.3969
10658.9 98.398
10659.3 98.3992
10659.7 98.4003
10660 98.4015
10660.4 98.4027
10660.8 98.404
10661.1 98.4052
10661.5 98.4063
10661.9 98.4064
10662.2 98.4075
10662.6 98.4085
10663 98.4095
10663.3 98.4105
10663.7 98.4115
10664.1 98.4125
10664.4 98.4135
10664.8 98.4145
10665.2 98.4156
10665.5 98.4166
10665.9 98.4177
10666.3 98.4189
10666.6 98.42
10667 98.4213
10667.4 98.4224
10667.7 98.4236
10668.1 98.4248
10668.5 98.4247
10668.8 98.4258
10669.2 98.4269
10669.6 98.428
10669.9 98.4291
10670.3 98.4303
10670.7 98.4314
10671 98.4325
10671.4 98.4337
10671.8 98.4349
10672.1 98.436
10672.5 98.4372
10672.9 98.4383
10673.2 98.4397
10673.6 98.4407
10673.9 98.4418
10674.3 98.4427
10674.7 98.443
10675 98.4438
10675.4 98.4445
10675.8 98.4452
10676.1 98.4457
10676.5 98.4461
10676.9 98.4464
10677.2 98.4466
10677.6 98.4467
10678 98.4467
10678.3 98.4466
10678.7 98.4465
10679.1 98.4462
10679.4 98.4461
10679.8 98.4461
10680.2 98.4461
10680.5 98.4463
10680.9 98.4465
10681.3 98.4466
10681.6 98.4469
10682 98.4473
10682.4 98.4479
10682.7 98.4485
10683.1 98.4492
10683.5 98.45
10683.8 98.4508
10684.2 98.4518
10684.6 98.4528
10684.9 98.4538
10685.3 98.4552
10685.7 98.4562
10686 98.4573
10686.4 98.4583
10686.8 98.4593
10687.1 98.4603
10687.5 98.4613
10687.9 98.4615
10688.2 98.4624
10688.6 98.4633
10689 98.4642
10689.3 98.4651
10689.7 98.4661
10690.1 98.4671
10690.4 98.4682
10690.8 98.4694
10691.2 98.4707
10691.5 98.4722
10691.9 98.4737
10692.3 98.4752
10692.6 98.4769
10693 98.4785
10693.4 98.4801
10693.7 98.4816
10694.1 98.4831
10694.5 98.4832
10694.8 98.4846
10695.2 98.486
10695.6 98.4873
10695.9 98.4886
10696.3 98.4898
10696.7 98.491
10697 98.4923
10697.4 98.4935
10697.8 98.4949
10698.1 98.4961
10698.5 98.4973
10698.9 98.4985
10699.2 98.4997
10699.6 98.5009
10700 98.5022
10700.3 98.5036
10700.7 98.505
10701 98.5054
10701.4 98.5069
10701.8 98.5085
10702.1 98.5103
10702.5 98.5122
10702.9 98.5143
10703.2 98.5164
10703.6 98.5188
10704 98.5218
10704.3 98.5245
10704.7 98.5272
10705.1 98.53
10705.4 98.5328
10705.8 98.5355
10706.2 98.5381
10706.5 98.5406
10706.9 98.543
10707.3 98.5436
10707.6 98.5458
10708 98.5478
10708.4 98.5496
10708.7 98.5512
10709.1 98.5527
10709.5 98.554
10709.8 98.5557
10710.2 98.5567
10710.6 98.5576
10710.9 98.5584
10711.3 98.559
10711.7 98.5596
10712 98.56
10712.4 98.5604
10712.8 98.5607
10713.1 98.5609
10713.5 98.5611
10713.9 98.561
10714.2 98.5611
10714.6 98.5612
10715 98.5614
10715.3 98.5616
10715.7 98.5618
10716.1 98.562
10716.4 98.5624
10716.8 98.5628
10717.2 98.5632
10717.5 98.5637
10717.9 98.5642
10718.3 98.5648
10718.6 98.5653
10719 98.5658
10719.4 98.5664
10719.7 98.5669
10720.1 98.5676
10720.5 98.5679
10720.8 98.5686
10721.2 98.5694
10721.6 98.5703
10721.9 98.5714
10722.3 98.573
10722.7 98.5743
10723 98.5756
10723.4 98.5771
10723.8 98.5787
10724.1 98.5804
10724.5 98.5823
10724.9 98.5842
10725.2 98.5863
10725.6 98.5885
10726 98.5908
10726.3 98.5932
10726.7 98.5957
10727 98.5967
10727.4 98.5992
10727.8 98.6016
10728.1 98.604
10728.5 98.6074
10728.9 98.6096
10729.2 98.6117
10729.6 98.6137
10730 98.6156
10730.3 98.6173
10730.7 98.6189
10731.1 98.6204
10731.4 98.6218
10731.8 98.6231
10732.2 98.6244
10732.5 98.6255
10732.9 98.6266
10733.3 98.6277
10733.6 98.6283
10734 98.6294
10734.4 98.6305
10734.7 98.6322
10735.1 98.6334
10735.5 98.6346
10735.8 98.6358
10736.2 98.6371
10736.6 98.6385
10736.9 98.6399
10737.3 98.6413
10737.7 98.6428
10738 98.6443
10738.4 98.6457
10738.8 98.6472
10739.1 98.6486
10739.5 98.65
10739.9 98.6508
10740.2 98.6522
10740.6 98.6535
10741 98.6557
10741.3 98.6571
10741.7 98.6584
10742.1 98.6598
10742.4 98.6611
10742.8 98.6625
10743.2 98.6639
10743.5 98.6653
10743.9 98.6667
10744.3 98.668
10744.6 98.6694
10745 98.6707
10745.4 98.672
10745.7 98.6732
10746.1 98.6744
10746.5 98.6748
10746.8 98.676
10747.2 98.6769
10747.6 98.6777
10747.9 98.6784
10748.3 98.679
10748.7 98.6795
10749 98.6798
10749.4 98.68
10749.8 98.6801
10750.1 98.68
10750.5 98.6797
10750.9 98.6793
10751.2 98.6786
10751.6 98.6778
10752 98.6769
10752.3 98.6758
10752.7 98.6746
10753.1 98.6724
10753.4 98.6714
10753.8 98.6703
10754.1 98.6693
10754.5 98.6683
10754.9 98.6675
10755.2 98.6667
10755.6 98.6661
10756 98.6655
10756.3 98.6651
10756.7 98.6648
10757.1 98.6646
10757.4 98.6646
10757.8 98.6647
10758.2 98.6649
10758.5 98.6652
10758.9 98.6656
10759.3 98.6662
10759.6 98.6665
10760 98.667
10760.4 98.6676
10760.7 98.6682
10761.1 98.6688
10761.5 98.6694
10761.8 98.67
10762.2 98.6706
10762.6 98.6711
10762.9 98.6716
10763.3 98.6721
10763.7 98.6726
10764 98.6731
10764.4 98.6735
10764.8 98.674
10765.1 98.6745
10765.5 98.6749
10765.9 98.6755
10766.2 98.6754
10766.6 98.6759
10767 98.6764
10767.3 98.677
10767.7 98.6776
10768.1 98.6782
10768.4 98.6789
10768.8 98.6796
10769.2 98.6803
10769.5 98.681
10769.9 98.6817
10770.3 98.6825
10770.6 98.6832
10771 98.6839
10771.4 98.6846
10771.7 98.6855
10772.1 98.6862
10772.5 98.6868
10772.8 98.687
10773.2 98.6876
10773.6 98.6881
10773.9 98.6886
10774.3 98.689
10774.7 98.6894
10775 98.6898
10775.4 98.6901
10775.8 98.6904
10776.1 98.6907
10776.5 98.6909
10776.9 98.6912
10777.2 98.6914
10777.6 98.692
10778 98.6923
10778.3 98.6925
10778.7 98.6927
10779.1 98.693
10779.4 98.6932
10779.8 98.6933
10780.2 98.6935
10780.5 98.6936
10780.9 98.6937
10781.2 98.6938
10781.6 98.6939
10782 98.6939
10782.3 98.694
10782.7 98.6941
10783.1 98.6942
10783.4 98.6943
10783.8 98.6943
10784.2 98.6943
10784.5 98.6944
10784.9 98.6944
10785.3 98.6944
10785.6 98.6942
10786 98.6941
10786.4 98.694
10786.7 98.6939
10787.1 98.6937
10787.5 98.6934
10787.8 98.6932
10788.2 98.693
10788.6 98.6927
10788.9 98.6926
10789.3 98.6925
10789.7 98.6926
10790 98.6927
10790.4 98.693
10790.8 98.6934
10791.1 98.6938
10791.5 98.6943
10791.9 98.6949
10792.2 98.6951
10792.6 98.6957
10793 98.6964
10793.3 98.697
10793.7 98.6977
10794.1 98.6983
10794.4 98.6989
10794.8 98.6994
10795.2 98.6999
10795.5 98.7004
10795.9 98.7007
10796.3 98.7008
10796.6 98.701
10797 98.7011
10797.4 98.7012
10797.7 98.7012
10798.1 98.7012
10798.5 98.7012
10798.8 98.7008
10799.2 98.7007
10799.6 98.7006
10799.9 98.7005
10800.3 98.7005
10800.7 98.7004
10801 98.7004
10801.4 98.7003
10801.8 98.7004
10802.1 98.7004
10802.5 98.6999
10802.9 98.6999
10803.2 98.6999
10803.6 98.6999
10804 98.6998
10804.3 98.6998
10804.7 98.6996
10805.1 98.6994
10805.4 98.6985
10805.8 98.6982
10806.2 98.6978
10806.5 98.6973
10806.9 98.6968
10807.3 98.6962
10807.6 98.6956
10808 98.695
10808.3 98.6943
10808.7 98.6926
10809.1 98.692
10809.4 98.6915
10809.8 98.691
10810.2 98.6906
10810.5 98.6901
10810.9 98.6897
10811.3 98.6893
10811.6 98.6886
10812 98.6883
10812.4 98.6879
10812.7 98.6874
10813.1 98.687
10813.5 98.6865
10813.8 98.686
10814.2 98.6854
10814.6 98.6843
10814.9 98.6837
10815.3 98.6831
10815.7 98.6825
10816 98.6819
10816.4 98.6813
10816.8 98.6806
10817.1 98.6799
10817.5 98.6792
10817.9 98.6785
10818.2 98.6782
10818.6 98.6775
10819 98.6767
10819.3 98.6759
10819.7 98.6751
10820.1 98.6742
10820.4 98.6734
10820.8 98.6724
10821.2 98.6715
10821.5 98.6707
10821.9 98.6698
10822.3 98.669
10822.6 98.6682
10823 98.6673
10823.4 98.6665
10823.7 98.6658
10824.1 98.665
10824.5 98.6642
10824.8 98.664
10825.2 98.6632
10825.6 98.6625
10825.9 98.6619
10826.3 98.6613
10826.7 98.6607
10827 98.6599
10827.4 98.6594
10827.8 98.659
10828.1 98.6587
10828.5 98.6584
10828.9 98.6581
10829.2 98.6579
10829.6 98.6578
10830 98.6576
10830.3 98.6575
10830.7 98.6575
10831.1 98.6575
10831.4 98.657
10831.8 98.657
10832.2 98.6569
10832.5 98.6569
10832.9 98.6569
10833.3 98.6561
10833.6 98.6559
10834 98.6557
10834.3 98.6553
10834.7 98.6549
10835.1 98.6544
10835.4 98.6539
10835.8 98.6533
10836.2 98.6527
10836.5 98.652
10836.9 98.6514
10837.3 98.6507
10837.6 98.6501
10838 98.6495
10838.4 98.649
10838.7 98.6486
10839.1 98.6481
10839.5 98.6474
10839.8 98.6471
10840.2 98.6469
10840.6 98.6468
10840.9 98.6467
10841.3 98.6466
10841.7 98.6466
10842 98.6466
10842.4 98.6465
10842.8 98.6464
10843.1 98.6463
10843.5 98.6461
10843.9 98.6459
10844.2 98.6455
10844.6 98.6453
10845 98.6449
10845.3 98.644
10845.7 98.6434
10846.1 98.6427
10846.4 98.6419
10846.8 98.6411
10847.2 98.6402
10847.5 98.6393
10847.9 98.6384
10848.3 98.6374
10848.6 98.6365
10849 98.6355
10849.4 98.6346
10849.7 98.6337
10850.1 98.6328
10850.5 98.632
10850.8 98.6317
10851.2 98.6309
10851.6 98.6298
10851.9 98.6289
10852.3 98.628
10852.7 98.6271
10853 98.6262
10853.4 98.6252
10853.8 98.6243
10854.1 98.6234
10854.5 98.6225
10854.9 98.6217
10855.2 98.6209
10855.6 98.6202
10856 98.6195
10856.3 98.6189
10856.7 98.6183
10857.1 98.6178
10857.4 98.6171
10857.8 98.6158
10858.2 98.6153
10858.5 98.6148
10858.9 98.6143
10859.3 98.6138
10859.6 98.6133
10860 98.6127
10860.4 98.6121
10860.7 98.6114
10861.1 98.6107
10861.4 98.6099
10861.8 98.6091
10862.2 98.6082
10862.5 98.6073
10862.9 98.6064
10863.3 98.6055
10863.6 98.6045
10864 98.6031
10864.4 98.6022
10864.7 98.6014
10865.1 98.6007
10865.5 98.5999
10865.8 98.5992
10866.2 98.5984
10866.6 98.5977
10866.9 98.5971
10867.3 98.5964
10867.7 98.5958
10868 98.5951
10868.4 98.5946
10868.8 98.594
10869.1 98.5935
10869.5 98.5929
10869.9 98.5924
10870.2 98.592
10870.6 98.5922
10871 98.5917
10871.3 98.591
10871.7 98.5904
10872.1 98.5897
10872.4 98.5889
10872.8 98.5881
10873.2 98.5873
10873.5 98.5865
10873.9 98.5856
10874.3 98.5847
10874.6 98.5838
10875 98.5829
10875.4 98.582
10875.7 98.5811
10876.1 98.5802
10876.5 98.579
10876.8 98.5781
10877.2 98.5778
10877.6 98.577
10877.9 98.5761
10878.3 98.5752
10878.7 98.5744
10879 98.5735
10879.4 98.5727
10879.8 98.5718
10880.1 98.5709
10880.5 98.57
10880.9 98.5691
10881.2 98.5681
10881.6 98.5671
10882 98.566
10882.3 98.5639
10882.7 98.5626
10883.1 98.5614
10883.4 98.5602
10883.8 98.5589
10884.2 98.5575
10884.5 98.5561
10884.9 98.5546
10885.3 98.5531
10885.6 98.5516
10886 98.55
10886.4 98.5485
10886.7 98.5469
10887.1 98.5454
10887.5 98.5438
10887.8 98.5422
10888.2 98.5407
10888.5 98.5383
10888.9 98.5368
10889.3 98.5354
10889.6 98.534
10890 98.5333
10890.4 98.532
10890.7 98.5307
10891.1 98.5294
10891.5 98.5281
10891.8 98.5268
10892.2 98.5256
10892.6 98.5243
10892.9 98.5229
10893.3 98.5215
10893.7 98.52
10894 98.5185
10894.4 98.5169
10894.8 98.5142
10895.1 98.5124
10895.5 98.5106
10895.9 98.5087
10896.2 98.5068
10896.6 98.5057
10897 98.5038
10897.3 98.5019
10897.7 98.4999
10898.1 98.498
10898.4 98.4961
10898.8 98.4942
10899.2 98.4924
10899.5 98.4906
10899.9 98.4889
10900.3 98.4872
10900.6 98.4857
10901 98.4834
10901.4 98.482
10901.7 98.4807
10902.1 98.4795
10902.5 98.4784
10902.8 98.4772
10903.2 98.4767
10903.6 98.4757
10903.9 98.4747
10904.3 98.4738
10904.7 98.4728
10905 98.4719
10905.4 98.4709
10905.8 98.47
10906.1 98.4691
10906.5 98.4681
10906.9 98.4672
10907.2 98.466
10907.6 98.4651
10908 98.4641
10908.3 98.4632
10908.7 98.4623
10909.1 98.4614
10909.4 98.4606
10909.8 98.4601
10910.2 98.4592
10910.5 98.4583
10910.9 98.4574
10911.3 98.4565
10911.6 98.4555
10912 98.4545
10912.4 98.4535
10912.7 98.4525
10913.1 98.4502
10913.5 98.449
10913.8 98.4477
10914.2 98.4464
10914.5 98.445
10914.9 98.4436
10915.3 98.4422
10915.6 98.4408
10916 98.4394
10916.4 98.438
10916.7 98.4367
10917.1 98.4353
10917.5 98.434
10917.8 98.4327
10918.2 98.4315
10918.6 98.4304
10918.9 98.4294
10919.3 98.4277
10919.7 98.427
10920 98.4264
10920.4 98.4259
10920.8 98.4256
10921.1 98.4253
10921.5 98.425
10921.9 98.4249
10922.2 98.4249
10922.6 98.4248
10923 98.4248
10923.3 98.4249
10923.7 98.425
10924.1 98.4251
10924.4 98.4252
10924.8 98.4253
10925.2 98.4254
10925.5 98.4253
10925.9 98.4253
10926.3 98.4251
10926.6 98.4249
10927 98.4247
10927.4 98.4243
10927.7 98.4239
10928.1 98.4234
10928.5 98.4229
10928.8 98.4224
10929.2 98.4222
10929.6 98.4216
10929.9 98.421
10930.3 98.4203
10930.7 98.4197
10931 98.419
10931.4 98.4184
10931.8 98.4175
10932.1 98.4169
10932.5 98.4163
10932.9 98.4156
10933.2 98.415
10933.6 98.4143
10934 98.4136
10934.3 98.4129
10934.7 98.4121
10935.1 98.4113
10935.4 98.4105
10935.8 98.4101
10936.2 98.4091
10936.5 98.4082
10936.9 98.4071
10937.3 98.4061
10937.6 98.405
10938 98.4034
10938.4 98.4023
10938.7 98.4011
10939.1 98.4
10939.5 98.3988
10939.8 98.3977
10940.2 98.3966
10940.6 98.3954
10940.9 98.3943
10941.3 98.3931
10941.6 98.392
10942 98.3908
10942.4 98.3903
10942.7 98.3892
10943.1 98.388
10943.5 98.3868
10943.8 98.3857
10944.2 98.3842
10944.6 98.383
10944.9 98.3819
10945.3 98.3809
10945.7 98.3798
10946 98.3787
10946.4 98.3777
10946.8 98.3767
10947.1 98.3757
10947.5 98.3747
10947.9 98.3738
10948.2 98.3729
10948.6 98.372
10949 98.3711
10949.3 98.3702
10949.7 98.3694
10950.1 98.3677
10950.4 98.3669
10950.8 98.3661
10951.2 98.3654
10951.5 98.3646
10951.9 98.3639
10952.3 98.3631
10952.6 98.3624
10953 98.3617
10953.4 98.3609
10953.7 98.3602
10954.1 98.3595
10954.5 98.3589
10954.8 98.3582
10955.2 98.3578
10955.6 98.3572
10955.9 98.3566
10956.3 98.3559
10956.7 98.3554
10957 98.3549
10957.4 98.3544
10957.8 98.3538
10958.1 98.3533
10958.5 98.3528
10958.9 98.3524
10959.2 98.352
10959.6 98.3516
10960 98.3513
10960.3 98.351
10960.7 98.3508
10961.1 98.3507
10961.4 98.3507
10961.8 98.3508
10962.2 98.3509
10962.5 98.3511
10962.9 98.3512
10963.3 98.3512
10963.6 98.3513
10964 98.3513
10964.4 98.3512
10964.7 98.3511
10965.1 98.351
10965.5 98.3508
10965.8 98.3506
10966.2 98.3504
10966.6 98.3502
10966.9 98.35
10967.3 98.3498
10967.7 98.3496
10968 98.3494
10968.4 98.3498
10968.7 98.35
10969.1 98.3499
10969.5 98.3497
10969.8 98.3496
10970.2 98.3494
10970.6 98.3492
10970.9 98.3489
10971.3 98.3486
10971.7 98.3484
10972 98.348
10972.4 98.3477
10972.8 98.3474
10973.1 98.347
10973.5 98.3467
10973.9 98.3464
10974.2 98.3461
10974.6 98.3458
10975 98.3469
10975.3 98.3467
10975.7 98.3465
10976.1 98.3463
10976.4 98.3462
10976.8 98.3462
10977.2 98.3462
10977.5 98.3463
10977.9 98.3464
10978.3 98.3466
10978.6 98.3468
10979 98.347
10979.4 98.3472
10979.7 98.3474
10980.1 98.3477
10980.5 98.3479
10980.8 98.3484
10981.2 98.3485
10981.6 98.3487
10981.9 98.3488
10982.3 98.3489
10982.7 98.3489
10983 98.3489
10983.4 98.3488
10983.8 98.3487
10984.1 98.3486
10984.5 98.3483
10984.9 98.3481
10985.2 98.3477
10985.6 98.3473
10986 98.3469
10986.3 98.3464
10986.7 98.3459
10987.1 98.3452
10987.4 98.3445
10987.8 98.3438
10988.2 98.3436
10988.5 98.3427
10988.9 98.3418
10989.3 98.3409
10989.6 98.3399
10990 98.3389
10990.4 98.3378
10990.7 98.3367
10991.1 98.3355
10991.5 98.3343
10991.8 98.3331
10992.2 98.3318
10992.6 98.3306
10992.9 98.3293
10993.3 98.3272
10993.7 98.326
10994 98.3248
10994.4 98.324
10994.8 98.3228
10995.1 98.3217
10995.5 98.3207
10995.8 98.3197
10996.2 98.3189
10996.6 98.3181
10996.9 98.3174
10997.3 98.3168
10997.7 98.3164
10998 98.3159
10998.4 98.3156
10998.8 98.3154
10999.1 98.3151
10999.5 98.3149
10999.9 98.3147
11000.2 98.3145
11000.6 98.3143
11001 98.3143
11001.3 98.314
11001.7 98.3137
11002.1 98.3134
11002.4 98.3131
11002.8 98.3128
11003.2 98.3125
11003.5 98.3123
11003.9 98.3121
11004.3 98.3119
11004.6 98.3118
11005 98.3118
11005.4 98.3118
11005.7 98.3122
11006.1 98.3123
11006.5 98.3125
11006.8 98.3127
11007.2 98.313
11007.6 98.3134
11007.9 98.3137
11008.3 98.3141
11008.7 98.3145
11009 98.315
11009.4 98.3155
11009.8 98.316
11010.1 98.3166
11010.5 98.3172
11010.9 98.3179
11011.2 98.3185
11011.6 98.3192
11012 98.3203
11012.3 98.321
11012.7 98.3218
11013.1 98.3226
11013.4 98.3234
11013.8 98.3242
11014.2 98.3245
11014.5 98.3253
11014.9 98.3261
11015.3 98.3269
11015.6 98.3277
11016 98.3284
11016.4 98.3291
11016.7 98.3299
11017.1 98.3305
11017.5 98.3311
11017.8 98.3317
11018.2 98.3322
11018.6 98.3326
11018.9 98.333
11019.3 98.3333
11019.7 98.3336
11020 98.3339
11020.4 98.3341
11020.8 98.3338
11021.1 98.334
11021.5 98.3342
11021.8 98.3345
11022.2 98.3349
11022.6 98.3353
11022.9 98.3358
11023.3 98.3364
11023.7 98.3371
11024 98.3377
11024.4 98.3385
11024.8 98.3393
11025.1 98.3401
11025.5 98.3409
11025.9 98.3418
11026.2 98.3426
11026.6 98.3434
11027 98.3437
11027.3 98.3445
11027.7 98.3454
11028.1 98.3462
11028.4 98.3469
11028.8 98.3477
11029.2 98.3484
11029.5 98.349
11029.9 98.3496
11030.3 98.3505
11030.6 98.351
11031 98.3514
11031.4 98.3517
11031.7 98.352
11032.1 98.3522
11032.5 98.3523
11032.8 98.3525
11033.2 98.3526
11033.6 98.3528
11033.9 98.353
11034.3 98.3531
11034.7 98.3532
11035 98.3534
11035.4 98.3535
11035.8 98.3536
11036.1 98.3538
11036.5 98.3541
11036.9 98.3543
11037.2 98.3545
11037.6 98.3547
11038 98.3549
11038.3 98.3552
11038.7 98.3556
11039.1 98.356
11039.4 98.3565
11039.8 98.3571
11040.2 98.3575
11040.5 98.3581
11040.9 98.3587
11041.3 98.3594
11041.6 98.3601
11042 98.3607
11042.4 98.3614
11042.7 98.3625
11043.1 98.3631
11043.5 98.3635
11043.8 98.3639
11044.2 98.3642
11044.6 98.3645
11044.9 98.3646
11045.3 98.3647
11045.7 98.3647
11046 98.3647
11046.4 98.3646
11046.8 98.3648
11047.1 98.3646
11047.5 98.3644
11047.9 98.3641
11048.2 98.3638
11048.6 98.3636
11048.9 98.3633
11049.3 98.3631
11049.7 98.3629
11050 98.3629
11050.4 98.3629
11050.8 98.363
11051.1 98.3632
11051.5 98.3636
11051.9 98.3641
11052.2 98.3647
11052.6 98.3655
11053 98.3664
11053.3 98.3663
11053.7 98.3674
11054.1 98.3685
11054.4 98.3696
11054.8 98.3708
11055.2 98.372
11055.5 98.3732
11055.9 98.3743
11056.3 98.3754
11056.6 98.3765
11057 98.3775
11057.4 98.3786
11057.7 98.3796
11058.1 98.3806
11058.5 98.3816
11058.8 98.3826
11059.2 98.3836
11059.6 98.3846
11059.9 98.3847
11060.3 98.3858
11060.7 98.387
11061 98.3885
11061.4 98.39
11061.8 98.3915
11062.1 98.3931
11062.5 98.3948
11062.9 98.3965
11063.2 98.3982
11063.6 98.4001
11064 98.402
11064.3 98.4039
11064.7 98.4058
11065.1 98.4078
11065.4 98.4098
11065.8 98.4117
11066.2 98.412
11066.5 98.4138
11066.9 98.4156
11067.3 98.4176
11067.6 98.4191
11068 98.4205
11068.4 98.4218
11068.7 98.4229
11069.1 98.424
11069.5 98.4249
11069.8 98.4257
11070.2 98.4264
11070.6 98.4271
11070.9 98.4276
11071.3 98.4281
11071.7 98.4286
11072 98.429
11072.4 98.4294
11072.8 98.4294
11073.1 98.4297
11073.5 98.4301
11073.9 98.4305
11074.2 98.4308
11074.6 98.4313
11075 98.4318
11075.3 98.4323
11075.7 98.4329
11076 98.4336
11076.4 98.4342
11076.8 98.435
11077.1 98.4357
11077.5 98.4365
11077.9 98.4373
11078.2 98.4381
11078.6 98.4389
11079 98.4398
11079.3 98.4401
11079.7 98.4414
11080.1 98.4423
11080.4 98.4432
11080.8 98.4442
11081.2 98.4451
11081.5 98.4461
11081.9 98.447
11082.3 98.4479
11082.6 98.4488
11083 98.4496
11083.4 98.4504
11083.7 98.4512
11084.1 98.452
11084.5 98.4527
11084.8 98.4534
11085.2 98.4542
11085.6 98.4554
11085.9 98.4559
11086.3 98.4567
11086.7 98.4576
11087 98.4584
11087.4 98.4593
11087.8 98.4602
11088.1 98.4611
11088.5 98.462
11088.9 98.4629
11089.2 98.4638
11089.6 98.4648
11090 98.4657
11090.3 98.4666
11090.7 98.4676
11091.1 98.4685
11091.4 98.4694
11091.8 98.4708
11092.2 98.4717
11092.5 98.4721
11092.9 98.473
11093.3 98.4739
11093.6 98.4747
11094 98.4755
11094.4 98.4763
11094.7 98.4771
11095.1 98.4778
11095.5 98.4784
11095.8 98.4789
11096.2 98.4794
11096.6 98.4797
11096.9 98.4799
11097.3 98.48
11097.7 98.48
11098 98.4799
11098.4 98.4797
11098.8 98.4796
11099.1 98.4793
11099.5 98.4789
11099.9 98.4785
11100.2 98.478
11100.6 98.4774
11101 98.4769
11101.3 98.4763
11101.7 98.4758
11102 98.4752
11102.4 98.4747
11102.8 98.4741
11103.1 98.4736
11103.5 98.4732
11103.9 98.4727
11104.2 98.4721
11104.6 98.4717
11105 98.4714
11105.3 98.4713
11105.7 98.471
11106.1 98.4708
11106.4 98.4707
11106.8 98.4706
11107.2 98.4706
11107.5 98.4706
11107.9 98.4707
11108.3 98.4709
11108.6 98.4711
11109 98.4714
11109.4 98.4717
11109.7 98.472
11110.1 98.4725
11110.5 98.473
11110.8 98.4735
11111.2 98.474
11111.6 98.4745
11111.9 98.4746
11112.3 98.4752
11112.7 98.4757
11113 98.4762
11113.4 98.4766
11113.8 98.4771
11114.1 98.4775
11114.5 98.4778
11114.9 98.4781
11115.2 98.4784
11115.6 98.4786
11116 98.4788
11116.3 98.479
11116.7 98.479
11117.1 98.4789
11117.4 98.4788
11117.8 98.4787
11118.2 98.4784
11118.5 98.4783
11118.9 98.4779
11119.3 98.4775
11119.6 98.4771
11120 98.4766
11120.4 98.4761
11120.7 98.4755
11121.1 98.475
11121.5 98.4744
11121.8 98.4738
11122.2 98.4733
11122.6 98.4723
11122.9 98.4717
11123.3 98.4712
11123.7 98.4707
11124 98.4702
11124.4 98.4697
11124.8 98.4693
11125.1 98.4692
11125.5 98.4688
11125.9 98.4685
11126.2 98.4681
11126.6 98.4679
11127 98.4676
11127.3 98.4674
11127.7 98.4671
11128.1 98.467
11128.4 98.4668
11128.8 98.4668
11129.1 98.4667
11129.5 98.4667
11129.9 98.4667
11130.2 98.4667
11130.6 98.4667
11131 98.4668
11131.3 98.4668
11131.7 98.4668
11132.1 98.4669
11132.4 98.467
11132.8 98.4672
11133.2 98.4673
11133.5 98.4675
11133.9 98.4676
11134.3 98.4678
11134.6 98.468
11135 98.4677
11135.4 98.4678
11135.7 98.4679
11136.1 98.4679
11136.5 98.4679
11136.8 98.4678
11137.2 98.4678
11137.6 98.4676
11137.9 98.4671
11138.3 98.467
11138.7 98.4668
11139 98.4667
11139.4 98.4665
11139.8 98.4663
11140.1 98.4661
11140.5 98.4659
11140.9 98.4657
11141.2 98.4652
11141.6 98.4651
11142 98.4651
11142.3 98.4652
11142.7 98.4654
11143.1 98.4657
11143.4 98.466
11143.8 98.4665
11144.2 98.4669
11144.5 98.4671
11144.9 98.4677
11145.3 98.4683
11145.6 98.469
11146 98.4696
11146.4 98.4703
11146.7 98.4709
11147.1 98.4715
11147.5 98.4724
11147.8 98.4729
11148.2 98.4734
11148.6 98.4738
11148.9 98.4742
11149.3 98.4745
11149.7 98.4748
11150 98.475
11150.4 98.4753
11150.8 98.4755
11151.1 98.4756
11151.5 98.4758
11151.9 98.4759
11152.2 98.476
11152.6 98.4761
11153 98.4762
11153.3 98.4759
11153.7 98.4758
11154.1 98.4756
11154.4 98.4753
11154.8 98.475
11155.2 98.4745
11155.5 98.474
11155.9 98.4734
11156.2 98.4727
11156.6 98.4719
11157 98.4711
11157.3 98.4702
11157.7 98.4693
11158.1 98.4683
11158.4 98.4672
11158.8 98.4662
11159.2 98.4651
11159.5 98.4632
11159.9 98.4622
11160.3 98.4612
11160.6 98.4603
11161 98.4594
11161.4 98.4586
11161.7 98.4579
11162.1 98.4573
11162.5 98.4567
11162.8 98.4562
11163.2 98.4558
11163.6 98.4554
11163.9 98.455
11164.3 98.4549
11164.7 98.4546
11165 98.4544
11165.4 98.4542
11165.8 98.454
11166.1 98.4538
11166.5 98.4536
11166.9 98.4534
11167.2 98.4533
11167.6 98.4531
11168 98.4529
11168.3 98.4528
11168.7 98.4527
11169.1 98.4525
11169.4 98.4524
11169.8 98.4523
11170.2 98.4523
11170.5 98.4519
11170.9 98.4518
11171.3 98.4517
11171.6 98.4516
11172 98.4509
11172.4 98.4508
11172.7 98.4506
11173.1 98.4505
11173.5 98.4503
11173.8 98.4502
11174.2 98.45
11174.6 98.45
11174.9 98.4499
11175.3 98.4498
11175.7 98.4498
11176 98.4498
11176.4 98.4498
11176.8 98.4498
11177.1 98.4494
11177.5 98.4495
11177.9 98.4496
11178.2 98.4493
11178.6 98.4495
11179 98.4496
11179.3 98.4497
11179.7 98.4498
11180.1 98.4499
11180.4 98.4499
11180.8 98.4499
11181.2 98.4497
11181.5 98.4495
11181.9 98.4491
11182.3 98.4487
11182.6 98.4483
11183 98.4478
11183.3 98.4472
11183.7 98.4467
11184.1 98.4457
11184.4 98.4451
11184.8 98.4445
11185.2 98.4438
11185.5 98.443
11185.9 98.4423
11186.3 98.4415
11186.6 98.4407
11187 98.4398
11187.4 98.439
11187.7 98.438
11188.1 98.4371
11188.5 98.4361
11188.8 98.435
11189.2 98.4339
11189.6 98.4328
11189.9 98.4317
11190.3 98.4309
11190.7 98.4297
11191 98.4285
11191.4 98.4272
11191.8 98.4259
11192.1 98.4247
11192.5 98.4234
11192.9 98.4221
11193.2 98.4207
11193.6 98.4194
11194 98.4181
11194.3 98.4168
11194.7 98.4156
11195.1 98.4143
11195.4 98.413
11195.8 98.4118
11196.2 98.4105
11196.5 98.4083
11196.9 98.4074
11197.3 98.4062
11197.6 98.405
11198 98.404
11198.4 98.403
11198.7 98.4021
11199.1 98.4012
11199.5 98.4004
11199.8 98.3997
11200.2 98.399
11200.6 98.3984
11200.9 98.3978
11201.3 98.3972
11201.7 98.3967
11202 98.3961
11202.4 98.3955
11202.8 98.3942
11203.1 98.3936
11203.5 98.393
11203.9 98.3923
11204.2 98.3916
11204.6 98.3909
11205 98.3902
11205.3 98.3894
11205.7 98.3887
11206.1 98.3879
11206.4 98.3871
11206.8 98.3863
11207.2 98.3855
11207.5 98.3847
11207.9 98.3838
11208.3 98.383
11208.6 98.3821
11209 98.3808
11209.3 98.3799
11209.7 98.3795
11210.1 98.3786
11210.4 98.3777
11210.8 98.3768
11211.2 98.3759
11211.5 98.375
11211.9 98.3741
11212.3 98.3731
11212.6 98.3722
11213 98.3713
11213.4 98.3704
11213.7 98.3695
11214.1 98.3686
11214.5 98.3677
11214.8 98.3664
11215.2 98.3655
11215.6 98.3646
11215.9 98.3637
11216.3 98.3634
11216.7 98.3625
11217 98.3617
11217.4 98.3608
11217.8 98.36
11218.1 98.3591
11218.5 98.3582
11218.9 98.3573
11219.2 98.3564
11219.6 98.3554
11220 98.3545
11220.3 98.3534
11220.7 98.3523
11221.1 98.3508
11221.4 98.3496
11221.8 98.3483
11222.2 98.3469
11222.5 98.3455
11222.9 98.3449
11223.3 98.3434
11223.6 98.3419
11224 98.3403
11224.4 98.3388
11224.7 98.3372
11225.1 98.3357
11225.5 98.3342
11225.8 98.3327
11226.2 98.3312
11226.6 98.3298
11226.9 98.3284
11227.3 98.3263
11227.7 98.325
11228 98.3238
11228.4 98.3225
11228.8 98.3213
11229.1 98.3201
11229.5 98.3193
11229.9 98.3181
11230.2 98.317
11230.6 98.3159
11231 98.3148
11231.3 98.3137
11231.7 98.3126
11232.1 98.3116
11232.4 98.3105
11232.8 98.3095
11233.2 98.3085
11233.5 98.3069
11233.9 98.3058
11234.3 98.3047
11234.6 98.3036
11235 98.3025
11235.4 98.3013
11235.7 98.3001
11236.1 98.2995
11236.4 98.2982
11236.8 98.297
11237.2 98.2956
11237.5 98.2943
11237.9 98.293
11238.3 98.2917
11238.6 98.2904
11239 98.289
11239.4 98.2877
11239.7 98.2859
11240.1 98.2846
11240.5 98.2834
11240.8 98.2821
11241.2 98.2809
11241.6 98.2796
11241.9 98.2784
11242.3 98.2781
11242.7 98.2768
11243 98.2756
11243.4 98.2744
11243.8 98.2732
11244.1 98.272
11244.5 98.2708
11244.9 98.2696
11245.2 98.2685
11245.6 98.2674
11246 98.2661
11246.3 98.2651
11246.7 98.2641
11247.1 98.2632
11247.4 98.2623
11247.8 98.2614
11248.2 98.2606
11248.5 98.2598
11248.9 98.2597
11249.3 98.2589
11249.6 98.2581
11250 98.2573
11250.4 98.2566
11250.7 98.2559
11251.1 98.2552
11251.5 98.2546
11251.8 98.2541
11252.2 98.2537
11252.6 98.2533
11252.9 98.253
11253.3 98.2528
11253.7 98.2526
11254 98.2525
11254.4 98.2526
11254.8 98.2527
11255.1 98.2529
11255.5 98.2532
11255.9 98.2534
11256.2 98.2537
11256.6 98.254
11257 98.2543
11257.3 98.2546
11257.7 98.2548
11258.1 98.2552
11258.4 98.2553
11258.8 98.2553
11259.2 98.2552
11259.5 98.2551
11259.9 98.255
11260.3 98.2548
11260.6 98.2545
11261 98.2542
11261.4 98.2538
11261.7 98.2533
11262.1 98.2533
11262.5 98.2527
11262.8 98.252
11263.2 98.2512
11263.5 98.2503
11263.9 98.2493
11264.3 98.2476
11264.6 98.2463
11265 98.2449
11265.4 98.2435
11265.7 98.2419
11266.1 98.2404
11266.5 98.2388
11266.8 98.2373
11267.2 98.2357
11267.6 98.2342
11267.9 98.2327
11268.3 98.2313
11268.7 98.2306
11269 98.2292
11269.4 98.2279
11269.8 98.2266
11270.1 98.2254
11270.5 98.2238
11270.9 98.2228
11271.2 98.2219
11271.6 98.2211
11272 98.2204
11272.3 98.2197
11272.7 98.2192
11273.1 98.2188
11273.4 98.2184
11273.8 98.2181
11274.2 98.2179
11274.5 98.2178
11274.9 98.2179
11275.3 98.2178
11275.6 98.2178
11276 98.2177
11276.4 98.2176
11276.7 98.2178
11277.1 98.2176
11277.5 98.2175
11277.8 98.2173
11278.2 98.2171
11278.6 98.2169
11278.9 98.2166
11279.3 98.2163
11279.7 98.216
11280 98.2157
11280.4 98.2154
11280.8 98.215
11281.1 98.2146
11281.5 98.2149
11281.9 98.2144
11282.2 98.2139
11282.6 98.2136
11283 98.213
11283.3 98.2123
11283.7 98.2115
11284.1 98.2108
11284.4 98.2099
11284.8 98.209
11285.2 98.208
11285.5 98.207
11285.9 98.2059
11286.3 98.2048
11286.6 98.2036
11287 98.2024
11287.4 98.2011
11287.7 98.1999
11288.1 98.1997
11288.5 98.1985
11288.8 98.1972
11289.2 98.1961
11289.5 98.1949
11289.9 98.1938
11290.3 98.1927
11290.6 98.1917
11291 98.1908
11291.4 98.1899
11291.7 98.1891
11292.1 98.1883
11292.5 98.1875
11292.8 98.1868
11293.2 98.1862
11293.6 98.1855
11293.9 98.185
11294.3 98.1845
11294.7 98.1846
11295 98.1842
11295.4 98.1837
11295.8 98.1833
11296.1 98.1829
11296.5 98.1826
11296.9 98.1824
11297.2 98.1823
11297.6 98.1823
11298 98.1824
11298.3 98.1825
11298.7 98.1827
11299.1 98.1829
11299.4 98.1831
11299.8 98.1834
11300.2 98.1836
11300.5 98.1838
11300.9 98.1839
11301.3 98.1833
11301.6 98.1833
11302 98.1831
11302.4 98.1829
11302.7 98.1825
11303.1 98.1819
11303.5 98.1811
11303.8 98.1802
11304.2 98.179
11304.6 98.1777
11304.9 98.1761
11305.3 98.1743
11305.7 98.1724
11306 98.1704
11306.4 98.1682
11306.8 98.166
11307.1 98.1638
11307.5 98.1604
11307.9 98.1593
11308.2 98.1574
11308.6 98.1555
11309 98.1538
11309.3 98.1521
11309.7 98.1506
11310.1 98.1492
11310.4 98.1479
11310.8 98.1468
11311.2 98.1457
11311.5 98.1447
11311.9 98.1438
11312.3 98.143
11312.6 98.1423
11313 98.1417
11313.4 98.1412
11313.7 98.141
11314.1 98.1412
11314.5 98.1409
11314.8 98.1406
11315.2 98.1404
11315.6 98.1403
11315.9 98.1402
11316.3 98.1401
11316.6 98.14
11317 98.14
11317.4 98.1399
11317.7 98.1398
11318.1 98.1397
11318.5 98.1396
11318.8 98.1394
11319.2 98.1393
11319.6 98.139
11319.9 98.1387
11320.3 98.1383
11320.7 98.1383
11321 98.1378
11321.4 98.1373
11321.8 98.1367
11322.1 98.1361
11322.5 98.1355
11322.9 98.1348
11323.2 98.1341
11323.6 98.1334
11324 98.1327
11324.3 98.132
11324.7 98.1313
11325.1 98.1307
11325.4 98.1301
11325.8 98.1298
11326.2 98.1294
11326.5 98.1291
11326.9 98.1288
11327.3 98.1292
11327.6 98.1291
11328 98.1291
11328.4 98.1291
11328.7 98.1292
11329.1 98.1295
11329.5 98.1297
11329.8 98.1301
11330.2 98.1305
11330.6 98.131
11330.9 98.1315
11331.3 98.132
11331.7 98.1327
11332 98.1344
11332.4 98.1351
11332.8 98.1358
11333.1 98.1365
11333.5 98.1373
11333.9 98.1385
11334.2 98.1393
11334.6 98.1401
11335 98.1409
11335.3 98.1417
11335.7 98.1426
11336.1 98.1434
11336.4 98.1443
11336.8 98.1452
11337.2 98.1461
11337.5 98.147
11337.9 98.1479
11338.3 98.15
11338.6 98.151
11339 98.1519
11339.4 98.1528
11339.7 98.1537
11340.1 98.1545
11340.5 98.1555
11340.8 98.1563
11341.2 98.1569
11341.6 98.1575
11341.9 98.158
11342.3 98.1584
11342.7 98.1587
11343 98.159
11343.4 98.159
11343.7 98.159
11344.1 98.1589
11344.5 98.159
11344.8 98.1587
11345.2 98.1582
11345.6 98.1577
11345.9 98.1571
11346.3 98.1565
11346.7 98.1565
11347 98.1559
11347.4 98.1552
11347.8 98.1545
11348.1 98.1537
11348.5 98.153
11348.9 98.1522
11349.2 98.1515
11349.6 98.1507
11350 98.15
11350.3 98.1493
11350.7 98.1487
11351.1 98.148
11351.4 98.1475
11351.8 98.1469
11352.2 98.1463
11352.5 98.1458
11352.9 98.1453
11353.3 98.1456
11353.6 98.1452
11354 98.1448
11354.4 98.1444
11354.7 98.144
11355.1 98.1437
11355.5 98.1433
11355.8 98.143
11356.2 98.1427
11356.6 98.143
11356.9 98.1427
11357.3 98.1425
11357.7 98.1422
11358 98.142
11358.4 98.1419
11358.8 98.1417
11359.1 98.1416
11359.5 98.1416
11359.9 98.142
11360.2 98.1419
11360.6 98.1419
11361 98.1419
11361.3 98.142
11361.7 98.1421
11362.1 98.1422
11362.4 98.1424
11362.8 98.1429
11363.2 98.143
11363.5 98.1432
11363.9 98.1433
11364.3 98.1435
11364.6 98.1437
11365 98.144
11365.4 98.1441
11365.7 98.1443
11366.1 98.1445
11366.5 98.1448
11366.8 98.1449
11367.2 98.145
11367.6 98.145
11367.9 98.145
11368.3 98.1449
11368.7 98.1448
11369 98.145
11369.4 98.1449
11369.8 98.1448
11370.1 98.1446
11370.5 98.1445
11370.8 98.1444
11371.2 98.1443
11371.6 98.1443
11371.9 98.1442
11372.3 98.1442
11372.7 98.1442
11373 98.1449
11373.4 98.1449
11373.8 98.1449
11374.1 98.1449
11374.5 98.1449
11374.9 98.1449
11375.2 98.1457
11375.6 98.1457
11376 98.1457
11376.3 98.1458
11376.7 98.1459
11377.1 98.146
11377.4 98.1461
11377.8 98.1463
11378.2 98.1466
11378.5 98.1468
11378.9 98.1471
11379.3 98.1475
11379.6 98.1481
11380 98.1484
11380.4 98.1488
11380.7 98.1491
11381.1 98.1495
11381.5 98.1501
11381.8 98.1504
11382.2 98.1506
11382.6 98.1508
11382.9 98.151
11383.3 98.1512
11383.7 98.1514
11384 98.1516
11384.4 98.1518
11384.8 98.1519
11385.1 98.1521
11385.5 98.1522
11385.9 98.1517
11386.2 98.1518
11386.6 98.152
11387 98.1521
11387.3 98.1517
11387.7 98.1519
11388.1 98.1521
11388.4 98.1522
11388.8 98.1523
11389.2 98.1525
11389.5 98.1526
11389.9 98.1527
11390.3 98.1529
11390.6 98.1531
11391 98.1533
11391.4 98.1536
11391.7 98.1539
11392.1 98.1542
11392.5 98.1545
11392.8 98.1549
11393.2 98.1554
11393.6 98.1562
11393.9 98.1568
11394.3 98.1573
11394.7 98.1578
11395 98.1584
11395.4 98.1589
11395.8 98.1595
11396.1 98.16
11396.5 98.1605
11396.8 98.161
11397.2 98.1615
11397.6 98.1618
11397.9 98.1622
11398.3 98.1625
11398.7 98.1627
11399 98.1628
11399.4 98.163
11399.8 98.1632
11400.1 98.1632
11400.5 98.1632
11400.9 98.1631
11401.2 98.163
11401.6 98.1629
11402 98.1628
11402.3 98.1626
11402.7 98.1625
11403.1 98.1623
11403.4 98.1621
11403.8 98.1619
11404.2 98.1617
11404.5 98.1615
11404.9 98.1613
11405.3 98.1613
11405.6 98.161
11406 98.1608
11406.4 98.1609
11406.7 98.161
11407.1 98.1611
11407.5 98.1613
11407.8 98.1615
11408.2 98.1618
11408.6 98.162
11408.9 98.1621
11409.3 98.1623
11409.7 98.1625
11410 98.1626
11410.4 98.1628
11410.8 98.1629
11411.1 98.163
11411.5 98.1632
11411.9 98.1633
11412.2 98.1639
11412.6 98.164
11413 98.1642
11413.3 98.1643
11413.7 98.1645
11414.1 98.1647
11414.4 98.1649
11414.8 98.1651
11415.2 98.1653
11415.5 98.1655
11415.9 98.1657
11416.3 98.166
11416.6 98.1663
11417 98.1666
11417.4 98.167
11417.7 98.1674
11418.1 98.168
11418.5 98.1683
11418.8 98.1687
11419.2 98.1692
11419.6 98.1697
11419.9 98.1703
11420.3 98.1709
11420.7 98.1714
11421 98.172
11421.4 98.1726
11421.8 98.1731
11422.1 98.1736
11422.5 98.1741
11422.9 98.1746
11423.2 98.175
11423.6 98.1754
11423.9 98.1758
11424.3 98.176
11424.7 98.1763
11425 98.1762
11425.4 98.1765
11425.8 98.1769
11426.1 98.1772
11426.5 98.1776
11426.9 98.1779
11427.2 98.1783
11427.6 98.1787
11428 98.1791
11428.3 98.1796
11428.7 98.18
11429.1 98.1804
11429.4 98.1809
11429.8 98.1814
11430.2 98.1819
11430.5 98.1826
11430.9 98.1832
11431.3 98.1839
11431.6 98.1841
11432 98.1848
11432.4 98.1856
11432.7 98.1864
11433.1 98.1872
11433.5 98.188
11433.8 98.1889
11434.2 98.1898
11434.6 98.1907
11434.9 98.1916
11435.3 98.1925
11435.7 98.1935
11436 98.1944
11436.4 98.1953
11436.8 98.1967
11437.1 98.1976
11437.5 98.1984
11437.9 98.1992
11438.2 98.1997
11438.6 98.2004
11439 98.2011
11439.3 98.2017
11439.7 98.2022
11440.1 98.2028
11440.4 98.2032
11440.8 98.2037
11441.2 98.2041
11441.5 98.2045
11441.9 98.2049
11442.3 98.2053
11442.6 98.2057
11443 98.2064
11443.4 98.2069
11443.7 98.2073
11444.1 98.2078
11444.5 98.2083
11444.8 98.2087
11445.2 98.2092
11445.6 98.2097
11445.9 98.2102
11446.3 98.2106
11446.7 98.2111
11447 98.2116
11447.4 98.212
11447.8 98.2125
11448.1 98.2129
11448.5 98.2133
11448.9 98.2137
11449.2 98.2144
11449.6 98.2147
11450 98.215
11450.3 98.2153
11450.7 98.2156
11451 98.2158
11451.4 98.2158
11451.8 98.216
11452.1 98.2161
11452.5 98.2161
11452.9 98.2162
11453.2 98.2162
11453.6 98.2162
11454 98.2163
11454.3 98.2163
11454.7 98.2163
11455.1 98.2158
11455.4 98.2158
11455.8 98.2158
11456.2 98.2159
11456.5 98.2159
11456.9 98.2159
11457.3 98.216
11457.6 98.2156
11458 98.2157
11458.4 98.2158
11458.7 98.216
11459.1 98.2161
11459.5 98.2163
11459.8 98.2164
11460.2 98.2165
11460.6 98.2166
11460.9 98.2166
11461.3 98.2166
11461.7 98.2166
11462 98.2165
11462.4 98.2164
11462.8 98.2162
11463.1 98.216
11463.5 98.2158
11463.9 98.2156
11464.2 98.2157
11464.6 98.2154
11465 98.2152
11465.3 98.2149
11465.7 98.2147
11466.1 98.2145
11466.4 98.2143
11466.8 98.2142
11467.2 98.2141
11467.5 98.2144
11467.9 98.2144
11468.3 98.2145
11468.6 98.2146
11469 98.2147
11469.4 98.2149
11469.7 98.2151
11470.1 98.2154
11470.5 98.2156
11470.8 98.2161
11471.2 98.2164
11471.6 98.2167
11471.9 98.2171
11472.3 98.2174
11472.7 98.2178
11473 98.2182
11473.4 98.2186
11473.8 98.2197
11474.1 98.2202
11474.5 98.2208
11474.9 98.2215
11475.2 98.2221
11475.6 98.2229
11476 98.2237
11476.3 98.2245
11476.7 98.2254
11477 98.2264
11477.4 98.2269
11477.8 98.2279
11478.1 98.2289
11478.5 98.23
11478.9 98.2311
11479.2 98.2323
11479.6 98.2335
11480 98.2352
11480.3 98.2365
11480.7 98.2378
11481.1 98.2391
11481.4 98.2405
11481.8 98.2418
11482.2 98.2432
11482.5 98.2445
11482.9 98.2458
11483.3 98.2471
11483.6 98.2483
11484 98.2485
11484.4 98.2496
11484.7 98.2506
11485.1 98.2515
11485.5 98.2523
11485.8 98.2529
11486.2 98.2534
11486.6 98.2538
11486.9 98.2542
11487.3 98.2544
11487.7 98.2545
11488 98.2546
11488.4 98.2546
11488.8 98.2545
11489.1 98.2544
11489.5 98.2542
11489.9 98.254
11490.2 98.2535
11490.6 98.2533
11491 98.253
11491.3 98.2526
11491.7 98.2522
11492.1 98.2511
11492.4 98.2506
11492.8 98.2501
11493.2 98.2496
11493.5 98.2491
11493.9 98.2485
11494.3 98.248
11494.6 98.2476
11495 98.2471
11495.4 98.2467
11495.7 98.2463
11496.1 98.246
11496.5 98.2457
11496.8 98.2453
11497.2 98.2451
11497.6 98.2449
11497.9 98.2447
11498.3 98.2443
11498.7 98.2442
11499 98.2442
11499.4 98.2442
11499.8 98.2442
11500.1 98.2442
11500.5 98.2442
11500.9 98.2443
11501.2 98.2443
11501.6 98.2444
11502 98.2444
11502.3 98.2444
11502.7 98.2443
11503.1 98.2442
11503.4 98.2439
11503.8 98.2438
11504.1 98.2436
11504.5 98.2428
11504.9 98.2424
11505.2 98.2419
11505.6 98.2413
11506 98.2407
11506.3 98.24
11506.7 98.2392
11507.1 98.2384
11507.4 98.2375
11507.8 98.2365
11508.2 98.2356
11508.5 98.2346
11508.9 98.2336
11509.3 98.2325
11509.6 98.2315
11510 98.2304
11510.4 98.2293
11510.7 98.2272
11511.1 98.2261
11511.5 98.2251
11511.8 98.2241
11512.2 98.2232
11512.6 98.2224
11512.9 98.2217
11513.3 98.2211
11513.7 98.2206
11514 98.2202
11514.4 98.2199
11514.8 98.2197
11515.1 98.2196
11515.5 98.2196
11515.9 98.2195
11516.2 98.2196
11516.6 98.219
11517 98.2187
11517.3 98.2188
11517.7 98.2189
11518.1 98.2189
11518.4 98.2189
11518.8 98.2189
11519.2 98.2189
11519.5 98.2188
11519.9 98.2188
11520.3 98.2186
11520.6 98.2185
11521 98.2184
11521.4 98.2183
11521.7 98.2181
11522.1 98.218
11522.5 98.2179
11522.8 98.2176
11523.2 98.2173
11523.6 98.2171
11523.9 98.2169
11524.3 98.2167
11524.7 98.2165
11525 98.2162
11525.4 98.216
11525.8 98.2156
11526.1 98.2153
11526.5 98.2149
11526.9 98.2144
11527.2 98.214
11527.6 98.2136
11528 98.2132
11528.3 98.2128
11528.7 98.2125
11529.1 98.2116
11529.4 98.211
11529.8 98.2108
11530.2 98.2107
11530.5 98.2107
11530.9 98.2108
11531.2 98.211
11531.6 98.2113
11532 98.2116
11532.3 98.212
11532.7 98.2124
11533.1 98.2128
11533.4 98.2131
11533.8 98.2134
11534.2 98.2137
11534.5 98.2139
11534.9 98.214
11535.3 98.2136
11535.6 98.2136
11536 98.2131
11536.4 98.213
11536.7 98.2128
11537.1 98.2126
11537.5 98.2122
11537.8 98.2118
11538.2 98.2114
11538.6 98.2109
11538.9 98.2104
11539.3 98.2099
11539.7 98.2094
11540 98.2089
11540.4 98.2085
11540.8 98.2081
11541.1 98.2077
11541.5 98.2069
11541.9 98.2067
11542.2 98.2066
11542.6 98.206
11543 98.206
11543.3 98.206
11543.7 98.206
11544.1 98.206
11544.4 98.2059
11544.8 98.2057
11545.2 98.2055
11545.5 98.2052
11545.9 98.2048
11546.3 98.2043
11546.6 98.2037
11547 98.203
11547.4 98.2022
11547.7 98.2
11548.1 98.199
11548.5 98.1978
11548.8 98.1967
11549.2 98.1954
11549.6 98.1942
11549.9 98.193
11550.3 98.1918
11550.7 98.1906
11551 98.1894
11551.4 98.1883
11551.8 98.1871
11552.1 98.186
11552.5 98.185
11552.9 98.184
11553.2 98.183
11553.6 98.1814
11554 98.1805
11554.3 98.1796
11554.7 98.1788
11555.1 98.1779
11555.4 98.1771
11555.8 98.1767
11556.2 98.1759
11556.5 98.1751
11556.9 98.1743
11557.3 98.1736
11557.6 98.1729
11558 98.1722
11558.3 98.1715
11558.7 98.1709
11559.1 98.1704
11559.4 98.1698
11559.8 98.1692
11560.2 98.1688
11560.5 98.1684
11560.9 98.1679
11561.3 98.1676
11561.6 98.1672
11562 98.1669
11562.4 98.1665
11562.7 98.166
11563.1 98.1655
11563.5 98.1648
11563.8 98.1641
11564.2 98.1634
11564.6 98.1625
11564.9 98.1616
11565.3 98.1606
11565.7 98.1595
11566 98.1574
11566.4 98.156
11566.8 98.1546
11567.1 98.153
11567.5 98.1514
11567.9 98.1497
11568.2 98.1479
11568.6 98.1467
11569 98.145
11569.3 98.1432
11569.7 98.1416
11570.1 98.14
11570.4 98.1384
11570.8 98.1369
11571.2 98.1355
11571.5 98.1341
11571.9 98.1328
11572.3 98.1309
11572.6 98.1298
11573 98.1287
11573.4 98.1277
11573.7 98.1267
11574.1 98.1257
11574.5 98.1248
11574.8 98.1239
11575.2 98.1236
11575.6 98.1228
11575.9 98.122
11576.3 98.1212
11576.7 98.1204
11577 98.1196
11577.4 98.1189
11577.8 98.1182
11578.1 98.1175
11578.5 98.1169
11578.9 98.1162
11579.2 98.1156
11579.6 98.115
11580 98.1144
11580.3 98.1137
11580.7 98.1131
11581.1 98.1125
11581.4 98.1118
11581.8 98.1119
11582.2 98.1112
11582.5 98.1105
11582.9 98.1097
11583.3 98.109
11583.6 98.1082
11584 98.1075
11584.3 98.1067
11584.7 98.1061
11585.1 98.1054
11585.4 98.1046
11585.8 98.1039
11586.2 98.1032
11586.5 98.1025
11586.9 98.1018
11587.3 98.1012
11587.6 98.1005
11588 98.0999
11588.4 98.1001
11588.7 98.0995
11589.1 98.099
11589.5 98.0984
11589.8 98.0979
11590.2 98.0974
11590.6 98.097
11590.9 98.0965
11591.3 98.096
11591.7 98.0956
11592 98.0952
11592.4 98.0948
11592.8 98.0945
11593.1 98.0941
11593.5 98.0938
11593.9 98.0936
11594.2 98.0933
11594.6 98.093
11595 98.0929
11595.3 98.0926
11595.7 98.0922
11596.1 98.0918
11596.4 98.0914
11596.8 98.0906
11597.2 98.09
11597.5 98.0893
11597.9 98.0886
11598.3 98.0878
11598.6 98.0868
11599 98.0858
11599.4 98.0847
11599.7 98.0835
11600.1 98.0822
11600.5 98.0809
11600.8 98.0795
11601.2 98.0786
11601.6 98.0771
11601.9 98.0756
11602.3 98.074
11602.7 98.0723
11603 98.07
11603.4 98.0684
11603.8 98.0668
11604.1 98.0652
11604.5 98.0637
11604.9 98.0622
11605.2 98.0607
11605.6 98.0593
11606 98.0579
11606.3 98.0565
11606.7 98.0552
11607.1 98.0539
11607.4 98.0527
11607.8 98.0523
11608.2 98.0511
11608.5 98.05
11608.9 98.0489
11609.3 98.0475
11609.6 98.0466
11610 98.0458
11610.4 98.0451
11610.7 98.0446
11611.1 98.0441
11611.4 98.0439
11611.8 98.0437
11612.2 98.0437
11612.5 98.0438
11612.9 98.0439
11613.3 98.0442
11613.6 98.0444
11614 98.0447
11614.4 98.0452
11614.7 98.0455
11615.1 98.0458
11615.5 98.0466
11615.8 98.0469
11616.2 98.0471
11616.6 98.0474
11616.9 98.0476
11617.3 98.0478
11617.7 98.0479
11618 98.0479
11618.4 98.048
11618.8 98.0479
11619.1 98.0478
11619.5 98.0476
11619.9 98.0473
11620.2 98.0469
11620.6 98.0465
11621 98.0466
11621.3 98.0461
11621.7 98.0454
11622.1 98.0447
11622.4 98.044
11622.8 98.0432
11623.2 98.0423
11623.5 98.0414
11623.9 98.0405
11624.3 98.0395
11624.6 98.0384
11625 98.0373
11625.4 98.0361
11625.7 98.0349
11626.1 98.0336
11626.5 98.0322
11626.8 98.0308
11627.2 98.0293
11627.6 98.0276
11627.9 98.0259
11628.3 98.0243
11628.7 98.0226
11629 98.021
11629.4 98.0194
11629.8 98.0179
11630.1 98.0164
11630.5 98.0149
11630.9 98.0136
11631.2 98.0123
11631.6 98.0111
11632 98.01
11632.3 98.0089
11632.7 98.0079
11633.1 98.007
11633.4 98.0061
11633.8 98.0048
11634.2 98.0041
11634.5 98.0035
11634.9 98.0028
11635.3 98.0022
11635.6 98.0017
11636 98.0011
11636.4 98.0005
11636.7 97.9999
11637.1 97.9992
11637.5 97.9985
11637.8 97.9977
11638.2 97.9969
11638.5 97.9961
11638.9 97.9952
11639.3 97.9942
11639.6 97.9932
11640 97.9919
11640.4 97.9915
11640.7 97.9905
11641.1 97.9896
11641.5 97.9887
11641.8 97.9878
11642.2 97.987
11642.6 97.9862
11642.9 97.9854
11643.3 97.9846
11643.7 97.9839
11644 97.9832
11644.4 97.9825
11644.8 97.9819
11645.1 97.9812
11645.5 97.9806
11645.9 97.9799
11646.2 97.9795
11646.6 97.9788
11647 97.9789
11647.3 97.9782
11647.7 97.9775
11648.1 97.9766
11648.4 97.9758
11648.8 97.9748
11649.2 97.9738
11649.5 97.9727
11649.9 97.9716
11650.3 97.9704
11650.6 97.9693
11651 97.9681
11651.4 97.9669
11651.7 97.9659
11652.1 97.9648
11652.5 97.9635
11652.8 97.9627
11653.2 97.962
11653.6 97.9617
11653.9 97.9611
11654.3 97.9606
11654.7 97.9601
11655 97.9596
11655.4 97.9592
11655.8 97.9588
11656.1 97.9584
11656.5 97.958
11656.9 97.9576
11657.2 97.9573
11657.6 97.9569
11658 97.9565
11658.3 97.9557
11658.7 97.9553
11659.1 97.9549
11659.4 97.9545
11659.8 97.9541
11660.2 97.9538
11660.5 97.9535
11660.9 97.9532
11661.3 97.953
11661.6 97.9529
11662 97.9527
11662.4 97.9526
11662.7 97.9526
11663.1 97.9526
11663.5 97.9526
11663.8 97.9526
11664.2 97.9526
11664.5 97.9527
11664.9 97.9527
11665.3 97.9526
11665.6 97.9525
11666 97.9523
11666.4 97.952
11666.7 97.9521
11667.1 97.9517
11667.5 97.9514
11667.8 97.9509
11668.2 97.9505
11668.6 97.95
11668.9 97.9495
11669.3 97.9489
11669.7 97.9484
11670 97.9478
11670.4 97.9472
11670.8 97.9464
11671.1 97.9457
11671.5 97.9449
11671.9 97.9441
11672.2 97.9433
11672.6 97.9424
11673 97.9421
11673.3 97.9411
11673.7 97.9402
11674.1 97.9391
11674.4 97.9381
11674.8 97.9371
11675.2 97.9361
11675.5 97.9352
11675.9 97.9342
11676.3 97.9334
11676.6 97.9325
11677 97.9315
11677.4 97.9308
11677.7 97.93
11678.1 97.9293
11678.5 97.9287
11678.8 97.928
11679.2 97.9273
11679.6 97.9271
11679.9 97.9265
11680.3 97.9258
11680.7 97.9252
11681 97.9246
11681.4 97.924
11681.8 97.9234
11682.1 97.9228
11682.5 97.9222
11682.9 97.9217
11683.2 97.9212
11683.6 97.9206
11684 97.9201
11684.3 97.9196
11684.7 97.9191
11685.1 97.9186
11685.4 97.9182
11685.8 97.9178
11686.2 97.9181
11686.5 97.9177
11686.9 97.9174
11687.3 97.9171
11687.6 97.9168
11688 97.9165
11688.4 97.9163
11688.7 97.9161
11689.1 97.9162
11689.5 97.916
11689.8 97.9158
11690.2 97.9157
11690.6 97.9157
11690.9 97.9156
11691.3 97.9156
11691.6 97.9157
11692 97.9158
11692.4 97.916
11692.7 97.9161
11693.1 97.9163
11693.5 97.9164
11693.8 97.9166
11694.2 97.9168
11694.6 97.9169
11694.9 97.917
11695.3 97.9171
11695.7 97.917
11696 97.9169
11696.4 97.9167
11696.8 97.9164
11697.1 97.9161
11697.5 97.9156
11697.9 97.9152
11698.2 97.9146
11698.6 97.914
11699 97.9134
11699.3 97.9132
11699.7 97.9126
11700.1 97.912
11700.4 97.9113
11700.8 97.9107
11701.2 97.9101
11701.5 97.9095
11701.9 97.909
11702.3 97.9085
11702.6 97.9081
11703 97.9076
11703.4 97.9072
11703.7 97.9068
11704.1 97.9064
11704.5 97.906
11704.8 97.9056
11705.2 97.9052
11705.6 97.9053
11705.9 97.9048
11706.3 97.9044
11706.7 97.9039
11707 97.9035
11707.4 97.903
11707.8 97.9024
11708.1 97.9018
11708.5 97.9012
11708.9 97.9006
11709.2 97.8999
11709.6 97.8992
11710 97.8985
11710.3 97.8978
11710.7 97.8971
11711.1 97.8964
11711.4 97.8956
11711.8 97.8949
11712.2 97.8946
11712.5 97.8939
11712.9 97.8933
11713.3 97.8926
11713.6 97.892
11714 97.8912
11714.4 97.8906
11714.7 97.8902
11715.1 97.8897
11715.5 97.8893
11715.8 97.889
11716.2 97.8886
11716.6 97.8883
11716.9 97.8881
11717.3 97.8879
11717.7 97.8877
11718 97.8876
11718.4 97.8875
11718.7 97.8878
11719.1 97.8878
11719.5 97.8878
11719.8 97.8882
11720.2 97.8883
11720.6 97.8883
11720.9 97.8884
11721.3 97.8884
11721.7 97.8885
11722 97.8886
11722.4 97.8887
11722.8 97.8888
11723.1 97.8889
11723.5 97.889
11723.9 97.8891
11724.2 97.8893
11724.6 97.8894
11725 97.8895
11725.3 97.89
11725.7 97.8902
11726.1 97.8908
11726.4 97.891
11726.8 97.8911
11727.2 97.8912
11727.5 97.8913
11727.9 97.8914
11728.3 97.8915
11728.6 97.8916
11729 97.8916
11729.4 97.8917
11729.7 97.8917
11730.1 97.8916
11730.5 97.8915
11730.8 97.8913
11731.2 97.8911
11731.6 97.8908
11731.9 97.8907
11732.3 97.8901
11732.7 97.8895
11733 97.8889
11733.4 97.8883
11733.8 97.8876
11734.1 97.8869
11734.5 97.8862
11734.9 97.8855
11735.2 97.8848
11735.6 97.8842
11736 97.8835
11736.3 97.8829
11736.7 97.8824
11737.1 97.8819
11737.4 97.8814
11737.8 97.881
11738.2 97.8806
11738.5 97.8805
11738.9 97.8803
11739.3 97.88
11739.6 97.8798
11740 97.8796
11740.4 97.8794
11740.7 97.8792
11741.1 97.8791
11741.5 97.8789
11741.8 97.8788
11742.2 97.8786
11742.6 97.8785
11742.9 97.8783
11743.3 97.8782
11743.7 97.8781
11744 97.878
11744.4 97.8779
11744.8 97.8788
11745.1 97.8787
11745.5 97.8786
11745.8 97.8785
11746.2 97.8784
11746.6 97.8783
11746.9 97.8782
11747.3 97.8781
11747.7 97.878
11748 97.8778
11748.4 97.8777
11748.8 97.8775
11749.1 97.8773
11749.5 97.877
11749.9 97.8767
11750.2 97.8764
11750.6 97.8761
11751 97.8756
11751.3 97.8753
11751.7 97.875
11752.1 97.8748
11752.4 97.8746
11752.8 97.8745
11753.2 97.8745
11753.5 97.8746
11753.9 97.8749
11754.3 97.8753
11754.6 97.8758
11755 97.8764
11755.4 97.8772
11755.7 97.878
11756.1 97.8789
11756.5 97.8798
11756.8 97.8808
11757.2 97.8818
11757.6 97.8827
11757.9 97.8827
11758.3 97.8836
11758.7 97.8844
11759 97.8851
11759.4 97.8857
11759.8 97.8862
11760.1 97.8866
11760.5 97.8869
11760.9 97.8871
11761.2 97.8871
11761.6 97.8871
11762 97.8869
11762.3 97.8866
11762.7 97.8862
11763.1 97.8854
11763.4 97.8848
11763.8 97.8842
11764.2 97.8835
11764.5 97.8832
11764.9 97.8825
11765.3 97.8818
11765.6 97.8811
11766 97.8804
11766.4 97.8798
11766.7 97.8792
11767.1 97.8786
11767.5 97.8781
11767.8 97.8777
11768.2 97.8773
11768.6 97.877
11768.9 97.8768
11769.3 97.8767
11769.7 97.8766
11770 97.8765
11770.4 97.8765
11770.8 97.8765
11771.1 97.8764
11771.5 97.8764
11771.8 97.8764
11772.2 97.8764
11772.6 97.8764
11772.9 97.8764
11773.3 97.8765
11773.7 97.8765
11774 97.8766
11774.4 97.8767
11774.8 97.8769
11775.1 97.8771
11775.5 97.8773
11775.9 97.8776
11776.2 97.878
11776.6 97.8785
11777 97.8791
11777.3 97.8792
11777.7 97.88
11778.1 97.8807
11778.4 97.8816
11778.8 97.8825
11779.2 97.8834
11779.5 97.8844
11779.9 97.8854
11780.3 97.8863
11780.6 97.8873
11781 97.8883
11781.4 97.8893
11781.7 97.8908
11782.1 97.8917
11782.5 97.8926
11782.8 97.8934
11783.2 97.8942
11783.6 97.895
11783.9 97.8956
11784.3 97.8963
11784.7 97.897
11785 97.8977
11785.4 97.8984
11785.8 97.899
11786.1 97.8996
11786.5 97.9001
11786.9 97.9006
11787.2 97.901
11787.6 97.9016
11788 97.9018
11788.3 97.902
11788.7 97.9021
11789.1 97.9022
11789.4 97.9022
11789.8 97.9022
11790.2 97.9021
11790.5 97.902
11790.9 97.9019
11791.3 97.9017
11791.6 97.9016
11792 97.9014
11792.4 97.9011
11792.7 97.9009
11793.1 97.9006
11793.5 97.9003
11793.8 97.8993
11794.2 97.8989
11794.6 97.8985
11794.9 97.8981
11795.3 97.8976
11795.7 97.8972
11796 97.8968
11796.4 97.8965
11796.8 97.8961
11797.1 97.8956
11797.5 97.8954
11797.9 97.8952
11798.2 97.8952
11798.6 97.8952
11798.9 97.8953
11799.3 97.8955
11799.7 97.8957
11800 97.896
11800.4 97.8964
11800.8 97.8968
11801.1 97.8972
11801.5 97.8976
11801.9 97.8981
11802.2 97.8985
11802.6 97.899
11803 97.8994
11803.3 97.8998
11803.7 97.8999
11804.1 97.9003
11804.4 97.9007
11804.8 97.9011
11805.2 97.9015
11805.5 97.9018
11805.9 97.9022
11806.3 97.9025
11806.6 97.9028
11807 97.9031
11807.4 97.9033
11807.7 97.9036
11808.1 97.9037
11808.5 97.9039
11808.8 97.9041
11809.2 97.9042
11809.6 97.9044
11809.9 97.9045
11810.3 97.9044
11810.7 97.9045
11811 97.9045
11811.4 97.9045
11811.8 97.9046
11812.1 97.9046
11812.5 97.9045
11812.9 97.9046
11813.2 97.9046
11813.6 97.9046
11814 97.9047
11814.3 97.9047
11814.7 97.9048
11815.1 97.9048
11815.4 97.9048
11815.8 97.9048
11816.2 97.9048
11816.5 97.9043
11816.9 97.9042
11817.3 97.904
11817.6 97.9038
11818 97.9035
11818.4 97.9031
11818.7 97.9018
11819.1 97.9014
11819.5 97.9009
11819.8 97.9004
11820.2 97.8999
11820.6 97.8995
11820.9 97.8991
11821.3 97.8987
11821.7 97.8984
11822 97.8981
11822.4 97.8979
11822.8 97.8977
11823.1 97.897
11823.5 97.8969
11823.9 97.8967
11824.2 97.8966
11824.6 97.8959
11825 97.8957
11825.3 97.8956
11825.7 97.8954
11826 97.8952
11826.4 97.895
11826.8 97.8948
11827.1 97.8946
11827.5 97.8943
11827.9 97.8941
11828.2 97.8938
11828.6 97.8934
11829 97.8931
11829.3 97.8927
11829.7 97.8924
11830.1 97.892
11830.4 97.8915
11830.8 97.8906
11831.2 97.8901
11831.5 97.8895
11831.9 97.8888
11832.3 97.8881
11832.6 97.8875
11833 97.8868
11833.4 97.886
11833.7 97.8853
11834.1 97.8846
11834.5 97.884
11834.8 97.8834
11835.2 97.8829
11835.6 97.8824
11835.9 97.882
11836.3 97.8811
11836.7 97.8807
11837 97.8795
11837.4 97.8793
11837.8 97.8792
11838.1 97.8791
11838.5 97.8791
11838.9 97.8792
11839.2 97.8794
11839.6 97.8796
11840 97.88
11840.3 97.8805
11840.7 97.8811
11841.1 97.8817
11841.4 97.8825
11841.8 97.8833
11842.2 97.8842
11842.5 97.8853
11842.9 97.8849
11843.3 97.8857
11843.6 97.887
11844 97.8882
11844.4 97.8894
11844.7 97.8906
11845.1 97.8917
11845.5 97.8927
11845.8 97.8936
11846.2 97.8943
11846.6 97.8949
11846.9 97.8954
11847.3 97.8957
11847.7 97.8959
11848 97.8959
11848.4 97.8958
11848.8 97.8957
11849.1 97.8951
11849.5 97.8942
11849.9 97.8937
11850.2 97.8932
11850.6 97.8927
11851 97.8921
11851.3 97.8914
11851.7 97.8908
11852 97.8901
11852.4 97.8895
11852.8 97.8888
11853.1 97.8882
11853.5 97.8877
11853.9 97.8872
11854.2 97.8867
11854.6 97.8863
11855 97.8859
11855.3 97.8849
11855.7 97.8843
11856.1 97.8841
11856.4 97.8839
11856.8 97.8837
11857.2 97.8836
11857.5 97.8835
11857.9 97.8834
11858.3 97.8833
11858.6 97.8832
11859 97.8831
11859.4 97.8831
11859.7 97.883
11860.1 97.883
11860.5 97.883
11860.8 97.8831
11861.2 97.8831
11861.6 97.8828
11861.9 97.883
11862.3 97.8826
11862.7 97.8827
11863 97.8829
11863.4 97.883
11863.8 97.8832
11864.1 97.8833
11864.5 97.8835
11864.9 97.8836
11865.2 97.8837
11865.6 97.8837
11866 97.8838
11866.3 97.8838
11866.7 97.8838
11867.1 97.8837
11867.4 97.8836
11867.8 97.8827
11868.2 97.8825
11868.5 97.8821
11868.9 97.8814
11869.3 97.881
11869.6 97.8805
11870 97.88
11870.4 97.8793
11870.7 97.8787
11871.1 97.8779
11871.5 97.8772
11871.8 97.8763
11872.2 97.8755
11872.6 97.8746
11872.9 97.8738
11873.3 97.8729
11873.7 97.872
11874 97.8704
11874.4 97.8695
11874.8 97.8686
11875.1 97.8677
11875.5 97.8668
11875.9 97.8659
11876.2 97.865
11876.6 97.8641
11877 97.8631
11877.3 97.8622
11877.7 97.8613
11878.1 97.8605
11878.4 97.8596
11878.8 97.8588
11879.1 97.858
11879.5 97.8573
11879.9 97.8566
11880.2 97.8551
11880.6 97.8544
11881 97.8538
11881.3 97.8532
11881.7 97.8526
11882.1 97.8521
11882.4 97.8516
11882.8 97.851
11883.2 97.8505
11883.5 97.85
11883.9 97.8494
11884.3 97.8489
11884.6 97.8483
11885 97.8476
11885.4 97.847
11885.7 97.8463
11886.1 97.8455
11886.5 97.8439
11886.8 97.843
11887.2 97.8419
11887.6 97.8408
11887.9 97.8396
11888.3 97.8386
11888.7 97.8372
11889 97.8358
11889.4 97.8343
11889.8 97.8327
11890.1 97.8311
11890.5 97.8295
11890.9 97.828
11891.2 97.8264
11891.6 97.8249
11892 97.8234
11892.3 97.8211
11892.7 97.8198
11893.1 97.8186
11893.4 97.8175
11893.8 97.8164
11894.2 97.8154
11894.5 97.8145
11894.9 97.814
11895.3 97.8132
11895.6 97.8124
11896 97.8117
11896.4 97.811
11896.7 97.8103
11897.1 97.8097
11897.5 97.8091
11897.8 97.8085
11898.2 97.808
11898.6 97.8072
11898.9 97.8067
11899.3 97.8062
11899.7 97.8057
11900 97.8052
11900.4 97.8048
11900.8 97.8043
11901.1 97.8038
11901.5 97.8033
11901.9 97.8028
11902.2 97.8022
11902.6 97.8017
11903 97.8011
11903.3 97.8006
11903.7 97.8
11904.1 97.7994
11904.4 97.7988
11904.8 97.7976
11905.2 97.7971
11905.5 97.7964
11905.9 97.7958
11906.2 97.7952
11906.6 97.7945
11907 97.7938
11907.3 97.7931
11907.7 97.7923
11908.1 97.7918
11908.4 97.7911
11908.8 97.7904
11909.2 97.7896
11909.5 97.7889
11909.9 97.7881
11910.3 97.7873
11910.6 97.7866
11911 97.7852
11911.4 97.7845
11911.7 97.7838
11912.1 97.7831
11912.5 97.7825
11912.8 97.7818
11913.2 97.7813
11913.6 97.7807
11913.9 97.7801
11914.3 97.7796
11914.7 97.7792
11915 97.7787
11915.4 97.7783
11915.8 97.7779
11916.1 97.7775
11916.5 97.7771
11916.9 97.7767
11917.2 97.7761
11917.6 97.7757
11918 97.7752
11918.3 97.7748
11918.7 97.7743
11919.1 97.7738
11919.4 97.7732
11919.8 97.7725
11920.2 97.7718
11920.5 97.771
11920.9 97.7701
11921.3 97.7691
11921.6 97.7681
11922 97.767
11922.4 97.7658
11922.7 97.7645
11923.1 97.7618
11923.5 97.7603
11923.8 97.7588
11924.2 97.7573
11924.6 97.7557
11924.9 97.7541
11925.3 97.7525
11925.7 97.7509
11926 97.7493
11926.4 97.7477
11926.8 97.7461
11927.1 97.7445
11927.5 97.7434
11927.9 97.7418
11928.2 97.7403
11928.6 97.7387
11929 97.7372
11929.3 97.7345
11929.7 97.733
11930.1 97.7314
11930.4 97.7299
11930.8 97.7284
11931.2 97.7269
11931.5 97.7254
11931.9 97.7239
11932.3 97.7223
11932.6 97.7208
11933 97.7193
11933.3 97.7177
11933.7 97.7162
11934.1 97.715
11934.4 97.7135
11934.8 97.7121
11935.2 97.7106
11935.5 97.7084
11935.9 97.707
11936.3 97.7058
11936.6 97.7045
11937 97.7032
11937.4 97.702
11937.7 97.7008
11938.1 97.6996
11938.5 97.6984
11938.8 97.6973
11939.2 97.6962
11939.6 97.6951
11939.9 97.694
11940.3 97.693
11940.7 97.6923
11941 97.6913
11941.4 97.6904
11941.8 97.6888
11942.1 97.688
11942.5 97.6872
11942.9 97.6864
11943.2 97.6857
11943.6 97.6849
11944 97.6842
11944.3 97.6834
11944.7 97.6826
11945.1 97.6818
11945.4 97.6809
11945.8 97.68
11946.2 97.679
11946.5 97.678
11946.9 97.6769
11947.3 97.6762
11947.6 97.675
11948 97.6731
11948.4 97.672
11948.7 97.6708
11949.1 97.6696
11949.5 97.6684
11949.8 97.6672
11950.2 97.666
11950.6 97.6648
11950.9 97.6636
11951.3 97.6625
11951.7 97.6613
11952 97.6602
11952.4 97.659
11952.8 97.658
11953.1 97.6569
11953.5 97.6566
11953.9 97.6556
11954.2 97.6543
11954.6 97.6534
11955 97.6525
11955.3 97.6516
11955.7 97.6506
11956.1 97.6498
11956.4 97.6489
11956.8 97.648
11957.2 97.6471
11957.5 97.6462
11957.9 97.6454
11958.3 97.6445
11958.6 97.6436
11959 97.6427
11959.3 97.6418
11959.7 97.6409
11960.1 97.6398
11960.4 97.6389
11960.8 97.638
11961.2 97.6371
11961.5 97.6362
11961.9 97.6354
11962.3 97.6346
11962.6 97.6339
11963 97.6332
11963.4 97.6325
11963.7 97.6318
11964.1 97.6311
11964.5 97.6305
11964.8 97.6299
11965.2 97.6293
11965.6 97.6287
11965.9 97.6282
11966.3 97.6275
11966.7 97.6275
11967 97.627
11967.4 97.6267
11967.8 97.6263
11968.1 97.626
11968.5 97.6257
11968.9 97.6254
11969.2 97.6252
11969.6 97.6249
11970 97.6247
11970.3 97.6245
11970.7 97.6242
11971.1 97.624
11971.4 97.6238
11971.8 97.6236
11972.2 97.6234
11972.5 97.6233
11972.9 97.6231
11973.3 97.6232
11973.6 97.623
11974 97.6229
11974.4 97.6228
11974.7 97.6227
11975.1 97.6226
11975.5 97.6226
11975.8 97.6225
11976.2 97.6224
11976.6 97.6223
11976.9 97.6222
11977.3 97.6219
11977.7 97.6216
11978 97.6212
11978.4 97.6207
11978.8 97.6198
11979.1 97.6191
11979.5 97.6183
11979.9 97.6179
11980.2 97.6169
11980.6 97.6159
11981 97.6149
11981.3 97.6138
11981.7 97.6128
11982.1 97.6118
11982.4 97.6108
11982.8 97.6099
11983.2 97.6091
11983.5 97.6084
11983.9 97.6078
11984.3 97.6072
11984.6 97.6068
11985 97.6062
11985.4 97.606
11985.7 97.6059
11986.1 97.6057
11986.4 97.6056
11986.8 97.6055
11987.2 97.6054
11987.5 97.6053
11987.9 97.6052
11988.3 97.605
11988.6 97.6048
11989 97.6046
11989.4 97.6044
11989.7 97.6041
11990.1 97.6039
11990.5 97.6036
11990.8 97.6034
11991.2 97.6031
11991.6 97.6027
11991.9 97.6023
11992.3 97.6019
11992.7 97.602
11993 97.6015
11993.4 97.6011
11993.8 97.6006
11994.1 97.6002
11994.5 97.5998
11994.9 97.5994
11995.2 97.599
11995.6 97.5986
11996 97.5982
11996.3 97.5978
11996.7 97.5975
11997.1 97.5972
11997.4 97.5968
11997.8 97.5964
11998.2 97.5961
11998.5 97.5957
11998.9 97.5953
11999.3 97.5952
11999.6 97.5948
12000 97.5943
12000.4 97.5939
12000.7 97.5934
12001.1 97.593
12001.5 97.5925
12001.8 97.5921
12002.2 97.5916
12002.6 97.5912
12002.9 97.5907
12003.3 97.5902
12003.7 97.5898
12004 97.5894
12004.4 97.5891
12004.8 97.5887
12005.1 97.5884
12005.5 97.588
12005.9 97.588
12006.2 97.5876
12006.6 97.5872
12007 97.5868
12007.3 97.5864
12007.7 97.586
12008.1 97.5855
12008.4 97.5851
12008.8 97.5847
12009.2 97.5842
12009.5 97.5837
12009.9 97.5832
12010.3 97.5827
12010.6 97.5822
12011 97.5817
12011.4 97.5811
12011.7 97.5805
12012.1 97.5799
12012.5 97.5798
12012.8 97.5792
12013.2 97.5785
12013.5 97.5778
12013.9 97.5771
12014.3 97.5763
12014.6 97.5756
12015 97.5748
12015.4 97.574
12015.7 97.5732
12016.1 97.5724
12016.5 97.5716
12016.8 97.5707
12017.2 97.5699
12017.6 97.5692
12017.9 97.5684
12018.3 97.5676
12018.7 97.5668
12019 97.5669
12019.4 97.5662
12019.8 97.5654
12020.1 97.5647
12020.5 97.564
12020.9 97.5634
12021.2 97.5627
12021.6 97.5621
12022 97.5615
12022.3 97.5609
12022.7 97.5604
12023.1 97.5599
12023.4 97.5594
12023.8 97.559
12024.2 97.5586
12024.5 97.5583
12024.9 97.558
12025.3 97.558
12025.6 97.5578
12026 97.5576
12026.4 97.5574
12026.7 97.5573
12027.1 97.5573
12027.5 97.5572
12027.8 97.5573
12028.2 97.5572
12028.6 97.5572
12028.9 97.5571
12029.3 97.557
12029.7 97.5568
12030 97.5567
12030.4 97.5565
12030.8 97.5562
12031.1 97.5559
12031.5 97.5556
12031.9 97.5556
12032.2 97.5552
12032.6 97.5547
12033 97.5541
12033.3 97.5535
12033.7 97.5528
12034.1 97.5518
12034.4 97.5509
12034.8 97.5499
12035.2 97.5489
12035.5 97.5478
12035.9 97.5467
12036.3 97.5455
12036.6 97.5443
12037 97.543
12037.4 97.5417
12037.7 97.5403
12038.1 97.539
12038.5 97.5386
12038.8 97.5372
12039.2 97.5357
12039.5 97.5343
12039.9 97.5328
12040.3 97.5309
12040.6 97.5294
12041 97.5279
12041.4 97.5264
12041.7 97.5248
12042.1 97.5233
12042.5 97.5218
12042.8 97.5203
12043.2 97.5188
12043.6 97.5174
12043.9 97.516
12044.3 97.5146
12044.7 97.5133
12045 97.5131
12045.4 97.5118
12045.8 97.5107
12046.1 97.5096
12046.5 97.5085
12046.9 97.5077
12047.2 97.5069
12047.6 97.5061
12048 97.5055
12048.3 97.5048
12048.7 97.5042
12049.1 97.5036
12049.4 97.5031
12049.8 97.5025
12050.2 97.5019
12050.5 97.5013
12050.9 97.5007
12051.3 97.5
12051.6 97.5003
12052 97.4995
12052.4 97.4988
12052.7 97.4982
12053.1 97.4973
12053.5 97.4964
12053.8 97.4955
12054.2 97.4945
12054.6 97.4935
12054.9 97.4925
12055.3 97.4916
12055.7 97.4906
12056 97.4896
12056.4 97.4886
12056.8 97.4876
12057.1 97.4866
12057.5 97.4857
12057.9 97.4848
12058.2 97.485
12058.6 97.4843
12059 97.4834
12059.3 97.4826
12059.7 97.4819
12060.1 97.4811
12060.4 97.4804
12060.8 97.4797
12061.2 97.4791
12061.5 97.4785
12061.9 97.4779
12062.3 97.4774
12062.6 97.4769
12063 97.4764
12063.4 97.4759
12063.7 97.4755
12064.1 97.4751
12064.5 97.475
12064.8 97.4743
12065.2 97.4739
12065.6 97.4736
12065.9 97.4733
12066.3 97.4731
12066.6 97.473
12067 97.473
12067.4 97.4732
12067.7 97.4734
12068.1 97.4738
12068.5 97.4742
12068.8 97.4747
12069.2 97.4752
12069.6 97.4758
12069.9 97.4762
12070.3 97.4766
12070.7 97.4769
12071 97.4765
12071.4 97.4766
12071.8 97.4767
12072.1 97.4767
12072.5 97.4765
12072.9 97.4763
12073.2 97.476
12073.6 97.4757
12074 97.4753
12074.3 97.4749
12074.7 97.4745
12075.1 97.4741
12075.4 97.4737
12075.8 97.4733
12076.2 97.4729
12076.5 97.4725
12076.9 97.4722
12077.3 97.4721
12077.6 97.4724
12078 97.4721
12078.4 97.4719
12078.7 97.4716
12079.1 97.4714
12079.5 97.4711
12079.8 97.4708
12080.2 97.4706
12080.6 97.4703
12080.9 97.47
12081.3 97.4696
12081.7 97.4693
12082 97.4689
12082.4 97.4686
12082.8 97.4683
12083.1 97.468
12083.5 97.4677
12083.9 97.4674
12084.2 97.4674
12084.6 97.4672
12085 97.467
12085.3 97.4669
12085.7 97.4668
12086.1 97.4667
12086.4 97.4667
12086.8 97.4668
12087.2 97.4668
12087.5 97.4669
12087.9 97.4669
12088.3 97.467
12088.6 97.4671
12089 97.4671
12089.4 97.4672
12089.7 97.4678
12090.1 97.4678
12090.5 97.4679
12090.8 97.4684
12091.2 97.4684
12091.6 97.4684
12091.9 97.4684
12092.3 97.4683
12092.7 97.4683
12093 97.4681
12093.4 97.468
12093.7 97.4678
12094.1 97.4675
12094.5 97.4672
12094.8 97.4669
12095.2 97.4665
12095.6 97.466
12095.9 97.4655
12096.3 97.465
12096.7 97.4644
12097 97.4644
12097.4 97.4638
12097.8 97.4632
12098.1 97.4626
12098.5 97.4621
12098.9 97.4615
12099.2 97.461
12099.6 97.4605
12100 97.46
12100.3 97.4595
12100.7 97.4591
12101.1 97.4587
12101.4 97.4584
12101.8 97.4582
12102.2 97.458
12102.5 97.4577
12102.9 97.4575
12103.3 97.4573
12103.6 97.4574
12104 97.4572
12104.4 97.457
12104.7 97.4567
12105.1 97.4565
12105.5 97.4563
12105.8 97.456
12106.2 97.4558
12106.6 97.4555
12106.9 97.4553
12107.3 97.4551
12107.7 97.4549
12108 97.4546
12108.4 97.4545
12108.8 97.4543
12109.1 97.4541
12109.5 97.454
12109.9 97.4538
12110.2 97.4538
12110.6 97.4536
12111 97.4534
12111.3 97.4531
12111.7 97.4528
12112.1 97.4524
12112.4 97.452
12112.8 97.4516
12113.2 97.4511
12113.5 97.4507
12113.9 97.4502
12114.3 97.4498
12114.6 97.4493
12115 97.4488
12115.4 97.4484
12115.7 97.448
12116.1 97.4477
12116.5 97.4474
12116.8 97.4475
12117.2 97.4472
12117.6 97.447
12117.9 97.4469
12118.3 97.4468
12118.7 97.4467
12119 97.4467
12119.4 97.4467
12119.8 97.4467
12120.1 97.4467
12120.5 97.4467
12120.8 97.4466
12121.2 97.4465
12121.6 97.4465
12121.9 97.4463
12122.3 97.4462
12122.7 97.446
12123 97.4458
12123.4 97.4456
12123.8 97.4454
12124.1 97.4451
12124.5 97.4449
12124.9 97.4447
12125.2 97.4445
12125.6 97.4443
12126 97.4441
12126.3 97.4437
12126.7 97.4436
12127.1 97.4436
12127.4 97.4436
12127.8 97.4437
12128.2 97.4439
12128.5 97.4442
12128.9 97.4446
12129.3 97.445
12129.6 97.4455
12130 97.4455
12130.4 97.4462
12130.7 97.4469
12131.1 97.4477
12131.5 97.4485
12131.8 97.4494
12132.2 97.4503
12132.6 97.4513
12132.9 97.4522
12133.3 97.453
12133.7 97.4537
12134 97.4544
12134.4 97.4549
12134.8 97.4555
12135.1 97.4559
12135.5 97.4563
12135.9 97.4567
12136.2 97.4568
12136.6 97.4572
12137 97.4575
12137.3 97.4578
12137.7 97.458
12138.1 97.4582
12138.4 97.4584
12138.8 97.4585
12139.2 97.4585
12139.5 97.4586
12139.9 97.4585
12140.3 97.4584
12140.6 97.4583
12141 97.458
12141.4 97.4578
12141.7 97.4575
12142.1 97.4571
12142.5 97.4567
12142.8 97.4564
12143.2 97.4559
12143.6 97.4555
12143.9 97.455
12144.3 97.4545
12144.7 97.454
12145 97.4532
12145.4 97.4528
12145.8 97.4523
12146.1 97.4519
12146.5 97.4515
12146.8 97.4511
12147.2 97.4508
12147.6 97.4505
12147.9 97.4502
12148.3 97.45
12148.7 97.4497
12149 97.4495
12149.4 97.4494
12149.8 97.4492
12150.1 97.4491
12150.5 97.449
12150.9 97.4488
12151.2 97.4486
12151.6 97.4485
12152 97.4483
12152.3 97.4482
12152.7 97.448
12153.1 97.4478
12153.4 97.4476
12153.8 97.4474
12154.2 97.4472
12154.5 97.447
12154.9 97.4468
12155.3 97.4466
12155.6 97.4464
12156 97.4462
12156.4 97.4461
12156.7 97.4459
12157.1 97.4458
12157.5 97.4455
12157.8 97.4455
12158.2 97.4454
12158.6 97.4454
12158.9 97.4455
12159.3 97.4456
12159.7 97.4457
12160 97.4459
12160.4 97.4461
12160.8 97.4463
12161.1 97.4466
12161.5 97.447
12161.9 97.4473
12162.2 97.4476
12162.6 97.4475
12163 97.4478
12163.3 97.4479
12163.7 97.4481
12164.1 97.4482
12164.4 97.4482
12164.8 97.4481
12165.2 97.4479
12165.5 97.4476
12165.9 97.4473
12166.3 97.4469
12166.6 97.4464
12167 97.4459
12167.4 97.4453
12167.7 97.4447
12168.1 97.444
12168.5 97.4433
12168.8 97.4427
12169.2 97.442
12169.6 97.4407
12169.9 97.4401
12170.3 97.4394
12170.7 97.4388
12171 97.4382
12171.4 97.4377
12171.8 97.4372
12172.1 97.4367
12172.5 97.4363
12172.9 97.4359
12173.2 97.4356
12173.6 97.4354
12173.9 97.4352
12174.3 97.4351
12174.7 97.435
12175 97.4349
12175.4 97.4348
12175.8 97.4347
12176.1 97.4346
12176.5 97.4345
12176.9 97.4344
12177.2 97.4342
12177.6 97.4339
12178 97.4336
12178.3 97.4332
12178.7 97.4327
12179.1 97.4321
12179.4 97.4314
12179.8 97.4306
12180.2 97.4298
12180.5 97.4289
12180.9 97.4279
12181.3 97.4269
12181.6 97.4259
12182 97.4239
12182.4 97.4228
12182.7 97.4218
12183.1 97.4208
12183.5 97.42
12183.8 97.4191
12184.2 97.4184
12184.6 97.4177
12184.9 97.417
12185.3 97.4164
12185.7 97.4159
12186 97.4154
12186.4 97.4149
12186.8 97.4144
12187.1 97.414
12187.5 97.4136
12187.9 97.4132
12188.2 97.4122
12188.6 97.4115
12189 97.4112
12189.3 97.411
12189.7 97.4109
12190.1 97.4108
12190.4 97.4107
12190.8 97.4107
12191.2 97.4108
12191.5 97.4108
12191.9 97.4109
12192.3 97.411
12192.6 97.411
12193 97.4111
12193.4 97.411
12193.7 97.411
12194.1 97.4103
12194.5 97.4101
12194.8 97.4098
12195.2 97.4093
12195.6 97.4089
12195.9 97.4084
12196.3 97.4079
12196.7 97.4073
12197 97.4067
12197.4 97.406
12197.8 97.4052
12198.1 97.4044
12198.5 97.4036
12198.9 97.4027
12199.2 97.4018
12199.6 97.4009
12200 97.4
12200.3 97.3986
12200.7 97.3977
12201 97.3967
12201.4 97.3958
12201.8 97.3954
12202.1 97.3945
12202.5 97.3935
12202.9 97.3927
12203.2 97.3918
12203.6 97.3909
12204 97.3901
12204.3 97.3892
12204.7 97.3885
12205.1 97.3877
12205.4 97.3869
12205.8 97.3862
12206.2 97.3855
12206.5 97.3842
12206.9 97.3835
12207.3 97.3828
12207.6 97.3822
12208 97.3816
12208.4 97.381
12208.7 97.3803
12209.1 97.3797
12209.5 97.3791
12209.8 97.3785
12210.2 97.3779
12210.6 97.3773
12210.9 97.3768
12211.3 97.3763
12211.7 97.3758
12212 97.3754
12212.4 97.3749
12212.8 97.3741
12213.1 97.3738
12213.5 97.3737
12213.9 97.3736
12214.2 97.3736
12214.6 97.3732
12215 97.3733
12215.3 97.3735
12215.7 97.3738
12216.1 97.3742
12216.4 97.3746
12216.8 97.3751
12217.2 97.3756
12217.5 97.3761
12217.9 97.3766
12218.3 97.3771
12218.6 97.3776
12219 97.3777
12219.4 97.378
12219.7 97.3783
12220.1 97.3786
12220.5 97.3787
12220.8 97.3788
12221.2 97.3783
12221.6 97.3782
12221.9 97.3781
12222.3 97.3779
12222.7 97.3776
12223 97.3773
12223.4 97.3769
12223.8 97.3764
12224.1 97.376
12224.5 97.3755
12224.9 97.375
12225.2 97.3739
12225.6 97.3735
12226 97.3732
12226.3 97.3729
12226.7 97.3727
12227 97.3725
12227.4 97.3724
12227.8 97.3719
12228.1 97.3718
12228.5 97.3717
12228.9 97.3717
12229.2 97.3718
12229.6 97.3718
12230 97.3719
12230.3 97.3719
12230.7 97.3719
12231.1 97.3713
12231.4 97.3713
12231.8 97.3713
12232.2 97.3713
12232.5 97.3713
12232.9 97.3714
12233.3 97.3714
12233.6 97.3715
12234 97.3715
12234.4 97.3709
12234.7 97.3709
12235.1 97.371
12235.5 97.3709
12235.8 97.3709
12236.2 97.3708
12236.6 97.3706
12236.9 97.3705
12237.3 97.3698
12237.7 97.3696
12238 97.3694
12238.4 97.3691
12238.8 97.3688
12239.1 97.3686
12239.5 97.3683
12239.9 97.368
12240.2 97.3677
12240.6 97.3673
12241 97.367
12241.3 97.3666
12241.7 97.3662
12242.1 97.3657
12242.4 97.3653
12242.8 97.3649
12243.2 97.3644
12243.5 97.3635
12243.9 97.3631
12244.3 97.3627
12244.6 97.3623
12245 97.3619
12245.4 97.3615
12245.7 97.3612
12246.1 97.3609
12246.5 97.3606
12246.8 97.3605
12247.2 97.36
12247.6 97.3599
12247.9 97.3599
12248.3 97.3599
12248.7 97.36
12249 97.3602
12249.4 97.3604
12249.8 97.3603
12250.1 97.3606
12250.5 97.3609
12250.9 97.3613
12251.2 97.3616
12251.6 97.362
12252 97.3623
12252.3 97.3627
12252.7 97.3629
12253.1 97.3632
12253.4 97.3633
12253.8 97.3626
12254.1 97.3626
12254.5 97.3626
12254.9 97.3626
12255.2 97.3624
12255.6 97.3621
12256 97.3608
12256.3 97.3603
12256.7 97.3597
12257.1 97.359
12257.4 97.3581
12257.8 97.3572
12258.2 97.3561
12258.5 97.355
12258.9 97.3538
12259.3 97.3524
12259.6 97.3511
12260 97.3496
12260.4 97.3484
12260.7 97.3468
12261.1 97.3453
12261.5 97.3437
12261.8 97.3407
12262.2 97.3391
12262.6 97.3375
12262.9 97.336
12263.3 97.3344
12263.7 97.333
12264 97.3315
12264.4 97.3302
12264.8 97.3289
12265.1 97.3277
12265.5 97.3266
12265.9 97.3255
12266.2 97.3245
12266.6 97.3235
12267 97.3227
12267.3 97.3218
12267.7 97.3209
12268.1 97.3194
12268.4 97.3186
12268.8 97.3179
12269.2 97.3171
12269.5 97.3165
12269.9 97.3158
12270.3 97.3151
12270.6 97.3145
12271 97.3139
12271.4 97.3133
12271.7 97.3128
12272.1 97.3123
12272.5 97.3118
12272.8 97.3113
12273.2 97.3108
12273.6 97.3105
12273.9 97.3101
12274.3 97.3094
12274.7 97.3091
12275 97.3088
12275.4 97.3086
12275.8 97.3084
12276.1 97.3082
12276.5 97.3081
12276.9 97.308
12277.2 97.3079
12277.6 97.3079
12278 97.3078
12278.3 97.3078
12278.7 97.3078
12279.1 97.3077
12279.4 97.3077
12279.8 97.3075
12280.2 97.3074
12280.5 97.3072
12280.9 97.3072
12281.2 97.3071
12281.6 97.3071
12282 97.3071
12282.3 97.3071
12282.7 97.3071
12283.1 97.3071
12283.4 97.3071
12283.8 97.3072
12284.2 97.3072
12284.5 97.3072
12284.9 97.3072
12285.3 97.3073
12285.6 97.3074
12286 97.3075
12286.4 97.3074
12286.7 97.3073
12287.1 97.3074
12287.5 97.3075
12287.8 97.3076
12288.2 97.3078
12288.6 97.3079
12288.9 97.3081
12289.3 97.3083
12289.7 97.3084
12290 97.3085
12290.4 97.3087
12290.8 97.3088
12291.1 97.3089
12291.5 97.309
12291.9 97.3091
12292.2 97.3091
12292.6 97.3087
12293 97.3084
12293.3 97.3084
12293.7 97.3085
12294.1 97.3085
12294.4 97.3085
12294.8 97.3085
12295.2 97.3086
12295.5 97.3086
12295.9 97.3086
12296.3 97.3086
12296.6 97.3086
12297 97.3085
12297.4 97.3085
12297.7 97.3084
12298.1 97.3082
12298.5 97.3081
12298.8 97.3078
12299.2 97.3075
12299.6 97.3075
12299.9 97.3072
12300.3 97.3069
12300.7 97.3065
12301 97.3062
12301.4 97.3057
12301.8 97.3053
12302.1 97.3048
12302.5 97.3042
12302.9 97.3035
12303.2 97.3028
12303.6 97.3021
12304 97.3013
12304.3 97.3004
12304.7 97.2994
12305.1 97.2979
12305.4 97.2968
12305.8 97.2957
12306.2 97.2951
12306.5 97.294
12306.9 97.293
12307.3 97.2919
12307.6 97.2908
12308 97.2897
12308.3 97.2886
12308.7 97.2876
12309.1 97.2866
12309.4 97.2856
12309.8 97.2846
12310.2 97.2837
12310.5 97.2827
12310.9 97.2818
12311.3 97.2806
12311.6 97.2797
12312 97.2788
12312.4 97.2785
12312.7 97.2776
12313.1 97.2767
12313.5 97.2758
12313.8 97.2748
12314.2 97.2739
12314.6 97.2729
12314.9 97.2719
12315.3 97.2709
12315.7 97.2699
12316 97.2689
12316.4 97.2678
12316.8 97.2669
12317.1 97.2659
12317.5 97.2648
12317.9 97.2639
12318.2 97.263
12318.6 97.2622
12319 97.2622
12319.3 97.2615
12319.7 97.2607
12320.1 97.2601
12320.4 97.2595
12320.8 97.2589
12321.2 97.2584
12321.5 97.2578
12321.9 97.2573
12322.3 97.2568
12322.6 97.2564
12323 97.256
12323.4 97.2556
12323.7 97.2556
12324.1 97.2553
12324.5 97.2551
12324.8 97.2548
12325.2 97.2546
12325.6 97.255
12325.9 97.2548
12326.3 97.2547
12326.7 97.2545
12327 97.2544
12327.4 97.2542
12327.8 97.2541
12328.1 97.254
12328.5 97.2538
12328.9 97.2537
12329.2 97.2536
12329.6 97.2537
12330 97.2536
12330.3 97.2534
12330.7 97.2533
12331.1 97.2532
12331.4 97.2531
12331.8 97.253
12332.2 97.2532
12332.5 97.2531
12332.9 97.2531
12333.3 97.253
12333.6 97.253
12334 97.253
12334.3 97.2531
12334.7 97.2531
12335.1 97.2531
12335.4 97.2532
12335.8 97.2533
12336.2 97.2534
12336.5 97.2535
12336.9 97.2536
12337.3 97.2537
12337.6 97.2539
12338 97.254
12338.4 97.2542
12338.7 97.254
12339.1 97.2541
12339.5 97.2543
12339.8 97.2545
12340.2 97.2547
12340.6 97.2549
12340.9 97.2551
12341.3 97.2552
12341.7 97.2554
12342 97.2553
12342.4 97.2554
12342.8 97.2555
12343.1 97.2555
12343.5 97.2554
12343.9 97.2552
12344.2 97.255
12344.6 97.2547
12345 97.2544
12345.3 97.2541
12345.7 97.2537
12346.1 97.2532
12346.4 97.2527
12346.8 97.2522
12347.2 97.2517
12347.5 97.2512
12347.9 97.2507
12348.3 97.25
12348.6 97.2496
12349 97.2491
12349.4 97.2487
12349.7 97.2483
12350.1 97.2478
12350.5 97.2474
12350.8 97.2469
12351.2 97.2464
12351.6 97.2464
12351.9 97.2458
12352.3 97.2453
12352.7 97.2447
12353 97.244
12353.4 97.2434
12353.8 97.2427
12354.1 97.242
12354.5 97.2411
12354.9 97.2403
12355.2 97.2394
12355.6 97.2386
12356 97.2378
12356.3 97.2369
12356.7 97.2361
12357.1 97.2353
12357.4 97.2344
12357.8 97.2336
12358.2 97.2334
12358.5 97.2325
12358.9 97.2317
12359.3 97.2309
12359.6 97.2302
12360 97.2294
12360.4 97.2284
12360.7 97.2277
12361.1 97.2269
12361.4 97.2262
12361.8 97.2254
12362.2 97.2246
12362.5 97.2238
12362.9 97.223
12363.3 97.2222
12363.6 97.2213
12364 97.2205
12364.4 97.2197
12364.7 97.2194
12365.1 97.2185
12365.5 97.2177
12365.8 97.2169
12366.2 97.2161
12366.6 97.215
12366.9 97.2143
12367.3 97.2136
12367.7 97.213
12368 97.2125
12368.4 97.212
12368.8 97.2116
12369.1 97.2113
12369.5 97.2111
12369.9 97.211
12370.2 97.211
12370.6 97.211
12371 97.2111
12371.3 97.2112
12371.7 97.2114
12372.1 97.2116
12372.4 97.2118
12372.8 97.2123
12373.2 97.2125
12373.5 97.2127
12373.9 97.2129
12374.3 97.213
12374.6 97.2131
12375 97.2131
12375.4 97.2131
12375.7 97.2131
12376.1 97.2129
12376.5 97.2128
12376.8 97.2125
12377.2 97.2122
12377.6 97.2119
12377.9 97.2121
12378.3 97.2117
12378.7 97.2112
12379 97.2109
12379.4 97.2104
12379.8 97.2098
12380.1 97.2093
12380.5 97.2088
12380.9 97.2082
12381.2 97.2077
12381.6 97.2072
12382 97.2067
12382.3 97.2062
12382.7 97.2057
12383.1 97.2052
12383.4 97.2047
12383.8 97.2043
12384.2 97.2042
12384.5 97.2037
12384.9 97.2031
12385.3 97.2025
12385.6 97.2019
12386 97.2013
12386.4 97.2007
12386.7 97.2001
12387.1 97.1995
12387.5 97.1988
12387.8 97.1982
12388.2 97.1975
12388.5 97.1968
12388.9 97.1961
12389.3 97.1954
12389.6 97.1948
12390 97.1941
12390.4 97.1935
12390.7 97.1934
12391.1 97.1927
12391.5 97.1921
12391.8 97.1915
12392.2 97.1909
12392.6 97.1903
12392.9 97.1897
12393.3 97.1891
12393.7 97.1885
12394 97.1879
12394.4 97.1873
12394.8 97.1866
12395.1 97.186
12395.5 97.1853
12395.9 97.1847
12396.2 97.1841
12396.6 97.1834
12397 97.1828
12397.3 97.1829
12397.7 97.1823
12398.1 97.1817
12398.4 97.1812
12398.8 97.1807
12399.2 97.1802
12399.5 97.1798
12399.9 97.1794
12400.3 97.1791
12400.6 97.1788
12401 97.1786
12401.4 97.1784
12401.7 97.1782
12402.1 97.1781
12402.5 97.178
12402.8 97.1778
12403.2 97.1777
12403.6 97.1777
12403.9 97.1778
12404.3 97.1777
12404.7 97.1775
12405 97.1774
12405.4 97.1772
12405.8 97.1771
12406.1 97.1769
12406.5 97.1767
12406.9 97.1765
12407.2 97.1764
12407.6 97.1762
12408 97.1761
12408.3 97.176
12408.7 97.1759
12409.1 97.1758
12409.4 97.1758
12409.8 97.1761
12410.2 97.1761
12410.5 97.1765
12410.9 97.1766
12411.3 97.1767
12411.6 97.1768
12412 97.177
12412.4 97.1771
12412.7 97.1773
12413.1 97.1775
12413.5 97.1777
12413.8 97.1779
12414.2 97.1781
12414.5 97.1783
12414.9 97.1784
12415.3 97.1785
12415.6 97.1785
12416 97.179
12416.4 97.1789
12416.7 97.1793
12417.1 97.1792
12417.5 97.179
12417.8 97.1787
12418.2 97.1783
12418.6 97.178
12418.9 97.1776
12419.3 97.1772
12419.7 97.1767
12420 97.1763
12420.4 97.1758
12420.8 97.1753
12421.1 97.1748
12421.5 97.1743
12421.9 97.1738
12422.2 97.1733
12422.6 97.1728
12423 97.1722
12423.3 97.1722
12423.7 97.1717
12424.1 97.1711
12424.4 97.1706
12424.8 97.1701
12425.2 97.1695
12425.5 97.169
12425.9 97.1685
12426.3 97.1681
12426.6 97.1677
12427 97.1673
12427.4 97.167
12427.7 97.1667
12428.1 97.1665
12428.5 97.1663
12428.8 97.1661
12429.2 97.166
12429.6 97.1659
12429.9 97.1661
12430.3 97.166
12430.7 97.166
12431 97.1659
12431.4 97.1659
12431.8 97.1659
12432.1 97.1658
12432.5 97.1657
12432.9 97.1655
12433.2 97.1654
12433.6 97.1652
12434 97.1649
12434.3 97.1648
12434.7 97.1644
12435.1 97.164
12435.4 97.1635
12435.8 97.1629
12436.2 97.1622
12436.5 97.1622
12436.9 97.1615
12437.3 97.1607
12437.6 97.1599
12438 97.159
12438.4 97.1581
12438.7 97.1572
12439.1 97.1563
12439.5 97.1554
12439.8 97.1545
12440.2 97.1535
12440.6 97.1523
12440.9 97.1514
12441.3 97.1505
12441.6 97.1495
12442 97.1486
12442.4 97.1476
12442.7 97.1466
12443.1 97.1463
12443.5 97.1452
12443.8 97.1442
12444.2 97.1431
12444.6 97.1419
12444.9 97.1408
12445.3 97.1396
12445.7 97.1384
12446 97.1373
12446.4 97.1361
12446.8 97.1347
12447.1 97.1336
12447.5 97.1326
12447.9 97.1315
12448.2 97.1306
12448.6 97.1297
12449 97.1288
12449.3 97.128
12449.7 97.128
12450.1 97.1273
12450.4 97.1267
12450.8 97.1261
12451.2 97.1255
12451.5 97.125
12451.9 97.1245
12452.3 97.1241
12452.6 97.1237
12453 97.1235
12453.4 97.1231
12453.7 97.1228
12454.1 97.1225
12454.5 97.1222
12454.8 97.1219
12455.2 97.1217
12455.6 97.1215
12455.9 97.1217
12456.3 97.1215
12456.7 97.1214
12457 97.1213
12457.4 97.1212
12457.8 97.1212
12458.1 97.1211
12458.5 97.1212
12458.9 97.1212
12459.2 97.1215
12459.6 97.1215
12460 97.1216
12460.3 97.1216
12460.7 97.1216
12461.1 97.1217
12461.4 97.1217
12461.8 97.1218
12462.2 97.1218
12462.5 97.122
12462.9 97.122
12463.3 97.1219
12463.6 97.1219
12464 97.1218
12464.4 97.1217
12464.7 97.1215
12465.1 97.1213
12465.5 97.121
12465.8 97.1207
12466.2 97.1204
12466.6 97.1201
12466.9 97.1197
12467.3 97.1193
12467.7 97.1189
12468 97.1185
12468.4 97.1181
12468.7 97.1176
12469.1 97.1176
12469.5 97.1172
12469.8 97.1168
12470.2 97.1163
12470.6 97.1159
12470.9 97.1154
12471.3 97.115
12471.7 97.1145
12472 97.1141
12472.4 97.1136
12472.8 97.1132
12473.1 97.1127
12473.5 97.1122
12473.9 97.1117
12474.2 97.1112
12474.6 97.1106
12475 97.1101
12475.3 97.1096
12475.7 97.1095
12476.1 97.109
12476.4 97.1085
12476.8 97.108
12477.2 97.1075
12477.5 97.107
12477.9 97.1066
12478.3 97.1061
12478.6 97.1057
12479 97.1053
12479.4 97.1049
12479.7 97.1046
12480.1 97.1043
12480.5 97.104
12480.8 97.1037
12481.2 97.1035
12481.6 97.1032
12481.9 97.1031
12482.3 97.1028
12482.7 97.1026
12483 97.1024
12483.4 97.1021
12483.8 97.1015
12484.1 97.1012
12484.5 97.1009
12484.9 97.1006
12485.2 97.1002
12485.6 97.0999
12486 97.0995
12486.3 97.099
12486.7 97.0986
12487.1 97.0981
12487.4 97.0976
12487.8 97.0971
12488.2 97.0965
12488.5 97.0964
12488.9 97.0959
12489.3 97.0954
12489.6 97.0948
12490 97.0943
12490.4 97.0938
12490.7 97.0933
12491.1 97.0928
12491.5 97.0924
12491.8 97.0919
12492.2 97.0916
12492.6 97.0912
12492.9 97.0908
12493.3 97.0905
12493.7 97.0901
12494 97.0898
12494.4 97.0895
12494.8 97.0893
12495.1 97.0893
12495.5 97.0891
12495.8 97.0889
12496.2 97.0886
12496.6 97.0884
12496.9 97.0882
12497.3 97.088
12497.7 97.0878
12498 97.0877
12498.4 97.0876
12498.8 97.0875
12499.1 97.0873
12499.5 97.0872
12499.9 97.0871
12500.2 97.087
12500.6 97.0868
12501 97.0866
12501.3 97.0863
12501.7 97.0859
12502.1 97.085
12502.4 97.0845
12502.8 97.0839
12503.2 97.0833
12503.5 97.0826
12503.9 97.0819
12504.3 97.0812
12504.6 97.0804
12505 97.0795
12505.4 97.0787
12505.7 97.0777
12506.1 97.0767
12506.5 97.0756
12506.8 97.0745
12507.2 97.0732
12507.6 97.0719
12507.9 97.0705
12508.3 97.0682
12508.7 97.0666
12509 97.0649
12509.4 97.0631
12509.8 97.0613
12510.1 97.0594
12510.5 97.0575
12510.9 97.0555
12511.2 97.0536
12511.6 97.0517
12512 97.0498
12512.3 97.048
12512.7 97.0462
12513.1 97.0446
12513.4 97.0431
12513.8 97.0417
12514.2 97.0404
12514.5 97.0386
12514.9 97.0382
12515.3 97.0372
12515.6 97.0362
12516 97.0354
12516.4 97.0346
12516.7 97.0338
12517.1 97.0331
12517.5 97.0325
12517.8 97.032
12518.2 97.0315
12518.6 97.0311
12518.9 97.0308
12519.3 97.0305
12519.7 97.0303
12520 97.0302
12520.4 97.0301
12520.8 97.03
12521.1 97.0301
12521.5 97.0301
12521.8 97.0302
12522.2 97.0303
12522.6 97.0305
12522.9 97.0307
12523.3 97.0309
12523.7 97.0312
12524 97.0315
12524.4 97.0318
12524.8 97.0321
12525.1 97.0323
12525.5 97.0325
12525.9 97.0327
12526.2 97.0328
12526.6 97.0329
12527 97.0325
12527.3 97.0324
12527.7 97.0321
12528.1 97.0319
12528.4 97.0316
12528.8 97.0313
12529.2 97.0308
12529.5 97.0304
12529.9 97.0298
12530.3 97.0292
12530.6 97.0285
12531 97.0278
12531.4 97.027
12531.7 97.0261
12532.1 97.0252
12532.5 97.0243
12532.8 97.0229
12533.2 97.0221
12533.6 97.0212
12533.9 97.0204
12534.3 97.02
12534.7 97.0192
12535 97.0184
12535.4 97.0177
12535.8 97.017
12536.1 97.0164
12536.5 97.0158
12536.9 97.0152
12537.2 97.0146
12537.6 97.0141
12538 97.0135
12538.3 97.013
12538.7 97.0124
12539.1 97.0112
12539.4 97.0106
12539.8 97.01
12540.2 97.0094
12540.5 97.0088
12540.9 97.008
12541.3 97.0073
12541.6 97.0067
12542 97.006
12542.4 97.0053
12542.7 97.0046
12543.1 97.0039
12543.5 97.0031
12543.8 97.0023
12544.2 97.0015
12544.6 97.0007
12544.9 96.9999
12545.3 96.9981
12545.7 96.9973
12546 96.9964
12546.4 96.9955
12546.8 96.9946
12547.1 96.9937
12547.5 96.9929
12547.9 96.992
12548.2 96.9912
12548.6 96.9904
12548.9 96.9897
12549.3 96.989
12549.7 96.9883
12550 96.9877
12550.4 96.987
12550.8 96.9865
12551.1 96.9859
12551.5 96.9849
12551.9 96.9844
12552.2 96.984
12552.6 96.9836
12553 96.9832
12553.3 96.9828
12553.7 96.9825
12554.1 96.9822
12554.4 96.9818
12554.8 96.9815
12555.2 96.9812
12555.5 96.9809
12555.9 96.9805
12556.3 96.9802
12556.6 96.9799
12557 96.9796
12557.4 96.9793
12557.7 96.9789
12558.1 96.9786
12558.5 96.9783
12558.8 96.978
12559.2 96.9778
12559.6 96.9776
12559.9 96.9774
12560.3 96.9772
12560.7 96.977
12561 96.9769
12561.4 96.9767
12561.8 96.9765
12562.1 96.9763
12562.5 96.9761
12562.9 96.9759
12563.2 96.9756
12563.6 96.9749
12564 96.9745
12564.3 96.9742
12564.7 96.9738
12565.1 96.9734
12565.4 96.973
12565.8 96.9726
12566.2 96.9722
12566.5 96.9718
12566.9 96.9709
12567.3 96.9703
12567.6 96.9698
12568 96.9693
12568.4 96.9687
12568.7 96.9681
12569.1 96.9675
12569.5 96.9668
12569.8 96.965
12570.2 96.9643
12570.6 96.9636
12570.9 96.9629
12571.3 96.9622
12571.7 96.9615
12572 96.9608
12572.4 96.9601
12572.8 96.9595
12573.1 96.9589
12573.5 96.9581
12573.9 96.9576
12574.2 96.9571
12574.6 96.9567
12575 96.9564
12575.3 96.9561
12575.7 96.9559
12576 96.9553
12576.4 96.9551
12576.8 96.955
12577.1 96.9549
12577.5 96.9548
12577.9 96.9546
12578.2 96.9545
12578.6 96.9543
12579 96.9542
12579.3 96.9539
12579.7 96.9537
12580.1 96.9534
12580.4 96.9531
12580.8 96.9528
12581.2 96.9525
12581.5 96.952
12581.9 96.9516
12582.3 96.9506
12582.6 96.9501
12583 96.9495
12583.4 96.9489
12583.7 96.9482
12584.1 96.9475
12584.5 96.9467
12584.8 96.9459
12585.2 96.9451
12585.6 96.9443
12585.9 96.9435
12586.3 96.9426
12586.7 96.9419
12587 96.9411
12587.4 96.9403
12587.8 96.9395
12588.1 96.9387
12588.5 96.9373
12588.9 96.9366
12589.2 96.936
12589.6 96.9354
12590 96.9348
12590.3 96.9342
12590.7 96.9337
12591.1 96.9332
12591.4 96.9327
12591.8 96.9323
12592.2 96.9318
12592.5 96.9314
12592.9 96.9311
12593.3 96.9309
12593.6 96.9306
12594 96.9303
12594.4 96.9301
12594.7 96.9298
12595.1 96.9297
12595.5 96.9297
12595.8 96.9297
12596.2 96.9298
12596.6 96.93
12596.9 96.9303
12597.3 96.9306
12597.7 96.9309
12598 96.9314
12598.4 96.9318
12598.8 96.9323
12599.1 96.9328
12599.5 96.9329
12599.9 96.9334
12600.2 96.9338
12600.6 96.9342
12601 96.9346
12601.3 96.935
12601.7 96.9353
12602 96.9356
12602.4 96.9358
12602.8 96.936
12603.1 96.9361
12603.5 96.9363
12603.9 96.9364
12604.2 96.9366
12604.6 96.9367
12605 96.9368
12605.3 96.9369
12605.7 96.9369
12606.1 96.9367
12606.4 96.9366
12606.8 96.9363
12607.2 96.9361
12607.5 96.9359
12607.9 96.9357
12608.3 96.9354
12608.6 96.935
12609 96.9346
12609.4 96.9341
12609.7 96.9336
12610.1 96.9331
12610.5 96.9325
12610.8 96.9319
12611.2 96.9314
12611.6 96.9309
12611.9 96.9304
12612.3 96.9299
12612.7 96.9293
12613 96.9284
12613.4 96.9281
12613.8 96.9278
12614.1 96.9276
12614.5 96.9274
12614.9 96.9272
12615.2 96.9271
12615.6 96.927
12616 96.9269
12616.3 96.9268
12616.7 96.9268
12617.1 96.9268
12617.4 96.9268
12617.8 96.9268
12618.2 96.9268
12618.5 96.9268
12618.9 96.9267
12619.3 96.9267
12619.6 96.9267
12620 96.9267
12620.4 96.9266
12620.7 96.9265
12621.1 96.9264
12621.5 96.9263
12621.8 96.9262
12622.2 96.926
12622.6 96.9259
12622.9 96.9257
12623.3 96.9255
12623.7 96.9253
12624 96.925
12624.4 96.9248
12624.8 96.9245
12625.1 96.9242
12625.5 96.9238
12625.9 96.9237
12626.2 96.9233
12626.6 96.9229
12627 96.9226
12627.3 96.9221
12627.7 96.9217
12628.1 96.9212
12628.4 96.9207
12628.8 96.9201
12629.1 96.9195
12629.5 96.9188
12629.9 96.9181
12630.2 96.9173
12630.6 96.9164
12631 96.9155
12631.3 96.914
12631.7 96.913
12632.1 96.9124
12632.4 96.9113
12632.8 96.9102
12633.2 96.909
12633.5 96.9078
12633.9 96.9066
12634.3 96.9053
12634.6 96.9041
12635 96.9028
12635.4 96.9016
12635.7 96.9003
12636.1 96.8991
12636.5 96.8979
12636.8 96.8967
12637.2 96.8956
12637.6 96.8939
12637.9 96.8929
12638.3 96.8919
12638.7 96.8914
12639 96.8904
12639.4 96.8895
12639.8 96.8885
12640.1 96.8876
12640.5 96.8867
12640.9 96.8859
12641.2 96.885
12641.6 96.8842
12642 96.8834
12642.3 96.8827
12642.7 96.882
12643.1 96.8814
12643.4 96.8807
12643.8 96.8794
12644.2 96.8789
12644.5 96.8784
12644.9 96.8779
12645.3 96.877
12645.6 96.8765
12646 96.876
12646.4 96.8756
12646.7 96.8751
12647.1 96.8746
12647.5 96.8741
12647.8 96.8735
12648.2 96.873
12648.6 96.8724
12648.9 96.8719
12649.3 96.8713
12649.7 96.8707
12650 96.8693
12650.4 96.8687
12650.8 96.8681
12651.1 96.8674
12651.5 96.8668
12651.9 96.8662
12652.2 96.8655
12652.6 96.8648
12653 96.8641
12653.3 96.8633
12653.7 96.8625
12654.1 96.8616
12654.4 96.8607
12654.8 96.8598
12655.2 96.8588
12655.5 96.8578
12655.9 96.8568
12656.2 96.8553
12656.6 96.8543
12657 96.8533
12657.3 96.8523
12657.7 96.8514
12658.1 96.8504
12658.4 96.85
12658.8 96.8491
12659.2 96.8483
12659.5 96.8474
12659.9 96.8466
12660.3 96.8457
12660.6 96.8449
12661 96.8441
12661.4 96.8432
12661.7 96.8424
12662.1 96.8415
12662.5 96.8404
12662.8 96.8396
12663.2 96.8387
12663.6 96.8378
12663.9 96.8369
12664.3 96.8361
12664.7 96.8352
12665 96.8348
12665.4 96.8339
12665.8 96.8331
12666.1 96.8323
12666.5 96.8315
12666.9 96.8307
12667.2 96.83
12667.6 96.8293
12668 96.8287
12668.3 96.8278
12668.7 96.8272
12669.1 96.8267
12669.4 96.8263
12669.8 96.8258
12670.2 96.8254
12670.5 96.8249
12670.9 96.8245
12671.3 96.8243
12671.6 96.8239
12672 96.8235
12672.4 96.8231
12672.7 96.8226
12673.1 96.8222
12673.5 96.8216
12673.8 96.8211
12674.2 96.8205
12674.6 96.8198
12674.9 96.8192
12675.3 96.8186
12675.7 96.8179
12676 96.8173
12676.4 96.8167
12676.8 96.8161
12677.1 96.8155
12677.5 96.8149
12677.9 96.8147
12678.2 96.8142
12678.6 96.8137
12679 96.8133
12679.3 96.8129
12679.7 96.8125
12680.1 96.8122
12680.4 96.8119
12680.8 96.8115
12681.2 96.8113
12681.5 96.811
12681.9 96.8108
12682.3 96.8106
12682.6 96.8104
12683 96.8102
12683.3 96.81
12683.7 96.8098
12684.1 96.8096
12684.4 96.8095
12684.8 96.8094
12685.2 96.8092
12685.5 96.8091
12685.9 96.809
12686.3 96.809
12686.6 96.809
12687 96.8089
12687.4 96.809
12687.7 96.8091
12688.1 96.8092
12688.5 96.8095
12688.8 96.8098
12689.2 96.8101
12689.6 96.8106
12689.9 96.8111
12690.3 96.8116
12690.7 96.8121
12691 96.8118
12691.4 96.8123
12691.8 96.8128
12692.1 96.8132
12692.5 96.8135
12692.9 96.8138
12693.2 96.8136
12693.6 96.8137
12694 96.8136
12694.3 96.8136
12694.7 96.8134
12695.1 96.8131
12695.4 96.8128
12695.8 96.8124
12696.2 96.812
12696.5 96.8116
12696.9 96.8111
12697.3 96.8106
12697.6 96.8105
12698 96.81
12698.4 96.8096
12698.7 96.8091
12699.1 96.8086
12699.5 96.8081
12699.8 96.8076
12700.2 96.8071
12700.6 96.8065
12700.9 96.806
12701.3 96.8055
12701.7 96.8049
12702 96.8043
12702.4 96.8038
12702.8 96.8032
12703.1 96.8027
12703.5 96.8021
12703.9 96.8021
12704.2 96.8016
12704.6 96.8011
12705 96.8006
12705.3 96.8002
12705.7 96.7998
12706.1 96.7995
12706.4 96.7992
12706.8 96.7989
12707.2 96.7986
12707.5 96.7984
12707.9 96.7982
12708.3 96.798
12708.6 96.7979
12709 96.7977
12709.3 96.7975
12709.7 96.7973
12710.1 96.7971
12710.4 96.7971
12710.8 96.7969
12711.2 96.7967
12711.5 96.7965
12711.9 96.7963
12712.3 96.796
12712.6 96.7957
12713 96.7953
12713.4 96.7949
12713.7 96.7945
12714.1 96.7941
12714.5 96.7936
12714.8 96.7931
12715.2 96.7926
12715.6 96.792
12715.9 96.7915
12716.3 96.7909
12716.7 96.7903
12717 96.7907
12717.4 96.7901
12717.8 96.7899
12718.1 96.7893
12718.5 96.7886
12718.9 96.7879
12719.2 96.7872
12719.6 96.7865
12720 96.7857
12720.3 96.7849
12720.7 96.7841
12721.1 96.7833
12721.4 96.7825
12721.8 96.7816
12722.2 96.7807
12722.5 96.7797
12722.9 96.7787
12723.3 96.7777
12723.6 96.7781
12724 96.7773
12724.4 96.7762
12724.7 96.775
12725.1 96.7738
12725.5 96.7726
12725.8 96.7714
12726.2 96.7702
12726.6 96.769
12726.9 96.7679
12727.3 96.7667
12727.7 96.7656
12728 96.7646
12728.4 96.7636
12728.8 96.7626
12729.1 96.7618
12729.5 96.761
12729.9 96.7602
12730.2 96.7609
12730.6 96.7602
12731 96.7596
12731.3 96.759
12731.7 96.7585
12732.1 96.758
12732.4 96.7575
12732.8 96.757
12733.2 96.7566
12733.5 96.7562
12733.9 96.7558
12734.3 96.7555
12734.6 96.7553
12735 96.755
12735.4 96.7549
12735.7 96.7547
12736.1 96.7548
12736.4 96.7547
12736.8 96.755
12737.2 96.755
12737.5 96.7549
12737.9 96.7548
12738.3 96.7547
12738.6 96.7547
12739 96.7546
12739.4 96.7545
12739.7 96.7544
12740.1 96.7542
12740.5 96.7541
12740.8 96.7538
12741.2 96.7535
12741.6 96.7532
12741.9 96.7527
12742.3 96.7522
12742.7 96.7516
12743 96.7515
12743.4 96.7508
12743.8 96.7499
12744.1 96.749
12744.5 96.748
12744.9 96.7469
12745.2 96.7458
12745.6 96.7445
12746 96.7432
12746.3 96.7418
12746.7 96.7404
12747.1 96.7389
12747.4 96.7373
12747.8 96.7357
12748.2 96.734
12748.5 96.7314
12748.9 96.7298
12749.3 96.7281
12749.6 96.7272
12750 96.7256
12750.4 96.724
12750.7 96.7225
12751.1 96.7211
12751.5 96.7198
12751.8 96.7185
12752.2 96.7173
12752.6 96.7161
12752.9 96.7151
12753.3 96.7141
12753.7 96.7132
12754 96.7123
12754.4 96.7115
12754.8 96.7107
12755.1 96.7101
12755.5 96.7095
12755.9 96.709
12756.2 96.7091
12756.6 96.7086
12757 96.7082
12757.3 96.7079
12757.7 96.7075
12758.1 96.7072
12758.4 96.707
12758.8 96.7067
12759.2 96.7065
12759.5 96.7064
12759.9 96.7062
12760.3 96.706
12760.6 96.7059
12761 96.7062
12761.4 96.7059
12761.7 96.7057
12762.1 96.7055
12762.5 96.7052
12762.8 96.7057
12763.2 96.7053
12763.5 96.705
12763.9 96.7045
12764.3 96.704
12764.6 96.7035
12765 96.7029
12765.4 96.7023
12765.7 96.7017
12766.1 96.701
12766.5 96.7002
12766.8 96.6997
12767.2 96.6988
12767.6 96.6979
12767.9 96.697
12768.3 96.696
12768.7 96.695
12769 96.694
12769.4 96.6939
12769.8 96.6927
12770.1 96.6915
12770.5 96.6903
12770.9 96.689
12771.2 96.6877
12771.6 96.6863
12772 96.685
12772.3 96.6837
12772.7 96.6824
12773.1 96.6808
12773.4 96.6797
12773.8 96.6786
12774.2 96.6776
12774.5 96.6767
12774.9 96.6759
12775.3 96.6752
12775.6 96.675
12776 96.6745
12776.4 96.674
12776.7 96.6735
12777.1 96.6732
12777.5 96.6729
12777.8 96.6727
12778.2 96.6726
12778.6 96.6725
12778.9 96.6724
12779.3 96.6724
12779.7 96.6724
12780 96.6725
12780.4 96.6726
12780.8 96.6727
12781.1 96.6728
12781.5 96.6729
12781.9 96.6729
12782.2 96.6729
12782.6 96.6729
12783 96.6729
12783.3 96.6728
12783.7 96.6727
12784.1 96.6725
12784.4 96.6723
12784.8 96.6721
12785.2 96.6717
12785.5 96.6714
12785.9 96.6709
12786.3 96.6704
12786.6 96.6699
12787 96.6693
12787.4 96.6687
12787.7 96.668
12788.1 96.6673
12788.5 96.6665
12788.8 96.6664
12789.2 96.6655
12789.5 96.6647
12789.9 96.6638
12790.3 96.6629
12790.6 96.662
12791 96.6612
12791.4 96.6603
12791.7 96.6592
12792.1 96.6584
12792.5 96.6576
12792.8 96.6569
12793.2 96.6561
12793.6 96.6554
12793.9 96.6547
12794.3 96.6541
12794.7 96.6534
12795 96.6528
12795.4 96.6527
12795.8 96.6521
12796.1 96.6516
12796.5 96.6511
12796.9 96.6506
12797.2 96.6501
12797.6 96.6493
12798 96.6488
12798.3 96.6482
12798.7 96.6477
12799.1 96.6471
12799.4 96.6465
12799.8 96.6459
12800.2 96.6453
12800.5 96.6446
12800.9 96.644
12801.3 96.6434
12801.6 96.6427
12802 96.6422
12802.4 96.6415
12802.7 96.6408
12803.1 96.64
12803.5 96.6393
12803.8 96.6381
12804.2 96.6373
12804.6 96.6365
12804.9 96.6357
12805.3 96.6348
12805.7 96.6339
12806 96.633
12806.4 96.632
12806.8 96.6309
12807.1 96.6299
12807.5 96.6288
12807.9 96.6276
12808.2 96.6265
12808.6 96.6259
12809 96.6247
12809.3 96.6235
12809.7 96.6223
12810.1 96.6205
12810.4 96.6193
12810.8 96.6181
12811.2 96.617
12811.5 96.6159
12811.9 96.6148
12812.3 96.6137
12812.6 96.6127
12813 96.6117
12813.4 96.6108
12813.7 96.6099
12814.1 96.609
12814.5 96.6082
12814.8 96.608
12815.2 96.6072
12815.6 96.6064
12815.9 96.6057
12816.3 96.6048
12816.6 96.6041
12817 96.6034
12817.4 96.6027
12817.7 96.602
12818.1 96.6013
12818.5 96.6007
12818.8 96.6
12819.2 96.5994
12819.6 96.5988
12819.9 96.5982
12820.3 96.5977
12820.7 96.5972
12821 96.5968
12821.4 96.5968
12821.8 96.5963
12822.1 96.596
12822.5 96.5955
12822.9 96.5952
12823.2 96.5948
12823.6 96.5944
12824 96.594
12824.3 96.5936
12824.7 96.5932
12825.1 96.5927
12825.4 96.5922
12825.8 96.5917
12826.2 96.5911
12826.5 96.5905
12826.9 96.5899
12827.3 96.5893
12827.6 96.5885
12828 96.5882
12828.4 96.5874
12828.7 96.586
12829.1 96.585
12829.5 96.5839
12829.8 96.5828
12830.2 96.5815
12830.6 96.5802
12830.9 96.5788
12831.3 96.5773
12831.7 96.5757
12832 96.574
12832.4 96.5723
12832.8 96.5705
12833.1 96.5688
12833.5 96.567
12833.9 96.5652
12834.2 96.5634
12834.6 96.5613
12835 96.5596
12835.3 96.558
12835.7 96.5563
12836.1 96.5547
12836.4 96.5531
12836.8 96.5515
12837.2 96.5499
12837.5 96.5484
12837.9 96.5469
12838.3 96.5454
12838.6 96.5439
12839 96.5424
12839.4 96.5409
12839.7 96.5395
12840.1 96.5381
12840.5 96.5367
12840.8 96.5347
12841.2 96.5341
12841.6 96.5328
12841.9 96.5315
12842.3 96.5303
12842.7 96.5291
12843 96.5279
12843.4 96.5268
12843.7 96.5257
12844.1 96.5247
12844.5 96.5237
12844.8 96.5227
12845.2 96.5217
12845.6 96.5207
12845.9 96.5197
12846.3 96.5187
12846.7 96.5178
12847 96.5166
12847.4 96.5164
12847.8 96.5155
12848.1 96.5147
12848.5 96.5138
12848.9 96.5129
12849.2 96.512
12849.6 96.5111
12850 96.5102
12850.3 96.5093
12850.7 96.5084
12851.1 96.5075
12851.4 96.5066
12851.8 96.5058
12852.2 96.5049
12852.5 96.504
12852.9 96.5032
12853.3 96.5021
12853.6 96.5013
12854 96.5009
12854.4 96.5001
12854.7 96.4994
12855.1 96.4987
12855.5 96.498
12855.8 96.4974
12856.2 96.4969
12856.6 96.4964
12856.9 96.4959
12857.3 96.4955
12857.7 96.4951
12858 96.4948
12858.4 96.4944
12858.8 96.4941
12859.1 96.4939
12859.5 96.4932
12859.9 96.4929
12860.2 96.4925
12860.6 96.4922
12861 96.4918
12861.3 96.4913
12861.7 96.4908
12862.1 96.4902
12862.4 96.4896
12862.8 96.489
12863.2 96.4883
12863.5 96.4876
12863.9 96.4868
12864.3 96.4861
12864.6 96.4853
12865 96.4844
12865.4 96.4831
12865.7 96.4822
12866.1 96.4813
12866.5 96.4803
12866.8 96.4793
12867.2 96.4787
12867.6 96.4776
12867.9 96.4764
12868.3 96.4751
12868.7 96.4738
12869 96.4724
12869.4 96.4709
12869.8 96.4694
12870.1 96.4677
12870.5 96.466
12870.8 96.4642
12871.2 96.4623
12871.6 96.459
12871.9 96.4569
12872.3 96.4547
12872.7 96.4525
12873 96.4503
12873.4 96.4481
12873.8 96.4467
12874.1 96.4446
12874.5 96.4425
12874.9 96.4404
12875.2 96.4385
12875.6 96.4366
12876 96.4348
12876.3 96.433
12876.7 96.4313
12877.1 96.4297
12877.4 96.4281
12877.8 96.4261
12878.2 96.4247
12878.5 96.4233
12878.9 96.422
12879.3 96.4207
12879.6 96.4194
12880 96.4182
12880.4 96.4179
12880.7 96.4167
12881.1 96.4155
12881.5 96.4144
12881.8 96.4133
12882.2 96.4121
12882.6 96.411
12882.9 96.4099
12883.3 96.4088
12883.7 96.4078
12884 96.4065
12884.4 96.4055
12884.8 96.4044
12885.1 96.4033
12885.5 96.4023
12885.9 96.4012
12886.2 96.4001
12886.6 96.3999
12887 96.3988
12887.3 96.3976
12887.7 96.3965
12888.1 96.3954
12888.4 96.3942
12888.8 96.3931
12889.2 96.392
12889.5 96.3908
12889.9 96.3897
12890.3 96.3881
12890.6 96.3869
12891 96.3857
12891.4 96.3845
12891.7 96.3834
12892.1 96.3822
12892.5 96.381
12892.8 96.3798
12893.2 96.379
12893.6 96.3778
12893.9 96.3766
12894.3 96.3754
12894.7 96.3743
12895 96.3732
12895.4 96.3721
12895.8 96.371
12896.1 96.3699
12896.5 96.368
12896.8 96.3671
12897.2 96.3662
12897.6 96.3654
12897.9 96.3647
12898.3 96.3639
12898.7 96.3632
12899 96.3625
12899.4 96.3619
12899.8 96.3611
12900.1 96.3605
12900.5 96.3598
12900.9 96.359
12901.2 96.3582
12901.6 96.3574
12902 96.3564
12902.3 96.3543
12902.7 96.3531
12903.1 96.3519
12903.4 96.3505
12903.8 96.349
12904.2 96.3475
12904.5 96.3459
12904.9 96.3442
12905.3 96.3425
12905.6 96.3407
12906 96.3389
12906.4 96.3373
12906.7 96.3355
12907.1 96.3337
12907.5 96.3319
12907.8 96.3301
12908.2 96.3283
12908.6 96.3248
12908.9 96.323
12909.3 96.3211
12909.7 96.3193
12910 96.3174
12910.4 96.3156
12910.8 96.3138
12911.1 96.312
12911.5 96.3103
12911.9 96.3087
12912.2 96.3071
12912.6 96.3056
12913 96.3043
12913.3 96.3029
12913.7 96.3016
12914.1 96.3002
12914.4 96.299
12914.8 96.2967
12915.2 96.2955
12915.5 96.2945
12915.9 96.2935
12916.3 96.2927
12916.6 96.2918
12917 96.2911
12917.4 96.2904
12917.7 96.2898
12918.1 96.2892
12918.5 96.2888
12918.8 96.2883
12919.2 96.2875
12919.6 96.2872
12919.9 96.2869
12920.3 96.2867
12920.7 96.2866
12921 96.2859
12921.4 96.2859
12921.8 96.286
12922.1 96.286
12922.5 96.2861
12922.9 96.2862
12923.2 96.2863
12923.6 96.2864
12923.9 96.2864
12924.3 96.2865
12924.7 96.2865
12925 96.2864
12925.4 96.2863
12925.8 96.2861
12926.1 96.2859
12926.5 96.2857
12926.9 96.2854
12927.2 96.2846
12927.6 96.2841
12928 96.2834
12928.3 96.2827
12928.7 96.2819
12929.1 96.2809
12929.4 96.2799
12929.8 96.2787
12930.2 96.2775
12930.5 96.2761
12930.9 96.2745
12931.3 96.2729
12931.6 96.2712
12932 96.2693
12932.4 96.2677
12932.7 96.2656
12933.1 96.2614
12933.5 96.259
12933.8 96.2565
12934.2 96.254
12934.6 96.2515
12934.9 96.2491
12935.3 96.2467
12935.7 96.2445
12936 96.2423
12936.4 96.2402
12936.8 96.2383
12937.1 96.2364
12937.5 96.2347
12937.9 96.2331
12938.2 96.2315
12938.6 96.2301
12939 96.2287
12939.3 96.2262
12939.7 96.225
12940.1 96.224
12940.4 96.2231
12940.8 96.2222
12941.2 96.2214
12941.5 96.2206
12941.9 96.2199
12942.3 96.2192
12942.6 96.2185
12943 96.2179
12943.4 96.2172
12943.7 96.2166
12944.1 96.216
12944.5 96.2154
12944.8 96.2148
12945.2 96.2142
12945.6 96.2132
12945.9 96.2126
12946.3 96.212
12946.7 96.2114
12947 96.2109
12947.4 96.2103
12947.8 96.2098
12948.1 96.2092
12948.5 96.2087
12948.9 96.2081
12949.2 96.2075
12949.6 96.2069
12950 96.2063
12950.3 96.2057
12950.7 96.2051
12951 96.2045
12951.4 96.2038
12951.8 96.2024
12952.1 96.2017
12952.5 96.2009
12952.9 96.2001
12953.2 96.1993
12953.6 96.1985
12954 96.1977
12954.3 96.1968
12954.7 96.196
12955.1 96.1952
12955.4 96.1944
12955.8 96.1936
12956.2 96.1928
12956.5 96.1921
12956.9 96.1914
12957.3 96.1907
12957.6 96.1901
12958 96.1889
12958.4 96.1883
12958.7 96.1878
12959.1 96.1874
12959.5 96.187
12959.8 96.1867
12960.2 96.1864
12960.6 96.1861
12960.9 96.1859
12961.3 96.1858
12961.7 96.1856
12962 96.1855
12962.4 96.1854
12962.8 96.1853
12963.1 96.1852
12963.5 96.1851
12963.9 96.185
12964.2 96.184
12964.6 96.1838
12965 96.183
12965.3 96.1827
12965.7 96.1824
12966.1 96.1819
12966.4 96.1814
12966.8 96.1808
12967.2 96.18
12967.5 96.1792
12967.9 96.1783
12968.3 96.1772
12968.6 96.1761
12969 96.1749
12969.4 96.1735
12969.7 96.1722
12970.1 96.1694
12970.5 96.168
12970.8 96.1665
12971.2 96.1651
12971.6 96.1638
12971.9 96.1624
12972.3 96.161
12972.7 96.1597
12973 96.1583
12973.4 96.157
12973.8 96.1557
12974.1 96.1544
12974.5 96.1531
12974.9 96.1519
12975.2 96.1507
12975.6 96.1495
12976 96.1483
12976.3 96.1465
12976.7 96.1455
12977 96.1446
12977.4 96.1437
12977.8 96.1429
12978.1 96.1424
12978.5 96.1417
12978.9 96.1411
12979.2 96.1405
12979.6 96.1401
12980 96.1397
12980.3 96.1395
12980.7 96.1393
12981.1 96.1393
12981.4 96.1393
12981.8 96.1393
12982.2 96.1395
12982.5 96.1397
12982.9 96.1401
12983.3 96.1404
12983.6 96.1409
12984 96.1413
12984.4 96.1418
12984.7 96.1417
12985.1 96.1421
12985.5 96.1425
12985.8 96.1429
12986.2 96.1431
12986.6 96.1433
12986.9 96.1434
12987.3 96.1434
12987.7 96.1433
12988 96.1431
12988.4 96.1428
12988.8 96.1415
12989.1 96.1409
12989.5 96.1402
12989.9 96.1394
12990.2 96.1384
12990.6 96.1374
12991 96.1364
12991.3 96.1354
12991.7 96.1344
12992.1 96.1333
12992.4 96.1323
12992.8 96.1313
12993.2 96.1303
12993.5 96.1293
12993.9 96.1283
12994.3 96.1274
12994.6 96.1264
12995 96.125
12995.4 96.1242
12995.7 96.1233
12996.1 96.1224
12996.5 96.1215
12996.8 96.1206
12997.2 96.1197
12997.6 96.1194
12997.9 96.1184
12998.3 96.1175
12998.7 96.1166
12999 96.1156
12999.4 96.1147
12999.8 96.1137
13000.1 96.1127
13000.5 96.1116
13000.9 96.1101
13001.2 96.109
13001.6 96.1078
13002 96.1067
13002.3 96.1055
13002.7 96.1044
13003.1 96.1033
13003.4 96.1022
13003.8 96.1011
13004.1 96.1007
13004.5 96.0997
13004.9 96.0987
13005.2 96.0977
13005.6 96.0967
13006 96.0957
13006.3 96.0948
13006.7 96.0938
13007.1 96.0926
13007.4 96.0917
13007.8 96.0907
13008.2 96.0898
13008.5 96.0888
13008.9 96.0879
13009.3 96.0869
13009.6 96.086
13010 96.0851
13010.4 96.0842
13010.7 96.0837
13011.1 96.0828
13011.5 96.0819
13011.8 96.081
13012.2 96.0802
13012.6 96.0793
13012.9 96.0784
13013.3 96.0771
13013.7 96.0762
13014 96.0754
13014.4 96.0745
13014.8 96.0737
13015.1 96.0728
13015.5 96.0721
13015.9 96.0713
13016.2 96.0706
13016.6 96.0699
13017 96.0693
13017.3 96.0689
13017.7 96.0684
13018.1 96.0679
13018.4 96.0676
13018.8 96.0673
13019.2 96.0671
13019.5 96.0668
13019.9 96.0668
13020.3 96.0669
13020.6 96.067
13021 96.0672
13021.4 96.0675
13021.7 96.0677
13022.1 96.068
13022.5 96.0683
13022.8 96.0687
13023.2 96.069
13023.6 96.0691
13023.9 96.0693
13024.3 96.0696
13024.7 96.0698
13025 96.0699
13025.4 96.07
13025.8 96.0701
13026.1 96.07
13026.5 96.07
13026.9 96.0699
13027.2 96.0697
13027.6 96.0695
13028 96.0693
13028.3 96.069
13028.7 96.0687
13029.1 96.0684
13029.4 96.068
13029.8 96.0676
13030.2 96.0674
13030.5 96.0669
13030.9 96.0665
13031.2 96.066
13031.6 96.0655
13032 96.0646
13032.3 96.0639
13032.7 96.0633
13033.1 96.0625
13033.4 96.0616
13033.8 96.0607
13034.2 96.0598
13034.5 96.0587
13034.9 96.0576
13035.3 96.0565
13035.6 96.0553
13036 96.0541
13036.4 96.0529
13036.7 96.0525
13037.1 96.0513
13037.5 96.0501
13037.8 96.0486
13038.2 96.0475
13038.6 96.0463
13038.9 96.0451
13039.3 96.044
13039.7 96.0429
13040 96.0418
13040.4 96.0408
13040.8 96.0398
13041.1 96.0389
13041.5 96.038
13041.9 96.0371
13042.2 96.0363
13042.6 96.0356
13043 96.0349
13043.3 96.0349
13043.7 96.0343
13044.1 96.0337
13044.4 96.0332
13044.8 96.0327
13045.2 96.0323
13045.5 96.0319
13045.9 96.0315
13046.3 96.0312
13046.6 96.0309
13047 96.0306
13047.4 96.0304
13047.7 96.0302
13048.1 96.03
13048.5 96.0298
13048.8 96.0297
13049.2 96.0296
13049.6 96.0295
13049.9 96.0293
13050.3 96.029
13050.7 96.0289
13051 96.0287
13051.4 96.0286
13051.8 96.0285
13052.1 96.0283
13052.5 96.0282
13052.9 96.028
13053.2 96.0278
13053.6 96.0275
13054 96.0272
13054.3 96.0269
13054.7 96.0266
13055.1 96.0262
13055.4 96.0258
13055.8 96.0254
13056.2 96.0251
13056.5 96.0237
13056.9 96.0235
13057.3 96.0232
13057.6 96.023
13058 96.0228
13058.3 96.0226
13058.7 96.0224
13059.1 96.0222
13059.4 96.022
13059.8 96.0219
13060.2 96.0217
13060.5 96.0215
13060.9 96.0214
13061.3 96.0213
13061.6 96.0212
13062 96.0212
13062.4 96.0212
13062.7 96.0215
13063.1 96.0215
13063.5 96.0215
13063.8 96.0215
13064.2 96.0215
13064.6 96.0216
13064.9 96.0216
13065.3 96.0216
13065.7 96.0215
13066 96.0214
13066.4 96.0213
13066.8 96.0211
13067.1 96.0209
13067.5 96.0206
13067.9 96.0202
13068.2 96.0197
13068.6 96.019
13069 96.0184
13069.3 96.0182
13069.7 96.0176
13070.1 96.0168
13070.4 96.016
13070.8 96.0152
13071.2 96.0143
13071.5 96.0134
13071.9 96.0124
13072.3 96.0115
13072.6 96.0105
13073 96.0096
13073.4 96.0086
13073.7 96.0077
13074.1 96.0069
13074.5 96.006
13074.8 96.0049
13075.2 96.0042
13075.6 96.0035
13075.9 96.0032
13076.3 96.0026
13076.7 96.002
13077 96.0015
13077.4 96.001
13077.8 96.0005
13078.1 96.0001
13078.5 95.9997
13078.9 95.9993
13079.2 95.999
13079.6 95.9986
13080 95.9983
13080.3 95.998
13080.7 95.9977
13081.1 95.9975
13081.4 95.9973
13081.8 95.9972
13082.2 95.9971
13082.5 95.9973
13082.9 95.9973
13083.3 95.9973
13083.6 95.9973
13084 95.9974
13084.3 95.9975
13084.7 95.9977
13085.1 95.9978
13085.4 95.998
13085.8 95.9982
13086.2 95.9984
13086.5 95.9986
13086.9 95.9988
13087.3 95.9992
13087.6 95.9993
13088 95.9993
13088.4 95.9992
13088.7 95.9991
13089.1 95.9992
13089.5 95.9989
13089.8 95.9986
13090.2 95.9982
13090.6 95.9977
13090.9 95.997
13091.3 95.9964
13091.7 95.9957
13092 95.9949
13092.4 95.9941
13092.8 95.9933
13093.1 95.9924
13093.5 95.9914
13093.9 95.9906
13094.2 95.9898
13094.6 95.9891
13095 95.9884
13095.3 95.9883
13095.7 95.9876
13096.1 95.987
13096.4 95.9865
13096.8 95.986
13097.2 95.9855
13097.5 95.9851
13097.9 95.9847
13098.3 95.9843
13098.6 95.984
13099 95.9837
13099.4 95.9834
13099.7 95.9833
13100.1 95.9831
13100.5 95.9829
13100.8 95.9828
13101.2 95.9826
13101.6 95.9825
13101.9 95.9827
13102.3 95.9826
13102.7 95.9825
13103 95.9825
13103.4 95.9825
13103.8 95.9826
13104.1 95.9826
13104.5 95.9826
13104.9 95.9827
13105.2 95.9827
13105.6 95.9829
13106 95.9829
13106.3 95.9828
13106.7 95.9827
13107.1 95.9827
13107.4 95.9825
13107.8 95.9824
13108.2 95.9823
13108.5 95.9825
13108.9 95.9823
13109.3 95.9822
13109.6 95.9821
13110 95.982
13110.4 95.9819
13110.7 95.9818
13111.1 95.9817
13111.4 95.9817
13111.8 95.9819
13112.2 95.9818
13112.5 95.9817
13112.9 95.9815
13113.3 95.9813
13113.6 95.9811
13114 95.9809
13114.4 95.9806
13114.7 95.9803
13115.1 95.9805
13115.5 95.9802
13115.8 95.9798
13116.2 95.9793
13116.6 95.9788
13116.9 95.9782
13117.3 95.9776
13117.7 95.977
13118 95.9764
13118.4 95.9757
13118.8 95.9749
13119.1 95.9741
13119.5 95.9732
13119.9 95.9723
13120.2 95.9714
13120.6 95.9705
13121 95.9696
13121.3 95.9687
13121.7 95.9685
13122.1 95.9676
13122.4 95.9668
13122.8 95.9659
13123.2 95.9651
13123.5 95.9643
13123.9 95.9636
13124.3 95.9628
13124.6 95.9622
13125 95.9617
13125.4 95.9611
13125.7 95.9606
13126.1 95.9602
13126.5 95.9597
13126.8 95.9593
13127.2 95.959
13127.6 95.9586
13127.9 95.9583
13128.3 95.9584
13128.7 95.9581
13129 95.9578
13129.4 95.9575
13129.8 95.9572
13130.1 95.9569
13130.5 95.9565
13130.9 95.9562
13131.2 95.9558
13131.6 95.9553
13132 95.9548
13132.3 95.9542
13132.7 95.9536
13133.1 95.953
13133.4 95.9523
13133.8 95.9515
13134.2 95.9507
13134.5 95.9503
13134.9 95.9494
13135.3 95.9485
13135.6 95.9476
13136 95.9466
13136.4 95.9453
13136.7 95.9444
13137.1 95.9434
13137.5 95.9425
13137.8 95.9417
13138.2 95.9408
13138.5 95.9401
13138.9 95.9393
13139.3 95.9386
13139.6 95.9379
13140 95.9373
13140.4 95.9366
13140.7 95.936
13141.1 95.936
13141.5 95.9354
13141.8 95.935
13142.2 95.9345
13142.6 95.9341
13142.9 95.9338
13143.3 95.9335
13143.7 95.9333
13144 95.9331
13144.4 95.933
13144.8 95.9329
13145.1 95.9329
13145.5 95.9329
13145.9 95.933
13146.2 95.9331
13146.6 95.9331
13147 95.9332
13147.3 95.9333
13147.7 95.9336
13148.1 95.9336
13148.4 95.9336
13148.8 95.9338
13149.2 95.9338
13149.5 95.9337
13149.9 95.9335
13150.3 95.9332
13150.6 95.9328
13151 95.9324
13151.4 95.9319
13151.7 95.9314
13152.1 95.9307
13152.5 95.93
13152.8 95.9292
13153.2 95.9284
13153.6 95.9275
13153.9 95.9266
13154.3 95.9265
13154.7 95.9255
13155 95.9243
13155.4 95.9232
13155.8 95.9221
13156.1 95.921
13156.5 95.9198
13156.9 95.9187
13157.2 95.9175
13157.6 95.9163
13158 95.9151
13158.3 95.9138
13158.7 95.9126
13159.1 95.9114
13159.4 95.9101
13159.8 95.9089
13160.2 95.9076
13160.5 95.9063
13160.9 95.9059
13161.3 95.9041
13161.6 95.9027
13162 95.9013
13162.4 95.8998
13162.7 95.8984
13163.1 95.8969
13163.5 95.8955
13163.8 95.8941
13164.2 95.8927
13164.5 95.8913
13164.9 95.8899
13165.3 95.8886
13165.6 95.8874
13166 95.8861
13166.4 95.885
13166.7 95.8839
13167.1 95.8834
13167.5 95.8819
13167.8 95.8809
13168.2 95.8799
13168.6 95.8789
13168.9 95.8781
13169.3 95.8772
13169.7 95.8764
13170 95.8756
13170.4 95.8748
13170.8 95.8741
13171.1 95.8734
13171.5 95.8727
13171.9 95.8719
13172.2 95.8712
13172.6 95.8705
13173 95.8697
13173.3 95.8683
13173.7 95.8677
13174.1 95.867
13174.4 95.8662
13174.8 95.8654
13175.2 95.8645
13175.5 95.8637
13175.9 95.8628
13176.3 95.8619
13176.6 95.861
13177 95.86
13177.4 95.859
13177.7 95.858
13178.1 95.8569
13178.5 95.8558
13178.8 95.8547
13179.2 95.8535
13179.6 95.8518
13179.9 95.8504
13180.3 95.8499
13180.7 95.8485
13181 95.847
13181.4 95.8456
13181.8 95.8441
13182.1 95.8425
13182.5 95.841
13182.9 95.8395
13183.2 95.8379
13183.6 95.8364
13184 95.8349
13184.3 95.8334
13184.7 95.8319
13185.1 95.8305
13185.4 95.829
13185.8 95.827
13186.2 95.8257
13186.5 95.8244
13186.9 95.8237
13187.3 95.8224
13187.6 95.8211
13188 95.8199
13188.4 95.8187
13188.7 95.8175
13189.1 95.8164
13189.5 95.8153
13189.8 95.8142
13190.2 95.8132
13190.6 95.8122
13190.9 95.8111
13191.3 95.8102
13191.6 95.8092
13192 95.8075
13192.4 95.8065
13192.7 95.8055
13193.1 95.8044
13193.5 95.8037
13193.8 95.8026
13194.2 95.8015
13194.6 95.8004
13194.9 95.7992
13195.3 95.7979
13195.7 95.7966
13196 95.7952
13196.4 95.7937
13196.8 95.7923
13197.1 95.7907
13197.5 95.7891
13197.9 95.7874
13198.2 95.7844
13198.6 95.7824
13199 95.7805
13199.3 95.7784
13199.7 95.7763
13200.1 95.7746
13200.4 95.7725
13200.8 95.7703
13201.2 95.7681
13201.5 95.766
13201.9 95.764
13202.3 95.762
13202.6 95.7602
13203 95.7584
13203.4 95.7567
13203.7 95.7551
13204.1 95.7524
13204.5 95.751
13204.8 95.7497
13205.2 95.7483
13205.6 95.747
13205.9 95.7458
13206.3 95.7449
13206.7 95.7436
13207 95.7424
13207.4 95.7412
13207.8 95.74
13208.1 95.7388
13208.5 95.7376
13208.9 95.7364
13209.2 95.7352
13209.6 95.734
13210 95.7329
13210.3 95.7311
13210.7 95.7299
13211.1 95.7287
13211.4 95.7276
13211.8 95.7264
13212.2 95.7253
13212.5 95.7242
13212.9 95.7235
13213.3 95.7223
13213.6 95.7212
13214 95.72
13214.4 95.7189
13214.7 95.7177
13215.1 95.7165
13215.5 95.7152
13215.8 95.7139
13216.2 95.7126
13216.6 95.7101
13216.9 95.7085
13217.3 95.7069
13217.7 95.7052
13218 95.7033
13218.4 95.7014
13218.7 95.6993
13219.1 95.6971
13219.5 95.6954
13219.8 95.693
13220.2 95.6903
13220.6 95.6876
13220.9 95.6847
13221.3 95.6817
13221.7 95.6787
13222 95.6755
13222.4 95.6723
13222.8 95.6671
13223.1 95.6641
13223.5 95.6613
13223.9 95.6585
13224.2 95.6559
13224.6 95.6534
13225 95.6511
13225.3 95.6488
13225.7 95.6467
13226.1 95.6458
13226.4 95.6439
13226.8 95.642
13227.2 95.6403
13227.5 95.6386
13227.9 95.637
13228.3 95.6354
13228.6 95.6339
13229 95.632
13229.4 95.6306
13229.7 95.6293
13230.1 95.628
13230.5 95.6267
13230.8 95.6255
13231.2 95.6244
13231.6 95.6232
13231.9 95.6221
13232.3 95.6211
13232.7 95.6208
13233 95.6198
13233.4 95.6188
13233.8 95.6179
13234.1 95.617
13234.5 95.6162
13234.9 95.6154
13235.2 95.6142
13235.6 95.6135
13236 95.6128
13236.3 95.6122
13236.7 95.6116
13237.1 95.611
13237.4 95.6104
13237.8 95.6099
13238.2 95.6093
13238.5 95.6088
13238.9 95.6081
13239.3 95.6075
13239.6 95.6068
13240 95.6061
13240.4 95.6053
13240.7 95.6044
13241.1 95.6023
13241.5 95.6012
13241.8 95.6
13242.2 95.5987
13242.6 95.5974
13242.9 95.596
13243.3 95.5946
13243.7 95.5932
13244 95.5917
13244.4 95.5902
13244.8 95.5887
13245.1 95.5873
13245.5 95.5864
13245.8 95.5851
13246.2 95.5838
13246.6 95.5826
13246.9 95.5813
13247.3 95.5795
13247.7 95.5784
13248 95.5772
13248.4 95.5761
13248.8 95.575
13249.1 95.5739
13249.5 95.5728
13249.9 95.5717
13250.2 95.5706
13250.6 95.5695
13251 95.5684
13251.3 95.5673
13251.7 95.5662
13252.1 95.5657
13252.4 95.5646
13252.8 95.5635
13253.2 95.5624
13253.5 95.5607
13253.9 95.5596
13254.3 95.5584
13254.6 95.5574
13255 95.5563
13255.4 95.5552
13255.7 95.5541
13256.1 95.553
13256.5 95.552
13256.8 95.551
13257.2 95.55
13257.6 95.5491
13257.9 95.5481
13258.3 95.5472
13258.7 95.5467
13259 95.5458
13259.4 95.5449
13259.8 95.5435
13260.1 95.5426
13260.5 95.5418
13260.9 95.5409
13261.2 95.54
13261.6 95.5391
13262 95.5381
13262.3 95.5372
13262.7 95.5363
13263.1 95.5353
13263.4 95.5344
13263.8 95.5335
13264.2 95.5326
13264.5 95.5317
13264.9 95.5308
13265.3 95.5298
13265.6 95.5289
13266 95.527
13266.4 95.5262
13266.7 95.5254
13267.1 95.5246
13267.5 95.5238
13267.8 95.523
13268.2 95.5221
13268.6 95.5212
13268.9 95.5203
13269.3 95.5194
13269.7 95.5185
13270 95.5175
13270.4 95.5165
13270.8 95.5156
13271.1 95.5146
13271.5 95.5137
13271.8 95.5123
13272.2 95.5115
13272.6 95.5109
13272.9 95.5103
13273.3 95.5097
13273.7 95.5092
13274 95.5087
13274.4 95.5082
13274.8 95.5077
13275.1 95.5073
13275.5 95.5069
13275.9 95.5064
13276.2 95.506
13276.6 95.5055
13277 95.505
13277.3 95.5044
13277.7 95.5038
13278.1 95.5032
13278.4 95.5025
13278.8 95.5018
13279.2 95.5011
13279.5 95.5003
13279.9 95.4996
13280.3 95.4988
13280.6 95.4981
13281 95.4974
13281.4 95.4966
13281.7 95.4959
13282.1 95.4952
13282.5 95.4944
13282.8 95.4937
13283.2 95.493
13283.6 95.4923
13283.9 95.4916
13284.3 95.49
13284.7 95.4891
13285 95.4884
13285.4 95.4877
13285.8 95.4871
13286.1 95.4865
13286.5 95.486
13286.9 95.4854
13287.2 95.4848
13287.6 95.4843
13288 95.4837
13288.3 95.4832
13288.7 95.4826
13289.1 95.4821
13289.4 95.4814
13289.8 95.4807
13290.2 95.48
13290.5 95.4783
13290.9 95.4774
13291.3 95.4765
13291.6 95.4756
13292 95.4746
13292.4 95.4735
13292.7 95.4724
13293.1 95.4713
13293.5 95.4701
13293.8 95.4689
13294.2 95.4678
13294.6 95.4666
13294.9 95.4653
13295.3 95.4641
13295.7 95.4629
13296 95.4617
13296.4 95.4605
13296.8 95.4584
13297.1 95.4573
13297.5 95.4562
13297.9 95.4554
13298.2 95.4543
13298.6 95.4534
13298.9 95.4524
13299.3 95.4516
13299.7 95.4508
13300 95.45
13300.4 95.4494
13300.8 95.4488
13301.1 95.4483
13301.5 95.4478
13301.9 95.4474
13302.2 95.4471
13302.6 95.4468
13303 95.4462
13303.3 95.4461
13303.7 95.446
13304.1 95.446
13304.4 95.4457
13304.8 95.4457
13305.2 95.4458
13305.5 95.4458
13305.9 95.4458
13306.3 95.4458
13306.6 95.4458
13307 95.4457
13307.4 95.4457
13307.7 95.4455
13308.1 95.4454
13308.5 95.4452
13308.8 95.4448
13309.2 95.4446
13309.6 95.4442
13309.9 95.4439
13310.3 95.4435
13310.7 95.4432
13311 95.4427
13311.4 95.4423
13311.8 95.4417
13312.1 95.4412
13312.5 95.4406
13312.9 95.44
13313.2 95.4394
13313.6 95.4388
13314 95.4381
13314.3 95.4374
13314.7 95.4367
13315.1 95.4355
13315.4 95.4347
13315.8 95.4339
13316.2 95.4331
13316.5 95.4323
13316.9 95.4315
13317.3 95.4309
13317.6 95.4301
13318 95.4294
13318.4 95.4287
13318.7 95.428
13319.1 95.4273
13319.5 95.4266
13319.8 95.4259
13320.2 95.4252
13320.6 95.4245
13320.9 95.4239
13321.3 95.4226
13321.7 95.422
13322 95.4214
13322.4 95.4208
13322.8 95.4202
13323.1 95.4197
13323.5 95.4192
13323.9 95.4186
13324.2 95.4181
13324.6 95.4177
13325 95.4173
13325.3 95.417
13325.7 95.4166
13326 95.4163
13326.4 95.4161
13326.8 95.4158
13327.1 95.4156
13327.5 95.4152
13327.9 95.415
13328.2 95.4149
13328.6 95.4148
13329 95.4148
13329.3 95.4147
13329.7 95.4147
13330.1 95.4147
13330.4 95.4145
13330.8 95.4146
13331.2 95.4147
13331.5 95.4148
13331.9 95.4149
13332.3 95.415
13332.6 95.4152
13333 95.4153
13333.4 95.4155
13333.7 95.4156
13334.1 95.4159
13334.5 95.4161
13334.8 95.4164
13335.2 95.4166
13335.6 95.4169
13335.9 95.4172
13336.3 95.4175
13336.7 95.4177
13337 95.418
13337.4 95.4183
13337.8 95.4186
13338.1 95.4188
13338.5 95.4191
13338.9 95.4193
13339.2 95.4196
13339.6 95.4202
13340 95.4204
13340.3 95.4207
13340.7 95.421
13341.1 95.4213
13341.4 95.4217
13341.8 95.422
13342.2 95.4224
13342.5 95.4229
13342.9 95.4234
13343.3 95.424
13343.6 95.4243
13344 95.4249
13344.4 95.4256
13344.7 95.4264
13345.1 95.4272
13345.5 95.428
13345.8 95.4292
13346.2 95.4301
13346.6 95.431
13346.9 95.4318
13347.3 95.4326
13347.7 95.4334
13348 95.434
13348.4 95.4346
13348.8 95.4351
13349.1 95.4355
13349.5 95.4358
13349.9 95.436
13350.2 95.4362
13350.6 95.4364
13351 95.4365
13351.3 95.4365
13351.7 95.4364
13352 95.4365
13352.4 95.4364
13352.8 95.4363
13353.1 95.4362
13353.5 95.4361
13353.9 95.4359
13354.2 95.4358
13354.6 95.4357
13355 95.4356
13355.3 95.4356
13355.7 95.4355
13356.1 95.4355
13356.4 95.4358
13356.8 95.4358
13357.2 95.4359
13357.5 95.4359
13357.9 95.436
13358.3 95.4364
13358.6 95.4365
13359 95.4366
13359.4 95.4367
13359.7 95.4368
13360.1 95.4369
13360.5 95.437
13360.8 95.4371
13361.2 95.4372
13361.6 95.4372
13361.9 95.4372
13362.3 95.4372
13362.7 95.4371
13363 95.4371
13363.4 95.437
13363.8 95.4368
13364.1 95.4366
13364.5 95.4364
13364.9 95.4362
13365.2 95.4361
13365.6 95.4359
13366 95.4358
13366.3 95.4358
13366.7 95.4358
13367.1 95.4358
13367.4 95.4359
13367.8 95.4361
13368.2 95.4362
13368.5 95.4364
13368.9 95.4367
13369.3 95.437
13369.6 95.4373
13370 95.4376
13370.4 95.4382
13370.7 95.4385
13371.1 95.4388
13371.5 95.439
13371.8 95.4393
13372.2 95.4395
13372.6 95.4398
13372.9 95.4399
13373.3 95.4401
13373.7 95.4402
13374 95.4403
13374.4 95.4403
13374.8 95.4404
13375.1 95.4404
13375.5 95.4405
13375.9 95.4405
13376.2 95.4408
13376.6 95.4411
13377 95.4412
13377.3 95.4412
13377.7 95.4413
13378.1 95.4414
13378.4 95.4416
13378.8 95.4418
13379.1 95.442
13379.5 95.4423
13379.9 95.4427
13380.2 95.4431
13380.6 95.4436
13381 95.4442
13381.3 95.4448
13381.7 95.4454
13382.1 95.4462
13382.4 95.4464
13382.8 95.4473
13383.2 95.4481
13383.5 95.4489
13383.9 95.4497
13384.3 95.4505
13384.6 95.4513
13385 95.4521
13385.4 95.4529
13385.7 95.4537
13386.1 95.4545
13386.5 95.4552
13386.8 95.456
13387.2 95.4567
13387.6 95.4575
13387.9 95.4582
13388.3 95.459
13388.7 95.4597
13389 95.4603
13389.4 95.461
13389.8 95.4616
13390.1 95.4623
13390.5 95.463
13390.9 95.4636
13391.2 95.4642
13391.6 95.4648
13392 95.4654
13392.3 95.466
13392.7 95.4665
13393.1 95.4671
13393.4 95.4676
13393.8 95.4682
13394.2 95.4687
13394.5 95.4692
13394.9 95.4698
13395.3 95.4704
13395.6 95.4705
13396 95.471
13396.4 95.4714
13396.7 95.4718
13397.1 95.4722
13397.5 95.4725
13397.8 95.4728
13398.2 95.473
13398.6 95.4732
13398.9 95.4734
13399.3 95.4735
13399.7 95.4737
13400 95.4738
13400.4 95.4739
13400.8 95.4741
13401.1 95.4742
13401.5 95.4743
13401.9 95.4744
13402.2 95.4744
13402.6 95.4745
13403 95.4746
13403.3 95.4747
13403.7 95.4748
13404.1 95.4749
13404.4 95.475
13404.8 95.475
13405.2 95.475
13405.5 95.475
13405.9 95.475
13406.2 95.4749
13406.6 95.4749
13407 95.4748
13407.3 95.4746
13407.7 95.4745
13408.1 95.4744
13408.4 95.4743
13408.8 95.4742
13409.2 95.4741
13409.5 95.4741
13409.9 95.4741
13410.3 95.4741
13410.6 95.4742
13411 95.4743
13411.4 95.4744
13411.7 95.4746
13412.1 95.4747
13412.5 95.4749
13412.8 95.4752
13413.2 95.4754
13413.6 95.4758
13413.9 95.4761
13414.3 95.4763
13414.7 95.4764
13415 95.4766
13415.4 95.4768
13415.8 95.4769
13416.1 95.4769
13416.5 95.4769
13416.9 95.4769
13417.2 95.4769
13417.6 95.4768
13418 95.4767
13418.3 95.4766
13418.7 95.4766
13419.1 95.4765
13419.4 95.4765
13419.8 95.4767
13420.2 95.4768
13420.5 95.4768
13420.9 95.4769
13421.3 95.477
13421.6 95.4773
13422 95.4774
13422.4 95.4775
13422.7 95.4776
13423.1 95.4777
13423.5 95.4778
13423.8 95.4779
13424.2 95.478
13424.6 95.478
13424.9 95.478
13425.3 95.478
13425.7 95.4779
13426 95.4777
13426.4 95.4776
13426.8 95.4774
13427.1 95.4772
13427.5 95.477
13427.9 95.4768
13428.2 95.4767
13428.6 95.4765
13429 95.4763
13429.3 95.4761
13429.7 95.4759
13430.1 95.4757
13430.4 95.4754
13430.8 95.4752
13431.2 95.4749
13431.5 95.4746
13431.9 95.4743
13432.3 95.4741
13432.6 95.4737
13433 95.4733
13433.3 95.473
13433.7 95.4726
13434.1 95.4722
13434.4 95.4718
13434.8 95.4719
13435.2 95.4715
13435.5 95.4712
13435.9 95.4708
13436.3 95.4704
13436.6 95.47
13437 95.4696
13437.4 95.4693
13437.7 95.4689
13438.1 95.4687
13438.5 95.4684
13438.8 95.4681
13439.2 95.4677
13439.6 95.4674
13439.9 95.4671
13440.3 95.4668
13440.7 95.4665
13441 95.4662
13441.4 95.4664
13441.8 95.4661
13442.1 95.4658
13442.5 95.4655
13442.9 95.4652
13443.2 95.4649
13443.6 95.4646
13444 95.4643
13444.3 95.4641
13444.7 95.4638
13445.1 95.4636
13445.4 95.4633
13445.8 95.4631
13446.2 95.463
13446.5 95.4628
13446.9 95.4627
13447.3 95.4627
13447.6 95.4627
13448 95.4628
13448.4 95.4628
13448.7 95.4628
13449.1 95.4629
13449.5 95.4629
13449.8 95.4629
13450.2 95.4629
13450.6 95.4629
13450.9 95.4629
13451.3 95.4628
13451.7 95.4626
13452 95.4625
13452.4 95.4623
13452.8 95.4621
13453.1 95.4618
13453.5 95.4616
13453.9 95.4613
13454.2 95.4614
13454.6 95.4612
13455 95.461
13455.3 95.4608
13455.7 95.4606
13456.1 95.4604
13456.4 95.4601
13456.8 95.4603
13457.2 95.4601
13457.5 95.46
13457.9 95.4598
13458.3 95.4596
13458.6 95.4595
13459 95.4594
13459.3 95.4593
13459.7 95.4592
13460.1 95.4591
13460.4 95.459
13460.8 95.4595
13461.2 95.4595
13461.5 95.4594
13461.9 95.4593
13462.3 95.4592
13462.6 95.4591
13463 95.4595
13463.4 95.4593
13463.7 95.4591
13464.1 95.4589
13464.5 95.4587
13464.8 95.4585
13465.2 95.4582
13465.6 95.4579
13465.9 95.4577
13466.3 95.4574
13466.7 95.4571
13467 95.4568
13467.4 95.457
13467.8 95.4567
13468.1 95.4564
13468.5 95.4562
13468.9 95.4559
13469.2 95.4558
13469.6 95.4555
13470 95.4553
13470.3 95.455
13470.7 95.4548
13471.1 95.4545
13471.4 95.4543
13471.8 95.454
13472.2 95.4537
13472.5 95.4534
13472.9 95.4531
13473.3 95.4527
13473.6 95.4523
13474 95.4524
13474.4 95.452
13474.7 95.4516
13475.1 95.4512
13475.5 95.4508
13475.8 95.4504
13476.2 95.45
13476.6 95.4496
13476.9 95.4492
13477.3 95.4489
13477.7 95.4486
13478 95.4483
13478.4 95.4481
13478.8 95.4478
13479.1 95.4476
13479.5 95.4474
13479.9 95.4473
13480.2 95.4471
13480.6 95.4475
13481 95.4474
13481.3 95.4477
13481.7 95.4477
13482.1 95.4476
13482.4 95.4475
13482.8 95.4475
13483.2 95.4474
13483.5 95.4474
13483.9 95.4473
13484.3 95.4472
13484.6 95.447
13485 95.4469
13485.4 95.4467
13485.7 95.4465
13486.1 95.4462
13486.4 95.4458
13486.8 95.4453
13487.2 95.4453
13487.5 95.4445
13487.9 95.4437
13488.3 95.4429
13488.6 95.442
13489 95.4409
13489.4 95.4398
13489.7 95.4387
13490.1 95.4374
13490.5 95.4361
13490.8 95.4348
13491.2 95.4334
13491.6 95.432
13491.9 95.4306
13492.3 95.4293
13492.7 95.428
13493 95.4268
13493.4 95.4262
13493.8 95.4247
13494.1 95.4238
13494.5 95.423
13494.9 95.4223
13495.2 95.4217
13495.6 95.4211
13496 95.4206
13496.3 95.4202
13496.7 95.4198
13497.1 95.4194
13497.4 95.4191
13497.8 95.4188
13498.2 95.4186
13498.5 95.4183
13498.9 95.418
13499.3 95.4178
13499.6 95.4174
13500 95.4179
13500.4 95.4176
13500.7 95.4172
13501.1 95.4169
13501.5 95.4165
13501.8 95.416
13502.2 95.4156
13502.6 95.4151
13502.9 95.4146
13503.3 95.4141
13503.7 95.4135
13504 95.4129
13504.4 95.4123
13504.8 95.4117
13505.1 95.4111
13505.5 95.4104
13505.9 95.4095
13506.2 95.4087
13506.6 95.4083
13507 95.4075
13507.3 95.4065
13507.7 95.4055
13508.1 95.4045
13508.4 95.4034
13508.8 95.4023
13509.2 95.401
13509.5 95.3997
13509.9 95.3984
13510.3 95.3969
13510.6 95.3954
13511 95.3938
13511.4 95.3922
13511.7 95.3905
13512.1 95.3872
13512.5 95.3854
13512.8 95.3837
13513.2 95.3822
13513.5 95.3806
13513.9 95.379
13514.3 95.3774
13514.6 95.3758
13515 95.3743
13515.4 95.3728
13515.7 95.3713
13516.1 95.3699
13516.5 95.3684
13516.8 95.367
13517.2 95.3655
13517.6 95.3641
13517.9 95.3627
13518.3 95.36
13518.7 95.3585
13519 95.357
13519.4 95.3554
13519.8 95.3541
13520.1 95.3524
13520.5 95.3506
13520.9 95.3488
13521.2 95.3469
13521.6 95.345
13522 95.343
13522.3 95.3409
13522.7 95.3388
13523.1 95.3368
13523.4 95.3347
13523.8 95.3326
13524.2 95.3306
13524.5 95.3274
13524.9 95.3255
13525.3 95.3236
13525.6 95.3218
13526 95.3208
13526.4 95.319
13526.7 95.3173
13527.1 95.3156
13527.5 95.3139
13527.8 95.3123
13528.2 95.3107
13528.6 95.3091
13528.9 95.3075
13529.3 95.306
13529.7 95.3044
13530 95.3029
13530.4 95.3013
13530.8 95.2988
13531.1 95.2973
13531.5 95.2958
13531.9 95.2943
13532.2 95.2928
13532.6 95.2919
13533 95.2904
13533.3 95.2889
13533.7 95.2875
13534.1 95.286
13534.4 95.2845
13534.8 95.283
13535.2 95.2814
13535.5 95.2799
13535.9 95.2783
13536.3 95.2767
13536.6 95.2751
13537 95.2725
13537.4 95.2708
13537.7 95.2691
13538.1 95.2675
13538.5 95.2658
13538.8 95.2642
13539.2 95.2632
13539.5 95.2616
13539.9 95.26
13540.3 95.2585
13540.6 95.257
13541 95.2555
13541.4 95.2541
13541.7 95.2527
13542.1 95.2513
13542.5 95.25
13542.8 95.2477
13543.2 95.2463
13543.6 95.245
13543.9 95.2437
13544.3 95.2423
13544.7 95.241
13545 95.2396
13545.4 95.2382
13545.8 95.2372
13546.1 95.2357
13546.5 95.2343
13546.9 95.2328
13547.2 95.2313
13547.6 95.2298
13548 95.2283
13548.3 95.2268
13548.7 95.2253
13549.1 95.2228
13549.4 95.2214
13549.8 95.2201
13550.2 95.2188
13550.5 95.2176
13550.9 95.2164
13551.3 95.2152
13551.6 95.214
13552 95.2128
13552.4 95.2121
13552.7 95.211
13553.1 95.2098
13553.5 95.2087
13553.8 95.2075
13554.2 95.2063
13554.6 95.2051
13554.9 95.2039
13555.3 95.2022
13555.7 95.201
13556 95.1999
13556.4 95.1987
13556.8 95.1975
13557.1 95.1963
13557.5 95.1952
13557.9 95.194
13558.2 95.1929
13558.6 95.1925
13559 95.1914
13559.3 95.1903
13559.7 95.1893
13560.1 95.1882
13560.4 95.1872
13560.8 95.1862
13561.2 95.1852
13561.5 95.1839
13561.9 95.1828
13562.3 95.1818
13562.6 95.1808
13563 95.1797
13563.4 95.1786
13563.7 95.1775
13564.1 95.1764
13564.5 95.1751
13564.8 95.1739
13565.2 95.1731
13565.6 95.1718
13565.9 95.1704
13566.3 95.1689
13566.6 95.1674
13567 95.1658
13567.4 95.1642
13567.7 95.1618
13568.1 95.1601
13568.5 95.1585
13568.8 95.1568
13569.2 95.1552
13569.6 95.1536
13569.9 95.1519
13570.3 95.1504
13570.7 95.1488
13571 95.1473
13571.4 95.1459
13571.8 95.1454
13572.1 95.144
13572.5 95.1427
13572.9 95.1413
13573.2 95.14
13573.6 95.1384
13574 95.1372
13574.3 95.136
13574.7 95.1348
13575.1 95.1338
13575.4 95.1327
13575.8 95.1317
13576.2 95.1308
13576.5 95.1298
13576.9 95.1289
13577.3 95.128
13577.6 95.1271
13578 95.1262
13578.4 95.1258
13578.7 95.1249
13579.1 95.1239
13579.5 95.123
13579.8 95.1217
13580.2 95.1207
13580.6 95.1197
13580.9 95.1186
13581.3 95.1176
13581.7 95.1164
13582 95.1153
13582.4 95.1141
13582.8 95.1128
13583.1 95.1115
13583.5 95.1101
13583.9 95.1087
13584.2 95.1072
13584.6 95.1057
13585 95.1047
13585.3 95.1031
13585.7 95.1015
13586.1 95.0987
13586.4 95.097
13586.8 95.0953
13587.2 95.0936
13587.5 95.0919
13587.9 95.0902
13588.3 95.0886
13588.6 95.0869
13589 95.0853
13589.4 95.0837
13589.7 95.082
13590.1 95.0804
13590.5 95.0789
13590.8 95.0773
13591.2 95.0758
13591.6 95.0748
13591.9 95.0734
13592.3 95.0711
13592.7 95.0697
13593 95.0684
13593.4 95.0671
13593.7 95.0658
13594.1 95.0645
13594.5 95.0633
13594.8 95.0621
13595.2 95.0608
13595.6 95.0597
13595.9 95.0585
13596.3 95.0573
13596.7 95.0562
13597 95.0551
13597.4 95.0539
13597.8 95.0535
13598.1 95.0524
13598.5 95.0508
13598.9 95.0498
13599.2 95.0487
13599.6 95.0477
13600 95.0466
13600.3 95.0455
13600.7 95.0445
13601.1 95.0434
13601.4 95.0422
13601.8 95.0411
13602.2 95.0399
13602.5 95.0386
13602.9 95.0373
13603.3 95.036
13603.6 95.0347
13604 95.0333
13604.4 95.0325
13604.7 95.0303
13605.1 95.0288
13605.5 95.0274
13605.8 95.026
13606.2 95.0247
13606.6 95.0234
13606.9 95.0222
13607.3 95.021
13607.7 95.02
13608 95.019
13608.4 95.0181
13608.8 95.0173
13609.1 95.0165
13609.5 95.0157
13609.9 95.0149
13610.2 95.0142
13610.6 95.0129
13611 95.0125
13611.3 95.0117
13611.7 95.0109
13612.1 95.0101
13612.4 95.0093
13612.8 95.0084
13613.2 95.0075
13613.5 95.0065
13613.9 95.0055
13614.3 95.0044
13614.6 95.0033
13615 95.0021
13615.4 95.0008
13615.7 94.9994
13616.1 94.998
13616.5 94.9964
13616.8 94.9939
13617.2 94.9922
13617.6 94.9911
13617.9 94.9893
13618.3 94.9874
13618.7 94.9855
13619 94.9836
13619.4 94.9816
13619.8 94.9796
13620.1 94.9776
13620.5 94.9757
13620.8 94.9737
13621.2 94.9718
13621.6 94.97
13621.9 94.9682
13622.3 94.9664
13622.7 94.9647
13623 94.9623
13623.4 94.9609
13623.8 94.9595
13624.1 94.9589
13624.5 94.9577
13624.9 94.9566
13625.2 94.9557
13625.6 94.9547
13626 94.9539
13626.3 94.9531
13626.7 94.9524
13627.1 94.9518
13627.4 94.9512
13627.8 94.9507
13628.2 94.9502
13628.5 94.9497
13628.9 94.9493
13629.3 94.9489
13629.6 94.9485
13630 94.9481
13630.4 94.948
13630.7 94.9476
13631.1 94.9471
13631.5 94.9467
13631.8 94.9463
13632.2 94.9458
13632.6 94.9453
13632.9 94.9447
13633.3 94.9441
13633.7 94.9434
13634 94.9427
13634.4 94.942
13634.8 94.9412
13635.1 94.9405
13635.5 94.9394
13635.9 94.9386
13636.2 94.9379
13636.6 94.9371
13637 94.9369
13637.3 94.9361
13637.7 94.9354
13638.1 94.9346
13638.4 94.9339
13638.8 94.9332
13639.2 94.9325
13639.5 94.9318
13639.9 94.9311
13640.3 94.9304
13640.6 94.9298
13641 94.9291
13641.4 94.9283
13641.7 94.9276
13642.1 94.927
13642.5 94.9263
13642.8 94.9257
13643.2 94.925
13643.6 94.9248
13643.9 94.9242
13644.3 94.9235
13644.7 94.9229
13645 94.9222
13645.4 94.9215
13645.8 94.9208
13646.1 94.92
13646.5 94.9193
13646.8 94.9185
13647.2 94.9178
13647.6 94.9167
13647.9 94.916
13648.3 94.9152
13648.7 94.9144
13649 94.9137
13649.4 94.9129
13649.8 94.9122
13650.1 94.912
13650.5 94.9113
13650.9 94.9107
13651.2 94.91
13651.6 94.9094
13652 94.9088
13652.3 94.9083
13652.7 94.9078
13653.1 94.9073
13653.4 94.9068
13653.8 94.9064
13654.2 94.906
13654.5 94.9057
13654.9 94.9055
13655.3 94.9053
13655.6 94.9051
13656 94.905
13656.4 94.9049
13656.7 94.9049
13657.1 94.9049
13657.5 94.9048
13657.8 94.9048
13658.2 94.9048
13658.6 94.9048
13658.9 94.9048
13659.3 94.9048
13659.7 94.9048
13660 94.9049
13660.4 94.9049
13660.8 94.9049
13661.1 94.9048
13661.5 94.9047
13661.9 94.9046
13662.2 94.9045
13662.6 94.9043
13663 94.9041
13663.3 94.9041
13663.7 94.9038
13664.1 94.9034
13664.4 94.903
13664.8 94.9025
13665.2 94.902
13665.5 94.9015
13665.9 94.9009
13666.3 94.9002
13666.6 94.8996
13667 94.899
13667.4 94.8984
13667.7 94.8978
13668.1 94.8973
13668.5 94.8968
13668.8 94.8963
13669.2 94.8959
13669.6 94.8959
13669.9 94.8955
13670.3 94.8953
13670.7 94.8951
13671 94.895
13671.4 94.895
13671.8 94.8951
13672.1 94.8952
13672.5 94.8955
13672.9 94.8958
13673.2 94.8962
13673.6 94.8966
13673.9 94.897
13674.3 94.8975
13674.7 94.8979
13675 94.8983
13675.4 94.8988
13675.8 94.8992
13676.1 94.8993
13676.5 94.8996
13676.9 94.8999
13677.2 94.9002
13677.6 94.9004
13678 94.9006
13678.3 94.9008
13678.7 94.9009
13679.1 94.901
13679.4 94.9011
13679.8 94.9011
13680.2 94.9012
13680.5 94.9012
13680.9 94.9011
13681.3 94.9011
13681.6 94.901
13682 94.9008
13682.4 94.9007
13682.7 94.9005
13683.1 94.9003
13683.5 94.9001
13683.8 94.8999
13684.2 94.8996
13684.6 94.8992
13684.9 94.899
13685.3 94.8987
13685.7 94.8984
13686 94.8982
13686.4 94.898
13686.8 94.8977
13687.1 94.8975
13687.5 94.8974
13687.9 94.8972
13688.2 94.8971
13688.6 94.897
13689 94.8969
13689.3 94.8969
13689.7 94.8969
13690.1 94.8968
13690.4 94.8968
13690.8 94.8968
13691.2 94.8968
13691.5 94.8968
13691.9 94.8968
13692.3 94.8968
13692.6 94.8968
13693 94.8968
13693.4 94.8968
13693.7 94.8968
13694.1 94.8968
13694.5 94.8967
13694.8 94.8967
13695.2 94.8967
13695.6 94.8967
13695.9 94.8968
13696.3 94.8968
13696.7 94.8968
13697 94.897
13697.4 94.897
13697.8 94.897
13698.1 94.8971
13698.5 94.8971
13698.9 94.8972
13699.2 94.8973
13699.6 94.8975
13700 94.8976
13700.3 94.8978
13700.7 94.8979
13701 94.8981
13701.4 94.8984
13701.8 94.8986
13702.1 94.8989
13702.5 94.8991
13702.9 94.8994
13703.2 94.8999
13703.6 94.9001
13704 94.9003
13704.3 94.9004
13704.7 94.9006
13705.1 94.9008
13705.4 94.901
13705.8 94.9012
13706.2 94.9014
13706.5 94.9016
13706.9 94.9018
13707.3 94.9019
13707.6 94.9021
13708 94.9023
13708.4 94.9025
13708.7 94.9027
13709.1 94.903
13709.5 94.9031
13709.8 94.9031
13710.2 94.9031
13710.6 94.9031
13710.9 94.9031
13711.3 94.903
13711.7 94.9028
13712 94.9026
13712.4 94.9024
13712.8 94.9022
13713.1 94.9019
13713.5 94.9017
13713.9 94.9014
13714.2 94.9011
13714.6 94.9007
13715 94.9004
13715.3 94.9004
13715.7 94.9002
13716.1 94.9
13716.4 94.8998
13716.8 94.8998
13717.2 94.8998
13717.5 94.8998
13717.9 94.9
13718.3 94.9002
13718.6 94.9004
13719 94.9008
13719.4 94.9012
13719.7 94.9017
13720.1 94.9022
13720.5 94.9028
13720.8 94.9033
13721.2 94.9039
13721.6 94.905
13721.9 94.9055
13722.3 94.906
13722.7 94.9065
13723 94.907
13723.4 94.9075
13723.8 94.9079
13724.1 94.9082
13724.5 94.9086
13724.9 94.909
13725.2 94.9093
13725.6 94.9096
13726 94.91
13726.3 94.9104
13726.7 94.9107
13727 94.9111
13727.4 94.9115
13727.8 94.9125
13728.1 94.913
13728.5 94.9135
13728.9 94.914
13729.2 94.9146
13729.6 94.9152
13730 94.9158
13730.3 94.9164
13730.7 94.9171
13731.1 94.9178
13731.4 94.9185
13731.8 94.9192
13732.2 94.9199
13732.5 94.9206
13732.9 94.9212
13733.3 94.9219
13733.6 94.9225
13734 94.9238
13734.4 94.9244
13734.7 94.925
13735.1 94.9257
13735.5 94.9263
13735.8 94.9269
13736.2 94.9275
13736.6 94.9281
13736.9 94.9286
13737.3 94.9292
13737.7 94.9297
13738 94.9302
13738.4 94.9307
13738.8 94.9313
13739.1 94.9318
13739.5 94.9323
13739.9 94.9328
13740.2 94.9341
13740.6 94.9347
13741 94.9352
13741.3 94.936
13741.7 94.9366
13742.1 94.9372
13742.4 94.9377
13742.8 94.9383
13743.2 94.9389
13743.5 94.9394
13743.9 94.94
13744.3 94.9405
13744.6 94.9409
13745 94.9414
13745.4 94.9418
13745.7 94.9422
13746.1 94.9429
13746.5 94.9431
13746.8 94.9433
13747.2 94.9434
13747.6 94.9435
13747.9 94.9437
13748.3 94.9437
13748.7 94.9437
13749 94.9437
13749.4 94.9437
13749.8 94.9438
13750.1 94.9438
13750.5 94.9439
13750.9 94.9441
13751.2 94.9443
13751.6 94.9445
13752 94.9448
13752.3 94.9456
13752.7 94.946
13753.1 94.9465
13753.4 94.947
13753.8 94.9476
13754.1 94.9482
13754.5 94.9487
13754.9 94.9493
13755.2 94.9499
13755.6 94.9506
13756 94.9513
13756.3 94.952
13756.7 94.9527
13757.1 94.9534
13757.4 94.9541
13757.8 94.9549
13758.2 94.9556
13758.5 94.9567
13758.9 94.9575
13759.3 94.9582
13759.6 94.959
13760 94.9598
13760.4 94.9606
13760.7 94.9614
13761.1 94.9616
13761.5 94.9624
13761.8 94.9633
13762.2 94.9641
13762.6 94.965
13762.9 94.9658
13763.3 94.9667
13763.7 94.9675
13764 94.9684
13764.4 94.9692
13764.8 94.9701
13765.1 94.9708
13765.5 94.9715
13765.9 94.9721
13766.2 94.9727
13766.6 94.9732
13767 94.9737
13767.3 94.9741
13767.7 94.9742
13768.1 94.9746
13768.4 94.9749
13768.8 94.9753
13769.2 94.9756
13769.5 94.9759
13769.9 94.9762
13770.3 94.9764
13770.6 94.9767
13771 94.9772
13771.4 94.9775
13771.7 94.9778
13772.1 94.9781
13772.5 94.9784
13772.8 94.9786
13773.2 94.9789
13773.6 94.9791
13773.9 94.9794
13774.3 94.9796
13774.7 94.9797
13775 94.9799
13775.4 94.98
13775.8 94.9801
13776.1 94.9801
13776.5 94.9801
13776.9 94.9803
13777.2 94.9803
13777.6 94.9802
13778 94.9801
13778.3 94.9799
13778.7 94.9797
13779.1 94.9795
13779.4 94.9792
13779.8 94.9789
13780.2 94.9786
13780.5 94.9785
13780.9 94.9781
13781.2 94.9777
13781.6 94.9772
13782 94.9766
13782.3 94.9761
13782.7 94.9754
13783.1 94.9743
13783.4 94.9735
13783.8 94.9727
13784.2 94.9719
13784.5 94.971
13784.9 94.9702
13785.3 94.9693
13785.6 94.9684
13786 94.9675
13786.4 94.9666
13786.7 94.9658
13787.1 94.9654
13787.5 94.9645
13787.8 94.9637
13788.2 94.9629
13788.6 94.9621
13788.9 94.9613
13789.3 94.9602
13789.7 94.9594
13790 94.9586
13790.4 94.9579
13790.8 94.9572
13791.1 94.9565
13791.5 94.9558
13791.9 94.9552
13792.2 94.9547
13792.6 94.9541
13793 94.9536
13793.3 94.9532
13793.7 94.9531
13794.1 94.9527
13794.4 94.9523
13794.8 94.952
13795.2 94.9517
13795.5 94.9515
13795.9 94.9513
13796.3 94.9511
13796.6 94.951
13797 94.9509
13797.4 94.9508
13797.7 94.9507
13798.1 94.9506
13798.5 94.9506
13798.8 94.9505
13799.2 94.9504
13799.6 94.9504
13799.9 94.9503
13800.3 94.9505
13800.7 94.9504
13801 94.9503
13801.4 94.9501
13801.8 94.9502
13802.1 94.95
13802.5 94.9498
13802.9 94.9495
13803.2 94.9493
13803.6 94.949
13804 94.9487
13804.3 94.9483
13804.7 94.948
13805.1 94.9476
13805.4 94.9473
13805.8 94.9469
13806.2 94.9464
13806.5 94.9459
13806.9 94.9459
13807.3 94.9453
13807.6 94.9447
13808 94.9437
13808.3 94.9429
13808.7 94.9421
13809.1 94.9412
13809.4 94.9403
13809.8 94.9393
13810.2 94.9384
13810.5 94.9374
13810.9 94.9365
13811.3 94.9356
13811.6 94.9347
13812 94.9339
13812.4 94.9331
13812.7 94.9323
13813.1 94.9316
13813.5 94.9309
13813.8 94.9295
13814.2 94.9289
13814.6 94.9283
13814.9 94.9276
13815.3 94.927
13815.7 94.9264
13816 94.9257
13816.4 94.925
13816.8 94.9242
13817.1 94.9234
13817.5 94.9225
13817.9 94.9216
13818.2 94.9207
13818.6 94.9197
13819 94.9187
13819.3 94.9176
13819.7 94.9169
13820.1 94.9149
13820.4 94.9138
13820.8 94.9126
13821.2 94.9115
13821.5 94.9104
13821.9 94.9092
13822.3 94.9081
13822.6 94.9071
13823 94.9061
13823.4 94.9051
13823.7 94.9042
13824.1 94.9033
13824.5 94.9024
13824.8 94.9015
13825.2 94.9007
13825.6 94.8998
13825.9 94.899
13826.3 94.8982
13826.7 94.8974
13827 94.8966
13827.4 94.8958
13827.8 94.8949
13828.1 94.8941
13828.5 94.8932
13828.9 94.8922
13829.2 94.8913
13829.6 94.8903
13830 94.8894
13830.3 94.8884
13830.7 94.8874
13831.1 94.8863
13831.4 94.8853
13831.8 94.8841
13832.2 94.883
13832.5 94.8814
13832.9 94.8809
13833.3 94.8796
13833.6 94.8783
13834 94.8768
13834.3 94.8753
13834.7 94.8738
13835.1 94.8722
13835.4 94.8705
13835.8 94.8689
13836.2 94.8672
13836.5 94.8654
13836.9 94.8637
13837.3 94.8619
13837.6 94.8601
13838 94.8583
13838.4 94.8566
13838.7 94.8541
13839.1 94.8525
13839.5 94.8516
13839.8 94.8501
13840.2 94.8485
13840.6 94.8471
13840.9 94.8456
13841.3 94.8443
13841.7 94.8429
13842 94.8416
13842.4 94.8404
13842.8 94.8391
13843.1 94.8379
13843.5 94.8368
13843.9 94.8356
13844.2 94.8344
13844.6 94.8327
13845 94.8316
13845.3 94.8304
13845.7 94.8298
13846.1 94.8286
13846.4 94.8275
13846.8 94.8263
13847.2 94.8251
13847.5 94.824
13847.9 94.8229
13848.3 94.8218
13848.6 94.8207
13849 94.8196
13849.4 94.8186
13849.7 94.8176
13850.1 94.8167
13850.5 94.8157
13850.8 94.8142
13851.2 94.8132
13851.6 94.8123
13851.9 94.8114
13852.3 94.8109
13852.7 94.8099
13853 94.809
13853.4 94.808
13853.8 94.807
13854.1 94.806
13854.5 94.805
13854.9 94.8039
13855.2 94.8029
13855.6 94.8018
13856 94.8007
13856.3 94.7996
13856.7 94.7984
13857.1 94.7964
13857.4 94.7952
13857.8 94.794
13858.2 94.7927
13858.5 94.7914
13858.9 94.7905
13859.3 94.7892
13859.6 94.7879
13860 94.7866
13860.4 94.7854
13860.7 94.7842
13861.1 94.783
13861.4 94.7819
13861.8 94.7808
13862.2 94.7797
13862.5 94.7786
13862.9 94.7776
13863.3 94.7761
13863.6 94.7751
13864 94.7741
13864.4 94.7731
13864.7 94.7721
13865.1 94.771
13865.5 94.7705
13865.8 94.7694
13866.2 94.7683
13866.6 94.7672
13866.9 94.766
13867.3 94.7648
13867.7 94.7636
13868 94.7624
13868.4 94.7611
13868.8 94.7598
13869.1 94.7585
13869.5 94.7563
13869.9 94.755
13870.2 94.7538
13870.6 94.7526
13871 94.7514
13871.3 94.7502
13871.7 94.7491
13872.1 94.7484
13872.4 94.7473
13872.8 94.7463
13873.2 94.7453
13873.5 94.7443
13873.9 94.7433
13874.3 94.7424
13874.6 94.7414
13875 94.7405
13875.4 94.739
13875.7 94.738
13876.1 94.737
13876.5 94.7361
13876.8 94.7351
13877.2 94.7341
13877.6 94.7331
13877.9 94.7321
13878.3 94.7312
13878.7 94.7305
13879 94.7296
13879.4 94.7286
13879.8 94.7277
13880.1 94.7268
13880.5 94.7259
13880.9 94.7249
13881.2 94.724
13881.6 94.7223
13882 94.7213
13882.3 94.7203
13882.7 94.7192
13883.1 94.7181
13883.4 94.717
13883.8 94.7158
13884.2 94.7145
13884.5 94.7132
13884.9 94.7124
13885.3 94.711
13885.6 94.7095
13886 94.708
13886.4 94.7065
13886.7 94.7048
13887.1 94.7032
13887.5 94.7015
13887.8 94.6988
13888.2 94.697
13888.5 94.6952
13888.9 94.6934
13889.3 94.6916
13889.6 94.6898
13890 94.6881
13890.4 94.6863
13890.7 94.6846
13891.1 94.6829
13891.5 94.6822
13891.8 94.6805
13892.2 94.679
13892.6 94.6775
13892.9 94.676
13893.3 94.6746
13893.7 94.6731
13894 94.6712
13894.4 94.6698
13894.8 94.6685
13895.1 94.6671
13895.5 94.6658
13895.9 94.6644
13896.2 94.663
13896.6 94.6616
13897 94.6601
13897.3 94.6586
13897.7 94.6571
13898.1 94.6562
13898.4 94.6545
13898.8 94.6529
13899.2 94.6512
13899.5 94.6495
13899.9 94.6477
13900.3 94.6448
13900.6 94.643
13901 94.6412
13901.4 94.6394
13901.7 94.6375
13902.1 94.6355
13902.5 94.6336
13902.8 94.6316
13903.2 94.6295
13903.6 94.6274
13903.9 94.6253
13904.3 94.6231
13904.7 94.6213
13905 94.619
13905.4 94.6167
13905.8 94.6144
13906.1 94.612
13906.5 94.6077
13906.9 94.6053
13907.2 94.6029
13907.6 94.6005
13908 94.5981
13908.3 94.5959
13908.7 94.5937
13909.1 94.5916
13909.4 94.5896
13909.8 94.5876
13910.2 94.5858
13910.5 94.5839
13910.9 94.5822
13911.3 94.5812
13911.6 94.5796
13912 94.5781
13912.4 94.5758
13912.7 94.5744
13913.1 94.573
13913.5 94.5716
13913.8 94.5703
13914.2 94.5689
13914.5 94.5676
13914.9 94.5664
13915.3 94.5651
13915.6 94.5638
13916 94.5626
13916.4 94.5613
13916.7 94.56
13917.1 94.5588
13917.5 94.5582
13917.8 94.5569
13918.2 94.5555
13918.6 94.5534
13918.9 94.552
13919.3 94.5505
13919.7 94.5489
13920 94.5473
13920.4 94.5456
13920.8 94.5439
13921.1 94.542
13921.5 94.5401
13921.9 94.538
13922.2 94.5359
13922.6 94.5337
13923 94.5314
13923.3 94.5291
13923.7 94.5268
13924.1 94.5251
13924.4 94.5228
13924.8 94.519
13925.2 94.5168
13925.5 94.5147
13925.9 94.5127
13926.3 94.5108
13926.6 94.5089
13927 94.507
13927.4 94.5052
13927.7 94.5034
13928.1 94.5016
13928.5 94.4997
13928.8 94.4979
13929.2 94.4961
13929.6 94.4942
13929.9 94.4923
13930.3 94.4904
13930.7 94.4894
13931 94.4866
13931.4 94.4847
13931.8 94.4828
13932.1 94.4809
13932.5 94.479
13932.9 94.4771
13933.2 94.4753
13933.6 94.4735
13934 94.4717
13934.3 94.4699
13934.7 94.4681
13935.1 94.4663
13935.4 94.4646
13935.8 94.4628
13936.2 94.4611
13936.5 94.4594
13936.9 94.4577
13937.3 94.4564
13937.6 94.4547
13938 94.4531
13938.4 94.4515
13938.7 94.45
13939.1 94.4484
13939.5 94.447
13939.8 94.4455
13940.2 94.4441
13940.6 94.4427
13940.9 94.4414
13941.3 94.4401
13941.6 94.4389
13942 94.4376
13942.4 94.4364
13942.7 94.4352
13943.1 94.4336
13943.5 94.4324
13943.8 94.4319
13944.2 94.4307
13944.6 94.4295
13944.9 94.4283
13945.3 94.4272
13945.7 94.4259
13946 94.4247
13946.4 94.4235
13946.8 94.4222
13947.1 94.4209
13947.5 94.4196
13947.9 94.4182
13948.2 94.4168
13948.6 94.4154
13949 94.4139
13949.3 94.4114
13949.7 94.4099
13950.1 94.4083
13950.4 94.4074
13950.8 94.4058
13951.2 94.4042
13951.5 94.4026
13951.9 94.4011
13952.3 94.3995
13952.6 94.398
13953 94.3966
13953.4 94.3951
13953.7 94.3937
13954.1 94.3923
13954.5 94.391
13954.8 94.3897
13955.2 94.3885
13955.6 94.387
13955.9 94.3859
13956.3 94.3848
13956.7 94.3846
13957 94.3836
13957.4 94.3827
13957.8 94.3819
13958.1 94.3811
13958.5 94.3803
13958.9 94.3797
13959.2 94.3791
13959.6 94.3786
13960 94.3782
13960.3 94.3778
13960.7 94.3775
13961.1 94.3772
13961.4 94.377
13961.8 94.3771
13962.2 94.3769
13962.5 94.3767
13962.9 94.3766
13963.3 94.3768
13963.6 94.3767
13964 94.3765
13964.4 94.3764
13964.7 94.3762
13965.1 94.3761
13965.5 94.376
13965.8 94.3758
13966.2 94.3757
13966.6 94.3755
13966.9 94.3754
13967.3 94.3752
13967.7 94.3751
13968 94.375
13968.4 94.3748
13968.7 94.3745
13969.1 94.3742
13969.5 94.3739
13969.8 94.3739
13970.2 94.3735
13970.6 94.3731
13970.9 94.3727
13971.3 94.3722
13971.7 94.3717
13972 94.3711
13972.4 94.3705
13972.8 94.3699
13973.1 94.3693
13973.5 94.3686
13973.9 94.3679
13974.2 94.3671
13974.6 94.3664
13975 94.3656
13975.3 94.3648
13975.7 94.364
13976.1 94.3632
13976.4 94.3632
13976.8 94.3624
13977.2 94.3615
13977.5 94.3607
13977.9 94.3599
13978.3 94.359
13978.6 94.3582
13979 94.3573
13979.4 94.3565
13979.7 94.3556
13980.1 94.3548
13980.5 94.3539
13980.8 94.3531
13981.2 94.3522
13981.6 94.3514
13981.9 94.3506
13982.3 94.3497
13982.7 94.3489
13983 94.3489
13983.4 94.3481
13983.8 94.3472
13984.1 94.3464
13984.5 94.3456
13984.9 94.3448
13985.2 94.344
13985.6 94.3432
13986 94.3424
13986.3 94.3417
13986.7 94.3409
13987.1 94.3401
13987.4 94.3394
13987.8 94.3387
13988.2 94.338
13988.5 94.3373
13988.9 94.3367
13989.3 94.3369
13989.6 94.3363
13990 94.3358
13990.4 94.3354
13990.7 94.3349
13991.1 94.3345
13991.5 94.3342
13991.8 94.3339
13992.2 94.3336
13992.6 94.3337
13992.9 94.3334
13993.3 94.3332
13993.7 94.333
13994 94.3327
13994.4 94.3325
13994.8 94.3322
13995.1 94.3319
13995.5 94.3316
13995.8 94.3319
13996.2 94.3316
13996.6 94.3313
13996.9 94.331
13997.3 94.3307
13997.7 94.3303
13998 94.33
13998.4 94.3297
13998.8 94.3296
13999.1 94.3293
13999.5 94.329
13999.9 94.3286
14000.2 94.3283
14000.6 94.3279
14001 94.3275
14001.3 94.3272
14001.7 94.3268
14002.1 94.3264
14002.4 94.3265
14002.8 94.3261
14003.2 94.3256
14003.5 94.325
14003.9 94.3244
14004.3 94.3238
14004.6 94.3232
14005 94.3224
14005.4 94.3217
14005.7 94.321
14006.1 94.3204
14006.5 94.3197
14006.8 94.3191
14007.2 94.3185
14007.6 94.318
14007.9 94.3175
14008.3 94.317
14008.7 94.3166
14009 94.3168
14009.4 94.3165
14009.8 94.3162
14010.1 94.316
14010.5 94.3158
14010.9 94.3159
14011.2 94.3158
14011.6 94.3157
14012 94.3157
14012.3 94.3156
14012.7 94.3156
14013.1 94.3156
14013.4 94.3156
14013.8 94.3156
14014.2 94.3156
14014.5 94.3156
14014.9 94.3156
14015.3 94.3157
14015.6 94.3161
14016 94.3161
14016.4 94.3161
14016.7 94.3161
14017.1 94.3164
14017.5 94.3163
14017.8 94.3162
14018.2 94.3161
14018.6 94.3159
14018.9 94.3157
14019.3 94.3155
14019.7 94.3152
14020 94.315
14020.4 94.3147
14020.8 94.3144
14021.1 94.314
14021.5 94.3137
14021.8 94.3133
14022.2 94.3136
14022.6 94.3131
14022.9 94.3127
14023.3 94.3124
14023.7 94.3119
14024 94.3114
14024.4 94.3108
14024.8 94.3102
14025.1 94.3095
14025.5 94.3088
14025.9 94.3081
14026.2 94.3074
14026.6 94.3067
14027 94.3059
14027.3 94.3051
14027.7 94.3043
14028.1 94.3035
14028.4 94.3033
14028.8 94.3024
14029.2 94.3015
14029.5 94.3003
14029.9 94.2994
14030.3 94.2985
14030.6 94.2977
14031 94.297
14031.4 94.2962
14031.7 94.2956
14032.1 94.295
14032.5 94.2945
14032.8 94.2941
14033.2 94.2938
14033.6 94.2936
14033.9 94.2934
14034.3 94.2934
14034.7 94.2933
14035 94.2933
14035.4 94.2934
14035.8 94.2935
14036.1 94.2936
14036.5 94.2938
14036.9 94.2939
14037.2 94.2941
14037.6 94.2943
14038 94.2945
14038.3 94.2948
14038.7 94.295
14039.1 94.2953
14039.4 94.2956
14039.8 94.2959
14040.2 94.2962
14040.5 94.2966
14040.9 94.297
14041.3 94.2975
14041.6 94.2974
14042 94.2978
14042.4 94.2983
14042.7 94.2988
14043.1 94.2992
14043.5 94.2997
14043.8 94.3001
14044.2 94.3005
14044.6 94.3009
14044.9 94.3011
14045.3 94.3014
14045.7 94.3015
14046 94.3015
14046.4 94.3015
14046.8 94.3014
14047.1 94.3013
14047.5 94.301
14047.9 94.3008
14048.2 94.3008
14048.6 94.3005
14048.9 94.3002
14049.3 94.2999
14049.7 94.2996
14050 94.2993
14050.4 94.299
14050.8 94.2987
14051.1 94.2984
14051.5 94.2981
14051.9 94.2978
14052.2 94.2975
14052.6 94.2973
14053 94.297
14053.3 94.2968
14053.7 94.2966
14054.1 94.2967
14054.4 94.2966
14054.8 94.297
14055.2 94.2968
14055.5 94.2967
14055.9 94.2966
14056.3 94.2964
14056.6 94.2963
14057 94.2962
14057.4 94.2961
14057.7 94.296
14058.1 94.296
14058.5 94.2959
14058.8 94.2958
14059.2 94.2958
14059.6 94.2958
14059.9 94.2957
14060.3 94.2961
14060.7 94.2961
14061 94.2965
14061.4 94.2965
14061.8 94.2966
14062.1 94.2966
14062.5 94.2968
14062.9 94.2969
14063.2 94.2971
14063.6 94.2972
14064 94.2974
14064.3 94.2976
14064.7 94.2977
14065.1 94.2979
14065.4 94.2981
14065.8 94.2983
14066.2 94.2985
14066.5 94.2989
14066.9 94.2991
14067.3 94.2993
14067.6 94.2996
14068 94.2997
14068.4 94.2998
14068.7 94.2999
14069.1 94.3
14069.5 94.3001
14069.8 94.3002
14070.2 94.3003
14070.6 94.3005
14070.9 94.3006
14071.3 94.3007
14071.7 94.3009
14072 94.3011
14072.4 94.3013
14072.8 94.3021
14073.1 94.3024
14073.5 94.3027
14073.9 94.3031
14074.2 94.3036
14074.6 94.304
14075 94.3044
14075.3 94.3048
14075.7 94.3053
14076 94.3058
14076.4 94.3063
14076.8 94.3069
14077.1 94.3074
14077.5 94.3079
14077.9 94.3085
14078.2 94.309
14078.6 94.3099
14079 94.3104
14079.3 94.3109
14079.7 94.3115
14080.1 94.312
14080.4 94.3125
14080.8 94.3129
14081.2 94.3134
14081.5 94.314
14081.9 94.3146
14082.3 94.3152
14082.6 94.3159
14083 94.3166
14083.4 94.3173
14083.7 94.318
14084.1 94.3187
14084.5 94.3194
14084.8 94.3207
14085.2 94.3215
14085.6 94.3222
14085.9 94.3229
14086.3 94.3236
14086.7 94.3243
14087 94.3249
14087.4 94.3256
14087.8 94.3262
14088.1 94.3269
14088.5 94.3274
14088.9 94.328
14089.2 94.3285
14089.6 94.329
14090 94.3295
14090.3 94.3299
14090.7 94.3302
14091.1 94.3312
14091.4 94.3315
14091.8 94.3318
14092.2 94.3321
14092.5 94.3323
14092.9 94.3326
14093.3 94.3328
14093.6 94.3329
14094 94.3336
14094.4 94.3337
14094.7 94.3339
14095.1 94.3341
14095.5 94.3342
14095.8 94.3343
14096.2 94.3344
14096.6 94.3346
14096.9 94.3347
14097.3 94.3353
14097.7 94.3354
14098 94.3354
14098.4 94.3354
14098.8 94.3354
14099.1 94.3354
14099.5 94.3354
14099.9 94.3353
14100.2 94.3356
14100.6 94.3355
14101 94.3354
14101.3 94.3353
14101.7 94.3353
14102 94.3352
14102.4 94.3351
14102.8 94.3351
14103.1 94.3351
14103.5 94.3353
14103.9 94.3354
14104.2 94.3356
14104.6 94.3359
14105 94.3362
14105.3 94.3366
14105.7 94.3371
14106.1 94.3376
14106.4 94.3383
14106.8 94.3386
14107.2 94.3394
14107.5 94.3401
14107.9 94.341
14108.3 94.3418
14108.6 94.3427
14109 94.3435
14109.4 94.3444
14109.7 94.3457
14110.1 94.3465
14110.5 94.3472
14110.8 94.3479
14111.2 94.3486
14111.6 94.3491
14111.9 94.3496
14112.3 94.3501
14112.7 94.3504
14113 94.3506
14113.4 94.3507
14113.8 94.3509
14114.1 94.3509
14114.5 94.3508
14114.9 94.3506
14115.2 94.3503
14115.6 94.3497
14116 94.3492
14116.3 94.3486
14116.7 94.348
14117.1 94.3473
14117.4 94.3465
14117.8 94.3458
14118.2 94.345
14118.5 94.3442
14118.9 94.3435
14119.3 94.3427
14119.6 94.3419
14120 94.3415
14120.4 94.3408
14120.7 94.3401
14121.1 94.3395
14121.5 94.3389
14121.8 94.338
14122.2 94.3376
14122.6 94.3371
14122.9 94.3368
14123.3 94.3364
14123.7 94.3362
14124 94.3359
14124.4 94.3357
14124.8 94.3356
14125.1 94.3354
14125.5 94.3353
14125.9 94.3352
14126.2 94.3351
14126.6 94.335
14127 94.3349
14127.3 94.3348
14127.7 94.3347
14128.1 94.3343
14128.4 94.3342
14128.8 94.3341
14129.1 94.3339
14129.5 94.3338
14129.9 94.3336
14130.2 94.3334
14130.6 94.3332
14131 94.3329
14131.3 94.3326
14131.7 94.3323
14132.1 94.332
14132.4 94.3316
14132.8 94.3315
14133.2 94.331
14133.5 94.3306
14133.9 94.33
14134.3 94.3292
14134.6 94.3286
14135 94.328
14135.4 94.3273
14135.7 94.3265
14136.1 94.3257
14136.5 94.3249
14136.8 94.324
14137.2 94.3231
14137.6 94.3221
14137.9 94.3211
14138.3 94.32
14138.7 94.3188
14139 94.3175
14139.4 94.3169
14139.8 94.3155
14140.1 94.3141
14140.5 94.3119
14140.9 94.3103
14141.2 94.3087
14141.6 94.3071
14142 94.3055
14142.3 94.3039
14142.7 94.3023
14143.1 94.3007
14143.4 94.2991
14143.8 94.2975
14144.2 94.296
14144.5 94.2946
14144.9 94.2932
14145.3 94.2918
14145.6 94.2905
14146 94.2897
14146.4 94.2877
14146.7 94.2865
14147.1 94.2854
14147.5 94.2843
14147.8 94.2832
14148.2 94.2821
14148.6 94.2811
14148.9 94.28
14149.3 94.279
14149.7 94.278
14150 94.277
14150.4 94.2761
14150.8 94.2752
14151.1 94.2744
14151.5 94.2736
14151.9 94.2729
14152.2 94.2722
14152.6 94.2714
14153 94.2709
14153.3 94.2704
14153.7 94.27
14154.1 94.2697
14154.4 94.2694
14154.8 94.2691
14155.2 94.2689
14155.5 94.2687
14155.9 94.2685
14156.2 94.2683
14156.6 94.2681
14157 94.2679
14157.3 94.2676
14157.7 94.2673
14158.1 94.2669
14158.4 94.2665
14158.8 94.2658
14159.2 94.2656
14159.5 94.2651
14159.9 94.2645
14160.3 94.2638
14160.6 94.2632
14161 94.2624
14161.4 94.2616
14161.7 94.2608
14162.1 94.26
14162.5 94.2591
14162.8 94.2582
14163.2 94.2573
14163.6 94.2564
14163.9 94.2555
14164.3 94.2546
14164.7 94.2537
14165 94.2525
14165.4 94.2522
14165.8 94.2513
14166.1 94.2505
14166.5 94.2496
14166.9 94.2488
14167.2 94.248
14167.6 94.2471
14168 94.2463
14168.3 94.2454
14168.7 94.2445
14169.1 94.2436
14169.4 94.2426
14169.8 94.2416
14170.2 94.2406
14170.5 94.2395
14170.9 94.2383
14171.3 94.2363
14171.6 94.2349
14172 94.2339
14172.4 94.2324
14172.7 94.2308
14173.1 94.2291
14173.5 94.2273
14173.8 94.2256
14174.2 94.2237
14174.6 94.2218
14174.9 94.22
14175.3 94.2181
14175.7 94.2162
14176 94.2143
14176.4 94.2124
14176.8 94.2106
14177.1 94.2088
14177.5 94.2057
14177.9 94.2041
14178.2 94.2027
14178.6 94.2014
14179 94.2001
14179.3 94.1989
14179.7 94.1977
14180.1 94.1967
14180.4 94.1957
14180.8 94.1948
14181.2 94.194
14181.5 94.1933
14181.9 94.1925
14182.3 94.1919
14182.6 94.1912
14183 94.1907
14183.3 94.1897
14183.7 94.1892
14184.1 94.1888
14184.4 94.1883
14184.8 94.1879
14185.2 94.1875
14185.5 94.1871
14185.9 94.1866
14186.3 94.1861
14186.6 94.1857
14187 94.1852
14187.4 94.1847
14187.7 94.1842
14188.1 94.1837
14188.5 94.1832
14188.8 94.1827
14189.2 94.1822
14189.6 94.1812
14189.9 94.1807
14190.3 94.1801
14190.7 94.1795
14191 94.179
14191.4 94.1784
14191.8 94.1778
14192.1 94.1773
14192.5 94.1767
14192.9 94.1762
14193.2 94.1757
14193.6 94.1752
14194 94.1747
14194.3 94.1742
14194.7 94.1737
14195.1 94.1732
14195.4 94.1727
14195.8 94.1715
14196.2 94.171
14196.5 94.1705
14196.9 94.17
14197.3 94.1694
14197.6 94.1688
14198 94.1683
14198.4 94.1676
14198.7 94.167
14199.1 94.1664
14199.5 94.1658
14199.8 94.1652
14200.2 94.1646
14200.6 94.1639
14200.9 94.1633
14201.3 94.1627
14201.7 94.1621
14202 94.161
14202.4 94.1604
14202.8 94.1599
14203.1 94.1593
14203.5 94.1588
14203.9 94.1583
14204.2 94.1578
14204.6 94.1574
14205 94.1569
14205.3 94.1564
14205.7 94.156
14206.1 94.1555
14206.4 94.155
14206.8 94.1545
14207.2 94.154
14207.5 94.1535
14207.9 94.1529
14208.3 94.1522
14208.6 94.1516
14209 94.1511
14209.3 94.1506
14209.7 94.1501
14210.1 94.1496
14210.4 94.149
14210.8 94.1485
14211.2 94.1483
14211.5 94.1477
14211.9 94.1471
14212.3 94.1465
14212.6 94.1459
14213 94.1452
14213.4 94.1445
14213.7 94.1438
14214.1 94.1427
14214.5 94.1419
14214.8 94.1411
14215.2 94.1402
14215.6 94.1394
14215.9 94.1385
14216.3 94.1376
14216.7 94.1366
14217 94.1356
14217.4 94.1346
14217.8 94.1338
14218.1 94.1327
14218.5 94.1316
14218.9 94.1304
14219.2 94.1292
14219.6 94.128
14220 94.1268
14220.3 94.1246
14220.7 94.1233
14221.1 94.1221
14221.4 94.1208
14221.8 94.1196
14222.2 94.1184
14222.5 94.1172
14222.9 94.1161
14223.3 94.1149
14223.6 94.1138
14224 94.1126
14224.4 94.112
14224.7 94.1108
14225.1 94.1097
14225.5 94.1085
14225.8 94.1074
14226.2 94.1062
14226.6 94.1044
14226.9 94.1031
14227.3 94.1019
14227.7 94.1006
14228 94.0994
14228.4 94.0981
14228.8 94.0968
14229.1 94.0955
14229.5 94.0942
14229.9 94.0929
14230.2 94.0915
14230.6 94.0902
14231 94.0893
14231.3 94.088
14231.7 94.0866
14232.1 94.0852
14232.4 94.0838
14232.8 94.0816
14233.2 94.0802
14233.5 94.0787
14233.9 94.0773
14234.3 94.0759
14234.6 94.0744
14235 94.073
14235.4 94.0716
14235.7 94.0702
14236.1 94.0688
14236.4 94.0674
14236.8 94.066
14237.2 94.0652
14237.5 94.0638
14237.9 94.0625
14238.3 94.0612
14238.6 94.06
14239 94.0581
14239.4 94.0569
14239.7 94.0557
14240.1 94.0545
14240.5 94.0534
14240.8 94.0524
14241.2 94.0513
14241.6 94.0504
14241.9 94.0495
14242.3 94.0486
14242.7 94.0477
14243 94.0469
14243.4 94.0462
14243.8 94.0458
14244.1 94.045
14244.5 94.0443
14244.9 94.0436
14245.2 94.0424
14245.6 94.0416
14246 94.0408
14246.3 94.0399
14246.7 94.0391
14247.1 94.0382
14247.4 94.0373
14247.8 94.0363
14248.2 94.0353
14248.5 94.0343
14248.9 94.0333
14249.3 94.0322
14249.6 94.0312
14250 94.0301
14250.4 94.0294
14250.7 94.0284
14251.1 94.0267
14251.5 94.0257
14251.8 94.0248
14252.2 94.0238
14252.6 94.0228
14252.9 94.0219
14253.3 94.0209
14253.7 94.02
14254 94.0192
14254.4 94.0183
14254.8 94.0175
14255.1 94.0167
14255.5 94.0159
14255.9 94.0152
14256.2 94.0145
14256.6 94.0138
14257 94.0137
14257.3 94.013
14257.7 94.0124
14258.1 94.0117
14258.4 94.011
14258.8 94.0103
14259.2 94.0096
14259.5 94.0088
14259.9 94.0081
14260.3 94.0073
14260.6 94.0065
14261 94.0057
14261.4 94.0049
14261.7 94.004
14262.1 94.0032
14262.5 94.0023
14262.8 94.0015
14263.2 94.0007
14263.5 94.0003
14263.9 93.9995
14264.3 93.9987
14264.6 93.998
14265 93.9972
14265.4 93.9965
14265.7 93.9958
14266.1 93.9951
14266.5 93.9944
14266.8 93.9937
14267.2 93.993
14267.6 93.9924
14267.9 93.9917
14268.3 93.991
14268.7 93.9903
14269 93.9896
14269.4 93.9888
14269.8 93.9881
14270.1 93.988
14270.5 93.9872
14270.9 93.9864
14271.2 93.9855
14271.6 93.9846
14272 93.9837
14272.3 93.9828
14272.7 93.9818
14273.1 93.9808
14273.4 93.9798
14273.8 93.9787
14274.2 93.9777
14274.5 93.9766
14274.9 93.9756
14275.3 93.9745
14275.6 93.9734
14276 93.9724
14276.4 93.9724
14276.7 93.9714
14277.1 93.9703
14277.5 93.9692
14277.8 93.968
14278.2 93.9669
14278.6 93.9658
14278.9 93.9646
14279.3 93.9635
14279.7 93.9624
14280 93.9613
14280.4 93.9602
14280.8 93.9592
14281.1 93.9582
14281.5 93.9572
14281.9 93.9562
14282.2 93.9553
14282.6 93.9544
14283 93.9544
14283.3 93.9536
14283.7 93.9528
14284.1 93.952
14284.4 93.9511
14284.8 93.9503
14285.2 93.9495
14285.5 93.9486
14285.9 93.9478
14286.3 93.9469
14286.6 93.946
14287 93.9451
14287.4 93.9441
14287.7 93.9431
14288.1 93.9421
14288.5 93.941
14288.8 93.94
14289.2 93.939
14289.5 93.9389
14289.9 93.9379
14290.3 93.937
14290.6 93.936
14291 93.935
14291.4 93.9341
14291.7 93.9332
14292.1 93.9324
14292.5 93.9315
14292.8 93.9308
14293.2 93.93
14293.6 93.9293
14293.9 93.9286
14294.3 93.9281
14294.7 93.9274
14295 93.9268
14295.4 93.9262
14295.8 93.9256
14296.1 93.9258
14296.5 93.9252
14296.9 93.9246
14297.2 93.924
14297.6 93.9235
14298 93.9229
14298.3 93.9223
14298.7 93.9217
14299.1 93.9211
14299.4 93.9206
14299.8 93.92
14300.2 93.9194
14300.5 93.9191
14300.9 93.9186
14301.3 93.9181
14301.6 93.9177
14302 93.9172
14302.4 93.9168
14302.7 93.9171
14303.1 93.9167
14303.5 93.9164
14303.8 93.9162
14304.2 93.916
14304.6 93.9158
14304.9 93.9157
14305.3 93.9157
14305.7 93.9156
14306 93.9157
14306.4 93.9157
14306.8 93.9161
14307.1 93.9163
14307.5 93.9165
14307.9 93.9167
14308.2 93.917
14308.6 93.9173
14309 93.9174
14309.3 93.9177
14309.7 93.918
14310.1 93.9183
14310.4 93.9185
14310.8 93.9188
14311.2 93.919
14311.5 93.9191
14311.9 93.9192
14312.3 93.9192
14312.6 93.9192
14313 93.9191
14313.4 93.919
14313.7 93.9189
14314.1 93.9187
14314.5 93.9185
14314.8 93.9182
14315.2 93.918
14315.6 93.9181
14315.9 93.9178
14316.3 93.9175
14316.6 93.9172
14317 93.9169
14317.4 93.9165
14317.7 93.9161
14318.1 93.9157
14318.5 93.9153
14318.8 93.9152
14319.2 93.9148
14319.6 93.9144
14319.9 93.9139
14320.3 93.9134
14320.7 93.9129
14321 93.9124
14321.4 93.9119
14321.8 93.9115
14322.1 93.9119
14322.5 93.9115
14322.9 93.911
14323.2 93.9105
14323.6 93.9101
14324 93.9097
14324.3 93.9092
14324.7 93.9088
14325.1 93.909
14325.4 93.9086
14325.8 93.9083
14326.2 93.9079
14326.5 93.9076
14326.9 93.9072
14327.3 93.9069
14327.6 93.9066
14328 93.9063
14328.4 93.9061
14328.7 93.9067
14329.1 93.9065
14329.5 93.9063
14329.8 93.9061
14330.2 93.9059
14330.6 93.9058
14330.9 93.9057
14331.3 93.9063
14331.7 93.9062
14332 93.9062
14332.4 93.9062
14332.8 93.9062
14333.1 93.9063
14333.5 93.9064
14333.9 93.9065
14334.2 93.9067
14334.6 93.9068
14335 93.907
14335.3 93.9075
14335.7 93.9076
14336.1 93.9078
14336.4 93.9079
14336.8 93.908
14337.2 93.9081
14337.5 93.9084
14337.9 93.9084
14338.3 93.9084
14338.6 93.9083
14339 93.9082
14339.4 93.908
14339.7 93.9078
14340.1 93.9075
14340.5 93.9073
14340.8 93.9071
14341.2 93.9068
14341.6 93.9066
14341.9 93.907
14342.3 93.9069
14342.7 93.9067
14343 93.9066
14343.4 93.9066
14343.7 93.9071
14344.1 93.9071
14344.5 93.9072
14344.8 93.9072
14345.2 93.9073
14345.6 93.9074
14345.9 93.9075
14346.3 93.9076
14346.7 93.9077
14347 93.9079
14347.4 93.908
14347.8 93.9081
14348.1 93.9088
14348.5 93.909
14348.9 93.909
14349.2 93.9091
14349.6 93.9099
14350 93.9099
14350.3 93.9099
14350.7 93.9099
14351.1 93.9099
14351.4 93.9099
14351.8 93.9099
14352.2 93.9099
14352.5 93.9098
14352.9 93.9098
14353.3 93.9098
14353.6 93.9098
14354 93.9099
14354.4 93.9099
14354.7 93.9105
14355.1 93.9107
14355.5 93.9108
14355.8 93.9118
14356.2 93.912
14356.6 93.9123
14356.9 93.9126
14357.3 93.913
14357.7 93.9134
14358 93.9138
14358.4 93.9142
14358.8 93.9146
14359.1 93.915
14359.5 93.9155
14359.9 93.9159
14360.2 93.9163
14360.6 93.9166
14361 93.917
14361.3 93.9179
14361.7 93.9182
14362.1 93.9194
14362.4 93.9197
14362.8 93.92
14363.2 93.9203
14363.5 93.9206
14363.9 93.9209
14364.3 93.9213
14364.6 93.9216
14365 93.922
14365.4 93.9225
14365.7 93.923
14366.1 93.9235
14366.5 93.924
14366.8 93.9246
14367.2 93.9253
14367.6 93.9259
14367.9 93.9267
14368.3 93.9282
14368.7 93.9289
14369 93.9296
14369.4 93.9303
14369.8 93.931
14370.1 93.9317
14370.5 93.9323
14370.8 93.9329
14371.2 93.9336
14371.6 93.9342
14371.9 93.9348
14372.3 93.9354
14372.7 93.9359
14373 93.9365
14373.4 93.9371
14373.8 93.9377
14374.1 93.9383
14374.5 93.9398
14374.9 93.9404
14375.2 93.9411
14375.6 93.9417
14376 93.9423
14376.3 93.943
14376.7 93.9437
14377.1 93.9444
14377.4 93.9451
14377.8 93.9458
14378.2 93.9465
14378.5 93.9472
14378.9 93.9479
14379.3 93.9486
14379.6 93.9493
14380 93.9499
14380.4 93.9505
14380.7 93.9521
14381.1 93.9526
14381.5 93.9532
14381.8 93.9537
14382.2 93.9541
14382.6 93.9545
14382.9 93.9548
14383.3 93.9551
14383.7 93.9554
14384 93.9556
14384.4 93.9557
14384.8 93.9558
14385.1 93.9559
14385.5 93.9559
14385.9 93.9559
14386.2 93.9559
14386.6 93.9562
14387 93.9561
14387.3 93.9565
14387.7 93.9563
14388.1 93.9561
14388.4 93.9559
14388.8 93.9557
14389.2 93.9555
14389.5 93.9552
14389.9 93.955
14390.3 93.9547
14390.6 93.9544
14391 93.9541
14391.4 93.9539
14391.7 93.9536
14392.1 93.9533
14392.5 93.9531
14392.8 93.9533
14393.2 93.9532
14393.6 93.9531
14393.9 93.9535
14394.3 93.9535
14394.7 93.9535
14395 93.9536
14395.4 93.9537
14395.8 93.9539
14396.1 93.9541
14396.5 93.9543
14396.8 93.9547
14397.2 93.955
14397.6 93.9554
14397.9 93.9559
14398.3 93.9564
14398.7 93.957
14399 93.9584
14399.4 93.9591
14399.8 93.9598
14400.1 93.9606
14400.5 93.9615
14400.9 93.9624
14401.2 93.9633
14401.6 93.9643
14402 93.9653
14402.3 93.9664
14402.7 93.9675
14403.1 93.9688
14403.4 93.97
14403.8 93.9713
14404.2 93.9727
14404.5 93.974
14404.9 93.9753
14405.3 93.9775
14405.6 93.9788
14406 93.98
14406.4 93.9812
14406.7 93.9824
14407.1 93.9832
14407.5 93.9844
14407.8 93.9854
14408.2 93.9864
14408.6 93.9873
14408.9 93.9882
14409.3 93.989
14409.7 93.9898
14410 93.9905
14410.4 93.9912
14410.8 93.9918
14411.1 93.9925
14411.5 93.9937
14411.9 93.9942
14412.2 93.9948
14412.6 93.9953
14413 93.9958
14413.3 93.9963
14413.7 93.9968
14414.1 93.9972
14414.4 93.9976
14414.8 93.998
14415.2 93.9983
14415.5 93.9986
14415.9 93.9989
14416.3 93.9992
14416.6 93.9994
14417 93.9995
14417.4 94
14417.7 94.0001
14418.1 94.0002
14418.5 94.0002
14418.8 94.0002
14419.2 94.0002
14419.6 94.0002
14419.9 94.0005
14420.3 94.0004
14420.7 94.0003
14421 94.0002
14421.4 94.0001
14421.8 93.9999
14422.1 93.9998
14422.5 93.9997
14422.9 93.9995
14423.2 93.9994
14423.6 93.9995
14423.9 93.9994
14424.3 93.9993
14424.7 93.9992
14425 93.9991
14425.4 93.9991
14425.8 93.999
14426.1 93.9991
14426.5 93.9994
14426.9 93.9995
14427.2 93.9996
14427.6 93.9997
14428 93.9998
14428.3 94
14428.7 94.0001
14429.1 94.0003
14429.4 94.0005
14429.8 94.001
14430.2 94.0011
14430.5 94.0012
14430.9 94.0013
14431.3 94.0013
14431.6 94.0013
14432 94.0013
14432.4 94.0012
14432.7 94.001
14433.1 94.0011
14433.5 94.0008
14433.8 94.0006
14434.2 94.0003
14434.6 93.9999
14434.9 93.9996
14435.3 93.9993
14435.7 93.999
14436 93.9987
14436.4 93.9984
14436.8 93.9983
14437.1 93.9981
14437.5 93.9981
14437.9 93.998
14438.2 93.9981
14438.6 93.9981
14439 93.9983
14439.3 93.9984
14439.7 93.9988
14440.1 93.9991
14440.4 93.9993
14440.8 93.9997
14441.2 94
14441.5 94.0004
14441.9 94.0008
14442.3 94.0019
14442.6 94.0023
14443 94.0029
14443.4 94.0034
14443.7 94.004
14444.1 94.0045
14444.5 94.0051
14444.8 94.0058
14445.2 94.0064
14445.6 94.0071
14445.9 94.0078
14446.3 94.0082
14446.7 94.0089
14447 94.0096
14447.4 94.0104
14447.8 94.0112
14448.1 94.0123
14448.5 94.0132
14448.9 94.0142
14449.2 94.0151
14449.6 94.0161
14450 94.017
14450.3 94.0178
14450.7 94.0186
14451 94.0194
14451.4 94.02
14451.8 94.0206
14452.1 94.0211
14452.5 94.0211
14452.9 94.0215
14453.2 94.0217
14453.6 94.0219
14454 94.022
14454.3 94.0218
14454.7 94.0217
14455.1 94.0215
14455.4 94.0212
14455.8 94.0208
14456.2 94.0204
14456.5 94.0199
14456.9 94.0193
14457.3 94.0187
14457.6 94.0181
14458 94.0174
14458.4 94.0167
14458.7 94.0159
14459.1 94.0155
14459.5 94.0147
14459.8 94.0139
14460.2 94.0131
14460.6 94.0119
14460.9 94.0111
14461.3 94.0104
14461.7 94.0096
14462 94.0089
14462.4 94.0082
14462.8 94.0075
14463.1 94.0068
14463.5 94.0062
14463.9 94.0056
14464.2 94.0051
14464.6 94.0046
14465 94.0042
14465.3 94.0038
14465.7 94.0038
14466.1 94.0036
14466.4 94.0034
14466.8 94.0034
14467.2 94.0034
14467.5 94.0035
14467.9 94.0036
14468.3 94.0037
14468.6 94.004
14469 94.0043
14469.4 94.0046
14469.7 94.0051
14470.1 94.0055
14470.5 94.0061
14470.8 94.0066
14471.2 94.0073
14471.6 94.0079
14471.9 94.0086
14472.3 94.009
14472.7 94.0097
14473 94.0108
14473.4 94.0115
14473.8 94.0121
14474.1 94.0128
14474.5 94.0135
14474.9 94.0142
14475.2 94.0148
14475.6 94.0154
14476 94.0159
14476.3 94.0164
14476.7 94.0169
14477 94.0173
14477.4 94.0177
14477.8 94.0181
14478.1 94.0184
14478.5 94.0188
14478.9 94.019
14479.2 94.0196
14479.6 94.0199
14480 94.0203
14480.3 94.0207
14480.7 94.0212
14481.1 94.0217
14481.4 94.0222
14481.8 94.0228
14482.2 94.0235
14482.5 94.0241
14482.9 94.0248
14483.3 94.0256
14483.6 94.0264
14484 94.0272
14484.4 94.028
14484.7 94.0288
14485.1 94.0295
14485.5 94.0294
14485.8 94.03
14486.2 94.0307
14486.6 94.0313
14486.9 94.0318
14487.3 94.0323
14487.7 94.0328
14488 94.0332
14488.4 94.0336
14488.8 94.0341
14489.1 94.0345
14489.5 94.035
14489.9 94.0355
14490.2 94.0361
14490.6 94.0367
14491 94.0373
14491.3 94.0376
14491.7 94.0374
14492.1 94.038
14492.4 94.0387
14492.8 94.0393
14493.2 94.0399
14493.5 94.0404
14493.9 94.0409
14494.3 94.0414
14494.6 94.0418
14495 94.0422
14495.4 94.0425
14495.7 94.0428
14496.1 94.0431
14496.5 94.0434
14496.8 94.0435
14497.2 94.0437
14497.6 94.0435
14497.9 94.0435
14498.3 94.0432
14498.7 94.0432
14499 94.0432
14499.4 94.0432
14499.8 94.0431
14500.1 94.043
14500.5 94.0429
14500.9 94.0428
14501.2 94.0426
14501.6 94.0424
14502 94.0421
14502.3 94.0418
14502.7 94.0415
14503.1 94.041
14503.4 94.0406
14503.8 94.0396
14504.1 94.039
14504.5 94.0384
14504.9 94.0379
14505.2 94.0373
14505.6 94.0366
14506 94.0359
14506.3 94.0352
14506.7 94.0344
14507.1 94.0337
14507.4 94.0329
14507.8 94.0322
14508.2 94.0314
14508.5 94.0307
14508.9 94.0299
14509.3 94.0292
14509.6 94.0286
14510 94.0275
14510.4 94.027
14510.7 94.0264
14511.1 94.026
14511.5 94.0255
14511.8 94.0251
14512.2 94.0248
14512.6 94.0246
14512.9 94.0244
14513.3 94.0243
14513.7 94.0244
14514 94.0245
14514.4 94.0248
14514.8 94.0252
14515.1 94.0257
14515.5 94.0264
14515.9 94.0269
14516.2 94.0278
14516.6 94.0288
14517 94.0299
14517.3 94.0311
14517.7 94.0324
14518.1 94.0322
14518.4 94.0336
14518.8 94.035
14519.2 94.0364
14519.5 94.0377
14519.9 94.039
14520.3 94.0403
14520.6 94.0415
14521 94.0427
14521.4 94.0438
14521.7 94.0448
14522.1 94.0457
14522.5 94.0466
14522.8 94.0474
14523.2 94.0481
14523.6 94.0487
14523.9 94.0492
14524.3 94.049
14524.7 94.0493
14525 94.0495
14525.4 94.0496
14525.8 94.0496
14526.1 94.0494
14526.5 94.0492
14526.9 94.0488
14527.2 94.0484
14527.6 94.0479
14528 94.0473
14528.3 94.0458
14528.7 94.0451
14529.1 94.0443
14529.4 94.0435
14529.8 94.0428
14530.2 94.042
14530.5 94.0412
14530.9 94.0404
14531.2 94.0397
14531.6 94.039
14532 94.0382
14532.3 94.0375
14532.7 94.0369
14533.1 94.0362
14533.4 94.0356
14533.8 94.035
14534.2 94.0344
14534.5 94.0334
14534.9 94.0329
14535.3 94.0324
14535.6 94.032
14536 94.0315
14536.4 94.0311
14536.7 94.0307
14537.1 94.0304
14537.5 94.0299
14537.8 94.0296
14538.2 94.0293
14538.6 94.0291
14538.9 94.0289
14539.3 94.0287
14539.7 94.0285
14540 94.0283
14540.4 94.0282
14540.8 94.0276
14541.1 94.0275
14541.5 94.0274
14541.9 94.0272
14542.2 94.0271
14542.6 94.0269
14543 94.0267
14543.3 94.0265
14543.7 94.0263
14544.1 94.0258
14544.4 94.0256
14544.8 94.0253
14545.2 94.025
14545.5 94.0247
14545.9 94.0245
14546.3 94.0242
14546.6 94.0239
14547 94.0233
14547.4 94.0231
14547.7 94.0229
14548.1 94.0227
14548.5 94.0226
14548.8 94.0225
14549.2 94.0223
14549.6 94.0223
14549.9 94.0222
14550.3 94.0222
14550.7 94.0219
14551 94.0218
14551.4 94.0217
14551.8 94.0216
14552.1 94.0215
14552.5 94.0214
14552.9 94.0209
14553.2 94.0207
14553.6 94.0205
14554 94.0203
14554.3 94.0201
14554.7 94.0199
14555.1 94.0198
14555.4 94.0197
14555.8 94.0196
14556.2 94.0196
14556.5 94.0196
14556.9 94.0197
14557.3 94.0192
14557.6 94.0194
14558 94.0198
14558.3 94.0201
14558.7 94.0205
14559.1 94.0208
14559.4 94.0213
14559.8 94.0219
14560.2 94.0225
14560.5 94.0231
14560.9 94.0237
14561.3 94.0243
14561.6 94.025
14562 94.0256
14562.4 94.0262
14562.7 94.0268
14563.1 94.0274
14563.5 94.0275
14563.8 94.0281
14564.2 94.0286
14564.6 94.0291
14564.9 94.0295
14565.3 94.0301
14565.7 94.0304
14566 94.0307
14566.4 94.0309
14566.8 94.0311
14567.1 94.0312
14567.5 94.0313
14567.9 94.0313
14568.2 94.0313
14568.6 94.0313
14569 94.0312
14569.3 94.031
14569.7 94.0308
14570.1 94.0309
14570.4 94.0306
14570.8 94.0303
14571.2 94.03
14571.5 94.0298
14571.9 94.0294
14572.3 94.0291
14572.6 94.0287
14573 94.0283
14573.4 94.028
14573.7 94.0276
14574.1 94.0273
14574.5 94.027
14574.8 94.0267
14575.2 94.0265
14575.6 94.0263
14575.9 94.0262
14576.3 94.0261
14576.7 94.0261
14577 94.0261
14577.4 94.0261
14577.8 94.0262
14578.1 94.0263
14578.5 94.0265
14578.9 94.0266
14579.2 94.0269
14579.6 94.0272
14580 94.0276
14580.3 94.028
14580.7 94.0285
14581.1 94.029
14581.4 94.0296
14581.8 94.0302
14582.2 94.0308
14582.5 94.0314
14582.9 94.032
14583.3 94.0322
14583.6 94.0331
14584 94.0337
14584.3 94.0343
14584.7 94.0349
14585.1 94.0354
14585.4 94.0358
14585.8 94.0363
14586.2 94.0367
14586.5 94.0371
14586.9 94.0374
14587.3 94.0377
14587.6 94.038
14588 94.0383
14588.4 94.0386
14588.7 94.0389
14589.1 94.0392
14589.5 94.0395
14589.8 94.0403
14590.2 94.0405
14590.6 94.0408
14590.9 94.0411
14591.3 94.0415
14591.7 94.0418
14592 94.0421
14592.4 94.0425
14592.8 94.0429
14593.1 94.0433
14593.5 94.0438
14593.9 94.0442
14594.2 94.0447
14594.6 94.0451
14595 94.0456
14595.3 94.046
14595.7 94.0463
14596.1 94.0471
14596.4 94.0474
14596.8 94.0477
14597.2 94.0479
14597.5 94.048
14597.9 94.0481
14598.3 94.0482
14598.6 94.0482
14599 94.0482
14599.4 94.0481
14599.7 94.048
14600.1 94.048
14600.5 94.0478
14600.8 94.0477
14601.2 94.0475
14601.6 94.0473
14601.9 94.0471
14602.3 94.0467
14602.7 94.0466
14603 94.0463
14603.4 94.046
14603.8 94.0457
14604.1 94.0455
14604.5 94.0453
14604.9 94.045
14605.2 94.0448
14605.6 94.0447
14606 94.0445
14606.3 94.0444
14606.7 94.0443
14607.1 94.0443
14607.4 94.0443
14607.8 94.0443
14608.2 94.0444
14608.5 94.0447
14608.9 94.0449
14609.3 94.0452
14609.6 94.0455
14610 94.0458
14610.4 94.0462
14610.7 94.0465
14611.1 94.0469
14611.4 94.0473
14611.8 94.0476
14612.2 94.048
14612.5 94.0483
14612.9 94.0485
14613.3 94.0488
14613.6 94.049
14614 94.0492
14614.4 94.0494
14614.7 94.05
14615.1 94.05
14615.5 94.0501
14615.8 94.0506
14616.2 94.0506
14616.6 94.0506
14616.9 94.0506
14617.3 94.0506
14617.7 94.0506
14618 94.0506
14618.4 94.0506
14618.8 94.0505
14619.1 94.0505
14619.5 94.0505
14619.9 94.0506
14620.2 94.0506
14620.6 94.0512
14621 94.0512
14621.3 94.0513
14621.7 94.0514
14622.1 94.0515
14622.4 94.052
14622.8 94.0521
14623.2 94.0522
14623.5 94.0524
14623.9 94.0525
14624.3 94.0527
14624.6 94.0528
14625 94.053
14625.4 94.0532
14625.7 94.0533
14626.1 94.0535
14626.5 94.0537
14626.8 94.0541
14627.2 94.0543
14627.6 94.0544
14627.9 94.0545
14628.3 94.0545
14628.7 94.0546
14629 94.0547
14629.4 94.0548
14629.8 94.0548
14630.1 94.0548
14630.5 94.0549
14630.9 94.0549
14631.2 94.0549
14631.6 94.0549
14632 94.0549
14632.3 94.0549
14632.7 94.0549
14633.1 94.0551
14633.4 94.0551
14633.8 94.0551
14634.2 94.0551
14634.5 94.0551
14634.9 94.0551
14635.3 94.0553
14635.6 94.0553
14636 94.0554
14636.4 94.0554
14636.7 94.0554
14637.1 94.0554
14637.5 94.0554
14637.8 94.0554
14638.2 94.0554
14638.5 94.0554
14638.9 94.0554
14639.3 94.0556
14639.6 94.0556
14640 94.0555
14640.4 94.0554
14640.7 94.0553
14641.1 94.0552
14641.5 94.0551
14641.8 94.0554
14642.2 94.0553
14642.6 94.0551
14642.9 94.055
14643.3 94.0548
14643.7 94.0547
14644 94.0545
14644.4 94.0544
14644.8 94.0542
14645.1 94.0541
14645.5 94.0545
14645.9 94.0544
14646.2 94.0544
14646.6 94.0544
14647 94.0545
14647.3 94.0546
14647.7 94.0548
14648.1 94.0551
14648.4 94.0556
14648.8 94.0559
14649.2 94.0563
14649.5 94.0567
14649.9 94.0572
14650.3 94.0578
14650.6 94.0584
14651 94.0592
14651.4 94.0607
14651.7 94.0615
14652.1 94.0625
14652.5 94.0635
14652.8 94.0645
14653.2 94.0656
14653.6 94.0666
14653.9 94.0676
14654.3 94.0686
14654.7 94.0696
14655 94.0704
14655.4 94.0713
14655.8 94.0722
14656.1 94.073
14656.5 94.0737
14656.9 94.0743
14657.2 94.0749
14657.6 94.076
14658 94.0764
14658.3 94.0767
14658.7 94.077
14659.1 94.0772
14659.4 94.0773
14659.8 94.0774
14660.2 94.0774
14660.5 94.0773
14660.9 94.0773
14661.3 94.0771
14661.6 94.0775
14662 94.0773
14662.4 94.0771
14662.7 94.0769
14663.1 94.0766
14663.5 94.0764
14663.8 94.0763
14664.2 94.076
14664.5 94.0757
14664.9 94.0754
14665.3 94.0751
14665.6 94.0748
14666 94.0745
14666.4 94.0742
14666.7 94.074
14667.1 94.0738
14667.5 94.0736
14667.8 94.0738
14668.2 94.0736
14668.6 94.0736
14668.9 94.0735
14669.3 94.0735
14669.7 94.0736
14670 94.0741
14670.4 94.0742
14670.8 94.0745
14671.1 94.0747
14671.5 94.0751
14671.9 94.0754
14672.2 94.0758
14672.6 94.0763
14673 94.0767
14673.3 94.0772
14673.7 94.0778
14674.1 94.0783
14674.4 94.079
14674.8 94.0795
14675.2 94.0801
14675.5 94.0807
14675.9 94.0814
14676.3 94.0828
14676.6 94.0834
14677 94.0841
14677.4 94.0848
14677.7 94.0855
14678.1 94.0862
14678.5 94.0869
14678.8 94.0876
14679.2 94.0882
14679.6 94.0889
14679.9 94.0895
14680.3 94.0901
14680.7 94.0907
14681 94.0915
14681.4 94.092
14681.8 94.0925
14682.1 94.0929
14682.5 94.094
14682.9 94.0943
14683.2 94.0945
14683.6 94.0947
14684 94.0949
14684.3 94.095
14684.7 94.0951
14685.1 94.0951
14685.4 94.0951
14685.8 94.0951
14686.2 94.0951
14686.5 94.095
14686.9 94.0949
14687.3 94.0949
14687.6 94.0955
14688 94.0954
14688.4 94.096
14688.7 94.096
14689.1 94.096
14689.5 94.0959
14689.8 94.096
14690.2 94.096
14690.6 94.096
14690.9 94.0961
14691.3 94.0962
14691.6 94.0964
14692 94.0965
14692.4 94.0968
14692.7 94.097
14693.1 94.0973
14693.5 94.0976
14693.8 94.098
14694.2 94.0987
14694.6 94.0997
14694.9 94.1002
14695.3 94.1006
14695.7 94.101
14696 94.1014
14696.4 94.1019
14696.8 94.1023
14697.1 94.1027
14697.5 94.1031
14697.9 94.1034
14698.2 94.1037
14698.6 94.1039
14699 94.1042
14699.3 94.1044
14699.7 94.1045
14700.1 94.1046
14700.4 94.105
14700.8 94.1054
14701.2 94.1054
14701.5 94.1053
14701.9 94.1051
14702.3 94.105
14702.6 94.1048
14703 94.1046
14703.4 94.1043
14703.7 94.1041
14704.1 94.1038
14704.5 94.1036
14704.8 94.1034
14705.2 94.1031
14705.6 94.1029
14705.9 94.1027
14706.3 94.1026
14706.7 94.1024
14707 94.1034
14707.4 94.1034
14707.8 94.1034
14708.1 94.1035
14708.5 94.1037
14708.9 94.1038
14709.2 94.1041
14709.6 94.1043
14710 94.1046
14710.3 94.1049
14710.7 94.1052
14711.1 94.1056
14711.4 94.106
14711.8 94.1064
14712.2 94.1068
14712.5 94.1072
14712.9 94.1076
14713.3 94.1089
14713.6 94.1099
14714 94.1102
14714.4 94.1106
14714.7 94.1109
14715.1 94.1112
14715.5 94.1115
14715.8 94.1117
14716.2 94.1118
14716.6 94.112
14716.9 94.1121
14717.3 94.1121
14717.7 94.1121
14718 94.1121
14718.4 94.1121
14718.7 94.112
14719.1 94.1125
14719.5 94.1124
14719.8 94.1123
14720.2 94.1128
14720.6 94.1127
14720.9 94.1126
14721.3 94.1125
14721.7 94.1124
14722 94.1123
14722.4 94.1122
14722.8 94.1122
14723.1 94.1121
14723.5 94.1121
14723.9 94.1121
14724.2 94.1121
14724.6 94.1122
14725 94.1122
14725.3 94.1128
14725.7 94.1129
14726.1 94.113
14726.4 94.1132
14726.8 94.1137
14727.2 94.114
14727.5 94.1142
14727.9 94.1145
14728.3 94.1149
14728.6 94.1153
14729 94.1156
14729.4 94.116
14729.7 94.1164
14730.1 94.1168
14730.5 94.1172
14730.8 94.1176
14731.2 94.1179
14731.6 94.1189
14731.9 94.1191
14732.3 94.1194
14732.7 94.1196
14733 94.1198
14733.4 94.1204
14733.8 94.1205
14734.1 94.1207
14734.5 94.1207
14734.9 94.1208
14735.2 94.1208
14735.6 94.1208
14736 94.1208
14736.3 94.1208
14736.7 94.1208
14737.1 94.1208
14737.4 94.1208
14737.8 94.1212
14738.2 94.1212
14738.5 94.1212
14738.9 94.1212
14739.3 94.1213
14739.6 94.1216
14740 94.1217
14740.4 94.1217
14740.7 94.1218
14741.1 94.122
14741.5 94.1221
14741.8 94.1222
14742.2 94.1224
14742.6 94.1226
14742.9 94.1228
14743.3 94.1229
14743.7 94.1231
14744 94.1234
14744.4 94.1235
14744.8 94.1237
14745.1 94.1237
14745.5 94.1238
14745.8 94.1238
14746.2 94.1239
14746.6 94.1239
14746.9 94.1238
14747.3 94.1237
14747.7 94.1236
14748 94.1234
14748.4 94.1232
14748.8 94.1229
14749.1 94.1227
14749.5 94.1224
14749.9 94.1221
14750.2 94.1217
14750.6 94.1214
14751 94.121
14751.3 94.1206
14751.7 94.1202
14752.1 94.1198
14752.4 94.1194
14752.8 94.1194
14753.2 94.119
14753.5 94.1186
14753.9 94.1182
14754.3 94.1178
14754.6 94.1174
14755 94.117
14755.4 94.1166
14755.7 94.1162
14756.1 94.1161
14756.5 94.1158
14756.8 94.1155
14757.2 94.1153
14757.6 94.1151
14757.9 94.1149
14758.3 94.1147
14758.7 94.1146
14759 94.1145
14759.4 94.115
14759.8 94.115
14760.1 94.115
14760.5 94.115
14760.9 94.1151
14761.2 94.1152
14761.6 94.1153
14762 94.1155
14762.3 94.1163
14762.7 94.1164
14763.1 94.1167
14763.4 94.1169
14763.8 94.1171
14764.2 94.1174
14764.5 94.1176
14764.9 94.1179
14765.3 94.1181
14765.6 94.1184
14766 94.1189
14766.4 94.1191
14766.7 94.1194
14767.1 94.1197
14767.5 94.1199
14767.8 94.1202
14768.2 94.1204
14768.6 94.121
14768.9 94.1212
14769.3 94.1214
14769.7 94.1216
14770 94.1217
14770.4 94.1218
14770.8 94.1219
14771.1 94.122
14771.5 94.1221
14771.8 94.1222
14772.2 94.1223
14772.6 94.1224
14772.9 94.1225
14773.3 94.1226
14773.7 94.1227
14774 94.1228
14774.4 94.1229
14774.8 94.1232
14775.1 94.1233
14775.5 94.1234
14775.9 94.1236
14776.2 94.1237
14776.6 94.1239
14777 94.124
14777.3 94.1241
14777.7 94.1241
14778.1 94.1242
14778.4 94.1242
14778.8 94.1241
14779.2 94.1241
14779.5 94.124
14779.9 94.1239
14780.3 94.1238
14780.6 94.1237
14781 94.1233
14781.4 94.1231
14781.7 94.1229
14782.1 94.1227
14782.5 94.1226
14782.8 94.1224
14783.2 94.1223
14783.6 94.1223
14783.9 94.1222
14784.3 94.1221
14784.7 94.1221
14785 94.1221
14785.4 94.1219
14785.8 94.1219
14786.1 94.1219
14786.5 94.1219
14786.9 94.1218
14787.2 94.1218
14787.6 94.1219
14788 94.1219
14788.3 94.1219
14788.7 94.1219
14789.1 94.1219
14789.4 94.122
14789.8 94.122
14790.2 94.122
14790.5 94.122
14790.9 94.122
14791.3 94.1221
14791.6 94.1222
14792 94.1223
14792.4 94.1224
14792.7 94.1226
14793.1 94.123
14793.5 94.1233
14793.8 94.1236
14794.2 94.124
14794.6 94.1244
14794.9 94.1248
14795.3 94.1252
14795.7 94.1257
14796 94.1262
14796.4 94.1267
14796.8 94.1272
14797.1 94.1278
14797.5 94.1283
14797.9 94.1288
14798.2 94.1294
14798.6 94.1297
14798.9 94.1303
14799.3 94.1312
14799.7 94.1318
14800 94.1323
14800.4 94.1328
14800.8 94.1334
14801.1 94.1339
14801.5 94.1344
14801.9 94.1349
14802.2 94.1354
14802.6 94.1359
14803 94.1363
14803.3 94.1368
14803.7 94.1372
14804.1 94.1376
14804.4 94.1379
14804.8 94.1382
14805.2 94.1382
14805.5 94.1382
14805.9 94.1383
14806.3 94.1383
14806.6 94.1383
14807 94.1382
14807.4 94.138
14807.7 94.1378
14808.1 94.1375
14808.5 94.1372
14808.8 94.1369
14809.2 94.1365
14809.6 94.1362
14809.9 94.1359
14810.3 94.1356
14810.7 94.1353
14811 94.1351
14811.4 94.1346
14811.8 94.134
14812.1 94.1341
14812.5 94.1342
14812.9 94.1343
14813.2 94.1346
14813.6 94.135
14814 94.1354
14814.3 94.136
14814.7 94.1367
14815.1 94.1375
14815.4 94.1384
14815.8 94.1394
14816.2 94.1404
14816.5 94.1415
14816.9 94.1427
14817.3 94.1439
14817.6 94.1451
14818 94.145
14818.4 94.1462
14818.7 94.1472
14819.1 94.1483
14819.5 94.1492
14819.8 94.1501
14820.2 94.1509
14820.6 94.1516
14820.9 94.1523
14821.3 94.153
14821.7 94.1536
14822 94.1541
14822.4 94.1546
14822.8 94.1551
14823.1 94.1555
14823.5 94.156
14823.9 94.1563
14824.2 94.1567
14824.6 94.1566
14825 94.157
14825.3 94.1572
14825.7 94.1575
14826 94.1577
14826.4 94.1579
14826.8 94.158
14827.1 94.1582
14827.5 94.1583
14827.9 94.1584
14828.2 94.1584
14828.6 94.1585
14829 94.1586
14829.3 94.1587
14829.7 94.1588
14830.1 94.1589
14830.4 94.1591
14830.8 94.1594
14831.2 94.1594
14831.5 94.1597
14831.9 94.1601
14832.3 94.1605
14832.6 94.161
14833 94.1615
14833.4 94.162
14833.7 94.1627
14834.1 94.1634
14834.5 94.1641
14834.8 94.1649
14835.2 94.1658
14835.6 94.1667
14835.9 94.1676
14836.3 94.1689
14836.7 94.17
14837 94.1711
14837.4 94.1723
14837.8 94.1725
14838.1 94.1737
14838.5 94.1751
14838.9 94.1765
14839.2 94.178
14839.6 94.1795
14840 94.1811
14840.3 94.1827
14840.7 94.1843
14841.1 94.1859
14841.4 94.1876
14841.8 94.1891
14842.2 94.1906
14842.5 94.1918
14842.9 94.193
14843.3 94.194
14843.6 94.1949
14844 94.1948
14844.4 94.1956
14844.7 94.1962
14845.1 94.1968
14845.5 94.1972
14845.8 94.1976
14846.2 94.1978
14846.6 94.198
14846.9 94.1981
14847.3 94.1981
14847.7 94.1981
14848 94.1981
14848.4 94.198
14848.8 94.1977
14849.1 94.1976
14849.5 94.1975
14849.9 94.1974
14850.2 94.1974
14850.6 94.1972
14851 94.1972
14851.3 94.1971
14851.7 94.1971
14852 94.197
14852.4 94.197
14852.8 94.1971
14853.1 94.1971
14853.5 94.1972
14853.9 94.1972
14854.2 94.1973
14854.6 94.1973
14855 94.1973
14855.3 94.1974
14855.7 94.1974
14856.1 94.1974
14856.4 94.1973
14856.8 94.1973
14857.2 94.1972
14857.5 94.197
14857.9 94.1969
14858.3 94.1967
14858.6 94.1964
14859 94.1962
14859.4 94.1959
14859.7 94.1956
14860.1 94.1954
14860.5 94.1951
14860.8 94.1943
14861.2 94.1941
14861.6 94.194
14861.9 94.1939
14862.3 94.1939
14862.7 94.194
14863 94.1941
14863.4 94.1942
14863.8 94.1937
14864.1 94.1939
14864.5 94.1941
14864.9 94.1943
14865.2 94.1945
14865.6 94.1948
14866 94.195
14866.3 94.1952
14866.7 94.1954
14867.1 94.1951
14867.4 94.1952
14867.8 94.1953
14868.2 94.1953
14868.5 94.1953
14868.9 94.1952
14869.3 94.1952
14869.6 94.1951
14870 94.195
14870.4 94.1947
14870.7 94.1947
14871.1 94.1946
14871.5 94.1945
14871.8 94.1944
14872.2 94.1943
14872.6 94.1943
14872.9 94.1943
14873.3 94.1942
14873.7 94.1942
14874 94.1943
14874.4 94.1944
14874.8 94.1945
14875.1 94.1947
14875.5 94.1948
14875.9 94.195
14876.2 94.1952
14876.6 94.1954
14877 94.1953
14877.3 94.1955
14877.7 94.1956
14878.1 94.1957
14878.4 94.1958
14878.8 94.1958
14879.1 94.1958
14879.5 94.1955
14879.9 94.1953
14880.2 94.1951
14880.6 94.1949
14881 94.1946
14881.3 94.1943
14881.7 94.1939
14882.1 94.1936
14882.4 94.1932
14882.8 94.1928
14883.2 94.1924
14883.5 94.1921
14883.9 94.1918
14884.3 94.1916
14884.6 94.1914
14885 94.1913
14885.4 94.1912
14885.7 94.191
14886.1 94.1911
14886.5 94.1912
14886.8 94.1915
14887.2 94.1917
14887.6 94.1921
14887.9 94.1925
14888.3 94.1929
14888.7 94.1933
14889 94.1937
14889.4 94.1942
14889.8 94.194
14890.1 94.1945
14890.5 94.1949
14890.9 94.1953
14891.2 94.1958
14891.6 94.1959
14892 94.1963
14892.3 94.1967
14892.7 94.1971
14893.1 94.1975
14893.4 94.198
14893.8 94.1984
14894.2 94.1988
14894.5 94.1992
14894.9 94.1996
14895.3 94.2
14895.6 94.2004
14896 94.2008
14896.4 94.2007
14896.7 94.2011
14897.1 94.2014
14897.5 94.2018
14897.8 94.202
14898.2 94.2023
14898.6 94.2025
14898.9 94.2027
14899.3 94.2029
14899.7 94.2031
14900 94.2032
14900.4 94.2033
14900.8 94.2034
14901.1 94.2035
14901.5 94.2036
14901.9 94.2037
14902.2 94.2038
14902.6 94.204
14903 94.2042
14903.3 94.2043
14903.7 94.2045
14904.1 94.2049
14904.4 94.2051
14904.8 94.2054
14905.2 94.2057
14905.5 94.206
14905.9 94.2063
14906.2 94.2066
14906.6 94.207
14907 94.2074
14907.3 94.2078
14907.7 94.2082
14908.1 94.2086
14908.4 94.2091
14908.8 94.2096
14909.2 94.2101
14909.5 94.2101
14909.9 94.2105
14910.3 94.2109
14910.6 94.2113
14911 94.2117
14911.4 94.2121
14911.7 94.2124
14912.1 94.2127
14912.5 94.213
14912.8 94.2132
14913.2 94.2134
14913.6 94.2136
14913.9 94.2137
14914.3 94.2139
14914.7 94.214
14915 94.2141
14915.4 94.2143
14915.8 94.2141
14916.1 94.2142
14916.5 94.2143
14916.9 94.2146
14917.2 94.2149
14917.6 94.2152
14918 94.2156
14918.3 94.216
14918.7 94.2164
14919.1 94.2169
14919.4 94.2173
14919.8 94.2178
14920.2 94.2183
14920.5 94.2188
14920.9 94.2192
14921.3 94.2197
14921.6 94.2202
14922 94.2206
14922.4 94.2205
14922.7 94.2209
14923.1 94.2214
14923.5 94.2219
14923.8 94.2224
14924.2 94.2229
14924.6 94.2234
14924.9 94.2239
14925.3 94.2243
14925.7 94.2248
14926 94.2253
14926.4 94.2258
14926.8 94.2262
14927.1 94.2266
14927.5 94.227
14927.9 94.2274
14928.2 94.2278
14928.6 94.2284
14929 94.2285
14929.3 94.2289
14929.7 94.2293
14930.1 94.2297
14930.4 94.2301
14930.8 94.2304
14931.2 94.2308
14931.5 94.2312
14931.9 94.2316
14932.3 94.232
14932.6 94.2323
14933 94.2326
14933.3 94.2329
14933.7 94.2332
14934.1 94.2335
14934.4 94.2337
14934.8 94.2344
14935.2 94.2346
14935.5 94.235
14935.9 94.2352
14936.3 94.2355
14936.6 94.2357
14937 94.2359
14937.4 94.2361
14937.7 94.2363
14938.1 94.2366
14938.5 94.2368
14938.8 94.2371
14939.2 94.2373
14939.6 94.2376
14939.9 94.2378
14940.3 94.2381
14940.7 94.2383
14941 94.2388
14941.4 94.239
14941.8 94.2391
14942.1 94.2392
14942.5 94.2393
14942.9 94.2394
14943.2 94.2395
14943.6 94.2395
14944 94.2395
14944.3 94.2394
14944.7 94.2394
14945.1 94.2393
14945.4 94.2393
14945.8 94.2392
14946.2 94.2391
14946.5 94.239
14946.9 94.2389
14947.3 94.2385
14947.6 94.2384
14948 94.2383
14948.4 94.2382
14948.7 94.2379
14949.1 94.2379
14949.5 94.2379
14949.8 94.238
14950.2 94.238
14950.6 94.2382
14950.9 94.2384
14951.3 94.2386
14951.7 94.2389
14952 94.2392
14952.4 94.2396
14952.8 94.2401
14953.1 94.2407
14953.5 94.2412
14953.9 94.2418
14954.2 94.2423
14954.6 94.2429
14955 94.2432
14955.3 94.2438
14955.7 94.2444
14956.1 94.245
14956.4 94.2456
14956.8 94.2461
14957.2 94.2466
14957.5 94.2471
14957.9 94.2476
14958.3 94.2481
14958.6 94.2485
14959 94.249
14959.3 94.2499
14959.7 94.2503
14960.1 94.2507
14960.4 94.2511
14960.8 94.2515
14961.2 94.252
14961.5 94.2524
14961.9 94.2528
14962.3 94.2532
14962.6 94.2536
14963 94.2539
14963.4 94.2542
14963.7 94.2546
14964.1 94.2549
14964.5 94.2551
14964.8 94.2553
14965.2 94.2555
14965.6 94.256
14965.9 94.2561
14966.3 94.2561
14966.7 94.2561
14967 94.2561
14967.4 94.256
14967.8 94.2558
14968.1 94.2559
14968.5 94.2557
14968.9 94.2553
14969.2 94.255
14969.6 94.2546
14970 94.2541
14970.3 94.2536
14970.7 94.253
14971.1 94.2524
14971.4 94.2518
14971.8 94.2511
14972.2 94.2505
14972.5 94.2499
14972.9 94.2492
14973.3 94.2486
14973.6 94.248
14974 94.2475
14974.4 94.2469
14974.7 94.2469
14975.1 94.2464
14975.5 94.2459
14975.8 94.2454
14976.2 94.2449
14976.6 94.2444
14976.9 94.2439
14977.3 94.2435
14977.7 94.2431
14978 94.2428
14978.4 94.2424
14978.8 94.242
14979.1 94.2416
14979.5 94.2413
14979.9 94.2409
14980.2 94.2406
14980.6 94.2402
14981 94.2399
14981.3 94.2401
14981.7 94.2398
14982.1 94.2395
14982.4 94.2392
14982.8 94.2389
14983.2 94.2386
14983.5 94.2384
14983.9 94.2382
14984.3 94.2382
14984.6 94.2381
14985 94.2379
14985.4 94.2378
14985.7 94.2377
14986.1 94.2377
14986.4 94.2376
14986.8 94.2376
14987.2 94.2376
14987.5 94.238
14987.9 94.238
14988.3 94.238
14988.6 94.238
14989 94.238
14989.4 94.238
14989.7 94.238
14990.1 94.2383
14990.5 94.2382
14990.8 94.2381
14991.2 94.238
14991.6 94.2379
14991.9 94.2378
14992.3 94.2377
14992.7 94.2376
14993 94.2375
14993.4 94.2374
14993.8 94.2373
14994.1 94.2377
14994.5 94.2376
14994.9 94.2375
14995.2 94.2375
14995.6 94.2375
14996 94.2375
14996.3 94.2379
14996.7 94.2379
14997.1 94.238
14997.4 94.238
14997.8 94.2381
14998.2 94.2382
14998.5 94.2383
14998.9 94.2385
14999.3 94.2387
14999.6 94.2389
15000 94.2391
15000.4 94.2393
15000.7 94.2397
15001.1 94.24
15001.5 94.2403
15001.8 94.2406
15002.2 94.2409
15002.6 94.2418
15002.9 94.2421
15003.3 94.2424
15003.7 94.2427
15004 94.243
15004.4 94.2433
15004.8 94.2436
15005.1 94.2438
15005.5 94.2441
15005.9 94.2443
15006.2 94.2445
15006.6 94.2447
15007 94.2449
15007.3 94.2457
15007.7 94.2458
15008.1 94.246
15008.4 94.2461
15008.8 94.2469
15009.2 94.247
15009.5 94.2471
15009.9 94.2471
15010.3 94.2471
15010.6 94.2471
15011 94.2471
15011.4 94.2471
15011.7 94.247
15012.1 94.2469
15012.5 94.2467
15012.8 94.2466
15013.2 94.2463
15013.5 94.2461
15013.9 94.2464
15014.3 94.2461
15014.6 94.2458
15015 94.2456
15015.4 94.2452
15015.7 94.2448
15016.1 94.2445
15016.5 94.2441
15016.8 94.2437
15017.2 94.2433
15017.6 94.243
15017.9 94.2427
15018.3 94.2424
15018.7 94.2421
15019 94.2418
15019.4 94.2416
15019.8 94.2414
15020.1 94.2413
15020.5 94.2416
15020.9 94.2419
15021.2 94.2419
15021.6 94.2418
15022 94.2419
15022.3 94.2419
15022.7 94.2419
15023.1 94.242
15023.4 94.2421
15023.8 94.2421
15024.2 94.2422
15024.5 94.2422
15024.9 94.2422
15025.3 94.2422
15025.6 94.2421
15026 94.242
15026.4 94.242
15026.7 94.2424
15027.1 94.2426
15027.5 94.2425
15027.8 94.2423
15028.2 94.2422
15028.6 94.2421
15028.9 94.2419
15029.3 94.2418
15029.7 94.2418
15030 94.2417
15030.4 94.2417
15030.8 94.2417
15031.1 94.2418
15031.5 94.2419
15031.9 94.242
15032.2 94.2421
15032.6 94.2423
15033 94.2425
15033.3 94.2435
15033.7 94.2438
15034.1 94.244
15034.4 94.2443
15034.8 94.2445
15035.2 94.2448
15035.5 94.245
15035.9 94.2452
15036.3 94.2455
15036.6 94.2457
15037 94.2459
15037.4 94.2462
15037.7 94.2464
15038.1 94.2466
15038.5 94.2469
15038.8 94.2471
15039.2 94.2474
15039.5 94.2481
15039.9 94.2487
15040.3 94.2489
15040.6 94.2492
15041 94.2495
15041.4 94.2498
15041.7 94.2501
15042.1 94.2503
15042.5 94.2506
15042.8 94.2509
15043.2 94.2512
15043.6 94.2514
15043.9 94.2517
15044.3 94.2519
15044.7 94.2522
15045 94.2524
15045.4 94.2526
15045.8 94.2533
15046.1 94.2535
15046.5 94.2539
15046.9 94.2541
15047.2 94.2543
15047.6 94.2546
15048 94.2548
15048.3 94.255
15048.7 94.2552
15049.1 94.2555
15049.4 94.2558
15049.8 94.256
15050.2 94.2563
15050.5 94.2565
15050.9 94.2568
15051.3 94.257
15051.6 94.2572
15052 94.2577
15052.4 94.2579
15052.7 94.258
15053.1 94.2583
15053.5 94.2584
15053.8 94.2585
15054.2 94.2585
15054.6 94.2584
15054.9 94.2584
15055.3 94.2583
15055.7 94.2581
15056 94.258
15056.4 94.2578
15056.8 94.2576
15057.1 94.2573
15057.5 94.2571
15057.9 94.2569
15058.2 94.2565
15058.6 94.2562
15059 94.2558
15059.3 94.2559
15059.7 94.2555
15060.1 94.2552
15060.4 94.2548
15060.8 94.2545
15061.2 94.2542
15061.5 94.2538
15061.9 94.2535
15062.3 94.2532
15062.6 94.2528
15063 94.2524
15063.4 94.2521
15063.7 94.2517
15064.1 94.2516
15064.5 94.2512
15064.8 94.2509
15065.2 94.2505
15065.6 94.2502
15065.9 94.2503
15066.3 94.25
15066.6 94.2496
15067 94.2493
15067.4 94.249
15067.7 94.2487
15068.1 94.2485
15068.5 94.2483
15068.8 94.2481
15069.2 94.2479
15069.6 94.2477
15069.9 94.2476
15070.3 94.2476
15070.7 94.2475
15071 94.2474
15071.4 94.2474
15071.8 94.2473
15072.1 94.2472
15072.5 94.2473
15072.9 94.2472
15073.2 94.247
15073.6 94.2469
15074 94.2468
15074.3 94.2467
15074.7 94.2465
15075.1 94.2464
15075.4 94.2463
15075.8 94.2461
15076.2 94.246
15076.5 94.2462
15076.9 94.2461
15077.3 94.2461
15077.6 94.2461
15078 94.246
15078.4 94.246
15078.7 94.246
15079.1 94.2464
15079.5 94.2464
15079.8 94.2464
15080.2 94.2464
15080.6 94.2464
15080.9 94.2464
15081.3 94.2464
15081.7 94.2464
15082 94.2464
15082.4 94.2464
15082.8 94.2469
15083.1 94.2469
15083.5 94.2469
15083.9 94.2469
15084.2 94.2469
15084.6 94.2469
15085 94.2468
15085.3 94.2468
15085.7 94.2472
15086.1 94.2472
15086.4 94.2471
15086.8 94.247
15087.2 94.2469
15087.5 94.2467
15087.9 94.2466
15088.3 94.2465
15088.6 94.2466
15089 94.2464
15089.4 94.2463
15089.7 94.2461
15090.1 94.2459
15090.5 94.2457
15090.8 94.2455
15091.2 94.2453
15091.6 94.2451
15091.9 94.2449
15092.3 94.2451
15092.7 94.2449
15093 94.2446
15093.4 94.2445
15093.7 94.2443
15094.1 94.2441
15094.5 94.2439
15094.8 94.2438
15095.2 94.2437
15095.6 94.2435
15095.9 94.2434
15096.3 94.2434
15096.7 94.2433
15097 94.2433
15097.4 94.2433
15097.8 94.2433
15098.1 94.2433
15098.5 94.2437
15098.9 94.2437
15099.2 94.2438
15099.6 94.2439
15100 94.244
15100.3 94.2442
15100.7 94.2443
15101.1 94.2449
15101.4 94.245
15101.8 94.2451
15102.2 94.2451
15102.5 94.2452
15102.9 94.2451
15103.3 94.2451
15103.6 94.245
15104 94.2448
15104.4 94.2446
15104.7 94.2443
15105.1 94.2446
15105.5 94.2442
15105.8 94.2437
15106.2 94.2432
15106.6 94.2427
15106.9 94.242
15107.3 94.2413
15107.7 94.2406
15108 94.2398
15108.4 94.239
15108.8 94.2381
15109.1 94.2373
15109.5 94.2364
15109.9 94.2355
15110.2 94.2346
15110.6 94.2338
15111 94.2329
15111.3 94.2321
15111.7 94.232
15112.1 94.2313
15112.4 94.2306
15112.8 94.2299
15113.2 94.2293
15113.5 94.2288
15113.9 94.2284
15114.3 94.228
15114.6 94.2276
15115 94.2274
15115.4 94.2271
15115.7 94.227
15116.1 94.2269
15116.5 94.2268
15116.8 94.2267
15117.2 94.2267
15117.6 94.2268
15117.9 94.2269
15118.3 94.2273
15118.7 94.2275
15119 94.2276
15119.4 94.2278
15119.8 94.2284
15120.1 94.2286
15120.5 94.2288
15120.8 94.2289
15121.2 94.2291
15121.6 94.2292
15121.9 94.2294
15122.3 94.2295
15122.7 94.2297
15123 94.2298
15123.4 94.2299
15123.8 94.23
15124.1 94.2301
15124.5 94.2301
15124.9 94.2305
15125.2 94.2305
15125.6 94.2307
15126 94.2306
15126.3 94.2304
15126.7 94.2302
15127.1 94.23
15127.4 94.2297
15127.8 94.2293
15128.2 94.2288
15128.5 94.2283
15128.9 94.2278
15129.3 94.2271
15129.6 94.2264
15130 94.2257
15130.4 94.2249
15130.7 94.2241
15131.1 94.2238
15131.5 94.2229
15131.8 94.2217
15132.2 94.2207
15132.6 94.2198
15132.9 94.2189
15133.3 94.218
15133.7 94.2171
15134 94.2163
15134.4 94.2155
15134.8 94.2147
15135.1 94.214
15135.5 94.2134
15135.9 94.2129
15136.2 94.2124
15136.6 94.212
15137 94.2116
15137.3 94.2114
15137.7 94.2115
15138.1 94.2116
15138.4 94.2116
15138.8 94.2117
15139.2 94.2118
15139.5 94.212
15139.9 94.2122
15140.3 94.2126
15140.6 94.213
15141 94.2134
15141.4 94.214
15141.7 94.2145
15142.1 94.2151
15142.5 94.2157
15142.8 94.2164
15143.2 94.217
15143.6 94.2176
15143.9 94.2181
15144.3 94.2183
15144.7 94.2187
15145 94.219
15145.4 94.2193
15145.8 94.2195
15146.1 94.2195
15146.5 94.2195
15146.8 94.2194
15147.2 94.2192
15147.6 94.2188
15147.9 94.2185
15148.3 94.218
15148.7 94.2175
15149 94.2169
15149.4 94.2163
15149.8 94.2156
15150.1 94.2149
15150.5 94.2138
15150.9 94.2134
15151.2 94.2127
15151.6 94.212
15152 94.2112
15152.3 94.2104
15152.7 94.2097
15153.1 94.209
15153.4 94.2083
15153.8 94.2076
15154.2 94.2069
15154.5 94.2062
15154.9 94.2056
15155.3 94.205
15155.6 94.2044
15156 94.2038
15156.4 94.2032
15156.7 94.2028
15157.1 94.2024
15157.5 94.2024
15157.8 94.2021
15158.2 94.2018
15158.6 94.2016
15158.9 94.2015
15159.3 94.2014
15159.7 94.2013
15160 94.2013
15160.4 94.2014
15160.8 94.2016
15161.1 94.2018
15161.5 94.202
15161.9 94.2023
15162.2 94.2026
15162.6 94.2029
15163 94.2034
15163.3 94.2038
15163.7 94.2043
15164.1 94.2042
15164.4 94.2047
15164.8 94.2053
15165.2 94.206
15165.5 94.2066
15165.9 94.2074
15166.3 94.2081
15166.6 94.2089
15167 94.2096
15167.4 94.2104
15167.7 94.211
15168.1 94.2116
15168.5 94.2122
15168.8 94.2122
15169.2 94.2126
15169.6 94.213
15169.9 94.2134
15170.3 94.2127
15170.7 94.213
15171 94.2133
15171.4 94.2135
15171.8 94.2137
15172.1 94.2139
15172.5 94.214
15172.9 94.2141
15173.2 94.2142
15173.6 94.2142
15173.9 94.2143
15174.3 94.2144
15174.7 94.2146
15175 94.2141
15175.4 94.2143
15175.8 94.2146
15176.1 94.215
15176.5 94.2154
15176.9 94.2148
15177.2 94.2153
15177.6 94.2158
15178 94.2164
15178.3 94.2169
15178.7 94.2175
15179.1 94.2181
15179.4 94.2187
15179.8 94.2192
15180.2 94.2198
15180.5 94.2203
15180.9 94.2208
15181.3 94.2209
15181.6 94.2214
15182 94.2219
15182.4 94.2223
15182.7 94.2228
15183.1 94.2233
15183.5 94.2232
15183.8 94.2237
15184.2 94.2242
15184.6 94.2247
15184.9 94.2252
15185.3 94.2258
15185.7 94.2263
15186 94.2269
15186.4 94.2274
15186.8 94.228
15187.1 94.2286
15187.5 94.2291
15187.9 94.2296
15188.2 94.2301
15188.6 94.2306
15189 94.2311
15189.3 94.2316
15189.7 94.232
15190.1 94.2318
15190.4 94.2322
15190.8 94.2325
15191.2 94.2328
15191.5 94.2331
15191.9 94.2334
15192.3 94.2337
15192.6 94.2339
15193 94.2342
15193.4 94.2342
15193.7 94.2345
15194.1 94.2348
15194.5 94.2351
15194.8 94.2354
15195.2 94.2358
15195.6 94.2361
15195.9 94.2365
15196.3 94.2369
15196.7 94.2367
15197 94.2371
15197.4 94.2375
15197.8 94.238
15198.1 94.2385
15198.5 94.239
15198.9 94.2394
15199.2 94.24
15199.6 94.2404
15200 94.2409
15200.3 94.2415
15200.7 94.2421
15201 94.2428
15201.4 94.2434
15201.8 94.2441
15202.1 94.2448
15202.5 94.2455
15202.9 94.2455
15203.2 94.2462
15203.6 94.247
15204 94.2477
15204.3 94.2485
15204.7 94.2493
15205.1 94.2501
15205.4 94.2509
15205.8 94.2519
15206.2 94.2529
15206.5 94.2538
15206.9 94.2548
15207.3 94.2558
15207.6 94.2568
15208 94.2578
15208.4 94.2588
15208.7 94.2598
15209.1 94.2607
15209.5 94.261
15209.8 94.262
15210.2 94.2629
15210.6 94.2638
15210.9 94.2647
15211.3 94.2656
15211.7 94.2665
15212 94.2677
15212.4 94.2685
15212.8 94.2693
15213.1 94.27
15213.5 94.2707
15213.9 94.2714
15214.2 94.272
15214.6 94.2726
15215 94.2732
15215.3 94.2737
15215.7 94.2741
15216.1 94.2743
15216.4 94.2746
15216.8 94.2749
15217.2 94.2752
15217.5 94.2755
15217.9 94.2757
15218.3 94.2758
15218.6 94.276
15219 94.2761
15219.4 94.2762
15219.7 94.2763
15220.1 94.2764
15220.5 94.2766
15220.8 94.2767
15221.2 94.2768
15221.6 94.277
15221.9 94.2771
15222.3 94.2773
15222.7 94.2774
15223 94.2776
15223.4 94.2779
15223.8 94.2782
15224.1 94.2786
15224.5 94.279
15224.9 94.2794
15225.2 94.2799
15225.6 94.2804
15226 94.2809
15226.3 94.2814
15226.7 94.2819
15227 94.2824
15227.4 94.283
15227.8 94.2835
15228.1 94.2841
15228.5 94.2847
15228.9 94.2852
15229.2 94.2852
15229.6 94.2857
15230 94.2861
15230.3 94.2865
15230.7 94.2868
15231.1 94.2871
15231.4 94.2873
15231.8 94.2875
15232.2 94.2875
15232.5 94.2875
15232.9 94.2875
15233.3 94.2873
15233.6 94.2872
15234 94.2869
15234.4 94.2867
15234.7 94.2864
15235.1 94.2861
15235.5 94.2858
15235.8 94.2854
15236.2 94.2851
15236.6 94.2845
15236.9 94.2843
15237.3 94.2842
15237.7 94.2841
15238 94.284
15238.4 94.284
15238.8 94.284
15239.1 94.284
15239.5 94.2841
15239.9 94.2842
15240.2 94.2844
15240.6 94.2846
15241 94.2848
15241.3 94.285
15241.7 94.2853
15242.1 94.2854
15242.4 94.2857
15242.8 94.2862
15243.2 94.2865
15243.5 94.2868
15243.9 94.2872
15244.3 94.2876
15244.6 94.2881
15245 94.2886
15245.4 94.2891
15245.7 94.2897
15246.1 94.2903
15246.5 94.2909
15246.8 94.2917
15247.2 94.2924
15247.6 94.2932
15247.9 94.2941
15248.3 94.295
15248.7 94.2952
15249 94.2964
15249.4 94.2973
15249.8 94.2983
15250.1 94.2994
15250.5 94.3004
15250.9 94.3014
15251.2 94.3025
15251.6 94.3035
15252 94.3045
15252.3 94.3055
15252.7 94.3065
15253.1 94.3075
15253.4 94.3085
15253.8 94.3094
15254.1 94.3103
15254.5 94.3112
15254.9 94.312
15255.2 94.3121
15255.6 94.3128
15256 94.3136
15256.3 94.3143
15256.7 94.3149
15257.1 94.3156
15257.4 94.3162
15257.8 94.3167
15258.2 94.3173
15258.5 94.3178
15258.9 94.3184
15259.3 94.3189
15259.6 94.3194
15260 94.3199
15260.4 94.3203
15260.7 94.3208
15261.1 94.3214
15261.5 94.3218
15261.8 94.322
15262.2 94.3224
15262.6 94.3229
15262.9 94.3233
15263.3 94.3237
15263.7 94.3241
15264 94.3245
15264.4 94.3248
15264.8 94.3252
15265.1 94.3255
15265.5 94.3259
15265.9 94.3263
15266.2 94.3267
15266.6 94.3271
15267 94.3276
15267.3 94.3283
15267.7 94.3288
15268.1 94.3294
15268.4 94.3296
15268.8 94.3303
15269.2 94.331
15269.5 94.3317
15269.9 94.3325
15270.3 94.3333
15270.6 94.3342
15271 94.3351
15271.4 94.336
15271.7 94.337
15272.1 94.3379
15272.5 94.3389
15272.8 94.3398
15273.2 94.3407
15273.6 94.3418
15273.9 94.3426
15274.3 94.3434
15274.7 94.3438
15275 94.3445
15275.4 94.3452
15275.8 94.3459
15276.1 94.3465
15276.5 94.3472
15276.9 94.3478
15277.2 94.3484
15277.6 94.349
15278 94.3496
15278.3 94.3503
15278.7 94.3509
15279.1 94.3515
15279.4 94.3522
15279.8 94.3531
15280.2 94.3538
15280.5 94.3544
15280.9 94.3551
15281.2 94.3553
15281.6 94.356
15282 94.3567
15282.3 94.3575
15282.7 94.3582
15283.1 94.359
15283.4 94.3599
15283.8 94.3607
15284.2 94.3617
15284.5 94.3626
15284.9 94.3636
15285.3 94.3647
15285.6 94.3658
15286 94.3673
15286.4 94.3685
15286.7 94.3697
15287.1 94.371
15287.5 94.3723
15287.8 94.3726
15288.2 94.374
15288.6 94.3753
15288.9 94.3767
15289.3 94.378
15289.7 94.3793
15290 94.3806
15290.4 94.3819
15290.8 94.3831
15291.1 94.3843
15291.5 94.3854
15291.9 94.387
15292.2 94.388
15292.6 94.389
15293 94.3899
15293.3 94.3907
15293.7 94.3915
15294.1 94.3923
15294.4 94.3928
15294.8 94.3935
15295.2 94.3942
15295.5 94.3949
15295.9 94.3955
15296.3 94.3961
15296.6 94.3967
15297 94.3972
15297.4 94.3978
15297.7 94.3983
15298.1 94.3995
15298.5 94.4001
15298.8 94.4006
15299.2 94.4012
15299.6 94.4018
15299.9 94.4024
15300.3 94.403
15300.7 94.4036
15301 94.4042
15301.4 94.4048
15301.8 94.4055
15302.1 94.4061
15302.5 94.4068
15302.9 94.4075
15303.2 94.4082
15303.6 94.4089
15304 94.4096
15304.3 94.4107
15304.7 94.4114
15305.1 94.4121
15305.4 94.4127
15305.8 94.4133
15306.2 94.4138
15306.5 94.4144
15306.9 94.4149
15307.3 94.4153
15307.6 94.4158
15308 94.4163
15308.3 94.4167
15308.7 94.4172
15309.1 94.4176
15309.4 94.418
15309.8 94.4184
15310.2 94.4188
15310.5 94.4196
15310.9 94.42
15311.3 94.4204
15311.6 94.4209
15312 94.4213
15312.4 94.4218
15312.7 94.4223
15313.1 94.4228
15313.5 94.4234
15313.8 94.4239
15314.2 94.4245
15314.6 94.4251
15314.9 94.4258
15315.3 94.4264
15315.7 94.4272
15316 94.4279
15316.4 94.4286
15316.8 94.4301
15317.1 94.4309
15317.5 94.4317
15317.9 94.4325
15318.2 94.4333
15318.6 94.4341
15319 94.4349
15319.3 94.4357
15319.7 94.4365
15320.1 94.4373
15320.4 94.4379
15320.8 94.4386
15321.2 94.4392
15321.5 94.4399
15321.9 94.4405
15322.3 94.441
15322.6 94.4415
15323 94.4426
15323.4 94.443
15323.7 94.4435
15324.1 94.4439
15324.5 94.4443
15324.8 94.4447
15325.2 94.4451
15325.6 94.4455
15325.9 94.4459
15326.3 94.4464
15326.7 94.4468
15327 94.4472
15327.4 94.4476
15327.8 94.4481
15328.1 94.4484
15328.5 94.4489
15328.9 94.4497
15329.2 94.4502
15329.6 94.4506
15330 94.451
15330.3 94.4514
15330.7 94.4518
15331.1 94.4522
15331.4 94.4526
15331.8 94.453
15332.2 94.4533
15332.5 94.4537
15332.9 94.454
15333.3 94.4544
15333.6 94.4549
15334 94.4552
15334.3 94.4555
15334.7 94.4557
15335.1 94.4564
15335.4 94.4566
15335.8 94.4568
15336.2 94.4569
15336.5 94.4571
15336.9 94.4572
15337.3 94.4574
15337.6 94.4575
15338 94.4577
15338.4 94.4579
15338.7 94.4581
15339.1 94.4583
15339.5 94.4585
15339.8 94.4588
15340.2 94.459
15340.6 94.4594
15340.9 94.4597
15341.3 94.4604
15341.7 94.4608
15342 94.4612
15342.4 94.4616
15342.8 94.462
15343.1 94.4625
15343.5 94.4629
15343.9 94.4633
15344.2 94.4638
15344.6 94.4642
15345 94.4647
15345.3 94.4651
15345.7 94.4656
15346.1 94.466
15346.4 94.4666
15346.8 94.4671
15347.2 94.4676
15347.5 94.4687
15347.9 94.4691
15348.3 94.4696
15348.6 94.4701
15349 94.4706
15349.4 94.4711
15349.7 94.4716
15350.1 94.472
15350.5 94.4725
15350.8 94.473
15351.2 94.4734
15351.6 94.4739
15351.9 94.4744
15352.3 94.4748
15352.7 94.4753
15353 94.4759
15353.4 94.4763
15353.8 94.4774
15354.1 94.4779
15354.5 94.4783
15354.9 94.4788
15355.2 94.4793
15355.6 94.4798
15356 94.4803
15356.3 94.4808
15356.7 94.4813
15357.1 94.4818
15357.4 94.4823
15357.8 94.4827
15358.2 94.4832
15358.5 94.4837
15358.9 94.4842
15359.3 94.4846
15359.6 94.4854
15360 94.4858
15360.4 94.4863
15360.7 94.4867
15361.1 94.4871
15361.4 94.4876
15361.8 94.488
15362.2 94.4884
15362.5 94.4889
15362.9 94.4893
15363.3 94.4898
15363.6 94.4902
15364 94.4907
15364.4 94.4911
15364.7 94.4916
15365.1 94.492
15365.5 94.4924
15365.8 94.4934
15366.2 94.494
15366.6 94.4945
15366.9 94.495
15367.3 94.4955
15367.7 94.4959
15368 94.4964
15368.4 94.4969
15368.8 94.4974
15369.1 94.4979
15369.5 94.4983
15369.9 94.4988
15370.2 94.4993
15370.6 94.4998
15371 94.5002
15371.3 94.5006
15371.7 94.5011
15372.1 94.5022
15372.4 94.5026
15372.8 94.5033
15373.2 94.5037
15373.5 94.5041
15373.9 94.5044
15374.3 94.5048
15374.6 94.5051
15375 94.5054
15375.4 94.5057
15375.7 94.506
15376.1 94.5062
15376.5 94.5064
15376.8 94.5065
15377.2 94.5066
15377.6 94.5067
15377.9 94.5067
15378.3 94.507
15378.7 94.507
15379 94.5073
15379.4 94.5072
15379.8 94.5071
15380.1 94.507
15380.5 94.5069
15380.9 94.5068
15381.2 94.5068
15381.6 94.5067
15382 94.5067
15382.3 94.5066
15382.7 94.5066
15383.1 94.5067
15383.4 94.5067
15383.8 94.5068
15384.2 94.5068
15384.5 94.5073
15384.9 94.5074
15385.3 94.5076
15385.6 94.508
15386 94.5082
15386.4 94.5083
15386.7 94.5085
15387.1 94.5087
15387.5 94.5089
15387.8 94.5091
15388.2 94.5094
15388.5 94.5096
15388.9 94.5098
15389.3 94.51
15389.6 94.5103
15390 94.5105
15390.4 94.5107
15390.7 94.5114
15391.1 94.5116
15391.5 94.5118
15391.8 94.5121
15392.2 94.5124
15392.6 94.5126
15392.9 94.5128
15393.3 94.5129
15393.7 94.5131
15394 94.5132
15394.4 94.5134
15394.8 94.5135
15395.1 94.5136
15395.5 94.5137
15395.9 94.5138
15396.2 94.5138
15396.6 94.514
15397 94.514
15397.3 94.5141
15397.7 94.5141
15398.1 94.5141
15398.4 94.514
15398.8 94.5144
15399.2 94.5144
15399.5 94.5144
15399.9 94.5144
15400.3 94.5144
15400.6 94.5144
15401 94.5144
15401.4 94.5144
15401.7 94.5144
15402.1 94.5144
15402.5 94.5145
15402.8 94.5152
15403.2 94.5152
15403.6 94.5153
15403.9 94.5154
15404.3 94.5155
15404.7 94.5156
15405 94.5158
15405.4 94.5164
15405.8 94.5165
15406.1 94.5166
15406.5 94.5166
15406.9 94.5167
15407.2 94.5168
15407.6 94.5168
15408 94.5168
15408.3 94.5168
15408.7 94.5167
15409.1 94.517
15409.4 94.5169
15409.8 94.5167
15410.2 94.5164
15410.5 94.5161
15410.9 94.5158
15411.3 94.5154
15411.6 94.515
15412 94.5152
15412.4 94.5147
15412.7 94.5142
15413.1 94.5136
15413.5 94.5131
15413.8 94.5125
15414.2 94.5118
15414.5 94.5112
15414.9 94.5105
15415.3 94.5098
15415.6 94.5092
15416 94.5085
15416.4 94.5078
15416.7 94.5071
15417.1 94.5064
15417.5 94.5057
15417.8 94.505
15418.2 94.505
15418.6 94.5043
15418.9 94.5036
15419.3 94.5029
15419.7 94.5022
15420 94.5015
15420.4 94.5008
15420.8 94.5001
15421.1 94.4994
15421.5 94.4987
15421.9 94.498
15422.2 94.4973
15422.6 94.4966
15423 94.4959
15423.3 94.4952
15423.7 94.4945
15424.1 94.4939
15424.4 94.4932
15424.8 94.4934
15425.2 94.4928
15425.5 94.4923
15425.9 94.4918
15426.3 94.4913
15426.6 94.4909
15427 94.4905
15427.4 94.4905
15427.7 94.4902
15428.1 94.49
15428.5 94.4899
15428.8 94.4898
15429.2 94.4898
15429.6 94.4898
15429.9 94.4899
15430.3 94.49
15430.7 94.4902
15431 94.4904
15431.4 94.491
15431.8 94.4912
15432.1 94.4915
15432.5 94.4918
15432.9 94.4921
15433.2 94.4923
15433.6 94.4931
15434 94.4933
15434.3 94.4935
15434.7 94.4937
15435.1 94.4938
15435.4 94.4939
15435.8 94.4939
15436.2 94.4939
15436.5 94.4939
15436.9 94.4938
15437.3 94.4937
15437.6 94.4936
15438 94.4939
15438.4 94.4937
15438.7 94.4935
15439.1 94.4933
15439.5 94.493
15439.8 94.493
15440.2 94.4927
15440.6 94.4924
15440.9 94.4921
15441.3 94.4918
15441.6 94.4914
15442 94.4911
15442.4 94.4908
15442.7 94.4904
15443.1 94.4901
15443.5 94.4898
15443.8 94.4895
15444.2 94.4892
15444.6 94.4892
15444.9 94.4889
15445.3 94.4887
15445.7 94.4884
15446 94.4883
15446.4 94.4881
15446.8 94.4879
15447.1 94.4877
15447.5 94.4876
15447.9 94.4875
15448.2 94.4873
15448.6 94.4873
15449 94.4872
15449.3 94.4871
15449.7 94.4871
15450.1 94.4871
15450.4 94.4871
15450.8 94.4873
15451.2 94.4874
15451.5 94.4875
15451.9 94.4875
15452.3 94.4879
15452.6 94.488
15453 94.4882
15453.4 94.4883
15453.7 94.4884
15454.1 94.4885
15454.5 94.4885
15454.8 94.4886
15455.2 94.4886
15455.6 94.4886
15455.9 94.4886
15456.3 94.4885
15456.7 94.4883
15457 94.4882
15457.4 94.4882
15457.8 94.488
15458.1 94.4877
15458.5 94.4874
15458.9 94.4871
15459.2 94.4867
15459.6 94.4863
15460 94.4859
15460.3 94.4855
15460.7 94.4851
15461.1 94.4846
15461.4 94.4842
15461.8 94.4838
15462.2 94.4834
15462.5 94.483
15462.9 94.4826
15463.3 94.4822
15463.6 94.4819
15464 94.4818
15464.4 94.4814
15464.7 94.4811
15465.1 94.4809
15465.5 94.4806
15465.8 94.4805
15466.2 94.4803
15466.6 94.4802
15466.9 94.4801
15467.3 94.4801
15467.7 94.4801
15468 94.4802
15468.4 94.4803
15468.7 94.4805
15469.1 94.4807
15469.5 94.481
15469.8 94.4813
15470.2 94.4816
15470.6 94.482
15470.9 94.4824
15471.3 94.4828
15471.7 94.4833
15472 94.4838
15472.4 94.4844
15472.8 94.4849
15473.1 94.4854
15473.5 94.4859
15473.9 94.4864
15474.2 94.4869
15474.6 94.4874
15475 94.4879
15475.3 94.4884
15475.7 94.4888
15476.1 94.4892
15476.4 94.4896
15476.8 94.4901
15477.2 94.4903
15477.5 94.4907
15477.9 94.4911
15478.3 94.4914
15478.6 94.4918
15479 94.4922
15479.4 94.4925
15479.7 94.4929
15480.1 94.4932
15480.5 94.4936
15480.8 94.4939
15481.2 94.4942
15481.6 94.4944
15481.9 94.4946
15482.3 94.4948
15482.7 94.4949
15483 94.4951
15483.4 94.4951
15483.8 94.4951
15484.1 94.4951
15484.5 94.4951
15484.9 94.495
15485.2 94.4949
15485.6 94.4947
15486 94.4945
15486.3 94.4943
15486.7 94.4941
15487.1 94.4939
15487.4 94.4937
15487.8 94.4934
15488.2 94.4932
15488.5 94.4929
15488.9 94.4927
15489.3 94.4924
15489.6 94.4921
15490 94.4921
15490.4 94.4919
15490.7 94.4916
15491.1 94.4914
15491.5 94.4912
15491.8 94.491
15492.2 94.4908
15492.6 94.4906
15492.9 94.4904
15493.3 94.4903
15493.7 94.4901
15494 94.49
15494.4 94.4899
15494.8 94.4898
15495.1 94.49
15495.5 94.49
15495.8 94.49
15496.2 94.49
15496.6 94.4902
15496.9 94.4902
15497.3 94.4904
15497.7 94.4905
15498 94.4907
15498.4 94.491
15498.8 94.4913
15499.1 94.4917
15499.5 94.4921
15499.9 94.4927
15500.2 94.4933
15500.6 94.494
15501 94.4947
15501.3 94.4957
15501.7 94.4965
15502.1 94.4973
15502.4 94.4981
15502.8 94.4989
15503.2 94.4991
15503.5 94.4999
15503.9 94.5007
15504.3 94.5015
15504.6 94.5022
15505 94.503
15505.4 94.5037
15505.7 94.5043
15506.1 94.505
15506.5 94.5057
15506.8 94.5063
15507.2 94.507
15507.6 94.5079
15507.9 94.5086
15508.3 94.5093
15508.7 94.51
15509 94.5107
15509.4 94.5115
15509.8 94.5118
15510.1 94.5126
15510.5 94.5134
15510.9 94.5143
15511.2 94.5152
15511.6 94.5161
15512 94.5171
15512.3 94.5181
15512.7 94.5191
15513.1 94.5201
15513.4 94.5212
15513.8 94.5226
15514.2 94.5236
15514.5 94.5246
15514.9 94.5256
15515.3 94.5265
15515.6 94.5274
15516 94.5282
15516.4 94.5285
15516.7 94.5293
15517.1 94.53
15517.5 94.5307
15517.8 94.5313
15518.2 94.5319
15518.6 94.5325
15518.9 94.533
15519.3 94.5335
15519.7 94.5339
15520 94.5346
15520.4 94.535
15520.8 94.5354
15521.1 94.5358
15521.5 94.5362
15521.8 94.5366
15522.2 94.537
15522.6 94.5372
15522.9 94.5376
15523.3 94.5379
15523.7 94.5383
15524 94.5386
15524.4 94.5389
15524.8 94.5393
15525.1 94.5396
15525.5 94.5399
15525.9 94.5404
15526.2 94.5407
15526.6 94.5411
15527 94.5415
15527.3 94.542
15527.7 94.5425
15528.1 94.543
15528.4 94.5436
15528.8 94.5442
15529.2 94.5442
15529.5 94.5449
15529.9 94.5455
15530.3 94.5462
15530.6 94.5469
15531 94.5476
15531.4 94.5483
15531.7 94.5491
15532.1 94.5497
15532.5 94.5504
15532.8 94.551
15533.2 94.5516
15533.6 94.5522
15533.9 94.5528
15534.3 94.5533
15534.7 94.5539
15535 94.5544
15535.4 94.5548
15535.8 94.5547
15536.1 94.5552
15536.5 94.5556
15536.9 94.556
15537.2 94.5564
15537.6 94.5567
15538 94.5571
15538.3 94.5574
15538.7 94.5578
15539.1 94.5582
15539.4 94.5585
15539.8 94.559
15540.2 94.5595
15540.5 94.56
15540.9 94.5605
15541.3 94.5611
15541.6 94.5617
15542 94.5624
15542.4 94.5626
15542.7 94.5633
15543.1 94.5641
15543.5 94.5649
15543.8 94.5657
15544.2 94.5666
15544.6 94.5677
15544.9 94.5686
15545.3 94.5695
15545.7 94.5703
15546 94.5712
15546.4 94.572
15546.8 94.5728
15547.1 94.5737
15547.5 94.5745
15547.9 94.5752
15548.2 94.576
15548.6 94.5768
15548.9 94.5771
15549.3 94.5779
15549.7 94.5787
15550 94.5794
15550.4 94.5802
15550.8 94.5812
15551.1 94.582
15551.5 94.5827
15551.9 94.5834
15552.2 94.5842
15552.6 94.5849
15553 94.5857
15553.3 94.5865
15553.7 94.5873
15554.1 94.5881
15554.4 94.5889
15554.8 94.5898
15555.2 94.5906
15555.5 94.5906
15555.9 94.5915
15556.3 94.5923
15556.6 94.5932
15557 94.5941
15557.4 94.5949
15557.7 94.5958
15558.1 94.5966
15558.5 94.5974
15558.8 94.5982
15559.2 94.599
15559.6 94.5998
15559.9 94.6006
15560.3 94.6014
15560.7 94.6022
15561 94.603
15561.4 94.6038
15561.8 94.6043
15562.1 94.6051
15562.5 94.606
15562.9 94.6075
15563.2 94.6085
15563.6 94.6095
15564 94.6105
15564.3 94.6116
15564.7 94.6127
15565.1 94.6139
15565.4 94.6151
15565.8 94.6163
15566.2 94.6176
15566.5 94.6189
15566.9 94.6202
15567.3 94.6215
15567.6 94.6228
15568 94.6241
15568.4 94.6246
15568.7 94.6258
15569.1 94.6276
15569.5 94.6288
15569.8 94.6299
15570.2 94.6311
15570.6 94.6322
15570.9 94.6332
15571.3 94.6342
15571.7 94.6352
15572 94.6361
15572.4 94.637
15572.8 94.6379
15573.1 94.6387
15573.5 94.6396
15573.9 94.6404
15574.2 94.6412
15574.6 94.6421
15575 94.6424
15575.3 94.6436
15575.7 94.6445
15576 94.6454
15576.4 94.6463
15576.8 94.6473
15577.1 94.6482
15577.5 94.6492
15577.9 94.6502
15578.2 94.6513
15578.6 94.6523
15579 94.6534
15579.3 94.6544
15579.7 94.6555
15580.1 94.6566
15580.4 94.6576
15580.8 94.6587
15581.2 94.6598
15581.5 94.6608
15581.9 94.662
15582.3 94.6631
15582.6 94.6642
15583 94.6654
15583.4 94.6665
15583.7 94.6676
15584.1 94.6688
15584.5 94.6699
15584.8 94.6711
15585.2 94.6722
15585.6 94.6733
15585.9 94.6744
15586.3 94.6756
15586.7 94.6767
15587 94.6778
15587.4 94.6789
15587.8 94.6803
15588.1 94.6805
15588.5 94.6815
15588.9 94.6826
15589.2 94.6836
15589.6 94.6846
15590 94.6856
15590.3 94.6866
15590.7 94.6875
15591.1 94.6884
15591.4 94.6892
15591.8 94.6901
15592.2 94.6909
15592.5 94.6917
15592.9 94.6924
15593.3 94.6932
15593.6 94.694
15594 94.6947
15594.4 94.6949
15594.7 94.6956
15595.1 94.6963
15595.5 94.697
15595.8 94.6978
15596.2 94.6986
15596.6 94.6994
15596.9 94.7003
15597.3 94.7012
15597.7 94.7021
15598 94.7031
15598.4 94.7041
15598.8 94.7052
15599.1 94.7063
15599.5 94.7075
15599.9 94.7092
15600.2 94.7106
15600.6 94.7119
15601 94.7124
15601.3 94.7138
15601.7 94.7153
15602 94.7168
15602.4 94.7184
15602.8 94.7199
15603.1 94.7215
15603.5 94.7231
15603.9 94.7248
15604.2 94.7265
15604.6 94.7283
15605 94.7301
15605.3 94.732
15605.7 94.7339
15606.1 94.7363
15606.4 94.7383
15606.8 94.7403
15607.2 94.7424
15607.5 94.7428
15607.9 94.7449
15608.3 94.747
15608.6 94.7492
15609 94.7514
15609.4 94.7536
15609.7 94.7557
15610.1 94.7579
15610.5 94.7601
15610.8 94.7622
15611.2 94.7643
15611.6 94.7663
15611.9 94.7681
15612.3 94.7704
15612.7 94.7721
15613 94.7738
15613.4 94.7754
15613.8 94.7769
15614.1 94.7774
15614.5 94.7789
15614.9 94.7803
15615.2 94.7817
15615.6 94.7831
15616 94.7844
15616.3 94.7856
15616.7 94.7869
15617.1 94.7881
15617.4 94.7893
15617.8 94.7905
15618.2 94.7916
15618.5 94.7933
15618.9 94.7944
15619.3 94.7955
15619.6 94.7966
15620 94.7978
15620.4 94.7989
15620.7 94.7994
15621.1 94.8005
15621.5 94.8016
15621.8 94.8027
15622.2 94.8038
15622.6 94.8049
15622.9 94.8061
15623.3 94.8072
15623.7 94.8083
15624 94.8095
15624.4 94.8111
15624.8 94.8123
15625.1 94.8135
15625.5 94.8148
15625.9 94.8162
15626.2 94.8176
15626.6 94.819
15627 94.8206
15627.3 94.8208
15627.7 94.8223
15628.1 94.8239
15628.4 94.8256
15628.8 94.8272
15629.1 94.8289
15629.5 94.8305
15629.9 94.8321
15630.2 94.8336
15630.6 94.8351
15631 94.8365
15631.3 94.8378
15631.7 94.8391
15632.1 94.8404
15632.4 94.8417
15632.8 94.8429
15633.2 94.8441
15633.5 94.8444
15633.9 94.8456
15634.3 94.8469
15634.6 94.8483
15635 94.8496
15635.4 94.851
15635.7 94.8524
15636.1 94.8538
15636.5 94.8552
15636.8 94.8572
15637.2 94.8586
15637.6 94.86
15637.9 94.8615
15638.3 94.8629
15638.7 94.8643
15639 94.8657
15639.4 94.8671
15639.8 94.8684
15640.1 94.869
15640.5 94.8703
15640.9 94.8716
15641.2 94.8729
15641.6 94.8742
15642 94.8755
15642.3 94.8768
15642.7 94.8781
15643.1 94.88
15643.4 94.8813
15643.8 94.8826
15644.2 94.8838
15644.5 94.8851
15644.9 94.8864
15645.3 94.8876
15645.6 94.8888
15646 94.89
15646.4 94.8912
15646.7 94.8918
15647.1 94.8929
15647.5 94.8941
15647.8 94.8953
15648.2 94.8964
15648.6 94.8975
15648.9 94.8986
15649.3 94.9003
15649.7 94.9014
15650 94.9025
15650.4 94.9036
15650.8 94.9047
15651.1 94.9058
15651.5 94.9068
15651.9 94.9079
15652.2 94.909
15652.6 94.9102
15653 94.9113
15653.3 94.9118
15653.7 94.9129
15654.1 94.914
15654.4 94.9151
15654.8 94.9163
15655.2 94.9174
15655.5 94.919
15655.9 94.9202
15656.2 94.9214
15656.6 94.9226
15657 94.9238
15657.3 94.9251
15657.7 94.9264
15658.1 94.9277
15658.4 94.929
15658.8 94.9303
15659.2 94.9316
15659.5 94.9329
15659.9 94.9333
15660.3 94.9346
15660.6 94.9359
15661 94.9371
15661.4 94.9388
15661.7 94.94
15662.1 94.9412
15662.5 94.9423
15662.8 94.9434
15663.2 94.9444
15663.6 94.9454
15663.9 94.9464
15664.3 94.9473
15664.7 94.9483
15665 94.9491
15665.4 94.9499
15665.8 94.9507
15666.1 94.9512
15666.5 94.9519
15666.9 94.9525
15667.2 94.953
15667.6 94.9538
15668 94.9542
15668.3 94.9546
15668.7 94.9548
15669.1 94.955
15669.4 94.9551
15669.8 94.9552
15670.2 94.9553
15670.5 94.9553
15670.9 94.9553
15671.3 94.9553
15671.6 94.9552
15672 94.9552
15672.4 94.9552
15672.7 94.9554
15673.1 94.9554
15673.5 94.9555
15673.8 94.9559
15674.2 94.9561
15674.6 94.9563
15674.9 94.9566
15675.3 94.9568
15675.7 94.9571
15676 94.9574
15676.4 94.9577
15676.8 94.9581
15677.1 94.9585
15677.5 94.9589
15677.9 94.9593
15678.2 94.9598
15678.6 94.9603
15679 94.9608
15679.3 94.9614
15679.7 94.9619
15680.1 94.9631
15680.4 94.9637
15680.8 94.9644
15681.2 94.965
15681.5 94.9657
15681.9 94.9664
15682.3 94.9672
15682.6 94.9679
15683 94.9687
15683.3 94.9694
15683.7 94.9702
15684.1 94.9709
15684.4 94.9716
15684.8 94.9723
15685.2 94.973
15685.5 94.9737
15685.9 94.9742
15686.3 94.9754
15686.6 94.976
15687 94.9766
15687.4 94.9772
15687.7 94.9778
15688.1 94.9784
15688.5 94.979
15688.8 94.9795
15689.2 94.9801
15689.6 94.9806
15689.9 94.9811
15690.3 94.9816
15690.7 94.9821
15691 94.9825
15691.4 94.983
15691.8 94.9834
15692.1 94.9842
15692.5 94.9845
15692.9 94.9849
15693.2 94.9853
15693.6 94.9857
15694 94.9861
15694.3 94.9865
15694.7 94.987
15695.1 94.9874
15695.4 94.9878
15695.8 94.9882
15696.2 94.9886
15696.5 94.9891
15696.9 94.9895
15697.3 94.9899
15697.6 94.9904
15698 94.9909
15698.4 94.9918
15698.7 94.9922
15699.1 94.9927
15699.5 94.9932
15699.8 94.9937
15700.2 94.9941
15700.6 94.9946
15700.9 94.9951
15701.3 94.9956
15701.7 94.996
15702 94.9965
15702.4 94.9969
15702.8 94.9973
15703.1 94.9977
15703.5 94.9981
15703.9 94.9985
15704.2 94.9988
15704.6 94.9996
15705 94.9999
15705.3 95.0004
15705.7 95.0007
15706.1 95.001
15706.4 95.0014
15706.8 95.0017
15707.2 95.002
15707.5 95.0023
15707.9 95.0026
15708.3 95.003
15708.6 95.0033
15709 95.0036
15709.3 95.0039
15709.7 95.0043
15710.1 95.0046
15710.4 95.005
15710.8 95.0058
15711.2 95.0061
15711.5 95.0065
15711.9 95.0069
15712.3 95.0073
15712.6 95.0076
15713 95.008
15713.4 95.0084
15713.7 95.0088
15714.1 95.0092
15714.5 95.0096
15714.8 95.0101
15715.2 95.0105
15715.6 95.0109
15715.9 95.0114
15716.3 95.0119
15716.7 95.0124
15717 95.0134
15717.4 95.014
15717.8 95.0145
15718.1 95.0151
15718.5 95.0156
15718.9 95.0163
15719.2 95.0169
15719.6 95.0175
15720 95.0182
15720.3 95.0189
15720.7 95.0196
15721.1 95.0202
15721.4 95.0209
15721.8 95.0216
15722.2 95.0222
15722.5 95.0228
15722.9 95.0233
15723.3 95.0242
15723.6 95.0247
15724 95.0252
15724.4 95.0256
15724.7 95.0259
15725.1 95.0263
15725.5 95.0266
15725.8 95.0269
15726.2 95.0271
15726.6 95.0274
15726.9 95.0276
15727.3 95.0278
15727.7 95.0279
15728 95.0281
15728.4 95.0282
15728.8 95.0283
15729.1 95.0286
15729.5 95.0286
15729.9 95.0287
15730.2 95.0287
15730.6 95.0286
15731 95.0286
15731.3 95.0285
15731.7 95.0286
15732.1 95.0285
15732.4 95.0284
15732.8 95.0283
15733.2 95.0282
15733.5 95.028
15733.9 95.0279
15734.3 95.0278
15734.6 95.0276
15735 95.0275
15735.4 95.0275
15735.7 95.0274
15736.1 95.0273
15736.4 95.0273
15736.8 95.0272
15737.2 95.0272
15737.5 95.0271
15737.9 95.0272
15738.3 95.0272
15738.6 95.0272
15739 95.0273
15739.4 95.0273
15739.7 95.0274
15740.1 95.0274
15740.5 95.0275
15740.8 95.0276
15741.2 95.0277
15741.6 95.028
15741.9 95.0283
15742.3 95.0285
15742.7 95.0288
15743 95.0292
15743.4 95.0296
15743.8 95.0301
15744.1 95.0306
15744.5 95.0308
15744.9 95.0314
15745.2 95.032
15745.6 95.0326
15746 95.0332
15746.3 95.0339
15746.7 95.0347
15747.1 95.0354
15747.4 95.0362
15747.8 95.0373
15748.2 95.0381
15748.5 95.0389
15748.9 95.0397
15749.3 95.0405
15749.6 95.0413
15750 95.042
15750.4 95.0427
15750.7 95.0434
15751.1 95.0437
15751.5 95.0444
15751.8 95.045
15752.2 95.0456
15752.6 95.0462
15752.9 95.0468
15753.3 95.0473
15753.7 95.0479
15754 95.0488
15754.4 95.0494
15754.8 95.0499
15755.1 95.0505
15755.5 95.051
15755.9 95.0516
15756.2 95.0522
15756.6 95.0528
15757 95.0534
15757.3 95.054
15757.7 95.0544
15758.1 95.0549
15758.4 95.0555
15758.8 95.0561
15759.2 95.0566
15759.5 95.0572
15759.9 95.0581
15760.3 95.0586
15760.6 95.0591
15761 95.0597
15761.4 95.0602
15761.7 95.0607
15762.1 95.0612
15762.5 95.0616
15762.8 95.0621
15763.2 95.0626
15763.5 95.063
15763.9 95.0634
15764.3 95.0636
15764.6 95.064
15765 95.0644
15765.4 95.0647
15765.7 95.065
15766.1 95.0655
15766.5 95.0658
15766.8 95.0661
15767.2 95.0664
15767.6 95.0667
15767.9 95.0669
15768.3 95.0672
15768.7 95.0674
15769 95.0676
15769.4 95.0678
15769.8 95.068
15770.1 95.0682
15770.5 95.0683
15770.9 95.0683
15771.2 95.0684
15771.6 95.0685
15772 95.0686
15772.3 95.0686
15772.7 95.0686
15773.1 95.0686
15773.4 95.0685
15773.8 95.0684
15774.2 95.0683
15774.5 95.0682
15774.9 95.0681
15775.3 95.068
15775.6 95.0679
15776 95.0677
15776.4 95.0676
15776.7 95.0675
15777.1 95.0676
15777.5 95.0676
15777.8 95.0675
15778.2 95.0674
15778.6 95.0677
15778.9 95.0677
15779.3 95.0677
15779.7 95.0678
15780 95.0679
15780.4 95.0681
15780.8 95.0683
15781.1 95.0685
15781.5 95.0687
15781.9 95.069
15782.2 95.0692
15782.6 95.0695
15783 95.0698
15783.3 95.0701
15783.7 95.0705
15784.1 95.0708
15784.4 95.0711
15784.8 95.0719
15785.2 95.0721
15785.5 95.0724
15785.9 95.0726
15786.3 95.0729
15786.6 95.0731
15787 95.0734
15787.4 95.0736
15787.7 95.0738
15788.1 95.074
15788.5 95.0742
15788.8 95.0744
15789.2 95.0745
15789.5 95.0747
15789.9 95.0748
15790.3 95.075
15790.6 95.0751
15791 95.0753
15791.4 95.0753
15791.7 95.0753
15792.1 95.0753
15792.5 95.0752
15792.8 95.0751
15793.2 95.075
15793.6 95.0748
15793.9 95.0746
15794.3 95.0744
15794.7 95.0741
15795 95.0739
15795.4 95.0737
15795.8 95.0734
15796.1 95.0732
15796.5 95.073
15796.9 95.0732
15797.2 95.073
15797.6 95.0729
15798 95.0727
15798.3 95.0726
15798.7 95.0726
15799.1 95.0725
15799.4 95.0725
15799.8 95.0724
15800.2 95.0724
15800.5 95.0725
15800.9 95.0725
15801.3 95.0726
15801.6 95.0726
15802 95.0727
15802.4 95.0729
15802.7 95.073
15803.1 95.0734
15803.5 95.0737
15803.8 95.0739
15804.2 95.0741
15804.6 95.0742
15804.9 95.0744
15805.3 95.0745
15805.7 95.0746
15806 95.0747
15806.4 95.0748
15806.8 95.0749
15807.1 95.0749
15807.5 95.0749
15807.9 95.0749
15808.2 95.0749
15808.6 95.0748
15809 95.0747
15809.3 95.0747
15809.7 95.0749
15810.1 95.0747
15810.4 95.0745
15810.8 95.0742
15811.2 95.0739
15811.5 95.0736
15811.9 95.0732
15812.3 95.0729
15812.6 95.0724
15813 95.072
15813.4 95.0716
15813.7 95.0711
15814.1 95.0706
15814.5 95.0702
15814.8 95.0696
15815.2 95.0691
15815.6 95.0686
15815.9 95.0681
15816.3 95.068
15816.6 95.0675
15817 95.067
15817.4 95.0666
15817.7 95.0661
15818.1 95.0656
15818.5 95.0652
15818.8 95.0648
15819.2 95.0643
15819.6 95.0639
15819.9 95.0635
15820.3 95.0631
15820.7 95.0627
15821 95.0624
15821.4 95.062
15821.8 95.0617
15822.1 95.0613
15822.5 95.061
15822.9 95.061
15823.2 95.0607
15823.6 95.0605
15824 95.0602
15824.3 95.06
15824.7 95.0598
15825.1 95.0597
15825.4 95.0596
15825.8 95.0595
15826.2 95.0595
15826.5 95.0596
15826.9 95.0596
15827.3 95.0597
15827.6 95.0602
15828 95.0604
15828.4 95.0606
15828.7 95.0608
15829.1 95.0611
15829.5 95.0613
15829.8 95.0616
15830.2 95.0618
15830.6 95.0621
15830.9 95.0623
15831.3 95.0624
15831.7 95.0626
15832 95.0627
15832.4 95.0628
15832.8 95.0628
15833.1 95.0629
15833.5 95.0629
15833.9 95.063
15834.2 95.0629
15834.6 95.0629
15835 95.0628
15835.3 95.0628
15835.7 95.0627
15836.1 95.0629
15836.4 95.0629
15836.8 95.0629
15837.2 95.0629
15837.5 95.0629
15837.9 95.063
15838.3 95.063
15838.6 95.0631
15839 95.0633
15839.4 95.0634
15839.7 95.0636
15840.1 95.0641
15840.5 95.0644
15840.8 95.0647
15841.2 95.065
15841.6 95.0653
15841.9 95.0657
15842.3 95.066
15842.7 95.0664
15843 95.0668
15843.4 95.0672
15843.7 95.0677
15844.1 95.0682
15844.5 95.0688
15844.8 95.0694
15845.2 95.0701
15845.6 95.0707
15845.9 95.0715
15846.3 95.0724
15846.7 95.0732
15847 95.0739
15847.4 95.0747
15847.8 95.0755
15848.1 95.0763
15848.5 95.077
15848.9 95.0773
15849.2 95.078
15849.6 95.0788
15850 95.0795
15850.3 95.0802
15850.7 95.0809
15851.1 95.0815
15851.4 95.0821
15851.8 95.0827
15852.2 95.0832
15852.5 95.0839
15852.9 95.0844
15853.3 95.0849
15853.6 95.0853
15854 95.0857
15854.4 95.0862
15854.7 95.0865
15855.1 95.0869
15855.5 95.087
15855.8 95.0874
15856.2 95.0878
15856.6 95.0882
15856.9 95.0885
15857.3 95.0889
15857.7 95.0893
15858 95.0897
15858.4 95.0901
15858.8 95.0906
15859.1 95.091
15859.5 95.0914
15859.9 95.0919
15860.2 95.0923
15860.6 95.0927
15861 95.0932
15861.3 95.0937
15861.7 95.0941
15862.1 95.0943
15862.4 95.0948
15862.8 95.0953
15863.2 95.0958
15863.5 95.0963
15863.9 95.0969
15864.3 95.0974
15864.6 95.0983
15865 95.0989
15865.4 95.0995
15865.7 95.1001
15866.1 95.1008
15866.5 95.1015
15866.8 95.1022
15867.2 95.1029
15867.6 95.1037
15867.9 95.1045
15868.3 95.1053
15868.7 95.1056
15869 95.1064
15869.4 95.1073
15869.8 95.1082
15870.1 95.1091
15870.5 95.1101
15870.8 95.1113
15871.2 95.1123
15871.6 95.1133
15871.9 95.1144
15872.3 95.1154
15872.7 95.1164
15873 95.1175
15873.4 95.1185
15873.8 95.1196
15874.1 95.1206
15874.5 95.1217
15874.9 95.1227
15875.2 95.1226
15875.6 95.1236
15876 95.1246
15876.3 95.1255
15876.7 95.1264
15877.1 95.1273
15877.4 95.1281
15877.8 95.129
15878.2 95.1298
15878.5 95.1306
15878.9 95.1314
15879.3 95.1322
15879.6 95.133
15880 95.1338
15880.4 95.1346
15880.7 95.1354
15881.1 95.1361
15881.5 95.1361
15881.8 95.1369
15882.2 95.1377
15882.6 95.1385
15882.9 95.1392
15883.3 95.1399
15883.7 95.1406
15884 95.1413
15884.4 95.1419
15884.8 95.1425
15885.1 95.143
15885.5 95.1435
15885.9 95.144
15886.2 95.1445
15886.6 95.1449
15887 95.1453
15887.3 95.1458
15887.7 95.1462
15888.1 95.1462
15888.4 95.1466
15888.8 95.147
15889.2 95.1474
15889.5 95.1479
15889.9 95.1484
15890.3 95.1489
15890.6 95.1494
15891 95.1499
15891.4 95.1504
15891.7 95.1509
15892.1 95.1515
15892.5 95.152
15892.8 95.1526
15893.2 95.1532
15893.6 95.1539
15893.9 95.1545
15894.3 95.1552
15894.7 95.1554
15895 95.1561
15895.4 95.157
15895.8 95.1577
15896.1 95.1585
15896.5 95.1592
15896.8 95.1599
15897.2 95.1607
15897.6 95.1614
15897.9 95.1622
15898.3 95.1629
15898.7 95.1637
15899 95.1644
15899.4 95.1651
15899.8 95.1659
15900.1 95.1665
15900.5 95.1673
15900.9 95.1679
15901.2 95.1682
15901.6 95.1691
15902 95.1697
15902.3 95.1704
15902.7 95.171
15903.1 95.1717
15903.4 95.1724
15903.8 95.1731
15904.2 95.1739
15904.5 95.1747
15904.9 95.1755
15905.3 95.1764
15905.6 95.1774
15906 95.1784
15906.4 95.1795
15906.7 95.1807
15907.1 95.182
15907.5 95.1833
15907.8 95.1839
15908.2 95.1853
15908.6 95.1868
15908.9 95.1884
15909.3 95.19
15909.7 95.1916
15910 95.1933
15910.4 95.1951
15910.8 95.1968
15911.1 95.1986
15911.5 95.2004
15911.9 95.2022
15912.2 95.204
15912.6 95.2058
15913 95.2076
15913.3 95.2093
15913.7 95.2109
15914.1 95.2112
15914.4 95.2128
15914.8 95.2143
15915.2 95.2157
15915.5 95.2171
15915.9 95.2184
15916.3 95.2196
15916.6 95.2208
15917 95.2219
15917.4 95.2229
15917.7 95.2239
15918.1 95.2248
15918.5 95.2257
15918.8 95.2266
15919.2 95.2274
15919.6 95.2282
15919.9 95.2289
15920.3 95.2297
15920.7 95.2297
15921 95.2304
15921.4 95.231
15921.8 95.2315
15922.1 95.2321
15922.5 95.2326
15922.9 95.2331
15923.2 95.2336
15923.6 95.2341
15923.9 95.2346
15924.3 95.235
15924.7 95.2355
15925 95.236
15925.4 95.2365
15925.8 95.237
15926.1 95.2375
15926.5 95.238
15926.9 95.2386
15927.2 95.2386
15927.6 95.2392
15928 95.2399
15928.3 95.2406
15928.7 95.2413
15929.1 95.242
15929.4 95.2428
15929.8 95.2435
15930.2 95.2443
15930.5 95.2452
15930.9 95.246
15931.3 95.2469
15931.6 95.2478
15932 95.2487
15932.4 95.2497
15932.7 95.2506
15933.1 95.2516
15933.5 95.2526
15933.8 95.2527
15934.2 95.2537
15934.6 95.2546
15934.9 95.2556
15935.3 95.2566
15935.7 95.2576
15936 95.2586
15936.4 95.2597
15936.8 95.2607
15937.1 95.2617
15937.5 95.2628
15937.9 95.2638
15938.2 95.2648
15938.6 95.2661
15939 95.2671
15939.3 95.268
15939.7 95.269
15940.1 95.27
15940.4 95.2701
15940.8 95.2711
15941.2 95.272
15941.5 95.2728
15941.9 95.2737
15942.3 95.2744
15942.6 95.2752
15943 95.276
15943.4 95.2767
15943.7 95.2774
15944.1 95.2781
15944.5 95.2788
15944.8 95.2795
15945.2 95.2802
15945.6 95.2808
15945.9 95.2815
15946.3 95.2821
15946.7 95.2827
15947 95.2828
15947.4 95.2833
15947.8 95.2839
15948.1 95.2845
15948.5 95.285
15948.9 95.2856
15949.2 95.2861
15949.6 95.2866
15950 95.2871
15950.3 95.2876
15950.7 95.2881
15951 95.2887
15951.4 95.2892
15951.8 95.2897
15952.1 95.2903
15952.5 95.2908
15952.9 95.2914
15953.2 95.2916
15953.6 95.2922
15954 95.2929
15954.3 95.2937
15954.7 95.2945
15955.1 95.2953
15955.4 95.2962
15955.8 95.2971
15956.2 95.2981
15956.5 95.2991
15956.9 95.3002
15957.3 95.3016
15957.6 95.3028
15958 95.304
15958.4 95.3053
15958.7 95.3066
15959.1 95.3079
15959.5 95.3092
15959.8 95.3095
15960.2 95.3108
15960.6 95.3122
15960.9 95.3135
15961.3 95.3148
15961.7 95.3162
15962 95.3175
15962.4 95.3188
15962.8 95.32
15963.1 95.3214
15963.5 95.3226
15963.9 95.3237
15964.2 95.3248
15964.6 95.3259
15965 95.3269
15965.3 95.328
15965.7 95.329
15966.1 95.3299
15966.4 95.3301
15966.8 95.3311
15967.2 95.3321
15967.5 95.333
15967.9 95.334
15968.3 95.335
15968.6 95.336
15969 95.337
15969.4 95.3382
15969.7 95.3393
15970.1 95.3405
15970.5 95.3416
15970.8 95.3428
15971.2 95.344
15971.6 95.3452
15971.9 95.3465
15972.3 95.3477
15972.7 95.349
15973 95.3493
15973.4 95.3506
15973.8 95.352
15974.1 95.3533
15974.5 95.3547
15974.9 95.356
15975.2 95.3574
15975.6 95.359
15976 95.3604
15976.3 95.3617
15976.7 95.3631
15977 95.3645
15977.4 95.3658
15977.8 95.3671
15978.1 95.3685
15978.5 95.3698
15978.9 95.3711
15979.2 95.3724
15979.6 95.3727
15980 95.3739
15980.3 95.3752
15980.7 95.3764
15981.1 95.3776
15981.4 95.3787
15981.8 95.38
15982.2 95.3811
15982.5 95.3821
15982.9 95.3832
15983.3 95.3842
15983.6 95.3852
15984 95.3861
15984.4 95.387
15984.7 95.3878
15985.1 95.3886
15985.5 95.3894
15985.8 95.3895
15986.2 95.3903
15986.6 95.391
15986.9 95.3917
15987.3 95.3924
15987.7 95.3931
15988 95.3939
15988.4 95.3946
15988.8 95.3953
15989.1 95.396
15989.5 95.3968
15989.9 95.3976
15990.2 95.3985
15990.6 95.3994
15991 95.4003
15991.3 95.4013
15991.7 95.4023
15992.1 95.4034
15992.4 95.4036
15992.8 95.4047
15993.2 95.4059
15993.5 95.407
15993.9 95.4082
15994.3 95.4096
15994.6 95.4108
15995 95.4119
15995.4 95.4131
15995.7 95.4142
15996.1 95.4153
15996.5 95.4164
15996.8 95.4174
15997.2 95.4184
15997.6 95.4193
15997.9 95.4203
15998.3 95.4211
15998.7 95.422
15999 95.4222
15999.4 95.423
15999.8 95.4238
16000.1 95.4247
16000.5 95.4253
16000.9 95.4259
16001.2 95.4265
16001.6 95.427
16002 95.4275
16002.3 95.428
16002.7 95.4285
16003.1 95.4289
16003.4 95.4293
16003.8 95.4298
16004.1 95.4302
16004.5 95.4306
16004.9 95.431
16005.2 95.4314
16005.6 95.4315
16006 95.432
16006.3 95.4325
16006.7 95.433
16007.1 95.4334
16007.4 95.4339
16007.8 95.4344
16008.2 95.4349
16008.5 95.4354
16008.9 95.4359
16009.3 95.4364
16009.6 95.4368
16010 95.4373
16010.4 95.4377
16010.7 95.4381
16011.1 95.4385
16011.5 95.4389
16011.8 95.4393
16012.2 95.4392
16012.6 95.4395
16012.9 95.4398
16013.3 95.4401
16013.7 95.4404
16014 95.4406
16014.4 95.4409
16014.8 95.4411
16015.1 95.4413
16015.5 95.4415
16015.9 95.4417
16016.2 95.4419
16016.6 95.4421
16017 95.4423
16017.3 95.4426
16017.7 95.4428
16018.1 95.443
16018.4 95.4433
16018.8 95.4432
16019.2 95.4435
16019.5 95.4439
16019.9 95.4443
16020.3 95.4448
16020.6 95.4452
16021 95.4457
16021.4 95.4462
16021.7 95.4468
16022.1 95.4473
16022.5 95.4478
16022.8 95.4484
16023.2 95.4489
16023.6 95.4495
16023.9 95.45
16024.3 95.4506
16024.7 95.4511
16025 95.4517
16025.4 95.4522
16025.8 95.4528
16026.1 95.4534
16026.5 95.4539
16026.9 95.4545
16027.2 95.4551
16027.6 95.4557
16028 95.4562
16028.3 95.4568
16028.7 95.4574
16029.1 95.4579
16029.4 95.4584
16029.8 95.4589
16030.2 95.4594
16030.5 95.4599
16030.9 95.4605
16031.2 95.461
16031.6 95.4611
16032 95.4615
16032.3 95.462
16032.7 95.4624
16033.1 95.4628
16033.4 95.4632
16033.8 95.4636
16034.2 95.464
16034.5 95.4644
16034.9 95.4648
16035.3 95.4653
16035.6 95.4658
16036 95.4662
16036.4 95.4667
16036.7 95.4672
16037.1 95.4679
16037.5 95.4684
16037.8 95.4689
16038.2 95.4691
16038.6 95.4696
16038.9 95.4701
16039.3 95.4706
16039.7 95.4712
16040 95.4717
16040.4 95.4722
16040.8 95.4727
16041.1 95.4732
16041.5 95.4736
16041.9 95.4741
16042.2 95.4745
16042.6 95.4748
16043 95.4752
16043.3 95.4755
16043.7 95.4758
16044.1 95.476
16044.4 95.4761
16044.8 95.4761
16045.2 95.4762
16045.5 95.4763
16045.9 95.4764
16046.3 95.4764
16046.6 95.4764
16047 95.4764
16047.4 95.4764
16047.7 95.4764
16048.1 95.4763
16048.5 95.4763
16048.8 95.4763
16049.2 95.4762
16049.6 95.4762
16049.9 95.4762
16050.3 95.4762
16050.7 95.4762
16051 95.4762
16051.4 95.4762
16051.8 95.4763
16052.1 95.4763
16052.5 95.4764
16052.9 95.4765
16053.2 95.4766
16053.6 95.4767
16054 95.4768
16054.3 95.477
16054.7 95.4771
16055.1 95.4772
16055.4 95.4773
16055.8 95.4775
16056.2 95.4776
16056.5 95.4778
16056.9 95.4779
16057.3 95.4781
16057.6 95.4781
16058 95.4783
16058.3 95.4785
16058.7 95.4786
16059.1 95.4788
16059.4 95.479
16059.8 95.4791
16060.2 95.4793
16060.5 95.4796
16060.9 95.4798
16061.3 95.4801
16061.6 95.4803
16062 95.4807
16062.4 95.481
16062.7 95.4813
16063.1 95.4817
16063.5 95.482
16063.8 95.4823
16064.2 95.4824
16064.6 95.4827
16064.9 95.483
16065.3 95.4833
16065.7 95.4836
16066 95.4839
16066.4 95.4841
16066.8 95.4844
16067.1 95.4845
16067.5 95.4847
16067.9 95.4847
16068.2 95.4848
16068.6 95.4848
16069 95.4849
16069.3 95.4849
16069.7 95.4849
16070.1 95.4848
16070.4 95.4848
16070.8 95.4847
16071.2 95.4846
16071.5 95.4845
16071.9 95.4845
16072.3 95.4844
16072.6 95.4843
16073 95.4843
16073.4 95.4842
16073.7 95.4841
16074.1 95.4841
16074.5 95.484
16074.8 95.484
16075.2 95.4839
16075.6 95.4839
16075.9 95.4839
16076.3 95.4838
16076.7 95.4838
16077 95.4837
16077.4 95.4839
16077.8 95.4838
16078.1 95.4838
16078.5 95.4837
16078.9 95.4836
16079.2 95.4835
16079.6 95.4835
16080 95.4834
16080.3 95.4834
16080.7 95.4833
16081.1 95.4832
16081.4 95.4831
16081.8 95.483
16082.2 95.4828
16082.5 95.4827
16082.9 95.4826
16083.3 95.4824
16083.6 95.4823
16084 95.4824
16084.3 95.4823
16084.7 95.4821
16085.1 95.4819
16085.4 95.4818
16085.8 95.4816
16086.2 95.4814
16086.5 95.4813
16086.9 95.4812
16087.3 95.481
16087.6 95.4809
16088 95.4807
16088.4 95.4806
16088.7 95.4805
16089.1 95.4804
16089.5 95.4804
16089.8 95.4803
16090.2 95.4803
16090.6 95.4804
16090.9 95.4804
16091.3 95.4805
16091.7 95.4806
16092 95.4807
16092.4 95.4808
16092.8 95.4811
16093.1 95.4813
16093.5 95.4814
16093.9 95.4817
16094.2 95.4819
16094.6 95.4821
16095 95.4823
16095.3 95.4826
16095.7 95.4828
16096.1 95.483
16096.4 95.4832
16096.8 95.4834
16097.2 95.4836
16097.5 95.4837
16097.9 95.4839
16098.3 95.484
16098.6 95.4841
16099 95.4841
16099.4 95.4841
16099.7 95.484
16100.1 95.4839
16100.5 95.4838
16100.8 95.4836
16101.2 95.4834
16101.6 95.4832
16101.9 95.4829
16102.3 95.4826
16102.7 95.4822
16103 95.4819
16103.4 95.4818
16103.8 95.4815
16104.1 95.4811
16104.5 95.4806
16104.9 95.4801
16105.2 95.4796
16105.6 95.4791
16106 95.4787
16106.3 95.4782
16106.7 95.4778
16107.1 95.4774
16107.4 95.477
16107.8 95.4766
16108.2 95.4762
16108.5 95.4758
16108.9 95.4755
16109.3 95.4752
16109.6 95.4749
16110 95.4748
16110.4 95.4745
16110.7 95.4742
16111.1 95.474
16111.4 95.4737
16111.8 95.4735
16112.2 95.4733
16112.5 95.4731
16112.9 95.4728
16113.3 95.4726
16113.6 95.4723
16114 95.4721
16114.4 95.4718
16114.7 95.4715
16115.1 95.4712
16115.5 95.4709
16115.8 95.4705
16116.2 95.4702
16116.6 95.4703
16116.9 95.4699
16117.3 95.4697
16117.7 95.4693
16118 95.4689
16118.4 95.4686
16118.8 95.4682
16119.1 95.4679
16119.5 95.4675
16119.9 95.4672
16120.2 95.4668
16120.6 95.4665
16121 95.4662
16121.3 95.4659
16121.7 95.4656
16122.1 95.4654
16122.4 95.4651
16122.8 95.4649
16123.2 95.465
16123.5 95.4649
16123.9 95.4647
16124.3 95.4645
16124.6 95.4642
16125 95.464
16125.4 95.4638
16125.7 95.4635
16126.1 95.4633
16126.5 95.463
16126.8 95.4627
16127.2 95.4625
16127.6 95.4622
16127.9 95.4619
16128.3 95.4616
16128.7 95.4614
16129 95.4611
16129.4 95.4612
16129.8 95.461
16130.1 95.4607
16130.5 95.4603
16130.9 95.46
16131.2 95.4596
16131.6 95.4592
16132 95.4588
16132.3 95.4584
16132.7 95.4579
16133.1 95.4574
16133.4 95.4569
16133.8 95.4564
16134.2 95.4559
16134.5 95.4553
16134.9 95.4548
16135.3 95.4542
16135.6 95.4534
16136 95.4532
16136.4 95.4525
16136.7 95.4519
16137.1 95.4512
16137.5 95.4505
16137.8 95.4498
16138.2 95.4491
16138.5 95.4483
16138.9 95.4476
16139.3 95.4469
16139.6 95.4461
16140 95.4453
16140.4 95.4446
16140.7 95.4438
16141.1 95.443
16141.5 95.4423
16141.8 95.4411
16142.2 95.4403
16142.6 95.44
16142.9 95.4392
16143.3 95.4385
16143.7 95.4377
16144 95.4371
16144.4 95.4364
16144.8 95.4358
16145.1 95.4352
16145.5 95.4346
16145.9 95.4341
16146.2 95.4336
16146.6 95.4332
16147 95.4328
16147.3 95.4325
16147.7 95.4321
16148.1 95.4317
16148.4 95.4314
16148.8 95.4312
16149.2 95.431
16149.5 95.4308
16149.9 95.4306
16150.3 95.4305
16150.6 95.4303
16151 95.4302
16151.4 95.4301
16151.7 95.43
16152.1 95.4299
16152.5 95.4298
16152.8 95.4297
16153.2 95.4296
16153.6 95.4295
16153.9 95.4294
16154.3 95.4291
16154.7 95.429
16155 95.4288
16155.4 95.4286
16155.8 95.4285
16156.1 95.4282
16156.5 95.428
16156.9 95.4277
16157.2 95.4273
16157.6 95.4269
16158 95.4265
16158.3 95.4261
16158.7 95.4256
16159.1 95.425
16159.4 95.4245
16159.8 95.4239
16160.2 95.4233
16160.5 95.4224
16160.9 95.4217
16161.3 95.4211
16161.6 95.4204
16162 95.4198
16162.4 95.4196
16162.7 95.419
16163.1 95.4184
16163.5 95.4178
16163.8 95.4173
16164.2 95.4167
16164.5 95.4162
16164.9 95.4157
16165.3 95.4152
16165.6 95.4147
16166 95.4143
16166.4 95.4139
16166.7 95.4135
16167.1 95.413
16167.5 95.4126
16167.8 95.4122
16168.2 95.4118
16168.6 95.4119
16168.9 95.4115
16169.3 95.4111
16169.7 95.4107
16170 95.4103
16170.4 95.4099
16170.8 95.4095
16171.1 95.4091
16171.5 95.4087
16171.9 95.4082
16172.2 95.4078
16172.6 95.4073
16173 95.4069
16173.3 95.4064
16173.7 95.4059
16174.1 95.4053
16174.4 95.4048
16174.8 95.4043
16175.2 95.404
16175.5 95.4034
16175.9 95.4028
16176.3 95.4022
16176.6 95.4017
16177 95.4011
16177.4 95.4005
16177.7 95.4
16178.1 95.3994
16178.5 95.3989
16178.8 95.3982
16179.2 95.3978
16179.6 95.3975
16179.9 95.3971
16180.3 95.3968
16180.7 95.3966
16181 95.3964
16181.4 95.3962
16181.8 95.3962
16182.1 95.3961
16182.5 95.396
16182.9 95.396
16183.2 95.3959
16183.6 95.396
16184 95.396
16184.3 95.396
16184.7 95.3961
16185.1 95.3963
16185.4 95.3964
16185.8 95.3965
16186.2 95.3966
16186.5 95.3967
16186.9 95.3968
16187.3 95.3969
16187.6 95.397
16188 95.3971
16188.4 95.3971
16188.7 95.3972
16189.1 95.3972
16189.5 95.3973
16189.8 95.3973
16190.2 95.3974
16190.6 95.3974
16190.9 95.3974
16191.3 95.3975
16191.6 95.3975
16192 95.3975
16192.4 95.3975
16192.7 95.3975
16193.1 95.3975
16193.5 95.3975
16193.8 95.3975
16194.2 95.3975
16194.6 95.3975
16194.9 95.3976
16195.3 95.3976
16195.7 95.3976
16196 95.3976
16196.4 95.3977
16196.8 95.3977
16197.1 95.3978
16197.5 95.3979
16197.9 95.398
16198.2 95.3981
16198.6 95.3982
16199 95.3984
16199.3 95.3986
16199.7 95.3988
16200.1 95.399
16200.4 95.3993
16200.8 95.3996
16201.2 95.3996
16201.5 95.3999
16201.9 95.4003
16202.3 95.4006
16202.6 95.4009
16203 95.4012
16203.4 95.4014
16203.7 95.4017
16204.1 95.4019
16204.5 95.4021
16204.8 95.4022
16205.2 95.4023
16205.6 95.4024
16205.9 95.4024
16206.3 95.4023
16206.7 95.4023
16207 95.4022
16207.4 95.402
16207.8 95.4019
16208.1 95.4016
16208.5 95.4014
16208.9 95.4011
16209.2 95.4008
16209.6 95.4003
16210 95.3999
16210.3 95.3995
16210.7 95.3991
16211.1 95.3987
16211.4 95.3983
16211.8 95.3979
16212.2 95.3976
16212.5 95.3973
16212.9 95.397
16213.3 95.3967
16213.6 95.3965
16214 95.3963
16214.4 95.3962
16214.7 95.3961
16215.1 95.396
16215.5 95.3959
16215.8 95.3958
16216.2 95.3958
16216.6 95.3959
16216.9 95.3959
16217.3 95.396
16217.7 95.396
16218 95.3961
16218.4 95.3961
16218.7 95.3962
16219.1 95.3963
16219.5 95.3964
16219.8 95.3964
16220.2 95.3965
16220.6 95.3966
16220.9 95.3966
16221.3 95.3967
16221.7 95.3968
16222 95.3968
16222.4 95.397
16222.8 95.3971
16223.1 95.3973
16223.5 95.3975
16223.9 95.3978
16224.2 95.398
16224.6 95.3983
16225 95.3986
16225.3 95.399
16225.7 95.3994
16226.1 95.3998
16226.4 95.4002
16226.8 95.4007
16227.2 95.4012
16227.5 95.4011
16227.9 95.4016
16228.3 95.4021
16228.6 95.4026
16229 95.4032
16229.4 95.4039
16229.7 95.4045
16230.1 95.4051
16230.5 95.4058
16230.8 95.4064
16231.2 95.4071
16231.6 95.4077
16231.9 95.4084
16232.3 95.4091
16232.7 95.4097
16233 95.4104
16233.4 95.4111
16233.8 95.4117
16234.1 95.4119
16234.5 95.4126
16234.9 95.4132
16235.2 95.4138
16235.6 95.4144
16236 95.4149
16236.3 95.4154
16236.7 95.4158
16237.1 95.4162
16237.4 95.4166
16237.8 95.4169
16238.2 95.4171
16238.5 95.4173
16238.9 95.4174
16239.3 95.4175
16239.6 95.4175
16240 95.4175
16240.4 95.4175
16240.7 95.4174
16241.1 95.4174
16241.5 95.4172
16241.8 95.4171
16242.2 95.4169
16242.6 95.4167
16242.9 95.4165
16243.3 95.4163
16243.7 95.4161
16244 95.4159
16244.4 95.4157
16244.8 95.4155
16245.1 95.4154
16245.5 95.4153
16245.8 95.4152
16246.2 95.4151
16246.6 95.415
16246.9 95.415
16247.3 95.415
16247.7 95.415
16248 95.4151
16248.4 95.4151
16248.8 95.4152
16249.1 95.4153
16249.5 95.4154
16249.9 95.4156
16250.2 95.4157
16250.6 95.4158
16251 95.4159
16251.3 95.4161
16251.7 95.4162
16252.1 95.4163
16252.4 95.4164
16252.8 95.4165
16253.2 95.4166
16253.5 95.4166
16253.9 95.4167
16254.3 95.4168
16254.6 95.4169
16255 95.417
16255.4 95.4172
16255.7 95.4173
16256.1 95.4175
16256.5 95.4176
16256.8 95.4179
16257.2 95.4181
16257.6 95.4183
16257.9 95.4186
16258.3 95.419
16258.7 95.4193
16259 95.4197
16259.4 95.4202
16259.8 95.4207
16260.1 95.4207
16260.5 95.4212
16260.9 95.4218
16261.2 95.4224
16261.6 95.423
16262 95.4237
16262.3 95.4244
16262.7 95.425
16263.1 95.4257
16263.4 95.4263
16263.8 95.4269
16264.2 95.4275
16264.5 95.428
16264.9 95.4284
16265.3 95.4286
16265.6 95.4289
16266 95.4292
16266.4 95.4294
16266.7 95.4291
16267.1 95.4293
16267.5 95.4294
16267.8 95.4295
16268.2 95.4296
16268.6 95.4296
16268.9 95.4298
16269.3 95.4299
16269.7 95.4301
16270 95.4303
16270.4 95.4305
16270.8 95.4308
16271.1 95.4309
16271.5 95.4313
16271.8 95.4317
16272.2 95.4322
16272.6 95.4327
16272.9 95.4327
16273.3 95.4333
16273.7 95.4338
16274 95.4345
16274.4 95.4351
16274.8 95.4358
16275.1 95.4365
16275.5 95.4372
16275.9 95.4379
16276.2 95.4386
16276.6 95.4393
16277 95.4401
16277.3 95.441
16277.7 95.4417
16278.1 95.4425
16278.4 95.4433
16278.8 95.4441
16279.2 95.4448
16279.5 95.4449
16279.9 95.4457
16280.3 95.4465
16280.6 95.4472
16281 95.448
16281.4 95.4487
16281.7 95.4494
16282.1 95.4501
16282.5 95.4508
16282.8 95.4514
16283.2 95.4521
16283.6 95.4526
16283.9 95.4533
16284.3 95.4539
16284.7 95.4545
16285 95.4551
16285.4 95.4557
16285.8 95.4563
16286.1 95.4562
16286.5 95.4568
16286.9 95.4574
16287.2 95.458
16287.6 95.4587
16288 95.4593
16288.3 95.46
16288.7 95.4606
16289.1 95.4613
16289.4 95.462
16289.8 95.4626
16290.2 95.4633
16290.5 95.464
16290.9 95.4646
16291.3 95.4653
16291.6 95.466
16292 95.4666
16292.4 95.4672
16292.7 95.4673
16293.1 95.4679
16293.5 95.4685
16293.8 95.4691
16294.2 95.4697
16294.6 95.4703
16294.9 95.4709
16295.3 95.4714
16295.7 95.4719
16296 95.4725
16296.4 95.473
16296.8 95.4734
16297.1 95.4738
16297.5 95.4742
16297.9 95.4746
16298.2 95.475
16298.6 95.4753
16298.9 95.4756
16299.3 95.4756
16299.7 95.4758
16300 95.4761
16300.4 95.4763
16300.8 95.4766
16301.1 95.4769
16301.5 95.4772
16301.9 95.4774
16302.2 95.4778
16302.6 95.4782
16303 95.4786
16303.3 95.479
16303.7 95.4795
16304.1 95.4801
16304.4 95.4807
16304.8 95.4813
16305.2 95.482
16305.5 95.4828
16305.9 95.4827
16306.3 95.4835
16306.6 95.4843
16307 95.4851
16307.4 95.4859
16307.7 95.4868
16308.1 95.4876
16308.5 95.4885
16308.8 95.4894
16309.2 95.4903
16309.6 95.4912
16309.9 95.4921
16310.3 95.493
16310.7 95.4939
16311 95.4948
16311.4 95.4957
16311.8 95.4966
16312.1 95.4967
16312.5 95.4976
16312.9 95.4985
16313.2 95.4994
16313.6 95.5002
16314 95.5011
16314.3 95.502
16314.7 95.5028
16315.1 95.5036
16315.4 95.5044
16315.8 95.5051
16316.2 95.5059
16316.5 95.5066
16316.9 95.5074
16317.3 95.5081
16317.6 95.5088
16318 95.5095
16318.4 95.5102
16318.7 95.5103
16319.1 95.511
16319.5 95.5117
16319.8 95.5124
16320.2 95.5131
16320.6 95.5139
16320.9 95.5147
16321.3 95.5154
16321.7 95.5161
16322 95.5169
16322.4 95.5176
16322.8 95.5184
16323.1 95.5192
16323.5 95.52
16323.9 95.5207
16324.2 95.5215
16324.6 95.5223
16325 95.5231
16325.3 95.5232
16325.7 95.524
16326 95.5248
16326.4 95.5256
16326.8 95.5265
16327.1 95.5272
16327.5 95.528
16327.9 95.5288
16328.2 95.5296
16328.6 95.5303
16329 95.5311
16329.3 95.5318
16329.7 95.5325
16330.1 95.5333
16330.4 95.534
16330.8 95.5347
16331.2 95.5354
16331.5 95.5361
16331.9 95.5363
16332.3 95.537
16332.6 95.5377
16333 95.5386
16333.4 95.5393
16333.7 95.5401
16334.1 95.5408
16334.5 95.5415
16334.8 95.5422
16335.2 95.543
16335.6 95.5437
16335.9 95.5445
16336.3 95.5453
16336.7 95.5461
16337 95.5468
16337.4 95.5476
16337.8 95.5484
16338.1 95.5492
16338.5 95.5492
16338.9 95.5499
16339.2 95.5507
16339.6 95.5515
16340 95.5522
16340.3 95.5529
16340.7 95.5536
16341.1 95.5542
16341.4 95.5548
16341.8 95.5553
16342.2 95.5559
16342.5 95.5563
16342.9 95.5568
16343.3 95.5572
16343.6 95.5575
16344 95.5578
16344.4 95.5581
16344.7 95.5582
16345.1 95.5584
16345.5 95.5586
16345.8 95.5588
16346.2 95.559
16346.6 95.5591
16346.9 95.5592
16347.3 95.5594
16347.7 95.5595
16348 95.5596
16348.4 95.5597
16348.8 95.5599
16349.1 95.5601
16349.5 95.5603
16349.9 95.5605
16350.2 95.5607
16350.6 95.561
16351 95.5613
16351.3 95.5616
16351.7 95.562
16352 95.5624
16352.4 95.5628
16352.8 95.5632
16353.1 95.5637
16353.5 95.5641
16353.9 95.5646
16354.2 95.5651
16354.6 95.5656
16355 95.566
16355.3 95.5665
16355.7 95.567
16356.1 95.5675
16356.4 95.568
16356.8 95.5685
16357.2 95.569
16357.5 95.5697
16357.9 95.5699
16358.3 95.5703
16358.6 95.5707
16359 95.5711
16359.4 95.5715
16359.7 95.5718
16360.1 95.5722
16360.5 95.5725
16360.8 95.5727
16361.2 95.573
16361.6 95.5732
16361.9 95.5734
16362.3 95.5736
16362.7 95.5738
16363 95.5739
16363.4 95.5741
16363.8 95.5741
16364.1 95.5741
16364.5 95.574
16364.9 95.574
16365.2 95.5741
16365.6 95.5741
16366 95.5741
16366.3 95.5741
16366.7 95.574
16367.1 95.5739
16367.4 95.5738
16367.8 95.5737
16368.2 95.5736
16368.5 95.5734
16368.9 95.5732
16369.3 95.573
16369.6 95.5726
16370 95.5724
16370.4 95.5722
16370.7 95.572
16371.1 95.5719
16371.5 95.5717
16371.8 95.5715
16372.2 95.5714
16372.6 95.5713
16372.9 95.5712
16373.3 95.5711
16373.7 95.571
16374 95.5709
16374.4 95.5708
16374.8 95.5708
16375.1 95.5707
16375.5 95.5707
16375.9 95.5707
16376.2 95.5707
16376.6 95.5706
16377 95.5706
16377.3 95.5706
16377.7 95.5707
16378.1 95.5707
16378.4 95.5707
16378.8 95.5707
16379.1 95.5708
16379.5 95.5708
16379.9 95.5708
16380.2 95.5709
16380.6 95.5709
16381 95.5709
16381.3 95.571
16381.7 95.571
16382.1 95.5712
16382.4 95.5713
16382.8 95.5714
16383.2 95.5715
16383.5 95.5716
16383.9 95.5717
16384.3 95.5719
16384.6 95.572
16385 95.5722
16385.4 95.5724
16385.7 95.5726
16386.1 95.5729
16386.5 95.5732
16386.8 95.5735
16387.2 95.5738
16387.6 95.5742
16387.9 95.5745
16388.3 95.5751
16388.7 95.5756
16389 95.5761
16389.4 95.5766
16389.8 95.5772
16390.1 95.5778
16390.5 95.578
16390.9 95.5786
16391.2 95.5792
16391.6 95.5799
16392 95.5805
16392.3 95.5812
16392.7 95.5818
16393.1 95.5825
16393.4 95.5831
16393.8 95.5837
16394.2 95.5843
16394.5 95.5849
16394.9 95.5854
16395.3 95.5858
16395.6 95.5862
16396 95.5866
16396.4 95.5869
16396.7 95.5871
16397.1 95.5871
16397.5 95.5872
16397.8 95.5873
16398.2 95.5874
16398.6 95.5874
16398.9 95.5873
16399.3 95.5872
16399.7 95.587
16400 95.5868
16400.4 95.5866
16400.8 95.5861
16401.1 95.5858
16401.5 95.5855
16401.9 95.5851
16402.2 95.5848
16402.6 95.5845
16403 95.5842
16403.3 95.5838
16403.7 95.5837
16404.1 95.5834
16404.4 95.5832
16404.8 95.583
16405.2 95.5827
16405.5 95.5825
16405.9 95.5823
16406.2 95.5822
16406.6 95.582
16407 95.5818
16407.3 95.5817
16407.7 95.5815
16408.1 95.5814
16408.4 95.5812
16408.8 95.5811
16409.2 95.581
16409.5 95.5809
16409.9 95.5808
16410.3 95.5808
16410.6 95.5808
16411 95.5807
16411.4 95.5806
16411.7 95.5805
16412.1 95.5805
16412.5 95.5804
16412.8 95.5805
16413.2 95.5804
16413.6 95.5804
16413.9 95.5804
16414.3 95.5803
16414.7 95.5803
16415 95.5802
16415.4 95.5802
16415.8 95.5802
16416.1 95.5802
16416.5 95.5801
16416.9 95.5801
16417.2 95.58
16417.6 95.58
16418 95.5799
16418.3 95.5799
16418.7 95.5798
16419.1 95.5796
16419.4 95.5795
16419.8 95.5795
16420.2 95.5795
16420.5 95.5794
16420.9 95.5794
16421.3 95.5794
16421.6 95.5794
16422 95.5795
16422.4 95.5795
16422.7 95.5796
16423.1 95.5795
16423.5 95.5795
16423.8 95.5797
16424.2 95.5798
16424.6 95.5799
16424.9 95.58
16425.3 95.5802
16425.7 95.5804
16426 95.5805
16426.4 95.5807
16426.8 95.5809
16427.1 95.581
16427.5 95.5812
16427.9 95.5813
16428.2 95.5815
16428.6 95.5816
16429 95.5817
16429.3 95.5818
16429.7 95.5818
16430.1 95.5819
16430.4 95.582
16430.8 95.5821
16431.2 95.5822
16431.5 95.5822
16431.9 95.5823
16432.3 95.5823
16432.6 95.5824
16433 95.5824
16433.3 95.5825
16433.7 95.5826
16434.1 95.5827
16434.4 95.5828
16434.8 95.5829
16435.2 95.583
16435.5 95.5832
16435.9 95.5833
16436.3 95.5835
16436.6 95.5837
16437 95.5839
16437.4 95.5844
16437.7 95.5846
16438.1 95.5848
16438.5 95.585
16438.8 95.5852
16439.2 95.5854
16439.6 95.5856
16439.9 95.5858
16440.3 95.5859
16440.7 95.586
16441 95.5861
16441.4 95.5862
16441.8 95.5863
16442.1 95.5863
16442.5 95.5863
16442.9 95.5865
16443.2 95.5864
16443.6 95.5865
16444 95.5864
16444.3 95.5863
16444.7 95.5861
16445.1 95.5859
16445.4 95.5857
16445.8 95.5855
16446.2 95.5852
16446.5 95.585
16446.9 95.5847
16447.3 95.5844
16447.6 95.5842
16448 95.5839
16448.4 95.5837
16448.7 95.5835
16449.1 95.5837
16449.5 95.5835
16449.8 95.5835
16450.2 95.5834
16450.6 95.5833
16450.9 95.5832
16451.3 95.5832
16451.7 95.5831
16452 95.5832
16452.4 95.5832
16452.8 95.5833
16453.1 95.5833
16453.5 95.5835
16453.9 95.5836
16454.2 95.5837
16454.6 95.5839
16455 95.5841
16455.3 95.5842
16455.7 95.5845
16456.1 95.585
16456.4 95.5851
16456.8 95.5853
16457.2 95.5855
16457.5 95.5857
16457.9 95.5858
16458.3 95.586
16458.6 95.5862
16459 95.5864
16459.3 95.5866
16459.7 95.5868
16460.1 95.587
16460.4 95.5872
16460.8 95.5875
16461.2 95.5877
16461.5 95.5879
16461.9 95.5882
16462.3 95.5884
16462.6 95.5886
16463 95.5888
16463.4 95.5891
16463.7 95.5893
16464.1 95.5895
16464.5 95.5896
16464.8 95.5898
16465.2 95.59
16465.6 95.5901
16465.9 95.5901
16466.3 95.5902
16466.7 95.5902
16467 95.5902
16467.4 95.5902
16467.8 95.5902
16468.1 95.5901
16468.5 95.59
16468.9 95.59
16469.2 95.5898
16469.6 95.5896
16470 95.5894
16470.3 95.5891
16470.7 95.5889
16471.1 95.5886
16471.4 95.5882
16471.8 95.5879
16472.2 95.5875
16472.5 95.5871
16472.9 95.5867
16473.3 95.5863
16473.6 95.5858
16474 95.5854
16474.4 95.5849
16474.7 95.5844
16475.1 95.5839
16475.5 95.5838
16475.8 95.5834
16476.2 95.5829
16476.6 95.5824
16476.9 95.5819
16477.3 95.5814
16477.7 95.5809
16478 95.5805
16478.4 95.58
16478.8 95.5796
16479.1 95.5791
16479.5 95.5787
16479.9 95.5783
16480.2 95.5779
16480.6 95.5776
16481 95.5773
16481.3 95.577
16481.7 95.5768
16482.1 95.5769
16482.4 95.5766
16482.8 95.5765
16483.2 95.5763
16483.5 95.5761
16483.9 95.576
16484.3 95.5758
16484.6 95.5757
16485 95.5756
16485.3 95.5755
16485.7 95.5753
16486.1 95.5752
16486.4 95.5751
16486.8 95.575
16487.2 95.5748
16487.5 95.5746
16487.9 95.5744
16488.3 95.5745
16488.6 95.5742
16489 95.5739
16489.4 95.5736
16489.7 95.5732
16490.1 95.5729
16490.5 95.5726
16490.8 95.5722
16491.2 95.5719
16491.6 95.5715
16491.9 95.5712
16492.3 95.5709
16492.7 95.5705
16493 95.5702
16493.4 95.5699
16493.8 95.5696
16494.1 95.5693
16494.5 95.569
16494.9 95.5691
16495.2 95.5688
16495.6 95.5686
16496 95.5683
16496.3 95.5681
16496.7 95.5679
16497.1 95.5677
16497.4 95.5675
16497.8 95.5674
16498.2 95.5672
16498.5 95.5671
16498.9 95.567
16499.3 95.5671
16499.6 95.5671
16500 95.5671
16500.4 95.5672
16500.7 95.5673
16501.1 95.5674
16501.5 95.5675
16501.8 95.5677
16502.2 95.5679
16502.6 95.5681
16502.9 95.5683
16503.3 95.5685
16503.7 95.5687
16504 95.5689
16504.4 95.5692
16504.8 95.5694
16505.1 95.5697
16505.5 95.5699
16505.9 95.57
16506.2 95.5701
16506.6 95.5702
16507 95.5702
16507.3 95.5701
16507.7 95.5701
16508.1 95.5701
16508.4 95.5699
16508.8 95.5697
16509.2 95.5695
16509.5 95.5692
16509.9 95.5688
16510.3 95.5684
16510.6 95.5679
16511 95.5674
16511.4 95.5669
16511.7 95.5663
16512.1 95.5657
16512.4 95.5651
16512.8 95.5645
16513.2 95.5639
16513.5 95.5633
16513.9 95.5627
16514.3 95.562
16514.6 95.562
16515 95.5614
16515.4 95.5608
16515.7 95.5602
16516.1 95.5596
16516.5 95.559
16516.8 95.5585
16517.2 95.5579
16517.6 95.5574
16517.9 95.5569
16518.3 95.5564
16518.7 95.556
16519 95.5556
16519.4 95.5552
16519.8 95.5549
16520.1 95.5546
16520.5 95.5543
16520.9 95.5543
16521.2 95.554
16521.6 95.5538
16522 95.5536
16522.3 95.5533
16522.7 95.5532
16523.1 95.553
16523.4 95.5528
16523.8 95.5526
16524.2 95.5524
16524.5 95.5522
16524.9 95.5521
16525.3 95.5519
16525.6 95.5518
16526 95.5516
16526.4 95.5514
16526.7 95.5513
16527.1 95.5511
16527.5 95.5512
16527.8 95.551
16528.2 95.5509
16528.6 95.5508
16528.9 95.5507
16529.3 95.5505
16529.7 95.5504
16530 95.5503
16530.4 95.5502
16530.8 95.55
16531.1 95.5499
16531.5 95.5498
16531.9 95.5496
16532.2 95.5494
16532.6 95.5493
16533 95.5491
16533.3 95.5489
16533.7 95.5487
16534.1 95.5488
16534.4 95.5486
16534.8 95.5484
16535.2 95.5482
16535.5 95.5481
16535.9 95.5479
16536.3 95.5478
16536.6 95.5476
16537 95.5475
16537.4 95.5473
16537.7 95.5471
16538.1 95.547
16538.5 95.5469
16538.8 95.5467
16539.2 95.5466
16539.5 95.5465
16539.9 95.5464
16540.3 95.5463
16540.6 95.5465
16541 95.5464
16541.4 95.5464
16541.7 95.5463
16542.1 95.5465
16542.5 95.5464
16542.8 95.5465
16543.2 95.5465
16543.6 95.5465
16543.9 95.5466
16544.3 95.5467
16544.7 95.5468
16545 95.5468
16545.4 95.5469
16545.8 95.5471
16546.1 95.5472
16546.5 95.5473
16546.9 95.5474
16547.2 95.5475
16547.6 95.5477
16548 95.5478
16548.3 95.5481
16548.7 95.5483
16549.1 95.5486
16549.4 95.5489
16549.8 95.5491
16550.2 95.5494
16550.5 95.5497
16550.9 95.5501
16551.3 95.5504
16551.6 95.5508
16552 95.5512
16552.4 95.5516
16552.7 95.552
16553.1 95.5525
16553.5 95.553
16553.8 95.5532
16554.2 95.5537
16554.6 95.5545
16554.9 95.555
16555.3 95.5555
16555.7 95.5561
16556 95.5567
16556.4 95.5572
16556.8 95.5578
16557.1 95.5584
16557.5 95.559
16557.9 95.5595
16558.2 95.5601
16558.6 95.5607
16559 95.5613
16559.3 95.5618
16559.7 95.5624
16560.1 95.5626
16560.4 95.5631
16560.8 95.5638
16561.2 95.5642
16561.5 95.5646
16561.9 95.5649
16562.3 95.5652
16562.6 95.5655
16563 95.5656
16563.4 95.5658
16563.7 95.5659
16564.1 95.566
16564.5 95.566
16564.8 95.566
16565.2 95.566
16565.6 95.5659
16565.9 95.5658
16566.3 95.5657
16566.6 95.5657
16567 95.5657
16567.4 95.5655
16567.7 95.5654
16568.1 95.5652
16568.5 95.5651
16568.8 95.565
16569.2 95.5649
16569.6 95.5647
16569.9 95.5647
16570.3 95.5646
16570.7 95.5645
16571 95.5645
16571.4 95.5645
16571.8 95.5645
16572.1 95.5645
16572.5 95.5645
16572.9 95.5649
16573.2 95.5652
16573.6 95.5653
16574 95.5653
16574.3 95.5655
16574.7 95.5656
16575.1 95.5657
16575.4 95.5658
16575.8 95.566
16576.2 95.5662
16576.5 95.5664
16576.9 95.5666
16577.3 95.5668
16577.6 95.5671
16578 95.5673
16578.4 95.5676
16578.7 95.5679
16579.1 95.5684
16579.5 95.5687
16579.8 95.569
16580.2 95.5693
16580.6 95.5696
16580.9 95.5699
16581.3 95.5702
16581.7 95.5706
16582 95.5709
16582.4 95.5713
16582.8 95.5716
16583.1 95.572
16583.5 95.5723
16583.9 95.5727
16584.2 95.5731
16584.6 95.5734
16585 95.5738
16585.3 95.5743
16585.7 95.5747
16586.1 95.5751
16586.4 95.5753
16586.8 95.5757
16587.2 95.5761
16587.5 95.5766
16587.9 95.577
16588.3 95.5776
16588.6 95.5781
16589 95.5787
16589.4 95.5793
16589.7 95.5799
16590.1 95.5806
16590.5 95.5813
16590.8 95.5821
16591.2 95.5829
16591.6 95.5841
16591.9 95.585
16592.3 95.5859
16592.7 95.5863
16593 95.5872
16593.4 95.5882
16593.7 95.5891
16594.1 95.5901
16594.5 95.591
16594.8 95.592
16595.2 95.593
16595.6 95.5939
16595.9 95.5949
16596.3 95.5959
16596.7 95.5969
16597 95.5978
16597.4 95.5988
16597.8 95.6002
16598.1 95.6012
16598.5 95.6021
16598.9 95.603
16599.2 95.6035
16599.6 95.6043
16600 95.6052
16600.3 95.606
16600.7 95.6068
16601.1 95.6075
16601.4 95.6082
16601.8 95.6089
16602.2 95.6096
16602.5 95.6102
16602.9 95.6108
16603.3 95.6113
16603.6 95.6121
16604 95.6125
16604.4 95.6128
16604.7 95.6131
16605.1 95.6134
16605.5 95.6136
16605.8 95.6138
16606.2 95.6139
16606.6 95.6141
16606.9 95.6142
16607.3 95.6143
16607.7 95.6143
16608 95.6144
16608.4 95.6144
16608.8 95.6144
16609.1 95.6144
16609.5 95.6144
16609.9 95.6143
16610.2 95.6143
16610.6 95.6143
16611 95.6142
16611.3 95.6142
16611.7 95.6142
16612.1 95.6142
16612.4 95.6142
16612.8 95.6142
16613.2 95.6143
16613.5 95.6143
16613.9 95.6144
16614.3 95.6146
16614.6 95.6147
16615 95.6149
16615.4 95.6151
16615.7 95.6153
16616.1 95.6158
16616.5 95.6161
16616.8 95.6165
16617.2 95.6169
16617.6 95.6174
16617.9 95.6179
16618.3 95.6184
16618.7 95.619
16619 95.6192
16619.4 95.6198
16619.8 95.6205
16620.1 95.6213
16620.5 95.6221
16620.8 95.6229
16621.2 95.6238
16621.6 95.6247
16621.9 95.6257
16622.3 95.6268
16622.7 95.6278
16623 95.6289
16623.4 95.6299
16623.8 95.6309
16624.1 95.6319
16624.5 95.6329
16624.9 95.6338
16625.2 95.6348
16625.6 95.635
16626 95.6359
16626.3 95.6367
16626.7 95.6376
16627.1 95.6384
16627.4 95.6392
16627.8 95.6399
16628.2 95.6406
16628.5 95.6414
16628.9 95.642
16629.3 95.6426
16629.6 95.6432
16630 95.6437
16630.4 95.6442
16630.7 95.6447
16631.1 95.6452
16631.5 95.6457
16631.8 95.6458
16632.2 95.6462
16632.6 95.6467
16632.9 95.6471
16633.3 95.6476
16633.7 95.648
16634 95.6485
16634.4 95.6489
16634.8 95.6494
16635.1 95.6498
16635.5 95.6503
16635.9 95.6507
16636.2 95.6512
16636.6 95.6516
16637 95.652
16637.3 95.6525
16637.7 95.6529
16638.1 95.6533
16638.4 95.6534
16638.8 95.6537
16639.2 95.6541
16639.5 95.6545
16639.9 95.6549
16640.3 95.6553
16640.6 95.6557
16641 95.6561
16641.4 95.6565
16641.7 95.6569
16642.1 95.6573
16642.5 95.6577
16642.8 95.6582
16643.2 95.6586
16643.6 95.6591
16643.9 95.6597
16644.3 95.6602
16644.7 95.6607
16645 95.6609
16645.4 95.6615
16645.8 95.662
16646.1 95.6626
16646.5 95.6632
16646.8 95.6639
16647.2 95.6645
16647.6 95.665
16647.9 95.6655
16648.3 95.6659
16648.7 95.6664
16649 95.6669
16649.4 95.6673
16649.8 95.6677
16650.1 95.6681
16650.5 95.6685
16650.9 95.6689
16651.2 95.6692
16651.6 95.6695
16652 95.6698
16652.3 95.6702
16652.7 95.6705
16653.1 95.6711
16653.4 95.6714
16653.8 95.6718
16654.2 95.6721
16654.5 95.6725
16654.9 95.6728
16655.3 95.6732
16655.6 95.6736
16656 95.6739
16656.4 95.6743
16656.7 95.6748
16657.1 95.6752
16657.5 95.6756
16657.8 95.6761
16658.2 95.6762
16658.6 95.6766
16658.9 95.677
16659.3 95.6775
16659.7 95.6779
16660 95.6783
16660.4 95.6787
16660.8 95.6791
16661.1 95.6795
16661.5 95.6799
16661.9 95.6803
16662.2 95.6807
16662.6 95.6811
16663 95.6815
16663.3 95.6819
16663.7 95.6824
16664.1 95.6829
16664.4 95.6829
16664.8 95.6835
16665.2 95.684
16665.5 95.6847
16665.9 95.6852
16666.3 95.6858
16666.6 95.6864
16667 95.6871
16667.4 95.6877
16667.7 95.6883
16668.1 95.689
16668.5 95.6896
16668.8 95.6903
16669.2 95.6909
16669.6 95.6916
16669.9 95.6922
16670.3 95.6928
16670.7 95.6934
16671 95.6937
16671.4 95.6943
16671.8 95.6953
16672.1 95.6959
16672.5 95.6964
16672.8 95.6971
16673.2 95.6977
16673.6 95.6983
16673.9 95.6989
16674.3 95.6995
16674.7 95.7002
16675 95.7009
16675.4 95.7015
16675.8 95.7022
16676.1 95.703
16676.5 95.7037
16676.9 95.7045
16677.2 95.7054
16677.6 95.706
16678 95.7069
16678.3 95.7077
16678.7 95.7087
16679.1 95.7096
16679.4 95.7106
16679.8 95.7116
16680.2 95.7126
16680.5 95.7137
16680.9 95.7147
16681.3 95.7157
16681.6 95.7168
16682 95.7178
16682.4 95.7187
16682.7 95.7197
16683.1 95.7206
16683.5 95.7215
16683.8 95.7225
16684.2 95.7226
16684.6 95.7234
16684.9 95.7243
16685.3 95.7251
16685.7 95.7259
16686 95.7267
16686.4 95.7275
16686.8 95.7282
16687.1 95.729
16687.5 95.7298
16687.9 95.7305
16688.2 95.7312
16688.6 95.732
16689 95.7327
16689.3 95.7334
16689.7 95.7341
16690.1 95.735
16690.4 95.7357
16690.8 95.7359
16691.2 95.7367
16691.5 95.7374
16691.9 95.7381
16692.3 95.7388
16692.6 95.7396
16693 95.7403
16693.4 95.741
16693.7 95.7417
16694.1 95.7424
16694.5 95.7431
16694.8 95.7439
16695.2 95.7446
16695.6 95.7452
16695.9 95.7459
16696.3 95.747
16696.7 95.7477
16697 95.7481
16697.4 95.7487
16697.8 95.7494
16698.1 95.7501
16698.5 95.7508
16698.9 95.7515
16699.2 95.7522
16699.6 95.7529
16699.9 95.7536
16700.3 95.7543
16700.7 95.7551
16701 95.7559
16701.4 95.7567
16701.8 95.7575
16702.1 95.7583
16702.5 95.7593
16702.9 95.7601
16703.2 95.761
16703.6 95.7611
16704 95.762
16704.3 95.7628
16704.7 95.7637
16705.1 95.7646
16705.4 95.7654
16705.8 95.7662
16706.2 95.7671
16706.5 95.7679
16706.9 95.7687
16707.3 95.7694
16707.6 95.7702
16708 95.771
16708.4 95.772
16708.7 95.7728
16709.1 95.7735
16709.5 95.7743
16709.8 95.775
16710.2 95.7754
16710.6 95.7761
16710.9 95.7769
16711.3 95.7777
16711.7 95.7785
16712 95.7793
16712.4 95.7801
16712.8 95.781
16713.1 95.7818
16713.5 95.7827
16713.9 95.7836
16714.2 95.7845
16714.6 95.7858
16715 95.7867
16715.3 95.7877
16715.7 95.7886
16716.1 95.7895
16716.4 95.7905
16716.8 95.7909
16717.2 95.7918
16717.5 95.7927
16717.9 95.7936
16718.3 95.7944
16718.6 95.7953
16719 95.7961
16719.4 95.7969
16719.7 95.7976
16720.1 95.7984
16720.5 95.799
16720.8 95.8
16721.2 95.8006
16721.6 95.8012
16721.9 95.8018
16722.3 95.8023
16722.7 95.8028
16723 95.8033
16723.4 95.8036
16723.8 95.8041
16724.1 95.8046
16724.5 95.8051
16724.9 95.8055
16725.2 95.806
16725.6 95.8065
16726 95.807
16726.3 95.8074
16726.7 95.8079
16727 95.8086
16727.4 95.8091
16727.8 95.8095
16728.1 95.81
16728.5 95.8104
16728.9 95.8109
16729.2 95.8113
16729.6 95.8117
16730 95.812
16730.3 95.8125
16730.7 95.813
16731.1 95.8135
16731.4 95.8139
16731.8 95.8144
16732.2 95.8149
16732.5 95.8155
16732.9 95.816
16733.3 95.817
16733.6 95.8176
16734 95.8182
16734.4 95.8188
16734.7 95.8195
16735.1 95.8201
16735.5 95.8208
16735.8 95.8216
16736.2 95.822
16736.6 95.8227
16736.9 95.8235
16737.3 95.8243
16737.7 95.8251
16738 95.8259
16738.4 95.8268
16738.8 95.8276
16739.1 95.8288
16739.5 95.8296
16739.9 95.8305
16740.2 95.8313
16740.6 95.8321
16741 95.8329
16741.3 95.8337
16741.7 95.8344
16742.1 95.8351
16742.4 95.8358
16742.8 95.836
16743.2 95.8366
16743.5 95.8372
16743.9 95.8377
16744.3 95.8383
16744.6 95.8388
16745 95.8393
16745.4 95.8399
16745.7 95.8403
16746.1 95.8408
16746.5 95.8412
16746.8 95.8416
16747.2 95.8421
16747.6 95.8425
16747.9 95.8429
16748.3 95.8433
16748.7 95.8438
16749 95.8442
16749.4 95.8442
16749.8 95.8446
16750.1 95.845
16750.5 95.8454
16750.9 95.8458
16751.2 95.8461
16751.6 95.8465
16752 95.8468
16752.3 95.8471
16752.7 95.8474
16753.1 95.8477
16753.4 95.848
16753.8 95.8483
16754.1 95.8485
16754.5 95.8488
16754.9 95.849
16755.2 95.8492
16755.6 95.8494
16756 95.8494
16756.3 95.8496
16756.7 95.8498
16757.1 95.8499
16757.4 95.8501
16757.8 95.8503
16758.2 95.8504
16758.5 95.8506
16758.9 95.8507
16759.3 95.8508
16759.6 95.8509
16760 95.851
16760.4 95.8511
16760.7 95.8512
16761.1 95.8513
16761.5 95.8514
16761.8 95.8515
16762.2 95.8516
16762.6 95.8517
16762.9 95.8518
16763.3 95.8519
16763.7 95.852
16764 95.8523
16764.4 95.8524
16764.8 95.8525
16765.1 95.8526
16765.5 95.8528
16765.9 95.8529
16766.2 95.8531
16766.6 95.8532
16767 95.8534
16767.3 95.8536
16767.7 95.8538
16768.1 95.8539
16768.4 95.8541
16768.8 95.8544
16769.2 95.8546
16769.5 95.8548
16769.9 95.8553
16770.3 95.8556
16770.6 95.8559
16771 95.8562
16771.4 95.8566
16771.7 95.857
16772.1 95.8575
16772.5 95.858
16772.8 95.8585
16773.2 95.859
16773.6 95.8596
16773.9 95.8603
16774.3 95.861
16774.7 95.8617
16775 95.8624
16775.4 95.8626
16775.8 95.8634
16776.1 95.8644
16776.5 95.8652
16776.9 95.866
16777.2 95.8669
16777.6 95.8677
16778 95.8685
16778.3 95.8693
16778.7 95.8702
16779.1 95.871
16779.4 95.8718
16779.8 95.8726
16780.2 95.8733
16780.5 95.8741
16780.9 95.8748
16781.2 95.8755
16781.6 95.8761
16782 95.8764
16782.3 95.8772
16782.7 95.8778
16783.1 95.8783
16783.4 95.8788
16783.8 95.8793
16784.2 95.8797
16784.5 95.8801
16784.9 95.8805
16785.3 95.8808
16785.6 95.8811
16786 95.8814
16786.4 95.8817
16786.7 95.8819
16787.1 95.8821
16787.5 95.8823
16787.8 95.8825
16788.2 95.8827
16788.6 95.8831
16788.9 95.8833
16789.3 95.8835
16789.7 95.8837
16790 95.8838
16790.4 95.884
16790.8 95.8842
16791.1 95.8843
16791.5 95.8845
16791.9 95.8847
16792.2 95.8848
16792.6 95.885
16793 95.8852
16793.3 95.8853
16793.7 95.8855
16794.1 95.8857
16794.4 95.8859
16794.8 95.8863
16795.2 95.8866
16795.5 95.8868
16795.9 95.8869
16796.3 95.8871
16796.6 95.8873
16797 95.8876
16797.4 95.8878
16797.7 95.888
16798.1 95.8883
16798.5 95.8885
16798.8 95.8888
16799.2 95.8891
16799.6 95.8894
16799.9 95.8897
16800.3 95.8901
16800.7 95.8904
16801 95.891
16801.4 95.8914
16801.8 95.8916
16802.1 95.892
16802.5 95.8924
16802.9 95.8929
16803.2 95.8933
16803.6 95.8938
16804 95.8943
16804.3 95.8949
16804.7 95.8954
16805.1 95.896
16805.4 95.8965
16805.8 95.8971
16806.2 95.8977
16806.5 95.8982
16806.9 95.899
16807.3 95.8996
16807.6 95.9001
16808 95.9003
16808.3 95.9009
16808.7 95.9014
16809.1 95.902
16809.4 95.9025
16809.8 95.903
16810.2 95.9035
16810.5 95.904
16810.9 95.9045
16811.3 95.905
16811.6 95.9054
16812 95.9059
16812.4 95.9063
16812.7 95.9068
16813.1 95.9075
16813.5 95.9079
16813.8 95.9084
16814.2 95.9088
16814.6 95.9091
16814.9 95.9095
16815.3 95.9099
16815.7 95.9104
16816 95.9108
16816.4 95.9112
16816.8 95.9116
16817.1 95.912
16817.5 95.9124
16817.9 95.9128
16818.2 95.9132
16818.6 95.9136
16819 95.914
16819.3 95.9146
16819.7 95.9149
16820.1 95.9153
16820.4 95.9156
16820.8 95.9159
16821.2 95.9162
16821.5 95.9165
16821.9 95.9167
16822.3 95.917
16822.6 95.9173
16823 95.9175
16823.4 95.9177
16823.7 95.918
16824.1 95.9182
16824.5 95.9184
16824.8 95.9187
16825.2 95.9189
16825.6 95.9194
16825.9 95.9197
16826.3 95.9199
16826.7 95.9202
16827 95.9205
16827.4 95.9208
16827.8 95.9211
16828.1 95.9214
16828.5 95.9217
16828.9 95.922
16829.2 95.9223
16829.6 95.9226
16830 95.9229
16830.3 95.9232
16830.7 95.9235
16831.1 95.9238
16831.4 95.9241
16831.8 95.9248
16832.2 95.925
16832.5 95.9253
16832.9 95.9256
16833.3 95.9259
16833.6 95.9262
16834 95.9264
16834.3 95.9268
16834.7 95.927
16835.1 95.9273
16835.4 95.9275
16835.8 95.9277
16836.2 95.9279
16836.5 95.9282
16836.9 95.9284
16837.3 95.9286
16837.6 95.9287
16838 95.9291
16838.4 95.9293
16838.7 95.9294
16839.1 95.9295
16839.5 95.9295
16839.8 95.9296
16840.2 95.9296
16840.6 95.9298
16840.9 95.9298
16841.3 95.9298
16841.7 95.9298
16842 95.9297
16842.4 95.9296
16842.8 95.9295
16843.1 95.9294
16843.5 95.9293
16843.9 95.9294
16844.2 95.9293
16844.6 95.9291
16845 95.929
16845.3 95.9289
16845.7 95.9288
16846.1 95.9287
16846.4 95.9286
16846.8 95.9286
16847.2 95.9288
16847.5 95.9288
16847.9 95.9288
16848.3 95.9288
16848.6 95.9289
16849 95.929
16849.4 95.9291
16849.7 95.9293
16850.1 95.9298
16850.5 95.93
16850.8 95.9303
16851.2 95.9306
16851.6 95.9309
16851.9 95.9313
16852.3 95.9316
16852.7 95.932
16853 95.9325
16853.4 95.9329
16853.8 95.9332
16854.1 95.9336
16854.5 95.9341
16854.9 95.9345
16855.2 95.935
16855.6 95.9354
16856 95.9358
16856.3 95.9364
16856.7 95.9368
16857.1 95.9372
16857.4 95.9375
16857.8 95.9378
16858.2 95.9381
16858.5 95.9384
16858.9 95.9386
16859.3 95.9388
16859.6 95.9389
16860 95.9391
16860.3 95.9392
16860.7 95.9394
16861.1 95.9395
16861.4 95.9396
16861.8 95.9396
16862.2 95.9396
16862.5 95.9397
16862.9 95.9397
16863.3 95.9397
16863.6 95.9396
16864 95.9395
16864.4 95.9395
16864.7 95.9394
16865.1 95.9393
16865.5 95.9392
16865.8 95.9391
16866.2 95.939
16866.6 95.9389
16866.9 95.9388
16867.3 95.9387
16867.7 95.9386
16868 95.9386
16868.4 95.9385
16868.8 95.9385
16869.1 95.9385
16869.5 95.9385
16869.9 95.9385
16870.2 95.9386
16870.6 95.9386
16871 95.9387
16871.3 95.9387
16871.7 95.9388
16872.1 95.9388
16872.4 95.9389
16872.8 95.9389
16873.2 95.939
16873.5 95.9392
16873.9 95.9392
16874.3 95.9392
16874.6 95.9394
16875 95.9394
16875.4 95.9395
16875.7 95.9395
16876.1 95.9395
16876.5 95.9395
16876.8 95.9396
16877.2 95.9396
16877.6 95.9396
16877.9 95.9397
16878.3 95.9398
16878.7 95.9398
16879 95.9399
16879.4 95.94
16879.8 95.9403
16880.1 95.9404
16880.5 95.9405
16880.9 95.9408
16881.2 95.9409
16881.6 95.941
16882 95.9411
16882.3 95.9412
16882.7 95.9413
16883.1 95.9413
16883.4 95.9413
16883.8 95.9413
16884.2 95.9413
16884.5 95.9413
16884.9 95.9413
16885.3 95.9412
16885.6 95.9412
16886 95.9411
16886.4 95.9412
16886.7 95.9411
16887.1 95.941
16887.4 95.9409
16887.8 95.9409
16888.2 95.9408
16888.5 95.9407
16888.9 95.9407
16889.3 95.9407
16889.6 95.9406
16890 95.9406
16890.4 95.9405
16890.7 95.9405
16891.1 95.9405
16891.5 95.9404
16891.8 95.9404
16892.2 95.9404
16892.6 95.9403
16892.9 95.9403
16893.3 95.9402
16893.7 95.9402
16894 95.9402
16894.4 95.9402
16894.8 95.9402
16895.1 95.9402
16895.5 95.9402
16895.9 95.9402
16896.2 95.9403
16896.6 95.9404
16897 95.9405
16897.3 95.9406
16897.7 95.9408
16898.1 95.941
16898.4 95.9412
16898.8 95.9414
16899.2 95.9417
16899.5 95.9421
16899.9 95.9424
16900.3 95.9427
16900.6 95.943
16901 95.9434
16901.4 95.9438
16901.7 95.9442
16902.1 95.9446
16902.5 95.945
16902.8 95.9455
16903.2 95.9459
16903.6 95.9464
16903.9 95.9468
16904.3 95.9473
16904.7 95.9477
16905 95.9481
16905.4 95.9486
16905.8 95.949
16906.1 95.9491
16906.5 95.9495
16906.9 95.9498
16907.2 95.9502
16907.6 95.9505
16908 95.9508
16908.3 95.9511
16908.7 95.9514
16909.1 95.9517
16909.4 95.952
16909.8 95.9523
16910.2 95.9526
16910.5 95.9529
16910.9 95.9533
16911.3 95.9536
16911.6 95.9541
16912 95.9545
16912.4 95.9547
16912.7 95.9551
16913.1 95.9555
16913.5 95.9559
16913.8 95.9563
16914.2 95.9568
16914.5 95.9572
16914.9 95.9576
16915.3 95.9581
16915.6 95.9585
16916 95.959
16916.4 95.9594
16916.7 95.9598
16917.1 95.9603
16917.5 95.9606
16917.8 95.9612
16918.2 95.9615
16918.6 95.9619
16918.9 95.962
16919.3 95.9623
16919.7 95.9626
16920 95.9629
16920.4 95.9632
16920.8 95.9634
16921.1 95.9636
16921.5 95.9638
16921.9 95.964
16922.2 95.9642
16922.6 95.9643
16923 95.9644
16923.3 95.9645
16923.7 95.9646
16924.1 95.9647
16924.4 95.9648
16924.8 95.9648
16925.2 95.9649
16925.5 95.9649
16925.9 95.965
16926.3 95.965
16926.6 95.965
16927 95.965
16927.4 95.965
16927.7 95.9651
16928.1 95.9651
16928.5 95.9651
16928.8 95.965
16929.2 95.965
16929.6 95.965
16929.9 95.965
16930.3 95.9651
16930.7 95.9651
16931 95.9651
16931.4 95.9651
16931.8 95.9652
16932.1 95.9653
16932.5 95.9653
16932.9 95.9654
16933.2 95.9654
16933.6 95.9655
16934 95.9656
16934.3 95.9657
16934.7 95.9658
16935.1 95.966
16935.4 95.9662
16935.8 95.9664
16936.2 95.9666
16936.5 95.967
16936.9 95.9672
16937.3 95.9675
16937.6 95.9678
16938 95.9681
16938.4 95.9685
16938.7 95.9687
16939.1 95.9691
16939.5 95.9694
16939.8 95.9698
16940.2 95.9702
16940.6 95.9707
16940.9 95.9711
16941.3 95.9715
16941.6 95.972
16942 95.9724
16942.4 95.9731
16942.7 95.9735
16943.1 95.974
16943.5 95.9744
16943.8 95.9748
16944.2 95.9752
16944.6 95.9756
16944.9 95.976
16945.3 95.9762
16945.7 95.9765
16946 95.9769
16946.4 95.9772
16946.8 95.9775
16947.1 95.9778
16947.5 95.978
16947.9 95.9782
16948.2 95.9785
16948.6 95.9789
16949 95.979
16949.3 95.9791
16949.7 95.9793
16950.1 95.9794
16950.4 95.9794
16950.8 95.9795
16951.2 95.9795
16951.5 95.9797
16951.9 95.9797
16952.3 95.9798
16952.6 95.9798
16953 95.9798
16953.4 95.9799
16953.7 95.98
16954.1 95.9801
16954.5 95.9803
16954.8 95.9805
16955.2 95.9808
16955.6 95.981
16955.9 95.9813
16956.3 95.9816
16956.7 95.982
16957 95.9825
16957.4 95.9829
16957.8 95.9834
16958.1 95.9835
16958.5 95.984
16958.9 95.9846
16959.2 95.9851
16959.6 95.9857
16960 95.9863
16960.3 95.9869
16960.7 95.9876
16961.1 95.9884
16961.4 95.989
16961.8 95.9896
16962.2 95.9902
16962.5 95.9908
16962.9 95.9914
16963.3 95.9919
16963.6 95.9925
16964 95.993
16964.4 95.9935
16964.7 95.9937
16965.1 95.9941
16965.5 95.9945
16965.8 95.9949
16966.2 95.9952
16966.6 95.9955
16966.9 95.9958
16967.3 95.9962
16967.7 95.9964
16968 95.9966
16968.4 95.9968
16968.7 95.9969
16969.1 95.997
16969.5 95.9971
16969.8 95.9972
16970.2 95.9972
16970.6 95.9973
16970.9 95.9973
16971.3 95.9974
16971.7 95.9974
16972 95.9974
16972.4 95.9974
16972.8 95.9973
16973.1 95.9974
16973.5 95.9973
16973.9 95.9973
16974.2 95.9972
16974.6 95.9972
16975 95.9971
16975.3 95.9971
16975.7 95.9971
16976.1 95.9971
16976.4 95.9971
16976.8 95.9971
16977.2 95.9972
16977.5 95.9973
16977.9 95.9973
16978.3 95.9974
16978.6 95.9976
16979 95.9978
16979.4 95.9981
16979.7 95.9984
16980.1 95.9988
16980.5 95.9992
16980.8 95.9997
16981.2 96.0003
16981.6 96.0008
16981.9 96.0015
16982.3 96.0021
16982.7 96.0028
16983 96.0036
16983.4 96.0043
16983.8 96.0051
16984.1 96.0053
16984.5 96.0062
16984.9 96.007
16985.2 96.0079
16985.6 96.009
16986 96.0098
16986.3 96.0106
16986.7 96.0114
16987.1 96.0122
16987.4 96.0129
16987.8 96.0136
16988.2 96.0143
16988.5 96.015
16988.9 96.0155
16989.3 96.0161
16989.6 96.0166
16990 96.017
16990.4 96.0175
16990.7 96.0176
16991.1 96.018
16991.5 96.0183
16991.8 96.0187
16992.2 96.0189
16992.6 96.0191
16992.9 96.0192
16993.3 96.0193
16993.7 96.0194
16994 96.0195
16994.4 96.0195
16994.8 96.0195
16995.1 96.0196
16995.5 96.0196
16995.8 96.0196
16996.2 96.0197
16996.6 96.0197
16996.9 96.0198
16997.3 96.0197
16997.7 96.0198
16998 96.0199
16998.4 96.0201
16998.8 96.0203
16999.1 96.0205
16999.5 96.0208
16999.9 96.0212
17000.2 96.0215
17000.6 96.0219
17001 96.0224
17001.3 96.0229
17001.7 96.0234
17002.1 96.0239
17002.4 96.0245
17002.8 96.0251
17003.2 96.0258
17003.5 96.0264
17003.9 96.0265
17004.3 96.0273
17004.6 96.028
17005 96.0287
17005.4 96.0295
17005.7 96.0302
17006.1 96.031
17006.5 96.0317
17006.8 96.0325
17007.2 96.0332
17007.6 96.034
17007.9 96.0347
17008.3 96.0354
17008.7 96.0361
17009 96.0368
17009.4 96.0375
17009.8 96.0381
17010.1 96.0388
17010.5 96.0388
17010.9 96.0394
17011.2 96.0399
17011.6 96.0404
17012 96.0408
17012.3 96.0413
17012.7 96.0417
17013.1 96.0421
17013.4 96.0424
17013.8 96.0427
17014.2 96.043
17014.5 96.0433
17014.9 96.0435
17015.3 96.0438
17015.6 96.044
17016 96.0442
17016.4 96.0444
17016.7 96.0447
17017.1 96.0446
17017.5 96.0449
17017.8 96.0452
17018.2 96.0455
17018.6 96.0458
17018.9 96.0461
17019.3 96.0465
17019.7 96.0469
17020 96.0473
17020.4 96.0477
17020.8 96.0482
17021.1 96.0487
17021.5 96.0492
17021.8 96.0498
17022.2 96.0503
17022.6 96.0509
17022.9 96.0515
17023.3 96.0515
17023.7 96.0521
17024 96.0528
17024.4 96.0535
17024.8 96.0542
17025.1 96.0549
17025.5 96.0556
17025.9 96.0564
17026.2 96.0572
17026.6 96.058
17027 96.0588
17027.3 96.0596
17027.7 96.0605
17028.1 96.0613
17028.4 96.0622
17028.8 96.0631
17029.2 96.0639
17029.5 96.0648
17029.9 96.0648
17030.3 96.0657
17030.6 96.0666
17031 96.0676
17031.4 96.0685
17031.7 96.0695
17032.1 96.0704
17032.5 96.0714
17032.8 96.0723
17033.2 96.0733
17033.6 96.0742
17033.9 96.0751
17034.3 96.076
17034.7 96.0769
17035 96.0778
17035.4 96.0787
17035.8 96.0796
17036.1 96.0805
17036.5 96.0805
17036.9 96.0814
17037.2 96.0823
17037.6 96.0832
17038 96.0841
17038.3 96.0849
17038.7 96.0857
17039.1 96.0866
17039.4 96.0874
17039.8 96.0882
17040.2 96.089
17040.5 96.0897
17040.9 96.0906
17041.3 96.0913
17041.6 96.092
17042 96.0927
17042.4 96.0934
17042.7 96.094
17043.1 96.0942
17043.5 96.0948
17043.8 96.0954
17044.2 96.096
17044.6 96.0965
17044.9 96.0971
17045.3 96.0976
17045.7 96.0981
17046 96.0987
17046.4 96.0992
17046.8 96.0997
17047.1 96.1003
17047.5 96.1008
17047.8 96.1013
17048.2 96.1018
17048.6 96.1023
17048.9 96.1028
17049.3 96.1033
17049.7 96.1033
17050 96.1038
17050.4 96.1043
17050.8 96.1049
17051.1 96.1054
17051.5 96.106
17051.9 96.1066
17052.2 96.1072
17052.6 96.1077
17053 96.1084
17053.3 96.109
17053.7 96.1096
17054.1 96.1103
17054.4 96.111
17054.8 96.1116
17055.2 96.1123
17055.5 96.113
17055.9 96.1131
17056.3 96.1138
17056.6 96.1145
17057 96.1153
17057.4 96.116
17057.7 96.1167
17058.1 96.1174
17058.5 96.1181
17058.8 96.1188
17059.2 96.1195
17059.6 96.1204
17059.9 96.121
17060.3 96.1217
17060.7 96.1223
17061 96.123
17061.4 96.1236
17061.8 96.1242
17062.1 96.1247
17062.5 96.1249
17062.9 96.1255
17063.2 96.126
17063.6 96.1265
17064 96.127
17064.3 96.1275
17064.7 96.128
17065.1 96.1284
17065.4 96.1289
17065.8 96.1294
17066.2 96.1297
17066.5 96.1301
17066.9 96.1305
17067.3 96.1308
17067.6 96.1311
17068 96.1313
17068.4 96.1316
17068.7 96.1318
17069.1 96.1317
17069.5 96.1319
17069.8 96.1321
17070.2 96.1322
17070.6 96.1323
17070.9 96.1324
17071.3 96.1324
17071.7 96.1324
17072 96.1323
17072.4 96.1323
17072.8 96.1323
17073.1 96.1322
17073.5 96.1322
17073.9 96.1322
17074.2 96.1321
17074.6 96.1321
17074.9 96.1321
17075.3 96.1321
17075.7 96.1321
17076 96.1321
17076.4 96.1322
17076.8 96.1322
17077.1 96.1323
17077.5 96.1325
17077.9 96.1327
17078.2 96.1329
17078.6 96.1332
17079 96.1335
17079.3 96.1338
17079.7 96.1342
17080.1 96.1346
17080.4 96.135
17080.8 96.1355
17081.2 96.1361
17081.5 96.1366
17081.9 96.1372
17082.3 96.1374
17082.6 96.138
17083 96.1386
17083.4 96.1392
17083.7 96.1398
17084.1 96.1406
17084.5 96.1411
17084.8 96.1417
17085.2 96.1422
17085.6 96.1428
17085.9 96.1433
17086.3 96.1438
17086.7 96.1442
17087 96.1447
17087.4 96.1451
17087.8 96.1455
17088.1 96.1459
17088.5 96.1463
17088.9 96.1464
17089.2 96.1468
17089.6 96.1472
17090 96.1475
17090.3 96.148
17090.7 96.1484
17091.1 96.1488
17091.4 96.1491
17091.8 96.1495
17092.2 96.1499
17092.5 96.1504
17092.9 96.1508
17093.3 96.1512
17093.6 96.1517
17094 96.1522
17094.4 96.1527
17094.7 96.1532
17095.1 96.1533
17095.5 96.1538
17095.8 96.1544
17096.2 96.155
17096.6 96.1557
17096.9 96.1563
17097.3 96.157
17097.7 96.1577
17098 96.1585
17098.4 96.1593
17098.8 96.1601
17099.1 96.161
17099.5 96.1619
17099.9 96.1628
17100.2 96.1638
17100.6 96.1647
17101 96.1657
17101.3 96.1667
17101.7 96.1669
17102 96.1679
17102.4 96.1688
17102.8 96.17
17103.1 96.1709
17103.5 96.1717
17103.9 96.1725
17104.2 96.1733
17104.6 96.1741
17105 96.1748
17105.3 96.1755
17105.7 96.1761
17106.1 96.1767
17106.4 96.1773
17106.8 96.1778
17107.2 96.1783
17107.5 96.1788
17107.9 96.1792
17108.3 96.1794
17108.6 96.1799
17109 96.1803
17109.4 96.1807
17109.7 96.181
17110.1 96.1813
17110.5 96.1817
17110.8 96.182
17111.2 96.1823
17111.6 96.1826
17111.9 96.1829
17112.3 96.1832
17112.7 96.1834
17113 96.1837
17113.4 96.184
17113.8 96.1843
17114.1 96.1847
17114.5 96.185
17114.9 96.1853
17115.2 96.1857
17115.6 96.186
17116 96.1863
17116.3 96.1866
17116.7 96.1869
17117.1 96.1873
17117.4 96.1876
17117.8 96.1879
17118.2 96.1882
17118.5 96.1885
17118.9 96.1889
17119.3 96.1892
17119.6 96.1895
17120 96.1898
17120.4 96.1901
17120.7 96.1904
17121.1 96.1907
17121.5 96.1907
17121.8 96.191
17122.2 96.1913
17122.6 96.1915
17122.9 96.1918
17123.3 96.192
17123.7 96.1923
17124 96.1926
17124.4 96.1928
17124.8 96.193
17125.1 96.1933
17125.5 96.1935
17125.9 96.1937
17126.2 96.1939
17126.6 96.1941
17127 96.1943
17127.3 96.1944
17127.7 96.1943
17128.1 96.1944
17128.4 96.1945
17128.8 96.1947
17129.1 96.1948
17129.5 96.1949
17129.9 96.195
17130.2 96.1952
17130.6 96.1953
17131 96.1954
17131.3 96.1956
17131.7 96.1957
17132.1 96.1959
17132.4 96.1961
17132.8 96.1963
17133.2 96.1965
17133.5 96.1967
17133.9 96.1969
17134.3 96.1969
17134.6 96.1972
17135 96.1974
17135.4 96.1977
17135.7 96.1979
17136.1 96.1982
17136.5 96.1985
17136.8 96.1987
17137.2 96.199
17137.6 96.1993
17137.9 96.1995
17138.3 96.1998
17138.7 96.2
17139 96.2003
17139.4 96.2005
17139.8 96.2009
17140.1 96.2011
17140.5 96.2013
17140.9 96.2014
17141.2 96.2016
17141.6 96.2017
17142 96.2018
17142.3 96.202
17142.7 96.2021
17143.1 96.2021
17143.4 96.2022
17143.8 96.2022
17144.2 96.2022
17144.5 96.2022
17144.9 96.2022
17145.3 96.2022
17145.6 96.202
17146 96.2019
17146.4 96.2018
17146.7 96.2017
17147.1 96.2016
17147.5 96.2014
17147.8 96.2013
17148.2 96.2012
17148.6 96.2011
17148.9 96.201
17149.3 96.2009
17149.7 96.2008
17150 96.2007
17150.4 96.2006
17150.8 96.2005
17151.1 96.2004
17151.5 96.2003
17151.9 96.2001
17152.2 96.2001
17152.6 96.2001
17153 96.2
17153.3 96.2
17153.7 96.2
17154.1 96.1998
17154.4 96.1998
17154.8 96.1998
17155.2 96.1997
17155.5 96.1997
17155.9 96.1996
17156.2 96.1996
17156.6 96.1995
17157 96.1995
17157.3 96.1994
17157.7 96.1994
17158.1 96.1992
17158.4 96.1991
17158.8 96.199
17159.2 96.199
17159.5 96.1989
17159.9 96.1988
17160.3 96.1988
17160.6 96.1987
17161 96.1986
17161.4 96.1986
17161.7 96.1985
17162.1 96.1984
17162.5 96.1983
17162.8 96.1982
17163.2 96.1981
17163.6 96.198
17163.9 96.1979
17164.3 96.1978
17164.7 96.1977
17165 96.1975
17165.4 96.1974
17165.8 96.1972
17166.1 96.1971
17166.5 96.1969
17166.9 96.1968
17167.2 96.1967
17167.6 96.1965
17168 96.1963
17168.3 96.1961
17168.7 96.1958
17169.1 96.1956
17169.4 96.1954
17169.8 96.1952
17170.2 96.195
17170.5 96.1948
17170.9 96.1946
17171.3 96.1944
17171.6 96.1942
17172 96.194
17172.4 96.1939
17172.7 96.1937
17173.1 96.1935
17173.5 96.1935
17173.8 96.1933
17174.2 96.1931
17174.6 96.193
17174.9 96.1928
17175.3 96.1926
17175.7 96.1924
17176 96.1923
17176.4 96.1921
17176.8 96.1919
17177.1 96.1917
17177.5 96.1916
17177.9 96.1914
17178.2 96.1912
17178.6 96.1911
17179 96.1909
17179.3 96.1908
17179.7 96.1907
17180.1 96.1906
17180.4 96.1905
17180.8 96.1904
17181.2 96.1903
17181.5 96.1902
17181.9 96.1901
17182.3 96.19
17182.6 96.1898
17183 96.1897
17183.3 96.1896
17183.7 96.1895
17184.1 96.1894
17184.4 96.1894
17184.8 96.1893
17185.2 96.1892
17185.5 96.1891
17185.9 96.189
17186.3 96.1888
17186.6 96.1887
17187 96.1886
17187.4 96.1885
17187.7 96.1883
17188.1 96.1882
17188.5 96.188
17188.8 96.1877
17189.2 96.1875
17189.6 96.1873
17189.9 96.1871
17190.3 96.1869
17190.7 96.1866
17191 96.1864
17191.4 96.1862
17191.8 96.186
17192.1 96.1858
17192.5 96.1856
17192.9 96.1854
17193.2 96.1855
17193.6 96.1854
17194 96.1853
17194.3 96.1852
17194.7 96.1851
17195.1 96.1852
17195.4 96.1851
17195.8 96.1851
17196.2 96.1851
17196.5 96.1851
17196.9 96.1851
17197.3 96.1851
17197.6 96.1851
17198 96.1851
17198.4 96.1852
17198.7 96.1852
17199.1 96.1853
17199.5 96.1855
17199.8 96.1856
17200.2 96.1857
17200.6 96.1858
17200.9 96.1859
17201.3 96.1862
17201.7 96.1863
17202 96.1865
17202.4 96.1866
17202.8 96.1867
17203.1 96.1869
17203.5 96.187
17203.9 96.1871
17204.2 96.1872
17204.6 96.1873
17205 96.1874
17205.3 96.1875
17205.7 96.1876
17206.1 96.1878
17206.4 96.1879
17206.8 96.1879
17207.2 96.188
17207.5 96.1881
17207.9 96.1881
17208.3 96.1881
17208.6 96.1881
17209 96.1881
17209.3 96.188
17209.7 96.188
17210.1 96.1879
17210.4 96.1878
17210.8 96.1877
17211.2 96.1877
17211.5 96.1876
17211.9 96.1875
17212.3 96.1874
17212.6 96.1875
17213 96.1874
17213.4 96.1873
17213.7 96.1873
17214.1 96.1873
17214.5 96.1873
17214.8 96.1873
17215.2 96.1874
17215.6 96.1875
17215.9 96.1876
17216.3 96.1877
17216.7 96.1878
17217 96.1879
17217.4 96.188
17217.8 96.1881
17218.1 96.1882
17218.5 96.1883
17218.9 96.1884
17219.2 96.1885
17219.6 96.1886
17220 96.1887
17220.3 96.1888
17220.7 96.1888
17221.1 96.1889
17221.4 96.1889
17221.8 96.1889
17222.2 96.189
17222.5 96.1889
17222.9 96.1889
17223.3 96.1889
17223.6 96.1888
17224 96.1887
17224.4 96.1885
17224.7 96.1884
17225.1 96.1882
17225.5 96.188
17225.8 96.1879
17226.2 96.1876
17226.6 96.1872
17226.9 96.1869
17227.3 96.1865
17227.7 96.1862
17228 96.1858
17228.4 96.1854
17228.8 96.185
17229.1 96.1846
17229.5 96.1842
17229.9 96.1838
17230.2 96.1834
17230.6 96.1831
17231 96.1827
17231.3 96.1824
17231.7 96.1821
17232.1 96.1817
17232.4 96.1816
17232.8 96.1813
17233.2 96.181
17233.5 96.1808
17233.9 96.1805
17234.3 96.1803
17234.6 96.1801
17235 96.1798
17235.3 96.1796
17235.7 96.1794
17236.1 96.1793
17236.4 96.1791
17236.8 96.1789
17237.2 96.1788
17237.5 96.1786
17237.9 96.1785
17238.3 96.1784
17238.6 96.1784
17239 96.1783
17239.4 96.1782
17239.7 96.1781
17240.1 96.178
17240.5 96.178
17240.8 96.1779
17241.2 96.1778
17241.6 96.1778
17241.9 96.1777
17242.3 96.1776
17242.7 96.1775
17243 96.1773
17243.4 96.1772
17243.8 96.1771
17244.1 96.1768
17244.5 96.1767
17244.9 96.1765
17245.2 96.1764
17245.6 96.1762
17246 96.176
17246.3 96.1758
17246.7 96.1756
17247.1 96.1754
17247.4 96.1752
17247.8 96.175
17248.2 96.1748
17248.5 96.1745
17248.9 96.1743
17249.3 96.1741
17249.6 96.1738
17250 96.1736
17250.4 96.1734
17250.7 96.1731
17251.1 96.1729
17251.5 96.1726
17251.8 96.1726
17252.2 96.1723
17252.6 96.1721
17252.9 96.1718
17253.3 96.1715
17253.7 96.1712
17254 96.1708
17254.4 96.1705
17254.8 96.1702
17255.1 96.1698
17255.5 96.1695
17255.9 96.1691
17256.2 96.1688
17256.6 96.1684
17257 96.1681
17257.3 96.1678
17257.7 96.1675
17258.1 96.1672
17258.4 96.1672
17258.8 96.167
17259.2 96.1668
17259.5 96.1666
17259.9 96.1665
17260.3 96.1664
17260.6 96.1663
17261 96.1663
17261.4 96.1663
17261.7 96.1663
17262.1 96.1663
17262.4 96.1664
17262.8 96.1664
17263.2 96.1664
17263.5 96.1664
17263.9 96.1664
17264.3 96.1664
17264.6 96.1663
17265 96.1662
17265.4 96.1662
17265.7 96.1661
17266.1 96.1659
17266.5 96.1658
17266.8 96.1656
17267.2 96.1654
17267.6 96.1651
17267.9 96.1648
17268.3 96.1645
17268.7 96.1641
17269 96.1633
17269.4 96.1629
17269.8 96.1624
17270.1 96.1619
17270.5 96.1613
17270.9 96.1608
17271.2 96.1603
17271.6 96.1597
17272 96.1591
17272.3 96.1584
17272.7 96.1578
17273.1 96.1572
17273.4 96.1565
17273.8 96.1559
17274.2 96.1553
17274.5 96.1547
17274.9 96.1541
17275.3 96.1531
17275.6 96.1526
17276 96.1521
17276.4 96.1517
17276.7 96.1513
17277.1 96.151
17277.5 96.1507
17277.8 96.1504
17278.2 96.1502
17278.6 96.15
17278.9 96.1498
17279.3 96.1497
17279.7 96.1496
17280 96.1496
17280.4 96.1496
17280.8 96.1496
17281.1 96.1495
17281.5 96.1495
17281.9 96.1496
17282.2 96.1497
17282.6 96.1497
17283 96.1498
17283.3 96.1498
17283.7 96.1499
17284.1 96.1499
17284.4 96.1499
17284.8 96.1499
17285.2 96.1499
17285.5 96.1499
17285.9 96.1499
17286.3 96.1498
17286.6 96.1497
17287 96.1496
17287.4 96.1494
17287.7 96.1492
17288.1 96.149
17288.5 96.1488
17288.8 96.1485
17289.2 96.1482
17289.5 96.1479
17289.9 96.1476
17290.3 96.1473
17290.6 96.1469
17291 96.1468
17291.4 96.1464
17291.7 96.146
17292.1 96.1456
17292.5 96.1453
17292.8 96.1449
17293.2 96.1445
17293.6 96.1439
17293.9 96.1436
17294.3 96.1432
17294.7 96.1429
17295 96.1426
17295.4 96.1423
17295.8 96.142
17296.1 96.1418
17296.5 96.1416
17296.9 96.1414
17297.2 96.1412
17297.6 96.141
17298 96.1409
17298.3 96.1408
17298.7 96.1408
17299.1 96.1408
17299.4 96.1408
17299.8 96.1407
17300.2 96.1407
17300.5 96.1408
17300.9 96.1409
17301.3 96.1411
17301.6 96.1413
17302 96.1415
17302.4 96.1417
17302.7 96.142
17303.1 96.1422
17303.5 96.1425
17303.8 96.1427
17304.2 96.1427
17304.6 96.143
17304.9 96.1432
17305.3 96.1434
17305.7 96.1437
17306 96.1438
17306.4 96.144
17306.8 96.1442
17307.1 96.1443
17307.5 96.1445
17307.9 96.1446
17308.2 96.1447
17308.6 96.1449
17309 96.1449
17309.3 96.145
17309.7 96.1451
17310.1 96.1452
17310.4 96.145
17310.8 96.1451
17311.2 96.1452
17311.5 96.1452
17311.9 96.1452
17312.3 96.1453
17312.6 96.1453
17313 96.1454
17313.4 96.1455
17313.7 96.1455
17314.1 96.1456
17314.5 96.1456
17314.8 96.1456
17315.2 96.1456
17315.6 96.1456
17315.9 96.1455
17316.3 96.1454
17316.6 96.1454
17317 96.1453
17317.4 96.1452
17317.7 96.1451
17318.1 96.145
17318.5 96.1448
17318.8 96.1447
17319.2 96.1445
17319.6 96.1443
17319.9 96.1442
17320.3 96.144
17320.7 96.1438
17321 96.1436
17321.4 96.1433
17321.8 96.1431
17322.1 96.1429
17322.5 96.1427
17322.9 96.1426
17323.2 96.1424
17323.6 96.1423
17324 96.1422
17324.3 96.142
17324.7 96.1418
17325.1 96.1417
17325.4 96.1415
17325.8 96.1414
17326.2 96.1413
17326.5 96.1412
17326.9 96.1412
17327.3 96.1411
17327.6 96.141
17328 96.141
17328.4 96.141
17328.7 96.141
17329.1 96.141
17329.5 96.141
17329.8 96.1411
17330.2 96.1411
17330.6 96.1412
17330.9 96.1413
17331.3 96.1414
17331.7 96.1415
17332 96.1417
17332.4 96.1418
17332.8 96.142
17333.1 96.1422
17333.5 96.1424
17333.9 96.1427
17334.2 96.1429
17334.6 96.1431
17335 96.1434
17335.3 96.1436
17335.7 96.1439
17336.1 96.1441
17336.4 96.1444
17336.8 96.1444
17337.2 96.1447
17337.5 96.1449
17337.9 96.1452
17338.3 96.1454
17338.6 96.1457
17339 96.1459
17339.4 96.1461
17339.7 96.1463
17340.1 96.1464
17340.5 96.1466
17340.8 96.1467
17341.2 96.1468
17341.6 96.1469
17341.9 96.147
17342.3 96.147
17342.7 96.1471
17343 96.147
17343.4 96.147
17343.7 96.1469
17344.1 96.1469
17344.5 96.1469
17344.8 96.1468
17345.2 96.1468
17345.6 96.1467
17345.9 96.1466
17346.3 96.1466
17346.7 96.1465
17347 96.1464
17347.4 96.1464
17347.8 96.1464
17348.1 96.1463
17348.5 96.1463
17348.9 96.1461
17349.2 96.1461
17349.6 96.1459
17350 96.1459
17350.3 96.146
17350.7 96.146
17351.1 96.146
17351.4 96.1461
17351.8 96.1462
17352.2 96.1462
17352.5 96.1463
17352.9 96.1464
17353.3 96.1465
17353.6 96.1467
17354 96.1468
17354.4 96.1469
17354.7 96.147
17355.1 96.147
17355.5 96.1471
17355.8 96.1473
17356.2 96.1471
17356.6 96.1473
17356.9 96.1475
17357.3 96.1477
17357.7 96.1479
17358 96.1481
17358.4 96.1483
17358.8 96.1485
17359.1 96.1487
17359.5 96.1489
17359.9 96.1491
17360.2 96.1493
17360.6 96.1494
17361 96.1496
17361.3 96.1495
17361.7 96.1496
17362.1 96.1497
17362.4 96.1497
17362.8 96.1495
17363.2 96.1495
17363.5 96.1494
17363.9 96.1493
17364.3 96.1493
17364.6 96.1491
17365 96.149
17365.4 96.1488
17365.7 96.1487
17366.1 96.1485
17366.5 96.1483
17366.8 96.1481
17367.2 96.1479
17367.6 96.1473
17367.9 96.1471
17368.3 96.1468
17368.7 96.1466
17369 96.1463
17369.4 96.1459
17369.8 96.1456
17370.1 96.1453
17370.5 96.1451
17370.8 96.1448
17371.2 96.1446
17371.6 96.1444
17371.9 96.1442
17372.3 96.1439
17372.7 96.1438
17373 96.1436
17373.4 96.1434
17373.8 96.143
17374.1 96.1429
17374.5 96.1428
17374.9 96.1427
17375.2 96.1426
17375.6 96.1425
17376 96.1424
17376.3 96.1423
17376.7 96.1423
17377.1 96.1423
17377.4 96.1423
17377.8 96.1423
17378.2 96.1424
17378.5 96.1425
17378.9 96.1426
17379.3 96.1428
17379.6 96.1429
17380 96.1431
17380.4 96.1433
17380.7 96.1436
17381.1 96.1438
17381.5 96.1441
17381.8 96.1444
17382.2 96.1443
17382.6 96.1446
17382.9 96.1449
17383.3 96.1451
17383.7 96.1454
17384 96.1457
17384.4 96.146
17384.8 96.1462
17385.1 96.1464
17385.5 96.1467
17385.9 96.1468
17386.2 96.147
17386.6 96.1472
17387 96.1474
17387.3 96.1476
17387.7 96.1478
17388.1 96.148
17388.4 96.1481
17388.8 96.148
17389.2 96.1481
17389.5 96.1483
17389.9 96.1483
17390.3 96.1484
17390.6 96.1485
17391 96.1485
17391.4 96.1486
17391.7 96.1486
17392.1 96.1485
17392.5 96.1485
17392.8 96.1485
17393.2 96.1485
17393.6 96.1485
17393.9 96.1485
17394.3 96.1485
17394.7 96.1485
17395 96.1485
17395.4 96.1484
17395.8 96.1484
17396.1 96.1484
17396.5 96.1483
17396.8 96.1483
17397.2 96.1483
17397.6 96.1483
17397.9 96.1483
17398.3 96.148
17398.7 96.148
17399 96.148
17399.4 96.1479
17399.8 96.1479
17400.1 96.1478
17400.5 96.1478
17400.9 96.1477
17401.2 96.1477
17401.6 96.1476
17402 96.1474
17402.3 96.1473
17402.7 96.1473
17403.1 96.1472
17403.4 96.1471
17403.8 96.1471
17404.2 96.147
17404.5 96.1468
17404.9 96.1467
17405.3 96.1466
17405.6 96.1465
17406 96.1464
17406.4 96.1463
17406.7 96.1462
17407.1 96.1461
17407.5 96.1461
17407.8 96.146
17408.2 96.1459
17408.6 96.1457
17408.9 96.1456
17409.3 96.1455
17409.7 96.1454
17410 96.1453
17410.4 96.1452
17410.8 96.145
17411.1 96.1449
17411.5 96.1448
17411.9 96.1447
17412.2 96.1446
17412.6 96.1445
17413 96.1444
17413.3 96.1443
17413.7 96.1442
17414.1 96.1442
17414.4 96.1441
17414.8 96.1441
17415.2 96.144
17415.5 96.144
17415.9 96.144
17416.3 96.144
17416.6 96.144
17417 96.144
17417.4 96.1441
17417.7 96.1442
17418.1 96.1442
17418.5 96.1443
17418.8 96.1444
17419.2 96.1446
17419.6 96.1447
17419.9 96.1449
17420.3 96.145
17420.7 96.1452
17421 96.1454
17421.4 96.1454
17421.8 96.1456
17422.1 96.1458
17422.5 96.146
17422.8 96.1462
17423.2 96.1464
17423.6 96.1466
17423.9 96.1468
17424.3 96.147
17424.7 96.1473
17425 96.1475
17425.4 96.1478
17425.8 96.148
17426.1 96.1483
17426.5 96.1486
17426.9 96.1488
17427.2 96.1491
17427.6 96.1494
17428 96.1495
17428.3 96.1498
17428.7 96.1501
17429.1 96.1505
17429.4 96.1507
17429.8 96.151
17430.2 96.1513
17430.5 96.1516
17430.9 96.1519
17431.3 96.1522
17431.6 96.1524
17432 96.1527
17432.4 96.153
17432.7 96.1533
17433.1 96.1536
17433.5 96.1539
17433.8 96.1543
17434.2 96.1546
17434.6 96.1545
17434.9 96.1549
17435.3 96.1552
17435.7 96.1555
17436 96.1559
17436.4 96.1562
17436.8 96.1565
17437.1 96.1568
17437.5 96.1571
17437.9 96.1574
17438.2 96.1577
17438.6 96.158
17439 96.1582
17439.3 96.1585
17439.7 96.1587
17440.1 96.1589
17440.4 96.1592
17440.8 96.1594
17441.2 96.1593
17441.5 96.1594
17441.9 96.1596
17442.3 96.1599
17442.6 96.1601
17443 96.1603
17443.4 96.1605
17443.7 96.1607
17444.1 96.1609
17444.5 96.1611
17444.8 96.1613
17445.2 96.1615
17445.6 96.1616
17445.9 96.1618
17446.3 96.1619
17446.7 96.1621
17447 96.1622
17447.4 96.1625
17447.8 96.1627
17448.1 96.1628
17448.5 96.163
17448.9 96.1632
17449.2 96.1633
17449.6 96.1635
17449.9 96.1637
17450.3 96.1638
17450.7 96.164
17451 96.1641
17451.4 96.1643
17451.8 96.1645
17452.1 96.1646
17452.5 96.1647
17452.9 96.1649
17453.2 96.1651
17453.6 96.1653
17454 96.1655
17454.3 96.1656
17454.7 96.1657
17455.1 96.1658
17455.4 96.166
17455.8 96.1661
17456.2 96.1663
17456.5 96.1664
17456.9 96.1666
17457.3 96.1667
17457.6 96.1669
17458 96.1671
17458.4 96.1673
17458.7 96.1675
17459.1 96.1677
17459.5 96.168
17459.8 96.1682
17460.2 96.1685
17460.6 96.1685
17460.9 96.1688
17461.3 96.169
17461.7 96.1693
17462 96.1696
17462.4 96.1698
17462.8 96.1701
17463.1 96.1703
17463.5 96.1705
17463.9 96.1707
17464.2 96.1709
17464.6 96.171
17465 96.1711
17465.3 96.1712
17465.7 96.1713
17466.1 96.1714
17466.4 96.1714
17466.8 96.1714
17467.2 96.1715
17467.5 96.1714
17467.9 96.1714
17468.3 96.1713
17468.6 96.1712
17469 96.171
17469.4 96.1709
17469.7 96.1707
17470.1 96.1705
17470.5 96.1703
17470.8 96.1701
17471.2 96.1699
17471.6 96.1696
17471.9 96.1694
17472.3 96.1691
17472.7 96.1688
17473 96.1685
17473.4 96.1682
17473.8 96.1681
17474.1 96.1678
17474.5 96.1675
17474.9 96.1672
17475.2 96.1669
17475.6 96.1666
17476 96.1663
17476.3 96.166
17476.7 96.1656
17477 96.1653
17477.4 96.165
17477.8 96.1647
17478.1 96.1645
17478.5 96.164
17478.9 96.1638
17479.2 96.1635
17479.6 96.1633
17480 96.1631
17480.3 96.163
17480.7 96.1628
17481.1 96.1626
17481.4 96.1625
17481.8 96.1623
17482.2 96.1622
17482.5 96.1621
17482.9 96.162
17483.3 96.1619
17483.6 96.1618
17484 96.1617
17484.4 96.1616
17484.7 96.1615
17485.1 96.1614
17485.5 96.1612
17485.8 96.1611
17486.2 96.161
17486.6 96.161
17486.9 96.1608
17487.3 96.1606
17487.7 96.1605
17488 96.1603
17488.4 96.1601
17488.8 96.1599
17489.1 96.1597
17489.5 96.1595
17489.9 96.1592
17490.2 96.159
17490.6 96.1587
17491 96.1584
17491.3 96.1582
17491.7 96.1579
17492.1 96.1576
17492.4 96.1574
17492.8 96.1572
17493.2 96.157
17493.5 96.1568
17493.9 96.1565
17494.3 96.1563
17494.6 96.156
17495 96.1558
17495.4 96.1556
17495.7 96.1554
17496.1 96.1552
17496.5 96.155
17496.8 96.1546
17497.2 96.1545
17497.6 96.1544
17497.9 96.1542
17498.3 96.1542
17498.7 96.1541
17499 96.1541
17499.4 96.1541
17499.8 96.1539
17500.1 96.1539
17500.5 96.1539
17500.9 96.154
17501.2 96.154
17501.6 96.1541
17502 96.1542
17502.3 96.1543
17502.7 96.1544
17503.1 96.1545
17503.4 96.1546
17503.8 96.1547
17504.1 96.1548
17504.5 96.1549
17504.9 96.155
17505.2 96.155
17505.6 96.1551
17506 96.1551
17506.3 96.155
17506.7 96.155
17507.1 96.1549
17507.4 96.1548
17507.8 96.1546
17508.2 96.1544
17508.5 96.1542
17508.9 96.154
17509.3 96.1535
17509.6 96.1531
17510 96.1528
17510.4 96.1524
17510.7 96.1519
17511.1 96.1514
17511.5 96.1509
17511.8 96.1504
17512.2 96.1498
17512.6 96.1493
17512.9 96.1489
17513.3 96.1483
17513.7 96.1477
17514 96.1471
17514.4 96.1465
17514.8 96.1459
17515.1 96.145
17515.5 96.1445
17515.9 96.1439
17516.2 96.1435
17516.6 96.143
17517 96.1426
17517.3 96.1422
17517.7 96.1418
17518.1 96.1415
17518.4 96.1412
17518.8 96.1409
17519.2 96.1406
17519.5 96.1405
17519.9 96.1404
17520.3 96.1402
17520.6 96.1401
17521 96.14
17521.4 96.14
17521.7 96.14
17522.1 96.1399
17522.5 96.1399
17522.8 96.1399
17523.2 96.1399
17523.6 96.1399
17523.9 96.1399
17524.3 96.1399
17524.7 96.1398
17525 96.1398
17525.4 96.1398
17525.8 96.14
17526.1 96.1399
17526.5 96.1399
17526.9 96.1398
17527.2 96.1398
17527.6 96.1398
17528 96.1397
17528.3 96.1396
17528.7 96.1395
17529.1 96.1394
17529.4 96.1392
17529.8 96.1391
17530.2 96.139
17530.5 96.1388
17530.9 96.1387
17531.2 96.1386
17531.6 96.1385
17532 96.1383
17532.3 96.1385
17532.7 96.1383
17533.1 96.1382
17533.4 96.1381
17533.8 96.1381
17534.2 96.138
17534.5 96.1379
17534.9 96.1378
17535.3 96.1377
17535.6 96.1377
17536 96.1376
17536.4 96.1376
17536.7 96.1375
17537.1 96.1375
17537.5 96.1375
17537.8 96.1375
17538.2 96.1376
17538.6 96.1376
17538.9 96.1378
17539.3 96.1379
17539.7 96.138
17540 96.1383
17540.4 96.1384
17540.8 96.1386
17541.1 96.1388
17541.5 96.139
17541.9 96.1393
17542.2 96.1395
17542.6 96.1398
17543 96.1401
17543.3 96.1404
17543.7 96.1407
17544.1 96.141
17544.4 96.1413
17544.8 96.1417
17545.2 96.142
17545.5 96.1421
17545.9 96.1423
17546.3 96.1427
17546.6 96.1429
17547 96.1431
17547.4 96.1433
17547.7 96.1434
17548.1 96.1435
17548.5 96.1436
17548.8 96.1436
17549.2 96.1435
17549.6 96.1435
17549.9 96.1434
17550.3 96.1432
17550.7 96.143
17551 96.1428
17551.4 96.1426
17551.8 96.1424
17552.1 96.1423
17552.5 96.142
17552.9 96.1417
17553.2 96.1414
17553.6 96.141
17554 96.1406
17554.3 96.1403
17554.7 96.1398
17555.1 96.1394
17555.4 96.139
17555.8 96.1385
17556.2 96.138
17556.5 96.1376
17556.9 96.1371
17557.3 96.1366
17557.6 96.1361
17558 96.1356
17558.3 96.1353
17558.7 96.1348
17559.1 96.1343
17559.4 96.1339
17559.8 96.1334
17560.2 96.133
17560.5 96.1326
17560.9 96.1322
17561.3 96.1319
17561.6 96.1315
17562 96.1312
17562.4 96.1309
17562.7 96.1307
17563.1 96.1304
17563.5 96.1301
17563.8 96.1299
17564.2 96.1297
17564.6 96.1295
17564.9 96.1296
17565.3 96.1294
17565.7 96.1293
17566 96.1291
17566.4 96.1289
17566.8 96.1288
17567.1 96.1286
17567.5 96.1284
17567.9 96.1283
17568.2 96.1281
17568.6 96.1279
17569 96.1278
17569.3 96.1276
17569.7 96.1275
17570.1 96.1273
17570.4 96.1272
17570.8 96.1271
17571.2 96.1269
17571.5 96.127
17571.9 96.1268
17572.3 96.1266
17572.6 96.1265
17573 96.1263
17573.4 96.1261
17573.7 96.1259
17574.1 96.1258
17574.5 96.1256
17574.8 96.1254
17575.2 96.1252
17575.6 96.125
17575.9 96.1248
17576.3 96.1245
17576.7 96.1243
17577 96.124
17577.4 96.1237
17577.8 96.1234
17578.1 96.1233
17578.5 96.123
17578.9 96.1227
17579.2 96.1224
17579.6 96.1221
17580 96.1218
17580.3 96.1214
17580.7 96.1211
17581.1 96.1207
17581.4 96.1204
17581.8 96.1201
17582.2 96.1198
17582.5 96.1195
17582.9 96.1193
17583.3 96.1191
17583.6 96.1189
17584 96.1187
17584.3 96.1186
17584.7 96.1186
17585.1 96.1185
17585.4 96.1184
17585.8 96.1184
17586.2 96.1183
17586.5 96.1184
17586.9 96.1184
17587.3 96.1185
17587.6 96.1185
17588 96.1187
17588.4 96.1188
17588.7 96.119
17589.1 96.1192
17589.5 96.1194
17589.8 96.1195
17590.2 96.1197
17590.6 96.1199
17590.9 96.1199
17591.3 96.12
17591.7 96.1201
17592 96.1201
17592.4 96.1201
17592.8 96.1201
17593.1 96.1201
17593.5 96.12
17593.9 96.1199
17594.2 96.1198
17594.6 96.1196
17595 96.1194
17595.3 96.1191
17595.7 96.1189
17596.1 96.1186
17596.4 96.1183
17596.8 96.118
17597.2 96.1176
17597.5 96.1175
17597.9 96.1171
17598.3 96.1168
17598.6 96.1164
17599 96.116
17599.4 96.1155
17599.7 96.1151
17600.1 96.1148
17600.5 96.1144
17600.8 96.114
17601.2 96.1136
17601.6 96.1131
17601.9 96.1127
17602.3 96.1123
17602.7 96.112
17603 96.1117
17603.4 96.1114
17603.8 96.1111
17604.1 96.111
17604.5 96.1107
17604.9 96.1104
17605.2 96.1102
17605.6 96.1099
17606 96.1097
17606.3 96.1094
17606.7 96.1091
17607.1 96.1089
17607.4 96.1086
17607.8 96.1083
17608.2 96.108
17608.5 96.1078
17608.9 96.1075
17609.3 96.1072
17609.6 96.1069
17610 96.1067
17610.3 96.1064
17610.7 96.1063
17611.1 96.106
17611.4 96.1057
17611.8 96.1054
17612.2 96.1051
17612.5 96.1049
17612.9 96.1046
17613.3 96.1044
17613.6 96.1039
17614 96.1037
17614.4 96.1035
17614.7 96.1032
17615.1 96.103
17615.5 96.1028
17615.8 96.1026
17616.2 96.1024
17616.6 96.1022
17616.9 96.102
17617.3 96.1018
17617.7 96.1016
17618 96.1015
17618.4 96.1012
17618.8 96.101
17619.1 96.1008
17619.5 96.1006
17619.9 96.1003
17620.2 96.1
17620.6 96.0998
17621 96.0995
17621.3 96.0992
17621.7 96.099
17622.1 96.0987
17622.4 96.0984
17622.8 96.0981
17623.2 96.0978
17623.5 96.0976
17623.9 96.0975
17624.3 96.0972
17624.6 96.0969
17625 96.0966
17625.4 96.0963
17625.7 96.0961
17626.1 96.0957
17626.5 96.0955
17626.8 96.0952
17627.2 96.095
17627.6 96.0947
17627.9 96.0945
17628.3 96.0942
17628.7 96.094
17629 96.0938
17629.4 96.0936
17629.8 96.0933
17630.1 96.0933
17630.5 96.0931
17630.9 96.0929
17631.2 96.0927
17631.6 96.0925
17632 96.0922
17632.3 96.092
17632.7 96.0918
17633.1 96.0915
17633.4 96.0913
17633.8 96.091
17634.2 96.0908
17634.5 96.0905
17634.9 96.0903
17635.3 96.09
17635.6 96.0897
17636 96.0894
17636.4 96.0891
17636.7 96.0891
17637.1 96.0887
17637.4 96.0884
17637.8 96.0881
17638.2 96.0877
17638.5 96.0872
17638.9 96.0868
17639.3 96.0864
17639.6 96.086
17640 96.0856
17640.4 96.0852
17640.7 96.0848
17641.1 96.0843
17641.5 96.0839
17641.8 96.0835
17642.2 96.0831
17642.6 96.0827
17642.9 96.0823
17643.3 96.0821
17643.7 96.0817
17644 96.0814
17644.4 96.081
17644.8 96.0806
17645.1 96.0803
17645.5 96.08
17645.9 96.0797
17646.2 96.0794
17646.6 96.0792
17647 96.0789
17647.3 96.0786
17647.7 96.0784
17648.1 96.0781
17648.4 96.0779
17648.8 96.0777
17649.2 96.0775
17649.5 96.0772
17649.9 96.0772
17650.3 96.077
17650.6 96.0767
17651 96.0765
17651.4 96.0762
17651.7 96.076
17652.1 96.0759
17652.5 96.0757
17652.8 96.0755
17653.2 96.0753
17653.6 96.0751
17653.9 96.0749
17654.3 96.0747
17654.7 96.0745
17655 96.0744
17655.4 96.0742
17655.8 96.0741
17656.1 96.074
17656.5 96.0738
17656.9 96.0735
17657.2 96.0734
17657.6 96.0733
17658 96.0732
17658.3 96.0732
17658.7 96.0731
17659.1 96.073
17659.4 96.073
17659.8 96.073
17660.2 96.073
17660.5 96.073
17660.9 96.073
17661.3 96.0731
17661.6 96.0731
17662 96.0732
17662.4 96.0732
17662.7 96.0733
17663.1 96.0732
17663.5 96.0733
17663.8 96.0734
17664.2 96.0736
17664.5 96.0737
17664.9 96.0738
17665.3 96.074
17665.6 96.0742
17666 96.0743
17666.4 96.0745
17666.7 96.0747
17667.1 96.0748
17667.5 96.075
17667.8 96.0752
17668.2 96.0755
17668.6 96.0757
17668.9 96.0759
17669.3 96.0762
17669.7 96.0764
17670 96.0766
17670.4 96.0768
17670.8 96.077
17671.1 96.0771
17671.5 96.0772
17671.9 96.0773
17672.2 96.0774
17672.6 96.0774
17673 96.0775
17673.3 96.0775
17673.7 96.0775
17674.1 96.0774
17674.4 96.0774
17674.8 96.0773
17675.2 96.0772
17675.5 96.077
17675.9 96.077
17676.3 96.0768
17676.6 96.0766
17677 96.0764
17677.4 96.0762
17677.7 96.076
17678.1 96.0758
17678.5 96.0755
17678.8 96.0753
17679.2 96.075
17679.6 96.0748
17679.9 96.0746
17680.3 96.0743
17680.7 96.0741
17681 96.0739
17681.4 96.0736
17681.8 96.0733
17682.1 96.0731
17682.5 96.073
17682.9 96.0728
17683.2 96.0726
17683.6 96.0724
17684 96.0722
17684.3 96.072
17684.7 96.0717
17685.1 96.0715
17685.4 96.0714
17685.8 96.0712
17686.2 96.071
17686.5 96.0708
17686.9 96.0706
17687.3 96.0705
17687.6 96.0704
17688 96.0703
17688.4 96.0702
17688.7 96.0702
17689.1 96.0702
17689.5 96.0702
17689.8 96.0702
17690.2 96.0702
17690.6 96.0702
17690.9 96.0702
17691.3 96.0702
17691.6 96.0702
17692 96.0702
17692.4 96.0703
17692.7 96.0703
17693.1 96.0703
17693.5 96.0704
17693.8 96.0705
17694.2 96.0706
17694.6 96.0707
17694.9 96.0707
17695.3 96.0708
17695.7 96.0709
17696 96.071
17696.4 96.0711
17696.8 96.0712
17697.1 96.0713
17697.5 96.0714
17697.9 96.0715
17698.2 96.0717
17698.6 96.0718
17699 96.0719
17699.3 96.0721
17699.7 96.0723
17700.1 96.0725
17700.4 96.0726
17700.8 96.0728
17701.2 96.073
17701.5 96.0732
17701.9 96.0732
17702.3 96.0733
17702.6 96.0735
17703 96.0737
17703.4 96.0739
17703.7 96.074
17704.1 96.0742
17704.5 96.0744
17704.8 96.0745
17705.2 96.0747
17705.6 96.0749
17705.9 96.075
17706.3 96.0752
17706.7 96.0754
17707 96.0756
17707.4 96.0757
17707.8 96.0759
17708.1 96.076
17708.5 96.076
17708.9 96.0761
17709.2 96.0763
17709.6 96.0764
17710 96.0764
17710.3 96.0765
17710.7 96.0766
17711.1 96.0766
17711.4 96.0766
17711.8 96.0766
17712.2 96.0766
17712.5 96.0767
17712.9 96.0767
17713.3 96.0766
17713.6 96.0766
17714 96.0765
17714.4 96.0764
17714.7 96.0764
17715.1 96.0765
17715.5 96.0764
17715.8 96.0763
17716.2 96.0763
17716.6 96.0762
17716.9 96.0761
17717.3 96.0761
17717.7 96.076
17718 96.0759
17718.4 96.076
17718.7 96.076
17719.1 96.0759
17719.5 96.0759
17719.8 96.0758
17720.2 96.0758
17720.6 96.0758
17720.9 96.0758
17721.3 96.0758
17721.7 96.0759
17722 96.0759
17722.4 96.0759
17722.8 96.0759
17723.1 96.0759
17723.5 96.076
17723.9 96.076
17724.2 96.0761
17724.6 96.0763
17725 96.0764
17725.3 96.0766
17725.7 96.0767
17726.1 96.0769
17726.4 96.0771
17726.8 96.0773
17727.2 96.0775
17727.5 96.0777
17727.9 96.078
17728.3 96.0781
17728.6 96.0783
17729 96.0786
17729.4 96.0788
17729.7 96.079
17730.1 96.0792
17730.5 96.0794
17730.8 96.0796
17731.2 96.0798
17731.6 96.0799
17731.9 96.08
17732.3 96.0801
17732.7 96.0801
17733 96.0801
17733.4 96.0802
17733.8 96.0802
17734.1 96.0802
17734.5 96.0802
17734.9 96.0802
17735.2 96.0801
17735.6 96.0801
17736 96.08
17736.3 96.08
17736.7 96.08
17737.1 96.08
17737.4 96.08
17737.8 96.0799
17738.2 96.0799
17738.5 96.0799
17738.9 96.08
17739.3 96.08
17739.6 96.08
17740 96.0801
17740.4 96.0802
17740.7 96.0802
17741.1 96.0804
17741.5 96.0805
17741.8 96.0807
17742.2 96.0807
17742.6 96.0809
17742.9 96.081
17743.3 96.0814
17743.7 96.0815
17744 96.0817
17744.4 96.0818
17744.8 96.082
17745.1 96.0821
17745.5 96.0823
17745.8 96.0825
17746.2 96.0827
17746.6 96.0829
17746.9 96.0831
17747.3 96.0833
17747.7 96.0835
17748 96.0837
17748.4 96.084
17748.8 96.0842
17749.1 96.0846
17749.5 96.0849
17749.9 96.0852
17750.2 96.0854
17750.6 96.0857
17751 96.086
17751.3 96.0863
17751.7 96.0866
17752.1 96.087
17752.4 96.0873
17752.8 96.0876
17753.2 96.0879
17753.5 96.0881
17753.9 96.0884
17754.3 96.0884
17754.6 96.0886
17755 96.0889
17755.4 96.0891
17755.7 96.0893
17756.1 96.0894
17756.5 96.0896
17756.8 96.0898
17757.2 96.0899
17757.6 96.09
17757.9 96.0902
17758.3 96.0904
17758.7 96.0905
17759 96.0906
17759.4 96.0908
17759.8 96.0909
17760.1 96.091
17760.5 96.0911
17760.9 96.0911
17761.2 96.0912
17761.6 96.0913
17762 96.0914
17762.3 96.0915
17762.7 96.0916
17763.1 96.0916
17763.4 96.0917
17763.8 96.0917
17764.2 96.0917
17764.5 96.0917
17764.9 96.0916
17765.3 96.0916
17765.6 96.0916
17766 96.0915
17766.4 96.0914
17766.7 96.0914
17767.1 96.0914
17767.5 96.0914
17767.8 96.0914
17768.2 96.0913
17768.6 96.0914
17768.9 96.0914
17769.3 96.0914
17769.7 96.0915
17770 96.0916
17770.4 96.0917
17770.8 96.0918
17771.1 96.0919
17771.5 96.0921
17771.8 96.0923
17772.2 96.0924
17772.6 96.0926
17772.9 96.0928
17773.3 96.093
17773.7 96.0931
17774 96.0934
17774.4 96.0936
17774.8 96.0938
17775.1 96.094
17775.5 96.0942
17775.9 96.0944
17776.2 96.0945
17776.6 96.0947
17777 96.0948
17777.3 96.095
17777.7 96.0951
17778.1 96.0952
17778.4 96.0954
17778.8 96.0955
17779.2 96.0956
17779.5 96.0956
17779.9 96.0959
17780.3 96.096
17780.6 96.0961
17781 96.0962
17781.4 96.0963
17781.7 96.0964
17782.1 96.0965
17782.5 96.0966
17782.8 96.0967
17783.2 96.0968
17783.6 96.0969
17783.9 96.0971
17784.3 96.0972
17784.7 96.0974
17785 96.0976
17785.4 96.0978
17785.8 96.0979
17786.1 96.0983
17786.5 96.0984
17786.9 96.0986
17787.2 96.0988
17787.6 96.0989
17788 96.0991
17788.3 96.0992
17788.7 96.0994
17789.1 96.0995
17789.4 96.0996
17789.8 96.0998
17790.2 96.0999
17790.5 96.1001
17790.9 96.1002
17791.3 96.1004
17791.6 96.1005
17792 96.1006
17792.4 96.101
17792.7 96.1011
17793.1 96.1013
17793.5 96.1014
17793.8 96.1016
17794.2 96.1018
17794.6 96.102
17794.9 96.1022
17795.3 96.1023
17795.7 96.1025
17796 96.1028
17796.4 96.103
17796.8 96.1032
17797.1 96.1035
17797.5 96.1037
17797.8 96.104
17798.2 96.1043
17798.6 96.1047
17798.9 96.1049
17799.3 96.1052
17799.7 96.1055
17800 96.1057
17800.4 96.1059
17800.8 96.1062
17801.1 96.1065
17801.5 96.1067
17801.9 96.107
17802.2 96.1072
17802.6 96.1074
17803 96.1077
17803.3 96.1079
17803.7 96.1081
17804.1 96.1083
17804.4 96.1085
17804.8 96.1089
17805.2 96.1091
17805.5 96.1093
17805.9 96.1095
17806.3 96.1097
17806.6 96.1099
17807 96.11
17807.4 96.1102
17807.7 96.1104
17808.1 96.1105
17808.5 96.1107
17808.8 96.1109
17809.2 96.111
17809.6 96.1112
17809.9 96.1113
17810.3 96.1115
17810.7 96.1117
17811 96.1122
17811.4 96.1124
17811.8 96.1125
17812.1 96.1128
17812.5 96.113
17812.9 96.1132
17813.2 96.1134
17813.6 96.1137
17814 96.1139
17814.3 96.1141
17814.7 96.1143
17815.1 96.1146
17815.4 96.1149
17815.8 96.1151
17816.2 96.1154
17816.5 96.1157
17816.9 96.1163
17817.3 96.1167
17817.6 96.117
17818 96.1174
17818.4 96.1178
17818.7 96.1183
17819.1 96.1187
17819.5 96.119
17819.8 96.1195
17820.2 96.12
17820.6 96.1205
17820.9 96.121
17821.3 96.1215
17821.7 96.122
17822 96.1225
17822.4 96.123
17822.8 96.1235
17823.1 96.1242
17823.5 96.1246
17823.9 96.1251
17824.2 96.1255
17824.6 96.1259
17824.9 96.1263
17825.3 96.1267
17825.7 96.127
17826 96.1272
17826.4 96.1275
17826.8 96.1278
17827.1 96.1282
17827.5 96.1284
17827.9 96.1287
17828.2 96.129
17828.6 96.1293
17829 96.1296
17829.3 96.13
17829.7 96.1303
17830.1 96.1306
17830.4 96.131
17830.8 96.1313
17831.2 96.1316
17831.5 96.1319
17831.9 96.1322
17832.3 96.1325
17832.6 96.1326
17833 96.1329
17833.4 96.1332
17833.7 96.1335
17834.1 96.1338
17834.5 96.134
17834.8 96.1342
17835.2 96.1345
17835.6 96.1348
17835.9 96.135
17836.3 96.1352
17836.7 96.1353
17837 96.1355
17837.4 96.1356
17837.8 96.1357
17838.1 96.1358
17838.5 96.1359
17838.9 96.136
17839.2 96.1361
17839.6 96.1362
17840 96.1363
17840.3 96.1363
17840.7 96.1364
17841.1 96.1364
17841.4 96.1364
17841.8 96.1365
17842.2 96.1365
17842.5 96.1364
17842.9 96.1364
17843.3 96.1364
17843.6 96.1363
17844 96.1362
17844.4 96.1362
17844.7 96.1361
17845.1 96.136
17845.5 96.1361
17845.8 96.136
17846.2 96.136
17846.6 96.1359
17846.9 96.1359
17847.3 96.1359
17847.7 96.136
17848 96.1361
17848.4 96.1363
17848.8 96.1364
17849.1 96.1365
17849.5 96.1367
17849.9 96.1369
17850.2 96.1371
17850.6 96.1373
17851 96.1376
17851.3 96.1378
17851.7 96.1381
17852 96.1384
17852.4 96.1386
17852.8 96.1389
17853.1 96.1392
17853.5 96.1394
17853.9 96.14
17854.2 96.1403
17854.6 96.1406
17855 96.1409
17855.3 96.1411
17855.7 96.1414
17856.1 96.1417
17856.4 96.1419
17856.8 96.1422
17857.2 96.1424
17857.5 96.1427
17857.9 96.1429
17858.3 96.1432
17858.6 96.1435
17859 96.1438
17859.4 96.1441
17859.7 96.1443
17860.1 96.1449
17860.5 96.1452
17860.8 96.1454
17861.2 96.1457
17861.6 96.146
17861.9 96.1462
17862.3 96.1465
17862.7 96.1467
17863 96.147
17863.4 96.1472
17863.8 96.1475
17864.1 96.1477
17864.5 96.1479
17864.9 96.1481
17865.2 96.1482
17865.6 96.1484
17866 96.1486
17866.3 96.1488
17866.7 96.1489
17867.1 96.1491
17867.4 96.1492
17867.8 96.1493
17868.2 96.1494
17868.5 96.1495
17868.9 96.1496
17869.3 96.1497
17869.6 96.1498
17870 96.15
17870.4 96.1501
17870.7 96.1502
17871.1 96.1503
17871.5 96.1505
17871.8 96.1505
17872.2 96.1506
17872.6 96.1508
17872.9 96.151
17873.3 96.1512
17873.7 96.1514
17874 96.1516
17874.4 96.1519
17874.8 96.1521
17875.1 96.1523
17875.5 96.1526
17875.9 96.1529
17876.2 96.1531
17876.6 96.1534
17877 96.1537
17877.3 96.154
17877.7 96.1542
17878.1 96.1544
17878.4 96.1546
17878.8 96.1551
17879.1 96.1553
17879.5 96.1556
17879.9 96.1559
17880.2 96.1561
17880.6 96.1563
17881 96.1566
17881.3 96.1568
17881.7 96.157
17882.1 96.1572
17882.4 96.1574
17882.8 96.1575
17883.2 96.1577
17883.5 96.1578
17883.9 96.1579
17884.3 96.158
17884.6 96.1581
17885 96.1581
17885.4 96.1582
17885.7 96.1582
17886.1 96.1582
17886.5 96.1582
17886.8 96.1582
17887.2 96.1582
17887.6 96.1582
17887.9 96.1582
17888.3 96.1581
17888.7 96.1581
17889 96.158
17889.4 96.158
17889.8 96.1579
17890.1 96.1578
17890.5 96.1578
17890.9 96.1576
17891.2 96.1576
17891.6 96.1575
17892 96.1574
17892.3 96.1574
17892.7 96.1573
17893.1 96.1573
17893.4 96.1573
17893.8 96.1573
17894.2 96.1573
17894.5 96.1573
17894.9 96.1574
17895.3 96.1574
17895.6 96.1575
17896 96.1576
17896.4 96.1576
17896.7 96.1578
17897.1 96.1579
17897.5 96.1581
17897.8 96.1581
17898.2 96.1582
17898.6 96.1584
17898.9 96.1585
17899.3 96.1587
17899.7 96.1588
17900 96.1589
17900.4 96.1591
17900.8 96.1592
17901.1 96.1593
17901.5 96.1594
17901.9 96.1596
17902.2 96.1597
17902.6 96.1598
17903 96.16
17903.3 96.1602
17903.7 96.1603
17904.1 96.1605
17904.4 96.1606
17904.8 96.1607
17905.2 96.1609
17905.5 96.1611
17905.9 96.1613
17906.2 96.1615
17906.6 96.1616
17907 96.1618
17907.3 96.162
17907.7 96.1622
17908.1 96.1623
17908.4 96.1625
17908.8 96.1626
17909.2 96.1628
17909.5 96.1631
17909.9 96.1632
17910.3 96.1633
17910.6 96.1634
17911 96.1635
17911.4 96.1636
17911.7 96.1637
17912.1 96.1637
17912.5 96.1637
17912.8 96.1638
17913.2 96.1638
17913.6 96.1638
17913.9 96.1638
17914.3 96.1639
17914.7 96.1639
17915 96.1639
17915.4 96.1641
17915.8 96.1641
17916.1 96.1642
17916.5 96.1642
17916.9 96.1643
17917.2 96.1644
17917.6 96.1645
17918 96.1645
17918.3 96.1646
17918.7 96.1647
17919.1 96.1647
17919.4 96.1648
17919.8 96.1648
17920.2 96.1649
17920.5 96.165
17920.9 96.165
17921.3 96.1651
17921.6 96.1652
17922 96.1653
17922.4 96.1654
17922.7 96.1655
17923.1 96.1656
17923.5 96.1656
17923.8 96.1657
17924.2 96.1658
17924.6 96.166
17924.9 96.1661
17925.3 96.1662
17925.7 96.1664
17926 96.1665
17926.4 96.1666
17926.8 96.1667
17927.1 96.1668
17927.5 96.1669
17927.9 96.1671
17928.2 96.1672
17928.6 96.1672
17929 96.1673
17929.3 96.1673
17929.7 96.1673
17930.1 96.1673
17930.4 96.1674
17930.8 96.1673
17931.2 96.1673
17931.5 96.1672
17931.9 96.1671
17932.3 96.167
17932.6 96.1669
17933 96.1667
17933.3 96.1666
17933.7 96.1664
17934.1 96.1662
17934.4 96.166
17934.8 96.1658
17935.2 96.1656
17935.5 96.1654
17935.9 96.1652
17936.3 96.165
17936.6 96.1649
17937 96.1648
17937.4 96.1646
17937.7 96.1645
17938.1 96.1644
17938.5 96.1643
17938.8 96.1642
17939.2 96.1641
17939.6 96.1641
17939.9 96.164
17940.3 96.1639
17940.7 96.1639
17941 96.1639
17941.4 96.1639
17941.8 96.1639
17942.1 96.164
17942.5 96.164
17942.9 96.164
17943.2 96.1641
17943.6 96.1641
17944 96.1642
17944.3 96.1643
17944.7 96.1644
17945.1 96.1645
17945.4 96.1646
17945.8 96.1648
17946.2 96.1649
17946.5 96.1651
17946.9 96.1653
17947.3 96.1654
17947.6 96.1656
17948 96.1657
17948.4 96.1658
17948.7 96.166
17949.1 96.1661
17949.5 96.1662
17949.8 96.1663
17950.2 96.1664
17950.6 96.1665
17950.9 96.1666
17951.3 96.1666
17951.7 96.1667
17952 96.1667
17952.4 96.1669
17952.8 96.1669
17953.1 96.1669
17953.5 96.167
17953.9 96.167
17954.2 96.167
17954.6 96.167
17955 96.167
17955.3 96.1669
17955.7 96.1669
17956.1 96.1669
17956.4 96.167
17956.8 96.1669
17957.2 96.1669
17957.5 96.1668
17957.9 96.1668
17958.3 96.1667
17958.6 96.1667
17959 96.1666
17959.3 96.1665
17959.7 96.1665
17960.1 96.1664
17960.4 96.1663
17960.8 96.1662
17961.2 96.1661
17961.5 96.1661
17961.9 96.166
17962.3 96.1659
17962.6 96.1658
17963 96.1657
17963.4 96.1656
17963.7 96.1656
17964.1 96.1655
17964.5 96.1654
17964.8 96.1652
17965.2 96.1651
17965.6 96.165
17965.9 96.1649
17966.3 96.1648
17966.7 96.1647
17967 96.1646
17967.4 96.1645
17967.8 96.1644
17968.1 96.1643
17968.5 96.1643
17968.9 96.1642
17969.2 96.1641
17969.6 96.164
17970 96.1639
17970.3 96.1639
17970.7 96.1639
17971.1 96.1638
17971.4 96.1638
17971.8 96.1639
17972.2 96.1639
17972.5 96.164
17972.9 96.1641
17973.3 96.1642
17973.6 96.1643
17974 96.1644
17974.4 96.1645
17974.7 96.1647
17975.1 96.1648
17975.5 96.165
17975.8 96.1651
17976.2 96.1651
17976.6 96.1653
17976.9 96.1655
17977.3 96.1657
17977.7 96.1659
17978 96.1661
17978.4 96.1663
17978.8 96.1666
17979.1 96.1668
17979.5 96.167
17979.9 96.1672
17980.2 96.1674
17980.6 96.1676
17981 96.1678
17981.3 96.1679
17981.7 96.1681
17982.1 96.1682
17982.4 96.1682
17982.8 96.1683
17983.2 96.1683
17983.5 96.1684
17983.9 96.1684
17984.3 96.1684
17984.6 96.1684
17985 96.1683
17985.3 96.1683
17985.7 96.1682
17986.1 96.1681
17986.4 96.168
17986.8 96.168
17987.2 96.1679
17987.5 96.1678
17987.9 96.1677
17988.3 96.1676
17988.6 96.1675
17989 96.1676
17989.4 96.1675
17989.7 96.1674
17990.1 96.1673
17990.5 96.1672
17990.8 96.1672
17991.2 96.1671
17991.6 96.167
17991.9 96.167
17992.3 96.167
17992.7 96.1669
17993 96.1669
17993.4 96.1669
17993.8 96.1668
17994.1 96.1668
17994.5 96.1668
17994.9 96.1668
17995.2 96.1668
17995.6 96.1668
17996 96.1668
17996.3 96.1668
17996.7 96.1668
17997.1 96.1669
17997.4 96.1669
17997.8 96.1669
17998.2 96.1669
17998.5 96.1669
17998.9 96.167
17999.3 96.167
17999.6 96.167
18000 96.167
18000.4 96.167
18000.7 96.167
18001.1 96.1671
18001.5 96.1671
18001.8 96.1671
18002.2 96.1671
18002.6 96.167
18002.9 96.167
18003.3 96.167
18003.7 96.167
18004 96.1669
18004.4 96.1669
18004.8 96.1668
18005.1 96.1668
18005.5 96.1667
18005.9 96.1667
18006.2 96.1666
18006.6 96.1666
18007 96.1666
18007.3 96.1665
18007.7 96.1665
18008.1 96.1664
18008.4 96.1665
18008.8 96.1664
18009.2 96.1664
18009.5 96.1664
18009.9 96.1665
18010.3 96.1665
18010.6 96.1666
18011 96.1667
18011.4 96.1668
18011.7 96.1669
18012.1 96.167
18012.4 96.1671
18012.8 96.1673
18013.2 96.1674
18013.5 96.1675
18013.9 96.1676
18014.3 96.1677
18014.6 96.1678
18015 96.1679
18015.4 96.1679
18015.7 96.168
18016.1 96.1681
18016.5 96.1681
18016.8 96.1682
18017.2 96.1682
18017.6 96.1682
18017.9 96.1683
18018.3 96.1683
18018.7 96.1683
18019 96.1682
18019.4 96.1682
18019.8 96.1682
18020.1 96.168
18020.5 96.168
18020.9 96.168
18021.2 96.1679
18021.6 96.1678
18022 96.1677
18022.3 96.1677
18022.7 96.1676
18023.1 96.1676
18023.4 96.1675
18023.8 96.1675
18024.2 96.1675
18024.5 96.1674
18024.9 96.1674
18025.3 96.1674
18025.6 96.1674
18026 96.1673
18026.4 96.1673
18026.7 96.1673
18027.1 96.1673
18027.5 96.1673
18027.8 96.1673
18028.2 96.1672
18028.6 96.1672
18028.9 96.1672
18029.3 96.1672
18029.7 96.1673
18030 96.1673
18030.4 96.1674
18030.8 96.1674
18031.1 96.1675
18031.5 96.1676
18031.9 96.1677
18032.2 96.1679
18032.6 96.1681
18033 96.1683
18033.3 96.1685
18033.7 96.1687
18034.1 96.169
18034.4 96.1693
18034.8 96.1693
18035.2 96.1696
18035.5 96.1699
18035.9 96.1702
18036.3 96.1706
18036.6 96.1709
18037 96.1712
18037.4 96.1715
18037.7 96.1719
18038.1 96.1722
18038.5 96.1726
18038.8 96.173
18039.2 96.1734
18039.5 96.1737
18039.9 96.174
18040.3 96.1743
18040.6 96.1746
18041 96.1749
18041.4 96.175
18041.7 96.1752
18042.1 96.1755
18042.5 96.1757
18042.8 96.1759
18043.2 96.1761
18043.6 96.1762
18043.9 96.1764
18044.3 96.1765
18044.7 96.1766
18045 96.1768
18045.4 96.1769
18045.8 96.1769
18046.1 96.1769
18046.5 96.177
18046.9 96.177
18047.2 96.177
18047.6 96.1769
18048 96.1769
18048.3 96.1769
18048.7 96.1769
18049.1 96.1768
18049.4 96.1768
18049.8 96.1767
18050.2 96.1767
18050.5 96.1766
18050.9 96.1765
18051.3 96.1764
18051.6 96.1763
18052 96.1763
18052.4 96.1762
18052.7 96.1761
18053.1 96.1761
18053.5 96.1761
18053.8 96.176
18054.2 96.176
18054.6 96.176
18054.9 96.176
18055.3 96.176
18055.7 96.176
18056 96.1759
18056.4 96.176
18056.8 96.176
18057.1 96.176
18057.5 96.176
18057.9 96.176
18058.2 96.1761
18058.6 96.1761
18059 96.1761
18059.3 96.1762
18059.7 96.1762
18060.1 96.1762
18060.4 96.1763
18060.8 96.1763
18061.2 96.1764
18061.5 96.1764
18061.9 96.1764
18062.3 96.1765
18062.6 96.1765
18063 96.1765
18063.4 96.1765
18063.7 96.1765
18064.1 96.1765
18064.5 96.1765
18064.8 96.1765
18065.2 96.1765
18065.6 96.1765
18065.9 96.1765
18066.3 96.1765
18066.6 96.1766
18067 96.1766
18067.4 96.1766
18067.7 96.1767
18068.1 96.1767
18068.5 96.1768
18068.8 96.1768
18069.2 96.1769
18069.6 96.1771
18069.9 96.1772
18070.3 96.1773
18070.7 96.1774
18071 96.1775
18071.4 96.1776
18071.8 96.1778
18072.1 96.1779
18072.5 96.1781
18072.9 96.1783
18073.2 96.1784
18073.6 96.1786
18074 96.1787
18074.3 96.1789
18074.7 96.1791
18075.1 96.1793
18075.4 96.1796
18075.8 96.1798
18076.2 96.1801
18076.5 96.1803
18076.9 96.1806
18077.3 96.1809
18077.6 96.1811
18078 96.1814
18078.4 96.1817
18078.7 96.1819
18079.1 96.1822
18079.5 96.1824
18079.8 96.1827
18080.2 96.1829
18080.6 96.1829
18080.9 96.1831
18081.3 96.1833
18081.7 96.1834
18082 96.1835
18082.4 96.1836
18082.8 96.1838
18083.1 96.1839
18083.5 96.184
18083.9 96.1841
18084.2 96.1841
18084.6 96.1841
18085 96.1842
18085.3 96.1842
18085.7 96.1842
18086.1 96.1842
18086.4 96.1842
18086.8 96.1843
18087.2 96.1842
18087.5 96.1842
18087.9 96.1843
18088.3 96.1843
18088.6 96.1843
18089 96.1844
18089.4 96.1844
18089.7 96.1845
18090.1 96.1845
18090.5 96.1846
18090.8 96.1847
18091.2 96.1848
18091.6 96.1849
18091.9 96.185
18092.3 96.1851
18092.7 96.1852
18093 96.1853
18093.4 96.1854
18093.7 96.1856
18094.1 96.1859
18094.5 96.186
18094.8 96.1862
18095.2 96.1864
18095.6 96.1865
18095.9 96.1867
18096.3 96.1869
18096.7 96.187
18097 96.1872
18097.4 96.1873
18097.8 96.1875
18098.1 96.1876
18098.5 96.1878
18098.9 96.1879
18099.2 96.1881
18099.6 96.1882
18100 96.1883
18100.3 96.1886
18100.7 96.1888
18101.1 96.1889
18101.4 96.189
18101.8 96.1892
18102.2 96.1893
18102.5 96.1895
18102.9 96.1896
18103.3 96.1898
18103.6 96.1899
18104 96.1901
18104.4 96.1903
18104.7 96.1904
18105.1 96.1906
18105.5 96.1908
18105.8 96.191
18106.2 96.1912
18106.6 96.1915
18106.9 96.1917
18107.3 96.1919
18107.7 96.1922
18108 96.1924
18108.4 96.1927
18108.8 96.193
18109.1 96.1933
18109.5 96.1936
18109.9 96.194
18110.2 96.1943
18110.6 96.1946
18111 96.195
18111.3 96.1954
18111.7 96.1957
18112.1 96.1961
18112.4 96.1965
18112.8 96.1969
18113.2 96.1969
18113.5 96.1973
18113.9 96.1977
18114.3 96.1981
18114.6 96.1986
18115 96.199
18115.4 96.1994
18115.7 96.1998
18116.1 96.2003
18116.5 96.2007
18116.8 96.2011
18117.2 96.2016
18117.6 96.202
18117.9 96.2025
18118.3 96.2029
18118.7 96.2033
18119 96.2038
18119.4 96.2042
18119.8 96.2042
18120.1 96.2047
18120.5 96.2051
18120.8 96.2056
18121.2 96.206
18121.6 96.2065
18121.9 96.2069
18122.3 96.2073
18122.7 96.2077
18123 96.2081
18123.4 96.2085
18123.8 96.2089
18124.1 96.2092
18124.5 96.2096
18124.9 96.2099
18125.2 96.2102
18125.6 96.2105
18126 96.2105
18126.3 96.2108
18126.7 96.211
18127.1 96.2113
18127.4 96.2115
18127.8 96.2117
18128.2 96.212
18128.5 96.2122
18128.9 96.2124
18129.3 96.2127
18129.6 96.2129
18130 96.2131
18130.4 96.2134
18130.7 96.2136
18131.1 96.2139
18131.5 96.2142
18131.8 96.2145
18132.2 96.2148
18132.6 96.2148
18132.9 96.2151
18133.3 96.2154
18133.7 96.2157
18134 96.2161
18134.4 96.2164
18134.8 96.2168
18135.1 96.2172
18135.5 96.2176
18135.9 96.218
18136.2 96.2184
18136.6 96.2188
18137 96.2192
18137.3 96.2197
18137.7 96.2202
18138.1 96.2207
18138.4 96.2212
18138.8 96.2217
18139.2 96.2218
18139.5 96.2223
18139.9 96.2229
18140.3 96.2234
18140.6 96.2239
18141 96.2244
18141.4 96.225
18141.7 96.2255
18142.1 96.226
18142.5 96.2265
18142.8 96.227
18143.2 96.2275
18143.6 96.2283
18143.9 96.2288
18144.3 96.2293
18144.7 96.2297
18145 96.2301
18145.4 96.2306
18145.8 96.2309
18146.1 96.2313
18146.5 96.2317
18146.8 96.2321
18147.2 96.2325
18147.6 96.2329
18147.9 96.2332
18148.3 96.2336
18148.7 96.2339
18149 96.2342
18149.4 96.2345
18149.8 96.235
18150.1 96.2353
18150.5 96.2355
18150.9 96.2358
18151.2 96.2361
18151.6 96.2363
18152 96.2366
18152.3 96.2367
18152.7 96.237
18153.1 96.2373
18153.4 96.2376
18153.8 96.2379
18154.2 96.2382
18154.5 96.2385
18154.9 96.2389
18155.3 96.2393
18155.6 96.2397
18156 96.2401
18156.4 96.2405
18156.7 96.241
18157.1 96.2413
18157.5 96.2418
18157.8 96.2422
18158.2 96.2426
18158.6 96.243
18158.9 96.2429
18159.3 96.2432
18159.7 96.2435
18160 96.2438
18160.4 96.2441
18160.8 96.2443
18161.1 96.2445
18161.5 96.2447
18161.9 96.2448
18162.2 96.2449
18162.6 96.245
18163 96.2451
18163.3 96.2451
18163.7 96.2452
18164.1 96.2452
18164.4 96.2452
18164.8 96.2452
18165.2 96.2451
18165.5 96.2451
18165.9 96.245
18166.3 96.245
18166.6 96.245
18167 96.245
18167.4 96.2449
18167.7 96.2449
18168.1 96.2448
18168.5 96.2448
18168.8 96.2449
18169.2 96.2449
18169.6 96.2449
18169.9 96.245
18170.3 96.245
18170.7 96.2451
18171 96.2452
18171.4 96.2454
18171.8 96.2454
18172.1 96.2455
18172.5 96.2456
18172.8 96.2458
18173.2 96.2459
18173.6 96.2461
18173.9 96.2463
18174.3 96.2465
18174.7 96.2467
18175 96.2469
18175.4 96.2471
18175.8 96.2473
18176.1 96.2475
18176.5 96.2477
18176.9 96.2479
18177.2 96.2481
18177.6 96.2483
18178 96.2485
18178.3 96.2486
18178.7 96.2488
18179.1 96.249
18179.4 96.2492
18179.8 96.2494
18180.2 96.2495
18180.5 96.2498
18180.9 96.25
18181.3 96.2502
18181.6 96.2504
18182 96.2505
18182.4 96.2507
18182.7 96.2509
18183.1 96.2511
18183.5 96.2512
18183.8 96.2514
18184.2 96.2516
18184.6 96.2518
18184.9 96.2519
18185.3 96.2521
18185.7 96.2523
18186 96.2525
18186.4 96.2528
18186.8 96.2531
18187.1 96.2533
18187.5 96.2536
18187.9 96.2538
18188.2 96.2541
18188.6 96.2544
18189 96.2546
18189.3 96.2549
18189.7 96.2552
18190.1 96.2555
18190.4 96.2558
18190.8 96.2561
18191.2 96.2563
18191.5 96.2563
18191.9 96.2566
18192.3 96.2568
18192.6 96.2571
18193 96.2573
18193.4 96.2576
18193.7 96.2578
18194.1 96.2581
18194.5 96.2583
18194.8 96.2586
18195.2 96.2589
18195.6 96.2592
18195.9 96.2594
18196.3 96.2597
18196.7 96.26
18197 96.2603
18197.4 96.2605
18197.8 96.2605
18198.1 96.2608
18198.5 96.2611
18198.9 96.2613
18199.2 96.2616
18199.6 96.2619
18199.9 96.2622
18200.3 96.2624
18200.7 96.2627
18201 96.2629
18201.4 96.2632
18201.8 96.2634
18202.1 96.2637
18202.5 96.264
18202.9 96.2642
18203.2 96.2645
18203.6 96.2647
18204 96.2649
18204.3 96.265
18204.7 96.2652
18205.1 96.2655
18205.4 96.2658
18205.8 96.266
18206.2 96.2662
18206.5 96.2665
18206.9 96.2667
18207.3 96.2669
18207.6 96.2671
18208 96.2674
18208.4 96.2676
18208.7 96.2678
18209.1 96.2681
18209.5 96.2683
18209.8 96.2685
18210.2 96.2688
18210.6 96.269
18210.9 96.269
18211.3 96.2692
18211.7 96.2694
18212 96.2696
18212.4 96.2698
18212.8 96.27
18213.1 96.2702
18213.5 96.2704
18213.9 96.2706
18214.2 96.2709
18214.6 96.271
18215 96.2713
18215.3 96.2714
18215.7 96.2717
18216.1 96.2718
18216.4 96.272
18216.8 96.2722
18217.2 96.2724
18217.5 96.2723
18217.9 96.2725
18218.3 96.2727
18218.6 96.2728
18219 96.2729
18219.4 96.273
18219.7 96.2731
18220.1 96.2732
18220.5 96.2733
18220.8 96.2733
18221.2 96.2733
18221.6 96.2733
18221.9 96.2734
18222.3 96.2733
18222.7 96.2733
18223 96.2733
18223.4 96.2733
18223.8 96.2733
18224.1 96.2732
18224.5 96.2732
18224.9 96.2732
18225.2 96.2732
18225.6 96.2733
18226 96.2733
18226.3 96.2734
18226.7 96.2734
18227 96.2735
18227.4 96.2736
18227.8 96.2737
18228.1 96.2738
18228.5 96.2739
18228.9 96.274
18229.2 96.2741
18229.6 96.2742
18230 96.2743
18230.3 96.2744
18230.7 96.2743
18231.1 96.2745
18231.4 96.2746
18231.8 96.2748
18232.2 96.2749
18232.5 96.2751
18232.9 96.2753
18233.3 96.2754
18233.6 96.2756
18234 96.2757
18234.4 96.2759
18234.7 96.276
18235.1 96.2762
18235.5 96.2763
18235.8 96.2764
18236.2 96.2766
18236.6 96.2767
18236.9 96.2766
18237.3 96.2768
18237.7 96.2769
18238 96.277
18238.4 96.2772
18238.8 96.2773
18239.1 96.2774
18239.5 96.2775
18239.9 96.2777
18240.2 96.2778
18240.6 96.2779
18241 96.2781
18241.3 96.2782
18241.7 96.2783
18242.1 96.2785
18242.4 96.2787
18242.8 96.2788
18243.2 96.279
18243.5 96.279
18243.9 96.2791
18244.3 96.2793
18244.6 96.2794
18245 96.2795
18245.4 96.2796
18245.7 96.2798
18246.1 96.2799
18246.5 96.28
18246.8 96.2801
18247.2 96.2802
18247.6 96.2803
18247.9 96.2804
18248.3 96.2804
18248.7 96.2805
18249 96.2806
18249.4 96.2806
18249.8 96.2807
18250.1 96.2806
18250.5 96.2806
18250.9 96.2806
18251.2 96.2807
18251.6 96.2807
18252 96.2807
18252.3 96.2807
18252.7 96.2807
18253.1 96.2807
18253.4 96.2806
18253.8 96.2806
18254.1 96.2804
18254.5 96.2803
18254.9 96.2803
18255.2 96.2803
18255.6 96.2803
18256 96.2803
18256.3 96.2803
18256.7 96.2801
18257.1 96.2801
18257.4 96.2802
18257.8 96.2803
18258.2 96.2804
18258.5 96.2805
18258.9 96.2807
18259.3 96.2809
18259.6 96.2811
18260 96.2813
18260.4 96.2812
18260.7 96.2814
18261.1 96.2816
18261.5 96.2818
18261.8 96.2819
18262.2 96.2821
18262.6 96.2822
18262.9 96.2822
18263.3 96.282
18263.7 96.282
18264 96.2821
18264.4 96.2821
18264.8 96.2821
18265.1 96.282
18265.5 96.282
18265.9 96.2819
18266.2 96.2818
18266.6 96.2814
18267 96.2813
18267.3 96.2812
18267.7 96.2811
18268.1 96.2809
18268.4 96.2808
18268.8 96.2806
18269.2 96.2805
18269.5 96.2803
18269.9 96.2801
18270.3 96.28
18270.6 96.2799
18271 96.2797
18271.4 96.2796
18271.7 96.2795
18272.1 96.2794
18272.5 96.2793
18272.8 96.2791
18273.2 96.279
18273.6 96.279
18273.9 96.2789
18274.3 96.2789
18274.7 96.2789
18275 96.2789
18275.4 96.2789
18275.8 96.2789
18276.1 96.2788
18276.5 96.2788
18276.9 96.2788
18277.2 96.2788
18277.6 96.2789
18278 96.2789
18278.3 96.2789
18278.7 96.279
18279.1 96.2788
18279.4 96.2788
18279.8 96.2788
18280.2 96.2789
18280.5 96.2789
18280.9 96.2789
18281.2 96.2789
18281.6 96.2789
18282 96.2789
18282.3 96.2788
18282.7 96.2786
18283.1 96.2786
18283.4 96.2785
18283.8 96.2785
18284.2 96.2784
18284.5 96.2783
18284.9 96.2782
18285.3 96.2779
18285.6 96.2777
18286 96.2776
18286.4 96.2774
18286.7 96.2773
18287.1 96.2771
18287.5 96.277
18287.8 96.2768
18288.2 96.2766
18288.6 96.2765
18288.9 96.2763
18289.3 96.2761
18289.7 96.276
18290 96.2758
18290.4 96.2757
18290.8 96.2756
18291.1 96.2754
18291.5 96.2753
18291.9 96.2752
18292.2 96.2752
18292.6 96.2752
18293 96.2752
18293.3 96.2752
18293.7 96.2752
18294.1 96.2753
18294.4 96.2753
18294.8 96.2754
18295.2 96.2755
18295.5 96.2756
18295.9 96.2756
18296.3 96.2757
18296.6 96.2758
18297 96.276
18297.4 96.276
18297.7 96.2761
18298.1 96.2762
18298.5 96.2763
18298.8 96.2764
18299.2 96.2764
18299.6 96.2765
18299.9 96.2765
18300.3 96.2766
18300.7 96.2766
18301 96.2766
18301.4 96.2766
18301.8 96.2766
18302.1 96.2766
18302.5 96.2764
18302.9 96.2764
18303.2 96.2764
18303.6 96.2761
18304 96.2761
18304.3 96.2761
18304.7 96.276
18305.1 96.276
18305.4 96.2759
18305.8 96.2758
18306.2 96.2757
18306.5 96.2756
18306.9 96.2755
18307.3 96.2753
18307.6 96.2752
18308 96.275
18308.3 96.2748
18308.7 96.2744
18309.1 96.2742
18309.4 96.2739
18309.8 96.2733
18310.2 96.273
18310.5 96.2727
18310.9 96.2724
18311.3 96.2721
18311.6 96.2718
18312 96.2716
18312.4 96.2713
18312.7 96.2711
18313.1 96.2708
18313.5 96.2706
18313.8 96.2704
18314.2 96.2702
18314.6 96.27
18314.9 96.2699
18315.3 96.2696
18315.7 96.2695
18316 96.2692
18316.4 96.2691
18316.8 96.269
18317.1 96.2689
18317.5 96.2689
18317.9 96.2688
18318.2 96.2687
18318.6 96.2686
18319 96.2685
18319.3 96.2685
18319.7 96.2684
18320.1 96.2683
18320.4 96.2682
18320.8 96.2681
18321.2 96.268
18321.5 96.2679
18321.9 96.2676
18322.3 96.2674
18322.6 96.2673
18323 96.2671
18323.4 96.2669
18323.7 96.2667
18324.1 96.2665
18324.5 96.2663
18324.8 96.2661
18325.2 96.2659
18325.6 96.2656
18325.9 96.2654
18326.3 96.2651
18326.7 96.2648
18327 96.2646
18327.4 96.2643
18327.8 96.264
18328.1 96.2634
18328.5 96.2631
18328.9 96.2628
18329.2 96.2625
18329.6 96.2622
18330 96.2619
18330.3 96.2616
18330.7 96.2612
18331.1 96.2609
18331.4 96.2605
18331.8 96.2602
18332.2 96.2599
18332.5 96.2595
18332.9 96.2592
18333.3 96.2589
18333.6 96.2586
18334 96.2583
18334.3 96.2578
18334.7 96.2575
18335.1 96.2573
18335.4 96.257
18335.8 96.2569
18336.2 96.2567
18336.5 96.2566
18336.9 96.2564
18337.3 96.2563
18337.6 96.2562
18338 96.2562
18338.4 96.2561
18338.7 96.2561
18339.1 96.2561
18339.5 96.256
18339.8 96.256
18340.2 96.256
18340.6 96.2558
18340.9 96.2557
18341.3 96.2555
18341.7 96.2554
18342 96.2553
18342.4 96.2552
18342.8 96.2551
18343.1 96.255
18343.5 96.2549
18343.9 96.2548
18344.2 96.2547
18344.6 96.2545
18345 96.2544
18345.3 96.2542
18345.7 96.2541
18346.1 96.2539
18346.4 96.2538
18346.8 96.2534
18347.2 96.2532
18347.5 96.2531
18347.9 96.2528
18348.3 96.2527
18348.6 96.2525
18349 96.2524
18349.4 96.2523
18349.7 96.2521
18350.1 96.2519
18350.5 96.2517
18350.8 96.2516
18351.2 96.2513
18351.6 96.2511
18351.9 96.2508
18352.3 96.2506
18352.7 96.2503
18353 96.2496
18353.4 96.2492
18353.8 96.2489
18354.1 96.2484
18354.5 96.2481
18354.9 96.2477
18355.2 96.2472
18355.6 96.2468
18356 96.2464
18356.3 96.2459
18356.7 96.2454
18357.1 96.245
18357.4 96.2445
18357.8 96.244
18358.2 96.2435
18358.5 96.2431
18358.9 96.2423
18359.3 96.2418
18359.6 96.2414
18360 96.2409
18360.3 96.2405
18360.7 96.24
18361.1 96.2397
18361.4 96.2393
18361.8 96.2389
18362.2 96.2385
18362.5 96.2381
18362.9 96.2377
18363.3 96.2374
18363.6 96.237
18364 96.2366
18364.4 96.2363
18364.7 96.236
18365.1 96.2353
18365.5 96.235
18365.8 96.2347
18366.2 96.2344
18366.6 96.2342
18366.9 96.234
18367.3 96.2338
18367.7 96.2334
18368 96.2332
18368.4 96.2331
18368.8 96.233
18369.1 96.2328
18369.5 96.2327
18369.9 96.2327
18370.2 96.2326
18370.6 96.2326
18371 96.2326
18371.3 96.2322
18371.7 96.2322
18372.1 96.2321
18372.4 96.2321
18372.8 96.2321
18373.2 96.2321
18373.5 96.2321
18373.9 96.2321
18374.3 96.2318
18374.6 96.2318
18375 96.2318
18375.4 96.2318
18375.7 96.2318
18376.1 96.2317
18376.5 96.2317
18376.8 96.2316
18377.2 96.2316
18377.6 96.2312
18377.9 96.2311
18378.3 96.231
18378.7 96.2308
18379 96.2307
18379.4 96.2305
18379.8 96.2303
18380.1 96.2301
18380.5 96.2298
18380.9 96.2296
18381.2 96.2294
18381.6 96.2292
18382 96.229
18382.3 96.2287
18382.7 96.2285
18383.1 96.2283
18383.4 96.228
18383.8 96.2276
18384.2 96.2274
18384.5 96.2271
18384.9 96.227
18385.3 96.2268
18385.6 96.2266
18386 96.2264
18386.4 96.2263
18386.7 96.2261
18387.1 96.226
18387.4 96.2258
18387.8 96.2257
18388.2 96.2256
18388.5 96.2255
18388.9 96.2253
18389.3 96.2252
18389.6 96.225
18390 96.2248
18390.4 96.2247
18390.7 96.2246
18391.1 96.2245
18391.5 96.2243
18391.8 96.2242
18392.2 96.2241
18392.6 96.2239
18392.9 96.2238
18393.3 96.2236
18393.7 96.2235
18394 96.2233
18394.4 96.2231
18394.8 96.223
18395.1 96.2228
18395.5 96.2225
18395.9 96.2221
18396.2 96.2218
18396.6 96.2216
18397 96.2213
18397.3 96.221
18397.7 96.2207
18398.1 96.2204
18398.4 96.22
18398.8 96.2197
18399.2 96.2194
18399.5 96.219
18399.9 96.2187
18400.3 96.2185
18400.6 96.2181
18401 96.2178
18401.4 96.2175
18401.7 96.2172
18402.1 96.2167
18402.5 96.2165
18402.8 96.2163
18403.2 96.2161
18403.6 96.2159
18403.9 96.2158
18404.3 96.2157
18404.7 96.2156
18405 96.2156
18405.4 96.2155
18405.8 96.2155
18406.1 96.2155
18406.5 96.2156
18406.9 96.2155
18407.2 96.2155
18407.6 96.2156
18408 96.2157
18408.3 96.2157
18408.7 96.2158
18409.1 96.216
18409.4 96.2161
18409.8 96.2163
18410.2 96.2165
18410.5 96.2166
18410.9 96.2168
18411.3 96.217
18411.6 96.2172
18412 96.2173
18412.4 96.2174
18412.7 96.2176
18413.1 96.2175
18413.5 96.2176
18413.8 96.2178
18414.2 96.2179
18414.5 96.2179
18414.9 96.218
18415.3 96.2181
18415.6 96.2182
18416 96.2182
18416.4 96.2182
18416.7 96.2183
18417.1 96.2183
18417.5 96.2183
18417.8 96.2183
18418.2 96.2183
18418.6 96.2183
18418.9 96.2183
18419.3 96.2183
18419.7 96.2183
18420 96.2183
18420.4 96.2183
18420.8 96.2183
18421.1 96.2183
18421.5 96.2183
18421.9 96.2184
18422.2 96.2184
18422.6 96.2185
18423 96.2185
18423.3 96.2186
18423.7 96.2187
18424.1 96.2188
18424.4 96.2189
18424.8 96.219
18425.2 96.2191
18425.5 96.2193
18425.9 96.2194
18426.3 96.2195
18426.6 96.2197
18427 96.2199
18427.4 96.22
18427.7 96.2202
18428.1 96.2204
18428.5 96.2206
18428.8 96.2208
18429.2 96.2211
18429.6 96.2213
18429.9 96.2216
18430.3 96.2218
18430.7 96.2221
18431 96.2223
18431.4 96.2226
18431.8 96.2229
18432.1 96.2231
18432.5 96.2234
18432.9 96.2233
18433.2 96.2235
18433.6 96.2237
18434 96.2238
18434.3 96.224
18434.7 96.2241
18435.1 96.2242
18435.4 96.2243
18435.8 96.2244
18436.2 96.2244
18436.5 96.2245
18436.9 96.2245
18437.3 96.2244
18437.6 96.2244
18438 96.2244
18438.4 96.2243
18438.7 96.2242
18439.1 96.224
18439.5 96.2239
18439.8 96.2238
18440.2 96.2237
18440.6 96.2236
18440.9 96.2236
18441.3 96.2235
18441.6 96.2234
18442 96.2234
18442.4 96.2233
18442.7 96.2232
18443.1 96.2232
18443.5 96.2231
18443.8 96.223
18444.2 96.223
18444.6 96.2229
18444.9 96.2228
18445.3 96.2226
18445.7 96.2225
18446 96.2224
18446.4 96.2223
18446.8 96.2221
18447.1 96.222
18447.5 96.2219
18447.9 96.2217
18448.2 96.2216
18448.6 96.2214
18449 96.2212
18449.3 96.221
18449.7 96.2207
18450.1 96.2205
18450.4 96.2203
18450.8 96.22
18451.2 96.2197
18451.5 96.2192
18451.9 96.2189
18452.3 96.2188
18452.6 96.2185
18453 96.2182
18453.4 96.2179
18453.7 96.2176
18454.1 96.2173
18454.5 96.217
18454.8 96.2167
18455.2 96.2164
18455.6 96.2162
18455.9 96.2159
18456.3 96.2157
18456.7 96.2155
18457 96.2153
18457.4 96.2149
18457.8 96.2147
18458.1 96.2145
18458.5 96.2144
18458.9 96.2142
18459.2 96.214
18459.6 96.2138
18460 96.2137
18460.3 96.2135
18460.7 96.2133
18461.1 96.2131
18461.4 96.2129
18461.8 96.2127
18462.2 96.2125
18462.5 96.2122
18462.9 96.2119
18463.3 96.2117
18463.6 96.2111
18464 96.2108
18464.4 96.2104
18464.7 96.2101
18465.1 96.2097
18465.5 96.2095
18465.8 96.2091
18466.2 96.2088
18466.6 96.2084
18466.9 96.208
18467.3 96.2076
18467.7 96.2073
18468 96.2069
18468.4 96.2066
18468.7 96.2062
18469.1 96.2058
18469.5 96.2055
18469.8 96.205
18470.2 96.2047
18470.6 96.2044
18470.9 96.2042
18471.3 96.2039
18471.7 96.2036
18472 96.2035
18472.4 96.2033
18472.8 96.2031
18473.1 96.2029
18473.5 96.2027
18473.9 96.2025
18474.2 96.2024
18474.6 96.2022
18475 96.2021
18475.3 96.202
18475.7 96.2019
18476.1 96.2017
18476.4 96.2016
18476.8 96.2016
18477.2 96.2015
18477.5 96.2014
18477.9 96.2013
18478.3 96.2012
18478.6 96.2011
18479 96.2011
18479.4 96.201
18479.7 96.2009
18480.1 96.2009
18480.5 96.2008
18480.8 96.2007
18481.2 96.2006
18481.6 96.2006
18481.9 96.2005
18482.3 96.2003
18482.7 96.2003
18483 96.2002
18483.4 96.2001
18483.8 96.2
18484.1 96.1999
18484.5 96.1999
18484.9 96.1997
18485.2 96.1996
18485.6 96.1995
18486 96.1995
18486.3 96.1994
18486.7 96.1993
18487.1 96.1992
18487.4 96.1991
18487.8 96.1991
18488.2 96.199
18488.5 96.1988
18488.9 96.1987
18489.3 96.1987
18489.6 96.1986
18490 96.1986
18490.4 96.1986
18490.7 96.1986
18491.1 96.1986
18491.5 96.1984
18491.8 96.1984
18492.2 96.1984
18492.6 96.1985
18492.9 96.1985
18493.3 96.1985
18493.7 96.1985
18494 96.1985
18494.4 96.1984
18494.8 96.1985
18495.1 96.1985
18495.5 96.1985
18495.8 96.1986
18496.2 96.1986
18496.6 96.1987
18496.9 96.1987
18497.3 96.1988
18497.7 96.1988
18498 96.1987
18498.4 96.1988
18498.8 96.1988
18499.1 96.1988
18499.5 96.1988
18499.9 96.1988
18500.2 96.1988
18500.6 96.1988
18501 96.1987
18501.3 96.1987
18501.7 96.1986
18502.1 96.1985
18502.4 96.1984
18502.8 96.1983
18503.2 96.1982
18503.5 96.1981
18503.9 96.198
18504.3 96.1979
18504.6 96.1978
18505 96.1977
18505.4 96.1975
18505.7 96.1974
18506.1 96.1974
18506.5 96.1973
18506.8 96.1971
18507.2 96.197
18507.6 96.197
18507.9 96.1969
18508.3 96.1969
18508.7 96.1969
18509 96.1969
18509.4 96.1968
18509.8 96.1968
18510.1 96.1968
18510.5 96.1968
18510.9 96.1967
18511.2 96.1966
18511.6 96.1965
18512 96.1965
18512.3 96.1964
18512.7 96.1964
18513.1 96.1962
18513.4 96.1961
18513.8 96.196
18514.2 96.196
18514.5 96.1959
18514.9 96.1958
18515.3 96.1957
18515.6 96.1956
18516 96.1955
18516.4 96.1954
18516.7 96.1953
18517.1 96.1952
18517.5 96.1951
18517.8 96.195
18518.2 96.1949
18518.6 96.1947
18518.9 96.1946
18519.3 96.1942
18519.7 96.1941
18520 96.1939
18520.4 96.1937
18520.8 96.1935
18521.1 96.1932
18521.5 96.193
18521.8 96.1928
18522.2 96.1926
18522.6 96.1924
18522.9 96.1922
18523.3 96.192
18523.7 96.1918
18524 96.1917
18524.4 96.1915
18524.8 96.1913
18525.1 96.1911
18525.5 96.191
18525.9 96.1909
18526.2 96.1909
18526.6 96.1908
18527 96.1908
18527.3 96.1908
18527.7 96.1908
18528.1 96.1909
18528.4 96.1909
18528.8 96.191
18529.2 96.1911
18529.5 96.1912
18529.9 96.1913
18530.3 96.1915
18530.6 96.1915
18531 96.1917
18531.4 96.1919
18531.7 96.1921
18532.1 96.1922
18532.5 96.1924
18532.8 96.1926
18533.2 96.1927
18533.6 96.1929
18533.9 96.1931
18534.3 96.1933
18534.7 96.1934
18535 96.1936
18535.4 96.1938
18535.8 96.1939
18536.1 96.1941
18536.5 96.1942
18536.9 96.1944
18537.2 96.1944
18537.6 96.1946
18538 96.1948
18538.3 96.1949
18538.7 96.1951
18539.1 96.1952
18539.4 96.1954
18539.8 96.1956
18540.2 96.1958
18540.5 96.1959
18540.9 96.1961
18541.3 96.1962
18541.6 96.1964
18542 96.1966
18542.4 96.1967
18542.7 96.1969
18543.1 96.197
18543.5 96.1971
18543.8 96.1972
18544.2 96.1973
18544.6 96.1974
18544.9 96.1975
18545.3 96.1976
18545.7 96.1977
18546 96.1979
18546.4 96.198
18546.8 96.198
18547.1 96.1981
18547.5 96.1982
18547.8 96.1983
18548.2 96.1983
18548.6 96.1984
18548.9 96.1984
18549.3 96.1985
18549.7 96.1985
18550 96.1985
18550.4 96.1984
18550.8 96.1984
18551.1 96.1983
18551.5 96.1983
18551.9 96.1983
18552.2 96.1982
18552.6 96.1982
18553 96.1982
18553.3 96.1981
18553.7 96.198
18554.1 96.198
18554.4 96.1979
18554.8 96.1978
18555.2 96.1978
18555.5 96.1977
18555.9 96.1976
18556.3 96.1973
18556.6 96.1972
18557 96.197
18557.4 96.1969
18557.7 96.1968
18558.1 96.1967
18558.5 96.1965
18558.8 96.1964
18559.2 96.1963
18559.6 96.1961
18559.9 96.196
18560.3 96.1958
18560.7 96.1956
18561 96.1955
18561.4 96.1953
18561.8 96.1952
18562.1 96.1948
18562.5 96.1946
18562.9 96.1944
18563.2 96.1943
18563.6 96.1941
18564 96.1939
18564.3 96.1937
18564.7 96.1935
18565.1 96.1933
18565.4 96.1931
18565.8 96.1929
18566.2 96.1926
18566.5 96.1924
18566.9 96.1922
18567.3 96.1919
18567.6 96.1917
18568 96.1914
18568.4 96.191
18568.7 96.1907
18569.1 96.1905
18569.5 96.1903
18569.8 96.19
18570.2 96.1898
18570.6 96.1896
18570.9 96.1893
18571.3 96.1891
18571.7 96.1889
18572 96.1887
18572.4 96.1885
18572.8 96.1882
18573.1 96.188
18573.5 96.1878
18573.9 96.1875
18574.2 96.1873
18574.6 96.1867
18574.9 96.1864
18575.3 96.1861
18575.7 96.1858
18576 96.1855
18576.4 96.1852
18576.8 96.1849
18577.1 96.1845
18577.5 96.1842
18577.9 96.1839
18578.2 96.1835
18578.6 96.1831
18579 96.1827
18579.3 96.1824
18579.7 96.182
18580.1 96.1816
18580.4 96.1811
18580.8 96.1803
18581.2 96.1799
18581.5 96.1794
18581.9 96.1789
18582.3 96.1784
18582.6 96.1779
18583 96.1775
18583.4 96.177
18583.7 96.1765
18584.1 96.1759
18584.5 96.1754
18584.8 96.1749
18585.2 96.1744
18585.6 96.1738
18585.9 96.1733
18586.3 96.1727
18586.7 96.1722
18587 96.1712
18587.4 96.1707
18587.8 96.1702
18588.1 96.1697
18588.5 96.1692
18588.9 96.1688
18589.2 96.1683
18589.6 96.1679
18590 96.1675
18590.3 96.167
18590.7 96.1666
18591.1 96.1662
18591.4 96.1658
18591.8 96.1655
18592.2 96.1651
18592.5 96.1648
18592.9 96.1641
18593.3 96.1638
18593.6 96.1635
18594 96.1632
18594.4 96.1629
18594.7 96.1627
18595.1 96.1624
18595.5 96.1621
18595.8 96.1618
18596.2 96.1616
18596.6 96.1613
18596.9 96.1611
18597.3 96.1609
18597.7 96.1607
18598 96.1604
18598.4 96.1602
18598.8 96.16
18599.1 96.1595
18599.5 96.1593
18599.9 96.1591
18600.2 96.1588
18600.6 96.1585
18601 96.1583
18601.3 96.158
18601.7 96.1577
18602 96.1575
18602.4 96.1573
18602.8 96.1571
18603.1 96.1568
18603.5 96.1565
18603.9 96.1563
18604.2 96.1561
18604.6 96.1558
18605 96.1556
18605.3 96.1554
18605.7 96.1552
18606.1 96.155
18606.4 96.1549
18606.8 96.1547
18607.2 96.1546
18607.5 96.1544
18607.9 96.1543
18608.3 96.1542
18608.6 96.1541
18609 96.1541
18609.4 96.154
18609.7 96.1539
18610.1 96.1538
18610.5 96.1537
18610.8 96.1536
18611.2 96.1535
18611.6 96.1534
18611.9 96.1533
18612.3 96.1532
18612.7 96.153
18613 96.1529
18613.4 96.1528
18613.8 96.1526
18614.1 96.1525
18614.5 96.1523
18614.9 96.1522
18615.2 96.152
18615.6 96.1518
18616 96.1516
18616.3 96.1513
18616.7 96.1511
18617.1 96.1508
18617.4 96.1505
18617.8 96.15
18618.2 96.1497
18618.5 96.1494
18618.9 96.149
18619.3 96.1487
18619.6 96.1483
18620 96.1479
18620.4 96.1476
18620.7 96.1472
18621.1 96.1468
18621.5 96.1463
18621.8 96.1458
18622.2 96.1455
18622.6 96.145
18622.9 96.1445
18623.3 96.1439
18623.7 96.143
18624 96.1424
18624.4 96.1418
18624.8 96.1412
18625.1 96.1406
18625.5 96.1399
18625.9 96.1393
18626.2 96.1386
18626.6 96.138
18627 96.1373
18627.3 96.1367
18627.7 96.136
18628.1 96.1354
18628.4 96.1351
18628.8 96.1345
18629.1 96.1339
18629.5 96.1333
18629.9 96.1326
18630.2 96.1321
18630.6 96.1316
18631 96.131
18631.3 96.1305
18631.7 96.1301
18632.1 96.1296
18632.4 96.1291
18632.8 96.1286
18633.2 96.1282
18633.5 96.1277
18633.9 96.1273
18634.3 96.1268
18634.6 96.1264
18635 96.1263
18635.4 96.1258
18635.7 96.1254
18636.1 96.1248
18636.5 96.1244
18636.8 96.124
18637.2 96.1236
18637.6 96.1233
18637.9 96.1229
18638.3 96.1226
18638.7 96.1223
18639 96.122
18639.4 96.1217
18639.8 96.1214
18640.1 96.1212
18640.5 96.1209
18640.9 96.1207
18641.2 96.1205
18641.6 96.1202
18642 96.12
18642.3 96.1195
18642.7 96.1193
18643.1 96.1191
18643.4 96.1189
18643.8 96.1187
18644.2 96.1186
18644.5 96.1184
18644.9 96.1181
18645.3 96.1179
18645.6 96.1177
18646 96.1175
18646.4 96.1172
18646.7 96.117
18647.1 96.1167
18647.5 96.1164
18647.8 96.1161
18648.2 96.1158
18648.6 96.1152
18648.9 96.1149
18649.3 96.1145
18649.7 96.1142
18650 96.1139
18650.4 96.1136
18650.8 96.1132
18651.1 96.1129
18651.5 96.1126
18651.9 96.1123
18652.2 96.112
18652.6 96.1117
18653 96.1114
18653.3 96.1111
18653.7 96.1108
18654.1 96.1105
18654.4 96.1102
18654.8 96.1098
18655.2 96.1095
18655.5 96.1092
18655.9 96.1089
18656.2 96.1086
18656.6 96.1083
18657 96.108
18657.3 96.1077
18657.7 96.1073
18658.1 96.107
18658.4 96.1066
18658.8 96.1063
18659.2 96.1059
18659.5 96.1055
18659.9 96.1051
18660.3 96.1047
18660.6 96.104
18661 96.1037
18661.4 96.1032
18661.7 96.1028
18662.1 96.1024
18662.5 96.1019
18662.8 96.1015
18663.2 96.101
18663.6 96.1006
18663.9 96.1001
18664.3 96.0997
18664.7 96.0993
18665 96.0989
18665.4 96.0985
18665.8 96.0981
18666.1 96.0978
18666.5 96.0974
18666.9 96.0967
18667.2 96.0964
18667.6 96.0961
18668 96.0958
18668.3 96.0954
18668.7 96.0951
18669.1 96.0948
18669.4 96.0945
18669.8 96.0942
18670.2 96.094
18670.5 96.0937
18670.9 96.0934
18671.3 96.0931
18671.6 96.0929
18672 96.0926
18672.4 96.0923
18672.7 96.0921
18673.1 96.0915
18673.5 96.0912
18673.8 96.091
18674.2 96.0907
18674.6 96.0904
18674.9 96.0901
18675.3 96.0899
18675.7 96.0896
18676 96.0893
18676.4 96.0891
18676.8 96.0888
18677.1 96.0885
18677.5 96.0882
18677.9 96.088
18678.2 96.0877
18678.6 96.0875
18679 96.0872
18679.3 96.0866
18679.7 96.0863
18680.1 96.0859
18680.4 96.0856
18680.8 96.0852
18681.2 96.0849
18681.5 96.0845
18681.9 96.0841
18682.3 96.0837
18682.6 96.0833
18683 96.0828
18683.3 96.0824
18683.7 96.0819
18684.1 96.0814
18684.4 96.0809
18684.8 96.0803
18685.2 96.0798
18685.5 96.0788
18685.9 96.0783
18686.3 96.0777
18686.6 96.0771
18687 96.0765
18687.4 96.0761
18687.7 96.0755
18688.1 96.0749
18688.5 96.0743
18688.8 96.0737
18689.2 96.0732
18689.6 96.0726
18689.9 96.072
18690.3 96.0714
18690.7 96.0709
18691 96.0703
18691.4 96.0698
18691.8 96.0689
18692.1 96.0684
18692.5 96.0678
18692.9 96.0673
18693.2 96.0669
18693.6 96.0664
18694 96.066
18694.3 96.0656
18694.7 96.0651
18695.1 96.0646
18695.4 96.0642
18695.8 96.0637
18696.2 96.0633
18696.5 96.0629
18696.9 96.0625
18697.3 96.0621
18697.6 96.0614
18698 96.0611
18698.4 96.0608
18698.7 96.0605
18699.1 96.0602
18699.5 96.06
18699.8 96.0598
18700.2 96.0596
18700.6 96.0594
18700.9 96.0593
18701.3 96.0592
18701.7 96.0591
18702 96.059
18702.4 96.0589
18702.8 96.0589
18703.1 96.0589
18703.5 96.0588
18703.9 96.0587
18704.2 96.0587
18704.6 96.0587
18705 96.0586
18705.3 96.0585
18705.7 96.0585
18706.1 96.0584
18706.4 96.0583
18706.8 96.0583
18707.2 96.0582
18707.5 96.0581
18707.9 96.0579
18708.3 96.0578
18708.6 96.0576
18709 96.0575
18709.3 96.0573
18709.7 96.0571
18710.1 96.0569
18710.4 96.0567
18710.8 96.0564
18711.2 96.0562
18711.5 96.0559
18711.9 96.0557
18712.3 96.0554
18712.6 96.0552
18713 96.0549
18713.4 96.0548
18713.7 96.0545
18714.1 96.0542
18714.5 96.0539
18714.8 96.0536
18715.2 96.0533
18715.6 96.0529
18715.9 96.0526
18716.3 96.0522
18716.7 96.0519
18717 96.0515
18717.4 96.0512
18717.8 96.0508
18718.1 96.0505
18718.5 96.0502
18718.9 96.0499
18719.2 96.0496
18719.6 96.0493
18720 96.0493
18720.3 96.049
18720.7 96.0488
18721.1 96.0486
18721.4 96.0484
18721.8 96.0482
18722.2 96.048
18722.5 96.0478
18722.9 96.0477
18723.3 96.0476
18723.6 96.0475
18724 96.0473
18724.4 96.0472
18724.7 96.0472
18725.1 96.0471
18725.5 96.047
18725.8 96.047
18726.2 96.0469
18726.6 96.0468
18726.9 96.0467
18727.3 96.0467
18727.7 96.0465
18728 96.0464
18728.4 96.0462
18728.8 96.0461
18729.1 96.0459
18729.5 96.0458
18729.9 96.0456
18730.2 96.0454
18730.6 96.0452
18731 96.045
18731.3 96.0448
18731.7 96.0446
18732.1 96.0444
18732.4 96.0441
18732.8 96.0439
18733.2 96.0437
18733.5 96.0435
18733.9 96.0432
18734.3 96.0429
18734.6 96.0425
18735 96.0422
18735.3 96.0419
18735.7 96.0416
18736.1 96.0413
18736.4 96.041
18736.8 96.0407
18737.2 96.0403
18737.5 96.04
18737.9 96.0397
18738.3 96.0393
18738.6 96.039
18739 96.0386
18739.4 96.0385
18739.7 96.0382
18740.1 96.0378
18740.5 96.0375
18740.8 96.0371
18741.2 96.0368
18741.6 96.0365
18741.9 96.0362
18742.3 96.0359
18742.7 96.0357
18743 96.0354
18743.4 96.0351
18743.8 96.0349
18744.1 96.0347
18744.5 96.0345
18744.9 96.0343
18745.2 96.0341
18745.6 96.034
18746 96.0341
18746.3 96.0339
18746.7 96.0338
18747.1 96.0338
18747.4 96.0337
18747.8 96.0337
18748.2 96.0336
18748.5 96.0336
18748.9 96.0336
18749.3 96.0336
18749.6 96.0336
18750 96.0336
18750.4 96.0336
18750.7 96.0336
18751.1 96.0335
18751.5 96.0335
18751.8 96.0335
18752.2 96.0335
18752.6 96.0335
18752.9 96.0335
18753.3 96.0335
18753.7 96.0334
18754 96.0333
18754.4 96.0333
18754.8 96.0332
18755.1 96.0331
18755.5 96.033
18755.9 96.0328
18756.2 96.0327
18756.6 96.0326
18757 96.0324
18757.3 96.0322
18757.7 96.032
18758.1 96.0318
18758.4 96.0316
18758.8 96.0313
18759.2 96.0314
18759.5 96.0312
18759.9 96.0309
18760.3 96.0306
18760.6 96.0302
18761 96.0299
18761.4 96.0295
18761.7 96.0291
18762.1 96.0287
18762.4 96.0284
18762.8 96.0279
18763.2 96.0275
18763.5 96.0271
18763.9 96.0267
18764.3 96.0262
18764.6 96.0257
18765 96.0253
18765.4 96.0247
18765.7 96.0245
18766.1 96.024
18766.5 96.0236
18766.8 96.0231
18767.2 96.0227
18767.6 96.0223
18767.9 96.0219
18768.3 96.0214
18768.7 96.021
18769 96.0206
18769.4 96.0202
18769.8 96.0199
18770.1 96.0195
18770.5 96.0192
18770.9 96.0189
18771.2 96.0185
18771.6 96.0181
18772 96.018
18772.3 96.0177
18772.7 96.0174
18773.1 96.0171
18773.4 96.0169
18773.8 96.0166
18774.2 96.0164
18774.5 96.0161
18774.9 96.0159
18775.3 96.0156
18775.6 96.0154
18776 96.0152
18776.4 96.0149
18776.7 96.0147
18777.1 96.0144
18777.5 96.0142
18777.8 96.0139
18778.2 96.0136
18778.6 96.0136
18778.9 96.0133
18779.3 96.0131
18779.7 96.0128
18780 96.0125
18780.4 96.0122
18780.8 96.0118
18781.1 96.0115
18781.5 96.0112
18781.9 96.0108
18782.2 96.0105
18782.6 96.0101
18783 96.0098
18783.3 96.0094
18783.7 96.009
18784.1 96.0086
18784.4 96.0082
18784.8 96.0079
18785.2 96.0078
18785.5 96.0074
18785.9 96.007
18786.3 96.0067
18786.6 96.0063
18787 96.006
18787.4 96.0057
18787.7 96.0053
18788.1 96.005
18788.5 96.0047
18788.8 96.0044
18789.2 96.0042
18789.5 96.004
18789.9 96.0037
18790.3 96.0035
18790.6 96.0034
18791 96.0032
18791.4 96.0031
18791.7 96.0031
18792.1 96.003
18792.5 96.003
18792.8 96.0029
18793.2 96.0028
18793.6 96.0028
18793.9 96.0027
18794.3 96.0027
18794.7 96.0027
18795 96.0027
18795.4 96.0027
18795.8 96.0027
18796.1 96.0027
18796.5 96.0027
18796.9 96.0028
18797.2 96.0028
18797.6 96.0028
18798 96.0029
18798.3 96.0029
18798.7 96.003
18799.1 96.003
18799.4 96.003
18799.8 96.003
18800.2 96.0031
18800.5 96.0031
18800.9 96.0032
18801.3 96.0032
18801.6 96.0033
18802 96.0033
18802.4 96.0034
18802.7 96.0034
18803.1 96.0035
18803.5 96.0035
18803.8 96.0036
18804.2 96.0037
18804.6 96.0037
18804.9 96.0038
18805.3 96.0039
18805.7 96.0039
18806 96.004
18806.4 96.0041
18806.8 96.0042
18807.1 96.0042
18807.5 96.0043
18807.9 96.0043
18808.2 96.0044
18808.6 96.0044
18809 96.0045
18809.3 96.0045
18809.7 96.0046
18810.1 96.0046
18810.4 96.0046
18810.8 96.0047
18811.2 96.0047
18811.5 96.0047
18811.9 96.0048
18812.3 96.0048
18812.6 96.0049
18813 96.0049
18813.4 96.0049
18813.7 96.005
18814.1 96.005
18814.5 96.005
18814.8 96.0051
18815.2 96.005
18815.6 96.005
18815.9 96.005
18816.3 96.0049
18816.6 96.0049
18817 96.0048
18817.4 96.0047
18817.7 96.0048
18818.1 96.0047
18818.5 96.0046
18818.8 96.0045
18819.2 96.0044
18819.6 96.0042
18819.9 96.0041
18820.3 96.004
18820.7 96.0039
18821 96.0038
18821.4 96.0037
18821.8 96.0036
18822.1 96.0035
18822.5 96.0034
18822.9 96.0034
18823.2 96.0033
18823.6 96.0032
18824 96.0031
18824.3 96.0032
18824.7 96.0032
18825.1 96.0031
18825.4 96.003
18825.8 96.0029
18826.2 96.0029
18826.5 96.0028
18826.9 96.0027
18827.3 96.0027
18827.6 96.0026
18828 96.0025
18828.4 96.0024
18828.7 96.0023
18829.1 96.0022
18829.5 96.0021
18829.8 96.002
18830.2 96.0019
18830.6 96.0018
18830.9 96.0019
18831.3 96.0018
18831.7 96.0017
18832 96.0017
18832.4 96.0016
18832.8 96.0015
18833.1 96.0015
18833.5 96.0015
18833.9 96.0014
18834.2 96.0014
18834.6 96.0013
18835 96.0012
18835.3 96.0012
18835.7 96.0011
18836.1 96.001
18836.4 96.0009
18836.8 96.0009
18837.2 96.001
18837.5 96.0009
18837.9 96.0008
18838.3 96.0007
18838.6 96.0006
18839 96.0005
18839.4 96.0005
18839.7 96.0004
18840.1 96.0002
18840.5 96.0001
18840.8 96
18841.2 95.9998
18841.6 95.9997
18841.9 95.9995
18842.3 95.9993
18842.7 95.9992
18843 95.999
18843.4 95.9988
18843.7 95.9987
18844.1 95.9986
18844.5 95.9983
18844.8 95.9981
18845.2 95.9979
18845.6 95.9976
18845.9 95.9974
18846.3 95.9971
18846.7 95.9969
18847 95.9966
18847.4 95.9963
18847.8 95.996
18848.1 95.9958
18848.5 95.9955
18848.9 95.9953
18849.2 95.9951
18849.6 95.9948
18850 95.9946
18850.3 95.9946
18850.7 95.9945
18851.1 95.9943
18851.4 95.9941
18851.8 95.9941
18852.2 95.9939
18852.5 95.9939
18852.9 95.9938
18853.3 95.9937
18853.6 95.9936
18854 95.9936
18854.4 95.9936
18854.7 95.9935
18855.1 95.9935
18855.5 95.9935
18855.8 95.9935
18856.2 95.9936
18856.6 95.9936
18856.9 95.9937
18857.3 95.9938
18857.7 95.9938
18858 95.994
18858.4 95.994
18858.8 95.994
18859.1 95.994
18859.5 95.994
18859.9 95.994
18860.2 95.994
18860.6 95.994
18861 95.994
18861.3 95.994
18861.7 95.9939
18862.1 95.9939
18862.4 95.9938
18862.8 95.9937
18863.2 95.9937
18863.5 95.9937
18863.9 95.9937
18864.3 95.9935
18864.6 95.9934
18865 95.9933
18865.4 95.9931
18865.7 95.993
18866.1 95.9928
18866.5 95.9926
18866.8 95.9925
18867.2 95.9923
18867.6 95.9921
18867.9 95.9919
18868.3 95.9917
18868.7 95.9915
18869 95.9913
18869.4 95.9911
18869.8 95.9909
18870.1 95.9909
18870.5 95.9907
18870.8 95.9904
18871.2 95.9902
18871.6 95.99
18871.9 95.9897
18872.3 95.9895
18872.7 95.9892
18873 95.9889
18873.4 95.9886
18873.8 95.9883
18874.1 95.988
18874.5 95.9876
18874.9 95.9873
18875.2 95.9869
18875.6 95.9866
18876 95.9862
18876.3 95.986
18876.7 95.9856
18877.1 95.9852
18877.4 95.9849
18877.8 95.9846
18878.2 95.9844
18878.5 95.9841
18878.9 95.9839
18879.3 95.9836
18879.6 95.9834
18880 95.9831
18880.4 95.9829
18880.7 95.9827
18881.1 95.9825
18881.5 95.9822
18881.8 95.982
18882.2 95.9818
18882.6 95.9816
18882.9 95.9816
18883.3 95.9814
18883.7 95.9812
18884 95.9809
18884.4 95.9807
18884.8 95.9805
18885.1 95.9803
18885.5 95.9801
18885.9 95.9798
18886.2 95.9796
18886.6 95.9794
18887 95.9792
18887.3 95.9789
18887.7 95.9787
18888.1 95.9784
18888.4 95.9781
18888.8 95.9779
18889.2 95.9776
18889.5 95.9776
18889.9 95.9773
18890.3 95.977
18890.6 95.9767
18891 95.9764
18891.4 95.9761
18891.7 95.9758
18892.1 95.9754
18892.5 95.9751
18892.8 95.9748
18893.2 95.9745
18893.6 95.9742
18893.9 95.9739
18894.3 95.9735
18894.7 95.9732
18895 95.973
18895.4 95.9727
18895.8 95.9724
18896.1 95.9724
18896.5 95.9721
18896.8 95.9719
18897.2 95.9716
18897.6 95.9714
18897.9 95.9712
18898.3 95.9709
18898.7 95.9707
18899 95.9705
18899.4 95.9703
18899.8 95.9701
18900.1 95.9699
18900.5 95.9697
18900.9 95.9695
18901.2 95.9693
18901.6 95.9691
18902 95.9689
18902.3 95.9687
18902.7 95.9687
18903.1 95.9684
18903.4 95.9682
18903.8 95.968
18904.2 95.9678
18904.5 95.9676
18904.9 95.9674
18905.3 95.9672
18905.6 95.967
18906 95.9668
18906.4 95.9666
18906.7 95.9664
18907.1 95.9662
18907.5 95.966
18907.8 95.9658
18908.2 95.9656
18908.6 95.9654
18908.9 95.9652
18909.3 95.9652
18909.7 95.965
18910 95.9648
18910.4 95.9646
18910.8 95.9644
18911.1 95.9641
18911.5 95.9639
18911.9 95.9637
18912.2 95.9635
18912.6 95.9632
18913 95.963
18913.3 95.9627
18913.7 95.9625
18914.1 95.9622
18914.4 95.962
18914.8 95.9617
18915.2 95.9614
18915.5 95.9614
18915.9 95.9612
18916.3 95.9609
18916.6 95.9607
18917 95.9604
18917.4 95.9602
18917.7 95.9599
18918.1 95.9597
18918.5 95.9595
18918.8 95.9592
18919.2 95.959
18919.6 95.9588
18919.9 95.9586
18920.3 95.9584
18920.7 95.9582
18921 95.958
18921.4 95.9578
18921.8 95.9576
18922.1 95.9576
18922.5 95.9575
18922.8 95.9573
18923.2 95.9571
18923.6 95.957
18923.9 95.9568
18924.3 95.9567
18924.7 95.9565
18925 95.9564
18925.4 95.9562
18925.8 95.9561
18926.1 95.956
18926.5 95.9559
18926.9 95.9558
18927.2 95.9557
18927.6 95.9556
18928 95.9556
18928.3 95.9555
18928.7 95.9555
18929.1 95.9554
18929.4 95.9554
18929.8 95.9554
18930.2 95.9554
18930.5 95.9555
18930.9 95.9555
18931.3 95.9555
18931.6 95.9556
18932 95.9556
18932.4 95.9557
18932.7 95.9558
18933.1 95.9558
18933.5 95.9559
18933.8 95.9559
18934.2 95.9559
18934.6 95.9559
18934.9 95.9559
18935.3 95.9559
18935.7 95.9559
18936 95.9559
18936.4 95.9558
18936.8 95.9557
18937.1 95.9556
18937.5 95.9555
18937.9 95.9554
18938.2 95.9553
18938.6 95.9551
18939 95.955
18939.3 95.9548
18939.7 95.9547
18940.1 95.9545
18940.4 95.9544
18940.8 95.9542
18941.2 95.9541
18941.5 95.9539
18941.9 95.9539
18942.3 95.9538
18942.6 95.9536
18943 95.9534
18943.4 95.9532
18943.7 95.953
18944.1 95.9529
18944.5 95.9526
18944.8 95.9524
18945.2 95.9522
18945.6 95.952
18945.9 95.9518
18946.3 95.9516
18946.7 95.9513
18947 95.9511
18947.4 95.9509
18947.8 95.9506
18948.1 95.9506
18948.5 95.9504
18948.9 95.9502
18949.2 95.95
18949.6 95.9498
18949.9 95.9496
18950.3 95.9494
18950.7 95.9492
18951 95.9491
18951.4 95.9489
18951.8 95.9488
18952.1 95.9487
18952.5 95.9486
18952.9 95.9485
18953.2 95.9484
18953.6 95.9484
18954 95.9483
18954.3 95.9483
18954.7 95.9483
18955.1 95.9483
18955.4 95.9482
18955.8 95.9482
18956.2 95.9482
18956.5 95.9482
18956.9 95.9482
18957.3 95.9482
18957.6 95.9481
18958 95.9481
18958.4 95.9481
18958.7 95.9481
18959.1 95.9481
18959.5 95.9481
18959.8 95.9481
18960.2 95.9481
18960.6 95.9481
18960.9 95.9481
18961.3 95.9481
18961.7 95.9482
18962 95.9482
18962.4 95.9482
18962.8 95.9482
18963.1 95.9482
18963.5 95.9483
18963.9 95.9483
18964.2 95.9483
18964.6 95.9483
18965 95.9483
18965.3 95.9482
18965.7 95.9482
18966.1 95.9481
18966.4 95.948
18966.8 95.9479
18967.2 95.9478
18967.5 95.9477
18967.9 95.9477
18968.3 95.9476
18968.6 95.9474
18969 95.9472
18969.4 95.9471
18969.7 95.9469
18970.1 95.9467
18970.5 95.9465
18970.8 95.9463
18971.2 95.9461
18971.6 95.9459
18971.9 95.9457
18972.3 95.9455
18972.7 95.9453
18973 95.9451
18973.4 95.945
18973.8 95.9448
18974.1 95.9446
18974.5 95.9446
18974.9 95.9445
18975.2 95.9443
18975.6 95.9442
18976 95.944
18976.3 95.9439
18976.7 95.9438
18977 95.9436
18977.4 95.9435
18977.8 95.9434
18978.1 95.9432
18978.5 95.9431
18978.9 95.9429
18979.2 95.9428
18979.6 95.9426
18980 95.9425
18980.3 95.9424
18980.7 95.9424
18981.1 95.9422
18981.4 95.9421
18981.8 95.9419
18982.2 95.9417
18982.5 95.9416
18982.9 95.9414
18983.3 95.9413
18983.6 95.9411
18984 95.9409
18984.4 95.9408
18984.7 95.9406
18985.1 95.9404
18985.5 95.9402
18985.8 95.94
18986.2 95.9399
18986.6 95.9397
18986.9 95.9395
18987.3 95.9395
18987.7 95.9394
18988 95.9392
18988.4 95.9391
18988.8 95.9389
18989.1 95.9388
18989.5 95.9386
18989.9 95.9385
18990.2 95.9384
18990.6 95.9383
18991 95.9382
18991.3 95.9381
18991.7 95.9381
18992.1 95.938
18992.4 95.9379
18992.8 95.9379
18993.2 95.9378
18993.5 95.9378
18993.9 95.9378
18994.3 95.9377
18994.6 95.9377
18995 95.9376
18995.4 95.9376
18995.7 95.9375
18996.1 95.9375
18996.5 95.9374
18996.8 95.9374
18997.2 95.9373
18997.6 95.9373
18997.9 95.9372
18998.3 95.9372
18998.7 95.9371
18999 95.937
18999.4 95.937
18999.8 95.9369
19000.1 95.9368
19000.5 95.9368
19000.9 95.9368
19001.2 95.9367
19001.6 95.9366
19002 95.9365
19002.3 95.9365
19002.7 95.9364
19003.1 95.9363
19003.4 95.9362
19003.8 95.9361
19004.1 95.936
19004.5 95.9359
19004.9 95.9358
19005.2 95.9357
19005.6 95.9356
19006 95.9355
19006.3 95.9354
19006.7 95.9353
19007.1 95.9353
19007.4 95.9351
19007.8 95.935
19008.2 95.9349
19008.5 95.9347
19008.9 95.9346
19009.3 95.9344
19009.6 95.9342
19010 95.9341
19010.4 95.9339
19010.7 95.9337
19011.1 95.9336
19011.5 95.9334
19011.8 95.9332
19012.2 95.933
19012.6 95.9328
19012.9 95.9326
19013.3 95.9324
19013.7 95.9324
19014 95.9322
19014.4 95.932
19014.8 95.9318
19015.1 95.9316
19015.5 95.9314
19015.9 95.9312
19016.2 95.9309
19016.6 95.9307
19017 95.9305
19017.3 95.9303
19017.7 95.9301
19018.1 95.9298
19018.4 95.9296
19018.8 95.9294
19019.2 95.9292
19019.5 95.9289
19019.9 95.9289
19020.3 95.9287
19020.6 95.9285
19021 95.9282
19021.4 95.928
19021.7 95.9278
19022.1 95.9275
19022.5 95.9273
19022.8 95.927
19023.2 95.9268
19023.6 95.9266
19023.9 95.9264
19024.3 95.9262
19024.7 95.926
19025 95.9258
19025.4 95.9256
19025.8 95.9254
19026.1 95.9252
19026.5 95.9252
19026.9 95.9251
19027.2 95.9249
19027.6 95.9248
19028 95.9247
19028.3 95.9246
19028.7 95.9245
19029.1 95.9244
19029.4 95.9243
19029.8 95.9242
19030.2 95.9241
19030.5 95.924
19030.9 95.9239
19031.2 95.9238
19031.6 95.9238
19032 95.9237
19032.3 95.9236
19032.7 95.9235
19033.1 95.9235
19033.4 95.9233
19033.8 95.9232
19034.2 95.9231
19034.5 95.923
19034.9 95.9229
19035.3 95.9228
19035.6 95.9227
19036 95.9225
19036.4 95.9224
19036.7 95.9222
19037.1 95.9221
19037.5 95.9219
19037.8 95.9218
19038.2 95.9216
19038.6 95.9214
19038.9 95.9212
19039.3 95.9211
19039.7 95.9211
19040 95.9209
19040.4 95.9207
19040.8 95.9205
19041.1 95.9203
19041.5 95.9201
19041.9 95.9199
19042.2 95.9197
19042.6 95.9194
19043 95.9192
19043.3 95.919
19043.7 95.9188
19044.1 95.9186
19044.4 95.9184
19044.8 95.9182
19045.2 95.918
19045.5 95.9177
19045.9 95.9175
19046.3 95.9175
19046.6 95.9173
19047 95.9171
19047.4 95.9169
19047.7 95.9167
19048.1 95.9165
19048.5 95.9164
19048.8 95.9162
19049.2 95.916
19049.6 95.9159
19049.9 95.9157
19050.3 95.9156
19050.7 95.9155
19051 95.9154
19051.4 95.9153
19051.8 95.9153
19052.1 95.9152
19052.5 95.9151
19052.9 95.9151
19053.2 95.9151
19053.6 95.9151
19054 95.9151
19054.3 95.9151
19054.7 95.915
19055.1 95.915
19055.4 95.915
19055.8 95.915
19056.2 95.915
19056.5 95.915
19056.9 95.915
19057.3 95.915
19057.6 95.915
19058 95.9149
19058.3 95.9148
19058.7 95.9147
19059.1 95.9147
19059.4 95.9146
19059.8 95.9145
19060.2 95.9144
19060.5 95.9143
19060.9 95.9141
19061.3 95.9139
19061.6 95.9137
19062 95.9135
19062.4 95.9133
19062.7 95.9131
19063.1 95.9129
19063.5 95.9126
19063.8 95.9124
19064.2 95.9121
19064.6 95.9119
19064.9 95.9116
19065.3 95.9114
19065.7 95.9114
19066 95.9111
19066.4 95.9109
19066.8 95.9106
19067.1 95.9103
19067.5 95.9101
19067.9 95.9099
19068.2 95.9096
19068.6 95.9094
19069 95.9091
19069.3 95.9089
19069.7 95.9087
19070.1 95.9085
19070.4 95.9082
19070.8 95.9081
19071.2 95.9079
19071.5 95.9077
19071.9 95.9075
19072.3 95.9075
19072.6 95.9074
19073 95.9072
19073.4 95.9071
19073.7 95.907
19074.1 95.907
19074.5 95.9069
19074.8 95.9069
19075.2 95.9069
19075.6 95.9069
19075.9 95.9069
19076.3 95.9069
19076.7 95.907
19077 95.907
19077.4 95.9071
19077.8 95.9071
19078.1 95.9072
19078.5 95.9072
19078.9 95.9072
19079.2 95.9073
19079.6 95.9073
19080 95.9074
19080.3 95.9074
19080.7 95.9074
19081.1 95.9075
19081.4 95.9075
19081.8 95.9075
19082.2 95.9075
19082.5 95.9075
19082.9 95.9074
19083.3 95.9074
19083.6 95.9074
19084 95.9073
19084.3 95.9073
19084.7 95.9072
19085.1 95.9071
19085.4 95.9071
19085.8 95.907
19086.2 95.9069
19086.5 95.9068
19086.9 95.9067
19087.3 95.9066
19087.6 95.9065
19088 95.9064
19088.4 95.9062
19088.7 95.9061
19089.1 95.9059
19089.5 95.9058
19089.8 95.9056
19090.2 95.9055
19090.6 95.9054
19090.9 95.9052
19091.3 95.9051
19091.7 95.9051
19092 95.905
19092.4 95.9049
19092.8 95.9047
19093.1 95.9046
19093.5 95.9045
19093.9 95.9045
19094.2 95.9044
19094.6 95.9044
19095 95.9043
19095.3 95.9043
19095.7 95.9043
19096.1 95.9043
19096.4 95.9044
19096.8 95.9044
19097.2 95.9044
19097.5 95.9045
19097.9 95.9045
19098.3 95.9045
19098.6 95.9046
19099 95.9046
19099.4 95.9047
19099.7 95.9047
19100.1 95.9048
19100.5 95.9048
19100.8 95.9048
19101.2 95.9048
19101.6 95.9049
19101.9 95.9049
19102.3 95.9049
19102.7 95.9049
19103 95.9049
19103.4 95.9049
19103.8 95.9049
19104.1 95.9049
19104.5 95.9049
19104.9 95.9049
19105.2 95.9049
19105.6 95.9049
19106 95.9049
19106.3 95.9049
19106.7 95.9049
19107.1 95.9049
19107.4 95.9049
19107.8 95.9049
19108.2 95.9049
19108.5 95.9049
19108.9 95.9049
19109.3 95.9049
19109.6 95.9049
19110 95.9049
19110.3 95.9049
19110.7 95.9049
19111.1 95.905
19111.4 95.905
19111.8 95.905
19112.2 95.905
19112.5 95.905
19112.9 95.905
19113.3 95.905
19113.6 95.905
19114 95.905
19114.4 95.9049
19114.7 95.9049
19115.1 95.9049
19115.5 95.905
19115.8 95.905
19116.2 95.905
19116.6 95.905
19116.9 95.905
19117.3 95.9051
19117.7 95.9051
19118 95.9051
19118.4 95.9051
19118.8 95.9051
19119.1 95.9052
19119.5 95.9052
19119.9 95.9052
19120.2 95.9052
19120.6 95.9052
19121 95.9052
19121.3 95.9052
19121.7 95.9051
19122.1 95.9051
19122.4 95.905
19122.8 95.905
19123.2 95.9049
19123.5 95.9048
19123.9 95.9047
19124.3 95.9047
19124.6 95.9046
19125 95.9045
19125.4 95.9044
19125.7 95.9042
19126.1 95.904
19126.5 95.9039
19126.8 95.9037
19127.2 95.9035
19127.6 95.9033
19127.9 95.9031
19128.3 95.9029
19128.7 95.9027
19129 95.9024
19129.4 95.9022
19129.8 95.902
19130.1 95.9018
19130.5 95.9016
19130.9 95.9016
19131.2 95.9014
19131.6 95.9012
19132 95.901
19132.3 95.9008
19132.7 95.9006
19133.1 95.9004
19133.4 95.9002
19133.8 95.9
19134.2 95.8999
19134.5 95.8998
19134.9 95.8996
19135.3 95.8995
19135.6 95.8994
19136 95.8993
19136.4 95.8992
19136.7 95.8992
19137.1 95.8991
19137.4 95.8991
19137.8 95.899
19138.2 95.899
19138.5 95.8989
19138.9 95.8989
19139.3 95.8988
19139.6 95.8988
19140 95.8987
19140.4 95.8987
19140.7 95.8986
19141.1 95.8986
19141.5 95.8985
19141.8 95.8984
19142.2 95.8984
19142.6 95.8983
19142.9 95.8982
19143.3 95.8981
19143.7 95.898
19144 95.898
19144.4 95.8979
19144.8 95.8977
19145.1 95.8976
19145.5 95.8974
19145.9 95.8973
19146.2 95.8971
19146.6 95.8969
19147 95.8967
19147.3 95.8965
19147.7 95.8963
19148.1 95.8961
19148.4 95.8959
19148.8 95.8956
19149.2 95.8954
19149.5 95.8952
19149.9 95.8949
19150.3 95.8947
19150.6 95.8947
19151 95.8945
19151.4 95.8943
19151.7 95.8941
19152.1 95.8938
19152.5 95.8936
19152.8 95.8934
19153.2 95.8932
19153.6 95.893
19153.9 95.8929
19154.3 95.8927
19154.7 95.8925
19155 95.8924
19155.4 95.8923
19155.8 95.8921
19156.1 95.892
19156.5 95.8919
19156.9 95.8918
19157.2 95.8918
19157.6 95.8917
19158 95.8917
19158.3 95.8916
19158.7 95.8915
19159.1 95.8915
19159.4 95.8915
19159.8 95.8915
19160.2 95.8915
19160.5 95.8915
19160.9 95.8915
19161.3 95.8916
19161.6 95.8916
19162 95.8916
19162.4 95.8917
19162.7 95.8917
19163.1 95.8918
19163.5 95.8918
19163.8 95.8918
19164.2 95.8919
19164.5 95.8919
19164.9 95.8919
19165.3 95.892
19165.6 95.892
19166 95.8919
19166.4 95.8919
19166.7 95.8919
19167.1 95.8919
19167.5 95.8918
19167.8 95.8917
19168.2 95.8916
19168.6 95.8915
19168.9 95.8914
19169.3 95.8913
19169.7 95.8911
19170 95.8911
19170.4 95.891
19170.8 95.8908
19171.1 95.8906
19171.5 95.8904
19171.9 95.8902
19172.2 95.8899
19172.6 95.8897
19173 95.8894
19173.3 95.8891
19173.7 95.8888
19174.1 95.8886
19174.4 95.8883
19174.8 95.888
19175.2 95.8877
19175.5 95.8874
19175.9 95.8872
19176.3 95.8869
19176.6 95.8869
19177 95.8866
19177.4 95.8864
19177.7 95.8861
19178.1 95.8859
19178.5 95.8856
19178.8 95.8854
19179.2 95.8852
19179.6 95.885
19179.9 95.8848
19180.3 95.8847
19180.7 95.8845
19181 95.8843
19181.4 95.8842
19181.8 95.884
19182.1 95.8839
19182.5 95.8837
19182.9 95.8836
19183.2 95.8836
19183.6 95.8835
19184 95.8833
19184.3 95.8832
19184.7 95.883
19185.1 95.8829
19185.4 95.8827
19185.8 95.8826
19186.2 95.8824
19186.5 95.8822
19186.9 95.8821
19187.3 95.8819
19187.6 95.8817
19188 95.8815
19188.4 95.8813
19188.7 95.8811
19189.1 95.881
19189.5 95.8808
19189.8 95.8808
19190.2 95.8806
19190.6 95.8804
19190.9 95.8802
19191.3 95.88
19191.6 95.8797
19192 95.8795
19192.4 95.8793
19192.7 95.8791
19193.1 95.8789
19193.5 95.8786
19193.8 95.8784
19194.2 95.8781
19194.6 95.8778
19194.9 95.8776
19195.3 95.8773
19195.7 95.877
19196 95.877
19196.4 95.8767
19196.8 95.8764
19197.1 95.876
19197.5 95.8757
19197.9 95.8754
19198.2 95.8751
19198.6 95.8747
19199 95.8744
19199.3 95.8741
19199.7 95.8738
19200.1 95.8734
19200.4 95.8731
19200.8 95.8728
19201.2 95.8726
19201.5 95.8723
19201.9 95.872
19202.3 95.8717
19202.6 95.8717
19203 95.8715
19203.4 95.8712
19203.7 95.871
19204.1 95.8708
19204.5 95.8706
19204.8 95.8703
19205.2 95.8701
19205.6 95.8699
19205.9 95.8697
19206.3 95.8695
19206.7 95.8693
19207 95.8691
19207.4 95.8689
19207.8 95.8687
19208.1 95.8685
19208.5 95.8683
19208.9 95.868
19209.2 95.868
19209.6 95.8678
19210 95.8676
19210.3 95.8673
19210.7 95.8671
19211.1 95.8668
19211.4 95.8666
19211.8 95.8663
19212.2 95.8661
19212.5 95.8658
19212.9 95.8656
19213.3 95.8654
19213.6 95.8651
19214 95.8649
19214.4 95.8646
19214.7 95.8644
19215.1 95.8642
19215.5 95.8641
19215.8 95.8641
19216.2 95.8639
19216.6 95.8637
19216.9 95.8636
19217.3 95.8634
19217.7 95.8633
19218 95.8632
19218.4 95.8631
19218.7 95.8631
19219.1 95.863
19219.5 95.863
19219.8 95.863
19220.2 95.863
19220.6 95.863
19220.9 95.863
19221.3 95.863
19221.7 95.863
19222 95.8631
19222.4 95.8631
19222.8 95.8631
19223.1 95.8632
19223.5 95.8632
19223.9 95.8633
19224.2 95.8633
19224.6 95.8634
19225 95.8634
19225.3 95.8635
19225.7 95.8636
19226.1 95.8636
19226.4 95.8637
19226.8 95.8638
19227.2 95.8638
19227.5 95.8639
19227.9 95.8639
19228.3 95.8639
19228.6 95.864
19229 95.864
19229.4 95.864
19229.7 95.864
19230.1 95.864
19230.5 95.864
19230.8 95.864
19231.2 95.8639
19231.6 95.8639
19231.9 95.8638
19232.3 95.8637
19232.7 95.8637
19233 95.8636
19233.4 95.8634
19233.8 95.8633
19234.1 95.8632
19234.5 95.8631
19234.9 95.8629
19235.2 95.8629
19235.6 95.8627
19236 95.8626
19236.3 95.8624
19236.7 95.8622
19237.1 95.862
19237.4 95.8618
19237.8 95.8616
19238.2 95.8614
19238.5 95.8612
19238.9 95.861
19239.3 95.8608
19239.6 95.8607
19240 95.8605
19240.4 95.8603
19240.7 95.8602
19241.1 95.86
19241.5 95.8599
19241.8 95.8599
19242.2 95.8598
19242.6 95.8597
19242.9 95.8597
19243.3 95.8597
19243.7 95.8596
19244 95.8596
19244.4 95.8596
19244.8 95.8597
19245.1 95.8597
19245.5 95.8598
19245.8 95.8598
19246.2 95.8599
19246.6 95.86
19246.9 95.8601
19247.3 95.8602
19247.7 95.8603
19248 95.8604
19248.4 95.8604
19248.8 95.8605
19249.1 95.8606
19249.5 95.8607
19249.9 95.8608
19250.2 95.8609
19250.6 95.861
19251 95.8611
19251.3 95.8612
19251.7 95.8613
19252.1 95.8614
19252.4 95.8615
19252.8 95.8615
19253.2 95.8616
19253.5 95.8617
19253.9 95.8618
19254.3 95.8619
19254.6 95.862
19255 95.862
19255.4 95.8621
19255.7 95.8622
19256.1 95.8623
19256.5 95.8624
19256.8 95.8625
19257.2 95.8626
19257.6 95.8627
19257.9 95.8628
19258.3 95.8629
19258.7 95.8631
19259 95.8631
19259.4 95.8632
19259.8 95.8633
19260.1 95.8634
19260.5 95.8635
19260.9 95.8635
19261.2 95.8635
19261.6 95.8635
19262 95.8636
19262.3 95.8636
19262.7 95.8636
19263.1 95.8636
19263.4 95.8636
19263.8 95.8636
19264.2 95.8635
19264.5 95.8635
19264.9 95.8635
19265.3 95.8635
19265.6 95.8634
19266 95.8634
19266.4 95.8633
19266.7 95.8633
19267.1 95.8633
19267.5 95.8632
19267.8 95.8632
19268.2 95.8632
19268.6 95.8632
19268.9 95.8632
19269.3 95.8632
19269.7 95.8631
19270 95.8631
19270.4 95.8631
19270.8 95.8631
19271.1 95.863
19271.5 95.863
19271.8 95.863
19272.2 95.8629
19272.6 95.8629
19272.9 95.8628
19273.3 95.8627
19273.7 95.8627
19274 95.8626
19274.4 95.8626
19274.8 95.8625
19275.1 95.8624
19275.5 95.8623
19275.9 95.8622
19276.2 95.8621
19276.6 95.862
19277 95.8619
19277.3 95.8618
19277.7 95.8617
19278.1 95.8616
19278.4 95.8616
19278.8 95.8615
19279.2 95.8614
19279.5 95.8614
19279.9 95.8613
19280.3 95.8613
19280.6 95.8612
19281 95.8612
19281.4 95.8612
19281.7 95.8612
19282.1 95.8611
19282.5 95.8611
19282.8 95.8611
19283.2 95.8611
19283.6 95.8611
19283.9 95.8611
19284.3 95.8611
19284.7 95.8611
19285 95.8611
19285.4 95.8611
19285.8 95.8611
19286.1 95.8612
19286.5 95.8612
19286.9 95.8612
19287.2 95.8612
19287.6 95.8612
19288 95.8613
19288.3 95.8613
19288.7 95.8613
19289.1 95.8614
19289.4 95.8614
19289.8 95.8615
19290.2 95.8615
19290.5 95.8616
19290.9 95.8616
19291.3 95.8617
19291.6 95.8618
19292 95.8618
19292.4 95.8619
19292.7 95.8619
19293.1 95.8619
19293.5 95.862
19293.8 95.862
19294.2 95.862
19294.6 95.862
19294.9 95.862
19295.3 95.862
19295.7 95.862
19296 95.862
19296.4 95.8619
19296.8 95.8618
19297.1 95.8617
19297.5 95.8616
19297.8 95.8615
19298.2 95.8613
19298.6 95.8612
19298.9 95.861
19299.3 95.8607
19299.7 95.8605
19300 95.8603
19300.4 95.86
19300.8 95.86
19301.1 95.8597
19301.5 95.8595
19301.9 95.8592
19302.2 95.8589
19302.6 95.8586
19303 95.8583
19303.3 95.858
19303.7 95.8577
19304.1 95.8574
19304.4 95.8571
19304.8 95.8568
19305.2 95.8565
19305.5 95.8562
19305.9 95.8559
19306.3 95.8556
19306.6 95.8552
19307 95.8552
19307.4 95.8549
19307.7 95.8546
19308.1 95.8543
19308.5 95.854
19308.8 95.8537
19309.2 95.8534
19309.6 95.8531
19309.9 95.8528
19310.3 95.8525
19310.7 95.8521
19311 95.8518
19311.4 95.8515
19311.8 95.8512
19312.1 95.8509
19312.5 95.8506
19312.9 95.8504
19313.2 95.8501
19313.6 95.8501
19314 95.8498
19314.3 95.8495
19314.7 95.8493
19315.1 95.849
19315.4 95.8488
19315.8 95.8486
19316.2 95.8484
19316.5 95.8482
19316.9 95.848
19317.3 95.8478
19317.6 95.8476
19318 95.8475
19318.4 95.8474
19318.7 95.8472
19319.1 95.8471
19319.5 95.847
19319.8 95.8469
19320.2 95.8469
19320.6 95.8468
19320.9 95.8468
19321.3 95.8467
19321.7 95.8466
19322 95.8466
19322.4 95.8465
19322.8 95.8465
19323.1 95.8464
19323.5 95.8463
19323.9 95.8463
19324.2 95.8462
19324.6 95.8462
19324.9 95.8461
19325.3 95.8461
19325.7 95.846
19326 95.8459
19326.4 95.8458
19326.8 95.8458
19327.1 95.8457
19327.5 95.8456
19327.9 95.8455
19328.2 95.8454
19328.6 95.8453
19329 95.8452
19329.3 95.845
19329.7 95.8448
19330.1 95.8447
19330.4 95.8445
19330.8 95.8443
19331.2 95.8441
19331.5 95.8439
19331.9 95.8438
19332.3 95.8436
19332.6 95.8434
19333 95.8433
19333.4 95.8433
19333.7 95.8432
19334.1 95.8431
19334.5 95.843
19334.8 95.843
19335.2 95.8429
19335.6 95.8429
19335.9 95.8429
19336.3 95.843
19336.7 95.843
19337 95.8431
19337.4 95.8431
19337.8 95.8432
19338.1 95.8433
19338.5 95.8434
19338.9 95.8435
19339.2 95.8435
19339.6 95.8435
19340 95.8436
19340.3 95.8437
19340.7 95.8437
19341.1 95.8438
19341.4 95.8438
19341.8 95.8439
19342.2 95.8439
19342.5 95.8439
19342.9 95.8439
19343.3 95.8439
19343.6 95.8439
19344 95.8439
19344.4 95.8439
19344.7 95.8439
19345.1 95.8439
19345.5 95.8439
19345.8 95.8438
19346.2 95.8438
19346.6 95.8438
19346.9 95.8438
19347.3 95.8437
19347.7 95.8437
19348 95.8436
19348.4 95.8436
19348.8 95.8436
19349.1 95.8435
19349.5 95.8435
19349.9 95.8434
19350.2 95.8434
19350.6 95.8433
19351 95.8433
19351.3 95.8433
19351.7 95.8432
19352 95.8432
19352.4 95.8431
19352.8 95.8431
19353.1 95.8431
19353.5 95.8431
19353.9 95.8431
19354.2 95.8431
19354.6 95.8431
19355 95.8431
19355.3 95.8431
19355.7 95.8431
19356.1 95.8431
19356.4 95.8431
19356.8 95.8431
19357.2 95.8431
19357.5 95.8431
19357.9 95.8431
19358.3 95.8431
19358.6 95.8431
19359 95.8431
19359.4 95.8431
19359.7 95.8431
19360.1 95.843
19360.5 95.843
19360.8 95.8429
19361.2 95.8429
19361.6 95.8428
19361.9 95.8427
19362.3 95.8427
19362.7 95.8426
19363 95.8425
19363.4 95.8424
19363.8 95.8423
19364.1 95.8422
19364.5 95.8421
19364.9 95.8421
19365.2 95.842
19365.6 95.8419
19366 95.8419
19366.3 95.8419
19366.7 95.8419
19367.1 95.8418
19367.4 95.8418
19367.8 95.8418
19368.2 95.8418
19368.5 95.8418
19368.9 95.8419
19369.3 95.8419
19369.6 95.842
19370 95.842
19370.4 95.842
19370.7 95.8421
19371.1 95.8421
19371.5 95.8421
19371.8 95.8421
19372.2 95.8421
19372.6 95.8421
19372.9 95.8421
19373.3 95.8421
19373.7 95.842
19374 95.842
19374.4 95.8419
19374.8 95.8419
19375.1 95.8418
19375.5 95.8418
19375.9 95.8417
19376.2 95.8416
19376.6 95.8416
19377 95.8415
19377.3 95.8415
19377.7 95.8415
19378.1 95.8415
19378.4 95.8415
19378.8 95.8415
19379.1 95.8416
19379.5 95.8416
19379.9 95.8417
19380.2 95.8418
19380.6 95.8419
19381 95.8421
19381.3 95.8422
19381.7 95.8424
19382.1 95.8427
19382.4 95.8429
19382.8 95.8432
19383.2 95.8435
19383.5 95.8438
19383.9 95.8442
19384.3 95.8446
19384.6 95.845
19385 95.8455
19385.4 95.8455
19385.7 95.8459
19386.1 95.8464
19386.5 95.8469
19386.8 95.8474
19387.2 95.8479
19387.6 95.8484
19387.9 95.8489
19388.3 95.8494
19388.7 95.8499
19389 95.8505
19389.4 95.851
19389.8 95.8515
19390.1 95.852
19390.5 95.8525
19390.9 95.853
19391.2 95.8534
19391.6 95.8538
19392 95.8538
19392.3 95.8542
19392.7 95.8546
19393.1 95.8549
19393.4 95.8553
19393.8 95.8556
19394.2 95.8558
19394.5 95.8561
19394.9 95.8563
19395.3 95.8565
19395.6 95.8566
19396 95.8568
19396.4 95.8569
19396.7 95.857
19397.1 95.857
19397.5 95.8571
19397.8 95.8571
19398.2 95.8572
19398.6 95.8572
19398.9 95.8571
19399.3 95.8571
19399.7 95.8571
19400 95.857
19400.4 95.8569
19400.8 95.8568
19401.1 95.8568
19401.5 95.8567
19401.9 95.8565
19402.2 95.8564
19402.6 95.8563
19403 95.8562
19403.3 95.8561
19403.7 95.856
19404.1 95.8559
19404.4 95.8559
19404.8 95.8558
19405.2 95.8558
19405.5 95.8557
19405.9 95.8557
19406.2 95.8557
19406.6 95.8557
19407 95.8557
19407.3 95.8557
19407.7 95.8557
19408.1 95.8558
19408.4 95.8558
19408.8 95.8559
19409.2 95.856
19409.5 95.8561
19409.9 95.8563
19410.3 95.8564
19410.6 95.8565
19411 95.8567
19411.4 95.8567
19411.7 95.8568
19412.1 95.857
19412.5 95.8571
19412.8 95.8573
19413.2 95.8575
19413.6 95.8577
19413.9 95.8579
19414.3 95.858
19414.7 95.8582
19415 95.8584
19415.4 95.8586
19415.8 95.8587
19416.1 95.8589
19416.5 95.859
19416.9 95.8591
19417.2 95.8592
19417.6 95.8594
19418 95.8594
19418.3 95.8595
19418.7 95.8596
19419.1 95.8596
19419.4 95.8597
19419.8 95.8597
19420.2 95.8598
19420.5 95.8598
19420.9 95.8598
19421.3 95.8598
19421.6 95.8598
19422 95.8598
19422.4 95.8598
19422.7 95.8597
19423.1 95.8597
19423.5 95.8597
19423.8 95.8597
19424.2 95.8597
19424.6 95.8597
19424.9 95.8597
19425.3 95.8597
19425.7 95.8598
19426 95.8598
19426.4 95.8599
19426.8 95.8599
19427.1 95.86
19427.5 95.8601
19427.9 95.8603
19428.2 95.8604
19428.6 95.8605
19429 95.8607
19429.3 95.8608
19429.7 95.8609
19430.1 95.8611
19430.4 95.8613
19430.8 95.8614
19431.2 95.8614
19431.5 95.8615
19431.9 95.8616
19432.3 95.8618
19432.6 95.8618
19433 95.8619
19433.3 95.862
19433.7 95.8621
19434.1 95.8621
19434.4 95.8622
19434.8 95.8622
19435.2 95.8622
19435.5 95.8622
19435.9 95.8623
19436.3 95.8623
19436.6 95.8623
19437 95.8622
19437.4 95.8622
19437.7 95.8622
19438.1 95.8622
19438.5 95.8622
19438.8 95.8621
19439.2 95.8621
19439.6 95.8621
19439.9 95.862
19440.3 95.862
19440.7 95.8619
19441 95.8619
19441.4 95.8619
19441.8 95.8618
19442.1 95.8618
19442.5 95.8617
19442.9 95.8617
19443.2 95.8616
19443.6 95.8616
19444 95.8615
19444.3 95.8615
19444.7 95.8615
19445.1 95.8614
19445.4 95.8614
19445.8 95.8614
19446.2 95.8613
19446.5 95.8613
19446.9 95.8612
19447.3 95.8612
19447.6 95.8611
19448 95.8611
19448.4 95.8611
19448.7 95.861
19449.1 95.861
19449.5 95.861
19449.8 95.8609
19450.2 95.8609
19450.6 95.8609
19450.9 95.8608
19451.3 95.8608
19451.7 95.8607
19452 95.8607
19452.4 95.8606
19452.8 95.8605
19453.1 95.8605
19453.5 95.8604
19453.9 95.8603
19454.2 95.8602
19454.6 95.8601
19455 95.86
19455.3 95.8599
19455.7 95.8598
19456.1 95.8597
19456.4 95.8596
19456.8 95.8595
19457.2 95.8595
19457.5 95.8594
19457.9 95.8593
19458.3 95.8593
19458.6 95.8592
19459 95.8591
19459.3 95.859
19459.7 95.8589
19460.1 95.8588
19460.4 95.8587
19460.8 95.8586
19461.2 95.8584
19461.5 95.8583
19461.9 95.8582
19462.3 95.8581
19462.6 95.858
19463 95.8579
19463.4 95.8578
19463.7 95.8578
19464.1 95.8577
19464.5 95.8576
19464.8 95.8576
19465.2 95.8575
19465.6 95.8575
19465.9 95.8575
19466.3 95.8575
19466.7 95.8574
19467 95.8574
19467.4 95.8574
19467.8 95.8575
19468.1 95.8575
19468.5 95.8575
19468.9 95.8576
19469.2 95.8577
19469.6 95.8577
19470 95.8578
19470.3 95.8578
19470.7 95.8579
19471.1 95.858
19471.4 95.8581
19471.8 95.8582
19472.2 95.8583
19472.5 95.8585
19472.9 95.8586
19473.3 95.8588
19473.6 95.8589
19474 95.8591
19474.4 95.8593
19474.7 95.8595
19475.1 95.8597
19475.5 95.8599
19475.8 95.8601
19476.2 95.8604
19476.6 95.8606
19476.9 95.8606
19477.3 95.8608
19477.7 95.8611
19478 95.8613
19478.4 95.8615
19478.8 95.8617
19479.1 95.862
19479.5 95.8622
19479.9 95.8624
19480.2 95.8626
19480.6 95.8628
19481 95.863
19481.3 95.8632
19481.7 95.8633
19482.1 95.8635
19482.4 95.8636
19482.8 95.8638
19483.2 95.8638
19483.5 95.8639
19483.9 95.864
19484.3 95.8641
19484.6 95.8642
19485 95.8643
19485.3 95.8644
19485.7 95.8645
19486.1 95.8645
19486.4 95.8646
19486.8 95.8647
19487.2 95.8648
19487.5 95.865
19487.9 95.8651
19488.3 95.8652
19488.6 95.8654
19489 95.8656
19489.4 95.8658
19489.7 95.8658
19490.1 95.866
19490.5 95.8662
19490.8 95.8664
19491.2 95.8667
19491.6 95.867
19491.9 95.8673
19492.3 95.8676
19492.7 95.868
19493 95.8683
19493.4 95.8686
19493.8 95.869
19494.1 95.8693
19494.5 95.8697
19494.9 95.8701
19495.2 95.8705
19495.6 95.8709
19496 95.8713
19496.3 95.8713
19496.7 95.8718
19497.1 95.8722
19497.4 95.8727
19497.8 95.8731
19498.2 95.8735
19498.5 95.874
19498.9 95.8744
19499.3 95.8747
19499.6 95.8751
19500 95.8755
19500.4 95.8758
19500.7 95.8762
19501.1 95.8764
19501.5 95.8767
19501.8 95.877
19502.2 95.8772
19502.6 95.8774
19502.9 95.8774
19503.3 95.8776
19503.7 95.8778
19504 95.878
19504.4 95.8781
19504.8 95.8783
19505.1 95.8784
19505.5 95.8785
19505.9 95.8786
19506.2 95.8786
19506.6 95.8787
19507 95.8788
19507.3 95.8788
19507.7 95.8789
19508.1 95.8789
19508.4 95.8789
19508.8 95.8789
19509.2 95.8789
19509.5 95.8789
19509.9 95.879
19510.3 95.879
19510.6 95.879
19511 95.879
19511.4 95.8791
19511.7 95.8791
19512.1 95.8791
19512.4 95.8791
19512.8 95.8792
19513.2 95.8792
19513.5 95.8792
19513.9 95.8793
19514.3 95.8793
19514.6 95.8794
19515 95.8794
19515.4 95.8795
19515.7 95.8795
19516.1 95.8795
19516.5 95.8796
19516.8 95.8796
19517.2 95.8797
19517.6 95.8798
19517.9 95.8798
19518.3 95.8799
19518.7 95.88
19519 95.8801
19519.4 95.8801
19519.8 95.8802
19520.1 95.8803
19520.5 95.8804
19520.9 95.8805
19521.2 95.8806
19521.6 95.8807
19522 95.8808
19522.3 95.8808
19522.7 95.8809
19523.1 95.881
19523.4 95.8811
19523.8 95.8813
19524.2 95.8814
19524.5 95.8815
19524.9 95.8816
19525.3 95.8817
19525.6 95.8819
19526 95.882
19526.4 95.8821
19526.7 95.8823
19527.1 95.8824
19527.5 95.8826
19527.8 95.8827
19528.2 95.8829
19528.6 95.883
19528.9 95.883
19529.3 95.8832
19529.7 95.8834
19530 95.8836
19530.4 95.8838
19530.8 95.884
19531.1 95.8842
19531.5 95.8844
19531.9 95.8845
19532.2 95.8847
19532.6 95.8849
19533 95.8851
19533.3 95.8853
19533.7 95.8855
19534.1 95.8857
19534.4 95.8859
19534.8 95.8861
19535.2 95.8863
19535.5 95.8863
19535.9 95.8865
19536.3 95.8867
19536.6 95.8869
19537 95.8871
19537.4 95.8873
19537.7 95.8875
19538.1 95.8877
19538.5 95.8879
19538.8 95.888
19539.2 95.8882
19539.5 95.8884
19539.9 95.8885
19540.3 95.8886
19540.6 95.8888
19541 95.8889
19541.4 95.889
19541.7 95.8891
19542.1 95.8891
19542.5 95.8892
19542.8 95.8893
19543.2 95.8894
19543.6 95.8895
19543.9 95.8895
19544.3 95.8895
19544.7 95.8896
19545 95.8896
19545.4 95.8896
19545.8 95.8896
19546.1 95.8896
19546.5 95.8896
19546.9 95.8895
19547.2 95.8895
19547.6 95.8895
19548 95.8894
19548.3 95.8894
19548.7 95.8894
19549.1 95.8893
19549.4 95.8893
19549.8 95.8893
19550.2 95.8892
19550.5 95.8891
19550.9 95.8891
19551.3 95.889
19551.6 95.8889
19552 95.8888
19552.4 95.8887
19552.7 95.8886
19553.1 95.8885
19553.5 95.8884
19553.8 95.8883
19554.2 95.8882
19554.6 95.8881
19554.9 95.8881
19555.3 95.8879
19555.7 95.8878
19556 95.8876
19556.4 95.8875
19556.8 95.8873
19557.1 95.8872
19557.5 95.887
19557.9 95.8868
19558.2 95.8866
19558.6 95.8864
19559 95.8863
19559.3 95.8861
19559.7 95.8859
19560.1 95.8857
19560.4 95.8855
19560.8 95.8853
19561.2 95.8851
19561.5 95.8851
19561.9 95.885
19562.3 95.8848
19562.6 95.8846
19563 95.8845
19563.4 95.8843
19563.7 95.8842
19564.1 95.884
19564.5 95.8839
19564.8 95.8838
19565.2 95.8837
19565.6 95.8835
19565.9 95.8834
19566.3 95.8834
19566.6 95.8833
19567 95.8832
19567.4 95.8831
19567.7 95.883
19568.1 95.883
19568.5 95.883
19568.8 95.8829
19569.2 95.8829
19569.6 95.8829
19569.9 95.8829
19570.3 95.8829
19570.7 95.8829
19571 95.8829
19571.4 95.8829
19571.8 95.8829
19572.1 95.8829
19572.5 95.8829
19572.9 95.8829
19573.2 95.883
19573.6 95.883
19574 95.8831
19574.3 95.8831
19574.7 95.8831
19575.1 95.8832
19575.4 95.8832
19575.8 95.8833
19576.2 95.8834
19576.5 95.8835
19576.9 95.8835
19577.3 95.8836
19577.6 95.8836
19578 95.8837
19578.4 95.8837
19578.7 95.8838
19579.1 95.8838
19579.5 95.8837
19579.8 95.8837
19580.2 95.8836
19580.6 95.8836
19580.9 95.8835
19581.3 95.8835
19581.7 95.8834
19582 95.8832
19582.4 95.8831
19582.8 95.8829
19583.1 95.8827
19583.5 95.8825
19583.9 95.8822
19584.2 95.882
19584.6 95.8817
19585 95.8814
19585.3 95.8811
19585.7 95.8808
19586.1 95.8805
19586.4 95.8802
19586.8 95.8799
19587.2 95.8795
19587.5 95.8792
19587.9 95.8792
19588.3 95.8789
19588.6 95.8786
19589 95.8783
19589.4 95.878
19589.7 95.8777
19590.1 95.8775
19590.5 95.8772
19590.8 95.877
19591.2 95.8768
19591.6 95.8766
19591.9 95.8764
19592.3 95.8762
19592.7 95.876
19593 95.8759
19593.4 95.8757
19593.7 95.8756
19594.1 95.8756
19594.5 95.8755
19594.8 95.8754
19595.2 95.8753
19595.6 95.8752
19595.9 95.8751
19596.3 95.8751
19596.7 95.875
19597 95.8749
19597.4 95.8749
19597.8 95.8748
19598.1 95.8747
19598.5 95.8746
19598.9 95.8745
19599.2 95.8745
19599.6 95.8744
19600 95.8742
19600.3 95.8741
19600.7 95.8741
19601.1 95.874
19601.4 95.8739
19601.8 95.8738
19602.2 95.8737
19602.5 95.8735
19602.9 95.8734
19603.3 95.8732
19603.6 95.873
19604 95.8729
19604.4 95.8727
19604.7 95.8725
19605.1 95.8723
19605.5 95.8721
19605.8 95.8719
19606.2 95.8717
19606.6 95.8716
19606.9 95.8714
19607.3 95.8714
19607.7 95.8712
19608 95.871
19608.4 95.8709
19608.8 95.8707
19609.1 95.8706
19609.5 95.8705
19609.9 95.8704
19610.2 95.8703
19610.6 95.8703
19611 95.8702
19611.3 95.8702
19611.7 95.8702
19612.1 95.8702
19612.4 95.8702
19612.8 95.8703
19613.2 95.8703
19613.5 95.8704
19613.9 95.8704
19614.3 95.8705
19614.6 95.8706
19615 95.8707
19615.4 95.8708
19615.7 95.8709
19616.1 95.8711
19616.5 95.8712
19616.8 95.8714
19617.2 95.8715
19617.6 95.8717
19617.9 95.8719
19618.3 95.872
19618.7 95.8722
19619 95.8724
19619.4 95.8725
19619.8 95.8727
19620.1 95.8728
19620.5 95.8728
19620.8 95.873
19621.2 95.8731
19621.6 95.8732
19621.9 95.8733
19622.3 95.8734
19622.7 95.8735
19623 95.8735
19623.4 95.8736
19623.8 95.8736
19624.1 95.8736
19624.5 95.8736
19624.9 95.8736
19625.2 95.8735
19625.6 95.8735
19626 95.8735
19626.3 95.8734
19626.7 95.8734
19627.1 95.8733
19627.4 95.8733
19627.8 95.8732
19628.2 95.8732
19628.5 95.8731
19628.9 95.8731
19629.3 95.873
19629.6 95.873
19630 95.873
19630.4 95.873
19630.7 95.873
19631.1 95.873
19631.5 95.873
19631.8 95.873
19632.2 95.873
19632.6 95.8731
19632.9 95.8732
19633.3 95.8732
19633.7 95.8733
19634 95.8734
19634.4 95.8735
19634.8 95.8736
19635.1 95.8737
19635.5 95.8738
19635.9 95.874
19636.2 95.8742
19636.6 95.8744
19637 95.8745
19637.3 95.8747
19637.7 95.875
19638.1 95.8752
19638.4 95.8754
19638.8 95.8756
19639.2 95.8758
19639.5 95.876
19639.9 95.876
19640.3 95.8763
19640.6 95.8765
19641 95.8767
19641.4 95.8769
19641.7 95.8771
19642.1 95.8773
19642.5 95.8774
19642.8 95.8776
19643.2 95.8777
19643.6 95.8779
19643.9 95.878
19644.3 95.8781
19644.7 95.8781
19645 95.8782
19645.4 95.8782
19645.8 95.8783
19646.1 95.8783
19646.5 95.8783
19646.8 95.8783
19647.2 95.8783
19647.6 95.8783
19647.9 95.8783
19648.3 95.8783
19648.7 95.8783
19649 95.8782
19649.4 95.8782
19649.8 95.8782
19650.1 95.8783
19650.5 95.8783
19650.9 95.8783
19651.2 95.8784
19651.6 95.8785
19652 95.8786
19652.3 95.8788
19652.7 95.8789
19653.1 95.8789
19653.4 95.8791
19653.8 95.8794
19654.2 95.8796
19654.5 95.8799
19654.9 95.8802
19655.3 95.8806
19655.6 95.8809
19656 95.8813
19656.4 95.8818
19656.7 95.8822
19657.1 95.8827
19657.5 95.8832
19657.8 95.8837
19658.2 95.8842
19658.6 95.8847
19658.9 95.8852
19659.3 95.8857
19659.7 95.8857
19660 95.8862
19660.4 95.8867
19660.8 95.8871
19661.1 95.8876
19661.5 95.8879
19661.9 95.8883
19662.2 95.8886
19662.6 95.8889
19663 95.8891
19663.3 95.8893
19663.7 95.8895
19664.1 95.8896
19664.4 95.8897
19664.8 95.8898
19665.2 95.8898
19665.5 95.8898
19665.9 95.8898
19666.3 95.8897
19666.6 95.8896
19667 95.8895
19667.4 95.8894
19667.7 95.8892
19668.1 95.889
19668.5 95.8888
19668.8 95.8886
19669.2 95.8884
19669.6 95.8882
19669.9 95.8879
19670.3 95.8877
19670.7 95.8874
19671 95.8871
19671.4 95.8868
19671.8 95.8866
19672.1 95.8863
19672.5 95.8863
19672.8 95.886
19673.2 95.8858
19673.6 95.8855
19673.9 95.8852
19674.3 95.885
19674.7 95.8847
19675 95.8845
19675.4 95.8842
19675.8 95.884
19676.1 95.8838
19676.5 95.8836
19676.9 95.8833
19677.2 95.8831
19677.6 95.8829
19678 95.8827
19678.3 95.8824
19678.7 95.8822
19679.1 95.8822
19679.4 95.882
19679.8 95.8817
19680.2 95.8815
19680.5 95.8813
19680.9 95.881
19681.3 95.8808
19681.6 95.8805
19682 95.8803
19682.4 95.88
19682.7 95.8798
19683.1 95.8795
19683.5 95.8793
19683.8 95.879
19684.2 95.8788
19684.6 95.8785
19684.9 95.8783
19685.3 95.878
19685.7 95.878
19686 95.8777
19686.4 95.8775
19686.8 95.8772
19687.1 95.8769
19687.5 95.8767
19687.9 95.8764
19688.2 95.8761
19688.6 95.8759
19689 95.8756
19689.3 95.8753
19689.7 95.875
19690.1 95.8747
19690.4 95.8745
19690.8 95.8742
19691.2 95.874
19691.5 95.8737
19691.9 95.8734
19692.3 95.8734
19692.6 95.8732
19693 95.8729
19693.4 95.8727
19693.7 95.8725
19694.1 95.8723
19694.5 95.8721
19694.8 95.8718
19695.2 95.8716
19695.6 95.8714
19695.9 95.8712
19696.3 95.871
19696.7 95.8709
19697 95.8707
19697.4 95.8705
19697.8 95.8704
19698.1 95.8702
19698.5 95.8702
19698.9 95.8701
19699.2 95.87
19699.6 95.8699
19699.9 95.8698
19700.3 95.8697
19700.7 95.8697
19701 95.8696
19701.4 95.8696
19701.8 95.8696
19702.1 95.8695
19702.5 95.8696
19702.9 95.8696
19703.2 95.8696
19703.6 95.8696
19704 95.8697
19704.3 95.8698
19704.7 95.8699
19705.1 95.8699
19705.4 95.8701
19705.8 95.8702
19706.2 95.8703
19706.5 95.8705
19706.9 95.8706
19707.3 95.8708
19707.6 95.871
19708 95.8712
19708.4 95.8713
19708.7 95.8715
19709.1 95.8717
19709.5 95.8718
19709.8 95.872
19710.2 95.8721
19710.6 95.8722
19710.9 95.8723
19711.3 95.8723
19711.7 95.8723
19712 95.8724
19712.4 95.8724
19712.8 95.8724
19713.1 95.8723
19713.5 95.8723
19713.9 95.8722
19714.2 95.8721
19714.6 95.8719
19715 95.8718
19715.3 95.8717
19715.7 95.8715
19716.1 95.8713
19716.4 95.8711
19716.8 95.8709
19717.2 95.8707
19717.5 95.8705
19717.9 95.8703
19718.3 95.8703
19718.6 95.8701
19719 95.8699
19719.4 95.8697
19719.7 95.8694
19720.1 95.8692
19720.5 95.869
19720.8 95.8689
19721.2 95.8687
19721.6 95.8685
19721.9 95.8683
19722.3 95.8682
19722.7 95.8681
19723 95.8679
19723.4 95.8678
19723.8 95.8677
19724.1 95.8676
19724.5 95.8676
19724.9 95.8676
19725.2 95.8675
19725.6 95.8675
19726 95.8674
19726.3 95.8674
19726.7 95.8674
19727 95.8674
19727.4 95.8674
19727.8 95.8674
19728.1 95.8674
19728.5 95.8675
19728.9 95.8675
19729.2 95.8676
19729.6 95.8676
19730 95.8677
19730.3 95.8678
19730.7 95.8678
19731.1 95.8678
19731.4 95.8679
19731.8 95.868
19732.2 95.868
19732.5 95.8681
19732.9 95.8682
19733.3 95.8682
19733.6 95.8682
19734 95.8682
19734.4 95.8682
19734.7 95.8682
19735.1 95.8682
19735.5 95.8681
19735.8 95.868
19736.2 95.8679
19736.6 95.8678
19736.9 95.8677
19737.3 95.8676
19737.7 95.8676
19738 95.8674
19738.4 95.8672
19738.8 95.8671
19739.1 95.8669
19739.5 95.8667
19739.9 95.8666
19740.2 95.8664
19740.6 95.8662
19741 95.866
19741.3 95.8659
19741.7 95.8657
19742.1 95.8655
19742.4 95.8654
19742.8 95.8652
19743.2 95.8651
19743.5 95.865
19743.9 95.8649
19744.3 95.8649
19744.6 95.8648
19745 95.8647
19745.4 95.8646
19745.7 95.8646
19746.1 95.8645
19746.5 95.8645
19746.8 95.8645
19747.2 95.8645
19747.6 95.8645
19747.9 95.8645
19748.3 95.8646
19748.7 95.8646
19749 95.8647
19749.4 95.8647
19749.8 95.8648
19750.1 95.8649
19750.5 95.865
19750.9 95.865
19751.2 95.865
19751.6 95.8652
19752 95.8653
19752.3 95.8654
19752.7 95.8655
19753.1 95.8657
19753.4 95.8658
19753.8 95.866
19754.1 95.8661
19754.5 95.8663
19754.9 95.8664
19755.2 95.8665
19755.6 95.8666
19756 95.8667
19756.3 95.8668
19756.7 95.8669
19757.1 95.867
19757.4 95.867
19757.8 95.867
19758.2 95.8671
19758.5 95.8671
19758.9 95.8671
19759.3 95.8671
19759.6 95.8671
19760 95.8671
19760.4 95.867
19760.7 95.867
19761.1 95.8669
19761.5 95.8669
19761.8 95.8668
19762.2 95.8668
19762.6 95.8668
19762.9 95.8667
19763.3 95.8667
19763.7 95.8667
19764 95.8667
19764.4 95.8667
19764.8 95.8667
19765.1 95.8668
19765.5 95.8668
19765.9 95.8669
19766.2 95.867
19766.6 95.8671
19767 95.8673
19767.3 95.8674
19767.7 95.8676
19768.1 95.8677
19768.4 95.8679
19768.8 95.8681
19769.2 95.8683
19769.5 95.8685
19769.9 95.8688
19770.3 95.8688
19770.6 95.869
19771 95.8692
19771.4 95.8694
19771.7 95.8697
19772.1 95.8699
19772.5 95.8701
19772.8 95.8703
19773.2 95.8705
19773.6 95.8706
19773.9 95.8708
19774.3 95.871
19774.7 95.8711
19775 95.8712
19775.4 95.8713
19775.8 95.8714
19776.1 95.8715
19776.5 95.8716
19776.9 95.8716
19777.2 95.8717
19777.6 95.8718
19778 95.8718
19778.3 95.8719
19778.7 95.872
19779.1 95.872
19779.4 95.8721
19779.8 95.8722
19780.2 95.8722
19780.5 95.8723
19780.9 95.8723
19781.2 95.8724
19781.6 95.8724
19782 95.8725
19782.3 95.8725
19782.7 95.8726
19783.1 95.8726
19783.4 95.8726
19783.8 95.8726
19784.2 95.8727
19784.5 95.8727
19784.9 95.8727
19785.3 95.8727
19785.6 95.8727
19786 95.8727
19786.4 95.8727
19786.7 95.8727
19787.1 95.8726
19787.5 95.8726
19787.8 95.8725
19788.2 95.8724
19788.6 95.8724
19788.9 95.8723
19789.3 95.8722
19789.7 95.8721
19790 95.8721
19790.4 95.8721
19790.8 95.872
19791.1 95.8719
19791.5 95.8719
19791.9 95.8718
19792.2 95.8718
19792.6 95.8718
19793 95.8717
19793.3 95.8717
19793.7 95.8717
19794.1 95.8717
19794.4 95.8717
19794.8 95.8717
19795.2 95.8717
19795.5 95.8717
19795.9 95.8717
19796.3 95.8718
19796.6 95.8718
19797 95.8718
19797.4 95.8719
19797.7 95.872
19798.1 95.872
19798.5 95.8721
19798.8 95.8723
19799.2 95.8724
19799.6 95.8726
19799.9 95.8727
19800.3 95.8729
19800.7 95.873
19801 95.8732
19801.4 95.8734
19801.8 95.8736
19802.1 95.8738
19802.5 95.8739
19802.9 95.8741
19803.2 95.8741
19803.6 95.8743
19804 95.8745
19804.3 95.8746
19804.7 95.8747
19805.1 95.8748
19805.4 95.8749
19805.8 95.875
19806.2 95.8751
19806.5 95.8752
19806.9 95.8752
19807.3 95.8752
19807.6 95.8753
19808 95.8753
19808.3 95.8753
19808.7 95.8753
19809.1 95.8754
19809.4 95.8754
19809.8 95.8754
19810.2 95.8754
19810.5 95.8754
19810.9 95.8755
19811.3 95.8755
19811.6 95.8755
19812 95.8755
19812.4 95.8756
19812.7 95.8756
19813.1 95.8757
19813.5 95.8758
19813.8 95.8759
19814.2 95.8759
19814.6 95.8761
19814.9 95.8762
19815.3 95.8763
19815.7 95.8765
19816 95.8765
19816.4 95.8766
19816.8 95.8768
19817.1 95.877
19817.5 95.8772
19817.9 95.8774
19818.2 95.8776
19818.6 95.8778
19819 95.878
19819.3 95.8782
19819.7 95.8784
19820.1 95.8786
19820.4 95.8788
19820.8 95.879
19821.2 95.8792
19821.5 95.8793
19821.9 95.8795
19822.3 95.8797
19822.6 95.8797
19823 95.8798
19823.4 95.8799
19823.7 95.8801
19824.1 95.8802
19824.5 95.8802
19824.8 95.8803
19825.2 95.8804
19825.6 95.8804
19825.9 95.8804
19826.3 95.8804
19826.7 95.8804
19827 95.8803
19827.4 95.8803
19827.8 95.8802
19828.1 95.88
19828.5 95.8799
19828.9 95.8797
19829.2 95.8797
19829.6 95.8795
19830 95.8793
19830.3 95.8791
19830.7 95.8789
19831.1 95.8786
19831.4 95.8784
19831.8 95.8781
19832.2 95.8778
19832.5 95.8775
19832.9 95.8772
19833.3 95.8769
19833.6 95.8766
19834 95.8763
19834.3 95.876
19834.7 95.8757
19835.1 95.8754
19835.4 95.8751
19835.8 95.8751
19836.2 95.8748
19836.5 95.8746
19836.9 95.8743
19837.3 95.8741
19837.6 95.8739
19838 95.8737
19838.4 95.8736
19838.7 95.8735
19839.1 95.8734
19839.5 95.8733
19839.8 95.8733
19840.2 95.8733
19840.6 95.8733
19840.9 95.8734
19841.3 95.8734
19841.7 95.8735
19842 95.8735
19842.4 95.8737
19842.8 95.8738
19843.1 95.874
19843.5 95.8742
19843.9 95.8743
19844.2 95.8745
19844.6 95.8747
19845 95.8748
19845.3 95.875
19845.7 95.8751
19846.1 95.8752
19846.4 95.8753
19846.8 95.8754
19847.2 95.8755
19847.5 95.8755
19847.9 95.8756
19848.3 95.8756
19848.6 95.8756
19849 95.8757
19849.4 95.8757
19849.7 95.8757
19850.1 95.8758
19850.5 95.8758
19850.8 95.8758
19851.2 95.8758
19851.6 95.8758
19851.9 95.8757
19852.3 95.8757
19852.7 95.8756
19853 95.8755
19853.4 95.8754
19853.8 95.8753
19854.1 95.8752
19854.5 95.875
19854.9 95.8748
19855.2 95.8748
19855.6 95.8747
19856 95.8745
19856.3 95.8743
19856.7 95.874
19857.1 95.8738
19857.4 95.8736
19857.8 95.8734
19858.2 95.8731
19858.5 95.8729
19858.9 95.8727
19859.3 95.8724
19859.6 95.8722
19860 95.8719
19860.3 95.8717
19860.7 95.8715
19861.1 95.8713
19861.4 95.8711
19861.8 95.8711
19862.2 95.8709
19862.5 95.8707
19862.9 95.8705
19863.3 95.8703
19863.6 95.8701
19864 95.8699
19864.4 95.8698
19864.7 95.8696
19865.1 95.8694
19865.5 95.8693
19865.8 95.8691
19866.2 95.8689
19866.6 95.8688
19866.9 95.8686
19867.3 95.8685
19867.7 95.8684
19868 95.8682
19868.4 95.8682
19868.8 95.8681
19869.1 95.868
19869.5 95.8678
19869.9 95.8677
19870.2 95.8676
19870.6 95.8675
19871 95.8674
19871.3 95.8673
19871.7 95.8672
19872.1 95.8671
19872.4 95.8669
19872.8 95.8669
19873.2 95.8668
19873.5 95.8667
19873.9 95.8666
19874.3 95.8665
19874.6 95.8665
19875 95.8664
19875.4 95.8663
19875.7 95.8661
19876.1 95.866
19876.5 95.8659
19876.8 95.8657
19877.2 95.8656
19877.6 95.8654
19877.9 95.8652
19878.3 95.8651
19878.7 95.8649
19879 95.8647
19879.4 95.8645
19879.8 95.8643
19880.1 95.8642
19880.5 95.8639
19880.9 95.8637
19881.2 95.8637
19881.6 95.8635
19882 95.8633
19882.3 95.863
19882.7 95.8628
19883.1 95.8625
19883.4 95.8622
19883.8 95.862
19884.2 95.8617
19884.5 95.8614
19884.9 95.8611
19885.3 95.8607
19885.6 95.8604
19886 95.8601
19886.4 95.8598
19886.7 95.8595
19887.1 95.8592
19887.4 95.8589
19887.8 95.8589
19888.2 95.8586
19888.5 95.8582
19888.9 95.8579
19889.3 95.8576
19889.6 95.8573
19890 95.857
19890.4 95.8567
19890.7 95.8565
19891.1 95.8562
19891.5 95.8559
19891.8 95.8557
19892.2 95.8555
19892.6 95.8552
19892.9 95.855
19893.3 95.8548
19893.7 95.8546
19894 95.8544
19894.4 95.8544
19894.8 95.8542
19895.1 95.854
19895.5 95.8538
19895.9 95.8536
19896.2 95.8534
19896.6 95.8532
19897 95.853
19897.3 95.8528
19897.7 95.8526
19898.1 95.8524
19898.4 95.8522
19898.8 95.852
19899.2 95.8519
19899.5 95.8517
19899.9 95.8515
19900.3 95.8513
19900.6 95.8511
19901 95.8511
19901.4 95.8509
19901.7 95.8507
19902.1 95.8505
19902.5 95.8504
19902.8 95.8502
19903.2 95.8501
19903.6 95.85
19903.9 95.8498
19904.3 95.8497
19904.7 95.8496
19905 95.8495
19905.4 95.8494
19905.8 95.8493
19906.1 95.8493
19906.5 95.8492
19906.9 95.8491
19907.2 95.849
19907.6 95.849
19908 95.8489
19908.3 95.8488
19908.7 95.8487
19909.1 95.8486
19909.4 95.8484
19909.8 95.8483
19910.2 95.8481
19910.5 95.8479
19910.9 95.8477
19911.3 95.8474
19911.6 95.8472
19912 95.8469
19912.4 95.8466
19912.7 95.8463
19913.1 95.8459
19913.5 95.8456
19913.8 95.8456
19914.2 95.8452
19914.5 95.8448
19914.9 95.8444
19915.3 95.8439
19915.6 95.8435
19916 95.8431
19916.4 95.8427
19916.7 95.8423
19917.1 95.8419
19917.5 95.8415
19917.8 95.8411
19918.2 95.8407
19918.6 95.8403
19918.9 95.8399
19919.3 95.8395
19919.7 95.8391
19920 95.8388
19920.4 95.8388
19920.8 95.8385
19921.1 95.8381
19921.5 95.8378
19921.9 95.8375
19922.2 95.8372
19922.6 95.8369
19923 95.8366
19923.3 95.8363
19923.7 95.8361
19924.1 95.8359
19924.4 95.8356
19924.8 95.8354
19925.2 95.8352
19925.5 95.835
19925.9 95.8349
19926.3 95.8347
19926.6 95.8345
19927 95.8345
19927.4 95.8344
19927.7 95.8342
19928.1 95.8341
19928.5 95.834
19928.8 95.8339
19929.2 95.8338
19929.6 95.8337
19929.9 95.8336
19930.3 95.8336
19930.7 95.8335
19931 95.8335
19931.4 95.8334
19931.8 95.8334
19932.1 95.8333
19932.5 95.8333
19932.9 95.8332
19933.2 95.8332
19933.6 95.8332
19934 95.8331
19934.3 95.8331
19934.7 95.8331
19935.1 95.833
19935.4 95.833
19935.8 95.8329
19936.2 95.8329
19936.5 95.8328
19936.9 95.8328
19937.3 95.8327
19937.6 95.8326
19938 95.8326
19938.4 95.8325
19938.7 95.8325
19939.1 95.8324
19939.5 95.8323
19939.8 95.8323
19940.2 95.8323
19940.6 95.8322
19940.9 95.8321
19941.3 95.8321
19941.6 95.832
19942 95.8319
19942.4 95.8318
19942.7 95.8317
19943.1 95.8316
19943.5 95.8315
19943.8 95.8314
19944.2 95.8313
19944.6 95.8311
19944.9 95.831
19945.3 95.8308
19945.7 95.8307
19946 95.8305
19946.4 95.8305
19946.8 95.8303
19947.1 95.8301
19947.5 95.8299
19947.9 95.8297
19948.2 95.8294
19948.6 95.8292
19949 95.8289
19949.3 95.8287
19949.7 95.8284
19950.1 95.8281
19950.4 95.8277
19950.8 95.8274
19951.2 95.827
19951.5 95.8267
19951.9 95.8263
19952.3 95.8259
19952.6 95.8255
19953 95.8255
19953.4 95.8251
19953.7 95.8247
19954.1 95.8243
19954.5 95.8239
19954.8 95.8235
19955.2 95.8231
19955.6 95.8227
19955.9 95.8223
19956.3 95.8219
19956.7 95.8215
19957 95.8211
19957.4 95.8207
19957.8 95.8204
19958.1 95.82
19958.5 95.8196
19958.9 95.8193
19959.2 95.8189
19959.6 95.8189
19960 95.8186
19960.3 95.8182
19960.7 95.8178
19961.1 95.8175
19961.4 95.8171
19961.8 95.8168
19962.2 95.8164
19962.5 95.816
19962.9 95.8157
19963.3 95.8153
19963.6 95.8149
19964 95.8145
19964.4 95.8141
19964.7 95.8137
19965.1 95.8133
19965.5 95.8129
19965.8 95.8125
19966.2 95.8125
19966.6 95.8121
19966.9 95.8117
19967.3 95.8113
19967.7 95.811
19968 95.8106
19968.4 95.8102
19968.7 95.8097
19969.1 95.8093
19969.5 95.8089
19969.8 95.8085
19970.2 95.8082
19970.6 95.8078
19970.9 95.8074
19971.3 95.807
19971.7 95.8066
19972 95.8062
19972.4 95.8058
19972.8 95.8058
19973.1 95.8054
19973.5 95.805
19973.9 95.8047
19974.2 95.8043
19974.6 95.8039
19975 95.8035
19975.3 95.8031
19975.7 95.8027
19976.1 95.8023
19976.4 95.802
19976.8 95.8016
19977.2 95.8012
19977.5 95.8008
19977.9 95.8004
19978.3 95.8
19978.6 95.7996
19979 95.7992
19979.4 95.7992
19979.7 95.7988
19980.1 95.7984
19980.5 95.798
19980.8 95.7977
19981.2 95.7973
19981.6 95.7969
19981.9 95.7965
19982.3 95.7961
19982.7 95.7956
19983 95.7952
19983.4 95.7948
19983.8 95.7944
19984.1 95.7939
19984.5 95.7935
19984.9 95.7931
19985.2 95.7926
19985.6 95.7926
19986 95.7921
19986.3 95.7916
19986.7 95.7912
19987.1 95.7907
19987.4 95.7902
19987.8 95.7898
19988.2 95.7893
19988.5 95.7888
19988.9 95.7883
19989.3 95.7878
19989.6 95.7873
19990 95.7868
19990.4 95.7863
19990.7 95.7857
19991.1 95.7852
19991.5 95.7847
19991.8 95.7841
19992.2 95.7841
19992.6 95.7835
19992.9 95.7829
19993.3 95.7823
19993.7 95.7817
19994 95.7811
19994.4 95.7805
19994.8 95.7799
19995.1 95.7793
19995.5 95.7787
19995.8 95.7781
19996.2 95.7775
19996.6 95.7769
19996.9 95.7764
19997.3 95.7758
19997.7 95.7752
19998 95.7747
19998.4 95.7741
19998.8 95.7741
19999.1 95.7735
19999.5 95.7729
19999.9 95.7724
