20.1416 0.130204
20.5078 0.135537
20.874 0.140992
21.2402 0.146567
21.6064 0.152258
21.9727 0.158064
22.3389 0.163981
22.7051 0.170004
23.0713 0.176129
23.4375 0.182348
23.8037 0.188655
24.1699 0.195039
24.5361 0.201491
24.9023 0.207999
25.2686 0.214547
25.6348 0.221119
26.001 0.227696
26.3672 0.234255
26.7334 0.240771
27.0996 0.247214
27.4658 0.253549
27.832 0.259738
28.1982 0.265736
28.5645 0.271492
28.9307 0.276947
29.2969 0.282034
29.6631 0.286677
30.0293 0.290788
30.3955 0.294268
30.7617 0.297001
31.1279 0.298858
31.4941 0.299691
31.8604 0.299329
32.2266 0.29758
32.5928 0.294222
32.959 0.289004
33.3252 0.28164
33.6914 0.271803
34.0576 0.259124
34.4238 0.24318
34.79 0.223495
35.1563 0.199531
35.5225 0.17068
35.8887 0.136262
36.2549 0.0955175
36.6211 0.0476071
36.9873 -0.00838875
37.3535 -0.0734638
37.7197 -0.148671
38.0859 -0.235096
38.4521 -0.333813
38.8184 -0.445817
39.1846 -0.571914
39.5508 -0.712576
39.917 -0.867724
40.2832 -1.03644
40.6494 -1.21659
41.0156 -1.40436
41.3818 -1.59373
41.748 -1.77601
42.1143 -1.93944
42.4805 -2.06942
42.8467 -2.14923
43.2129 -2.16189
43.5791 -2.09273
43.9453 -1.93219
44.3115 -1.6779
44.6777 -1.33504
45.0439 -0.914876
45.4102 -0.432225
45.7764 0.0972832
46.1426 0.659222
46.5088 1.24148
46.875 1.83457
47.2412 2.43147
47.6074 3.02723
47.9736 3.61876
48.3398 4.20492
48.7061 4.78721
49.0723 5.37133
49.4385 5.96955
49.8047 6.60321
50.1709 7.3027
50.5371 8.10097
50.9033 9.01877
51.2695 10.0484
51.6357 11.1503
52.0019 12.2685
52.3682 13.354
52.7344 14.3772
53.1006 15.3254
53.4668 16.1905
53.833 16.9586
54.1992 17.6066
54.5654 18.1059
54.9316 18.4323
55.2978 18.5768
55.6641 18.5498
56.0303 18.3773
56.3965 18.0922
56.7627 17.7265
57.1289 17.3072
57.4951 16.8556
57.8613 16.3881
58.2275 15.9166
58.5937 15.4499
58.96 14.9943
59.3262 14.5536
59.6924 14.1299
60.0586 13.724
60.4248 13.335
60.791 12.9615
61.1572 12.6007
61.5234 12.2495
61.8896 11.9042
62.2559 11.5612
62.6221 11.2165
62.9883 10.8665
63.3545 10.5082
63.7207 10.1389
64.0869 9.75687
64.4531 9.36126
64.8193 8.95234
65.1855 8.53174
65.5518 8.10276
65.918 7.67075
66.2842 7.24333
66.6504 6.83021
67.0166 6.44239
67.3828 6.09035
67.749 5.78182
68.1152 5.51988
68.4814 5.30231
68.8476 5.12271
69.2139 4.97259
69.5801 4.84349
69.9463 4.7284
70.3125 4.62228
70.6787 4.52204
71.0449 4.42611
71.4111 4.33403
71.7773 4.24599
72.1435 4.16259
72.5098 4.08451
72.876 4.01239
73.2422 3.94661
73.6084 3.88708
73.9746 3.83302
74.3408 3.78265
74.707 3.73289
75.0732 3.67914
75.4394 3.61515
75.8057 3.53336
76.1719 3.42558
76.5381 3.28422
76.9043 3.10364
77.2705 2.88123
77.6367 2.61773
78.0029 2.31662
78.3691 1.98307
78.7353 1.62261
79.1016 1.24026
79.4678 0.840117
79.834 0.425427
80.2002 -0.00103563
80.5664 -0.436449
80.9326 -0.877465
81.2988 -1.31991
81.665 -1.75881
82.0312 -2.1887
82.3975 -2.6043
82.7637 -3.00106
83.1299 -3.37542
83.4961 -3.72431
83.8623 -4.04393
84.2285 -4.32819
84.5947 -4.56735
84.9609 -4.74768
85.3271 -4.85281
85.6934 -4.8669
86.0596 -4.77874
86.4258 -4.58548
86.792 -4.29383
87.1582 -3.9185
87.5244 -3.47856
87.8906 -2.99358
88.2568 -2.48081
88.623 -1.9538
88.9893 -1.42226
89.3555 -0.892564
89.7217 -0.368599
90.0879 0.147361
90.4541 0.653864
90.8203 1.14963
91.1865 1.63303
91.5527 2.10187
91.9189 2.55326
92.2851 2.98388
92.6514 3.39047
93.0176 3.77037
93.3838 4.12217
93.75 4.44601
94.1162 4.74346
94.4824 5.01695
94.8486 5.26873
95.2148 5.49981
95.581 5.70889
95.9473 5.89169
96.3135 6.04087
96.6797 6.14664
97.0459 6.19819
97.4121 6.18572
97.7783 6.10268
98.1445 5.94744
98.5107 5.72391
98.8769 5.44079
99.2432 5.10992
99.6094 4.74426
99.9756 4.35622
100.342 3.95654
100.708 3.55383
101.074 3.15455
101.44 2.76326
101.807 2.38295
102.173 2.01552
102.539 1.66206
102.905 1.32314
103.271 0.999137
103.638 0.690305
104.004 0.396962
104.37 0.119554
104.736 -0.141326
105.103 -0.384935
105.469 -0.610437
105.835 -0.81698
106.201 -1.0038
106.567 -1.17032
106.934 -1.31628
107.3 -1.44181
107.666 -1.54747
108.032 -1.63429
108.398 -1.70369
108.765 -1.75746
109.131 -1.79764
109.497 -1.8264
109.863 -1.84594
110.229 -1.85842
110.596 -1.86587
110.962 -1.87012
111.328 -1.8728
111.694 -1.87533
112.061 -1.8789
112.427 -1.8845
112.793 -1.89293
113.159 -1.90483
113.525 -1.9207
113.892 -1.94092
114.258 -1.96578
114.624 -1.99549
114.99 -2.03019
115.356 -2.06997
115.723 -2.11488
116.089 -2.16494
116.455 -2.22013
116.821 -2.28041
117.187 -2.34574
117.554 -2.41601
117.92 -2.49114
118.286 -2.571
118.652 -2.65542
119.019 -2.74424
119.385 -2.83722
119.751 -2.93412
120.117 -3.03462
120.483 -3.13838
120.85 -3.24499
121.216 -3.35397
121.582 -3.46478
121.948 -3.57678
122.314 -3.68929
122.681 -3.8015
123.047 -3.91254
123.413 -4.02146
123.779 -4.12719
124.146 -4.22861
124.512 -4.32456
124.878 -4.4138
125.244 -4.49508
125.61 -4.56717
125.977 -4.62888
126.343 -4.67908
126.709 -4.71678
127.075 -4.74113
127.441 -4.75148
127.808 -4.74737
128.174 -4.72858
128.54 -4.69514
128.906 -4.6473
129.272 -4.58554
129.639 -4.51052
130.005 -4.42306
130.371 -4.3241
130.737 -4.21465
131.104 -4.09572
131.47 -3.96833
131.836 -3.83339
132.202 -3.69172
132.568 -3.54397
132.935 -3.39061
133.301 -3.2319
133.667 -3.06788
134.033 -2.89834
134.399 -2.72286
134.766 -2.54078
135.132 -2.3513
135.498 -2.15348
135.864 -1.94635
136.23 -1.72894
136.597 -1.50043
136.963 -1.26016
137.329 -1.00775
137.695 -0.743126
138.062 -0.466551
138.428 -0.178616
138.794 0.11978
139.16 0.427472
139.526 0.743066
139.893 1.06499
140.259 1.39152
140.625 1.72083
140.991 2.05095
141.357 2.37983
141.724 2.70532
142.09 3.02519
142.456 3.33713
142.822 3.63881
143.188 3.92794
143.555 4.20236
143.921 4.46013
144.287 4.69962
144.653 4.91965
145.02 5.11952
145.386 5.29911
145.752 5.45881
146.118 5.59954
146.484 5.72265
146.851 5.82979
147.217 5.92282
147.583 6.00368
147.949 6.07427
148.315 6.13639
148.682 6.19165
149.048 6.24144
149.414 6.28694
149.78 6.32904
150.146 6.36845
150.513 6.40565
150.879 6.4409
151.245 6.47434
151.611 6.50595
151.978 6.53561
152.344 6.56308
152.71 6.5881
153.076 6.61032
153.442 6.62939
153.809 6.64491
154.175 6.65653
154.541 6.66385
154.907 6.66655
155.273 6.6643
155.64 6.65683
156.006 6.6439
156.372 6.62533
156.738 6.601
157.104 6.57085
157.471 6.53486
157.837 6.49308
158.203 6.44566
158.569 6.39278
158.936 6.33469
159.302 6.27174
159.668 6.20433
160.034 6.13293
160.4 6.05811
160.767 5.98051
161.133 5.90085
161.499 5.81993
161.865 5.73865
162.231 5.65799
162.598 5.579
162.964 5.50281
163.33 5.43058
163.696 5.36352
164.062 5.30284
164.429 5.24972
164.795 5.20524
165.161 5.17036
165.527 5.14589
165.894 5.13237
166.26 5.1301
166.626 5.13905
166.992 5.15887
167.358 5.18886
167.725 5.22798
168.091 5.27486
168.457 5.32783
168.823 5.385
169.189 5.44428
169.556 5.50343
169.922 5.56019
170.288 5.61227
170.654 5.65748
171.02 5.6938
171.387 5.71942
171.753 5.73278
172.119 5.73271
172.485 5.71835
172.852 5.68924
173.218 5.64529
173.584 5.58678
173.95 5.51431
174.316 5.42874
174.683 5.33118
175.049 5.22288
175.415 5.10519
175.781 4.97951
176.147 4.84723
176.514 4.70967
176.88 4.56811
177.246 4.42367
177.612 4.27741
177.979 4.13022
178.345 3.98287
178.711 3.83604
179.077 3.69025
179.443 3.54594
179.81 3.40345
180.176 3.26303
180.542 3.12486
180.908 2.98905
181.274 2.85568
181.641 2.72474
182.007 2.59622
182.373 2.47008
182.739 2.34622
183.105 2.22457
183.472 2.105
183.838 1.98739
184.204 1.87161
184.57 1.75753
184.937 1.64499
185.303 1.53387
185.669 1.424
186.035 1.31525
186.401 1.20746
186.768 1.10049
187.134 0.994206
187.5 0.888456
187.866 0.783103
188.232 0.678009
188.599 0.573041
188.965 0.468064
189.331 0.362949
189.697 0.257569
190.063 0.151799
190.43 0.0455172
190.796 -0.0613966
191.162 -0.169059
191.528 -0.277583
191.895 -0.387079
192.261 -0.497654
192.627 -0.609413
192.993 -0.722453
193.359 -0.836872
193.726 -0.95276
194.092 -1.0702
194.458 -1.18927
194.824 -1.31005
195.19 -1.4326
195.557 -1.55698
195.923 -1.68324
196.289 -1.8114
196.655 -1.9415
197.021 -2.07355
197.388 -2.20755
197.754 -2.34346
198.12 -2.48127
198.486 -2.6209
198.853 -2.76227
199.219 -2.90528
199.585 -3.04978
199.951 -3.19562
200.317 -3.3426
200.684 -3.49047
201.05 -3.63898
201.416 -3.78782
201.782 -3.93663
202.148 -4.08502
202.515 -4.23257
202.881 -4.37878
203.247 -4.52314
203.613 -4.66509
203.979 -4.80404
204.346 -4.93936
204.712 -5.07039
205.078 -5.19647
205.444 -5.31691
205.811 -5.43104
206.177 -5.53818
206.543 -5.6377
206.909 -5.72899
207.275 -5.81148
207.642 -5.88468
208.008 -5.94813
208.374 -6.00148
208.74 -6.04445
209.106 -6.07681
209.473 -6.09844
209.839 -6.10929
210.205 -6.10935
210.571 -6.09871
210.937 -6.07748
211.304 -6.04584
211.67 -6.00397
212.036 -5.95211
212.402 -5.89051
212.769 -5.81943
213.135 -5.73915
213.501 -5.64997
213.867 -5.5522
214.233 -5.44618
214.6 -5.33223
214.966 -5.21076
215.332 -5.08214
215.698 -4.94682
216.064 -4.80523
216.431 -4.65787
216.797 -4.50522
217.163 -4.34779
217.529 -4.18612
217.895 -4.02073
218.262 -3.85213
218.628 -3.68085
218.994 -3.50736
219.36 -3.33214
219.727 -3.15561
220.093 -2.9782
220.459 -2.80026
220.825 -2.62211
221.191 -2.44406
221.558 -2.26635
221.924 -2.08919
222.29 -1.91275
222.656 -1.73718
223.022 -1.56259
223.389 -1.38904
223.755 -1.21661
224.121 -1.04531
224.487 -0.875152
224.854 -0.706127
225.22 -0.538209
225.586 -0.371359
225.952 -0.20553
226.318 -0.0406644
226.685 0.123298
227.051 0.286424
227.417 0.448779
227.783 0.610433
228.149 0.771447
228.516 0.931887
228.882 1.09181
229.248 1.25125
229.614 1.41028
229.98 1.5689
230.347 1.72714
230.713 1.88502
231.079 2.04251
231.445 2.19961
231.812 2.35627
232.178 2.51243
232.544 2.66801
232.91 2.82291
233.276 2.97701
233.643 3.13016
234.009 3.28218
234.375 3.43288
234.741 3.58202
235.107 3.72936
235.474 3.87461
235.84 4.01747
236.206 4.15759
236.572 4.29462
236.938 4.42817
237.305 4.55786
237.671 4.68325
238.037 4.80393
238.403 4.91945
238.77 5.0294
239.136 5.13333
239.502 5.23086
239.868 5.32159
240.234 5.40516
240.601 5.48125
240.967 5.5496
241.333 5.60998
241.699 5.66224
242.065 5.70626
242.432 5.74202
242.798 5.76954
243.164 5.78892
243.53 5.80033
243.896 5.80398
244.263 5.80014
244.629 5.78916
244.995 5.77138
245.361 5.74722
245.728 5.71711
246.094 5.68148
246.46 5.6408
246.826 5.59553
247.192 5.54611
247.559 5.49301
247.925 5.43662
248.291 5.37736
248.657 5.31562
249.023 5.25172
249.39 5.18598
249.756 5.11869
250.122 5.05008
250.488 4.98035
250.854 4.90966
251.221 4.83813
251.587 4.76584
251.953 4.69283
252.319 4.6191
252.686 4.54461
253.052 4.46929
253.418 4.39303
253.784 4.31568
254.15 4.23707
254.517 4.15698
254.883 4.07519
255.249 3.99145
255.615 3.9055
255.981 3.81706
256.348 3.72585
256.714 3.63158
257.08 3.534
257.446 3.43284
257.812 3.32788
258.179 3.21892
258.545 3.10579
258.911 2.98838
259.277 2.86663
259.644 2.74051
260.01 2.61008
260.376 2.47545
260.742 2.33679
261.108 2.19435
261.475 2.04843
261.841 1.8994
262.207 1.74768
262.573 1.59377
262.939 1.4382
263.306 1.28155
263.672 1.12445
264.038 0.967555
264.404 0.811548
264.77 0.657137
265.137 0.505036
265.503 0.35597
265.869 0.210653
266.235 0.0697939
266.602 -0.0659226
266.968 -0.195841
267.334 -0.319342
267.7 -0.435851
268.066 -0.544848
268.433 -0.645874
268.799 -0.738534
269.165 -0.822505
269.531 -0.897542
269.897 -0.963476
270.264 -1.02022
270.63 -1.06775
270.996 -1.10615
271.362 -1.13555
271.728 -1.15614
272.095 -1.16821
272.461 -1.17208
272.827 -1.16809
273.193 -1.15667
273.56 -1.13824
273.926 -1.11327
274.292 -1.0822
274.658 -1.04553
275.024 -1.00372
275.391 -0.957228
275.757 -0.90651
276.123 -0.851998
276.489 -0.794104
276.855 -0.733215
277.222 -0.669694
277.588 -0.603877
277.954 -0.53607
278.32 -0.466555
278.686 -0.395584
279.053 -0.323382
279.419 -0.25015
279.785 -0.176063
280.151 -0.101272
280.518 -0.0259089
280.884 0.0499163
281.25 0.126113
281.616 0.202604
281.982 0.279332
282.349 0.356252
282.715 0.433328
283.081 0.510538
283.447 0.587872
283.813 0.665321
284.18 0.74289
284.546 0.820586
284.912 0.89842
285.278 0.976408
285.645 1.05457
286.011 1.13292
286.377 1.21148
286.743 1.29028
287.109 1.36932
287.476 1.44862
287.842 1.52819
288.208 1.60805
288.574 1.68818
288.94 1.76859
289.307 1.84927
289.673 1.93019
290.039 2.01133
290.405 2.09265
290.771 2.17409
291.138 2.2556
291.504 2.3371
291.87 2.4185
292.236 2.4997
292.603 2.58059
292.969 2.66104
293.335 2.74089
293.701 2.81998
294.067 2.89814
294.434 2.97518
294.8 3.05087
295.166 3.12501
295.532 3.19736
295.898 3.26766
296.265 3.33567
296.631 3.40113
296.997 3.46378
297.363 3.52335
297.729 3.57957
298.096 3.63221
298.462 3.681
298.828 3.72574
299.194 3.7662
299.561 3.80221
299.927 3.8336
300.293 3.86024
300.659 3.88205
301.025 3.89895
301.392 3.91092
301.758 3.91797
302.124 3.92016
302.49 3.91755
302.856 3.91027
303.223 3.89847
303.589 3.88233
303.955 3.86205
304.321 3.83787
304.687 3.81002
305.054 3.77876
305.42 3.74438
305.786 3.70715
306.152 3.66735
306.519 3.62526
306.885 3.58117
307.251 3.53535
307.617 3.48806
307.983 3.43957
308.35 3.3901
308.716 3.3399
309.082 3.28919
309.448 3.23817
309.814 3.18702
310.181 3.13592
310.547 3.08504
310.913 3.03452
311.279 2.98449
311.645 2.93507
312.012 2.88637
312.378 2.83848
312.744 2.7915
313.11 2.74549
313.477 2.70052
313.843 2.65664
314.209 2.6139
314.575 2.57235
314.941 2.53202
315.308 2.49293
315.674 2.45511
316.04 2.41858
316.406 2.38335
316.772 2.34943
317.139 2.31682
317.505 2.28554
317.871 2.25558
318.237 2.22694
318.603 2.19961
318.97 2.1736
319.336 2.1489
319.702 2.12549
320.068 2.10338
320.435 2.08256
320.801 2.06301
321.167 2.04472
321.533 2.02768
321.899 2.0119
322.266 1.99734
322.632 1.98401
322.998 1.97189
323.364 1.96098
323.73 1.95125
324.097 1.9427
324.463 1.93532
324.829 1.92909
325.195 1.92401
325.561 1.92005
325.928 1.91722
326.294 1.91549
326.66 1.91485
327.026 1.91529
327.393 1.91679
327.759 1.91933
328.125 1.92289
328.491 1.92747
328.857 1.93303
329.224 1.93955
329.59 1.947
329.956 1.95537
330.322 1.96462
330.688 1.97471
331.055 1.98562
331.421 1.99729
331.787 2.0097
332.153 2.02279
332.52 2.03652
332.886 2.05082
333.252 2.06564
333.618 2.08091
333.984 2.09657
334.351 2.11255
334.717 2.12875
335.083 2.14509
335.449 2.16149
335.815 2.17785
336.182 2.19407
336.548 2.21003
336.914 2.22563
337.28 2.24076
337.646 2.25529
338.013 2.26909
338.379 2.28205
338.745 2.29403
339.111 2.3049
339.478 2.31454
339.844 2.3228
340.21 2.32957
340.576 2.33472
340.942 2.33812
341.309 2.33966
341.675 2.33923
342.041 2.33674
342.407 2.33207
342.773 2.32517
343.14 2.31594
343.506 2.30433
343.872 2.29029
344.238 2.27379
344.604 2.25481
344.971 2.23334
345.337 2.20937
345.703 2.18294
346.069 2.15406
346.436 2.12279
346.802 2.08918
347.168 2.05329
347.534 2.0152
347.9 1.97498
348.267 1.93273
348.633 1.88854
348.999 1.84251
349.365 1.79475
349.731 1.74536
350.098 1.69445
350.464 1.64212
350.83 1.58849
351.196 1.53364
351.562 1.47769
351.929 1.42074
352.295 1.36288
352.661 1.3042
353.027 1.24478
353.394 1.18471
353.76 1.12406
354.126 1.0629
354.492 1.00129
354.858 0.939293
355.225 0.876963
355.591 0.814347
355.957 0.751485
356.323 0.688416
356.689 0.62517
357.056 0.561775
357.422 0.498253
357.788 0.434622
358.154 0.370897
358.52 0.307087
358.887 0.243198
359.253 0.179234
359.619 0.115195
359.985 0.0510771
360.352 -0.0131258
360.718 -0.0774216
361.084 -0.141821
361.45 -0.206337
361.816 -0.270985
362.183 -0.33578
362.549 -0.400741
362.915 -0.465888
363.281 -0.531241
363.647 -0.596821
364.014 -0.662653
364.38 -0.72876
364.746 -0.795165
365.112 -0.861894
365.478 -0.928974
365.845 -0.996428
366.211 -1.06428
366.577 -1.13257
366.943 -1.20131
367.31 -1.27052
367.676 -1.34025
368.042 -1.41051
368.408 -1.48132
368.774 -1.55272
369.141 -1.62473
369.507 -1.69736
369.873 -1.77065
370.239 -1.84462
370.605 -1.91928
370.972 -1.99465
371.338 -2.07076
371.704 -2.14762
372.07 -2.22524
372.436 -2.30364
372.803 -2.38283
373.169 -2.46282
373.535 -2.54361
373.901 -2.6252
374.268 -2.7076
374.634 -2.79081
375 -2.87481
375.366 -2.9596
375.732 -3.04516
376.099 -3.13147
376.465 -3.21852
376.831 -3.30627
377.197 -3.39469
377.563 -3.48375
377.93 -3.57339
378.296 -3.66357
378.662 -3.75422
379.028 -3.8453
379.395 -3.93671
379.761 -4.0284
380.127 -4.12025
380.493 -4.2122
380.859 -4.30412
381.226 -4.39592
381.592 -4.48747
381.958 -4.57863
382.324 -4.66929
382.69 -4.75929
383.057 -4.84847
383.423 -4.93669
383.789 -5.02377
384.155 -5.10953
384.521 -5.19381
384.888 -5.2764
385.254 -5.35713
385.62 -5.4358
385.986 -5.51222
386.353 -5.58619
386.719 -5.65752
387.085 -5.72603
387.451 -5.79153
387.817 -5.85384
388.184 -5.91279
388.55 -5.96823
388.916 -6.02001
389.282 -6.06799
389.648 -6.11207
390.015 -6.15213
390.381 -6.18811
390.747 -6.21993
391.113 -6.24756
391.479 -6.27097
391.846 -6.29017
392.212 -6.30517
392.578 -6.31602
392.944 -6.32276
393.311 -6.32549
393.677 -6.3243
394.043 -6.31928
394.409 -6.31058
394.775 -6.29833
395.142 -6.28268
395.508 -6.26377
395.874 -6.24178
396.24 -6.21687
396.606 -6.1892
396.973 -6.15896
397.339 -6.1263
397.705 -6.0914
398.071 -6.05442
398.437 -6.0155
398.804 -5.97481
399.17 -5.93249
399.536 -5.88867
399.902 -5.84348
400.269 -5.79703
400.635 -5.74943
401.001 -5.70078
401.367 -5.65116
401.733 -5.60064
402.1 -5.5493
402.466 -5.49718
402.832 -5.44434
403.198 -5.39081
403.564 -5.33663
403.931 -5.2818
404.297 -5.22636
404.663 -5.17029
405.029 -5.11361
405.395 -5.05631
405.762 -4.99838
406.128 -4.93981
406.494 -4.88058
406.86 -4.82068
407.227 -4.76009
407.593 -4.69879
407.959 -4.63675
408.325 -4.57397
408.691 -4.51042
409.058 -4.44609
409.424 -4.38096
409.79 -4.31503
410.156 -4.24828
410.522 -4.18072
410.889 -4.11233
411.255 -4.04314
411.621 -3.97314
411.987 -3.90234
412.353 -3.83076
412.72 -3.75843
413.086 -3.68535
413.452 -3.61157
413.818 -3.5371
414.185 -3.46199
414.551 -3.38626
414.917 -3.30995
415.283 -3.23311
415.649 -3.15577
416.016 -3.07797
416.382 -2.99976
416.748 -2.92118
417.114 -2.84228
417.48 -2.76309
417.847 -2.68365
418.213 -2.60402
418.579 -2.52423
418.945 -2.44431
419.311 -2.36431
419.678 -2.28426
420.044 -2.2042
420.41 -2.12415
420.776 -2.04415
421.143 -1.96423
421.509 -1.88441
421.875 -1.80471
422.241 -1.72515
422.607 -1.64576
422.974 -1.56654
423.34 -1.48752
423.706 -1.40871
424.072 -1.33011
424.438 -1.25174
424.805 -1.17359
425.171 -1.09568
425.537 -1.01801
425.903 -0.940578
426.27 -0.863382
426.636 -0.786423
427.002 -0.709697
427.368 -0.633199
427.734 -0.556924
428.101 -0.480864
428.467 -0.405014
428.833 -0.329364
429.199 -0.253905
429.565 -0.178627
429.932 -0.10352
430.298 -0.028574
430.664 0.0462232
431.03 0.120882
431.396 0.195415
431.763 0.269832
432.129 0.344146
432.495 0.418368
432.861 0.492509
433.228 0.566582
433.594 0.640594
433.96 0.714558
434.326 0.788485
434.692 0.86238
435.059 0.936256
435.425 1.01012
435.791 1.08398
436.157 1.15783
436.523 1.2317
436.89 1.30557
437.256 1.37946
437.622 1.45336
437.988 1.52728
438.354 1.60122
438.721 1.67517
439.087 1.74913
439.453 1.8231
439.819 1.89707
440.186 1.97102
440.552 2.04496
440.918 2.11887
441.284 2.19274
441.65 2.26655
442.017 2.34028
442.383 2.41391
442.749 2.48743
443.115 2.5608
443.481 2.63401
443.848 2.70702
444.214 2.7798
444.58 2.85232
444.946 2.92455
445.312 2.99644
445.679 3.06796
446.045 3.13907
446.411 3.20971
446.777 3.27985
447.144 3.34944
447.51 3.41842
447.876 3.48674
448.242 3.55435
448.608 3.62119
448.975 3.6872
449.341 3.75233
449.707 3.81651
450.073 3.87969
450.439 3.94179
450.806 4.00277
451.172 4.06255
451.538 4.12107
451.904 4.17828
452.27 4.2341
452.637 4.28848
453.003 4.34137
453.369 4.39269
453.735 4.4424
454.102 4.49044
454.468 4.53676
454.834 4.58132
455.2 4.62407
455.566 4.66495
455.933 4.70395
456.299 4.74103
456.665 4.77614
457.031 4.80928
457.397 4.84041
457.764 4.86953
458.13 4.89661
458.496 4.92165
458.862 4.94465
459.228 4.96562
459.595 4.98454
459.961 5.00144
460.327 5.01633
460.693 5.02923
461.06 5.04015
461.426 5.04913
461.792 5.05618
462.158 5.06135
462.524 5.06466
462.891 5.06615
463.257 5.06586
463.623 5.06382
463.989 5.06007
464.355 5.05465
464.722 5.04761
465.088 5.03898
465.454 5.0288
465.82 5.01712
466.186 5.00395
466.553 4.98936
466.919 4.97337
467.285 4.95601
467.651 4.93732
468.018 4.91733
468.384 4.89607
468.75 4.87356
469.116 4.84983
469.482 4.8249
469.849 4.7988
470.215 4.77154
470.581 4.74313
470.947 4.7136
471.313 4.68296
471.68 4.65123
472.046 4.6184
472.412 4.5845
472.778 4.54953
473.145 4.51351
473.511 4.47644
473.877 4.43833
474.243 4.3992
474.609 4.35904
474.976 4.31788
475.342 4.27573
475.708 4.23259
476.074 4.18848
476.44 4.14342
476.807 4.09742
477.173 4.05052
477.539 4.00272
477.905 3.95405
478.271 3.90454
478.638 3.85421
479.004 3.80311
479.37 3.75126
479.736 3.69869
480.103 3.64546
480.469 3.59159
480.835 3.53714
481.201 3.48214
481.567 3.42666
481.934 3.37073
482.3 3.31441
482.666 3.25775
483.032 3.20082
483.398 3.14366
483.765 3.08633
484.131 3.0289
484.497 2.97143
484.863 2.91397
485.229 2.85659
485.596 2.79935
485.962 2.74232
486.328 2.68555
486.694 2.6291
487.061 2.57305
487.427 2.51745
487.793 2.46235
488.159 2.40783
488.525 2.35394
488.892 2.30073
489.258 2.24826
489.624 2.19659
489.99 2.14576
490.356 2.09582
490.723 2.04683
491.089 1.99882
491.455 1.95184
491.821 1.90593
492.187 1.86112
492.554 1.81745
492.92 1.77495
493.286 1.73364
493.652 1.69354
494.019 1.65468
494.385 1.61707
494.751 1.58072
495.117 1.54564
495.483 1.51183
495.85 1.4793
496.216 1.44803
496.582 1.41802
496.948 1.38925
497.314 1.36171
497.681 1.33538
498.047 1.31023
498.413 1.28624
498.779 1.26336
499.145 1.24157
499.512 1.22082
499.878 1.20107
500.244 1.18228
500.61 1.16439
500.977 1.14735
501.343 1.13111
501.709 1.1156
502.075 1.10078
502.441 1.08659
502.808 1.07295
503.174 1.0598
503.54 1.04709
503.906 1.03474
504.272 1.0227
504.639 1.01089
505.005 0.999253
505.371 0.987724
505.737 0.97624
506.103 0.964737
506.47 0.953154
506.836 0.941434
507.202 0.929516
507.568 0.917347
507.935 0.904873
508.301 0.892042
508.667 0.878806
509.033 0.865119
509.399 0.850939
509.766 0.836225
510.132 0.820942
510.498 0.805053
510.864 0.788529
511.23 0.771342
511.597 0.753467
511.963 0.734884
512.329 0.715574
512.695 0.69552
513.061 0.674711
513.428 0.653137
513.794 0.630793
514.16 0.607673
514.526 0.583775
514.893 0.559103
515.259 0.533657
515.625 0.507443
515.991 0.48047
516.357 0.452745
516.724 0.42428
517.09 0.395087
517.456 0.365179
517.822 0.334571
518.188 0.303279
518.555 0.27132
518.921 0.238711
519.287 0.20547
519.653 0.171616
520.019 0.137167
520.386 0.102143
520.752 0.066562
521.118 0.0304444
521.484 -0.00619168
521.851 -0.0433261
522.217 -0.0809414
522.583 -0.119018
522.949 -0.157539
523.315 -0.196486
523.682 -0.235842
524.048 -0.275591
524.414 -0.315716
524.78 -0.356201
525.146 -0.397034
525.513 -0.438198
525.879 -0.47968
526.245 -0.521466
526.611 -0.563546
526.977 -0.605906
527.344 -0.648535
527.71 -0.691423
528.076 -0.73456
528.442 -0.777937
528.809 -0.821543
529.175 -0.865371
529.541 -0.909413
529.907 -0.953661
530.273 -0.998109
530.64 -1.04275
531.006 -1.08758
531.372 -1.13258
531.738 -1.17777
532.104 -1.22312
532.471 -1.26863
532.837 -1.31431
533.203 -1.36014
533.569 -1.40612
533.935 -1.45225
534.302 -1.49852
534.668 -1.54492
535.034 -1.59146
535.4 -1.63813
535.767 -1.68492
536.133 -1.73183
536.499 -1.77886
536.865 -1.82599
537.231 -1.87324
537.598 -1.92058
537.964 -1.96802
538.33 -2.01555
538.696 -2.06316
539.062 -2.11085
539.429 -2.15861
539.795 -2.20643
540.161 -2.25431
540.527 -2.30223
540.893 -2.3502
541.26 -2.39819
541.626 -2.44621
541.992 -2.49424
542.358 -2.54226
542.725 -2.59028
543.091 -2.63827
543.457 -2.68622
543.823 -2.73413
544.189 -2.78197
544.556 -2.82973
544.922 -2.8774
545.288 -2.92496
545.654 -2.97239
546.02 -3.01967
546.387 -3.06679
546.753 -3.11373
547.119 -3.16047
547.485 -3.20698
547.852 -3.25324
548.218 -3.29924
548.584 -3.34494
548.95 -3.39032
549.316 -3.43536
549.683 -3.48004
550.049 -3.52432
550.415 -3.56818
550.781 -3.61159
551.147 -3.65452
551.514 -3.69695
551.88 -3.73884
552.246 -3.78016
552.612 -3.82089
552.978 -3.86099
553.345 -3.90042
553.711 -3.93917
554.077 -3.9772
554.443 -4.01447
554.81 -4.05095
555.176 -4.08661
555.542 -4.12142
555.908 -4.15535
556.274 -4.18837
556.641 -4.22044
557.007 -4.25154
557.373 -4.28163
557.739 -4.31068
558.105 -4.33868
558.472 -4.36558
558.838 -4.39137
559.204 -4.41601
559.57 -4.43949
559.936 -4.46178
560.303 -4.48286
560.669 -4.50271
561.035 -4.52131
561.401 -4.53864
561.768 -4.5547
562.134 -4.56946
562.5 -4.58291
562.866 -4.59506
563.232 -4.60587
563.599 -4.61536
563.965 -4.62352
564.331 -4.63035
564.697 -4.63584
565.063 -4.64
565.43 -4.64284
565.796 -4.64435
566.162 -4.64456
566.528 -4.64347
566.894 -4.64109
567.261 -4.63743
567.627 -4.63252
567.993 -4.62637
568.359 -4.619
568.726 -4.61043
569.092 -4.60068
569.458 -4.58978
569.824 -4.57776
570.19 -4.56463
570.557 -4.55042
570.923 -4.53518
571.289 -4.51891
571.655 -4.50167
572.021 -4.48347
572.388 -4.46434
572.754 -4.44433
573.12 -4.42345
573.486 -4.40176
573.852 -4.37927
574.219 -4.35603
574.585 -4.33206
574.951 -4.3074
575.317 -4.28208
575.684 -4.25614
576.05 -4.2296
576.416 -4.20251
576.782 -4.17489
577.148 -4.14678
577.515 -4.11821
577.881 -4.0892
578.247 -4.05979
578.613 -4.03001
578.979 -3.99988
579.346 -3.96944
579.712 -3.93872
580.078 -3.90773
580.444 -3.87651
580.81 -3.84508
581.177 -3.81347
581.543 -3.7817
581.909 -3.74979
582.275 -3.71777
582.642 -3.68566
583.008 -3.65347
583.374 -3.62124
583.74 -3.58897
584.106 -3.55669
584.473 -3.52441
584.839 -3.49216
585.205 -3.45995
585.571 -3.42778
585.937 -3.39569
586.304 -3.36368
586.67 -3.33176
587.036 -3.29995
587.402 -3.26827
587.768 -3.23671
588.135 -3.2053
588.501 -3.17405
588.867 -3.14295
589.233 -3.11203
589.6 -3.08129
589.966 -3.05074
590.332 -3.02039
590.698 -2.99024
591.064 -2.9603
591.431 -2.93058
591.797 -2.90108
592.163 -2.87181
592.529 -2.84277
592.895 -2.81397
593.262 -2.78541
593.628 -2.7571
593.994 -2.72903
594.36 -2.70122
594.727 -2.67366
595.093 -2.64636
595.459 -2.61931
595.825 -2.59253
596.191 -2.56602
596.558 -2.53976
596.924 -2.51378
597.29 -2.48806
597.656 -2.46261
598.022 -2.43742
598.389 -2.41251
598.755 -2.38787
599.121 -2.36349
599.487 -2.33938
599.853 -2.31554
600.22 -2.29198
600.586 -2.26868
600.952 -2.24564
601.318 -2.22287
601.685 -2.20037
602.051 -2.17814
602.417 -2.15617
602.783 -2.13446
603.149 -2.11301
603.516 -2.09182
603.882 -2.07089
604.248 -2.05022
604.614 -2.02981
604.98 -2.00965
605.347 -1.98974
605.713 -1.97009
606.079 -1.95068
606.445 -1.93152
606.811 -1.91261
607.178 -1.89394
607.544 -1.87552
607.91 -1.85733
608.276 -1.83939
608.643 -1.82168
609.009 -1.8042
609.375 -1.78697
609.741 -1.76996
610.107 -1.75318
610.474 -1.73663
610.84 -1.7203
611.206 -1.7042
611.572 -1.68832
611.938 -1.67266
612.305 -1.65722
612.671 -1.64199
613.037 -1.62698
613.403 -1.61218
613.769 -1.5976
614.136 -1.58322
614.502 -1.56904
614.868 -1.55508
615.234 -1.54131
615.601 -1.52775
615.967 -1.51439
616.333 -1.50122
616.699 -1.48825
617.065 -1.47548
617.432 -1.4629
617.798 -1.45051
618.164 -1.43831
618.53 -1.4263
618.896 -1.41447
619.263 -1.40283
619.629 -1.39137
619.995 -1.3801
620.361 -1.369
620.727 -1.35809
621.094 -1.34735
621.46 -1.33678
621.826 -1.32639
622.192 -1.31618
622.559 -1.30613
622.925 -1.29626
623.291 -1.28656
623.657 -1.27702
624.023 -1.26765
624.39 -1.25845
624.756 -1.24941
625.122 -1.24053
625.488 -1.23182
625.854 -1.22327
626.221 -1.21487
626.587 -1.20664
626.953 -1.19856
627.319 -1.19064
627.685 -1.18288
628.052 -1.17527
628.418 -1.16782
628.784 -1.16052
629.15 -1.15337
629.517 -1.14637
629.883 -1.13953
630.249 -1.13283
630.615 -1.12629
630.981 -1.11989
631.348 -1.11364
631.714 -1.10753
632.08 -1.10158
632.446 -1.09576
632.812 -1.0901
633.179 -1.08458
633.545 -1.0792
633.911 -1.07396
634.277 -1.06887
634.643 -1.06392
635.01 -1.05911
635.376 -1.05444
635.742 -1.04991
636.108 -1.04553
636.475 -1.04128
636.841 -1.03717
637.207 -1.0332
637.573 -1.02937
637.939 -1.02567
638.306 -1.02212
638.672 -1.0187
639.038 -1.01541
639.404 -1.01226
639.77 -1.00925
640.137 -1.00637
640.503 -1.00363
640.869 -1.00102
641.235 -0.998547
641.602 -0.996206
641.968 -0.993997
642.334 -0.991921
642.7 -0.989976
643.066 -0.988163
643.433 -0.98648
643.799 -0.984928
644.165 -0.983506
644.531 -0.982212
644.897 -0.981047
645.264 -0.98001
645.63 -0.979099
645.996 -0.978315
646.362 -0.977656
646.728 -0.977122
647.095 -0.976712
647.461 -0.976425
647.827 -0.976259
648.193 -0.976214
648.56 -0.976289
648.926 -0.976482
649.292 -0.976792
649.658 -0.977219
650.024 -0.977759
650.391 -0.978413
650.757 -0.979178
651.123 -0.980052
651.489 -0.981035
651.855 -0.982123
652.222 -0.983316
652.588 -0.98461
652.954 -0.986004
653.32 -0.987495
653.686 -0.989082
654.053 -0.99076
654.419 -0.992527
654.785 -0.994381
655.151 -0.996318
655.518 -0.998335
655.884 -1.00043
656.25 -1.0026
656.616 -1.00483
656.982 -1.00714
657.349 -1.0095
657.715 -1.01192
658.081 -1.01439
658.447 -1.01691
658.813 -1.01948
659.18 -1.02208
659.546 -1.02471
659.912 -1.02737
660.278 -1.03005
660.644 -1.03275
661.011 -1.03546
661.377 -1.03816
661.743 -1.04087
662.109 -1.04356
662.476 -1.04623
662.842 -1.04888
663.208 -1.05149
663.574 -1.05406
663.94 -1.05658
664.307 -1.05905
664.673 -1.06144
665.039 -1.06376
665.405 -1.066
665.771 -1.06814
666.138 -1.07017
666.504 -1.0721
666.87 -1.07389
667.236 -1.07556
667.602 -1.07708
667.969 -1.07845
668.335 -1.07965
668.701 -1.08067
669.067 -1.08151
669.434 -1.08215
669.8 -1.08258
670.166 -1.08279
670.532 -1.08276
670.898 -1.0825
671.265 -1.08198
671.631 -1.08119
671.997 -1.08012
672.363 -1.07877
672.729 -1.07712
673.096 -1.07515
673.462 -1.07287
673.828 -1.07025
674.194 -1.06728
674.56 -1.06396
674.927 -1.06028
675.293 -1.05622
675.659 -1.05178
676.025 -1.04694
676.392 -1.0417
676.758 -1.03605
677.124 -1.02997
677.49 -1.02347
677.856 -1.01653
678.223 -1.00914
678.589 -1.00131
678.955 -0.993015
679.321 -0.984259
679.687 -0.975034
680.054 -0.965337
680.42 -0.955161
680.786 -0.944503
681.152 -0.933361
681.518 -0.921731
681.885 -0.909611
682.251 -0.896999
682.617 -0.883895
682.983 -0.870298
683.35 -0.856208
683.716 -0.841625
684.082 -0.826551
684.448 -0.810987
684.814 -0.794936
685.181 -0.7784
685.547 -0.761382
685.913 -0.743886
686.279 -0.725916
686.645 -0.707477
687.012 -0.688573
687.378 -0.669211
687.744 -0.649395
688.11 -0.629132
688.477 -0.608428
688.843 -0.587291
689.209 -0.565727
689.575 -0.543744
689.941 -0.521348
690.308 -0.498549
690.674 -0.475354
691.04 -0.451771
691.406 -0.427809
691.772 -0.403476
692.139 -0.378781
692.505 -0.353732
692.871 -0.328339
693.237 -0.302609
693.603 -0.276553
693.97 -0.250178
694.336 -0.223494
694.702 -0.19651
695.068 -0.169234
695.435 -0.141675
695.801 -0.113842
696.167 -0.0857448
696.533 -0.0573891
696.899 -0.0287864
697.266 5.62574e-05
697.632 0.0291302
697.998 0.0584277
698.364 0.08794
698.73 0.11766
699.097 0.147579
699.463 0.177689
699.829 0.207983
700.195 0.238453
700.561 0.269092
700.928 0.299892
701.294 0.330846
701.66 0.361948
702.026 0.393188
702.393 0.424563
702.759 0.456063
703.125 0.487683
703.491 0.519415
703.857 0.551254
704.224 0.583191
704.59 0.615222
704.956 0.647339
705.322 0.679536
705.688 0.711807
706.055 0.744144
706.421 0.776542
706.787 0.808994
707.153 0.841494
707.519 0.874034
707.886 0.90661
708.252 0.939214
708.618 0.971838
708.984 1.00448
709.351 1.03712
709.717 1.06977
710.083 1.10241
710.449 1.13504
710.815 1.16765
711.182 1.20023
711.548 1.23277
711.914 1.26527
712.28 1.29772
712.646 1.33011
713.013 1.36243
713.379 1.39468
713.745 1.42685
714.111 1.45892
714.477 1.49089
714.844 1.52275
715.21 1.55448
715.576 1.58609
715.942 1.61756
716.309 1.64888
716.675 1.68004
717.041 1.71103
717.407 1.74184
717.773 1.77246
718.14 1.80288
718.506 1.83309
718.872 1.86307
719.238 1.89281
719.604 1.92231
719.971 1.95155
720.337 1.98052
720.703 2.0092
721.069 2.03759
721.435 2.06567
721.802 2.09344
722.168 2.12086
722.534 2.14795
722.9 2.17468
723.267 2.20104
723.633 2.22701
723.999 2.25259
724.365 2.27777
724.731 2.30252
725.098 2.32684
725.464 2.35072
725.83 2.37414
726.196 2.39709
726.562 2.41956
726.929 2.44154
727.295 2.46302
727.661 2.48399
728.027 2.50443
728.393 2.52434
728.76 2.5437
729.126 2.56251
729.492 2.58075
729.858 2.59842
730.225 2.61552
730.591 2.63202
730.957 2.64793
731.323 2.66324
731.689 2.67794
732.056 2.69203
732.422 2.7055
732.788 2.71834
733.154 2.73056
733.52 2.74215
733.887 2.75311
734.253 2.76343
734.619 2.77312
734.985 2.78217
735.352 2.79059
735.718 2.79837
736.084 2.80552
736.45 2.81203
736.816 2.81792
737.183 2.82318
737.549 2.82782
737.915 2.83185
738.281 2.83526
738.647 2.83807
739.014 2.84029
739.38 2.84191
739.746 2.84294
740.112 2.84341
740.478 2.8433
740.845 2.84264
741.211 2.84143
741.577 2.83968
741.943 2.83741
742.31 2.83462
742.676 2.83133
743.042 2.82754
743.408 2.82327
743.774 2.81854
744.141 2.81335
744.507 2.80772
744.873 2.80166
745.239 2.79518
745.605 2.7883
745.972 2.78103
746.338 2.77338
746.704 2.76537
747.07 2.75701
747.436 2.74832
747.803 2.73931
748.169 2.72999
748.535 2.72037
748.901 2.71048
749.268 2.70032
749.634 2.68991
750 2.67925
750.366 2.66837
750.732 2.65728
751.099 2.64599
751.465 2.63451
751.831 2.62285
752.197 2.61103
752.563 2.59906
752.93 2.58696
753.296 2.57472
753.662 2.56237
754.028 2.54991
754.394 2.53737
754.761 2.52473
755.127 2.51203
755.493 2.49926
755.859 2.48644
756.226 2.47358
756.592 2.46069
756.958 2.44777
757.324 2.43483
757.69 2.42189
758.057 2.40895
758.423 2.39602
758.789 2.3831
759.155 2.37022
759.521 2.35736
759.888 2.34454
760.254 2.33177
760.62 2.31905
760.986 2.30638
761.352 2.29378
761.719 2.28125
762.085 2.2688
762.451 2.25643
762.817 2.24414
763.184 2.23194
763.55 2.21984
763.916 2.20784
764.282 2.19594
764.648 2.18415
765.015 2.17247
765.381 2.16091
765.747 2.14947
766.113 2.13814
766.479 2.12695
766.846 2.11588
767.212 2.10494
767.578 2.09414
767.944 2.08347
768.31 2.07294
768.677 2.06255
769.043 2.05231
769.409 2.04221
769.775 2.03225
770.142 2.02245
770.508 2.01279
770.874 2.00329
771.24 1.99393
771.606 1.98474
771.973 1.97569
772.339 1.96681
772.705 1.95808
773.071 1.94951
773.437 1.9411
773.804 1.93284
774.17 1.92475
774.536 1.91682
774.902 1.90905
775.268 1.90145
775.635 1.89401
776.001 1.88673
776.367 1.87961
776.733 1.87266
777.1 1.86587
777.466 1.85924
777.832 1.85278
778.198 1.84649
778.564 1.84036
778.931 1.83439
779.297 1.82859
779.663 1.82295
780.029 1.81748
780.395 1.81217
780.762 1.80703
781.128 1.80205
781.494 1.79723
781.86 1.79258
782.227 1.78809
782.593 1.78377
782.959 1.77961
783.325 1.77561
783.691 1.77177
784.058 1.7681
784.424 1.76459
784.79 1.76124
785.156 1.75806
785.522 1.75503
785.889 1.75217
786.255 1.74947
786.621 1.74693
786.987 1.74455
787.353 1.74233
787.72 1.74027
788.086 1.73837
788.452 1.73663
788.818 1.73505
789.185 1.73363
789.551 1.73237
789.917 1.73126
790.283 1.73032
790.649 1.72953
791.016 1.7289
791.382 1.72843
791.748 1.72811
792.114 1.72796
792.48 1.72796
792.847 1.72811
793.213 1.72843
793.579 1.7289
793.945 1.72953
794.311 1.73031
794.678 1.73125
795.044 1.73234
795.41 1.7336
795.776 1.735
796.143 1.73657
796.509 1.73829
796.875 1.74016
797.241 1.74219
797.607 1.74438
797.974 1.74672
798.34 1.74921
798.706 1.75187
799.072 1.75468
799.438 1.75764
799.805 1.76076
800.171 1.76403
800.537 1.76746
800.903 1.77105
801.269 1.77479
801.636 1.77869
802.002 1.78274
802.368 1.78695
802.734 1.79132
803.101 1.79584
803.467 1.80052
803.833 1.80535
804.199 1.81034
804.565 1.81549
804.932 1.8208
805.298 1.82626
805.664 1.83188
806.03 1.83766
806.396 1.84359
806.763 1.84969
807.129 1.85594
807.495 1.86235
807.861 1.86892
808.227 1.87564
808.594 1.88253
808.96 1.88957
809.326 1.89678
809.692 1.90415
810.059 1.91167
810.425 1.91935
810.791 1.9272
811.157 1.9352
811.523 1.94337
811.89 1.9517
812.256 1.96019
812.622 1.96884
812.988 1.97765
813.354 1.98662
813.721 1.99576
814.087 2.00506
814.453 2.01452
814.819 2.02414
815.185 2.03393
815.552 2.04388
815.918 2.05399
816.284 2.06426
816.65 2.0747
817.017 2.0853
817.383 2.09607
817.749 2.10699
818.115 2.11809
818.481 2.12934
818.848 2.14076
819.214 2.15234
819.58 2.16409
819.946 2.17599
820.312 2.18806
820.679 2.2003
821.045 2.21269
821.411 2.22525
821.777 2.23797
822.143 2.25085
822.51 2.26389
822.876 2.2771
823.242 2.29046
823.608 2.30398
823.975 2.31767
824.341 2.33151
824.707 2.34551
825.073 2.35967
825.439 2.37398
825.806 2.38845
826.172 2.40307
826.538 2.41785
826.904 2.43278
827.27 2.44786
827.637 2.46309
828.003 2.47847
828.369 2.494
828.735 2.50967
829.102 2.52549
829.468 2.54145
829.834 2.55755
830.2 2.57379
830.566 2.59017
830.933 2.60669
831.299 2.62334
831.665 2.64011
832.031 2.65702
832.397 2.67406
832.764 2.69121
833.13 2.70849
833.496 2.72589
833.862 2.7434
834.228 2.76102
834.595 2.77875
834.961 2.79659
835.327 2.81453
835.693 2.83257
836.06 2.8507
836.426 2.86892
836.792 2.88723
837.158 2.90562
837.524 2.92409
837.891 2.94263
838.257 2.96124
838.623 2.97992
838.989 2.99865
839.355 3.01744
839.722 3.03627
840.088 3.05515
840.454 3.07406
840.82 3.093
841.186 3.11197
841.553 3.13095
841.919 3.14995
842.285 3.16895
842.651 3.18795
843.018 3.20694
843.384 3.22591
843.75 3.24486
844.116 3.26378
844.482 3.28266
844.849 3.30149
845.215 3.32027
845.581 3.33898
845.947 3.35762
846.313 3.37618
846.68 3.39465
847.046 3.41302
847.412 3.43128
847.778 3.44942
848.144 3.46744
848.511 3.48532
848.877 3.50305
849.243 3.52063
849.609 3.53804
849.976 3.55527
850.342 3.57232
850.708 3.58916
851.074 3.6058
851.44 3.62222
851.807 3.63841
852.173 3.65436
852.539 3.67006
852.905 3.68549
853.271 3.70065
853.638 3.71553
854.004 3.73011
854.37 3.74438
854.736 3.75834
855.102 3.77197
855.469 3.78525
855.835 3.79819
856.201 3.81077
856.567 3.82297
856.934 3.83479
857.3 3.84622
857.666 3.85725
858.032 3.86786
858.398 3.87805
858.765 3.8878
859.131 3.89711
859.497 3.90597
859.863 3.91437
860.229 3.9223
860.596 3.92974
860.962 3.9367
861.328 3.94317
861.694 3.94913
862.06 3.95457
862.427 3.9595
862.793 3.96391
863.159 3.96779
863.525 3.97112
863.892 3.97392
864.258 3.97616
864.624 3.97785
864.99 3.97899
865.356 3.97956
865.723 3.97957
866.089 3.97902
866.455 3.97789
866.821 3.97619
867.187 3.97391
867.554 3.97106
867.92 3.96763
868.286 3.96363
868.652 3.95905
869.018 3.95389
869.385 3.94816
869.751 3.94186
870.117 3.93499
870.483 3.92754
870.85 3.91953
871.216 3.91096
871.582 3.90183
871.948 3.89215
872.314 3.88191
872.681 3.87113
873.047 3.85981
873.413 3.84796
873.779 3.83558
874.145 3.82267
874.512 3.80926
874.878 3.79533
875.244 3.78091
875.61 3.76599
875.977 3.75058
876.343 3.7347
876.709 3.71836
877.075 3.70155
877.441 3.68429
877.808 3.66659
878.174 3.64846
878.54 3.6299
878.906 3.61093
879.272 3.59156
879.639 3.5718
880.005 3.55164
880.371 3.53112
880.737 3.51023
881.103 3.48898
881.47 3.46739
881.836 3.44547
882.202 3.42322
882.568 3.40066
882.935 3.37779
883.301 3.35463
883.667 3.33119
884.033 3.30747
884.399 3.28349
884.766 3.25925
885.132 3.23477
885.498 3.21005
885.864 3.18511
886.23 3.15994
886.597 3.13458
886.963 3.10901
887.329 3.08326
887.695 3.05733
888.061 3.03122
888.428 3.00495
888.794 2.97853
889.16 2.95196
889.526 2.92525
889.893 2.89841
890.259 2.87146
890.625 2.84438
890.991 2.8172
891.357 2.78992
891.724 2.76254
892.09 2.73508
892.456 2.70754
892.822 2.67992
893.188 2.65224
893.555 2.6245
893.921 2.5967
894.287 2.56885
894.653 2.54096
895.019 2.51303
895.386 2.48507
895.752 2.45708
896.118 2.42907
896.484 2.40104
896.851 2.37299
897.217 2.34494
897.583 2.31688
897.949 2.28882
898.315 2.26076
898.682 2.23271
899.048 2.20467
899.414 2.17664
899.78 2.14863
900.146 2.12064
900.513 2.09267
900.879 2.06473
901.245 2.03682
901.611 2.00893
901.977 1.98108
902.344 1.95327
902.71 1.92549
903.076 1.89775
903.442 1.87005
903.809 1.8424
904.175 1.81479
904.541 1.78723
904.907 1.75971
905.273 1.73225
905.64 1.70484
906.006 1.67747
906.372 1.65016
906.738 1.62291
907.104 1.59571
907.471 1.56856
907.837 1.54147
908.203 1.51444
908.569 1.48746
908.935 1.46054
909.302 1.43368
909.668 1.40688
910.034 1.38014
910.4 1.35346
910.767 1.32683
911.133 1.30027
911.499 1.27376
911.865 1.24732
912.231 1.22093
912.598 1.1946
912.964 1.16833
913.33 1.14212
913.696 1.11597
914.062 1.08987
914.429 1.06383
914.795 1.03785
915.161 1.01193
915.527 0.986066
915.893 0.960256
916.26 0.934501
916.626 0.908801
916.992 0.883156
917.358 0.857565
917.725 0.832027
918.091 0.806542
918.457 0.781108
918.823 0.755727
919.189 0.730397
919.556 0.705116
919.922 0.679886
920.288 0.654704
920.654 0.62957
921.02 0.604484
921.387 0.579446
921.753 0.554453
922.119 0.529506
922.485 0.504605
922.852 0.479747
923.218 0.454933
923.584 0.430163
923.95 0.405434
924.316 0.380749
924.683 0.356103
925.049 0.331499
925.415 0.306935
925.781 0.282411
926.147 0.257925
926.514 0.233478
926.88 0.20907
927.246 0.184699
927.612 0.160365
927.978 0.136068
928.345 0.111808
928.711 0.0875839
929.077 0.0633955
929.443 0.039243
929.81 0.0151257
930.176 -0.00895664
930.542 -0.0330039
930.908 -0.0570162
931.274 -0.0809934
931.641 -0.104936
932.007 -0.128844
932.373 -0.152718
932.739 -0.176556
933.105 -0.200359
933.472 -0.224127
933.838 -0.24786
934.204 -0.271556
934.57 -0.295217
934.936 -0.318841
935.303 -0.342428
935.669 -0.365978
936.035 -0.38949
936.401 -0.412963
936.768 -0.436396
937.134 -0.45979
937.5 -0.483142
937.866 -0.506453
938.232 -0.529721
938.599 -0.552945
938.965 -0.576125
939.331 -0.599258
939.697 -0.622345
940.063 -0.645383
940.43 -0.668371
940.796 -0.691308
941.162 -0.714192
941.528 -0.737022
941.894 -0.759796
942.261 -0.782512
942.627 -0.805169
942.993 -0.827765
943.359 -0.850298
943.726 -0.872765
944.092 -0.895165
944.458 -0.917496
944.824 -0.939755
945.19 -0.96194
945.557 -0.984048
945.923 -1.00608
946.289 -1.02803
946.655 -1.04989
947.021 -1.07167
947.388 -1.09336
947.754 -1.11495
948.12 -1.13645
948.486 -1.15785
948.852 -1.17915
949.219 -1.20035
949.585 -1.22144
949.951 -1.24241
950.317 -1.26328
950.684 -1.28402
951.05 -1.30465
951.416 -1.32515
951.782 -1.34552
952.148 -1.36576
952.515 -1.38586
952.881 -1.40582
953.247 -1.42564
953.613 -1.44532
953.979 -1.46484
954.346 -1.48421
954.712 -1.50341
955.078 -1.52246
955.444 -1.54134
955.81 -1.56005
956.177 -1.57858
956.543 -1.59693
956.909 -1.6151
957.275 -1.63308
957.642 -1.65087
958.008 -1.66846
958.374 -1.68585
958.74 -1.70304
959.106 -1.72002
959.473 -1.73679
959.839 -1.75334
960.205 -1.76967
960.571 -1.78577
960.937 -1.80164
961.304 -1.81729
961.67 -1.83269
962.036 -1.84785
962.402 -1.86277
962.768 -1.87744
963.135 -1.89185
963.501 -1.90601
963.867 -1.91991
964.233 -1.93354
964.6 -1.94691
964.966 -1.96001
965.332 -1.97283
965.698 -1.98538
966.064 -1.99764
966.431 -2.00963
966.797 -2.02132
967.163 -2.03273
967.529 -2.04385
967.895 -2.05467
968.262 -2.0652
968.628 -2.07542
968.994 -2.08535
969.36 -2.09497
969.727 -2.10429
970.093 -2.1133
970.459 -2.12201
970.825 -2.1304
971.191 -2.13849
971.558 -2.14626
971.924 -2.15372
972.29 -2.16087
972.656 -2.1677
973.022 -2.17422
973.389 -2.18042
973.755 -2.18631
974.121 -2.19189
974.487 -2.19715
974.853 -2.2021
975.22 -2.20673
975.586 -2.21105
975.952 -2.21506
976.318 -2.21875
976.685 -2.22214
977.051 -2.22522
977.417 -2.22799
977.783 -2.23046
978.149 -2.23263
978.516 -2.23449
978.882 -2.23606
979.248 -2.23732
979.614 -2.2383
979.98 -2.23898
980.347 -2.23937
980.713 -2.23948
981.079 -2.23931
981.445 -2.23885
981.811 -2.23812
982.178 -2.23712
982.544 -2.23585
982.91 -2.23431
983.276 -2.2325
983.643 -2.23044
984.009 -2.22813
984.375 -2.22556
984.741 -2.22275
985.107 -2.2197
985.474 -2.2164
985.84 -2.21288
986.206 -2.20912
986.572 -2.20514
986.938 -2.20094
987.305 -2.19652
987.671 -2.19189
988.037 -2.18705
988.403 -2.18201
988.769 -2.17678
989.136 -2.17135
989.502 -2.16573
989.868 -2.15993
990.234 -2.15395
990.601 -2.1478
990.967 -2.14148
991.333 -2.13499
991.699 -2.12835
992.065 -2.12155
992.432 -2.1146
992.798 -2.10751
993.164 -2.10027
993.53 -2.0929
993.896 -2.0854
994.263 -2.07777
994.629 -2.07002
994.995 -2.06215
995.361 -2.05417
995.727 -2.04609
996.094 -2.03789
996.46 -2.0296
996.826 -2.02122
997.192 -2.01274
997.559 -2.00418
997.925 -1.99554
998.291 -1.98681
998.657 -1.97802
999.023 -1.96915
999.39 -1.96022
999.756 -1.95122
1000.12 -1.94217
1000.49 -1.93307
1000.85 -1.92391
1001.22 -1.91471
1001.59 -1.90546
1001.95 -1.89617
1002.32 -1.88685
1002.69 -1.87749
1003.05 -1.86811
1003.42 -1.85869
1003.78 -1.84926
1004.15 -1.8398
1004.52 -1.83033
1004.88 -1.82085
1005.25 -1.81135
1005.62 -1.80184
1005.98 -1.79233
1006.35 -1.78282
1006.71 -1.7733
1007.08 -1.76379
1007.45 -1.75428
1007.81 -1.74478
1008.18 -1.73529
1008.54 -1.72582
1008.91 -1.71635
1009.28 -1.7069
1009.64 -1.69748
1010.01 -1.68807
1010.38 -1.67868
1010.74 -1.66932
1011.11 -1.65999
1011.47 -1.65068
1011.84 -1.64141
1012.21 -1.63216
1012.57 -1.62295
1012.94 -1.61378
1013.31 -1.60464
1013.67 -1.59554
1014.04 -1.58647
1014.4 -1.57745
1014.77 -1.56847
1015.14 -1.55954
1015.5 -1.55065
1015.87 -1.5418
1016.24 -1.53301
1016.6 -1.52426
1016.97 -1.51556
1017.33 -1.50691
1017.7 -1.49831
1018.07 -1.48976
1018.43 -1.48127
1018.8 -1.47283
1019.16 -1.46444
1019.53 -1.45611
1019.9 -1.44784
1020.26 -1.43962
1020.63 -1.43146
1021 -1.42336
1021.36 -1.41532
1021.73 -1.40734
1022.09 -1.39941
1022.46 -1.39155
1022.83 -1.38375
1023.19 -1.37601
1023.56 -1.36833
1023.93 -1.36072
1024.29 -1.35316
1024.66 -1.34567
1025.02 -1.33825
1025.39 -1.33088
1025.76 -1.32358
1026.12 -1.31635
1026.49 -1.30917
1026.86 -1.30207
1027.22 -1.29503
1027.59 -1.28805
1027.95 -1.28114
1028.32 -1.27429
1028.69 -1.26751
1029.05 -1.26079
1029.42 -1.25414
1029.79 -1.24756
1030.15 -1.24104
1030.52 -1.23458
1030.88 -1.22819
1031.25 -1.22187
1031.62 -1.21562
1031.98 -1.20943
1032.35 -1.2033
1032.71 -1.19724
1033.08 -1.19125
1033.45 -1.18532
1033.81 -1.17946
1034.18 -1.17366
1034.55 -1.16793
1034.91 -1.16227
1035.28 -1.15667
1035.64 -1.15113
1036.01 -1.14566
1036.38 -1.14026
1036.74 -1.13492
1037.11 -1.12964
1037.48 -1.12443
1037.84 -1.11928
1038.21 -1.1142
1038.57 -1.10918
1038.94 -1.10423
1039.31 -1.09934
1039.67 -1.09451
1040.04 -1.08975
1040.41 -1.08505
1040.77 -1.08041
1041.14 -1.07584
1041.5 -1.07133
1041.87 -1.06688
1042.24 -1.06249
1042.6 -1.05817
1042.97 -1.0539
1043.33 -1.0497
1043.7 -1.04557
1044.07 -1.04149
1044.43 -1.03747
1044.8 -1.03352
1045.17 -1.02962
1045.53 -1.02579
1045.9 -1.02202
1046.26 -1.01831
1046.63 -1.01465
1047 -1.01106
1047.36 -1.00753
1047.73 -1.00406
1048.1 -1.00064
1048.46 -0.997286
1048.83 -0.99399
1049.19 -0.990753
1049.56 -0.987574
1049.93 -0.984454
1050.29 -0.981391
1050.66 -0.978387
1051.03 -0.975441
1051.39 -0.972552
1051.76 -0.96972
1052.12 -0.966945
1052.49 -0.964228
1052.86 -0.961568
1053.22 -0.958964
1053.59 -0.956416
1053.95 -0.953926
1054.32 -0.951491
1054.69 -0.949112
1055.05 -0.946789
1055.42 -0.944522
1055.79 -0.94231
1056.15 -0.940154
1056.52 -0.938052
1056.88 -0.936006
1057.25 -0.934015
1057.62 -0.932079
1057.98 -0.930197
1058.35 -0.92837
1058.72 -0.926597
1059.08 -0.924878
1059.45 -0.923213
1059.81 -0.921603
1060.18 -0.920046
1060.55 -0.918543
1060.91 -0.917093
1061.28 -0.915697
1061.65 -0.914355
1062.01 -0.913065
1062.38 -0.911829
1062.74 -0.910646
1063.11 -0.909516
1063.48 -0.908438
1063.84 -0.907413
1064.21 -0.906441
1064.58 -0.905522
1064.94 -0.904655
1065.31 -0.903841
1065.67 -0.903079
1066.04 -0.902369
1066.41 -0.901712
1066.77 -0.901106
1067.14 -0.900553
1067.5 -0.900052
1067.87 -0.899603
1068.24 -0.899206
1068.6 -0.89886
1068.97 -0.898566
1069.34 -0.898325
1069.7 -0.898135
1070.07 -0.897996
1070.43 -0.89791
1070.8 -0.897875
1071.17 -0.897892
1071.53 -0.89796
1071.9 -0.89808
1072.27 -0.898252
1072.63 -0.898475
1073 -0.898749
1073.36 -0.899076
1073.73 -0.899454
1074.1 -0.899883
1074.46 -0.900364
1074.83 -0.900897
1075.2 -0.901481
1075.56 -0.902117
1075.93 -0.902805
1076.29 -0.903544
1076.66 -0.904335
1077.03 -0.905178
1077.39 -0.906072
1077.76 -0.907019
1078.12 -0.908017
1078.49 -0.909067
1078.86 -0.910169
1079.22 -0.911323
1079.59 -0.912528
1079.96 -0.913786
1080.32 -0.915096
1080.69 -0.916459
1081.05 -0.917873
1081.42 -0.91934
1081.79 -0.92086
1082.15 -0.922431
1082.52 -0.924056
1082.89 -0.925732
1083.25 -0.927462
1083.62 -0.929244
1083.98 -0.93108
1084.35 -0.932967
1084.72 -0.934909
1085.08 -0.936903
1085.45 -0.93895
1085.82 -0.941051
1086.18 -0.943205
1086.55 -0.945412
1086.91 -0.947673
1087.28 -0.949988
1087.65 -0.952357
1088.01 -0.954779
1088.38 -0.957256
1088.74 -0.959786
1089.11 -0.962371
1089.48 -0.96501
1089.84 -0.967703
1090.21 -0.970451
1090.58 -0.973254
1090.94 -0.976111
1091.31 -0.979024
1091.67 -0.981991
1092.04 -0.985013
1092.41 -0.988091
1092.77 -0.991224
1093.14 -0.994412
1093.51 -0.997656
1093.87 -1.00096
1094.24 -1.00431
1094.6 -1.00772
1094.97 -1.01119
1095.34 -1.01471
1095.7 -1.01829
1096.07 -1.02193
1096.44 -1.02562
1096.8 -1.02937
1097.17 -1.03318
1097.53 -1.03704
1097.9 -1.04096
1098.27 -1.04493
1098.63 -1.04897
1099 -1.05306
1099.37 -1.05721
1099.73 -1.06141
1100.1 -1.06567
1100.46 -1.06999
1100.83 -1.07437
1101.2 -1.07881
1101.56 -1.0833
1101.93 -1.08785
1102.29 -1.09246
1102.66 -1.09713
1103.03 -1.10186
1103.39 -1.10664
1103.76 -1.11148
1104.13 -1.11638
1104.49 -1.12134
1104.86 -1.12635
1105.22 -1.13143
1105.59 -1.13656
1105.96 -1.14175
1106.32 -1.147
1106.69 -1.15231
1107.06 -1.15768
1107.42 -1.1631
1107.79 -1.16858
1108.15 -1.17412
1108.52 -1.17972
1108.89 -1.18538
1109.25 -1.1911
1109.62 -1.19687
1109.99 -1.2027
1110.35 -1.20859
1110.72 -1.21453
1111.08 -1.22054
1111.45 -1.2266
1111.82 -1.23272
1112.18 -1.23889
1112.55 -1.24512
1112.91 -1.25141
1113.28 -1.25776
1113.65 -1.26416
1114.01 -1.27062
1114.38 -1.27713
1114.75 -1.2837
1115.11 -1.29032
1115.48 -1.297
1115.84 -1.30373
1116.21 -1.31052
1116.58 -1.31736
1116.94 -1.32425
1117.31 -1.3312
1117.68 -1.3382
1118.04 -1.34525
1118.41 -1.35236
1118.77 -1.35951
1119.14 -1.36672
1119.51 -1.37397
1119.87 -1.38128
1120.24 -1.38863
1120.61 -1.39604
1120.97 -1.40349
1121.34 -1.41098
1121.7 -1.41853
1122.07 -1.42612
1122.44 -1.43375
1122.8 -1.44143
1123.17 -1.44915
1123.54 -1.45692
1123.9 -1.46473
1124.27 -1.47257
1124.63 -1.48046
1125 -1.48839
1125.37 -1.49635
1125.73 -1.50435
1126.1 -1.51239
1126.46 -1.52046
1126.83 -1.52857
1127.2 -1.5367
1127.56 -1.54487
1127.93 -1.55307
1128.3 -1.5613
1128.66 -1.56955
1129.03 -1.57784
1129.39 -1.58614
1129.76 -1.59447
1130.13 -1.60282
1130.49 -1.61119
1130.86 -1.61959
1131.23 -1.62799
1131.59 -1.63642
1131.96 -1.64485
1132.32 -1.6533
1132.69 -1.66176
1133.06 -1.67023
1133.42 -1.67871
1133.79 -1.68719
1134.16 -1.69567
1134.52 -1.70416
1134.89 -1.71264
1135.25 -1.72113
1135.62 -1.7296
1135.99 -1.73807
1136.35 -1.74653
1136.72 -1.75498
1137.08 -1.76342
1137.45 -1.77184
1137.82 -1.78024
1138.18 -1.78862
1138.55 -1.79698
1138.92 -1.80531
1139.28 -1.81361
1139.65 -1.82188
1140.01 -1.83012
1140.38 -1.83833
1140.75 -1.84649
1141.11 -1.85462
1141.48 -1.8627
1141.85 -1.87073
1142.21 -1.87872
1142.58 -1.88665
1142.94 -1.89453
1143.31 -1.90235
1143.68 -1.91011
1144.04 -1.9178
1144.41 -1.92543
1144.78 -1.93299
1145.14 -1.94048
1145.51 -1.94789
1145.87 -1.95522
1146.24 -1.96247
1146.61 -1.96963
1146.97 -1.97671
1147.34 -1.98369
1147.7 -1.99058
1148.07 -1.99737
1148.44 -2.00406
1148.8 -2.01065
1149.17 -2.01713
1149.54 -2.0235
1149.9 -2.02976
1150.27 -2.0359
1150.63 -2.04192
1151 -2.04782
1151.37 -2.05359
1151.73 -2.05923
1152.1 -2.06474
1152.47 -2.07012
1152.83 -2.07535
1153.2 -2.08045
1153.56 -2.0854
1153.93 -2.0902
1154.3 -2.09485
1154.66 -2.09935
1155.03 -2.10369
1155.4 -2.10788
1155.76 -2.1119
1156.13 -2.11575
1156.49 -2.11944
1156.86 -2.12296
1157.23 -2.12631
1157.59 -2.12948
1157.96 -2.13247
1158.33 -2.13528
1158.69 -2.13791
1159.06 -2.14036
1159.42 -2.14262
1159.79 -2.14468
1160.16 -2.14656
1160.52 -2.14824
1160.89 -2.14973
1161.25 -2.15102
1161.62 -2.15212
1161.99 -2.15301
1162.35 -2.15369
1162.72 -2.15418
1163.09 -2.15446
1163.45 -2.15453
1163.82 -2.1544
1164.18 -2.15405
1164.55 -2.1535
1164.92 -2.15273
1165.28 -2.15175
1165.65 -2.15057
1166.02 -2.14916
1166.38 -2.14754
1166.75 -2.14571
1167.11 -2.14366
1167.48 -2.1414
1167.85 -2.13892
1168.21 -2.13623
1168.58 -2.13332
1168.95 -2.1302
1169.31 -2.12686
1169.68 -2.12331
1170.04 -2.11954
1170.41 -2.11556
1170.78 -2.11136
1171.14 -2.10696
1171.51 -2.10234
1171.87 -2.09751
1172.24 -2.09247
1172.61 -2.08722
1172.97 -2.08176
1173.34 -2.0761
1173.71 -2.07023
1174.07 -2.06416
1174.44 -2.05789
1174.8 -2.05141
1175.17 -2.04474
1175.54 -2.03787
1175.9 -2.0308
1176.27 -2.02355
1176.64 -2.01609
1177 -2.00846
1177.37 -2.00063
1177.73 -1.99262
1178.1 -1.98442
1178.47 -1.97604
1178.83 -1.96749
1179.2 -1.95876
1179.57 -1.94985
1179.93 -1.94078
1180.3 -1.93153
1180.66 -1.92212
1181.03 -1.91255
1181.4 -1.90281
1181.76 -1.89291
1182.13 -1.88286
1182.49 -1.87266
1182.86 -1.86231
1183.23 -1.8518
1183.59 -1.84116
1183.96 -1.83037
1184.33 -1.81944
1184.69 -1.80837
1185.06 -1.79717
1185.42 -1.78585
1185.79 -1.77439
1186.16 -1.7628
1186.52 -1.7511
1186.89 -1.73927
1187.26 -1.72733
1187.62 -1.71527
1187.99 -1.70311
1188.35 -1.69083
1188.72 -1.67845
1189.09 -1.66596
1189.45 -1.65338
1189.82 -1.64069
1190.19 -1.62792
1190.55 -1.61505
1190.92 -1.60209
1191.28 -1.58904
1191.65 -1.57591
1192.02 -1.5627
1192.38 -1.54941
1192.75 -1.53604
1193.12 -1.5226
1193.48 -1.50909
1193.85 -1.4955
1194.21 -1.48185
1194.58 -1.46814
1194.95 -1.45437
1195.31 -1.44053
1195.68 -1.42664
1196.04 -1.41269
1196.41 -1.39869
1196.78 -1.38463
1197.14 -1.37053
1197.51 -1.35638
1197.88 -1.34219
1198.24 -1.32795
1198.61 -1.31367
1198.97 -1.29936
1199.34 -1.285
1199.71 -1.27062
1200.07 -1.25619
1200.44 -1.24174
1200.81 -1.22725
1201.17 -1.21274
1201.54 -1.1982
1201.9 -1.18363
1202.27 -1.16904
1202.64 -1.15443
1203 -1.1398
1203.37 -1.12515
1203.74 -1.11048
1204.1 -1.09579
1204.47 -1.08109
1204.83 -1.06637
1205.2 -1.05164
1205.57 -1.0369
1205.93 -1.02214
1206.3 -1.00738
1206.66 -0.992609
1207.03 -0.97783
1207.4 -0.963044
1207.76 -0.948252
1208.13 -0.933455
1208.5 -0.918655
1208.86 -0.903851
1209.23 -0.889044
1209.59 -0.874237
1209.96 -0.859428
1210.33 -0.844619
1210.69 -0.829811
1211.06 -0.815003
1211.43 -0.800197
1211.79 -0.785394
1212.16 -0.770593
1212.52 -0.755796
1212.89 -0.741002
1213.26 -0.726213
1213.62 -0.711428
1213.99 -0.696649
1214.36 -0.681874
1214.72 -0.667106
1215.09 -0.652344
1215.45 -0.637588
1215.82 -0.622838
1216.19 -0.608096
1216.55 -0.593361
1216.92 -0.578632
1217.29 -0.563912
1217.65 -0.549199
1218.02 -0.534493
1218.38 -0.519796
1218.75 -0.505106
1219.12 -0.490425
1219.48 -0.475751
1219.85 -0.461085
1220.21 -0.446428
1220.58 -0.431778
1220.95 -0.417137
1221.31 -0.402504
1221.68 -0.387878
1222.05 -0.37326
1222.41 -0.35865
1222.78 -0.344048
1223.14 -0.329453
1223.51 -0.314866
1223.88 -0.300286
1224.24 -0.285713
1224.61 -0.271147
1224.98 -0.256587
1225.34 -0.242034
1225.71 -0.227488
1226.07 -0.212947
1226.44 -0.198413
1226.81 -0.183884
1227.17 -0.16936
1227.54 -0.154842
1227.91 -0.140329
1228.27 -0.125819
1228.64 -0.111315
1229 -0.0968141
1229.37 -0.0823172
1229.74 -0.0678236
1230.1 -0.0533332
1230.47 -0.0388455
1230.83 -0.0243607
1231.2 -0.00987736
1231.57 0.00460369
1231.93 0.0190833
1232.3 0.0335621
1232.67 0.0480399
1233.03 0.0625172
1233.4 0.0769944
1233.76 0.0914717
1234.13 0.10595
1234.5 0.120429
1234.86 0.134909
1235.23 0.149391
1235.6 0.163875
1235.96 0.178361
1236.33 0.19285
1236.69 0.207342
1237.06 0.221838
1237.43 0.236337
1237.79 0.250841
1238.16 0.265349
1238.53 0.279862
1238.89 0.29438
1239.26 0.308903
1239.62 0.323433
1239.99 0.337968
1240.36 0.352511
1240.72 0.36706
1241.09 0.381616
1241.45 0.39618
1241.82 0.410751
1242.19 0.425331
1242.55 0.439919
1242.92 0.454516
1243.29 0.469122
1243.65 0.483737
1244.02 0.498362
1244.38 0.512997
1244.75 0.527642
1245.12 0.542297
1245.48 0.556962
1245.85 0.571639
1246.22 0.586326
1246.58 0.601025
1246.95 0.615736
1247.31 0.630458
1247.68 0.645191
1248.05 0.659937
1248.41 0.674695
1248.78 0.689465
1249.15 0.704248
1249.51 0.719043
1249.88 0.733851
1250.24 0.748671
1250.61 0.763505
1250.98 0.778352
1251.34 0.793211
1251.71 0.808083
1252.08 0.822968
1252.44 0.837866
1252.81 0.852778
1253.17 0.867702
1253.54 0.882639
1253.91 0.897589
1254.27 0.912552
1254.64 0.927527
1255 0.942515
1255.37 0.957515
1255.74 0.972527
1256.1 0.987552
1256.47 1.00259
1256.84 1.01764
1257.2 1.0327
1257.57 1.04777
1257.93 1.06285
1258.3 1.07794
1258.67 1.09304
1259.03 1.10815
1259.4 1.12327
1259.77 1.1384
1260.13 1.15354
1260.5 1.16869
1260.86 1.18385
1261.23 1.19901
1261.6 1.21417
1261.96 1.22935
1262.33 1.24453
1262.7 1.25971
1263.06 1.2749
1263.43 1.2901
1263.79 1.30529
1264.16 1.32049
1264.53 1.33569
1264.89 1.35089
1265.26 1.36609
1265.62 1.38128
1265.99 1.39648
1266.36 1.41167
1266.72 1.42686
1267.09 1.44205
1267.46 1.45723
1267.82 1.4724
1268.19 1.48756
1268.55 1.50272
1268.92 1.51786
1269.29 1.533
1269.65 1.54812
1270.02 1.56322
1270.39 1.57832
1270.75 1.59339
1271.12 1.60845
1271.48 1.62349
1271.85 1.63851
1272.22 1.6535
1272.58 1.66848
1272.95 1.68343
1273.32 1.69835
1273.68 1.71324
1274.05 1.72811
1274.41 1.74294
1274.78 1.75774
1275.15 1.7725
1275.51 1.78723
1275.88 1.80192
1276.24 1.81657
1276.61 1.83118
1276.98 1.84575
1277.34 1.86027
1277.71 1.87474
1278.08 1.88916
1278.44 1.90353
1278.81 1.91785
1279.17 1.93211
1279.54 1.94631
1279.91 1.96046
1280.27 1.97454
1280.64 1.98855
1281.01 2.00251
1281.37 2.01639
1281.74 2.0302
1282.1 2.04394
1282.47 2.0576
1282.84 2.07118
1283.2 2.08469
1283.57 2.0981
1283.94 2.11144
1284.3 2.12469
1284.67 2.13785
1285.03 2.15091
1285.4 2.16389
1285.77 2.17676
1286.13 2.18953
1286.5 2.2022
1286.87 2.21477
1287.23 2.22723
1287.6 2.23958
1287.96 2.25182
1288.33 2.26394
1288.7 2.27594
1289.06 2.28783
1289.43 2.29959
1289.79 2.31123
1290.16 2.32274
1290.53 2.33411
1290.89 2.34536
1291.26 2.35647
1291.63 2.36744
1291.99 2.37828
1292.36 2.38897
1292.72 2.39951
1293.09 2.40991
1293.46 2.42016
1293.82 2.43025
1294.19 2.44019
1294.56 2.44997
1294.92 2.45959
1295.29 2.46906
1295.65 2.47835
1296.02 2.48749
1296.39 2.49645
1296.75 2.50524
1297.12 2.51386
1297.49 2.5223
1297.85 2.53057
1298.22 2.53866
1298.58 2.54657
1298.95 2.5543
1299.32 2.56184
1299.68 2.56919
1300.05 2.57636
1300.41 2.58334
1300.78 2.59013
1301.15 2.59672
1301.51 2.60312
1301.88 2.60933
1302.25 2.61534
1302.61 2.62115
1302.98 2.62676
1303.34 2.63217
1303.71 2.63737
1304.08 2.64238
1304.44 2.64718
1304.81 2.65178
1305.18 2.65617
1305.54 2.66036
1305.91 2.66434
1306.27 2.66811
1306.64 2.67167
1307.01 2.67503
1307.37 2.67818
1307.74 2.68112
1308.11 2.68385
1308.47 2.68637
1308.84 2.68868
1309.2 2.69078
1309.57 2.69268
1309.94 2.69436
1310.3 2.69584
1310.67 2.69711
1311.04 2.69817
1311.4 2.69902
1311.77 2.69967
1312.13 2.70011
1312.5 2.70035
1312.87 2.70038
1313.23 2.70021
1313.6 2.69983
1313.96 2.69926
1314.33 2.69848
1314.7 2.69751
1315.06 2.69634
1315.43 2.69497
1315.8 2.6934
1316.16 2.69165
1316.53 2.6897
1316.89 2.68756
1317.26 2.68523
1317.63 2.68271
1317.99 2.68001
1318.36 2.67712
1318.73 2.67406
1319.09 2.67081
1319.46 2.66738
1319.82 2.66378
1320.19 2.66
1320.56 2.65606
1320.92 2.65194
1321.29 2.64766
1321.66 2.64321
1322.02 2.63859
1322.39 2.63382
1322.75 2.62889
1323.12 2.6238
1323.49 2.61856
1323.85 2.61317
1324.22 2.60763
1324.58 2.60195
1324.95 2.59612
1325.32 2.59015
1325.68 2.58404
1326.05 2.57779
1326.42 2.57141
1326.78 2.5649
1327.15 2.55827
1327.51 2.5515
1327.88 2.54462
1328.25 2.53761
1328.61 2.53049
1328.98 2.52325
1329.35 2.5159
1329.71 2.50844
1330.08 2.50087
1330.44 2.4932
1330.81 2.48543
1331.18 2.47756
1331.54 2.46959
1331.91 2.46152
1332.28 2.45337
1332.64 2.44513
1333.01 2.4368
1333.37 2.42839
1333.74 2.4199
1334.11 2.41132
1334.47 2.40268
1334.84 2.39396
1335.2 2.38517
1335.57 2.37631
1335.94 2.36738
1336.3 2.35839
1336.67 2.34934
1337.04 2.34023
1337.4 2.33107
1337.77 2.32185
1338.13 2.31258
1338.5 2.30326
1338.87 2.29389
1339.23 2.28448
1339.6 2.27502
1339.97 2.26552
1340.33 2.25599
1340.7 2.24642
1341.06 2.23681
1341.43 2.22717
1341.8 2.2175
1342.16 2.20781
1342.53 2.19809
1342.9 2.18834
1343.26 2.17857
1343.63 2.16878
1343.99 2.15897
1344.36 2.14914
1344.73 2.1393
1345.09 2.12945
1345.46 2.11958
1345.83 2.1097
1346.19 2.09982
1346.56 2.08993
1346.92 2.08003
1347.29 2.07013
1347.66 2.06022
1348.02 2.05032
1348.39 2.04042
1348.75 2.03052
1349.12 2.02062
1349.49 2.01073
1349.85 2.00084
1350.22 1.99096
1350.59 1.98109
1350.95 1.97123
1351.32 1.96138
1351.68 1.95154
1352.05 1.94172
1352.42 1.93191
1352.78 1.92212
1353.15 1.91234
1353.52 1.90259
1353.88 1.89285
1354.25 1.88313
1354.61 1.87343
1354.98 1.86375
1355.35 1.8541
1355.71 1.84447
1356.08 1.83486
1356.45 1.82528
1356.81 1.81573
1357.18 1.8062
1357.54 1.7967
1357.91 1.78723
1358.28 1.77778
1358.64 1.76837
1359.01 1.75899
1359.37 1.74963
1359.74 1.74031
1360.11 1.73103
1360.47 1.72177
1360.84 1.71255
1361.21 1.70336
1361.57 1.69421
1361.94 1.68509
1362.3 1.676
1362.67 1.66695
1363.04 1.65794
1363.4 1.64897
1363.77 1.64003
1364.14 1.63113
1364.5 1.62227
1364.87 1.61344
1365.23 1.60466
1365.6 1.59591
1365.97 1.5872
1366.33 1.57853
1366.7 1.5699
1367.07 1.56131
1367.43 1.55276
1367.8 1.54426
1368.16 1.53579
1368.53 1.52736
1368.9 1.51898
1369.26 1.51063
1369.63 1.50233
1369.99 1.49407
1370.36 1.48585
1370.73 1.47767
1371.09 1.46953
1371.46 1.46144
1371.83 1.45338
1372.19 1.44537
1372.56 1.43741
1372.92 1.42948
1373.29 1.4216
1373.66 1.41376
1374.02 1.40596
1374.39 1.39821
1374.76 1.39049
1375.12 1.38282
1375.49 1.37519
1375.85 1.36761
1376.22 1.36007
1376.59 1.35257
1376.95 1.34511
1377.32 1.33769
1377.69 1.33032
1378.05 1.32299
1378.42 1.3157
1378.78 1.30846
1379.15 1.30125
1379.52 1.29409
1379.88 1.28697
1380.25 1.2799
1380.62 1.27286
1380.98 1.26587
1381.35 1.25892
1381.71 1.25201
1382.08 1.24514
1382.45 1.23831
1382.81 1.23153
1383.18 1.22478
1383.54 1.21808
1383.91 1.21141
1384.28 1.20479
1384.64 1.19821
1385.01 1.19167
1385.38 1.18517
1385.74 1.17871
1386.11 1.17229
1386.47 1.16591
1386.84 1.15957
1387.21 1.15327
1387.57 1.147
1387.94 1.14078
1388.31 1.1346
1388.67 1.12845
1389.04 1.12235
1389.4 1.11628
1389.77 1.11025
1390.14 1.10426
1390.5 1.09831
1390.87 1.09239
1391.24 1.08652
1391.6 1.08068
1391.97 1.07488
1392.33 1.06911
1392.7 1.06338
1393.07 1.05769
1393.43 1.05204
1393.8 1.04642
1394.16 1.04084
1394.53 1.03529
1394.9 1.02978
1395.26 1.02431
1395.63 1.01887
1396 1.01347
1396.36 1.0081
1396.73 1.00276
1397.09 0.997464
1397.46 0.992199
1397.83 0.986969
1398.19 0.981773
1398.56 0.97661
1398.93 0.971481
1399.29 0.966386
1399.66 0.961323
1400.02 0.956295
1400.39 0.951298
1400.76 0.946335
1401.12 0.941404
1401.49 0.936506
1401.86 0.931639
1402.22 0.926805
1402.59 0.922001
1402.95 0.91723
1403.32 0.91249
1403.69 0.907781
1404.05 0.903103
1404.42 0.898455
1404.79 0.893838
1405.15 0.889252
1405.52 0.884695
1405.88 0.880169
1406.25 0.875672
1406.62 0.871205
1406.98 0.866767
1407.35 0.862358
1407.71 0.857978
1408.08 0.853627
1408.45 0.849305
1408.81 0.84501
1409.18 0.840744
1409.55 0.836507
1409.91 0.832296
1410.28 0.828114
1410.64 0.823959
1411.01 0.819832
1411.38 0.815731
1411.74 0.811657
1412.11 0.80761
1412.48 0.80359
1412.84 0.799596
1413.21 0.795628
1413.57 0.791686
1413.94 0.78777
1414.31 0.783879
1414.67 0.780014
1415.04 0.776174
1415.41 0.77236
1415.77 0.76857
1416.14 0.764805
1416.5 0.761065
1416.87 0.757349
1417.24 0.753657
1417.6 0.749989
1417.97 0.746346
1418.33 0.742725
1418.7 0.739129
1419.07 0.735556
1419.43 0.732006
1419.8 0.728479
1420.17 0.724975
1420.53 0.721494
1420.9 0.718036
1421.26 0.7146
1421.63 0.711186
1422 0.707794
1422.36 0.704424
1422.73 0.701076
1423.1 0.697749
1423.46 0.694444
1423.83 0.691161
1424.19 0.687898
1424.56 0.684657
1424.93 0.681436
1425.29 0.678236
1425.66 0.675057
1426.03 0.671898
1426.39 0.668759
1426.76 0.665641
1427.12 0.662542
1427.49 0.659463
1427.86 0.656404
1428.22 0.653365
1428.59 0.650344
1428.95 0.647343
1429.32 0.644362
1429.69 0.641399
1430.05 0.638455
1430.42 0.63553
1430.79 0.632623
1431.15 0.629735
1431.52 0.626865
1431.88 0.624013
1432.25 0.621179
1432.62 0.618364
1432.98 0.615565
1433.35 0.612785
1433.72 0.610022
1434.08 0.607276
1434.45 0.604548
1434.81 0.601837
1435.18 0.599143
1435.55 0.596466
1435.91 0.593805
1436.28 0.591161
1436.65 0.588534
1437.01 0.585923
1437.38 0.583328
1437.74 0.58075
1438.11 0.578187
1438.48 0.575641
1438.84 0.57311
1439.21 0.570595
1439.58 0.568096
1439.94 0.565611
1440.31 0.563143
1440.67 0.560689
1441.04 0.558251
1441.41 0.555828
1441.77 0.553419
1442.14 0.551026
1442.5 0.548647
1442.87 0.546283
1443.24 0.543933
1443.6 0.541597
1443.97 0.539276
1444.34 0.536969
1444.7 0.534676
1445.07 0.532396
1445.43 0.530132
1445.8 0.52788
1446.17 0.525642
1446.53 0.523418
1446.9 0.521207
1447.27 0.51901
1447.63 0.516825
1448 0.514654
1448.36 0.512496
1448.73 0.510351
1449.1 0.508219
1449.46 0.5061
1449.83 0.503993
1450.2 0.501899
1450.56 0.499817
1450.93 0.497748
1451.29 0.495691
1451.66 0.493646
1452.03 0.491614
1452.39 0.489593
1452.76 0.487585
1453.12 0.485588
1453.49 0.483603
1453.86 0.48163
1454.22 0.479669
1454.59 0.477719
1454.96 0.47578
1455.32 0.473853
1455.69 0.471937
1456.05 0.470032
1456.42 0.468139
1456.79 0.466257
1457.15 0.464385
1457.52 0.462525
1457.89 0.460675
1458.25 0.458836
1458.62 0.457007
1458.98 0.455189
1459.35 0.453382
1459.72 0.451585
1460.08 0.449798
1460.45 0.448022
1460.82 0.446256
1461.18 0.4445
1461.55 0.442754
1461.91 0.441018
1462.28 0.439292
1462.65 0.437575
1463.01 0.435869
1463.38 0.434172
1463.74 0.432485
1464.11 0.430808
1464.48 0.429139
1464.84 0.427481
1465.21 0.425831
1465.58 0.424191
1465.94 0.42256
1466.31 0.420939
1466.67 0.419326
1467.04 0.417722
1467.41 0.416128
1467.77 0.414542
1468.14 0.412965
1468.51 0.411397
1468.87 0.409837
1469.24 0.408287
1469.6 0.406744
1469.97 0.40521
1470.34 0.403685
1470.7 0.402168
1471.07 0.40066
1471.44 0.39916
1471.8 0.397667
1472.17 0.396184
1472.53 0.394708
1472.9 0.39324
1473.27 0.39178
1473.63 0.390328
1474 0.388884
1474.37 0.387448
1474.73 0.38602
1475.1 0.384599
1475.46 0.383186
1475.83 0.381781
1476.2 0.380383
1476.56 0.378992
1476.93 0.377609
1477.29 0.376233
1477.66 0.374865
1478.03 0.373504
1478.39 0.37215
1478.76 0.370804
1479.13 0.369464
1479.49 0.368132
1479.86 0.366806
1480.22 0.365488
1480.59 0.364177
1480.96 0.362872
1481.32 0.361574
1481.69 0.360283
1482.06 0.358999
1482.42 0.357721
1482.79 0.35645
1483.15 0.355186
1483.52 0.353928
1483.89 0.352676
1484.25 0.351432
1484.62 0.350193
1484.99 0.348961
1485.35 0.347735
1485.72 0.346515
1486.08 0.345302
1486.45 0.344095
1486.82 0.342894
1487.18 0.341699
1487.55 0.34051
1487.91 0.339327
1488.28 0.33815
1488.65 0.336979
1489.01 0.335814
1489.38 0.334655
1489.75 0.333501
1490.11 0.332353
1490.48 0.331211
1490.84 0.330075
1491.21 0.328944
1491.58 0.327819
1491.94 0.326699
1492.31 0.325585
1492.68 0.324476
1493.04 0.323373
1493.41 0.322276
1493.77 0.321183
1494.14 0.320096
1494.51 0.319014
1494.87 0.317938
1495.24 0.316866
1495.61 0.3158
1495.97 0.314739
1496.34 0.313683
1496.7 0.312632
1497.07 0.311586
1497.44 0.310545
1497.8 0.30951
1498.17 0.308479
1498.54 0.307452
1498.9 0.306431
1499.27 0.305415
1499.63 0.304403
1500 0.303396
1500.37 0.302394
1500.73 0.301396
1501.1 0.300404
1501.46 0.299415
1501.83 0.298432
1502.2 0.297453
1502.56 0.296478
1502.93 0.295508
1503.3 0.294542
1503.66 0.293581
1504.03 0.292624
1504.39 0.291671
1504.76 0.290723
1505.13 0.289779
1505.49 0.28884
1505.86 0.287904
1506.23 0.286973
1506.59 0.286046
1506.96 0.285123
1507.32 0.284204
1507.69 0.283289
1508.06 0.282379
1508.42 0.281472
1508.79 0.280569
1509.16 0.279671
1509.52 0.278776
1509.89 0.277885
1510.25 0.276998
1510.62 0.276115
1510.99 0.275236
1511.35 0.27436
1511.72 0.273489
1512.08 0.272621
1512.45 0.271756
1512.82 0.270896
1513.18 0.270039
1513.55 0.269185
1513.92 0.268336
1514.28 0.267489
1514.65 0.266647
1515.01 0.265808
1515.38 0.264972
1515.75 0.26414
1516.11 0.263312
1516.48 0.262486
1516.85 0.261664
1517.21 0.260846
1517.58 0.260031
1517.94 0.259219
1518.31 0.25841
1518.68 0.257605
1519.04 0.256803
1519.41 0.256004
1519.78 0.255209
1520.14 0.254416
1520.51 0.253627
1520.87 0.252841
1521.24 0.252058
1521.61 0.251278
1521.97 0.250501
1522.34 0.249727
1522.7 0.248956
1523.07 0.248188
1523.44 0.247423
1523.8 0.246661
1524.17 0.245902
1524.54 0.245146
1524.9 0.244392
1525.27 0.243642
1525.63 0.242894
1526 0.242149
1526.37 0.241407
1526.73 0.240667
1527.1 0.239931
1527.47 0.239197
1527.83 0.238466
1528.2 0.237737
1528.56 0.237011
1528.93 0.236288
1529.3 0.235567
1529.66 0.234849
1530.03 0.234133
1530.4 0.23342
1530.76 0.23271
1531.13 0.232002
1531.49 0.231296
1531.86 0.230593
1532.23 0.229893
1532.59 0.229194
1532.96 0.228499
1533.33 0.227805
1533.69 0.227114
1534.06 0.226425
1534.42 0.225739
1534.79 0.225055
1535.16 0.224373
1535.52 0.223693
1535.89 0.223016
1536.25 0.222341
1536.62 0.221668
1536.99 0.220997
1537.35 0.220329
1537.72 0.219662
1538.09 0.218998
1538.45 0.218335
1538.82 0.217675
1539.18 0.217017
1539.55 0.216361
1539.92 0.215707
1540.28 0.215055
1540.65 0.214405
1541.02 0.213757
1541.38 0.213111
1541.75 0.212467
1542.11 0.211825
1542.48 0.211184
1542.85 0.210546
1543.21 0.209909
1543.58 0.209274
1543.95 0.208642
1544.31 0.20801
1544.68 0.207381
1545.04 0.206754
1545.41 0.206128
1545.78 0.205504
1546.14 0.204882
1546.51 0.204261
1546.87 0.203642
1547.24 0.203025
1547.61 0.202409
1547.97 0.201795
1548.34 0.201183
1548.71 0.200572
1549.07 0.199963
1549.44 0.199355
1549.8 0.198749
1550.17 0.198145
1550.54 0.197542
1550.9 0.19694
1551.27 0.19634
1551.64 0.195742
1552 0.195145
1552.37 0.194549
1552.73 0.193955
1553.1 0.193362
1553.47 0.19277
1553.83 0.19218
1554.2 0.191592
1554.57 0.191004
1554.93 0.190418
1555.3 0.189833
1555.66 0.18925
1556.03 0.188668
1556.4 0.188087
1556.76 0.187507
1557.13 0.186928
1557.49 0.186351
1557.86 0.185775
1558.23 0.1852
1558.59 0.184626
1558.96 0.184054
1559.33 0.183482
1559.69 0.182912
1560.06 0.182342
1560.42 0.181774
1560.79 0.181207
1561.16 0.180641
1561.52 0.180076
1561.89 0.179512
1562.26 0.178949
1562.62 0.178387
1562.99 0.177825
1563.35 0.177265
1563.72 0.176706
1564.09 0.176148
1564.45 0.17559
1564.82 0.175034
1565.19 0.174478
1565.55 0.173924
1565.92 0.17337
1566.28 0.172816
1566.65 0.172264
1567.02 0.171713
1567.38 0.171162
1567.75 0.170612
1568.12 0.170063
1568.48 0.169515
1568.85 0.168967
1569.21 0.16842
1569.58 0.167874
1569.95 0.167328
1570.31 0.166783
1570.68 0.166239
1571.04 0.165695
1571.41 0.165152
1571.78 0.16461
1572.14 0.164068
1572.51 0.163527
1572.88 0.162986
1573.24 0.162446
1573.61 0.161906
1573.97 0.161367
1574.34 0.160828
1574.71 0.16029
1575.07 0.159753
1575.44 0.159215
1575.81 0.158678
1576.17 0.158142
1576.54 0.157606
1576.9 0.15707
1577.27 0.156535
1577.64 0.156
1578 0.155466
1578.37 0.154932
1578.74 0.154398
1579.1 0.153864
1579.47 0.153331
1579.83 0.152798
1580.2 0.152265
1580.57 0.151733
1580.93 0.151201
1581.3 0.150669
1581.66 0.150137
1582.03 0.149605
1582.4 0.149074
1582.76 0.148542
1583.13 0.148011
1583.5 0.14748
1583.86 0.146949
1584.23 0.146418
1584.59 0.145887
1584.96 0.145356
1585.33 0.144826
1585.69 0.144295
1586.06 0.143764
1586.43 0.143234
1586.79 0.142703
1587.16 0.142172
1587.52 0.141641
1587.89 0.141111
1588.26 0.14058
1588.62 0.140049
1588.99 0.139517
1589.36 0.138986
1589.72 0.138455
1590.09 0.137923
1590.45 0.137392
1590.82 0.13686
1591.19 0.136328
1591.55 0.135795
1591.92 0.135263
1592.29 0.13473
1592.65 0.134197
1593.02 0.133664
1593.38 0.13313
1593.75 0.132596
1594.12 0.132062
1594.48 0.131527
1594.85 0.130992
1595.21 0.130457
1595.58 0.129921
1595.95 0.129385
1596.31 0.128848
1596.68 0.128311
1597.05 0.127774
1597.41 0.127236
1597.78 0.126697
1598.14 0.126158
1598.51 0.125619
1598.88 0.125079
1599.24 0.124538
1599.61 0.123997
1599.98 0.123456
1600.34 0.122913
1600.71 0.12237
1601.07 0.121827
1601.44 0.121283
1601.81 0.120738
1602.17 0.120192
1602.54 0.119646
1602.91 0.119099
1603.27 0.118551
1603.64 0.118003
1604 0.117454
1604.37 0.116904
1604.74 0.116353
1605.1 0.115801
1605.47 0.115249
1605.83 0.114695
1606.2 0.114141
1606.57 0.113586
1606.93 0.11303
1607.3 0.112473
1607.67 0.111915
1608.03 0.111356
1608.4 0.110797
1608.76 0.110236
1609.13 0.109674
1609.5 0.109112
1609.86 0.108548
1610.23 0.107983
1610.6 0.107417
1610.96 0.10685
1611.33 0.106281
1611.69 0.105712
1612.06 0.105142
1612.43 0.10457
1612.79 0.103997
1613.16 0.103423
1613.53 0.102848
1613.89 0.102271
1614.26 0.101694
1614.62 0.101115
1614.99 0.100534
1615.36 0.0999525
1615.72 0.0993694
1616.09 0.0987851
1616.45 0.0981993
1616.82 0.0976122
1617.19 0.0970238
1617.55 0.0964337
1617.92 0.0958423
1618.29 0.0952494
1618.65 0.094655
1619.02 0.0940591
1619.38 0.0934617
1619.75 0.0928628
1620.12 0.0922623
1620.48 0.0916601
1620.85 0.0910564
1621.22 0.0904511
1621.58 0.089844
1621.95 0.0892353
1622.31 0.088625
1622.68 0.088013
1623.05 0.0873992
1623.41 0.0867836
1623.78 0.0861664
1624.15 0.0855472
1624.51 0.0849264
1624.88 0.0843036
1625.24 0.083679
1625.61 0.0830525
1625.98 0.0824241
1626.34 0.0817939
1626.71 0.0811619
1627.08 0.0805276
1627.44 0.0798915
1627.81 0.0792533
1628.17 0.0786133
1628.54 0.077971
1628.91 0.0773268
1629.27 0.0766804
1629.64 0.076032
1630 0.0753814
1630.37 0.0747286
1630.74 0.0740738
1631.1 0.0734167
1631.47 0.0727574
1631.84 0.0720958
1632.2 0.071432
1632.57 0.070766
1632.93 0.0700975
1633.3 0.0694268
1633.67 0.0687537
1634.03 0.0680783
1634.4 0.0674002
1634.77 0.0667201
1635.13 0.0660373
1635.5 0.065352
1635.86 0.0646644
1636.23 0.0639742
1636.6 0.0632814
1636.96 0.0625859
1637.33 0.0618882
1637.7 0.0611875
1638.06 0.0604844
1638.43 0.0597785
1638.79 0.0590699
1639.16 0.0583587
1639.53 0.0576447
1639.89 0.056928
1640.26 0.0562085
1640.62 0.0554862
1640.99 0.054761
1641.36 0.054033
1641.72 0.053302
1642.09 0.0525681
1642.46 0.0518315
1642.82 0.0510917
1643.19 0.0503488
1643.55 0.0496032
1643.92 0.0488544
1644.29 0.0481026
1644.65 0.0473477
1645.02 0.0465894
1645.39 0.0458282
1645.75 0.0450638
1646.12 0.0442963
1646.48 0.0435254
1646.85 0.0427513
1647.22 0.041974
1647.58 0.0411933
1647.95 0.0404092
1648.32 0.0396219
1648.68 0.0388311
1649.05 0.0380368
1649.41 0.0372392
1649.78 0.0364382
1650.15 0.0356335
1650.51 0.0348253
1650.88 0.0340136
1651.24 0.0331985
1651.61 0.0323795
1651.98 0.031557
1652.34 0.0307307
1652.71 0.0299008
1653.08 0.0290672
1653.44 0.0282296
1653.81 0.0273884
1654.17 0.0265433
1654.54 0.0256944
1654.91 0.0248416
1655.27 0.0239849
1655.64 0.0231242
1656.01 0.0222597
1656.37 0.0213911
1656.74 0.0205183
1657.1 0.0196416
1657.47 0.0187609
1657.84 0.0178758
1658.2 0.0169868
1658.57 0.0160935
1658.94 0.0151961
1659.3 0.0142943
1659.67 0.0133882
1660.03 0.0124779
1660.4 0.0115633
1660.77 0.0106442
1661.13 0.00972081
1661.5 0.00879282
1661.87 0.00786044
1662.23 0.00692359
1662.6 0.00598219
1662.96 0.0050362
1663.33 0.00408568
1663.7 0.00313036
1664.06 0.00217068
1664.43 0.00120593
1664.79 0.000236729
1665.16 -0.000737363
1665.53 -0.00171645
1665.89 -0.00269997
1666.26 -0.0036886
1666.63 -0.00468195
1666.99 -0.00568037
1667.36 -0.00668383
1667.72 -0.00769217
1668.09 -0.00870553
1668.46 -0.00972417
1668.82 -0.0107478
1669.19 -0.0117765
1669.56 -0.0128103
1669.92 -0.0138494
1670.29 -0.0148937
1670.65 -0.0159434
1671.02 -0.0169984
1671.39 -0.0180587
1671.75 -0.0191244
1672.12 -0.0201955
1672.49 -0.021272
1672.85 -0.0223539
1673.22 -0.0234414
1673.58 -0.0245348
1673.95 -0.0256333
1674.32 -0.0267377
1674.68 -0.0278477
1675.05 -0.0289636
1675.41 -0.0300851
1675.78 -0.0312123
1676.15 -0.0323453
1676.51 -0.0334841
1676.88 -0.034629
1677.25 -0.0357797
1677.61 -0.0369363
1677.98 -0.0380989
1678.34 -0.0392677
1678.71 -0.0404425
1679.08 -0.0416234
1679.44 -0.0428104
1679.81 -0.0440036
1680.18 -0.045203
1680.54 -0.0464086
1680.91 -0.0476206
1681.27 -0.0488388
1681.64 -0.0500636
1682.01 -0.0512947
1682.37 -0.052532
1682.74 -0.0537759
1683.11 -0.0550266
1683.47 -0.0562835
1683.84 -0.057547
1684.2 -0.0588172
1684.57 -0.0600942
1684.94 -0.0613777
1685.3 -0.062668
1685.67 -0.0639651
1686.04 -0.0652692
1686.4 -0.0665799
1686.77 -0.0678975
1687.13 -0.069222
1687.5 -0.0705534
1687.87 -0.0718919
1688.23 -0.0732375
1688.6 -0.0745901
1688.96 -0.0759498
1689.33 -0.0773166
1689.7 -0.0786908
1690.06 -0.0800719
1690.43 -0.0814606
1690.8 -0.0828562
1691.16 -0.0842594
1691.53 -0.0856699
1691.89 -0.0870878
1692.26 -0.088513
1692.63 -0.0899458
1692.99 -0.0913861
1693.36 -0.0928339
1693.73 -0.0942894
1694.09 -0.0957524
1694.46 -0.097223
1694.82 -0.0987013
1695.19 -0.100187
1695.56 -0.101681
1695.92 -0.103183
1696.29 -0.104692
1696.66 -0.106209
1697.02 -0.107735
1697.39 -0.109268
1697.75 -0.110809
1698.12 -0.112358
1698.49 -0.113915
1698.85 -0.11548
1699.22 -0.117053
1699.58 -0.118634
1699.95 -0.120224
1700.32 -0.121821
1700.68 -0.123428
1701.05 -0.125042
1701.42 -0.126664
1701.78 -0.128295
1702.15 -0.129934
1702.51 -0.131581
1702.88 -0.133237
1703.25 -0.134901
1703.61 -0.136574
1703.98 -0.138255
1704.35 -0.139945
1704.71 -0.141643
1705.08 -0.14335
1705.44 -0.145065
1705.81 -0.146789
1706.18 -0.148522
1706.54 -0.150263
1706.91 -0.152013
1707.28 -0.153772
1707.64 -0.155539
1708.01 -0.157315
1708.37 -0.1591
1708.74 -0.160894
1709.11 -0.162697
1709.47 -0.164508
1709.84 -0.166328
1710.2 -0.168157
1710.57 -0.169996
1710.94 -0.171842
1711.3 -0.173699
1711.67 -0.175563
1712.04 -0.177437
1712.4 -0.17932
1712.77 -0.181212
1713.13 -0.183112
1713.5 -0.185022
1713.87 -0.186941
1714.23 -0.188869
1714.6 -0.190805
1714.97 -0.192751
1715.33 -0.194707
1715.7 -0.196671
1716.06 -0.198644
1716.43 -0.200626
1716.8 -0.202617
1717.16 -0.204618
1717.53 -0.206627
1717.9 -0.208645
1718.26 -0.210673
1718.63 -0.21271
1718.99 -0.214756
1719.36 -0.21681
1719.73 -0.218874
1720.09 -0.220947
1720.46 -0.223029
1720.83 -0.22512
1721.19 -0.22722
1721.56 -0.229329
1721.92 -0.231447
1722.29 -0.233574
1722.66 -0.23571
1723.02 -0.237855
1723.39 -0.240009
1723.75 -0.242172
1724.12 -0.244343
1724.49 -0.246524
1724.85 -0.248713
1725.22 -0.250911
1725.59 -0.253118
1725.95 -0.255334
1726.32 -0.257558
1726.68 -0.259791
1727.05 -0.262033
1727.42 -0.264283
1727.78 -0.266542
1728.15 -0.268809
1728.52 -0.271085
1728.88 -0.273369
1729.25 -0.275662
1729.61 -0.277963
1729.98 -0.280272
1730.35 -0.282589
1730.71 -0.284915
1731.08 -0.287248
1731.45 -0.28959
1731.81 -0.29194
1732.18 -0.294297
1732.54 -0.296663
1732.91 -0.299036
1733.28 -0.301417
1733.64 -0.303805
1734.01 -0.306201
1734.37 -0.308605
1734.74 -0.311016
1735.11 -0.313434
1735.47 -0.315859
1735.84 -0.318292
1736.21 -0.320731
1736.57 -0.323177
1736.94 -0.325631
1737.3 -0.32809
1737.67 -0.330557
1738.04 -0.33303
1738.4 -0.335509
1738.77 -0.337995
1739.14 -0.340487
1739.5 -0.342984
1739.87 -0.345488
1740.23 -0.347997
1740.6 -0.350512
1740.97 -0.353033
1741.33 -0.355559
1741.7 -0.35809
1742.07 -0.360626
1742.43 -0.363167
1742.8 -0.365713
1743.16 -0.368264
1743.53 -0.370819
1743.9 -0.373378
1744.26 -0.375942
1744.63 -0.378509
1744.99 -0.38108
1745.36 -0.383655
1745.73 -0.386233
1746.09 -0.388814
1746.46 -0.391399
1746.83 -0.393986
1747.19 -0.396576
1747.56 -0.399168
1747.92 -0.401763
1748.29 -0.40436
1748.66 -0.406958
1749.02 -0.409558
1749.39 -0.412159
1749.76 -0.414762
1750.12 -0.417365
1750.49 -0.419969
1750.85 -0.422573
1751.22 -0.425178
1751.59 -0.427782
1751.95 -0.430387
1752.32 -0.43299
1752.69 -0.435593
1753.05 -0.438194
1753.42 -0.440794
1753.78 -0.443393
1754.15 -0.445989
1754.52 -0.448583
1754.88 -0.451175
1755.25 -0.453763
1755.62 -0.456349
1755.98 -0.458931
1756.35 -0.461509
1756.71 -0.464083
1757.08 -0.466652
1757.45 -0.469217
1757.81 -0.471777
1758.18 -0.474331
1758.54 -0.476879
1758.91 -0.479421
1759.28 -0.481957
1759.64 -0.484486
1760.01 -0.487007
1760.38 -0.489521
1760.74 -0.492027
1761.11 -0.494524
1761.47 -0.497013
1761.84 -0.499492
1762.21 -0.501962
1762.57 -0.504421
1762.94 -0.506871
1763.31 -0.509309
1763.67 -0.511737
1764.04 -0.514152
1764.4 -0.516556
1764.77 -0.518946
1765.14 -0.521325
1765.5 -0.523689
1765.87 -0.526039
1766.24 -0.528376
1766.6 -0.530697
1766.97 -0.533003
1767.33 -0.535293
1767.7 -0.537567
1768.07 -0.539824
1768.43 -0.542064
1768.8 -0.544286
1769.16 -0.54649
1769.53 -0.548675
1769.9 -0.550841
1770.26 -0.552987
1770.63 -0.555113
1771 -0.557218
1771.36 -0.559301
1771.73 -0.561363
1772.09 -0.563402
1772.46 -0.565418
1772.83 -0.56741
1773.19 -0.569379
1773.56 -0.571322
1773.93 -0.573241
1774.29 -0.575133
1774.66 -0.576999
1775.02 -0.578839
1775.39 -0.58065
1775.76 -0.582433
1776.12 -0.584188
1776.49 -0.585913
1776.86 -0.587609
1777.22 -0.589274
1777.59 -0.590907
1777.95 -0.592509
1778.32 -0.594078
1778.69 -0.595614
1779.05 -0.597118
1779.42 -0.598586
1779.79 -0.60002
1780.15 -0.601418
1780.52 -0.60278
1780.88 -0.604105
1781.25 -0.605393
1781.62 -0.606642
1781.98 -0.607853
1782.35 -0.609025
1782.71 -0.610156
1783.08 -0.611247
1783.45 -0.612297
1783.81 -0.613305
1784.18 -0.61427
1784.55 -0.615192
1784.91 -0.61607
1785.28 -0.616904
1785.64 -0.617692
1786.01 -0.618434
1786.38 -0.61913
1786.74 -0.619779
1787.11 -0.62038
1787.48 -0.620932
1787.84 -0.621436
1788.21 -0.621889
1788.57 -0.622292
1788.94 -0.622644
1789.31 -0.622944
1789.67 -0.623192
1790.04 -0.623386
1790.41 -0.623527
1790.77 -0.623614
1791.14 -0.623646
1791.5 -0.623622
1791.87 -0.623541
1792.24 -0.623404
1792.6 -0.623209
1792.97 -0.622957
1793.33 -0.622645
1793.7 -0.622274
1794.07 -0.621843
1794.43 -0.621352
1794.8 -0.620799
1795.17 -0.620184
1795.53 -0.619507
1795.9 -0.618767
1796.26 -0.617964
1796.63 -0.617096
1797 -0.616163
1797.36 -0.615166
1797.73 -0.614102
1798.1 -0.612972
1798.46 -0.611775
1798.83 -0.61051
1799.19 -0.609177
1799.56 -0.607776
1799.93 -0.606305
1800.29 -0.604764
1800.66 -0.603154
1801.03 -0.601473
1801.39 -0.599721
1801.76 -0.597897
1802.12 -0.596001
1802.49 -0.594033
1802.86 -0.591991
1803.22 -0.589876
1803.59 -0.587687
1803.95 -0.585424
1804.32 -0.583086
1804.69 -0.580672
1805.05 -0.578183
1805.42 -0.575618
1805.79 -0.572976
1806.15 -0.570258
1806.52 -0.567462
1806.88 -0.56459
1807.25 -0.56164
1807.62 -0.558611
1807.98 -0.555504
1808.35 -0.552318
1808.72 -0.549053
1809.08 -0.545709
1809.45 -0.542285
1809.81 -0.538781
1810.18 -0.535197
1810.55 -0.531532
1810.91 -0.527787
1811.28 -0.523961
1811.65 -0.520054
1812.01 -0.516066
1812.38 -0.511997
1812.74 -0.507845
1813.11 -0.503612
1813.48 -0.499297
1813.84 -0.4949
1814.21 -0.490421
1814.58 -0.48586
1814.94 -0.481216
1815.31 -0.476489
1815.67 -0.47168
1816.04 -0.46679
1816.41 -0.461814
1816.77 -0.456757
1817.14 -0.451618
1817.5 -0.446396
1817.87 -0.44109
1818.24 -0.435702
1818.6 -0.430232
1818.97 -0.424678
1819.34 -0.419042
1819.7 -0.413323
1820.07 -0.407522
1820.43 -0.401638
1820.8 -0.395672
1821.17 -0.389623
1821.53 -0.383493
1821.9 -0.37728
1822.27 -0.370985
1822.63 -0.364609
1823 -0.35815
1823.36 -0.351611
1823.73 -0.34499
1824.1 -0.338288
1824.46 -0.331504
1824.83 -0.32464
1825.2 -0.317696
1825.56 -0.310671
1825.93 -0.303566
1826.29 -0.296382
1826.66 -0.289117
1827.03 -0.281774
1827.39 -0.274352
1827.76 -0.26685
1828.12 -0.25927
1828.49 -0.251612
1828.86 -0.243876
1829.22 -0.236063
1829.59 -0.228172
1829.96 -0.220204
1830.32 -0.21216
1830.69 -0.204039
1831.05 -0.195842
1831.42 -0.187571
1831.79 -0.179224
1832.15 -0.170801
1832.52 -0.162305
1832.89 -0.153735
1833.25 -0.14509
1833.62 -0.136373
1833.98 -0.127582
1834.35 -0.118719
1834.72 -0.109785
1835.08 -0.100778
1835.45 -0.0917003
1835.82 -0.0825514
1836.18 -0.0733326
1836.55 -0.0640437
1836.91 -0.0546854
1837.28 -0.0452579
1837.65 -0.0357622
1838.01 -0.0261979
1838.38 -0.0165662
1838.74 -0.00686753
1839.11 0.00289852
1839.48 0.0127308
1839.84 0.0226284
1840.21 0.0325917
1840.58 0.04262
1840.94 0.0527128
1841.31 0.0628689
1841.67 0.0730891
1842.04 0.0833723
1842.41 0.0937175
1842.77 0.104125
1843.14 0.114594
1843.51 0.125124
1843.87 0.135715
1844.24 0.146366
1844.6 0.157076
1844.97 0.167845
1845.34 0.178673
1845.7 0.189559
1846.07 0.200503
1846.44 0.211503
1846.8 0.222561
1847.17 0.233674
1847.53 0.244843
1847.9 0.256068
1848.27 0.267346
1848.63 0.27868
1849 0.290067
1849.37 0.301507
1849.73 0.313
1850.1 0.324545
1850.46 0.336141
1850.83 0.34779
1851.2 0.359489
1851.56 0.371238
1851.93 0.383037
1852.29 0.394885
1852.66 0.406782
1853.03 0.418727
1853.39 0.430721
1853.76 0.442762
1854.13 0.45485
1854.49 0.466984
1854.86 0.479164
1855.22 0.49139
1855.59 0.503662
1855.96 0.515978
1856.32 0.528337
1856.69 0.540741
1857.06 0.553188
1857.42 0.565678
1857.79 0.57821
1858.15 0.590784
1858.52 0.6034
1858.89 0.616056
1859.25 0.628754
1859.62 0.641491
1859.99 0.654268
1860.35 0.667084
1860.72 0.679939
1861.08 0.692833
1861.45 0.705764
1861.82 0.718735
1862.18 0.731739
1862.55 0.744782
1862.91 0.757861
1863.28 0.770977
1863.65 0.784127
1864.01 0.797313
1864.38 0.810533
1864.75 0.823787
1865.11 0.837076
1865.48 0.850396
1865.84 0.86375
1866.21 0.877136
1866.58 0.890556
1866.94 0.904007
1867.31 0.917488
1867.68 0.931002
1868.04 0.944545
1868.41 0.958118
1868.77 0.971722
1869.14 0.985355
1869.51 0.999016
1869.87 1.01271
1870.24 1.02642
1870.61 1.04017
1870.97 1.05394
1871.34 1.06774
1871.7 1.08157
1872.07 1.09542
1872.44 1.1093
1872.8 1.12321
1873.17 1.13713
1873.54 1.15109
1873.9 1.16507
1874.27 1.17907
1874.63 1.19309
1875 1.20714
1875.37 1.22121
1875.73 1.23531
1876.1 1.24942
1876.46 1.26356
1876.83 1.27771
1877.2 1.29189
1877.56 1.30609
1877.93 1.32031
1878.3 1.33454
1878.66 1.3488
1879.03 1.36307
1879.39 1.37737
1879.76 1.39168
1880.13 1.40601
1880.49 1.42035
1880.86 1.43471
1881.23 1.44909
1881.59 1.46348
1881.96 1.47789
1882.32 1.49232
1882.69 1.50675
1883.06 1.52121
1883.42 1.53567
1883.79 1.55015
1884.16 1.56464
1884.52 1.57914
1884.89 1.59366
1885.25 1.60819
1885.62 1.62272
1885.99 1.63727
1886.35 1.65183
1886.72 1.6664
1887.08 1.68097
1887.45 1.69555
1887.82 1.71015
1888.18 1.72475
1888.55 1.73935
1888.92 1.75397
1889.28 1.76859
1889.65 1.78321
1890.01 1.79784
1890.38 1.81247
1890.75 1.82711
1891.11 1.84175
1891.48 1.8564
1891.85 1.87104
1892.21 1.88569
1892.58 1.90034
1892.94 1.91499
1893.31 1.92964
1893.68 1.94429
1894.04 1.95894
1894.41 1.97359
1894.78 1.98823
1895.14 2.00288
1895.51 2.01752
1895.87 2.03215
1896.24 2.04678
1896.61 2.0614
1896.97 2.07602
1897.34 2.09063
1897.7 2.10524
1898.07 2.11983
1898.44 2.13442
1898.8 2.149
1899.17 2.16357
1899.54 2.17813
1899.9 2.19268
1900.27 2.20721
1900.63 2.22173
1901 2.23624
1901.37 2.25074
1901.73 2.26521
1902.1 2.27968
1902.47 2.29413
1902.83 2.30856
1903.2 2.32297
1903.56 2.33736
1903.93 2.35173
1904.3 2.36609
1904.66 2.38042
1905.03 2.39473
1905.4 2.40902
1905.76 2.42328
1906.13 2.43752
1906.49 2.45173
1906.86 2.46592
1907.23 2.48008
1907.59 2.49421
1907.96 2.50832
1908.33 2.52239
1908.69 2.53644
1909.06 2.55045
1909.42 2.56443
1909.79 2.57837
1910.16 2.59228
1910.52 2.60616
1910.89 2.62
1911.25 2.6338
1911.62 2.64757
1911.99 2.6613
1912.35 2.67498
1912.72 2.68863
1913.09 2.70223
1913.45 2.71579
1913.82 2.7293
1914.18 2.74277
1914.55 2.7562
1914.92 2.76958
1915.28 2.7829
1915.65 2.79618
1916.02 2.80941
1916.38 2.82259
1916.75 2.83571
1917.11 2.84879
1917.48 2.8618
1917.85 2.87476
1918.21 2.88767
1918.58 2.90051
1918.95 2.9133
1919.31 2.92603
1919.68 2.93869
1920.04 2.9513
1920.41 2.96384
1920.78 2.97631
1921.14 2.98872
1921.51 3.00106
1921.87 3.01334
1922.24 3.02554
1922.61 3.03767
1922.97 3.04974
1923.34 3.06173
1923.71 3.07364
1924.07 3.08548
1924.44 3.09725
1924.8 3.10894
1925.17 3.12054
1925.54 3.13207
1925.9 3.14352
1926.27 3.15489
1926.64 3.16617
1927 3.17737
1927.37 3.18848
1927.73 3.19951
1928.1 3.21045
1928.47 3.22129
1928.83 3.23205
1929.2 3.24272
1929.57 3.2533
1929.93 3.26378
1930.3 3.27416
1930.66 3.28445
1931.03 3.29464
1931.4 3.30474
1931.76 3.31474
1932.13 3.32463
1932.49 3.33442
1932.86 3.34411
1933.23 3.3537
1933.59 3.36318
1933.96 3.37256
1934.33 3.38182
1934.69 3.39098
1935.06 3.40003
1935.42 3.40897
1935.79 3.4178
1936.16 3.42652
1936.52 3.43512
1936.89 3.44361
1937.26 3.45198
1937.62 3.46024
1937.99 3.46838
1938.35 3.47639
1938.72 3.4843
1939.09 3.49208
1939.45 3.49974
1939.82 3.50727
1940.19 3.51468
1940.55 3.52198
1940.92 3.52914
1941.28 3.53618
1941.65 3.54309
1942.02 3.54988
1942.38 3.55653
1942.75 3.56306
1943.12 3.56946
1943.48 3.57573
1943.85 3.58186
1944.21 3.58787
1944.58 3.59374
1944.95 3.59948
1945.31 3.60508
1945.68 3.61055
1946.04 3.61588
1946.41 3.62108
1946.78 3.62614
1947.14 3.63107
1947.51 3.63586
1947.88 3.64051
1948.24 3.64502
1948.61 3.64939
1948.97 3.65362
1949.34 3.65772
1949.71 3.66167
1950.07 3.66548
1950.44 3.66915
1950.81 3.67268
1951.17 3.67607
1951.54 3.67932
1951.9 3.68242
1952.27 3.68538
1952.64 3.6882
1953 3.69088
1953.37 3.69341
1953.74 3.6958
1954.1 3.69805
1954.47 3.70016
1954.83 3.70212
1955.2 3.70393
1955.57 3.70561
1955.93 3.70714
1956.3 3.70853
1956.66 3.70977
1957.03 3.71087
1957.4 3.71183
1957.76 3.71265
1958.13 3.71332
1958.5 3.71385
1958.86 3.71424
1959.23 3.71448
1959.59 3.71459
1959.96 3.71455
1960.33 3.71437
1960.69 3.71405
1961.06 3.71359
1961.43 3.71299
1961.79 3.71225
1962.16 3.71137
1962.52 3.71035
1962.89 3.7092
1963.26 3.7079
1963.62 3.70647
1963.99 3.7049
1964.36 3.7032
1964.72 3.70136
1965.09 3.69938
1965.45 3.69727
1965.82 3.69503
1966.19 3.69265
1966.55 3.69014
1966.92 3.68749
1967.29 3.68472
1967.65 3.68182
1968.02 3.67879
1968.38 3.67563
1968.75 3.67233
1969.12 3.66892
1969.48 3.66538
1969.85 3.66171
1970.21 3.65791
1970.58 3.654
1970.95 3.64995
1971.31 3.64579
1971.68 3.64151
1972.05 3.63711
1972.41 3.63258
1972.78 3.62794
1973.14 3.62318
1973.51 3.61831
1973.88 3.61332
1974.24 3.60822
1974.61 3.603
1974.98 3.59767
1975.34 3.59223
1975.71 3.58668
1976.07 3.58102
1976.44 3.57526
1976.81 3.56938
1977.17 3.5634
1977.54 3.55732
1977.91 3.55113
1978.27 3.54484
1978.64 3.53845
1979 3.53196
1979.37 3.52537
1979.74 3.51868
1980.1 3.51189
1980.47 3.50501
1980.83 3.49804
1981.2 3.49097
1981.57 3.48381
1981.93 3.47656
1982.3 3.46922
1982.67 3.46179
1983.03 3.45427
1983.4 3.44667
1983.76 3.43898
1984.13 3.43121
1984.5 3.42336
1984.86 3.41542
1985.23 3.4074
1985.6 3.39931
1985.96 3.39114
1986.33 3.38289
1986.69 3.37456
1987.06 3.36616
1987.43 3.35769
1987.79 3.34914
1988.16 3.34053
1988.53 3.33184
1988.89 3.32309
1989.26 3.31427
1989.62 3.30538
1989.99 3.29643
1990.36 3.28741
1990.72 3.27833
1991.09 3.26919
1991.45 3.25999
1991.82 3.25072
1992.19 3.24141
1992.55 3.23203
1992.92 3.2226
1993.29 3.21311
1993.65 3.20357
1994.02 3.19397
1994.38 3.18433
1994.75 3.17463
1995.12 3.16488
1995.48 3.15509
1995.85 3.14525
1996.22 3.13536
1996.58 3.12543
1996.95 3.11545
1997.31 3.10543
1997.68 3.09537
1998.05 3.08526
1998.41 3.07512
1998.78 3.06493
1999.15 3.05471
1999.51 3.04445
1999.88 3.03416
2000.24 3.02383
2000.61 3.01346
2000.98 3.00306
2001.34 2.99263
2001.71 2.98217
2002.08 2.97167
2002.44 2.96115
2002.81 2.9506
2003.17 2.94002
2003.54 2.92941
2003.91 2.91878
2004.27 2.90812
2004.64 2.89743
2005 2.88673
2005.37 2.876
2005.74 2.86524
2006.1 2.85447
2006.47 2.84367
2006.84 2.83286
2007.2 2.82203
2007.57 2.81118
2007.93 2.80031
2008.3 2.78942
2008.67 2.77852
2009.03 2.76761
2009.4 2.75667
2009.77 2.74573
2010.13 2.73477
2010.5 2.7238
2010.86 2.71282
2011.23 2.70183
2011.6 2.69082
2011.96 2.67981
2012.33 2.66879
2012.7 2.65776
2013.06 2.64672
2013.43 2.63567
2013.79 2.62462
2014.16 2.61356
2014.53 2.60249
2014.89 2.59142
2015.26 2.58035
2015.62 2.56927
2015.99 2.55819
2016.36 2.54711
2016.72 2.53602
2017.09 2.52493
2017.46 2.51384
2017.82 2.50275
2018.19 2.49166
2018.55 2.48057
2018.92 2.46949
2019.29 2.4584
2019.65 2.44731
2020.02 2.43623
2020.39 2.42515
2020.75 2.41407
2021.12 2.40299
2021.48 2.39192
2021.85 2.38085
2022.22 2.36979
2022.58 2.35873
2022.95 2.34768
2023.32 2.33663
2023.68 2.32559
2024.05 2.31456
2024.41 2.30353
2024.78 2.29251
2025.15 2.2815
2025.51 2.27049
2025.88 2.25949
2026.24 2.24851
2026.61 2.23753
2026.98 2.22655
2027.34 2.21559
2027.71 2.20464
2028.08 2.1937
2028.44 2.18277
2028.81 2.17184
2029.17 2.16093
2029.54 2.15003
2029.91 2.13914
2030.27 2.12827
2030.64 2.1174
2031.01 2.10654
2031.37 2.0957
2031.74 2.08487
2032.1 2.07405
2032.47 2.06325
2032.84 2.05246
2033.2 2.04168
2033.57 2.03091
2033.94 2.02016
2034.3 2.00942
2034.67 1.99869
2035.03 1.98798
2035.4 1.97729
2035.77 1.9666
2036.13 1.95593
2036.5 1.94528
2036.87 1.93464
2037.23 1.92401
2037.6 1.9134
2037.96 1.90281
2038.33 1.89223
2038.7 1.88166
2039.06 1.87111
2039.43 1.86058
2039.79 1.85006
2040.16 1.83956
2040.53 1.82907
2040.89 1.8186
2041.26 1.80814
2041.63 1.7977
2041.99 1.78728
2042.36 1.77687
2042.72 1.76648
2043.09 1.7561
2043.46 1.74574
2043.82 1.7354
2044.19 1.72507
2044.56 1.71476
2044.92 1.70447
2045.29 1.69419
2045.65 1.68393
2046.02 1.67369
2046.39 1.66346
2046.75 1.65325
2047.12 1.64305
2047.49 1.63287
2047.85 1.62271
2048.22 1.61257
2048.58 1.60244
2048.95 1.59233
2049.32 1.58224
2049.68 1.57216
2050.05 1.5621
2050.41 1.55205
2050.78 1.54203
2051.15 1.53201
2051.51 1.52202
2051.88 1.51204
2052.25 1.50208
2052.61 1.49214
2052.98 1.48221
2053.34 1.4723
2053.71 1.4624
2054.08 1.45252
2054.44 1.44266
2054.81 1.43282
2055.18 1.42299
2055.54 1.41317
2055.91 1.40338
2056.27 1.3936
2056.64 1.38384
2057.01 1.37409
2057.37 1.36436
2057.74 1.35464
2058.11 1.34494
2058.47 1.33526
2058.84 1.32559
2059.2 1.31594
2059.57 1.30631
2059.94 1.29669
2060.3 1.28709
2060.67 1.2775
2061.03 1.26793
2061.4 1.25837
2061.77 1.24883
2062.13 1.23931
2062.5 1.2298
2062.87 1.22031
2063.23 1.21083
2063.6 1.20136
2063.96 1.19192
2064.33 1.18248
2064.7 1.17307
2065.06 1.16366
2065.43 1.15428
2065.8 1.1449
2066.16 1.13555
2066.53 1.1262
2066.89 1.11688
2067.26 1.10756
2067.63 1.09826
2067.99 1.08898
2068.36 1.07971
2068.73 1.07045
2069.09 1.06121
2069.46 1.05199
2069.82 1.04277
2070.19 1.03358
2070.56 1.02439
2070.92 1.01522
2071.29 1.00606
2071.66 0.996921
2072.02 0.987792
2072.39 0.978676
2072.75 0.969574
2073.12 0.960486
2073.49 0.951412
2073.85 0.94235
2074.22 0.933302
2074.58 0.924268
2074.95 0.915246
2075.32 0.906238
2075.68 0.897242
2076.05 0.88826
2076.42 0.87929
2076.78 0.870334
2077.15 0.86139
2077.51 0.852459
2077.88 0.843541
2078.25 0.834635
2078.61 0.825741
2078.98 0.816861
2079.35 0.807993
2079.71 0.799136
2080.08 0.790293
2080.44 0.781461
2080.81 0.772642
2081.18 0.763834
2081.54 0.755039
2081.91 0.746255
2082.28 0.737485
2082.64 0.728725
2083.01 0.719977
2083.37 0.711241
2083.74 0.702517
2084.11 0.693805
2084.47 0.685104
2084.84 0.676415
2085.2 0.667737
2085.57 0.65907
2085.94 0.650416
2086.3 0.641772
2086.67 0.63314
2087.04 0.624519
2087.4 0.61591
2087.77 0.607311
2088.13 0.598724
2088.5 0.590148
2088.87 0.581583
2089.23 0.57303
2089.6 0.564487
2089.97 0.555955
2090.33 0.547434
2090.7 0.538925
2091.06 0.530426
2091.43 0.521938
2091.8 0.513461
2092.16 0.504995
2092.53 0.49654
2092.9 0.488095
2093.26 0.479662
2093.63 0.471239
2093.99 0.462828
2094.36 0.454427
2094.73 0.446037
2095.09 0.437657
2095.46 0.429289
2095.82 0.420931
2096.19 0.412584
2096.56 0.404248
2096.92 0.395923
2097.29 0.387608
2097.66 0.379305
2098.02 0.371012
2098.39 0.36273
2098.75 0.35446
2099.12 0.346199
2099.49 0.33795
2099.85 0.329712
2100.22 0.321485
2100.59 0.313269
2100.95 0.305064
2101.32 0.29687
2101.68 0.288688
2102.05 0.280516
2102.42 0.272356
2102.78 0.264207
2103.15 0.25607
2103.52 0.247943
2103.88 0.239829
2104.25 0.231725
2104.61 0.223633
2104.98 0.215553
2105.35 0.207485
2105.71 0.199428
2106.08 0.191383
2106.45 0.183351
2106.81 0.17533
2107.18 0.167321
2107.54 0.159324
2107.91 0.15134
2108.28 0.143368
2108.64 0.135408
2109.01 0.127461
2109.37 0.119526
2109.74 0.111605
2110.11 0.103696
2110.47 0.0957997
2110.84 0.0879168
2111.21 0.0800469
2111.57 0.0721907
2111.94 0.0643475
2112.3 0.056518
2112.67 0.0487023
2113.04 0.0409003
2113.4 0.0331127
2113.77 0.0253387
2114.14 0.0175788
2114.5 0.0098337
2114.87 0.00210316
2115.23 -0.00561293
2115.6 -0.0133138
2115.97 -0.0209998
2116.33 -0.0286707
2116.7 -0.0363261
2117.07 -0.0439662
2117.43 -0.0515904
2117.8 -0.0591985
2118.16 -0.0667906
2118.53 -0.0743667
2118.9 -0.0819258
2119.26 -0.089469
2119.63 -0.0969946
2119.99 -0.104504
2120.36 -0.111995
2120.73 -0.119469
2121.09 -0.126926
2121.46 -0.134364
2121.83 -0.141784
2122.19 -0.149186
2122.56 -0.156569
2122.92 -0.163933
2123.29 -0.171278
2123.66 -0.178604
2124.02 -0.18591
2124.39 -0.193197
2124.76 -0.200463
2125.12 -0.207708
2125.49 -0.214934
2125.85 -0.222138
2126.22 -0.229322
2126.59 -0.236483
2126.95 -0.243623
2127.32 -0.250741
2127.69 -0.257837
2128.05 -0.26491
2128.42 -0.27196
2128.78 -0.278987
2129.15 -0.285991
2129.52 -0.29297
2129.88 -0.299926
2130.25 -0.306857
2130.61 -0.313763
2130.98 -0.320644
2131.35 -0.3275
2131.71 -0.33433
2132.08 -0.341133
2132.45 -0.347911
2132.81 -0.354661
2133.18 -0.361385
2133.54 -0.368081
2133.91 -0.374749
2134.28 -0.381389
2134.64 -0.388
2135.01 -0.394583
2135.38 -0.401136
2135.74 -0.407659
2136.11 -0.414153
2136.47 -0.420616
2136.84 -0.427048
2137.21 -0.433448
2137.57 -0.439818
2137.94 -0.446155
2138.31 -0.452459
2138.67 -0.458732
2139.04 -0.46497
2139.4 -0.471176
2139.77 -0.477347
2140.14 -0.483483
2140.5 -0.489585
2140.87 -0.495651
2141.24 -0.501682
2141.6 -0.507676
2141.97 -0.513634
2142.33 -0.519555
2142.7 -0.525438
2143.07 -0.531283
2143.43 -0.53709
2143.8 -0.542859
2144.16 -0.548588
2144.53 -0.554277
2144.9 -0.559926
2145.26 -0.565534
2145.63 -0.571102
2146 -0.576627
2146.36 -0.582111
2146.73 -0.587552
2147.09 -0.592951
2147.46 -0.598306
2147.83 -0.603617
2148.19 -0.608884
2148.56 -0.614105
2148.93 -0.619281
2149.29 -0.624412
2149.66 -0.629497
2150.02 -0.634535
2150.39 -0.639525
2150.76 -0.644468
2151.12 -0.649362
2151.49 -0.654209
2151.86 -0.659006
2152.22 -0.663752
2152.59 -0.668449
2152.95 -0.673096
2153.32 -0.677691
2153.69 -0.682235
2154.05 -0.686726
2154.42 -0.691165
2154.78 -0.695551
2155.15 -0.699883
2155.52 -0.704161
2155.88 -0.708385
2156.25 -0.712554
2156.62 -0.716667
2156.98 -0.720725
2157.35 -0.724726
2157.71 -0.728669
2158.08 -0.732556
2158.45 -0.736384
2158.81 -0.740154
2159.18 -0.743866
2159.55 -0.747518
2159.91 -0.75111
2160.28 -0.754642
2160.64 -0.758113
2161.01 -0.761523
2161.38 -0.764871
2161.74 -0.768157
2162.11 -0.77138
2162.48 -0.774541
2162.84 -0.777638
2163.21 -0.780671
2163.57 -0.783639
2163.94 -0.786543
2164.31 -0.789382
2164.67 -0.792155
2165.04 -0.794861
2165.41 -0.797501
2165.77 -0.800074
2166.14 -0.802579
2166.5 -0.805017
2166.87 -0.807387
2167.24 -0.809687
2167.6 -0.811919
2167.97 -0.814081
2168.33 -0.816173
2168.7 -0.818195
2169.07 -0.820147
2169.43 -0.822028
2169.8 -0.823836
2170.17 -0.825574
2170.53 -0.827239
2170.9 -0.828831
2171.26 -0.830352
2171.63 -0.831798
2172 -0.833172
2172.36 -0.834471
2172.73 -0.835697
2173.1 -0.836848
2173.46 -0.837924
2173.83 -0.838925
2174.19 -0.839851
2174.56 -0.840701
2174.93 -0.841475
2175.29 -0.842174
2175.66 -0.842795
2176.03 -0.84334
2176.39 -0.843808
2176.76 -0.844198
2177.12 -0.844512
2177.49 -0.844748
2177.86 -0.844906
2178.22 -0.844985
2178.59 -0.844987
2178.95 -0.84491
2179.32 -0.844754
2179.69 -0.84452
2180.05 -0.844207
2180.42 -0.843814
2180.79 -0.843342
2181.15 -0.842791
2181.52 -0.84216
2181.88 -0.841449
2182.25 -0.840659
2182.62 -0.839788
2182.98 -0.838838
2183.35 -0.837808
2183.72 -0.836698
2184.08 -0.835507
2184.45 -0.834236
2184.81 -0.832885
2185.18 -0.831453
2185.55 -0.829941
2185.91 -0.828349
2186.28 -0.826677
2186.65 -0.824923
2187.01 -0.82309
2187.38 -0.821176
2187.74 -0.819182
2188.11 -0.817107
2188.48 -0.814952
2188.84 -0.812717
2189.21 -0.810402
2189.57 -0.808007
2189.94 -0.805532
2190.31 -0.802977
2190.67 -0.800343
2191.04 -0.797629
2191.41 -0.794835
2191.77 -0.791963
2192.14 -0.78901
2192.5 -0.785979
2192.87 -0.78287
2193.24 -0.779681
2193.6 -0.776414
2193.97 -0.773069
2194.34 -0.769645
2194.7 -0.766144
2195.07 -0.762566
2195.43 -0.75891
2195.8 -0.755177
2196.17 -0.751367
2196.53 -0.74748
2196.9 -0.743517
2197.27 -0.739479
2197.63 -0.735364
2198 -0.731174
2198.36 -0.726909
2198.73 -0.722569
2199.1 -0.718154
2199.46 -0.713665
2199.83 -0.709103
2200.2 -0.704467
2200.56 -0.699759
2200.93 -0.694977
2201.29 -0.690124
2201.66 -0.685198
2202.03 -0.680201
2202.39 -0.675133
2202.76 -0.669993
2203.12 -0.664785
2203.49 -0.659506
2203.86 -0.654158
2204.22 -0.648741
2204.59 -0.643255
2204.96 -0.637702
2205.32 -0.63208
2205.69 -0.626392
2206.05 -0.620637
2206.42 -0.614817
2206.79 -0.60893
2207.15 -0.602979
2207.52 -0.596963
2207.89 -0.590883
2208.25 -0.584739
2208.62 -0.578533
2208.98 -0.572264
2209.35 -0.565933
2209.72 -0.559541
2210.08 -0.553088
2210.45 -0.546575
2210.82 -0.540002
2211.18 -0.53337
2211.55 -0.52668
2211.91 -0.519931
2212.28 -0.513126
2212.65 -0.506264
2213.01 -0.499345
2213.38 -0.492371
2213.74 -0.485342
2214.11 -0.478259
2214.48 -0.471122
2214.84 -0.463933
2215.21 -0.45669
2215.58 -0.449396
2215.94 -0.442051
2216.31 -0.434655
2216.67 -0.427209
2217.04 -0.419714
2217.41 -0.412171
2217.77 -0.404579
2218.14 -0.396941
2218.51 -0.389255
2218.87 -0.381525
2219.24 -0.373748
2219.6 -0.365927
2219.97 -0.358061
2220.34 -0.350153
2220.7 -0.342202
2221.07 -0.334209
2221.44 -0.326175
2221.8 -0.3181
2222.17 -0.309985
2222.53 -0.301832
2222.9 -0.293639
2223.27 -0.285409
2223.63 -0.277142
2224 -0.268838
2224.36 -0.260498
2224.73 -0.252123
2225.1 -0.243714
2225.46 -0.235272
2225.83 -0.226796
2226.2 -0.218288
2226.56 -0.209748
2226.93 -0.201178
2227.29 -0.192577
2227.66 -0.183946
2228.03 -0.175287
2228.39 -0.1666
2228.76 -0.157885
2229.13 -0.149144
2229.49 -0.140377
2229.86 -0.131584
2230.22 -0.122766
2230.59 -0.113925
2230.96 -0.10506
2231.32 -0.096173
2231.69 -0.087264
2232.06 -0.0783339
2232.42 -0.0693836
2232.79 -0.0604128
2233.15 -0.0514227
2233.52 -0.0424144
2233.89 -0.0333888
2234.25 -0.024346
2234.62 -0.0152861
2234.99 -0.00621143
2235.35 0.00287921
2235.72 0.0119833
2236.08 0.0211014
2236.45 0.0302324
2236.82 0.0393763
2237.18 0.0485317
2237.55 0.057698
2237.91 0.0668746
2238.28 0.0760611
2238.65 0.085256
2239.01 0.0944603
2239.38 0.103672
2239.75 0.11289
2240.11 0.122116
2240.48 0.131346
2240.84 0.140582
2241.21 0.149823
2241.58 0.159068
2241.94 0.168316
2242.31 0.177566
2242.68 0.186818
2243.04 0.196072
2243.41 0.205327
2243.77 0.214582
2244.14 0.223836
2244.51 0.23309
2244.87 0.242342
2245.24 0.251591
2245.61 0.260837
2245.97 0.270081
2246.34 0.27932
2246.7 0.288554
2247.07 0.297785
2247.44 0.307008
2247.8 0.316226
2248.17 0.325436
2248.53 0.334639
2248.9 0.343834
2249.27 0.353021
2249.63 0.362198
2250 0.371366
2250.37 0.380524
2250.73 0.389671
2251.1 0.398807
2251.46 0.407931
2251.83 0.417043
2252.2 0.426142
2252.56 0.435228
2252.93 0.4443
2253.3 0.453357
2253.66 0.4624
2254.03 0.471427
2254.39 0.480439
2254.76 0.489435
2255.13 0.498414
2255.49 0.507375
2255.86 0.516319
2256.23 0.525245
2256.59 0.534152
2256.96 0.54304
2257.32 0.551909
2257.69 0.560759
2258.06 0.569587
2258.42 0.578395
2258.79 0.587182
2259.16 0.595947
2259.52 0.604691
2259.89 0.613411
2260.25 0.62211
2260.62 0.630785
2260.99 0.639436
2261.35 0.648064
2261.72 0.656667
2262.08 0.665246
2262.45 0.673799
2262.82 0.682328
2263.18 0.69083
2263.55 0.699307
2263.92 0.707757
2264.28 0.71618
2264.65 0.724576
2265.01 0.732945
2265.38 0.741287
2265.75 0.7496
2266.11 0.757885
2266.48 0.766141
2266.85 0.774369
2267.21 0.782567
2267.58 0.790736
2267.94 0.798876
2268.31 0.806985
2268.68 0.815065
2269.04 0.823114
2269.41 0.831132
2269.78 0.839119
2270.14 0.847075
2270.51 0.855
2270.87 0.862893
2271.24 0.870754
2271.61 0.878583
2271.97 0.88638
2272.34 0.894145
2272.7 0.901877
2273.07 0.909577
2273.44 0.917243
2273.8 0.924876
2274.17 0.932476
2274.54 0.940043
2274.9 0.947576
2275.27 0.955075
2275.63 0.962541
2276 0.969973
2276.37 0.97737
2276.73 0.984734
2277.1 0.992063
2277.47 0.999357
2277.83 1.00662
2278.2 1.01384
2278.56 1.02103
2278.93 1.02819
2279.3 1.03531
2279.66 1.0424
2280.03 1.04945
2280.4 1.05646
2280.76 1.06345
2281.13 1.07039
2281.49 1.0773
2281.86 1.08418
2282.23 1.09102
2282.59 1.09783
2282.96 1.1046
2283.32 1.11133
2283.69 1.11803
2284.06 1.1247
2284.42 1.13132
2284.79 1.13792
2285.16 1.14448
2285.52 1.151
2285.89 1.15749
2286.25 1.16394
2286.62 1.17036
2286.99 1.17675
2287.35 1.18309
2287.72 1.18941
2288.09 1.19569
2288.45 1.20193
2288.82 1.20814
2289.18 1.21432
2289.55 1.22046
2289.92 1.22656
2290.28 1.23263
2290.65 1.23867
2291.02 1.24467
2291.38 1.25064
2291.75 1.25658
2292.11 1.26248
2292.48 1.26835
2292.85 1.27418
2293.21 1.27998
2293.58 1.28575
2293.95 1.29149
2294.31 1.29719
2294.68 1.30286
2295.04 1.30849
2295.41 1.3141
2295.78 1.31967
2296.14 1.32521
2296.51 1.33072
2296.87 1.33619
2297.24 1.34164
2297.61 1.34705
2297.97 1.35243
2298.34 1.35778
2298.71 1.3631
2299.07 1.36839
2299.44 1.37364
2299.8 1.37887
2300.17 1.38407
2300.54 1.38924
2300.9 1.39437
2301.27 1.39948
2301.64 1.40456
2302 1.40961
2302.37 1.41463
2302.73 1.41962
2303.1 1.42459
2303.47 1.42952
2303.83 1.43443
2304.2 1.43931
2304.57 1.44416
2304.93 1.44899
2305.3 1.45379
2305.66 1.45856
2306.03 1.4633
2306.4 1.46802
2306.76 1.47272
2307.13 1.47738
2307.49 1.48203
2307.86 1.48664
2308.23 1.49123
2308.59 1.4958
2308.96 1.50034
2309.33 1.50486
2309.69 1.50935
2310.06 1.51383
2310.42 1.51827
2310.79 1.5227
2311.16 1.5271
2311.52 1.53147
2311.89 1.53583
2312.26 1.54016
2312.62 1.54448
2312.99 1.54877
2313.35 1.55304
2313.72 1.55728
2314.09 1.56151
2314.45 1.56572
2314.82 1.56991
2315.19 1.57407
2315.55 1.57822
2315.92 1.58235
2316.28 1.58645
2316.65 1.59054
2317.02 1.59462
2317.38 1.59867
2317.75 1.6027
2318.11 1.60672
2318.48 1.61072
2318.85 1.6147
2319.21 1.61867
2319.58 1.62262
2319.95 1.62655
2320.31 1.63046
2320.68 1.63436
2321.04 1.63825
2321.41 1.64212
2321.78 1.64597
2322.14 1.64981
2322.51 1.65364
2322.88 1.65745
2323.24 1.66124
2323.61 1.66503
2323.97 1.6688
2324.34 1.67255
2324.71 1.6763
2325.07 1.68003
2325.44 1.68374
2325.81 1.68745
2326.17 1.69114
2326.54 1.69483
2326.9 1.6985
2327.27 1.70216
2327.64 1.70581
2328 1.70944
2328.37 1.71307
2328.74 1.71669
2329.1 1.7203
2329.47 1.7239
2329.83 1.72748
2330.2 1.73106
2330.57 1.73463
2330.93 1.73819
2331.3 1.74175
2331.66 1.74529
2332.03 1.74883
2332.4 1.75236
2332.76 1.75588
2333.13 1.75939
2333.5 1.7629
2333.86 1.7664
2334.23 1.76989
2334.59 1.77338
2334.96 1.77686
2335.33 1.78033
2335.69 1.7838
2336.06 1.78727
2336.43 1.79072
2336.79 1.79418
2337.16 1.79762
2337.52 1.80107
2337.89 1.8045
2338.26 1.80794
2338.62 1.81137
2338.99 1.81479
2339.36 1.81821
2339.72 1.82163
2340.09 1.82504
2340.45 1.82845
2340.82 1.83186
2341.19 1.83526
2341.55 1.83866
2341.92 1.84206
2342.28 1.84546
2342.65 1.84885
2343.02 1.85225
2343.38 1.85564
2343.75 1.85902
2344.12 1.86241
2344.48 1.86579
2344.85 1.86918
2345.21 1.87256
2345.58 1.87594
2345.95 1.87932
2346.31 1.8827
2346.68 1.88608
2347.05 1.88946
2347.41 1.89284
2347.78 1.89621
2348.14 1.89959
2348.51 1.90297
2348.88 1.90635
2349.24 1.90972
2349.61 1.9131
2349.98 1.91648
2350.34 1.91986
2350.71 1.92324
2351.07 1.92662
2351.44 1.93
2351.81 1.93338
2352.17 1.93676
2352.54 1.94015
2352.91 1.94353
2353.27 1.94692
2353.64 1.95031
2354 1.9537
2354.37 1.95709
2354.74 1.96048
2355.1 1.96388
2355.47 1.96727
2355.83 1.97067
2356.2 1.97407
2356.57 1.97747
2356.93 1.98088
2357.3 1.98428
2357.67 1.98769
2358.03 1.9911
2358.4 1.99452
2358.76 1.99793
2359.13 2.00135
2359.5 2.00477
2359.86 2.00819
2360.23 2.01161
2360.6 2.01504
2360.96 2.01847
2361.33 2.0219
2361.69 2.02534
2362.06 2.02877
2362.43 2.03221
2362.79 2.03566
2363.16 2.0391
2363.53 2.04255
2363.89 2.046
2364.26 2.04945
2364.62 2.05291
2364.99 2.05636
2365.36 2.05982
2365.72 2.06329
2366.09 2.06675
2366.45 2.07022
2366.82 2.07369
2367.19 2.07717
2367.55 2.08064
2367.92 2.08412
2368.29 2.0876
2368.65 2.09108
2369.02 2.09457
2369.38 2.09806
2369.75 2.10155
2370.12 2.10504
2370.48 2.10853
2370.85 2.11203
2371.22 2.11553
2371.58 2.11903
2371.95 2.12253
2372.31 2.12604
2372.68 2.12954
2373.05 2.13305
2373.41 2.13656
2373.78 2.14007
2374.15 2.14359
2374.51 2.1471
2374.88 2.15062
2375.24 2.15413
2375.61 2.15765
2375.98 2.16117
2376.34 2.16469
2376.71 2.16822
2377.07 2.17174
2377.44 2.17526
2377.81 2.17879
2378.17 2.18231
2378.54 2.18584
2378.91 2.18936
2379.27 2.19289
2379.64 2.19642
2380 2.19994
2380.37 2.20347
2380.74 2.207
2381.1 2.21052
2381.47 2.21405
2381.84 2.21757
2382.2 2.2211
2382.57 2.22462
2382.93 2.22814
2383.3 2.23166
2383.67 2.23518
2384.03 2.2387
2384.4 2.24222
2384.77 2.24573
2385.13 2.24925
2385.5 2.25276
2385.86 2.25627
2386.23 2.25977
2386.6 2.26328
2386.96 2.26678
2387.33 2.27028
2387.7 2.27377
2388.06 2.27726
2388.43 2.28075
2388.79 2.28424
2389.16 2.28772
2389.53 2.2912
2389.89 2.29467
2390.26 2.29814
2390.62 2.30161
2390.99 2.30507
2391.36 2.30852
2391.72 2.31197
2392.09 2.31542
2392.46 2.31886
2392.82 2.32229
2393.19 2.32572
2393.55 2.32915
2393.92 2.33256
2394.29 2.33597
2394.65 2.33938
2395.02 2.34277
2395.39 2.34616
2395.75 2.34954
2396.12 2.35292
2396.48 2.35628
2396.85 2.35964
2397.22 2.36299
2397.58 2.36634
2397.95 2.36967
2398.32 2.37299
2398.68 2.37631
2399.05 2.37962
2399.41 2.38291
2399.78 2.3862
2400.15 2.38948
2400.51 2.39274
2400.88 2.396
2401.24 2.39924
2401.61 2.40248
2401.98 2.4057
2402.34 2.40891
2402.71 2.41211
2403.08 2.4153
2403.44 2.41847
2403.81 2.42164
2404.17 2.42479
2404.54 2.42792
2404.91 2.43105
2405.27 2.43416
2405.64 2.43725
2406.01 2.44034
2406.37 2.4434
2406.74 2.44646
2407.1 2.4495
2407.47 2.45252
2407.84 2.45553
2408.2 2.45852
2408.57 2.46149
2408.94 2.46445
2409.3 2.4674
2409.67 2.47032
2410.03 2.47323
2410.4 2.47613
2410.77 2.479
2411.13 2.48186
2411.5 2.4847
2411.86 2.48752
2412.23 2.49032
2412.6 2.4931
2412.96 2.49587
2413.33 2.49861
2413.7 2.50134
2414.06 2.50404
2414.43 2.50672
2414.79 2.50939
2415.16 2.51203
2415.53 2.51465
2415.89 2.51725
2416.26 2.51983
2416.63 2.52239
2416.99 2.52492
2417.36 2.52743
2417.72 2.52992
2418.09 2.53239
2418.46 2.53483
2418.82 2.53725
2419.19 2.53964
2419.56 2.54201
2419.92 2.54436
2420.29 2.54668
2420.65 2.54898
2421.02 2.55125
2421.39 2.55349
2421.75 2.55571
2422.12 2.55791
2422.49 2.56007
2422.85 2.56222
2423.22 2.56433
2423.58 2.56642
2423.95 2.56847
2424.32 2.57051
2424.68 2.57251
2425.05 2.57448
2425.41 2.57643
2425.78 2.57835
2426.15 2.58024
2426.51 2.5821
2426.88 2.58393
2427.25 2.58573
2427.61 2.5875
2427.98 2.58924
2428.34 2.59095
2428.71 2.59262
2429.08 2.59427
2429.44 2.59589
2429.81 2.59747
2430.18 2.59902
2430.54 2.60054
2430.91 2.60203
2431.27 2.60349
2431.64 2.60491
2432.01 2.6063
2432.37 2.60766
2432.74 2.60898
2433.11 2.61027
2433.47 2.61153
2433.84 2.61275
2434.2 2.61394
2434.57 2.61509
2434.94 2.61621
2435.3 2.61729
2435.67 2.61834
2436.03 2.61936
2436.4 2.62033
2436.77 2.62127
2437.13 2.62218
2437.5 2.62305
2437.87 2.62388
2438.23 2.62468
2438.6 2.62544
2438.96 2.62616
2439.33 2.62685
2439.7 2.6275
2440.06 2.62811
2440.43 2.62868
2440.8 2.62922
2441.16 2.62972
2441.53 2.63018
2441.89 2.6306
2442.26 2.63098
2442.63 2.63132
2442.99 2.63163
2443.36 2.6319
2443.73 2.63213
2444.09 2.63231
2444.46 2.63246
2444.82 2.63257
2445.19 2.63264
2445.56 2.63268
2445.92 2.63267
2446.29 2.63262
2446.66 2.63253
2447.02 2.6324
2447.39 2.63223
2447.75 2.63202
2448.12 2.63177
2448.49 2.63148
2448.85 2.63115
2449.22 2.63078
2449.58 2.63037
2449.95 2.62991
2450.32 2.62942
2450.68 2.62888
2451.05 2.62831
2451.42 2.62769
2451.78 2.62703
2452.15 2.62633
2452.51 2.62559
2452.88 2.62481
2453.25 2.62398
2453.61 2.62312
2453.98 2.62221
2454.35 2.62126
2454.71 2.62027
2455.08 2.61924
2455.44 2.61817
2455.81 2.61706
2456.18 2.6159
2456.54 2.6147
2456.91 2.61346
2457.28 2.61218
2457.64 2.61086
2458.01 2.60949
2458.37 2.60809
2458.74 2.60664
2459.11 2.60515
2459.47 2.60362
2459.84 2.60205
2460.2 2.60043
2460.57 2.59878
2460.94 2.59708
2461.3 2.59534
2461.67 2.59356
2462.04 2.59174
2462.4 2.58988
2462.77 2.58797
2463.13 2.58603
2463.5 2.58404
2463.87 2.58202
2464.23 2.57995
2464.6 2.57784
2464.97 2.57569
2465.33 2.5735
2465.7 2.57127
2466.06 2.569
2466.43 2.56669
2466.8 2.56434
2467.16 2.56194
2467.53 2.55951
2467.9 2.55704
2468.26 2.55453
2468.63 2.55198
2468.99 2.54938
2469.36 2.54675
2469.73 2.54408
2470.09 2.54137
2470.46 2.53862
2470.82 2.53583
2471.19 2.53301
2471.56 2.53014
2471.92 2.52724
2472.29 2.52429
2472.66 2.52131
2473.02 2.51829
2473.39 2.51524
2473.75 2.51214
2474.12 2.50901
2474.49 2.50584
2474.85 2.50263
2475.22 2.49938
2475.59 2.4961
2475.95 2.49278
2476.32 2.48943
2476.68 2.48604
2477.05 2.48261
2477.42 2.47914
2477.78 2.47564
2478.15 2.4721
2478.52 2.46853
2478.88 2.46492
2479.25 2.46128
2479.61 2.4576
2479.98 2.45389
2480.35 2.45015
2480.71 2.44636
2481.08 2.44255
2481.45 2.4387
2481.81 2.43482
2482.18 2.4309
2482.54 2.42695
2482.91 2.42297
2483.28 2.41895
2483.64 2.4149
2484.01 2.41082
2484.37 2.40671
2484.74 2.40256
2485.11 2.39838
2485.47 2.39417
2485.84 2.38994
2486.21 2.38566
2486.57 2.38136
2486.94 2.37703
2487.3 2.37267
2487.67 2.36827
2488.04 2.36385
2488.4 2.3594
2488.77 2.35492
2489.14 2.3504
2489.5 2.34586
2489.87 2.3413
2490.23 2.3367
2490.6 2.33207
2490.97 2.32742
2491.33 2.32274
2491.7 2.31803
2492.07 2.31329
2492.43 2.30853
2492.8 2.30374
2493.16 2.29892
2493.53 2.29408
2493.9 2.28921
2494.26 2.28432
2494.63 2.2794
2494.99 2.27445
2495.36 2.26948
2495.73 2.26449
2496.09 2.25947
2496.46 2.25442
2496.83 2.24936
2497.19 2.24427
2497.56 2.23915
2497.92 2.23401
2498.29 2.22885
2498.66 2.22367
2499.02 2.21846
2499.39 2.21323
2499.76 2.20798
2500.12 2.20271
2500.49 2.19742
2500.85 2.1921
2501.22 2.18677
2501.59 2.18141
2501.95 2.17603
2502.32 2.17063
2502.69 2.16522
2503.05 2.15978
2503.42 2.15432
2503.78 2.14885
2504.15 2.14335
2504.52 2.13784
2504.88 2.13231
2505.25 2.12676
2505.61 2.12119
2505.98 2.1156
2506.35 2.11
2506.71 2.10438
2507.08 2.09874
2507.45 2.09309
2507.81 2.08741
2508.18 2.08173
2508.54 2.07602
2508.91 2.0703
2509.28 2.06457
2509.64 2.05882
2510.01 2.05305
2510.38 2.04727
2510.74 2.04148
2511.11 2.03567
2511.47 2.02984
2511.84 2.024
2512.21 2.01815
2512.57 2.01228
2512.94 2.00641
2513.31 2.00051
2513.67 1.99461
2514.04 1.98869
2514.4 1.98276
2514.77 1.97682
2515.14 1.97087
2515.5 1.9649
2515.87 1.95892
2516.24 1.95293
2516.6 1.94693
2516.97 1.94092
2517.33 1.9349
2517.7 1.92887
2518.07 1.92282
2518.43 1.91677
2518.8 1.91071
2519.16 1.90463
2519.53 1.89855
2519.9 1.89246
2520.26 1.88636
2520.63 1.88025
2521 1.87413
2521.36 1.86801
2521.73 1.86187
2522.09 1.85573
2522.46 1.84958
2522.83 1.84342
2523.19 1.83725
2523.56 1.83108
2523.93 1.82489
2524.29 1.81871
2524.66 1.81251
2525.02 1.80631
2525.39 1.8001
2525.76 1.79389
2526.12 1.78766
2526.49 1.78144
2526.86 1.7752
2527.22 1.76897
2527.59 1.76272
2527.95 1.75647
2528.32 1.75022
2528.69 1.74396
2529.05 1.73769
2529.42 1.73142
2529.78 1.72515
2530.15 1.71887
2530.52 1.71259
2530.88 1.7063
2531.25 1.70001
2531.62 1.69372
2531.98 1.68742
2532.35 1.68112
2532.71 1.67481
2533.08 1.6685
2533.45 1.66219
2533.81 1.65588
2534.18 1.64956
2534.55 1.64324
2534.91 1.63692
2535.28 1.63059
2535.64 1.62427
2536.01 1.61794
2536.38 1.61161
2536.74 1.60527
2537.11 1.59894
2537.48 1.5926
2537.84 1.58626
2538.21 1.57992
2538.57 1.57358
2538.94 1.56724
2539.31 1.5609
2539.67 1.55456
2540.04 1.54821
2540.41 1.54187
2540.77 1.53552
2541.14 1.52917
2541.5 1.52283
2541.87 1.51648
2542.24 1.51013
2542.6 1.50378
2542.97 1.49744
2543.33 1.49109
2543.7 1.48474
2544.07 1.4784
2544.43 1.47205
2544.8 1.4657
2545.17 1.45936
2545.53 1.45301
2545.9 1.44667
2546.26 1.44033
2546.63 1.43398
2547 1.42764
2547.36 1.4213
2547.73 1.41496
2548.1 1.40863
2548.46 1.40229
2548.83 1.39595
2549.19 1.38962
2549.56 1.38329
2549.93 1.37696
2550.29 1.37063
2550.66 1.3643
2551.03 1.35798
2551.39 1.35165
2551.76 1.34533
2552.12 1.33901
2552.49 1.3327
2552.86 1.32638
2553.22 1.32007
2553.59 1.31376
2553.95 1.30745
2554.32 1.30115
2554.69 1.29484
2555.05 1.28854
2555.42 1.28224
2555.79 1.27595
2556.15 1.26965
2556.52 1.26336
2556.88 1.25708
2557.25 1.25079
2557.62 1.24451
2557.98 1.23823
2558.35 1.23195
2558.72 1.22568
2559.08 1.21941
2559.45 1.21314
2559.81 1.20688
2560.18 1.20062
2560.55 1.19436
2560.91 1.18811
2561.28 1.18186
2561.65 1.17561
2562.01 1.16937
2562.38 1.16312
2562.74 1.15689
2563.11 1.15065
2563.48 1.14442
2563.84 1.13819
2564.21 1.13197
2564.57 1.12575
2564.94 1.11953
2565.31 1.11332
2565.67 1.10711
2566.04 1.1009
2566.41 1.0947
2566.77 1.0885
2567.14 1.08231
2567.5 1.07612
2567.87 1.06993
2568.24 1.06374
2568.6 1.05756
2568.97 1.05139
2569.34 1.04521
2569.7 1.03904
2570.07 1.03288
2570.43 1.02672
2570.8 1.02056
2571.17 1.01441
2571.53 1.00826
2571.9 1.00211
2572.27 0.995968
2572.63 0.98983
2573 0.983695
2573.36 0.977564
2573.73 0.971438
2574.1 0.965315
2574.46 0.959196
2574.83 0.953081
2575.2 0.946969
2575.56 0.940862
2575.93 0.934758
2576.29 0.928658
2576.66 0.922562
2577.03 0.91647
2577.39 0.910382
2577.76 0.904298
2578.12 0.898218
2578.49 0.892141
2578.86 0.886068
2579.22 0.88
2579.59 0.873935
2579.96 0.867873
2580.32 0.861816
2580.69 0.855762
2581.05 0.849713
2581.42 0.843667
2581.79 0.837624
2582.15 0.831586
2582.52 0.825551
2582.89 0.81952
2583.25 0.813493
2583.62 0.80747
2583.98 0.80145
2584.35 0.795434
2584.72 0.789421
2585.08 0.783412
2585.45 0.777407
2585.82 0.771406
2586.18 0.765407
2586.55 0.759413
2586.91 0.753422
2587.28 0.747435
2587.65 0.741452
2588.01 0.735471
2588.38 0.729495
2588.74 0.723521
2589.11 0.717551
2589.48 0.711585
2589.84 0.705622
2590.21 0.699662
2590.58 0.693706
2590.94 0.687753
2591.31 0.681804
2591.67 0.675857
2592.04 0.669914
2592.41 0.663974
2592.77 0.658038
2593.14 0.652104
2593.51 0.646174
2593.87 0.640247
2594.24 0.634323
2594.6 0.628402
2594.97 0.622484
2595.34 0.616569
2595.7 0.610658
2596.07 0.604748
2596.44 0.598843
2596.8 0.59294
2597.17 0.587039
2597.53 0.581142
2597.9 0.575248
2598.27 0.569356
2598.63 0.563467
2599 0.55758
2599.36 0.551697
2599.73 0.545816
2600.1 0.539938
2600.46 0.534062
2600.83 0.528189
2601.2 0.522319
2601.56 0.516451
2601.93 0.510586
2602.29 0.504722
2602.66 0.498862
2603.03 0.493003
2603.39 0.487148
2603.76 0.481294
2604.13 0.475442
2604.49 0.469593
2604.86 0.463746
2605.22 0.457902
2605.59 0.452059
2605.96 0.446218
2606.32 0.44038
2606.69 0.434544
2607.06 0.428709
2607.42 0.422877
2607.79 0.417046
2608.15 0.411217
2608.52 0.405391
2608.89 0.399566
2609.25 0.393742
2609.62 0.387921
2609.99 0.382101
2610.35 0.376283
2610.72 0.370467
2611.08 0.364652
2611.45 0.358838
2611.82 0.353027
2612.18 0.347216
2612.55 0.341408
2612.91 0.3356
2613.28 0.329794
2613.65 0.323989
2614.01 0.318186
2614.38 0.312383
2614.75 0.306583
2615.11 0.300783
2615.48 0.294984
2615.84 0.289187
2616.21 0.28339
2616.58 0.277595
2616.94 0.2718
2617.31 0.266007
2617.68 0.260215
2618.04 0.254423
2618.41 0.248632
2618.77 0.242842
2619.14 0.237053
2619.51 0.231264
2619.87 0.225477
2620.24 0.21969
2620.61 0.213903
2620.97 0.208117
2621.34 0.202332
2621.7 0.196547
2622.07 0.190763
2622.44 0.184979
2622.8 0.179195
2623.17 0.173412
2623.53 0.167629
2623.9 0.161847
2624.27 0.156064
2624.63 0.150282
2625 0.1445
2625.37 0.138719
2625.73 0.132937
2626.1 0.127155
2626.46 0.121374
2626.83 0.115592
2627.2 0.10981
2627.56 0.104029
2627.93 0.0982471
2628.3 0.0924652
2628.66 0.0866831
2629.03 0.0809008
2629.39 0.075118
2629.76 0.0693352
2630.13 0.0635518
2630.49 0.0577682
2630.86 0.0519844
2631.23 0.0462
2631.59 0.0404151
2631.96 0.0346298
2632.32 0.0288437
2632.69 0.0230572
2633.06 0.0172701
2633.42 0.0114825
2633.79 0.00569408
2634.16 -9.49958e-05
2634.52 -0.00588479
2634.89 -0.0116753
2635.25 -0.0174667
2635.62 -0.0232589
2635.99 -0.029052
2636.35 -0.0348459
2636.72 -0.0406407
2637.08 -0.0464365
2637.45 -0.0522333
2637.82 -0.058031
2638.18 -0.06383
2638.55 -0.0696297
2638.92 -0.0754307
2639.28 -0.081233
2639.65 -0.0870361
2640.01 -0.0928407
2640.38 -0.0986463
2640.75 -0.104453
2641.11 -0.110262
2641.48 -0.116071
2641.85 -0.121882
2642.21 -0.127694
2642.58 -0.133507
2642.94 -0.139322
2643.31 -0.145139
2643.68 -0.150957
2644.04 -0.156776
2644.41 -0.162597
2644.78 -0.168419
2645.14 -0.174243
2645.51 -0.180069
2645.87 -0.185896
2646.24 -0.191724
2646.61 -0.197555
2646.97 -0.203387
2647.34 -0.20922
2647.7 -0.215056
2648.07 -0.220893
2648.44 -0.226732
2648.8 -0.232572
2649.17 -0.238415
2649.54 -0.244259
2649.9 -0.250105
2650.27 -0.255953
2650.63 -0.261802
2651 -0.267654
2651.37 -0.273508
2651.73 -0.279363
2652.1 -0.28522
2652.47 -0.291079
2652.83 -0.296941
2653.2 -0.302804
2653.56 -0.308669
2653.93 -0.314536
2654.3 -0.320405
2654.66 -0.326276
2655.03 -0.332149
2655.4 -0.338024
2655.76 -0.343902
2656.13 -0.349781
2656.49 -0.355662
2656.86 -0.361545
2657.23 -0.367431
2657.59 -0.373318
2657.96 -0.379208
2658.32 -0.3851
2658.69 -0.390993
2659.06 -0.396889
2659.42 -0.402787
2659.79 -0.408688
2660.16 -0.41459
2660.52 -0.420494
2660.89 -0.4264
2661.25 -0.432309
2661.62 -0.43822
2661.99 -0.444133
2662.35 -0.450047
2662.72 -0.455964
2663.09 -0.461884
2663.45 -0.467805
2663.82 -0.473728
2664.18 -0.479653
2664.55 -0.485581
2664.92 -0.49151
2665.28 -0.497442
2665.65 -0.503376
2666.02 -0.509312
2666.38 -0.515249
2666.75 -0.521189
2667.11 -0.527131
2667.48 -0.533075
2667.85 -0.53902
2668.21 -0.544968
2668.58 -0.550918
2668.95 -0.55687
2669.31 -0.562824
2669.68 -0.568779
2670.04 -0.574736
2670.41 -0.580696
2670.78 -0.586657
2671.14 -0.59262
2671.51 -0.598585
2671.87 -0.604552
2672.24 -0.61052
2672.61 -0.616491
2672.97 -0.622463
2673.34 -0.628436
2673.71 -0.634412
2674.07 -0.640389
2674.44 -0.646367
2674.8 -0.652348
2675.17 -0.658329
2675.54 -0.664312
2675.9 -0.670297
2676.27 -0.676284
2676.64 -0.682271
2677 -0.68826
2677.37 -0.69425
2677.73 -0.700242
2678.1 -0.706235
2678.47 -0.712229
2678.83 -0.718225
2679.2 -0.724221
2679.57 -0.730219
2679.93 -0.736218
2680.3 -0.742217
2680.66 -0.748218
2681.03 -0.75422
2681.4 -0.760222
2681.76 -0.766226
2682.13 -0.77223
2682.49 -0.778235
2682.86 -0.784241
2683.23 -0.790247
2683.59 -0.796253
2683.96 -0.802261
2684.33 -0.808269
2684.69 -0.814277
2685.06 -0.820285
2685.42 -0.826294
2685.79 -0.832303
2686.16 -0.838312
2686.52 -0.844322
2686.89 -0.850331
2687.26 -0.85634
2687.62 -0.862349
2687.99 -0.868358
2688.35 -0.874367
2688.72 -0.880375
2689.09 -0.886383
2689.45 -0.892391
2689.82 -0.898398
2690.19 -0.904405
2690.55 -0.91041
2690.92 -0.916415
2691.28 -0.92242
2691.65 -0.928423
2692.02 -0.934425
2692.38 -0.940426
2692.75 -0.946426
2693.11 -0.952425
2693.48 -0.958422
2693.85 -0.964418
2694.21 -0.970412
2694.58 -0.976405
2694.95 -0.982396
2695.31 -0.988385
2695.68 -0.994373
2696.04 -1.00036
2696.41 -1.00634
2696.78 -1.01232
2697.14 -1.0183
2697.51 -1.02428
2697.88 -1.03025
2698.24 -1.03622
2698.61 -1.04219
2698.97 -1.04816
2699.34 -1.05412
2699.71 -1.06008
2700.07 -1.06604
2700.44 -1.07199
2700.81 -1.07794
2701.17 -1.08389
2701.54 -1.08983
2701.9 -1.09577
2702.27 -1.1017
2702.64 -1.10764
2703 -1.11356
2703.37 -1.11949
2703.74 -1.12541
2704.1 -1.13132
2704.47 -1.13723
2704.83 -1.14313
2705.2 -1.14904
2705.57 -1.15493
2705.93 -1.16082
2706.3 -1.16671
2706.66 -1.17259
2707.03 -1.17846
2707.4 -1.18433
2707.76 -1.19019
2708.13 -1.19605
2708.5 -1.2019
2708.86 -1.20774
2709.23 -1.21358
2709.59 -1.21941
2709.96 -1.22524
2710.33 -1.23106
2710.69 -1.23687
2711.06 -1.24267
2711.43 -1.24847
2711.79 -1.25426
2712.16 -1.26004
2712.52 -1.26581
2712.89 -1.27158
2713.26 -1.27734
2713.62 -1.28309
2713.99 -1.28883
2714.36 -1.29456
2714.72 -1.30029
2715.09 -1.306
2715.45 -1.31171
2715.82 -1.31741
2716.19 -1.3231
2716.55 -1.32878
2716.92 -1.33444
2717.28 -1.3401
2717.65 -1.34575
2718.02 -1.35139
2718.38 -1.35702
2718.75 -1.36264
2719.12 -1.36825
2719.48 -1.37384
2719.85 -1.37943
2720.21 -1.385
2720.58 -1.39056
2720.95 -1.39612
2721.31 -1.40165
2721.68 -1.40718
2722.05 -1.4127
2722.41 -1.4182
2722.78 -1.42369
2723.14 -1.42917
2723.51 -1.43463
2723.88 -1.44008
2724.24 -1.44552
2724.61 -1.45094
2724.98 -1.45635
2725.34 -1.46175
2725.71 -1.46713
2726.07 -1.4725
2726.44 -1.47785
2726.81 -1.48319
2727.17 -1.48852
2727.54 -1.49382
2727.91 -1.49912
2728.27 -1.5044
2728.64 -1.50966
2729 -1.5149
2729.37 -1.52013
2729.74 -1.52535
2730.1 -1.53054
2730.47 -1.53572
2730.83 -1.54089
2731.2 -1.54603
2731.57 -1.55116
2731.93 -1.55627
2732.3 -1.56137
2732.67 -1.56644
2733.03 -1.5715
2733.4 -1.57654
2733.76 -1.58156
2734.13 -1.58656
2734.5 -1.59154
2734.86 -1.59651
2735.23 -1.60145
2735.6 -1.60637
2735.96 -1.61128
2736.33 -1.61616
2736.69 -1.62103
2737.06 -1.62587
2737.43 -1.63069
2737.79 -1.63549
2738.16 -1.64027
2738.53 -1.64503
2738.89 -1.64977
2739.26 -1.65448
2739.62 -1.65918
2739.99 -1.66385
2740.36 -1.6685
2740.72 -1.67312
2741.09 -1.67772
2741.45 -1.6823
2741.82 -1.68686
2742.19 -1.69139
2742.55 -1.6959
2742.92 -1.70039
2743.29 -1.70485
2743.65 -1.70929
2744.02 -1.7137
2744.38 -1.71809
2744.75 -1.72245
2745.12 -1.72679
2745.48 -1.7311
2745.85 -1.73538
2746.22 -1.73964
2746.58 -1.74388
2746.95 -1.74809
2747.31 -1.75227
2747.68 -1.75642
2748.05 -1.76055
2748.41 -1.76465
2748.78 -1.76873
2749.15 -1.77277
2749.51 -1.77679
2749.88 -1.78078
2750.24 -1.78475
2750.61 -1.78868
2750.98 -1.79259
2751.34 -1.79646
2751.71 -1.80031
2752.07 -1.80413
2752.44 -1.80792
2752.81 -1.81168
2753.17 -1.81542
2753.54 -1.81912
2753.91 -1.82279
2754.27 -1.82643
2754.64 -1.83004
2755 -1.83362
2755.37 -1.83717
2755.74 -1.84069
2756.1 -1.84418
2756.47 -1.84764
2756.84 -1.85106
2757.2 -1.85446
2757.57 -1.85782
2757.93 -1.86115
2758.3 -1.86445
2758.67 -1.86772
2759.03 -1.87095
2759.4 -1.87415
2759.77 -1.87732
2760.13 -1.88046
2760.5 -1.88356
2760.86 -1.88663
2761.23 -1.88966
2761.6 -1.89267
2761.96 -1.89564
2762.33 -1.89857
2762.7 -1.90147
2763.06 -1.90434
2763.43 -1.90717
2763.79 -1.90997
2764.16 -1.91274
2764.53 -1.91547
2764.89 -1.91816
2765.26 -1.92082
2765.62 -1.92345
2765.99 -1.92604
2766.36 -1.92859
2766.72 -1.93111
2767.09 -1.9336
2767.46 -1.93605
2767.82 -1.93846
2768.19 -1.94084
2768.55 -1.94318
2768.92 -1.94548
2769.29 -1.94775
2769.65 -1.94998
2770.02 -1.95218
2770.39 -1.95434
2770.75 -1.95647
2771.12 -1.95855
2771.48 -1.96061
2771.85 -1.96262
2772.22 -1.9646
2772.58 -1.96654
2772.95 -1.96844
2773.32 -1.97031
2773.68 -1.97214
2774.05 -1.97393
2774.41 -1.97569
2774.78 -1.97741
2775.15 -1.97909
2775.51 -1.98073
2775.88 -1.98234
2776.24 -1.98391
2776.61 -1.98544
2776.98 -1.98694
2777.34 -1.98839
2777.71 -1.98981
2778.08 -1.99119
2778.44 -1.99254
2778.81 -1.99384
2779.17 -1.99511
2779.54 -1.99634
2779.91 -1.99754
2780.27 -1.99869
2780.64 -1.99981
2781.01 -2.00089
2781.37 -2.00194
2781.74 -2.00294
2782.1 -2.00391
2782.47 -2.00484
2782.84 -2.00573
2783.2 -2.00658
2783.57 -2.0074
2783.94 -2.00818
2784.3 -2.00892
2784.67 -2.00962
2785.03 -2.01029
2785.4 -2.01092
2785.77 -2.01151
2786.13 -2.01206
2786.5 -2.01258
2786.86 -2.01306
2787.23 -2.0135
2787.6 -2.01391
2787.96 -2.01427
2788.33 -2.0146
2788.7 -2.0149
2789.06 -2.01515
2789.43 -2.01537
2789.79 -2.01555
2790.16 -2.0157
2790.53 -2.01581
2790.89 -2.01588
2791.26 -2.01591
2791.63 -2.01591
2791.99 -2.01587
2792.36 -2.0158
2792.72 -2.01569
2793.09 -2.01554
2793.46 -2.01536
2793.82 -2.01514
2794.19 -2.01489
2794.56 -2.0146
2794.92 -2.01427
2795.29 -2.01391
2795.65 -2.01351
2796.02 -2.01308
2796.39 -2.01261
2796.75 -2.01211
2797.12 -2.01157
2797.49 -2.011
2797.85 -2.01039
2798.22 -2.00975
2798.58 -2.00907
2798.95 -2.00836
2799.32 -2.00761
2799.68 -2.00683
2800.05 -2.00602
2800.41 -2.00517
2800.78 -2.00429
2801.15 -2.00338
2801.51 -2.00243
2801.88 -2.00145
2802.25 -2.00044
2802.61 -1.99939
2802.98 -1.99831
2803.34 -1.9972
2803.71 -1.99606
2804.08 -1.99488
2804.44 -1.99367
2804.81 -1.99243
2805.18 -1.99116
2805.54 -1.98986
2805.91 -1.98852
2806.27 -1.98715
2806.64 -1.98576
2807.01 -1.98433
2807.37 -1.98287
2807.74 -1.98138
2808.11 -1.97986
2808.47 -1.97831
2808.84 -1.97673
2809.2 -1.97512
2809.57 -1.97348
2809.94 -1.97182
2810.3 -1.97012
2810.67 -1.96839
2811.03 -1.96664
2811.4 -1.96485
2811.77 -1.96304
2812.13 -1.9612
2812.5 -1.95933
2812.87 -1.95744
2813.23 -1.95551
2813.6 -1.95356
2813.96 -1.95158
2814.33 -1.94958
2814.7 -1.94755
2815.06 -1.94549
2815.43 -1.9434
2815.8 -1.94129
2816.16 -1.93916
2816.53 -1.93699
2816.89 -1.9348
2817.26 -1.93259
2817.63 -1.93035
2817.99 -1.92809
2818.36 -1.9258
2818.73 -1.92349
2819.09 -1.92115
2819.46 -1.91879
2819.82 -1.91641
2820.19 -1.914
2820.56 -1.91157
2820.92 -1.90912
2821.29 -1.90664
2821.66 -1.90414
2822.02 -1.90162
2822.39 -1.89907
2822.75 -1.89651
2823.12 -1.89392
2823.49 -1.89131
2823.85 -1.88868
2824.22 -1.88602
2824.58 -1.88335
2824.95 -1.88066
2825.32 -1.87794
2825.68 -1.87521
2826.05 -1.87245
2826.42 -1.86968
2826.78 -1.86689
2827.15 -1.86407
2827.51 -1.86124
2827.88 -1.85839
2828.25 -1.85552
2828.61 -1.85263
2828.98 -1.84972
2829.35 -1.8468
2829.71 -1.84386
2830.08 -1.8409
2830.44 -1.83792
2830.81 -1.83493
2831.18 -1.83191
2831.54 -1.82889
2831.91 -1.82584
2832.28 -1.82278
2832.64 -1.8197
2833.01 -1.81661
2833.37 -1.8135
2833.74 -1.81038
2834.11 -1.80724
2834.47 -1.80409
2834.84 -1.80092
2835.2 -1.79774
2835.57 -1.79454
2835.94 -1.79133
2836.3 -1.7881
2836.67 -1.78486
2837.04 -1.78161
2837.4 -1.77834
2837.77 -1.77507
2838.13 -1.77177
2838.5 -1.76847
2838.87 -1.76515
2839.23 -1.76182
2839.6 -1.75848
2839.97 -1.75513
2840.33 -1.75177
2840.7 -1.74839
2841.06 -1.745
2841.43 -1.74161
2841.8 -1.7382
2842.16 -1.73478
2842.53 -1.73135
2842.9 -1.72791
2843.26 -1.72446
2843.63 -1.721
2843.99 -1.71753
2844.36 -1.71405
2844.73 -1.71056
2845.09 -1.70706
2845.46 -1.70356
2845.82 -1.70004
2846.19 -1.69652
2846.56 -1.69299
2846.92 -1.68945
2847.29 -1.6859
2847.66 -1.68234
2848.02 -1.67878
2848.39 -1.67521
2848.75 -1.67163
2849.12 -1.66805
2849.49 -1.66446
2849.85 -1.66086
2850.22 -1.65726
2850.59 -1.65365
2850.95 -1.65003
2851.32 -1.6464
2851.68 -1.64278
2852.05 -1.63914
2852.42 -1.6355
2852.78 -1.63186
2853.15 -1.62821
2853.52 -1.62455
2853.88 -1.62089
2854.25 -1.61723
2854.61 -1.61356
2854.98 -1.60988
2855.35 -1.60621
2855.71 -1.60253
2856.08 -1.59884
2856.45 -1.59515
2856.81 -1.59146
2857.18 -1.58776
2857.54 -1.58406
2857.91 -1.58036
2858.28 -1.57666
2858.64 -1.57295
2859.01 -1.56924
2859.37 -1.56552
2859.74 -1.56181
2860.11 -1.55809
2860.47 -1.55437
2860.84 -1.55065
2861.21 -1.54693
2861.57 -1.5432
2861.94 -1.53947
2862.3 -1.53575
2862.67 -1.53202
2863.04 -1.52829
2863.4 -1.52456
2863.77 -1.52082
2864.14 -1.51709
2864.5 -1.51336
2864.87 -1.50962
2865.23 -1.50589
2865.6 -1.50216
2865.97 -1.49842
2866.33 -1.49469
2866.7 -1.49095
2867.07 -1.48722
2867.43 -1.48348
2867.8 -1.47975
2868.16 -1.47602
2868.53 -1.47229
2868.9 -1.46856
2869.26 -1.46483
2869.63 -1.4611
2869.99 -1.45737
2870.36 -1.45364
2870.73 -1.44992
2871.09 -1.44619
2871.46 -1.44247
2871.83 -1.43875
2872.19 -1.43503
2872.56 -1.43132
2872.92 -1.4276
2873.29 -1.42389
2873.66 -1.42018
2874.02 -1.41647
2874.39 -1.41277
2874.76 -1.40906
2875.12 -1.40536
2875.49 -1.40166
2875.85 -1.39797
2876.22 -1.39428
2876.59 -1.39059
2876.95 -1.3869
2877.32 -1.38322
2877.69 -1.37954
2878.05 -1.37586
2878.42 -1.37219
2878.78 -1.36852
2879.15 -1.36485
2879.52 -1.36119
2879.88 -1.35753
2880.25 -1.35388
2880.61 -1.35023
2880.98 -1.34658
2881.35 -1.34294
2881.71 -1.3393
2882.08 -1.33566
2882.45 -1.33203
2882.81 -1.3284
2883.18 -1.32478
2883.54 -1.32116
2883.91 -1.31755
2884.28 -1.31394
2884.64 -1.31034
2885.01 -1.30674
2885.38 -1.30315
2885.74 -1.29956
2886.11 -1.29597
2886.47 -1.29239
2886.84 -1.28882
2887.21 -1.28525
2887.57 -1.28168
2887.94 -1.27812
2888.31 -1.27457
2888.67 -1.27102
2889.04 -1.26748
2889.4 -1.26394
2889.77 -1.26041
2890.14 -1.25688
2890.5 -1.25336
2890.87 -1.24984
2891.24 -1.24633
2891.6 -1.24283
2891.97 -1.23933
2892.33 -1.23584
2892.7 -1.23235
2893.07 -1.22887
2893.43 -1.22539
2893.8 -1.22192
2894.16 -1.21846
2894.53 -1.215
2894.9 -1.21155
2895.26 -1.20811
2895.63 -1.20467
2896 -1.20124
2896.36 -1.19781
2896.73 -1.19439
2897.09 -1.19098
2897.46 -1.18757
2897.83 -1.18417
2898.19 -1.18078
2898.56 -1.17739
2898.93 -1.17401
2899.29 -1.17064
2899.66 -1.16727
2900.02 -1.16391
2900.39 -1.16055
2900.76 -1.1572
2901.12 -1.15386
2901.49 -1.15053
2901.86 -1.1472
2902.22 -1.14388
2902.59 -1.14057
2902.95 -1.13726
2903.32 -1.13396
2903.69 -1.13067
2904.05 -1.12738
2904.42 -1.1241
2904.78 -1.12083
2905.15 -1.11756
2905.52 -1.11431
2905.88 -1.11105
2906.25 -1.10781
2906.62 -1.10457
2906.98 -1.10134
2907.35 -1.09812
2907.71 -1.0949
2908.08 -1.0917
2908.45 -1.0885
2908.81 -1.0853
2909.18 -1.08211
2909.55 -1.07894
2909.91 -1.07576
2910.28 -1.0726
2910.64 -1.06944
2911.01 -1.06629
2911.38 -1.06315
2911.74 -1.06001
2912.11 -1.05688
2912.48 -1.05376
2912.84 -1.05065
2913.21 -1.04754
2913.57 -1.04444
2913.94 -1.04135
2914.31 -1.03827
2914.67 -1.03519
2915.04 -1.03212
2915.41 -1.02906
2915.77 -1.026
2916.14 -1.02296
2916.5 -1.01992
2916.87 -1.01689
2917.24 -1.01386
2917.6 -1.01084
2917.97 -1.00784
2918.33 -1.00483
2918.7 -1.00184
2919.07 -0.998851
2919.43 -0.995872
2919.8 -0.9929
2920.17 -0.989936
2920.53 -0.986978
2920.9 -0.984029
2921.26 -0.981087
2921.63 -0.978153
2922 -0.975226
2922.36 -0.972306
2922.73 -0.969395
2923.1 -0.966491
2923.46 -0.963594
2923.83 -0.960704
2924.19 -0.957823
2924.56 -0.954949
2924.93 -0.952082
2925.29 -0.949223
2925.66 -0.946371
2926.03 -0.943527
2926.39 -0.94069
2926.76 -0.937862
2927.12 -0.93504
2927.49 -0.932226
2927.86 -0.92942
2928.22 -0.926621
2928.59 -0.923829
2928.95 -0.921045
2929.32 -0.918269
2929.69 -0.9155
2930.05 -0.912739
2930.42 -0.909985
2930.79 -0.907238
2931.15 -0.904499
2931.52 -0.901768
2931.88 -0.899044
2932.25 -0.896327
2932.62 -0.893618
2932.98 -0.890916
2933.35 -0.888222
2933.72 -0.885535
2934.08 -0.882856
2934.45 -0.880184
2934.81 -0.877519
2935.18 -0.874862
2935.55 -0.872212
2935.91 -0.86957
2936.28 -0.866935
2936.65 -0.864307
2937.01 -0.861687
2937.38 -0.859074
2937.74 -0.856468
2938.11 -0.85387
2938.48 -0.851279
2938.84 -0.848695
2939.21 -0.846119
2939.57 -0.84355
2939.94 -0.840988
2940.31 -0.838434
2940.67 -0.835886
2941.04 -0.833346
2941.41 -0.830813
2941.77 -0.828288
2942.14 -0.82577
2942.5 -0.823259
2942.87 -0.820755
2943.24 -0.818258
2943.6 -0.815768
2943.97 -0.813286
2944.34 -0.810811
2944.7 -0.808343
2945.07 -0.805882
2945.43 -0.803428
2945.8 -0.800981
2946.17 -0.798541
2946.53 -0.796109
2946.9 -0.793683
2947.27 -0.791264
2947.63 -0.788853
2948 -0.786448
2948.36 -0.784051
2948.73 -0.78166
2949.1 -0.779277
2949.46 -0.776901
2949.83 -0.774531
2950.2 -0.772168
2950.56 -0.769813
2950.93 -0.767464
2951.29 -0.765122
2951.66 -0.762787
2952.03 -0.760458
2952.39 -0.758137
2952.76 -0.755823
2953.12 -0.753515
2953.49 -0.751214
2953.86 -0.74892
2954.22 -0.746633
2954.59 -0.744352
2954.96 -0.742079
2955.32 -0.739811
2955.69 -0.737551
2956.05 -0.735298
2956.42 -0.733051
2956.79 -0.730811
2957.15 -0.728577
2957.52 -0.72635
2957.89 -0.72413
2958.25 -0.721916
2958.62 -0.719709
2958.98 -0.717508
2959.35 -0.715315
2959.72 -0.713127
2960.08 -0.710946
2960.45 -0.708772
2960.82 -0.706604
2961.18 -0.704443
2961.55 -0.702288
2961.91 -0.700139
2962.28 -0.697997
2962.65 -0.695862
2963.01 -0.693733
2963.38 -0.69161
2963.74 -0.689493
2964.11 -0.687383
2964.48 -0.68528
2964.84 -0.683182
2965.21 -0.681091
2965.58 -0.679006
2965.94 -0.676927
2966.31 -0.674855
2966.67 -0.672789
2967.04 -0.670729
2967.41 -0.668676
2967.77 -0.666628
2968.14 -0.664587
2968.51 -0.662552
2968.87 -0.660523
2969.24 -0.658501
2969.6 -0.656484
2969.97 -0.654473
2970.34 -0.652469
2970.7 -0.65047
2971.07 -0.648478
2971.44 -0.646491
2971.8 -0.644511
2972.17 -0.642537
2972.53 -0.640568
2972.9 -0.638606
2973.27 -0.636649
2973.63 -0.634699
2974 -0.632754
2974.36 -0.630815
2974.73 -0.628882
2975.1 -0.626955
2975.46 -0.625034
2975.83 -0.623118
2976.2 -0.621209
2976.56 -0.619305
2976.93 -0.617407
2977.29 -0.615515
2977.66 -0.613628
2978.03 -0.611747
2978.39 -0.609872
2978.76 -0.608003
2979.13 -0.606139
2979.49 -0.604281
2979.86 -0.602428
2980.22 -0.600581
2980.59 -0.59874
2980.96 -0.596905
2981.32 -0.595074
2981.69 -0.59325
2982.06 -0.591431
2982.42 -0.589617
2982.79 -0.58781
2983.15 -0.586007
2983.52 -0.58421
2983.89 -0.582418
2984.25 -0.580632
2984.62 -0.578851
2984.99 -0.577076
2985.35 -0.575306
2985.72 -0.573542
2986.08 -0.571783
2986.45 -0.570029
2986.82 -0.56828
2987.18 -0.566537
2987.55 -0.564799
2987.91 -0.563066
2988.28 -0.561339
2988.65 -0.559617
2989.01 -0.5579
2989.38 -0.556188
2989.75 -0.554481
2990.11 -0.55278
2990.48 -0.551084
2990.84 -0.549393
2991.21 -0.547707
2991.58 -0.546026
2991.94 -0.54435
2992.31 -0.542679
2992.68 -0.541014
2993.04 -0.539353
2993.41 -0.537697
2993.77 -0.536047
2994.14 -0.534401
2994.51 -0.532761
2994.87 -0.531125
2995.24 -0.529494
2995.61 -0.527868
2995.97 -0.526247
2996.34 -0.524632
2996.7 -0.52302
2997.07 -0.521414
2997.44 -0.519813
2997.8 -0.518216
2998.17 -0.516625
2998.53 -0.515038
2998.9 -0.513456
2999.27 -0.511878
2999.63 -0.510306
3000 -0.508738
3000.37 -0.507174
3000.73 -0.505616
3001.1 -0.504062
3001.46 -0.502513
3001.83 -0.500969
3002.2 -0.499429
3002.56 -0.497894
3002.93 -0.496363
3003.3 -0.494837
3003.66 -0.493316
3004.03 -0.491799
3004.39 -0.490287
3004.76 -0.488779
3005.13 -0.487276
3005.49 -0.485778
3005.86 -0.484283
3006.23 -0.482794
3006.59 -0.481308
3006.96 -0.479828
3007.32 -0.478351
3007.69 -0.476879
3008.06 -0.475412
3008.42 -0.473949
3008.79 -0.47249
3009.16 -0.471036
3009.52 -0.469585
3009.89 -0.46814
3010.25 -0.466698
3010.62 -0.465261
3010.99 -0.463828
3011.35 -0.462399
3011.72 -0.460975
3012.08 -0.459555
3012.45 -0.458139
3012.82 -0.456727
3013.18 -0.45532
3013.55 -0.453917
3013.92 -0.452518
3014.28 -0.451123
3014.65 -0.449732
3015.01 -0.448345
3015.38 -0.446962
3015.75 -0.445584
3016.11 -0.44421
3016.48 -0.442839
3016.85 -0.441473
3017.21 -0.440111
3017.58 -0.438752
3017.94 -0.437398
3018.31 -0.436048
3018.68 -0.434702
3019.04 -0.433359
3019.41 -0.432021
3019.78 -0.430687
3020.14 -0.429356
3020.51 -0.42803
3020.87 -0.426707
3021.24 -0.425388
3021.61 -0.424073
3021.97 -0.422762
3022.34 -0.421455
3022.7 -0.420152
3023.07 -0.418852
3023.44 -0.417557
3023.8 -0.416265
3024.17 -0.414976
3024.54 -0.413692
3024.9 -0.412411
3025.27 -0.411135
3025.63 -0.409861
3026 -0.408592
3026.37 -0.407326
3026.73 -0.406064
3027.1 -0.404806
3027.47 -0.403551
3027.83 -0.4023
3028.2 -0.401053
3028.56 -0.399809
3028.93 -0.398568
3029.3 -0.397332
3029.66 -0.396099
3030.03 -0.394869
3030.4 -0.393643
3030.76 -0.392421
3031.13 -0.391202
3031.49 -0.389987
3031.86 -0.388775
3032.23 -0.387567
3032.59 -0.386362
3032.96 -0.385161
3033.32 -0.383963
3033.69 -0.382768
3034.06 -0.381577
3034.42 -0.38039
3034.79 -0.379206
3035.16 -0.378025
3035.52 -0.376848
3035.89 -0.375674
3036.25 -0.374503
3036.62 -0.373336
3036.99 -0.372172
3037.35 -0.371011
3037.72 -0.369854
3038.09 -0.3687
3038.45 -0.367549
3038.82 -0.366401
3039.18 -0.365257
3039.55 -0.364116
3039.92 -0.362979
3040.28 -0.361844
3040.65 -0.360713
3041.02 -0.359585
3041.38 -0.35846
3041.75 -0.357338
3042.11 -0.35622
3042.48 -0.355105
3042.85 -0.353993
3043.21 -0.352884
3043.58 -0.351778
3043.95 -0.350675
3044.31 -0.349575
3044.68 -0.348479
3045.04 -0.347385
3045.41 -0.346295
3045.78 -0.345207
3046.14 -0.344123
3046.51 -0.343042
3046.87 -0.341964
3047.24 -0.340888
3047.61 -0.339816
3047.97 -0.338747
3048.34 -0.337681
3048.71 -0.336617
3049.07 -0.335557
3049.44 -0.3345
3049.8 -0.333445
3050.17 -0.332394
3050.54 -0.331345
3050.9 -0.3303
3051.27 -0.329257
3051.64 -0.328217
3052 -0.32718
3052.37 -0.326146
3052.73 -0.325115
3053.1 -0.324086
3053.47 -0.323061
3053.83 -0.322038
3054.2 -0.321018
3054.57 -0.320001
3054.93 -0.318987
3055.3 -0.317975
3055.66 -0.316967
3056.03 -0.315961
3056.4 -0.314957
3056.76 -0.313957
3057.13 -0.312959
3057.49 -0.311964
3057.86 -0.310972
3058.23 -0.309982
3058.59 -0.308995
3058.96 -0.308011
3059.33 -0.307029
3059.69 -0.306051
3060.06 -0.305074
3060.42 -0.304101
3060.79 -0.30313
3061.16 -0.302161
3061.52 -0.301196
3061.89 -0.300233
3062.26 -0.299272
3062.62 -0.298314
3062.99 -0.297359
3063.35 -0.296406
3063.72 -0.295456
3064.09 -0.294508
3064.45 -0.293563
3064.82 -0.292621
3065.19 -0.291681
3065.55 -0.290743
3065.92 -0.289808
3066.28 -0.288876
3066.65 -0.287946
3067.02 -0.287018
3067.38 -0.286093
3067.75 -0.285171
3068.11 -0.28425
3068.48 -0.283333
3068.85 -0.282417
3069.21 -0.281504
3069.58 -0.280594
3069.95 -0.279686
3070.31 -0.27878
3070.68 -0.277877
3071.04 -0.276976
3071.41 -0.276078
3071.78 -0.275182
3072.14 -0.274288
3072.51 -0.273396
3072.88 -0.272507
3073.24 -0.271621
3073.61 -0.270736
3073.97 -0.269854
3074.34 -0.268974
3074.71 -0.268097
3075.07 -0.267221
3075.44 -0.266348
3075.81 -0.265478
3076.17 -0.264609
3076.54 -0.263743
3076.9 -0.262879
3077.27 -0.262017
3077.64 -0.261158
3078 -0.260301
3078.37 -0.259445
3078.74 -0.258593
3079.1 -0.257742
3079.47 -0.256894
3079.83 -0.256047
3080.2 -0.255203
3080.57 -0.254361
3080.93 -0.253521
3081.3 -0.252684
3081.66 -0.251848
3082.03 -0.251015
3082.4 -0.250184
3082.76 -0.249354
3083.13 -0.248527
3083.5 -0.247703
3083.86 -0.24688
3084.23 -0.246059
3084.59 -0.24524
3084.96 -0.244424
3085.33 -0.243609
3085.69 -0.242797
3086.06 -0.241986
3086.43 -0.241178
3086.79 -0.240371
3087.16 -0.239567
3087.52 -0.238765
3087.89 -0.237964
3088.26 -0.237166
3088.62 -0.23637
3088.99 -0.235575
3089.36 -0.234783
3089.72 -0.233993
3090.09 -0.233204
3090.45 -0.232418
3090.82 -0.231633
3091.19 -0.230851
3091.55 -0.23007
3091.92 -0.229291
3092.28 -0.228515
3092.65 -0.22774
3093.02 -0.226967
3093.38 -0.226196
3093.75 -0.225427
3094.12 -0.224659
3094.48 -0.223894
3094.85 -0.22313
3095.21 -0.222369
3095.58 -0.221609
3095.95 -0.220851
3096.31 -0.220095
3096.68 -0.219341
3097.05 -0.218588
3097.41 -0.217838
3097.78 -0.217089
3098.14 -0.216342
3098.51 -0.215597
3098.88 -0.214853
3099.24 -0.214112
3099.61 -0.213372
3099.98 -0.212634
3100.34 -0.211898
3100.71 -0.211163
3101.07 -0.21043
3101.44 -0.209699
3101.81 -0.20897
3102.17 -0.208243
3102.54 -0.207517
3102.91 -0.206793
3103.27 -0.206071
3103.64 -0.20535
3104 -0.204631
3104.37 -0.203914
3104.74 -0.203198
3105.1 -0.202485
3105.47 -0.201772
3105.83 -0.201062
3106.2 -0.200353
3106.57 -0.199646
3106.93 -0.198941
3107.3 -0.198237
3107.67 -0.197535
3108.03 -0.196834
3108.4 -0.196135
3108.76 -0.195438
3109.13 -0.194742
3109.5 -0.194048
3109.86 -0.193356
3110.23 -0.192665
3110.6 -0.191976
3110.96 -0.191288
3111.33 -0.190602
3111.69 -0.189917
3112.06 -0.189235
3112.43 -0.188553
3112.79 -0.187873
3113.16 -0.187195
3113.53 -0.186518
3113.89 -0.185843
3114.26 -0.18517
3114.62 -0.184498
3114.99 -0.183827
3115.36 -0.183158
3115.72 -0.182491
3116.09 -0.181825
3116.45 -0.18116
3116.82 -0.180497
3117.19 -0.179835
3117.55 -0.179175
3117.92 -0.178517
3118.29 -0.17786
3118.65 -0.177204
3119.02 -0.17655
3119.38 -0.175897
3119.75 -0.175246
3120.12 -0.174596
3120.48 -0.173948
3120.85 -0.173301
3121.22 -0.172656
3121.58 -0.172012
3121.95 -0.171369
3122.31 -0.170728
3122.68 -0.170088
3123.05 -0.16945
3123.41 -0.168813
3123.78 -0.168177
3124.15 -0.167543
3124.51 -0.16691
3124.88 -0.166278
3125.24 -0.165648
3125.61 -0.16502
3125.98 -0.164392
3126.34 -0.163766
3126.71 -0.163142
3127.07 -0.162518
3127.44 -0.161896
3127.81 -0.161276
3128.17 -0.160656
3128.54 -0.160038
3128.91 -0.159422
3129.27 -0.158806
3129.64 -0.158192
3130 -0.15758
3130.37 -0.156968
3130.74 -0.156358
3131.1 -0.155749
3131.47 -0.155142
3131.84 -0.154536
3132.2 -0.153931
3132.57 -0.153327
3132.93 -0.152724
3133.3 -0.152123
3133.67 -0.151523
3134.03 -0.150925
3134.4 -0.150327
3134.77 -0.149731
3135.13 -0.149136
3135.5 -0.148543
3135.86 -0.14795
3136.23 -0.147359
3136.6 -0.146769
3136.96 -0.14618
3137.33 -0.145592
3137.7 -0.145006
3138.06 -0.144421
3138.43 -0.143837
3138.79 -0.143254
3139.16 -0.142672
3139.53 -0.142092
3139.89 -0.141513
3140.26 -0.140935
3140.62 -0.140358
3140.99 -0.139782
3141.36 -0.139207
3141.72 -0.138634
3142.09 -0.138062
3142.46 -0.137491
3142.82 -0.136921
3143.19 -0.136352
3143.55 -0.135784
3143.92 -0.135217
3144.29 -0.134652
3144.65 -0.134088
3145.02 -0.133525
3145.39 -0.132962
3145.75 -0.132401
3146.12 -0.131841
3146.48 -0.131283
3146.85 -0.130725
3147.22 -0.130168
3147.58 -0.129613
3147.95 -0.129059
3148.32 -0.128505
3148.68 -0.127953
3149.05 -0.127402
3149.41 -0.126851
3149.78 -0.126302
3150.15 -0.125754
3150.51 -0.125207
3150.88 -0.124661
3151.24 -0.124117
3151.61 -0.123573
3151.98 -0.12303
3152.34 -0.122488
3152.71 -0.121947
3153.08 -0.121408
3153.44 -0.120869
3153.81 -0.120331
3154.17 -0.119795
3154.54 -0.119259
3154.91 -0.118724
3155.27 -0.118191
3155.64 -0.117658
3156.01 -0.117126
3156.37 -0.116596
3156.74 -0.116066
3157.1 -0.115537
3157.47 -0.11501
3157.84 -0.114483
3158.2 -0.113957
3158.57 -0.113432
3158.94 -0.112908
3159.3 -0.112385
3159.67 -0.111863
3160.03 -0.111342
3160.4 -0.110822
3160.77 -0.110303
3161.13 -0.109785
3161.5 -0.109268
3161.86 -0.108752
3162.23 -0.108236
3162.6 -0.107722
3162.96 -0.107208
3163.33 -0.106696
3163.7 -0.106184
3164.06 -0.105673
3164.43 -0.105163
3164.79 -0.104654
3165.16 -0.104146
3165.53 -0.103639
3165.89 -0.103133
3166.26 -0.102627
3166.63 -0.102123
3166.99 -0.101619
3167.36 -0.101116
3167.72 -0.100615
3168.09 -0.100113
3168.46 -0.0996134
3168.82 -0.0991141
3169.19 -0.0986156
3169.56 -0.0981181
3169.92 -0.0976213
3170.29 -0.0971255
3170.65 -0.0966305
3171.02 -0.0961363
3171.39 -0.0956429
3171.75 -0.0951504
3172.12 -0.0946587
3172.49 -0.0941679
3172.85 -0.0936779
3173.22 -0.0931887
3173.58 -0.0927003
3173.95 -0.0922128
3174.32 -0.091726
3174.68 -0.0912401
3175.05 -0.0907549
3175.41 -0.0902706
3175.78 -0.0897871
3176.15 -0.0893043
3176.51 -0.0888224
3176.88 -0.0883413
3177.25 -0.0878608
3177.61 -0.0873813
3177.98 -0.0869025
3178.34 -0.0864245
3178.71 -0.0859472
3179.08 -0.0854707
3179.44 -0.0849949
3179.81 -0.08452
3180.18 -0.0840458
3180.54 -0.0835723
3180.91 -0.0830996
3181.27 -0.0826277
3181.64 -0.0821565
3182.01 -0.081686
3182.37 -0.0812163
3182.74 -0.0807473
3183.11 -0.080279
3183.47 -0.0798116
3183.84 -0.0793448
3184.2 -0.0788787
3184.57 -0.0784134
3184.94 -0.0779488
3185.3 -0.0774849
3185.67 -0.0770217
3186.03 -0.0765592
3186.4 -0.0760974
3186.77 -0.0756364
3187.13 -0.075176
3187.5 -0.0747163
3187.87 -0.0742574
3188.23 -0.0737991
3188.6 -0.0733415
3188.96 -0.0728846
3189.33 -0.0724284
3189.7 -0.0719728
3190.06 -0.071518
3190.43 -0.0710638
3190.8 -0.0706102
3191.16 -0.0701574
3191.53 -0.0697052
3191.89 -0.0692537
3192.26 -0.0688028
3192.63 -0.0683526
3192.99 -0.067903
3193.36 -0.0674541
3193.73 -0.0670059
3194.09 -0.0665582
3194.46 -0.0661113
3194.82 -0.065665
3195.19 -0.0652193
3195.56 -0.0647742
3195.92 -0.0643298
3196.29 -0.063886
3196.66 -0.0634428
3197.02 -0.0630002
3197.39 -0.0625583
3197.75 -0.062117
3198.12 -0.0616763
3198.49 -0.0612362
3198.85 -0.0607967
3199.22 -0.0603579
3199.58 -0.0599196
3199.95 -0.0594819
3200.32 -0.0590448
3200.68 -0.0586084
3201.05 -0.0581725
3201.42 -0.0577372
3201.78 -0.0573025
3202.15 -0.0568683
3202.51 -0.0564348
3202.88 -0.0560018
3203.25 -0.0555695
3203.61 -0.0551376
3203.98 -0.0547064
3204.35 -0.0542757
3204.71 -0.0538456
3205.08 -0.0534161
3205.44 -0.0529871
3205.81 -0.0525586
3206.18 -0.0521308
3206.54 -0.0517034
3206.91 -0.0512767
3207.28 -0.0508504
3207.64 -0.0504248
3208.01 -0.0499996
3208.37 -0.049575
3208.74 -0.049151
3209.11 -0.0487274
3209.47 -0.0483045
3209.84 -0.047882
3210.2 -0.04746
3210.57 -0.0470386
3210.94 -0.0466177
3211.3 -0.0461974
3211.67 -0.0457775
3212.04 -0.0453582
3212.4 -0.0449394
3212.77 -0.044521
3213.13 -0.0441032
3213.5 -0.0436859
3213.87 -0.0432691
3214.23 -0.0428528
3214.6 -0.042437
3214.97 -0.0420217
3215.33 -0.0416069
3215.7 -0.0411926
3216.06 -0.0407787
3216.43 -0.0403654
3216.8 -0.0399525
3217.16 -0.0395401
3217.53 -0.0391282
3217.9 -0.0387167
3218.26 -0.0383058
3218.63 -0.0378953
3218.99 -0.0374852
3219.36 -0.0370756
3219.73 -0.0366665
3220.09 -0.0362579
3220.46 -0.0358497
3220.82 -0.035442
3221.19 -0.0350347
3221.56 -0.0346279
3221.92 -0.0342215
3222.29 -0.0338156
3222.66 -0.0334101
3223.02 -0.0330051
3223.39 -0.0326005
3223.75 -0.0321963
3224.12 -0.0317926
3224.49 -0.0313893
3224.85 -0.0309864
3225.22 -0.030584
3225.59 -0.030182
3225.95 -0.0297805
3226.32 -0.0293793
3226.68 -0.0289785
3227.05 -0.0285782
3227.42 -0.0281783
3227.78 -0.0277788
3228.15 -0.0273797
3228.52 -0.0269811
3228.88 -0.0265827
3229.25 -0.0261849
3229.61 -0.0257875
3229.98 -0.0253904
3230.35 -0.0249937
3230.71 -0.0245974
3231.08 -0.0242016
3231.45 -0.0238061
3231.81 -0.023411
3232.18 -0.0230163
3232.54 -0.0226219
3232.91 -0.022228
3233.28 -0.0218344
3233.64 -0.0214412
3234.01 -0.0210483
3234.37 -0.0206559
3234.74 -0.0202639
3235.11 -0.0198721
3235.47 -0.0194808
3235.84 -0.0190898
3236.21 -0.0186992
3236.57 -0.018309
3236.94 -0.0179191
3237.3 -0.0175295
3237.67 -0.0171403
3238.04 -0.0167515
3238.4 -0.016363
3238.77 -0.0159749
3239.14 -0.0155871
3239.5 -0.0151997
3239.87 -0.0148126
3240.23 -0.0144258
3240.6 -0.0140394
3240.97 -0.0136533
3241.33 -0.0132675
3241.7 -0.0128821
3242.07 -0.012497
3242.43 -0.0121122
3242.8 -0.0117278
3243.16 -0.0113436
3243.53 -0.0109599
3243.9 -0.0105764
3244.26 -0.0101932
3244.63 -0.00981033
3244.99 -0.00942781
3245.36 -0.00904558
3245.73 -0.00866363
3246.09 -0.00828204
3246.46 -0.00790073
3246.83 -0.00751971
3247.19 -0.00713901
3247.56 -0.00675859
3247.92 -0.00637849
3248.29 -0.00599868
3248.66 -0.00561914
3249.02 -0.00523989
3249.39 -0.00486099
3249.76 -0.00448231
3250.12 -0.00410392
3250.49 -0.00372584
3250.85 -0.00334802
3251.22 -0.00297047
3251.59 -0.00259324
3251.95 -0.00221623
3252.32 -0.00183952
3252.69 -0.00146311
3253.05 -0.00108692
3253.42 -0.000711036
3253.78 -0.000335412
3254.15 3.99714e-05
3254.52 0.000415094
3254.88 0.000789928
3255.25 0.00116453
3255.61 0.00153888
3255.98 0.00191297
3256.35 0.00228678
3256.71 0.00266039
3257.08 0.00303373
3257.45 0.00340683
3257.81 0.00377966
3258.18 0.00415226
3258.54 0.00452462
3258.91 0.00489674
3259.28 0.00526863
3259.64 0.0056403
3260.01 0.00601172
3260.38 0.0063829
3260.74 0.00675386
3261.11 0.00712459
3261.47 0.00749511
3261.84 0.0078654
3262.21 0.00823545
3262.57 0.00860531
3262.94 0.00897494
3263.31 0.00934434
3263.67 0.00971353
3264.04 0.0100825
3264.4 0.0104513
3264.77 0.0108198
3265.14 0.0111882
3265.5 0.0115564
3265.87 0.0119243
3266.24 0.0122921
3266.6 0.0126596
3266.97 0.013027
3267.33 0.0133941
3267.7 0.0137611
3268.07 0.0141278
3268.43 0.0144944
3268.8 0.0148608
3269.16 0.015227
3269.53 0.015593
3269.9 0.0159588
3270.26 0.0163245
3270.63 0.01669
3271 0.0170553
3271.36 0.0174204
3271.73 0.0177853
3272.09 0.0181501
3272.46 0.0185147
3272.83 0.0188791
3273.19 0.0192434
3273.56 0.0196075
3273.93 0.0199714
3274.29 0.0203352
3274.66 0.0206988
3275.02 0.0210623
3275.39 0.0214255
3275.76 0.0217887
3276.12 0.0221517
3276.49 0.0225145
3276.86 0.0228772
3277.22 0.0232397
3277.59 0.0236021
3277.95 0.0239644
3278.32 0.0243264
3278.69 0.0246884
3279.05 0.0250502
3279.42 0.0254119
3279.78 0.0257735
3280.15 0.0261349
3280.52 0.0264962
3280.88 0.0268573
3281.25 0.0272183
3281.62 0.0275792
3281.98 0.02794
3282.35 0.0283007
3282.71 0.0286612
3283.08 0.0290216
3283.45 0.0293819
3283.81 0.029742
3284.18 0.0301021
3284.55 0.030462
3284.91 0.0308218
3285.28 0.0311816
3285.64 0.0315412
3286.01 0.0319007
3286.38 0.0322601
3286.74 0.0326194
3287.11 0.0329785
3287.48 0.0333376
3287.84 0.0336966
3288.21 0.0340555
3288.57 0.0344143
3288.94 0.034773
3289.31 0.0351317
3289.67 0.0354902
3290.04 0.0358486
3290.41 0.0362069
3290.77 0.0365652
3291.14 0.0369234
3291.5 0.0372815
3291.87 0.0376395
3292.24 0.0379974
3292.6 0.0383553
3292.97 0.0387131
3293.33 0.0390708
3293.7 0.0394284
3294.07 0.039786
3294.43 0.0401435
3294.8 0.0405009
3295.17 0.0408583
3295.53 0.0412156
3295.9 0.0415728
3296.26 0.04193
3296.63 0.0422872
3297 0.0426442
3297.36 0.0430012
3297.73 0.0433582
3298.1 0.0437151
3298.46 0.0440719
3298.83 0.0444287
3299.19 0.0447855
3299.56 0.0451422
3299.93 0.0454989
3300.29 0.0458555
3300.66 0.0462121
3301.03 0.0465686
3301.39 0.0469251
3301.76 0.0472816
3302.12 0.0476381
3302.49 0.0479945
3302.86 0.0483508
3303.22 0.0487072
3303.59 0.0490635
3303.95 0.0494198
3304.32 0.0497761
3304.69 0.0501323
3305.05 0.0504885
3305.42 0.0508447
3305.79 0.0512009
3306.15 0.051557
3306.52 0.0519132
3306.88 0.0522693
3307.25 0.0526255
3307.62 0.0529816
3307.98 0.0533377
3308.35 0.0536938
3308.72 0.0540499
3309.08 0.054406
3309.45 0.0547621
3309.81 0.0551181
3310.18 0.0554742
3310.55 0.0558303
3310.91 0.0561864
3311.28 0.0565425
3311.65 0.0568986
3312.01 0.0572547
3312.38 0.0576108
3312.74 0.057967
3313.11 0.0583231
3313.48 0.0586793
3313.84 0.0590355
3314.21 0.0593917
3314.57 0.0597479
3314.94 0.0601041
3315.31 0.0604604
3315.67 0.0608167
3316.04 0.061173
3316.41 0.0615294
3316.77 0.0618857
3317.14 0.0622421
3317.5 0.0625986
3317.87 0.062955
3318.24 0.0633115
3318.6 0.0636681
3318.97 0.0640247
3319.34 0.0643813
3319.7 0.0647379
3320.07 0.0650947
3320.43 0.0654514
3320.8 0.0658082
3321.17 0.066165
3321.53 0.0665219
3321.9 0.0668789
3322.27 0.0672359
3322.63 0.0675929
3323 0.06795
3323.36 0.0683072
3323.73 0.0686645
3324.1 0.0690217
3324.46 0.0693791
3324.83 0.0697365
3325.2 0.070094
3325.56 0.0704515
3325.93 0.0708092
3326.29 0.0711668
3326.66 0.0715246
3327.03 0.0718824
3327.39 0.0722403
3327.76 0.0725983
3328.12 0.0729563
3328.49 0.0733145
3328.86 0.0736727
3329.22 0.074031
3329.59 0.0743894
3329.96 0.0747478
3330.32 0.0751064
3330.69 0.075465
3331.05 0.0758238
3331.42 0.0761826
3331.79 0.0765415
3332.15 0.0769005
3332.52 0.0772597
3332.89 0.0776189
3333.25 0.0779782
3333.62 0.0783376
3333.98 0.0786971
3334.35 0.0790567
3334.72 0.0794164
3335.08 0.0797763
3335.45 0.0801362
3335.82 0.0804963
3336.18 0.0808564
3336.55 0.0812167
3336.91 0.0815771
3337.28 0.0819376
3337.65 0.0822983
3338.01 0.082659
3338.38 0.0830199
3338.74 0.0833808
3339.11 0.083742
3339.48 0.0841032
3339.84 0.0844646
3340.21 0.0848261
3340.58 0.0851877
3340.94 0.0855495
3341.31 0.0859113
3341.67 0.0862734
3342.04 0.0866355
3342.41 0.0869979
3342.77 0.0873603
3343.14 0.0877229
3343.51 0.0880856
3343.87 0.0884485
3344.24 0.0888115
3344.6 0.0891747
3344.97 0.089538
3345.34 0.0899014
3345.7 0.0902651
3346.07 0.0906289
3346.44 0.0909928
3346.8 0.0913569
3347.17 0.0917211
3347.53 0.0920855
3347.9 0.0924501
3348.27 0.0928149
3348.63 0.0931797
3349 0.0935448
3349.36 0.09391
3349.73 0.0942754
3350.1 0.094641
3350.46 0.0950067
3350.83 0.0953726
3351.2 0.0957388
3351.56 0.096105
3351.93 0.0964715
3352.29 0.0968381
3352.66 0.0972049
3353.03 0.0975719
3353.39 0.0979391
3353.76 0.0983065
3354.13 0.098674
3354.49 0.0990418
3354.86 0.0994097
3355.22 0.0997779
3355.59 0.100146
3355.96 0.100515
3356.32 0.100883
3356.69 0.101252
3357.06 0.101621
3357.42 0.101991
3357.79 0.10236
3358.15 0.10273
3358.52 0.1031
3358.89 0.10347
3359.25 0.103841
3359.62 0.104211
3359.99 0.104582
3360.35 0.104953
3360.72 0.105324
3361.08 0.105696
3361.45 0.106067
3361.82 0.106439
3362.18 0.106811
3362.55 0.107184
3362.91 0.107556
3363.28 0.107929
3363.65 0.108302
3364.01 0.108675
3364.38 0.109049
3364.75 0.109422
3365.11 0.109796
3365.48 0.11017
3365.84 0.110545
3366.21 0.11092
3366.58 0.111294
3366.94 0.11167
3367.31 0.112045
3367.68 0.112421
3368.04 0.112797
3368.41 0.113173
3368.77 0.113549
3369.14 0.113926
3369.51 0.114303
3369.87 0.11468
3370.24 0.115057
3370.61 0.115435
3370.97 0.115813
3371.34 0.116191
3371.7 0.116569
3372.07 0.116948
3372.44 0.117327
3372.8 0.117706
3373.17 0.118086
3373.53 0.118466
3373.9 0.118846
3374.27 0.119226
3374.63 0.119607
3375 0.119988
3375.37 0.120369
3375.73 0.120751
3376.1 0.121132
3376.46 0.121514
3376.83 0.121897
3377.2 0.122279
3377.56 0.122662
3377.93 0.123045
3378.3 0.123429
3378.66 0.123813
3379.03 0.124197
3379.39 0.124581
3379.76 0.124966
3380.13 0.125351
3380.49 0.125736
3380.86 0.126122
3381.23 0.126508
3381.59 0.126894
3381.96 0.127281
3382.32 0.127667
3382.69 0.128055
3383.06 0.128442
3383.42 0.12883
3383.79 0.129218
3384.16 0.129606
3384.52 0.129995
3384.89 0.130384
3385.25 0.130774
3385.62 0.131163
3385.99 0.131553
3386.35 0.131944
3386.72 0.132335
3387.08 0.132726
3387.45 0.133117
3387.82 0.133509
3388.18 0.133901
3388.55 0.134293
3388.92 0.134686
3389.28 0.135079
3389.65 0.135473
3390.01 0.135866
3390.38 0.136261
3390.75 0.136655
3391.11 0.13705
3391.48 0.137445
3391.85 0.137841
3392.21 0.138237
3392.58 0.138633
3392.94 0.139029
3393.31 0.139426
3393.68 0.139824
3394.04 0.140221
3394.41 0.14062
3394.78 0.141018
3395.14 0.141417
3395.51 0.141816
3395.87 0.142216
3396.24 0.142616
3396.61 0.143016
3396.97 0.143417
3397.34 0.143818
3397.7 0.144219
3398.07 0.144621
3398.44 0.145023
3398.8 0.145426
3399.17 0.145829
3399.54 0.146232
3399.9 0.146636
3400.27 0.14704
3400.63 0.147445
3401 0.14785
3401.37 0.148255
3401.73 0.148661
3402.1 0.149067
3402.47 0.149474
3402.83 0.149881
3403.2 0.150289
3403.56 0.150696
3403.93 0.151105
3404.3 0.151513
3404.66 0.151922
3405.03 0.152332
3405.4 0.152742
3405.76 0.153152
3406.13 0.153563
3406.49 0.153974
3406.86 0.154386
3407.23 0.154798
3407.59 0.15521
3407.96 0.155623
3408.32 0.156037
3408.69 0.15645
3409.06 0.156865
3409.42 0.157279
3409.79 0.157695
3410.16 0.15811
3410.52 0.158526
3410.89 0.158943
3411.25 0.159359
3411.62 0.159777
3411.99 0.160195
3412.35 0.160613
3412.72 0.161032
3413.09 0.161451
3413.45 0.16187
3413.82 0.16229
3414.18 0.162711
3414.55 0.163132
3414.92 0.163554
3415.28 0.163975
3415.65 0.164398
3416.02 0.164821
3416.38 0.165244
3416.75 0.165668
3417.11 0.166092
3417.48 0.166517
3417.85 0.166942
3418.21 0.167368
3418.58 0.167795
3418.95 0.168221
3419.31 0.168649
3419.68 0.169076
3420.04 0.169505
3420.41 0.169933
3420.78 0.170362
3421.14 0.170792
3421.51 0.171222
3421.87 0.171653
3422.24 0.172084
3422.61 0.172516
3422.97 0.172948
3423.34 0.173381
3423.71 0.173814
3424.07 0.174248
3424.44 0.174683
3424.8 0.175117
3425.17 0.175553
3425.54 0.175989
3425.9 0.176425
3426.27 0.176862
3426.64 0.177299
3427 0.177737
3427.37 0.178176
3427.73 0.178615
3428.1 0.179054
3428.47 0.179495
3428.83 0.179935
3429.2 0.180376
3429.57 0.180818
3429.93 0.18126
3430.3 0.181703
3430.66 0.182147
3431.03 0.182591
3431.4 0.183035
3431.76 0.18348
3432.13 0.183926
3432.49 0.184372
3432.86 0.184819
3433.23 0.185266
3433.59 0.185714
3433.96 0.186162
3434.33 0.186611
3434.69 0.187061
3435.06 0.187511
3435.42 0.187962
3435.79 0.188413
3436.16 0.188865
3436.52 0.189317
3436.89 0.18977
3437.26 0.190224
3437.62 0.190678
3437.99 0.191133
3438.35 0.191588
3438.72 0.192044
3439.09 0.192501
3439.45 0.192958
3439.82 0.193416
3440.19 0.193874
3440.55 0.194333
3440.92 0.194793
3441.28 0.195253
3441.65 0.195714
3442.02 0.196176
3442.38 0.196638
3442.75 0.1971
3443.11 0.197563
3443.48 0.198027
3443.85 0.198492
3444.21 0.198957
3444.58 0.199423
3444.95 0.199889
3445.31 0.200356
3445.68 0.200824
3446.04 0.201292
3446.41 0.201761
3446.78 0.202231
3447.14 0.202701
3447.51 0.203172
3447.88 0.203644
3448.24 0.204116
3448.61 0.204589
3448.97 0.205062
3449.34 0.205536
3449.71 0.206011
3450.07 0.206487
3450.44 0.206963
3450.81 0.20744
3451.17 0.207917
3451.54 0.208395
3451.9 0.208874
3452.27 0.209354
3452.64 0.209834
3453 0.210315
3453.37 0.210796
3453.74 0.211278
3454.1 0.211761
3454.47 0.212245
3454.83 0.212729
3455.2 0.213214
3455.57 0.2137
3455.93 0.214186
3456.3 0.214673
3456.66 0.215161
3457.03 0.215649
3457.4 0.216139
3457.76 0.216628
3458.13 0.217119
3458.5 0.21761
3458.86 0.218102
3459.23 0.218595
3459.59 0.219088
3459.96 0.219583
3460.33 0.220077
3460.69 0.220573
3461.06 0.221069
3461.43 0.221567
3461.79 0.222064
3462.16 0.222563
3462.52 0.223062
3462.89 0.223562
3463.26 0.224063
3463.62 0.224564
3463.99 0.225067
3464.36 0.22557
3464.72 0.226073
3465.09 0.226578
3465.45 0.227083
3465.82 0.227589
3466.19 0.228096
3466.55 0.228604
3466.92 0.229112
3467.28 0.229621
3467.65 0.230131
3468.02 0.230641
3468.38 0.231153
3468.75 0.231665
3469.12 0.232178
3469.48 0.232692
3469.85 0.233206
3470.21 0.233722
3470.58 0.234238
3470.95 0.234755
3471.31 0.235272
3471.68 0.235791
3472.05 0.23631
3472.41 0.23683
3472.78 0.237351
3473.14 0.237873
3473.51 0.238396
3473.88 0.238919
3474.24 0.239443
3474.61 0.239968
3474.98 0.240494
3475.34 0.24102
3475.71 0.241548
3476.07 0.242076
3476.44 0.242605
3476.81 0.243135
3477.17 0.243666
3477.54 0.244198
3477.91 0.24473
3478.27 0.245263
3478.64 0.245798
3479 0.246333
3479.37 0.246868
3479.74 0.247405
3480.1 0.247943
3480.47 0.248481
3480.83 0.24902
3481.2 0.249561
3481.57 0.250102
3481.93 0.250644
3482.3 0.251186
3482.67 0.25173
3483.03 0.252274
3483.4 0.25282
3483.76 0.253366
3484.13 0.253913
3484.5 0.254461
3484.86 0.25501
3485.23 0.25556
3485.6 0.256111
3485.96 0.256662
3486.33 0.257215
3486.69 0.257768
3487.06 0.258323
3487.43 0.258878
3487.79 0.259434
3488.16 0.259991
3488.53 0.260549
3488.89 0.261108
3489.26 0.261668
3489.62 0.262229
3489.99 0.262791
3490.36 0.263353
3490.72 0.263917
3491.09 0.264481
3491.45 0.265047
3491.82 0.265613
3492.19 0.26618
3492.55 0.266749
3492.92 0.267318
3493.29 0.267888
3493.65 0.268459
3494.02 0.269031
3494.38 0.269604
3494.75 0.270179
3495.12 0.270754
3495.48 0.271329
3495.85 0.271906
3496.22 0.272484
3496.58 0.273063
3496.95 0.273643
3497.31 0.274224
3497.68 0.274806
3498.05 0.275389
3498.41 0.275973
3498.78 0.276558
3499.15 0.277143
3499.51 0.27773
3499.88 0.278318
3500.24 0.278907
3500.61 0.279497
3500.98 0.280088
3501.34 0.28068
3501.71 0.281273
3502.07 0.281867
3502.44 0.282462
3502.81 0.283058
3503.17 0.283655
3503.54 0.284253
3503.91 0.284852
3504.27 0.285452
3504.64 0.286053
3505 0.286656
3505.37 0.287259
3505.74 0.287863
3506.1 0.288469
3506.47 0.289075
3506.84 0.289683
3507.2 0.290292
3507.57 0.290901
3507.93 0.291512
3508.3 0.292124
3508.67 0.292737
3509.03 0.293351
3509.4 0.293966
3509.77 0.294582
3510.13 0.295199
3510.5 0.295818
3510.86 0.296437
3511.23 0.297058
3511.6 0.297679
3511.96 0.298302
3512.33 0.298926
3512.7 0.299551
3513.06 0.300177
3513.43 0.300805
3513.79 0.301433
3514.16 0.302062
3514.53 0.302693
3514.89 0.303325
3515.26 0.303958
3515.62 0.304592
3515.99 0.305227
3516.36 0.305863
3516.72 0.306501
3517.09 0.307139
3517.46 0.307779
3517.82 0.30842
3518.19 0.309062
3518.55 0.309706
3518.92 0.31035
3519.29 0.310996
3519.65 0.311642
3520.02 0.31229
3520.39 0.312939
3520.75 0.31359
3521.12 0.314241
3521.48 0.314894
3521.85 0.315548
3522.22 0.316203
3522.58 0.316859
3522.95 0.317517
3523.32 0.318176
3523.68 0.318836
3524.05 0.319497
3524.41 0.320159
3524.78 0.320823
3525.15 0.321488
3525.51 0.322154
3525.88 0.322821
3526.24 0.32349
3526.61 0.32416
3526.98 0.324831
3527.34 0.325503
3527.71 0.326176
3528.08 0.326851
3528.44 0.327527
3528.81 0.328205
3529.17 0.328883
3529.54 0.329563
3529.91 0.330244
3530.27 0.330927
3530.64 0.33161
3531.01 0.332295
3531.37 0.332981
3531.74 0.333669
3532.1 0.334358
3532.47 0.335048
3532.84 0.335739
3533.2 0.336432
3533.57 0.337126
3533.94 0.337822
3534.3 0.338518
3534.67 0.339216
3535.03 0.339916
3535.4 0.340616
3535.77 0.341318
3536.13 0.342022
3536.5 0.342726
3536.86 0.343432
3537.23 0.34414
3537.6 0.344848
3537.96 0.345558
3538.33 0.34627
3538.7 0.346983
3539.06 0.347697
3539.43 0.348412
3539.79 0.349129
3540.16 0.349847
3540.53 0.350567
3540.89 0.351288
3541.26 0.35201
3541.63 0.352734
3541.99 0.353459
3542.36 0.354186
3542.72 0.354914
3543.09 0.355643
3543.46 0.356374
3543.82 0.357106
3544.19 0.35784
3544.56 0.358575
3544.92 0.359312
3545.29 0.36005
3545.65 0.360789
3546.02 0.36153
3546.39 0.362272
3546.75 0.363016
3547.12 0.363761
3547.49 0.364508
3547.85 0.365256
3548.22 0.366005
3548.58 0.366756
3548.95 0.367509
3549.32 0.368263
3549.68 0.369018
3550.05 0.369775
3550.41 0.370533
3550.78 0.371293
3551.15 0.372055
3551.51 0.372818
3551.88 0.373582
3552.25 0.374348
3552.61 0.375115
3552.98 0.375884
3553.34 0.376655
3553.71 0.377427
3554.08 0.3782
3554.44 0.378975
3554.81 0.379752
3555.18 0.38053
3555.54 0.381309
3555.91 0.382091
3556.27 0.382873
3556.64 0.383658
3557.01 0.384444
3557.37 0.385231
3557.74 0.38602
3558.11 0.386811
3558.47 0.387603
3558.84 0.388397
3559.2 0.389192
3559.57 0.389989
3559.94 0.390787
3560.3 0.391587
3560.67 0.392389
3561.03 0.393193
3561.4 0.393998
3561.77 0.394804
3562.13 0.395612
3562.5 0.396422
3562.87 0.397234
3563.23 0.398047
3563.6 0.398862
3563.96 0.399678
3564.33 0.400496
3564.7 0.401316
3565.06 0.402137
3565.43 0.40296
3565.8 0.403785
3566.16 0.404611
3566.53 0.405439
3566.89 0.406269
3567.26 0.4071
3567.63 0.407933
3567.99 0.408768
3568.36 0.409605
3568.73 0.410443
3569.09 0.411283
3569.46 0.412124
3569.82 0.412968
3570.19 0.413813
3570.56 0.41466
3570.92 0.415508
3571.29 0.416358
3571.66 0.41721
3572.02 0.418064
3572.39 0.41892
3572.75 0.419777
3573.12 0.420636
3573.49 0.421497
3573.85 0.422359
3574.22 0.423224
3574.58 0.42409
3574.95 0.424957
3575.32 0.425827
3575.68 0.426699
3576.05 0.427572
3576.42 0.428447
3576.78 0.429324
3577.15 0.430202
3577.51 0.431083
3577.88 0.431965
3578.25 0.432849
3578.61 0.433735
3578.98 0.434623
3579.35 0.435513
3579.71 0.436404
3580.08 0.437298
3580.44 0.438193
3580.81 0.43909
3581.18 0.439989
3581.54 0.44089
3581.91 0.441792
3582.28 0.442697
3582.64 0.443604
3583.01 0.444512
3583.37 0.445422
3583.74 0.446334
3584.11 0.447248
3584.47 0.448164
3584.84 0.449082
3585.2 0.450002
3585.57 0.450924
3585.94 0.451847
3586.3 0.452773
3586.67 0.4537
3587.04 0.45463
3587.4 0.455561
3587.77 0.456495
3588.13 0.45743
3588.5 0.458367
3588.87 0.459307
3589.23 0.460248
3589.6 0.461191
3589.97 0.462136
3590.33 0.463084
3590.7 0.464033
3591.06 0.464984
3591.43 0.465937
3591.8 0.466893
3592.16 0.46785
3592.53 0.468809
3592.9 0.46977
3593.26 0.470734
3593.63 0.471699
3593.99 0.472667
3594.36 0.473636
3594.73 0.474608
3595.09 0.475581
3595.46 0.476557
3595.82 0.477535
3596.19 0.478515
3596.56 0.479497
3596.92 0.480481
3597.29 0.481467
3597.66 0.482455
3598.02 0.483446
3598.39 0.484438
3598.75 0.485432
3599.12 0.486429
3599.49 0.487428
3599.85 0.488429
3600.22 0.489432
3600.59 0.490437
3600.95 0.491444
3601.32 0.492454
3601.68 0.493466
3602.05 0.49448
3602.42 0.495495
3602.78 0.496514
3603.15 0.497534
3603.52 0.498557
3603.88 0.499581
3604.25 0.500608
3604.61 0.501638
3604.98 0.502669
3605.35 0.503702
3605.71 0.504738
3606.08 0.505776
3606.45 0.506817
3606.81 0.507859
3607.18 0.508904
3607.54 0.509951
3607.91 0.511
3608.28 0.512052
3608.64 0.513105
3609.01 0.514161
3609.37 0.51522
3609.74 0.51628
3610.11 0.517343
3610.47 0.518409
3610.84 0.519476
3611.21 0.520546
3611.57 0.521618
3611.94 0.522693
3612.3 0.523769
3612.67 0.524848
3613.04 0.52593
3613.4 0.527014
3613.77 0.5281
3614.14 0.529188
3614.5 0.530279
3614.87 0.531372
3615.23 0.532468
3615.6 0.533566
3615.97 0.534666
3616.33 0.535769
3616.7 0.536874
3617.07 0.537982
3617.43 0.539092
3617.8 0.540204
3618.16 0.541319
3618.53 0.542436
3618.9 0.543556
3619.26 0.544678
3619.63 0.545803
3619.99 0.54693
3620.36 0.548059
3620.73 0.549191
3621.09 0.550325
3621.46 0.551462
3621.83 0.552601
3622.19 0.553743
3622.56 0.554888
3622.92 0.556035
3623.29 0.557184
3623.66 0.558336
3624.02 0.55949
3624.39 0.560647
3624.76 0.561807
3625.12 0.562968
3625.49 0.564133
3625.85 0.5653
3626.22 0.56647
3626.59 0.567642
3626.95 0.568817
3627.32 0.569994
3627.69 0.571174
3628.05 0.572356
3628.42 0.573541
3628.78 0.574729
3629.15 0.575919
3629.52 0.577112
3629.88 0.578308
3630.25 0.579506
3630.61 0.580707
3630.98 0.58191
3631.35 0.583116
3631.71 0.584325
3632.08 0.585536
3632.45 0.58675
3632.81 0.587967
3633.18 0.589186
3633.54 0.590408
3633.91 0.591633
3634.28 0.59286
3634.64 0.59409
3635.01 0.595324
3635.38 0.596559
3635.74 0.597797
3636.11 0.599038
3636.47 0.600282
3636.84 0.601528
3637.21 0.602778
3637.57 0.604029
3637.94 0.605284
3638.31 0.606542
3638.67 0.607802
3639.04 0.609065
3639.4 0.610331
3639.77 0.611599
3640.14 0.612871
3640.5 0.614145
3640.87 0.615422
3641.24 0.616702
3641.6 0.617985
3641.97 0.61927
3642.33 0.620559
3642.7 0.62185
3643.07 0.623144
3643.43 0.624441
3643.8 0.62574
3644.16 0.627043
3644.53 0.628349
3644.9 0.629657
3645.26 0.630968
3645.63 0.632283
3646 0.6336
3646.36 0.63492
3646.73 0.636243
3647.09 0.637568
3647.46 0.638897
3647.83 0.640229
3648.19 0.641563
3648.56 0.642901
3648.93 0.644241
3649.29 0.645585
3649.66 0.646931
3650.02 0.648281
3650.39 0.649633
3650.76 0.650989
3651.12 0.652347
3651.49 0.653708
3651.86 0.655073
3652.22 0.65644
3652.59 0.657811
3652.95 0.659184
3653.32 0.660561
3653.69 0.66194
3654.05 0.663323
3654.42 0.664708
3654.78 0.666097
3655.15 0.667489
3655.52 0.668884
3655.88 0.670282
3656.25 0.671683
3656.62 0.673087
3656.98 0.674494
3657.35 0.675905
3657.71 0.677318
3658.08 0.678735
3658.45 0.680154
3658.81 0.681577
3659.18 0.683003
3659.55 0.684433
3659.91 0.685865
3660.28 0.6873
3660.64 0.688739
3661.01 0.690181
3661.38 0.691626
3661.74 0.693074
3662.11 0.694525
3662.48 0.69598
3662.84 0.697438
3663.21 0.698899
3663.57 0.700363
3663.94 0.70183
3664.31 0.703301
3664.67 0.704775
3665.04 0.706252
3665.41 0.707733
3665.77 0.709216
3666.14 0.710703
3666.5 0.712194
3666.87 0.713687
3667.24 0.715184
3667.6 0.716684
3667.97 0.718188
3668.33 0.719694
3668.7 0.721204
3669.07 0.722718
3669.43 0.724234
3669.8 0.725754
3670.17 0.727278
3670.53 0.728805
3670.9 0.730334
3671.26 0.731868
3671.63 0.733405
3672 0.734945
3672.36 0.736489
3672.73 0.738036
3673.1 0.739586
3673.46 0.74114
3673.83 0.742697
3674.19 0.744257
3674.56 0.745821
3674.93 0.747389
3675.29 0.74896
3675.66 0.750534
3676.03 0.752112
3676.39 0.753693
3676.76 0.755278
3677.12 0.756866
3677.49 0.758457
3677.86 0.760052
3678.22 0.761651
3678.59 0.763253
3678.95 0.764858
3679.32 0.766468
3679.69 0.76808
3680.05 0.769696
3680.42 0.771316
3680.79 0.772939
3681.15 0.774565
3681.52 0.776196
3681.88 0.77783
3682.25 0.779467
3682.62 0.781108
3682.98 0.782752
3683.35 0.7844
3683.72 0.786052
3684.08 0.787707
3684.45 0.789366
3684.81 0.791028
3685.18 0.792694
3685.55 0.794364
3685.91 0.796037
3686.28 0.797714
3686.65 0.799394
3687.01 0.801078
3687.38 0.802766
3687.74 0.804457
3688.11 0.806152
3688.48 0.807851
3688.84 0.809554
3689.21 0.811259
3689.57 0.812969
3689.94 0.814682
3690.31 0.816399
3690.67 0.81812
3691.04 0.819845
3691.41 0.821573
3691.77 0.823305
3692.14 0.825041
3692.5 0.82678
3692.87 0.828523
3693.24 0.83027
3693.6 0.83202
3693.97 0.833775
3694.34 0.835533
3694.7 0.837294
3695.07 0.83906
3695.43 0.840829
3695.8 0.842602
3696.17 0.844379
3696.53 0.84616
3696.9 0.847944
3697.27 0.849733
3697.63 0.851525
3698 0.85332
3698.36 0.85512
3698.73 0.856924
3699.1 0.858731
3699.46 0.860542
3699.83 0.862357
3700.2 0.864176
3700.56 0.865999
3700.93 0.867825
3701.29 0.869656
3701.66 0.87149
3702.03 0.873328
3702.39 0.87517
3702.76 0.877016
3703.12 0.878865
3703.49 0.880719
3703.86 0.882576
3704.22 0.884438
3704.59 0.886303
3704.96 0.888172
3705.32 0.890045
3705.69 0.891922
3706.05 0.893803
3706.42 0.895688
3706.79 0.897577
3707.15 0.899469
3707.52 0.901366
3707.89 0.903266
3708.25 0.905171
3708.62 0.907079
3708.98 0.908992
3709.35 0.910908
3709.72 0.912828
3710.08 0.914753
3710.45 0.916681
3710.82 0.918613
3711.18 0.920549
3711.55 0.922489
3711.91 0.924434
3712.28 0.926381
3712.65 0.928334
3713.01 0.93029
3713.38 0.93225
3713.74 0.934214
3714.11 0.936182
3714.48 0.938154
3714.84 0.94013
3715.21 0.942111
3715.58 0.944095
3715.94 0.946083
3716.31 0.948075
3716.67 0.950071
3717.04 0.952071
3717.41 0.954076
3717.77 0.956084
3718.14 0.958096
3718.51 0.960113
3718.87 0.962134
3719.24 0.964158
3719.6 0.966186
3719.97 0.968219
3720.34 0.970256
3720.7 0.972296
3721.07 0.974341
3721.44 0.97639
3721.8 0.978443
3722.17 0.9805
3722.53 0.982561
3722.9 0.984626
3723.27 0.986696
3723.63 0.988769
3724 0.990846
3724.36 0.992928
3724.73 0.995013
3725.1 0.997103
3725.46 0.999197
3725.83 1.00129
3726.2 1.0034
3726.56 1.0055
3726.93 1.00761
3727.29 1.00973
3727.66 1.01184
3728.03 1.01397
3728.39 1.01609
3728.76 1.01822
3729.13 1.02036
3729.49 1.0225
3729.86 1.02464
3730.22 1.02679
3730.59 1.02894
3730.96 1.03109
3731.32 1.03325
3731.69 1.03542
3732.06 1.03758
3732.42 1.03975
3732.79 1.04193
3733.15 1.04411
3733.52 1.04629
3733.89 1.04848
3734.25 1.05067
3734.62 1.05287
3734.99 1.05507
3735.35 1.05727
3735.72 1.05948
3736.08 1.0617
3736.45 1.06391
3736.82 1.06613
3737.18 1.06836
3737.55 1.07059
3737.91 1.07282
3738.28 1.07506
3738.65 1.0773
3739.01 1.07954
3739.38 1.08179
3739.75 1.08405
3740.11 1.0863
3740.48 1.08856
3740.84 1.09083
3741.21 1.0931
3741.58 1.09537
3741.94 1.09765
3742.31 1.09993
3742.68 1.10222
3743.04 1.10451
3743.41 1.1068
3743.77 1.1091
3744.14 1.1114
3744.51 1.11371
3744.87 1.11602
3745.24 1.11834
3745.61 1.12065
3745.97 1.12298
3746.34 1.1253
3746.7 1.12763
3747.07 1.12997
3747.44 1.13231
3747.8 1.13465
3748.17 1.137
3748.53 1.13935
3748.9 1.1417
3749.27 1.14406
3749.63 1.14642
3750 1.14879
3750.37 1.15116
3750.73 1.15353
3751.1 1.15591
3751.46 1.15829
3751.83 1.16068
3752.2 1.16307
3752.56 1.16546
3752.93 1.16786
3753.3 1.17026
3753.66 1.17267
3754.03 1.17508
3754.39 1.17749
3754.76 1.17991
3755.13 1.18233
3755.49 1.18476
3755.86 1.18719
3756.23 1.18962
3756.59 1.19206
3756.96 1.1945
3757.32 1.19694
3757.69 1.19939
3758.06 1.20185
3758.42 1.2043
3758.79 1.20676
3759.16 1.20923
3759.52 1.21169
3759.89 1.21417
3760.25 1.21664
3760.62 1.21912
3760.99 1.2216
3761.35 1.22409
3761.72 1.22658
3762.08 1.22907
3762.45 1.23157
3762.82 1.23407
3763.18 1.23658
3763.55 1.23909
3763.92 1.2416
3764.28 1.24412
3764.65 1.24664
3765.01 1.24916
3765.38 1.25169
3765.75 1.25422
3766.11 1.25675
3766.48 1.25929
3766.85 1.26183
3767.21 1.26438
3767.58 1.26692
3767.94 1.26948
3768.31 1.27203
3768.68 1.27459
3769.04 1.27715
3769.41 1.27972
3769.78 1.28229
3770.14 1.28486
3770.51 1.28744
3770.87 1.29002
3771.24 1.2926
3771.61 1.29519
3771.97 1.29778
3772.34 1.30037
3772.7 1.30297
3773.07 1.30557
3773.44 1.30817
3773.8 1.31078
3774.17 1.31339
3774.54 1.316
3774.9 1.31862
3775.27 1.32124
3775.63 1.32386
3776 1.32649
3776.37 1.32912
3776.73 1.33175
3777.1 1.33439
3777.47 1.33703
3777.83 1.33967
3778.2 1.34231
3778.56 1.34496
3778.93 1.34761
3779.3 1.35027
3779.66 1.35293
3780.03 1.35559
3780.4 1.35825
3780.76 1.36092
3781.13 1.36358
3781.49 1.36626
3781.86 1.36893
3782.23 1.37161
3782.59 1.37429
3782.96 1.37697
3783.32 1.37966
3783.69 1.38235
3784.06 1.38504
3784.42 1.38774
3784.79 1.39043
3785.16 1.39313
3785.52 1.39584
3785.89 1.39854
3786.25 1.40125
3786.62 1.40396
3786.99 1.40667
3787.35 1.40939
3787.72 1.41211
3788.09 1.41483
3788.45 1.41755
3788.82 1.42027
3789.18 1.423
3789.55 1.42573
3789.92 1.42847
3790.28 1.4312
3790.65 1.43394
3791.02 1.43668
3791.38 1.43942
3791.75 1.44216
3792.11 1.44491
3792.48 1.44766
3792.85 1.45041
3793.21 1.45316
3793.58 1.45592
3793.95 1.45867
3794.31 1.46143
3794.68 1.46419
3795.04 1.46696
3795.41 1.46972
3795.78 1.47249
3796.14 1.47526
3796.51 1.47803
3796.87 1.4808
3797.24 1.48357
3797.61 1.48635
3797.97 1.48913
3798.34 1.4919
3798.71 1.49469
3799.07 1.49747
3799.44 1.50025
3799.8 1.50304
3800.17 1.50582
3800.54 1.50861
3800.9 1.5114
3801.27 1.51419
3801.64 1.51699
3802 1.51978
3802.37 1.52258
3802.73 1.52537
3803.1 1.52817
3803.47 1.53097
3803.83 1.53377
3804.2 1.53657
3804.57 1.53937
3804.93 1.54218
3805.3 1.54498
3805.66 1.54779
3806.03 1.55059
3806.4 1.5534
3806.76 1.55621
3807.13 1.55902
3807.49 1.56183
3807.86 1.56464
3808.23 1.56745
3808.59 1.57026
3808.96 1.57307
3809.33 1.57588
3809.69 1.5787
3810.06 1.58151
3810.42 1.58433
3810.79 1.58714
3811.16 1.58996
3811.52 1.59277
3811.89 1.59559
3812.26 1.5984
3812.62 1.60122
3812.99 1.60403
3813.35 1.60685
3813.72 1.60967
3814.09 1.61248
3814.45 1.6153
3814.82 1.61811
3815.19 1.62093
3815.55 1.62375
3815.92 1.62656
3816.28 1.62938
3816.65 1.63219
3817.02 1.63501
3817.38 1.63782
3817.75 1.64063
3818.11 1.64345
3818.48 1.64626
3818.85 1.64907
3819.21 1.65188
3819.58 1.65469
3819.95 1.6575
3820.31 1.66031
3820.68 1.66312
3821.04 1.66593
3821.41 1.66873
3821.78 1.67154
3822.14 1.67434
3822.51 1.67715
3822.88 1.67995
3823.24 1.68275
3823.61 1.68555
3823.97 1.68835
3824.34 1.69114
3824.71 1.69394
3825.07 1.69673
3825.44 1.69952
3825.81 1.70231
3826.17 1.7051
3826.54 1.70789
3826.9 1.71068
3827.27 1.71346
3827.64 1.71624
3828 1.71902
3828.37 1.7218
3828.74 1.72457
3829.1 1.72735
3829.47 1.73012
3829.83 1.73289
3830.2 1.73565
3830.57 1.73842
3830.93 1.74118
3831.3 1.74394
3831.66 1.7467
3832.03 1.74945
3832.4 1.7522
3832.76 1.75495
3833.13 1.7577
3833.5 1.76044
3833.86 1.76318
3834.23 1.76592
3834.59 1.76866
3834.96 1.77139
3835.33 1.77412
3835.69 1.77684
3836.06 1.77956
3836.43 1.78228
3836.79 1.785
3837.16 1.78771
3837.52 1.79042
3837.89 1.79312
3838.26 1.79583
3838.62 1.79852
3838.99 1.80122
3839.36 1.80391
3839.72 1.80659
3840.09 1.80928
3840.45 1.81195
3840.82 1.81463
3841.19 1.8173
3841.55 1.81996
3841.92 1.82263
3842.28 1.82528
3842.65 1.82794
3843.02 1.83059
3843.38 1.83323
3843.75 1.83587
3844.12 1.8385
3844.48 1.84113
3844.85 1.84376
3845.21 1.84638
3845.58 1.84899
3845.95 1.8516
3846.31 1.85421
3846.68 1.85681
3847.05 1.8594
3847.41 1.86199
3847.78 1.86458
3848.14 1.86716
3848.51 1.86973
3848.88 1.8723
3849.24 1.87486
3849.61 1.87741
3849.98 1.87997
3850.34 1.88251
3850.71 1.88505
3851.07 1.88758
3851.44 1.89011
3851.81 1.89263
3852.17 1.89514
3852.54 1.89765
3852.91 1.90015
3853.27 1.90265
3853.64 1.90514
3854 1.90762
3854.37 1.9101
3854.74 1.91257
3855.1 1.91503
3855.47 1.91748
3855.83 1.91993
3856.2 1.92238
3856.57 1.92481
3856.93 1.92724
3857.3 1.92966
3857.67 1.93207
3858.03 1.93448
3858.4 1.93688
3858.76 1.93927
3859.13 1.94165
3859.5 1.94403
3859.86 1.94639
3860.23 1.94876
3860.6 1.95111
3860.96 1.95345
3861.33 1.95579
3861.69 1.95812
3862.06 1.96044
3862.43 1.96275
3862.79 1.96505
3863.16 1.96735
3863.53 1.96964
3863.89 1.97192
3864.26 1.97419
3864.62 1.97645
3864.99 1.9787
3865.36 1.98095
3865.72 1.98318
3866.09 1.98541
3866.45 1.98763
3866.82 1.98983
3867.19 1.99203
3867.55 1.99422
3867.92 1.9964
3868.29 1.99858
3868.65 2.00074
3869.02 2.00289
3869.38 2.00503
3869.75 2.00717
3870.12 2.00929
3870.48 2.01141
3870.85 2.01351
3871.22 2.0156
3871.58 2.01769
3871.95 2.01976
3872.31 2.02183
3872.68 2.02388
3873.05 2.02592
3873.41 2.02796
3873.78 2.02998
3874.15 2.03199
3874.51 2.03399
3874.88 2.03599
3875.24 2.03797
3875.61 2.03993
3875.98 2.04189
3876.34 2.04384
3876.71 2.04578
3877.07 2.04771
3877.44 2.04962
3877.81 2.05152
3878.17 2.05342
3878.54 2.0553
3878.91 2.05717
3879.27 2.05903
3879.64 2.06087
3880 2.06271
3880.37 2.06453
3880.74 2.06635
3881.1 2.06815
3881.47 2.06993
3881.84 2.07171
3882.2 2.07348
3882.57 2.07523
3882.93 2.07697
3883.3 2.0787
3883.67 2.08041
3884.03 2.08212
3884.4 2.08381
3884.77 2.08549
3885.13 2.08716
3885.5 2.08881
3885.86 2.09045
3886.23 2.09208
3886.6 2.0937
3886.96 2.0953
3887.33 2.09689
3887.7 2.09847
3888.06 2.10003
3888.43 2.10159
3888.79 2.10313
3889.16 2.10465
3889.53 2.10616
3889.89 2.10766
3890.26 2.10915
3890.62 2.11062
3890.99 2.11208
3891.36 2.11353
3891.72 2.11496
3892.09 2.11638
3892.46 2.11778
3892.82 2.11917
3893.19 2.12055
3893.55 2.12192
3893.92 2.12327
3894.29 2.1246
3894.65 2.12592
3895.02 2.12723
3895.39 2.12853
3895.75 2.12981
3896.12 2.13107
3896.48 2.13232
3896.85 2.13356
3897.22 2.13478
3897.58 2.13599
3897.95 2.13719
3898.32 2.13837
3898.68 2.13953
3899.05 2.14068
3899.41 2.14182
3899.78 2.14294
3900.15 2.14405
3900.51 2.14514
3900.88 2.14622
3901.24 2.14728
3901.61 2.14833
3901.98 2.14936
3902.34 2.15038
3902.71 2.15138
3903.08 2.15237
3903.44 2.15335
3903.81 2.1543
3904.17 2.15525
3904.54 2.15618
3904.91 2.15709
3905.27 2.15799
3905.64 2.15887
3906.01 2.15973
3906.37 2.16059
3906.74 2.16142
3907.1 2.16224
3907.47 2.16305
3907.84 2.16384
3908.2 2.16461
3908.57 2.16537
3908.94 2.16612
3909.3 2.16684
3909.67 2.16756
3910.03 2.16825
3910.4 2.16893
3910.77 2.1696
3911.13 2.17025
3911.5 2.17088
3911.86 2.1715
3912.23 2.1721
3912.6 2.17269
3912.96 2.17326
3913.33 2.17381
3913.7 2.17435
3914.06 2.17487
3914.43 2.17538
3914.79 2.17587
3915.16 2.17635
3915.53 2.17681
3915.89 2.17725
3916.26 2.17768
3916.63 2.17809
3916.99 2.17848
3917.36 2.17886
3917.72 2.17922
3918.09 2.17957
3918.46 2.1799
3918.82 2.18022
3919.19 2.18052
3919.56 2.1808
3919.92 2.18106
3920.29 2.18131
3920.65 2.18155
3921.02 2.18176
3921.39 2.18197
3921.75 2.18215
3922.12 2.18232
3922.49 2.18247
3922.85 2.18261
3923.22 2.18273
3923.58 2.18283
3923.95 2.18292
3924.32 2.183
3924.68 2.18305
3925.05 2.18309
3925.41 2.18311
3925.78 2.18312
3926.15 2.18311
3926.51 2.18309
3926.88 2.18304
3927.25 2.18299
3927.61 2.18291
3927.98 2.18282
3928.34 2.18272
3928.71 2.18259
3929.08 2.18246
3929.44 2.1823
3929.81 2.18213
3930.18 2.18194
3930.54 2.18174
3930.91 2.18152
3931.27 2.18128
3931.64 2.18103
3932.01 2.18077
3932.37 2.18048
3932.74 2.18018
3933.11 2.17987
3933.47 2.17953
3933.84 2.17919
3934.2 2.17882
3934.57 2.17844
3934.94 2.17805
3935.3 2.17764
3935.67 2.17721
3936.03 2.17677
3936.4 2.17631
3936.77 2.17583
3937.13 2.17534
3937.5 2.17483
3937.87 2.17431
3938.23 2.17377
3938.6 2.17322
3938.96 2.17265
3939.33 2.17206
3939.7 2.17146
3940.06 2.17085
3940.43 2.17021
3940.8 2.16956
3941.16 2.1689
3941.53 2.16822
3941.89 2.16753
3942.26 2.16682
3942.63 2.16609
3942.99 2.16535
3943.36 2.1646
3943.73 2.16383
3944.09 2.16304
3944.46 2.16224
3944.82 2.16142
3945.19 2.16059
3945.56 2.15974
3945.92 2.15888
3946.29 2.158
3946.66 2.15711
3947.02 2.1562
3947.39 2.15528
3947.75 2.15434
3948.12 2.15339
3948.49 2.15242
3948.85 2.15144
3949.22 2.15044
3949.58 2.14943
3949.95 2.14841
3950.32 2.14737
3950.68 2.14631
3951.05 2.14524
3951.42 2.14416
3951.78 2.14306
3952.15 2.14195
3952.51 2.14082
3952.88 2.13968
3953.25 2.13852
3953.61 2.13735
3953.98 2.13617
3954.35 2.13497
3954.71 2.13376
3955.08 2.13253
3955.44 2.13129
3955.81 2.13004
3956.18 2.12877
3956.54 2.12749
3956.91 2.12619
3957.28 2.12488
3957.64 2.12356
3958.01 2.12222
3958.37 2.12087
3958.74 2.11951
3959.11 2.11813
3959.47 2.11674
3959.84 2.11534
3960.2 2.11392
3960.57 2.11249
3960.94 2.11105
3961.3 2.1096
3961.67 2.10813
3962.04 2.10664
3962.4 2.10515
3962.77 2.10364
3963.13 2.10212
3963.5 2.10059
3963.87 2.09904
3964.23 2.09748
3964.6 2.09591
3964.97 2.09433
3965.33 2.09273
3965.7 2.09113
3966.06 2.08951
3966.43 2.08787
3966.8 2.08623
3967.16 2.08457
3967.53 2.0829
3967.9 2.08122
3968.26 2.07953
3968.63 2.07782
3968.99 2.07611
3969.36 2.07438
3969.73 2.07264
3970.09 2.07089
3970.46 2.06912
3970.82 2.06735
3971.19 2.06556
3971.56 2.06376
3971.92 2.06196
3972.29 2.06014
3972.66 2.05831
3973.02 2.05646
3973.39 2.05461
3973.75 2.05275
3974.12 2.05087
3974.49 2.04899
3974.85 2.04709
3975.22 2.04518
3975.59 2.04326
3975.95 2.04134
3976.32 2.0394
3976.68 2.03745
3977.05 2.03549
3977.42 2.03352
3977.78 2.03154
3978.15 2.02955
3978.52 2.02755
3978.88 2.02554
3979.25 2.02352
3979.61 2.02149
3979.98 2.01945
3980.35 2.0174
3980.71 2.01534
3981.08 2.01327
3981.45 2.01119
3981.81 2.00911
3982.18 2.00701
3982.54 2.0049
3982.91 2.00279
3983.28 2.00066
3983.64 1.99853
3984.01 1.99639
3984.37 1.99423
3984.74 1.99207
3985.11 1.9899
3985.47 1.98773
3985.84 1.98554
3986.21 1.98334
3986.57 1.98114
3986.94 1.97893
3987.3 1.97671
3987.67 1.97448
3988.04 1.97224
3988.4 1.97
3988.77 1.96774
3989.14 1.96548
3989.5 1.96321
3989.87 1.96093
3990.23 1.95865
3990.6 1.95635
3990.97 1.95405
3991.33 1.95174
3991.7 1.94943
3992.07 1.9471
3992.43 1.94477
3992.8 1.94244
3993.16 1.94009
3993.53 1.93774
3993.9 1.93538
3994.26 1.93301
3994.63 1.93064
3994.99 1.92826
3995.36 1.92587
3995.73 1.92347
3996.09 1.92107
3996.46 1.91866
3996.83 1.91625
3997.19 1.91383
3997.56 1.9114
3997.92 1.90897
3998.29 1.90653
3998.66 1.90408
3999.02 1.90163
3999.39 1.89917
3999.76 1.8967
4000.12 1.89423
4000.49 1.89176
4000.85 1.88927
4001.22 1.88679
4001.59 1.88429
4001.95 1.88179
4002.32 1.87929
4002.69 1.87678
4003.05 1.87426
4003.42 1.87174
4003.78 1.86921
4004.15 1.86668
4004.52 1.86414
4004.88 1.8616
4005.25 1.85905
4005.61 1.8565
4005.98 1.85394
4006.35 1.85138
4006.71 1.84881
4007.08 1.84624
4007.45 1.84366
4007.81 1.84108
4008.18 1.8385
4008.54 1.83591
4008.91 1.83331
4009.28 1.83071
4009.64 1.82811
4010.01 1.8255
4010.38 1.82289
4010.74 1.82028
4011.11 1.81766
4011.47 1.81503
4011.84 1.8124
4012.21 1.80977
4012.57 1.80714
4012.94 1.8045
4013.31 1.80186
4013.67 1.79921
4014.04 1.79656
4014.4 1.79391
4014.77 1.79125
4015.14 1.78859
4015.5 1.78593
4015.87 1.78326
4016.24 1.78059
4016.6 1.77792
4016.97 1.77524
4017.33 1.77256
4017.7 1.76988
4018.07 1.76719
4018.43 1.76451
4018.8 1.76182
4019.16 1.75912
4019.53 1.75643
4019.9 1.75373
4020.26 1.75103
4020.63 1.74832
4021 1.74562
4021.36 1.74291
4021.73 1.7402
4022.09 1.73748
4022.46 1.73477
4022.83 1.73205
4023.19 1.72933
4023.56 1.72661
4023.93 1.72388
4024.29 1.72116
4024.66 1.71843
4025.02 1.7157
4025.39 1.71297
4025.76 1.71024
4026.12 1.7075
4026.49 1.70476
4026.86 1.70202
4027.22 1.69929
4027.59 1.69654
4027.95 1.6938
4028.32 1.69106
4028.69 1.68831
4029.05 1.68556
4029.42 1.68282
4029.78 1.68007
4030.15 1.67732
4030.52 1.67456
4030.88 1.67181
4031.25 1.66906
4031.62 1.6663
4031.98 1.66355
4032.35 1.66079
4032.71 1.65803
4033.08 1.65527
4033.45 1.65251
4033.81 1.64975
4034.18 1.64699
4034.55 1.64423
4034.91 1.64147
4035.28 1.63871
4035.64 1.63595
4036.01 1.63318
4036.38 1.63042
4036.74 1.62766
4037.11 1.62489
4037.48 1.62213
4037.84 1.61936
4038.21 1.6166
4038.57 1.61383
4038.94 1.61107
4039.31 1.6083
4039.67 1.60554
4040.04 1.60277
4040.41 1.60001
4040.77 1.59724
4041.14 1.59448
4041.5 1.59172
4041.87 1.58895
4042.24 1.58619
4042.6 1.58342
4042.97 1.58066
4043.33 1.5779
4043.7 1.57513
4044.07 1.57237
4044.43 1.56961
4044.8 1.56685
4045.17 1.56409
4045.53 1.56133
4045.9 1.55857
4046.26 1.55581
4046.63 1.55305
4047 1.5503
4047.36 1.54754
4047.73 1.54479
4048.1 1.54203
4048.46 1.53928
4048.83 1.53652
4049.19 1.53377
4049.56 1.53102
4049.93 1.52827
4050.29 1.52552
4050.66 1.52278
4051.03 1.52003
4051.39 1.51728
4051.76 1.51454
4052.12 1.5118
4052.49 1.50906
4052.86 1.50632
4053.22 1.50358
4053.59 1.50084
4053.95 1.4981
4054.32 1.49537
4054.69 1.49263
4055.05 1.4899
4055.42 1.48717
4055.79 1.48444
4056.15 1.48171
4056.52 1.47899
4056.88 1.47626
4057.25 1.47354
4057.62 1.47082
4057.98 1.4681
4058.35 1.46538
4058.72 1.46267
4059.08 1.45995
4059.45 1.45724
4059.81 1.45453
4060.18 1.45182
4060.55 1.44912
4060.91 1.44641
4061.28 1.44371
4061.65 1.44101
4062.01 1.43831
4062.38 1.43561
4062.74 1.43292
4063.11 1.43023
4063.48 1.42753
4063.84 1.42485
4064.21 1.42216
4064.57 1.41948
4064.94 1.41679
4065.31 1.41411
4065.67 1.41144
4066.04 1.40876
4066.41 1.40609
4066.77 1.40342
4067.14 1.40075
4067.5 1.39808
4067.87 1.39542
4068.24 1.39276
4068.6 1.3901
4068.97 1.38744
4069.34 1.38479
4069.7 1.38213
4070.07 1.37948
4070.43 1.37684
4070.8 1.37419
4071.17 1.37155
4071.53 1.36891
4071.9 1.36627
4072.27 1.36364
4072.63 1.36101
4073 1.35838
4073.36 1.35575
4073.73 1.35313
4074.1 1.35051
4074.46 1.34789
4074.83 1.34528
4075.2 1.34266
4075.56 1.34005
4075.93 1.33745
4076.29 1.33484
4076.66 1.33224
4077.03 1.32964
4077.39 1.32704
4077.76 1.32445
4078.12 1.32186
4078.49 1.31927
4078.86 1.31669
4079.22 1.31411
4079.59 1.31153
4079.96 1.30895
4080.32 1.30638
4080.69 1.30381
4081.05 1.30124
4081.42 1.29868
4081.79 1.29612
4082.15 1.29356
4082.52 1.291
4082.89 1.28845
4083.25 1.2859
4083.62 1.28336
4083.98 1.28081
4084.35 1.27828
4084.72 1.27574
4085.08 1.27321
4085.45 1.27067
4085.82 1.26815
4086.18 1.26562
4086.55 1.2631
4086.91 1.26059
4087.28 1.25807
4087.65 1.25556
4088.01 1.25305
4088.38 1.25055
4088.74 1.24805
4089.11 1.24555
4089.48 1.24305
4089.84 1.24056
4090.21 1.23807
4090.58 1.23559
4090.94 1.2331
4091.31 1.23063
4091.67 1.22815
4092.04 1.22568
4092.41 1.22321
4092.77 1.22074
4093.14 1.21828
4093.51 1.21582
4093.87 1.21337
4094.24 1.21092
4094.6 1.20847
4094.97 1.20602
4095.34 1.20358
4095.7 1.20114
4096.07 1.19871
4096.44 1.19628
4096.8 1.19385
4097.17 1.19142
4097.53 1.189
4097.9 1.18658
4098.27 1.18417
4098.63 1.18176
4099 1.17935
4099.36 1.17695
4099.73 1.17455
4100.1 1.17215
4100.46 1.16975
4100.83 1.16736
4101.2 1.16498
4101.56 1.16259
4101.93 1.16021
4102.29 1.15784
4102.66 1.15547
4103.03 1.1531
4103.39 1.15073
4103.76 1.14837
4104.13 1.14601
4104.49 1.14365
4104.86 1.1413
4105.22 1.13896
4105.59 1.13661
4105.96 1.13427
4106.32 1.13193
4106.69 1.1296
4107.06 1.12727
4107.42 1.12494
4107.79 1.12262
4108.15 1.1203
4108.52 1.11798
4108.89 1.11567
4109.25 1.11336
4109.62 1.11106
4109.98 1.10875
4110.35 1.10646
4110.72 1.10416
4111.08 1.10187
4111.45 1.09958
4111.82 1.0973
4112.18 1.09502
4112.55 1.09274
4112.91 1.09047
4113.28 1.0882
4113.65 1.08594
4114.01 1.08367
4114.38 1.08142
4114.75 1.07916
4115.11 1.07691
4115.48 1.07466
4115.84 1.07242
4116.21 1.07018
4116.58 1.06794
4116.94 1.06571
4117.31 1.06348
4117.68 1.06125
4118.04 1.05903
4118.41 1.05681
4118.77 1.0546
4119.14 1.05239
4119.51 1.05018
4119.87 1.04797
4120.24 1.04577
4120.6 1.04358
4120.97 1.04138
4121.34 1.03919
4121.7 1.03701
4122.07 1.03483
4122.44 1.03265
4122.8 1.03047
4123.17 1.0283
4123.53 1.02613
4123.9 1.02397
4124.27 1.02181
4124.63 1.01965
4125 1.0175
4125.37 1.01535
4125.73 1.0132
4126.1 1.01106
4126.46 1.00892
4126.83 1.00679
4127.2 1.00465
4127.56 1.00253
4127.93 1.0004
4128.3 0.998281
4128.66 0.996164
4129.03 0.994051
4129.39 0.991941
4129.76 0.989834
4130.13 0.987731
4130.49 0.985632
4130.86 0.983537
4131.23 0.981445
4131.59 0.979356
4131.96 0.977272
4132.32 0.975191
4132.69 0.973113
4133.06 0.971039
4133.42 0.968968
4133.79 0.966902
4134.15 0.964838
4134.52 0.962779
4134.89 0.960722
4135.25 0.95867
4135.62 0.956621
4135.99 0.954575
4136.35 0.952533
4136.72 0.950495
4137.08 0.948461
4137.45 0.946429
4137.82 0.944402
4138.18 0.942378
4138.55 0.940357
4138.92 0.93834
4139.28 0.936327
4139.65 0.934317
4140.01 0.93231
4140.38 0.930307
4140.75 0.928308
4141.11 0.926312
4141.48 0.92432
4141.85 0.922331
4142.21 0.920346
4142.58 0.918364
4142.94 0.916386
4143.31 0.914411
4143.68 0.91244
4144.04 0.910472
4144.41 0.908508
4144.77 0.906547
4145.14 0.90459
4145.51 0.902636
4145.87 0.900685
4146.24 0.898738
4146.61 0.896795
4146.97 0.894855
4147.34 0.892919
4147.7 0.890986
4148.07 0.889056
4148.44 0.88713
4148.8 0.885207
4149.17 0.883288
4149.54 0.881372
4149.9 0.87946
4150.27 0.877551
4150.63 0.875645
4151 0.873743
4151.37 0.871844
4151.73 0.869949
4152.1 0.868057
4152.47 0.866169
4152.83 0.864283
4153.2 0.862402
4153.56 0.860523
4153.93 0.858648
4154.3 0.856776
4154.66 0.854908
4155.03 0.853043
4155.4 0.851182
4155.76 0.849324
4156.13 0.847469
4156.49 0.845617
4156.86 0.843769
4157.23 0.841924
4157.59 0.840083
4157.96 0.838245
4158.32 0.83641
4158.69 0.834579
4159.06 0.83275
4159.42 0.830925
4159.79 0.829104
4160.16 0.827285
4160.52 0.825471
4160.89 0.823659
4161.25 0.82185
4161.62 0.820045
4161.99 0.818243
4162.35 0.816445
4162.72 0.814649
4163.09 0.812857
4163.45 0.811068
4163.82 0.809282
4164.18 0.8075
4164.55 0.805721
4164.92 0.803945
4165.28 0.802172
4165.65 0.800403
4166.02 0.798636
4166.38 0.796873
4166.75 0.795114
4167.11 0.793357
4167.48 0.791603
4167.85 0.789853
4168.21 0.788106
4168.58 0.786362
4168.94 0.784621
4169.31 0.782883
4169.68 0.781149
4170.04 0.779417
4170.41 0.777689
4170.78 0.775964
4171.14 0.774242
4171.51 0.772523
4171.87 0.770808
4172.24 0.769095
4172.61 0.767385
4172.97 0.765679
4173.34 0.763976
4173.71 0.762276
4174.07 0.760578
4174.44 0.758884
4174.8 0.757193
4175.17 0.755506
4175.54 0.753821
4175.9 0.752139
4176.27 0.75046
4176.64 0.748784
4177 0.747112
4177.37 0.745442
4177.73 0.743776
4178.1 0.742112
4178.47 0.740452
4178.83 0.738794
4179.2 0.737139
4179.56 0.735488
4179.93 0.733839
4180.3 0.732194
4180.66 0.730551
4181.03 0.728912
4181.4 0.727275
4181.76 0.725641
4182.13 0.724011
4182.49 0.722383
4182.86 0.720758
4183.23 0.719136
4183.59 0.717517
4183.96 0.715901
4184.33 0.714288
4184.69 0.712677
4185.06 0.71107
4185.42 0.709466
4185.79 0.707864
4186.16 0.706265
4186.52 0.70467
4186.89 0.703077
4187.26 0.701487
4187.62 0.6999
4187.99 0.698315
4188.35 0.696734
4188.72 0.695155
4189.09 0.69358
4189.45 0.692007
4189.82 0.690436
4190.19 0.688869
4190.55 0.687305
4190.92 0.685743
4191.28 0.684184
4191.65 0.682628
4192.02 0.681075
4192.38 0.679525
4192.75 0.677977
4193.11 0.676432
4193.48 0.67489
4193.85 0.67335
4194.21 0.671814
4194.58 0.67028
4194.95 0.668749
4195.31 0.66722
4195.68 0.665694
4196.04 0.664171
4196.41 0.662651
4196.78 0.661134
4197.14 0.659619
4197.51 0.658107
4197.88 0.656597
4198.24 0.65509
4198.61 0.653586
4198.97 0.652085
4199.34 0.650586
4199.71 0.64909
4200.07 0.647596
4200.44 0.646106
4200.81 0.644617
4201.17 0.643132
4201.54 0.641649
4201.9 0.640169
4202.27 0.638691
4202.64 0.637216
4203 0.635743
4203.37 0.634274
4203.73 0.632806
4204.1 0.631342
4204.47 0.629879
4204.83 0.62842
4205.2 0.626963
4205.57 0.625509
4205.93 0.624057
4206.3 0.622608
4206.66 0.621161
4207.03 0.619717
4207.4 0.618275
4207.76 0.616836
4208.13 0.615399
4208.5 0.613965
4208.86 0.612533
4209.23 0.611104
4209.59 0.609678
4209.96 0.608253
4210.33 0.606832
4210.69 0.605413
4211.06 0.603996
4211.43 0.602581
4211.79 0.60117
4212.16 0.59976
4212.52 0.598354
4212.89 0.596949
4213.26 0.595547
4213.62 0.594147
4213.99 0.59275
4214.35 0.591355
4214.72 0.589963
4215.09 0.588573
4215.45 0.587186
4215.82 0.5858
4216.19 0.584418
4216.55 0.583037
4216.92 0.581659
4217.28 0.580283
4217.65 0.57891
4218.02 0.577539
4218.38 0.57617
4218.75 0.574804
4219.12 0.57344
4219.48 0.572079
4219.85 0.570719
4220.21 0.569362
4220.58 0.568008
4220.95 0.566655
4221.31 0.565305
4221.68 0.563957
4222.05 0.562612
4222.41 0.561269
4222.78 0.559928
4223.14 0.558589
4223.51 0.557253
4223.88 0.555919
4224.24 0.554587
4224.61 0.553257
4224.98 0.55193
4225.34 0.550604
4225.71 0.549282
4226.07 0.547961
4226.44 0.546642
4226.81 0.545326
4227.17 0.544012
4227.54 0.5427
4227.9 0.54139
4228.27 0.540083
4228.64 0.538778
4229 0.537474
4229.37 0.536173
4229.74 0.534875
4230.1 0.533578
4230.47 0.532283
4230.83 0.530991
4231.2 0.529701
4231.57 0.528413
4231.93 0.527127
4232.3 0.525843
4232.67 0.524561
4233.03 0.523281
4233.4 0.522004
4233.76 0.520729
4234.13 0.519455
4234.5 0.518184
4234.86 0.516915
4235.23 0.515648
4235.6 0.514383
4235.96 0.51312
4236.33 0.511859
4236.69 0.5106
4237.06 0.509343
4237.43 0.508088
4237.79 0.506836
4238.16 0.505585
4238.52 0.504336
4238.89 0.50309
4239.26 0.501845
4239.62 0.500603
4239.99 0.499362
4240.36 0.498123
4240.72 0.496887
4241.09 0.495652
4241.45 0.494419
4241.82 0.493189
4242.19 0.49196
4242.55 0.490733
4242.92 0.489508
4243.29 0.488285
4243.65 0.487064
4244.02 0.485845
4244.38 0.484628
4244.75 0.483413
4245.12 0.4822
4245.48 0.480989
4245.85 0.479779
4246.22 0.478572
4246.58 0.477366
4246.95 0.476163
4247.31 0.474961
4247.68 0.473761
4248.05 0.472563
4248.41 0.471367
4248.78 0.470173
4249.15 0.46898
4249.51 0.46779
4249.88 0.466601
4250.24 0.465414
4250.61 0.464229
4250.98 0.463046
4251.34 0.461864
4251.71 0.460685
4252.07 0.459507
4252.44 0.458331
4252.81 0.457157
4253.17 0.455985
4253.54 0.454814
4253.91 0.453646
4254.27 0.452479
4254.64 0.451314
4255 0.45015
4255.37 0.448989
4255.74 0.447829
4256.1 0.446671
4256.47 0.445514
4256.84 0.44436
4257.2 0.443207
4257.57 0.442056
4257.93 0.440907
4258.3 0.439759
4258.67 0.438613
4259.03 0.437469
4259.4 0.436327
4259.77 0.435186
4260.13 0.434047
4260.5 0.432909
4260.86 0.431774
4261.23 0.43064
4261.6 0.429507
4261.96 0.428377
4262.33 0.427248
4262.69 0.426121
4263.06 0.424995
4263.43 0.423871
4263.79 0.422749
4264.16 0.421628
4264.53 0.420509
4264.89 0.419391
4265.26 0.418276
4265.62 0.417162
4265.99 0.416049
4266.36 0.414938
4266.72 0.413829
4267.09 0.412721
4267.46 0.411615
4267.82 0.41051
4268.19 0.409407
4268.55 0.408306
4268.92 0.407206
4269.29 0.406108
4269.65 0.405012
4270.02 0.403916
4270.39 0.402823
4270.75 0.401731
4271.12 0.400641
4271.48 0.399552
4271.85 0.398464
4272.22 0.397379
4272.58 0.396294
4272.95 0.395212
4273.31 0.39413
4273.68 0.393051
4274.05 0.391973
4274.41 0.390896
4274.78 0.389821
4275.15 0.388747
4275.51 0.387675
4275.88 0.386604
4276.24 0.385535
4276.61 0.384467
4276.98 0.383401
4277.34 0.382336
4277.71 0.381273
4278.08 0.380211
4278.44 0.37915
4278.81 0.378091
4279.17 0.377034
4279.54 0.375977
4279.91 0.374923
4280.27 0.373869
4280.64 0.372818
4281.01 0.371767
4281.37 0.370718
4281.74 0.36967
4282.1 0.368624
4282.47 0.367579
4282.84 0.366536
4283.2 0.365494
4283.57 0.364453
4283.94 0.363414
4284.3 0.362376
4284.67 0.36134
4285.03 0.360304
4285.4 0.359271
4285.77 0.358238
4286.13 0.357207
4286.5 0.356177
4286.86 0.355149
4287.23 0.354122
4287.6 0.353096
4287.96 0.352071
4288.33 0.351048
4288.7 0.350027
4289.06 0.349006
4289.43 0.347987
4289.79 0.346969
4290.16 0.345953
4290.53 0.344937
4290.89 0.343923
4291.26 0.342911
4291.63 0.341899
4291.99 0.340889
4292.36 0.33988
4292.72 0.338873
4293.09 0.337866
4293.46 0.336861
4293.82 0.335857
4294.19 0.334855
4294.56 0.333854
4294.92 0.332854
4295.29 0.331855
4295.65 0.330857
4296.02 0.329861
4296.39 0.328866
4296.75 0.327872
4297.12 0.326879
4297.48 0.325888
4297.85 0.324897
4298.22 0.323908
4298.58 0.32292
4298.95 0.321934
4299.32 0.320948
4299.68 0.319964
4300.05 0.31898
4300.41 0.317999
4300.78 0.317018
4301.15 0.316038
4301.51 0.31506
4301.88 0.314082
4302.25 0.313106
4302.61 0.312131
4302.98 0.311157
4303.34 0.310184
4303.71 0.309213
4304.08 0.308242
4304.44 0.307273
4304.81 0.306305
4305.18 0.305338
4305.54 0.304372
4305.91 0.303407
4306.27 0.302443
4306.64 0.30148
4307.01 0.300519
4307.37 0.299558
4307.74 0.298599
4308.1 0.297641
4308.47 0.296683
4308.84 0.295727
4309.2 0.294772
4309.57 0.293818
4309.94 0.292865
4310.3 0.291913
4310.67 0.290962
4311.03 0.290013
4311.4 0.289064
4311.77 0.288116
4312.13 0.28717
4312.5 0.286224
4312.87 0.28528
4313.23 0.284336
4313.6 0.283393
4313.96 0.282452
4314.33 0.281511
4314.7 0.280572
4315.06 0.279633
4315.43 0.278696
4315.8 0.277759
4316.16 0.276824
4316.53 0.275889
4316.89 0.274956
4317.26 0.274023
4317.63 0.273092
4317.99 0.272161
4318.36 0.271231
4318.73 0.270303
4319.09 0.269375
4319.46 0.268448
4319.82 0.267523
4320.19 0.266598
4320.56 0.265674
4320.92 0.264751
4321.29 0.263829
4321.65 0.262908
4322.02 0.261988
4322.39 0.261068
4322.75 0.26015
4323.12 0.259233
4323.49 0.258316
4323.85 0.257401
4324.22 0.256486
4324.58 0.255572
4324.95 0.254659
4325.32 0.253747
4325.68 0.252836
4326.05 0.251926
4326.42 0.251017
4326.78 0.250108
4327.15 0.249201
4327.51 0.248294
4327.88 0.247388
4328.25 0.246483
4328.61 0.245579
4328.98 0.244676
4329.35 0.243774
4329.71 0.242872
4330.08 0.241971
4330.44 0.241072
4330.81 0.240172
4331.18 0.239274
4331.54 0.238377
4331.91 0.23748
4332.27 0.236585
4332.64 0.23569
4333.01 0.234796
4333.37 0.233902
4333.74 0.23301
4334.11 0.232118
4334.47 0.231227
4334.84 0.230337
4335.2 0.229448
4335.57 0.228559
4335.94 0.227672
4336.3 0.226785
4336.67 0.225898
4337.04 0.225013
4337.4 0.224128
4337.77 0.223244
4338.13 0.222361
4338.5 0.221479
4338.87 0.220597
4339.23 0.219716
4339.6 0.218836
4339.97 0.217957
4340.33 0.217078
4340.7 0.2162
4341.06 0.215323
4341.43 0.214447
4341.8 0.213571
4342.16 0.212696
4342.53 0.211822
4342.9 0.210948
4343.26 0.210075
4343.63 0.209203
4343.99 0.208332
4344.36 0.207461
4344.73 0.206591
4345.09 0.205721
4345.46 0.204853
4345.82 0.203985
4346.19 0.203117
4346.56 0.202251
4346.92 0.201384
4347.29 0.200519
4347.66 0.199655
4348.02 0.198791
4348.39 0.197927
4348.75 0.197064
4349.12 0.196202
4349.49 0.195341
4349.85 0.19448
4350.22 0.19362
4350.59 0.192761
4350.95 0.191902
4351.32 0.191044
4351.68 0.190186
4352.05 0.189329
4352.42 0.188473
4352.78 0.187617
4353.15 0.186762
4353.52 0.185907
4353.88 0.185053
4354.25 0.1842
4354.61 0.183347
4354.98 0.182495
4355.35 0.181644
4355.71 0.180793
4356.08 0.179942
4356.44 0.179092
4356.81 0.178243
4357.18 0.177394
4357.54 0.176546
4357.91 0.175699
4358.28 0.174852
4358.64 0.174006
4359.01 0.17316
4359.37 0.172314
4359.74 0.17147
4360.11 0.170626
4360.47 0.169782
4360.84 0.168939
4361.21 0.168096
4361.57 0.167254
4361.94 0.166413
4362.3 0.165572
4362.67 0.164731
4363.04 0.163891
4363.4 0.163052
4363.77 0.162213
4364.14 0.161374
4364.5 0.160536
4364.87 0.159699
4365.23 0.158862
4365.6 0.158026
4365.97 0.15719
4366.33 0.156354
4366.7 0.155519
4367.06 0.154685
4367.43 0.153851
4367.8 0.153017
4368.16 0.152184
4368.53 0.151351
4368.9 0.150519
4369.26 0.149688
4369.63 0.148856
4369.99 0.148026
4370.36 0.147195
4370.73 0.146365
4371.09 0.145536
4371.46 0.144707
4371.83 0.143878
4372.19 0.14305
4372.56 0.142222
4372.92 0.141395
4373.29 0.140568
4373.66 0.139742
4374.02 0.138916
4374.39 0.13809
4374.76 0.137265
4375.12 0.13644
4375.49 0.135616
4375.85 0.134792
4376.22 0.133968
4376.59 0.133145
4376.95 0.132322
4377.32 0.1315
4377.69 0.130678
4378.05 0.129856
4378.42 0.129035
4378.78 0.128214
4379.15 0.127393
4379.52 0.126573
4379.88 0.125753
4380.25 0.124934
4380.61 0.124115
4380.98 0.123296
4381.35 0.122477
4381.71 0.121659
4382.08 0.120842
4382.45 0.120024
4382.81 0.119207
4383.18 0.118391
4383.54 0.117574
4383.91 0.116758
4384.28 0.115942
4384.64 0.115127
4385.01 0.114312
4385.38 0.113497
4385.74 0.112683
4386.11 0.111869
4386.47 0.111055
4386.84 0.110241
4387.21 0.109428
4387.57 0.108615
4387.94 0.107802
4388.31 0.10699
4388.67 0.106178
4389.04 0.105366
4389.4 0.104555
4389.77 0.103743
4390.14 0.102933
4390.5 0.102122
4390.87 0.101311
4391.23 0.100501
4391.6 0.0996913
4391.97 0.0988817
4392.33 0.0980724
4392.7 0.0972632
4393.07 0.0964543
4393.43 0.0956457
4393.8 0.0948373
4394.16 0.0940291
4394.53 0.0932211
4394.9 0.0924134
4395.26 0.091606
4395.63 0.0907988
4396 0.0899917
4396.36 0.0891849
4396.73 0.0883783
4397.09 0.0875719
4397.46 0.0867658
4397.83 0.0859598
4398.19 0.085154
4398.56 0.0843485
4398.93 0.0835431
4399.29 0.082738
4399.66 0.081933
4400.02 0.0811282
4400.39 0.0803236
4400.76 0.0795192
4401.12 0.078715
4401.49 0.0779109
4401.85 0.077107
4402.22 0.0763033
4402.59 0.0754998
4402.95 0.0746963
4403.32 0.0738932
4403.69 0.07309
4404.05 0.0722871
4404.42 0.0714844
4404.78 0.0706817
4405.15 0.0698792
4405.52 0.0690769
4405.88 0.0682747
4406.25 0.0674726
4406.62 0.0666707
4406.98 0.0658689
4407.35 0.0650672
4407.71 0.0642656
4408.08 0.0634643
4408.45 0.0626629
4408.81 0.0618617
4409.18 0.0610606
4409.55 0.0602596
4409.91 0.0594588
4410.28 0.058658
4410.64 0.0578573
4411.01 0.0570567
4411.38 0.0562562
4411.74 0.0554558
4412.11 0.0546555
4412.48 0.0538553
4412.84 0.0530551
4413.21 0.052255
4413.57 0.051455
4413.94 0.050655
4414.31 0.0498552
4414.67 0.0490554
4415.04 0.0482556
4415.4 0.0474559
4415.77 0.0466563
4416.14 0.0458568
4416.5 0.0450572
4416.87 0.0442577
4417.24 0.0434583
4417.6 0.0426589
4417.97 0.0418595
4418.33 0.0410602
4418.7 0.0402609
4419.07 0.0394616
4419.43 0.0386624
4419.8 0.0378632
4420.17 0.037064
4420.53 0.0362647
4420.9 0.0354656
4421.26 0.0346664
4421.63 0.0338673
4422 0.0330681
4422.36 0.0322689
4422.73 0.0314698
4423.1 0.0306706
4423.46 0.0298715
4423.83 0.0290723
4424.19 0.0282731
4424.56 0.0274738
4424.93 0.0266746
4425.29 0.0258753
4425.66 0.0250761
4426.02 0.0242768
4426.39 0.0234774
4426.76 0.0226781
4427.12 0.0218787
4427.49 0.0210792
4427.86 0.0202797
4428.22 0.0194801
4428.59 0.0186805
4428.95 0.0178808
4429.32 0.0170811
4429.69 0.0162814
4430.05 0.0154815
4430.42 0.0146816
4430.79 0.0138816
4431.15 0.0130816
4431.52 0.0122815
4431.88 0.0114813
4432.25 0.010681
4432.62 0.00988067
4432.98 0.00908023
4433.35 0.00827967
4433.72 0.00747906
4434.08 0.00667837
4434.45 0.00587757
4434.81 0.00507666
4435.18 0.00427562
4435.55 0.00347446
4435.91 0.00267319
4436.28 0.00187191
4436.65 0.00107038
4437.01 0.000268739
4437.38 -0.000532972
4437.74 -0.00133476
4438.11 -0.00213674
4438.48 -0.00293887
4438.84 -0.0037411
4439.21 -0.00454341
4439.57 -0.00534596
4439.94 -0.00614861
4440.31 -0.00695141
4440.67 -0.00775432
4441.04 -0.00855746
4441.41 -0.00936077
4441.77 -0.0101642
4442.14 -0.0109677
4442.5 -0.0117715
4442.87 -0.0125754
4443.24 -0.0133795
4443.6 -0.0141837
4443.97 -0.0149882
4444.34 -0.0157927
4444.7 -0.0165975
4445.07 -0.0174025
4445.43 -0.0182077
4445.8 -0.019013
4446.17 -0.0198186
4446.53 -0.0206243
4446.9 -0.0214302
4447.27 -0.0222364
4447.63 -0.0230427
4448 -0.0238493
4448.36 -0.0246561
4448.73 -0.025463
4449.1 -0.0262703
4449.46 -0.0270777
4449.83 -0.0278853
4450.19 -0.0286932
4450.56 -0.0295013
4450.93 -0.0303096
4451.29 -0.0311181
4451.66 -0.031927
4452.03 -0.032736
4452.39 -0.0335453
4452.76 -0.0343549
4453.12 -0.0351646
4453.49 -0.0359746
4453.86 -0.036785
4454.22 -0.0375955
4454.59 -0.0384064
4454.96 -0.0392175
4455.32 -0.0400288
4455.69 -0.0408404
4456.05 -0.0416523
4456.42 -0.0424645
4456.79 -0.043277
4457.15 -0.0440896
4457.52 -0.0449027
4457.89 -0.045716
4458.25 -0.0465296
4458.62 -0.0473436
4458.98 -0.0481577
4459.35 -0.0489723
4459.72 -0.0497869
4460.08 -0.0506021
4460.45 -0.0514174
4460.81 -0.0522332
4461.18 -0.0530493
4461.55 -0.0538655
4461.91 -0.0546823
4462.28 -0.0554992
4462.65 -0.0563166
4463.01 -0.0571342
4463.38 -0.0579522
4463.74 -0.0587706
4464.11 -0.0595892
4464.48 -0.0604082
4464.84 -0.0612276
4465.21 -0.0620472
4465.58 -0.0628673
4465.94 -0.0636877
4466.31 -0.0645085
4466.67 -0.0653295
4467.04 -0.0661511
4467.41 -0.0669729
4467.77 -0.0677951
4468.14 -0.0686177
4468.51 -0.0694406
4468.87 -0.070264
4469.24 -0.0710877
4469.6 -0.0719118
4469.97 -0.0727363
4470.34 -0.0735611
4470.7 -0.0743864
4471.07 -0.0752121
4471.44 -0.0760381
4471.8 -0.0768646
4472.17 -0.0776914
4472.53 -0.0785186
4472.9 -0.0793464
4473.27 -0.0801744
4473.63 -0.0810029
4474 -0.0818318
4474.36 -0.0826612
4474.73 -0.0834909
4475.1 -0.0843212
4475.46 -0.0851517
4475.83 -0.0859827
4476.2 -0.0868143
4476.56 -0.0876461
4476.93 -0.0884785
4477.29 -0.0893113
4477.66 -0.0901445
4478.03 -0.0909783
4478.39 -0.0918124
4478.76 -0.092647
4479.13 -0.0934821
4479.49 -0.0943176
4479.86 -0.0951536
4480.22 -0.0959902
4480.59 -0.0968271
4480.96 -0.0976645
4481.32 -0.0985024
4481.69 -0.0993408
4482.06 -0.10018
4482.42 -0.101019
4482.79 -0.101859
4483.15 -0.102699
4483.52 -0.10354
4483.89 -0.104381
4484.25 -0.105223
4484.62 -0.106065
4484.98 -0.106908
4485.35 -0.107751
4485.72 -0.108595
4486.08 -0.10944
4486.45 -0.110285
4486.82 -0.11113
4487.18 -0.111976
4487.55 -0.112822
4487.91 -0.113669
4488.28 -0.114517
4488.65 -0.115365
4489.01 -0.116214
4489.38 -0.117063
4489.75 -0.117912
4490.11 -0.118762
4490.48 -0.119613
4490.84 -0.120465
4491.21 -0.121316
4491.58 -0.122169
4491.94 -0.123022
4492.31 -0.123875
4492.68 -0.124729
4493.04 -0.125584
4493.41 -0.126439
4493.77 -0.127295
4494.14 -0.128152
4494.51 -0.129009
4494.87 -0.129866
4495.24 -0.130724
4495.6 -0.131583
4495.97 -0.132443
4496.34 -0.133303
4496.7 -0.134163
4497.07 -0.135024
4497.44 -0.135886
4497.8 -0.136748
4498.17 -0.137611
4498.53 -0.138475
4498.9 -0.139339
4499.27 -0.140204
4499.63 -0.141069
4500 -0.141936
4500.37 -0.142802
4500.73 -0.14367
4501.1 -0.144538
4501.46 -0.145406
4501.83 -0.146275
4502.2 -0.147145
4502.56 -0.148016
4502.93 -0.148887
4503.3 -0.149759
4503.66 -0.150631
4504.03 -0.151504
4504.39 -0.152378
4504.76 -0.153253
4505.13 -0.154128
4505.49 -0.155004
4505.86 -0.15588
4506.23 -0.156757
4506.59 -0.157635
4506.96 -0.158514
4507.32 -0.159393
4507.69 -0.160273
4508.06 -0.161153
4508.42 -0.162035
4508.79 -0.162917
4509.15 -0.163799
4509.52 -0.164683
4509.89 -0.165567
4510.25 -0.166451
4510.62 -0.167337
4510.99 -0.168223
4511.35 -0.16911
4511.72 -0.169998
4512.08 -0.170886
4512.45 -0.171775
4512.82 -0.172665
4513.18 -0.173556
4513.55 -0.174447
4513.92 -0.175339
4514.28 -0.176232
4514.65 -0.177125
4515.01 -0.178019
4515.38 -0.178914
4515.75 -0.17981
4516.11 -0.180706
4516.48 -0.181604
4516.85 -0.182502
4517.21 -0.1834
4517.58 -0.1843
4517.94 -0.1852
4518.31 -0.186101
4518.68 -0.187003
4519.04 -0.187906
4519.41 -0.188809
4519.77 -0.189713
4520.14 -0.190618
4520.51 -0.191524
4520.87 -0.19243
4521.24 -0.193338
4521.61 -0.194246
4521.97 -0.195155
4522.34 -0.196064
4522.7 -0.196975
4523.07 -0.197886
4523.44 -0.198798
4523.8 -0.199711
4524.17 -0.200625
4524.54 -0.20154
4524.9 -0.202455
4525.27 -0.203371
4525.63 -0.204288
4526 -0.205206
4526.37 -0.206125
4526.73 -0.207044
4527.1 -0.207964
4527.47 -0.208886
4527.83 -0.209808
4528.2 -0.210731
4528.56 -0.211654
4528.93 -0.212579
4529.3 -0.213504
4529.66 -0.214431
4530.03 -0.215358
4530.4 -0.216286
4530.76 -0.217215
4531.13 -0.218145
4531.49 -0.219075
4531.86 -0.220007
4532.23 -0.220939
4532.59 -0.221872
4532.96 -0.222806
4533.32 -0.223741
4533.69 -0.224677
4534.06 -0.225614
4534.42 -0.226552
4534.79 -0.22749
4535.16 -0.22843
4535.52 -0.22937
4535.89 -0.230312
4536.25 -0.231254
4536.62 -0.232197
4536.99 -0.233141
4537.35 -0.234086
4537.72 -0.235032
4538.09 -0.235979
4538.45 -0.236926
4538.82 -0.237875
4539.18 -0.238824
4539.55 -0.239775
4539.92 -0.240726
4540.28 -0.241679
4540.65 -0.242632
4541.02 -0.243586
4541.38 -0.244541
4541.75 -0.245497
4542.11 -0.246454
4542.48 -0.247412
4542.85 -0.248371
4543.21 -0.249331
4543.58 -0.250292
4543.94 -0.251254
4544.31 -0.252217
4544.68 -0.253181
4545.04 -0.254145
4545.41 -0.255111
4545.78 -0.256078
4546.14 -0.257045
4546.51 -0.258014
4546.87 -0.258984
4547.24 -0.259954
4547.61 -0.260926
4547.97 -0.261899
4548.34 -0.262872
4548.71 -0.263847
4549.07 -0.264822
4549.44 -0.265799
4549.8 -0.266777
4550.17 -0.267755
4550.54 -0.268735
4550.9 -0.269715
4551.27 -0.270697
4551.64 -0.27168
4552 -0.272663
4552.37 -0.273648
4552.73 -0.274634
4553.1 -0.275621
4553.47 -0.276608
4553.83 -0.277597
4554.2 -0.278587
4554.56 -0.279578
4554.93 -0.28057
4555.3 -0.281563
4555.66 -0.282557
4556.03 -0.283552
4556.4 -0.284548
4556.76 -0.285545
4557.13 -0.286543
4557.49 -0.287543
4557.86 -0.288543
4558.23 -0.289544
4558.59 -0.290547
4558.96 -0.29155
4559.33 -0.292555
4559.69 -0.293561
4560.06 -0.294567
4560.42 -0.295575
4560.79 -0.296584
4561.16 -0.297594
4561.52 -0.298605
4561.89 -0.299617
4562.26 -0.30063
4562.62 -0.301645
4562.99 -0.30266
4563.35 -0.303677
4563.72 -0.304694
4564.09 -0.305713
4564.45 -0.306733
4564.82 -0.307753
4565.19 -0.308776
4565.55 -0.309799
4565.92 -0.310823
4566.28 -0.311848
4566.65 -0.312875
4567.02 -0.313902
4567.38 -0.314931
4567.75 -0.315961
4568.11 -0.316992
4568.48 -0.318024
4568.85 -0.319057
4569.21 -0.320091
4569.58 -0.321126
4569.95 -0.322163
4570.31 -0.323201
4570.68 -0.32424
4571.04 -0.32528
4571.41 -0.326321
4571.78 -0.327363
4572.14 -0.328406
4572.51 -0.329451
4572.88 -0.330497
4573.24 -0.331544
4573.61 -0.332592
4573.97 -0.333641
4574.34 -0.334691
4574.71 -0.335743
4575.07 -0.336795
4575.44 -0.337849
4575.81 -0.338904
4576.17 -0.339961
4576.54 -0.341018
4576.9 -0.342076
4577.27 -0.343136
4577.64 -0.344197
4578 -0.345259
4578.37 -0.346322
4578.73 -0.347387
4579.1 -0.348452
4579.47 -0.349519
4579.83 -0.350587
4580.2 -0.351656
4580.57 -0.352727
4580.93 -0.353798
4581.3 -0.354871
4581.66 -0.355945
4582.03 -0.35702
4582.4 -0.358096
4582.76 -0.359174
4583.13 -0.360253
4583.5 -0.361333
4583.86 -0.362414
4584.23 -0.363496
4584.59 -0.36458
4584.96 -0.365665
4585.33 -0.366751
4585.69 -0.367838
4586.06 -0.368926
4586.43 -0.370016
4586.79 -0.371107
4587.16 -0.372199
4587.52 -0.373292
4587.89 -0.374387
4588.26 -0.375483
4588.62 -0.37658
4588.99 -0.377678
4589.35 -0.378778
4589.72 -0.379878
4590.09 -0.38098
4590.45 -0.382083
4590.82 -0.383188
4591.19 -0.384293
4591.55 -0.3854
4591.92 -0.386508
4592.28 -0.387618
4592.65 -0.388728
4593.02 -0.38984
4593.38 -0.390954
4593.75 -0.392068
4594.12 -0.393184
4594.48 -0.3943
4594.85 -0.395419
4595.21 -0.396538
4595.58 -0.397659
4595.95 -0.398781
4596.31 -0.399904
4596.68 -0.401028
4597.05 -0.402154
4597.41 -0.403281
4597.78 -0.404409
4598.14 -0.405538
4598.51 -0.406669
4598.88 -0.407801
4599.24 -0.408934
4599.61 -0.410069
4599.98 -0.411205
4600.34 -0.412342
4600.71 -0.41348
4601.07 -0.41462
4601.44 -0.415761
4601.81 -0.416903
4602.17 -0.418046
4602.54 -0.419191
4602.9 -0.420337
4603.27 -0.421484
4603.64 -0.422633
4604 -0.423782
4604.37 -0.424934
4604.74 -0.426086
4605.1 -0.42724
4605.47 -0.428395
4605.83 -0.429551
4606.2 -0.430708
4606.57 -0.431867
4606.93 -0.433027
4607.3 -0.434188
4607.67 -0.435351
4608.03 -0.436515
4608.4 -0.43768
4608.76 -0.438847
4609.13 -0.440014
4609.5 -0.441183
4609.86 -0.442354
4610.23 -0.443525
4610.6 -0.444698
4610.96 -0.445872
4611.33 -0.447048
4611.69 -0.448225
4612.06 -0.449403
4612.43 -0.450582
4612.79 -0.451763
4613.16 -0.452945
4613.52 -0.454128
4613.89 -0.455312
4614.26 -0.456498
4614.62 -0.457685
4614.99 -0.458873
4615.36 -0.460063
4615.72 -0.461254
4616.09 -0.462446
4616.45 -0.46364
4616.82 -0.464835
4617.19 -0.466031
4617.55 -0.467228
4617.92 -0.468427
4618.29 -0.469627
4618.65 -0.470828
4619.02 -0.472031
4619.38 -0.473234
4619.75 -0.47444
4620.12 -0.475646
4620.48 -0.476854
4620.85 -0.478063
4621.22 -0.479273
4621.58 -0.480485
4621.95 -0.481697
4622.31 -0.482912
4622.68 -0.484127
4623.05 -0.485343
4623.41 -0.486562
4623.78 -0.487781
4624.15 -0.489001
4624.51 -0.490223
4624.88 -0.491446
4625.24 -0.49267
4625.61 -0.493896
4625.98 -0.495123
4626.34 -0.496351
4626.71 -0.497581
4627.07 -0.498811
4627.44 -0.500043
4627.81 -0.501277
4628.17 -0.502511
4628.54 -0.503747
4628.91 -0.504984
4629.27 -0.506222
4629.64 -0.507462
4630 -0.508703
4630.37 -0.509945
4630.74 -0.511188
4631.1 -0.512433
4631.47 -0.513679
4631.84 -0.514926
4632.2 -0.516174
4632.57 -0.517424
4632.93 -0.518675
4633.3 -0.519927
4633.67 -0.521181
4634.03 -0.522435
4634.4 -0.523691
4634.77 -0.524948
4635.13 -0.526207
4635.5 -0.527467
4635.86 -0.528728
4636.23 -0.52999
4636.6 -0.531253
4636.96 -0.532518
4637.33 -0.533783
4637.69 -0.535051
4638.06 -0.536319
4638.43 -0.537588
4638.79 -0.538859
4639.16 -0.540131
4639.53 -0.541404
4639.89 -0.542678
4640.26 -0.543954
4640.62 -0.545231
4640.99 -0.546509
4641.36 -0.547788
4641.72 -0.549069
4642.09 -0.55035
4642.46 -0.551633
4642.82 -0.552917
4643.19 -0.554202
4643.55 -0.555488
4643.92 -0.556776
4644.29 -0.558065
4644.65 -0.559355
4645.02 -0.560646
4645.39 -0.561938
4645.75 -0.563232
4646.12 -0.564526
4646.48 -0.565822
4646.85 -0.567119
4647.22 -0.568417
4647.58 -0.569716
4647.95 -0.571017
4648.31 -0.572318
4648.68 -0.573621
4649.05 -0.574925
4649.41 -0.57623
4649.78 -0.577536
4650.15 -0.578843
4650.51 -0.580152
4650.88 -0.581461
4651.24 -0.582772
4651.61 -0.584083
4651.98 -0.585396
4652.34 -0.58671
4652.71 -0.588025
4653.08 -0.589341
4653.44 -0.590659
4653.81 -0.591977
4654.17 -0.593296
4654.54 -0.594617
4654.91 -0.595938
4655.27 -0.597261
4655.64 -0.598585
4656.01 -0.59991
4656.37 -0.601235
4656.74 -0.602562
4657.1 -0.60389
4657.47 -0.605219
4657.84 -0.606549
4658.2 -0.60788
4658.57 -0.609212
4658.94 -0.610545
4659.3 -0.611879
4659.67 -0.613214
4660.03 -0.614551
4660.4 -0.615888
4660.77 -0.617226
4661.13 -0.618565
4661.5 -0.619905
4661.86 -0.621246
4662.23 -0.622589
4662.6 -0.623932
4662.96 -0.625275
4663.33 -0.62662
4663.7 -0.627966
4664.06 -0.629313
4664.43 -0.630661
4664.79 -0.63201
4665.16 -0.63336
4665.53 -0.63471
4665.89 -0.636062
4666.26 -0.637414
4666.63 -0.638767
4666.99 -0.640122
4667.36 -0.641477
4667.72 -0.642833
4668.09 -0.64419
4668.46 -0.645548
4668.82 -0.646906
4669.19 -0.648266
4669.56 -0.649626
4669.92 -0.650988
4670.29 -0.652349
4670.65 -0.653713
4671.02 -0.655076
4671.39 -0.656441
4671.75 -0.657806
4672.12 -0.659172
4672.48 -0.660539
4672.85 -0.661907
4673.22 -0.663275
4673.58 -0.664644
4673.95 -0.666014
4674.32 -0.667385
4674.68 -0.668757
4675.05 -0.670129
4675.41 -0.671502
4675.78 -0.672876
4676.15 -0.67425
4676.51 -0.675625
4676.88 -0.677001
4677.25 -0.678377
4677.61 -0.679755
4677.98 -0.681133
4678.34 -0.682511
4678.71 -0.683891
4679.08 -0.68527
4679.44 -0.686651
4679.81 -0.688032
4680.18 -0.689414
4680.54 -0.690796
4680.91 -0.692179
4681.27 -0.693563
4681.64 -0.694946
4682.01 -0.696332
4682.37 -0.697717
4682.74 -0.699102
4683.1 -0.700489
4683.47 -0.701876
4683.84 -0.703263
4684.2 -0.704651
4684.57 -0.70604
4684.94 -0.707428
4685.3 -0.708818
4685.67 -0.710208
4686.03 -0.711598
4686.4 -0.712989
4686.77 -0.714381
4687.13 -0.715772
4687.5 -0.717164
4687.87 -0.718557
4688.23 -0.71995
4688.6 -0.721343
4688.96 -0.722737
4689.33 -0.724131
4689.7 -0.725525
4690.06 -0.72692
4690.43 -0.728315
4690.8 -0.729711
4691.16 -0.731107
4691.53 -0.732503
4691.89 -0.733899
4692.26 -0.735296
4692.63 -0.736692
4692.99 -0.738089
4693.36 -0.739487
4693.73 -0.740884
4694.09 -0.742282
4694.46 -0.74368
4694.82 -0.745078
4695.19 -0.746476
4695.56 -0.747875
4695.92 -0.749274
4696.29 -0.750673
4696.65 -0.752071
4697.02 -0.75347
4697.39 -0.75487
4697.75 -0.756269
4698.12 -0.757668
4698.49 -0.759068
4698.85 -0.760467
4699.22 -0.761867
4699.58 -0.763266
4699.95 -0.764666
4700.32 -0.766065
4700.68 -0.767465
4701.05 -0.768864
4701.42 -0.770263
4701.78 -0.771663
4702.15 -0.773062
4702.51 -0.774461
4702.88 -0.77586
4703.25 -0.777259
4703.61 -0.778658
4703.98 -0.780057
4704.35 -0.781455
4704.71 -0.782853
4705.08 -0.784251
4705.44 -0.785649
4705.81 -0.787047
4706.18 -0.788445
4706.54 -0.789842
4706.91 -0.791238
4707.27 -0.792635
4707.64 -0.794031
4708.01 -0.795427
4708.37 -0.796823
4708.74 -0.798218
4709.11 -0.799613
4709.47 -0.801007
4709.84 -0.802401
4710.2 -0.803795
4710.57 -0.805188
4710.94 -0.806581
4711.3 -0.807973
4711.67 -0.809365
4712.04 -0.810756
4712.4 -0.812147
4712.77 -0.813538
4713.13 -0.814927
4713.5 -0.816316
4713.87 -0.817705
4714.23 -0.819093
4714.6 -0.82048
4714.97 -0.821866
4715.33 -0.823252
4715.7 -0.824637
4716.06 -0.826022
4716.43 -0.827406
4716.8 -0.828789
4717.16 -0.830171
4717.53 -0.831553
4717.9 -0.832934
4718.26 -0.834314
4718.63 -0.835693
4718.99 -0.837071
4719.36 -0.838449
4719.73 -0.839825
4720.09 -0.841201
4720.46 -0.842576
4720.82 -0.843949
4721.19 -0.845322
4721.56 -0.846694
4721.92 -0.848065
4722.29 -0.849435
4722.66 -0.850803
4723.02 -0.852171
4723.39 -0.853537
4723.75 -0.854903
4724.12 -0.856267
4724.49 -0.85763
4724.85 -0.858992
4725.22 -0.860353
4725.59 -0.861713
4725.95 -0.863071
4726.32 -0.864428
4726.68 -0.865784
4727.05 -0.867139
4727.42 -0.868491
4727.78 -0.869843
4728.15 -0.871194
4728.52 -0.872543
4728.88 -0.87389
4729.25 -0.875237
4729.61 -0.876581
4729.98 -0.877925
4730.35 -0.879267
4730.71 -0.880607
4731.08 -0.881946
4731.44 -0.883283
4731.81 -0.884618
4732.18 -0.885952
4732.54 -0.887284
4732.91 -0.888615
4733.28 -0.889944
4733.64 -0.891271
4734.01 -0.892597
4734.37 -0.89392
4734.74 -0.895242
4735.11 -0.896562
4735.47 -0.897881
4735.84 -0.899197
4736.21 -0.900512
4736.57 -0.901825
4736.94 -0.903136
4737.3 -0.904445
4737.67 -0.905751
4738.04 -0.907056
4738.4 -0.908359
4738.77 -0.90966
4739.14 -0.910959
4739.5 -0.912255
4739.87 -0.91355
4740.23 -0.914842
4740.6 -0.916132
4740.97 -0.91742
4741.33 -0.918706
4741.7 -0.919989
4742.06 -0.921271
4742.43 -0.92255
4742.8 -0.923826
4743.16 -0.9251
4743.53 -0.926372
4743.9 -0.927641
4744.26 -0.928908
4744.63 -0.930173
4744.99 -0.931435
4745.36 -0.932694
4745.73 -0.933951
4746.09 -0.935206
4746.46 -0.936457
4746.83 -0.937707
4747.19 -0.938953
4747.56 -0.940197
4747.92 -0.941438
4748.29 -0.942676
4748.66 -0.943912
4749.02 -0.945145
4749.39 -0.946375
4749.76 -0.947602
4750.12 -0.948826
4750.49 -0.950048
4750.85 -0.951266
4751.22 -0.952482
4751.59 -0.953694
4751.95 -0.954903
4752.32 -0.95611
4752.69 -0.957313
4753.05 -0.958513
4753.42 -0.95971
4753.78 -0.960904
4754.15 -0.962095
4754.52 -0.963282
4754.88 -0.964467
4755.25 -0.965647
4755.61 -0.966825
4755.98 -0.967999
4756.35 -0.96917
4756.71 -0.970337
4757.08 -0.971502
4757.45 -0.972662
4757.81 -0.973819
4758.18 -0.974973
4758.54 -0.976123
4758.91 -0.977269
4759.28 -0.978412
4759.64 -0.979551
4760.01 -0.980687
4760.38 -0.981819
4760.74 -0.982947
4761.11 -0.984071
4761.47 -0.985192
4761.84 -0.986308
4762.21 -0.987421
4762.57 -0.98853
4762.94 -0.989635
4763.31 -0.990736
4763.67 -0.991833
4764.04 -0.992926
4764.4 -0.994015
4764.77 -0.9951
4765.14 -0.996181
4765.5 -0.997257
4765.87 -0.99833
4766.23 -0.999398
4766.6 -1.00046
4766.97 -1.00152
4767.33 -1.00258
4767.7 -1.00363
4768.07 -1.00467
4768.43 -1.00572
4768.8 -1.00675
4769.16 -1.00779
4769.53 -1.00882
4769.9 -1.00984
4770.26 -1.01086
4770.63 -1.01188
4771 -1.01289
4771.36 -1.01389
4771.73 -1.01489
4772.09 -1.01589
4772.46 -1.01688
4772.83 -1.01787
4773.19 -1.01885
4773.56 -1.01983
4773.93 -1.0208
4774.29 -1.02177
4774.66 -1.02273
4775.02 -1.02369
4775.39 -1.02464
4775.76 -1.02559
4776.12 -1.02653
4776.49 -1.02747
4776.85 -1.0284
4777.22 -1.02933
4777.59 -1.03025
4777.95 -1.03117
4778.32 -1.03208
4778.69 -1.03298
4779.05 -1.03388
4779.42 -1.03478
4779.78 -1.03567
4780.15 -1.03655
4780.52 -1.03743
4780.88 -1.0383
4781.25 -1.03917
4781.62 -1.04003
4781.98 -1.04089
4782.35 -1.04174
4782.71 -1.04258
4783.08 -1.04342
4783.45 -1.04426
4783.81 -1.04508
4784.18 -1.0459
4784.55 -1.04672
4784.91 -1.04753
4785.28 -1.04833
4785.64 -1.04913
4786.01 -1.04992
4786.38 -1.05071
4786.74 -1.05149
4787.11 -1.05226
4787.48 -1.05303
4787.84 -1.05379
4788.21 -1.05455
4788.57 -1.0553
4788.94 -1.05604
4789.31 -1.05678
4789.67 -1.05751
4790.04 -1.05823
4790.4 -1.05895
4790.77 -1.05966
4791.14 -1.06037
4791.5 -1.06106
4791.87 -1.06175
4792.24 -1.06244
4792.6 -1.06312
4792.97 -1.06379
4793.33 -1.06445
4793.7 -1.06511
4794.07 -1.06576
4794.43 -1.06641
4794.8 -1.06705
4795.17 -1.06768
4795.53 -1.0683
4795.9 -1.06892
4796.26 -1.06953
4796.63 -1.07013
4797 -1.07073
4797.36 -1.07132
4797.73 -1.0719
4798.1 -1.07248
4798.46 -1.07305
4798.83 -1.07361
4799.19 -1.07416
4799.56 -1.07471
4799.93 -1.07525
4800.29 -1.07578
4800.66 -1.0763
4801.02 -1.07682
4801.39 -1.07733
4801.76 -1.07783
4802.12 -1.07833
4802.49 -1.07881
4802.86 -1.07929
4803.22 -1.07977
4803.59 -1.08023
4803.95 -1.08069
4804.32 -1.08114
4804.69 -1.08158
4805.05 -1.08201
4805.42 -1.08244
4805.79 -1.08286
4806.15 -1.08327
4806.52 -1.08367
4806.88 -1.08407
4807.25 -1.08445
4807.62 -1.08483
4807.98 -1.0852
4808.35 -1.08557
4808.72 -1.08592
4809.08 -1.08627
4809.45 -1.08661
4809.81 -1.08694
4810.18 -1.08726
4810.55 -1.08758
4810.91 -1.08788
4811.28 -1.08818
4811.65 -1.08847
4812.01 -1.08875
4812.38 -1.08903
4812.74 -1.08929
4813.11 -1.08955
4813.48 -1.0898
4813.84 -1.09004
4814.21 -1.09027
4814.57 -1.09049
4814.94 -1.09071
4815.31 -1.09091
4815.67 -1.09111
4816.04 -1.0913
4816.41 -1.09148
4816.77 -1.09165
4817.14 -1.09181
4817.5 -1.09197
4817.87 -1.09211
4818.24 -1.09225
4818.6 -1.09238
4818.97 -1.09249
4819.34 -1.0926
4819.7 -1.0927
4820.07 -1.0928
4820.43 -1.09288
4820.8 -1.09296
4821.17 -1.09302
4821.53 -1.09308
4821.9 -1.09312
4822.27 -1.09316
4822.63 -1.09319
4823 -1.09321
4823.36 -1.09322
4823.73 -1.09323
4824.1 -1.09322
4824.46 -1.0932
4824.83 -1.09318
4825.19 -1.09314
4825.56 -1.0931
4825.93 -1.09305
4826.29 -1.09298
4826.66 -1.09291
4827.03 -1.09283
4827.39 -1.09274
4827.76 -1.09264
4828.12 -1.09253
4828.49 -1.09241
4828.86 -1.09228
4829.22 -1.09215
4829.59 -1.092
4829.96 -1.09184
4830.32 -1.09168
4830.69 -1.0915
4831.05 -1.09132
4831.42 -1.09112
4831.79 -1.09092
4832.15 -1.0907
4832.52 -1.09048
4832.89 -1.09025
4833.25 -1.09
4833.62 -1.08975
4833.98 -1.08949
4834.35 -1.08922
4834.72 -1.08894
4835.08 -1.08864
4835.45 -1.08834
4835.81 -1.08803
4836.18 -1.08771
4836.55 -1.08738
4836.91 -1.08704
4837.28 -1.08669
4837.65 -1.08633
4838.01 -1.08596
4838.38 -1.08558
4838.74 -1.08519
4839.11 -1.08479
4839.48 -1.08438
4839.84 -1.08396
4840.21 -1.08353
4840.58 -1.08309
4840.94 -1.08264
4841.31 -1.08218
4841.67 -1.08171
4842.04 -1.08123
4842.41 -1.08075
4842.77 -1.08025
4843.14 -1.07974
4843.51 -1.07922
4843.87 -1.07869
4844.24 -1.07815
4844.6 -1.0776
4844.97 -1.07704
4845.34 -1.07647
4845.7 -1.07589
4846.07 -1.0753
4846.44 -1.0747
4846.8 -1.07409
4847.17 -1.07347
4847.53 -1.07284
4847.9 -1.0722
4848.27 -1.07155
4848.63 -1.07088
4849 -1.07021
4849.36 -1.06953
4849.73 -1.06884
4850.1 -1.06814
4850.46 -1.06743
4850.83 -1.06671
4851.2 -1.06597
4851.56 -1.06523
4851.93 -1.06448
4852.29 -1.06372
4852.66 -1.06294
4853.03 -1.06216
4853.39 -1.06137
4853.76 -1.06056
4854.13 -1.05975
4854.49 -1.05893
4854.86 -1.05809
4855.22 -1.05725
4855.59 -1.0564
4855.96 -1.05553
4856.32 -1.05466
4856.69 -1.05377
4857.06 -1.05288
4857.42 -1.05197
4857.79 -1.05106
4858.15 -1.05013
4858.52 -1.0492
4858.89 -1.04825
4859.25 -1.0473
4859.62 -1.04633
4859.98 -1.04535
4860.35 -1.04437
4860.72 -1.04337
4861.08 -1.04237
4861.45 -1.04135
4861.82 -1.04032
4862.18 -1.03929
4862.55 -1.03824
4862.91 -1.03718
4863.28 -1.03612
4863.65 -1.03504
4864.01 -1.03395
4864.38 -1.03285
4864.75 -1.03175
4865.11 -1.03063
4865.48 -1.0295
4865.84 -1.02837
4866.21 -1.02722
4866.58 -1.02606
4866.94 -1.0249
4867.31 -1.02372
4867.68 -1.02253
4868.04 -1.02134
4868.41 -1.02013
4868.77 -1.01891
4869.14 -1.01769
4869.51 -1.01645
4869.87 -1.01521
4870.24 -1.01395
4870.6 -1.01268
4870.97 -1.01141
4871.34 -1.01012
4871.7 -1.00883
4872.07 -1.00752
4872.44 -1.00621
4872.8 -1.00489
4873.17 -1.00355
4873.53 -1.00221
4873.9 -1.00086
4874.27 -0.999492
4874.63 -0.998121
4875 -0.996739
4875.37 -0.995347
4875.73 -0.993946
4876.1 -0.992536
4876.46 -0.991116
4876.83 -0.989686
4877.2 -0.988248
4877.56 -0.9868
4877.93 -0.985342
4878.3 -0.983875
4878.66 -0.982399
4879.03 -0.980913
4879.39 -0.979418
4879.76 -0.977914
4880.13 -0.976401
4880.49 -0.974878
4880.86 -0.973346
4881.23 -0.971805
4881.59 -0.970255
4881.96 -0.968695
4882.32 -0.967127
4882.69 -0.96555
4883.06 -0.963963
4883.42 -0.962368
4883.79 -0.960763
4884.15 -0.95915
4884.52 -0.957528
4884.89 -0.955896
4885.25 -0.954257
4885.62 -0.952608
4885.99 -0.95095
4886.35 -0.949284
4886.72 -0.947608
4887.08 -0.945925
4887.45 -0.944232
4887.82 -0.942532
4888.18 -0.940822
4888.55 -0.939103
4888.92 -0.937377
4889.28 -0.935642
4889.65 -0.933898
4890.01 -0.932146
4890.38 -0.930385
4890.75 -0.928617
4891.11 -0.926839
4891.48 -0.925054
4891.85 -0.92326
4892.21 -0.921459
4892.58 -0.919649
4892.94 -0.917831
4893.31 -0.916005
4893.68 -0.91417
4894.04 -0.912328
4894.41 -0.910478
4894.77 -0.90862
4895.14 -0.906754
4895.51 -0.90488
4895.87 -0.902998
4896.24 -0.901108
4896.61 -0.899211
4896.97 -0.897306
4897.34 -0.895395
4897.7 -0.893474
4898.07 -0.891546
4898.44 -0.889611
4898.8 -0.887668
4899.17 -0.885718
4899.54 -0.883761
4899.9 -0.881796
4900.27 -0.879824
4900.63 -0.877844
4901 -0.875858
4901.37 -0.873864
4901.73 -0.871863
4902.1 -0.869855
4902.47 -0.86784
4902.83 -0.865818
4903.2 -0.863789
4903.56 -0.861753
4903.93 -0.859711
4904.3 -0.857661
4904.66 -0.855605
4905.03 -0.853542
4905.4 -0.851472
4905.76 -0.849396
4906.13 -0.847313
4906.49 -0.845224
4906.86 -0.843128
4907.23 -0.841026
4907.59 -0.838917
4907.96 -0.836802
4908.32 -0.834681
4908.69 -0.832553
4909.06 -0.83042
4909.42 -0.82828
4909.79 -0.826134
4910.16 -0.823983
4910.52 -0.821825
4910.89 -0.819661
4911.25 -0.817491
4911.62 -0.815316
4911.99 -0.813134
4912.35 -0.810948
4912.72 -0.808755
4913.09 -0.806557
4913.45 -0.804354
4913.82 -0.802144
4914.18 -0.799929
4914.55 -0.797709
4914.92 -0.795484
4915.28 -0.793253
4915.65 -0.791017
4916.02 -0.788775
4916.38 -0.786529
4916.75 -0.784277
4917.11 -0.782021
4917.48 -0.77976
4917.85 -0.777493
4918.21 -0.775222
4918.58 -0.772946
4918.94 -0.770665
4919.31 -0.76838
4919.68 -0.76609
4920.04 -0.763795
4920.41 -0.761496
4920.78 -0.759192
4921.14 -0.756883
4921.51 -0.75457
4921.87 -0.752254
4922.24 -0.749933
4922.61 -0.747607
4922.97 -0.745277
4923.34 -0.742944
4923.71 -0.740607
4924.07 -0.738265
4924.44 -0.735919
4924.8 -0.73357
4925.17 -0.731217
4925.54 -0.72886
4925.9 -0.726499
4926.27 -0.724135
4926.64 -0.721767
4927 -0.719396
4927.37 -0.717021
4927.73 -0.714642
4928.1 -0.712261
4928.47 -0.709876
4928.83 -0.707488
4929.2 -0.705097
4929.56 -0.702702
4929.93 -0.700305
4930.3 -0.697904
4930.66 -0.695501
4931.03 -0.693094
4931.4 -0.690685
4931.76 -0.688273
4932.13 -0.685859
4932.49 -0.683441
4932.86 -0.681021
4933.23 -0.678599
4933.59 -0.676174
4933.96 -0.673746
4934.33 -0.671317
4934.69 -0.668885
4935.06 -0.666451
4935.42 -0.664015
4935.79 -0.661575
4936.16 -0.659135
4936.52 -0.656692
4936.89 -0.654247
4937.26 -0.651801
4937.62 -0.649353
4937.99 -0.646903
4938.35 -0.64445
4938.72 -0.641997
4939.09 -0.639542
4939.45 -0.637085
4939.82 -0.634627
4940.19 -0.632168
4940.55 -0.629706
4940.92 -0.627244
4941.28 -0.62478
4941.65 -0.622316
4942.02 -0.61985
4942.38 -0.617383
4942.75 -0.614915
4943.11 -0.612447
4943.48 -0.609977
4943.85 -0.607506
4944.21 -0.605034
4944.58 -0.602562
4944.95 -0.60009
4945.31 -0.597616
4945.68 -0.595142
4946.04 -0.592667
4946.41 -0.590192
4946.78 -0.587717
4947.14 -0.585241
4947.51 -0.582765
4947.88 -0.58029
4948.24 -0.577813
4948.61 -0.575337
4948.97 -0.57286
4949.34 -0.570384
4949.71 -0.567907
4950.07 -0.565431
4950.44 -0.562955
4950.81 -0.560479
4951.17 -0.558003
4951.54 -0.555528
4951.9 -0.553053
4952.27 -0.550578
4952.64 -0.548105
4953 -0.545632
4953.37 -0.543159
4953.73 -0.540687
4954.1 -0.538216
4954.47 -0.535745
4954.83 -0.533276
4955.2 -0.530808
4955.57 -0.52834
4955.93 -0.525873
4956.3 -0.523408
4956.66 -0.520943
4957.03 -0.51848
4957.4 -0.516018
4957.76 -0.513557
4958.13 -0.511098
4958.5 -0.508639
4958.86 -0.506183
4959.23 -0.503728
4959.59 -0.501274
4959.96 -0.498822
4960.33 -0.496372
4960.69 -0.493924
4961.06 -0.491477
4961.43 -0.489032
4961.79 -0.486589
4962.16 -0.484148
4962.52 -0.481709
4962.89 -0.479272
4963.26 -0.476836
4963.62 -0.474404
4963.99 -0.471973
4964.35 -0.469544
4964.72 -0.467118
4965.09 -0.464694
4965.45 -0.462272
4965.82 -0.459853
4966.19 -0.457437
4966.55 -0.455022
4966.92 -0.452611
4967.28 -0.450202
4967.65 -0.447796
4968.02 -0.445393
4968.38 -0.442992
4968.75 -0.440594
4969.12 -0.438199
4969.48 -0.435807
4969.85 -0.433418
4970.21 -0.431032
4970.58 -0.428649
4970.95 -0.426269
4971.31 -0.423892
4971.68 -0.421518
4972.05 -0.419148
4972.41 -0.416781
4972.78 -0.414418
4973.14 -0.412057
4973.51 -0.4097
4973.88 -0.407347
4974.24 -0.404997
4974.61 -0.402651
4974.98 -0.400308
4975.34 -0.397969
4975.71 -0.395634
4976.07 -0.393302
4976.44 -0.390974
4976.81 -0.38865
4977.17 -0.386331
4977.54 -0.384014
4977.9 -0.381702
4978.27 -0.379394
4978.64 -0.37709
4979 -0.37479
4979.37 -0.372494
4979.74 -0.370202
4980.1 -0.367914
4980.47 -0.365631
4980.83 -0.363352
4981.2 -0.361077
4981.57 -0.358807
4981.93 -0.356541
4982.3 -0.354279
4982.67 -0.352022
4983.03 -0.34977
4983.4 -0.347522
4983.76 -0.345279
4984.13 -0.34304
4984.5 -0.340806
4984.86 -0.338577
4985.23 -0.336352
4985.6 -0.334132
4985.96 -0.331918
4986.33 -0.329708
4986.69 -0.327502
4987.06 -0.325302
4987.43 -0.323106
4987.79 -0.320916
4988.16 -0.318731
4988.52 -0.316551
4988.89 -0.314376
4989.26 -0.312206
4989.62 -0.310041
4989.99 -0.307881
4990.36 -0.305727
4990.72 -0.303578
4991.09 -0.301434
4991.45 -0.299296
4991.82 -0.297163
4992.19 -0.295035
4992.55 -0.292913
4992.92 -0.290796
4993.29 -0.288685
4993.65 -0.286579
4994.02 -0.284478
4994.38 -0.282384
4994.75 -0.280295
4995.12 -0.278211
4995.48 -0.276134
4995.85 -0.274062
4996.22 -0.271995
4996.58 -0.269935
4996.95 -0.26788
4997.31 -0.265831
4997.68 -0.263788
4998.05 -0.26175
4998.41 -0.259719
4998.78 -0.257694
4999.15 -0.255674
4999.51 -0.253661
4999.88 -0.251653
5000.24 -0.249651
5000.61 -0.247656
5000.98 -0.245666
5001.34 -0.243683
5001.71 -0.241706
5002.07 -0.239734
5002.44 -0.23777
5002.81 -0.235811
5003.17 -0.233858
5003.54 -0.231912
5003.91 -0.229972
5004.27 -0.228038
5004.64 -0.22611
5005 -0.224189
5005.37 -0.222274
5005.74 -0.220366
5006.1 -0.218463
5006.47 -0.216567
5006.84 -0.214678
5007.2 -0.212795
5007.57 -0.210919
5007.93 -0.209049
5008.3 -0.207185
5008.67 -0.205328
5009.03 -0.203477
5009.4 -0.201634
5009.77 -0.199796
5010.13 -0.197965
5010.5 -0.196141
5010.86 -0.194323
5011.23 -0.192512
5011.6 -0.190708
5011.96 -0.18891
5012.33 -0.187119
5012.69 -0.185335
5013.06 -0.183557
5013.43 -0.181786
5013.79 -0.180022
5014.16 -0.178265
5014.53 -0.176514
5014.89 -0.17477
5015.26 -0.173033
5015.62 -0.171302
5015.99 -0.169579
5016.36 -0.167862
5016.72 -0.166152
5017.09 -0.164449
5017.46 -0.162752
5017.82 -0.161063
5018.19 -0.159381
5018.55 -0.157705
5018.92 -0.156036
5019.29 -0.154374
5019.65 -0.15272
5020.02 -0.151072
5020.39 -0.14943
5020.75 -0.147796
5021.12 -0.146169
5021.48 -0.144549
5021.85 -0.142935
5022.22 -0.141329
5022.58 -0.13973
5022.95 -0.138137
5023.31 -0.136552
5023.68 -0.134974
5024.05 -0.133403
5024.41 -0.131838
5024.78 -0.130281
5025.15 -0.12873
5025.51 -0.127187
5025.88 -0.125651
5026.24 -0.124122
5026.61 -0.122599
5026.98 -0.121084
5027.34 -0.119576
5027.71 -0.118075
5028.08 -0.116581
5028.44 -0.115094
5028.81 -0.113614
5029.17 -0.112142
5029.54 -0.110676
5029.91 -0.109217
5030.27 -0.107766
5030.64 -0.106321
5031.01 -0.104884
5031.37 -0.103454
5031.74 -0.10203
5032.1 -0.100614
5032.47 -0.099205
5032.84 -0.0978028
5033.2 -0.0964077
5033.57 -0.0950201
5033.94 -0.0936392
5034.3 -0.0922651
5034.67 -0.0908982
5035.03 -0.0895389
5035.4 -0.0881864
5035.77 -0.0868408
5036.13 -0.0855025
5036.5 -0.0841712
5036.86 -0.0828467
5037.23 -0.0815296
5037.6 -0.0802194
5037.96 -0.0789163
5038.33 -0.0776202
5038.7 -0.076331
5039.06 -0.0750492
5039.43 -0.0737743
5039.79 -0.0725063
5040.16 -0.0712455
5040.53 -0.0699913
5040.89 -0.0687446
5041.26 -0.0675047
5041.63 -0.0662719
5041.99 -0.0650457
5042.36 -0.0638273
5042.72 -0.0626156
5043.09 -0.0614108
5043.46 -0.0602129
5043.82 -0.0590219
5044.19 -0.0578381
5044.56 -0.0566613
5044.92 -0.0554911
5045.29 -0.0543281
5045.65 -0.0531721
5046.02 -0.0520226
5046.39 -0.0508803
5046.75 -0.0497451
5047.12 -0.0486167
5047.48 -0.047495
5047.85 -0.0463804
5048.22 -0.0452728
5048.58 -0.0441716
5048.95 -0.0430777
5049.32 -0.0419905
5049.68 -0.0409103
5050.05 -0.0398367
5050.41 -0.0387701
5050.78 -0.0377103
5051.15 -0.0366573
5051.51 -0.0356112
5051.88 -0.0345716
5052.25 -0.0335388
5052.61 -0.032513
5052.98 -0.0314939
5053.34 -0.0304816
5053.71 -0.0294759
5054.08 -0.028477
5054.44 -0.0274847
5054.81 -0.026499
5055.18 -0.0255204
5055.54 -0.024548
5055.91 -0.0235826
5056.27 -0.0226237
5056.64 -0.0216714
5057.01 -0.0207258
5057.37 -0.0197867
5057.74 -0.0188542
5058.1 -0.0179285
5058.47 -0.0170092
5058.84 -0.0160965
5059.2 -0.0151904
5059.57 -0.0142906
5059.94 -0.0133979
5060.3 -0.0125111
5060.67 -0.0116315
5061.03 -0.0107576
5061.4 -0.00989056
5061.77 -0.0090299
5062.13 -0.00817584
5062.5 -0.0073279
5062.87 -0.00648634
5063.23 -0.00565126
5063.6 -0.00482291
5063.96 -0.00400033
5064.33 -0.00318436
5064.7 -0.00237487
5065.06 -0.00157164
5065.43 -0.000774525
5065.8 1.62125e-05
5066.16 0.000800461
5066.53 0.00157858
5066.89 0.00235081
5067.26 0.00311644
5067.63 0.0038757
5067.99 0.00462893
5068.36 0.00537617
5068.73 0.00611715
5069.09 0.00685213
5069.46 0.00758049
5069.82 0.00830332
5070.19 0.00902002
5070.56 0.00973071
5070.92 0.0104349
5071.29 0.0111336
5071.65 0.0118258
5072.02 0.012512
5072.39 0.0131922
5072.75 0.0138669
5073.12 0.0145352
5073.49 0.0151977
5073.85 0.0158543
5074.22 0.016505
5074.58 0.0171496
5074.95 0.0177884
5075.32 0.0184216
5075.68 0.0190487
5076.05 0.0196703
5076.42 0.0202858
5076.78 0.0208958
5077.15 0.0214998
5077.51 0.0220979
5077.88 0.0226905
5078.25 0.0232776
5078.61 0.0238589
5078.98 0.0244344
5079.35 0.0250042
5079.71 0.0255684
5080.08 0.0261271
5080.44 0.0266801
5080.81 0.027228
5081.18 0.0277698
5081.54 0.0283061
5081.91 0.028837
5082.27 0.0293628
5082.64 0.0298826
5083.01 0.0303969
5083.37 0.030906
5083.74 0.0314098
5084.11 0.0319079
5084.47 0.0324008
5084.84 0.0328882
5085.2 0.0333702
5085.57 0.0338469
5085.94 0.0343183
5086.3 0.0347848
5086.67 0.0352457
5087.04 0.0357012
5087.4 0.0361516
5087.77 0.0365969
5088.13 0.0370371
5088.5 0.0374719
5088.87 0.0379015
5089.23 0.0383264
5089.6 0.0387457
5089.97 0.0391602
5090.33 0.0395695
5090.7 0.0399739
5091.06 0.0403731
5091.43 0.0407672
5091.8 0.0411566
5092.16 0.0415408
5092.53 0.0419201
5092.9 0.0422943
5093.26 0.0426637
5093.63 0.0430286
5093.99 0.0433881
5094.36 0.0437431
5094.73 0.0440933
5095.09 0.0444385
5095.46 0.0447788
5095.82 0.0451146
5096.19 0.0454455
5096.56 0.0457718
5096.92 0.0460932
5097.29 0.0464098
5097.66 0.0467222
5098.02 0.0470293
5098.39 0.0473323
5098.75 0.0476305
5099.12 0.047924
5099.49 0.048213
5099.85 0.0484976
5100.22 0.0487774
5100.59 0.0490531
5100.95 0.0493238
5101.32 0.0495906
5101.68 0.0498523
5102.05 0.0501102
5102.42 0.050363
5102.78 0.0506119
5103.15 0.0508563
5103.52 0.0510963
5103.88 0.051332
5104.25 0.0515636
5104.61 0.0517904
5104.98 0.0520131
5105.35 0.0522318
5105.71 0.0524465
5106.08 0.0526564
5106.44 0.0528622
5106.81 0.0530644
5107.18 0.0532621
5107.54 0.0534553
5107.91 0.0536445
5108.28 0.0538298
5108.64 0.0540111
5109.01 0.054188
5109.37 0.0543612
5109.74 0.0545302
5110.11 0.0546952
5110.47 0.0548563
5110.84 0.0550136
5111.21 0.0551667
5111.57 0.055316
5111.94 0.0554612
5112.3 0.0556029
5112.67 0.0557405
5113.04 0.0558742
5113.4 0.0560044
5113.77 0.0561304
5114.14 0.056253
5114.5 0.0563716
5114.87 0.0564865
5115.23 0.0565977
5115.6 0.056705
5115.97 0.056809
5116.33 0.0569088
5116.7 0.0570053
5117.06 0.0570981
5117.43 0.0571873
5117.8 0.0572729
5118.16 0.0573547
5118.53 0.0574333
5118.9 0.0575086
5119.26 0.0575797
5119.63 0.057648
5119.99 0.0577124
5120.36 0.0577734
5120.73 0.0578307
5121.09 0.0578851
5121.46 0.0579358
5121.83 0.057983
5122.19 0.0580269
5122.56 0.0580677
5122.92 0.0581049
5123.29 0.0581388
5123.66 0.0581695
5124.02 0.0581967
5124.39 0.0582211
5124.76 0.058242
5125.12 0.0582598
5125.49 0.0582742
5125.85 0.0582855
5126.22 0.0582938
5126.59 0.0582985
5126.95 0.0583002
5127.32 0.0582992
5127.69 0.0582946
5128.05 0.0582873
5128.42 0.0582767
5128.78 0.0582634
5129.15 0.0582469
5129.52 0.0582275
5129.88 0.0582045
5130.25 0.0581794
5130.61 0.0581507
5130.98 0.0581195
5131.35 0.0580852
5131.71 0.0580481
5132.08 0.058008
5132.45 0.057965
5132.81 0.0579193
5133.18 0.0578707
5133.54 0.0578189
5133.91 0.0577648
5134.28 0.0577075
5134.64 0.0576481
5135.01 0.0575853
5135.38 0.0575201
5135.74 0.0574521
5136.11 0.0573813
5136.47 0.0573079
5136.84 0.057232
5137.21 0.0571531
5137.57 0.0570718
5137.94 0.0569879
5138.31 0.0569014
5138.67 0.0568124
5139.04 0.0567205
5139.4 0.0566264
5139.77 0.0565298
5140.14 0.0564302
5140.5 0.0563284
5140.87 0.056224
5141.23 0.0561172
5141.6 0.0560083
5141.97 0.0558966
5142.33 0.0557824
5142.7 0.0556659
5143.07 0.0555469
5143.43 0.0554256
5143.8 0.0553019
5144.16 0.0551764
5144.53 0.0550482
5144.9 0.0549174
5145.26 0.0547845
5145.63 0.0546494
5146 0.0545121
5146.36 0.0543722
5146.73 0.0542303
5147.09 0.0540864
5147.46 0.0539401
5147.83 0.0537913
5148.19 0.0536409
5148.56 0.053488
5148.93 0.0533331
5149.29 0.0531756
5149.66 0.0530164
5150.02 0.0528551
5150.39 0.0526916
5150.76 0.0525262
5151.12 0.0523585
5151.49 0.0521889
5151.85 0.0520173
5152.22 0.0518433
5152.59 0.0516677
5152.95 0.05149
5153.32 0.0513104
5153.69 0.0511288
5154.05 0.0509451
5154.42 0.0507599
5154.78 0.0505724
5155.15 0.050383
5155.52 0.0501916
5155.88 0.0499985
5156.25 0.0498035
5156.62 0.0496069
5156.98 0.049408
5157.35 0.0492075
5157.71 0.0490054
5158.08 0.0488012
5158.45 0.0485953
5158.81 0.0483878
5159.18 0.0481783
5159.55 0.0479672
5159.91 0.0477542
5160.28 0.0475397
5160.64 0.0473233
5161.01 0.0471053
5161.38 0.0468856
5161.74 0.0466642
5162.11 0.0464412
5162.48 0.0462166
5162.84 0.0459901
5163.21 0.0457622
5163.57 0.0455327
5163.94 0.0453017
5164.31 0.0450689
5164.67 0.0448348
5165.04 0.0445988
5165.4 0.0443615
5165.77 0.0441226
5166.14 0.0438822
5166.5 0.0436401
5166.87 0.043397
5167.24 0.0431519
5167.6 0.0429056
5167.97 0.0426579
5168.33 0.0424085
5168.7 0.0421577
5169.07 0.0419055
5169.43 0.0416519
5169.8 0.0413968
5170.17 0.0411405
5170.53 0.0408827
5170.9 0.0406236
5171.26 0.0403631
5171.63 0.0401013
5172 0.0398382
5172.36 0.0395736
5172.73 0.0393077
5173.1 0.0390406
5173.46 0.0387722
5173.83 0.0385025
5174.19 0.0382317
5174.56 0.0379593
5174.93 0.0376859
5175.29 0.0374112
5175.66 0.0371353
5176.02 0.036858
5176.39 0.0365797
5176.76 0.0363
5177.12 0.0360194
5177.49 0.0357373
5177.86 0.0354542
5178.22 0.0351699
5178.59 0.0348845
5178.95 0.0345979
5179.32 0.0343103
5179.69 0.0340215
5180.05 0.0337317
5180.42 0.0334408
5180.79 0.0331486
5181.15 0.0328554
5181.52 0.0325613
5181.88 0.0322659
5182.25 0.0319697
5182.62 0.0316723
5182.98 0.0313737
5183.35 0.0310743
5183.72 0.030774
5184.08 0.0304725
5184.45 0.0301702
5184.81 0.0298666
5185.18 0.0295623
5185.55 0.0292569
5185.91 0.0289506
5186.28 0.0286434
5186.65 0.0283351
5187.01 0.0280261
5187.38 0.027716
5187.74 0.027405
5188.11 0.027093
5188.48 0.0267803
5188.84 0.0264667
5189.21 0.0261522
5189.57 0.0258368
5189.94 0.0255204
5190.31 0.0252035
5190.67 0.0248854
5191.04 0.0245667
5191.41 0.024247
5191.77 0.0239266
5192.14 0.0236053
5192.5 0.0232833
5192.87 0.0229604
5193.24 0.0226369
5193.6 0.0223126
5193.97 0.0219873
5194.34 0.0216613
5194.7 0.0213347
5195.07 0.0210073
5195.43 0.0206791
5195.8 0.0203501
5196.17 0.0200205
5196.53 0.0196901
5196.9 0.019359
5197.27 0.0190273
5197.63 0.0186948
5198 0.0183617
5198.36 0.0180279
5198.73 0.0176935
5199.1 0.0173581
5199.46 0.0170225
5199.83 0.016686
5200.19 0.0163489
5200.56 0.0160111
5200.93 0.0156728
5201.29 0.0153336
5201.66 0.014994
5202.03 0.0146538
5202.39 0.0143131
5202.76 0.0139716
5203.12 0.0136296
5203.49 0.013287
5203.86 0.0129438
5204.22 0.0126001
5204.59 0.0122559
5204.96 0.011911
5205.32 0.0115655
5205.69 0.0112196
5206.05 0.0108732
5206.42 0.0105263
5206.79 0.0101788
5207.15 0.00983088
5207.52 0.00948243
5207.89 0.00913329
5208.25 0.00878378
5208.62 0.00843359
5208.98 0.00808326
5209.35 0.00773214
5209.72 0.00738069
5210.08 0.00702882
5210.45 0.00667644
5210.81 0.00632356
5211.18 0.00597018
5211.55 0.00561643
5211.91 0.00526235
5212.28 0.00490784
5212.65 0.00455277
5213.01 0.00419749
5213.38 0.00384154
5213.74 0.00348521
5214.11 0.00312851
5214.48 0.00277153
5214.84 0.00241412
5215.21 0.0020562
5215.58 0.0016981
5215.94 0.00133949
5216.31 0.000980608
5216.67 0.000621118
5217.04 0.000261486
5217.41 -9.84743e-05
5217.77 -0.000458933
5218.14 -0.000819765
5218.51 -0.00118086
5218.87 -0.00154223
5219.24 -0.00190397
5219.6 -0.00226597
5219.97 -0.00262842
5220.34 -0.00299107
5220.7 -0.00335409
5221.07 -0.00371739
5221.44 -0.00408113
5221.8 -0.00444494
5222.17 -0.00480921
5222.53 -0.00517374
5222.9 -0.0055384
5223.27 -0.00590339
5223.63 -0.00626883
5224 -0.00663435
5224.36 -0.00700019
5224.73 -0.00736635
5225.1 -0.00773279
5225.46 -0.0080993
5225.83 -0.00846631
5226.2 -0.00883324
5226.56 -0.00920055
5226.93 -0.00956806
5227.29 -0.00993589
5227.66 -0.010304
5228.03 -0.0106722
5228.39 -0.0110406
5228.76 -0.0114093
5229.13 -0.0117783
5229.49 -0.0121471
5229.86 -0.0125165
5230.22 -0.0128859
5230.59 -0.0132556
5230.96 -0.0136254
5231.32 -0.0139954
5231.69 -0.0143655
5232.06 -0.014736
5232.42 -0.0151066
5232.79 -0.0154771
5233.15 -0.015848
5233.52 -0.0162189
5233.89 -0.0165901
5234.25 -0.0169614
5234.62 -0.017333
5234.98 -0.0177046
5235.35 -0.0180764
5235.72 -0.0184482
5236.08 -0.0188203
5236.45 -0.0191925
5236.82 -0.0195647
5237.18 -0.0199373
5237.55 -0.0203097
5237.91 -0.0206824
5238.28 -0.0210551
5238.65 -0.021428
5239.01 -0.0218009
5239.38 -0.0221739
5239.75 -0.0225472
5240.11 -0.0229204
5240.48 -0.0232939
5240.84 -0.0236672
5241.21 -0.0240409
5241.58 -0.0244145
5241.94 -0.0247883
5242.31 -0.0251619
5242.68 -0.0255358
5243.04 -0.0259098
5243.41 -0.0262838
5243.77 -0.0266579
5244.14 -0.027032
5244.51 -0.0274062
5244.87 -0.0277804
5245.24 -0.0281548
5245.6 -0.0285291
5245.97 -0.0289035
5246.34 -0.0292779
5246.7 -0.0296524
5247.07 -0.0300269
5247.44 -0.0304015
5247.8 -0.0307761
5248.17 -0.0311508
5248.53 -0.0315253
5248.9 -0.0319
5249.27 -0.0322748
5249.63 -0.0326495
5250 -0.0330241
5250.37 -0.033399
5250.73 -0.0337738
5251.1 -0.0341487
5251.46 -0.0345233
5251.83 -0.0348982
5252.2 -0.035273
5252.56 -0.0356477
5252.93 -0.0360225
5253.3 -0.0363975
5253.66 -0.0367721
5254.03 -0.0371471
5254.39 -0.0375217
5254.76 -0.0378966
5255.13 -0.0382713
5255.49 -0.0386461
5255.86 -0.0390208
5256.23 -0.0393955
5256.59 -0.0397701
5256.96 -0.0401447
5257.32 -0.0405194
5257.69 -0.0408939
5258.06 -0.0412685
5258.42 -0.0416431
5258.79 -0.0420176
5259.15 -0.042392
5259.52 -0.0427663
5259.89 -0.0431407
5260.25 -0.0435151
5260.62 -0.0438893
5260.99 -0.0442634
5261.35 -0.0446377
5261.72 -0.0450118
5262.08 -0.0453858
5262.45 -0.04576
5262.82 -0.046134
5263.18 -0.0465078
5263.55 -0.0468817
5263.92 -0.0472554
5264.28 -0.0476292
5264.65 -0.0480027
5265.01 -0.0483764
5265.38 -0.0487498
5265.75 -0.0491233
5266.11 -0.0494967
5266.48 -0.0498699
5266.85 -0.0502431
5267.21 -0.0506162
5267.58 -0.0509893
5267.94 -0.0513622
5268.31 -0.0517352
5268.68 -0.052108
5269.04 -0.0524807
5269.41 -0.0528535
5269.77 -0.0532258
5270.14 -0.0535983
5270.51 -0.0539707
5270.87 -0.0543428
5271.24 -0.0547151
5271.61 -0.0550873
5271.97 -0.0554592
5272.34 -0.0558312
5272.7 -0.0562029
5273.07 -0.0565744
5273.44 -0.0569462
5273.8 -0.0573176
5274.17 -0.057689
5274.54 -0.0580601
5274.9 -0.0584311
5275.27 -0.0588023
5275.63 -0.0591732
5276 -0.059544
5276.37 -0.0599146
5276.73 -0.0602853
5277.1 -0.0606558
5277.47 -0.0610263
5277.83 -0.0613965
5278.2 -0.0617667
5278.56 -0.0621366
5278.93 -0.0625065
5279.3 -0.0628763
5279.66 -0.0632458
5280.03 -0.0636154
5280.4 -0.0639849
5280.76 -0.0643541
5281.13 -0.0647234
5281.49 -0.0650923
5281.86 -0.0654613
5282.23 -0.0658299
5282.59 -0.0661986
5282.96 -0.0665672
5283.32 -0.0669354
5283.69 -0.0673037
5284.06 -0.0676718
5284.42 -0.0680397
5284.79 -0.0684076
5285.16 -0.0687753
5285.52 -0.0691428
5285.89 -0.0695103
5286.25 -0.0698775
5286.62 -0.0702447
5286.99 -0.0706116
5287.35 -0.0709784
5287.72 -0.0713451
5288.09 -0.0717117
5288.45 -0.0720781
5288.82 -0.0724441
5289.18 -0.0728104
5289.55 -0.0731764
5289.92 -0.0735423
5290.28 -0.0739079
5290.65 -0.0742734
5291.02 -0.0746388
5291.38 -0.0750041
5291.75 -0.0753691
5292.11 -0.0757341
5292.48 -0.0760989
5292.85 -0.0764635
5293.21 -0.0768279
5293.58 -0.0771921
5293.94 -0.0775562
5294.31 -0.0779203
5294.68 -0.0782842
5295.04 -0.0786478
5295.41 -0.0790114
5295.78 -0.0793748
5296.14 -0.079738
5296.51 -0.0801012
5296.87 -0.080464
5297.24 -0.0808268
5297.61 -0.0811892
5297.97 -0.0815518
5298.34 -0.0819141
5298.71 -0.0822762
5299.07 -0.082638
5299.44 -0.0829998
5299.8 -0.0833615
5300.17 -0.0837229
5300.54 -0.0840842
5300.9 -0.0844452
5301.27 -0.0848062
5301.64 -0.085167
5302 -0.0855276
5302.37 -0.085888
5302.73 -0.0862484
5303.1 -0.0866086
5303.47 -0.0869684
5303.83 -0.0873282
5304.2 -0.0876878
5304.56 -0.0880473
5304.93 -0.0884065
5305.3 -0.0887658
5305.66 -0.0891248
5306.03 -0.0894834
5306.4 -0.0898422
5306.76 -0.0902006
5307.13 -0.090559
5307.49 -0.0909168
5307.86 -0.0912748
5308.23 -0.0916326
5308.59 -0.0919901
5308.96 -0.0923476
5309.33 -0.0927048
5309.69 -0.093062
5310.06 -0.0934189
5310.42 -0.0937758
5310.79 -0.0941322
5311.16 -0.0944888
5311.52 -0.0948449
5311.89 -0.0952009
5312.26 -0.0955568
5312.62 -0.0959126
5312.99 -0.096268
5313.35 -0.0966234
5313.72 -0.0969788
5314.09 -0.0973337
5314.45 -0.0976886
5314.82 -0.0980433
5315.19 -0.0983978
5315.55 -0.0987522
5315.92 -0.0991063
5316.28 -0.0994603
5316.65 -0.0998142
5317.02 -0.100168
5317.38 -0.100521
5317.75 -0.100874
5318.11 -0.101228
5318.48 -0.101581
5318.85 -0.101933
5319.21 -0.102286
5319.58 -0.102639
5319.95 -0.102991
5320.31 -0.103343
5320.68 -0.103695
5321.04 -0.104047
5321.41 -0.104398
5321.78 -0.104749
5322.14 -0.105101
5322.51 -0.105452
5322.88 -0.105803
5323.24 -0.106153
5323.61 -0.106504
5323.97 -0.106854
5324.34 -0.107204
5324.71 -0.107555
5325.07 -0.107904
5325.44 -0.108254
5325.81 -0.108604
5326.17 -0.108953
5326.54 -0.109302
5326.9 -0.109651
5327.27 -0.11
5327.64 -0.110349
5328 -0.110697
5328.37 -0.111045
5328.73 -0.111394
5329.1 -0.111742
5329.47 -0.112089
5329.83 -0.112437
5330.2 -0.112784
5330.57 -0.113132
5330.93 -0.113479
5331.3 -0.113826
5331.66 -0.114172
5332.03 -0.114519
5332.4 -0.114865
5332.76 -0.115212
5333.13 -0.115558
5333.5 -0.115904
5333.86 -0.11625
5334.23 -0.116595
5334.59 -0.116941
5334.96 -0.117286
5335.33 -0.117631
5335.69 -0.117976
5336.06 -0.118321
5336.43 -0.118665
5336.79 -0.11901
5337.16 -0.119354
5337.52 -0.119698
5337.89 -0.120042
5338.26 -0.120386
5338.62 -0.120729
5338.99 -0.121073
5339.35 -0.121416
5339.72 -0.121759
5340.09 -0.122102
5340.45 -0.122445
5340.82 -0.122788
5341.19 -0.12313
5341.55 -0.123472
5341.92 -0.123814
5342.28 -0.124156
5342.65 -0.124498
5343.02 -0.12484
5343.38 -0.125182
5343.75 -0.125523
5344.12 -0.125864
5344.48 -0.126205
5344.85 -0.126546
5345.21 -0.126887
5345.58 -0.127227
5345.95 -0.127567
5346.31 -0.127908
5346.68 -0.128248
5347.05 -0.128588
5347.41 -0.128927
5347.78 -0.129267
5348.14 -0.129606
5348.51 -0.129946
5348.88 -0.130285
5349.24 -0.130624
5349.61 -0.130963
5349.98 -0.131301
5350.34 -0.13164
5350.71 -0.131978
5351.07 -0.132316
5351.44 -0.132654
5351.81 -0.132992
5352.17 -0.13333
5352.54 -0.133668
5352.9 -0.134005
5353.27 -0.134342
5353.64 -0.13468
5354 -0.135017
5354.37 -0.135353
5354.74 -0.13569
5355.1 -0.136027
5355.47 -0.136363
5355.83 -0.136699
5356.2 -0.137036
5356.57 -0.137371
5356.93 -0.137707
5357.3 -0.138043
5357.67 -0.138379
5358.03 -0.138714
5358.4 -0.139049
5358.76 -0.139384
5359.13 -0.139719
5359.5 -0.140054
5359.86 -0.140389
5360.23 -0.140723
5360.6 -0.141058
5360.96 -0.141392
5361.33 -0.141726
5361.69 -0.14206
5362.06 -0.142394
5362.43 -0.142728
5362.79 -0.143061
5363.16 -0.143395
5363.52 -0.143728
5363.89 -0.144061
5364.26 -0.144394
5364.62 -0.144727
5364.99 -0.14506
5365.36 -0.145392
5365.72 -0.145725
5366.09 -0.146057
5366.45 -0.14639
5366.82 -0.146722
5367.19 -0.147054
5367.55 -0.147385
5367.92 -0.147717
5368.29 -0.148049
5368.65 -0.14838
5369.02 -0.148711
5369.38 -0.149043
5369.75 -0.149374
5370.12 -0.149705
5370.48 -0.150035
5370.85 -0.150366
5371.22 -0.150697
5371.58 -0.151027
5371.95 -0.151357
5372.31 -0.151688
5372.68 -0.152018
5373.05 -0.152347
5373.41 -0.152677
5373.78 -0.153007
5374.15 -0.153337
5374.51 -0.153666
5374.88 -0.153995
5375.24 -0.154325
5375.61 -0.154653
5375.98 -0.154982
5376.34 -0.155311
5376.71 -0.15564
5377.07 -0.155969
5377.44 -0.156297
5377.81 -0.156626
5378.17 -0.156954
5378.54 -0.157282
5378.91 -0.15761
5379.27 -0.157938
5379.64 -0.158266
5380 -0.158594
5380.37 -0.158921
5380.74 -0.159249
5381.1 -0.159576
5381.47 -0.159903
5381.84 -0.16023
5382.2 -0.160557
5382.57 -0.160884
5382.93 -0.161211
5383.3 -0.161538
5383.67 -0.161865
5384.03 -0.162191
5384.4 -0.162518
5384.77 -0.162844
5385.13 -0.16317
5385.5 -0.163496
5385.86 -0.163822
5386.23 -0.164148
5386.6 -0.164474
5386.96 -0.1648
5387.33 -0.165125
5387.69 -0.165451
5388.06 -0.165776
5388.43 -0.166101
5388.79 -0.166427
5389.16 -0.166752
5389.53 -0.167077
5389.89 -0.167402
5390.26 -0.167727
5390.62 -0.168051
5390.99 -0.168376
5391.36 -0.1687
5391.72 -0.169025
5392.09 -0.169349
5392.46 -0.169674
5392.82 -0.169998
5393.19 -0.170322
5393.55 -0.170646
5393.92 -0.17097
5394.29 -0.171294
5394.65 -0.171617
5395.02 -0.171941
5395.39 -0.172265
5395.75 -0.172588
5396.12 -0.172912
5396.48 -0.173235
5396.85 -0.173558
5397.22 -0.173881
5397.58 -0.174204
5397.95 -0.174527
5398.31 -0.17485
5398.68 -0.175173
5399.05 -0.175496
5399.41 -0.175819
5399.78 -0.176141
5400.15 -0.176464
5400.51 -0.176786
5400.88 -0.177109
5401.24 -0.177431
5401.61 -0.177753
5401.98 -0.178075
5402.34 -0.178397
5402.71 -0.178719
5403.08 -0.179041
5403.44 -0.179363
5403.81 -0.179685
5404.17 -0.180007
5404.54 -0.180328
5404.91 -0.18065
5405.27 -0.180972
5405.64 -0.181293
5406.01 -0.181614
5406.37 -0.181936
5406.74 -0.182257
5407.1 -0.182578
5407.47 -0.182899
5407.84 -0.18322
5408.2 -0.183541
5408.57 -0.183862
5408.94 -0.184183
5409.3 -0.184504
5409.67 -0.184825
5410.03 -0.185145
5410.4 -0.185466
5410.77 -0.185787
5411.13 -0.186107
5411.5 -0.186428
5411.86 -0.186748
5412.23 -0.187069
5412.6 -0.187389
5412.96 -0.187709
5413.33 -0.188029
5413.7 -0.18835
5414.06 -0.18867
5414.43 -0.18899
5414.79 -0.18931
5415.16 -0.18963
5415.53 -0.18995
5415.89 -0.19027
5416.26 -0.190589
5416.63 -0.190909
5416.99 -0.191229
5417.36 -0.191549
5417.72 -0.191868
5418.09 -0.192188
5418.46 -0.192507
5418.82 -0.192827
5419.19 -0.193146
5419.56 -0.193466
5419.92 -0.193785
5420.29 -0.194104
5420.65 -0.194424
5421.02 -0.194743
5421.39 -0.195062
5421.75 -0.195382
5422.12 -0.195701
5422.48 -0.19602
5422.85 -0.196339
5423.22 -0.196658
5423.58 -0.196977
5423.95 -0.197296
5424.32 -0.197615
5424.68 -0.197934
5425.05 -0.198253
5425.41 -0.198572
5425.78 -0.198891
5426.15 -0.199209
5426.51 -0.199528
5426.88 -0.199847
5427.25 -0.200166
5427.61 -0.200484
5427.98 -0.200803
5428.34 -0.201122
5428.71 -0.20144
5429.08 -0.201759
5429.44 -0.202078
5429.81 -0.202396
5430.18 -0.202715
5430.54 -0.203033
5430.91 -0.203352
5431.27 -0.20367
5431.64 -0.203989
5432.01 -0.204307
5432.37 -0.204626
5432.74 -0.204944
5433.1 -0.205262
5433.47 -0.205581
5433.84 -0.205899
5434.2 -0.206218
5434.57 -0.206536
5434.94 -0.206854
5435.3 -0.207173
5435.67 -0.207491
5436.03 -0.207809
5436.4 -0.208128
5436.77 -0.208446
5437.13 -0.208764
5437.5 -0.209083
5437.87 -0.209401
5438.23 -0.209719
5438.6 -0.210038
5438.96 -0.210356
5439.33 -0.210674
5439.7 -0.210992
5440.06 -0.211311
5440.43 -0.211629
5440.8 -0.211947
5441.16 -0.212265
5441.53 -0.212584
5441.89 -0.212902
5442.26 -0.21322
5442.63 -0.213539
5442.99 -0.213857
5443.36 -0.214175
5443.73 -0.214493
5444.09 -0.214812
5444.46 -0.21513
5444.82 -0.215448
5445.19 -0.215767
5445.56 -0.216085
5445.92 -0.216404
5446.29 -0.216722
5446.65 -0.21704
5447.02 -0.217359
5447.39 -0.217677
5447.75 -0.217995
5448.12 -0.218314
5448.49 -0.218632
5448.85 -0.218951
5449.22 -0.219269
5449.58 -0.219588
5449.95 -0.219906
5450.32 -0.220225
5450.68 -0.220543
5451.05 -0.220862
5451.42 -0.22118
5451.78 -0.221499
5452.15 -0.221818
5452.51 -0.222136
5452.88 -0.222455
5453.25 -0.222774
5453.61 -0.223093
5453.98 -0.223411
5454.35 -0.22373
5454.71 -0.224049
5455.08 -0.224368
5455.44 -0.224687
5455.81 -0.225006
5456.18 -0.225324
5456.54 -0.225643
5456.91 -0.225962
5457.27 -0.226281
5457.64 -0.2266
5458.01 -0.22692
5458.37 -0.227239
5458.74 -0.227558
5459.11 -0.227877
5459.47 -0.228196
5459.84 -0.228515
5460.2 -0.228835
5460.57 -0.229154
5460.94 -0.229474
5461.3 -0.229793
5461.67 -0.230113
5462.04 -0.230432
5462.4 -0.230752
5462.77 -0.231071
5463.13 -0.231391
5463.5 -0.23171
5463.87 -0.23203
5464.23 -0.23235
5464.6 -0.23267
5464.97 -0.23299
5465.33 -0.23331
5465.7 -0.23363
5466.06 -0.23395
5466.43 -0.23427
5466.8 -0.23459
5467.16 -0.23491
5467.53 -0.23523
5467.9 -0.235551
5468.26 -0.235871
5468.63 -0.236191
5468.99 -0.236512
5469.36 -0.236832
5469.73 -0.237153
5470.09 -0.237473
5470.46 -0.237794
5470.82 -0.238115
5471.19 -0.238436
5471.56 -0.238756
5471.92 -0.239077
5472.29 -0.239398
5472.66 -0.239719
5473.02 -0.24004
5473.39 -0.240362
5473.75 -0.240683
5474.12 -0.241004
5474.49 -0.241326
5474.85 -0.241647
5475.22 -0.241968
5475.59 -0.24229
5475.95 -0.242612
5476.32 -0.242933
5476.68 -0.243255
5477.05 -0.243577
5477.42 -0.243899
5477.78 -0.244221
5478.15 -0.244543
5478.52 -0.244865
5478.88 -0.245187
5479.25 -0.24551
5479.61 -0.245832
5479.98 -0.246154
5480.35 -0.246477
5480.71 -0.2468
5481.08 -0.247122
5481.44 -0.247445
5481.81 -0.247768
5482.18 -0.248091
5482.54 -0.248414
5482.91 -0.248737
5483.28 -0.24906
5483.64 -0.249383
5484.01 -0.249707
5484.37 -0.25003
5484.74 -0.250354
5485.11 -0.250677
5485.47 -0.251001
5485.84 -0.251325
5486.21 -0.251648
5486.57 -0.251972
5486.94 -0.252296
5487.3 -0.252621
5487.67 -0.252945
5488.04 -0.253269
5488.4 -0.253594
5488.77 -0.253918
5489.14 -0.254243
5489.5 -0.254568
5489.87 -0.254892
5490.23 -0.255217
5490.6 -0.255542
5490.97 -0.255867
5491.33 -0.256192
5491.7 -0.256518
5492.06 -0.256843
5492.43 -0.257169
5492.8 -0.257494
5493.16 -0.25782
5493.53 -0.258146
5493.9 -0.258472
5494.26 -0.258798
5494.63 -0.259124
5494.99 -0.25945
5495.36 -0.259776
5495.73 -0.260103
5496.09 -0.260429
5496.46 -0.260756
5496.83 -0.261083
5497.19 -0.26141
5497.56 -0.261737
5497.92 -0.262064
5498.29 -0.262391
5498.66 -0.262718
5499.02 -0.263046
5499.39 -0.263374
5499.76 -0.263701
5500.12 -0.264029
5500.49 -0.264357
5500.85 -0.264685
5501.22 -0.265013
5501.59 -0.265341
5501.95 -0.26567
5502.32 -0.265998
5502.69 -0.266327
5503.05 -0.266656
5503.42 -0.266985
5503.78 -0.267314
5504.15 -0.267643
5504.52 -0.267972
5504.88 -0.268302
5505.25 -0.268631
5505.61 -0.268961
5505.98 -0.26929
5506.35 -0.26962
5506.71 -0.26995
5507.08 -0.270281
5507.45 -0.270611
5507.81 -0.270941
5508.18 -0.271272
5508.54 -0.271603
5508.91 -0.271933
5509.28 -0.272264
5509.64 -0.272595
5510.01 -0.272927
5510.38 -0.273258
5510.74 -0.27359
5511.11 -0.273921
5511.47 -0.274253
5511.84 -0.274585
5512.21 -0.274917
5512.57 -0.275249
5512.94 -0.275582
5513.31 -0.275914
5513.67 -0.276247
5514.04 -0.27658
5514.4 -0.276913
5514.77 -0.277246
5515.14 -0.277579
5515.5 -0.277912
5515.87 -0.278246
5516.23 -0.27858
5516.6 -0.278913
5516.97 -0.279247
5517.33 -0.279581
5517.7 -0.279916
5518.07 -0.28025
5518.43 -0.280585
5518.8 -0.280919
5519.16 -0.281254
5519.53 -0.281589
5519.9 -0.281925
5520.26 -0.28226
5520.63 -0.282596
5521 -0.282931
5521.36 -0.283267
5521.73 -0.283603
5522.09 -0.283939
5522.46 -0.284276
5522.83 -0.284612
5523.19 -0.284949
5523.56 -0.285285
5523.93 -0.285622
5524.29 -0.28596
5524.66 -0.286297
5525.02 -0.286634
5525.39 -0.286972
5525.76 -0.28731
5526.12 -0.287648
5526.49 -0.287986
5526.85 -0.288324
5527.22 -0.288663
5527.59 -0.289001
5527.95 -0.28934
5528.32 -0.289679
5528.69 -0.290018
5529.05 -0.290358
5529.42 -0.290697
5529.78 -0.291037
5530.15 -0.291377
5530.52 -0.291717
5530.88 -0.292057
5531.25 -0.292398
5531.62 -0.292738
5531.98 -0.293079
5532.35 -0.29342
5532.71 -0.293761
5533.08 -0.294103
5533.45 -0.294444
5533.81 -0.294786
5534.18 -0.295128
5534.55 -0.29547
5534.91 -0.295812
5535.28 -0.296154
5535.64 -0.296497
5536.01 -0.29684
5536.38 -0.297183
5536.74 -0.297526
5537.11 -0.29787
5537.48 -0.298213
5537.84 -0.298557
5538.21 -0.298901
5538.57 -0.299245
5538.94 -0.299589
5539.31 -0.299934
5539.67 -0.300279
5540.04 -0.300624
5540.4 -0.300969
5540.77 -0.301314
5541.14 -0.30166
5541.5 -0.302005
5541.87 -0.302351
5542.24 -0.302698
5542.6 -0.303044
5542.97 -0.30339
5543.33 -0.303737
5543.7 -0.304084
5544.07 -0.304431
5544.43 -0.304779
5544.8 -0.305126
5545.17 -0.305474
5545.53 -0.305822
5545.9 -0.30617
5546.26 -0.306519
5546.63 -0.306867
5547 -0.307216
5547.36 -0.307565
5547.73 -0.307914
5548.1 -0.308264
5548.46 -0.308614
5548.83 -0.308964
5549.19 -0.309314
5549.56 -0.309664
5549.93 -0.310015
5550.29 -0.310365
5550.66 -0.310716
5551.02 -0.311067
5551.39 -0.311419
5551.76 -0.311771
5552.12 -0.312122
5552.49 -0.312475
5552.86 -0.312827
5553.22 -0.313179
5553.59 -0.313532
5553.95 -0.313885
5554.32 -0.314238
5554.69 -0.314592
5555.05 -0.314946
5555.42 -0.315299
5555.79 -0.315654
5556.15 -0.316008
5556.52 -0.316363
5556.88 -0.316717
5557.25 -0.317072
5557.62 -0.317428
5557.98 -0.317783
5558.35 -0.318139
5558.72 -0.318495
5559.08 -0.318851
5559.45 -0.319208
5559.81 -0.319564
5560.18 -0.319921
5560.55 -0.320279
5560.91 -0.320636
5561.28 -0.320994
5561.65 -0.321352
5562.01 -0.32171
5562.38 -0.322068
5562.74 -0.322427
5563.11 -0.322786
5563.48 -0.323145
5563.84 -0.323504
5564.21 -0.323864
5564.57 -0.324224
5564.94 -0.324584
5565.31 -0.324944
5565.67 -0.325305
5566.04 -0.325666
5566.41 -0.326027
5566.77 -0.326388
5567.14 -0.32675
5567.5 -0.327112
5567.87 -0.327474
5568.24 -0.327836
5568.6 -0.328199
5568.97 -0.328562
5569.34 -0.328925
5569.7 -0.329288
5570.07 -0.329652
5570.43 -0.330016
5570.8 -0.33038
5571.17 -0.330744
5571.53 -0.331109
5571.9 -0.331474
5572.27 -0.331839
5572.63 -0.332205
5573 -0.332571
5573.36 -0.332937
5573.73 -0.333303
5574.1 -0.33367
5574.46 -0.334036
5574.83 -0.334403
5575.19 -0.334771
5575.56 -0.335138
5575.93 -0.335506
5576.29 -0.335875
5576.66 -0.336243
5577.03 -0.336612
5577.39 -0.336981
5577.76 -0.33735
5578.12 -0.33772
5578.49 -0.33809
5578.86 -0.33846
5579.22 -0.33883
5579.59 -0.339201
5579.96 -0.339572
5580.32 -0.339943
5580.69 -0.340315
5581.05 -0.340686
5581.42 -0.341058
5581.79 -0.341431
5582.15 -0.341803
5582.52 -0.342176
5582.89 -0.34255
5583.25 -0.342923
5583.62 -0.343297
5583.98 -0.343671
5584.35 -0.344045
5584.72 -0.34442
5585.08 -0.344795
5585.45 -0.34517
5585.81 -0.345546
5586.18 -0.345922
5586.55 -0.346298
5586.91 -0.346674
5587.28 -0.347051
5587.65 -0.347428
5588.01 -0.347806
5588.38 -0.348183
5588.74 -0.348561
5589.11 -0.348939
5589.48 -0.349318
5589.84 -0.349697
5590.21 -0.350076
5590.58 -0.350455
5590.94 -0.350835
5591.31 -0.351215
5591.67 -0.351595
5592.04 -0.351976
5592.41 -0.352357
5592.77 -0.352738
5593.14 -0.35312
5593.51 -0.353502
5593.87 -0.353884
5594.24 -0.354266
5594.6 -0.354649
5594.97 -0.355032
5595.34 -0.355416
5595.7 -0.355799
5596.07 -0.356183
5596.44 -0.356568
5596.8 -0.356953
5597.17 -0.357338
5597.53 -0.357723
5597.9 -0.358109
5598.27 -0.358495
5598.63 -0.358881
5599 -0.359268
5599.36 -0.359655
5599.73 -0.360042
5600.1 -0.360429
5600.46 -0.360817
5600.83 -0.361206
5601.2 -0.361594
5601.56 -0.361983
5601.93 -0.362372
5602.29 -0.362762
5602.66 -0.363152
5603.03 -0.363542
5603.39 -0.363932
5603.76 -0.364323
5604.13 -0.364715
5604.49 -0.365106
5604.86 -0.365498
5605.22 -0.36589
5605.59 -0.366283
5605.96 -0.366676
5606.32 -0.367069
5606.69 -0.367462
5607.06 -0.367857
5607.42 -0.368251
5607.79 -0.368645
5608.15 -0.36904
5608.52 -0.369436
5608.89 -0.369831
5609.25 -0.370227
5609.62 -0.370623
5609.98 -0.37102
5610.35 -0.371417
5610.72 -0.371814
5611.08 -0.372212
5611.45 -0.37261
5611.82 -0.373009
5612.18 -0.373407
5612.55 -0.373806
5612.91 -0.374206
5613.28 -0.374606
5613.65 -0.375006
5614.01 -0.375406
5614.38 -0.375807
5614.75 -0.376208
5615.11 -0.37661
5615.48 -0.377012
5615.84 -0.377414
5616.21 -0.377817
5616.58 -0.37822
5616.94 -0.378623
5617.31 -0.379027
5617.68 -0.379431
5618.04 -0.379836
5618.41 -0.380241
5618.77 -0.380646
5619.14 -0.381051
5619.51 -0.381457
5619.87 -0.381864
5620.24 -0.38227
5620.6 -0.382678
5620.97 -0.383085
5621.34 -0.383493
5621.7 -0.383901
5622.07 -0.38431
5622.44 -0.384718
5622.8 -0.385128
5623.17 -0.385537
5623.53 -0.385947
5623.9 -0.386358
5624.27 -0.386769
5624.63 -0.38718
5625 -0.387592
5625.37 -0.388003
5625.73 -0.388416
5626.1 -0.388829
5626.46 -0.389242
5626.83 -0.389655
5627.2 -0.390069
5627.56 -0.390483
5627.93 -0.390898
5628.3 -0.391313
5628.66 -0.391728
5629.03 -0.392144
5629.39 -0.39256
5629.76 -0.392977
5630.13 -0.393394
5630.49 -0.393812
5630.86 -0.394229
5631.23 -0.394648
5631.59 -0.395066
5631.96 -0.395485
5632.32 -0.395904
5632.69 -0.396324
5633.06 -0.396744
5633.42 -0.397165
5633.79 -0.397586
5634.15 -0.398007
5634.52 -0.398429
5634.89 -0.398851
5635.25 -0.399274
5635.62 -0.399697
5635.99 -0.40012
5636.35 -0.400544
5636.72 -0.400968
5637.08 -0.401393
5637.45 -0.401818
5637.82 -0.402244
5638.18 -0.402669
5638.55 -0.403096
5638.92 -0.403522
5639.28 -0.40395
5639.65 -0.404377
5640.01 -0.404805
5640.38 -0.405233
5640.75 -0.405662
5641.11 -0.406091
5641.48 -0.406521
5641.85 -0.406951
5642.21 -0.407381
5642.58 -0.407812
5642.94 -0.408244
5643.31 -0.408675
5643.68 -0.409108
5644.04 -0.40954
5644.41 -0.409973
5644.77 -0.410407
5645.14 -0.410841
5645.51 -0.411275
5645.87 -0.41171
5646.24 -0.412145
5646.61 -0.41258
5646.97 -0.413016
5647.34 -0.413453
5647.7 -0.41389
5648.07 -0.414327
5648.44 -0.414765
5648.8 -0.415203
5649.17 -0.415642
5649.54 -0.416081
5649.9 -0.41652
5650.27 -0.41696
5650.63 -0.417401
5651 -0.417842
5651.37 -0.418283
5651.73 -0.418725
5652.1 -0.419167
5652.47 -0.41961
5652.83 -0.420053
5653.2 -0.420496
5653.56 -0.42094
5653.93 -0.421385
5654.3 -0.42183
5654.66 -0.422275
5655.03 -0.422721
5655.4 -0.423167
5655.76 -0.423614
5656.13 -0.424061
5656.49 -0.424509
5656.86 -0.424957
5657.23 -0.425405
5657.59 -0.425854
5657.96 -0.426304
5658.32 -0.426754
5658.69 -0.427204
5659.06 -0.427655
5659.42 -0.428106
5659.79 -0.428558
5660.16 -0.429011
5660.52 -0.429463
5660.89 -0.429917
5661.25 -0.43037
5661.62 -0.430824
5661.99 -0.431279
5662.35 -0.431734
5662.72 -0.43219
5663.09 -0.432646
5663.45 -0.433102
5663.82 -0.433559
5664.18 -0.434017
5664.55 -0.434475
5664.92 -0.434933
5665.28 -0.435392
5665.65 -0.435851
5666.02 -0.436311
5666.38 -0.436772
5666.75 -0.437233
5667.11 -0.437694
5667.48 -0.438156
5667.85 -0.438618
5668.21 -0.439081
5668.58 -0.439544
5668.94 -0.440008
5669.31 -0.440472
5669.68 -0.440937
5670.04 -0.441402
5670.41 -0.441868
5670.78 -0.442334
5671.14 -0.442801
5671.51 -0.443268
5671.87 -0.443736
5672.24 -0.444204
5672.61 -0.444673
5672.97 -0.445142
5673.34 -0.445612
5673.71 -0.446082
5674.07 -0.446553
5674.44 -0.447024
5674.8 -0.447495
5675.17 -0.447968
5675.54 -0.44844
5675.9 -0.448914
5676.27 -0.449387
5676.64 -0.449862
5677 -0.450337
5677.37 -0.450812
5677.73 -0.451288
5678.1 -0.451764
5678.47 -0.452241
5678.83 -0.452718
5679.2 -0.453196
5679.56 -0.453675
5679.93 -0.454153
5680.3 -0.454633
5680.66 -0.455113
5681.03 -0.455593
5681.4 -0.456074
5681.76 -0.456556
5682.13 -0.457038
5682.49 -0.457521
5682.86 -0.458004
5683.23 -0.458487
5683.59 -0.458972
5683.96 -0.459456
5684.33 -0.459941
5684.69 -0.460427
5685.06 -0.460914
5685.42 -0.4614
5685.79 -0.461888
5686.16 -0.462376
5686.52 -0.462864
5686.89 -0.463353
5687.26 -0.463843
5687.62 -0.464333
5687.99 -0.464823
5688.35 -0.465314
5688.72 -0.465806
5689.09 -0.466298
5689.45 -0.466791
5689.82 -0.467284
5690.19 -0.467778
5690.55 -0.468273
5690.92 -0.468768
5691.28 -0.469263
5691.65 -0.469759
5692.02 -0.470256
5692.38 -0.470753
5692.75 -0.471251
5693.11 -0.471749
5693.48 -0.472248
5693.85 -0.472747
5694.21 -0.473247
5694.58 -0.473748
5694.95 -0.474249
5695.31 -0.474751
5695.68 -0.475253
5696.04 -0.475756
5696.41 -0.476259
5696.78 -0.476763
5697.14 -0.477267
5697.51 -0.477772
5697.88 -0.478278
5698.24 -0.478784
5698.61 -0.479291
5698.97 -0.479798
5699.34 -0.480306
5699.71 -0.480815
5700.07 -0.481324
5700.44 -0.481833
5700.81 -0.482343
5701.17 -0.482854
5701.54 -0.483366
5701.9 -0.483877
5702.27 -0.48439
5702.64 -0.484903
5703 -0.485417
5703.37 -0.485931
5703.73 -0.486446
5704.1 -0.486961
5704.47 -0.487477
5704.83 -0.487994
5705.2 -0.488511
5705.57 -0.489029
5705.93 -0.489547
5706.3 -0.490066
5706.66 -0.490586
5707.03 -0.491106
5707.4 -0.491627
5707.76 -0.492148
5708.13 -0.49267
5708.5 -0.493193
5708.86 -0.493716
5709.23 -0.49424
5709.59 -0.494764
5709.96 -0.495289
5710.33 -0.495815
5710.69 -0.496341
5711.06 -0.496868
5711.43 -0.497395
5711.79 -0.497923
5712.16 -0.498452
5712.52 -0.498981
5712.89 -0.499511
5713.26 -0.500041
5713.62 -0.500572
5713.99 -0.501104
5714.35 -0.501636
5714.72 -0.502169
5715.09 -0.502703
5715.45 -0.503237
5715.82 -0.503772
5716.19 -0.504307
5716.55 -0.504843
5716.92 -0.50538
5717.28 -0.505917
5717.65 -0.506455
5718.02 -0.506994
5718.38 -0.507533
5718.75 -0.508073
5719.12 -0.508613
5719.48 -0.509154
5719.85 -0.509696
5720.21 -0.510238
5720.58 -0.510781
5720.95 -0.511325
5721.31 -0.511869
5721.68 -0.512414
5722.05 -0.51296
5722.41 -0.513506
5722.78 -0.514053
5723.14 -0.5146
5723.51 -0.515148
5723.88 -0.515697
5724.24 -0.516246
5724.61 -0.516796
5724.98 -0.517347
5725.34 -0.517898
5725.71 -0.51845
5726.07 -0.519003
5726.44 -0.519556
5726.81 -0.52011
5727.17 -0.520665
5727.54 -0.52122
5727.9 -0.521776
5728.27 -0.522332
5728.64 -0.52289
5729 -0.523448
5729.37 -0.524006
5729.74 -0.524565
5730.1 -0.525125
5730.47 -0.525686
5730.83 -0.526247
5731.2 -0.526809
5731.57 -0.527372
5731.93 -0.527935
5732.3 -0.528499
5732.67 -0.529063
5733.03 -0.529629
5733.4 -0.530195
5733.76 -0.530761
5734.13 -0.531328
5734.5 -0.531896
5734.86 -0.532465
5735.23 -0.533034
5735.6 -0.533604
5735.96 -0.534175
5736.33 -0.534746
5736.69 -0.535318
5737.06 -0.535891
5737.43 -0.536465
5737.79 -0.537039
5738.16 -0.537614
5738.52 -0.538189
5738.89 -0.538765
5739.26 -0.539342
5739.62 -0.53992
5739.99 -0.540498
5740.36 -0.541077
5740.72 -0.541657
5741.09 -0.542237
5741.45 -0.542818
5741.82 -0.5434
5742.19 -0.543982
5742.55 -0.544566
5742.92 -0.545149
5743.29 -0.545734
5743.65 -0.546319
5744.02 -0.546905
5744.38 -0.547492
5744.75 -0.548079
5745.12 -0.548668
5745.48 -0.549256
5745.85 -0.549846
5746.22 -0.550436
5746.58 -0.551027
5746.95 -0.551619
5747.31 -0.552211
5747.68 -0.552805
5748.05 -0.553398
5748.41 -0.553993
5748.78 -0.554588
5749.15 -0.555184
5749.51 -0.555781
5749.88 -0.556379
5750.24 -0.556977
5750.61 -0.557576
5750.98 -0.558176
5751.34 -0.558776
5751.71 -0.559377
5752.07 -0.559979
5752.44 -0.560582
5752.81 -0.561185
5753.17 -0.561789
5753.54 -0.562394
5753.91 -0.563
5754.27 -0.563606
5754.64 -0.564213
5755 -0.564821
5755.37 -0.565429
5755.74 -0.566039
5756.1 -0.566649
5756.47 -0.56726
5756.84 -0.567871
5757.2 -0.568483
5757.57 -0.569096
5757.93 -0.56971
5758.3 -0.570325
5758.67 -0.57094
5759.03 -0.571556
5759.4 -0.572173
5759.77 -0.572791
5760.13 -0.573409
5760.5 -0.574028
5760.86 -0.574648
5761.23 -0.575269
5761.6 -0.57589
5761.96 -0.576512
5762.33 -0.577135
5762.69 -0.577759
5763.06 -0.578383
5763.43 -0.579009
5763.79 -0.579635
5764.16 -0.580262
5764.53 -0.580889
5764.89 -0.581517
5765.26 -0.582147
5765.62 -0.582776
5765.99 -0.583407
5766.36 -0.584039
5766.72 -0.584671
5767.09 -0.585304
5767.46 -0.585938
5767.82 -0.586572
5768.19 -0.587208
5768.55 -0.587844
5768.92 -0.588481
5769.29 -0.589119
5769.65 -0.589757
5770.02 -0.590397
5770.39 -0.591037
5770.75 -0.591678
5771.12 -0.592319
5771.48 -0.592962
5771.85 -0.593605
5772.22 -0.59425
5772.58 -0.594894
5772.95 -0.59554
5773.31 -0.596187
5773.68 -0.596834
5774.05 -0.597482
5774.41 -0.598131
5774.78 -0.598781
5775.15 -0.599432
5775.51 -0.600083
5775.88 -0.600735
5776.24 -0.601388
5776.61 -0.602042
5776.98 -0.602697
5777.34 -0.603352
5777.71 -0.604009
5778.08 -0.604666
5778.44 -0.605324
5778.81 -0.605983
5779.17 -0.606642
5779.54 -0.607303
5779.91 -0.607964
5780.27 -0.608626
5780.64 -0.609289
5781.01 -0.609953
5781.37 -0.610617
5781.74 -0.611283
5782.1 -0.611949
5782.47 -0.612616
5782.84 -0.613284
5783.2 -0.613953
5783.57 -0.614622
5783.94 -0.615293
5784.3 -0.615964
5784.67 -0.616636
5785.03 -0.617309
5785.4 -0.617983
5785.77 -0.618658
5786.13 -0.619333
5786.5 -0.620009
5786.86 -0.620687
5787.23 -0.621365
5787.6 -0.622044
5787.96 -0.622723
5788.33 -0.623404
5788.7 -0.624085
5789.06 -0.624768
5789.43 -0.625451
5789.79 -0.626135
5790.16 -0.62682
5790.53 -0.627506
5790.89 -0.628192
5791.26 -0.62888
5791.63 -0.629568
5791.99 -0.630258
5792.36 -0.630948
5792.72 -0.631639
5793.09 -0.632331
5793.46 -0.633023
5793.82 -0.633717
5794.19 -0.634411
5794.56 -0.635107
5794.92 -0.635803
5795.29 -0.6365
5795.65 -0.637198
5796.02 -0.637897
5796.39 -0.638597
5796.75 -0.639297
5797.12 -0.639999
5797.48 -0.640701
5797.85 -0.641405
5798.22 -0.642109
5798.58 -0.642814
5798.95 -0.64352
5799.32 -0.644227
5799.68 -0.644935
5800.05 -0.645643
5800.41 -0.646353
5800.78 -0.647063
5801.15 -0.647775
5801.51 -0.648487
5801.88 -0.6492
5802.25 -0.649914
5802.61 -0.650629
5802.98 -0.651345
5803.34 -0.652062
5803.71 -0.65278
5804.08 -0.653498
5804.44 -0.654218
5804.81 -0.654938
5805.18 -0.655659
5805.54 -0.656382
5805.91 -0.657105
5806.27 -0.657829
5806.64 -0.658554
5807.01 -0.65928
5807.37 -0.660007
5807.74 -0.660735
5808.1 -0.661463
5808.47 -0.662193
5808.84 -0.662923
5809.2 -0.663655
5809.57 -0.664387
5809.94 -0.665121
5810.3 -0.665855
5810.67 -0.66659
5811.03 -0.667326
5811.4 -0.668063
5811.77 -0.668801
5812.13 -0.66954
5812.5 -0.67028
5812.87 -0.671021
5813.23 -0.671763
5813.6 -0.672505
5813.96 -0.673249
5814.33 -0.673994
5814.7 -0.674739
5815.06 -0.675486
5815.43 -0.676233
5815.8 -0.676982
5816.16 -0.677731
5816.53 -0.678481
5816.89 -0.679232
5817.26 -0.679985
5817.63 -0.680738
5817.99 -0.681492
5818.36 -0.682247
5818.73 -0.683003
5819.09 -0.68376
5819.46 -0.684518
5819.82 -0.685277
5820.19 -0.686037
5820.56 -0.686798
5820.92 -0.687559
5821.29 -0.688322
5821.65 -0.689086
5822.02 -0.689851
5822.39 -0.690616
5822.75 -0.691383
5823.12 -0.692151
5823.49 -0.692919
5823.85 -0.693689
5824.22 -0.694459
5824.58 -0.695231
5824.95 -0.696004
5825.32 -0.696777
5825.68 -0.697552
5826.05 -0.698327
5826.42 -0.699104
5826.78 -0.699881
5827.15 -0.70066
5827.51 -0.701439
5827.88 -0.702219
5828.25 -0.703001
5828.61 -0.703783
5828.98 -0.704567
5829.35 -0.705351
5829.71 -0.706136
5830.08 -0.706923
5830.44 -0.70771
5830.81 -0.708499
5831.18 -0.709288
5831.54 -0.710078
5831.91 -0.71087
5832.27 -0.711662
5832.64 -0.712456
5833.01 -0.71325
5833.37 -0.714045
5833.74 -0.714842
5834.11 -0.715639
5834.47 -0.716438
5834.84 -0.717237
5835.2 -0.718038
5835.57 -0.718839
5835.94 -0.719642
5836.3 -0.720445
5836.67 -0.72125
5837.04 -0.722055
5837.4 -0.722862
5837.77 -0.72367
5838.13 -0.724478
5838.5 -0.725288
5838.87 -0.726099
5839.23 -0.726911
5839.6 -0.727723
5839.97 -0.728537
5840.33 -0.729352
5840.7 -0.730168
5841.06 -0.730985
5841.43 -0.731803
5841.8 -0.732622
5842.16 -0.733442
5842.53 -0.734263
5842.9 -0.735085
5843.26 -0.735908
5843.63 -0.736732
5843.99 -0.737557
5844.36 -0.738384
5844.73 -0.739211
5845.09 -0.740039
5845.46 -0.740869
5845.82 -0.741699
5846.19 -0.742531
5846.56 -0.743363
5846.92 -0.744197
5847.29 -0.745031
5847.66 -0.745867
5848.02 -0.746704
5848.39 -0.747542
5848.75 -0.748381
5849.12 -0.749221
5849.49 -0.750062
5849.85 -0.750904
5850.22 -0.751747
5850.59 -0.752591
5850.95 -0.753436
5851.32 -0.754282
5851.68 -0.75513
5852.05 -0.755978
5852.42 -0.756828
5852.78 -0.757678
5853.15 -0.75853
5853.52 -0.759383
5853.88 -0.760237
5854.25 -0.761092
5854.61 -0.761948
5854.98 -0.762805
5855.35 -0.763663
5855.71 -0.764522
5856.08 -0.765382
5856.44 -0.766244
5856.81 -0.767106
5857.18 -0.767969
5857.54 -0.768834
5857.91 -0.7697
5858.28 -0.770567
5858.64 -0.771435
5859.01 -0.772303
5859.37 -0.773174
5859.74 -0.774045
5860.11 -0.774917
5860.47 -0.77579
5860.84 -0.776665
5861.21 -0.77754
5861.57 -0.778417
5861.94 -0.779295
5862.3 -0.780173
5862.67 -0.781053
5863.04 -0.781934
5863.4 -0.782816
5863.77 -0.7837
5864.14 -0.784584
5864.5 -0.785469
5864.87 -0.786356
5865.23 -0.787244
5865.6 -0.788132
5865.97 -0.789022
5866.33 -0.789913
5866.7 -0.790805
5867.06 -0.791698
5867.43 -0.792593
5867.8 -0.793488
5868.16 -0.794385
5868.53 -0.795282
5868.9 -0.796181
5869.26 -0.797081
5869.63 -0.797982
5869.99 -0.798884
5870.36 -0.799787
5870.73 -0.800692
5871.09 -0.801597
5871.46 -0.802504
5871.83 -0.803411
5872.19 -0.80432
5872.56 -0.80523
5872.92 -0.806141
5873.29 -0.807054
5873.66 -0.807967
5874.02 -0.808882
5874.39 -0.809797
5874.76 -0.810714
5875.12 -0.811632
5875.49 -0.812551
5875.85 -0.813471
5876.22 -0.814392
5876.59 -0.815315
5876.95 -0.816238
5877.32 -0.817163
5877.69 -0.818089
5878.05 -0.819016
5878.42 -0.819944
5878.78 -0.820873
5879.15 -0.821803
5879.52 -0.822735
5879.88 -0.823668
5880.25 -0.824602
5880.61 -0.825537
5880.98 -0.826473
5881.35 -0.82741
5881.71 -0.828349
5882.08 -0.829288
5882.45 -0.830229
5882.81 -0.831171
5883.18 -0.832114
5883.54 -0.833058
5883.91 -0.834003
5884.28 -0.83495
5884.64 -0.835897
5885.01 -0.836846
5885.38 -0.837796
5885.74 -0.838747
5886.11 -0.8397
5886.47 -0.840653
5886.84 -0.841608
5887.21 -0.842563
5887.57 -0.84352
5887.94 -0.844478
5888.31 -0.845438
5888.67 -0.846398
5889.04 -0.847359
5889.4 -0.848322
5889.77 -0.849286
5890.14 -0.850251
5890.5 -0.851217
5890.87 -0.852185
5891.23 -0.853153
5891.6 -0.854123
5891.97 -0.855094
5892.33 -0.856066
5892.7 -0.857039
5893.07 -0.858014
5893.43 -0.858989
5893.8 -0.859966
5894.16 -0.860944
5894.53 -0.861923
5894.9 -0.862903
5895.26 -0.863885
5895.63 -0.864867
5896 -0.865851
5896.36 -0.866836
5896.73 -0.867822
5897.09 -0.86881
5897.46 -0.869798
5897.83 -0.870788
5898.19 -0.871779
5898.56 -0.872771
5898.93 -0.873764
5899.29 -0.874758
5899.66 -0.875754
5900.02 -0.876751
5900.39 -0.877749
5900.76 -0.878748
5901.12 -0.879748
5901.49 -0.88075
5901.85 -0.881752
5902.22 -0.882756
5902.59 -0.883761
5902.95 -0.884768
5903.32 -0.885775
5903.69 -0.886784
5904.05 -0.887794
5904.42 -0.888805
5904.78 -0.889817
5905.15 -0.89083
5905.52 -0.891845
5905.88 -0.89286
5906.25 -0.893877
5906.62 -0.894896
5906.98 -0.895915
5907.35 -0.896935
5907.71 -0.897957
5908.08 -0.89898
5908.45 -0.900004
5908.81 -0.901029
5909.18 -0.902056
5909.55 -0.903084
5909.91 -0.904112
5910.28 -0.905143
5910.64 -0.906174
5911.01 -0.907206
5911.38 -0.90824
5911.74 -0.909275
5912.11 -0.910311
5912.48 -0.911348
5912.84 -0.912387
5913.21 -0.913426
5913.57 -0.914467
5913.94 -0.915509
5914.31 -0.916552
5914.67 -0.917597
5915.04 -0.918642
5915.4 -0.919689
5915.77 -0.920737
5916.14 -0.921786
5916.5 -0.922837
5916.87 -0.923889
5917.24 -0.924941
5917.6 -0.925995
5917.97 -0.92705
5918.33 -0.928107
5918.7 -0.929164
5919.07 -0.930223
5919.43 -0.931283
5919.8 -0.932344
5920.17 -0.933407
5920.53 -0.93447
5920.9 -0.935535
5921.26 -0.936601
5921.63 -0.937668
5922 -0.938737
5922.36 -0.939806
5922.73 -0.940877
5923.1 -0.941949
5923.46 -0.943023
5923.83 -0.944097
5924.19 -0.945173
5924.56 -0.946249
5924.93 -0.947327
5925.29 -0.948407
5925.66 -0.949487
5926.02 -0.950569
5926.39 -0.951651
5926.76 -0.952735
5927.12 -0.953821
5927.49 -0.954907
5927.86 -0.955994
5928.22 -0.957083
5928.59 -0.958173
5928.95 -0.959264
5929.32 -0.960357
5929.69 -0.96145
5930.05 -0.962545
5930.42 -0.963641
5930.79 -0.964738
5931.15 -0.965837
5931.52 -0.966936
5931.88 -0.968037
5932.25 -0.969139
5932.62 -0.970242
5932.98 -0.971347
5933.35 -0.972452
5933.72 -0.973559
5934.08 -0.974667
5934.45 -0.975776
5934.81 -0.976886
5935.18 -0.977998
5935.55 -0.97911
5935.91 -0.980224
5936.28 -0.981339
5936.65 -0.982456
5937.01 -0.983573
5937.38 -0.984692
5937.74 -0.985812
5938.11 -0.986933
5938.48 -0.988055
5938.84 -0.989178
5939.21 -0.990303
5939.57 -0.991429
5939.94 -0.992556
5940.31 -0.993684
5940.67 -0.994813
5941.04 -0.995944
5941.41 -0.997075
5941.77 -0.998208
5942.14 -0.999342
5942.5 -1.00048
5942.87 -1.00161
5943.24 -1.00275
5943.6 -1.00389
5943.97 -1.00503
5944.34 -1.00617
5944.7 -1.00731
5945.07 -1.00846
5945.43 -1.0096
5945.8 -1.01075
5946.17 -1.0119
5946.53 -1.01304
5946.9 -1.01419
5947.27 -1.01534
5947.63 -1.0165
5948 -1.01765
5948.36 -1.0188
5948.73 -1.01996
5949.1 -1.02111
5949.46 -1.02227
5949.83 -1.02343
5950.19 -1.02459
5950.56 -1.02575
5950.93 -1.02691
5951.29 -1.02808
5951.66 -1.02924
5952.03 -1.03041
5952.39 -1.03157
5952.76 -1.03274
5953.12 -1.03391
5953.49 -1.03508
5953.86 -1.03625
5954.22 -1.03743
5954.59 -1.0386
5954.96 -1.03977
5955.32 -1.04095
5955.69 -1.04213
5956.05 -1.04331
5956.42 -1.04449
5956.79 -1.04567
5957.15 -1.04685
5957.52 -1.04803
5957.89 -1.04922
5958.25 -1.0504
5958.62 -1.05159
5958.98 -1.05277
5959.35 -1.05396
5959.72 -1.05515
5960.08 -1.05634
5960.45 -1.05754
5960.81 -1.05873
5961.18 -1.05992
5961.55 -1.06112
5961.91 -1.06232
5962.28 -1.06351
5962.65 -1.06471
5963.01 -1.06591
5963.38 -1.06711
5963.74 -1.06832
5964.11 -1.06952
5964.48 -1.07072
5964.84 -1.07193
5965.21 -1.07314
5965.58 -1.07434
5965.94 -1.07555
5966.31 -1.07676
5966.67 -1.07797
5967.04 -1.07919
5967.41 -1.0804
5967.77 -1.08161
5968.14 -1.08283
5968.51 -1.08405
5968.87 -1.08526
5969.24 -1.08648
5969.6 -1.0877
5969.97 -1.08892
5970.34 -1.09014
5970.7 -1.09137
5971.07 -1.09259
5971.44 -1.09382
5971.8 -1.09504
5972.17 -1.09627
5972.53 -1.0975
5972.9 -1.09873
5973.27 -1.09996
5973.63 -1.10119
5974 -1.10242
5974.36 -1.10366
5974.73 -1.10489
5975.1 -1.10613
5975.46 -1.10737
5975.83 -1.1086
5976.2 -1.10984
5976.56 -1.11108
5976.93 -1.11232
5977.29 -1.11357
5977.66 -1.11481
5978.03 -1.11605
5978.39 -1.1173
5978.76 -1.11855
5979.13 -1.11979
5979.49 -1.12104
5979.86 -1.12229
5980.22 -1.12354
5980.59 -1.12479
5980.96 -1.12605
5981.32 -1.1273
5981.69 -1.12856
5982.06 -1.12981
5982.42 -1.13107
5982.79 -1.13233
5983.15 -1.13358
5983.52 -1.13484
5983.89 -1.1361
5984.25 -1.13737
5984.62 -1.13863
5984.98 -1.13989
5985.35 -1.14116
5985.72 -1.14242
5986.08 -1.14369
5986.45 -1.14496
5986.82 -1.14623
5987.18 -1.1475
5987.55 -1.14877
5987.91 -1.15004
5988.28 -1.15131
5988.65 -1.15258
5989.01 -1.15386
5989.38 -1.15513
5989.75 -1.15641
5990.11 -1.15769
5990.48 -1.15897
5990.84 -1.16024
5991.21 -1.16152
5991.58 -1.16281
5991.94 -1.16409
5992.31 -1.16537
5992.68 -1.16665
5993.04 -1.16794
5993.41 -1.16922
5993.77 -1.17051
5994.14 -1.1718
5994.51 -1.17309
5994.87 -1.17438
5995.24 -1.17567
5995.6 -1.17696
5995.97 -1.17825
5996.34 -1.17954
5996.7 -1.18084
5997.07 -1.18213
5997.44 -1.18343
5997.8 -1.18472
5998.17 -1.18602
5998.53 -1.18732
5998.9 -1.18862
5999.27 -1.18992
5999.63 -1.19122
6000 -1.19252
6000.37 -1.19382
6000.73 -1.19513
6001.1 -1.19643
6001.46 -1.19774
6001.83 -1.19904
6002.2 -1.20035
6002.56 -1.20166
6002.93 -1.20297
6003.3 -1.20427
6003.66 -1.20558
6004.03 -1.2069
6004.39 -1.20821
6004.76 -1.20952
6005.13 -1.21083
6005.49 -1.21215
6005.86 -1.21346
6006.23 -1.21478
6006.59 -1.21609
6006.96 -1.21741
6007.32 -1.21873
6007.69 -1.22005
6008.06 -1.22137
6008.42 -1.22269
6008.79 -1.22401
6009.15 -1.22533
6009.52 -1.22665
6009.89 -1.22798
6010.25 -1.2293
6010.62 -1.23063
6010.99 -1.23195
6011.35 -1.23328
6011.72 -1.23461
6012.08 -1.23593
6012.45 -1.23726
6012.82 -1.23859
6013.18 -1.23992
6013.55 -1.24125
6013.92 -1.24258
6014.28 -1.24391
6014.65 -1.24525
6015.01 -1.24658
6015.38 -1.24791
6015.75 -1.24925
6016.11 -1.25058
6016.48 -1.25192
6016.85 -1.25326
6017.21 -1.25459
6017.58 -1.25593
6017.94 -1.25727
6018.31 -1.25861
6018.68 -1.25995
6019.04 -1.26129
6019.41 -1.26263
6019.77 -1.26397
6020.14 -1.26532
6020.51 -1.26666
6020.87 -1.268
6021.24 -1.26935
6021.61 -1.27069
6021.97 -1.27204
6022.34 -1.27338
6022.7 -1.27473
6023.07 -1.27608
6023.44 -1.27742
6023.8 -1.27877
6024.17 -1.28012
6024.54 -1.28147
6024.9 -1.28282
6025.27 -1.28417
6025.63 -1.28552
6026 -1.28687
6026.37 -1.28822
6026.73 -1.28958
6027.1 -1.29093
6027.47 -1.29228
6027.83 -1.29364
6028.2 -1.29499
6028.56 -1.29634
6028.93 -1.2977
6029.3 -1.29906
6029.66 -1.30041
6030.03 -1.30177
6030.4 -1.30313
6030.76 -1.30448
6031.13 -1.30584
6031.49 -1.3072
6031.86 -1.30856
6032.23 -1.30992
6032.59 -1.31128
6032.96 -1.31264
6033.32 -1.314
6033.69 -1.31536
6034.06 -1.31672
6034.42 -1.31808
6034.79 -1.31944
6035.16 -1.32081
6035.52 -1.32217
6035.89 -1.32353
6036.25 -1.3249
6036.62 -1.32626
6036.99 -1.32762
6037.35 -1.32899
6037.72 -1.33035
6038.09 -1.33172
6038.45 -1.33308
6038.82 -1.33445
6039.18 -1.33581
6039.55 -1.33718
6039.92 -1.33855
6040.28 -1.33991
6040.65 -1.34128
6041.02 -1.34265
6041.38 -1.34402
6041.75 -1.34538
6042.11 -1.34675
6042.48 -1.34812
6042.85 -1.34949
6043.21 -1.35086
6043.58 -1.35223
6043.94 -1.35359
6044.31 -1.35496
6044.68 -1.35633
6045.04 -1.3577
6045.41 -1.35907
6045.78 -1.36044
6046.14 -1.36181
6046.51 -1.36318
6046.87 -1.36455
6047.24 -1.36592
6047.61 -1.3673
6047.97 -1.36867
6048.34 -1.37004
6048.71 -1.37141
6049.07 -1.37278
6049.44 -1.37415
6049.8 -1.37552
6050.17 -1.37689
6050.54 -1.37826
6050.9 -1.37964
6051.27 -1.38101
6051.64 -1.38238
6052 -1.38375
6052.37 -1.38512
6052.73 -1.38649
6053.1 -1.38786
6053.47 -1.38924
6053.83 -1.39061
6054.2 -1.39198
6054.56 -1.39335
6054.93 -1.39472
6055.3 -1.39609
6055.66 -1.39747
6056.03 -1.39884
6056.4 -1.40021
6056.76 -1.40158
6057.13 -1.40295
6057.49 -1.40432
6057.86 -1.40569
6058.23 -1.40706
6058.59 -1.40843
6058.96 -1.4098
6059.33 -1.41117
6059.69 -1.41255
6060.06 -1.41392
6060.42 -1.41529
6060.79 -1.41666
6061.16 -1.41802
6061.52 -1.41939
6061.89 -1.42076
6062.26 -1.42213
6062.62 -1.4235
6062.99 -1.42487
6063.35 -1.42624
6063.72 -1.42761
6064.09 -1.42897
6064.45 -1.43034
6064.82 -1.43171
6065.19 -1.43308
6065.55 -1.43444
6065.92 -1.43581
6066.28 -1.43718
6066.65 -1.43854
6067.02 -1.43991
6067.38 -1.44127
6067.75 -1.44264
6068.11 -1.444
6068.48 -1.44537
6068.85 -1.44673
6069.21 -1.44809
6069.58 -1.44946
6069.95 -1.45082
6070.31 -1.45218
6070.68 -1.45354
6071.04 -1.4549
6071.41 -1.45626
6071.78 -1.45762
6072.14 -1.45898
6072.51 -1.46034
6072.88 -1.4617
6073.24 -1.46306
6073.61 -1.46442
6073.97 -1.46578
6074.34 -1.46713
6074.71 -1.46849
6075.07 -1.46985
6075.44 -1.4712
6075.81 -1.47256
6076.17 -1.47391
6076.54 -1.47526
6076.9 -1.47662
6077.27 -1.47797
6077.64 -1.47932
6078 -1.48067
6078.37 -1.48202
6078.73 -1.48337
6079.1 -1.48472
6079.47 -1.48607
6079.83 -1.48742
6080.2 -1.48877
6080.57 -1.49011
6080.93 -1.49146
6081.3 -1.49281
6081.66 -1.49415
6082.03 -1.49549
6082.4 -1.49684
6082.76 -1.49818
6083.13 -1.49952
6083.5 -1.50086
6083.86 -1.5022
6084.23 -1.50354
6084.59 -1.50488
6084.96 -1.50622
6085.33 -1.50755
6085.69 -1.50889
6086.06 -1.51023
6086.43 -1.51156
6086.79 -1.51289
6087.16 -1.51423
6087.52 -1.51556
6087.89 -1.51689
6088.26 -1.51822
6088.62 -1.51955
6088.99 -1.52087
6089.35 -1.5222
6089.72 -1.52353
6090.09 -1.52485
6090.45 -1.52618
6090.82 -1.5275
6091.19 -1.52882
6091.55 -1.53014
6091.92 -1.53146
6092.28 -1.53278
6092.65 -1.5341
6093.02 -1.53542
6093.38 -1.53673
6093.75 -1.53805
6094.12 -1.53936
6094.48 -1.54068
6094.85 -1.54199
6095.21 -1.5433
6095.58 -1.54461
6095.95 -1.54591
6096.31 -1.54722
6096.68 -1.54853
6097.05 -1.54983
6097.41 -1.55114
6097.78 -1.55244
6098.14 -1.55374
6098.51 -1.55504
6098.88 -1.55634
6099.24 -1.55764
6099.61 -1.55893
6099.98 -1.56023
6100.34 -1.56152
6100.71 -1.56281
6101.07 -1.5641
6101.44 -1.56539
6101.81 -1.56668
6102.17 -1.56797
6102.54 -1.56925
6102.9 -1.57054
6103.27 -1.57182
6103.64 -1.5731
6104 -1.57438
6104.37 -1.57566
6104.74 -1.57694
6105.1 -1.57821
6105.47 -1.57949
6105.83 -1.58076
6106.2 -1.58203
6106.57 -1.5833
6106.93 -1.58457
6107.3 -1.58584
6107.67 -1.5871
6108.03 -1.58837
6108.4 -1.58963
6108.76 -1.59089
6109.13 -1.59215
6109.5 -1.59341
6109.86 -1.59467
6110.23 -1.59592
6110.6 -1.59717
6110.96 -1.59842
6111.33 -1.59967
6111.69 -1.60092
6112.06 -1.60217
6112.43 -1.60341
6112.79 -1.60466
6113.16 -1.6059
6113.52 -1.60714
6113.89 -1.60838
6114.26 -1.60961
6114.62 -1.61085
6114.99 -1.61208
6115.36 -1.61331
6115.72 -1.61454
6116.09 -1.61577
6116.45 -1.61699
6116.82 -1.61822
6117.19 -1.61944
6117.55 -1.62066
6117.92 -1.62188
6118.29 -1.62309
6118.65 -1.62431
6119.02 -1.62552
6119.38 -1.62673
6119.75 -1.62794
6120.12 -1.62915
6120.48 -1.63035
6120.85 -1.63156
6121.22 -1.63276
6121.58 -1.63396
6121.95 -1.63516
6122.31 -1.63635
6122.68 -1.63754
6123.05 -1.63874
6123.41 -1.63992
6123.78 -1.64111
6124.15 -1.6423
6124.51 -1.64348
6124.88 -1.64466
6125.24 -1.64584
6125.61 -1.64702
6125.98 -1.64819
6126.34 -1.64936
6126.71 -1.65054
6127.07 -1.6517
6127.44 -1.65287
6127.81 -1.65403
6128.17 -1.6552
6128.54 -1.65636
6128.91 -1.65751
6129.27 -1.65867
6129.64 -1.65982
6130 -1.66097
6130.37 -1.66212
6130.74 -1.66327
6131.1 -1.66441
6131.47 -1.66555
6131.84 -1.66669
6132.2 -1.66783
6132.57 -1.66896
6132.93 -1.6701
6133.3 -1.67123
6133.67 -1.67235
6134.03 -1.67348
6134.4 -1.6746
6134.77 -1.67572
6135.13 -1.67684
6135.5 -1.67796
6135.86 -1.67907
6136.23 -1.68018
6136.6 -1.68129
6136.96 -1.68239
6137.33 -1.6835
6137.69 -1.6846
6138.06 -1.6857
6138.43 -1.68679
6138.79 -1.68789
6139.16 -1.68898
6139.53 -1.69007
6139.89 -1.69115
6140.26 -1.69223
6140.62 -1.69331
6140.99 -1.69439
6141.36 -1.69547
6141.72 -1.69654
6142.09 -1.69761
6142.46 -1.69868
6142.82 -1.69974
6143.19 -1.70081
6143.55 -1.70187
6143.92 -1.70292
6144.29 -1.70398
6144.65 -1.70503
6145.02 -1.70608
6145.39 -1.70712
6145.75 -1.70817
6146.12 -1.70921
6146.48 -1.71024
6146.85 -1.71128
6147.22 -1.71231
6147.58 -1.71334
6147.95 -1.71437
6148.31 -1.71539
6148.68 -1.71641
6149.05 -1.71743
6149.41 -1.71844
6149.78 -1.71946
6150.15 -1.72046
6150.51 -1.72147
6150.88 -1.72248
6151.24 -1.72348
6151.61 -1.72447
6151.98 -1.72547
6152.34 -1.72646
6152.71 -1.72745
6153.08 -1.72843
6153.44 -1.72942
6153.81 -1.7304
6154.17 -1.73137
6154.54 -1.73235
6154.91 -1.73332
6155.27 -1.73429
6155.64 -1.73525
6156.01 -1.73621
6156.37 -1.73717
6156.74 -1.73813
6157.1 -1.73908
6157.47 -1.74003
6157.84 -1.74098
6158.2 -1.74192
6158.57 -1.74286
6158.94 -1.7438
6159.3 -1.74473
6159.67 -1.74566
6160.03 -1.74659
6160.4 -1.74751
6160.77 -1.74843
6161.13 -1.74935
6161.5 -1.75027
6161.86 -1.75118
6162.23 -1.75209
6162.6 -1.75299
6162.96 -1.75389
6163.33 -1.75479
6163.7 -1.75569
6164.06 -1.75658
6164.43 -1.75747
6164.79 -1.75835
6165.16 -1.75924
6165.53 -1.76011
6165.89 -1.76099
6166.26 -1.76186
6166.63 -1.76273
6166.99 -1.7636
6167.36 -1.76446
6167.72 -1.76532
6168.09 -1.76617
6168.46 -1.76702
6168.82 -1.76787
6169.19 -1.76872
6169.56 -1.76956
6169.92 -1.7704
6170.29 -1.77123
6170.65 -1.77206
6171.02 -1.77289
6171.39 -1.77371
6171.75 -1.77454
6172.12 -1.77535
6172.48 -1.77617
6172.85 -1.77698
6173.22 -1.77778
6173.58 -1.77859
6173.95 -1.77939
6174.32 -1.78018
6174.68 -1.78098
6175.05 -1.78177
6175.41 -1.78255
6175.78 -1.78333
6176.15 -1.78411
6176.51 -1.78489
6176.88 -1.78566
6177.25 -1.78643
6177.61 -1.78719
6177.98 -1.78795
6178.34 -1.78871
6178.71 -1.78946
6179.08 -1.79021
6179.44 -1.79096
6179.81 -1.7917
6180.18 -1.79244
6180.54 -1.79317
6180.91 -1.7939
6181.27 -1.79463
6181.64 -1.79536
6182.01 -1.79608
6182.37 -1.79679
6182.74 -1.79751
6183.1 -1.79821
6183.47 -1.79892
6183.84 -1.79962
6184.2 -1.80032
6184.57 -1.80101
6184.94 -1.8017
6185.3 -1.80239
6185.67 -1.80307
6186.03 -1.80375
6186.4 -1.80443
6186.77 -1.8051
6187.13 -1.80577
6187.5 -1.80643
6187.87 -1.80709
6188.23 -1.80775
6188.6 -1.8084
6188.96 -1.80905
6189.33 -1.80969
6189.7 -1.81033
6190.06 -1.81097
6190.43 -1.8116
6190.8 -1.81223
6191.16 -1.81286
6191.53 -1.81348
6191.89 -1.8141
6192.26 -1.81471
6192.63 -1.81532
6192.99 -1.81592
6193.36 -1.81653
6193.73 -1.81712
6194.09 -1.81772
6194.46 -1.81831
6194.82 -1.8189
6195.19 -1.81948
6195.56 -1.82006
6195.92 -1.82063
6196.29 -1.8212
6196.65 -1.82177
6197.02 -1.82233
6197.39 -1.82289
6197.75 -1.82344
6198.12 -1.82399
6198.49 -1.82454
6198.85 -1.82508
6199.22 -1.82562
6199.58 -1.82616
6199.95 -1.82669
6200.32 -1.82722
6200.68 -1.82774
6201.05 -1.82826
6201.42 -1.82877
6201.78 -1.82928
6202.15 -1.82979
6202.51 -1.83029
6202.88 -1.83079
6203.25 -1.83129
6203.61 -1.83178
6203.98 -1.83226
6204.35 -1.83275
6204.71 -1.83322
6205.08 -1.8337
6205.44 -1.83417
6205.81 -1.83464
6206.18 -1.8351
6206.54 -1.83556
6206.91 -1.83601
6207.27 -1.83646
6207.64 -1.83691
6208.01 -1.83735
6208.37 -1.83779
6208.74 -1.83822
6209.11 -1.83865
6209.47 -1.83908
6209.84 -1.8395
6210.2 -1.83991
6210.57 -1.84033
6210.94 -1.84074
6211.3 -1.84114
6211.67 -1.84154
6212.04 -1.84194
6212.4 -1.84233
6212.77 -1.84272
6213.13 -1.84311
6213.5 -1.84349
6213.87 -1.84386
6214.23 -1.84424
6214.6 -1.84461
6214.97 -1.84497
6215.33 -1.84533
6215.7 -1.84569
6216.06 -1.84604
6216.43 -1.84639
6216.8 -1.84673
6217.16 -1.84707
6217.53 -1.8474
6217.9 -1.84774
6218.26 -1.84806
6218.63 -1.84839
6218.99 -1.8487
6219.36 -1.84902
6219.73 -1.84933
6220.09 -1.84964
6220.46 -1.84994
6220.82 -1.85024
6221.19 -1.85053
6221.56 -1.85082
6221.92 -1.85111
6222.29 -1.85139
6222.66 -1.85167
6223.02 -1.85194
6223.39 -1.85221
6223.75 -1.85248
6224.12 -1.85274
6224.49 -1.85299
6224.85 -1.85325
6225.22 -1.8535
6225.59 -1.85374
6225.95 -1.85398
6226.32 -1.85422
6226.68 -1.85445
6227.05 -1.85468
6227.42 -1.8549
6227.78 -1.85512
6228.15 -1.85534
6228.52 -1.85555
6228.88 -1.85576
6229.25 -1.85596
6229.61 -1.85616
6229.98 -1.85636
6230.35 -1.85655
6230.71 -1.85673
6231.08 -1.85692
6231.44 -1.8571
6231.81 -1.85727
6232.18 -1.85744
6232.54 -1.85761
6232.91 -1.85777
6233.28 -1.85793
6233.64 -1.85809
6234.01 -1.85824
6234.37 -1.85838
6234.74 -1.85852
6235.11 -1.85866
6235.47 -1.8588
6235.84 -1.85893
6236.21 -1.85905
6236.57 -1.85917
6236.94 -1.85929
6237.3 -1.85941
6237.67 -1.85952
6238.04 -1.85962
6238.4 -1.85972
6238.77 -1.85982
6239.14 -1.85991
6239.5 -1.86
6239.87 -1.86009
6240.23 -1.86017
6240.6 -1.86025
6240.97 -1.86032
6241.33 -1.86039
6241.7 -1.86046
6242.06 -1.86052
6242.43 -1.86057
6242.8 -1.86063
6243.16 -1.86068
6243.53 -1.86072
6243.9 -1.86076
6244.26 -1.8608
6244.63 -1.86083
6244.99 -1.86086
6245.36 -1.86089
6245.73 -1.86091
6246.09 -1.86093
6246.46 -1.86094
6246.83 -1.86095
6247.19 -1.86096
6247.56 -1.86096
6247.92 -1.86096
6248.29 -1.86095
6248.66 -1.86094
6249.02 -1.86093
6249.39 -1.86091
6249.76 -1.86089
6250.12 -1.86086
6250.49 -1.86083
6250.85 -1.8608
6251.22 -1.86076
6251.59 -1.86072
6251.95 -1.86067
6252.32 -1.86063
6252.69 -1.86057
6253.05 -1.86052
6253.42 -1.86046
6253.78 -1.86039
6254.15 -1.86032
6254.52 -1.86025
6254.88 -1.86017
6255.25 -1.86009
6255.61 -1.86001
6255.98 -1.85992
6256.35 -1.85983
6256.71 -1.85974
6257.08 -1.85964
6257.45 -1.85954
6257.81 -1.85943
6258.18 -1.85932
6258.54 -1.85921
6258.91 -1.85909
6259.28 -1.85897
6259.64 -1.85884
6260.01 -1.85871
6260.38 -1.85858
6260.74 -1.85844
6261.11 -1.8583
6261.47 -1.85816
6261.84 -1.85801
6262.21 -1.85786
6262.57 -1.85771
6262.94 -1.85755
6263.31 -1.85739
6263.67 -1.85722
6264.04 -1.85705
6264.4 -1.85688
6264.77 -1.8567
6265.14 -1.85652
6265.5 -1.85634
6265.87 -1.85615
6266.23 -1.85596
6266.6 -1.85577
6266.97 -1.85557
6267.33 -1.85537
6267.7 -1.85516
6268.07 -1.85495
6268.43 -1.85474
6268.8 -1.85452
6269.16 -1.8543
6269.53 -1.85408
6269.9 -1.85385
6270.26 -1.85362
6270.63 -1.85339
6271 -1.85315
6271.36 -1.85291
6271.73 -1.85267
6272.09 -1.85242
6272.46 -1.85217
6272.83 -1.85191
6273.19 -1.85166
6273.56 -1.8514
6273.93 -1.85113
6274.29 -1.85086
6274.66 -1.85059
6275.02 -1.85032
6275.39 -1.85004
6275.76 -1.84976
6276.12 -1.84947
6276.49 -1.84918
6276.85 -1.84889
6277.22 -1.8486
6277.59 -1.8483
6277.95 -1.848
6278.32 -1.84769
6278.69 -1.84738
6279.05 -1.84707
6279.42 -1.84676
6279.78 -1.84644
6280.15 -1.84612
6280.52 -1.84579
6280.88 -1.84546
6281.25 -1.84513
6281.62 -1.8448
6281.98 -1.84446
6282.35 -1.84412
6282.71 -1.84378
6283.08 -1.84343
6283.45 -1.84308
6283.81 -1.84273
6284.18 -1.84237
6284.55 -1.84201
6284.91 -1.84165
6285.28 -1.84128
6285.64 -1.84091
6286.01 -1.84054
6286.38 -1.84016
6286.74 -1.83979
6287.11 -1.83941
6287.48 -1.83902
6287.84 -1.83863
6288.21 -1.83824
6288.57 -1.83785
6288.94 -1.83745
6289.31 -1.83705
6289.67 -1.83665
6290.04 -1.83625
6290.4 -1.83584
6290.77 -1.83543
6291.14 -1.83501
6291.5 -1.83459
6291.87 -1.83417
6292.24 -1.83375
6292.6 -1.83333
6292.97 -1.8329
6293.33 -1.83247
6293.7 -1.83203
6294.07 -1.83159
6294.43 -1.83115
6294.8 -1.83071
6295.17 -1.83026
6295.53 -1.82982
6295.9 -1.82936
6296.26 -1.82891
6296.63 -1.82845
6297 -1.82799
6297.36 -1.82753
6297.73 -1.82706
6298.1 -1.8266
6298.46 -1.82613
6298.83 -1.82565
6299.19 -1.82518
6299.56 -1.8247
6299.93 -1.82422
6300.29 -1.82373
6300.66 -1.82325
6301.02 -1.82276
6301.39 -1.82226
6301.76 -1.82177
6302.12 -1.82127
6302.49 -1.82077
6302.86 -1.82027
6303.22 -1.81976
6303.59 -1.81926
6303.95 -1.81875
6304.32 -1.81823
6304.69 -1.81772
6305.05 -1.8172
6305.42 -1.81668
6305.79 -1.81616
6306.15 -1.81563
6306.52 -1.81511
6306.88 -1.81458
6307.25 -1.81404
6307.62 -1.81351
6307.98 -1.81297
6308.35 -1.81243
6308.72 -1.81189
6309.08 -1.81134
6309.45 -1.8108
6309.81 -1.81025
6310.18 -1.8097
6310.55 -1.80914
6310.91 -1.80859
6311.28 -1.80803
6311.65 -1.80747
6312.01 -1.80691
6312.38 -1.80634
6312.74 -1.80577
6313.11 -1.8052
6313.48 -1.80463
6313.84 -1.80406
6314.21 -1.80348
6314.57 -1.8029
6314.94 -1.80232
6315.31 -1.80174
6315.67 -1.80115
6316.04 -1.80057
6316.41 -1.79998
6316.77 -1.79938
6317.14 -1.79879
6317.5 -1.7982
6317.87 -1.7976
6318.24 -1.797
6318.6 -1.7964
6318.97 -1.79579
6319.34 -1.79519
6319.7 -1.79458
6320.07 -1.79397
6320.43 -1.79336
6320.8 -1.79274
6321.17 -1.79213
6321.53 -1.79151
6321.9 -1.79089
6322.27 -1.79027
6322.63 -1.78964
6323 -1.78902
6323.36 -1.78839
6323.73 -1.78776
6324.1 -1.78713
6324.46 -1.78649
6324.83 -1.78586
6325.19 -1.78522
6325.56 -1.78458
6325.93 -1.78394
6326.29 -1.7833
6326.66 -1.78266
6327.03 -1.78201
6327.39 -1.78136
6327.76 -1.78071
6328.12 -1.78006
6328.49 -1.77941
6328.86 -1.77875
6329.22 -1.7781
6329.59 -1.77744
6329.96 -1.77678
6330.32 -1.77612
6330.69 -1.77546
6331.05 -1.77479
6331.42 -1.77412
6331.79 -1.77346
6332.15 -1.77279
6332.52 -1.77212
6332.89 -1.77144
6333.25 -1.77077
6333.62 -1.77009
6333.98 -1.76941
6334.35 -1.76874
6334.72 -1.76806
6335.08 -1.76737
6335.45 -1.76669
6335.81 -1.766
6336.18 -1.76532
6336.55 -1.76463
6336.91 -1.76394
6337.28 -1.76325
6337.65 -1.76256
6338.01 -1.76186
6338.38 -1.76117
6338.74 -1.76047
6339.11 -1.75977
6339.48 -1.75907
6339.84 -1.75837
6340.21 -1.75767
6340.58 -1.75697
6340.94 -1.75626
6341.31 -1.75556
6341.67 -1.75485
6342.04 -1.75414
6342.41 -1.75343
6342.77 -1.75272
6343.14 -1.75201
6343.51 -1.7513
6343.87 -1.75058
6344.24 -1.74986
6344.6 -1.74915
6344.97 -1.74843
6345.34 -1.74771
6345.7 -1.74699
6346.07 -1.74627
6346.44 -1.74554
6346.8 -1.74482
6347.17 -1.74409
6347.53 -1.74337
6347.9 -1.74264
6348.27 -1.74191
6348.63 -1.74118
6349 -1.74045
6349.36 -1.73972
6349.73 -1.73899
6350.1 -1.73825
6350.46 -1.73752
6350.83 -1.73678
6351.2 -1.73604
6351.56 -1.73531
6351.93 -1.73457
6352.29 -1.73383
6352.66 -1.73309
6353.03 -1.73235
6353.39 -1.7316
6353.76 -1.73086
6354.13 -1.73012
6354.49 -1.72937
6354.86 -1.72862
6355.22 -1.72788
6355.59 -1.72713
6355.96 -1.72638
6356.32 -1.72563
6356.69 -1.72488
6357.06 -1.72413
6357.42 -1.72338
6357.79 -1.72262
6358.15 -1.72187
6358.52 -1.72111
6358.89 -1.72036
6359.25 -1.7196
6359.62 -1.71885
6359.98 -1.71809
6360.35 -1.71733
6360.72 -1.71657
6361.08 -1.71581
6361.45 -1.71505
6361.82 -1.71429
6362.18 -1.71353
6362.55 -1.71277
6362.91 -1.712
6363.28 -1.71124
6363.65 -1.71048
6364.01 -1.70971
6364.38 -1.70895
6364.75 -1.70818
6365.11 -1.70741
6365.48 -1.70665
6365.84 -1.70588
6366.21 -1.70511
6366.58 -1.70434
6366.94 -1.70357
6367.31 -1.7028
6367.68 -1.70203
6368.04 -1.70126
6368.41 -1.70049
6368.77 -1.69972
6369.14 -1.69895
6369.51 -1.69817
6369.87 -1.6974
6370.24 -1.69663
6370.6 -1.69585
6370.97 -1.69508
6371.34 -1.6943
6371.7 -1.69353
6372.07 -1.69275
6372.44 -1.69198
6372.8 -1.6912
6373.17 -1.69042
6373.53 -1.68965
6373.9 -1.68887
6374.27 -1.68809
6374.63 -1.68731
6375 -1.68654
6375.37 -1.68576
6375.73 -1.68498
6376.1 -1.6842
6376.46 -1.68342
6376.83 -1.68264
6377.2 -1.68186
6377.56 -1.68108
6377.93 -1.6803
6378.3 -1.67952
6378.66 -1.67874
6379.03 -1.67796
6379.39 -1.67718
6379.76 -1.6764
6380.13 -1.67561
6380.49 -1.67483
6380.86 -1.67405
6381.23 -1.67327
6381.59 -1.67249
6381.96 -1.67171
6382.32 -1.67092
6382.69 -1.67014
6383.06 -1.66936
6383.42 -1.66858
6383.79 -1.66779
6384.15 -1.66701
6384.52 -1.66623
6384.89 -1.66544
6385.25 -1.66466
6385.62 -1.66388
6385.99 -1.6631
6386.35 -1.66231
6386.72 -1.66153
6387.08 -1.66075
6387.45 -1.65996
6387.82 -1.65918
6388.18 -1.6584
6388.55 -1.65762
6388.92 -1.65683
6389.28 -1.65605
6389.65 -1.65527
6390.01 -1.65448
6390.38 -1.6537
6390.75 -1.65292
6391.11 -1.65214
6391.48 -1.65136
6391.85 -1.65057
6392.21 -1.64979
6392.58 -1.64901
6392.94 -1.64823
6393.31 -1.64745
6393.68 -1.64667
6394.04 -1.64588
6394.41 -1.6451
6394.77 -1.64432
6395.14 -1.64354
6395.51 -1.64276
6395.87 -1.64198
6396.24 -1.6412
6396.61 -1.64042
6396.97 -1.63964
6397.34 -1.63886
6397.7 -1.63808
6398.07 -1.63731
6398.44 -1.63653
6398.8 -1.63575
6399.17 -1.63497
6399.54 -1.63419
6399.9 -1.63342
6400.27 -1.63264
6400.63 -1.63186
6401 -1.63109
6401.37 -1.63031
6401.73 -1.62954
6402.1 -1.62876
6402.47 -1.62799
6402.83 -1.62721
6403.2 -1.62644
6403.56 -1.62566
6403.93 -1.62489
6404.3 -1.62412
6404.66 -1.62334
6405.03 -1.62257
6405.4 -1.6218
6405.76 -1.62103
6406.13 -1.62026
6406.49 -1.61949
6406.86 -1.61872
6407.23 -1.61795
6407.59 -1.61718
6407.96 -1.61641
6408.32 -1.61564
6408.69 -1.61487
6409.06 -1.61411
6409.42 -1.61334
6409.79 -1.61257
6410.16 -1.61181
6410.52 -1.61104
6410.89 -1.61028
6411.25 -1.60951
6411.62 -1.60875
6411.99 -1.60799
6412.35 -1.60722
6412.72 -1.60646
6413.09 -1.6057
6413.45 -1.60494
6413.82 -1.60418
6414.18 -1.60342
6414.55 -1.60266
6414.92 -1.6019
6415.28 -1.60115
6415.65 -1.60039
6416.02 -1.59963
6416.38 -1.59888
6416.75 -1.59812
6417.11 -1.59737
6417.48 -1.59661
6417.85 -1.59586
6418.21 -1.59511
6418.58 -1.59435
6418.94 -1.5936
6419.31 -1.59285
6419.68 -1.5921
6420.04 -1.59135
6420.41 -1.5906
6420.78 -1.58985
6421.14 -1.58911
6421.51 -1.58836
6421.87 -1.58762
6422.24 -1.58687
6422.61 -1.58613
6422.97 -1.58538
6423.34 -1.58464
6423.71 -1.5839
6424.07 -1.58316
6424.44 -1.58242
6424.8 -1.58168
6425.17 -1.58094
6425.54 -1.5802
6425.9 -1.57946
6426.27 -1.57872
6426.64 -1.57799
6427 -1.57725
6427.37 -1.57652
6427.73 -1.57579
6428.1 -1.57505
6428.47 -1.57432
6428.83 -1.57359
6429.2 -1.57286
6429.56 -1.57213
6429.93 -1.5714
6430.3 -1.57068
6430.66 -1.56995
6431.03 -1.56922
6431.4 -1.5685
6431.76 -1.56777
6432.13 -1.56705
6432.49 -1.56633
6432.86 -1.56561
6433.23 -1.56489
6433.59 -1.56417
6433.96 -1.56345
6434.33 -1.56273
6434.69 -1.56201
6435.06 -1.5613
6435.42 -1.56058
6435.79 -1.55987
6436.16 -1.55916
6436.52 -1.55844
6436.89 -1.55773
6437.26 -1.55702
6437.62 -1.55631
6437.99 -1.55561
6438.35 -1.5549
6438.72 -1.55419
6439.09 -1.55349
6439.45 -1.55278
6439.82 -1.55208
6440.19 -1.55138
6440.55 -1.55067
6440.92 -1.54997
6441.28 -1.54927
6441.65 -1.54858
6442.02 -1.54788
6442.38 -1.54718
6442.75 -1.54649
6443.11 -1.54579
6443.48 -1.5451
6443.85 -1.54441
6444.21 -1.54372
6444.58 -1.54303
6444.95 -1.54234
6445.31 -1.54165
6445.68 -1.54096
6446.04 -1.54028
6446.41 -1.53959
6446.78 -1.53891
6447.14 -1.53823
6447.51 -1.53754
6447.88 -1.53686
6448.24 -1.53619
6448.61 -1.53551
6448.97 -1.53483
6449.34 -1.53415
6449.71 -1.53348
6450.07 -1.53281
6450.44 -1.53213
6450.81 -1.53146
6451.17 -1.53079
6451.54 -1.53012
6451.9 -1.52945
6452.27 -1.52879
6452.64 -1.52812
6453 -1.52746
6453.37 -1.52679
6453.73 -1.52613
6454.1 -1.52547
6454.47 -1.52481
6454.83 -1.52415
6455.2 -1.52349
6455.57 -1.52284
6455.93 -1.52218
6456.3 -1.52153
6456.66 -1.52087
6457.03 -1.52022
6457.4 -1.51957
6457.76 -1.51892
6458.13 -1.51827
6458.5 -1.51763
6458.86 -1.51698
6459.23 -1.51634
6459.59 -1.51569
6459.96 -1.51505
6460.33 -1.51441
6460.69 -1.51377
6461.06 -1.51313
6461.43 -1.5125
6461.79 -1.51186
6462.16 -1.51122
6462.52 -1.51059
6462.89 -1.50996
6463.26 -1.50933
6463.62 -1.5087
6463.99 -1.50807
6464.35 -1.50744
6464.72 -1.50682
6465.09 -1.50619
6465.45 -1.50557
6465.82 -1.50495
6466.19 -1.50433
6466.55 -1.50371
6466.92 -1.50309
6467.28 -1.50247
6467.65 -1.50186
6468.02 -1.50124
6468.38 -1.50063
6468.75 -1.50002
6469.12 -1.49941
6469.48 -1.4988
6469.85 -1.49819
6470.21 -1.49758
6470.58 -1.49698
6470.95 -1.49637
6471.31 -1.49577
6471.68 -1.49517
6472.05 -1.49457
6472.41 -1.49397
6472.78 -1.49338
6473.14 -1.49278
6473.51 -1.49218
6473.88 -1.49159
6474.24 -1.491
6474.61 -1.49041
6474.98 -1.48982
6475.34 -1.48923
6475.71 -1.48865
6476.07 -1.48806
6476.44 -1.48748
6476.81 -1.48689
6477.17 -1.48631
6477.54 -1.48573
6477.9 -1.48516
6478.27 -1.48458
6478.64 -1.484
6479 -1.48343
6479.37 -1.48286
6479.74 -1.48229
6480.1 -1.48172
6480.47 -1.48115
6480.83 -1.48058
6481.2 -1.48001
6481.57 -1.47945
6481.93 -1.47889
6482.3 -1.47833
6482.67 -1.47777
6483.03 -1.47721
6483.4 -1.47665
6483.76 -1.47609
6484.13 -1.47554
6484.5 -1.47499
6484.86 -1.47443
6485.23 -1.47388
6485.6 -1.47333
6485.96 -1.47279
6486.33 -1.47224
6486.69 -1.4717
6487.06 -1.47115
6487.43 -1.47061
6487.79 -1.47007
6488.16 -1.46953
6488.52 -1.469
6488.89 -1.46846
6489.26 -1.46793
6489.62 -1.46739
6489.99 -1.46686
6490.36 -1.46633
6490.72 -1.4658
6491.09 -1.46527
6491.45 -1.46475
6491.82 -1.46422
6492.19 -1.4637
6492.55 -1.46318
6492.92 -1.46266
6493.29 -1.46214
6493.65 -1.46163
6494.02 -1.46111
6494.38 -1.4606
6494.75 -1.46008
6495.12 -1.45957
6495.48 -1.45906
6495.85 -1.45855
6496.22 -1.45805
6496.58 -1.45754
6496.95 -1.45704
6497.31 -1.45654
6497.68 -1.45604
6498.05 -1.45554
6498.41 -1.45504
6498.78 -1.45454
6499.15 -1.45405
6499.51 -1.45355
6499.88 -1.45306
6500.24 -1.45257
6500.61 -1.45208
6500.98 -1.4516
6501.34 -1.45111
6501.71 -1.45063
6502.07 -1.45014
6502.44 -1.44966
6502.81 -1.44918
6503.17 -1.44871
6503.54 -1.44823
6503.91 -1.44775
6504.27 -1.44728
6504.64 -1.44681
6505 -1.44634
6505.37 -1.44587
6505.74 -1.4454
6506.1 -1.44493
6506.47 -1.44447
6506.84 -1.44401
6507.2 -1.44355
6507.57 -1.44309
6507.93 -1.44263
6508.3 -1.44217
6508.67 -1.44172
6509.03 -1.44126
6509.4 -1.44081
6509.77 -1.44036
6510.13 -1.43991
6510.5 -1.43946
6510.86 -1.43902
6511.23 -1.43857
6511.6 -1.43813
6511.96 -1.43769
6512.33 -1.43725
6512.69 -1.43681
6513.06 -1.43637
6513.43 -1.43594
6513.79 -1.4355
6514.16 -1.43507
6514.53 -1.43464
6514.89 -1.43421
6515.26 -1.43379
6515.62 -1.43336
6515.99 -1.43294
6516.36 -1.43251
6516.72 -1.43209
6517.09 -1.43167
6517.46 -1.43125
6517.82 -1.43084
6518.19 -1.43042
6518.55 -1.43001
6518.92 -1.4296
6519.29 -1.42919
6519.65 -1.42878
6520.02 -1.42837
6520.39 -1.42797
6520.75 -1.42756
6521.12 -1.42716
6521.48 -1.42676
6521.85 -1.42636
6522.22 -1.42596
6522.58 -1.42557
6522.95 -1.42517
6523.31 -1.42478
6523.68 -1.42439
6524.05 -1.424
6524.41 -1.42361
6524.78 -1.42322
6525.15 -1.42284
6525.51 -1.42246
6525.88 -1.42207
6526.24 -1.42169
6526.61 -1.42132
6526.98 -1.42094
6527.34 -1.42056
6527.71 -1.42019
6528.08 -1.41982
6528.44 -1.41945
6528.81 -1.41908
6529.17 -1.41871
6529.54 -1.41834
6529.91 -1.41798
6530.27 -1.41762
6530.64 -1.41726
6531.01 -1.4169
6531.37 -1.41654
6531.74 -1.41618
6532.1 -1.41583
6532.47 -1.41548
6532.84 -1.41512
6533.2 -1.41477
6533.57 -1.41443
6533.94 -1.41408
6534.3 -1.41374
6534.67 -1.41339
6535.03 -1.41305
6535.4 -1.41271
6535.77 -1.41237
6536.13 -1.41203
6536.5 -1.4117
6536.86 -1.41137
6537.23 -1.41103
6537.6 -1.4107
6537.96 -1.41037
6538.33 -1.41005
6538.7 -1.40972
6539.06 -1.4094
6539.43 -1.40907
6539.79 -1.40875
6540.16 -1.40843
6540.53 -1.40812
6540.89 -1.4078
6541.26 -1.40749
6541.63 -1.40717
6541.99 -1.40686
6542.36 -1.40655
6542.72 -1.40625
6543.09 -1.40594
6543.46 -1.40563
6543.82 -1.40533
6544.19 -1.40503
6544.56 -1.40473
6544.92 -1.40443
6545.29 -1.40414
6545.65 -1.40384
6546.02 -1.40355
6546.39 -1.40326
6546.75 -1.40297
6547.12 -1.40268
6547.48 -1.40239
6547.85 -1.40211
6548.22 -1.40182
6548.58 -1.40154
6548.95 -1.40126
6549.32 -1.40098
6549.68 -1.4007
6550.05 -1.40043
6550.41 -1.40016
6550.78 -1.39988
6551.15 -1.39961
6551.51 -1.39934
6551.88 -1.39908
6552.25 -1.39881
6552.61 -1.39855
6552.98 -1.39829
6553.34 -1.39802
6553.71 -1.39777
6554.08 -1.39751
6554.44 -1.39725
6554.81 -1.397
6555.18 -1.39675
6555.54 -1.39649
6555.91 -1.39625
6556.27 -1.396
6556.64 -1.39575
6557.01 -1.39551
6557.37 -1.39526
6557.74 -1.39502
6558.1 -1.39478
6558.47 -1.39455
6558.84 -1.39431
6559.2 -1.39408
6559.57 -1.39384
6559.94 -1.39361
6560.3 -1.39338
6560.67 -1.39315
6561.03 -1.39293
6561.4 -1.3927
6561.77 -1.39248
6562.13 -1.39226
6562.5 -1.39204
6562.87 -1.39182
6563.23 -1.3916
6563.6 -1.39139
6563.96 -1.39118
6564.33 -1.39096
6564.7 -1.39075
6565.06 -1.39055
6565.43 -1.39034
6565.8 -1.39013
6566.16 -1.38993
6566.53 -1.38973
6566.89 -1.38953
6567.26 -1.38933
6567.63 -1.38913
6567.99 -1.38894
6568.36 -1.38874
6568.73 -1.38855
6569.09 -1.38836
6569.46 -1.38817
6569.82 -1.38799
6570.19 -1.3878
6570.56 -1.38762
6570.92 -1.38743
6571.29 -1.38725
6571.65 -1.38708
6572.02 -1.3869
6572.39 -1.38672
6572.75 -1.38655
6573.12 -1.38638
6573.49 -1.38621
6573.85 -1.38604
6574.22 -1.38587
6574.58 -1.3857
6574.95 -1.38554
6575.32 -1.38538
6575.68 -1.38522
6576.05 -1.38506
6576.42 -1.3849
6576.78 -1.38474
6577.15 -1.38459
6577.51 -1.38444
6577.88 -1.38429
6578.25 -1.38414
6578.61 -1.38399
6578.98 -1.38384
6579.35 -1.3837
6579.71 -1.38356
6580.08 -1.38341
6580.44 -1.38328
6580.81 -1.38314
6581.18 -1.383
6581.54 -1.38287
6581.91 -1.38273
6582.27 -1.3826
6582.64 -1.38247
6583.01 -1.38234
6583.37 -1.38222
6583.74 -1.38209
6584.11 -1.38197
6584.47 -1.38185
6584.84 -1.38173
6585.2 -1.38161
6585.57 -1.3815
6585.94 -1.38138
6586.3 -1.38127
6586.67 -1.38116
6587.04 -1.38105
6587.4 -1.38094
6587.77 -1.38083
6588.13 -1.38073
6588.5 -1.38062
6588.87 -1.38052
6589.23 -1.38042
6589.6 -1.38032
6589.97 -1.38023
6590.33 -1.38013
6590.7 -1.38004
6591.06 -1.37995
6591.43 -1.37985
6591.8 -1.37977
6592.16 -1.37968
6592.53 -1.37959
6592.9 -1.37951
6593.26 -1.37943
6593.63 -1.37935
6593.99 -1.37927
6594.36 -1.37919
6594.73 -1.37912
6595.09 -1.37904
6595.46 -1.37897
6595.82 -1.3789
6596.19 -1.37883
6596.56 -1.37876
6596.92 -1.3787
6597.29 -1.37863
6597.66 -1.37857
6598.02 -1.37851
6598.39 -1.37845
6598.75 -1.37839
6599.12 -1.37834
6599.49 -1.37828
6599.85 -1.37823
6600.22 -1.37818
6600.59 -1.37813
6600.95 -1.37808
6601.32 -1.37804
6601.68 -1.37799
6602.05 -1.37795
6602.42 -1.37791
6602.78 -1.37787
6603.15 -1.37783
6603.52 -1.3778
6603.88 -1.37776
6604.25 -1.37773
6604.61 -1.3777
6604.98 -1.37767
6605.35 -1.37764
6605.71 -1.37761
6606.08 -1.37759
6606.44 -1.37757
6606.81 -1.37754
6607.18 -1.37752
6607.54 -1.37751
6607.91 -1.37749
6608.28 -1.37747
6608.64 -1.37746
6609.01 -1.37745
6609.37 -1.37744
6609.74 -1.37743
6610.11 -1.37742
6610.47 -1.37742
6610.84 -1.37741
6611.21 -1.37741
6611.57 -1.37741
6611.94 -1.37741
6612.3 -1.37742
6612.67 -1.37742
6613.04 -1.37743
6613.4 -1.37744
6613.77 -1.37744
6614.14 -1.37746
6614.5 -1.37747
6614.87 -1.37748
6615.23 -1.3775
6615.6 -1.37752
6615.97 -1.37754
6616.33 -1.37756
6616.7 -1.37758
6617.06 -1.3776
6617.43 -1.37763
6617.8 -1.37766
6618.16 -1.37769
6618.53 -1.37772
6618.9 -1.37775
6619.26 -1.37778
6619.63 -1.37782
6619.99 -1.37786
6620.36 -1.37789
6620.73 -1.37793
6621.09 -1.37798
6621.46 -1.37802
6621.83 -1.37807
6622.19 -1.37811
6622.56 -1.37816
6622.92 -1.37821
6623.29 -1.37826
6623.66 -1.37832
6624.02 -1.37837
6624.39 -1.37843
6624.76 -1.37849
6625.12 -1.37855
6625.49 -1.37861
6625.85 -1.37867
6626.22 -1.37873
6626.59 -1.3788
6626.95 -1.37887
6627.32 -1.37894
6627.69 -1.37901
6628.05 -1.37908
6628.42 -1.37916
6628.78 -1.37923
6629.15 -1.37931
6629.52 -1.37939
6629.88 -1.37947
6630.25 -1.37955
6630.61 -1.37964
6630.98 -1.37972
6631.35 -1.37981
6631.71 -1.3799
6632.08 -1.37999
6632.45 -1.38008
6632.81 -1.38018
6633.18 -1.38027
6633.54 -1.38037
6633.91 -1.38047
6634.28 -1.38057
6634.64 -1.38067
6635.01 -1.38077
6635.38 -1.38088
6635.74 -1.38098
6636.11 -1.38109
6636.47 -1.3812
6636.84 -1.38131
6637.21 -1.38143
6637.57 -1.38154
6637.94 -1.38166
6638.31 -1.38178
6638.67 -1.3819
6639.04 -1.38202
6639.4 -1.38214
6639.77 -1.38226
6640.14 -1.38239
6640.5 -1.38252
6640.87 -1.38265
6641.23 -1.38278
6641.6 -1.38291
6641.97 -1.38304
6642.33 -1.38318
6642.7 -1.38332
6643.07 -1.38346
6643.43 -1.3836
6643.8 -1.38374
6644.16 -1.38388
6644.53 -1.38403
6644.9 -1.38417
6645.26 -1.38432
6645.63 -1.38447
6646 -1.38462
6646.36 -1.38478
6646.73 -1.38493
6647.09 -1.38509
6647.46 -1.38525
6647.83 -1.38541
6648.19 -1.38557
6648.56 -1.38573
6648.93 -1.3859
6649.29 -1.38606
6649.66 -1.38623
6650.02 -1.3864
6650.39 -1.38657
6650.76 -1.38674
6651.12 -1.38692
6651.49 -1.38709
6651.85 -1.38727
6652.22 -1.38745
6652.59 -1.38763
6652.95 -1.38781
6653.32 -1.38799
6653.69 -1.38818
6654.05 -1.38837
6654.42 -1.38856
6654.78 -1.38875
6655.15 -1.38894
6655.52 -1.38913
6655.88 -1.38933
6656.25 -1.38952
6656.62 -1.38972
6656.98 -1.38992
6657.35 -1.39012
6657.71 -1.39032
6658.08 -1.39053
6658.45 -1.39073
6658.81 -1.39094
6659.18 -1.39115
6659.55 -1.39136
6659.91 -1.39157
6660.28 -1.39179
6660.64 -1.392
6661.01 -1.39222
6661.38 -1.39244
6661.74 -1.39266
6662.11 -1.39288
6662.48 -1.3931
6662.84 -1.39333
6663.21 -1.39356
6663.57 -1.39378
6663.94 -1.39401
6664.31 -1.39425
6664.67 -1.39448
6665.04 -1.39471
6665.4 -1.39495
6665.77 -1.39519
6666.14 -1.39543
6666.5 -1.39567
6666.87 -1.39591
6667.24 -1.39615
6667.6 -1.3964
6667.97 -1.39665
6668.33 -1.3969
6668.7 -1.39715
6669.07 -1.3974
6669.43 -1.39765
6669.8 -1.39791
6670.17 -1.39816
6670.53 -1.39842
6670.9 -1.39868
6671.26 -1.39894
6671.63 -1.39921
6672 -1.39947
6672.36 -1.39974
6672.73 -1.4
6673.1 -1.40027
6673.46 -1.40054
6673.83 -1.40082
6674.19 -1.40109
6674.56 -1.40137
6674.93 -1.40164
6675.29 -1.40192
6675.66 -1.4022
6676.02 -1.40248
6676.39 -1.40277
6676.76 -1.40305
6677.12 -1.40334
6677.49 -1.40363
6677.86 -1.40392
6678.22 -1.40421
6678.59 -1.4045
6678.95 -1.4048
6679.32 -1.40509
6679.69 -1.40539
6680.05 -1.40569
6680.42 -1.40599
6680.79 -1.40629
6681.15 -1.40659
6681.52 -1.4069
6681.88 -1.40721
6682.25 -1.40752
6682.62 -1.40783
6682.98 -1.40814
6683.35 -1.40845
6683.72 -1.40876
6684.08 -1.40908
6684.45 -1.4094
6684.81 -1.40972
6685.18 -1.41004
6685.55 -1.41036
6685.91 -1.41069
6686.28 -1.41101
6686.65 -1.41134
6687.01 -1.41167
6687.38 -1.412
6687.74 -1.41233
6688.11 -1.41266
6688.48 -1.413
6688.84 -1.41334
6689.21 -1.41367
6689.57 -1.41401
6689.94 -1.41435
6690.31 -1.4147
6690.67 -1.41504
6691.04 -1.41539
6691.41 -1.41574
6691.77 -1.41608
6692.14 -1.41643
6692.5 -1.41679
6692.87 -1.41714
6693.24 -1.4175
6693.6 -1.41785
6693.97 -1.41821
6694.34 -1.41857
6694.7 -1.41893
6695.07 -1.4193
6695.43 -1.41966
6695.8 -1.42003
6696.17 -1.42039
6696.53 -1.42076
6696.9 -1.42113
6697.27 -1.42151
6697.63 -1.42188
6698 -1.42225
6698.36 -1.42263
6698.73 -1.42301
6699.1 -1.42339
6699.46 -1.42377
6699.83 -1.42415
6700.19 -1.42454
6700.56 -1.42493
6700.93 -1.42531
6701.29 -1.4257
6701.66 -1.42609
6702.03 -1.42649
6702.39 -1.42688
6702.76 -1.42727
6703.12 -1.42767
6703.49 -1.42807
6703.86 -1.42847
6704.22 -1.42887
6704.59 -1.42927
6704.96 -1.42968
6705.32 -1.43008
6705.69 -1.43049
6706.05 -1.4309
6706.42 -1.43131
6706.79 -1.43172
6707.15 -1.43214
6707.52 -1.43255
6707.89 -1.43297
6708.25 -1.43339
6708.62 -1.43381
6708.98 -1.43423
6709.35 -1.43465
6709.72 -1.43508
6710.08 -1.4355
6710.45 -1.43593
6710.81 -1.43636
6711.18 -1.43679
6711.55 -1.43722
6711.91 -1.43766
6712.28 -1.43809
6712.65 -1.43853
6713.01 -1.43897
6713.38 -1.43941
6713.74 -1.43985
6714.11 -1.44029
6714.48 -1.44073
6714.84 -1.44118
6715.21 -1.44163
6715.58 -1.44208
6715.94 -1.44253
6716.31 -1.44298
6716.67 -1.44343
6717.04 -1.44389
6717.41 -1.44434
6717.77 -1.4448
6718.14 -1.44526
6718.51 -1.44572
6718.87 -1.44618
6719.24 -1.44665
6719.6 -1.44711
6719.97 -1.44758
6720.34 -1.44805
6720.7 -1.44852
6721.07 -1.44899
6721.44 -1.44946
6721.8 -1.44994
6722.17 -1.45042
6722.53 -1.45089
6722.9 -1.45137
6723.27 -1.45185
6723.63 -1.45233
6724 -1.45282
6724.36 -1.4533
6724.73 -1.45379
6725.1 -1.45428
6725.46 -1.45477
6725.83 -1.45526
6726.2 -1.45575
6726.56 -1.45625
6726.93 -1.45674
6727.29 -1.45724
6727.66 -1.45774
6728.03 -1.45824
6728.39 -1.45874
6728.76 -1.45924
6729.13 -1.45975
6729.49 -1.46025
6729.86 -1.46076
6730.22 -1.46127
6730.59 -1.46178
6730.96 -1.46229
6731.32 -1.46281
6731.69 -1.46332
6732.06 -1.46384
6732.42 -1.46436
6732.79 -1.46487
6733.15 -1.4654
6733.52 -1.46592
6733.89 -1.46644
6734.25 -1.46697
6734.62 -1.4675
6734.98 -1.46802
6735.35 -1.46855
6735.72 -1.46908
6736.08 -1.46962
6736.45 -1.47015
6736.82 -1.47069
6737.18 -1.47123
6737.55 -1.47176
6737.91 -1.4723
6738.28 -1.47285
6738.65 -1.47339
6739.01 -1.47393
6739.38 -1.47448
6739.75 -1.47503
6740.11 -1.47558
6740.48 -1.47613
6740.84 -1.47668
6741.21 -1.47723
6741.58 -1.47779
6741.94 -1.47835
6742.31 -1.4789
6742.68 -1.47946
6743.04 -1.48002
6743.41 -1.48059
6743.77 -1.48115
6744.14 -1.48172
6744.51 -1.48228
6744.87 -1.48285
6745.24 -1.48342
6745.6 -1.48399
6745.97 -1.48457
6746.34 -1.48514
6746.7 -1.48571
6747.07 -1.48629
6747.44 -1.48687
6747.8 -1.48745
6748.17 -1.48803
6748.53 -1.48862
6748.9 -1.4892
6749.27 -1.48978
6749.63 -1.49037
6750 -1.49096
6750.37 -1.49155
6750.73 -1.49214
6751.1 -1.49274
6751.46 -1.49333
6751.83 -1.49393
6752.2 -1.49452
6752.56 -1.49512
6752.93 -1.49572
6753.3 -1.49632
6753.66 -1.49693
6754.03 -1.49753
6754.39 -1.49814
6754.76 -1.49875
6755.13 -1.49936
6755.49 -1.49997
6755.86 -1.50058
6756.23 -1.50119
6756.59 -1.50181
6756.96 -1.50242
6757.32 -1.50304
6757.69 -1.50366
6758.06 -1.50428
6758.42 -1.5049
6758.79 -1.50552
6759.15 -1.50615
6759.52 -1.50678
6759.89 -1.5074
6760.25 -1.50803
6760.62 -1.50866
6760.99 -1.50929
6761.35 -1.50993
6761.72 -1.51056
6762.08 -1.5112
6762.45 -1.51184
6762.82 -1.51248
6763.18 -1.51312
6763.55 -1.51376
6763.92 -1.5144
6764.28 -1.51505
6764.65 -1.51569
6765.01 -1.51634
6765.38 -1.51699
6765.75 -1.51764
6766.11 -1.51829
6766.48 -1.51895
6766.85 -1.5196
6767.21 -1.52026
6767.58 -1.52091
6767.94 -1.52157
6768.31 -1.52223
6768.68 -1.52289
6769.04 -1.52356
6769.41 -1.52422
6769.77 -1.52489
6770.14 -1.52556
6770.51 -1.52622
6770.87 -1.52689
6771.24 -1.52757
6771.61 -1.52824
6771.97 -1.52891
6772.34 -1.52959
6772.7 -1.53027
6773.07 -1.53094
6773.44 -1.53162
6773.8 -1.53231
6774.17 -1.53299
6774.54 -1.53367
6774.9 -1.53436
6775.27 -1.53504
6775.63 -1.53573
6776 -1.53642
6776.37 -1.53711
6776.73 -1.53781
6777.1 -1.5385
6777.47 -1.53919
6777.83 -1.53989
6778.2 -1.54059
6778.56 -1.54129
6778.93 -1.54199
6779.3 -1.54269
6779.66 -1.54339
6780.03 -1.5441
6780.4 -1.54481
6780.76 -1.54551
6781.13 -1.54622
6781.49 -1.54693
6781.86 -1.54764
6782.23 -1.54836
6782.59 -1.54907
6782.96 -1.54979
6783.32 -1.5505
6783.69 -1.55122
6784.06 -1.55194
6784.42 -1.55266
6784.79 -1.55339
6785.16 -1.55411
6785.52 -1.55483
6785.89 -1.55556
6786.25 -1.55629
6786.62 -1.55702
6786.99 -1.55775
6787.35 -1.55848
6787.72 -1.55921
6788.09 -1.55995
6788.45 -1.56069
6788.82 -1.56142
6789.18 -1.56216
6789.55 -1.5629
6789.92 -1.56364
6790.28 -1.56439
6790.65 -1.56513
6791.02 -1.56587
6791.38 -1.56662
6791.75 -1.56737
6792.11 -1.56812
6792.48 -1.56887
6792.85 -1.56962
6793.21 -1.57038
6793.58 -1.57113
6793.94 -1.57189
6794.31 -1.57264
6794.68 -1.5734
6795.04 -1.57416
6795.41 -1.57492
6795.78 -1.57569
6796.14 -1.57645
6796.51 -1.57721
6796.87 -1.57798
6797.24 -1.57875
6797.61 -1.57952
6797.97 -1.58029
6798.34 -1.58106
6798.71 -1.58183
6799.07 -1.58261
6799.44 -1.58338
6799.8 -1.58416
6800.17 -1.58494
6800.54 -1.58572
6800.9 -1.5865
6801.27 -1.58728
6801.64 -1.58806
6802 -1.58885
6802.37 -1.58964
6802.73 -1.59042
6803.1 -1.59121
6803.47 -1.592
6803.83 -1.59279
6804.2 -1.59358
6804.56 -1.59438
6804.93 -1.59517
6805.3 -1.59597
6805.66 -1.59677
6806.03 -1.59757
6806.4 -1.59837
6806.76 -1.59917
6807.13 -1.59997
6807.49 -1.60077
6807.86 -1.60158
6808.23 -1.60239
6808.59 -1.60319
6808.96 -1.604
6809.33 -1.60481
6809.69 -1.60562
6810.06 -1.60644
6810.42 -1.60725
6810.79 -1.60807
6811.16 -1.60888
6811.52 -1.6097
6811.89 -1.61052
6812.26 -1.61134
6812.62 -1.61216
6812.99 -1.61298
6813.35 -1.61381
6813.72 -1.61463
6814.09 -1.61546
6814.45 -1.61629
6814.82 -1.61712
6815.19 -1.61795
6815.55 -1.61878
6815.92 -1.61961
6816.28 -1.62044
6816.65 -1.62128
6817.02 -1.62211
6817.38 -1.62295
6817.75 -1.62379
6818.11 -1.62463
6818.48 -1.62547
6818.85 -1.62631
6819.21 -1.62716
6819.58 -1.628
6819.95 -1.62885
6820.31 -1.62969
6820.68 -1.63054
6821.04 -1.63139
6821.41 -1.63224
6821.78 -1.63309
6822.14 -1.63395
6822.51 -1.6348
6822.88 -1.63566
6823.24 -1.63651
6823.61 -1.63737
6823.97 -1.63823
6824.34 -1.63909
6824.71 -1.63995
6825.07 -1.64081
6825.44 -1.64168
6825.81 -1.64254
6826.17 -1.64341
6826.54 -1.64428
6826.9 -1.64514
6827.27 -1.64601
6827.64 -1.64689
6828 -1.64776
6828.37 -1.64863
6828.73 -1.6495
6829.1 -1.65038
6829.47 -1.65126
6829.83 -1.65213
6830.2 -1.65301
6830.57 -1.65389
6830.93 -1.65477
6831.3 -1.65566
6831.66 -1.65654
6832.03 -1.65742
6832.4 -1.65831
6832.76 -1.6592
6833.13 -1.66008
6833.5 -1.66097
6833.86 -1.66186
6834.23 -1.66275
6834.59 -1.66365
6834.96 -1.66454
6835.33 -1.66543
6835.69 -1.66633
6836.06 -1.66723
6836.43 -1.66812
6836.79 -1.66902
6837.16 -1.66992
6837.52 -1.67083
6837.89 -1.67173
6838.26 -1.67263
6838.62 -1.67354
6838.99 -1.67444
6839.35 -1.67535
6839.72 -1.67626
6840.09 -1.67716
6840.45 -1.67807
6840.82 -1.67899
6841.19 -1.6799
6841.55 -1.68081
6841.92 -1.68172
6842.28 -1.68264
6842.65 -1.68356
6843.02 -1.68447
6843.38 -1.68539
6843.75 -1.68631
6844.12 -1.68723
6844.48 -1.68815
6844.85 -1.68908
6845.21 -1.69
6845.58 -1.69093
6845.95 -1.69185
6846.31 -1.69278
6846.68 -1.69371
6847.05 -1.69464
6847.41 -1.69557
6847.78 -1.6965
6848.14 -1.69743
6848.51 -1.69836
6848.88 -1.6993
6849.24 -1.70023
6849.61 -1.70117
6849.98 -1.7021
6850.34 -1.70304
6850.71 -1.70398
6851.07 -1.70492
6851.44 -1.70586
6851.81 -1.7068
6852.17 -1.70775
6852.54 -1.70869
6852.9 -1.70964
6853.27 -1.71058
6853.64 -1.71153
6854 -1.71248
6854.37 -1.71343
6854.74 -1.71438
6855.1 -1.71533
6855.47 -1.71628
6855.83 -1.71723
6856.2 -1.71819
6856.57 -1.71914
6856.93 -1.7201
6857.3 -1.72106
6857.67 -1.72201
6858.03 -1.72297
6858.4 -1.72393
6858.76 -1.72489
6859.13 -1.72585
6859.5 -1.72682
6859.86 -1.72778
6860.23 -1.72874
6860.6 -1.72971
6860.96 -1.73068
6861.33 -1.73164
6861.69 -1.73261
6862.06 -1.73358
6862.43 -1.73455
6862.79 -1.73552
6863.16 -1.73649
6863.52 -1.73747
6863.89 -1.73844
6864.26 -1.73941
6864.62 -1.74039
6864.99 -1.74137
6865.36 -1.74234
6865.72 -1.74332
6866.09 -1.7443
6866.45 -1.74528
6866.82 -1.74626
6867.19 -1.74724
6867.55 -1.74822
6867.92 -1.74921
6868.29 -1.75019
6868.65 -1.75118
6869.02 -1.75216
6869.38 -1.75315
6869.75 -1.75414
6870.12 -1.75512
6870.48 -1.75611
6870.85 -1.7571
6871.22 -1.75809
6871.58 -1.75909
6871.95 -1.76008
6872.31 -1.76107
6872.68 -1.76207
6873.05 -1.76306
6873.41 -1.76406
6873.78 -1.76505
6874.15 -1.76605
6874.51 -1.76705
6874.88 -1.76805
6875.24 -1.76905
6875.61 -1.77005
6875.98 -1.77105
6876.34 -1.77205
6876.71 -1.77306
6877.07 -1.77406
6877.44 -1.77506
6877.81 -1.77607
6878.17 -1.77708
6878.54 -1.77808
6878.91 -1.77909
6879.27 -1.7801
6879.64 -1.78111
6880 -1.78212
6880.37 -1.78313
6880.74 -1.78414
6881.1 -1.78515
6881.47 -1.78616
6881.84 -1.78718
6882.2 -1.78819
6882.57 -1.78921
6882.93 -1.79022
6883.3 -1.79124
6883.67 -1.79226
6884.03 -1.79327
6884.4 -1.79429
6884.77 -1.79531
6885.13 -1.79633
6885.5 -1.79735
6885.86 -1.79837
6886.23 -1.7994
6886.6 -1.80042
6886.96 -1.80144
6887.33 -1.80247
6887.69 -1.80349
6888.06 -1.80452
6888.43 -1.80554
6888.79 -1.80657
6889.16 -1.8076
6889.53 -1.80862
6889.89 -1.80965
6890.26 -1.81068
6890.62 -1.81171
6890.99 -1.81274
6891.36 -1.81377
6891.72 -1.81481
6892.09 -1.81584
6892.46 -1.81687
6892.82 -1.81791
6893.19 -1.81894
6893.55 -1.81997
6893.92 -1.82101
6894.29 -1.82205
6894.65 -1.82308
6895.02 -1.82412
6895.39 -1.82516
6895.75 -1.8262
6896.12 -1.82724
6896.48 -1.82828
6896.85 -1.82932
6897.22 -1.83036
6897.58 -1.8314
6897.95 -1.83244
6898.31 -1.83348
6898.68 -1.83452
6899.05 -1.83557
6899.41 -1.83661
6899.78 -1.83766
6900.15 -1.8387
6900.51 -1.83975
6900.88 -1.84079
6901.24 -1.84184
6901.61 -1.84289
6901.98 -1.84393
6902.34 -1.84498
6902.71 -1.84603
6903.08 -1.84708
6903.44 -1.84813
6903.81 -1.84918
6904.17 -1.85023
6904.54 -1.85128
6904.91 -1.85233
6905.27 -1.85338
6905.64 -1.85444
6906.01 -1.85549
6906.37 -1.85654
6906.74 -1.8576
6907.1 -1.85865
6907.47 -1.85971
6907.84 -1.86076
6908.2 -1.86182
6908.57 -1.86287
6908.94 -1.86393
6909.3 -1.86498
6909.67 -1.86604
6910.03 -1.8671
6910.4 -1.86816
6910.77 -1.86921
6911.13 -1.87027
6911.5 -1.87133
6911.86 -1.87239
6912.23 -1.87345
6912.6 -1.87451
6912.96 -1.87557
6913.33 -1.87663
6913.7 -1.87769
6914.06 -1.87876
6914.43 -1.87982
6914.79 -1.88088
6915.16 -1.88194
6915.53 -1.88301
6915.89 -1.88407
6916.26 -1.88513
6916.63 -1.8862
6916.99 -1.88726
6917.36 -1.88832
6917.72 -1.88939
6918.09 -1.89045
6918.46 -1.89152
6918.82 -1.89258
6919.19 -1.89365
6919.56 -1.89472
6919.92 -1.89578
6920.29 -1.89685
6920.65 -1.89792
6921.02 -1.89898
6921.39 -1.90005
6921.75 -1.90112
6922.12 -1.90219
6922.48 -1.90325
6922.85 -1.90432
6923.22 -1.90539
6923.58 -1.90646
6923.95 -1.90753
6924.32 -1.9086
6924.68 -1.90967
6925.05 -1.91074
6925.41 -1.91181
6925.78 -1.91288
6926.15 -1.91395
6926.51 -1.91502
6926.88 -1.91609
6927.25 -1.91716
6927.61 -1.91823
6927.98 -1.9193
6928.34 -1.92037
6928.71 -1.92144
6929.08 -1.92251
6929.44 -1.92358
6929.81 -1.92466
6930.18 -1.92573
6930.54 -1.9268
6930.91 -1.92787
6931.27 -1.92894
6931.64 -1.93001
6932.01 -1.93109
6932.37 -1.93216
6932.74 -1.93323
6933.1 -1.9343
6933.47 -1.93538
6933.84 -1.93645
6934.2 -1.93752
6934.57 -1.93859
6934.94 -1.93967
6935.3 -1.94074
6935.67 -1.94181
6936.03 -1.94288
6936.4 -1.94396
6936.77 -1.94503
6937.13 -1.9461
6937.5 -1.94717
6937.87 -1.94825
6938.23 -1.94932
6938.6 -1.95039
6938.96 -1.95146
6939.33 -1.95254
6939.7 -1.95361
6940.06 -1.95468
6940.43 -1.95575
6940.8 -1.95683
6941.16 -1.9579
6941.53 -1.95897
6941.89 -1.96004
6942.26 -1.96111
6942.63 -1.96219
6942.99 -1.96326
6943.36 -1.96433
6943.73 -1.9654
6944.09 -1.96647
6944.46 -1.96754
6944.82 -1.96862
6945.19 -1.96969
6945.56 -1.97076
6945.92 -1.97183
6946.29 -1.9729
6946.65 -1.97397
6947.02 -1.97504
6947.39 -1.97611
6947.75 -1.97718
6948.12 -1.97825
6948.49 -1.97932
6948.85 -1.98039
6949.22 -1.98146
6949.58 -1.98253
6949.95 -1.9836
6950.32 -1.98467
6950.68 -1.98573
6951.05 -1.9868
6951.42 -1.98787
6951.78 -1.98894
6952.15 -1.99001
6952.51 -1.99107
6952.88 -1.99214
6953.25 -1.99321
6953.61 -1.99427
6953.98 -1.99534
6954.35 -1.9964
6954.71 -1.99747
6955.08 -1.99854
6955.44 -1.9996
6955.81 -2.00066
6956.18 -2.00173
6956.54 -2.00279
6956.91 -2.00386
6957.27 -2.00492
6957.64 -2.00598
6958.01 -2.00705
6958.37 -2.00811
6958.74 -2.00917
6959.11 -2.01023
6959.47 -2.01129
6959.84 -2.01235
6960.2 -2.01341
6960.57 -2.01447
6960.94 -2.01553
6961.3 -2.01659
6961.67 -2.01765
6962.04 -2.01871
6962.4 -2.01977
6962.77 -2.02082
6963.13 -2.02188
6963.5 -2.02294
6963.87 -2.02399
6964.23 -2.02505
6964.6 -2.0261
6964.97 -2.02716
6965.33 -2.02821
6965.7 -2.02927
6966.06 -2.03032
6966.43 -2.03137
6966.8 -2.03242
6967.16 -2.03347
6967.53 -2.03452
6967.9 -2.03558
6968.26 -2.03663
6968.63 -2.03767
6968.99 -2.03872
6969.36 -2.03977
6969.73 -2.04082
6970.09 -2.04187
6970.46 -2.04291
6970.82 -2.04396
6971.19 -2.045
6971.56 -2.04605
6971.92 -2.04709
6972.29 -2.04814
6972.66 -2.04918
6973.02 -2.05022
6973.39 -2.05126
6973.75 -2.0523
6974.12 -2.05334
6974.49 -2.05438
6974.85 -2.05542
6975.22 -2.05646
6975.59 -2.0575
6975.95 -2.05853
6976.32 -2.05957
6976.68 -2.06061
6977.05 -2.06164
6977.42 -2.06267
6977.78 -2.06371
6978.15 -2.06474
6978.52 -2.06577
6978.88 -2.0668
6979.25 -2.06783
6979.61 -2.06886
6979.98 -2.06989
6980.35 -2.07092
6980.71 -2.07195
6981.08 -2.07297
6981.44 -2.074
6981.81 -2.07502
6982.18 -2.07605
6982.54 -2.07707
6982.91 -2.07809
6983.28 -2.07911
6983.64 -2.08013
6984.01 -2.08115
6984.37 -2.08217
6984.74 -2.08319
6985.11 -2.08421
6985.47 -2.08522
6985.84 -2.08624
6986.21 -2.08725
6986.57 -2.08827
6986.94 -2.08928
6987.3 -2.09029
6987.67 -2.0913
6988.04 -2.09231
6988.4 -2.09332
6988.77 -2.09433
6989.14 -2.09534
6989.5 -2.09634
6989.87 -2.09735
6990.23 -2.09835
6990.6 -2.09935
6990.97 -2.10036
6991.33 -2.10136
6991.7 -2.10236
6992.06 -2.10336
6992.43 -2.10435
6992.8 -2.10535
6993.16 -2.10635
6993.53 -2.10734
6993.9 -2.10833
6994.26 -2.10933
6994.63 -2.11032
6994.99 -2.11131
6995.36 -2.1123
6995.73 -2.11329
6996.09 -2.11427
6996.46 -2.11526
6996.83 -2.11625
6997.19 -2.11723
6997.56 -2.11821
6997.92 -2.11919
6998.29 -2.12018
6998.66 -2.12115
6999.02 -2.12213
6999.39 -2.12311
6999.76 -2.12409
7000.12 -2.12506
7000.49 -2.12603
7000.85 -2.12701
7001.22 -2.12798
7001.59 -2.12895
7001.95 -2.12992
7002.32 -2.13088
7002.69 -2.13185
7003.05 -2.13281
7003.42 -2.13378
7003.78 -2.13474
7004.15 -2.1357
7004.52 -2.13666
7004.88 -2.13762
7005.25 -2.13858
7005.61 -2.13953
7005.98 -2.14049
7006.35 -2.14144
7006.71 -2.14239
7007.08 -2.14334
7007.45 -2.14429
7007.81 -2.14524
7008.18 -2.14619
7008.54 -2.14713
7008.91 -2.14808
7009.28 -2.14902
7009.64 -2.14996
7010.01 -2.1509
7010.38 -2.15184
7010.74 -2.15278
7011.11 -2.15371
7011.47 -2.15464
7011.84 -2.15558
7012.21 -2.15651
7012.57 -2.15744
7012.94 -2.15837
7013.31 -2.15929
7013.67 -2.16022
7014.04 -2.16114
7014.4 -2.16207
7014.77 -2.16299
7015.14 -2.16391
7015.5 -2.16482
7015.87 -2.16574
7016.23 -2.16665
7016.6 -2.16757
7016.97 -2.16848
7017.33 -2.16939
7017.7 -2.1703
7018.07 -2.17121
7018.43 -2.17211
7018.8 -2.17302
7019.16 -2.17392
7019.53 -2.17482
7019.9 -2.17572
7020.26 -2.17662
7020.63 -2.17751
7021 -2.17841
7021.36 -2.1793
7021.73 -2.18019
7022.09 -2.18108
7022.46 -2.18197
7022.83 -2.18285
7023.19 -2.18374
7023.56 -2.18462
7023.93 -2.1855
7024.29 -2.18638
7024.66 -2.18726
7025.02 -2.18813
7025.39 -2.18901
7025.76 -2.18988
7026.12 -2.19075
7026.49 -2.19162
7026.85 -2.19249
7027.22 -2.19335
7027.59 -2.19422
7027.95 -2.19508
7028.32 -2.19594
7028.69 -2.1968
7029.05 -2.19765
7029.42 -2.19851
7029.78 -2.19936
7030.15 -2.20021
7030.52 -2.20106
7030.88 -2.20191
7031.25 -2.20275
7031.62 -2.2036
7031.98 -2.20444
7032.35 -2.20528
7032.71 -2.20612
7033.08 -2.20695
7033.45 -2.20779
7033.81 -2.20862
7034.18 -2.20945
7034.55 -2.21028
7034.91 -2.21111
7035.28 -2.21193
7035.64 -2.21275
7036.01 -2.21358
7036.38 -2.2144
7036.74 -2.21521
7037.11 -2.21603
7037.48 -2.21684
7037.84 -2.21765
7038.21 -2.21846
7038.57 -2.21927
7038.94 -2.22007
7039.31 -2.22088
7039.67 -2.22168
7040.04 -2.22248
7040.4 -2.22327
7040.77 -2.22407
7041.14 -2.22486
7041.5 -2.22565
7041.87 -2.22644
7042.24 -2.22723
7042.6 -2.22801
7042.97 -2.2288
7043.33 -2.22958
7043.7 -2.23035
7044.07 -2.23113
7044.43 -2.23191
7044.8 -2.23268
7045.17 -2.23345
7045.53 -2.23422
7045.9 -2.23498
7046.26 -2.23574
7046.63 -2.23651
7047 -2.23727
7047.36 -2.23802
7047.73 -2.23878
7048.1 -2.23953
7048.46 -2.24028
7048.83 -2.24103
7049.19 -2.24177
7049.56 -2.24252
7049.93 -2.24326
7050.29 -2.244
7050.66 -2.24474
7051.02 -2.24547
7051.39 -2.2462
7051.76 -2.24693
7052.12 -2.24766
7052.49 -2.24839
7052.86 -2.24911
7053.22 -2.24983
7053.59 -2.25055
7053.95 -2.25127
7054.32 -2.25198
7054.69 -2.2527
7055.05 -2.25341
7055.42 -2.25411
7055.79 -2.25482
7056.15 -2.25552
7056.52 -2.25622
7056.88 -2.25692
7057.25 -2.25761
7057.62 -2.25831
7057.98 -2.259
7058.35 -2.25969
7058.72 -2.26037
7059.08 -2.26106
7059.45 -2.26174
7059.81 -2.26242
7060.18 -2.26309
7060.55 -2.26377
7060.91 -2.26444
7061.28 -2.26511
7061.65 -2.26578
7062.01 -2.26644
7062.38 -2.2671
7062.74 -2.26776
7063.11 -2.26842
7063.48 -2.26907
7063.84 -2.26972
7064.21 -2.27037
7064.57 -2.27102
7064.94 -2.27166
7065.31 -2.27231
7065.67 -2.27295
7066.04 -2.27358
7066.41 -2.27422
7066.77 -2.27485
7067.14 -2.27548
7067.5 -2.2761
7067.87 -2.27673
7068.24 -2.27735
7068.6 -2.27797
7068.97 -2.27858
7069.34 -2.2792
7069.7 -2.27981
7070.07 -2.28042
7070.43 -2.28102
7070.8 -2.28163
7071.17 -2.28223
7071.53 -2.28283
7071.9 -2.28342
7072.27 -2.28401
7072.63 -2.2846
7073 -2.28519
7073.36 -2.28578
7073.73 -2.28636
7074.1 -2.28694
7074.46 -2.28752
7074.83 -2.28809
7075.19 -2.28866
7075.56 -2.28923
7075.93 -2.2898
7076.29 -2.29036
7076.66 -2.29092
7077.03 -2.29148
7077.39 -2.29203
7077.76 -2.29258
7078.12 -2.29313
7078.49 -2.29368
7078.86 -2.29423
7079.22 -2.29477
7079.59 -2.29531
7079.96 -2.29584
7080.32 -2.29638
7080.69 -2.29691
7081.05 -2.29743
7081.42 -2.29796
7081.79 -2.29848
7082.15 -2.299
7082.52 -2.29952
7082.89 -2.30003
7083.25 -2.30054
7083.62 -2.30105
7083.98 -2.30155
7084.35 -2.30205
7084.72 -2.30255
7085.08 -2.30305
7085.45 -2.30354
7085.81 -2.30404
7086.18 -2.30452
7086.55 -2.30501
7086.91 -2.30549
7087.28 -2.30597
7087.65 -2.30645
7088.01 -2.30692
7088.38 -2.30739
7088.74 -2.30786
7089.11 -2.30832
7089.48 -2.30879
7089.84 -2.30925
7090.21 -2.3097
7090.58 -2.31015
7090.94 -2.31061
7091.31 -2.31105
7091.67 -2.3115
7092.04 -2.31194
7092.41 -2.31238
7092.77 -2.31281
7093.14 -2.31324
7093.51 -2.31367
7093.87 -2.3141
7094.24 -2.31452
7094.6 -2.31494
7094.97 -2.31536
7095.34 -2.31578
7095.7 -2.31619
7096.07 -2.3166
7096.44 -2.317
7096.8 -2.31741
7097.17 -2.31781
7097.53 -2.3182
7097.9 -2.3186
7098.27 -2.31899
7098.63 -2.31937
7099 -2.31976
7099.36 -2.32014
7099.73 -2.32052
7100.1 -2.32089
7100.46 -2.32127
7100.83 -2.32164
7101.2 -2.322
7101.56 -2.32237
7101.93 -2.32273
7102.29 -2.32308
7102.66 -2.32344
7103.03 -2.32379
7103.39 -2.32414
7103.76 -2.32448
7104.13 -2.32482
7104.49 -2.32516
7104.86 -2.3255
7105.22 -2.32583
7105.59 -2.32616
7105.96 -2.32648
7106.32 -2.32681
7106.69 -2.32713
7107.06 -2.32744
7107.42 -2.32776
7107.79 -2.32807
7108.15 -2.32837
7108.52 -2.32868
7108.89 -2.32898
7109.25 -2.32928
7109.62 -2.32957
7109.98 -2.32986
7110.35 -2.33015
7110.72 -2.33044
7111.08 -2.33072
7111.45 -2.331
7111.82 -2.33127
7112.18 -2.33154
7112.55 -2.33181
7112.91 -2.33208
7113.28 -2.33234
7113.65 -2.3326
7114.01 -2.33286
7114.38 -2.33311
7114.75 -2.33336
7115.11 -2.33361
7115.48 -2.33385
7115.84 -2.33409
7116.21 -2.33433
7116.58 -2.33456
7116.94 -2.33479
7117.31 -2.33502
7117.68 -2.33525
7118.04 -2.33547
7118.41 -2.33569
7118.77 -2.3359
7119.14 -2.33611
7119.51 -2.33632
7119.87 -2.33652
7120.24 -2.33673
7120.6 -2.33692
7120.97 -2.33712
7121.34 -2.33731
7121.7 -2.3375
7122.07 -2.33769
7122.44 -2.33787
7122.8 -2.33805
7123.17 -2.33822
7123.53 -2.33839
7123.9 -2.33856
7124.27 -2.33873
7124.63 -2.33889
7125 -2.33905
7125.37 -2.33921
7125.73 -2.33936
7126.1 -2.33951
7126.46 -2.33965
7126.83 -2.3398
7127.2 -2.33994
7127.56 -2.34007
7127.93 -2.3402
7128.3 -2.34033
7128.66 -2.34046
7129.03 -2.34058
7129.39 -2.3407
7129.76 -2.34082
7130.13 -2.34093
7130.49 -2.34104
7130.86 -2.34115
7131.23 -2.34125
7131.59 -2.34135
7131.96 -2.34145
7132.32 -2.34154
7132.69 -2.34163
7133.06 -2.34172
7133.42 -2.3418
7133.79 -2.34188
7134.15 -2.34196
7134.52 -2.34203
7134.89 -2.3421
7135.25 -2.34217
7135.62 -2.34223
7135.99 -2.34229
7136.35 -2.34234
7136.72 -2.3424
7137.08 -2.34245
7137.45 -2.34249
7137.82 -2.34254
7138.18 -2.34258
7138.55 -2.34261
7138.92 -2.34265
7139.28 -2.34268
7139.65 -2.3427
7140.01 -2.34272
7140.38 -2.34274
7140.75 -2.34276
7141.11 -2.34277
7141.48 -2.34278
7141.85 -2.34279
7142.21 -2.34279
7142.58 -2.34279
7142.94 -2.34279
7143.31 -2.34278
7143.68 -2.34277
7144.04 -2.34276
7144.41 -2.34274
7144.77 -2.34272
7145.14 -2.34269
7145.51 -2.34267
7145.87 -2.34264
7146.24 -2.3426
7146.61 -2.34257
7146.97 -2.34252
7147.34 -2.34248
7147.7 -2.34243
7148.07 -2.34238
7148.44 -2.34233
7148.8 -2.34227
7149.17 -2.34221
7149.54 -2.34214
7149.9 -2.34208
7150.27 -2.34201
7150.63 -2.34193
7151 -2.34185
7151.37 -2.34177
7151.73 -2.34169
7152.1 -2.3416
7152.47 -2.34151
7152.83 -2.34142
7153.2 -2.34132
7153.56 -2.34122
7153.93 -2.34111
7154.3 -2.341
7154.66 -2.34089
7155.03 -2.34078
7155.4 -2.34066
7155.76 -2.34054
7156.13 -2.34041
7156.49 -2.34029
7156.86 -2.34016
7157.23 -2.34002
7157.59 -2.33988
7157.96 -2.33974
7158.32 -2.3396
7158.69 -2.33945
7159.06 -2.3393
7159.42 -2.33914
7159.79 -2.33898
7160.16 -2.33882
7160.52 -2.33866
7160.89 -2.33849
7161.25 -2.33832
7161.62 -2.33814
7161.99 -2.33796
7162.35 -2.33778
7162.72 -2.3376
7163.09 -2.33741
7163.45 -2.33722
7163.82 -2.33702
7164.18 -2.33683
7164.55 -2.33662
7164.92 -2.33642
7165.28 -2.33621
7165.65 -2.336
7166.02 -2.33578
7166.38 -2.33557
7166.75 -2.33534
7167.11 -2.33512
7167.48 -2.33489
7167.85 -2.33466
7168.21 -2.33443
7168.58 -2.33419
7168.94 -2.33395
7169.31 -2.3337
7169.68 -2.33345
7170.04 -2.3332
7170.41 -2.33295
7170.78 -2.33269
7171.14 -2.33243
7171.51 -2.33216
7171.87 -2.3319
7172.24 -2.33163
7172.61 -2.33135
7172.97 -2.33107
7173.34 -2.33079
7173.71 -2.33051
7174.07 -2.33022
7174.44 -2.32993
7174.8 -2.32964
7175.17 -2.32934
7175.54 -2.32904
7175.9 -2.32873
7176.27 -2.32843
7176.64 -2.32812
7177 -2.3278
7177.37 -2.32749
7177.73 -2.32717
7178.1 -2.32684
7178.47 -2.32652
7178.83 -2.32619
7179.2 -2.32585
7179.56 -2.32552
7179.93 -2.32518
7180.3 -2.32484
7180.66 -2.32449
7181.03 -2.32414
7181.4 -2.32379
7181.76 -2.32343
7182.13 -2.32307
7182.49 -2.32271
7182.86 -2.32235
7183.23 -2.32198
7183.59 -2.32161
7183.96 -2.32123
7184.33 -2.32085
7184.69 -2.32047
7185.06 -2.32009
7185.42 -2.3197
7185.79 -2.31931
7186.16 -2.31891
7186.52 -2.31852
7186.89 -2.31812
7187.26 -2.31771
7187.62 -2.3173
7187.99 -2.31689
7188.35 -2.31648
7188.72 -2.31607
7189.09 -2.31565
7189.45 -2.31522
7189.82 -2.3148
7190.19 -2.31437
7190.55 -2.31394
7190.92 -2.3135
7191.28 -2.31306
7191.65 -2.31262
7192.02 -2.31218
7192.38 -2.31173
7192.75 -2.31128
7193.11 -2.31082
7193.48 -2.31037
7193.85 -2.30991
7194.21 -2.30944
7194.58 -2.30898
7194.95 -2.30851
7195.31 -2.30803
7195.68 -2.30756
7196.04 -2.30708
7196.41 -2.3066
7196.78 -2.30611
7197.14 -2.30563
7197.51 -2.30513
7197.88 -2.30464
7198.24 -2.30414
7198.61 -2.30364
7198.97 -2.30314
7199.34 -2.30263
7199.71 -2.30212
7200.07 -2.30161
7200.44 -2.3011
7200.81 -2.30058
7201.17 -2.30006
7201.54 -2.29953
7201.9 -2.299
7202.27 -2.29847
7202.64 -2.29794
7203 -2.2974
7203.37 -2.29686
7203.73 -2.29632
7204.1 -2.29578
7204.47 -2.29523
7204.83 -2.29468
7205.2 -2.29412
7205.57 -2.29356
7205.93 -2.293
7206.3 -2.29244
7206.66 -2.29187
7207.03 -2.2913
7207.4 -2.29073
7207.76 -2.29016
7208.13 -2.28958
7208.5 -2.289
7208.86 -2.28841
7209.23 -2.28783
7209.59 -2.28724
7209.96 -2.28664
7210.33 -2.28605
7210.69 -2.28545
7211.06 -2.28485
7211.43 -2.28425
7211.79 -2.28364
7212.16 -2.28303
7212.52 -2.28242
7212.89 -2.2818
7213.26 -2.28118
7213.62 -2.28056
7213.99 -2.27994
7214.35 -2.27931
7214.72 -2.27868
7215.09 -2.27805
7215.45 -2.27741
7215.82 -2.27677
7216.19 -2.27613
7216.55 -2.27549
7216.92 -2.27484
7217.28 -2.27419
7217.65 -2.27354
7218.02 -2.27288
7218.38 -2.27222
7218.75 -2.27156
7219.12 -2.2709
7219.48 -2.27023
7219.85 -2.26956
7220.21 -2.26889
7220.58 -2.26822
7220.95 -2.26754
7221.31 -2.26686
7221.68 -2.26618
7222.05 -2.26549
7222.41 -2.2648
7222.78 -2.26411
7223.14 -2.26342
7223.51 -2.26272
7223.88 -2.26202
7224.24 -2.26132
7224.61 -2.26062
7224.98 -2.25991
7225.34 -2.2592
7225.71 -2.25849
7226.07 -2.25777
7226.44 -2.25705
7226.81 -2.25633
7227.17 -2.25561
7227.54 -2.25488
7227.9 -2.25415
7228.27 -2.25342
7228.64 -2.25269
7229 -2.25195
7229.37 -2.25121
7229.74 -2.25047
7230.1 -2.24973
7230.47 -2.24898
7230.83 -2.24823
7231.2 -2.24748
7231.57 -2.24673
7231.93 -2.24597
7232.3 -2.24521
7232.67 -2.24445
7233.03 -2.24368
7233.4 -2.24292
7233.76 -2.24215
7234.13 -2.24137
7234.5 -2.2406
7234.86 -2.23982
7235.23 -2.23904
7235.6 -2.23826
7235.96 -2.23747
7236.33 -2.23669
7236.69 -2.2359
7237.06 -2.2351
7237.43 -2.23431
7237.79 -2.23351
7238.16 -2.23271
7238.52 -2.23191
7238.89 -2.23111
7239.26 -2.2303
7239.62 -2.22949
7239.99 -2.22868
7240.36 -2.22786
7240.72 -2.22705
7241.09 -2.22623
7241.45 -2.22541
7241.82 -2.22458
7242.19 -2.22376
7242.55 -2.22293
7242.92 -2.2221
7243.29 -2.22126
7243.65 -2.22043
7244.02 -2.21959
7244.38 -2.21875
7244.75 -2.21791
7245.12 -2.21706
7245.48 -2.21621
7245.85 -2.21536
7246.22 -2.21451
7246.58 -2.21366
7246.95 -2.2128
7247.31 -2.21194
7247.68 -2.21108
7248.05 -2.21022
7248.41 -2.20935
7248.78 -2.20848
7249.15 -2.20761
7249.51 -2.20674
7249.88 -2.20586
7250.24 -2.20499
7250.61 -2.20411
7250.98 -2.20323
7251.34 -2.20234
7251.71 -2.20146
7252.07 -2.20057
7252.44 -2.19968
7252.81 -2.19879
7253.17 -2.19789
7253.54 -2.19699
7253.91 -2.19609
7254.27 -2.19519
7254.64 -2.19429
7255 -2.19338
7255.37 -2.19248
7255.74 -2.19157
7256.1 -2.19066
7256.47 -2.18974
7256.84 -2.18882
7257.2 -2.18791
7257.57 -2.18699
7257.93 -2.18606
7258.3 -2.18514
7258.67 -2.18421
7259.03 -2.18328
7259.4 -2.18235
7259.77 -2.18142
7260.13 -2.18049
7260.5 -2.17955
7260.86 -2.17861
7261.23 -2.17767
7261.6 -2.17673
7261.96 -2.17578
7262.33 -2.17483
7262.69 -2.17389
7263.06 -2.17293
7263.43 -2.17198
7263.79 -2.17103
7264.16 -2.17007
7264.53 -2.16911
7264.89 -2.16815
7265.26 -2.16719
7265.62 -2.16622
7265.99 -2.16526
7266.36 -2.16429
7266.72 -2.16332
7267.09 -2.16234
7267.46 -2.16137
7267.82 -2.16039
7268.19 -2.15942
7268.55 -2.15844
7268.92 -2.15745
7269.29 -2.15647
7269.65 -2.15548
7270.02 -2.1545
7270.39 -2.15351
7270.75 -2.15252
7271.12 -2.15152
7271.48 -2.15053
7271.85 -2.14953
7272.22 -2.14853
7272.58 -2.14753
7272.95 -2.14653
7273.31 -2.14553
7273.68 -2.14452
7274.05 -2.14351
7274.41 -2.14251
7274.78 -2.14149
7275.15 -2.14048
7275.51 -2.13947
7275.88 -2.13845
7276.24 -2.13743
7276.61 -2.13641
7276.98 -2.13539
7277.34 -2.13437
7277.71 -2.13334
7278.08 -2.13232
7278.44 -2.13129
7278.81 -2.13026
7279.17 -2.12923
7279.54 -2.12819
7279.91 -2.12716
7280.27 -2.12612
7280.64 -2.12508
7281.01 -2.12404
7281.37 -2.123
7281.74 -2.12196
7282.1 -2.12092
7282.47 -2.11987
7282.84 -2.11882
7283.2 -2.11777
7283.57 -2.11672
7283.94 -2.11567
7284.3 -2.11461
7284.67 -2.11356
7285.03 -2.1125
7285.4 -2.11144
7285.77 -2.11038
7286.13 -2.10932
7286.5 -2.10826
7286.86 -2.10719
7287.23 -2.10612
7287.6 -2.10506
7287.96 -2.10399
7288.33 -2.10291
7288.7 -2.10184
7289.06 -2.10077
7289.43 -2.09969
7289.79 -2.09861
7290.16 -2.09754
7290.53 -2.09646
7290.89 -2.09537
7291.26 -2.09429
7291.63 -2.09321
7291.99 -2.09212
7292.36 -2.09103
7292.72 -2.08995
7293.09 -2.08886
7293.46 -2.08776
7293.82 -2.08667
7294.19 -2.08558
7294.56 -2.08448
7294.92 -2.08338
7295.29 -2.08229
7295.65 -2.08119
7296.02 -2.08009
7296.39 -2.07898
7296.75 -2.07788
7297.12 -2.07677
7297.48 -2.07567
7297.85 -2.07456
7298.22 -2.07345
7298.58 -2.07234
7298.95 -2.07123
7299.32 -2.07012
7299.68 -2.069
7300.05 -2.06789
7300.41 -2.06677
7300.78 -2.06565
7301.15 -2.06453
7301.51 -2.06341
7301.88 -2.06229
7302.25 -2.06117
7302.61 -2.06004
7302.98 -2.05892
7303.34 -2.05779
7303.71 -2.05666
7304.08 -2.05554
7304.44 -2.05441
7304.81 -2.05327
7305.18 -2.05214
7305.54 -2.05101
7305.91 -2.04987
7306.27 -2.04874
7306.64 -2.0476
7307.01 -2.04646
7307.37 -2.04532
7307.74 -2.04418
7308.1 -2.04304
7308.47 -2.0419
7308.84 -2.04075
7309.2 -2.03961
7309.57 -2.03846
7309.94 -2.03731
7310.3 -2.03617
7310.67 -2.03502
7311.03 -2.03387
7311.4 -2.03271
7311.77 -2.03156
7312.13 -2.03041
7312.5 -2.02925
7312.87 -2.0281
7313.23 -2.02694
7313.6 -2.02578
7313.96 -2.02463
7314.33 -2.02347
7314.7 -2.0223
7315.06 -2.02114
7315.43 -2.01998
7315.8 -2.01882
7316.16 -2.01765
7316.53 -2.01649
7316.89 -2.01532
7317.26 -2.01415
7317.63 -2.01298
7317.99 -2.01181
7318.36 -2.01064
7318.73 -2.00947
7319.09 -2.0083
7319.46 -2.00713
7319.82 -2.00595
7320.19 -2.00478
7320.56 -2.0036
7320.92 -2.00243
7321.29 -2.00125
7321.65 -2.00007
7322.02 -1.99889
7322.39 -1.99771
7322.75 -1.99653
7323.12 -1.99535
7323.49 -1.99416
7323.85 -1.99298
7324.22 -1.9918
7324.58 -1.99061
7324.95 -1.98942
7325.32 -1.98824
7325.68 -1.98705
7326.05 -1.98586
7326.42 -1.98467
7326.78 -1.98348
7327.15 -1.98229
7327.51 -1.9811
7327.88 -1.97991
7328.25 -1.97871
7328.61 -1.97752
7328.98 -1.97633
7329.35 -1.97513
7329.71 -1.97393
7330.08 -1.97274
7330.44 -1.97154
7330.81 -1.97034
7331.18 -1.96914
7331.54 -1.96794
7331.91 -1.96674
7332.27 -1.96554
7332.64 -1.96434
7333.01 -1.96314
7333.37 -1.96193
7333.74 -1.96073
7334.11 -1.95953
7334.47 -1.95832
7334.84 -1.95711
7335.2 -1.95591
7335.57 -1.9547
7335.94 -1.95349
7336.3 -1.95229
7336.67 -1.95108
7337.04 -1.94987
7337.4 -1.94866
7337.77 -1.94745
7338.13 -1.94623
7338.5 -1.94502
7338.87 -1.94381
7339.23 -1.9426
7339.6 -1.94138
7339.97 -1.94017
7340.33 -1.93895
7340.7 -1.93774
7341.06 -1.93652
7341.43 -1.93531
7341.8 -1.93409
7342.16 -1.93287
7342.53 -1.93165
7342.9 -1.93044
7343.26 -1.92922
7343.63 -1.928
7343.99 -1.92678
7344.36 -1.92556
7344.73 -1.92434
7345.09 -1.92311
7345.46 -1.92189
7345.82 -1.92067
7346.19 -1.91945
7346.56 -1.91822
7346.92 -1.917
7347.29 -1.91577
7347.66 -1.91455
7348.02 -1.91332
7348.39 -1.9121
7348.75 -1.91087
7349.12 -1.90965
7349.49 -1.90842
7349.85 -1.90719
7350.22 -1.90596
7350.59 -1.90474
7350.95 -1.90351
7351.32 -1.90228
7351.68 -1.90105
7352.05 -1.89982
7352.42 -1.89859
7352.78 -1.89736
7353.15 -1.89613
7353.52 -1.8949
7353.88 -1.89367
7354.25 -1.89243
7354.61 -1.8912
7354.98 -1.88997
7355.35 -1.88874
7355.71 -1.8875
7356.08 -1.88627
7356.44 -1.88504
7356.81 -1.8838
7357.18 -1.88257
7357.54 -1.88133
7357.91 -1.8801
7358.28 -1.87886
7358.64 -1.87763
7359.01 -1.87639
7359.37 -1.87516
7359.74 -1.87392
7360.11 -1.87268
7360.47 -1.87145
7360.84 -1.87021
7361.21 -1.86897
7361.57 -1.86774
7361.94 -1.8665
7362.3 -1.86526
7362.67 -1.86402
7363.04 -1.86278
7363.4 -1.86154
7363.77 -1.86031
7364.14 -1.85907
7364.5 -1.85783
7364.87 -1.85659
7365.23 -1.85535
7365.6 -1.85411
7365.97 -1.85287
7366.33 -1.85163
7366.7 -1.85039
7367.06 -1.84915
7367.43 -1.84791
7367.8 -1.84667
7368.16 -1.84542
7368.53 -1.84418
7368.9 -1.84294
7369.26 -1.8417
7369.63 -1.84046
7369.99 -1.83922
7370.36 -1.83798
7370.73 -1.83673
7371.09 -1.83549
7371.46 -1.83425
7371.83 -1.83301
7372.19 -1.83177
7372.56 -1.83052
7372.92 -1.82928
7373.29 -1.82804
7373.66 -1.8268
7374.02 -1.82555
7374.39 -1.82431
7374.76 -1.82307
7375.12 -1.82182
7375.49 -1.82058
7375.85 -1.81934
7376.22 -1.81809
7376.59 -1.81685
7376.95 -1.81561
7377.32 -1.81437
7377.69 -1.81312
7378.05 -1.81188
7378.42 -1.81064
7378.78 -1.80939
7379.15 -1.80815
7379.52 -1.80691
7379.88 -1.80566
7380.25 -1.80442
7380.61 -1.80318
7380.98 -1.80193
7381.35 -1.80069
7381.71 -1.79945
7382.08 -1.7982
7382.45 -1.79696
7382.81 -1.79572
7383.18 -1.79448
7383.54 -1.79323
7383.91 -1.79199
7384.28 -1.79075
7384.64 -1.7895
7385.01 -1.78826
7385.38 -1.78702
7385.74 -1.78578
7386.11 -1.78453
7386.47 -1.78329
7386.84 -1.78205
7387.21 -1.78081
7387.57 -1.77956
7387.94 -1.77832
7388.31 -1.77708
7388.67 -1.77584
7389.04 -1.7746
7389.4 -1.77335
7389.77 -1.77211
7390.14 -1.77087
7390.5 -1.76963
7390.87 -1.76839
7391.23 -1.76715
7391.6 -1.76591
7391.97 -1.76467
7392.33 -1.76343
7392.7 -1.76218
7393.07 -1.76094
7393.43 -1.7597
7393.8 -1.75846
7394.16 -1.75722
7394.53 -1.75598
7394.9 -1.75475
7395.26 -1.75351
7395.63 -1.75227
7396 -1.75103
7396.36 -1.74979
7396.73 -1.74855
7397.09 -1.74731
7397.46 -1.74607
7397.83 -1.74484
7398.19 -1.7436
7398.56 -1.74236
7398.93 -1.74112
7399.29 -1.73989
7399.66 -1.73865
7400.02 -1.73741
7400.39 -1.73618
7400.76 -1.73494
7401.12 -1.7337
7401.49 -1.73247
7401.85 -1.73123
7402.22 -1.73
7402.59 -1.72876
7402.95 -1.72753
7403.32 -1.72629
7403.69 -1.72506
7404.05 -1.72382
7404.42 -1.72259
7404.78 -1.72136
7405.15 -1.72012
7405.52 -1.71889
7405.88 -1.71766
7406.25 -1.71643
7406.62 -1.71519
7406.98 -1.71396
7407.35 -1.71273
7407.71 -1.7115
7408.08 -1.71027
7408.45 -1.70904
7408.81 -1.70781
7409.18 -1.70658
7409.55 -1.70535
7409.91 -1.70412
7410.28 -1.70289
7410.64 -1.70166
7411.01 -1.70043
7411.38 -1.69921
7411.74 -1.69798
7412.11 -1.69675
7412.48 -1.69552
7412.84 -1.6943
7413.21 -1.69307
7413.57 -1.69185
7413.94 -1.69062
7414.31 -1.68939
7414.67 -1.68817
7415.04 -1.68695
7415.4 -1.68572
7415.77 -1.6845
7416.14 -1.68327
7416.5 -1.68205
7416.87 -1.68083
7417.24 -1.67961
7417.6 -1.67839
7417.97 -1.67716
7418.33 -1.67594
7418.7 -1.67472
7419.07 -1.6735
7419.43 -1.67228
7419.8 -1.67106
7420.17 -1.66984
7420.53 -1.66862
7420.9 -1.66741
7421.26 -1.66619
7421.63 -1.66497
7422 -1.66375
7422.36 -1.66254
7422.73 -1.66132
7423.1 -1.66011
7423.46 -1.65889
7423.83 -1.65768
7424.19 -1.65646
7424.56 -1.65525
7424.93 -1.65403
7425.29 -1.65282
7425.66 -1.65161
7426.02 -1.6504
7426.39 -1.64918
7426.76 -1.64797
7427.12 -1.64676
7427.49 -1.64555
7427.86 -1.64434
7428.22 -1.64313
7428.59 -1.64192
7428.95 -1.64072
7429.32 -1.63951
7429.69 -1.6383
7430.05 -1.63709
7430.42 -1.63589
7430.79 -1.63468
7431.15 -1.63348
7431.52 -1.63227
7431.88 -1.63107
7432.25 -1.62986
7432.62 -1.62866
7432.98 -1.62746
7433.35 -1.62625
7433.72 -1.62505
7434.08 -1.62385
7434.45 -1.62265
7434.81 -1.62145
7435.18 -1.62025
7435.55 -1.61905
7435.91 -1.61785
7436.28 -1.61665
7436.65 -1.61545
7437.01 -1.61426
7437.38 -1.61306
7437.74 -1.61186
7438.11 -1.61067
7438.48 -1.60947
7438.84 -1.60828
7439.21 -1.60709
7439.57 -1.60589
7439.94 -1.6047
7440.31 -1.60351
7440.67 -1.60231
7441.04 -1.60112
7441.41 -1.59993
7441.77 -1.59874
7442.14 -1.59755
7442.5 -1.59636
7442.87 -1.59518
7443.24 -1.59399
7443.6 -1.5928
7443.97 -1.59161
7444.34 -1.59043
7444.7 -1.58924
7445.07 -1.58806
7445.43 -1.58687
7445.8 -1.58569
7446.17 -1.58451
7446.53 -1.58332
7446.9 -1.58214
7447.27 -1.58096
7447.63 -1.57978
7448 -1.5786
7448.36 -1.57742
7448.73 -1.57624
7449.1 -1.57506
7449.46 -1.57388
7449.83 -1.57271
7450.19 -1.57153
7450.56 -1.57035
7450.93 -1.56918
7451.29 -1.568
7451.66 -1.56683
7452.03 -1.56565
7452.39 -1.56448
7452.76 -1.56331
7453.12 -1.56214
7453.49 -1.56097
7453.86 -1.5598
7454.22 -1.55863
7454.59 -1.55746
7454.96 -1.55629
7455.32 -1.55512
7455.69 -1.55395
7456.05 -1.55279
7456.42 -1.55162
7456.79 -1.55046
7457.15 -1.54929
7457.52 -1.54813
7457.89 -1.54696
7458.25 -1.5458
7458.62 -1.54464
7458.98 -1.54348
7459.35 -1.54232
7459.72 -1.54116
7460.08 -1.54
7460.45 -1.53884
7460.81 -1.53768
7461.18 -1.53652
7461.55 -1.53537
7461.91 -1.53421
7462.28 -1.53306
7462.65 -1.5319
7463.01 -1.53075
7463.38 -1.52959
7463.74 -1.52844
7464.11 -1.52729
7464.48 -1.52614
7464.84 -1.52499
7465.21 -1.52384
7465.58 -1.52269
7465.94 -1.52154
7466.31 -1.52039
7466.67 -1.51924
7467.04 -1.5181
7467.41 -1.51695
7467.77 -1.51581
7468.14 -1.51466
7468.51 -1.51352
7468.87 -1.51237
7469.24 -1.51123
7469.6 -1.51009
7469.97 -1.50895
7470.34 -1.50781
7470.7 -1.50667
7471.07 -1.50553
7471.44 -1.50439
7471.8 -1.50326
7472.17 -1.50212
7472.53 -1.50098
7472.9 -1.49985
7473.27 -1.49871
7473.63 -1.49758
7474 -1.49645
7474.36 -1.49531
7474.73 -1.49418
7475.1 -1.49305
7475.46 -1.49192
7475.83 -1.49079
7476.2 -1.48966
7476.56 -1.48853
7476.93 -1.48741
7477.29 -1.48628
7477.66 -1.48515
7478.03 -1.48403
7478.39 -1.48291
7478.76 -1.48178
7479.13 -1.48066
7479.49 -1.47954
7479.86 -1.47842
7480.22 -1.47729
7480.59 -1.47617
7480.96 -1.47506
7481.32 -1.47394
7481.69 -1.47282
7482.06 -1.4717
7482.42 -1.47059
7482.79 -1.46947
7483.15 -1.46836
7483.52 -1.46724
7483.89 -1.46613
7484.25 -1.46502
7484.62 -1.46391
7484.98 -1.46279
7485.35 -1.46168
7485.72 -1.46057
7486.08 -1.45947
7486.45 -1.45836
7486.82 -1.45725
7487.18 -1.45615
7487.55 -1.45504
7487.91 -1.45393
7488.28 -1.45283
7488.65 -1.45173
7489.01 -1.45062
7489.38 -1.44952
7489.75 -1.44842
7490.11 -1.44732
7490.48 -1.44622
7490.84 -1.44512
7491.21 -1.44403
7491.58 -1.44293
7491.94 -1.44183
7492.31 -1.44074
7492.68 -1.43964
7493.04 -1.43855
7493.41 -1.43746
7493.77 -1.43636
7494.14 -1.43527
7494.51 -1.43418
7494.87 -1.43309
7495.24 -1.432
7495.6 -1.43091
7495.97 -1.42983
7496.34 -1.42874
7496.7 -1.42765
7497.07 -1.42657
7497.44 -1.42548
7497.8 -1.4244
7498.17 -1.42332
7498.53 -1.42223
7498.9 -1.42115
7499.27 -1.42007
7499.63 -1.41899
7500 -1.41791
7500.37 -1.41684
7500.73 -1.41576
7501.1 -1.41468
7501.46 -1.41361
7501.83 -1.41253
7502.2 -1.41146
7502.56 -1.41038
7502.93 -1.40931
7503.3 -1.40824
7503.66 -1.40717
7504.03 -1.4061
7504.39 -1.40503
7504.76 -1.40396
7505.13 -1.40289
7505.49 -1.40183
7505.86 -1.40076
7506.23 -1.39969
7506.59 -1.39863
7506.96 -1.39757
7507.32 -1.3965
7507.69 -1.39544
7508.06 -1.39438
7508.42 -1.39332
7508.79 -1.39226
7509.15 -1.3912
7509.52 -1.39014
7509.89 -1.38909
7510.25 -1.38803
7510.62 -1.38697
7510.99 -1.38592
7511.35 -1.38487
7511.72 -1.38381
7512.08 -1.38276
7512.45 -1.38171
7512.82 -1.38066
7513.18 -1.37961
7513.55 -1.37856
7513.92 -1.37751
7514.28 -1.37646
7514.65 -1.37542
7515.01 -1.37437
7515.38 -1.37333
7515.75 -1.37228
7516.11 -1.37124
7516.48 -1.3702
7516.85 -1.36916
7517.21 -1.36812
7517.58 -1.36708
7517.94 -1.36604
7518.31 -1.365
7518.68 -1.36396
7519.04 -1.36292
7519.41 -1.36189
7519.77 -1.36085
7520.14 -1.35982
7520.51 -1.35879
7520.87 -1.35775
7521.24 -1.35672
7521.61 -1.35569
7521.97 -1.35466
7522.34 -1.35363
7522.7 -1.3526
7523.07 -1.35158
7523.44 -1.35055
7523.8 -1.34953
7524.17 -1.3485
7524.54 -1.34748
7524.9 -1.34645
7525.27 -1.34543
7525.63 -1.34441
7526 -1.34339
7526.37 -1.34237
7526.73 -1.34135
7527.1 -1.34033
7527.47 -1.33931
7527.83 -1.3383
7528.2 -1.33728
7528.56 -1.33627
7528.93 -1.33525
7529.3 -1.33424
7529.66 -1.33323
7530.03 -1.33222
7530.4 -1.33121
7530.76 -1.3302
7531.13 -1.32919
7531.49 -1.32818
7531.86 -1.32717
7532.23 -1.32617
7532.59 -1.32516
7532.96 -1.32415
7533.32 -1.32315
7533.69 -1.32215
7534.06 -1.32115
7534.42 -1.32015
7534.79 -1.31914
7535.16 -1.31814
7535.52 -1.31715
7535.89 -1.31615
7536.25 -1.31515
7536.62 -1.31415
7536.99 -1.31316
7537.35 -1.31216
7537.72 -1.31117
7538.09 -1.31018
7538.45 -1.30919
7538.82 -1.3082
7539.18 -1.3072
7539.55 -1.30622
7539.92 -1.30523
7540.28 -1.30424
7540.65 -1.30325
7541.02 -1.30227
7541.38 -1.30128
7541.75 -1.3003
7542.11 -1.29931
7542.48 -1.29833
7542.85 -1.29735
7543.21 -1.29637
7543.58 -1.29539
7543.94 -1.29441
7544.31 -1.29343
7544.68 -1.29245
7545.04 -1.29148
7545.41 -1.2905
7545.78 -1.28952
7546.14 -1.28855
7546.51 -1.28758
7546.87 -1.2866
7547.24 -1.28563
7547.61 -1.28466
7547.97 -1.28369
7548.34 -1.28272
7548.71 -1.28176
7549.07 -1.28079
7549.44 -1.27982
7549.8 -1.27886
7550.17 -1.27789
7550.54 -1.27693
7550.9 -1.27596
7551.27 -1.275
7551.64 -1.27404
7552 -1.27308
7552.37 -1.27212
7552.73 -1.27116
7553.1 -1.2702
7553.47 -1.26925
7553.83 -1.26829
7554.2 -1.26733
7554.56 -1.26638
7554.93 -1.26543
7555.3 -1.26447
7555.66 -1.26352
7556.03 -1.26257
7556.4 -1.26162
7556.76 -1.26067
7557.13 -1.25972
7557.49 -1.25877
7557.86 -1.25783
7558.23 -1.25688
7558.59 -1.25594
7558.96 -1.25499
7559.33 -1.25405
7559.69 -1.25311
7560.06 -1.25216
7560.42 -1.25122
7560.79 -1.25028
7561.16 -1.24934
7561.52 -1.2484
7561.89 -1.24747
7562.26 -1.24653
7562.62 -1.24559
7562.99 -1.24466
7563.35 -1.24373
7563.72 -1.24279
7564.09 -1.24186
7564.45 -1.24093
7564.82 -1.24
7565.19 -1.23907
7565.55 -1.23814
7565.92 -1.23721
7566.28 -1.23628
7566.65 -1.23536
7567.02 -1.23443
7567.38 -1.23351
7567.75 -1.23258
7568.11 -1.23166
7568.48 -1.23074
7568.85 -1.22982
7569.21 -1.22889
7569.58 -1.22797
7569.95 -1.22706
7570.31 -1.22614
7570.68 -1.22522
7571.04 -1.2243
7571.41 -1.22339
7571.78 -1.22247
7572.14 -1.22156
7572.51 -1.22065
7572.88 -1.21974
7573.24 -1.21882
7573.61 -1.21791
7573.97 -1.217
7574.34 -1.2161
7574.71 -1.21519
7575.07 -1.21428
7575.44 -1.21338
7575.81 -1.21247
7576.17 -1.21157
7576.54 -1.21066
7576.9 -1.20976
7577.27 -1.20886
7577.64 -1.20796
7578 -1.20706
7578.37 -1.20616
7578.73 -1.20526
7579.1 -1.20436
7579.47 -1.20346
7579.83 -1.20257
7580.2 -1.20167
7580.57 -1.20078
7580.93 -1.19988
7581.3 -1.19899
7581.66 -1.1981
7582.03 -1.19721
7582.4 -1.19632
7582.76 -1.19543
7583.13 -1.19454
7583.5 -1.19365
7583.86 -1.19277
7584.23 -1.19188
7584.59 -1.191
7584.96 -1.19011
7585.33 -1.18923
7585.69 -1.18835
7586.06 -1.18746
7586.43 -1.18658
7586.79 -1.1857
7587.16 -1.18482
7587.52 -1.18395
7587.89 -1.18307
7588.26 -1.18219
7588.62 -1.18132
7588.99 -1.18044
7589.35 -1.17957
7589.72 -1.17869
7590.09 -1.17782
7590.45 -1.17695
7590.82 -1.17608
7591.19 -1.17521
7591.55 -1.17434
7591.92 -1.17347
7592.28 -1.1726
7592.65 -1.17174
7593.02 -1.17087
7593.38 -1.17001
7593.75 -1.16914
7594.12 -1.16828
7594.48 -1.16742
7594.85 -1.16655
7595.21 -1.16569
7595.58 -1.16483
7595.95 -1.16397
7596.31 -1.16312
7596.68 -1.16226
7597.05 -1.1614
7597.41 -1.16055
7597.78 -1.15969
7598.14 -1.15884
7598.51 -1.15798
7598.88 -1.15713
7599.24 -1.15628
7599.61 -1.15543
7599.98 -1.15458
7600.34 -1.15373
7600.71 -1.15288
7601.07 -1.15203
7601.44 -1.15119
7601.81 -1.15034
7602.17 -1.1495
7602.54 -1.14865
7602.9 -1.14781
7603.27 -1.14697
7603.64 -1.14612
7604 -1.14528
7604.37 -1.14444
7604.74 -1.1436
7605.1 -1.14276
7605.47 -1.14193
7605.83 -1.14109
7606.2 -1.14025
7606.57 -1.13942
7606.93 -1.13858
7607.3 -1.13775
7607.67 -1.13692
7608.03 -1.13609
7608.4 -1.13525
7608.76 -1.13442
7609.13 -1.13359
7609.5 -1.13277
7609.86 -1.13194
7610.23 -1.13111
7610.6 -1.13029
7610.96 -1.12946
7611.33 -1.12864
7611.69 -1.12781
7612.06 -1.12699
7612.43 -1.12617
7612.79 -1.12534
7613.16 -1.12452
7613.52 -1.1237
7613.89 -1.12289
7614.26 -1.12207
7614.62 -1.12125
7614.99 -1.12043
7615.36 -1.11962
7615.72 -1.1188
7616.09 -1.11799
7616.45 -1.11718
7616.82 -1.11636
7617.19 -1.11555
7617.55 -1.11474
7617.92 -1.11393
7618.29 -1.11312
7618.65 -1.11231
7619.02 -1.11151
7619.38 -1.1107
7619.75 -1.10989
7620.12 -1.10909
7620.48 -1.10828
7620.85 -1.10748
7621.22 -1.10668
7621.58 -1.10588
7621.95 -1.10507
7622.31 -1.10427
7622.68 -1.10347
7623.05 -1.10268
7623.41 -1.10188
7623.78 -1.10108
7624.15 -1.10028
7624.51 -1.09949
7624.88 -1.09869
7625.24 -1.0979
7625.61 -1.09711
7625.98 -1.09631
7626.34 -1.09552
7626.71 -1.09473
7627.07 -1.09394
7627.44 -1.09315
7627.81 -1.09236
7628.17 -1.09158
7628.54 -1.09079
7628.91 -1.09
7629.27 -1.08922
7629.64 -1.08843
7630 -1.08765
7630.37 -1.08687
7630.74 -1.08609
7631.1 -1.0853
7631.47 -1.08452
7631.84 -1.08374
7632.2 -1.08297
7632.57 -1.08219
7632.93 -1.08141
7633.3 -1.08063
7633.67 -1.07986
7634.03 -1.07908
7634.4 -1.07831
7634.77 -1.07753
7635.13 -1.07676
7635.5 -1.07599
7635.86 -1.07522
7636.23 -1.07445
7636.6 -1.07368
7636.96 -1.07291
7637.33 -1.07214
7637.69 -1.07138
7638.06 -1.07061
7638.43 -1.06984
7638.79 -1.06908
7639.16 -1.06831
7639.53 -1.06755
7639.89 -1.06679
7640.26 -1.06603
7640.62 -1.06527
7640.99 -1.06451
7641.36 -1.06375
7641.72 -1.06299
7642.09 -1.06223
7642.46 -1.06147
7642.82 -1.06072
7643.19 -1.05996
7643.55 -1.05921
7643.92 -1.05845
7644.29 -1.0577
7644.65 -1.05695
7645.02 -1.0562
7645.39 -1.05544
7645.75 -1.05469
7646.12 -1.05394
7646.48 -1.0532
7646.85 -1.05245
7647.22 -1.0517
7647.58 -1.05096
7647.95 -1.05021
7648.31 -1.04946
7648.68 -1.04872
7649.05 -1.04798
7649.41 -1.04723
7649.78 -1.04649
7650.15 -1.04575
7650.51 -1.04501
7650.88 -1.04427
7651.24 -1.04353
7651.61 -1.0428
7651.98 -1.04206
7652.34 -1.04132
7652.71 -1.04059
7653.08 -1.03985
7653.44 -1.03912
7653.81 -1.03838
7654.17 -1.03765
7654.54 -1.03692
7654.91 -1.03619
7655.27 -1.03546
7655.64 -1.03473
7656.01 -1.034
7656.37 -1.03327
7656.74 -1.03254
7657.1 -1.03182
7657.47 -1.03109
7657.84 -1.03037
7658.2 -1.02964
7658.57 -1.02892
7658.94 -1.0282
7659.3 -1.02747
7659.67 -1.02675
7660.03 -1.02603
7660.4 -1.02531
7660.77 -1.02459
7661.13 -1.02387
7661.5 -1.02316
7661.86 -1.02244
7662.23 -1.02172
7662.6 -1.02101
7662.96 -1.02029
7663.33 -1.01958
7663.7 -1.01887
7664.06 -1.01815
7664.43 -1.01744
7664.79 -1.01673
7665.16 -1.01602
7665.53 -1.01531
7665.89 -1.0146
7666.26 -1.0139
7666.63 -1.01319
7666.99 -1.01248
7667.36 -1.01178
7667.72 -1.01107
7668.09 -1.01037
7668.46 -1.00966
7668.82 -1.00896
7669.19 -1.00826
7669.56 -1.00756
7669.92 -1.00686
7670.29 -1.00616
7670.65 -1.00546
7671.02 -1.00476
7671.39 -1.00406
7671.75 -1.00336
7672.12 -1.00267
7672.48 -1.00197
7672.85 -1.00128
7673.22 -1.00058
7673.58 -0.999889
7673.95 -0.999197
7674.32 -0.998505
7674.68 -0.997814
7675.05 -0.997123
7675.41 -0.996433
7675.78 -0.995744
7676.15 -0.995056
7676.51 -0.994368
7676.88 -0.993681
7677.25 -0.992995
7677.61 -0.99231
7677.98 -0.991625
7678.34 -0.990941
7678.71 -0.990258
7679.08 -0.989575
7679.44 -0.988893
7679.81 -0.988212
7680.18 -0.987532
7680.54 -0.986852
7680.91 -0.986173
7681.27 -0.985494
7681.64 -0.984817
7682.01 -0.98414
7682.37 -0.983464
7682.74 -0.982788
7683.1 -0.982114
7683.47 -0.98144
7683.84 -0.980766
7684.2 -0.980094
7684.57 -0.979422
7684.94 -0.978751
7685.3 -0.97808
7685.67 -0.97741
7686.03 -0.976741
7686.4 -0.976073
7686.77 -0.975405
7687.13 -0.974738
7687.5 -0.974072
7687.87 -0.973406
7688.23 -0.972741
7688.6 -0.972077
7688.96 -0.971413
7689.33 -0.970751
7689.7 -0.970088
7690.06 -0.969427
7690.43 -0.968766
7690.8 -0.968106
7691.16 -0.967447
7691.53 -0.966788
7691.89 -0.96613
7692.26 -0.965473
7692.63 -0.964817
7692.99 -0.964161
7693.36 -0.963506
7693.73 -0.962851
7694.09 -0.962197
7694.46 -0.961544
7694.82 -0.960892
7695.19 -0.96024
7695.56 -0.959589
7695.92 -0.958939
7696.29 -0.958289
7696.65 -0.95764
7697.02 -0.956992
7697.39 -0.956344
7697.75 -0.955698
7698.12 -0.955051
7698.49 -0.954406
7698.85 -0.953761
7699.22 -0.953117
7699.58 -0.952473
7699.95 -0.951831
7700.32 -0.951189
7700.68 -0.950547
7701.05 -0.949906
7701.42 -0.949266
7701.78 -0.948627
7702.15 -0.947988
7702.51 -0.94735
7702.88 -0.946713
7703.25 -0.946076
7703.61 -0.94544
7703.98 -0.944804
7704.35 -0.94417
7704.71 -0.943536
7705.08 -0.942902
7705.44 -0.94227
7705.81 -0.941638
7706.18 -0.941006
7706.54 -0.940376
7706.91 -0.939746
7707.27 -0.939116
7707.64 -0.938488
7708.01 -0.93786
7708.37 -0.937233
7708.74 -0.936606
7709.11 -0.93598
7709.47 -0.935355
7709.84 -0.93473
7710.2 -0.934106
7710.57 -0.933483
7710.94 -0.93286
7711.3 -0.932238
7711.67 -0.931617
7712.04 -0.930996
7712.4 -0.930376
7712.77 -0.929757
7713.13 -0.929138
7713.5 -0.92852
7713.87 -0.927903
7714.23 -0.927286
7714.6 -0.92667
7714.97 -0.926054
7715.33 -0.925439
7715.7 -0.924825
7716.06 -0.924212
7716.43 -0.923599
7716.8 -0.922987
7717.16 -0.922376
7717.53 -0.921765
7717.9 -0.921154
7718.26 -0.920545
7718.63 -0.919936
7718.99 -0.919328
7719.36 -0.91872
7719.73 -0.918113
7720.09 -0.917507
7720.46 -0.916901
7720.82 -0.916296
7721.19 -0.915692
7721.56 -0.915088
7721.92 -0.914485
7722.29 -0.913883
7722.66 -0.913281
7723.02 -0.91268
7723.39 -0.912079
7723.75 -0.91148
7724.12 -0.91088
7724.49 -0.910282
7724.85 -0.909684
7725.22 -0.909086
7725.59 -0.90849
7725.95 -0.907894
7726.32 -0.907298
7726.68 -0.906704
7727.05 -0.90611
7727.42 -0.905516
7727.78 -0.904923
7728.15 -0.904331
7728.52 -0.903739
7728.88 -0.903149
7729.25 -0.902558
7729.61 -0.901969
7729.98 -0.901379
7730.35 -0.900791
7730.71 -0.900203
7731.08 -0.899616
7731.44 -0.899029
7731.81 -0.898444
7732.18 -0.897858
7732.54 -0.897274
7732.91 -0.89669
7733.28 -0.896106
7733.64 -0.895523
7734.01 -0.894941
7734.37 -0.89436
7734.74 -0.893779
7735.11 -0.893199
7735.47 -0.892619
7735.84 -0.89204
7736.21 -0.891461
7736.57 -0.890884
7736.94 -0.890306
7737.3 -0.88973
7737.67 -0.889154
7738.04 -0.888578
7738.4 -0.888004
7738.77 -0.88743
7739.14 -0.886856
7739.5 -0.886283
7739.87 -0.885711
7740.23 -0.885139
7740.6 -0.884568
7740.97 -0.883998
7741.33 -0.883428
7741.7 -0.882859
7742.06 -0.88229
7742.43 -0.881722
7742.8 -0.881155
7743.16 -0.880588
7743.53 -0.880022
7743.9 -0.879456
7744.26 -0.878891
7744.63 -0.878327
7744.99 -0.877763
7745.36 -0.8772
7745.73 -0.876638
7746.09 -0.876076
7746.46 -0.875514
7746.83 -0.874954
7747.19 -0.874394
7747.56 -0.873834
7747.92 -0.873275
7748.29 -0.872717
7748.66 -0.872159
7749.02 -0.871602
7749.39 -0.871046
7749.76 -0.87049
7750.12 -0.869934
7750.49 -0.86938
7750.85 -0.868825
7751.22 -0.868272
7751.59 -0.867719
7751.95 -0.867167
7752.32 -0.866615
7752.69 -0.866064
7753.05 -0.865513
7753.42 -0.864963
7753.78 -0.864414
7754.15 -0.863865
7754.52 -0.863317
7754.88 -0.862769
7755.25 -0.862222
7755.61 -0.861676
7755.98 -0.86113
7756.35 -0.860585
7756.71 -0.86004
7757.08 -0.859496
7757.45 -0.858953
7757.81 -0.85841
7758.18 -0.857867
7758.54 -0.857326
7758.91 -0.856785
7759.28 -0.856244
7759.64 -0.855704
7760.01 -0.855165
7760.38 -0.854626
7760.74 -0.854087
7761.11 -0.85355
7761.47 -0.853013
7761.84 -0.852476
7762.21 -0.85194
7762.57 -0.851405
7762.94 -0.85087
7763.31 -0.850336
7763.67 -0.849802
7764.04 -0.849269
7764.4 -0.848737
7764.77 -0.848205
7765.14 -0.847674
7765.5 -0.847143
7765.87 -0.846613
7766.23 -0.846083
7766.6 -0.845554
7766.97 -0.845026
7767.33 -0.844498
7767.7 -0.84397
7768.07 -0.843443
7768.43 -0.842917
7768.8 -0.842392
7769.16 -0.841867
7769.53 -0.841342
7769.9 -0.840818
7770.26 -0.840295
7770.63 -0.839772
7771 -0.83925
7771.36 -0.838728
7771.73 -0.838207
7772.09 -0.837686
7772.46 -0.837166
7772.83 -0.836647
7773.19 -0.836128
7773.56 -0.83561
7773.93 -0.835092
7774.29 -0.834575
7774.66 -0.834058
7775.02 -0.833542
7775.39 -0.833026
7775.76 -0.832511
7776.12 -0.831997
7776.49 -0.831483
7776.85 -0.83097
7777.22 -0.830457
7777.59 -0.829945
7777.95 -0.829433
7778.32 -0.828922
7778.69 -0.828412
7779.05 -0.827902
7779.42 -0.827392
7779.78 -0.826883
7780.15 -0.826375
7780.52 -0.825867
7780.88 -0.82536
7781.25 -0.824853
7781.62 -0.824347
7781.98 -0.823841
7782.35 -0.823336
7782.71 -0.822832
7783.08 -0.822328
7783.45 -0.821824
7783.81 -0.821322
7784.18 -0.820819
7784.55 -0.820318
7784.91 -0.819816
7785.28 -0.819315
7785.64 -0.818815
7786.01 -0.818316
7786.38 -0.817817
7786.74 -0.817318
7787.11 -0.81682
7787.48 -0.816323
7787.84 -0.815825
7788.21 -0.815329
7788.57 -0.814833
7788.94 -0.814338
7789.31 -0.813843
7789.67 -0.813349
7790.04 -0.812855
7790.4 -0.812362
7790.77 -0.811869
7791.14 -0.811377
7791.5 -0.810886
7791.87 -0.810395
7792.24 -0.809904
7792.6 -0.809414
7792.97 -0.808924
7793.33 -0.808436
7793.7 -0.807947
7794.07 -0.807459
7794.43 -0.806972
7794.8 -0.806485
7795.17 -0.805999
7795.53 -0.805513
7795.9 -0.805028
7796.26 -0.804543
7796.63 -0.804059
7797 -0.803575
7797.36 -0.803092
7797.73 -0.802609
7798.1 -0.802127
7798.46 -0.801645
7798.83 -0.801165
7799.19 -0.800684
7799.56 -0.800204
7799.93 -0.799724
7800.29 -0.799245
7800.66 -0.798767
7801.02 -0.798289
7801.39 -0.797811
7801.76 -0.797334
7802.12 -0.796858
7802.49 -0.796382
7802.86 -0.795907
7803.22 -0.795432
7803.59 -0.794957
7803.95 -0.794484
7804.32 -0.79401
7804.69 -0.793538
7805.05 -0.793065
7805.42 -0.792593
7805.79 -0.792122
7806.15 -0.791651
7806.52 -0.791181
7806.88 -0.790711
7807.25 -0.790242
7807.62 -0.789773
7807.98 -0.789305
7808.35 -0.788837
7808.72 -0.78837
7809.08 -0.787903
7809.45 -0.787437
7809.81 -0.786971
7810.18 -0.786506
7810.55 -0.786042
7810.91 -0.785577
7811.28 -0.785114
7811.65 -0.78465
7812.01 -0.784188
7812.38 -0.783726
7812.74 -0.783264
7813.11 -0.782803
7813.48 -0.782342
7813.84 -0.781882
7814.21 -0.781422
7814.57 -0.780963
7814.94 -0.780504
7815.31 -0.780046
7815.67 -0.779588
7816.04 -0.779131
7816.41 -0.778674
7816.77 -0.778218
7817.14 -0.777762
7817.5 -0.777307
7817.87 -0.776852
7818.24 -0.776398
7818.6 -0.775944
7818.97 -0.775491
7819.34 -0.775038
7819.7 -0.774586
7820.07 -0.774134
7820.43 -0.773683
7820.8 -0.773232
7821.17 -0.772782
7821.53 -0.772332
7821.9 -0.771882
7822.27 -0.771434
7822.63 -0.770985
7823 -0.770537
7823.36 -0.77009
7823.73 -0.769643
7824.1 -0.769196
7824.46 -0.76875
7824.83 -0.768305
7825.19 -0.76786
7825.56 -0.767415
7825.93 -0.766971
7826.29 -0.766528
7826.66 -0.766085
7827.03 -0.765642
7827.39 -0.7652
7827.76 -0.764758
7828.12 -0.764317
7828.49 -0.763876
7828.86 -0.763436
7829.22 -0.762996
7829.59 -0.762557
7829.96 -0.762118
7830.32 -0.76168
7830.69 -0.761242
7831.05 -0.760805
7831.42 -0.760368
7831.79 -0.759932
7832.15 -0.759496
7832.52 -0.75906
7832.89 -0.758625
7833.25 -0.758191
7833.62 -0.757757
7833.98 -0.757323
7834.35 -0.75689
7834.72 -0.756457
7835.08 -0.756025
7835.45 -0.755593
7835.81 -0.755162
7836.18 -0.754731
7836.55 -0.754301
7836.91 -0.753871
7837.28 -0.753442
7837.65 -0.753013
7838.01 -0.752584
7838.38 -0.752156
7838.74 -0.751729
7839.11 -0.751302
7839.48 -0.750875
7839.84 -0.750449
7840.21 -0.750023
7840.58 -0.749598
7840.94 -0.749173
7841.31 -0.748749
7841.67 -0.748325
7842.04 -0.747902
7842.41 -0.747479
7842.77 -0.747057
7843.14 -0.746635
7843.51 -0.746213
7843.87 -0.745792
7844.24 -0.745371
7844.6 -0.744951
7844.97 -0.744531
7845.34 -0.744112
7845.7 -0.743693
7846.07 -0.743275
7846.44 -0.742857
7846.8 -0.74244
7847.17 -0.742023
7847.53 -0.741606
7847.9 -0.74119
7848.27 -0.740774
7848.63 -0.740359
7849 -0.739944
7849.36 -0.73953
7849.73 -0.739116
7850.1 -0.738703
7850.46 -0.73829
7850.83 -0.737877
7851.2 -0.737465
7851.56 -0.737054
7851.93 -0.736642
7852.29 -0.736232
7852.66 -0.735821
7853.03 -0.735412
7853.39 -0.735002
7853.76 -0.734593
7854.13 -0.734185
7854.49 -0.733777
7854.86 -0.733369
7855.22 -0.732962
7855.59 -0.732555
7855.96 -0.732149
7856.32 -0.731743
7856.69 -0.731338
7857.06 -0.730933
7857.42 -0.730528
7857.79 -0.730124
7858.15 -0.72972
7858.52 -0.729317
7858.89 -0.728914
7859.25 -0.728512
7859.62 -0.72811
7859.98 -0.727709
7860.35 -0.727307
7860.72 -0.726907
7861.08 -0.726507
7861.45 -0.726107
7861.82 -0.725708
7862.18 -0.725309
7862.55 -0.72491
7862.91 -0.724512
7863.28 -0.724115
7863.65 -0.723718
7864.01 -0.723321
7864.38 -0.722924
7864.75 -0.722529
7865.11 -0.722133
7865.48 -0.721738
7865.84 -0.721344
7866.21 -0.72095
7866.58 -0.720556
7866.94 -0.720163
7867.31 -0.71977
7867.68 -0.719377
7868.04 -0.718985
7868.41 -0.718593
7868.77 -0.718202
7869.14 -0.717812
7869.51 -0.717421
7869.87 -0.717031
7870.24 -0.716642
7870.6 -0.716253
7870.97 -0.715864
7871.34 -0.715476
7871.7 -0.715088
7872.07 -0.714701
7872.44 -0.714314
7872.8 -0.713927
7873.17 -0.713541
7873.53 -0.713156
7873.9 -0.71277
7874.27 -0.712385
7874.63 -0.712001
7875 -0.711617
7875.37 -0.711233
7875.73 -0.71085
7876.1 -0.710467
7876.46 -0.710085
7876.83 -0.709703
7877.2 -0.709321
7877.56 -0.70894
7877.93 -0.70856
7878.3 -0.708179
7878.66 -0.707799
7879.03 -0.70742
7879.39 -0.707041
7879.76 -0.706662
7880.13 -0.706284
7880.49 -0.705906
7880.86 -0.705529
7881.23 -0.705152
7881.59 -0.704775
7881.96 -0.704399
7882.32 -0.704023
7882.69 -0.703647
7883.06 -0.703273
7883.42 -0.702898
7883.79 -0.702524
7884.15 -0.70215
7884.52 -0.701777
7884.89 -0.701404
7885.25 -0.701031
7885.62 -0.700659
7885.99 -0.700287
7886.35 -0.699916
7886.72 -0.699545
7887.08 -0.699174
7887.45 -0.698804
7887.82 -0.698434
7888.18 -0.698065
7888.55 -0.697696
7888.92 -0.697328
7889.28 -0.69696
7889.65 -0.696592
7890.01 -0.696224
7890.38 -0.695858
7890.75 -0.695491
7891.11 -0.695125
7891.48 -0.694759
7891.85 -0.694394
7892.21 -0.694029
7892.58 -0.693664
7892.94 -0.6933
7893.31 -0.692936
7893.68 -0.692573
7894.04 -0.69221
7894.41 -0.691847
7894.77 -0.691485
7895.14 -0.691123
7895.51 -0.690762
7895.87 -0.690401
7896.24 -0.69004
7896.61 -0.68968
7896.97 -0.68932
7897.34 -0.68896
7897.7 -0.688601
7898.07 -0.688243
7898.44 -0.687884
7898.8 -0.687526
7899.17 -0.687169
7899.54 -0.686812
7899.9 -0.686455
7900.27 -0.686099
7900.63 -0.685743
7901 -0.685387
7901.37 -0.685032
7901.73 -0.684677
7902.1 -0.684323
7902.47 -0.683969
7902.83 -0.683615
7903.2 -0.683262
7903.56 -0.682909
7903.93 -0.682556
7904.3 -0.682204
7904.66 -0.681852
7905.03 -0.681501
7905.4 -0.68115
7905.76 -0.680799
7906.13 -0.680449
7906.49 -0.680099
7906.86 -0.67975
7907.23 -0.679401
7907.59 -0.679052
7907.96 -0.678704
7908.32 -0.678356
7908.69 -0.678008
7909.06 -0.677661
7909.42 -0.677314
7909.79 -0.676968
7910.16 -0.676621
7910.52 -0.676276
7910.89 -0.67593
7911.25 -0.675585
7911.62 -0.675241
7911.99 -0.674897
7912.35 -0.674553
7912.72 -0.674209
7913.09 -0.673866
7913.45 -0.673523
7913.82 -0.673181
7914.18 -0.672839
7914.55 -0.672497
7914.92 -0.672156
7915.28 -0.671815
7915.65 -0.671475
7916.02 -0.671135
7916.38 -0.670795
7916.75 -0.670455
7917.11 -0.670116
7917.48 -0.669778
7917.85 -0.669439
7918.21 -0.669101
7918.58 -0.668764
7918.94 -0.668427
7919.31 -0.66809
7919.68 -0.667753
7920.04 -0.667417
7920.41 -0.667081
7920.78 -0.666746
7921.14 -0.666411
7921.51 -0.666076
7921.87 -0.665742
7922.24 -0.665408
7922.61 -0.665075
7922.97 -0.664742
7923.34 -0.664409
7923.71 -0.664076
7924.07 -0.663744
7924.44 -0.663412
7924.8 -0.663081
7925.17 -0.66275
7925.54 -0.662419
7925.9 -0.662089
7926.27 -0.661759
7926.64 -0.661429
7927 -0.6611
7927.37 -0.660771
7927.73 -0.660442
7928.1 -0.660114
7928.47 -0.659786
7928.83 -0.659459
7929.2 -0.659132
7929.56 -0.658805
7929.93 -0.658479
7930.3 -0.658153
7930.66 -0.657827
7931.03 -0.657501
7931.4 -0.657176
7931.76 -0.656852
7932.13 -0.656528
7932.49 -0.656204
7932.86 -0.65588
7933.23 -0.655557
7933.59 -0.655234
7933.96 -0.654911
7934.33 -0.654589
7934.69 -0.654267
7935.06 -0.653946
7935.42 -0.653625
7935.79 -0.653304
7936.16 -0.652983
7936.52 -0.652663
7936.89 -0.652343
7937.26 -0.652024
7937.62 -0.651705
7937.99 -0.651386
7938.35 -0.651068
7938.72 -0.65075
7939.09 -0.650432
7939.45 -0.650115
7939.82 -0.649798
7940.19 -0.649481
7940.55 -0.649165
7940.92 -0.648849
7941.28 -0.648533
7941.65 -0.648218
7942.02 -0.647903
7942.38 -0.647588
7942.75 -0.647274
7943.11 -0.64696
7943.48 -0.646646
7943.85 -0.646333
7944.21 -0.64602
7944.58 -0.645708
7944.95 -0.645396
7945.31 -0.645084
7945.68 -0.644772
7946.04 -0.644461
7946.41 -0.64415
7946.78 -0.64384
7947.14 -0.643529
7947.51 -0.643219
7947.88 -0.64291
7948.24 -0.642601
7948.61 -0.642292
7948.97 -0.641983
7949.34 -0.641675
7949.71 -0.641367
7950.07 -0.64106
7950.44 -0.640753
7950.81 -0.640446
7951.17 -0.640139
7951.54 -0.639833
7951.9 -0.639527
7952.27 -0.639222
7952.64 -0.638916
7953 -0.638612
7953.37 -0.638307
7953.73 -0.638003
7954.1 -0.637699
7954.47 -0.637395
7954.83 -0.637092
7955.2 -0.636789
7955.57 -0.636487
7955.93 -0.636185
7956.3 -0.635883
7956.66 -0.635581
7957.03 -0.63528
7957.4 -0.634979
7957.76 -0.634678
7958.13 -0.634378
7958.5 -0.634078
7958.86 -0.633778
7959.23 -0.633479
7959.59 -0.63318
7959.96 -0.632882
7960.33 -0.632583
7960.69 -0.632285
7961.06 -0.631988
7961.43 -0.63169
7961.79 -0.631393
7962.16 -0.631096
7962.52 -0.6308
7962.89 -0.630504
7963.26 -0.630208
7963.62 -0.629913
7963.99 -0.629618
7964.35 -0.629323
7964.72 -0.629028
7965.09 -0.628734
7965.45 -0.62844
7965.82 -0.628147
7966.19 -0.627854
7966.55 -0.627561
7966.92 -0.627268
7967.28 -0.626976
7967.65 -0.626684
7968.02 -0.626393
7968.38 -0.626101
7968.75 -0.625811
7969.12 -0.62552
7969.48 -0.625229
7969.85 -0.624939
7970.21 -0.62465
7970.58 -0.62436
7970.95 -0.624071
7971.31 -0.623783
7971.68 -0.623494
7972.05 -0.623206
7972.41 -0.622918
7972.78 -0.622631
7973.14 -0.622343
7973.51 -0.622056
7973.88 -0.62177
7974.24 -0.621484
7974.61 -0.621198
7974.98 -0.620912
7975.34 -0.620627
7975.71 -0.620342
7976.07 -0.620057
7976.44 -0.619772
7976.81 -0.619488
7977.17 -0.619205
7977.54 -0.618921
7977.9 -0.618638
7978.27 -0.618355
7978.64 -0.618073
7979 -0.61779
7979.37 -0.617508
7979.74 -0.617227
7980.1 -0.616945
7980.47 -0.616664
7980.83 -0.616384
7981.2 -0.616103
7981.57 -0.615823
7981.93 -0.615543
7982.3 -0.615264
7982.67 -0.614985
7983.03 -0.614706
7983.4 -0.614427
7983.76 -0.614149
7984.13 -0.613871
7984.5 -0.613593
7984.86 -0.613316
7985.23 -0.613039
7985.6 -0.612762
7985.96 -0.612485
7986.33 -0.612209
7986.69 -0.611933
7987.06 -0.611658
7987.43 -0.611382
7987.79 -0.611107
7988.16 -0.610833
7988.52 -0.610558
7988.89 -0.610284
7989.26 -0.61001
7989.62 -0.609737
7989.99 -0.609464
7990.36 -0.609191
7990.72 -0.608918
7991.09 -0.608646
7991.45 -0.608374
7991.82 -0.608102
7992.19 -0.607831
7992.55 -0.60756
7992.92 -0.607289
7993.29 -0.607018
7993.65 -0.606748
7994.02 -0.606478
7994.38 -0.606209
7994.75 -0.605939
7995.12 -0.60567
7995.48 -0.605401
7995.85 -0.605133
7996.22 -0.604865
7996.58 -0.604597
7996.95 -0.604329
7997.31 -0.604062
7997.68 -0.603795
7998.05 -0.603528
7998.41 -0.603262
7998.78 -0.602995
7999.15 -0.602729
7999.51 -0.602464
7999.88 -0.602199
8000.24 -0.601934
8000.61 -0.601669
8000.98 -0.601405
8001.34 -0.60114
8001.71 -0.600877
8002.07 -0.600613
8002.44 -0.60035
8002.81 -0.600087
8003.17 -0.599824
8003.54 -0.599562
8003.91 -0.599299
8004.27 -0.599038
8004.64 -0.598776
8005 -0.598515
8005.37 -0.598254
8005.74 -0.597993
8006.1 -0.597733
8006.47 -0.597473
8006.84 -0.597213
8007.2 -0.596953
8007.57 -0.596694
8007.93 -0.596435
8008.3 -0.596176
8008.67 -0.595918
8009.03 -0.595659
8009.4 -0.595402
8009.77 -0.595144
8010.13 -0.594887
8010.5 -0.59463
8010.86 -0.594373
8011.23 -0.594116
8011.6 -0.59386
8011.96 -0.593604
8012.33 -0.593349
8012.69 -0.593093
8013.06 -0.592838
8013.43 -0.592583
8013.79 -0.592329
8014.16 -0.592075
8014.53 -0.591821
8014.89 -0.591567
8015.26 -0.591313
8015.62 -0.59106
8015.99 -0.590807
8016.36 -0.590555
8016.72 -0.590303
8017.09 -0.590051
8017.46 -0.589799
8017.82 -0.589547
8018.19 -0.589296
8018.55 -0.589045
8018.92 -0.588794
8019.29 -0.588544
8019.65 -0.588294
8020.02 -0.588044
8020.39 -0.587794
8020.75 -0.587545
8021.12 -0.587296
8021.48 -0.587047
8021.85 -0.586799
8022.22 -0.586551
8022.58 -0.586303
8022.95 -0.586055
8023.31 -0.585808
8023.68 -0.58556
8024.05 -0.585313
8024.41 -0.585067
8024.78 -0.584821
8025.15 -0.584574
8025.51 -0.584329
8025.88 -0.584083
8026.24 -0.583838
8026.61 -0.583593
8026.98 -0.583348
8027.34 -0.583104
8027.71 -0.58286
8028.08 -0.582616
8028.44 -0.582372
8028.81 -0.582129
8029.17 -0.581885
8029.54 -0.581643
8029.91 -0.5814
8030.27 -0.581158
8030.64 -0.580916
8031.01 -0.580674
8031.37 -0.580432
8031.74 -0.580191
8032.1 -0.57995
8032.47 -0.579709
8032.84 -0.579469
8033.2 -0.579228
8033.57 -0.578988
8033.94 -0.578749
8034.3 -0.578509
8034.67 -0.57827
8035.03 -0.578031
8035.4 -0.577793
8035.77 -0.577554
8036.13 -0.577316
8036.5 -0.577078
8036.86 -0.576841
8037.23 -0.576603
8037.6 -0.576366
8037.96 -0.576129
8038.33 -0.575893
8038.7 -0.575657
8039.06 -0.57542
8039.43 -0.575185
8039.79 -0.574949
8040.16 -0.574714
8040.53 -0.574479
8040.89 -0.574244
8041.26 -0.57401
8041.63 -0.573775
8041.99 -0.573541
8042.36 -0.573308
8042.72 -0.573074
8043.09 -0.572841
8043.46 -0.572608
8043.82 -0.572375
8044.19 -0.572143
8044.56 -0.571911
8044.92 -0.571679
8045.29 -0.571447
8045.65 -0.571216
8046.02 -0.570984
8046.39 -0.570753
8046.75 -0.570523
8047.12 -0.570292
8047.48 -0.570062
8047.85 -0.569832
8048.22 -0.569603
8048.58 -0.569373
8048.95 -0.569144
8049.32 -0.568915
8049.68 -0.568686
8050.05 -0.568458
8050.41 -0.56823
8050.78 -0.568002
8051.15 -0.567774
8051.51 -0.567547
8051.88 -0.56732
8052.25 -0.567093
8052.61 -0.566866
8052.98 -0.56664
8053.34 -0.566414
8053.71 -0.566188
8054.08 -0.565962
8054.44 -0.565736
8054.81 -0.565511
8055.18 -0.565286
8055.54 -0.565062
8055.91 -0.564837
8056.27 -0.564613
8056.64 -0.564389
8057.01 -0.564165
8057.37 -0.563942
8057.74 -0.563719
8058.1 -0.563496
8058.47 -0.563273
8058.84 -0.563051
8059.2 -0.562828
8059.57 -0.562607
8059.94 -0.562385
8060.3 -0.562163
8060.67 -0.561942
8061.03 -0.561721
8061.4 -0.5615
8061.77 -0.56128
8062.13 -0.561059
8062.5 -0.560839
8062.87 -0.56062
8063.23 -0.5604
8063.6 -0.560181
8063.96 -0.559962
8064.33 -0.559743
8064.7 -0.559524
8065.06 -0.559306
8065.43 -0.559088
8065.8 -0.55887
8066.16 -0.558652
8066.53 -0.558435
8066.89 -0.558218
8067.26 -0.558001
8067.63 -0.557784
8067.99 -0.557568
8068.36 -0.557352
8068.73 -0.557136
8069.09 -0.55692
8069.46 -0.556704
8069.82 -0.556489
8070.19 -0.556274
8070.56 -0.556059
8070.92 -0.555845
8071.29 -0.555631
8071.65 -0.555416
8072.02 -0.555203
8072.39 -0.554989
8072.75 -0.554776
8073.12 -0.554563
8073.49 -0.55435
8073.85 -0.554137
8074.22 -0.553925
8074.58 -0.553712
8074.95 -0.553501
8075.32 -0.553289
8075.68 -0.553077
8076.05 -0.552866
8076.42 -0.552655
8076.78 -0.552444
8077.15 -0.552234
8077.51 -0.552024
8077.88 -0.551813
8078.25 -0.551604
8078.61 -0.551394
8078.98 -0.551185
8079.35 -0.550976
8079.71 -0.550767
8080.08 -0.550558
8080.44 -0.55035
8080.81 -0.550141
8081.18 -0.549933
8081.54 -0.549726
8081.91 -0.549518
8082.27 -0.549311
8082.64 -0.549103
8083.01 -0.548897
8083.37 -0.54869
8083.74 -0.548484
8084.11 -0.548278
8084.47 -0.548072
8084.84 -0.547866
8085.2 -0.54766
8085.57 -0.547455
8085.94 -0.54725
8086.3 -0.547045
8086.67 -0.546841
8087.04 -0.546637
8087.4 -0.546432
8087.77 -0.546228
8088.13 -0.546025
8088.5 -0.545821
8088.87 -0.545618
8089.23 -0.545415
8089.6 -0.545212
8089.97 -0.54501
8090.33 -0.544808
8090.7 -0.544606
8091.06 -0.544404
8091.43 -0.544202
8091.8 -0.544001
8092.16 -0.543799
8092.53 -0.543598
8092.9 -0.543398
8093.26 -0.543197
8093.63 -0.542997
8093.99 -0.542797
8094.36 -0.542597
8094.73 -0.542397
8095.09 -0.542198
8095.46 -0.541999
8095.82 -0.5418
8096.19 -0.541601
8096.56 -0.541402
8096.92 -0.541204
8097.29 -0.541006
8097.66 -0.540808
8098.02 -0.540611
8098.39 -0.540413
8098.75 -0.540216
8099.12 -0.540019
8099.49 -0.539822
8099.85 -0.539626
8100.22 -0.539429
8100.59 -0.539233
8100.95 -0.539037
8101.32 -0.538842
8101.68 -0.538646
8102.05 -0.538451
8102.42 -0.538256
8102.78 -0.538061
8103.15 -0.537867
8103.52 -0.537672
8103.88 -0.537478
8104.25 -0.537284
8104.61 -0.53709
8104.98 -0.536897
8105.35 -0.536704
8105.71 -0.53651
8106.08 -0.536318
8106.44 -0.536125
8106.81 -0.535933
8107.18 -0.53574
8107.54 -0.535548
8107.91 -0.535357
8108.28 -0.535165
8108.64 -0.534974
8109.01 -0.534783
8109.37 -0.534592
8109.74 -0.534401
8110.11 -0.534211
8110.47 -0.53402
8110.84 -0.53383
8111.21 -0.53364
8111.57 -0.533451
8111.94 -0.533261
8112.3 -0.533072
8112.67 -0.532883
8113.04 -0.532694
8113.4 -0.532505
8113.77 -0.532317
8114.14 -0.532129
8114.5 -0.531941
8114.87 -0.531753
8115.23 -0.531566
8115.6 -0.531378
8115.97 -0.531191
8116.33 -0.531004
8116.7 -0.530818
8117.06 -0.530631
8117.43 -0.530445
8117.8 -0.530259
8118.16 -0.530073
8118.53 -0.529887
8118.9 -0.529702
8119.26 -0.529517
8119.63 -0.529332
8119.99 -0.529147
8120.36 -0.528962
8120.73 -0.528778
8121.09 -0.528593
8121.46 -0.528409
8121.83 -0.528226
8122.19 -0.528042
8122.56 -0.527859
8122.92 -0.527676
8123.29 -0.527493
8123.66 -0.52731
8124.02 -0.527127
8124.39 -0.526945
8124.76 -0.526763
8125.12 -0.526581
8125.49 -0.526399
8125.85 -0.526218
8126.22 -0.526036
8126.59 -0.525855
8126.95 -0.525674
8127.32 -0.525494
8127.69 -0.525313
8128.05 -0.525133
8128.42 -0.524953
8128.78 -0.524773
8129.15 -0.524593
8129.52 -0.524414
8129.88 -0.524234
8130.25 -0.524055
8130.61 -0.523876
8130.98 -0.523697
8131.35 -0.523519
8131.71 -0.523341
8132.08 -0.523163
8132.45 -0.522985
8132.81 -0.522807
8133.18 -0.52263
8133.54 -0.522452
8133.91 -0.522275
8134.28 -0.522098
8134.64 -0.521922
8135.01 -0.521745
8135.38 -0.521569
8135.74 -0.521393
8136.11 -0.521217
8136.47 -0.521041
8136.84 -0.520866
8137.21 -0.520691
8137.57 -0.520515
8137.94 -0.52034
8138.31 -0.520166
8138.67 -0.519991
8139.04 -0.519817
8139.4 -0.519643
8139.77 -0.519469
8140.14 -0.519295
8140.5 -0.519122
8140.87 -0.518948
8141.23 -0.518775
8141.6 -0.518602
8141.97 -0.51843
8142.33 -0.518257
8142.7 -0.518085
8143.07 -0.517913
8143.43 -0.517741
8143.8 -0.517569
8144.16 -0.517397
8144.53 -0.517226
8144.9 -0.517055
8145.26 -0.516884
8145.63 -0.516713
8146 -0.516543
8146.36 -0.516372
8146.73 -0.516202
8147.09 -0.516032
8147.46 -0.515862
8147.83 -0.515693
8148.19 -0.515523
8148.56 -0.515354
8148.93 -0.515185
8149.29 -0.515016
8149.66 -0.514847
8150.02 -0.514679
8150.39 -0.514511
8150.76 -0.514343
8151.12 -0.514175
8151.49 -0.514007
8151.85 -0.51384
8152.22 -0.513672
8152.59 -0.513505
8152.95 -0.513338
8153.32 -0.513171
8153.69 -0.513005
8154.05 -0.512839
8154.42 -0.512672
8154.78 -0.512506
8155.15 -0.512341
8155.52 -0.512175
8155.88 -0.51201
8156.25 -0.511844
8156.62 -0.511679
8156.98 -0.511515
8157.35 -0.51135
8157.71 -0.511185
8158.08 -0.511021
8158.45 -0.510857
8158.81 -0.510693
8159.18 -0.51053
8159.55 -0.510366
8159.91 -0.510203
8160.28 -0.510039
8160.64 -0.509876
8161.01 -0.509714
8161.38 -0.509551
8161.74 -0.509389
8162.11 -0.509227
8162.48 -0.509064
8162.84 -0.508903
8163.21 -0.508741
8163.57 -0.508579
8163.94 -0.508418
8164.31 -0.508257
8164.67 -0.508096
8165.04 -0.507935
8165.4 -0.507775
8165.77 -0.507614
8166.14 -0.507454
8166.5 -0.507294
8166.87 -0.507134
8167.24 -0.506975
8167.6 -0.506815
8167.97 -0.506656
8168.33 -0.506497
8168.7 -0.506338
8169.07 -0.506179
8169.43 -0.506021
8169.8 -0.505863
8170.17 -0.505704
8170.53 -0.505546
8170.9 -0.505389
8171.26 -0.505231
8171.63 -0.505074
8172 -0.504916
8172.36 -0.504759
8172.73 -0.504602
8173.1 -0.504446
8173.46 -0.504289
8173.83 -0.504133
8174.19 -0.503977
8174.56 -0.503821
8174.93 -0.503665
8175.29 -0.503509
8175.66 -0.503354
8176.02 -0.503198
8176.39 -0.503043
8176.76 -0.502888
8177.12 -0.502734
8177.49 -0.502579
8177.86 -0.502425
8178.22 -0.502271
8178.59 -0.502117
8178.95 -0.501963
8179.32 -0.501809
8179.69 -0.501656
8180.05 -0.501502
8180.42 -0.501349
8180.79 -0.501196
8181.15 -0.501043
8181.52 -0.500891
8181.88 -0.500738
8182.25 -0.500586
8182.62 -0.500434
8182.98 -0.500282
8183.35 -0.500131
8183.72 -0.499979
8184.08 -0.499828
8184.45 -0.499677
8184.81 -0.499526
8185.18 -0.499375
8185.55 -0.499224
8185.91 -0.499074
8186.28 -0.498923
8186.65 -0.498773
8187.01 -0.498623
8187.38 -0.498473
8187.74 -0.498324
8188.11 -0.498175
8188.48 -0.498025
8188.84 -0.497876
8189.21 -0.497727
8189.57 -0.497579
8189.94 -0.49743
8190.31 -0.497282
8190.67 -0.497133
8191.04 -0.496985
8191.41 -0.496837
8191.77 -0.49669
8192.14 -0.496542
8192.5 -0.496395
8192.87 -0.496248
8193.24 -0.496101
8193.6 -0.495954
8193.97 -0.495808
8194.33 -0.495661
8194.7 -0.495515
8195.07 -0.495369
8195.43 -0.495223
8195.8 -0.495077
8196.17 -0.494931
8196.53 -0.494786
8196.9 -0.49464
8197.26 -0.494495
8197.63 -0.49435
8198 -0.494206
8198.36 -0.494061
8198.73 -0.493917
8199.1 -0.493772
8199.46 -0.493628
8199.83 -0.493484
8200.19 -0.493341
8200.56 -0.493197
8200.93 -0.493054
8201.29 -0.49291
8201.66 -0.492767
8202.03 -0.492624
8202.39 -0.492482
8202.76 -0.492339
8203.12 -0.492197
8203.49 -0.492054
8203.86 -0.491912
8204.22 -0.49177
8204.59 -0.491629
8204.96 -0.491487
8205.32 -0.491346
8205.69 -0.491205
8206.05 -0.491063
8206.42 -0.490923
8206.79 -0.490782
8207.15 -0.490641
8207.52 -0.490501
8207.88 -0.490361
8208.25 -0.490221
8208.62 -0.490081
8208.98 -0.489941
8209.35 -0.489801
8209.72 -0.489662
8210.08 -0.489523
8210.45 -0.489384
8210.81 -0.489245
8211.18 -0.489106
8211.55 -0.488968
8211.91 -0.488829
8212.28 -0.488691
8212.65 -0.488553
8213.01 -0.488415
8213.38 -0.488277
8213.74 -0.48814
8214.11 -0.488002
8214.48 -0.487865
8214.84 -0.487728
8215.21 -0.487591
8215.58 -0.487454
8215.94 -0.487318
8216.31 -0.487181
8216.67 -0.487045
8217.04 -0.486909
8217.41 -0.486773
8217.77 -0.486637
8218.14 -0.486501
8218.5 -0.486366
8218.87 -0.486231
8219.24 -0.486095
8219.6 -0.48596
8219.97 -0.485826
8220.34 -0.485691
8220.7 -0.485557
8221.07 -0.485422
8221.43 -0.485288
8221.8 -0.485154
8222.17 -0.48502
8222.53 -0.484886
8222.9 -0.484753
8223.27 -0.484619
8223.63 -0.484486
8224 -0.484353
8224.36 -0.48422
8224.73 -0.484088
8225.1 -0.483955
8225.46 -0.483823
8225.83 -0.48369
8226.2 -0.483558
8226.56 -0.483426
8226.93 -0.483295
8227.29 -0.483163
8227.66 -0.483032
8228.03 -0.4829
8228.39 -0.482769
8228.76 -0.482638
8229.13 -0.482507
8229.49 -0.482377
8229.86 -0.482246
8230.22 -0.482116
8230.59 -0.481986
8230.96 -0.481856
8231.32 -0.481726
8231.69 -0.481596
8232.05 -0.481466
8232.42 -0.481337
8232.79 -0.481208
8233.15 -0.481079
8233.52 -0.48095
8233.89 -0.480821
8234.25 -0.480692
8234.62 -0.480564
8234.98 -0.480436
8235.35 -0.480307
8235.72 -0.480179
8236.08 -0.480052
8236.45 -0.479924
8236.82 -0.479796
8237.18 -0.479669
8237.55 -0.479542
8237.91 -0.479415
8238.28 -0.479288
8238.65 -0.479161
8239.01 -0.479034
8239.38 -0.478908
8239.75 -0.478782
8240.11 -0.478656
8240.48 -0.47853
8240.84 -0.478404
8241.21 -0.478278
8241.58 -0.478153
8241.94 -0.478027
8242.31 -0.477902
8242.67 -0.477777
8243.04 -0.477652
8243.41 -0.477527
8243.77 -0.477403
8244.14 -0.477278
8244.51 -0.477154
8244.87 -0.47703
8245.24 -0.476906
8245.6 -0.476782
8245.97 -0.476658
8246.34 -0.476535
8246.7 -0.476411
8247.07 -0.476288
8247.44 -0.476165
8247.8 -0.476042
8248.17 -0.475919
8248.53 -0.475797
8248.9 -0.475674
8249.27 -0.475552
8249.63 -0.47543
8250 -0.475308
8250.37 -0.475186
8250.73 -0.475064
8251.1 -0.474943
8251.46 -0.474821
8251.83 -0.4747
8252.2 -0.474579
8252.56 -0.474458
8252.93 -0.474337
8253.29 -0.474216
8253.66 -0.474096
8254.03 -0.473975
8254.39 -0.473855
8254.76 -0.473735
8255.13 -0.473615
8255.49 -0.473495
8255.86 -0.473376
8256.22 -0.473256
8256.59 -0.473137
8256.96 -0.473018
8257.32 -0.472899
8257.69 -0.47278
8258.06 -0.472661
8258.42 -0.472542
8258.79 -0.472424
8259.15 -0.472306
8259.52 -0.472188
8259.89 -0.47207
8260.25 -0.471952
8260.62 -0.471834
8260.99 -0.471716
8261.35 -0.471599
8261.72 -0.471482
8262.08 -0.471365
8262.45 -0.471248
8262.82 -0.471131
8263.18 -0.471014
8263.55 -0.470898
8263.92 -0.470781
8264.28 -0.470665
8264.65 -0.470549
8265.01 -0.470433
8265.38 -0.470317
8265.75 -0.470201
8266.11 -0.470086
8266.48 -0.469971
8266.84 -0.469855
8267.21 -0.46974
8267.58 -0.469625
8267.94 -0.469511
8268.31 -0.469396
8268.68 -0.469281
8269.04 -0.469167
8269.41 -0.469053
8269.77 -0.468939
8270.14 -0.468825
8270.51 -0.468711
8270.87 -0.468597
8271.24 -0.468484
8271.61 -0.468371
8271.97 -0.468257
8272.34 -0.468144
8272.7 -0.468031
8273.07 -0.467919
8273.44 -0.467806
8273.8 -0.467694
8274.17 -0.467581
8274.54 -0.467469
8274.9 -0.467357
8275.27 -0.467245
8275.63 -0.467133
8276 -0.467022
8276.37 -0.46691
8276.73 -0.466799
8277.1 -0.466687
8277.46 -0.466576
8277.83 -0.466465
8278.2 -0.466355
8278.56 -0.466244
8278.93 -0.466134
8279.3 -0.466023
8279.66 -0.465913
8280.03 -0.465803
8280.39 -0.465693
8280.76 -0.465583
8281.13 -0.465473
8281.49 -0.465364
8281.86 -0.465255
8282.23 -0.465145
8282.59 -0.465036
8282.96 -0.464927
8283.32 -0.464818
8283.69 -0.46471
8284.06 -0.464601
8284.42 -0.464493
8284.79 -0.464385
8285.16 -0.464276
8285.52 -0.464168
8285.89 -0.464061
8286.25 -0.463953
8286.62 -0.463845
8286.99 -0.463738
8287.35 -0.463631
8287.72 -0.463524
8288.08 -0.463416
8288.45 -0.46331
8288.82 -0.463203
8289.18 -0.463096
8289.55 -0.46299
8289.92 -0.462883
8290.28 -0.462777
8290.65 -0.462671
8291.01 -0.462565
8291.38 -0.46246
8291.75 -0.462354
8292.11 -0.462249
8292.48 -0.462143
8292.85 -0.462038
8293.21 -0.461933
8293.58 -0.461828
8293.94 -0.461723
8294.31 -0.461618
8294.68 -0.461514
8295.04 -0.461409
8295.41 -0.461305
8295.78 -0.461201
8296.14 -0.461097
8296.51 -0.460993
8296.87 -0.460889
8297.24 -0.460786
8297.61 -0.460682
8297.97 -0.460579
8298.34 -0.460476
8298.71 -0.460373
8299.07 -0.46027
8299.44 -0.460167
8299.8 -0.460065
8300.17 -0.459962
8300.54 -0.45986
8300.9 -0.459757
8301.27 -0.459655
8301.63 -0.459553
8302 -0.459452
8302.37 -0.45935
8302.73 -0.459248
8303.1 -0.459147
8303.47 -0.459046
8303.83 -0.458944
8304.2 -0.458843
8304.56 -0.458742
8304.93 -0.458642
8305.3 -0.458541
8305.66 -0.458441
8306.03 -0.45834
8306.4 -0.45824
8306.76 -0.45814
8307.13 -0.45804
8307.49 -0.45794
8307.86 -0.45784
8308.23 -0.457741
8308.59 -0.457641
8308.96 -0.457542
8309.33 -0.457443
8309.69 -0.457344
8310.06 -0.457245
8310.42 -0.457146
8310.79 -0.457048
8311.16 -0.456949
8311.52 -0.456851
8311.89 -0.456753
8312.25 -0.456654
8312.62 -0.456556
8312.99 -0.456459
8313.35 -0.456361
8313.72 -0.456263
8314.09 -0.456166
8314.45 -0.456068
8314.82 -0.455971
8315.18 -0.455874
8315.55 -0.455777
8315.92 -0.45568
8316.28 -0.455584
8316.65 -0.455487
8317.02 -0.455391
8317.38 -0.455295
8317.75 -0.455198
8318.11 -0.455102
8318.48 -0.455006
8318.85 -0.454911
8319.21 -0.454815
8319.58 -0.45472
8319.95 -0.454624
8320.31 -0.454529
8320.68 -0.454434
8321.04 -0.454339
8321.41 -0.454244
8321.78 -0.454149
8322.14 -0.454055
8322.51 -0.45396
8322.88 -0.453866
8323.24 -0.453772
8323.61 -0.453677
8323.97 -0.453584
8324.34 -0.45349
8324.71 -0.453396
8325.07 -0.453302
8325.44 -0.453209
8325.8 -0.453116
8326.17 -0.453022
8326.54 -0.452929
8326.9 -0.452836
8327.27 -0.452744
8327.64 -0.452651
8328 -0.452558
8328.37 -0.452466
8328.73 -0.452374
8329.1 -0.452282
8329.47 -0.45219
8329.83 -0.452098
8330.2 -0.452006
8330.57 -0.451914
8330.93 -0.451823
8331.3 -0.451731
8331.66 -0.45164
8332.03 -0.451549
8332.4 -0.451458
8332.76 -0.451367
8333.13 -0.451276
8333.5 -0.451185
8333.86 -0.451095
8334.23 -0.451004
8334.59 -0.450914
8334.96 -0.450824
8335.33 -0.450734
8335.69 -0.450644
8336.06 -0.450554
8336.42 -0.450465
8336.79 -0.450375
8337.16 -0.450286
8337.52 -0.450196
8337.89 -0.450107
8338.26 -0.450018
8338.62 -0.449929
8338.99 -0.44984
8339.35 -0.449752
8339.72 -0.449663
8340.09 -0.449575
8340.45 -0.449487
8340.82 -0.449398
8341.19 -0.44931
8341.55 -0.449222
8341.92 -0.449135
8342.28 -0.449047
8342.65 -0.448959
8343.02 -0.448872
8343.38 -0.448785
8343.75 -0.448698
8344.12 -0.448611
8344.48 -0.448524
8344.85 -0.448437
8345.21 -0.44835
8345.58 -0.448264
8345.95 -0.448177
8346.31 -0.448091
8346.68 -0.448005
8347.04 -0.447919
8347.41 -0.447833
8347.78 -0.447747
8348.14 -0.447661
8348.51 -0.447575
8348.88 -0.44749
8349.24 -0.447405
8349.61 -0.44732
8349.97 -0.447234
8350.34 -0.447149
8350.71 -0.447065
8351.07 -0.44698
8351.44 -0.446895
8351.81 -0.446811
8352.17 -0.446726
8352.54 -0.446642
8352.9 -0.446558
8353.27 -0.446474
8353.64 -0.44639
8354 -0.446306
8354.37 -0.446223
8354.74 -0.446139
8355.1 -0.446056
8355.47 -0.445973
8355.83 -0.445889
8356.2 -0.445806
8356.57 -0.445723
8356.93 -0.445641
8357.3 -0.445558
8357.67 -0.445475
8358.03 -0.445393
8358.4 -0.445311
8358.76 -0.445228
8359.13 -0.445146
8359.5 -0.445064
8359.86 -0.444983
8360.23 -0.444901
8360.59 -0.444819
8360.96 -0.444738
8361.33 -0.444656
8361.69 -0.444575
8362.06 -0.444494
8362.43 -0.444413
8362.79 -0.444332
8363.16 -0.444251
8363.52 -0.444171
8363.89 -0.44409
8364.26 -0.44401
8364.62 -0.443929
8364.99 -0.443849
8365.36 -0.443769
8365.72 -0.443689
8366.09 -0.443609
8366.45 -0.44353
8366.82 -0.44345
8367.19 -0.443371
8367.55 -0.443291
8367.92 -0.443212
8368.29 -0.443133
8368.65 -0.443054
8369.02 -0.442975
8369.38 -0.442896
8369.75 -0.442818
8370.12 -0.442739
8370.48 -0.442661
8370.85 -0.442582
8371.21 -0.442504
8371.58 -0.442426
8371.95 -0.442348
8372.31 -0.44227
8372.68 -0.442193
8373.05 -0.442115
8373.41 -0.442037
8373.78 -0.44196
8374.14 -0.441883
8374.51 -0.441806
8374.88 -0.441729
8375.24 -0.441652
8375.61 -0.441575
8375.98 -0.441498
8376.34 -0.441422
8376.71 -0.441345
8377.07 -0.441269
8377.44 -0.441193
8377.81 -0.441117
8378.17 -0.441041
8378.54 -0.440965
8378.91 -0.440889
8379.27 -0.440813
8379.64 -0.440738
8380 -0.440663
8380.37 -0.440587
8380.74 -0.440512
8381.1 -0.440437
8381.47 -0.440362
8381.83 -0.440287
8382.2 -0.440212
8382.57 -0.440138
8382.93 -0.440063
8383.3 -0.439989
8383.67 -0.439915
8384.03 -0.439841
8384.4 -0.439767
8384.76 -0.439693
8385.13 -0.439619
8385.5 -0.439545
8385.86 -0.439472
8386.23 -0.439398
8386.6 -0.439325
8386.96 -0.439251
8387.33 -0.439178
8387.69 -0.439105
8388.06 -0.439032
8388.43 -0.43896
8388.79 -0.438887
8389.16 -0.438814
8389.53 -0.438742
8389.89 -0.43867
8390.26 -0.438597
8390.62 -0.438525
8390.99 -0.438453
8391.36 -0.438381
8391.72 -0.43831
8392.09 -0.438238
8392.46 -0.438166
8392.82 -0.438095
8393.19 -0.438024
8393.55 -0.437952
8393.92 -0.437881
8394.29 -0.43781
8394.65 -0.437739
8395.02 -0.437669
8395.38 -0.437598
8395.75 -0.437528
8396.12 -0.437457
8396.48 -0.437387
8396.85 -0.437316
8397.22 -0.437246
8397.58 -0.437176
8397.95 -0.437107
8398.31 -0.437037
8398.68 -0.436967
8399.05 -0.436898
8399.41 -0.436828
8399.78 -0.436759
8400.15 -0.43669
8400.51 -0.436621
8400.88 -0.436552
8401.24 -0.436483
8401.61 -0.436414
8401.98 -0.436345
8402.34 -0.436277
8402.71 -0.436208
8403.08 -0.43614
8403.44 -0.436072
8403.81 -0.436003
8404.17 -0.435936
8404.54 -0.435868
8404.91 -0.4358
8405.27 -0.435732
8405.64 -0.435665
8406 -0.435597
8406.37 -0.43553
8406.74 -0.435463
8407.1 -0.435396
8407.47 -0.435328
8407.84 -0.435262
8408.2 -0.435195
8408.57 -0.435128
8408.93 -0.435061
8409.3 -0.434995
8409.67 -0.434929
8410.03 -0.434862
8410.4 -0.434796
8410.77 -0.43473
8411.13 -0.434664
8411.5 -0.434598
8411.86 -0.434533
8412.23 -0.434467
8412.6 -0.434402
8412.96 -0.434336
8413.33 -0.434271
8413.7 -0.434206
8414.06 -0.434141
8414.43 -0.434076
8414.79 -0.434011
8415.16 -0.433946
8415.53 -0.433882
8415.89 -0.433817
8416.26 -0.433753
8416.63 -0.433688
8416.99 -0.433624
8417.36 -0.43356
8417.72 -0.433496
8418.09 -0.433432
8418.46 -0.433368
8418.82 -0.433305
8419.19 -0.433241
8419.55 -0.433178
8419.92 -0.433114
8420.29 -0.433051
8420.65 -0.432988
8421.02 -0.432925
8421.39 -0.432862
8421.75 -0.432799
8422.12 -0.432736
8422.48 -0.432674
8422.85 -0.432611
8423.22 -0.432549
8423.58 -0.432487
8423.95 -0.432424
8424.32 -0.432362
8424.68 -0.4323
8425.05 -0.432239
8425.41 -0.432177
8425.78 -0.432115
8426.15 -0.432054
8426.51 -0.431992
8426.88 -0.431931
8427.25 -0.43187
8427.61 -0.431809
8427.98 -0.431748
8428.34 -0.431687
8428.71 -0.431626
8429.08 -0.431565
8429.44 -0.431504
8429.81 -0.431444
8430.17 -0.431384
8430.54 -0.431323
8430.91 -0.431263
8431.27 -0.431203
8431.64 -0.431143
8432.01 -0.431083
8432.37 -0.431023
8432.74 -0.430964
8433.1 -0.430904
8433.47 -0.430845
8433.84 -0.430785
8434.2 -0.430726
8434.57 -0.430667
8434.94 -0.430608
8435.3 -0.430549
8435.67 -0.43049
8436.03 -0.430432
8436.4 -0.430373
8436.77 -0.430314
8437.13 -0.430256
8437.5 -0.430198
8437.87 -0.43014
8438.23 -0.430081
8438.6 -0.430023
8438.96 -0.429966
8439.33 -0.429908
8439.7 -0.42985
8440.06 -0.429793
8440.43 -0.429735
8440.79 -0.429678
8441.16 -0.42962
8441.53 -0.429563
8441.89 -0.429506
8442.26 -0.429449
8442.63 -0.429392
8442.99 -0.429336
8443.36 -0.429279
8443.72 -0.429222
8444.09 -0.429166
8444.46 -0.42911
8444.82 -0.429053
8445.19 -0.428997
8445.56 -0.428941
8445.92 -0.428885
8446.29 -0.428829
8446.65 -0.428774
8447.02 -0.428718
8447.39 -0.428662
8447.75 -0.428607
8448.12 -0.428552
8448.49 -0.428496
8448.85 -0.428441
8449.22 -0.428386
8449.58 -0.428331
8449.95 -0.428277
8450.32 -0.428222
8450.68 -0.428167
8451.05 -0.428113
8451.42 -0.428058
8451.78 -0.428004
8452.15 -0.42795
8452.51 -0.427896
8452.88 -0.427842
8453.25 -0.427788
8453.61 -0.427734
8453.98 -0.42768
8454.34 -0.427627
8454.71 -0.427573
8455.08 -0.42752
8455.44 -0.427466
8455.81 -0.427413
8456.18 -0.42736
8456.54 -0.427307
8456.91 -0.427254
8457.27 -0.427201
8457.64 -0.427149
8458.01 -0.427096
8458.37 -0.427044
8458.74 -0.426991
8459.11 -0.426939
8459.47 -0.426887
8459.84 -0.426834
8460.2 -0.426782
8460.57 -0.426731
8460.94 -0.426679
8461.3 -0.426627
8461.67 -0.426575
8462.04 -0.426524
8462.4 -0.426472
8462.77 -0.426421
8463.13 -0.42637
8463.5 -0.426319
8463.87 -0.426268
8464.23 -0.426217
8464.6 -0.426166
8464.96 -0.426115
8465.33 -0.426065
8465.7 -0.426014
8466.06 -0.425964
8466.43 -0.425914
8466.8 -0.425863
8467.16 -0.425813
8467.53 -0.425763
8467.89 -0.425713
8468.26 -0.425663
8468.63 -0.425614
8468.99 -0.425564
8469.36 -0.425515
8469.73 -0.425465
8470.09 -0.425416
8470.46 -0.425367
8470.82 -0.425317
8471.19 -0.425268
8471.56 -0.425219
8471.92 -0.425171
8472.29 -0.425122
8472.66 -0.425073
8473.02 -0.425025
8473.39 -0.424976
8473.75 -0.424928
8474.12 -0.424879
8474.49 -0.424831
8474.85 -0.424783
8475.22 -0.424735
8475.58 -0.424687
8475.95 -0.42464
8476.32 -0.424592
8476.68 -0.424544
8477.05 -0.424497
8477.42 -0.42445
8477.78 -0.424402
8478.15 -0.424355
8478.51 -0.424308
8478.88 -0.424261
8479.25 -0.424214
8479.61 -0.424167
8479.98 -0.42412
8480.35 -0.424074
8480.71 -0.424027
8481.08 -0.423981
8481.44 -0.423935
8481.81 -0.423888
8482.18 -0.423842
8482.54 -0.423796
8482.91 -0.42375
8483.28 -0.423705
8483.64 -0.423659
8484.01 -0.423613
8484.37 -0.423568
8484.74 -0.423522
8485.11 -0.423477
8485.47 -0.423431
8485.84 -0.423386
8486.21 -0.423341
8486.57 -0.423296
8486.94 -0.423251
8487.3 -0.423207
8487.67 -0.423162
8488.04 -0.423117
8488.4 -0.423073
8488.77 -0.423028
8489.13 -0.422984
8489.5 -0.42294
8489.87 -0.422896
8490.23 -0.422852
8490.6 -0.422808
8490.97 -0.422764
8491.33 -0.42272
8491.7 -0.422677
8492.06 -0.422633
8492.43 -0.42259
8492.8 -0.422546
8493.16 -0.422503
8493.53 -0.42246
8493.9 -0.422417
8494.26 -0.422374
8494.63 -0.422331
8494.99 -0.422288
8495.36 -0.422245
8495.73 -0.422203
8496.09 -0.42216
8496.46 -0.422118
8496.83 -0.422075
8497.19 -0.422033
8497.56 -0.421991
8497.92 -0.421949
8498.29 -0.421907
8498.66 -0.421865
8499.02 -0.421823
8499.39 -0.421782
8499.75 -0.42174
8500.12 -0.421699
8500.49 -0.421657
8500.85 -0.421616
8501.22 -0.421575
8501.59 -0.421534
8501.95 -0.421493
8502.32 -0.421452
8502.68 -0.421411
8503.05 -0.42137
8503.42 -0.42133
8503.78 -0.421289
8504.15 -0.421249
8504.52 -0.421208
8504.88 -0.421168
8505.25 -0.421128
8505.61 -0.421088
8505.98 -0.421048
8506.35 -0.421008
8506.71 -0.420968
8507.08 -0.420928
8507.45 -0.420889
8507.81 -0.420849
8508.18 -0.42081
8508.54 -0.420771
8508.91 -0.420731
8509.28 -0.420692
8509.64 -0.420653
8510.01 -0.420614
8510.38 -0.420575
8510.74 -0.420536
8511.11 -0.420498
8511.47 -0.420459
8511.84 -0.420421
8512.21 -0.420382
8512.57 -0.420344
8512.94 -0.420306
8513.3 -0.420268
8513.67 -0.42023
8514.04 -0.420192
8514.4 -0.420154
8514.77 -0.420116
8515.14 -0.420078
8515.5 -0.420041
8515.87 -0.420003
8516.23 -0.419966
8516.6 -0.419928
8516.97 -0.419891
8517.33 -0.419854
8517.7 -0.419817
8518.07 -0.41978
8518.43 -0.419743
8518.8 -0.419707
8519.16 -0.41967
8519.53 -0.419633
8519.9 -0.419597
8520.26 -0.41956
8520.63 -0.419524
8521 -0.419488
8521.36 -0.419452
8521.73 -0.419416
8522.09 -0.41938
8522.46 -0.419344
8522.83 -0.419308
8523.19 -0.419273
8523.56 -0.419237
8523.92 -0.419201
8524.29 -0.419166
8524.66 -0.419131
8525.02 -0.419095
8525.39 -0.41906
8525.76 -0.419025
8526.12 -0.41899
8526.49 -0.418956
8526.85 -0.418921
8527.22 -0.418886
8527.59 -0.418851
8527.95 -0.418817
8528.32 -0.418783
8528.69 -0.418748
8529.05 -0.418714
8529.42 -0.41868
8529.78 -0.418646
8530.15 -0.418612
8530.52 -0.418578
8530.88 -0.418544
8531.25 -0.418511
8531.62 -0.418477
8531.98 -0.418443
8532.35 -0.41841
8532.71 -0.418377
8533.08 -0.418344
8533.45 -0.41831
8533.81 -0.418277
8534.18 -0.418244
8534.54 -0.418211
8534.91 -0.418179
8535.28 -0.418146
8535.64 -0.418113
8536.01 -0.418081
8536.38 -0.418048
8536.74 -0.418016
8537.11 -0.417984
8537.47 -0.417952
8537.84 -0.417919
8538.21 -0.417887
8538.57 -0.417856
8538.94 -0.417824
8539.31 -0.417792
8539.67 -0.41776
8540.04 -0.417729
8540.4 -0.417697
8540.77 -0.417666
8541.14 -0.417635
8541.5 -0.417603
8541.87 -0.417572
8542.24 -0.417541
8542.6 -0.41751
8542.97 -0.41748
8543.33 -0.417449
8543.7 -0.417418
8544.07 -0.417388
8544.43 -0.417357
8544.8 -0.417327
8545.17 -0.417296
8545.53 -0.417266
8545.9 -0.417236
8546.26 -0.417206
8546.63 -0.417176
8547 -0.417146
8547.36 -0.417116
8547.73 -0.417087
8548.09 -0.417057
8548.46 -0.417027
8548.83 -0.416998
8549.19 -0.416969
8549.56 -0.416939
8549.93 -0.41691
8550.29 -0.416881
8550.66 -0.416852
8551.02 -0.416823
8551.39 -0.416794
8551.76 -0.416766
8552.12 -0.416737
8552.49 -0.416708
8552.86 -0.41668
8553.22 -0.416652
8553.59 -0.416623
8553.95 -0.416595
8554.32 -0.416567
8554.69 -0.416539
8555.05 -0.416511
8555.42 -0.416483
8555.79 -0.416455
8556.15 -0.416428
8556.52 -0.4164
8556.88 -0.416372
8557.25 -0.416345
8557.62 -0.416318
8557.98 -0.41629
8558.35 -0.416263
8558.71 -0.416236
8559.08 -0.416209
8559.45 -0.416182
8559.81 -0.416155
8560.18 -0.416129
8560.55 -0.416102
8560.91 -0.416075
8561.28 -0.416049
8561.64 -0.416023
8562.01 -0.415996
8562.38 -0.41597
8562.74 -0.415944
8563.11 -0.415918
8563.48 -0.415892
8563.84 -0.415866
8564.21 -0.41584
8564.57 -0.415814
8564.94 -0.415789
8565.31 -0.415763
8565.67 -0.415738
8566.04 -0.415712
8566.41 -0.415687
8566.77 -0.415662
8567.14 -0.415637
8567.5 -0.415612
8567.87 -0.415587
8568.24 -0.415562
8568.6 -0.415537
8568.97 -0.415513
8569.33 -0.415488
8569.7 -0.415463
8570.07 -0.415439
8570.43 -0.415415
8570.8 -0.41539
8571.17 -0.415366
8571.53 -0.415342
8571.9 -0.415318
8572.26 -0.415294
8572.63 -0.41527
8573 -0.415247
8573.36 -0.415223
8573.73 -0.415199
8574.1 -0.415176
8574.46 -0.415152
8574.83 -0.415129
8575.19 -0.415106
8575.56 -0.415083
8575.93 -0.41506
8576.29 -0.415037
8576.66 -0.415014
8577.03 -0.414991
8577.39 -0.414968
8577.76 -0.414946
8578.12 -0.414923
8578.49 -0.414901
8578.86 -0.414878
8579.22 -0.414856
8579.59 -0.414834
8579.96 -0.414811
8580.32 -0.414789
8580.69 -0.414767
8581.05 -0.414746
8581.42 -0.414724
8581.79 -0.414702
8582.15 -0.41468
8582.52 -0.414659
8582.88 -0.414637
8583.25 -0.414616
8583.62 -0.414595
8583.98 -0.414573
8584.35 -0.414552
8584.72 -0.414531
8585.08 -0.41451
8585.45 -0.414489
8585.81 -0.414469
8586.18 -0.414448
8586.55 -0.414427
8586.91 -0.414407
8587.28 -0.414386
8587.65 -0.414366
8588.01 -0.414346
8588.38 -0.414325
8588.74 -0.414305
8589.11 -0.414285
8589.48 -0.414265
8589.84 -0.414245
8590.21 -0.414225
8590.58 -0.414206
8590.94 -0.414186
8591.31 -0.414167
8591.67 -0.414147
8592.04 -0.414128
8592.41 -0.414108
8592.77 -0.414089
8593.14 -0.41407
8593.5 -0.414051
8593.87 -0.414032
8594.24 -0.414013
8594.6 -0.413994
8594.97 -0.413976
8595.34 -0.413957
8595.7 -0.413938
8596.07 -0.41392
8596.43 -0.413902
8596.8 -0.413883
8597.17 -0.413865
8597.53 -0.413847
8597.9 -0.413829
8598.27 -0.413811
8598.63 -0.413793
8599 -0.413775
8599.36 -0.413757
8599.73 -0.41374
8600.1 -0.413722
8600.46 -0.413705
8600.83 -0.413687
8601.2 -0.41367
8601.56 -0.413653
8601.93 -0.413636
8602.29 -0.413619
8602.66 -0.413602
8603.03 -0.413585
8603.39 -0.413568
8603.76 -0.413551
8604.13 -0.413534
8604.49 -0.413518
8604.86 -0.413501
8605.22 -0.413485
8605.59 -0.413469
8605.96 -0.413452
8606.32 -0.413436
8606.69 -0.41342
8607.05 -0.413404
8607.42 -0.413388
8607.79 -0.413372
8608.15 -0.413356
8608.52 -0.413341
8608.89 -0.413325
8609.25 -0.41331
8609.62 -0.413294
8609.98 -0.413279
8610.35 -0.413264
8610.72 -0.413248
8611.08 -0.413233
8611.45 -0.413218
8611.82 -0.413203
8612.18 -0.413188
8612.55 -0.413174
8612.91 -0.413159
8613.28 -0.413144
8613.65 -0.41313
8614.01 -0.413115
8614.38 -0.413101
8614.75 -0.413087
8615.11 -0.413072
8615.48 -0.413058
8615.84 -0.413044
8616.21 -0.41303
8616.58 -0.413016
8616.94 -0.413002
8617.31 -0.412989
8617.67 -0.412975
8618.04 -0.412961
8618.41 -0.412948
8618.77 -0.412935
8619.14 -0.412921
8619.51 -0.412908
8619.87 -0.412895
8620.24 -0.412882
8620.6 -0.412869
8620.97 -0.412856
8621.34 -0.412843
8621.7 -0.41283
8622.07 -0.412817
8622.44 -0.412805
8622.8 -0.412792
8623.17 -0.41278
8623.53 -0.412767
8623.9 -0.412755
8624.27 -0.412743
8624.63 -0.412731
8625 -0.412719
8625.37 -0.412707
8625.73 -0.412695
8626.1 -0.412683
8626.46 -0.412671
8626.83 -0.41266
8627.2 -0.412648
8627.56 -0.412637
8627.93 -0.412625
8628.29 -0.412614
8628.66 -0.412603
8629.03 -0.412591
8629.39 -0.41258
8629.76 -0.412569
8630.13 -0.412558
8630.49 -0.412548
8630.86 -0.412537
8631.22 -0.412526
8631.59 -0.412516
8631.96 -0.412505
8632.32 -0.412495
8632.69 -0.412484
8633.06 -0.412474
8633.42 -0.412464
8633.79 -0.412453
8634.15 -0.412443
8634.52 -0.412433
8634.89 -0.412424
8635.25 -0.412414
8635.62 -0.412404
8635.99 -0.412394
8636.35 -0.412385
8636.72 -0.412375
8637.08 -0.412366
8637.45 -0.412356
8637.82 -0.412347
8638.18 -0.412338
8638.55 -0.412329
8638.92 -0.41232
8639.28 -0.412311
8639.65 -0.412302
8640.01 -0.412293
8640.38 -0.412284
8640.75 -0.412276
8641.11 -0.412267
8641.48 -0.412259
8641.84 -0.41225
8642.21 -0.412242
8642.58 -0.412234
8642.94 -0.412226
8643.31 -0.412218
8643.68 -0.41221
8644.04 -0.412202
8644.41 -0.412194
8644.77 -0.412186
8645.14 -0.412178
8645.51 -0.412171
8645.87 -0.412163
8646.24 -0.412156
8646.61 -0.412148
8646.97 -0.412141
8647.34 -0.412134
8647.7 -0.412127
8648.07 -0.41212
8648.44 -0.412113
8648.8 -0.412106
8649.17 -0.412099
8649.54 -0.412092
8649.9 -0.412085
8650.27 -0.412079
8650.63 -0.412072
8651 -0.412066
8651.37 -0.412059
8651.73 -0.412053
8652.1 -0.412047
8652.46 -0.412041
8652.83 -0.412035
8653.2 -0.412029
8653.56 -0.412023
8653.93 -0.412017
8654.3 -0.412011
8654.66 -0.412006
8655.03 -0.412
8655.39 -0.411995
8655.76 -0.411989
8656.13 -0.411984
8656.49 -0.411979
8656.86 -0.411973
8657.23 -0.411968
8657.59 -0.411963
8657.96 -0.411958
8658.32 -0.411953
8658.69 -0.411949
8659.06 -0.411944
8659.42 -0.411939
8659.79 -0.411935
8660.16 -0.41193
8660.52 -0.411926
8660.89 -0.411921
8661.25 -0.411917
8661.62 -0.411913
8661.99 -0.411909
8662.35 -0.411905
8662.72 -0.411901
8663.08 -0.411897
8663.45 -0.411893
8663.82 -0.411889
8664.18 -0.411886
8664.55 -0.411882
8664.92 -0.411879
8665.28 -0.411875
8665.65 -0.411872
8666.01 -0.411869
8666.38 -0.411865
8666.75 -0.411862
8667.11 -0.411859
8667.48 -0.411856
8667.85 -0.411853
8668.21 -0.411851
8668.58 -0.411848
8668.94 -0.411845
8669.31 -0.411843
8669.68 -0.41184
8670.04 -0.411838
8670.41 -0.411835
8670.78 -0.411833
8671.14 -0.411831
8671.51 -0.411829
8671.87 -0.411827
8672.24 -0.411825
8672.61 -0.411823
8672.97 -0.411821
8673.34 -0.411819
8673.71 -0.411818
8674.07 -0.411816
8674.44 -0.411815
8674.8 -0.411813
8675.17 -0.411812
8675.54 -0.411811
8675.9 -0.411809
8676.27 -0.411808
8676.63 -0.411807
8677 -0.411806
8677.37 -0.411805
8677.73 -0.411805
8678.1 -0.411804
8678.47 -0.411803
8678.83 -0.411803
8679.2 -0.411802
8679.56 -0.411802
8679.93 -0.411801
8680.3 -0.411801
8680.66 -0.411801
8681.03 -0.411801
8681.4 -0.4118
8681.76 -0.411801
8682.13 -0.411801
8682.49 -0.411801
8682.86 -0.411801
8683.23 -0.411801
8683.59 -0.411802
8683.96 -0.411802
8684.33 -0.411803
8684.69 -0.411803
8685.06 -0.411804
8685.42 -0.411805
8685.79 -0.411806
8686.16 -0.411807
8686.52 -0.411808
8686.89 -0.411809
8687.25 -0.41181
8687.62 -0.411811
8687.99 -0.411812
8688.35 -0.411814
8688.72 -0.411815
8689.09 -0.411817
8689.45 -0.411818
8689.82 -0.41182
8690.18 -0.411822
8690.55 -0.411824
8690.92 -0.411826
8691.28 -0.411828
8691.65 -0.41183
8692.02 -0.411832
8692.38 -0.411834
8692.75 -0.411836
8693.11 -0.411839
8693.48 -0.411841
8693.85 -0.411844
8694.21 -0.411846
8694.58 -0.411849
8694.95 -0.411852
8695.31 -0.411854
8695.68 -0.411857
8696.04 -0.41186
8696.41 -0.411863
8696.78 -0.411866
8697.14 -0.41187
8697.51 -0.411873
8697.88 -0.411876
8698.24 -0.41188
8698.61 -0.411883
8698.97 -0.411887
8699.34 -0.41189
8699.71 -0.411894
8700.07 -0.411898
8700.44 -0.411902
8700.8 -0.411906
8701.17 -0.411909
8701.54 -0.411914
8701.9 -0.411918
8702.27 -0.411922
8702.64 -0.411926
8703 -0.411931
8703.37 -0.411935
8703.73 -0.41194
8704.1 -0.411944
8704.47 -0.411949
8704.83 -0.411954
8705.2 -0.411959
8705.57 -0.411963
8705.93 -0.411968
8706.3 -0.411973
8706.66 -0.411979
8707.03 -0.411984
8707.4 -0.411989
8707.76 -0.411994
8708.13 -0.412
8708.5 -0.412005
8708.86 -0.412011
8709.23 -0.412017
8709.59 -0.412022
8709.96 -0.412028
8710.33 -0.412034
8710.69 -0.41204
8711.06 -0.412046
8711.42 -0.412052
8711.79 -0.412058
8712.16 -0.412064
8712.52 -0.412071
8712.89 -0.412077
8713.26 -0.412084
8713.62 -0.41209
8713.99 -0.412097
8714.35 -0.412103
8714.72 -0.41211
8715.09 -0.412117
8715.45 -0.412124
8715.82 -0.412131
8716.19 -0.412138
8716.55 -0.412145
8716.92 -0.412152
8717.28 -0.41216
8717.65 -0.412167
8718.02 -0.412174
8718.38 -0.412182
8718.75 -0.412189
8719.12 -0.412197
8719.48 -0.412205
8719.85 -0.412213
8720.21 -0.41222
8720.58 -0.412228
8720.95 -0.412236
8721.31 -0.412244
8721.68 -0.412253
8722.04 -0.412261
8722.41 -0.412269
8722.78 -0.412278
8723.14 -0.412286
8723.51 -0.412295
8723.88 -0.412303
8724.24 -0.412312
8724.61 -0.412321
8724.97 -0.412329
8725.34 -0.412338
8725.71 -0.412347
8726.07 -0.412356
8726.44 -0.412365
8726.81 -0.412375
8727.17 -0.412384
8727.54 -0.412393
8727.9 -0.412403
8728.27 -0.412412
8728.64 -0.412422
8729 -0.412431
8729.37 -0.412441
8729.74 -0.412451
8730.1 -0.412461
8730.47 -0.41247
8730.83 -0.41248
8731.2 -0.412491
8731.57 -0.412501
8731.93 -0.412511
8732.3 -0.412521
8732.67 -0.412532
8733.03 -0.412542
8733.4 -0.412552
8733.76 -0.412563
8734.13 -0.412574
8734.5 -0.412584
8734.86 -0.412595
8735.23 -0.412606
8735.59 -0.412617
8735.96 -0.412628
8736.33 -0.412639
8736.69 -0.41265
8737.06 -0.412662
8737.43 -0.412673
8737.79 -0.412684
8738.16 -0.412696
8738.52 -0.412707
8738.89 -0.412719
8739.26 -0.41273
8739.62 -0.412742
8739.99 -0.412754
8740.36 -0.412766
8740.72 -0.412778
8741.09 -0.41279
8741.45 -0.412802
8741.82 -0.412814
8742.19 -0.412826
8742.55 -0.412839
8742.92 -0.412851
8743.29 -0.412864
8743.65 -0.412876
8744.02 -0.412889
8744.38 -0.412902
8744.75 -0.412914
8745.12 -0.412927
8745.48 -0.41294
8745.85 -0.412953
8746.21 -0.412966
8746.58 -0.412979
8746.95 -0.412992
8747.31 -0.413006
8747.68 -0.413019
8748.05 -0.413032
8748.41 -0.413046
8748.78 -0.413059
8749.14 -0.413073
8749.51 -0.413087
8749.88 -0.4131
8750.24 -0.413114
8750.61 -0.413128
8750.98 -0.413142
8751.34 -0.413156
8751.71 -0.41317
8752.07 -0.413185
8752.44 -0.413199
8752.81 -0.413213
8753.17 -0.413228
8753.54 -0.413242
8753.91 -0.413257
8754.27 -0.413271
8754.64 -0.413286
8755 -0.413301
8755.37 -0.413316
8755.74 -0.413331
8756.1 -0.413346
8756.47 -0.413361
8756.83 -0.413376
8757.2 -0.413391
8757.57 -0.413406
8757.93 -0.413422
8758.3 -0.413437
8758.67 -0.413453
8759.03 -0.413468
8759.4 -0.413484
8759.76 -0.4135
8760.13 -0.413515
8760.5 -0.413531
8760.86 -0.413547
8761.23 -0.413563
8761.6 -0.413579
8761.96 -0.413595
8762.33 -0.413612
8762.69 -0.413628
8763.06 -0.413644
8763.43 -0.413661
8763.79 -0.413677
8764.16 -0.413694
8764.53 -0.413711
8764.89 -0.413727
8765.26 -0.413744
8765.62 -0.413761
8765.99 -0.413778
8766.36 -0.413795
8766.72 -0.413812
8767.09 -0.413829
8767.46 -0.413846
8767.82 -0.413864
8768.19 -0.413881
8768.55 -0.413898
8768.92 -0.413916
8769.29 -0.413933
8769.65 -0.413951
8770.02 -0.413969
8770.38 -0.413987
8770.75 -0.414005
8771.12 -0.414022
8771.48 -0.41404
8771.85 -0.414059
8772.22 -0.414077
8772.58 -0.414095
8772.95 -0.414113
8773.31 -0.414132
8773.68 -0.41415
8774.05 -0.414169
8774.41 -0.414187
8774.78 -0.414206
8775.15 -0.414224
8775.51 -0.414243
8775.88 -0.414262
8776.24 -0.414281
8776.61 -0.4143
8776.98 -0.414319
8777.34 -0.414338
8777.71 -0.414358
8778.08 -0.414377
8778.44 -0.414396
8778.81 -0.414416
8779.17 -0.414435
8779.54 -0.414455
8779.91 -0.414474
8780.27 -0.414494
8780.64 -0.414514
8781 -0.414534
8781.37 -0.414554
8781.74 -0.414574
8782.1 -0.414594
8782.47 -0.414614
8782.84 -0.414634
8783.2 -0.414654
8783.57 -0.414675
8783.93 -0.414695
8784.3 -0.414716
8784.67 -0.414736
8785.03 -0.414757
8785.4 -0.414778
8785.77 -0.414798
8786.13 -0.414819
8786.5 -0.41484
8786.86 -0.414861
8787.23 -0.414882
8787.6 -0.414903
8787.96 -0.414925
8788.33 -0.414946
8788.7 -0.414967
8789.06 -0.414989
8789.43 -0.41501
8789.79 -0.415032
8790.16 -0.415053
8790.53 -0.415075
8790.89 -0.415097
8791.26 -0.415119
8791.63 -0.415141
8791.99 -0.415163
8792.36 -0.415185
8792.72 -0.415207
8793.09 -0.415229
8793.46 -0.415251
8793.82 -0.415274
8794.19 -0.415296
8794.55 -0.415318
8794.92 -0.415341
8795.29 -0.415364
8795.65 -0.415386
8796.02 -0.415409
8796.39 -0.415432
8796.75 -0.415455
8797.12 -0.415478
8797.48 -0.415501
8797.85 -0.415524
8798.22 -0.415547
8798.58 -0.41557
8798.95 -0.415594
8799.32 -0.415617
8799.68 -0.415641
8800.05 -0.415664
8800.41 -0.415688
8800.78 -0.415711
8801.15 -0.415735
8801.51 -0.415759
8801.88 -0.415783
8802.25 -0.415807
8802.61 -0.415831
8802.98 -0.415855
8803.34 -0.415879
8803.71 -0.415903
8804.08 -0.415928
8804.44 -0.415952
8804.81 -0.415976
8805.17 -0.416001
8805.54 -0.416025
8805.91 -0.41605
8806.27 -0.416075
8806.64 -0.4161
8807.01 -0.416125
8807.37 -0.416149
8807.74 -0.416175
8808.1 -0.4162
8808.47 -0.416225
8808.84 -0.41625
8809.2 -0.416275
8809.57 -0.416301
8809.94 -0.416326
8810.3 -0.416352
8810.67 -0.416377
8811.03 -0.416403
8811.4 -0.416428
8811.77 -0.416454
8812.13 -0.41648
8812.5 -0.416506
8812.87 -0.416532
8813.23 -0.416558
8813.6 -0.416584
8813.96 -0.41661
8814.33 -0.416637
8814.7 -0.416663
8815.06 -0.416689
8815.43 -0.416716
8815.79 -0.416742
8816.16 -0.416769
8816.53 -0.416796
8816.89 -0.416823
8817.26 -0.416849
8817.63 -0.416876
8817.99 -0.416903
8818.36 -0.41693
8818.72 -0.416957
8819.09 -0.416985
8819.46 -0.417012
8819.82 -0.417039
8820.19 -0.417067
8820.56 -0.417094
8820.92 -0.417122
8821.29 -0.417149
8821.65 -0.417177
8822.02 -0.417205
8822.39 -0.417232
8822.75 -0.41726
8823.12 -0.417288
8823.49 -0.417316
8823.85 -0.417344
8824.22 -0.417372
8824.58 -0.417401
8824.95 -0.417429
8825.32 -0.417457
8825.68 -0.417486
8826.05 -0.417514
8826.42 -0.417543
8826.78 -0.417571
8827.15 -0.4176
8827.51 -0.417629
8827.88 -0.417658
8828.25 -0.417687
8828.61 -0.417716
8828.98 -0.417745
8829.34 -0.417774
8829.71 -0.417803
8830.08 -0.417832
8830.44 -0.417862
8830.81 -0.417891
8831.18 -0.417921
8831.54 -0.41795
8831.91 -0.41798
8832.27 -0.41801
8832.64 -0.418039
8833.01 -0.418069
8833.37 -0.418099
8833.74 -0.418129
8834.11 -0.418159
8834.47 -0.418189
8834.84 -0.418219
8835.2 -0.41825
8835.57 -0.41828
8835.94 -0.41831
8836.3 -0.418341
8836.67 -0.418371
8837.04 -0.418402
8837.4 -0.418432
8837.77 -0.418463
8838.13 -0.418494
8838.5 -0.418525
8838.87 -0.418556
8839.23 -0.418587
8839.6 -0.418618
8839.96 -0.418649
8840.33 -0.41868
8840.7 -0.418712
8841.06 -0.418743
8841.43 -0.418774
8841.8 -0.418806
8842.16 -0.418837
8842.53 -0.418869
8842.89 -0.418901
8843.26 -0.418932
8843.63 -0.418964
8843.99 -0.418996
8844.36 -0.419028
8844.73 -0.41906
8845.09 -0.419092
8845.46 -0.419125
8845.82 -0.419157
8846.19 -0.419189
8846.56 -0.419222
8846.92 -0.419254
8847.29 -0.419287
8847.66 -0.419319
8848.02 -0.419352
8848.39 -0.419385
8848.75 -0.419417
8849.12 -0.41945
8849.49 -0.419483
8849.85 -0.419516
8850.22 -0.419549
8850.58 -0.419582
8850.95 -0.419616
8851.32 -0.419649
8851.68 -0.419682
8852.05 -0.419716
8852.42 -0.419749
8852.78 -0.419783
8853.15 -0.419816
8853.51 -0.41985
8853.88 -0.419884
8854.25 -0.419918
8854.61 -0.419952
8854.98 -0.419986
8855.35 -0.42002
8855.71 -0.420054
8856.08 -0.420088
8856.44 -0.420122
8856.81 -0.420157
8857.18 -0.420191
8857.54 -0.420226
8857.91 -0.42026
8858.28 -0.420295
8858.64 -0.420329
8859.01 -0.420364
8859.37 -0.420399
8859.74 -0.420434
8860.11 -0.420469
8860.47 -0.420504
8860.84 -0.420539
8861.21 -0.420574
8861.57 -0.420609
8861.94 -0.420644
8862.3 -0.42068
8862.67 -0.420715
8863.04 -0.420751
8863.4 -0.420786
8863.77 -0.420822
8864.13 -0.420858
8864.5 -0.420893
8864.87 -0.420929
8865.23 -0.420965
8865.6 -0.421001
8865.97 -0.421037
8866.33 -0.421073
8866.7 -0.42111
8867.06 -0.421146
8867.43 -0.421182
8867.8 -0.421219
8868.16 -0.421255
8868.53 -0.421292
8868.9 -0.421328
8869.26 -0.421365
8869.63 -0.421402
8869.99 -0.421438
8870.36 -0.421475
8870.73 -0.421512
8871.09 -0.421549
8871.46 -0.421586
8871.83 -0.421623
8872.19 -0.421661
8872.56 -0.421698
8872.92 -0.421735
8873.29 -0.421773
8873.66 -0.42181
8874.02 -0.421848
8874.39 -0.421885
8874.75 -0.421923
8875.12 -0.421961
8875.49 -0.421999
8875.85 -0.422037
8876.22 -0.422075
8876.59 -0.422113
8876.95 -0.422151
8877.32 -0.422189
8877.68 -0.422227
8878.05 -0.422265
8878.42 -0.422304
8878.78 -0.422342
8879.15 -0.422381
8879.52 -0.42242
8879.88 -0.422458
8880.25 -0.422497
8880.61 -0.422536
8880.98 -0.422575
8881.35 -0.422614
8881.71 -0.422653
8882.08 -0.422692
8882.45 -0.422731
8882.81 -0.42277
8883.18 -0.422809
8883.54 -0.422849
8883.91 -0.422888
8884.28 -0.422928
8884.64 -0.422967
8885.01 -0.423007
8885.38 -0.423046
8885.74 -0.423086
8886.11 -0.423126
8886.47 -0.423166
8886.84 -0.423206
8887.21 -0.423246
8887.57 -0.423286
8887.94 -0.423326
8888.3 -0.423366
8888.67 -0.423407
8889.04 -0.423447
8889.4 -0.423488
8889.77 -0.423528
8890.14 -0.423569
8890.5 -0.423609
8890.87 -0.42365
8891.23 -0.423691
8891.6 -0.423732
8891.97 -0.423773
8892.33 -0.423814
8892.7 -0.423855
8893.07 -0.423896
8893.43 -0.423937
8893.8 -0.423978
8894.16 -0.42402
8894.53 -0.424061
8894.9 -0.424102
8895.26 -0.424144
8895.63 -0.424186
8896 -0.424227
8896.36 -0.424269
8896.73 -0.424311
8897.09 -0.424353
8897.46 -0.424395
8897.83 -0.424437
8898.19 -0.424479
8898.56 -0.424521
8898.92 -0.424563
8899.29 -0.424605
8899.66 -0.424648
8900.02 -0.42469
8900.39 -0.424733
8900.76 -0.424775
8901.12 -0.424818
8901.49 -0.424861
8901.85 -0.424903
8902.22 -0.424946
8902.59 -0.424989
8902.95 -0.425032
8903.32 -0.425075
8903.69 -0.425118
8904.05 -0.425161
8904.42 -0.425205
8904.78 -0.425248
8905.15 -0.425291
8905.52 -0.425335
8905.88 -0.425378
8906.25 -0.425422
8906.62 -0.425466
8906.98 -0.425509
8907.35 -0.425553
8907.71 -0.425597
8908.08 -0.425641
8908.45 -0.425685
8908.81 -0.425729
8909.18 -0.425773
8909.54 -0.425817
8909.91 -0.425862
8910.28 -0.425906
8910.64 -0.42595
8911.01 -0.425995
8911.38 -0.42604
8911.74 -0.426084
8912.11 -0.426129
8912.47 -0.426174
8912.84 -0.426218
8913.21 -0.426263
8913.57 -0.426308
8913.94 -0.426353
8914.31 -0.426398
8914.67 -0.426444
8915.04 -0.426489
8915.4 -0.426534
8915.77 -0.42658
8916.14 -0.426625
8916.5 -0.42667
8916.87 -0.426716
8917.24 -0.426762
8917.6 -0.426807
8917.97 -0.426853
8918.33 -0.426899
8918.7 -0.426945
8919.07 -0.426991
8919.43 -0.427037
8919.8 -0.427083
8920.17 -0.427129
8920.53 -0.427176
8920.9 -0.427222
8921.26 -0.427268
8921.63 -0.427315
8922 -0.427361
8922.36 -0.427408
8922.73 -0.427455
8923.09 -0.427501
8923.46 -0.427548
8923.83 -0.427595
8924.19 -0.427642
8924.56 -0.427689
8924.93 -0.427736
8925.29 -0.427783
8925.66 -0.42783
8926.02 -0.427878
8926.39 -0.427925
8926.76 -0.427972
8927.12 -0.42802
8927.49 -0.428067
8927.86 -0.428115
8928.22 -0.428163
8928.59 -0.42821
8928.95 -0.428258
8929.32 -0.428306
8929.69 -0.428354
8930.05 -0.428402
8930.42 -0.42845
8930.79 -0.428498
8931.15 -0.428547
8931.52 -0.428595
8931.88 -0.428643
8932.25 -0.428692
8932.62 -0.42874
8932.98 -0.428789
8933.35 -0.428838
8933.71 -0.428886
8934.08 -0.428935
8934.45 -0.428984
8934.81 -0.429033
8935.18 -0.429082
8935.55 -0.429131
8935.91 -0.42918
8936.28 -0.429229
8936.64 -0.429278
8937.01 -0.429328
8937.38 -0.429377
8937.74 -0.429427
8938.11 -0.429476
8938.48 -0.429526
8938.84 -0.429575
8939.21 -0.429625
8939.57 -0.429675
8939.94 -0.429725
8940.31 -0.429775
8940.67 -0.429825
8941.04 -0.429875
8941.41 -0.429925
8941.77 -0.429975
8942.14 -0.430025
8942.5 -0.430076
8942.87 -0.430126
8943.24 -0.430177
8943.6 -0.430227
8943.97 -0.430278
8944.33 -0.430329
8944.7 -0.430379
8945.07 -0.43043
8945.43 -0.430481
8945.8 -0.430532
8946.17 -0.430583
8946.53 -0.430634
8946.9 -0.430685
8947.26 -0.430737
8947.63 -0.430788
8948 -0.430839
8948.36 -0.430891
8948.73 -0.430942
8949.1 -0.430994
8949.46 -0.431045
8949.83 -0.431097
8950.19 -0.431149
8950.56 -0.431201
8950.93 -0.431253
8951.29 -0.431305
8951.66 -0.431357
8952.03 -0.431409
8952.39 -0.431461
8952.76 -0.431513
8953.12 -0.431566
8953.49 -0.431618
8953.86 -0.431671
8954.22 -0.431723
8954.59 -0.431776
8954.96 -0.431828
8955.32 -0.431881
8955.69 -0.431934
8956.05 -0.431987
8956.42 -0.43204
8956.79 -0.432093
8957.15 -0.432146
8957.52 -0.432199
8957.88 -0.432252
8958.25 -0.432305
8958.62 -0.432359
8958.98 -0.432412
8959.35 -0.432466
8959.72 -0.432519
8960.08 -0.432573
8960.45 -0.432626
8960.81 -0.43268
8961.18 -0.432734
8961.55 -0.432788
8961.91 -0.432842
8962.28 -0.432896
8962.65 -0.43295
8963.01 -0.433004
8963.38 -0.433059
8963.74 -0.433113
8964.11 -0.433167
8964.48 -0.433222
8964.84 -0.433276
8965.21 -0.433331
8965.58 -0.433385
8965.94 -0.43344
8966.31 -0.433495
8966.67 -0.43355
8967.04 -0.433605
8967.41 -0.43366
8967.77 -0.433715
8968.14 -0.43377
8968.5 -0.433825
8968.87 -0.43388
8969.24 -0.433936
8969.6 -0.433991
8969.97 -0.434046
8970.34 -0.434102
8970.7 -0.434158
8971.07 -0.434213
8971.43 -0.434269
8971.8 -0.434325
8972.17 -0.434381
8972.53 -0.434437
8972.9 -0.434493
8973.27 -0.434549
8973.63 -0.434605
8974 -0.434661
8974.36 -0.434717
8974.73 -0.434774
8975.1 -0.43483
8975.46 -0.434887
8975.83 -0.434943
8976.2 -0.435
8976.56 -0.435056
8976.93 -0.435113
8977.29 -0.43517
8977.66 -0.435227
8978.03 -0.435284
8978.39 -0.435341
8978.76 -0.435398
8979.13 -0.435455
8979.49 -0.435512
8979.86 -0.43557
8980.22 -0.435627
8980.59 -0.435685
8980.96 -0.435742
8981.32 -0.4358
8981.69 -0.435857
8982.05 -0.435915
8982.42 -0.435973
8982.79 -0.436031
8983.15 -0.436089
8983.52 -0.436147
8983.89 -0.436205
8984.25 -0.436263
8984.62 -0.436321
8984.98 -0.436379
8985.35 -0.436438
8985.72 -0.436496
8986.08 -0.436554
8986.45 -0.436613
8986.82 -0.436672
8987.18 -0.43673
8987.55 -0.436789
8987.91 -0.436848
8988.28 -0.436907
8988.65 -0.436966
8989.01 -0.437025
8989.38 -0.437084
8989.75 -0.437143
8990.11 -0.437202
8990.48 -0.437261
8990.84 -0.437321
8991.21 -0.43738
8991.58 -0.43744
8991.94 -0.437499
8992.31 -0.437559
8992.67 -0.437619
8993.04 -0.437678
8993.41 -0.437738
8993.77 -0.437798
8994.14 -0.437858
8994.51 -0.437918
8994.87 -0.437978
8995.24 -0.438038
8995.6 -0.438099
8995.97 -0.438159
8996.34 -0.438219
8996.7 -0.43828
8997.07 -0.43834
8997.44 -0.438401
8997.8 -0.438462
8998.17 -0.438522
8998.53 -0.438583
8998.9 -0.438644
8999.27 -0.438705
8999.63 -0.438766
9000 -0.438827
9000.37 -0.438888
9000.73 -0.438949
9001.1 -0.439011
9001.46 -0.439072
9001.83 -0.439133
9002.2 -0.439195
9002.56 -0.439256
9002.93 -0.439318
9003.29 -0.43938
9003.66 -0.439441
9004.03 -0.439503
9004.39 -0.439565
9004.76 -0.439627
9005.13 -0.439689
9005.49 -0.439751
9005.86 -0.439813
9006.22 -0.439875
9006.59 -0.439938
9006.96 -0.44
9007.32 -0.440063
9007.69 -0.440125
9008.06 -0.440188
9008.42 -0.44025
9008.79 -0.440313
9009.15 -0.440376
9009.52 -0.440439
9009.89 -0.440502
9010.25 -0.440564
9010.62 -0.440628
9010.99 -0.440691
9011.35 -0.440754
9011.72 -0.440817
9012.08 -0.44088
9012.45 -0.440944
9012.82 -0.441007
9013.18 -0.441071
9013.55 -0.441134
9013.92 -0.441198
9014.28 -0.441262
9014.65 -0.441326
9015.01 -0.44139
9015.38 -0.441453
9015.75 -0.441517
9016.11 -0.441582
9016.48 -0.441646
9016.84 -0.44171
9017.21 -0.441774
9017.58 -0.441839
9017.94 -0.441903
9018.31 -0.441967
9018.68 -0.442032
9019.04 -0.442097
9019.41 -0.442161
9019.77 -0.442226
9020.14 -0.442291
9020.51 -0.442356
9020.87 -0.442421
9021.24 -0.442486
9021.61 -0.442551
9021.97 -0.442616
9022.34 -0.442681
9022.7 -0.442747
9023.07 -0.442812
9023.44 -0.442878
9023.8 -0.442943
9024.17 -0.443009
9024.54 -0.443074
9024.9 -0.44314
9025.27 -0.443206
9025.63 -0.443272
9026 -0.443338
9026.37 -0.443404
9026.73 -0.44347
9027.1 -0.443536
9027.46 -0.443602
9027.83 -0.443668
9028.2 -0.443735
9028.56 -0.443801
9028.93 -0.443867
9029.3 -0.443934
9029.66 -0.444001
9030.03 -0.444067
9030.39 -0.444134
9030.76 -0.444201
9031.13 -0.444268
9031.49 -0.444335
9031.86 -0.444402
9032.23 -0.444469
9032.59 -0.444536
9032.96 -0.444603
9033.32 -0.444671
9033.69 -0.444738
9034.06 -0.444805
9034.42 -0.444873
9034.79 -0.444941
9035.16 -0.445008
9035.52 -0.445076
9035.89 -0.445144
9036.25 -0.445211
9036.62 -0.445279
9036.99 -0.445347
9037.35 -0.445416
9037.72 -0.445484
9038.08 -0.445552
9038.45 -0.44562
9038.82 -0.445688
9039.18 -0.445757
9039.55 -0.445825
9039.92 -0.445894
9040.28 -0.445962
9040.65 -0.446031
9041.01 -0.4461
9041.38 -0.446169
9041.75 -0.446238
9042.11 -0.446307
9042.48 -0.446376
9042.85 -0.446445
9043.21 -0.446514
9043.58 -0.446583
9043.94 -0.446652
9044.31 -0.446722
9044.68 -0.446791
9045.04 -0.446861
9045.41 -0.44693
9045.78 -0.447
9046.14 -0.44707
9046.51 -0.447139
9046.87 -0.447209
9047.24 -0.447279
9047.61 -0.447349
9047.97 -0.447419
9048.34 -0.447489
9048.71 -0.44756
9049.07 -0.44763
9049.44 -0.4477
9049.8 -0.447771
9050.17 -0.447841
9050.54 -0.447912
9050.9 -0.447982
9051.27 -0.448053
9051.63 -0.448124
9052 -0.448195
9052.37 -0.448265
9052.73 -0.448336
9053.1 -0.448407
9053.47 -0.448479
9053.83 -0.44855
9054.2 -0.448621
9054.56 -0.448692
9054.93 -0.448764
9055.3 -0.448835
9055.66 -0.448907
9056.03 -0.448978
9056.4 -0.44905
9056.76 -0.449121
9057.13 -0.449193
9057.49 -0.449265
9057.86 -0.449337
9058.23 -0.449409
9058.59 -0.449481
9058.96 -0.449553
9059.33 -0.449625
9059.69 -0.449698
9060.06 -0.44977
9060.42 -0.449842
9060.79 -0.449915
9061.16 -0.449988
9061.52 -0.45006
9061.89 -0.450133
9062.25 -0.450206
9062.62 -0.450278
9062.99 -0.450351
9063.35 -0.450424
9063.72 -0.450497
9064.09 -0.45057
9064.45 -0.450644
9064.82 -0.450717
9065.18 -0.45079
9065.55 -0.450863
9065.92 -0.450937
9066.28 -0.45101
9066.65 -0.451084
9067.02 -0.451158
9067.38 -0.451231
9067.75 -0.451305
9068.11 -0.451379
9068.48 -0.451453
9068.85 -0.451527
9069.21 -0.451601
9069.58 -0.451675
9069.95 -0.451749
9070.31 -0.451824
9070.68 -0.451898
9071.04 -0.451972
9071.41 -0.452047
9071.78 -0.452122
9072.14 -0.452196
9072.51 -0.452271
9072.88 -0.452346
9073.24 -0.45242
9073.61 -0.452495
9073.97 -0.45257
9074.34 -0.452645
9074.71 -0.452721
9075.07 -0.452796
9075.44 -0.452871
9075.8 -0.452946
9076.17 -0.453022
9076.54 -0.453097
9076.9 -0.453173
9077.27 -0.453248
9077.64 -0.453324
9078 -0.4534
9078.37 -0.453475
9078.73 -0.453551
9079.1 -0.453627
9079.47 -0.453703
9079.83 -0.453779
9080.2 -0.453856
9080.57 -0.453932
9080.93 -0.454008
9081.3 -0.454084
9081.66 -0.454161
9082.03 -0.454237
9082.4 -0.454314
9082.76 -0.454391
9083.13 -0.454467
9083.5 -0.454544
9083.86 -0.454621
9084.23 -0.454698
9084.59 -0.454775
9084.96 -0.454852
9085.33 -0.454929
9085.69 -0.455006
9086.06 -0.455084
9086.42 -0.455161
9086.79 -0.455238
9087.16 -0.455316
9087.52 -0.455393
9087.89 -0.455471
9088.26 -0.455549
9088.62 -0.455626
9088.99 -0.455704
9089.35 -0.455782
9089.72 -0.45586
9090.09 -0.455938
9090.45 -0.456016
9090.82 -0.456094
9091.19 -0.456173
9091.55 -0.456251
9091.92 -0.456329
9092.28 -0.456408
9092.65 -0.456486
9093.02 -0.456565
9093.38 -0.456644
9093.75 -0.456722
9094.12 -0.456801
9094.48 -0.45688
9094.85 -0.456959
9095.21 -0.457038
9095.58 -0.457117
9095.95 -0.457196
9096.31 -0.457276
9096.68 -0.457355
9097.04 -0.457434
9097.41 -0.457514
9097.78 -0.457593
9098.14 -0.457673
9098.51 -0.457752
9098.88 -0.457832
9099.24 -0.457912
9099.61 -0.457992
9099.97 -0.458072
9100.34 -0.458152
9100.71 -0.458232
9101.07 -0.458312
9101.44 -0.458392
9101.81 -0.458472
9102.17 -0.458553
9102.54 -0.458633
9102.9 -0.458714
9103.27 -0.458794
9103.64 -0.458875
9104 -0.458955
9104.37 -0.459036
9104.74 -0.459117
9105.1 -0.459198
9105.47 -0.459279
9105.83 -0.45936
9106.2 -0.459441
9106.57 -0.459522
9106.93 -0.459604
9107.3 -0.459685
9107.67 -0.459766
9108.03 -0.459848
9108.4 -0.459929
9108.76 -0.460011
9109.13 -0.460093
9109.5 -0.460174
9109.86 -0.460256
9110.23 -0.460338
9110.59 -0.46042
9110.96 -0.460502
9111.33 -0.460584
9111.69 -0.460666
9112.06 -0.460749
9112.43 -0.460831
9112.79 -0.460913
9113.16 -0.460996
9113.52 -0.461078
9113.89 -0.461161
9114.26 -0.461243
9114.62 -0.461326
9114.99 -0.461409
9115.36 -0.461492
9115.72 -0.461575
9116.09 -0.461658
9116.45 -0.461741
9116.82 -0.461824
9117.19 -0.461907
9117.55 -0.461991
9117.92 -0.462074
9118.29 -0.462157
9118.65 -0.462241
9119.02 -0.462325
9119.38 -0.462408
9119.75 -0.462492
9120.12 -0.462576
9120.48 -0.46266
9120.85 -0.462744
9121.21 -0.462828
9121.58 -0.462912
9121.95 -0.462996
9122.31 -0.46308
9122.68 -0.463164
9123.05 -0.463249
9123.41 -0.463333
9123.78 -0.463417
9124.14 -0.463502
9124.51 -0.463587
9124.88 -0.463671
9125.24 -0.463756
9125.61 -0.463841
9125.98 -0.463926
9126.34 -0.464011
9126.71 -0.464096
9127.07 -0.464181
9127.44 -0.464266
9127.81 -0.464352
9128.17 -0.464437
9128.54 -0.464522
9128.91 -0.464608
9129.27 -0.464694
9129.64 -0.464779
9130 -0.464865
9130.37 -0.464951
9130.74 -0.465036
9131.1 -0.465122
9131.47 -0.465208
9131.83 -0.465294
9132.2 -0.465381
9132.57 -0.465467
9132.93 -0.465553
9133.3 -0.465639
9133.67 -0.465726
9134.03 -0.465812
9134.4 -0.465899
9134.76 -0.465985
9135.13 -0.466072
9135.5 -0.466159
9135.86 -0.466246
9136.23 -0.466333
9136.6 -0.46642
9136.96 -0.466507
9137.33 -0.466594
9137.69 -0.466681
9138.06 -0.466768
9138.43 -0.466855
9138.79 -0.466943
9139.16 -0.46703
9139.53 -0.467118
9139.89 -0.467205
9140.26 -0.467293
9140.62 -0.467381
9140.99 -0.467469
9141.36 -0.467557
9141.72 -0.467645
9142.09 -0.467733
9142.46 -0.467821
9142.82 -0.467909
9143.19 -0.467997
9143.55 -0.468086
9143.92 -0.468174
9144.29 -0.468262
9144.65 -0.468351
9145.02 -0.46844
9145.38 -0.468528
9145.75 -0.468617
9146.12 -0.468706
9146.48 -0.468795
9146.85 -0.468884
9147.22 -0.468973
9147.58 -0.469062
9147.95 -0.469151
9148.31 -0.46924
9148.68 -0.46933
9149.05 -0.469419
9149.41 -0.469508
9149.78 -0.469598
9150.15 -0.469688
9150.51 -0.469777
9150.88 -0.469867
9151.24 -0.469957
9151.61 -0.470047
9151.98 -0.470137
9152.34 -0.470227
9152.71 -0.470317
9153.08 -0.470407
9153.44 -0.470497
9153.81 -0.470588
9154.17 -0.470678
9154.54 -0.470769
9154.91 -0.470859
9155.27 -0.47095
9155.64 -0.47104
9156 -0.471131
9156.37 -0.471222
9156.74 -0.471313
9157.1 -0.471404
9157.47 -0.471495
9157.84 -0.471586
9158.2 -0.471677
9158.57 -0.471768
9158.93 -0.47186
9159.3 -0.471951
9159.67 -0.472043
9160.03 -0.472134
9160.4 -0.472226
9160.77 -0.472317
9161.13 -0.472409
9161.5 -0.472501
9161.86 -0.472593
9162.23 -0.472685
9162.6 -0.472777
9162.96 -0.472869
9163.33 -0.472961
9163.7 -0.473053
9164.06 -0.473146
9164.43 -0.473238
9164.79 -0.473331
9165.16 -0.473423
9165.53 -0.473516
9165.89 -0.473608
9166.26 -0.473701
9166.63 -0.473794
9166.99 -0.473887
9167.36 -0.47398
9167.72 -0.474073
9168.09 -0.474166
9168.46 -0.474259
9168.82 -0.474353
9169.19 -0.474446
9169.55 -0.474539
9169.92 -0.474633
9170.29 -0.474726
9170.65 -0.47482
9171.02 -0.474914
9171.39 -0.475007
9171.75 -0.475101
9172.12 -0.475195
9172.48 -0.475289
9172.85 -0.475383
9173.22 -0.475477
9173.58 -0.475572
9173.95 -0.475666
9174.32 -0.47576
9174.68 -0.475855
9175.05 -0.475949
9175.41 -0.476044
9175.78 -0.476138
9176.15 -0.476233
9176.51 -0.476328
9176.88 -0.476423
9177.25 -0.476518
9177.61 -0.476613
9177.98 -0.476708
9178.34 -0.476803
9178.71 -0.476898
9179.08 -0.476993
9179.44 -0.477089
9179.81 -0.477184
9180.17 -0.47728
9180.54 -0.477375
9180.91 -0.477471
9181.27 -0.477567
9181.64 -0.477662
9182.01 -0.477758
9182.37 -0.477854
9182.74 -0.47795
9183.1 -0.478046
9183.47 -0.478142
9183.84 -0.478238
9184.2 -0.478335
9184.57 -0.478431
9184.94 -0.478528
9185.3 -0.478624
9185.67 -0.478721
9186.03 -0.478817
9186.4 -0.478914
9186.77 -0.479011
9187.13 -0.479108
9187.5 -0.479205
9187.87 -0.479302
9188.23 -0.479399
9188.6 -0.479496
9188.96 -0.479593
9189.33 -0.479691
9189.7 -0.479788
9190.06 -0.479885
9190.43 -0.479983
9190.79 -0.480081
9191.16 -0.480178
9191.53 -0.480276
9191.89 -0.480374
9192.26 -0.480472
9192.63 -0.48057
9192.99 -0.480668
9193.36 -0.480766
9193.72 -0.480864
9194.09 -0.480962
9194.46 -0.481061
9194.82 -0.481159
9195.19 -0.481258
9195.56 -0.481356
9195.92 -0.481455
9196.29 -0.481553
9196.65 -0.481652
9197.02 -0.481751
9197.39 -0.48185
9197.75 -0.481949
9198.12 -0.482048
9198.49 -0.482147
9198.85 -0.482246
9199.22 -0.482346
9199.58 -0.482445
9199.95 -0.482544
9200.32 -0.482644
9200.68 -0.482743
9201.05 -0.482843
9201.42 -0.482943
9201.78 -0.483043
9202.15 -0.483142
9202.51 -0.483242
9202.88 -0.483342
9203.25 -0.483442
9203.61 -0.483543
9203.98 -0.483643
9204.34 -0.483743
9204.71 -0.483844
9205.08 -0.483944
9205.44 -0.484044
9205.81 -0.484145
9206.18 -0.484246
9206.54 -0.484346
9206.91 -0.484447
9207.27 -0.484548
9207.64 -0.484649
9208.01 -0.48475
9208.37 -0.484851
9208.74 -0.484953
9209.11 -0.485054
9209.47 -0.485155
9209.84 -0.485256
9210.2 -0.485358
9210.57 -0.48546
9210.94 -0.485561
9211.3 -0.485663
9211.67 -0.485765
9212.04 -0.485866
9212.4 -0.485968
9212.77 -0.48607
9213.13 -0.486172
9213.5 -0.486275
9213.87 -0.486377
9214.23 -0.486479
9214.6 -0.486581
9214.96 -0.486684
9215.33 -0.486786
9215.7 -0.486889
9216.06 -0.486992
9216.43 -0.487094
9216.8 -0.487197
9217.16 -0.4873
9217.53 -0.487403
9217.89 -0.487506
9218.26 -0.487609
9218.63 -0.487712
9218.99 -0.487815
9219.36 -0.487919
9219.73 -0.488022
9220.09 -0.488126
9220.46 -0.488229
9220.82 -0.488333
9221.19 -0.488436
9221.56 -0.48854
9221.92 -0.488644
9222.29 -0.488748
9222.66 -0.488852
9223.02 -0.488956
9223.39 -0.48906
9223.75 -0.489164
9224.12 -0.489268
9224.49 -0.489373
9224.85 -0.489477
9225.22 -0.489582
9225.58 -0.489686
9225.95 -0.489791
9226.32 -0.489896
9226.68 -0.490001
9227.05 -0.490105
9227.42 -0.49021
9227.78 -0.490315
9228.15 -0.49042
9228.51 -0.490526
9228.88 -0.490631
9229.25 -0.490736
9229.61 -0.490841
9229.98 -0.490947
9230.35 -0.491052
9230.71 -0.491158
9231.08 -0.491264
9231.44 -0.49137
9231.81 -0.491475
9232.18 -0.491581
9232.54 -0.491687
9232.91 -0.491793
9233.28 -0.491899
9233.64 -0.492006
9234.01 -0.492112
9234.37 -0.492218
9234.74 -0.492325
9235.11 -0.492431
9235.47 -0.492538
9235.84 -0.492644
9236.21 -0.492751
9236.57 -0.492858
9236.94 -0.492965
9237.3 -0.493072
9237.67 -0.493179
9238.04 -0.493286
9238.4 -0.493393
9238.77 -0.4935
9239.13 -0.493608
9239.5 -0.493715
9239.87 -0.493822
9240.23 -0.49393
9240.6 -0.494038
9240.97 -0.494145
9241.33 -0.494253
9241.7 -0.494361
9242.06 -0.494469
9242.43 -0.494577
9242.8 -0.494685
9243.16 -0.494793
9243.53 -0.494901
9243.9 -0.495009
9244.26 -0.495118
9244.63 -0.495226
9244.99 -0.495335
9245.36 -0.495443
9245.73 -0.495552
9246.09 -0.495661
9246.46 -0.49577
9246.83 -0.495878
9247.19 -0.495987
9247.56 -0.496096
9247.92 -0.496206
9248.29 -0.496315
9248.66 -0.496424
9249.02 -0.496533
9249.39 -0.496643
9249.75 -0.496752
9250.12 -0.496862
9250.49 -0.496971
9250.85 -0.497081
9251.22 -0.497191
9251.59 -0.497301
9251.95 -0.497411
9252.32 -0.497521
9252.68 -0.497631
9253.05 -0.497741
9253.42 -0.497851
9253.78 -0.497961
9254.15 -0.498072
9254.52 -0.498182
9254.88 -0.498293
9255.25 -0.498403
9255.61 -0.498514
9255.98 -0.498625
9256.35 -0.498736
9256.71 -0.498847
9257.08 -0.498958
9257.45 -0.499069
9257.81 -0.49918
9258.18 -0.499291
9258.54 -0.499402
9258.91 -0.499514
9259.28 -0.499625
9259.64 -0.499737
9260.01 -0.499848
9260.38 -0.49996
9260.74 -0.500072
9261.11 -0.500183
9261.47 -0.500295
9261.84 -0.500407
9262.21 -0.500519
9262.57 -0.500632
9262.94 -0.500744
9263.3 -0.500856
9263.67 -0.500968
9264.04 -0.501081
9264.4 -0.501193
9264.77 -0.501306
9265.14 -0.501418
9265.5 -0.501531
9265.87 -0.501644
9266.23 -0.501757
9266.6 -0.50187
9266.97 -0.501983
9267.33 -0.502096
9267.7 -0.502209
9268.07 -0.502322
9268.43 -0.502436
9268.8 -0.502549
9269.16 -0.502662
9269.53 -0.502776
9269.9 -0.50289
9270.26 -0.503003
9270.63 -0.503117
9271 -0.503231
9271.36 -0.503345
9271.73 -0.503459
9272.09 -0.503573
9272.46 -0.503687
9272.83 -0.503801
9273.19 -0.503916
9273.56 -0.50403
9273.92 -0.504145
9274.29 -0.504259
9274.66 -0.504374
9275.02 -0.504488
9275.39 -0.504603
9275.76 -0.504718
9276.12 -0.504833
9276.49 -0.504948
9276.85 -0.505063
9277.22 -0.505178
9277.59 -0.505293
9277.95 -0.505409
9278.32 -0.505524
9278.69 -0.505639
9279.05 -0.505755
9279.42 -0.505871
9279.78 -0.505986
9280.15 -0.506102
9280.52 -0.506218
9280.88 -0.506334
9281.25 -0.50645
9281.62 -0.506566
9281.98 -0.506682
9282.35 -0.506798
9282.71 -0.506914
9283.08 -0.507031
9283.45 -0.507147
9283.81 -0.507264
9284.18 -0.50738
9284.54 -0.507497
9284.91 -0.507614
9285.28 -0.507731
9285.64 -0.507848
9286.01 -0.507965
9286.38 -0.508082
9286.74 -0.508199
9287.11 -0.508316
9287.47 -0.508433
9287.84 -0.508551
9288.21 -0.508668
9288.57 -0.508786
9288.94 -0.508903
9289.31 -0.509021
9289.67 -0.509139
9290.04 -0.509256
9290.4 -0.509374
9290.77 -0.509492
9291.14 -0.50961
9291.5 -0.509728
9291.87 -0.509847
9292.24 -0.509965
9292.6 -0.510083
9292.97 -0.510202
9293.33 -0.51032
9293.7 -0.510439
9294.07 -0.510558
9294.43 -0.510676
9294.8 -0.510795
9295.17 -0.510914
9295.53 -0.511033
9295.9 -0.511152
9296.26 -0.511271
9296.63 -0.51139
9297 -0.51151
9297.36 -0.511629
9297.73 -0.511748
9298.09 -0.511868
9298.46 -0.511988
9298.83 -0.512107
9299.19 -0.512227
9299.56 -0.512347
9299.93 -0.512467
9300.29 -0.512587
9300.66 -0.512707
9301.02 -0.512827
9301.39 -0.512947
9301.76 -0.513067
9302.12 -0.513188
9302.49 -0.513308
9302.86 -0.513429
9303.22 -0.513549
9303.59 -0.51367
9303.95 -0.513791
9304.32 -0.513912
9304.69 -0.514032
9305.05 -0.514153
9305.42 -0.514274
9305.79 -0.514396
9306.15 -0.514517
9306.52 -0.514638
9306.88 -0.514759
9307.25 -0.514881
9307.62 -0.515003
9307.98 -0.515124
9308.35 -0.515246
9308.71 -0.515367
9309.08 -0.515489
9309.45 -0.515611
9309.81 -0.515733
9310.18 -0.515855
9310.55 -0.515977
9310.91 -0.5161
9311.28 -0.516222
9311.64 -0.516344
9312.01 -0.516467
9312.38 -0.516589
9312.74 -0.516712
9313.11 -0.516834
9313.48 -0.516957
9313.84 -0.51708
9314.21 -0.517203
9314.57 -0.517326
9314.94 -0.517449
9315.31 -0.517572
9315.67 -0.517695
9316.04 -0.517819
9316.41 -0.517942
9316.77 -0.518066
9317.14 -0.518189
9317.5 -0.518313
9317.87 -0.518437
9318.24 -0.51856
9318.6 -0.518684
9318.97 -0.518808
9319.33 -0.518932
9319.7 -0.519056
9320.07 -0.51918
9320.43 -0.519305
9320.8 -0.519429
9321.17 -0.519553
9321.53 -0.519678
9321.9 -0.519802
9322.26 -0.519927
9322.63 -0.520052
9323 -0.520176
9323.36 -0.520301
9323.73 -0.520426
9324.1 -0.520551
9324.46 -0.520676
9324.83 -0.520802
9325.19 -0.520927
9325.56 -0.521052
9325.93 -0.521178
9326.29 -0.521303
9326.66 -0.521429
9327.03 -0.521554
9327.39 -0.52168
9327.76 -0.521806
9328.12 -0.521932
9328.49 -0.522058
9328.86 -0.522184
9329.22 -0.52231
9329.59 -0.522436
9329.96 -0.522562
9330.32 -0.522689
9330.69 -0.522815
9331.05 -0.522942
9331.42 -0.523068
9331.79 -0.523195
9332.15 -0.523322
9332.52 -0.523449
9332.88 -0.523575
9333.25 -0.523703
9333.62 -0.52383
9333.98 -0.523957
9334.35 -0.524084
9334.72 -0.524211
9335.08 -0.524339
9335.45 -0.524466
9335.81 -0.524594
9336.18 -0.524721
9336.55 -0.524849
9336.91 -0.524977
9337.28 -0.525105
9337.65 -0.525232
9338.01 -0.525361
9338.38 -0.525489
9338.74 -0.525617
9339.11 -0.525745
9339.48 -0.525873
9339.84 -0.526002
9340.21 -0.52613
9340.58 -0.526259
9340.94 -0.526387
9341.31 -0.526516
9341.67 -0.526645
9342.04 -0.526774
9342.41 -0.526903
9342.77 -0.527032
9343.14 -0.527161
9343.5 -0.52729
9343.87 -0.52742
9344.24 -0.527549
9344.6 -0.527678
9344.97 -0.527808
9345.34 -0.527938
9345.7 -0.528067
9346.07 -0.528197
9346.43 -0.528327
9346.8 -0.528457
9347.17 -0.528587
9347.53 -0.528717
9347.9 -0.528847
9348.27 -0.528977
9348.63 -0.529107
9349 -0.529238
9349.36 -0.529368
9349.73 -0.529499
9350.1 -0.529629
9350.46 -0.52976
9350.83 -0.529891
9351.2 -0.530022
9351.56 -0.530153
9351.93 -0.530284
9352.29 -0.530415
9352.66 -0.530546
9353.03 -0.530677
9353.39 -0.530809
9353.76 -0.53094
9354.13 -0.531072
9354.49 -0.531203
9354.86 -0.531335
9355.22 -0.531467
9355.59 -0.531598
9355.96 -0.53173
9356.32 -0.531862
9356.69 -0.531994
9357.05 -0.532126
9357.42 -0.532259
9357.79 -0.532391
9358.15 -0.532523
9358.52 -0.532656
9358.89 -0.532788
9359.25 -0.532921
9359.62 -0.533054
9359.98 -0.533186
9360.35 -0.533319
9360.72 -0.533452
9361.08 -0.533585
9361.45 -0.533719
9361.82 -0.533852
9362.18 -0.533985
9362.55 -0.534118
9362.91 -0.534252
9363.28 -0.534385
9363.65 -0.534519
9364.01 -0.534652
9364.38 -0.534786
9364.75 -0.53492
9365.11 -0.535054
9365.48 -0.535188
9365.84 -0.535322
9366.21 -0.535456
9366.58 -0.53559
9366.94 -0.535725
9367.31 -0.535859
9367.67 -0.535993
9368.04 -0.536128
9368.41 -0.536263
9368.77 -0.536397
9369.14 -0.536532
9369.51 -0.536667
9369.87 -0.536802
9370.24 -0.536937
9370.6 -0.537072
9370.97 -0.537207
9371.34 -0.537343
9371.7 -0.537478
9372.07 -0.537613
9372.44 -0.537749
9372.8 -0.537885
9373.17 -0.53802
9373.53 -0.538156
9373.9 -0.538292
9374.27 -0.538428
9374.63 -0.538564
9375 -0.5387
9375.37 -0.538836
9375.73 -0.538972
9376.1 -0.539109
9376.46 -0.539245
9376.83 -0.539381
9377.2 -0.539518
9377.56 -0.539655
9377.93 -0.539791
9378.29 -0.539928
9378.66 -0.540065
9379.03 -0.540202
9379.39 -0.540339
9379.76 -0.540476
9380.13 -0.540613
9380.49 -0.540751
9380.86 -0.540888
9381.22 -0.541025
9381.59 -0.541163
9381.96 -0.541301
9382.32 -0.541438
9382.69 -0.541576
9383.06 -0.541714
9383.42 -0.541852
9383.79 -0.54199
9384.15 -0.542128
9384.52 -0.542266
9384.89 -0.542405
9385.25 -0.542543
9385.62 -0.542681
9385.99 -0.54282
9386.35 -0.542958
9386.72 -0.543097
9387.08 -0.543236
9387.45 -0.543375
9387.82 -0.543513
9388.18 -0.543652
9388.55 -0.543792
9388.92 -0.543931
9389.28 -0.54407
9389.65 -0.544209
9390.01 -0.544349
9390.38 -0.544488
9390.75 -0.544628
9391.11 -0.544767
9391.48 -0.544907
9391.84 -0.545047
9392.21 -0.545187
9392.58 -0.545327
9392.94 -0.545467
9393.31 -0.545607
9393.68 -0.545747
9394.04 -0.545888
9394.41 -0.546028
9394.77 -0.546168
9395.14 -0.546309
9395.51 -0.54645
9395.87 -0.54659
9396.24 -0.546731
9396.61 -0.546872
9396.97 -0.547013
9397.34 -0.547154
9397.7 -0.547295
9398.07 -0.547436
9398.44 -0.547578
9398.8 -0.547719
9399.17 -0.547861
9399.54 -0.548002
9399.9 -0.548144
9400.27 -0.548285
9400.63 -0.548427
9401 -0.548569
9401.37 -0.548711
9401.73 -0.548853
9402.1 -0.548995
9402.46 -0.549137
9402.83 -0.54928
9403.2 -0.549422
9403.56 -0.549564
9403.93 -0.549707
9404.3 -0.54985
9404.66 -0.549992
9405.03 -0.550135
9405.39 -0.550278
9405.76 -0.550421
9406.13 -0.550564
9406.49 -0.550707
9406.86 -0.55085
9407.23 -0.550993
9407.59 -0.551137
9407.96 -0.55128
9408.32 -0.551424
9408.69 -0.551567
9409.06 -0.551711
9409.42 -0.551855
9409.79 -0.551999
9410.16 -0.552142
9410.52 -0.552286
9410.89 -0.55243
9411.25 -0.552575
9411.62 -0.552719
9411.99 -0.552863
9412.35 -0.553008
9412.72 -0.553152
9413.08 -0.553297
9413.45 -0.553441
9413.82 -0.553586
9414.18 -0.553731
9414.55 -0.553876
9414.92 -0.554021
9415.28 -0.554166
9415.65 -0.554311
9416.01 -0.554456
9416.38 -0.554602
9416.75 -0.554747
9417.11 -0.554893
9417.48 -0.555038
9417.85 -0.555184
9418.21 -0.55533
9418.58 -0.555476
9418.94 -0.555622
9419.31 -0.555767
9419.68 -0.555914
9420.04 -0.55606
9420.41 -0.556206
9420.78 -0.556352
9421.14 -0.556499
9421.51 -0.556645
9421.87 -0.556792
9422.24 -0.556938
9422.61 -0.557085
9422.97 -0.557232
9423.34 -0.557379
9423.71 -0.557526
9424.07 -0.557673
9424.44 -0.55782
9424.8 -0.557967
9425.17 -0.558115
9425.54 -0.558262
9425.9 -0.55841
9426.27 -0.558557
9426.63 -0.558705
9427 -0.558853
9427.37 -0.559
9427.73 -0.559148
9428.1 -0.559296
9428.47 -0.559444
9428.83 -0.559592
9429.2 -0.559741
9429.56 -0.559889
9429.93 -0.560037
9430.3 -0.560186
9430.66 -0.560335
9431.03 -0.560483
9431.4 -0.560632
9431.76 -0.560781
9432.13 -0.56093
9432.49 -0.561079
9432.86 -0.561228
9433.23 -0.561377
9433.59 -0.561526
9433.96 -0.561676
9434.33 -0.561825
9434.69 -0.561974
9435.06 -0.562124
9435.42 -0.562274
9435.79 -0.562424
9436.16 -0.562573
9436.52 -0.562723
9436.89 -0.562873
9437.25 -0.563023
9437.62 -0.563174
9437.99 -0.563324
9438.35 -0.563474
9438.72 -0.563625
9439.09 -0.563775
9439.45 -0.563926
9439.82 -0.564076
9440.18 -0.564227
9440.55 -0.564378
9440.92 -0.564529
9441.28 -0.56468
9441.65 -0.564831
9442.02 -0.564982
9442.38 -0.565134
9442.75 -0.565285
9443.11 -0.565436
9443.48 -0.565588
9443.85 -0.565739
9444.21 -0.565891
9444.58 -0.566043
9444.95 -0.566195
9445.31 -0.566347
9445.68 -0.566499
9446.04 -0.566651
9446.41 -0.566803
9446.78 -0.566955
9447.14 -0.567108
9447.51 -0.56726
9447.88 -0.567413
9448.24 -0.567565
9448.61 -0.567718
9448.97 -0.567871
9449.34 -0.568024
9449.71 -0.568177
9450.07 -0.56833
9450.44 -0.568483
9450.8 -0.568636
9451.17 -0.568789
9451.54 -0.568943
9451.9 -0.569096
9452.27 -0.56925
9452.64 -0.569404
9453 -0.569557
9453.37 -0.569711
9453.73 -0.569865
9454.1 -0.570019
9454.47 -0.570173
9454.83 -0.570327
9455.2 -0.570481
9455.57 -0.570636
9455.93 -0.57079
9456.3 -0.570945
9456.66 -0.571099
9457.03 -0.571254
9457.4 -0.571409
9457.76 -0.571563
9458.13 -0.571718
9458.5 -0.571873
9458.86 -0.572028
9459.23 -0.572184
9459.59 -0.572339
9459.96 -0.572494
9460.33 -0.57265
9460.69 -0.572805
9461.06 -0.572961
9461.42 -0.573116
9461.79 -0.573272
9462.16 -0.573428
9462.52 -0.573584
9462.89 -0.57374
9463.26 -0.573896
9463.62 -0.574052
9463.99 -0.574209
9464.35 -0.574365
9464.72 -0.574521
9465.09 -0.574678
9465.45 -0.574835
9465.82 -0.574991
9466.19 -0.575148
9466.55 -0.575305
9466.92 -0.575462
9467.28 -0.575619
9467.65 -0.575776
9468.02 -0.575933
9468.38 -0.576091
9468.75 -0.576248
9469.12 -0.576406
9469.48 -0.576563
9469.85 -0.576721
9470.21 -0.576878
9470.58 -0.577036
9470.95 -0.577194
9471.31 -0.577352
9471.68 -0.57751
9472.04 -0.577668
9472.41 -0.577827
9472.78 -0.577985
9473.14 -0.578144
9473.51 -0.578302
9473.88 -0.578461
9474.24 -0.578619
9474.61 -0.578778
9474.97 -0.578937
9475.34 -0.579096
9475.71 -0.579255
9476.07 -0.579414
9476.44 -0.579573
9476.81 -0.579733
9477.17 -0.579892
9477.54 -0.580051
9477.9 -0.580211
9478.27 -0.580371
9478.64 -0.58053
9479 -0.58069
9479.37 -0.58085
9479.74 -0.58101
9480.1 -0.58117
9480.47 -0.58133
9480.83 -0.581491
9481.2 -0.581651
9481.57 -0.581811
9481.93 -0.581972
9482.3 -0.582132
9482.67 -0.582293
9483.03 -0.582454
9483.4 -0.582614
9483.76 -0.582775
9484.13 -0.582936
9484.5 -0.583098
9484.86 -0.583259
9485.23 -0.58342
9485.59 -0.583581
9485.96 -0.583743
9486.33 -0.583904
9486.69 -0.584066
9487.06 -0.584228
9487.43 -0.58439
9487.79 -0.584551
9488.16 -0.584713
9488.52 -0.584876
9488.89 -0.585038
9489.26 -0.5852
9489.62 -0.585362
9489.99 -0.585525
9490.36 -0.585687
9490.72 -0.58585
9491.09 -0.586012
9491.45 -0.586175
9491.82 -0.586338
9492.19 -0.586501
9492.55 -0.586664
9492.92 -0.586827
9493.29 -0.58699
9493.65 -0.587153
9494.02 -0.587317
9494.38 -0.58748
9494.75 -0.587644
9495.12 -0.587807
9495.48 -0.587971
9495.85 -0.588135
9496.21 -0.588299
9496.58 -0.588463
9496.95 -0.588627
9497.31 -0.588791
9497.68 -0.588955
9498.05 -0.58912
9498.41 -0.589284
9498.78 -0.589449
9499.14 -0.589613
9499.51 -0.589778
9499.88 -0.589943
9500.24 -0.590108
9500.61 -0.590272
9500.98 -0.590438
9501.34 -0.590603
9501.71 -0.590768
9502.07 -0.590933
9502.44 -0.591098
9502.81 -0.591264
9503.17 -0.591429
9503.54 -0.591595
9503.91 -0.591761
9504.27 -0.591927
9504.64 -0.592093
9505 -0.592259
9505.37 -0.592425
9505.74 -0.592591
9506.1 -0.592757
9506.47 -0.592923
9506.83 -0.59309
9507.2 -0.593256
9507.57 -0.593423
9507.93 -0.59359
9508.3 -0.593756
9508.67 -0.593923
9509.03 -0.59409
9509.4 -0.594257
9509.76 -0.594424
9510.13 -0.594592
9510.5 -0.594759
9510.86 -0.594926
9511.23 -0.595094
9511.6 -0.595261
9511.96 -0.595429
9512.33 -0.595597
9512.69 -0.595765
9513.06 -0.595933
9513.43 -0.596101
9513.79 -0.596269
9514.16 -0.596437
9514.53 -0.596605
9514.89 -0.596774
9515.26 -0.596942
9515.62 -0.597111
9515.99 -0.597279
9516.36 -0.597448
9516.72 -0.597617
9517.09 -0.597786
9517.46 -0.597955
9517.82 -0.598124
9518.19 -0.598293
9518.55 -0.598462
9518.92 -0.598632
9519.29 -0.598801
9519.65 -0.59897
9520.02 -0.59914
9520.38 -0.59931
9520.75 -0.59948
9521.12 -0.599649
9521.48 -0.599819
9521.85 -0.599989
9522.22 -0.60016
9522.58 -0.60033
9522.95 -0.6005
9523.31 -0.60067
9523.68 -0.600841
9524.05 -0.601012
9524.41 -0.601182
9524.78 -0.601353
9525.15 -0.601524
9525.51 -0.601695
9525.88 -0.601866
9526.24 -0.602037
9526.61 -0.602208
9526.98 -0.602379
9527.34 -0.602551
9527.71 -0.602722
9528.08 -0.602894
9528.44 -0.603066
9528.81 -0.603237
9529.17 -0.603409
9529.54 -0.603581
9529.91 -0.603753
9530.27 -0.603925
9530.64 -0.604097
9531 -0.60427
9531.37 -0.604442
9531.74 -0.604614
9532.1 -0.604787
9532.47 -0.60496
9532.84 -0.605132
9533.2 -0.605305
9533.57 -0.605478
9533.93 -0.605651
9534.3 -0.605824
9534.67 -0.605997
9535.03 -0.606171
9535.4 -0.606344
9535.77 -0.606517
9536.13 -0.606691
9536.5 -0.606865
9536.86 -0.607038
9537.23 -0.607212
9537.6 -0.607386
9537.96 -0.60756
9538.33 -0.607734
9538.7 -0.607908
9539.06 -0.608082
9539.43 -0.608257
9539.79 -0.608431
9540.16 -0.608606
9540.53 -0.60878
9540.89 -0.608955
9541.26 -0.60913
9541.63 -0.609305
9541.99 -0.609479
9542.36 -0.609655
9542.72 -0.60983
9543.09 -0.610005
9543.46 -0.61018
9543.82 -0.610356
9544.19 -0.610531
9544.55 -0.610707
9544.92 -0.610882
9545.29 -0.611058
9545.65 -0.611234
9546.02 -0.61141
9546.39 -0.611586
9546.75 -0.611762
9547.12 -0.611938
9547.48 -0.612115
9547.85 -0.612291
9548.22 -0.612468
9548.58 -0.612644
9548.95 -0.612821
9549.32 -0.612998
9549.68 -0.613174
9550.05 -0.613352
9550.41 -0.613528
9550.78 -0.613706
9551.15 -0.613883
9551.51 -0.61406
9551.88 -0.614237
9552.25 -0.614415
9552.61 -0.614593
9552.98 -0.61477
9553.34 -0.614948
9553.71 -0.615126
9554.08 -0.615304
9554.44 -0.615482
9554.81 -0.61566
9555.17 -0.615838
9555.54 -0.616016
9555.91 -0.616195
9556.27 -0.616373
9556.64 -0.616552
9557.01 -0.616731
9557.37 -0.616909
9557.74 -0.617088
9558.1 -0.617267
9558.47 -0.617446
9558.84 -0.617625
9559.2 -0.617804
9559.57 -0.617984
9559.94 -0.618163
9560.3 -0.618343
9560.67 -0.618522
9561.03 -0.618702
9561.4 -0.618882
9561.77 -0.619061
9562.13 -0.619241
9562.5 -0.619421
9562.87 -0.619602
9563.23 -0.619782
9563.6 -0.619962
9563.96 -0.620142
9564.33 -0.620323
9564.7 -0.620503
9565.06 -0.620684
9565.43 -0.620865
9565.79 -0.621046
9566.16 -0.621227
9566.53 -0.621408
9566.89 -0.621589
9567.26 -0.62177
9567.63 -0.621951
9567.99 -0.622133
9568.36 -0.622314
9568.72 -0.622496
9569.09 -0.622677
9569.46 -0.622859
9569.82 -0.623041
9570.19 -0.623223
9570.56 -0.623405
9570.92 -0.623587
9571.29 -0.623769
9571.65 -0.623952
9572.02 -0.624134
9572.39 -0.624317
9572.75 -0.624499
9573.12 -0.624682
9573.49 -0.624865
9573.85 -0.625047
9574.22 -0.62523
9574.58 -0.625413
9574.95 -0.625597
9575.32 -0.62578
9575.68 -0.625963
9576.05 -0.626146
9576.42 -0.62633
9576.78 -0.626514
9577.15 -0.626697
9577.51 -0.626881
9577.88 -0.627065
9578.25 -0.627249
9578.61 -0.627433
9578.98 -0.627617
9579.34 -0.627801
9579.71 -0.627986
9580.08 -0.62817
9580.44 -0.628355
9580.81 -0.628539
9581.18 -0.628724
9581.54 -0.628909
9581.91 -0.629094
9582.27 -0.629279
9582.64 -0.629464
9583.01 -0.629649
9583.37 -0.629834
9583.74 -0.630019
9584.11 -0.630205
9584.47 -0.63039
9584.84 -0.630576
9585.2 -0.630762
9585.57 -0.630947
9585.94 -0.631133
9586.3 -0.631319
9586.67 -0.631505
9587.04 -0.631691
9587.4 -0.631878
9587.77 -0.632064
9588.13 -0.63225
9588.5 -0.632437
9588.87 -0.632624
9589.23 -0.63281
9589.6 -0.632997
9589.96 -0.633184
9590.33 -0.633371
9590.7 -0.633558
9591.06 -0.633745
9591.43 -0.633933
9591.8 -0.63412
9592.16 -0.634307
9592.53 -0.634495
9592.89 -0.634682
9593.26 -0.63487
9593.63 -0.635058
9593.99 -0.635246
9594.36 -0.635434
9594.73 -0.635622
9595.09 -0.63581
9595.46 -0.635999
9595.82 -0.636187
9596.19 -0.636375
9596.56 -0.636564
9596.92 -0.636753
9597.29 -0.636941
9597.66 -0.63713
9598.02 -0.637319
9598.39 -0.637508
9598.75 -0.637698
9599.12 -0.637887
9599.49 -0.638076
9599.85 -0.638265
9600.22 -0.638455
9600.58 -0.638644
9600.95 -0.638834
9601.32 -0.639024
9601.68 -0.639214
9602.05 -0.639404
9602.42 -0.639594
9602.78 -0.639784
9603.15 -0.639974
9603.51 -0.640164
9603.88 -0.640355
9604.25 -0.640545
9604.61 -0.640736
9604.98 -0.640927
9605.35 -0.641118
9605.71 -0.641309
9606.08 -0.641499
9606.44 -0.641691
9606.81 -0.641882
9607.18 -0.642073
9607.54 -0.642264
9607.91 -0.642456
9608.28 -0.642647
9608.64 -0.642839
9609.01 -0.643031
9609.37 -0.643223
9609.74 -0.643414
9610.11 -0.643606
9610.47 -0.643799
9610.84 -0.643991
9611.21 -0.644183
9611.57 -0.644376
9611.94 -0.644568
9612.3 -0.64476
9612.67 -0.644953
9613.04 -0.645146
9613.4 -0.645339
9613.77 -0.645532
9614.13 -0.645725
9614.5 -0.645918
9614.87 -0.646111
9615.23 -0.646304
9615.6 -0.646498
9615.97 -0.646691
9616.33 -0.646885
9616.7 -0.647079
9617.06 -0.647273
9617.43 -0.647467
9617.8 -0.64766
9618.16 -0.647855
9618.53 -0.648049
9618.9 -0.648243
9619.26 -0.648437
9619.63 -0.648632
9619.99 -0.648826
9620.36 -0.649021
9620.73 -0.649216
9621.09 -0.649411
9621.46 -0.649605
9621.83 -0.6498
9622.19 -0.649996
9622.56 -0.650191
9622.92 -0.650386
9623.29 -0.650581
9623.66 -0.650777
9624.02 -0.650972
9624.39 -0.651168
9624.75 -0.651364
9625.12 -0.65156
9625.49 -0.651756
9625.85 -0.651952
9626.22 -0.652148
9626.59 -0.652344
9626.95 -0.65254
9627.32 -0.652737
9627.68 -0.652933
9628.05 -0.65313
9628.42 -0.653327
9628.78 -0.653524
9629.15 -0.65372
9629.52 -0.653917
9629.88 -0.654115
9630.25 -0.654312
9630.61 -0.654509
9630.98 -0.654706
9631.35 -0.654904
9631.71 -0.655101
9632.08 -0.655299
9632.45 -0.655497
9632.81 -0.655695
9633.18 -0.655893
9633.54 -0.656091
9633.91 -0.656289
9634.28 -0.656487
9634.64 -0.656685
9635.01 -0.656884
9635.38 -0.657082
9635.74 -0.657281
9636.11 -0.657479
9636.47 -0.657678
9636.84 -0.657877
9637.21 -0.658076
9637.57 -0.658275
9637.94 -0.658474
9638.3 -0.658674
9638.67 -0.658873
9639.04 -0.659072
9639.4 -0.659272
9639.77 -0.659472
9640.14 -0.659671
9640.5 -0.659871
9640.87 -0.660071
9641.23 -0.660271
9641.6 -0.660471
9641.97 -0.660671
9642.33 -0.660872
9642.7 -0.661072
9643.07 -0.661273
9643.43 -0.661473
9643.8 -0.661674
9644.16 -0.661875
9644.53 -0.662076
9644.9 -0.662276
9645.26 -0.662478
9645.63 -0.662679
9646 -0.66288
9646.36 -0.663081
9646.73 -0.663283
9647.09 -0.663484
9647.46 -0.663686
9647.83 -0.663888
9648.19 -0.66409
9648.56 -0.664292
9648.92 -0.664493
9649.29 -0.664696
9649.66 -0.664898
9650.02 -0.6651
9650.39 -0.665303
9650.76 -0.665505
9651.12 -0.665708
9651.49 -0.66591
9651.85 -0.666113
9652.22 -0.666316
9652.59 -0.666519
9652.95 -0.666722
9653.32 -0.666925
9653.69 -0.667129
9654.05 -0.667332
9654.42 -0.667535
9654.78 -0.667739
9655.15 -0.667943
9655.52 -0.668146
9655.88 -0.66835
9656.25 -0.668554
9656.62 -0.668758
9656.98 -0.668962
9657.35 -0.669167
9657.71 -0.669371
9658.08 -0.669575
9658.45 -0.66978
9658.81 -0.669984
9659.18 -0.670189
9659.54 -0.670394
9659.91 -0.670599
9660.28 -0.670804
9660.64 -0.671009
9661.01 -0.671214
9661.38 -0.671419
9661.74 -0.671625
9662.11 -0.67183
9662.47 -0.672036
9662.84 -0.672241
9663.21 -0.672447
9663.57 -0.672653
9663.94 -0.672859
9664.31 -0.673065
9664.67 -0.673271
9665.04 -0.673477
9665.4 -0.673684
9665.77 -0.67389
9666.14 -0.674097
9666.5 -0.674303
9666.87 -0.67451
9667.24 -0.674717
9667.6 -0.674924
9667.97 -0.675131
9668.33 -0.675338
9668.7 -0.675545
9669.07 -0.675752
9669.43 -0.67596
9669.8 -0.676167
9670.17 -0.676375
9670.53 -0.676582
9670.9 -0.67679
9671.26 -0.676998
9671.63 -0.677206
9672 -0.677414
9672.36 -0.677622
9672.73 -0.67783
9673.09 -0.678039
9673.46 -0.678247
9673.83 -0.678456
9674.19 -0.678665
9674.56 -0.678873
9674.93 -0.679082
9675.29 -0.679291
9675.66 -0.6795
9676.02 -0.679709
9676.39 -0.679918
9676.76 -0.680128
9677.12 -0.680337
9677.49 -0.680547
9677.86 -0.680756
9678.22 -0.680966
9678.59 -0.681176
9678.95 -0.681386
9679.32 -0.681596
9679.69 -0.681806
9680.05 -0.682016
9680.42 -0.682226
9680.79 -0.682437
9681.15 -0.682647
9681.52 -0.682858
9681.88 -0.683068
9682.25 -0.683279
9682.62 -0.68349
9682.98 -0.683701
9683.35 -0.683912
9683.71 -0.684123
9684.08 -0.684334
9684.45 -0.684546
9684.81 -0.684757
9685.18 -0.684969
9685.55 -0.68518
9685.91 -0.685392
9686.28 -0.685604
9686.64 -0.685816
9687.01 -0.686028
9687.38 -0.68624
9687.74 -0.686452
9688.11 -0.686665
9688.48 -0.686877
9688.84 -0.687089
9689.21 -0.687302
9689.57 -0.687515
9689.94 -0.687728
9690.31 -0.68794
9690.67 -0.688153
9691.04 -0.688367
9691.41 -0.68858
9691.77 -0.688793
9692.14 -0.689006
9692.5 -0.68922
9692.87 -0.689434
9693.24 -0.689647
9693.6 -0.689861
9693.97 -0.690075
9694.33 -0.690289
9694.7 -0.690503
9695.07 -0.690717
9695.43 -0.690931
9695.8 -0.691146
9696.17 -0.69136
9696.53 -0.691575
9696.9 -0.691789
9697.26 -0.692004
9697.63 -0.692219
9698 -0.692434
9698.36 -0.692649
9698.73 -0.692864
9699.1 -0.693079
9699.46 -0.693295
9699.83 -0.69351
9700.19 -0.693726
9700.56 -0.693941
9700.93 -0.694157
9701.29 -0.694373
9701.66 -0.694589
9702.03 -0.694805
9702.39 -0.695021
9702.76 -0.695237
9703.12 -0.695453
9703.49 -0.69567
9703.86 -0.695886
9704.22 -0.696103
9704.59 -0.69632
9704.96 -0.696536
9705.32 -0.696753
9705.69 -0.69697
9706.05 -0.697187
9706.42 -0.697405
9706.79 -0.697622
9707.15 -0.697839
9707.52 -0.698057
9707.88 -0.698274
9708.25 -0.698492
9708.62 -0.69871
9708.98 -0.698928
9709.35 -0.699146
9709.72 -0.699364
9710.08 -0.699582
9710.45 -0.6998
9710.81 -0.700019
9711.18 -0.700237
9711.55 -0.700456
9711.91 -0.700674
9712.28 -0.700893
9712.65 -0.701112
9713.01 -0.701331
9713.38 -0.70155
9713.74 -0.701769
9714.11 -0.701988
9714.48 -0.702208
9714.84 -0.702427
9715.21 -0.702647
9715.58 -0.702866
9715.94 -0.703086
9716.31 -0.703306
9716.67 -0.703526
9717.04 -0.703746
9717.41 -0.703966
9717.77 -0.704186
9718.14 -0.704407
9718.5 -0.704627
9718.87 -0.704848
9719.24 -0.705068
9719.6 -0.705289
9719.97 -0.70551
9720.34 -0.705731
9720.7 -0.705952
9721.07 -0.706173
9721.43 -0.706394
9721.8 -0.706615
9722.17 -0.706837
9722.53 -0.707058
9722.9 -0.70728
9723.27 -0.707502
9723.63 -0.707723
9724 -0.707945
9724.36 -0.708167
9724.73 -0.708389
9725.1 -0.708612
9725.46 -0.708834
9725.83 -0.709056
9726.2 -0.709279
9726.56 -0.709501
9726.93 -0.709724
9727.29 -0.709947
9727.66 -0.71017
9728.03 -0.710393
9728.39 -0.710616
9728.76 -0.710839
9729.13 -0.711062
9729.49 -0.711286
9729.86 -0.711509
9730.22 -0.711733
9730.59 -0.711956
9730.96 -0.71218
9731.32 -0.712404
9731.69 -0.712628
9732.05 -0.712852
9732.42 -0.713076
9732.79 -0.713301
9733.15 -0.713525
9733.52 -0.713749
9733.89 -0.713974
9734.25 -0.714199
9734.62 -0.714423
9734.98 -0.714648
9735.35 -0.714873
9735.72 -0.715098
9736.08 -0.715323
9736.45 -0.715549
9736.82 -0.715774
9737.18 -0.716
9737.55 -0.716225
9737.91 -0.716451
9738.28 -0.716676
9738.65 -0.716902
9739.01 -0.717128
9739.38 -0.717354
9739.75 -0.717581
9740.11 -0.717807
9740.48 -0.718033
9740.84 -0.71826
9741.21 -0.718486
9741.58 -0.718713
9741.94 -0.718939
9742.31 -0.719166
9742.67 -0.719393
9743.04 -0.71962
9743.41 -0.719848
9743.77 -0.720075
9744.14 -0.720302
9744.51 -0.72053
9744.87 -0.720757
9745.24 -0.720985
9745.6 -0.721212
9745.97 -0.72144
9746.34 -0.721668
9746.7 -0.721896
9747.07 -0.722124
9747.44 -0.722353
9747.8 -0.722581
9748.17 -0.722809
9748.53 -0.723038
9748.9 -0.723266
9749.27 -0.723495
9749.63 -0.723724
9750 -0.723953
9750.37 -0.724182
9750.73 -0.724411
9751.1 -0.72464
9751.46 -0.72487
9751.83 -0.725099
9752.2 -0.725328
9752.56 -0.725558
9752.93 -0.725788
9753.29 -0.726018
9753.66 -0.726248
9754.03 -0.726478
9754.39 -0.726708
9754.76 -0.726938
9755.13 -0.727168
9755.49 -0.727399
9755.86 -0.727629
9756.22 -0.72786
9756.59 -0.728091
9756.96 -0.728321
9757.32 -0.728552
9757.69 -0.728783
9758.06 -0.729014
9758.42 -0.729246
9758.79 -0.729477
9759.15 -0.729708
9759.52 -0.72994
9759.89 -0.730172
9760.25 -0.730403
9760.62 -0.730635
9760.99 -0.730867
9761.35 -0.731099
9761.72 -0.731331
9762.08 -0.731563
9762.45 -0.731796
9762.82 -0.732028
9763.18 -0.732261
9763.55 -0.732493
9763.92 -0.732726
9764.28 -0.732959
9764.65 -0.733192
9765.01 -0.733425
9765.38 -0.733658
9765.75 -0.733891
9766.11 -0.734124
9766.48 -0.734358
9766.84 -0.734591
9767.21 -0.734825
9767.58 -0.735059
9767.94 -0.735292
9768.31 -0.735526
9768.68 -0.73576
9769.04 -0.735994
9769.41 -0.736228
9769.77 -0.736463
9770.14 -0.736697
9770.51 -0.736932
9770.87 -0.737166
9771.24 -0.737401
9771.61 -0.737636
9771.97 -0.737871
9772.34 -0.738106
9772.7 -0.738341
9773.07 -0.738576
9773.44 -0.738811
9773.8 -0.739047
9774.17 -0.739282
9774.54 -0.739518
9774.9 -0.739754
9775.27 -0.739989
9775.63 -0.740225
9776 -0.740461
9776.37 -0.740697
9776.73 -0.740933
9777.1 -0.74117
9777.46 -0.741406
9777.83 -0.741643
9778.2 -0.741879
9778.56 -0.742116
9778.93 -0.742353
9779.3 -0.74259
9779.66 -0.742827
9780.03 -0.743064
9780.39 -0.743301
9780.76 -0.743538
9781.13 -0.743776
9781.49 -0.744013
9781.86 -0.744251
9782.23 -0.744489
9782.59 -0.744726
9782.96 -0.744964
9783.32 -0.745202
9783.69 -0.74544
9784.06 -0.745678
9784.42 -0.745917
9784.79 -0.746155
9785.16 -0.746394
9785.52 -0.746632
9785.89 -0.746871
9786.25 -0.74711
9786.62 -0.747349
9786.99 -0.747588
9787.35 -0.747827
9787.72 -0.748066
9788.08 -0.748305
9788.45 -0.748545
9788.82 -0.748784
9789.18 -0.749024
9789.55 -0.749264
9789.92 -0.749503
9790.28 -0.749743
9790.65 -0.749983
9791.01 -0.750223
9791.38 -0.750464
9791.75 -0.750704
9792.11 -0.750944
9792.48 -0.751185
9792.85 -0.751426
9793.21 -0.751666
9793.58 -0.751907
9793.94 -0.752148
9794.31 -0.752389
9794.68 -0.75263
9795.04 -0.752871
9795.41 -0.753112
9795.78 -0.753354
9796.14 -0.753595
9796.51 -0.753837
9796.87 -0.754079
9797.24 -0.75432
9797.61 -0.754562
9797.97 -0.754804
9798.34 -0.755047
9798.71 -0.755289
9799.07 -0.755531
9799.44 -0.755774
9799.8 -0.756016
9800.17 -0.756258
9800.54 -0.756501
9800.9 -0.756744
9801.27 -0.756987
9801.63 -0.75723
9802 -0.757473
9802.37 -0.757717
9802.73 -0.75796
9803.1 -0.758203
9803.47 -0.758447
9803.83 -0.75869
9804.2 -0.758934
9804.56 -0.759178
9804.93 -0.759422
9805.3 -0.759666
9805.66 -0.75991
9806.03 -0.760154
9806.4 -0.760398
9806.76 -0.760643
9807.13 -0.760887
9807.49 -0.761132
9807.86 -0.761377
9808.23 -0.761621
9808.59 -0.761866
9808.96 -0.762111
9809.33 -0.762357
9809.69 -0.762602
9810.06 -0.762847
9810.42 -0.763093
9810.79 -0.763338
9811.16 -0.763584
9811.52 -0.763829
9811.89 -0.764075
9812.25 -0.764321
9812.62 -0.764567
9812.99 -0.764813
9813.35 -0.76506
9813.72 -0.765306
9814.09 -0.765552
9814.45 -0.765799
9814.82 -0.766046
9815.18 -0.766292
9815.55 -0.766539
9815.92 -0.766786
9816.28 -0.767033
9816.65 -0.76728
9817.02 -0.767527
9817.38 -0.767775
9817.75 -0.768022
9818.11 -0.76827
9818.48 -0.768517
9818.85 -0.768765
9819.21 -0.769013
9819.58 -0.769261
9819.95 -0.769509
9820.31 -0.769757
9820.68 -0.770005
9821.04 -0.770254
9821.41 -0.770502
9821.78 -0.77075
9822.14 -0.770999
9822.51 -0.771248
9822.88 -0.771497
9823.24 -0.771746
9823.61 -0.771995
9823.97 -0.772244
9824.34 -0.772493
9824.71 -0.772743
9825.07 -0.772992
9825.44 -0.773242
9825.8 -0.773491
9826.17 -0.773741
9826.54 -0.773991
9826.9 -0.774241
9827.27 -0.774491
9827.64 -0.774741
9828 -0.774991
9828.37 -0.775242
9828.73 -0.775492
9829.1 -0.775743
9829.47 -0.775993
9829.83 -0.776244
9830.2 -0.776495
9830.57 -0.776746
9830.93 -0.776997
9831.3 -0.777248
9831.66 -0.777499
9832.03 -0.777751
9832.4 -0.778002
9832.76 -0.778254
9833.13 -0.778505
9833.5 -0.778757
9833.86 -0.779009
9834.23 -0.779261
9834.59 -0.779513
9834.96 -0.779765
9835.33 -0.780017
9835.69 -0.78027
9836.06 -0.780522
9836.42 -0.780775
9836.79 -0.781028
9837.16 -0.78128
9837.52 -0.781533
9837.89 -0.781786
9838.26 -0.782039
9838.62 -0.782292
9838.99 -0.782546
9839.35 -0.782799
9839.72 -0.783053
9840.09 -0.783306
9840.45 -0.78356
9840.82 -0.783814
9841.19 -0.784067
9841.55 -0.784321
9841.92 -0.784576
9842.28 -0.78483
9842.65 -0.785084
9843.02 -0.785338
9843.38 -0.785593
9843.75 -0.785847
9844.12 -0.786102
9844.48 -0.786357
9844.85 -0.786612
9845.21 -0.786867
9845.58 -0.787122
9845.95 -0.787377
9846.31 -0.787632
9846.68 -0.787888
9847.04 -0.788143
9847.41 -0.788399
9847.78 -0.788655
9848.14 -0.78891
9848.51 -0.789166
9848.88 -0.789422
9849.24 -0.789678
9849.61 -0.789935
9849.97 -0.790191
9850.34 -0.790447
9850.71 -0.790704
9851.07 -0.79096
9851.44 -0.791217
9851.81 -0.791474
9852.17 -0.791731
9852.54 -0.791988
9852.9 -0.792245
9853.27 -0.792502
9853.64 -0.792759
9854 -0.793017
9854.37 -0.793274
9854.74 -0.793532
9855.1 -0.79379
9855.47 -0.794047
9855.83 -0.794305
9856.2 -0.794563
9856.57 -0.794821
9856.93 -0.79508
9857.3 -0.795338
9857.67 -0.795596
9858.03 -0.795855
9858.4 -0.796114
9858.76 -0.796372
9859.13 -0.796631
9859.5 -0.79689
9859.86 -0.797149
9860.23 -0.797408
9860.59 -0.797667
9860.96 -0.797926
9861.33 -0.798186
9861.69 -0.798445
9862.06 -0.798705
9862.43 -0.798965
9862.79 -0.799225
9863.16 -0.799484
9863.52 -0.799745
9863.89 -0.800005
9864.26 -0.800265
9864.62 -0.800525
9864.99 -0.800786
9865.36 -0.801046
9865.72 -0.801307
9866.09 -0.801568
9866.45 -0.801828
9866.82 -0.802089
9867.19 -0.80235
9867.55 -0.802611
9867.92 -0.802873
9868.29 -0.803134
9868.65 -0.803395
9869.02 -0.803657
9869.38 -0.803919
9869.75 -0.80418
9870.12 -0.804442
9870.48 -0.804704
9870.85 -0.804966
9871.21 -0.805228
9871.58 -0.80549
9871.95 -0.805753
9872.31 -0.806015
9872.68 -0.806278
9873.05 -0.80654
9873.41 -0.806803
9873.78 -0.807066
9874.14 -0.807329
9874.51 -0.807592
9874.88 -0.807855
9875.24 -0.808118
9875.61 -0.808382
9875.98 -0.808645
9876.34 -0.808909
9876.71 -0.809172
9877.07 -0.809436
9877.44 -0.8097
9877.81 -0.809964
9878.17 -0.810228
9878.54 -0.810492
9878.91 -0.810756
9879.27 -0.811021
9879.64 -0.811285
9880 -0.81155
9880.37 -0.811814
9880.74 -0.812079
9881.1 -0.812344
9881.47 -0.812609
9881.83 -0.812874
9882.2 -0.813139
9882.57 -0.813404
9882.93 -0.81367
9883.3 -0.813935
9883.67 -0.8142
9884.03 -0.814466
9884.4 -0.814732
9884.76 -0.814998
9885.13 -0.815264
9885.5 -0.81553
9885.86 -0.815796
9886.23 -0.816062
9886.6 -0.816328
9886.96 -0.816595
9887.33 -0.816861
9887.69 -0.817128
9888.06 -0.817395
9888.43 -0.817662
9888.79 -0.817929
9889.16 -0.818196
9889.53 -0.818463
9889.89 -0.81873
9890.26 -0.818998
9890.62 -0.819265
9890.99 -0.819533
9891.36 -0.8198
9891.72 -0.820068
9892.09 -0.820336
9892.46 -0.820604
9892.82 -0.820872
9893.19 -0.82114
9893.55 -0.821408
9893.92 -0.821676
9894.29 -0.821945
9894.65 -0.822213
9895.02 -0.822482
9895.38 -0.822751
9895.75 -0.82302
9896.12 -0.823289
9896.48 -0.823558
9896.85 -0.823827
9897.22 -0.824096
9897.58 -0.824365
9897.95 -0.824635
9898.31 -0.824905
9898.68 -0.825174
9899.05 -0.825444
9899.41 -0.825714
9899.78 -0.825984
9900.15 -0.826254
9900.51 -0.826524
9900.88 -0.826794
9901.24 -0.827065
9901.61 -0.827335
9901.98 -0.827606
9902.34 -0.827876
9902.71 -0.828147
9903.08 -0.828418
9903.44 -0.828689
9903.81 -0.82896
9904.17 -0.829231
9904.54 -0.829502
9904.91 -0.829774
9905.27 -0.830045
9905.64 -0.830316
9906 -0.830588
9906.37 -0.83086
9906.74 -0.831132
9907.1 -0.831404
9907.47 -0.831676
9907.84 -0.831948
9908.2 -0.83222
9908.57 -0.832492
9908.93 -0.832765
9909.3 -0.833037
9909.67 -0.83331
9910.03 -0.833583
9910.4 -0.833856
9910.77 -0.834129
9911.13 -0.834402
9911.5 -0.834675
9911.86 -0.834948
9912.23 -0.835221
9912.6 -0.835495
9912.96 -0.835768
9913.33 -0.836042
9913.7 -0.836316
9914.06 -0.83659
9914.43 -0.836864
9914.79 -0.837138
9915.16 -0.837412
9915.53 -0.837686
9915.89 -0.83796
9916.26 -0.838235
9916.63 -0.838509
9916.99 -0.838784
9917.36 -0.839059
9917.72 -0.839334
9918.09 -0.839608
9918.46 -0.839884
9918.82 -0.840159
9919.19 -0.840434
9919.55 -0.840709
9919.92 -0.840985
9920.29 -0.84126
9920.65 -0.841536
9921.02 -0.841811
9921.39 -0.842087
9921.75 -0.842363
9922.12 -0.842639
9922.48 -0.842915
9922.85 -0.843192
9923.22 -0.843468
9923.58 -0.843744
9923.95 -0.844021
9924.32 -0.844298
9924.68 -0.844574
9925.05 -0.844851
9925.41 -0.845128
9925.78 -0.845405
9926.15 -0.845682
9926.51 -0.845959
9926.88 -0.846237
9927.25 -0.846514
9927.61 -0.846792
9927.98 -0.847069
9928.34 -0.847347
9928.71 -0.847625
9929.08 -0.847903
9929.44 -0.848181
9929.81 -0.848459
9930.17 -0.848737
9930.54 -0.849015
9930.91 -0.849294
9931.27 -0.849572
9931.64 -0.849851
9932.01 -0.850129
9932.37 -0.850408
9932.74 -0.850687
9933.1 -0.850966
9933.47 -0.851245
9933.84 -0.851524
9934.2 -0.851804
9934.57 -0.852083
9934.94 -0.852363
9935.3 -0.852642
9935.67 -0.852922
9936.03 -0.853202
9936.4 -0.853482
9936.77 -0.853762
9937.13 -0.854042
9937.5 -0.854322
9937.87 -0.854602
9938.23 -0.854882
9938.6 -0.855163
9938.96 -0.855444
9939.33 -0.855724
9939.7 -0.856005
9940.06 -0.856286
9940.43 -0.856567
9940.79 -0.856848
9941.16 -0.857129
9941.53 -0.85741
9941.89 -0.857692
9942.26 -0.857973
9942.63 -0.858255
9942.99 -0.858536
9943.36 -0.858818
9943.72 -0.8591
9944.09 -0.859382
9944.46 -0.859664
9944.82 -0.859946
9945.19 -0.860228
9945.56 -0.860511
9945.92 -0.860793
9946.29 -0.861076
9946.65 -0.861358
9947.02 -0.861641
9947.39 -0.861924
9947.75 -0.862207
9948.12 -0.86249
9948.49 -0.862773
9948.85 -0.863056
9949.22 -0.86334
9949.58 -0.863623
9949.95 -0.863907
9950.32 -0.86419
9950.68 -0.864474
9951.05 -0.864758
9951.42 -0.865042
9951.78 -0.865326
9952.15 -0.86561
9952.51 -0.865894
9952.88 -0.866178
9953.25 -0.866463
9953.61 -0.866747
9953.98 -0.867032
9954.34 -0.867316
9954.71 -0.867601
9955.08 -0.867886
9955.44 -0.868171
9955.81 -0.868456
9956.18 -0.868741
9956.54 -0.869027
9956.91 -0.869312
9957.27 -0.869597
9957.64 -0.869883
9958.01 -0.870169
9958.37 -0.870455
9958.74 -0.87074
9959.11 -0.871026
9959.47 -0.871312
9959.84 -0.871599
9960.2 -0.871885
9960.57 -0.872171
9960.94 -0.872458
9961.3 -0.872744
9961.67 -0.873031
9962.04 -0.873318
9962.4 -0.873604
9962.77 -0.873891
9963.13 -0.874178
9963.5 -0.874465
9963.87 -0.874753
9964.23 -0.87504
9964.6 -0.875327
9964.96 -0.875615
9965.33 -0.875903
9965.7 -0.87619
9966.06 -0.876478
9966.43 -0.876766
9966.8 -0.877054
9967.16 -0.877342
9967.53 -0.87763
9967.89 -0.877919
9968.26 -0.878207
9968.63 -0.878495
9968.99 -0.878784
9969.36 -0.879073
9969.73 -0.879362
9970.09 -0.87965
9970.46 -0.879939
9970.82 -0.880228
9971.19 -0.880517
9971.56 -0.880807
9971.92 -0.881096
9972.29 -0.881386
9972.66 -0.881675
9973.02 -0.881965
9973.39 -0.882255
9973.75 -0.882544
9974.12 -0.882834
9974.49 -0.883124
9974.85 -0.883414
9975.22 -0.883705
9975.58 -0.883995
9975.95 -0.884285
9976.32 -0.884576
9976.68 -0.884867
9977.05 -0.885157
9977.42 -0.885448
9977.78 -0.885739
9978.15 -0.88603
9978.51 -0.886321
9978.88 -0.886612
9979.25 -0.886903
9979.61 -0.887195
9979.98 -0.887486
9980.35 -0.887778
9980.71 -0.88807
9981.08 -0.888361
9981.44 -0.888653
9981.81 -0.888945
9982.18 -0.889237
9982.54 -0.889529
9982.91 -0.889821
9983.28 -0.890114
9983.64 -0.890406
9984.01 -0.890699
9984.37 -0.890991
9984.74 -0.891284
9985.11 -0.891577
9985.47 -0.89187
9985.84 -0.892163
9986.21 -0.892456
9986.57 -0.892749
9986.94 -0.893042
9987.3 -0.893336
9987.67 -0.893629
9988.04 -0.893923
9988.4 -0.894217
9988.77 -0.89451
9989.13 -0.894804
9989.5 -0.895098
9989.87 -0.895392
9990.23 -0.895686
9990.6 -0.895981
9990.97 -0.896275
9991.33 -0.896569
9991.7 -0.896864
9992.06 -0.897159
9992.43 -0.897453
9992.8 -0.897748
9993.16 -0.898043
9993.53 -0.898338
9993.9 -0.898633
9994.26 -0.898928
9994.63 -0.899224
9994.99 -0.899519
9995.36 -0.899814
9995.73 -0.90011
9996.09 -0.900406
9996.46 -0.900701
9996.83 -0.900997
9997.19 -0.901293
9997.56 -0.901589
9997.92 -0.901885
9998.29 -0.902182
9998.66 -0.902478
9999.02 -0.902774
9999.39 -0.903071
9999.75 -0.903367
10000.1 -0.903664
10000.5 -0.903961
10000.9 -0.904258
10001.2 -0.904555
10001.6 -0.904852
10002 -0.905149
10002.3 -0.905446
10002.7 -0.905744
10003.1 -0.906041
10003.4 -0.906339
10003.8 -0.906636
10004.1 -0.906934
10004.5 -0.907232
10004.9 -0.90753
10005.2 -0.907828
10005.6 -0.908126
10006 -0.908424
10006.3 -0.908723
10006.7 -0.909021
10007.1 -0.909319
10007.4 -0.909618
10007.8 -0.909917
10008.2 -0.910216
10008.5 -0.910514
10008.9 -0.910813
10009.3 -0.911112
10009.6 -0.911412
10010 -0.911711
10010.4 -0.91201
10010.7 -0.912309
10011.1 -0.912609
10011.5 -0.912909
10011.8 -0.913208
10012.2 -0.913508
10012.6 -0.913808
10012.9 -0.914108
10013.3 -0.914408
10013.7 -0.914708
10014 -0.915009
10014.4 -0.915309
10014.8 -0.915609
10015.1 -0.91591
10015.5 -0.916211
10015.9 -0.916511
10016.2 -0.916812
10016.6 -0.917113
10017 -0.917414
10017.3 -0.917715
10017.7 -0.918016
10018.1 -0.918317
10018.4 -0.918619
10018.8 -0.91892
10019.2 -0.919222
10019.5 -0.919524
10019.9 -0.919825
10020.3 -0.920127
10020.6 -0.920429
10021 -0.920731
10021.4 -0.921033
10021.7 -0.921335
10022.1 -0.921638
10022.5 -0.92194
10022.8 -0.922243
10023.2 -0.922545
10023.6 -0.922848
10023.9 -0.923151
10024.3 -0.923453
10024.7 -0.923756
10025 -0.924059
10025.4 -0.924363
10025.8 -0.924666
10026.1 -0.924969
10026.5 -0.925272
10026.9 -0.925576
10027.2 -0.92588
10027.6 -0.926183
10028 -0.926487
10028.3 -0.926791
10028.7 -0.927095
10029.1 -0.927399
10029.4 -0.927703
10029.8 -0.928007
10030.2 -0.928311
10030.5 -0.928616
10030.9 -0.92892
10031.2 -0.929225
10031.6 -0.92953
10032 -0.929834
10032.3 -0.930139
10032.7 -0.930444
10033.1 -0.930749
10033.4 -0.931054
10033.8 -0.93136
10034.2 -0.931665
10034.5 -0.93197
10034.9 -0.932276
10035.3 -0.932581
10035.6 -0.932887
10036 -0.933193
10036.4 -0.933499
10036.7 -0.933805
10037.1 -0.934111
10037.5 -0.934417
10037.8 -0.934723
10038.2 -0.935029
10038.6 -0.935336
10038.9 -0.935642
10039.3 -0.935949
10039.7 -0.936256
10040 -0.936562
10040.4 -0.936869
10040.8 -0.937176
10041.1 -0.937483
10041.5 -0.93779
10041.9 -0.938097
10042.2 -0.938405
10042.6 -0.938712
10043 -0.93902
10043.3 -0.939327
10043.7 -0.939635
10044.1 -0.939943
10044.4 -0.94025
10044.8 -0.940558
10045.2 -0.940866
10045.5 -0.941174
10045.9 -0.941483
10046.3 -0.941791
10046.6 -0.942099
10047 -0.942408
10047.4 -0.942716
10047.7 -0.943025
10048.1 -0.943334
10048.5 -0.943642
10048.8 -0.943951
10049.2 -0.94426
10049.6 -0.944569
10049.9 -0.944879
10050.3 -0.945188
10050.7 -0.945497
10051 -0.945807
10051.4 -0.946116
10051.8 -0.946426
10052.1 -0.946736
10052.5 -0.947045
10052.9 -0.947355
10053.2 -0.947665
10053.6 -0.947975
10054 -0.948285
10054.3 -0.948596
10054.7 -0.948906
10055.1 -0.949216
10055.4 -0.949527
10055.8 -0.949837
10056.2 -0.950148
10056.5 -0.950459
10056.9 -0.95077
10057.3 -0.951081
10057.6 -0.951392
10058 -0.951703
10058.3 -0.952014
10058.7 -0.952325
10059.1 -0.952637
10059.4 -0.952948
10059.8 -0.95326
10060.2 -0.953571
10060.5 -0.953883
10060.9 -0.954195
10061.3 -0.954507
10061.6 -0.954819
10062 -0.955131
10062.4 -0.955443
10062.7 -0.955755
10063.1 -0.956068
10063.5 -0.95638
10063.8 -0.956693
10064.2 -0.957005
10064.6 -0.957318
10064.9 -0.957631
10065.3 -0.957943
10065.7 -0.958256
10066 -0.95857
10066.4 -0.958883
10066.8 -0.959196
10067.1 -0.959509
10067.5 -0.959823
10067.9 -0.960136
10068.2 -0.960449
10068.6 -0.960763
10069 -0.961077
10069.3 -0.961391
10069.7 -0.961704
10070.1 -0.962019
10070.4 -0.962333
10070.8 -0.962647
10071.2 -0.962961
10071.5 -0.963275
10071.9 -0.96359
10072.3 -0.963904
10072.6 -0.964219
10073 -0.964533
10073.4 -0.964848
10073.7 -0.965163
10074.1 -0.965478
10074.5 -0.965793
10074.8 -0.966108
10075.2 -0.966423
10075.6 -0.966739
10075.9 -0.967054
10076.3 -0.967369
10076.7 -0.967685
10077 -0.968
10077.4 -0.968316
10077.8 -0.968632
10078.1 -0.968948
10078.5 -0.969264
10078.9 -0.96958
10079.2 -0.969896
10079.6 -0.970212
10080 -0.970528
10080.3 -0.970845
10080.7 -0.971161
10081.1 -0.971478
10081.4 -0.971794
10081.8 -0.972111
10082.2 -0.972428
10082.5 -0.972745
10082.9 -0.973062
10083.3 -0.973379
10083.6 -0.973696
10084 -0.974013
10084.3 -0.97433
10084.7 -0.974648
10085.1 -0.974965
10085.4 -0.975283
10085.8 -0.9756
10086.2 -0.975918
10086.5 -0.976236
10086.9 -0.976554
10087.3 -0.976872
10087.6 -0.97719
10088 -0.977508
10088.4 -0.977826
10088.7 -0.978144
10089.1 -0.978463
10089.5 -0.978781
10089.8 -0.9791
10090.2 -0.979418
10090.6 -0.979737
10090.9 -0.980056
10091.3 -0.980375
10091.7 -0.980694
10092 -0.981013
10092.4 -0.981332
10092.8 -0.981651
10093.1 -0.98197
10093.5 -0.98229
10093.9 -0.982609
10094.2 -0.982928
10094.6 -0.983248
10095 -0.983568
10095.3 -0.983888
10095.7 -0.984207
10096.1 -0.984527
10096.4 -0.984847
10096.8 -0.985167
10097.2 -0.985488
10097.5 -0.985808
10097.9 -0.986128
10098.3 -0.986449
10098.6 -0.986769
10099 -0.98709
10099.4 -0.987411
10099.7 -0.987731
10100.1 -0.988052
10100.5 -0.988373
10100.8 -0.988694
10101.2 -0.989015
10101.6 -0.989336
10101.9 -0.989657
10102.3 -0.989979
10102.7 -0.9903
10103 -0.990622
10103.4 -0.990943
10103.8 -0.991265
10104.1 -0.991587
10104.5 -0.991908
10104.9 -0.99223
10105.2 -0.992552
10105.6 -0.992874
10106 -0.993196
10106.3 -0.993519
10106.7 -0.993841
10107.1 -0.994163
10107.4 -0.994486
10107.8 -0.994808
10108.2 -0.995131
10108.5 -0.995453
10108.9 -0.995776
10109.3 -0.996099
10109.6 -0.996422
10110 -0.996745
10110.4 -0.997068
10110.7 -0.997391
10111.1 -0.997714
10111.4 -0.998038
10111.8 -0.998361
10112.2 -0.998685
10112.5 -0.999008
10112.9 -0.999332
10113.3 -0.999655
10113.6 -0.999979
10114 -1.0003
10114.4 -1.00063
10114.7 -1.00095
10115.1 -1.00128
10115.5 -1.0016
10115.8 -1.00192
10116.2 -1.00225
10116.6 -1.00257
10116.9 -1.0029
10117.3 -1.00322
10117.7 -1.00355
10118 -1.00387
10118.4 -1.0042
10118.8 -1.00452
10119.1 -1.00485
10119.5 -1.00517
10119.9 -1.0055
10120.2 -1.00582
10120.6 -1.00615
10121 -1.00647
10121.3 -1.0068
10121.7 -1.00712
10122.1 -1.00745
10122.4 -1.00777
10122.8 -1.0081
10123.2 -1.00842
10123.5 -1.00875
10123.9 -1.00908
10124.3 -1.0094
10124.6 -1.00973
10125 -1.01006
10125.4 -1.01038
10125.7 -1.01071
10126.1 -1.01103
10126.5 -1.01136
10126.8 -1.01169
10127.2 -1.01201
10127.6 -1.01234
10127.9 -1.01267
10128.3 -1.01299
10128.7 -1.01332
10129 -1.01365
10129.4 -1.01398
10129.8 -1.0143
10130.1 -1.01463
10130.5 -1.01496
10130.9 -1.01528
10131.2 -1.01561
10131.6 -1.01594
10132 -1.01627
10132.3 -1.01659
10132.7 -1.01692
10133.1 -1.01725
10133.4 -1.01758
10133.8 -1.01791
10134.2 -1.01823
10134.5 -1.01856
10134.9 -1.01889
10135.3 -1.01922
10135.6 -1.01955
10136 -1.01988
10136.4 -1.0202
10136.7 -1.02053
10137.1 -1.02086
10137.5 -1.02119
10137.8 -1.02152
10138.2 -1.02185
10138.5 -1.02218
10138.9 -1.02251
10139.3 -1.02283
10139.6 -1.02316
10140 -1.02349
10140.4 -1.02382
10140.7 -1.02415
10141.1 -1.02448
10141.5 -1.02481
10141.8 -1.02514
10142.2 -1.02547
10142.6 -1.0258
10142.9 -1.02613
10143.3 -1.02646
10143.7 -1.02679
10144 -1.02712
10144.4 -1.02745
10144.8 -1.02778
10145.1 -1.02811
10145.5 -1.02844
10145.9 -1.02877
10146.2 -1.0291
10146.6 -1.02943
10147 -1.02976
10147.3 -1.03009
10147.7 -1.03042
10148.1 -1.03075
10148.4 -1.03109
10148.8 -1.03142
10149.2 -1.03175
10149.5 -1.03208
10149.9 -1.03241
10150.3 -1.03274
10150.6 -1.03307
10151 -1.0334
10151.4 -1.03374
10151.7 -1.03407
10152.1 -1.0344
10152.5 -1.03473
10152.8 -1.03506
10153.2 -1.03539
10153.6 -1.03573
10153.9 -1.03606
10154.3 -1.03639
10154.7 -1.03672
10155 -1.03705
10155.4 -1.03739
10155.8 -1.03772
10156.1 -1.03805
10156.5 -1.03838
10156.9 -1.03872
10157.2 -1.03905
10157.6 -1.03938
10158 -1.03971
10158.3 -1.04005
10158.7 -1.04038
10159.1 -1.04071
10159.4 -1.04105
10159.8 -1.04138
10160.2 -1.04171
10160.5 -1.04205
10160.9 -1.04238
10161.3 -1.04271
10161.6 -1.04305
10162 -1.04338
10162.4 -1.04371
10162.7 -1.04405
10163.1 -1.04438
10163.5 -1.04471
10163.8 -1.04505
10164.2 -1.04538
10164.5 -1.04572
10164.9 -1.04605
10165.3 -1.04638
10165.6 -1.04672
10166 -1.04705
10166.4 -1.04739
10166.7 -1.04772
10167.1 -1.04805
10167.5 -1.04839
10167.8 -1.04872
10168.2 -1.04906
10168.6 -1.04939
10168.9 -1.04973
10169.3 -1.05006
10169.7 -1.0504
10170 -1.05073
10170.4 -1.05107
10170.8 -1.0514
10171.1 -1.05174
10171.5 -1.05207
10171.9 -1.05241
10172.2 -1.05274
10172.6 -1.05308
10173 -1.05341
10173.3 -1.05375
10173.7 -1.05409
10174.1 -1.05442
10174.4 -1.05476
10174.8 -1.05509
10175.2 -1.05543
10175.5 -1.05576
10175.9 -1.0561
10176.3 -1.05644
10176.6 -1.05677
10177 -1.05711
10177.4 -1.05744
10177.7 -1.05778
10178.1 -1.05812
10178.5 -1.05845
10178.8 -1.05879
10179.2 -1.05913
10179.6 -1.05946
10179.9 -1.0598
10180.3 -1.06014
10180.7 -1.06047
10181 -1.06081
10181.4 -1.06115
10181.8 -1.06148
10182.1 -1.06182
10182.5 -1.06216
10182.9 -1.0625
10183.2 -1.06283
10183.6 -1.06317
10184 -1.06351
10184.3 -1.06385
10184.7 -1.06418
10185.1 -1.06452
10185.4 -1.06486
10185.8 -1.0652
10186.2 -1.06553
10186.5 -1.06587
10186.9 -1.06621
10187.3 -1.06655
10187.6 -1.06689
10188 -1.06722
10188.4 -1.06756
10188.7 -1.0679
10189.1 -1.06824
10189.5 -1.06858
10189.8 -1.06891
10190.2 -1.06925
10190.6 -1.06959
10190.9 -1.06993
10191.3 -1.07027
10191.6 -1.07061
10192 -1.07095
10192.4 -1.07128
10192.7 -1.07162
10193.1 -1.07196
10193.5 -1.0723
10193.8 -1.07264
10194.2 -1.07298
10194.6 -1.07332
10194.9 -1.07366
10195.3 -1.074
10195.7 -1.07434
10196 -1.07468
10196.4 -1.07502
10196.8 -1.07535
10197.1 -1.07569
10197.5 -1.07603
10197.9 -1.07637
10198.2 -1.07671
10198.6 -1.07705
10199 -1.07739
10199.3 -1.07773
10199.7 -1.07807
10200.1 -1.07841
10200.4 -1.07875
10200.8 -1.07909
10201.2 -1.07943
10201.5 -1.07977
10201.9 -1.08011
10202.3 -1.08045
10202.6 -1.08079
10203 -1.08113
10203.4 -1.08148
10203.7 -1.08182
10204.1 -1.08216
10204.5 -1.0825
10204.8 -1.08284
10205.2 -1.08318
10205.6 -1.08352
10205.9 -1.08386
10206.3 -1.0842
10206.7 -1.08454
10207 -1.08488
10207.4 -1.08522
10207.8 -1.08557
10208.1 -1.08591
10208.5 -1.08625
10208.9 -1.08659
10209.2 -1.08693
10209.6 -1.08727
10210 -1.08761
10210.3 -1.08796
10210.7 -1.0883
10211.1 -1.08864
10211.4 -1.08898
10211.8 -1.08932
10212.2 -1.08966
10212.5 -1.09001
10212.9 -1.09035
10213.3 -1.09069
10213.6 -1.09103
10214 -1.09137
10214.4 -1.09172
10214.7 -1.09206
10215.1 -1.0924
10215.5 -1.09274
10215.8 -1.09309
10216.2 -1.09343
10216.6 -1.09377
10216.9 -1.09411
10217.3 -1.09446
10217.7 -1.0948
10218 -1.09514
10218.4 -1.09548
10218.7 -1.09583
10219.1 -1.09617
10219.5 -1.09651
10219.8 -1.09686
10220.2 -1.0972
10220.6 -1.09754
10220.9 -1.09788
10221.3 -1.09823
10221.7 -1.09857
10222 -1.09891
10222.4 -1.09926
10222.8 -1.0996
10223.1 -1.09994
10223.5 -1.10029
10223.9 -1.10063
10224.2 -1.10098
10224.6 -1.10132
10225 -1.10166
10225.3 -1.10201
10225.7 -1.10235
10226.1 -1.10269
10226.4 -1.10304
10226.8 -1.10338
10227.2 -1.10373
10227.5 -1.10407
10227.9 -1.10441
10228.3 -1.10476
10228.6 -1.1051
10229 -1.10545
10229.4 -1.10579
10229.7 -1.10613
10230.1 -1.10648
10230.5 -1.10682
10230.8 -1.10717
10231.2 -1.10751
10231.6 -1.10786
10231.9 -1.1082
10232.3 -1.10855
10232.7 -1.10889
10233 -1.10924
10233.4 -1.10958
10233.8 -1.10992
10234.1 -1.11027
10234.5 -1.11061
10234.9 -1.11096
10235.2 -1.1113
10235.6 -1.11165
10236 -1.11199
10236.3 -1.11234
10236.7 -1.11268
10237.1 -1.11303
10237.4 -1.11338
10237.8 -1.11372
10238.2 -1.11407
10238.5 -1.11441
10238.9 -1.11476
10239.3 -1.1151
10239.6 -1.11545
10240 -1.11579
10240.4 -1.11614
10240.7 -1.11648
10241.1 -1.11683
10241.5 -1.11718
10241.8 -1.11752
10242.2 -1.11787
10242.6 -1.11821
10242.9 -1.11856
10243.3 -1.11891
10243.7 -1.11925
10244 -1.1196
10244.4 -1.11994
10244.8 -1.12029
10245.1 -1.12064
10245.5 -1.12098
10245.8 -1.12133
10246.2 -1.12168
10246.6 -1.12202
10246.9 -1.12237
10247.3 -1.12271
10247.7 -1.12306
10248 -1.12341
10248.4 -1.12375
10248.8 -1.1241
10249.1 -1.12445
10249.5 -1.12479
10249.9 -1.12514
10250.2 -1.12549
10250.6 -1.12583
10251 -1.12618
10251.3 -1.12653
10251.7 -1.12688
10252.1 -1.12722
10252.4 -1.12757
10252.8 -1.12792
10253.2 -1.12826
10253.5 -1.12861
10253.9 -1.12896
10254.3 -1.12931
10254.6 -1.12965
10255 -1.13
10255.4 -1.13035
10255.7 -1.13069
10256.1 -1.13104
10256.5 -1.13139
10256.8 -1.13174
10257.2 -1.13208
10257.6 -1.13243
10257.9 -1.13278
10258.3 -1.13313
10258.7 -1.13348
10259 -1.13382
10259.4 -1.13417
10259.8 -1.13452
10260.1 -1.13487
10260.5 -1.13521
10260.9 -1.13556
10261.2 -1.13591
10261.6 -1.13626
10262 -1.13661
10262.3 -1.13695
10262.7 -1.1373
10263.1 -1.13765
10263.4 -1.138
10263.8 -1.13835
10264.2 -1.1387
10264.5 -1.13904
10264.9 -1.13939
10265.3 -1.13974
10265.6 -1.14009
10266 -1.14044
10266.4 -1.14079
10266.7 -1.14113
10267.1 -1.14148
10267.5 -1.14183
10267.8 -1.14218
10268.2 -1.14253
10268.6 -1.14288
10268.9 -1.14323
10269.3 -1.14357
10269.7 -1.14392
10270 -1.14427
10270.4 -1.14462
10270.8 -1.14497
10271.1 -1.14532
10271.5 -1.14567
10271.8 -1.14602
10272.2 -1.14637
10272.6 -1.14672
10272.9 -1.14706
10273.3 -1.14741
10273.7 -1.14776
10274 -1.14811
10274.4 -1.14846
10274.8 -1.14881
10275.1 -1.14916
10275.5 -1.14951
10275.9 -1.14986
10276.2 -1.15021
10276.6 -1.15056
10277 -1.15091
10277.3 -1.15126
10277.7 -1.15161
10278.1 -1.15195
10278.4 -1.1523
10278.8 -1.15265
10279.2 -1.153
10279.5 -1.15335
10279.9 -1.1537
10280.3 -1.15405
10280.6 -1.1544
10281 -1.15475
10281.4 -1.1551
10281.7 -1.15545
10282.1 -1.1558
10282.5 -1.15615
10282.8 -1.1565
10283.2 -1.15685
10283.6 -1.1572
10283.9 -1.15755
10284.3 -1.1579
10284.7 -1.15825
10285 -1.1586
10285.4 -1.15895
10285.8 -1.1593
10286.1 -1.15965
10286.5 -1.16
10286.9 -1.16035
10287.2 -1.1607
10287.6 -1.16105
10288 -1.1614
10288.3 -1.16175
10288.7 -1.1621
10289.1 -1.16245
10289.4 -1.1628
10289.8 -1.16315
10290.2 -1.1635
10290.5 -1.16386
10290.9 -1.16421
10291.3 -1.16456
10291.6 -1.16491
10292 -1.16526
10292.4 -1.16561
10292.7 -1.16596
10293.1 -1.16631
10293.5 -1.16666
10293.8 -1.16701
10294.2 -1.16736
10294.6 -1.16771
10294.9 -1.16806
10295.3 -1.16841
10295.7 -1.16876
10296 -1.16912
10296.4 -1.16947
10296.8 -1.16982
10297.1 -1.17017
10297.5 -1.17052
10297.9 -1.17087
10298.2 -1.17122
10298.6 -1.17157
10298.9 -1.17192
10299.3 -1.17227
10299.7 -1.17263
10300 -1.17298
10300.4 -1.17333
10300.8 -1.17368
10301.1 -1.17403
10301.5 -1.17438
10301.9 -1.17473
10302.2 -1.17508
10302.6 -1.17543
10303 -1.17579
10303.3 -1.17614
10303.7 -1.17649
10304.1 -1.17684
10304.4 -1.17719
10304.8 -1.17754
10305.2 -1.17789
10305.5 -1.17824
10305.9 -1.1786
10306.3 -1.17895
10306.6 -1.1793
10307 -1.17965
10307.4 -1.18
10307.7 -1.18035
10308.1 -1.1807
10308.5 -1.18106
10308.8 -1.18141
10309.2 -1.18176
10309.6 -1.18211
10309.9 -1.18246
10310.3 -1.18281
10310.7 -1.18317
10311 -1.18352
10311.4 -1.18387
10311.8 -1.18422
10312.1 -1.18457
10312.5 -1.18492
10312.9 -1.18528
10313.2 -1.18563
10313.6 -1.18598
10314 -1.18633
10314.3 -1.18668
10314.7 -1.18703
10315.1 -1.18739
10315.4 -1.18774
10315.8 -1.18809
10316.2 -1.18844
10316.5 -1.18879
10316.9 -1.18915
10317.3 -1.1895
10317.6 -1.18985
10318 -1.1902
10318.4 -1.19055
10318.7 -1.19091
10319.1 -1.19126
10319.5 -1.19161
10319.8 -1.19196
10320.2 -1.19231
10320.6 -1.19267
10320.9 -1.19302
10321.3 -1.19337
10321.7 -1.19372
10322 -1.19407
10322.4 -1.19443
10322.8 -1.19478
10323.1 -1.19513
10323.5 -1.19548
10323.9 -1.19583
10324.2 -1.19619
10324.6 -1.19654
10325 -1.19689
10325.3 -1.19724
10325.7 -1.19759
10326 -1.19795
10326.4 -1.1983
10326.8 -1.19865
10327.1 -1.199
10327.5 -1.19936
10327.9 -1.19971
10328.2 -1.20006
10328.6 -1.20041
10329 -1.20076
10329.3 -1.20112
10329.7 -1.20147
10330.1 -1.20182
10330.4 -1.20217
10330.8 -1.20253
10331.2 -1.20288
10331.5 -1.20323
10331.9 -1.20358
10332.3 -1.20393
10332.6 -1.20429
10333 -1.20464
10333.4 -1.20499
10333.7 -1.20534
10334.1 -1.2057
10334.5 -1.20605
10334.8 -1.2064
10335.2 -1.20675
10335.6 -1.20711
10335.9 -1.20746
10336.3 -1.20781
10336.7 -1.20816
10337 -1.20852
10337.4 -1.20887
10337.8 -1.20922
10338.1 -1.20957
10338.5 -1.20992
10338.9 -1.21028
10339.2 -1.21063
10339.6 -1.21098
10340 -1.21133
10340.3 -1.21169
10340.7 -1.21204
10341.1 -1.21239
10341.4 -1.21274
10341.8 -1.2131
10342.2 -1.21345
10342.5 -1.2138
10342.9 -1.21415
10343.3 -1.21451
10343.6 -1.21486
10344 -1.21521
10344.4 -1.21556
10344.7 -1.21592
10345.1 -1.21627
10345.5 -1.21662
10345.8 -1.21697
10346.2 -1.21733
10346.6 -1.21768
10346.9 -1.21803
10347.3 -1.21838
10347.7 -1.21873
10348 -1.21909
10348.4 -1.21944
10348.8 -1.21979
10349.1 -1.22014
10349.5 -1.2205
10349.9 -1.22085
10350.2 -1.2212
10350.6 -1.22155
10351 -1.22191
10351.3 -1.22226
10351.7 -1.22261
10352 -1.22296
10352.4 -1.22332
10352.8 -1.22367
10353.1 -1.22402
10353.5 -1.22437
10353.9 -1.22473
10354.2 -1.22508
10354.6 -1.22543
10355 -1.22578
10355.3 -1.22614
10355.7 -1.22649
10356.1 -1.22684
10356.4 -1.22719
10356.8 -1.22754
10357.2 -1.2279
10357.5 -1.22825
10357.9 -1.2286
10358.3 -1.22895
10358.6 -1.22931
10359 -1.22966
10359.4 -1.23001
10359.7 -1.23036
10360.1 -1.23072
10360.5 -1.23107
10360.8 -1.23142
10361.2 -1.23177
10361.6 -1.23212
10361.9 -1.23248
10362.3 -1.23283
10362.7 -1.23318
10363 -1.23353
10363.4 -1.23389
10363.8 -1.23424
10364.1 -1.23459
10364.5 -1.23494
10364.9 -1.23529
10365.2 -1.23565
10365.6 -1.236
10366 -1.23635
10366.3 -1.2367
10366.7 -1.23705
10367.1 -1.23741
10367.4 -1.23776
10367.8 -1.23811
10368.2 -1.23846
10368.5 -1.23882
10368.9 -1.23917
10369.3 -1.23952
10369.6 -1.23987
10370 -1.24022
10370.4 -1.24057
10370.7 -1.24093
10371.1 -1.24128
10371.5 -1.24163
10371.8 -1.24198
10372.2 -1.24233
10372.6 -1.24269
10372.9 -1.24304
10373.3 -1.24339
10373.7 -1.24374
10374 -1.24409
10374.4 -1.24445
10374.8 -1.2448
10375.1 -1.24515
10375.5 -1.2455
10375.9 -1.24585
10376.2 -1.2462
10376.6 -1.24656
10377 -1.24691
10377.3 -1.24726
10377.7 -1.24761
10378.1 -1.24796
10378.4 -1.24831
10378.8 -1.24867
10379.1 -1.24902
10379.5 -1.24937
10379.9 -1.24972
10380.2 -1.25007
10380.6 -1.25042
10381 -1.25078
10381.3 -1.25113
10381.7 -1.25148
10382.1 -1.25183
10382.4 -1.25218
10382.8 -1.25253
10383.2 -1.25288
10383.5 -1.25324
10383.9 -1.25359
10384.3 -1.25394
10384.6 -1.25429
10385 -1.25464
10385.4 -1.25499
10385.7 -1.25534
10386.1 -1.2557
10386.5 -1.25605
10386.8 -1.2564
10387.2 -1.25675
10387.6 -1.2571
10387.9 -1.25745
10388.3 -1.2578
10388.7 -1.25815
10389 -1.2585
10389.4 -1.25886
10389.8 -1.25921
10390.1 -1.25956
10390.5 -1.25991
10390.9 -1.26026
10391.2 -1.26061
10391.6 -1.26096
10392 -1.26131
10392.3 -1.26166
10392.7 -1.26201
10393.1 -1.26236
10393.4 -1.26272
10393.8 -1.26307
10394.2 -1.26342
10394.5 -1.26377
10394.9 -1.26412
10395.3 -1.26447
10395.6 -1.26482
10396 -1.26517
10396.4 -1.26552
10396.7 -1.26587
10397.1 -1.26622
10397.5 -1.26657
10397.8 -1.26692
10398.2 -1.26727
10398.6 -1.26762
10398.9 -1.26797
10399.3 -1.26832
10399.7 -1.26867
10400 -1.26902
10400.4 -1.26937
10400.8 -1.26973
10401.1 -1.27008
10401.5 -1.27043
10401.9 -1.27078
10402.2 -1.27113
10402.6 -1.27148
10403 -1.27183
10403.3 -1.27218
10403.7 -1.27253
10404.1 -1.27288
10404.4 -1.27323
10404.8 -1.27358
10405.2 -1.27393
10405.5 -1.27427
10405.9 -1.27462
10406.2 -1.27497
10406.6 -1.27532
10407 -1.27567
10407.3 -1.27602
10407.7 -1.27637
10408.1 -1.27672
10408.4 -1.27707
10408.8 -1.27742
10409.2 -1.27777
10409.5 -1.27812
10409.9 -1.27847
10410.3 -1.27882
10410.6 -1.27917
10411 -1.27952
10411.4 -1.27987
10411.7 -1.28022
10412.1 -1.28057
10412.5 -1.28091
10412.8 -1.28126
10413.2 -1.28161
10413.6 -1.28196
10413.9 -1.28231
10414.3 -1.28266
10414.7 -1.28301
10415 -1.28336
10415.4 -1.28371
10415.8 -1.28406
10416.1 -1.2844
10416.5 -1.28475
10416.9 -1.2851
10417.2 -1.28545
10417.6 -1.2858
10418 -1.28615
10418.3 -1.2865
10418.7 -1.28684
10419.1 -1.28719
10419.4 -1.28754
10419.8 -1.28789
10420.2 -1.28824
10420.5 -1.28859
10420.9 -1.28893
10421.3 -1.28928
10421.6 -1.28963
10422 -1.28998
10422.4 -1.29033
10422.7 -1.29068
10423.1 -1.29102
10423.5 -1.29137
10423.8 -1.29172
10424.2 -1.29207
10424.6 -1.29241
10424.9 -1.29276
10425.3 -1.29311
10425.7 -1.29346
10426 -1.29381
10426.4 -1.29415
10426.8 -1.2945
10427.1 -1.29485
10427.5 -1.2952
10427.9 -1.29554
10428.2 -1.29589
10428.6 -1.29624
10429 -1.29658
10429.3 -1.29693
10429.7 -1.29728
10430.1 -1.29763
10430.4 -1.29797
10430.8 -1.29832
10431.2 -1.29867
10431.5 -1.29901
10431.9 -1.29936
10432.3 -1.29971
10432.6 -1.30005
10433 -1.3004
10433.3 -1.30075
10433.7 -1.30109
10434.1 -1.30144
10434.4 -1.30179
10434.8 -1.30213
10435.2 -1.30248
10435.5 -1.30283
10435.9 -1.30317
10436.3 -1.30352
10436.6 -1.30387
10437 -1.30421
10437.4 -1.30456
10437.7 -1.3049
10438.1 -1.30525
10438.5 -1.3056
10438.8 -1.30594
10439.2 -1.30629
10439.6 -1.30663
10439.9 -1.30698
10440.3 -1.30732
10440.7 -1.30767
10441 -1.30802
10441.4 -1.30836
10441.8 -1.30871
10442.1 -1.30905
10442.5 -1.3094
10442.9 -1.30974
10443.2 -1.31009
10443.6 -1.31043
10444 -1.31078
10444.3 -1.31112
10444.7 -1.31147
10445.1 -1.31181
10445.4 -1.31216
10445.8 -1.3125
10446.2 -1.31285
10446.5 -1.31319
10446.9 -1.31354
10447.3 -1.31388
10447.6 -1.31423
10448 -1.31457
10448.4 -1.31492
10448.7 -1.31526
10449.1 -1.3156
10449.5 -1.31595
10449.8 -1.31629
10450.2 -1.31664
10450.6 -1.31698
10450.9 -1.31733
10451.3 -1.31767
10451.7 -1.31801
10452 -1.31836
10452.4 -1.3187
10452.8 -1.31904
10453.1 -1.31939
10453.5 -1.31973
10453.9 -1.32008
10454.2 -1.32042
10454.6 -1.32076
10455 -1.32111
10455.3 -1.32145
10455.7 -1.32179
10456.1 -1.32213
10456.4 -1.32248
10456.8 -1.32282
10457.2 -1.32316
10457.5 -1.32351
10457.9 -1.32385
10458.3 -1.32419
10458.6 -1.32454
10459 -1.32488
10459.3 -1.32522
10459.7 -1.32556
10460.1 -1.32591
10460.4 -1.32625
10460.8 -1.32659
10461.2 -1.32693
10461.5 -1.32727
10461.9 -1.32762
10462.3 -1.32796
10462.6 -1.3283
10463 -1.32864
10463.4 -1.32898
10463.7 -1.32933
10464.1 -1.32967
10464.5 -1.33001
10464.8 -1.33035
10465.2 -1.33069
10465.6 -1.33103
10465.9 -1.33137
10466.3 -1.33172
10466.7 -1.33206
10467 -1.3324
10467.4 -1.33274
10467.8 -1.33308
10468.1 -1.33342
10468.5 -1.33376
10468.9 -1.3341
10469.2 -1.33444
10469.6 -1.33478
10470 -1.33512
10470.3 -1.33546
10470.7 -1.33581
10471.1 -1.33615
10471.4 -1.33649
10471.8 -1.33683
10472.2 -1.33717
10472.5 -1.33751
10472.9 -1.33785
10473.3 -1.33819
10473.6 -1.33853
10474 -1.33887
10474.4 -1.3392
10474.7 -1.33954
10475.1 -1.33988
10475.5 -1.34022
10475.8 -1.34056
10476.2 -1.3409
10476.6 -1.34124
10476.9 -1.34158
10477.3 -1.34192
10477.7 -1.34226
10478 -1.3426
10478.4 -1.34294
10478.8 -1.34327
10479.1 -1.34361
10479.5 -1.34395
10479.9 -1.34429
10480.2 -1.34463
10480.6 -1.34497
10481 -1.3453
10481.3 -1.34564
10481.7 -1.34598
10482.1 -1.34632
10482.4 -1.34666
10482.8 -1.34699
10483.2 -1.34733
10483.5 -1.34767
10483.9 -1.34801
10484.3 -1.34834
10484.6 -1.34868
10485 -1.34902
10485.4 -1.34936
10485.7 -1.34969
10486.1 -1.35003
10486.4 -1.35037
10486.8 -1.3507
10487.2 -1.35104
10487.5 -1.35138
10487.9 -1.35171
10488.3 -1.35205
10488.6 -1.35239
10489 -1.35272
10489.4 -1.35306
10489.7 -1.3534
10490.1 -1.35373
10490.5 -1.35407
10490.8 -1.3544
10491.2 -1.35474
10491.6 -1.35508
10491.9 -1.35541
10492.3 -1.35575
10492.7 -1.35608
10493 -1.35642
10493.4 -1.35675
10493.8 -1.35709
10494.1 -1.35742
10494.5 -1.35776
10494.9 -1.35809
10495.2 -1.35843
10495.6 -1.35876
10496 -1.3591
10496.3 -1.35943
10496.7 -1.35977
10497.1 -1.3601
10497.4 -1.36044
10497.8 -1.36077
10498.2 -1.3611
10498.5 -1.36144
10498.9 -1.36177
10499.3 -1.36211
10499.6 -1.36244
10500 -1.36277
10500.4 -1.36311
10500.7 -1.36344
10501.1 -1.36377
10501.5 -1.36411
10501.8 -1.36444
10502.2 -1.36477
10502.6 -1.36511
10502.9 -1.36544
10503.3 -1.36577
10503.7 -1.3661
10504 -1.36644
10504.4 -1.36677
10504.8 -1.3671
10505.1 -1.36743
10505.5 -1.36777
10505.9 -1.3681
10506.2 -1.36843
10506.6 -1.36876
10507 -1.36909
10507.3 -1.36943
10507.7 -1.36976
10508.1 -1.37009
10508.4 -1.37042
10508.8 -1.37075
10509.2 -1.37108
10509.5 -1.37141
10509.9 -1.37174
10510.3 -1.37208
10510.6 -1.37241
10511 -1.37274
10511.4 -1.37307
10511.7 -1.3734
10512.1 -1.37373
10512.5 -1.37406
10512.8 -1.37439
10513.2 -1.37472
10513.5 -1.37505
10513.9 -1.37538
10514.3 -1.37571
10514.6 -1.37604
10515 -1.37637
10515.4 -1.3767
10515.7 -1.37703
10516.1 -1.37736
10516.5 -1.37768
10516.8 -1.37801
10517.2 -1.37834
10517.6 -1.37867
10517.9 -1.379
10518.3 -1.37933
10518.7 -1.37966
10519 -1.37999
10519.4 -1.38031
10519.8 -1.38064
10520.1 -1.38097
10520.5 -1.3813
10520.9 -1.38163
10521.2 -1.38195
10521.6 -1.38228
10522 -1.38261
10522.3 -1.38294
10522.7 -1.38326
10523.1 -1.38359
10523.4 -1.38392
10523.8 -1.38424
10524.2 -1.38457
10524.5 -1.3849
10524.9 -1.38522
10525.3 -1.38555
10525.6 -1.38588
10526 -1.3862
10526.4 -1.38653
10526.7 -1.38686
10527.1 -1.38718
10527.5 -1.38751
10527.8 -1.38783
10528.2 -1.38816
10528.6 -1.38848
10528.9 -1.38881
10529.3 -1.38914
10529.7 -1.38946
10530 -1.38979
10530.4 -1.39011
10530.8 -1.39043
10531.1 -1.39076
10531.5 -1.39108
10531.9 -1.39141
10532.2 -1.39173
10532.6 -1.39206
10533 -1.39238
10533.3 -1.3927
10533.7 -1.39303
10534.1 -1.39335
10534.4 -1.39368
10534.8 -1.394
10535.2 -1.39432
10535.5 -1.39465
10535.9 -1.39497
10536.3 -1.39529
10536.6 -1.39561
10537 -1.39594
10537.4 -1.39626
10537.7 -1.39658
10538.1 -1.39691
10538.5 -1.39723
10538.8 -1.39755
10539.2 -1.39787
10539.5 -1.39819
10539.9 -1.39851
10540.3 -1.39884
10540.6 -1.39916
10541 -1.39948
10541.4 -1.3998
10541.7 -1.40012
10542.1 -1.40044
10542.5 -1.40076
10542.8 -1.40108
10543.2 -1.40141
10543.6 -1.40173
10543.9 -1.40205
10544.3 -1.40237
10544.7 -1.40269
10545 -1.40301
10545.4 -1.40333
10545.8 -1.40365
10546.1 -1.40397
10546.5 -1.40429
10546.9 -1.4046
10547.2 -1.40492
10547.6 -1.40524
10548 -1.40556
10548.3 -1.40588
10548.7 -1.4062
10549.1 -1.40652
10549.4 -1.40684
10549.8 -1.40715
10550.2 -1.40747
10550.5 -1.40779
10550.9 -1.40811
10551.3 -1.40843
10551.6 -1.40874
10552 -1.40906
10552.4 -1.40938
10552.7 -1.4097
10553.1 -1.41001
10553.5 -1.41033
10553.8 -1.41065
10554.2 -1.41096
10554.6 -1.41128
10554.9 -1.4116
10555.3 -1.41191
10555.7 -1.41223
10556 -1.41255
10556.4 -1.41286
10556.8 -1.41318
10557.1 -1.41349
10557.5 -1.41381
10557.9 -1.41412
10558.2 -1.41444
10558.6 -1.41475
10559 -1.41507
10559.3 -1.41538
10559.7 -1.4157
10560.1 -1.41601
10560.4 -1.41633
10560.8 -1.41664
10561.2 -1.41696
10561.5 -1.41727
10561.9 -1.41758
10562.3 -1.4179
10562.6 -1.41821
10563 -1.41852
10563.4 -1.41884
10563.7 -1.41915
10564.1 -1.41946
10564.5 -1.41978
10564.8 -1.42009
10565.2 -1.4204
10565.6 -1.42071
10565.9 -1.42103
10566.3 -1.42134
10566.6 -1.42165
10567 -1.42196
10567.4 -1.42227
10567.7 -1.42259
10568.1 -1.4229
10568.5 -1.42321
10568.8 -1.42352
10569.2 -1.42383
10569.6 -1.42414
10569.9 -1.42445
10570.3 -1.42476
10570.7 -1.42507
10571 -1.42538
10571.4 -1.42569
10571.8 -1.426
10572.1 -1.42631
10572.5 -1.42662
10572.9 -1.42693
10573.2 -1.42724
10573.6 -1.42755
10574 -1.42786
10574.3 -1.42817
10574.7 -1.42848
10575.1 -1.42879
10575.4 -1.42909
10575.8 -1.4294
10576.2 -1.42971
10576.5 -1.43002
10576.9 -1.43033
10577.3 -1.43063
10577.6 -1.43094
10578 -1.43125
10578.4 -1.43156
10578.7 -1.43186
10579.1 -1.43217
10579.5 -1.43248
10579.8 -1.43278
10580.2 -1.43309
10580.6 -1.4334
10580.9 -1.4337
10581.3 -1.43401
10581.7 -1.43432
10582 -1.43462
10582.4 -1.43493
10582.8 -1.43523
10583.1 -1.43554
10583.5 -1.43584
10583.9 -1.43615
10584.2 -1.43645
10584.6 -1.43676
10585 -1.43706
10585.3 -1.43737
10585.7 -1.43767
10586.1 -1.43797
10586.4 -1.43828
10586.8 -1.43858
10587.2 -1.43888
10587.5 -1.43919
10587.9 -1.43949
10588.3 -1.43979
10588.6 -1.4401
10589 -1.4404
10589.4 -1.4407
10589.7 -1.441
10590.1 -1.44131
10590.5 -1.44161
10590.8 -1.44191
10591.2 -1.44221
10591.6 -1.44251
10591.9 -1.44281
10592.3 -1.44312
10592.7 -1.44342
10593 -1.44372
10593.4 -1.44402
10593.7 -1.44432
10594.1 -1.44462
10594.5 -1.44492
10594.8 -1.44522
10595.2 -1.44552
10595.6 -1.44582
10595.9 -1.44612
10596.3 -1.44642
10596.7 -1.44672
10597 -1.44702
10597.4 -1.44732
10597.8 -1.44761
10598.1 -1.44791
10598.5 -1.44821
10598.9 -1.44851
10599.2 -1.44881
10599.6 -1.4491
10600 -1.4494
10600.3 -1.4497
10600.7 -1.45
10601.1 -1.45029
10601.4 -1.45059
10601.8 -1.45089
10602.2 -1.45119
10602.5 -1.45148
10602.9 -1.45178
10603.3 -1.45207
10603.6 -1.45237
10604 -1.45267
10604.4 -1.45296
10604.7 -1.45326
10605.1 -1.45355
10605.5 -1.45385
10605.8 -1.45414
10606.2 -1.45444
10606.6 -1.45473
10606.9 -1.45503
10607.3 -1.45532
10607.7 -1.45561
10608 -1.45591
10608.4 -1.4562
10608.8 -1.4565
10609.1 -1.45679
10609.5 -1.45708
10609.9 -1.45738
10610.2 -1.45767
10610.6 -1.45796
10611 -1.45825
10611.3 -1.45855
10611.7 -1.45884
10612.1 -1.45913
10612.4 -1.45942
10612.8 -1.45971
10613.2 -1.46
10613.5 -1.4603
10613.9 -1.46059
10614.3 -1.46088
10614.6 -1.46117
10615 -1.46146
10615.4 -1.46175
10615.7 -1.46204
10616.1 -1.46233
10616.5 -1.46262
10616.8 -1.46291
10617.2 -1.4632
10617.6 -1.46349
10617.9 -1.46378
10618.3 -1.46406
10618.7 -1.46435
10619 -1.46464
10619.4 -1.46493
10619.8 -1.46522
10620.1 -1.46551
10620.5 -1.46579
10620.8 -1.46608
10621.2 -1.46637
10621.6 -1.46666
10621.9 -1.46694
10622.3 -1.46723
10622.7 -1.46752
10623 -1.4678
10623.4 -1.46809
10623.8 -1.46837
10624.1 -1.46866
10624.5 -1.46895
10624.9 -1.46923
10625.2 -1.46952
10625.6 -1.4698
10626 -1.47009
10626.3 -1.47037
10626.7 -1.47066
10627.1 -1.47094
10627.4 -1.47122
10627.8 -1.47151
10628.2 -1.47179
10628.5 -1.47208
10628.9 -1.47236
10629.3 -1.47264
10629.6 -1.47293
10630 -1.47321
10630.4 -1.47349
10630.7 -1.47377
10631.1 -1.47406
10631.5 -1.47434
10631.8 -1.47462
10632.2 -1.4749
10632.6 -1.47518
10632.9 -1.47546
10633.3 -1.47574
10633.7 -1.47603
10634 -1.47631
10634.4 -1.47659
10634.8 -1.47687
10635.1 -1.47715
10635.5 -1.47743
10635.9 -1.47771
10636.2 -1.47799
10636.6 -1.47826
10637 -1.47854
10637.3 -1.47882
10637.7 -1.4791
10638.1 -1.47938
10638.4 -1.47966
10638.8 -1.47994
10639.2 -1.48021
10639.5 -1.48049
10639.9 -1.48077
10640.3 -1.48105
10640.6 -1.48132
10641 -1.4816
10641.4 -1.48188
10641.7 -1.48215
10642.1 -1.48243
10642.5 -1.48271
10642.8 -1.48298
10643.2 -1.48326
10643.6 -1.48353
10643.9 -1.48381
10644.3 -1.48408
10644.7 -1.48436
10645 -1.48463
10645.4 -1.48491
10645.8 -1.48518
10646.1 -1.48545
10646.5 -1.48573
10646.8 -1.486
10647.2 -1.48628
10647.6 -1.48655
10647.9 -1.48682
10648.3 -1.48709
10648.7 -1.48737
10649 -1.48764
10649.4 -1.48791
10649.8 -1.48818
10650.1 -1.48845
10650.5 -1.48873
10650.9 -1.489
10651.2 -1.48927
10651.6 -1.48954
10652 -1.48981
10652.3 -1.49008
10652.7 -1.49035
10653.1 -1.49062
10653.4 -1.49089
10653.8 -1.49116
10654.2 -1.49143
10654.5 -1.4917
10654.9 -1.49197
10655.3 -1.49224
10655.6 -1.4925
10656 -1.49277
10656.4 -1.49304
10656.7 -1.49331
10657.1 -1.49358
10657.5 -1.49384
10657.8 -1.49411
10658.2 -1.49438
10658.6 -1.49464
10658.9 -1.49491
10659.3 -1.49518
10659.7 -1.49544
10660 -1.49571
10660.4 -1.49598
10660.8 -1.49624
10661.1 -1.49651
10661.5 -1.49677
10661.9 -1.49704
10662.2 -1.4973
10662.6 -1.49756
10663 -1.49783
10663.3 -1.49809
10663.7 -1.49836
10664.1 -1.49862
10664.4 -1.49888
10664.8 -1.49915
10665.2 -1.49941
10665.5 -1.49967
10665.9 -1.49993
10666.3 -1.5002
10666.6 -1.50046
10667 -1.50072
10667.4 -1.50098
10667.7 -1.50124
10668.1 -1.5015
10668.5 -1.50176
10668.8 -1.50203
10669.2 -1.50229
10669.6 -1.50255
10669.9 -1.50281
10670.3 -1.50307
10670.7 -1.50333
10671 -1.50358
10671.4 -1.50384
10671.8 -1.5041
10672.1 -1.50436
10672.5 -1.50462
10672.9 -1.50488
10673.2 -1.50513
10673.6 -1.50539
10673.9 -1.50565
10674.3 -1.50591
10674.7 -1.50616
10675 -1.50642
10675.4 -1.50668
10675.8 -1.50693
10676.1 -1.50719
10676.5 -1.50745
10676.9 -1.5077
10677.2 -1.50796
10677.6 -1.50821
10678 -1.50847
10678.3 -1.50872
10678.7 -1.50898
10679.1 -1.50923
10679.4 -1.50948
10679.8 -1.50974
10680.2 -1.50999
10680.5 -1.51024
10680.9 -1.5105
10681.3 -1.51075
10681.6 -1.511
10682 -1.51126
10682.4 -1.51151
10682.7 -1.51176
10683.1 -1.51201
10683.5 -1.51226
10683.8 -1.51251
10684.2 -1.51276
10684.6 -1.51301
10684.9 -1.51327
10685.3 -1.51352
10685.7 -1.51377
10686 -1.51402
10686.4 -1.51426
10686.8 -1.51451
10687.1 -1.51476
10687.5 -1.51501
10687.9 -1.51526
10688.2 -1.51551
10688.6 -1.51576
10689 -1.516
10689.3 -1.51625
10689.7 -1.5165
10690.1 -1.51675
10690.4 -1.51699
10690.8 -1.51724
10691.2 -1.51749
10691.5 -1.51773
10691.9 -1.51798
10692.3 -1.51822
10692.6 -1.51847
10693 -1.51871
10693.4 -1.51896
10693.7 -1.5192
10694.1 -1.51945
10694.5 -1.51969
10694.8 -1.51994
10695.2 -1.52018
10695.6 -1.52042
10695.9 -1.52067
10696.3 -1.52091
10696.7 -1.52115
10697 -1.5214
10697.4 -1.52164
10697.8 -1.52188
10698.1 -1.52212
10698.5 -1.52236
10698.9 -1.5226
10699.2 -1.52284
10699.6 -1.52309
10700 -1.52333
10700.3 -1.52357
10700.7 -1.52381
10701 -1.52405
10701.4 -1.52429
10701.8 -1.52452
10702.1 -1.52476
10702.5 -1.525
10702.9 -1.52524
10703.2 -1.52548
10703.6 -1.52572
10704 -1.52595
10704.3 -1.52619
10704.7 -1.52643
10705.1 -1.52667
10705.4 -1.5269
10705.8 -1.52714
10706.2 -1.52738
10706.5 -1.52761
10706.9 -1.52785
10707.3 -1.52808
10707.6 -1.52832
10708 -1.52855
10708.4 -1.52879
10708.7 -1.52902
10709.1 -1.52926
10709.5 -1.52949
10709.8 -1.52972
10710.2 -1.52996
10710.6 -1.53019
10710.9 -1.53042
10711.3 -1.53066
10711.7 -1.53089
10712 -1.53112
10712.4 -1.53135
10712.8 -1.53158
10713.1 -1.53182
10713.5 -1.53205
10713.9 -1.53228
10714.2 -1.53251
10714.6 -1.53274
10715 -1.53297
10715.3 -1.5332
10715.7 -1.53343
10716.1 -1.53366
10716.4 -1.53389
10716.8 -1.53411
10717.2 -1.53434
10717.5 -1.53457
10717.9 -1.5348
10718.3 -1.53503
10718.6 -1.53525
10719 -1.53548
10719.4 -1.53571
10719.7 -1.53593
10720.1 -1.53616
10720.5 -1.53639
10720.8 -1.53661
10721.2 -1.53684
10721.6 -1.53706
10721.9 -1.53729
10722.3 -1.53751
10722.7 -1.53774
10723 -1.53796
10723.4 -1.53819
10723.8 -1.53841
10724.1 -1.53863
10724.5 -1.53886
10724.9 -1.53908
10725.2 -1.5393
10725.6 -1.53952
10726 -1.53975
10726.3 -1.53997
10726.7 -1.54019
10727 -1.54041
10727.4 -1.54063
10727.8 -1.54085
10728.1 -1.54107
10728.5 -1.54129
10728.9 -1.54151
10729.2 -1.54173
10729.6 -1.54195
10730 -1.54217
10730.3 -1.54239
10730.7 -1.54261
10731.1 -1.54283
10731.4 -1.54305
10731.8 -1.54326
10732.2 -1.54348
10732.5 -1.5437
10732.9 -1.54392
10733.3 -1.54413
10733.6 -1.54435
10734 -1.54456
10734.4 -1.54478
10734.7 -1.545
10735.1 -1.54521
10735.5 -1.54543
10735.8 -1.54564
10736.2 -1.54586
10736.6 -1.54607
10736.9 -1.54628
10737.3 -1.5465
10737.7 -1.54671
10738 -1.54692
10738.4 -1.54714
10738.8 -1.54735
10739.1 -1.54756
10739.5 -1.54777
10739.9 -1.54798
10740.2 -1.5482
10740.6 -1.54841
10741 -1.54862
10741.3 -1.54883
10741.7 -1.54904
10742.1 -1.54925
10742.4 -1.54946
10742.8 -1.54967
10743.2 -1.54988
10743.5 -1.55009
10743.9 -1.5503
10744.3 -1.5505
10744.6 -1.55071
10745 -1.55092
10745.4 -1.55113
10745.7 -1.55133
10746.1 -1.55154
10746.5 -1.55175
10746.8 -1.55195
10747.2 -1.55216
10747.6 -1.55237
10747.9 -1.55257
10748.3 -1.55278
10748.7 -1.55298
10749 -1.55319
10749.4 -1.55339
10749.8 -1.55359
10750.1 -1.5538
10750.5 -1.554
10750.9 -1.55421
10751.2 -1.55441
10751.6 -1.55461
10752 -1.55481
10752.3 -1.55501
10752.7 -1.55522
10753.1 -1.55542
10753.4 -1.55562
10753.8 -1.55582
10754.1 -1.55602
10754.5 -1.55622
10754.9 -1.55642
10755.2 -1.55662
10755.6 -1.55682
10756 -1.55702
10756.3 -1.55722
10756.7 -1.55742
10757.1 -1.55762
10757.4 -1.55781
10757.8 -1.55801
10758.2 -1.55821
10758.5 -1.55841
10758.9 -1.5586
10759.3 -1.5588
10759.6 -1.559
10760 -1.55919
10760.4 -1.55939
10760.7 -1.55958
10761.1 -1.55978
10761.5 -1.55997
10761.8 -1.56017
10762.2 -1.56036
10762.6 -1.56055
10762.9 -1.56075
10763.3 -1.56094
10763.7 -1.56113
10764 -1.56133
10764.4 -1.56152
10764.8 -1.56171
10765.1 -1.5619
10765.5 -1.5621
10765.9 -1.56229
10766.2 -1.56248
10766.6 -1.56267
10767 -1.56286
10767.3 -1.56305
10767.7 -1.56324
10768.1 -1.56343
10768.4 -1.56362
10768.8 -1.56381
10769.2 -1.56399
10769.5 -1.56418
10769.9 -1.56437
10770.3 -1.56456
10770.6 -1.56475
10771 -1.56493
10771.4 -1.56512
10771.7 -1.56531
10772.1 -1.56549
10772.5 -1.56568
10772.8 -1.56586
10773.2 -1.56605
10773.6 -1.56623
10773.9 -1.56642
10774.3 -1.5666
10774.7 -1.56679
10775 -1.56697
10775.4 -1.56715
10775.8 -1.56734
10776.1 -1.56752
10776.5 -1.5677
10776.9 -1.56788
10777.2 -1.56807
10777.6 -1.56825
10778 -1.56843
10778.3 -1.56861
10778.7 -1.56879
10779.1 -1.56897
10779.4 -1.56915
10779.8 -1.56933
10780.2 -1.56951
10780.5 -1.56969
10780.9 -1.56987
10781.2 -1.57005
10781.6 -1.57022
10782 -1.5704
10782.3 -1.57058
10782.7 -1.57076
10783.1 -1.57093
10783.4 -1.57111
10783.8 -1.57129
10784.2 -1.57146
10784.5 -1.57164
10784.9 -1.57182
10785.3 -1.57199
10785.6 -1.57216
10786 -1.57234
10786.4 -1.57251
10786.7 -1.57269
10787.1 -1.57286
10787.5 -1.57303
10787.8 -1.57321
10788.2 -1.57338
10788.6 -1.57355
10788.9 -1.57372
10789.3 -1.5739
10789.7 -1.57407
10790 -1.57424
10790.4 -1.57441
10790.8 -1.57458
10791.1 -1.57475
10791.5 -1.57492
10791.9 -1.57509
10792.2 -1.57526
10792.6 -1.57543
10793 -1.5756
10793.3 -1.57576
10793.7 -1.57593
10794.1 -1.5761
10794.4 -1.57627
10794.8 -1.57643
10795.2 -1.5766
10795.5 -1.57677
10795.9 -1.57693
10796.3 -1.5771
10796.6 -1.57726
10797 -1.57743
10797.4 -1.57759
10797.7 -1.57776
10798.1 -1.57792
10798.5 -1.57809
10798.8 -1.57825
10799.2 -1.57841
10799.6 -1.57857
10799.9 -1.57874
10800.3 -1.5789
10800.7 -1.57906
10801 -1.57922
10801.4 -1.57938
10801.8 -1.57955
10802.1 -1.57971
10802.5 -1.57987
10802.9 -1.58003
10803.2 -1.58019
10803.6 -1.58034
10804 -1.5805
10804.3 -1.58066
10804.7 -1.58082
10805.1 -1.58098
10805.4 -1.58114
10805.8 -1.58129
10806.2 -1.58145
10806.5 -1.58161
10806.9 -1.58176
10807.3 -1.58192
10807.6 -1.58208
10808 -1.58223
10808.3 -1.58239
10808.7 -1.58254
10809.1 -1.5827
10809.4 -1.58285
10809.8 -1.583
10810.2 -1.58316
10810.5 -1.58331
10810.9 -1.58346
10811.3 -1.58361
10811.6 -1.58377
10812 -1.58392
10812.4 -1.58407
10812.7 -1.58422
10813.1 -1.58437
10813.5 -1.58452
10813.8 -1.58467
10814.2 -1.58482
10814.6 -1.58497
10814.9 -1.58512
10815.3 -1.58527
10815.7 -1.58542
10816 -1.58557
10816.4 -1.58571
10816.8 -1.58586
10817.1 -1.58601
10817.5 -1.58616
10817.9 -1.5863
10818.2 -1.58645
10818.6 -1.5866
10819 -1.58674
10819.3 -1.58689
10819.7 -1.58703
10820.1 -1.58718
10820.4 -1.58732
10820.8 -1.58746
10821.2 -1.58761
10821.5 -1.58775
10821.9 -1.58789
10822.3 -1.58804
10822.6 -1.58818
10823 -1.58832
10823.4 -1.58846
10823.7 -1.5886
10824.1 -1.58874
10824.5 -1.58888
10824.8 -1.58902
10825.2 -1.58916
10825.6 -1.5893
10825.9 -1.58944
10826.3 -1.58958
10826.7 -1.58972
10827 -1.58986
10827.4 -1.59
10827.8 -1.59013
10828.1 -1.59027
10828.5 -1.59041
10828.9 -1.59054
10829.2 -1.59068
10829.6 -1.59082
10830 -1.59095
10830.3 -1.59109
10830.7 -1.59122
10831.1 -1.59136
10831.4 -1.59149
10831.8 -1.59162
10832.2 -1.59176
10832.5 -1.59189
10832.9 -1.59202
10833.3 -1.59216
10833.6 -1.59229
10834 -1.59242
10834.3 -1.59255
10834.7 -1.59268
10835.1 -1.59281
10835.4 -1.59294
10835.8 -1.59307
10836.2 -1.5932
10836.5 -1.59333
10836.9 -1.59346
10837.3 -1.59359
10837.6 -1.59372
10838 -1.59385
10838.4 -1.59397
10838.7 -1.5941
10839.1 -1.59423
10839.5 -1.59436
10839.8 -1.59448
10840.2 -1.59461
10840.6 -1.59473
10840.9 -1.59486
10841.3 -1.59498
10841.7 -1.59511
10842 -1.59523
10842.4 -1.59536
10842.8 -1.59548
10843.1 -1.5956
10843.5 -1.59573
10843.9 -1.59585
10844.2 -1.59597
10844.6 -1.59609
10845 -1.59621
10845.3 -1.59633
10845.7 -1.59646
10846.1 -1.59658
10846.4 -1.5967
10846.8 -1.59682
10847.2 -1.59694
10847.5 -1.59705
10847.9 -1.59717
10848.3 -1.59729
10848.6 -1.59741
10849 -1.59753
10849.4 -1.59764
10849.7 -1.59776
10850.1 -1.59788
10850.5 -1.59799
10850.8 -1.59811
10851.2 -1.59823
10851.6 -1.59834
10851.9 -1.59845
10852.3 -1.59857
10852.7 -1.59868
10853 -1.5988
10853.4 -1.59891
10853.8 -1.59902
10854.1 -1.59914
10854.5 -1.59925
10854.9 -1.59936
10855.2 -1.59947
10855.6 -1.59958
10856 -1.5997
10856.3 -1.59981
10856.7 -1.59992
10857.1 -1.60003
10857.4 -1.60014
10857.8 -1.60024
10858.2 -1.60035
10858.5 -1.60046
10858.9 -1.60057
10859.3 -1.60068
10859.6 -1.60079
10860 -1.60089
10860.4 -1.601
10860.7 -1.60111
10861.1 -1.60121
10861.4 -1.60132
10861.8 -1.60142
10862.2 -1.60153
10862.5 -1.60163
10862.9 -1.60174
10863.3 -1.60184
10863.6 -1.60194
10864 -1.60205
10864.4 -1.60215
10864.7 -1.60225
10865.1 -1.60235
10865.5 -1.60246
10865.8 -1.60256
10866.2 -1.60266
10866.6 -1.60276
10866.9 -1.60286
10867.3 -1.60296
10867.7 -1.60306
10868 -1.60316
10868.4 -1.60326
10868.8 -1.60336
10869.1 -1.60345
10869.5 -1.60355
10869.9 -1.60365
10870.2 -1.60375
10870.6 -1.60384
10871 -1.60394
10871.3 -1.60404
10871.7 -1.60413
10872.1 -1.60423
10872.4 -1.60432
10872.8 -1.60442
10873.2 -1.60451
10873.5 -1.6046
10873.9 -1.6047
10874.3 -1.60479
10874.6 -1.60488
10875 -1.60498
10875.4 -1.60507
10875.7 -1.60516
10876.1 -1.60525
10876.5 -1.60534
10876.8 -1.60543
10877.2 -1.60552
10877.6 -1.60561
10877.9 -1.6057
10878.3 -1.60579
10878.7 -1.60588
10879 -1.60597
10879.4 -1.60606
10879.8 -1.60614
10880.1 -1.60623
10880.5 -1.60632
10880.9 -1.60641
10881.2 -1.60649
10881.6 -1.60658
10882 -1.60666
10882.3 -1.60675
10882.7 -1.60683
10883.1 -1.60692
10883.4 -1.607
10883.8 -1.60709
10884.2 -1.60717
10884.5 -1.60725
10884.9 -1.60733
10885.3 -1.60742
10885.6 -1.6075
10886 -1.60758
10886.4 -1.60766
10886.7 -1.60774
10887.1 -1.60782
10887.5 -1.6079
10887.8 -1.60798
10888.2 -1.60806
10888.5 -1.60814
10888.9 -1.60822
10889.3 -1.6083
10889.6 -1.60837
10890 -1.60845
10890.4 -1.60853
10890.7 -1.60861
10891.1 -1.60868
10891.5 -1.60876
10891.8 -1.60883
10892.2 -1.60891
10892.6 -1.60898
10892.9 -1.60906
10893.3 -1.60913
10893.7 -1.60921
10894 -1.60928
10894.4 -1.60935
10894.8 -1.60943
10895.1 -1.6095
10895.5 -1.60957
10895.9 -1.60964
10896.2 -1.60971
10896.6 -1.60978
10897 -1.60985
10897.3 -1.60992
10897.7 -1.60999
10898.1 -1.61006
10898.4 -1.61013
10898.8 -1.6102
10899.2 -1.61027
10899.5 -1.61034
10899.9 -1.6104
10900.3 -1.61047
10900.6 -1.61054
10901 -1.6106
10901.4 -1.61067
10901.7 -1.61074
10902.1 -1.6108
10902.5 -1.61087
10902.8 -1.61093
10903.2 -1.61099
10903.6 -1.61106
10903.9 -1.61112
10904.3 -1.61118
10904.7 -1.61125
10905 -1.61131
10905.4 -1.61137
10905.8 -1.61143
10906.1 -1.61149
10906.5 -1.61155
10906.9 -1.61162
10907.2 -1.61167
10907.6 -1.61173
10908 -1.61179
10908.3 -1.61185
10908.7 -1.61191
10909.1 -1.61197
10909.4 -1.61203
10909.8 -1.61208
10910.2 -1.61214
10910.5 -1.6122
10910.9 -1.61225
10911.3 -1.61231
10911.6 -1.61237
10912 -1.61242
10912.4 -1.61248
10912.7 -1.61253
10913.1 -1.61258
10913.5 -1.61264
10913.8 -1.61269
10914.2 -1.61274
10914.5 -1.6128
10914.9 -1.61285
10915.3 -1.6129
10915.6 -1.61295
10916 -1.613
10916.4 -1.61305
10916.7 -1.6131
10917.1 -1.61315
10917.5 -1.6132
10917.8 -1.61325
10918.2 -1.6133
10918.6 -1.61335
10918.9 -1.6134
10919.3 -1.61344
10919.7 -1.61349
10920 -1.61354
10920.4 -1.61358
10920.8 -1.61363
10921.1 -1.61368
10921.5 -1.61372
10921.9 -1.61377
10922.2 -1.61381
10922.6 -1.61386
10923 -1.6139
10923.3 -1.61394
10923.7 -1.61399
10924.1 -1.61403
10924.4 -1.61407
10924.8 -1.61411
10925.2 -1.61415
10925.5 -1.6142
10925.9 -1.61424
10926.3 -1.61428
10926.6 -1.61432
10927 -1.61436
10927.4 -1.61439
10927.7 -1.61443
10928.1 -1.61447
10928.5 -1.61451
10928.8 -1.61455
10929.2 -1.61459
10929.6 -1.61462
10929.9 -1.61466
10930.3 -1.61469
10930.7 -1.61473
10931 -1.61477
10931.4 -1.6148
10931.8 -1.61484
10932.1 -1.61487
10932.5 -1.6149
10932.9 -1.61494
10933.2 -1.61497
10933.6 -1.615
10934 -1.61504
10934.3 -1.61507
10934.7 -1.6151
10935.1 -1.61513
10935.4 -1.61516
10935.8 -1.61519
10936.2 -1.61522
10936.5 -1.61525
10936.9 -1.61528
10937.3 -1.61531
10937.6 -1.61534
10938 -1.61537
10938.4 -1.61539
10938.7 -1.61542
10939.1 -1.61545
10939.5 -1.61547
10939.8 -1.6155
10940.2 -1.61553
10940.6 -1.61555
10940.9 -1.61558
10941.3 -1.6156
10941.6 -1.61563
10942 -1.61565
10942.4 -1.61567
10942.7 -1.6157
10943.1 -1.61572
10943.5 -1.61574
10943.8 -1.61576
10944.2 -1.61579
10944.6 -1.61581
10944.9 -1.61583
10945.3 -1.61585
10945.7 -1.61587
10946 -1.61589
10946.4 -1.61591
10946.8 -1.61593
10947.1 -1.61594
10947.5 -1.61596
10947.9 -1.61598
10948.2 -1.616
10948.6 -1.61601
10949 -1.61603
10949.3 -1.61605
10949.7 -1.61606
10950.1 -1.61608
10950.4 -1.61609
10950.8 -1.61611
10951.2 -1.61612
10951.5 -1.61614
10951.9 -1.61615
10952.3 -1.61616
10952.6 -1.61617
10953 -1.61619
10953.4 -1.6162
10953.7 -1.61621
10954.1 -1.61622
10954.5 -1.61623
10954.8 -1.61624
10955.2 -1.61625
10955.6 -1.61626
10955.9 -1.61627
10956.3 -1.61628
10956.7 -1.61629
10957 -1.6163
10957.4 -1.6163
10957.8 -1.61631
10958.1 -1.61632
10958.5 -1.61632
10958.9 -1.61633
10959.2 -1.61634
10959.6 -1.61634
10960 -1.61635
10960.3 -1.61635
10960.7 -1.61635
10961.1 -1.61636
10961.4 -1.61636
10961.8 -1.61636
10962.2 -1.61637
10962.5 -1.61637
10962.9 -1.61637
10963.3 -1.61637
10963.6 -1.61637
10964 -1.61637
10964.4 -1.61637
10964.7 -1.61637
10965.1 -1.61637
10965.5 -1.61637
10965.8 -1.61637
10966.2 -1.61637
10966.6 -1.61637
10966.9 -1.61637
10967.3 -1.61636
10967.7 -1.61636
10968 -1.61636
10968.4 -1.61635
10968.7 -1.61635
10969.1 -1.61634
10969.5 -1.61634
10969.8 -1.61633
10970.2 -1.61632
10970.6 -1.61632
10970.9 -1.61631
10971.3 -1.6163
10971.7 -1.6163
10972 -1.61629
10972.4 -1.61628
10972.8 -1.61627
10973.1 -1.61626
10973.5 -1.61625
10973.9 -1.61624
10974.2 -1.61623
10974.6 -1.61622
10975 -1.61621
10975.3 -1.6162
10975.7 -1.61619
10976.1 -1.61618
10976.4 -1.61616
10976.8 -1.61615
10977.2 -1.61614
10977.5 -1.61612
10977.9 -1.61611
10978.3 -1.61609
10978.6 -1.61608
10979 -1.61606
10979.4 -1.61605
10979.7 -1.61603
10980.1 -1.61601
10980.5 -1.616
10980.8 -1.61598
10981.2 -1.61596
10981.6 -1.61594
10981.9 -1.61593
10982.3 -1.61591
10982.7 -1.61589
10983 -1.61587
10983.4 -1.61585
10983.8 -1.61583
10984.1 -1.61581
10984.5 -1.61578
10984.9 -1.61576
10985.2 -1.61574
10985.6 -1.61572
10986 -1.61569
10986.3 -1.61567
10986.7 -1.61565
10987.1 -1.61562
10987.4 -1.6156
10987.8 -1.61557
10988.2 -1.61555
10988.5 -1.61552
10988.9 -1.6155
10989.3 -1.61547
10989.6 -1.61544
10990 -1.61542
10990.4 -1.61539
10990.7 -1.61536
10991.1 -1.61533
10991.5 -1.6153
10991.8 -1.61527
10992.2 -1.61525
10992.6 -1.61522
10992.9 -1.61518
10993.3 -1.61515
10993.7 -1.61512
10994 -1.61509
10994.4 -1.61506
10994.8 -1.61503
10995.1 -1.61499
10995.5 -1.61496
10995.8 -1.61493
10996.2 -1.61489
10996.6 -1.61486
10996.9 -1.61483
10997.3 -1.61479
10997.7 -1.61475
10998 -1.61472
10998.4 -1.61468
10998.8 -1.61465
10999.1 -1.61461
10999.5 -1.61457
10999.9 -1.61453
11000.2 -1.61449
11000.6 -1.61446
11001 -1.61442
11001.3 -1.61438
11001.7 -1.61434
11002.1 -1.6143
11002.4 -1.61426
11002.8 -1.61422
11003.2 -1.61417
11003.5 -1.61413
11003.9 -1.61409
11004.3 -1.61405
11004.6 -1.614
11005 -1.61396
11005.4 -1.61392
11005.7 -1.61387
11006.1 -1.61383
11006.5 -1.61378
11006.8 -1.61374
11007.2 -1.61369
11007.6 -1.61365
11007.9 -1.6136
11008.3 -1.61355
11008.7 -1.61351
11009 -1.61346
11009.4 -1.61341
11009.8 -1.61336
11010.1 -1.61331
11010.5 -1.61326
11010.9 -1.61321
11011.2 -1.61316
11011.6 -1.61311
11012 -1.61306
11012.3 -1.61301
11012.7 -1.61296
11013.1 -1.61291
11013.4 -1.61285
11013.8 -1.6128
11014.2 -1.61275
11014.5 -1.61269
11014.9 -1.61264
11015.3 -1.61259
11015.6 -1.61253
11016 -1.61248
11016.4 -1.61242
11016.7 -1.61236
11017.1 -1.61231
11017.5 -1.61225
11017.8 -1.61219
11018.2 -1.61214
11018.6 -1.61208
11018.9 -1.61202
11019.3 -1.61196
11019.7 -1.6119
11020 -1.61184
11020.4 -1.61178
11020.8 -1.61172
11021.1 -1.61166
11021.5 -1.6116
11021.8 -1.61154
11022.2 -1.61148
11022.6 -1.61141
11022.9 -1.61135
11023.3 -1.61129
11023.7 -1.61122
11024 -1.61116
11024.4 -1.6111
11024.8 -1.61103
11025.1 -1.61097
11025.5 -1.6109
11025.9 -1.61083
11026.2 -1.61077
11026.6 -1.6107
11027 -1.61063
11027.3 -1.61057
11027.7 -1.6105
11028.1 -1.61043
11028.4 -1.61036
11028.8 -1.61029
11029.2 -1.61022
11029.5 -1.61015
11029.9 -1.61008
11030.3 -1.61001
11030.6 -1.60994
11031 -1.60987
11031.4 -1.6098
11031.7 -1.60973
11032.1 -1.60965
11032.5 -1.60958
11032.8 -1.60951
11033.2 -1.60943
11033.6 -1.60936
11033.9 -1.60928
11034.3 -1.60921
11034.7 -1.60913
11035 -1.60906
11035.4 -1.60898
11035.8 -1.60891
11036.1 -1.60883
11036.5 -1.60875
11036.9 -1.60867
11037.2 -1.6086
11037.6 -1.60852
11038 -1.60844
11038.3 -1.60836
11038.7 -1.60828
11039.1 -1.6082
11039.4 -1.60812
11039.8 -1.60804
11040.2 -1.60796
11040.5 -1.60787
11040.9 -1.60779
11041.3 -1.60771
11041.6 -1.60763
11042 -1.60754
11042.4 -1.60746
11042.7 -1.60738
11043.1 -1.60729
11043.5 -1.60721
11043.8 -1.60712
11044.2 -1.60704
11044.6 -1.60695
11044.9 -1.60686
11045.3 -1.60678
11045.7 -1.60669
11046 -1.6066
11046.4 -1.60651
11046.8 -1.60642
11047.1 -1.60634
11047.5 -1.60625
11047.9 -1.60616
11048.2 -1.60607
11048.6 -1.60598
11048.9 -1.60589
11049.3 -1.60579
11049.7 -1.6057
11050 -1.60561
11050.4 -1.60552
11050.8 -1.60543
11051.1 -1.60533
11051.5 -1.60524
11051.9 -1.60515
11052.2 -1.60505
11052.6 -1.60496
11053 -1.60486
11053.3 -1.60477
11053.7 -1.60467
11054.1 -1.60457
11054.4 -1.60448
11054.8 -1.60438
11055.2 -1.60428
11055.5 -1.60418
11055.9 -1.60409
11056.3 -1.60399
11056.6 -1.60389
11057 -1.60379
11057.4 -1.60369
11057.7 -1.60359
11058.1 -1.60349
11058.5 -1.60339
11058.8 -1.60329
11059.2 -1.60318
11059.6 -1.60308
11059.9 -1.60298
11060.3 -1.60288
11060.7 -1.60277
11061 -1.60267
11061.4 -1.60257
11061.8 -1.60246
11062.1 -1.60236
11062.5 -1.60225
11062.9 -1.60215
11063.2 -1.60204
11063.6 -1.60193
11064 -1.60183
11064.3 -1.60172
11064.7 -1.60161
11065.1 -1.6015
11065.4 -1.6014
11065.8 -1.60129
11066.2 -1.60118
11066.5 -1.60107
11066.9 -1.60096
11067.3 -1.60085
11067.6 -1.60074
11068 -1.60062
11068.4 -1.60051
11068.7 -1.6004
11069.1 -1.60029
11069.5 -1.60018
11069.8 -1.60006
11070.2 -1.59995
11070.6 -1.59984
11070.9 -1.59972
11071.3 -1.59961
11071.7 -1.59949
11072 -1.59938
11072.4 -1.59926
11072.8 -1.59914
11073.1 -1.59903
11073.5 -1.59891
11073.9 -1.59879
11074.2 -1.59867
11074.6 -1.59856
11075 -1.59844
11075.3 -1.59832
11075.7 -1.5982
11076 -1.59808
11076.4 -1.59796
11076.8 -1.59784
11077.1 -1.59772
11077.5 -1.5976
11077.9 -1.59748
11078.2 -1.59735
11078.6 -1.59723
11079 -1.59711
11079.3 -1.59698
11079.7 -1.59686
11080.1 -1.59674
11080.4 -1.59661
11080.8 -1.59649
11081.2 -1.59636
11081.5 -1.59624
11081.9 -1.59611
11082.3 -1.59598
11082.6 -1.59586
11083 -1.59573
11083.4 -1.5956
11083.7 -1.59547
11084.1 -1.59535
11084.5 -1.59522
11084.8 -1.59509
11085.2 -1.59496
11085.6 -1.59483
11085.9 -1.5947
11086.3 -1.59457
11086.7 -1.59444
11087 -1.59431
11087.4 -1.59417
11087.8 -1.59404
11088.1 -1.59391
11088.5 -1.59378
11088.9 -1.59364
11089.2 -1.59351
11089.6 -1.59338
11090 -1.59324
11090.3 -1.59311
11090.7 -1.59297
11091.1 -1.59283
11091.4 -1.5927
11091.8 -1.59256
11092.2 -1.59243
11092.5 -1.59229
11092.9 -1.59215
11093.3 -1.59201
11093.6 -1.59187
11094 -1.59174
11094.4 -1.5916
11094.7 -1.59146
11095.1 -1.59132
11095.5 -1.59118
11095.8 -1.59104
11096.2 -1.59089
11096.6 -1.59075
11096.9 -1.59061
11097.3 -1.59047
11097.7 -1.59033
11098 -1.59018
11098.4 -1.59004
11098.8 -1.5899
11099.1 -1.58975
11099.5 -1.58961
11099.9 -1.58946
11100.2 -1.58932
11100.6 -1.58917
11101 -1.58903
11101.3 -1.58888
11101.7 -1.58873
11102 -1.58858
11102.4 -1.58844
11102.8 -1.58829
11103.1 -1.58814
11103.5 -1.58799
11103.9 -1.58784
11104.2 -1.58769
11104.6 -1.58754
11105 -1.58739
11105.3 -1.58724
11105.7 -1.58709
11106.1 -1.58694
11106.4 -1.58679
11106.8 -1.58664
11107.2 -1.58648
11107.5 -1.58633
11107.9 -1.58618
11108.3 -1.58602
11108.6 -1.58587
11109 -1.58571
11109.4 -1.58556
11109.7 -1.5854
11110.1 -1.58525
11110.5 -1.58509
11110.8 -1.58494
11111.2 -1.58478
11111.6 -1.58462
11111.9 -1.58446
11112.3 -1.58431
11112.7 -1.58415
11113 -1.58399
11113.4 -1.58383
11113.8 -1.58367
11114.1 -1.58351
11114.5 -1.58335
11114.9 -1.58319
11115.2 -1.58303
11115.6 -1.58287
11116 -1.58271
11116.3 -1.58254
11116.7 -1.58238
11117.1 -1.58222
11117.4 -1.58206
11117.8 -1.58189
11118.2 -1.58173
11118.5 -1.58156
11118.9 -1.5814
11119.3 -1.58123
11119.6 -1.58107
11120 -1.5809
11120.4 -1.58074
11120.7 -1.58057
11121.1 -1.5804
11121.5 -1.58023
11121.8 -1.58007
11122.2 -1.5799
11122.6 -1.57973
11122.9 -1.57956
11123.3 -1.57939
11123.7 -1.57922
11124 -1.57905
11124.4 -1.57888
11124.8 -1.57871
11125.1 -1.57854
11125.5 -1.57837
11125.9 -1.5782
11126.2 -1.57802
11126.6 -1.57785
11127 -1.57768
11127.3 -1.5775
11127.7 -1.57733
11128.1 -1.57716
11128.4 -1.57698
11128.8 -1.57681
11129.1 -1.57663
11129.5 -1.57646
11129.9 -1.57628
11130.2 -1.5761
11130.6 -1.57593
11131 -1.57575
11131.3 -1.57557
11131.7 -1.57539
11132.1 -1.57521
11132.4 -1.57504
11132.8 -1.57486
11133.2 -1.57468
11133.5 -1.5745
11133.9 -1.57432
11134.3 -1.57414
11134.6 -1.57396
11135 -1.57377
11135.4 -1.57359
11135.7 -1.57341
11136.1 -1.57323
11136.5 -1.57305
11136.8 -1.57286
11137.2 -1.57268
11137.6 -1.57249
11137.9 -1.57231
11138.3 -1.57213
11138.7 -1.57194
11139 -1.57175
11139.4 -1.57157
11139.8 -1.57138
11140.1 -1.5712
11140.5 -1.57101
11140.9 -1.57082
11141.2 -1.57063
11141.6 -1.57045
11142 -1.57026
11142.3 -1.57007
11142.7 -1.56988
11143.1 -1.56969
11143.4 -1.5695
11143.8 -1.56931
11144.2 -1.56912
11144.5 -1.56893
11144.9 -1.56874
11145.3 -1.56855
11145.6 -1.56835
11146 -1.56816
11146.4 -1.56797
11146.7 -1.56777
11147.1 -1.56758
11147.5 -1.56739
11147.8 -1.56719
11148.2 -1.567
11148.6 -1.5668
11148.9 -1.56661
11149.3 -1.56641
11149.7 -1.56622
11150 -1.56602
11150.4 -1.56582
11150.8 -1.56562
11151.1 -1.56543
11151.5 -1.56523
11151.9 -1.56503
11152.2 -1.56483
11152.6 -1.56463
11153 -1.56443
11153.3 -1.56423
11153.7 -1.56403
11154.1 -1.56383
11154.4 -1.56363
11154.8 -1.56343
11155.2 -1.56323
11155.5 -1.56303
11155.9 -1.56282
11156.2 -1.56262
11156.6 -1.56242
11157 -1.56222
11157.3 -1.56201
11157.7 -1.56181
11158.1 -1.5616
11158.4 -1.5614
11158.8 -1.56119
11159.2 -1.56099
11159.5 -1.56078
11159.9 -1.56057
11160.3 -1.56037
11160.6 -1.56016
11161 -1.55995
11161.4 -1.55974
11161.7 -1.55954
11162.1 -1.55933
11162.5 -1.55912
11162.8 -1.55891
11163.2 -1.5587
11163.6 -1.55849
11163.9 -1.55828
11164.3 -1.55807
11164.7 -1.55786
11165 -1.55765
11165.4 -1.55743
11165.8 -1.55722
11166.1 -1.55701
11166.5 -1.5568
11166.9 -1.55658
11167.2 -1.55637
11167.6 -1.55616
11168 -1.55594
11168.3 -1.55573
11168.7 -1.55551
11169.1 -1.5553
11169.4 -1.55508
11169.8 -1.55486
11170.2 -1.55465
11170.5 -1.55443
11170.9 -1.55421
11171.3 -1.554
11171.6 -1.55378
11172 -1.55356
11172.4 -1.55334
11172.7 -1.55312
11173.1 -1.5529
11173.5 -1.55268
11173.8 -1.55246
11174.2 -1.55224
11174.6 -1.55202
11174.9 -1.5518
11175.3 -1.55158
11175.7 -1.55136
11176 -1.55113
11176.4 -1.55091
11176.8 -1.55069
11177.1 -1.55046
11177.5 -1.55024
11177.9 -1.55002
11178.2 -1.54979
11178.6 -1.54957
11179 -1.54934
11179.3 -1.54912
11179.7 -1.54889
11180.1 -1.54867
11180.4 -1.54844
11180.8 -1.54821
11181.2 -1.54798
11181.5 -1.54776
11181.9 -1.54753
11182.3 -1.5473
11182.6 -1.54707
11183 -1.54684
11183.3 -1.54661
11183.7 -1.54638
11184.1 -1.54615
11184.4 -1.54592
11184.8 -1.54569
11185.2 -1.54546
11185.5 -1.54523
11185.9 -1.545
11186.3 -1.54477
11186.6 -1.54453
11187 -1.5443
11187.4 -1.54407
11187.7 -1.54383
11188.1 -1.5436
11188.5 -1.54337
11188.8 -1.54313
11189.2 -1.5429
11189.6 -1.54266
11189.9 -1.54242
11190.3 -1.54219
11190.7 -1.54195
11191 -1.54172
11191.4 -1.54148
11191.8 -1.54124
11192.1 -1.541
11192.5 -1.54077
11192.9 -1.54053
11193.2 -1.54029
11193.6 -1.54005
11194 -1.53981
11194.3 -1.53957
11194.7 -1.53933
11195.1 -1.53909
11195.4 -1.53885
11195.8 -1.53861
11196.2 -1.53836
11196.5 -1.53812
11196.9 -1.53788
11197.3 -1.53764
11197.6 -1.53739
11198 -1.53715
11198.4 -1.53691
11198.7 -1.53666
11199.1 -1.53642
11199.5 -1.53617
11199.8 -1.53593
11200.2 -1.53568
11200.6 -1.53544
11200.9 -1.53519
11201.3 -1.53495
11201.7 -1.5347
11202 -1.53445
11202.4 -1.5342
11202.8 -1.53396
11203.1 -1.53371
11203.5 -1.53346
11203.9 -1.53321
11204.2 -1.53296
11204.6 -1.53271
11205 -1.53246
11205.3 -1.53221
11205.7 -1.53196
11206.1 -1.53171
11206.4 -1.53146
11206.8 -1.53121
11207.2 -1.53096
11207.5 -1.5307
11207.9 -1.53045
11208.3 -1.5302
11208.6 -1.52994
11209 -1.52969
11209.3 -1.52944
11209.7 -1.52918
11210.1 -1.52893
11210.4 -1.52867
11210.8 -1.52842
11211.2 -1.52816
11211.5 -1.52791
11211.9 -1.52765
11212.3 -1.52739
11212.6 -1.52714
11213 -1.52688
11213.4 -1.52662
11213.7 -1.52636
11214.1 -1.5261
11214.5 -1.52585
11214.8 -1.52559
11215.2 -1.52533
11215.6 -1.52507
11215.9 -1.52481
11216.3 -1.52455
11216.7 -1.52429
11217 -1.52403
11217.4 -1.52376
11217.8 -1.5235
11218.1 -1.52324
11218.5 -1.52298
11218.9 -1.52271
11219.2 -1.52245
11219.6 -1.52219
11220 -1.52192
11220.3 -1.52166
11220.7 -1.5214
11221.1 -1.52113
11221.4 -1.52087
11221.8 -1.5206
11222.2 -1.52033
11222.5 -1.52007
11222.9 -1.5198
11223.3 -1.51954
11223.6 -1.51927
11224 -1.519
11224.4 -1.51873
11224.7 -1.51847
11225.1 -1.5182
11225.5 -1.51793
11225.8 -1.51766
11226.2 -1.51739
11226.6 -1.51712
11226.9 -1.51685
11227.3 -1.51658
11227.7 -1.51631
11228 -1.51604
11228.4 -1.51577
11228.8 -1.51549
11229.1 -1.51522
11229.5 -1.51495
11229.9 -1.51468
11230.2 -1.5144
11230.6 -1.51413
11231 -1.51386
11231.3 -1.51358
11231.7 -1.51331
11232.1 -1.51303
11232.4 -1.51276
11232.8 -1.51248
11233.2 -1.51221
11233.5 -1.51193
11233.9 -1.51166
11234.3 -1.51138
11234.6 -1.5111
11235 -1.51083
11235.4 -1.51055
11235.7 -1.51027
11236.1 -1.50999
11236.4 -1.50971
11236.8 -1.50943
11237.2 -1.50915
11237.5 -1.50888
11237.9 -1.5086
11238.3 -1.50832
11238.6 -1.50803
11239 -1.50775
11239.4 -1.50747
11239.7 -1.50719
11240.1 -1.50691
11240.5 -1.50663
11240.8 -1.50634
11241.2 -1.50606
11241.6 -1.50578
11241.9 -1.5055
11242.3 -1.50521
11242.7 -1.50493
11243 -1.50464
11243.4 -1.50436
11243.8 -1.50407
11244.1 -1.50379
11244.5 -1.5035
11244.9 -1.50322
11245.2 -1.50293
11245.6 -1.50264
11246 -1.50236
11246.3 -1.50207
11246.7 -1.50178
11247.1 -1.50149
11247.4 -1.50121
11247.8 -1.50092
11248.2 -1.50063
11248.5 -1.50034
11248.9 -1.50005
11249.3 -1.49976
11249.6 -1.49947
11250 -1.49918
11250.4 -1.49889
11250.7 -1.4986
11251.1 -1.49831
11251.5 -1.49801
11251.8 -1.49772
11252.2 -1.49743
11252.6 -1.49714
11252.9 -1.49684
11253.3 -1.49655
11253.7 -1.49626
11254 -1.49596
11254.4 -1.49567
11254.8 -1.49537
11255.1 -1.49508
11255.5 -1.49478
11255.9 -1.49449
11256.2 -1.49419
11256.6 -1.4939
11257 -1.4936
11257.3 -1.4933
11257.7 -1.49301
11258.1 -1.49271
11258.4 -1.49241
11258.8 -1.49211
11259.2 -1.49182
11259.5 -1.49152
11259.9 -1.49122
11260.3 -1.49092
11260.6 -1.49062
11261 -1.49032
11261.4 -1.49002
11261.7 -1.48972
11262.1 -1.48942
11262.5 -1.48912
11262.8 -1.48882
11263.2 -1.48851
11263.5 -1.48821
11263.9 -1.48791
11264.3 -1.48761
11264.6 -1.4873
11265 -1.487
11265.4 -1.4867
11265.7 -1.48639
11266.1 -1.48609
11266.5 -1.48578
11266.8 -1.48548
11267.2 -1.48517
11267.6 -1.48487
11267.9 -1.48456
11268.3 -1.48426
11268.7 -1.48395
11269 -1.48364
11269.4 -1.48334
11269.8 -1.48303
11270.1 -1.48272
11270.5 -1.48242
11270.9 -1.48211
11271.2 -1.4818
11271.6 -1.48149
11272 -1.48118
11272.3 -1.48087
11272.7 -1.48056
11273.1 -1.48025
11273.4 -1.47994
11273.8 -1.47963
11274.2 -1.47932
11274.5 -1.47901
11274.9 -1.4787
11275.3 -1.47839
11275.6 -1.47807
11276 -1.47776
11276.4 -1.47745
11276.7 -1.47714
11277.1 -1.47682
11277.5 -1.47651
11277.8 -1.47619
11278.2 -1.47588
11278.6 -1.47557
11278.9 -1.47525
11279.3 -1.47494
11279.7 -1.47462
11280 -1.4743
11280.4 -1.47399
11280.8 -1.47367
11281.1 -1.47336
11281.5 -1.47304
11281.9 -1.47272
11282.2 -1.4724
11282.6 -1.47209
11283 -1.47177
11283.3 -1.47145
11283.7 -1.47113
11284.1 -1.47081
11284.4 -1.47049
11284.8 -1.47017
11285.2 -1.46985
11285.5 -1.46953
11285.9 -1.46921
11286.3 -1.46889
11286.6 -1.46857
11287 -1.46825
11287.4 -1.46793
11287.7 -1.46761
11288.1 -1.46729
11288.5 -1.46696
11288.8 -1.46664
11289.2 -1.46632
11289.5 -1.46599
11289.9 -1.46567
11290.3 -1.46535
11290.6 -1.46502
11291 -1.4647
11291.4 -1.46437
11291.7 -1.46405
11292.1 -1.46372
11292.5 -1.4634
11292.8 -1.46307
11293.2 -1.46274
11293.6 -1.46242
11293.9 -1.46209
11294.3 -1.46176
11294.7 -1.46144
11295 -1.46111
11295.4 -1.46078
11295.8 -1.46045
11296.1 -1.46012
11296.5 -1.45979
11296.9 -1.45947
11297.2 -1.45914
11297.6 -1.45881
11298 -1.45848
11298.3 -1.45815
11298.7 -1.45782
11299.1 -1.45749
11299.4 -1.45715
11299.8 -1.45682
11300.2 -1.45649
11300.5 -1.45616
11300.9 -1.45583
11301.3 -1.45549
11301.6 -1.45516
11302 -1.45483
11302.4 -1.45449
11302.7 -1.45416
11303.1 -1.45383
11303.5 -1.45349
11303.8 -1.45316
11304.2 -1.45282
11304.6 -1.45249
11304.9 -1.45215
11305.3 -1.45182
11305.7 -1.45148
11306 -1.45115
11306.4 -1.45081
11306.8 -1.45047
11307.1 -1.45013
11307.5 -1.4498
11307.9 -1.44946
11308.2 -1.44912
11308.6 -1.44878
11309 -1.44845
11309.3 -1.44811
11309.7 -1.44777
11310.1 -1.44743
11310.4 -1.44709
11310.8 -1.44675
11311.2 -1.44641
11311.5 -1.44607
11311.9 -1.44573
11312.3 -1.44539
11312.6 -1.44505
11313 -1.4447
11313.4 -1.44436
11313.7 -1.44402
11314.1 -1.44368
11314.5 -1.44333
11314.8 -1.44299
11315.2 -1.44265
11315.6 -1.44231
11315.9 -1.44196
11316.3 -1.44162
11316.6 -1.44127
11317 -1.44093
11317.4 -1.44058
11317.7 -1.44024
11318.1 -1.43989
11318.5 -1.43955
11318.8 -1.4392
11319.2 -1.43886
11319.6 -1.43851
11319.9 -1.43816
11320.3 -1.43782
11320.7 -1.43747
11321 -1.43712
11321.4 -1.43677
11321.8 -1.43642
11322.1 -1.43608
11322.5 -1.43573
11322.9 -1.43538
11323.2 -1.43503
11323.6 -1.43468
11324 -1.43433
11324.3 -1.43398
11324.7 -1.43363
11325.1 -1.43328
11325.4 -1.43293
11325.8 -1.43258
11326.2 -1.43223
11326.5 -1.43187
11326.9 -1.43152
11327.3 -1.43117
11327.6 -1.43082
11328 -1.43047
11328.4 -1.43011
11328.7 -1.42976
11329.1 -1.42941
11329.5 -1.42905
11329.8 -1.4287
11330.2 -1.42834
11330.6 -1.42799
11330.9 -1.42763
11331.3 -1.42728
11331.7 -1.42692
11332 -1.42657
11332.4 -1.42621
11332.8 -1.42586
11333.1 -1.4255
11333.5 -1.42514
11333.9 -1.42479
11334.2 -1.42443
11334.6 -1.42407
11335 -1.42371
11335.3 -1.42336
11335.7 -1.423
11336.1 -1.42264
11336.4 -1.42228
11336.8 -1.42192
11337.2 -1.42156
11337.5 -1.4212
11337.9 -1.42084
11338.3 -1.42048
11338.6 -1.42012
11339 -1.41976
11339.4 -1.4194
11339.7 -1.41904
11340.1 -1.41868
11340.5 -1.41832
11340.8 -1.41796
11341.2 -1.41759
11341.6 -1.41723
11341.9 -1.41687
11342.3 -1.41651
11342.7 -1.41614
11343 -1.41578
11343.4 -1.41542
11343.7 -1.41505
11344.1 -1.41469
11344.5 -1.41432
11344.8 -1.41396
11345.2 -1.41359
11345.6 -1.41323
11345.9 -1.41286
11346.3 -1.4125
11346.7 -1.41213
11347 -1.41177
11347.4 -1.4114
11347.8 -1.41103
11348.1 -1.41067
11348.5 -1.4103
11348.9 -1.40993
11349.2 -1.40956
11349.6 -1.4092
11350 -1.40883
11350.3 -1.40846
11350.7 -1.40809
11351.1 -1.40772
11351.4 -1.40735
11351.8 -1.40698
11352.2 -1.40661
11352.5 -1.40624
11352.9 -1.40587
11353.3 -1.4055
11353.6 -1.40513
11354 -1.40476
11354.4 -1.40439
11354.7 -1.40402
11355.1 -1.40365
11355.5 -1.40328
11355.8 -1.4029
11356.2 -1.40253
11356.6 -1.40216
11356.9 -1.40179
11357.3 -1.40141
11357.7 -1.40104
11358 -1.40067
11358.4 -1.40029
11358.8 -1.39992
11359.1 -1.39954
11359.5 -1.39917
11359.9 -1.39879
11360.2 -1.39842
11360.6 -1.39804
11361 -1.39767
11361.3 -1.39729
11361.7 -1.39692
11362.1 -1.39654
11362.4 -1.39616
11362.8 -1.39579
11363.2 -1.39541
11363.5 -1.39503
11363.9 -1.39465
11364.3 -1.39428
11364.6 -1.3939
11365 -1.39352
11365.4 -1.39314
11365.7 -1.39276
11366.1 -1.39238
11366.5 -1.392
11366.8 -1.39162
11367.2 -1.39124
11367.6 -1.39086
11367.9 -1.39048
11368.3 -1.3901
11368.7 -1.38972
11369 -1.38934
11369.4 -1.38896
11369.8 -1.38858
11370.1 -1.3882
11370.5 -1.38782
11370.8 -1.38743
11371.2 -1.38705
11371.6 -1.38667
11371.9 -1.38629
11372.3 -1.3859
11372.7 -1.38552
11373 -1.38514
11373.4 -1.38475
11373.8 -1.38437
11374.1 -1.38399
11374.5 -1.3836
11374.9 -1.38322
11375.2 -1.38283
11375.6 -1.38245
11376 -1.38206
11376.3 -1.38167
11376.7 -1.38129
11377.1 -1.3809
11377.4 -1.38052
11377.8 -1.38013
11378.2 -1.37974
11378.5 -1.37936
11378.9 -1.37897
11379.3 -1.37858
11379.6 -1.37819
11380 -1.37781
11380.4 -1.37742
11380.7 -1.37703
11381.1 -1.37664
11381.5 -1.37625
11381.8 -1.37586
11382.2 -1.37547
11382.6 -1.37508
11382.9 -1.37469
11383.3 -1.3743
11383.7 -1.37391
11384 -1.37352
11384.4 -1.37313
11384.8 -1.37274
11385.1 -1.37235
11385.5 -1.37196
11385.9 -1.37157
11386.2 -1.37118
11386.6 -1.37078
11387 -1.37039
11387.3 -1.37
11387.7 -1.36961
11388.1 -1.36921
11388.4 -1.36882
11388.8 -1.36843
11389.2 -1.36803
11389.5 -1.36764
11389.9 -1.36725
11390.3 -1.36685
11390.6 -1.36646
11391 -1.36606
11391.4 -1.36567
11391.7 -1.36527
11392.1 -1.36488
11392.5 -1.36448
11392.8 -1.36408
11393.2 -1.36369
11393.6 -1.36329
11393.9 -1.3629
11394.3 -1.3625
11394.7 -1.3621
11395 -1.3617
11395.4 -1.36131
11395.8 -1.36091
11396.1 -1.36051
11396.5 -1.36011
11396.8 -1.35972
11397.2 -1.35932
11397.6 -1.35892
11397.9 -1.35852
11398.3 -1.35812
11398.7 -1.35772
11399 -1.35732
11399.4 -1.35692
11399.8 -1.35652
11400.1 -1.35612
11400.5 -1.35572
11400.9 -1.35532
11401.2 -1.35492
11401.6 -1.35452
11402 -1.35412
11402.3 -1.35372
11402.7 -1.35331
11403.1 -1.35291
11403.4 -1.35251
11403.8 -1.35211
11404.2 -1.3517
11404.5 -1.3513
11404.9 -1.3509
11405.3 -1.3505
11405.6 -1.35009
11406 -1.34969
11406.4 -1.34928
11406.7 -1.34888
11407.1 -1.34848
11407.5 -1.34807
11407.8 -1.34767
11408.2 -1.34726
11408.6 -1.34686
11408.9 -1.34645
11409.3 -1.34605
11409.7 -1.34564
11410 -1.34523
11410.4 -1.34483
11410.8 -1.34442
11411.1 -1.34401
11411.5 -1.34361
11411.9 -1.3432
11412.2 -1.34279
11412.6 -1.34239
11413 -1.34198
11413.3 -1.34157
11413.7 -1.34116
11414.1 -1.34075
11414.4 -1.34035
11414.8 -1.33994
11415.2 -1.33953
11415.5 -1.33912
11415.9 -1.33871
11416.3 -1.3383
11416.6 -1.33789
11417 -1.33748
11417.4 -1.33707
11417.7 -1.33666
11418.1 -1.33625
11418.5 -1.33584
11418.8 -1.33543
11419.2 -1.33502
11419.6 -1.33461
11419.9 -1.33419
11420.3 -1.33378
11420.7 -1.33337
11421 -1.33296
11421.4 -1.33255
11421.8 -1.33213
11422.1 -1.33172
11422.5 -1.33131
11422.9 -1.33089
11423.2 -1.33048
11423.6 -1.33007
11423.9 -1.32965
11424.3 -1.32924
11424.7 -1.32883
11425 -1.32841
11425.4 -1.328
11425.8 -1.32758
11426.1 -1.32717
11426.5 -1.32675
11426.9 -1.32634
11427.2 -1.32592
11427.6 -1.3255
11428 -1.32509
11428.3 -1.32467
11428.7 -1.32426
11429.1 -1.32384
11429.4 -1.32342
11429.8 -1.32301
11430.2 -1.32259
11430.5 -1.32217
11430.9 -1.32175
11431.3 -1.32134
11431.6 -1.32092
11432 -1.3205
11432.4 -1.32008
11432.7 -1.31966
11433.1 -1.31924
11433.5 -1.31883
11433.8 -1.31841
11434.2 -1.31799
11434.6 -1.31757
11434.9 -1.31715
11435.3 -1.31673
11435.7 -1.31631
11436 -1.31589
11436.4 -1.31547
11436.8 -1.31505
11437.1 -1.31463
11437.5 -1.3142
11437.9 -1.31378
11438.2 -1.31336
11438.6 -1.31294
11439 -1.31252
11439.3 -1.3121
11439.7 -1.31167
11440.1 -1.31125
11440.4 -1.31083
11440.8 -1.31041
11441.2 -1.30998
11441.5 -1.30956
11441.9 -1.30914
11442.3 -1.30871
11442.6 -1.30829
11443 -1.30787
11443.4 -1.30744
11443.7 -1.30702
11444.1 -1.30659
11444.5 -1.30617
11444.8 -1.30574
11445.2 -1.30532
11445.6 -1.30489
11445.9 -1.30447
11446.3 -1.30404
11446.7 -1.30362
11447 -1.30319
11447.4 -1.30277
11447.8 -1.30234
11448.1 -1.30191
11448.5 -1.30149
11448.9 -1.30106
11449.2 -1.30063
11449.6 -1.30021
11450 -1.29978
11450.3 -1.29935
11450.7 -1.29892
11451 -1.2985
11451.4 -1.29807
11451.8 -1.29764
11452.1 -1.29721
11452.5 -1.29678
11452.9 -1.29635
11453.2 -1.29592
11453.6 -1.29549
11454 -1.29507
11454.3 -1.29464
11454.7 -1.29421
11455.1 -1.29378
11455.4 -1.29335
11455.8 -1.29292
11456.2 -1.29249
11456.5 -1.29205
11456.9 -1.29162
11457.3 -1.29119
11457.6 -1.29076
11458 -1.29033
11458.4 -1.2899
11458.7 -1.28947
11459.1 -1.28904
11459.5 -1.2886
11459.8 -1.28817
11460.2 -1.28774
11460.6 -1.28731
11460.9 -1.28687
11461.3 -1.28644
11461.7 -1.28601
11462 -1.28557
11462.4 -1.28514
11462.8 -1.28471
11463.1 -1.28427
11463.5 -1.28384
11463.9 -1.28341
11464.2 -1.28297
11464.6 -1.28254
11465 -1.2821
11465.3 -1.28167
11465.7 -1.28123
11466.1 -1.2808
11466.4 -1.28036
11466.8 -1.27993
11467.2 -1.27949
11467.5 -1.27905
11467.9 -1.27862
11468.3 -1.27818
11468.6 -1.27775
11469 -1.27731
11469.4 -1.27687
11469.7 -1.27644
11470.1 -1.276
11470.5 -1.27556
11470.8 -1.27512
11471.2 -1.27469
11471.6 -1.27425
11471.9 -1.27381
11472.3 -1.27337
11472.7 -1.27293
11473 -1.2725
11473.4 -1.27206
11473.8 -1.27162
11474.1 -1.27118
11474.5 -1.27074
11474.9 -1.2703
11475.2 -1.26986
11475.6 -1.26942
11476 -1.26898
11476.3 -1.26854
11476.7 -1.2681
11477 -1.26766
11477.4 -1.26722
11477.8 -1.26678
11478.1 -1.26634
11478.5 -1.2659
11478.9 -1.26546
11479.2 -1.26502
11479.6 -1.26458
11480 -1.26413
11480.3 -1.26369
11480.7 -1.26325
11481.1 -1.26281
11481.4 -1.26237
11481.8 -1.26192
11482.2 -1.26148
11482.5 -1.26104
11482.9 -1.2606
11483.3 -1.26015
11483.6 -1.25971
11484 -1.25927
11484.4 -1.25882
11484.7 -1.25838
11485.1 -1.25794
11485.5 -1.25749
11485.8 -1.25705
11486.2 -1.2566
11486.6 -1.25616
11486.9 -1.25572
11487.3 -1.25527
11487.7 -1.25483
11488 -1.25438
11488.4 -1.25393
11488.8 -1.25349
11489.1 -1.25304
11489.5 -1.2526
11489.9 -1.25215
11490.2 -1.25171
11490.6 -1.25126
11491 -1.25081
11491.3 -1.25037
11491.7 -1.24992
11492.1 -1.24947
11492.4 -1.24903
11492.8 -1.24858
11493.2 -1.24813
11493.5 -1.24769
11493.9 -1.24724
11494.3 -1.24679
11494.6 -1.24634
11495 -1.24589
11495.4 -1.24545
11495.7 -1.245
11496.1 -1.24455
11496.5 -1.2441
11496.8 -1.24365
11497.2 -1.2432
11497.6 -1.24275
11497.9 -1.2423
11498.3 -1.24186
11498.7 -1.24141
11499 -1.24096
11499.4 -1.24051
11499.8 -1.24006
11500.1 -1.23961
11500.5 -1.23916
11500.9 -1.23871
11501.2 -1.23825
11501.6 -1.2378
11502 -1.23735
11502.3 -1.2369
11502.7 -1.23645
11503.1 -1.236
11503.4 -1.23555
11503.8 -1.2351
11504.1 -1.23464
11504.5 -1.23419
11504.9 -1.23374
11505.2 -1.23329
11505.6 -1.23284
11506 -1.23238
11506.3 -1.23193
11506.7 -1.23148
11507.1 -1.23103
11507.4 -1.23057
11507.8 -1.23012
11508.2 -1.22967
11508.5 -1.22921
11508.9 -1.22876
11509.3 -1.2283
11509.6 -1.22785
11510 -1.2274
11510.4 -1.22694
11510.7 -1.22649
11511.1 -1.22603
11511.5 -1.22558
11511.8 -1.22512
11512.2 -1.22467
11512.6 -1.22421
11512.9 -1.22376
11513.3 -1.2233
11513.7 -1.22285
11514 -1.22239
11514.4 -1.22194
11514.8 -1.22148
11515.1 -1.22102
11515.5 -1.22057
11515.9 -1.22011
11516.2 -1.21965
11516.6 -1.2192
11517 -1.21874
11517.3 -1.21828
11517.7 -1.21783
11518.1 -1.21737
11518.4 -1.21691
11518.8 -1.21645
11519.2 -1.216
11519.5 -1.21554
11519.9 -1.21508
11520.3 -1.21462
11520.6 -1.21417
11521 -1.21371
11521.4 -1.21325
11521.7 -1.21279
11522.1 -1.21233
11522.5 -1.21187
11522.8 -1.21141
11523.2 -1.21095
11523.6 -1.21049
11523.9 -1.21004
11524.3 -1.20958
11524.7 -1.20912
11525 -1.20866
11525.4 -1.2082
11525.8 -1.20774
11526.1 -1.20728
11526.5 -1.20682
11526.9 -1.20636
11527.2 -1.20589
11527.6 -1.20543
11528 -1.20497
11528.3 -1.20451
11528.7 -1.20405
11529.1 -1.20359
11529.4 -1.20313
11529.8 -1.20267
11530.2 -1.2022
11530.5 -1.20174
11530.9 -1.20128
11531.2 -1.20082
11531.6 -1.20036
11532 -1.19989
11532.3 -1.19943
11532.7 -1.19897
11533.1 -1.19851
11533.4 -1.19804
11533.8 -1.19758
11534.2 -1.19712
11534.5 -1.19665
11534.9 -1.19619
11535.3 -1.19573
11535.6 -1.19526
11536 -1.1948
11536.4 -1.19434
11536.7 -1.19387
11537.1 -1.19341
11537.5 -1.19294
11537.8 -1.19248
11538.2 -1.19201
11538.6 -1.19155
11538.9 -1.19109
11539.3 -1.19062
11539.7 -1.19016
11540 -1.18969
11540.4 -1.18922
11540.8 -1.18876
11541.1 -1.18829
11541.5 -1.18783
11541.9 -1.18736
11542.2 -1.1869
11542.6 -1.18643
11543 -1.18596
11543.3 -1.1855
11543.7 -1.18503
11544.1 -1.18456
11544.4 -1.1841
11544.8 -1.18363
11545.2 -1.18316
11545.5 -1.1827
11545.9 -1.18223
11546.3 -1.18176
11546.6 -1.1813
11547 -1.18083
11547.4 -1.18036
11547.7 -1.17989
11548.1 -1.17942
11548.5 -1.17896
11548.8 -1.17849
11549.2 -1.17802
11549.6 -1.17755
11549.9 -1.17708
11550.3 -1.17662
11550.7 -1.17615
11551 -1.17568
11551.4 -1.17521
11551.8 -1.17474
11552.1 -1.17427
11552.5 -1.1738
11552.9 -1.17333
11553.2 -1.17286
11553.6 -1.17239
11554 -1.17192
11554.3 -1.17145
11554.7 -1.17098
11555.1 -1.17051
11555.4 -1.17004
11555.8 -1.16957
11556.2 -1.1691
11556.5 -1.16863
11556.9 -1.16816
11557.3 -1.16769
11557.6 -1.16722
11558 -1.16675
11558.3 -1.16628
11558.7 -1.1658
11559.1 -1.16533
11559.4 -1.16486
11559.8 -1.16439
11560.2 -1.16392
11560.5 -1.16345
11560.9 -1.16297
11561.3 -1.1625
11561.6 -1.16203
11562 -1.16156
11562.4 -1.16109
11562.7 -1.16061
11563.1 -1.16014
11563.5 -1.15967
11563.8 -1.15919
11564.2 -1.15872
11564.6 -1.15825
11564.9 -1.15777
11565.3 -1.1573
11565.7 -1.15683
11566 -1.15635
11566.4 -1.15588
11566.8 -1.15541
11567.1 -1.15493
11567.5 -1.15446
11567.9 -1.15398
11568.2 -1.15351
11568.6 -1.15304
11569 -1.15256
11569.3 -1.15209
11569.7 -1.15161
11570.1 -1.15114
11570.4 -1.15066
11570.8 -1.15019
11571.2 -1.14971
11571.5 -1.14924
11571.9 -1.14876
11572.3 -1.14829
11572.6 -1.14781
11573 -1.14734
11573.4 -1.14686
11573.7 -1.14638
11574.1 -1.14591
11574.5 -1.14543
11574.8 -1.14496
11575.2 -1.14448
11575.6 -1.144
11575.9 -1.14353
11576.3 -1.14305
11576.7 -1.14257
11577 -1.1421
11577.4 -1.14162
11577.8 -1.14114
11578.1 -1.14067
11578.5 -1.14019
11578.9 -1.13971
11579.2 -1.13923
11579.6 -1.13876
11580 -1.13828
11580.3 -1.1378
11580.7 -1.13732
11581.1 -1.13684
11581.4 -1.13637
11581.8 -1.13589
11582.2 -1.13541
11582.5 -1.13493
11582.9 -1.13445
11583.3 -1.13397
11583.6 -1.1335
11584 -1.13302
11584.3 -1.13254
11584.7 -1.13206
11585.1 -1.13158
11585.4 -1.1311
11585.8 -1.13062
11586.2 -1.13014
11586.5 -1.12966
11586.9 -1.12918
11587.3 -1.1287
11587.6 -1.12822
11588 -1.12774
11588.4 -1.12726
11588.7 -1.12678
11589.1 -1.1263
11589.5 -1.12582
11589.8 -1.12534
11590.2 -1.12486
11590.6 -1.12438
11590.9 -1.1239
11591.3 -1.12342
11591.7 -1.12294
11592 -1.12246
11592.4 -1.12198
11592.8 -1.1215
11593.1 -1.12102
11593.5 -1.12053
11593.9 -1.12005
11594.2 -1.11957
11594.6 -1.11909
11595 -1.11861
11595.3 -1.11813
11595.7 -1.11764
11596.1 -1.11716
11596.4 -1.11668
11596.8 -1.1162
11597.2 -1.11572
11597.5 -1.11523
11597.9 -1.11475
11598.3 -1.11427
11598.6 -1.11379
11599 -1.1133
11599.4 -1.11282
11599.7 -1.11234
11600.1 -1.11185
11600.5 -1.11137
11600.8 -1.11089
11601.2 -1.1104
11601.6 -1.10992
11601.9 -1.10944
11602.3 -1.10895
11602.7 -1.10847
11603 -1.10799
11603.4 -1.1075
11603.8 -1.10702
11604.1 -1.10653
11604.5 -1.10605
11604.9 -1.10557
11605.2 -1.10508
11605.6 -1.1046
11606 -1.10411
11606.3 -1.10363
11606.7 -1.10314
11607.1 -1.10266
11607.4 -1.10217
11607.8 -1.10169
11608.2 -1.1012
11608.5 -1.10072
11608.9 -1.10023
11609.3 -1.09975
11609.6 -1.09926
11610 -1.09878
11610.4 -1.09829
11610.7 -1.09781
11611.1 -1.09732
11611.4 -1.09683
11611.8 -1.09635
11612.2 -1.09586
11612.5 -1.09538
11612.9 -1.09489
11613.3 -1.0944
11613.6 -1.09392
11614 -1.09343
11614.4 -1.09294
11614.7 -1.09246
11615.1 -1.09197
11615.5 -1.09148
11615.8 -1.091
11616.2 -1.09051
11616.6 -1.09002
11616.9 -1.08954
11617.3 -1.08905
11617.7 -1.08856
11618 -1.08807
11618.4 -1.08759
11618.8 -1.0871
11619.1 -1.08661
11619.5 -1.08612
11619.9 -1.08564
11620.2 -1.08515
11620.6 -1.08466
11621 -1.08417
11621.3 -1.08368
11621.7 -1.0832
11622.1 -1.08271
11622.4 -1.08222
11622.8 -1.08173
11623.2 -1.08124
11623.5 -1.08075
11623.9 -1.08027
11624.3 -1.07978
11624.6 -1.07929
11625 -1.0788
11625.4 -1.07831
11625.7 -1.07782
11626.1 -1.07733
11626.5 -1.07684
11626.8 -1.07635
11627.2 -1.07586
11627.6 -1.07537
11627.9 -1.07488
11628.3 -1.07439
11628.7 -1.07391
11629 -1.07342
11629.4 -1.07293
11629.8 -1.07244
11630.1 -1.07195
11630.5 -1.07146
11630.9 -1.07097
11631.2 -1.07048
11631.6 -1.06998
11632 -1.06949
11632.3 -1.069
11632.7 -1.06851
11633.1 -1.06802
11633.4 -1.06753
11633.8 -1.06704
11634.2 -1.06655
11634.5 -1.06606
11634.9 -1.06557
11635.3 -1.06508
11635.6 -1.06459
11636 -1.06409
11636.4 -1.0636
11636.7 -1.06311
11637.1 -1.06262
11637.5 -1.06213
11637.8 -1.06164
11638.2 -1.06115
11638.5 -1.06065
11638.9 -1.06016
11639.3 -1.05967
11639.6 -1.05918
11640 -1.05869
11640.4 -1.05819
11640.7 -1.0577
11641.1 -1.05721
11641.5 -1.05672
11641.8 -1.05622
11642.2 -1.05573
11642.6 -1.05524
11642.9 -1.05475
11643.3 -1.05425
11643.7 -1.05376
11644 -1.05327
11644.4 -1.05277
11644.8 -1.05228
11645.1 -1.05179
11645.5 -1.0513
11645.9 -1.0508
11646.2 -1.05031
11646.6 -1.04982
11647 -1.04932
11647.3 -1.04883
11647.7 -1.04833
11648.1 -1.04784
11648.4 -1.04735
11648.8 -1.04685
11649.2 -1.04636
11649.5 -1.04587
11649.9 -1.04537
11650.3 -1.04488
11650.6 -1.04438
11651 -1.04389
11651.4 -1.0434
11651.7 -1.0429
11652.1 -1.04241
11652.5 -1.04191
11652.8 -1.04142
11653.2 -1.04092
11653.6 -1.04043
11653.9 -1.03993
11654.3 -1.03944
11654.7 -1.03894
11655 -1.03845
11655.4 -1.03795
11655.8 -1.03746
11656.1 -1.03696
11656.5 -1.03647
11656.9 -1.03597
11657.2 -1.03548
11657.6 -1.03498
11658 -1.03449
11658.3 -1.03399
11658.7 -1.0335
11659.1 -1.033
11659.4 -1.0325
11659.8 -1.03201
11660.2 -1.03151
11660.5 -1.03102
11660.9 -1.03052
11661.3 -1.03002
11661.6 -1.02953
11662 -1.02903
11662.4 -1.02854
11662.7 -1.02804
11663.1 -1.02754
11663.5 -1.02705
11663.8 -1.02655
11664.2 -1.02605
11664.5 -1.02556
11664.9 -1.02506
11665.3 -1.02456
11665.6 -1.02407
11666 -1.02357
11666.4 -1.02307
11666.7 -1.02258
11667.1 -1.02208
11667.5 -1.02158
11667.8 -1.02108
11668.2 -1.02059
11668.6 -1.02009
11668.9 -1.01959
11669.3 -1.01909
11669.7 -1.0186
11670 -1.0181
11670.4 -1.0176
11670.8 -1.0171
11671.1 -1.01661
11671.5 -1.01611
11671.9 -1.01561
11672.2 -1.01511
11672.6 -1.01461
11673 -1.01412
11673.3 -1.01362
11673.7 -1.01312
11674.1 -1.01262
11674.4 -1.01212
11674.8 -1.01163
11675.2 -1.01113
11675.5 -1.01063
11675.9 -1.01013
11676.3 -1.00963
11676.6 -1.00913
11677 -1.00863
11677.4 -1.00814
11677.7 -1.00764
11678.1 -1.00714
11678.5 -1.00664
11678.8 -1.00614
11679.2 -1.00564
11679.6 -1.00514
11679.9 -1.00464
11680.3 -1.00414
11680.7 -1.00364
11681 -1.00314
11681.4 -1.00265
11681.8 -1.00215
11682.1 -1.00165
11682.5 -1.00115
11682.9 -1.00065
11683.2 -1.00015
11683.6 -0.999648
11684 -0.999148
11684.3 -0.998648
11684.7 -0.998148
11685.1 -0.997649
11685.4 -0.997149
11685.8 -0.996649
11686.2 -0.996149
11686.5 -0.995648
11686.9 -0.995148
11687.3 -0.994648
11687.6 -0.994147
11688 -0.993647
11688.4 -0.993147
11688.7 -0.992646
11689.1 -0.992146
11689.5 -0.991645
11689.8 -0.991145
11690.2 -0.990644
11690.6 -0.990143
11690.9 -0.989642
11691.3 -0.989142
11691.6 -0.988641
11692 -0.98814
11692.4 -0.987639
11692.7 -0.987138
11693.1 -0.986637
11693.5 -0.986136
11693.8 -0.985635
11694.2 -0.985133
11694.6 -0.984632
11694.9 -0.984131
11695.3 -0.983629
11695.7 -0.983128
11696 -0.982626
11696.4 -0.982125
11696.8 -0.981623
11697.1 -0.981121
11697.5 -0.98062
11697.9 -0.980118
11698.2 -0.979616
11698.6 -0.979114
11699 -0.978613
11699.3 -0.978111
11699.7 -0.977609
11700.1 -0.977106
11700.4 -0.976605
11700.8 -0.976102
11701.2 -0.9756
11701.5 -0.975098
11701.9 -0.974596
11702.3 -0.974093
11702.6 -0.973591
11703 -0.973089
11703.4 -0.972586
11703.7 -0.972084
11704.1 -0.971581
11704.5 -0.971078
11704.8 -0.970576
11705.2 -0.970073
11705.6 -0.96957
11705.9 -0.969068
11706.3 -0.968565
11706.7 -0.968062
11707 -0.967559
11707.4 -0.967056
11707.8 -0.966553
11708.1 -0.96605
11708.5 -0.965547
11708.9 -0.965043
11709.2 -0.96454
11709.6 -0.964037
11710 -0.963534
11710.3 -0.96303
11710.7 -0.962527
11711.1 -0.962024
11711.4 -0.96152
11711.8 -0.961017
11712.2 -0.960513
11712.5 -0.960009
11712.9 -0.959506
11713.3 -0.959002
11713.6 -0.958498
11714 -0.957995
11714.4 -0.957491
11714.7 -0.956987
11715.1 -0.956483
11715.5 -0.955979
11715.8 -0.955475
11716.2 -0.954971
11716.6 -0.954467
11716.9 -0.953963
11717.3 -0.953458
11717.7 -0.952954
11718 -0.95245
11718.4 -0.951946
11718.7 -0.951441
11719.1 -0.950937
11719.5 -0.950433
11719.8 -0.949928
11720.2 -0.949424
11720.6 -0.948919
11720.9 -0.948414
11721.3 -0.94791
11721.7 -0.947405
11722 -0.9469
11722.4 -0.946396
11722.8 -0.945891
11723.1 -0.945386
11723.5 -0.944881
11723.9 -0.944376
11724.2 -0.943871
11724.6 -0.943366
11725 -0.942861
11725.3 -0.942356
11725.7 -0.941851
11726.1 -0.941346
11726.4 -0.940841
11726.8 -0.940336
11727.2 -0.93983
11727.5 -0.939325
11727.9 -0.93882
11728.3 -0.938314
11728.6 -0.937809
11729 -0.937304
11729.4 -0.936798
11729.7 -0.936292
11730.1 -0.935787
11730.5 -0.935281
11730.8 -0.934776
11731.2 -0.93427
11731.6 -0.933764
11731.9 -0.933258
11732.3 -0.932753
11732.7 -0.932247
11733 -0.931741
11733.4 -0.931235
11733.8 -0.930729
11734.1 -0.930223
11734.5 -0.929717
11734.9 -0.929211
11735.2 -0.928705
11735.6 -0.928199
11736 -0.927693
11736.3 -0.927186
11736.7 -0.92668
11737.1 -0.926174
11737.4 -0.925667
11737.8 -0.925161
11738.2 -0.924655
11738.5 -0.924148
11738.9 -0.923642
11739.3 -0.923136
11739.6 -0.922629
11740 -0.922123
11740.4 -0.921616
11740.7 -0.921109
11741.1 -0.920603
11741.5 -0.920096
11741.8 -0.919589
11742.2 -0.919082
11742.6 -0.918576
11742.9 -0.918069
11743.3 -0.917562
11743.7 -0.917055
11744 -0.916548
11744.4 -0.916041
11744.8 -0.915534
11745.1 -0.915027
11745.5 -0.91452
11745.8 -0.914013
11746.2 -0.913505
11746.6 -0.912998
11746.9 -0.912491
11747.3 -0.911984
11747.7 -0.911477
11748 -0.910969
11748.4 -0.910462
11748.8 -0.909955
11749.1 -0.909447
11749.5 -0.90894
11749.9 -0.908433
11750.2 -0.907925
11750.6 -0.907418
11751 -0.90691
11751.3 -0.906402
11751.7 -0.905895
11752.1 -0.905387
11752.4 -0.90488
11752.8 -0.904372
11753.2 -0.903864
11753.5 -0.903356
11753.9 -0.902848
11754.3 -0.902341
11754.6 -0.901833
11755 -0.901325
11755.4 -0.900817
11755.7 -0.900309
11756.1 -0.899801
11756.5 -0.899293
11756.8 -0.898785
11757.2 -0.898277
11757.6 -0.897769
11757.9 -0.897261
11758.3 -0.896753
11758.7 -0.896244
11759 -0.895736
11759.4 -0.895228
11759.8 -0.89472
11760.1 -0.894211
11760.5 -0.893703
11760.9 -0.893195
11761.2 -0.892686
11761.6 -0.892178
11762 -0.89167
11762.3 -0.891161
11762.7 -0.890653
11763.1 -0.890144
11763.4 -0.889636
11763.8 -0.889127
11764.2 -0.888618
11764.5 -0.88811
11764.9 -0.887601
11765.3 -0.887092
11765.6 -0.886584
11766 -0.886075
11766.4 -0.885566
11766.7 -0.885057
11767.1 -0.884548
11767.5 -0.88404
11767.8 -0.883531
11768.2 -0.883022
11768.6 -0.882513
11768.9 -0.882004
11769.3 -0.881495
11769.7 -0.880986
11770 -0.880477
11770.4 -0.879968
11770.8 -0.879459
11771.1 -0.87895
11771.5 -0.878441
11771.8 -0.877932
11772.2 -0.877422
11772.6 -0.876913
11772.9 -0.876404
11773.3 -0.875894
11773.7 -0.875385
11774 -0.874876
11774.4 -0.874367
11774.8 -0.873857
11775.1 -0.873348
11775.5 -0.872838
11775.9 -0.872329
11776.2 -0.87182
11776.6 -0.87131
11777 -0.870801
11777.3 -0.870291
11777.7 -0.869781
11778.1 -0.869272
11778.4 -0.868762
11778.8 -0.868253
11779.2 -0.867743
11779.5 -0.867234
11779.9 -0.866724
11780.3 -0.866214
11780.6 -0.865704
11781 -0.865194
11781.4 -0.864685
11781.7 -0.864175
11782.1 -0.863665
11782.5 -0.863155
11782.8 -0.862645
11783.2 -0.862135
11783.6 -0.861625
11783.9 -0.861116
11784.3 -0.860606
11784.7 -0.860096
11785 -0.859586
11785.4 -0.859076
11785.8 -0.858565
11786.1 -0.858055
11786.5 -0.857546
11786.9 -0.857036
11787.2 -0.856525
11787.6 -0.856015
11788 -0.855505
11788.3 -0.854995
11788.7 -0.854485
11789.1 -0.853974
11789.4 -0.853464
11789.8 -0.852954
11790.2 -0.852443
11790.5 -0.851933
11790.9 -0.851423
11791.3 -0.850912
11791.6 -0.850402
11792 -0.849892
11792.4 -0.849381
11792.7 -0.848871
11793.1 -0.84836
11793.5 -0.84785
11793.8 -0.847339
11794.2 -0.846829
11794.6 -0.846318
11794.9 -0.845808
11795.3 -0.845297
11795.7 -0.844786
11796 -0.844276
11796.4 -0.843765
11796.8 -0.843255
11797.1 -0.842744
11797.5 -0.842233
11797.9 -0.841722
11798.2 -0.841212
11798.6 -0.840701
11798.9 -0.84019
11799.3 -0.839679
11799.7 -0.839169
11800 -0.838658
11800.4 -0.838147
11800.8 -0.837636
11801.1 -0.837125
11801.5 -0.836614
11801.9 -0.836103
11802.2 -0.835593
11802.6 -0.835082
11803 -0.834571
11803.3 -0.83406
11803.7 -0.833549
11804.1 -0.833038
11804.4 -0.832527
11804.8 -0.832016
11805.2 -0.831505
11805.5 -0.830993
11805.9 -0.830482
11806.3 -0.829971
11806.6 -0.82946
11807 -0.828949
11807.4 -0.828438
11807.7 -0.827927
11808.1 -0.827415
11808.5 -0.826904
11808.8 -0.826393
11809.2 -0.825882
11809.6 -0.82537
11809.9 -0.824859
11810.3 -0.824348
11810.7 -0.823837
11811 -0.823325
11811.4 -0.822814
11811.8 -0.822303
11812.1 -0.821791
11812.5 -0.82128
11812.9 -0.820768
11813.2 -0.820257
11813.6 -0.819746
11814 -0.819234
11814.3 -0.818723
11814.7 -0.818211
11815.1 -0.817699
11815.4 -0.817188
11815.8 -0.816677
11816.2 -0.816165
11816.5 -0.815653
11816.9 -0.815142
11817.3 -0.814631
11817.6 -0.814119
11818 -0.813607
11818.4 -0.813096
11818.7 -0.812584
11819.1 -0.812072
11819.5 -0.811561
11819.8 -0.811049
11820.2 -0.810537
11820.6 -0.810026
11820.9 -0.809514
11821.3 -0.809002
11821.7 -0.80849
11822 -0.807979
11822.4 -0.807467
11822.8 -0.806955
11823.1 -0.806443
11823.5 -0.805931
11823.9 -0.80542
11824.2 -0.804908
11824.6 -0.804396
11825 -0.803884
11825.3 -0.803372
11825.7 -0.80286
11826 -0.802348
11826.4 -0.801837
11826.8 -0.801325
11827.1 -0.800813
11827.5 -0.800301
11827.9 -0.799789
11828.2 -0.799277
11828.6 -0.798765
11829 -0.798253
11829.3 -0.797741
11829.7 -0.797229
11830.1 -0.796717
11830.4 -0.796205
11830.8 -0.795693
11831.2 -0.795181
11831.5 -0.794669
11831.9 -0.794157
11832.3 -0.793644
11832.6 -0.793132
11833 -0.79262
11833.4 -0.792108
11833.7 -0.791596
11834.1 -0.791084
11834.5 -0.790572
11834.8 -0.79006
11835.2 -0.789547
11835.6 -0.789035
11835.9 -0.788523
11836.3 -0.788011
11836.7 -0.787498
11837 -0.786986
11837.4 -0.786474
11837.8 -0.785962
11838.1 -0.78545
11838.5 -0.784937
11838.9 -0.784425
11839.2 -0.783913
11839.6 -0.7834
11840 -0.782888
11840.3 -0.782376
11840.7 -0.781863
11841.1 -0.781351
11841.4 -0.780839
11841.8 -0.780326
11842.2 -0.779814
11842.5 -0.779302
11842.9 -0.778789
11843.3 -0.778277
11843.6 -0.777765
11844 -0.777252
11844.4 -0.77674
11844.7 -0.776227
11845.1 -0.775715
11845.5 -0.775203
11845.8 -0.77469
11846.2 -0.774178
11846.6 -0.773665
11846.9 -0.773153
11847.3 -0.77264
11847.7 -0.772128
11848 -0.771615
11848.4 -0.771103
11848.8 -0.77059
11849.1 -0.770078
11849.5 -0.769565
11849.9 -0.769053
11850.2 -0.76854
11850.6 -0.768028
11851 -0.767515
11851.3 -0.767003
11851.7 -0.76649
11852 -0.765977
11852.4 -0.765465
11852.8 -0.764952
11853.1 -0.764439
11853.5 -0.763927
11853.9 -0.763414
11854.2 -0.762902
11854.6 -0.762389
11855 -0.761876
11855.3 -0.761364
11855.7 -0.760851
11856.1 -0.760339
11856.4 -0.759826
11856.8 -0.759313
11857.2 -0.758801
11857.5 -0.758288
11857.9 -0.757775
11858.3 -0.757262
11858.6 -0.75675
11859 -0.756237
11859.4 -0.755724
11859.7 -0.755212
11860.1 -0.754699
11860.5 -0.754186
11860.8 -0.753673
11861.2 -0.753161
11861.6 -0.752648
11861.9 -0.752135
11862.3 -0.751623
11862.7 -0.75111
11863 -0.750597
11863.4 -0.750084
11863.8 -0.749571
11864.1 -0.749059
11864.5 -0.748546
11864.9 -0.748033
11865.2 -0.74752
11865.6 -0.747008
11866 -0.746495
11866.3 -0.745982
11866.7 -0.745469
11867.1 -0.744956
11867.4 -0.744443
11867.8 -0.743931
11868.2 -0.743418
11868.5 -0.742905
11868.9 -0.742392
11869.3 -0.741879
11869.6 -0.741367
11870 -0.740853
11870.4 -0.740341
11870.7 -0.739828
11871.1 -0.739315
11871.5 -0.738802
11871.8 -0.738289
11872.2 -0.737776
11872.6 -0.737263
11872.9 -0.73675
11873.3 -0.736238
11873.7 -0.735725
11874 -0.735212
11874.4 -0.734699
11874.8 -0.734186
11875.1 -0.733673
11875.5 -0.73316
11875.9 -0.732647
11876.2 -0.732134
11876.6 -0.731622
11877 -0.731109
11877.3 -0.730596
11877.7 -0.730083
11878.1 -0.72957
11878.4 -0.729057
11878.8 -0.728544
11879.1 -0.728031
11879.5 -0.727518
11879.9 -0.727005
11880.2 -0.726492
11880.6 -0.725979
11881 -0.725466
11881.3 -0.724953
11881.7 -0.72444
11882.1 -0.723927
11882.4 -0.723414
11882.8 -0.722901
11883.2 -0.722388
11883.5 -0.721875
11883.9 -0.721362
11884.3 -0.720849
11884.6 -0.720336
11885 -0.719823
11885.4 -0.71931
11885.7 -0.718797
11886.1 -0.718284
11886.5 -0.717771
11886.8 -0.717259
11887.2 -0.716745
11887.6 -0.716232
11887.9 -0.715719
11888.3 -0.715206
11888.7 -0.714693
11889 -0.71418
11889.4 -0.713667
11889.8 -0.713154
11890.1 -0.712641
11890.5 -0.712128
11890.9 -0.711615
11891.2 -0.711102
11891.6 -0.710589
11892 -0.710076
11892.3 -0.709563
11892.7 -0.70905
11893.1 -0.708537
11893.4 -0.708024
11893.8 -0.707511
11894.2 -0.706998
11894.5 -0.706485
11894.9 -0.705972
11895.3 -0.705459
11895.6 -0.704946
11896 -0.704433
11896.4 -0.70392
11896.7 -0.703407
11897.1 -0.702894
11897.5 -0.702381
11897.8 -0.701868
11898.2 -0.701355
11898.6 -0.700842
11898.9 -0.700329
11899.3 -0.699816
11899.7 -0.699303
11900 -0.69879
11900.4 -0.698277
11900.8 -0.697764
11901.1 -0.697251
11901.5 -0.696738
11901.9 -0.696225
11902.2 -0.695712
11902.6 -0.695199
11903 -0.694686
11903.3 -0.694173
11903.7 -0.69366
11904.1 -0.693147
11904.4 -0.692634
11904.8 -0.69212
11905.2 -0.691608
11905.5 -0.691094
11905.9 -0.690581
11906.2 -0.690068
11906.6 -0.689555
11907 -0.689042
11907.3 -0.688529
11907.7 -0.688016
11908.1 -0.687503
11908.4 -0.68699
11908.8 -0.686477
11909.2 -0.685964
11909.5 -0.685451
11909.9 -0.684938
11910.3 -0.684425
11910.6 -0.683912
11911 -0.683399
11911.4 -0.682886
11911.7 -0.682373
11912.1 -0.68186
11912.5 -0.681347
11912.8 -0.680834
11913.2 -0.680321
11913.6 -0.679808
11913.9 -0.679295
11914.3 -0.678782
11914.7 -0.678269
11915 -0.677756
11915.4 -0.677243
11915.8 -0.67673
11916.1 -0.676217
11916.5 -0.675704
11916.9 -0.675191
11917.2 -0.674678
11917.6 -0.674165
11918 -0.673652
11918.3 -0.673139
11918.7 -0.672626
11919.1 -0.672113
11919.4 -0.6716
11919.8 -0.671087
11920.2 -0.670574
11920.5 -0.670061
11920.9 -0.669548
11921.3 -0.669035
11921.6 -0.668523
11922 -0.66801
11922.4 -0.667497
11922.7 -0.666984
11923.1 -0.666471
11923.5 -0.665958
11923.8 -0.665445
11924.2 -0.664932
11924.6 -0.664419
11924.9 -0.663906
11925.3 -0.663393
11925.7 -0.66288
11926 -0.662367
11926.4 -0.661854
11926.8 -0.661341
11927.1 -0.660828
11927.5 -0.660315
11927.9 -0.659803
11928.2 -0.65929
11928.6 -0.658777
11929 -0.658264
11929.3 -0.657751
11929.7 -0.657238
11930.1 -0.656725
11930.4 -0.656212
11930.8 -0.655699
11931.2 -0.655187
11931.5 -0.654674
11931.9 -0.654161
11932.3 -0.653648
11932.6 -0.653135
11933 -0.652622
11933.3 -0.652109
11933.7 -0.651596
11934.1 -0.651084
11934.4 -0.650571
11934.8 -0.650058
11935.2 -0.649545
11935.5 -0.649032
11935.9 -0.648519
11936.3 -0.648006
11936.6 -0.647493
11937 -0.646981
11937.4 -0.646468
11937.7 -0.645955
11938.1 -0.645442
11938.5 -0.644929
11938.8 -0.644417
11939.2 -0.643904
11939.6 -0.643391
11939.9 -0.642878
11940.3 -0.642365
11940.7 -0.641853
11941 -0.64134
11941.4 -0.640827
11941.8 -0.640314
11942.1 -0.639801
11942.5 -0.639289
11942.9 -0.638776
11943.2 -0.638263
11943.6 -0.63775
11944 -0.637238
11944.3 -0.636725
11944.7 -0.636212
11945.1 -0.6357
11945.4 -0.635187
11945.8 -0.634674
11946.2 -0.634161
11946.5 -0.633649
11946.9 -0.633136
11947.3 -0.632623
11947.6 -0.632111
11948 -0.631598
11948.4 -0.631085
11948.7 -0.630572
11949.1 -0.63006
11949.5 -0.629547
11949.8 -0.629034
11950.2 -0.628522
11950.6 -0.628009
11950.9 -0.627496
11951.3 -0.626983
11951.7 -0.626471
11952 -0.625958
11952.4 -0.625445
11952.8 -0.624933
11953.1 -0.62442
11953.5 -0.623908
11953.9 -0.623395
11954.2 -0.622882
11954.6 -0.62237
11955 -0.621857
11955.3 -0.621345
11955.7 -0.620832
11956.1 -0.62032
11956.4 -0.619807
11956.8 -0.619294
11957.2 -0.618782
11957.5 -0.618269
11957.9 -0.617757
11958.3 -0.617244
11958.6 -0.616731
11959 -0.616219
11959.3 -0.615706
11959.7 -0.615194
11960.1 -0.614681
11960.4 -0.614169
11960.8 -0.613656
11961.2 -0.613144
11961.5 -0.612631
11961.9 -0.612119
11962.3 -0.611606
11962.6 -0.611094
11963 -0.610581
11963.4 -0.610069
11963.7 -0.609556
11964.1 -0.609044
11964.5 -0.608531
11964.8 -0.608019
11965.2 -0.607506
11965.6 -0.606994
11965.9 -0.606482
11966.3 -0.605969
11966.7 -0.605457
11967 -0.604944
11967.4 -0.604432
11967.8 -0.60392
11968.1 -0.603407
11968.5 -0.602895
11968.9 -0.602382
11969.2 -0.60187
11969.6 -0.601357
11970 -0.600845
11970.3 -0.600332
11970.7 -0.59982
11971.1 -0.599308
11971.4 -0.598796
11971.8 -0.598283
11972.2 -0.597771
11972.5 -0.597259
11972.9 -0.596746
11973.3 -0.596234
11973.6 -0.595722
11974 -0.595209
11974.4 -0.594697
11974.7 -0.594185
11975.1 -0.593672
11975.5 -0.59316
11975.8 -0.592648
11976.2 -0.592136
11976.6 -0.591623
11976.9 -0.591111
11977.3 -0.590599
11977.7 -0.590087
11978 -0.589574
11978.4 -0.589062
11978.8 -0.58855
11979.1 -0.588037
11979.5 -0.587525
11979.9 -0.587013
11980.2 -0.586501
11980.6 -0.585989
11981 -0.585477
11981.3 -0.584964
11981.7 -0.584452
11982.1 -0.58394
11982.4 -0.583428
11982.8 -0.582916
11983.2 -0.582403
11983.5 -0.581891
11983.9 -0.581379
11984.3 -0.580867
11984.6 -0.580355
11985 -0.579843
11985.4 -0.579331
11985.7 -0.578819
11986.1 -0.578306
11986.4 -0.577795
11986.8 -0.577283
11987.2 -0.57677
11987.5 -0.576258
11987.9 -0.575746
11988.3 -0.575234
11988.6 -0.574722
11989 -0.57421
11989.4 -0.573698
11989.7 -0.573186
11990.1 -0.572674
11990.5 -0.572162
11990.8 -0.57165
11991.2 -0.571138
11991.6 -0.570626
11991.9 -0.570114
11992.3 -0.569602
11992.7 -0.56909
11993 -0.568578
11993.4 -0.568066
11993.8 -0.567554
11994.1 -0.567042
11994.5 -0.56653
11994.9 -0.566018
11995.2 -0.565506
11995.6 -0.564994
11996 -0.564483
11996.3 -0.563971
11996.7 -0.563459
11997.1 -0.562947
11997.4 -0.562435
11997.8 -0.561923
11998.2 -0.561411
11998.5 -0.560899
11998.9 -0.560387
11999.3 -0.559876
11999.6 -0.559364
12000 -0.558852
12000.4 -0.55834
12000.7 -0.557828
12001.1 -0.557316
12001.5 -0.556805
12001.8 -0.556293
12002.2 -0.555781
12002.6 -0.555269
12002.9 -0.554758
12003.3 -0.554246
12003.7 -0.553734
12004 -0.553222
12004.4 -0.552711
12004.8 -0.552199
12005.1 -0.551687
12005.5 -0.551176
12005.9 -0.550664
12006.2 -0.550152
12006.6 -0.54964
12007 -0.549129
12007.3 -0.548617
12007.7 -0.548105
12008.1 -0.547594
12008.4 -0.547082
12008.8 -0.54657
12009.2 -0.546059
12009.5 -0.545547
12009.9 -0.545036
12010.3 -0.544524
12010.6 -0.544012
12011 -0.5435
12011.4 -0.542989
12011.7 -0.542477
12012.1 -0.541966
12012.5 -0.541454
12012.8 -0.540943
12013.2 -0.540431
12013.5 -0.53992
12013.9 -0.539408
12014.3 -0.538897
12014.6 -0.538385
12015 -0.537873
12015.4 -0.537362
12015.7 -0.53685
12016.1 -0.536339
12016.5 -0.535827
12016.8 -0.535316
12017.2 -0.534804
12017.6 -0.534293
12017.9 -0.533782
12018.3 -0.53327
12018.7 -0.532758
12019 -0.532247
12019.4 -0.531736
12019.8 -0.531224
12020.1 -0.530713
12020.5 -0.530201
12020.9 -0.52969
12021.2 -0.529179
12021.6 -0.528667
12022 -0.528156
12022.3 -0.527645
12022.7 -0.527133
12023.1 -0.526622
12023.4 -0.526111
12023.8 -0.525599
12024.2 -0.525088
12024.5 -0.524577
12024.9 -0.524065
12025.3 -0.523554
12025.6 -0.523043
12026 -0.522531
12026.4 -0.52202
12026.7 -0.521509
12027.1 -0.520997
12027.5 -0.520486
12027.8 -0.519975
12028.2 -0.519464
12028.6 -0.518952
12028.9 -0.518441
12029.3 -0.51793
12029.7 -0.517419
12030 -0.516908
12030.4 -0.516396
12030.8 -0.515885
12031.1 -0.515374
12031.5 -0.514863
12031.9 -0.514352
12032.2 -0.51384
12032.6 -0.513329
12033 -0.512818
12033.3 -0.512307
12033.7 -0.511796
12034.1 -0.511285
12034.4 -0.510774
12034.8 -0.510262
12035.2 -0.509751
12035.5 -0.50924
12035.9 -0.508729
12036.3 -0.508218
12036.6 -0.507707
12037 -0.507196
12037.4 -0.506685
12037.7 -0.506174
12038.1 -0.505663
12038.5 -0.505152
12038.8 -0.504641
12039.2 -0.50413
12039.5 -0.503619
12039.9 -0.503108
12040.3 -0.502597
12040.6 -0.502086
12041 -0.501575
12041.4 -0.501064
12041.7 -0.500553
12042.1 -0.500042
12042.5 -0.499531
12042.8 -0.49902
12043.2 -0.498509
12043.6 -0.497998
12043.9 -0.497487
12044.3 -0.496977
12044.7 -0.496466
12045 -0.495955
12045.4 -0.495444
12045.8 -0.494933
12046.1 -0.494422
12046.5 -0.493911
12046.9 -0.4934
12047.2 -0.49289
12047.6 -0.492379
12048 -0.491868
12048.3 -0.491357
12048.7 -0.490846
12049.1 -0.490335
12049.4 -0.489825
12049.8 -0.489314
12050.2 -0.488803
12050.5 -0.488293
12050.9 -0.487782
12051.3 -0.487271
12051.6 -0.48676
12052 -0.486249
12052.4 -0.485738
12052.7 -0.485228
12053.1 -0.484717
12053.5 -0.484207
12053.8 -0.483696
12054.2 -0.483185
12054.6 -0.482674
12054.9 -0.482164
12055.3 -0.481653
12055.7 -0.481143
12056 -0.480632
12056.4 -0.480121
12056.8 -0.47961
12057.1 -0.4791
12057.5 -0.478589
12057.9 -0.478079
12058.2 -0.477568
12058.6 -0.477057
12059 -0.476547
12059.3 -0.476036
12059.7 -0.475526
12060.1 -0.475015
12060.4 -0.474504
12060.8 -0.473994
12061.2 -0.473484
12061.5 -0.472973
12061.9 -0.472462
12062.3 -0.471952
12062.6 -0.471441
12063 -0.470931
12063.4 -0.47042
12063.7 -0.46991
12064.1 -0.469399
12064.5 -0.468889
12064.8 -0.468378
12065.2 -0.467868
12065.6 -0.467357
12065.9 -0.466847
12066.3 -0.466336
12066.6 -0.465826
12067 -0.465316
12067.4 -0.464805
12067.7 -0.464295
12068.1 -0.463784
12068.5 -0.463274
12068.8 -0.462763
12069.2 -0.462253
12069.6 -0.461743
12069.9 -0.461232
12070.3 -0.460722
12070.7 -0.460212
12071 -0.459701
12071.4 -0.459191
12071.8 -0.45868
12072.1 -0.45817
12072.5 -0.45766
12072.9 -0.45715
12073.2 -0.456639
12073.6 -0.456129
12074 -0.455619
12074.3 -0.455109
12074.7 -0.454598
12075.1 -0.454088
12075.4 -0.453578
12075.8 -0.453067
12076.2 -0.452557
12076.5 -0.452047
12076.9 -0.451537
12077.3 -0.451026
12077.6 -0.450516
12078 -0.450006
12078.4 -0.449496
12078.7 -0.448986
12079.1 -0.448476
12079.5 -0.447965
12079.8 -0.447455
12080.2 -0.446945
12080.6 -0.446435
12080.9 -0.445924
12081.3 -0.445414
12081.7 -0.444904
12082 -0.444394
12082.4 -0.443884
12082.8 -0.443374
12083.1 -0.442864
12083.5 -0.442354
12083.9 -0.441843
12084.2 -0.441334
12084.6 -0.440823
12085 -0.440313
12085.3 -0.439803
12085.7 -0.439293
12086.1 -0.438783
12086.4 -0.438273
12086.8 -0.437763
12087.2 -0.437253
12087.5 -0.436743
12087.9 -0.436233
12088.3 -0.435723
12088.6 -0.435213
12089 -0.434703
12089.4 -0.434193
12089.7 -0.433683
12090.1 -0.433173
12090.5 -0.432663
12090.8 -0.432153
12091.2 -0.431643
12091.6 -0.431133
12091.9 -0.430623
12092.3 -0.430113
12092.7 -0.429603
12093 -0.429093
12093.4 -0.428583
12093.7 -0.428073
12094.1 -0.427563
12094.5 -0.427053
12094.8 -0.426543
12095.2 -0.426034
12095.6 -0.425524
12095.9 -0.425014
12096.3 -0.424504
12096.7 -0.423994
12097 -0.423484
12097.4 -0.422974
12097.8 -0.422465
12098.1 -0.421955
12098.5 -0.421445
12098.9 -0.420935
12099.2 -0.420425
12099.6 -0.419915
12100 -0.419406
12100.3 -0.418896
12100.7 -0.418386
12101.1 -0.417876
12101.4 -0.417366
12101.8 -0.416856
12102.2 -0.416347
12102.5 -0.415837
12102.9 -0.415327
12103.3 -0.414817
12103.6 -0.414308
12104 -0.413798
12104.4 -0.413288
12104.7 -0.412779
12105.1 -0.412269
12105.5 -0.411759
12105.8 -0.411249
12106.2 -0.41074
12106.6 -0.41023
12106.9 -0.40972
12107.3 -0.409211
12107.7 -0.408701
12108 -0.408191
12108.4 -0.407682
12108.8 -0.407172
12109.1 -0.406662
12109.5 -0.406153
12109.9 -0.405643
12110.2 -0.405133
12110.6 -0.404624
12111 -0.404114
12111.3 -0.403604
12111.7 -0.403095
12112.1 -0.402585
12112.4 -0.402075
12112.8 -0.401566
12113.2 -0.401056
12113.5 -0.400547
12113.9 -0.400037
12114.3 -0.399527
12114.6 -0.399018
12115 -0.398508
12115.4 -0.397999
12115.7 -0.397489
12116.1 -0.39698
12116.5 -0.39647
12116.8 -0.39596
12117.2 -0.395451
12117.6 -0.394941
12117.9 -0.394432
12118.3 -0.393922
12118.7 -0.393413
12119 -0.392903
12119.4 -0.392394
12119.8 -0.391885
12120.1 -0.391375
12120.5 -0.390865
12120.8 -0.390356
12121.2 -0.389847
12121.6 -0.389337
12121.9 -0.388827
12122.3 -0.388318
12122.7 -0.387808
12123 -0.387299
12123.4 -0.386789
12123.8 -0.38628
12124.1 -0.385771
12124.5 -0.385261
12124.9 -0.384752
12125.2 -0.384242
12125.6 -0.383733
12126 -0.383224
12126.3 -0.382714
12126.7 -0.382205
12127.1 -0.381695
12127.4 -0.381186
12127.8 -0.380677
12128.2 -0.380167
12128.5 -0.379658
12128.9 -0.379149
12129.3 -0.378639
12129.6 -0.37813
12130 -0.37762
12130.4 -0.377111
12130.7 -0.376602
12131.1 -0.376092
12131.5 -0.375583
12131.8 -0.375073
12132.2 -0.374564
12132.6 -0.374055
12132.9 -0.373546
12133.3 -0.373036
12133.7 -0.372527
12134 -0.372018
12134.4 -0.371508
12134.8 -0.370999
12135.1 -0.37049
12135.5 -0.36998
12135.9 -0.369471
12136.2 -0.368962
12136.6 -0.368453
12137 -0.367943
12137.3 -0.367434
12137.7 -0.366925
12138.1 -0.366416
12138.4 -0.365906
12138.8 -0.365397
12139.2 -0.364888
12139.5 -0.364378
12139.9 -0.363869
12140.3 -0.36336
12140.6 -0.362851
12141 -0.362342
12141.4 -0.361832
12141.7 -0.361323
12142.1 -0.360814
12142.5 -0.360305
12142.8 -0.359796
12143.2 -0.359286
12143.6 -0.358777
12143.9 -0.358268
12144.3 -0.357758
12144.7 -0.357249
12145 -0.35674
12145.4 -0.356231
12145.8 -0.355722
12146.1 -0.355213
12146.5 -0.354703
12146.8 -0.354194
12147.2 -0.353685
12147.6 -0.353176
12147.9 -0.352667
12148.3 -0.352158
12148.7 -0.351648
12149 -0.351139
12149.4 -0.35063
12149.8 -0.350121
12150.1 -0.349612
12150.5 -0.349103
12150.9 -0.348593
12151.2 -0.348084
12151.6 -0.347575
12152 -0.347066
12152.3 -0.346557
12152.7 -0.346048
12153.1 -0.345539
12153.4 -0.345029
12153.8 -0.34452
12154.2 -0.344011
12154.5 -0.343502
12154.9 -0.342993
12155.3 -0.342484
12155.6 -0.341975
12156 -0.341466
12156.4 -0.340957
12156.7 -0.340448
12157.1 -0.339939
12157.5 -0.33943
12157.8 -0.33892
12158.2 -0.338411
12158.6 -0.337902
12158.9 -0.337393
12159.3 -0.336884
12159.7 -0.336375
12160 -0.335866
12160.4 -0.335357
12160.8 -0.334848
12161.1 -0.334339
12161.5 -0.33383
12161.9 -0.333321
12162.2 -0.332812
12162.6 -0.332302
12163 -0.331793
12163.3 -0.331284
12163.7 -0.330775
12164.1 -0.330266
12164.4 -0.329757
12164.8 -0.329248
12165.2 -0.328739
12165.5 -0.32823
12165.9 -0.327721
12166.3 -0.327212
12166.6 -0.326703
12167 -0.326194
12167.4 -0.325685
12167.7 -0.325176
12168.1 -0.324667
12168.5 -0.324158
12168.8 -0.323649
12169.2 -0.32314
12169.6 -0.322631
12169.9 -0.322122
12170.3 -0.321613
12170.7 -0.321104
12171 -0.320595
12171.4 -0.320086
12171.8 -0.319577
12172.1 -0.319068
12172.5 -0.318559
12172.9 -0.31805
12173.2 -0.317541
12173.6 -0.317032
12173.9 -0.316523
12174.3 -0.316014
12174.7 -0.315505
12175 -0.314995
12175.4 -0.314487
12175.8 -0.313978
12176.1 -0.313469
12176.5 -0.31296
12176.9 -0.312451
12177.2 -0.311942
12177.6 -0.311433
12178 -0.310924
12178.3 -0.310415
12178.7 -0.309906
12179.1 -0.309397
12179.4 -0.308888
12179.8 -0.308379
12180.2 -0.30787
12180.5 -0.307361
12180.9 -0.306852
12181.3 -0.306343
12181.6 -0.305834
12182 -0.305325
12182.4 -0.304816
12182.7 -0.304307
12183.1 -0.303798
12183.5 -0.303289
12183.8 -0.30278
12184.2 -0.302271
12184.6 -0.301762
12184.9 -0.301253
12185.3 -0.300744
12185.7 -0.300235
12186 -0.299726
12186.4 -0.299217
12186.8 -0.298708
12187.1 -0.298199
12187.5 -0.29769
12187.9 -0.297181
12188.2 -0.296672
12188.6 -0.296163
12189 -0.295654
12189.3 -0.295145
12189.7 -0.294636
12190.1 -0.294128
12190.4 -0.293619
12190.8 -0.29311
12191.2 -0.2926
12191.5 -0.292092
12191.9 -0.291582
12192.3 -0.291074
12192.6 -0.290565
12193 -0.290056
12193.4 -0.289547
12193.7 -0.289038
12194.1 -0.288529
12194.5 -0.28802
12194.8 -0.287511
12195.2 -0.287002
12195.6 -0.286493
12195.9 -0.285984
12196.3 -0.285475
12196.7 -0.284966
12197 -0.284457
12197.4 -0.283948
12197.8 -0.283439
12198.1 -0.28293
12198.5 -0.282421
12198.9 -0.281912
12199.2 -0.281403
12199.6 -0.280894
12200 -0.280385
12200.3 -0.279876
12200.7 -0.279367
12201 -0.278858
12201.4 -0.278349
12201.8 -0.27784
12202.1 -0.277331
12202.5 -0.276822
12202.9 -0.276313
12203.2 -0.275804
12203.6 -0.275295
12204 -0.274786
12204.3 -0.274277
12204.7 -0.273768
12205.1 -0.273259
12205.4 -0.27275
12205.8 -0.272241
12206.2 -0.271732
12206.5 -0.271223
12206.9 -0.270714
12207.3 -0.270205
12207.6 -0.269696
12208 -0.269187
12208.4 -0.268678
12208.7 -0.268169
12209.1 -0.26766
12209.5 -0.26715
12209.8 -0.266641
12210.2 -0.266132
12210.6 -0.265623
12210.9 -0.265114
12211.3 -0.264605
12211.7 -0.264096
12212 -0.263587
12212.4 -0.263078
12212.8 -0.262569
12213.1 -0.26206
12213.5 -0.261551
12213.9 -0.261042
12214.2 -0.260533
12214.6 -0.260024
12215 -0.259515
12215.3 -0.259006
12215.7 -0.258496
12216.1 -0.257987
12216.4 -0.257478
12216.8 -0.256969
12217.2 -0.25646
12217.5 -0.255951
12217.9 -0.255442
12218.3 -0.254933
12218.6 -0.254424
12219 -0.253915
12219.4 -0.253406
12219.7 -0.252896
12220.1 -0.252387
12220.5 -0.251878
12220.8 -0.251369
12221.2 -0.25086
12221.6 -0.250351
12221.9 -0.249842
12222.3 -0.249332
12222.7 -0.248823
12223 -0.248314
12223.4 -0.247805
12223.8 -0.247296
12224.1 -0.246787
12224.5 -0.246278
12224.9 -0.245768
12225.2 -0.245259
12225.6 -0.24475
12226 -0.244241
12226.3 -0.243732
12226.7 -0.243222
12227 -0.242713
12227.4 -0.242204
12227.8 -0.241695
12228.1 -0.241186
12228.5 -0.240677
12228.9 -0.240167
12229.2 -0.239658
12229.6 -0.239149
12230 -0.23864
12230.3 -0.238131
12230.7 -0.237621
12231.1 -0.237112
12231.4 -0.236603
12231.8 -0.236093
12232.2 -0.235584
12232.5 -0.235075
12232.9 -0.234566
12233.3 -0.234056
12233.6 -0.233547
12234 -0.233038
12234.4 -0.232529
12234.7 -0.232019
12235.1 -0.23151
12235.5 -0.231001
12235.8 -0.230492
12236.2 -0.229982
12236.6 -0.229473
12236.9 -0.228964
12237.3 -0.228454
12237.7 -0.227945
12238 -0.227436
12238.4 -0.226926
12238.8 -0.226417
12239.1 -0.225908
12239.5 -0.225398
12239.9 -0.224889
12240.2 -0.224379
12240.6 -0.22387
12241 -0.223361
12241.3 -0.222851
12241.7 -0.222342
12242.1 -0.221832
12242.4 -0.221323
12242.8 -0.220814
12243.2 -0.220304
12243.5 -0.219795
12243.9 -0.219285
12244.3 -0.218776
12244.6 -0.218267
12245 -0.217757
12245.4 -0.217248
12245.7 -0.216738
12246.1 -0.216229
12246.5 -0.215719
12246.8 -0.21521
12247.2 -0.214701
12247.6 -0.214191
12247.9 -0.213682
12248.3 -0.213172
12248.7 -0.212662
12249 -0.212153
12249.4 -0.211643
12249.8 -0.211134
12250.1 -0.210624
12250.5 -0.210115
12250.9 -0.209605
12251.2 -0.209096
12251.6 -0.208586
12252 -0.208077
12252.3 -0.207567
12252.7 -0.207057
12253.1 -0.206548
12253.4 -0.206038
12253.8 -0.205529
12254.1 -0.205019
12254.5 -0.204509
12254.9 -0.204
12255.2 -0.20349
12255.6 -0.202981
12256 -0.202471
12256.3 -0.201961
12256.7 -0.201452
12257.1 -0.200942
12257.4 -0.200432
12257.8 -0.199923
12258.2 -0.199413
12258.5 -0.198903
12258.9 -0.198393
12259.3 -0.197884
12259.6 -0.197374
12260 -0.196864
12260.4 -0.196355
12260.7 -0.195845
12261.1 -0.195335
12261.5 -0.194825
12261.8 -0.194316
12262.2 -0.193806
12262.6 -0.193296
12262.9 -0.192786
12263.3 -0.192276
12263.7 -0.191767
12264 -0.191257
12264.4 -0.190747
12264.8 -0.190237
12265.1 -0.189727
12265.5 -0.189217
12265.9 -0.188708
12266.2 -0.188198
12266.6 -0.187688
12267 -0.187178
12267.3 -0.186668
12267.7 -0.186158
12268.1 -0.185648
12268.4 -0.185138
12268.8 -0.184628
12269.2 -0.184118
12269.5 -0.183608
12269.9 -0.183098
12270.3 -0.182588
12270.6 -0.182078
12271 -0.181568
12271.4 -0.181058
12271.7 -0.180548
12272.1 -0.180038
12272.5 -0.179528
12272.8 -0.179018
12273.2 -0.178508
12273.6 -0.177998
12273.9 -0.177488
12274.3 -0.176978
12274.7 -0.176468
12275 -0.175958
12275.4 -0.175448
12275.8 -0.174938
12276.1 -0.174428
12276.5 -0.173917
12276.9 -0.173407
12277.2 -0.172897
12277.6 -0.172387
12278 -0.171877
12278.3 -0.171367
12278.7 -0.170857
12279.1 -0.170346
12279.4 -0.169836
12279.8 -0.169326
12280.2 -0.168815
12280.5 -0.168305
12280.9 -0.167795
12281.2 -0.167285
12281.6 -0.166774
12282 -0.166264
12282.3 -0.165754
12282.7 -0.165243
12283.1 -0.164733
12283.4 -0.164223
12283.8 -0.163712
12284.2 -0.163202
12284.5 -0.162692
12284.9 -0.162181
12285.3 -0.161671
12285.6 -0.16116
12286 -0.16065
12286.4 -0.16014
12286.7 -0.159629
12287.1 -0.159119
12287.5 -0.158608
12287.8 -0.158098
12288.2 -0.157587
12288.6 -0.157077
12288.9 -0.156566
12289.3 -0.156056
12289.7 -0.155545
12290 -0.155035
12290.4 -0.154524
12290.8 -0.154013
12291.1 -0.153503
12291.5 -0.152992
12291.9 -0.152482
12292.2 -0.151971
12292.6 -0.15146
12293 -0.15095
12293.3 -0.150439
12293.7 -0.149928
12294.1 -0.149418
12294.4 -0.148907
12294.8 -0.148396
12295.2 -0.147886
12295.5 -0.147375
12295.9 -0.146864
12296.3 -0.146354
12296.6 -0.145843
12297 -0.145332
12297.4 -0.144821
12297.7 -0.14431
12298.1 -0.1438
12298.5 -0.143289
12298.8 -0.142778
12299.2 -0.142267
12299.6 -0.141756
12299.9 -0.141245
12300.3 -0.140734
12300.7 -0.140223
12301 -0.139712
12301.4 -0.139202
12301.8 -0.138691
12302.1 -0.13818
12302.5 -0.137668
12302.9 -0.137158
12303.2 -0.136647
12303.6 -0.136136
12304 -0.135624
12304.3 -0.135113
12304.7 -0.134602
12305.1 -0.134091
12305.4 -0.13358
12305.8 -0.133069
12306.2 -0.132558
12306.5 -0.132047
12306.9 -0.131536
12307.3 -0.131025
12307.6 -0.130513
12308 -0.130002
12308.3 -0.129491
12308.7 -0.12898
12309.1 -0.128469
12309.4 -0.127957
12309.8 -0.127446
12310.2 -0.126935
12310.5 -0.126423
12310.9 -0.125912
12311.3 -0.125401
12311.6 -0.124889
12312 -0.124378
12312.4 -0.123866
12312.7 -0.123355
12313.1 -0.122844
12313.5 -0.122332
12313.8 -0.121821
12314.2 -0.121309
12314.6 -0.120798
12314.9 -0.120287
12315.3 -0.119775
12315.7 -0.119264
12316 -0.118752
12316.4 -0.11824
12316.8 -0.117729
12317.1 -0.117217
12317.5 -0.116706
12317.9 -0.116194
12318.2 -0.115682
12318.6 -0.115171
12319 -0.114659
12319.3 -0.114147
12319.7 -0.113636
12320.1 -0.113124
12320.4 -0.112612
12320.8 -0.112101
12321.2 -0.111589
12321.5 -0.111077
12321.9 -0.110565
12322.3 -0.110053
12322.6 -0.109542
12323 -0.10903
12323.4 -0.108518
12323.7 -0.108006
12324.1 -0.107494
12324.5 -0.106982
12324.8 -0.10647
12325.2 -0.105958
12325.6 -0.105446
12325.9 -0.104934
12326.3 -0.104423
12326.7 -0.10391
12327 -0.103398
12327.4 -0.102886
12327.8 -0.102374
12328.1 -0.101862
12328.5 -0.10135
12328.9 -0.100838
12329.2 -0.100326
12329.6 -0.0998136
12330 -0.0993014
12330.3 -0.0987891
12330.7 -0.0982772
12331.1 -0.0977648
12331.4 -0.0972528
12331.8 -0.0967403
12332.2 -0.0962282
12332.5 -0.0957158
12332.9 -0.0952035
12333.3 -0.0946911
12333.6 -0.0941789
12334 -0.0936664
12334.3 -0.0931541
12334.7 -0.0926416
12335.1 -0.0921294
12335.4 -0.0916168
12335.8 -0.0911044
12336.2 -0.0905919
12336.5 -0.0900794
12336.9 -0.089567
12337.3 -0.0890544
12337.6 -0.0885419
12338 -0.0880293
12338.4 -0.0875166
12338.7 -0.0870041
12339.1 -0.0864914
12339.5 -0.0859788
12339.8 -0.085466
12340.2 -0.0849534
12340.6 -0.0844407
12340.9 -0.083928
12341.3 -0.0834152
12341.7 -0.0829024
12342 -0.0823896
12342.4 -0.0818768
12342.8 -0.081364
12343.1 -0.0808511
12343.5 -0.0803382
12343.9 -0.0798254
12344.2 -0.0793124
12344.6 -0.0787995
12345 -0.0782865
12345.3 -0.0777737
12345.7 -0.0772607
12346.1 -0.0767476
12346.4 -0.0762345
12346.8 -0.0757215
12347.2 -0.0752084
12347.5 -0.0746954
12347.9 -0.0741821
12348.3 -0.0736693
12348.6 -0.0731561
12349 -0.072643
12349.4 -0.0721297
12349.7 -0.0716165
12350.1 -0.0711033
12350.5 -0.07059
12350.8 -0.0700768
12351.2 -0.0695635
12351.6 -0.0690502
12351.9 -0.068537
12352.3 -0.0680235
12352.7 -0.06751
12353 -0.0669967
12353.4 -0.0664832
12353.8 -0.0659698
12354.1 -0.0654562
12354.5 -0.0649427
12354.9 -0.0644293
12355.2 -0.0639158
12355.6 -0.0634022
12356 -0.0628886
12356.3 -0.0623751
12356.7 -0.0618614
12357.1 -0.0613479
12357.4 -0.0608341
12357.8 -0.0603204
12358.2 -0.0598067
12358.5 -0.059293
12358.9 -0.0587793
12359.3 -0.0582655
12359.6 -0.0577517
12360 -0.0572379
12360.4 -0.0567241
12360.7 -0.0562101
12361.1 -0.0556963
12361.4 -0.0551824
12361.8 -0.0546685
12362.2 -0.0541544
12362.5 -0.0536405
12362.9 -0.0531266
12363.3 -0.0526125
12363.6 -0.0520984
12364 -0.0515844
12364.4 -0.0510703
12364.7 -0.0505563
12365.1 -0.050042
12365.5 -0.0495279
12365.8 -0.0490137
12366.2 -0.0484995
12366.6 -0.0479853
12366.9 -0.0474712
12367.3 -0.0469568
12367.7 -0.0464425
12368 -0.0459283
12368.4 -0.0454139
12368.8 -0.0448995
12369.1 -0.0443852
12369.5 -0.0438707
12369.9 -0.0433563
12370.2 -0.0428418
12370.6 -0.0423273
12371 -0.0418127
12371.3 -0.0412983
12371.7 -0.0407837
12372.1 -0.0402691
12372.4 -0.0397544
12372.8 -0.0392399
12373.2 -0.0387252
12373.5 -0.0382104
12373.9 -0.0376958
12374.3 -0.037181
12374.6 -0.0366662
12375 -0.0361515
12375.4 -0.0356366
12375.7 -0.0351218
12376.1 -0.034607
12376.5 -0.034092
12376.8 -0.0335772
12377.2 -0.0330622
12377.6 -0.0325472
12377.9 -0.0320322
12378.3 -0.0315173
12378.7 -0.0310021
12379 -0.0304871
12379.4 -0.0299721
12379.8 -0.029457
12380.1 -0.0289417
12380.5 -0.0284265
12380.9 -0.0279113
12381.2 -0.0273962
12381.6 -0.0268808
12382 -0.0263656
12382.3 -0.0258502
12382.7 -0.0253351
12383.1 -0.0248195
12383.4 -0.0243043
12383.8 -0.0237887
12384.2 -0.0232734
12384.5 -0.0227579
12384.9 -0.0222424
12385.3 -0.021727
12385.6 -0.0212116
12386 -0.020696
12386.4 -0.0201803
12386.7 -0.0196647
12387.1 -0.0191491
12387.5 -0.0186333
12387.8 -0.0181177
12388.2 -0.0176019
12388.5 -0.0170863
12388.9 -0.0165705
12389.3 -0.0160549
12389.6 -0.0155389
12390 -0.0150231
12390.4 -0.0145072
12390.7 -0.0139912
12391.1 -0.0134753
12391.5 -0.0129593
12391.8 -0.0124434
12392.2 -0.0119273
12392.6 -0.0114113
12392.9 -0.0108951
12393.3 -0.010379
12393.7 -0.00986295
12394 -0.00934671
12394.4 -0.00883058
12394.8 -0.00831434
12395.1 -0.00779816
12395.5 -0.0072818
12395.9 -0.00676556
12396.2 -0.00624914
12396.6 -0.00573278
12397 -0.00521636
12397.3 -0.00469982
12397.7 -0.00418358
12398.1 -0.00366698
12398.4 -0.00315056
12398.8 -0.00263397
12399.2 -0.00211743
12399.5 -0.00160089
12399.9 -0.00108423
12400.3 -0.000567636
12400.6 -5.09187e-05
12401 0.000465679
12401.4 0.000982574
12401.7 0.00149929
12402.1 0.00201625
12402.5 0.0025329
12402.8 0.0030498
12403.2 0.00356675
12403.6 0.00408371
12403.9 0.00460054
12404.3 0.00511756
12404.7 0.00563445
12405 0.0061517
12405.4 0.00666866
12405.8 0.00718567
12406.1 0.00770281
12406.5 0.00822012
12406.9 0.00873719
12407.2 0.0092545
12407.6 0.00977176
12408 0.010289
12408.3 0.0108063
12408.7 0.0113236
12409.1 0.0118409
12409.4 0.0123585
12409.8 0.0128759
12410.2 0.0133933
12410.5 0.0139108
12410.9 0.0144282
12411.3 0.0149459
12411.6 0.0154635
12412 0.015981
12412.4 0.0164986
12412.7 0.0170164
12413.1 0.0175342
12413.5 0.0180519
12413.8 0.0185696
12414.2 0.0190875
12414.5 0.0196054
12414.9 0.0201232
12415.3 0.0206411
12415.6 0.021159
12416 0.0216771
12416.4 0.022195
12416.7 0.022713
12417.1 0.023231
12417.5 0.0237492
12417.8 0.0242674
12418.2 0.0247854
12418.6 0.0253037
12418.9 0.0258219
12419.3 0.0263402
12419.7 0.0268584
12420 0.0273766
12420.4 0.0278951
12420.8 0.0284133
12421.1 0.0289318
12421.5 0.0294502
12421.9 0.0299687
12422.2 0.0304873
12422.6 0.0310057
12423 0.0315243
12423.3 0.0320429
12423.7 0.0325616
12424.1 0.0330803
12424.4 0.0335991
12424.8 0.0341177
12425.2 0.0346366
12425.5 0.0351555
12425.9 0.0356743
12426.3 0.0361931
12426.6 0.0367122
12427 0.0372311
12427.4 0.0377501
12427.7 0.0382691
12428.1 0.0387881
12428.5 0.0393072
12428.8 0.0398264
12429.2 0.0403455
12429.6 0.0408647
12429.9 0.0413839
12430.3 0.0419032
12430.7 0.0424226
12431 0.0429417
12431.4 0.0434611
12431.8 0.0439804
12432.1 0.0445
12432.5 0.0450193
12432.9 0.0455388
12433.2 0.0460584
12433.6 0.046578
12434 0.0470975
12434.3 0.0476172
12434.7 0.0481369
12435.1 0.0486565
12435.4 0.0491764
12435.8 0.049696
12436.2 0.050216
12436.5 0.0507357
12436.9 0.0512556
12437.3 0.0517755
12437.6 0.0522956
12438 0.0528156
12438.4 0.0533355
12438.7 0.0538558
12439.1 0.0543758
12439.5 0.0548959
12439.8 0.055416
12440.2 0.0559363
12440.6 0.0564565
12440.9 0.0569769
12441.3 0.057497
12441.6 0.0580175
12442 0.0585378
12442.4 0.0590583
12442.7 0.0595788
12443.1 0.0600992
12443.5 0.0606197
12443.8 0.0611404
12444.2 0.0616609
12444.6 0.0621815
12444.9 0.0627024
12445.3 0.0632229
12445.7 0.0637439
12446 0.0642645
12446.4 0.0647853
12446.8 0.0653062
12447.1 0.0658272
12447.5 0.0663482
12447.9 0.0668692
12448.2 0.0673902
12448.6 0.0679113
12449 0.0684324
12449.3 0.0689534
12449.7 0.0694747
12450.1 0.0699959
12450.4 0.0705171
12450.8 0.0710384
12451.2 0.0715596
12451.5 0.0720811
12451.9 0.0726025
12452.3 0.073124
12452.6 0.0736452
12453 0.0741669
12453.4 0.0746884
12453.7 0.0752102
12454.1 0.0757316
12454.5 0.0762533
12454.8 0.0767751
12455.2 0.0772968
12455.6 0.0778185
12455.9 0.0783404
12456.3 0.0788623
12456.7 0.0793842
12457 0.0799062
12457.4 0.0804281
12457.8 0.08095
12458.1 0.0814721
12458.5 0.0819943
12458.9 0.0825164
12459.2 0.0830386
12459.6 0.0835609
12460 0.0840832
12460.3 0.0846054
12460.7 0.0851277
12461.1 0.0856502
12461.4 0.0861725
12461.8 0.0866951
12462.2 0.0872175
12462.5 0.0877402
12462.9 0.0882626
12463.3 0.0887853
12463.6 0.0893077
12464 0.0898307
12464.4 0.0903533
12464.7 0.0908761
12465.1 0.0913989
12465.5 0.0919217
12465.8 0.0924446
12466.2 0.0929675
12466.6 0.0934904
12466.9 0.0940135
12467.3 0.0945367
12467.7 0.0950597
12468 0.0955829
12468.4 0.0961061
12468.7 0.0966294
12469.1 0.0971527
12469.5 0.0976759
12469.8 0.0981994
12470.2 0.0987229
12470.6 0.0992462
12470.9 0.0997698
12471.3 0.100293
12471.7 0.100817
12472 0.101341
12472.4 0.101864
12472.8 0.102388
12473.1 0.102912
12473.5 0.103435
12473.9 0.103959
12474.2 0.104483
12474.6 0.105007
12475 0.105531
12475.3 0.106055
12475.7 0.106579
12476.1 0.107103
12476.4 0.107627
12476.8 0.108151
12477.2 0.108675
12477.5 0.1092
12477.9 0.109724
12478.3 0.110248
12478.6 0.110773
12479 0.111297
12479.4 0.111821
12479.7 0.112346
12480.1 0.112871
12480.5 0.113395
12480.8 0.11392
12481.2 0.114445
12481.6 0.114969
12481.9 0.115494
12482.3 0.116019
12482.7 0.116544
12483 0.117069
12483.4 0.117594
12483.8 0.118119
12484.1 0.118644
12484.5 0.119169
12484.9 0.119694
12485.2 0.120219
12485.6 0.120744
12486 0.12127
12486.3 0.121795
12486.7 0.12232
12487.1 0.122845
12487.4 0.123371
12487.8 0.123896
12488.2 0.124422
12488.5 0.124947
12488.9 0.125473
12489.3 0.125999
12489.6 0.126524
12490 0.12705
12490.4 0.127576
12490.7 0.128102
12491.1 0.128628
12491.5 0.129154
12491.8 0.12968
12492.2 0.130206
12492.6 0.130732
12492.9 0.131258
12493.3 0.131784
12493.7 0.13231
12494 0.132837
12494.4 0.133363
12494.8 0.133889
12495.1 0.134416
12495.5 0.134942
12495.8 0.135469
12496.2 0.135995
12496.6 0.136522
12496.9 0.137048
12497.3 0.137575
12497.7 0.138102
12498 0.138628
12498.4 0.139155
12498.8 0.139682
12499.1 0.140209
12499.5 0.140736
12499.9 0.141263
12500.2 0.14179
12500.6 0.142317
12501 0.142844
12501.3 0.143371
12501.7 0.143899
12502.1 0.144426
12502.4 0.144953
12502.8 0.145481
12503.2 0.146008
12503.5 0.146536
12503.9 0.147063
12504.3 0.147591
12504.6 0.148119
12505 0.148646
12505.4 0.149174
12505.7 0.149702
12506.1 0.15023
12506.5 0.150757
12506.8 0.151285
12507.2 0.151813
12507.6 0.152341
12507.9 0.152869
12508.3 0.153398
12508.7 0.153926
12509 0.154454
12509.4 0.154982
12509.8 0.155511
12510.1 0.156039
12510.5 0.156567
12510.9 0.157096
12511.2 0.157624
12511.6 0.158153
12512 0.158682
12512.3 0.15921
12512.7 0.159739
12513.1 0.160268
12513.4 0.160796
12513.8 0.161325
12514.2 0.161854
12514.5 0.162383
12514.9 0.162912
12515.3 0.163441
12515.6 0.16397
12516 0.1645
12516.4 0.165029
12516.7 0.165558
12517.1 0.166087
12517.5 0.166617
12517.8 0.167146
12518.2 0.167675
12518.6 0.168205
12518.9 0.168734
12519.3 0.169264
12519.7 0.169794
12520 0.170324
12520.4 0.170853
12520.8 0.171383
12521.1 0.171913
12521.5 0.172443
12521.8 0.172973
12522.2 0.173503
12522.6 0.174033
12522.9 0.174563
12523.3 0.175093
12523.7 0.175624
12524 0.176154
12524.4 0.176684
12524.8 0.177215
12525.1 0.177745
12525.5 0.178276
12525.9 0.178806
12526.2 0.179337
12526.6 0.179867
12527 0.180398
12527.3 0.180929
12527.7 0.18146
12528.1 0.18199
12528.4 0.182521
12528.8 0.183052
12529.2 0.183583
12529.5 0.184115
12529.9 0.184646
12530.3 0.185177
12530.6 0.185708
12531 0.186239
12531.4 0.186771
12531.7 0.187302
12532.1 0.187833
12532.5 0.188365
12532.8 0.188896
12533.2 0.189428
12533.6 0.18996
12533.9 0.190491
12534.3 0.191023
12534.7 0.191555
12535 0.192087
12535.4 0.192619
12535.8 0.193151
12536.1 0.193683
12536.5 0.194215
12536.9 0.194747
12537.2 0.195279
12537.6 0.195811
12538 0.196344
12538.3 0.196876
12538.7 0.197409
12539.1 0.197941
12539.4 0.198474
12539.8 0.199006
12540.2 0.199539
12540.5 0.200072
12540.9 0.200604
12541.3 0.201137
12541.6 0.20167
12542 0.202203
12542.4 0.202736
12542.7 0.203269
12543.1 0.203802
12543.5 0.204335
12543.8 0.204869
12544.2 0.205402
12544.6 0.205935
12544.9 0.206469
12545.3 0.207002
12545.7 0.207535
12546 0.208069
12546.4 0.208603
12546.8 0.209136
12547.1 0.20967
12547.5 0.210204
12547.9 0.210737
12548.2 0.211271
12548.6 0.211805
12548.9 0.212339
12549.3 0.212873
12549.7 0.213407
12550 0.213942
12550.4 0.214476
12550.8 0.21501
12551.1 0.215544
12551.5 0.216079
12551.9 0.216613
12552.2 0.217148
12552.6 0.217682
12553 0.218217
12553.3 0.218752
12553.7 0.219287
12554.1 0.219821
12554.4 0.220356
12554.8 0.220891
12555.2 0.221426
12555.5 0.221961
12555.9 0.222496
12556.3 0.223031
12556.6 0.223567
12557 0.224102
12557.4 0.224637
12557.7 0.225172
12558.1 0.225708
12558.5 0.226243
12558.8 0.226779
12559.2 0.227314
12559.6 0.22785
12559.9 0.228386
12560.3 0.228922
12560.7 0.229457
12561 0.229993
12561.4 0.230529
12561.8 0.231065
12562.1 0.231602
12562.5 0.232138
12562.9 0.232674
12563.2 0.23321
12563.6 0.233746
12564 0.234283
12564.3 0.23482
12564.7 0.235356
12565.1 0.235892
12565.4 0.236429
12565.8 0.236966
12566.2 0.237502
12566.5 0.238039
12566.9 0.238576
12567.3 0.239113
12567.6 0.23965
12568 0.240187
12568.4 0.240724
12568.7 0.241261
12569.1 0.241799
12569.5 0.242336
12569.8 0.242873
12570.2 0.243411
12570.6 0.243948
12570.9 0.244486
12571.3 0.245024
12571.7 0.245561
12572 0.246099
12572.4 0.246636
12572.8 0.247174
12573.1 0.247712
12573.5 0.24825
12573.9 0.248788
12574.2 0.249327
12574.6 0.249865
12575 0.250403
12575.3 0.250941
12575.7 0.25148
12576 0.252018
12576.4 0.252556
12576.8 0.253095
12577.1 0.253634
12577.5 0.254172
12577.9 0.254711
12578.2 0.25525
12578.6 0.255789
12579 0.256327
12579.3 0.256866
12579.7 0.257405
12580.1 0.257945
12580.4 0.258484
12580.8 0.259023
12581.2 0.259562
12581.5 0.260102
12581.9 0.260641
12582.3 0.26118
12582.6 0.26172
12583 0.26226
12583.4 0.262799
12583.7 0.263339
12584.1 0.263879
12584.5 0.264419
12584.8 0.264958
12585.2 0.265498
12585.6 0.266039
12585.9 0.266578
12586.3 0.267119
12586.7 0.267659
12587 0.2682
12587.4 0.26874
12587.8 0.26928
12588.1 0.269821
12588.5 0.270361
12588.9 0.270902
12589.2 0.271443
12589.6 0.271983
12590 0.272524
12590.3 0.273065
12590.7 0.273606
12591.1 0.274147
12591.4 0.274689
12591.8 0.275229
12592.2 0.275771
12592.5 0.276312
12592.9 0.276853
12593.3 0.277395
12593.6 0.277936
12594 0.278478
12594.4 0.279019
12594.7 0.279561
12595.1 0.280103
12595.5 0.280645
12595.8 0.281187
12596.2 0.281729
12596.6 0.282271
12596.9 0.282813
12597.3 0.283355
12597.7 0.283897
12598 0.28444
12598.4 0.284982
12598.8 0.285524
12599.1 0.286067
12599.5 0.286609
12599.9 0.287152
12600.2 0.287695
12600.6 0.288238
12601 0.28878
12601.3 0.289323
12601.7 0.289866
12602 0.290409
12602.4 0.290952
12602.8 0.291496
12603.1 0.292039
12603.5 0.292582
12603.9 0.293125
12604.2 0.293669
12604.6 0.294212
12605 0.294756
12605.3 0.2953
12605.7 0.295843
12606.1 0.296387
12606.4 0.296931
12606.8 0.297475
12607.2 0.298019
12607.5 0.298563
12607.9 0.299107
12608.3 0.299651
12608.6 0.300195
12609 0.30074
12609.4 0.301284
12609.7 0.301828
12610.1 0.302373
12610.5 0.302918
12610.8 0.303463
12611.2 0.304007
12611.6 0.304552
12611.9 0.305097
12612.3 0.305642
12612.7 0.306187
12613 0.306732
12613.4 0.307277
12613.8 0.307823
12614.1 0.308368
12614.5 0.308913
12614.9 0.309459
12615.2 0.310004
12615.6 0.31055
12616 0.311096
12616.3 0.311642
12616.7 0.312187
12617.1 0.312733
12617.4 0.313279
12617.8 0.313825
12618.2 0.314371
12618.5 0.314917
12618.9 0.315464
12619.3 0.31601
12619.6 0.316556
12620 0.317103
12620.4 0.317649
12620.7 0.318196
12621.1 0.318743
12621.5 0.319289
12621.8 0.319836
12622.2 0.320383
12622.6 0.32093
12622.9 0.321477
12623.3 0.322024
12623.7 0.322571
12624 0.323118
12624.4 0.323666
12624.8 0.324213
12625.1 0.324761
12625.5 0.325308
12625.9 0.325856
12626.2 0.326403
12626.6 0.326951
12627 0.327499
12627.3 0.328047
12627.7 0.328595
12628.1 0.329143
12628.4 0.329691
12628.8 0.330239
12629.1 0.330787
12629.5 0.331336
12629.9 0.331884
12630.2 0.332432
12630.6 0.332981
12631 0.33353
12631.3 0.334078
12631.7 0.334627
12632.1 0.335176
12632.4 0.335725
12632.8 0.336274
12633.2 0.336823
12633.5 0.337372
12633.9 0.337921
12634.3 0.338471
12634.6 0.33902
12635 0.339569
12635.4 0.340119
12635.7 0.340669
12636.1 0.341218
12636.5 0.341768
12636.8 0.342318
12637.2 0.342868
12637.6 0.343418
12637.9 0.343968
12638.3 0.344518
12638.7 0.345068
12639 0.345618
12639.4 0.346169
12639.8 0.346719
12640.1 0.34727
12640.5 0.34782
12640.9 0.348371
12641.2 0.348922
12641.6 0.349472
12642 0.350023
12642.3 0.350574
12642.7 0.351126
12643.1 0.351676
12643.4 0.352228
12643.8 0.352779
12644.2 0.35333
12644.5 0.353882
12644.9 0.354433
12645.3 0.354985
12645.6 0.355536
12646 0.356088
12646.4 0.35664
12646.7 0.357192
12647.1 0.357744
12647.5 0.358296
12647.8 0.358848
12648.2 0.3594
12648.6 0.359953
12648.9 0.360505
12649.3 0.361057
12649.7 0.36161
12650 0.362162
12650.4 0.362715
12650.8 0.363268
12651.1 0.36382
12651.5 0.364373
12651.9 0.364926
12652.2 0.365479
12652.6 0.366032
12653 0.366585
12653.3 0.367139
12653.7 0.367692
12654.1 0.368245
12654.4 0.368799
12654.8 0.369352
12655.2 0.369906
12655.5 0.37046
12655.9 0.371014
12656.2 0.371568
12656.6 0.372121
12657 0.372676
12657.3 0.37323
12657.7 0.373784
12658.1 0.374338
12658.4 0.374893
12658.8 0.375447
12659.2 0.376002
12659.5 0.376557
12659.9 0.377111
12660.3 0.377666
12660.6 0.378221
12661 0.378776
12661.4 0.379331
12661.7 0.379886
12662.1 0.380441
12662.5 0.380997
12662.8 0.381552
12663.2 0.382107
12663.6 0.382663
12663.9 0.383218
12664.3 0.383774
12664.7 0.38433
12665 0.384886
12665.4 0.385441
12665.8 0.385998
12666.1 0.386554
12666.5 0.38711
12666.9 0.387666
12667.2 0.388222
12667.6 0.388779
12668 0.389335
12668.3 0.389892
12668.7 0.390448
12669.1 0.391005
12669.4 0.391562
12669.8 0.392119
12670.2 0.392676
12670.5 0.393233
12670.9 0.39379
12671.3 0.394347
12671.6 0.394904
12672 0.395462
12672.4 0.396019
12672.7 0.396577
12673.1 0.397134
12673.5 0.397692
12673.8 0.39825
12674.2 0.398808
12674.6 0.399366
12674.9 0.399923
12675.3 0.400482
12675.7 0.40104
12676 0.401598
12676.4 0.402157
12676.8 0.402715
12677.1 0.403274
12677.5 0.403832
12677.9 0.404391
12678.2 0.40495
12678.6 0.405509
12679 0.406068
12679.3 0.406626
12679.7 0.407186
12680.1 0.407745
12680.4 0.408304
12680.8 0.408864
12681.2 0.409423
12681.5 0.409983
12681.9 0.410542
12682.3 0.411102
12682.6 0.411662
12683 0.412222
12683.3 0.412782
12683.7 0.413341
12684.1 0.413902
12684.4 0.414462
12684.8 0.415023
12685.2 0.415583
12685.5 0.416143
12685.9 0.416704
12686.3 0.417265
12686.6 0.417825
12687 0.418386
12687.4 0.418947
12687.7 0.419508
12688.1 0.420069
12688.5 0.42063
12688.8 0.421192
12689.2 0.421753
12689.6 0.422315
12689.9 0.422876
12690.3 0.423438
12690.7 0.423999
12691 0.424561
12691.4 0.425123
12691.8 0.425685
12692.1 0.426247
12692.5 0.426809
12692.9 0.427371
12693.2 0.427933
12693.6 0.428496
12694 0.429058
12694.3 0.429621
12694.7 0.430184
12695.1 0.430746
12695.4 0.431309
12695.8 0.431872
12696.2 0.432435
12696.5 0.432998
12696.9 0.433561
12697.3 0.434124
12697.6 0.434688
12698 0.435251
12698.4 0.435815
12698.7 0.436378
12699.1 0.436942
12699.5 0.437506
12699.8 0.43807
12700.2 0.438634
12700.6 0.439198
12700.9 0.439762
12701.3 0.440326
12701.7 0.440891
12702 0.441455
12702.4 0.442019
12702.8 0.442584
12703.1 0.443149
12703.5 0.443713
12703.9 0.444278
12704.2 0.444843
12704.6 0.445408
12705 0.445973
12705.3 0.446538
12705.7 0.447104
12706.1 0.447669
12706.4 0.448235
12706.8 0.4488
12707.2 0.449365
12707.5 0.449932
12707.9 0.450497
12708.3 0.451063
12708.6 0.451629
12709 0.452195
12709.3 0.452762
12709.7 0.453328
12710.1 0.453894
12710.4 0.454461
12710.8 0.455028
12711.2 0.455594
12711.5 0.456161
12711.9 0.456728
12712.3 0.457295
12712.6 0.457862
12713 0.458429
12713.4 0.458996
12713.7 0.459563
12714.1 0.46013
12714.5 0.460698
12714.8 0.461266
12715.2 0.461833
12715.6 0.462401
12715.9 0.462969
12716.3 0.463537
12716.7 0.464105
12717 0.464673
12717.4 0.465241
12717.8 0.46581
12718.1 0.466378
12718.5 0.466946
12718.9 0.467515
12719.2 0.468084
12719.6 0.468652
12720 0.469221
12720.3 0.46979
12720.7 0.470359
12721.1 0.470928
12721.4 0.471498
12721.8 0.472067
12722.2 0.472636
12722.5 0.473206
12722.9 0.473775
12723.3 0.474345
12723.6 0.474915
12724 0.475485
12724.4 0.476055
12724.7 0.476625
12725.1 0.477195
12725.5 0.477765
12725.8 0.478336
12726.2 0.478906
12726.6 0.479476
12726.9 0.480047
12727.3 0.480618
12727.7 0.481189
12728 0.481759
12728.4 0.482331
12728.8 0.482902
12729.1 0.483473
12729.5 0.484044
12729.9 0.484616
12730.2 0.485187
12730.6 0.485759
12731 0.48633
12731.3 0.486902
12731.7 0.487474
12732.1 0.488046
12732.4 0.488618
12732.8 0.48919
12733.2 0.489762
12733.5 0.490335
12733.9 0.490907
12734.3 0.49148
12734.6 0.492052
12735 0.492626
12735.4 0.493198
12735.7 0.493771
12736.1 0.494344
12736.4 0.494917
12736.8 0.49549
12737.2 0.496064
12737.5 0.496637
12737.9 0.49721
12738.3 0.497784
12738.6 0.498358
12739 0.498932
12739.4 0.499506
12739.7 0.500079
12740.1 0.500654
12740.5 0.501228
12740.8 0.501802
12741.2 0.502376
12741.6 0.502951
12741.9 0.503525
12742.3 0.5041
12742.7 0.504675
12743 0.50525
12743.4 0.505825
12743.8 0.5064
12744.1 0.506975
12744.5 0.50755
12744.9 0.508125
12745.2 0.508701
12745.6 0.509276
12746 0.509852
12746.3 0.510428
12746.7 0.511003
12747.1 0.511579
12747.4 0.512155
12747.8 0.512732
12748.2 0.513308
12748.5 0.513884
12748.9 0.51446
12749.3 0.515037
12749.6 0.515613
12750 0.516191
12750.4 0.516767
12750.7 0.517344
12751.1 0.517921
12751.5 0.518498
12751.8 0.519076
12752.2 0.519653
12752.6 0.52023
12752.9 0.520808
12753.3 0.521385
12753.7 0.521963
12754 0.522541
12754.4 0.523119
12754.8 0.523697
12755.1 0.524275
12755.5 0.524853
12755.9 0.525431
12756.2 0.526009
12756.6 0.526588
12757 0.527167
12757.3 0.527745
12757.7 0.528324
12758.1 0.528903
12758.4 0.529482
12758.8 0.530062
12759.2 0.530641
12759.5 0.53122
12759.9 0.5318
12760.3 0.532379
12760.6 0.532959
12761 0.533538
12761.4 0.534118
12761.7 0.534698
12762.1 0.535278
12762.5 0.535858
12762.8 0.536439
12763.2 0.537019
12763.5 0.537599
12763.9 0.53818
12764.3 0.53876
12764.6 0.539341
12765 0.539922
12765.4 0.540503
12765.7 0.541084
12766.1 0.541665
12766.5 0.542246
12766.8 0.542828
12767.2 0.543409
12767.6 0.543991
12767.9 0.544573
12768.3 0.545154
12768.7 0.545736
12769 0.546318
12769.4 0.5469
12769.8 0.547482
12770.1 0.548065
12770.5 0.548647
12770.9 0.549229
12771.2 0.549812
12771.6 0.550395
12772 0.550978
12772.3 0.551561
12772.7 0.552144
12773.1 0.552727
12773.4 0.55331
12773.8 0.553894
12774.2 0.554477
12774.5 0.555061
12774.9 0.555644
12775.3 0.556227
12775.6 0.556812
12776 0.557396
12776.4 0.55798
12776.7 0.558564
12777.1 0.559148
12777.5 0.559732
12777.8 0.560317
12778.2 0.560901
12778.6 0.561486
12778.9 0.562071
12779.3 0.562656
12779.7 0.563241
12780 0.563826
12780.4 0.564411
12780.8 0.564996
12781.1 0.565582
12781.5 0.566167
12781.9 0.566753
12782.2 0.567339
12782.6 0.567925
12783 0.568511
12783.3 0.569097
12783.7 0.569683
12784.1 0.570269
12784.4 0.570856
12784.8 0.571442
12785.2 0.572029
12785.5 0.572616
12785.9 0.573203
12786.3 0.573789
12786.6 0.574376
12787 0.574964
12787.4 0.57555
12787.7 0.576138
12788.1 0.576725
12788.5 0.577313
12788.8 0.5779
12789.2 0.578488
12789.5 0.579076
12789.9 0.579664
12790.3 0.580252
12790.6 0.58084
12791 0.581429
12791.4 0.582017
12791.7 0.582606
12792.1 0.583194
12792.5 0.583783
12792.8 0.584372
12793.2 0.584961
12793.6 0.58555
12793.9 0.586139
12794.3 0.586728
12794.7 0.587318
12795 0.587907
12795.4 0.588497
12795.8 0.589086
12796.1 0.589677
12796.5 0.590266
12796.9 0.590856
12797.2 0.591447
12797.6 0.592037
12798 0.592627
12798.3 0.593218
12798.7 0.593808
12799.1 0.594399
12799.4 0.59499
12799.8 0.595581
12800.2 0.596172
12800.5 0.596763
12800.9 0.597354
12801.3 0.597945
12801.6 0.598537
12802 0.599128
12802.4 0.59972
12802.7 0.600312
12803.1 0.600904
12803.5 0.601496
12803.8 0.602088
12804.2 0.602681
12804.6 0.603273
12804.9 0.603865
12805.3 0.604458
12805.7 0.60505
12806 0.605643
12806.4 0.606236
12806.8 0.606829
12807.1 0.607423
12807.5 0.608016
12807.9 0.608609
12808.2 0.609203
12808.6 0.609796
12809 0.61039
12809.3 0.610983
12809.7 0.611578
12810.1 0.612171
12810.4 0.612766
12810.8 0.61336
12811.2 0.613954
12811.5 0.614549
12811.9 0.615143
12812.3 0.615738
12812.6 0.616332
12813 0.616928
12813.4 0.617523
12813.7 0.618118
12814.1 0.618713
12814.5 0.619309
12814.8 0.619904
12815.2 0.6205
12815.6 0.621096
12815.9 0.621691
12816.3 0.622287
12816.6 0.622883
12817 0.623479
12817.4 0.624076
12817.7 0.624672
12818.1 0.625269
12818.5 0.625865
12818.8 0.626462
12819.2 0.627059
12819.6 0.627656
12819.9 0.628253
12820.3 0.62885
12820.7 0.629447
12821 0.630045
12821.4 0.630642
12821.8 0.63124
12822.1 0.631838
12822.5 0.632435
12822.9 0.633033
12823.2 0.633632
12823.6 0.63423
12824 0.634828
12824.3 0.635426
12824.7 0.636025
12825.1 0.636624
12825.4 0.637223
12825.8 0.637821
12826.2 0.63842
12826.5 0.639019
12826.9 0.639619
12827.3 0.640218
12827.6 0.640818
12828 0.641417
12828.4 0.642017
12828.7 0.642617
12829.1 0.643217
12829.5 0.643817
12829.8 0.644417
12830.2 0.645017
12830.6 0.645618
12830.9 0.646218
12831.3 0.646819
12831.7 0.64742
12832 0.648021
12832.4 0.648621
12832.8 0.649223
12833.1 0.649824
12833.5 0.650425
12833.9 0.651026
12834.2 0.651628
12834.6 0.65223
12835 0.652831
12835.3 0.653434
12835.7 0.654036
12836.1 0.654638
12836.4 0.65524
12836.8 0.655842
12837.2 0.656445
12837.5 0.657048
12837.9 0.65765
12838.3 0.658253
12838.6 0.658856
12839 0.659459
12839.4 0.660062
12839.7 0.660666
12840.1 0.661269
12840.5 0.661873
12840.8 0.662477
12841.2 0.66308
12841.6 0.663684
12841.9 0.664288
12842.3 0.664892
12842.7 0.665497
12843 0.666101
12843.4 0.666705
12843.7 0.66731
12844.1 0.667915
12844.5 0.66852
12844.8 0.669125
12845.2 0.66973
12845.6 0.670335
12845.9 0.670941
12846.3 0.671546
12846.7 0.672152
12847 0.672758
12847.4 0.673364
12847.8 0.673969
12848.1 0.674575
12848.5 0.675182
12848.9 0.675788
12849.2 0.676394
12849.6 0.677001
12850 0.677607
12850.3 0.678214
12850.7 0.678821
12851.1 0.679428
12851.4 0.680035
12851.8 0.680643
12852.2 0.68125
12852.5 0.681858
12852.9 0.682465
12853.3 0.683073
12853.6 0.683681
12854 0.684289
12854.4 0.684897
12854.7 0.685505
12855.1 0.686114
12855.5 0.686722
12855.8 0.687331
12856.2 0.68794
12856.6 0.688549
12856.9 0.689157
12857.3 0.689766
12857.7 0.690376
12858 0.690985
12858.4 0.691595
12858.8 0.692204
12859.1 0.692814
12859.5 0.693424
12859.9 0.694034
12860.2 0.694643
12860.6 0.695254
12861 0.695864
12861.3 0.696475
12861.7 0.697085
12862.1 0.697696
12862.4 0.698307
12862.8 0.698918
12863.2 0.699529
12863.5 0.70014
12863.9 0.700751
12864.3 0.701363
12864.6 0.701974
12865 0.702586
12865.4 0.703198
12865.7 0.70381
12866.1 0.704422
12866.5 0.705034
12866.8 0.705646
12867.2 0.706258
12867.6 0.706871
12867.9 0.707484
12868.3 0.708097
12868.7 0.708709
12869 0.709322
12869.4 0.709936
12869.8 0.710549
12870.1 0.711162
12870.5 0.711776
12870.8 0.712389
12871.2 0.713003
12871.6 0.713617
12871.9 0.714231
12872.3 0.714845
12872.7 0.715459
12873 0.716074
12873.4 0.716689
12873.8 0.717303
12874.1 0.717918
12874.5 0.718533
12874.9 0.719148
12875.2 0.719763
12875.6 0.720378
12876 0.720994
12876.3 0.721609
12876.7 0.722225
12877.1 0.722841
12877.4 0.723456
12877.8 0.724072
12878.2 0.724689
12878.5 0.725305
12878.9 0.725921
12879.3 0.726538
12879.6 0.727155
12880 0.727771
12880.4 0.728388
12880.7 0.729005
12881.1 0.729622
12881.5 0.730239
12881.8 0.730857
12882.2 0.731475
12882.6 0.732092
12882.9 0.73271
12883.3 0.733328
12883.7 0.733946
12884 0.734564
12884.4 0.735182
12884.8 0.735801
12885.1 0.736419
12885.5 0.737038
12885.9 0.737657
12886.2 0.738276
12886.6 0.738895
12887 0.739514
12887.3 0.740134
12887.7 0.740753
12888.1 0.741373
12888.4 0.741992
12888.8 0.742612
12889.2 0.743232
12889.5 0.743852
12889.9 0.744472
12890.3 0.745093
12890.6 0.745713
12891 0.746334
12891.4 0.746954
12891.7 0.747575
12892.1 0.748196
12892.5 0.748817
12892.8 0.749438
12893.2 0.75006
12893.6 0.750681
12893.9 0.751303
12894.3 0.751925
12894.7 0.752547
12895 0.753169
12895.4 0.753791
12895.8 0.754413
12896.1 0.755036
12896.5 0.755658
12896.8 0.75628
12897.2 0.756903
12897.6 0.757526
12897.9 0.75815
12898.3 0.758773
12898.7 0.759396
12899 0.760019
12899.4 0.760643
12899.8 0.761267
12900.1 0.761891
12900.5 0.762515
12900.9 0.763139
12901.2 0.763763
12901.6 0.764387
12902 0.765012
12902.3 0.765637
12902.7 0.766261
12903.1 0.766886
12903.4 0.767511
12903.8 0.768136
12904.2 0.768761
12904.5 0.769387
12904.9 0.770012
12905.3 0.770638
12905.6 0.771264
12906 0.771889
12906.4 0.772515
12906.7 0.773142
12907.1 0.773768
12907.5 0.774395
12907.8 0.775022
12908.2 0.775648
12908.6 0.776275
12908.9 0.776902
12909.3 0.777529
12909.7 0.778156
12910 0.778784
12910.4 0.779411
12910.8 0.780039
12911.1 0.780667
12911.5 0.781295
12911.9 0.781923
12912.2 0.782551
12912.6 0.783179
12913 0.783808
12913.3 0.784436
12913.7 0.785065
12914.1 0.785694
12914.4 0.786323
12914.8 0.786952
12915.2 0.787581
12915.5 0.78821
12915.9 0.78884
12916.3 0.789469
12916.6 0.790099
12917 0.790729
12917.4 0.791359
12917.7 0.791989
12918.1 0.79262
12918.5 0.79325
12918.8 0.793881
12919.2 0.794511
12919.6 0.795142
12919.9 0.795773
12920.3 0.796404
12920.7 0.797036
12921 0.797667
12921.4 0.798299
12921.8 0.79893
12922.1 0.799562
12922.5 0.800194
12922.9 0.800826
12923.2 0.801458
12923.6 0.80209
12923.9 0.802723
12924.3 0.803356
12924.7 0.803988
12925 0.804621
12925.4 0.805254
12925.8 0.805887
12926.1 0.806521
12926.5 0.807154
12926.9 0.807788
12927.2 0.808421
12927.6 0.809055
12928 0.809689
12928.3 0.810323
12928.7 0.810957
12929.1 0.811591
12929.4 0.812226
12929.8 0.81286
12930.2 0.813495
12930.5 0.81413
12930.9 0.814765
12931.3 0.8154
12931.6 0.816036
12932 0.816671
12932.4 0.817307
12932.7 0.817943
12933.1 0.818579
12933.5 0.819214
12933.8 0.81985
12934.2 0.820487
12934.6 0.821123
12934.9 0.82176
12935.3 0.822396
12935.7 0.823033
12936 0.82367
12936.4 0.824307
12936.8 0.824944
12937.1 0.825582
12937.5 0.826219
12937.9 0.826857
12938.2 0.827495
12938.6 0.828133
12939 0.828771
12939.3 0.829409
12939.7 0.830047
12940.1 0.830685
12940.4 0.831324
12940.8 0.831963
12941.2 0.832602
12941.5 0.833241
12941.9 0.83388
12942.3 0.834519
12942.6 0.835158
12943 0.835798
12943.4 0.836438
12943.7 0.837078
12944.1 0.837718
12944.5 0.838358
12944.8 0.838998
12945.2 0.839638
12945.6 0.840279
12945.9 0.84092
12946.3 0.841561
12946.7 0.842202
12947 0.842843
12947.4 0.843484
12947.8 0.844125
12948.1 0.844767
12948.5 0.845408
12948.9 0.84605
12949.2 0.846692
12949.6 0.847334
12950 0.847976
12950.3 0.848619
12950.7 0.849261
12951 0.849904
12951.4 0.850547
12951.8 0.851189
12952.1 0.851832
12952.5 0.852476
12952.9 0.853119
12953.2 0.853763
12953.6 0.854406
12954 0.85505
12954.3 0.855694
12954.7 0.856337
12955.1 0.856982
12955.4 0.857626
12955.8 0.85827
12956.2 0.858915
12956.5 0.85956
12956.9 0.860205
12957.3 0.86085
12957.6 0.861495
12958 0.86214
12958.4 0.862786
12958.7 0.863431
12959.1 0.864077
12959.5 0.864723
12959.8 0.865369
12960.2 0.866015
12960.6 0.866661
12960.9 0.867308
12961.3 0.867954
12961.7 0.868601
12962 0.869248
12962.4 0.869895
12962.8 0.870542
12963.1 0.871189
12963.5 0.871837
12963.9 0.872484
12964.2 0.873132
12964.6 0.87378
12965 0.874428
12965.3 0.875076
12965.7 0.875724
12966.1 0.876372
12966.4 0.877021
12966.8 0.87767
12967.2 0.878319
12967.5 0.878968
12967.9 0.879617
12968.3 0.880266
12968.6 0.880916
12969 0.881565
12969.4 0.882214
12969.7 0.882865
12970.1 0.883514
12970.5 0.884165
12970.8 0.884815
12971.2 0.885465
12971.6 0.886116
12971.9 0.886767
12972.3 0.887418
12972.7 0.888069
12973 0.88872
12973.4 0.889371
12973.8 0.890023
12974.1 0.890674
12974.5 0.891326
12974.9 0.891977
12975.2 0.892629
12975.6 0.893282
12976 0.893934
12976.3 0.894586
12976.7 0.895239
12977 0.895892
12977.4 0.896545
12977.8 0.897198
12978.1 0.897851
12978.5 0.898504
12978.9 0.899158
12979.2 0.899812
12979.6 0.900465
12980 0.901119
12980.3 0.901773
12980.7 0.902427
12981.1 0.903082
12981.4 0.903736
12981.8 0.904391
12982.2 0.905045
12982.5 0.9057
12982.9 0.906356
12983.3 0.907011
12983.6 0.907666
12984 0.908322
12984.4 0.908977
12984.7 0.909633
12985.1 0.910289
12985.5 0.910945
12985.8 0.911601
12986.2 0.912257
12986.6 0.912914
12986.9 0.913571
12987.3 0.914227
12987.7 0.914884
12988 0.915542
12988.4 0.916199
12988.8 0.916856
12989.1 0.917514
12989.5 0.918171
12989.9 0.918829
12990.2 0.919487
12990.6 0.920145
12991 0.920804
12991.3 0.921462
12991.7 0.92212
12992.1 0.922779
12992.4 0.923438
12992.8 0.924097
12993.2 0.924756
12993.5 0.925416
12993.9 0.926075
12994.3 0.926734
12994.6 0.927394
12995 0.928054
12995.4 0.928714
12995.7 0.929374
12996.1 0.930035
12996.5 0.930695
12996.8 0.931356
12997.2 0.932017
12997.6 0.932677
12997.9 0.933338
12998.3 0.934
12998.7 0.934661
12999 0.935323
12999.4 0.935984
12999.8 0.936646
13000.1 0.937308
13000.5 0.93797
13000.9 0.938632
13001.2 0.939295
13001.6 0.939957
13002 0.94062
13002.3 0.941283
13002.7 0.941946
13003.1 0.942609
13003.4 0.943272
13003.8 0.943936
13004.1 0.944599
13004.5 0.945263
13004.9 0.945927
13005.2 0.946591
13005.6 0.947255
13006 0.94792
13006.3 0.948584
13006.7 0.949249
13007.1 0.949914
13007.4 0.950579
13007.8 0.951244
13008.2 0.951909
13008.5 0.952574
13008.9 0.95324
13009.3 0.953906
13009.6 0.954571
13010 0.955238
13010.4 0.955904
13010.7 0.95657
13011.1 0.957236
13011.5 0.957903
13011.8 0.95857
13012.2 0.959236
13012.6 0.959904
13012.9 0.960571
13013.3 0.961238
13013.7 0.961906
13014 0.962574
13014.4 0.963241
13014.8 0.963909
13015.1 0.964577
13015.5 0.965245
13015.9 0.965913
13016.2 0.966582
13016.6 0.967251
13017 0.96792
13017.3 0.968589
13017.7 0.969258
13018.1 0.969927
13018.4 0.970597
13018.8 0.971266
13019.2 0.971936
13019.5 0.972606
13019.9 0.973276
13020.3 0.973946
13020.6 0.974617
13021 0.975287
13021.4 0.975958
13021.7 0.976628
13022.1 0.9773
13022.5 0.977971
13022.8 0.978642
13023.2 0.979313
13023.6 0.979985
13023.9 0.980657
13024.3 0.981329
13024.7 0.982
13025 0.982673
13025.4 0.983345
13025.8 0.984017
13026.1 0.98469
13026.5 0.985363
13026.9 0.986036
13027.2 0.986709
13027.6 0.987382
13028 0.988056
13028.3 0.988729
13028.7 0.989403
13029.1 0.990077
13029.4 0.990751
13029.8 0.991425
13030.2 0.992099
13030.5 0.992774
13030.9 0.993448
13031.2 0.994123
13031.6 0.994798
13032 0.995473
13032.3 0.996148
13032.7 0.996824
13033.1 0.9975
13033.4 0.998175
13033.8 0.998851
13034.2 0.999527
13034.5 1.0002
13034.9 1.00088
13035.3 1.00156
13035.6 1.00223
13036 1.00291
13036.4 1.00359
13036.7 1.00426
13037.1 1.00494
13037.5 1.00562
13037.8 1.0063
13038.2 1.00697
13038.6 1.00765
13038.9 1.00833
13039.3 1.00901
13039.7 1.00969
13040 1.01036
13040.4 1.01104
13040.8 1.01172
13041.1 1.0124
13041.5 1.01308
13041.9 1.01376
13042.2 1.01444
13042.6 1.01512
13043 1.0158
13043.3 1.01648
13043.7 1.01716
13044.1 1.01784
13044.4 1.01852
13044.8 1.0192
13045.2 1.01988
13045.5 1.02056
13045.9 1.02124
13046.3 1.02192
13046.6 1.0226
13047 1.02329
13047.4 1.02397
13047.7 1.02465
13048.1 1.02533
13048.5 1.02601
13048.8 1.02669
13049.2 1.02738
13049.6 1.02806
13049.9 1.02874
13050.3 1.02942
13050.7 1.03011
13051 1.03079
13051.4 1.03147
13051.8 1.03216
13052.1 1.03284
13052.5 1.03353
13052.9 1.03421
13053.2 1.03489
13053.6 1.03558
13054 1.03626
13054.3 1.03695
13054.7 1.03763
13055.1 1.03832
13055.4 1.039
13055.8 1.03969
13056.2 1.04037
13056.5 1.04106
13056.9 1.04174
13057.3 1.04243
13057.6 1.04311
13058 1.0438
13058.3 1.04449
13058.7 1.04517
13059.1 1.04586
13059.4 1.04655
13059.8 1.04723
13060.2 1.04792
13060.5 1.04861
13060.9 1.0493
13061.3 1.04998
13061.6 1.05067
13062 1.05136
13062.4 1.05205
13062.7 1.05273
13063.1 1.05342
13063.5 1.05411
13063.8 1.0548
13064.2 1.05549
13064.6 1.05618
13064.9 1.05687
13065.3 1.05756
13065.7 1.05825
13066 1.05894
13066.4 1.05962
13066.8 1.06031
13067.1 1.061
13067.5 1.0617
13067.9 1.06239
13068.2 1.06308
13068.6 1.06377
13069 1.06446
13069.3 1.06515
13069.7 1.06584
13070.1 1.06653
13070.4 1.06722
13070.8 1.06791
13071.2 1.06861
13071.5 1.0693
13071.9 1.06999
13072.3 1.07068
13072.6 1.07137
13073 1.07207
13073.4 1.07276
13073.7 1.07345
13074.1 1.07415
13074.5 1.07484
13074.8 1.07553
13075.2 1.07623
13075.6 1.07692
13075.9 1.07761
13076.3 1.07831
13076.7 1.079
13077 1.0797
13077.4 1.08039
13077.8 1.08109
13078.1 1.08178
13078.5 1.08248
13078.9 1.08317
13079.2 1.08387
13079.6 1.08456
13080 1.08526
13080.3 1.08595
13080.7 1.08665
13081.1 1.08734
13081.4 1.08804
13081.8 1.08874
13082.2 1.08943
13082.5 1.09013
13082.9 1.09083
13083.3 1.09152
13083.6 1.09222
13084 1.09292
13084.3 1.09362
13084.7 1.09431
13085.1 1.09501
13085.4 1.09571
13085.8 1.09641
13086.2 1.09711
13086.5 1.09781
13086.9 1.0985
13087.3 1.0992
13087.6 1.0999
13088 1.1006
13088.4 1.1013
13088.7 1.102
13089.1 1.1027
13089.5 1.1034
13089.8 1.1041
13090.2 1.1048
13090.6 1.1055
13090.9 1.1062
13091.3 1.1069
13091.7 1.1076
13092 1.1083
13092.4 1.109
13092.8 1.10971
13093.1 1.11041
13093.5 1.11111
13093.9 1.11181
13094.2 1.11251
13094.6 1.11321
13095 1.11392
13095.3 1.11462
13095.7 1.11532
13096.1 1.11602
13096.4 1.11673
13096.8 1.11743
13097.2 1.11813
13097.5 1.11884
13097.9 1.11954
13098.3 1.12024
13098.6 1.12095
13099 1.12165
13099.4 1.12236
13099.7 1.12306
13100.1 1.12376
13100.5 1.12447
13100.8 1.12517
13101.2 1.12588
13101.6 1.12658
13101.9 1.12729
13102.3 1.12799
13102.7 1.1287
13103 1.12941
13103.4 1.13011
13103.8 1.13082
13104.1 1.13152
13104.5 1.13223
13104.9 1.13294
13105.2 1.13364
13105.6 1.13435
13106 1.13506
13106.3 1.13576
13106.7 1.13647
13107.1 1.13718
13107.4 1.13789
13107.8 1.1386
13108.2 1.1393
13108.5 1.14001
13108.9 1.14072
13109.3 1.14143
13109.6 1.14214
13110 1.14285
13110.4 1.14356
13110.7 1.14426
13111.1 1.14497
13111.4 1.14568
13111.8 1.14639
13112.2 1.1471
13112.5 1.14781
13112.9 1.14852
13113.3 1.14923
13113.6 1.14994
13114 1.15065
13114.4 1.15137
13114.7 1.15208
13115.1 1.15279
13115.5 1.1535
13115.8 1.15421
13116.2 1.15492
13116.6 1.15563
13116.9 1.15635
13117.3 1.15706
13117.7 1.15777
13118 1.15848
13118.4 1.1592
13118.8 1.15991
13119.1 1.16062
13119.5 1.16134
13119.9 1.16205
13120.2 1.16276
13120.6 1.16347
13121 1.16419
13121.3 1.1649
13121.7 1.16562
13122.1 1.16633
13122.4 1.16705
13122.8 1.16776
13123.2 1.16847
13123.5 1.16919
13123.9 1.16991
13124.3 1.17062
13124.6 1.17134
13125 1.17205
13125.4 1.17277
13125.7 1.17348
13126.1 1.1742
13126.5 1.17491
13126.8 1.17563
13127.2 1.17635
13127.6 1.17706
13127.9 1.17778
13128.3 1.1785
13128.7 1.17922
13129 1.17993
13129.4 1.18065
13129.8 1.18137
13130.1 1.18209
13130.5 1.1828
13130.9 1.18352
13131.2 1.18424
13131.6 1.18496
13132 1.18568
13132.3 1.1864
13132.7 1.18712
13133.1 1.18784
13133.4 1.18855
13133.8 1.18927
13134.2 1.18999
13134.5 1.19071
13134.9 1.19143
13135.3 1.19215
13135.6 1.19287
13136 1.1936
13136.4 1.19432
13136.7 1.19504
13137.1 1.19576
13137.5 1.19648
13137.8 1.1972
13138.2 1.19792
13138.5 1.19864
13138.9 1.19937
13139.3 1.20009
13139.6 1.20081
13140 1.20153
13140.4 1.20225
13140.7 1.20298
13141.1 1.2037
13141.5 1.20442
13141.8 1.20515
13142.2 1.20587
13142.6 1.20659
13142.9 1.20732
13143.3 1.20804
13143.7 1.20876
13144 1.20949
13144.4 1.21021
13144.8 1.21094
13145.1 1.21166
13145.5 1.21239
13145.9 1.21311
13146.2 1.21384
13146.6 1.21456
13147 1.21529
13147.3 1.21601
13147.7 1.21674
13148.1 1.21747
13148.4 1.21819
13148.8 1.21892
13149.2 1.21965
13149.5 1.22037
13149.9 1.2211
13150.3 1.22183
13150.6 1.22255
13151 1.22328
13151.4 1.22401
13151.7 1.22473
13152.1 1.22546
13152.5 1.22619
13152.8 1.22692
13153.2 1.22765
13153.6 1.22838
13153.9 1.2291
13154.3 1.22983
13154.7 1.23056
13155 1.23129
13155.4 1.23202
13155.8 1.23275
13156.1 1.23348
13156.5 1.23421
13156.9 1.23494
13157.2 1.23567
13157.6 1.2364
13158 1.23713
13158.3 1.23786
13158.7 1.23859
13159.1 1.23932
13159.4 1.24005
13159.8 1.24079
13160.2 1.24152
13160.5 1.24225
13160.9 1.24298
13161.3 1.24371
13161.6 1.24445
13162 1.24518
13162.4 1.24591
13162.7 1.24664
13163.1 1.24738
13163.5 1.24811
13163.8 1.24884
13164.2 1.24957
13164.5 1.25031
13164.9 1.25104
13165.3 1.25178
13165.6 1.25251
13166 1.25324
13166.4 1.25398
13166.7 1.25471
13167.1 1.25545
13167.5 1.25618
13167.8 1.25692
13168.2 1.25765
13168.6 1.25839
13168.9 1.25912
13169.3 1.25986
13169.7 1.26059
13170 1.26133
13170.4 1.26207
13170.8 1.2628
13171.1 1.26354
13171.5 1.26428
13171.9 1.26501
13172.2 1.26575
13172.6 1.26649
13173 1.26722
13173.3 1.26796
13173.7 1.2687
13174.1 1.26944
13174.4 1.27018
13174.8 1.27091
13175.2 1.27165
13175.5 1.27239
13175.9 1.27313
13176.3 1.27387
13176.6 1.27461
13177 1.27535
13177.4 1.27609
13177.7 1.27683
13178.1 1.27757
13178.5 1.2783
13178.8 1.27904
13179.2 1.27979
13179.6 1.28053
13179.9 1.28127
13180.3 1.28201
13180.7 1.28275
13181 1.28349
13181.4 1.28423
13181.8 1.28497
13182.1 1.28571
13182.5 1.28645
13182.9 1.2872
13183.2 1.28794
13183.6 1.28868
13184 1.28942
13184.3 1.29017
13184.7 1.29091
13185.1 1.29165
13185.4 1.29239
13185.8 1.29314
13186.2 1.29388
13186.5 1.29462
13186.9 1.29537
13187.3 1.29611
13187.6 1.29686
13188 1.2976
13188.4 1.29834
13188.7 1.29909
13189.1 1.29983
13189.5 1.30058
13189.8 1.30132
13190.2 1.30207
13190.6 1.30281
13190.9 1.30356
13191.3 1.30431
13191.6 1.30505
13192 1.3058
13192.4 1.30654
13192.7 1.30729
13193.1 1.30804
13193.5 1.30878
13193.8 1.30953
13194.2 1.31028
13194.6 1.31103
13194.9 1.31177
13195.3 1.31252
13195.7 1.31327
13196 1.31402
13196.4 1.31476
13196.8 1.31551
13197.1 1.31626
13197.5 1.31701
13197.9 1.31776
13198.2 1.31851
13198.6 1.31926
13199 1.32
13199.3 1.32075
13199.7 1.3215
13200.1 1.32225
13200.4 1.323
13200.8 1.32375
13201.2 1.3245
13201.5 1.32525
13201.9 1.32601
13202.3 1.32676
13202.6 1.32751
13203 1.32826
13203.4 1.32901
13203.7 1.32976
13204.1 1.33051
13204.5 1.33126
13204.8 1.33202
13205.2 1.33277
13205.6 1.33352
13205.9 1.33427
13206.3 1.33503
13206.7 1.33578
13207 1.33653
13207.4 1.33728
13207.8 1.33804
13208.1 1.33879
13208.5 1.33955
13208.9 1.3403
13209.2 1.34105
13209.6 1.34181
13210 1.34256
13210.3 1.34332
13210.7 1.34407
13211.1 1.34483
13211.4 1.34558
13211.8 1.34634
13212.2 1.34709
13212.5 1.34785
13212.9 1.3486
13213.3 1.34936
13213.6 1.35011
13214 1.35087
13214.4 1.35163
13214.7 1.35238
13215.1 1.35314
13215.5 1.3539
13215.8 1.35465
13216.2 1.35541
13216.6 1.35617
13216.9 1.35692
13217.3 1.35768
13217.7 1.35844
13218 1.3592
13218.4 1.35996
13218.7 1.36071
13219.1 1.36147
13219.5 1.36223
13219.8 1.36299
13220.2 1.36375
13220.6 1.36451
13220.9 1.36527
13221.3 1.36603
13221.7 1.36679
13222 1.36755
13222.4 1.36831
13222.8 1.36907
13223.1 1.36983
13223.5 1.37059
13223.9 1.37135
13224.2 1.37211
13224.6 1.37287
13225 1.37363
13225.3 1.37439
13225.7 1.37516
13226.1 1.37592
13226.4 1.37668
13226.8 1.37744
13227.2 1.3782
13227.5 1.37897
13227.9 1.37973
13228.3 1.38049
13228.6 1.38125
13229 1.38202
13229.4 1.38278
13229.7 1.38354
13230.1 1.38431
13230.5 1.38507
13230.8 1.38583
13231.2 1.3866
13231.6 1.38736
13231.9 1.38813
13232.3 1.38889
13232.7 1.38966
13233 1.39042
13233.4 1.39119
13233.8 1.39195
13234.1 1.39272
13234.5 1.39348
13234.9 1.39425
13235.2 1.39501
13235.6 1.39578
13236 1.39655
13236.3 1.39731
13236.7 1.39808
13237.1 1.39885
13237.4 1.39961
13237.8 1.40038
13238.2 1.40115
13238.5 1.40191
13238.9 1.40268
13239.3 1.40345
13239.6 1.40422
13240 1.40499
13240.4 1.40575
13240.7 1.40652
13241.1 1.40729
13241.5 1.40806
13241.8 1.40883
13242.2 1.4096
13242.6 1.41037
13242.9 1.41114
13243.3 1.41191
13243.7 1.41268
13244 1.41344
13244.4 1.41421
13244.8 1.41499
13245.1 1.41576
13245.5 1.41653
13245.8 1.4173
13246.2 1.41807
13246.6 1.41884
13246.9 1.41961
13247.3 1.42038
13247.7 1.42115
13248 1.42192
13248.4 1.4227
13248.8 1.42347
13249.1 1.42424
13249.5 1.42501
13249.9 1.42579
13250.2 1.42656
13250.6 1.42733
13251 1.4281
13251.3 1.42888
13251.7 1.42965
13252.1 1.43042
13252.4 1.4312
13252.8 1.43197
13253.2 1.43275
13253.5 1.43352
13253.9 1.4343
13254.3 1.43507
13254.6 1.43584
13255 1.43662
13255.4 1.43739
13255.7 1.43817
13256.1 1.43895
13256.5 1.43972
13256.8 1.4405
13257.2 1.44127
13257.6 1.44205
13257.9 1.44282
13258.3 1.4436
13258.7 1.44438
13259 1.44515
13259.4 1.44593
13259.8 1.44671
13260.1 1.44749
13260.5 1.44826
13260.9 1.44904
13261.2 1.44982
13261.6 1.4506
13262 1.45137
13262.3 1.45215
13262.7 1.45293
13263.1 1.45371
13263.4 1.45449
13263.8 1.45527
13264.2 1.45605
13264.5 1.45683
13264.9 1.45761
13265.3 1.45838
13265.6 1.45916
13266 1.45994
13266.4 1.46072
13266.7 1.4615
13267.1 1.46228
13267.5 1.46307
13267.8 1.46385
13268.2 1.46463
13268.6 1.46541
13268.9 1.46619
13269.3 1.46697
13269.7 1.46775
13270 1.46853
13270.4 1.46932
13270.8 1.4701
13271.1 1.47088
13271.5 1.47166
13271.8 1.47244
13272.2 1.47323
13272.6 1.47401
13272.9 1.47479
13273.3 1.47558
13273.7 1.47636
13274 1.47714
13274.4 1.47793
13274.8 1.47871
13275.1 1.4795
13275.5 1.48028
13275.9 1.48106
13276.2 1.48185
13276.6 1.48263
13277 1.48342
13277.3 1.4842
13277.7 1.48499
13278.1 1.48577
13278.4 1.48656
13278.8 1.48734
13279.2 1.48813
13279.5 1.48892
13279.9 1.4897
13280.3 1.49049
13280.6 1.49128
13281 1.49206
13281.4 1.49285
13281.7 1.49364
13282.1 1.49442
13282.5 1.49521
13282.8 1.496
13283.2 1.49678
13283.6 1.49757
13283.9 1.49836
13284.3 1.49915
13284.7 1.49994
13285 1.50073
13285.4 1.50151
13285.8 1.5023
13286.1 1.50309
13286.5 1.50388
13286.9 1.50467
13287.2 1.50546
13287.6 1.50625
13288 1.50704
13288.3 1.50783
13288.7 1.50862
13289.1 1.50941
13289.4 1.5102
13289.8 1.51099
13290.2 1.51178
13290.5 1.51257
13290.9 1.51336
13291.3 1.51416
13291.6 1.51495
13292 1.51574
13292.4 1.51653
13292.7 1.51732
13293.1 1.51811
13293.5 1.51891
13293.8 1.5197
13294.2 1.52049
13294.6 1.52128
13294.9 1.52208
13295.3 1.52287
13295.7 1.52366
13296 1.52446
13296.4 1.52525
13296.8 1.52604
13297.1 1.52684
13297.5 1.52763
13297.9 1.52843
13298.2 1.52922
13298.6 1.53001
13298.9 1.53081
13299.3 1.5316
13299.7 1.5324
13300 1.53319
13300.4 1.53399
13300.8 1.53478
13301.1 1.53558
13301.5 1.53638
13301.9 1.53717
13302.2 1.53797
13302.6 1.53876
13303 1.53956
13303.3 1.54036
13303.7 1.54115
13304.1 1.54195
13304.4 1.54275
13304.8 1.54355
13305.2 1.54434
13305.5 1.54514
13305.9 1.54594
13306.3 1.54674
13306.6 1.54753
13307 1.54833
13307.4 1.54913
13307.7 1.54993
13308.1 1.55073
13308.5 1.55153
13308.8 1.55233
13309.2 1.55312
13309.6 1.55392
13309.9 1.55472
13310.3 1.55552
13310.7 1.55632
13311 1.55712
13311.4 1.55792
13311.8 1.55872
13312.1 1.55952
13312.5 1.56032
13312.9 1.56113
13313.2 1.56193
13313.6 1.56273
13314 1.56353
13314.3 1.56433
13314.7 1.56513
13315.1 1.56593
13315.4 1.56674
13315.8 1.56754
13316.2 1.56834
13316.5 1.56914
13316.9 1.56994
13317.3 1.57075
13317.6 1.57155
13318 1.57235
13318.4 1.57316
13318.7 1.57396
13319.1 1.57476
13319.5 1.57557
13319.8 1.57637
13320.2 1.57717
13320.6 1.57798
13320.9 1.57878
13321.3 1.57959
13321.7 1.58039
13322 1.5812
13322.4 1.582
13322.8 1.58281
13323.1 1.58361
13323.5 1.58442
13323.9 1.58522
13324.2 1.58603
13324.6 1.58683
13325 1.58764
13325.3 1.58845
13325.7 1.58925
13326 1.59006
13326.4 1.59087
13326.8 1.59167
13327.1 1.59248
13327.5 1.59329
13327.9 1.59409
13328.2 1.5949
13328.6 1.59571
13329 1.59652
13329.3 1.59732
13329.7 1.59813
13330.1 1.59894
13330.4 1.59975
13330.8 1.60056
13331.2 1.60137
13331.5 1.60218
13331.9 1.60298
13332.3 1.60379
13332.6 1.6046
13333 1.60541
13333.4 1.60622
13333.7 1.60703
13334.1 1.60784
13334.5 1.60865
13334.8 1.60946
13335.2 1.61027
13335.6 1.61108
13335.9 1.61189
13336.3 1.61271
13336.7 1.61352
13337 1.61433
13337.4 1.61514
13337.8 1.61595
13338.1 1.61676
13338.5 1.61757
13338.9 1.61839
13339.2 1.6192
13339.6 1.62001
13340 1.62082
13340.3 1.62164
13340.7 1.62245
13341.1 1.62326
13341.4 1.62407
13341.8 1.62489
13342.2 1.6257
13342.5 1.62652
13342.9 1.62733
13343.3 1.62814
13343.6 1.62896
13344 1.62977
13344.4 1.63059
13344.7 1.6314
13345.1 1.63221
13345.5 1.63303
13345.8 1.63384
13346.2 1.63466
13346.6 1.63547
13346.9 1.63629
13347.3 1.6371
13347.7 1.63792
13348 1.63874
13348.4 1.63955
13348.8 1.64037
13349.1 1.64118
13349.5 1.642
13349.9 1.64282
13350.2 1.64363
13350.6 1.64445
13351 1.64527
13351.3 1.64609
13351.7 1.6469
13352 1.64772
13352.4 1.64854
13352.8 1.64936
13353.1 1.65017
13353.5 1.65099
13353.9 1.65181
13354.2 1.65263
13354.6 1.65345
13355 1.65427
13355.3 1.65509
13355.7 1.65591
13356.1 1.65672
13356.4 1.65754
13356.8 1.65836
13357.2 1.65918
13357.5 1.66
13357.9 1.66082
13358.3 1.66164
13358.6 1.66246
13359 1.66328
13359.4 1.6641
13359.7 1.66492
13360.1 1.66575
13360.5 1.66657
13360.8 1.66739
13361.2 1.66821
13361.6 1.66903
13361.9 1.66985
13362.3 1.67067
13362.7 1.6715
13363 1.67232
13363.4 1.67314
13363.8 1.67396
13364.1 1.67478
13364.5 1.67561
13364.9 1.67643
13365.2 1.67725
13365.6 1.67808
13366 1.6789
13366.3 1.67972
13366.7 1.68055
13367.1 1.68137
13367.4 1.68219
13367.8 1.68302
13368.2 1.68384
13368.5 1.68467
13368.9 1.68549
13369.3 1.68632
13369.6 1.68714
13370 1.68797
13370.4 1.68879
13370.7 1.68962
13371.1 1.69044
13371.5 1.69127
13371.8 1.69209
13372.2 1.69292
13372.6 1.69374
13372.9 1.69457
13373.3 1.6954
13373.7 1.69622
13374 1.69705
13374.4 1.69788
13374.8 1.6987
13375.1 1.69953
13375.5 1.70036
13375.9 1.70118
13376.2 1.70201
13376.6 1.70284
13377 1.70367
13377.3 1.70449
13377.7 1.70532
13378.1 1.70615
13378.4 1.70698
13378.8 1.70781
13379.1 1.70864
13379.5 1.70946
13379.9 1.71029
13380.2 1.71112
13380.6 1.71195
13381 1.71278
13381.3 1.71361
13381.7 1.71444
13382.1 1.71527
13382.4 1.7161
13382.8 1.71693
13383.2 1.71776
13383.5 1.71859
13383.9 1.71942
13384.3 1.72025
13384.6 1.72108
13385 1.72191
13385.4 1.72274
13385.7 1.72357
13386.1 1.72441
13386.5 1.72524
13386.8 1.72607
13387.2 1.7269
13387.6 1.72773
13387.9 1.72856
13388.3 1.7294
13388.7 1.73023
13389 1.73106
13389.4 1.73189
13389.8 1.73273
13390.1 1.73356
13390.5 1.73439
13390.9 1.73523
13391.2 1.73606
13391.6 1.73689
13392 1.73773
13392.3 1.73856
13392.7 1.73939
13393.1 1.74023
13393.4 1.74106
13393.8 1.7419
13394.2 1.74273
13394.5 1.74356
13394.9 1.7444
13395.3 1.74523
13395.6 1.74607
13396 1.7469
13396.4 1.74774
13396.7 1.74857
13397.1 1.74941
13397.5 1.75025
13397.8 1.75108
13398.2 1.75192
13398.6 1.75275
13398.9 1.75359
13399.3 1.75443
13399.7 1.75526
13400 1.7561
13400.4 1.75694
13400.8 1.75777
13401.1 1.75861
13401.5 1.75945
13401.9 1.76028
13402.2 1.76112
13402.6 1.76196
13403 1.7628
13403.3 1.76364
13403.7 1.76447
13404.1 1.76531
13404.4 1.76615
13404.8 1.76699
13405.2 1.76783
13405.5 1.76867
13405.9 1.7695
13406.2 1.77034
13406.6 1.77118
13407 1.77202
13407.3 1.77286
13407.7 1.7737
13408.1 1.77454
13408.4 1.77538
13408.8 1.77622
13409.2 1.77706
13409.5 1.7779
13409.9 1.77874
13410.3 1.77958
13410.6 1.78042
13411 1.78126
13411.4 1.7821
13411.7 1.78294
13412.1 1.78379
13412.5 1.78463
13412.8 1.78547
13413.2 1.78631
13413.6 1.78715
13413.9 1.78799
13414.3 1.78884
13414.7 1.78968
13415 1.79052
13415.4 1.79136
13415.8 1.7922
13416.1 1.79305
13416.5 1.79389
13416.9 1.79473
13417.2 1.79558
13417.6 1.79642
13418 1.79726
13418.3 1.79811
13418.7 1.79895
13419.1 1.79979
13419.4 1.80064
13419.8 1.80148
13420.2 1.80232
13420.5 1.80317
13420.9 1.80401
13421.3 1.80486
13421.6 1.8057
13422 1.80655
13422.4 1.80739
13422.7 1.80824
13423.1 1.80908
13423.5 1.80993
13423.8 1.81077
13424.2 1.81162
13424.6 1.81246
13424.9 1.81331
13425.3 1.81416
13425.7 1.815
13426 1.81585
13426.4 1.81669
13426.8 1.81754
13427.1 1.81839
13427.5 1.81923
13427.9 1.82008
13428.2 1.82093
13428.6 1.82177
13429 1.82262
13429.3 1.82347
13429.7 1.82432
13430.1 1.82516
13430.4 1.82601
13430.8 1.82686
13431.2 1.82771
13431.5 1.82856
13431.9 1.8294
13432.3 1.83025
13432.6 1.8311
13433 1.83195
13433.3 1.8328
13433.7 1.83365
13434.1 1.8345
13434.4 1.83534
13434.8 1.83619
13435.2 1.83704
13435.5 1.83789
13435.9 1.83874
13436.3 1.83959
13436.6 1.84044
13437 1.84129
13437.4 1.84214
13437.7 1.84299
13438.1 1.84384
13438.5 1.84469
13438.8 1.84554
13439.2 1.84639
13439.6 1.84724
13439.9 1.8481
13440.3 1.84895
13440.7 1.8498
13441 1.85065
13441.4 1.8515
13441.8 1.85235
13442.1 1.8532
13442.5 1.85406
13442.9 1.85491
13443.2 1.85576
13443.6 1.85661
13444 1.85746
13444.3 1.85832
13444.7 1.85917
13445.1 1.86002
13445.4 1.86087
13445.8 1.86173
13446.2 1.86258
13446.5 1.86343
13446.9 1.86429
13447.3 1.86514
13447.6 1.86599
13448 1.86685
13448.4 1.8677
13448.7 1.86855
13449.1 1.86941
13449.5 1.87026
13449.8 1.87112
13450.2 1.87197
13450.6 1.87283
13450.9 1.87368
13451.3 1.87453
13451.7 1.87539
13452 1.87624
13452.4 1.8771
13452.8 1.87795
13453.1 1.87881
13453.5 1.87967
13453.9 1.88052
13454.2 1.88138
13454.6 1.88223
13455 1.88309
13455.3 1.88394
13455.7 1.8848
13456.1 1.88566
13456.4 1.88651
13456.8 1.88737
13457.2 1.88822
13457.5 1.88908
13457.9 1.88994
13458.3 1.8908
13458.6 1.89165
13459 1.89251
13459.3 1.89337
13459.7 1.89422
13460.1 1.89508
13460.4 1.89594
13460.8 1.8968
13461.2 1.89765
13461.5 1.89851
13461.9 1.89937
13462.3 1.90023
13462.6 1.90109
13463 1.90195
13463.4 1.9028
13463.7 1.90366
13464.1 1.90452
13464.5 1.90538
13464.8 1.90624
13465.2 1.9071
13465.6 1.90796
13465.9 1.90882
13466.3 1.90968
13466.7 1.91054
13467 1.91139
13467.4 1.91225
13467.8 1.91311
13468.1 1.91397
13468.5 1.91483
13468.9 1.91569
13469.2 1.91655
13469.6 1.91742
13470 1.91828
13470.3 1.91914
13470.7 1.92
13471.1 1.92086
13471.4 1.92172
13471.8 1.92258
13472.2 1.92344
13472.5 1.9243
13472.9 1.92516
13473.3 1.92602
13473.6 1.92689
13474 1.92775
13474.4 1.92861
13474.7 1.92947
13475.1 1.93033
13475.5 1.93119
13475.8 1.93206
13476.2 1.93292
13476.6 1.93378
13476.9 1.93464
13477.3 1.93551
13477.7 1.93637
13478 1.93723
13478.4 1.93809
13478.8 1.93896
13479.1 1.93982
13479.5 1.94068
13479.9 1.94155
13480.2 1.94241
13480.6 1.94327
13481 1.94414
13481.3 1.945
13481.7 1.94587
13482.1 1.94673
13482.4 1.94759
13482.8 1.94846
13483.2 1.94932
13483.5 1.95019
13483.9 1.95105
13484.3 1.95192
13484.6 1.95278
13485 1.95364
13485.4 1.95451
13485.7 1.95537
13486.1 1.95624
13486.4 1.95711
13486.8 1.95797
13487.2 1.95884
13487.5 1.9597
13487.9 1.96057
13488.3 1.96143
13488.6 1.9623
13489 1.96316
13489.4 1.96403
13489.7 1.9649
13490.1 1.96576
13490.5 1.96663
13490.8 1.96749
13491.2 1.96836
13491.6 1.96923
13491.9 1.97009
13492.3 1.97096
13492.7 1.97183
13493 1.97269
13493.4 1.97356
13493.8 1.97443
13494.1 1.97529
13494.5 1.97616
13494.9 1.97703
13495.2 1.9779
13495.6 1.97876
13496 1.97963
13496.3 1.9805
13496.7 1.98137
13497.1 1.98224
13497.4 1.9831
13497.8 1.98397
13498.2 1.98484
13498.5 1.98571
13498.9 1.98658
13499.3 1.98745
13499.6 1.98831
13500 1.98918
13500.4 1.99005
13500.7 1.99092
13501.1 1.99179
13501.5 1.99266
13501.8 1.99353
13502.2 1.9944
13502.6 1.99527
13502.9 1.99613
13503.3 1.997
13503.7 1.99787
13504 1.99874
13504.4 1.99961
13504.8 2.00048
13505.1 2.00135
13505.5 2.00222
13505.9 2.00309
13506.2 2.00396
13506.6 2.00483
13507 2.0057
13507.3 2.00657
13507.7 2.00744
13508.1 2.00831
13508.4 2.00919
13508.8 2.01006
13509.2 2.01093
13509.5 2.0118
13509.9 2.01267
13510.3 2.01354
13510.6 2.01441
13511 2.01528
13511.4 2.01615
13511.7 2.01703
13512.1 2.0179
13512.5 2.01877
13512.8 2.01964
13513.2 2.02051
13513.5 2.02138
13513.9 2.02226
13514.3 2.02313
13514.6 2.024
13515 2.02487
13515.4 2.02574
13515.7 2.02662
13516.1 2.02749
13516.5 2.02836
13516.8 2.02923
13517.2 2.03011
13517.6 2.03098
13517.9 2.03185
13518.3 2.03273
13518.7 2.0336
13519 2.03447
13519.4 2.03535
13519.8 2.03622
13520.1 2.03709
13520.5 2.03797
13520.9 2.03884
13521.2 2.03971
13521.6 2.04059
13522 2.04146
13522.3 2.04233
13522.7 2.04321
13523.1 2.04408
13523.4 2.04496
13523.8 2.04583
13524.2 2.0467
13524.5 2.04758
13524.9 2.04845
13525.3 2.04933
13525.6 2.0502
13526 2.05108
13526.4 2.05195
13526.7 2.05283
13527.1 2.0537
13527.5 2.05457
13527.8 2.05545
13528.2 2.05632
13528.6 2.0572
13528.9 2.05807
13529.3 2.05895
13529.7 2.05983
13530 2.0607
13530.4 2.06158
13530.8 2.06245
13531.1 2.06333
13531.5 2.0642
13531.9 2.06508
13532.2 2.06595
13532.6 2.06683
13533 2.06771
13533.3 2.06858
13533.7 2.06946
13534.1 2.07034
13534.4 2.07121
13534.8 2.07209
13535.2 2.07296
13535.5 2.07384
13535.9 2.07472
13536.3 2.07559
13536.6 2.07647
13537 2.07735
13537.4 2.07822
13537.7 2.0791
13538.1 2.07998
13538.5 2.08085
13538.8 2.08173
13539.2 2.08261
13539.5 2.08348
13539.9 2.08436
13540.3 2.08524
13540.6 2.08612
13541 2.08699
13541.4 2.08787
13541.7 2.08875
13542.1 2.08963
13542.5 2.0905
13542.8 2.09138
13543.2 2.09226
13543.6 2.09314
13543.9 2.09402
13544.3 2.09489
13544.7 2.09577
13545 2.09665
13545.4 2.09753
13545.8 2.09841
13546.1 2.09928
13546.5 2.10016
13546.9 2.10104
13547.2 2.10192
13547.6 2.1028
13548 2.10368
13548.3 2.10455
13548.7 2.10543
13549.1 2.10631
13549.4 2.10719
13549.8 2.10807
13550.2 2.10895
13550.5 2.10983
13550.9 2.11071
13551.3 2.11159
13551.6 2.11246
13552 2.11334
13552.4 2.11422
13552.7 2.1151
13553.1 2.11598
13553.5 2.11686
13553.8 2.11774
13554.2 2.11862
13554.6 2.1195
13554.9 2.12038
13555.3 2.12126
13555.7 2.12214
13556 2.12302
13556.4 2.1239
13556.8 2.12478
13557.1 2.12566
13557.5 2.12654
13557.9 2.12742
13558.2 2.1283
13558.6 2.12918
13559 2.13006
13559.3 2.13094
13559.7 2.13182
13560.1 2.1327
13560.4 2.13358
13560.8 2.13446
13561.2 2.13534
13561.5 2.13622
13561.9 2.1371
13562.3 2.13798
13562.6 2.13886
13563 2.13974
13563.4 2.14063
13563.7 2.14151
13564.1 2.14239
13564.5 2.14327
13564.8 2.14415
13565.2 2.14503
13565.6 2.14591
13565.9 2.14679
13566.3 2.14767
13566.6 2.14855
13567 2.14943
13567.4 2.15032
13567.7 2.1512
13568.1 2.15208
13568.5 2.15296
13568.8 2.15384
13569.2 2.15472
13569.6 2.1556
13569.9 2.15649
13570.3 2.15737
13570.7 2.15825
13571 2.15913
13571.4 2.16001
13571.8 2.16089
13572.1 2.16178
13572.5 2.16266
13572.9 2.16354
13573.2 2.16442
13573.6 2.1653
13574 2.16619
13574.3 2.16707
13574.7 2.16795
13575.1 2.16883
13575.4 2.16971
13575.8 2.1706
13576.2 2.17148
13576.5 2.17236
13576.9 2.17324
13577.3 2.17412
13577.6 2.17501
13578 2.17589
13578.4 2.17677
13578.7 2.17765
13579.1 2.17854
13579.5 2.17942
13579.8 2.1803
13580.2 2.18118
13580.6 2.18207
13580.9 2.18295
13581.3 2.18383
13581.7 2.18471
13582 2.1856
13582.4 2.18648
13582.8 2.18736
13583.1 2.18825
13583.5 2.18913
13583.9 2.19001
13584.2 2.19089
13584.6 2.19178
13585 2.19266
13585.3 2.19354
13585.7 2.19443
13586.1 2.19531
13586.4 2.19619
13586.8 2.19708
13587.2 2.19796
13587.5 2.19884
13587.9 2.19972
13588.3 2.20061
13588.6 2.20149
13589 2.20237
13589.4 2.20326
13589.7 2.20414
13590.1 2.20502
13590.5 2.20591
13590.8 2.20679
13591.2 2.20767
13591.6 2.20856
13591.9 2.20944
13592.3 2.21032
13592.7 2.21121
13593 2.21209
13593.4 2.21297
13593.7 2.21386
13594.1 2.21474
13594.5 2.21563
13594.8 2.21651
13595.2 2.21739
13595.6 2.21828
13595.9 2.21916
13596.3 2.22004
13596.7 2.22093
13597 2.22181
13597.4 2.22269
13597.8 2.22358
13598.1 2.22446
13598.5 2.22535
13598.9 2.22623
13599.2 2.22711
13599.6 2.228
13600 2.22888
13600.3 2.22976
13600.7 2.23065
13601.1 2.23153
13601.4 2.23242
13601.8 2.2333
13602.2 2.23418
13602.5 2.23507
13602.9 2.23595
13603.3 2.23684
13603.6 2.23772
13604 2.2386
13604.4 2.23949
13604.7 2.24037
13605.1 2.24126
13605.5 2.24214
13605.8 2.24302
13606.2 2.24391
13606.6 2.24479
13606.9 2.24568
13607.3 2.24656
13607.7 2.24744
13608 2.24833
13608.4 2.24921
13608.8 2.2501
13609.1 2.25098
13609.5 2.25186
13609.9 2.25275
13610.2 2.25363
13610.6 2.25452
13611 2.2554
13611.3 2.25628
13611.7 2.25717
13612.1 2.25805
13612.4 2.25894
13612.8 2.25982
13613.2 2.2607
13613.5 2.26159
13613.9 2.26247
13614.3 2.26336
13614.6 2.26424
13615 2.26512
13615.4 2.26601
13615.7 2.26689
13616.1 2.26778
13616.5 2.26866
13616.8 2.26955
13617.2 2.27043
13617.6 2.27131
13617.9 2.2722
13618.3 2.27308
13618.7 2.27397
13619 2.27485
13619.4 2.27573
13619.8 2.27662
13620.1 2.2775
13620.5 2.27839
13620.8 2.27927
13621.2 2.28015
13621.6 2.28104
13621.9 2.28192
13622.3 2.28281
13622.7 2.28369
13623 2.28457
13623.4 2.28546
13623.8 2.28634
13624.1 2.28723
13624.5 2.28811
13624.9 2.28899
13625.2 2.28988
13625.6 2.29076
13626 2.29165
13626.3 2.29253
13626.7 2.29341
13627.1 2.2943
13627.4 2.29518
13627.8 2.29606
13628.2 2.29695
13628.5 2.29783
13628.9 2.29872
13629.3 2.2996
13629.6 2.30048
13630 2.30137
13630.4 2.30225
13630.7 2.30314
13631.1 2.30402
13631.5 2.3049
13631.8 2.30579
13632.2 2.30667
13632.6 2.30755
13632.9 2.30844
13633.3 2.30932
13633.7 2.3102
13634 2.31109
13634.4 2.31197
13634.8 2.31286
13635.1 2.31374
13635.5 2.31462
13635.9 2.31551
13636.2 2.31639
13636.6 2.31727
13637 2.31816
13637.3 2.31904
13637.7 2.31992
13638.1 2.32081
13638.4 2.32169
13638.8 2.32257
13639.2 2.32346
13639.5 2.32434
13639.9 2.32522
13640.3 2.32611
13640.6 2.32699
13641 2.32787
13641.4 2.32876
13641.7 2.32964
13642.1 2.33052
13642.5 2.3314
13642.8 2.33229
13643.2 2.33317
13643.6 2.33405
13643.9 2.33494
13644.3 2.33582
13644.7 2.3367
13645 2.33759
13645.4 2.33847
13645.8 2.33935
13646.1 2.34023
13646.5 2.34112
13646.8 2.342
13647.2 2.34288
13647.6 2.34376
13647.9 2.34465
13648.3 2.34553
13648.7 2.34641
13649 2.34729
13649.4 2.34818
13649.8 2.34906
13650.1 2.34994
13650.5 2.35082
13650.9 2.35171
13651.2 2.35259
13651.6 2.35347
13652 2.35435
13652.3 2.35523
13652.7 2.35612
13653.1 2.357
13653.4 2.35788
13653.8 2.35876
13654.2 2.35964
13654.5 2.36053
13654.9 2.36141
13655.3 2.36229
13655.6 2.36317
13656 2.36405
13656.4 2.36493
13656.7 2.36582
13657.1 2.3667
13657.5 2.36758
13657.8 2.36846
13658.2 2.36934
13658.6 2.37022
13658.9 2.3711
13659.3 2.37199
13659.7 2.37287
13660 2.37375
13660.4 2.37463
13660.8 2.37551
13661.1 2.37639
13661.5 2.37727
13661.9 2.37815
13662.2 2.37903
13662.6 2.37992
13663 2.3808
13663.3 2.38168
13663.7 2.38256
13664.1 2.38344
13664.4 2.38432
13664.8 2.3852
13665.2 2.38608
13665.5 2.38696
13665.9 2.38784
13666.3 2.38872
13666.6 2.3896
13667 2.39048
13667.4 2.39136
13667.7 2.39224
13668.1 2.39312
13668.5 2.394
13668.8 2.39488
13669.2 2.39576
13669.6 2.39664
13669.9 2.39752
13670.3 2.3984
13670.7 2.39928
13671 2.40016
13671.4 2.40104
13671.8 2.40192
13672.1 2.4028
13672.5 2.40368
13672.9 2.40456
13673.2 2.40544
13673.6 2.40631
13673.9 2.40719
13674.3 2.40807
13674.7 2.40895
13675 2.40983
13675.4 2.41071
13675.8 2.41159
13676.1 2.41247
13676.5 2.41335
13676.9 2.41422
13677.2 2.4151
13677.6 2.41598
13678 2.41686
13678.3 2.41774
13678.7 2.41861
13679.1 2.41949
13679.4 2.42037
13679.8 2.42125
13680.2 2.42213
13680.5 2.423
13680.9 2.42388
13681.3 2.42476
13681.6 2.42564
13682 2.42652
13682.4 2.42739
13682.7 2.42827
13683.1 2.42915
13683.5 2.43002
13683.8 2.4309
13684.2 2.43178
13684.6 2.43266
13684.9 2.43353
13685.3 2.43441
13685.7 2.43529
13686 2.43616
13686.4 2.43704
13686.8 2.43792
13687.1 2.43879
13687.5 2.43967
13687.9 2.44054
13688.2 2.44142
13688.6 2.4423
13689 2.44317
13689.3 2.44405
13689.7 2.44492
13690.1 2.4458
13690.4 2.44668
13690.8 2.44755
13691.2 2.44843
13691.5 2.4493
13691.9 2.45018
13692.3 2.45105
13692.6 2.45193
13693 2.4528
13693.4 2.45368
13693.7 2.45455
13694.1 2.45543
13694.5 2.4563
13694.8 2.45718
13695.2 2.45805
13695.6 2.45893
13695.9 2.4598
13696.3 2.46067
13696.7 2.46155
13697 2.46242
13697.4 2.4633
13697.8 2.46417
13698.1 2.46504
13698.5 2.46592
13698.9 2.46679
13699.2 2.46766
13699.6 2.46854
13700 2.46941
13700.3 2.47028
13700.7 2.47116
13701 2.47203
13701.4 2.4729
13701.8 2.47378
13702.1 2.47465
13702.5 2.47552
13702.9 2.47639
13703.2 2.47727
13703.6 2.47814
13704 2.47901
13704.3 2.47988
13704.7 2.48075
13705.1 2.48163
13705.4 2.4825
13705.8 2.48337
13706.2 2.48424
13706.5 2.48511
13706.9 2.48598
13707.3 2.48686
13707.6 2.48773
13708 2.4886
13708.4 2.48947
13708.7 2.49034
13709.1 2.49121
13709.5 2.49208
13709.8 2.49295
13710.2 2.49382
13710.6 2.49469
13710.9 2.49556
13711.3 2.49643
13711.7 2.4973
13712 2.49817
13712.4 2.49904
13712.8 2.49991
13713.1 2.50078
13713.5 2.50165
13713.9 2.50252
13714.2 2.50339
13714.6 2.50426
13715 2.50513
13715.3 2.506
13715.7 2.50686
13716.1 2.50773
13716.4 2.5086
13716.8 2.50947
13717.2 2.51034
13717.5 2.51121
13717.9 2.51207
13718.3 2.51294
13718.6 2.51381
13719 2.51468
13719.4 2.51554
13719.7 2.51641
13720.1 2.51728
13720.5 2.51815
13720.8 2.51901
13721.2 2.51988
13721.6 2.52075
13721.9 2.52161
13722.3 2.52248
13722.7 2.52335
13723 2.52421
13723.4 2.52508
13723.8 2.52594
13724.1 2.52681
13724.5 2.52768
13724.9 2.52854
13725.2 2.52941
13725.6 2.53027
13726 2.53114
13726.3 2.532
13726.7 2.53287
13727 2.53373
13727.4 2.5346
13727.8 2.53546
13728.1 2.53633
13728.5 2.53719
13728.9 2.53805
13729.2 2.53892
13729.6 2.53978
13730 2.54065
13730.3 2.54151
13730.7 2.54237
13731.1 2.54324
13731.4 2.5441
13731.8 2.54496
13732.2 2.54583
13732.5 2.54669
13732.9 2.54755
13733.3 2.54841
13733.6 2.54928
13734 2.55014
13734.4 2.551
13734.7 2.55186
13735.1 2.55272
13735.5 2.55358
13735.8 2.55445
13736.2 2.55531
13736.6 2.55617
13736.9 2.55703
13737.3 2.55789
13737.7 2.55875
13738 2.55961
13738.4 2.56047
13738.8 2.56133
13739.1 2.56219
13739.5 2.56305
13739.9 2.56391
13740.2 2.56477
13740.6 2.56563
13741 2.56649
13741.3 2.56735
13741.7 2.56821
13742.1 2.56907
13742.4 2.56993
13742.8 2.57078
13743.2 2.57164
13743.5 2.5725
13743.9 2.57336
13744.3 2.57422
13744.6 2.57507
13745 2.57593
13745.4 2.57679
13745.7 2.57765
13746.1 2.5785
13746.5 2.57936
13746.8 2.58022
13747.2 2.58107
13747.6 2.58193
13747.9 2.58279
13748.3 2.58364
13748.7 2.5845
13749 2.58536
13749.4 2.58621
13749.8 2.58707
13750.1 2.58792
13750.5 2.58878
13750.9 2.58963
13751.2 2.59049
13751.6 2.59134
13752 2.5922
13752.3 2.59305
13752.7 2.59391
13753.1 2.59476
13753.4 2.59561
13753.8 2.59647
13754.1 2.59732
13754.5 2.59817
13754.9 2.59903
13755.2 2.59988
13755.6 2.60073
13756 2.60159
13756.3 2.60244
13756.7 2.60329
13757.1 2.60414
13757.4 2.60499
13757.8 2.60585
13758.2 2.6067
13758.5 2.60755
13758.9 2.6084
13759.3 2.60925
13759.6 2.6101
13760 2.61095
13760.4 2.6118
13760.7 2.61265
13761.1 2.6135
13761.5 2.61435
13761.8 2.6152
13762.2 2.61605
13762.6 2.6169
13762.9 2.61775
13763.3 2.6186
13763.7 2.61945
13764 2.6203
13764.4 2.62115
13764.8 2.622
13765.1 2.62284
13765.5 2.62369
13765.9 2.62454
13766.2 2.62539
13766.6 2.62623
13767 2.62708
13767.3 2.62793
13767.7 2.62877
13768.1 2.62962
13768.4 2.63047
13768.8 2.63131
13769.2 2.63216
13769.5 2.63301
13769.9 2.63385
13770.3 2.6347
13770.6 2.63554
13771 2.63639
13771.4 2.63723
13771.7 2.63808
13772.1 2.63892
13772.5 2.63977
13772.8 2.64061
13773.2 2.64145
13773.6 2.6423
13773.9 2.64314
13774.3 2.64398
13774.7 2.64483
13775 2.64567
13775.4 2.64651
13775.8 2.64736
13776.1 2.6482
13776.5 2.64904
13776.9 2.64988
13777.2 2.65072
13777.6 2.65156
13778 2.65241
13778.3 2.65325
13778.7 2.65409
13779.1 2.65493
13779.4 2.65577
13779.8 2.65661
13780.2 2.65745
13780.5 2.65829
13780.9 2.65913
13781.2 2.65997
13781.6 2.66081
13782 2.66164
13782.3 2.66248
13782.7 2.66332
13783.1 2.66416
13783.4 2.665
13783.8 2.66584
13784.2 2.66667
13784.5 2.66751
13784.9 2.66835
13785.3 2.66918
13785.6 2.67002
13786 2.67086
13786.4 2.67169
13786.7 2.67253
13787.1 2.67337
13787.5 2.6742
13787.8 2.67504
13788.2 2.67587
13788.6 2.67671
13788.9 2.67754
13789.3 2.67838
13789.7 2.67921
13790 2.68005
13790.4 2.68088
13790.8 2.68171
13791.1 2.68255
13791.5 2.68338
13791.9 2.68421
13792.2 2.68505
13792.6 2.68588
13793 2.68671
13793.3 2.68754
13793.7 2.68837
13794.1 2.68921
13794.4 2.69004
13794.8 2.69087
13795.2 2.6917
13795.5 2.69253
13795.9 2.69336
13796.3 2.69419
13796.6 2.69502
13797 2.69585
13797.4 2.69668
13797.7 2.69751
13798.1 2.69834
13798.5 2.69917
13798.8 2.69999
13799.2 2.70082
13799.6 2.70165
13799.9 2.70248
13800.3 2.7033
13800.7 2.70413
13801 2.70496
13801.4 2.70579
13801.8 2.70661
13802.1 2.70744
13802.5 2.70826
13802.9 2.70909
13803.2 2.70992
13803.6 2.71074
13804 2.71157
13804.3 2.71239
13804.7 2.71322
13805.1 2.71404
13805.4 2.71486
13805.8 2.71569
13806.2 2.71651
13806.5 2.71733
13806.9 2.71816
13807.3 2.71898
13807.6 2.7198
13808 2.72063
13808.3 2.72145
13808.7 2.72227
13809.1 2.72309
13809.4 2.72391
13809.8 2.72473
13810.2 2.72555
13810.5 2.72637
13810.9 2.72719
13811.3 2.72801
13811.6 2.72883
13812 2.72965
13812.4 2.73047
13812.7 2.73129
13813.1 2.73211
13813.5 2.73293
13813.8 2.73375
13814.2 2.73456
13814.6 2.73538
13814.9 2.7362
13815.3 2.73702
13815.7 2.73783
13816 2.73865
13816.4 2.73947
13816.8 2.74028
13817.1 2.7411
13817.5 2.74191
13817.9 2.74273
13818.2 2.74354
13818.6 2.74436
13819 2.74517
13819.3 2.74599
13819.7 2.7468
13820.1 2.74761
13820.4 2.74843
13820.8 2.74924
13821.2 2.75005
13821.5 2.75087
13821.9 2.75168
13822.3 2.75249
13822.6 2.7533
13823 2.75411
13823.4 2.75492
13823.7 2.75574
13824.1 2.75655
13824.5 2.75736
13824.8 2.75817
13825.2 2.75898
13825.6 2.75978
13825.9 2.76059
13826.3 2.7614
13826.7 2.76221
13827 2.76302
13827.4 2.76383
13827.8 2.76464
13828.1 2.76544
13828.5 2.76625
13828.9 2.76706
13829.2 2.76786
13829.6 2.76867
13830 2.76948
13830.3 2.77028
13830.7 2.77109
13831.1 2.77189
13831.4 2.7727
13831.8 2.7735
13832.2 2.77431
13832.5 2.77511
13832.9 2.77591
13833.3 2.77672
13833.6 2.77752
13834 2.77832
13834.3 2.77913
13834.7 2.77993
13835.1 2.78073
13835.4 2.78153
13835.8 2.78233
13836.2 2.78313
13836.5 2.78393
13836.9 2.78473
13837.3 2.78553
13837.6 2.78633
13838 2.78713
13838.4 2.78793
13838.7 2.78873
13839.1 2.78953
13839.5 2.79033
13839.8 2.79113
13840.2 2.79192
13840.6 2.79272
13840.9 2.79352
13841.3 2.79431
13841.7 2.79511
13842 2.79591
13842.4 2.7967
13842.8 2.7975
13843.1 2.79829
13843.5 2.79909
13843.9 2.79988
13844.2 2.80068
13844.6 2.80147
13845 2.80226
13845.3 2.80306
13845.7 2.80385
13846.1 2.80464
13846.4 2.80543
13846.8 2.80623
13847.2 2.80702
13847.5 2.80781
13847.9 2.8086
13848.3 2.80939
13848.6 2.81018
13849 2.81097
13849.4 2.81176
13849.7 2.81255
13850.1 2.81334
13850.5 2.81413
13850.8 2.81492
13851.2 2.81571
13851.6 2.81649
13851.9 2.81728
13852.3 2.81807
13852.7 2.81886
13853 2.81964
13853.4 2.82043
13853.8 2.82121
13854.1 2.822
13854.5 2.82278
13854.9 2.82357
13855.2 2.82435
13855.6 2.82514
13856 2.82592
13856.3 2.8267
13856.7 2.82749
13857.1 2.82827
13857.4 2.82905
13857.8 2.82984
13858.2 2.83062
13858.5 2.8314
13858.9 2.83218
13859.3 2.83296
13859.6 2.83374
13860 2.83452
13860.4 2.8353
13860.7 2.83608
13861.1 2.83686
13861.4 2.83764
13861.8 2.83842
13862.2 2.83919
13862.5 2.83997
13862.9 2.84075
13863.3 2.84153
13863.6 2.8423
13864 2.84308
13864.4 2.84386
13864.7 2.84463
13865.1 2.84541
13865.5 2.84618
13865.8 2.84696
13866.2 2.84773
13866.6 2.8485
13866.9 2.84928
13867.3 2.85005
13867.7 2.85082
13868 2.8516
13868.4 2.85237
13868.8 2.85314
13869.1 2.85391
13869.5 2.85468
13869.9 2.85545
13870.2 2.85622
13870.6 2.85699
13871 2.85776
13871.3 2.85853
13871.7 2.8593
13872.1 2.86007
13872.4 2.86084
13872.8 2.86161
13873.2 2.86237
13873.5 2.86314
13873.9 2.86391
13874.3 2.86467
13874.6 2.86544
13875 2.86621
13875.4 2.86697
13875.7 2.86774
13876.1 2.8685
13876.5 2.86927
13876.8 2.87003
13877.2 2.87079
13877.6 2.87155
13877.9 2.87232
13878.3 2.87308
13878.7 2.87384
13879 2.8746
13879.4 2.87536
13879.8 2.87613
13880.1 2.87689
13880.5 2.87765
13880.9 2.87841
13881.2 2.87917
13881.6 2.87992
13882 2.88068
13882.3 2.88144
13882.7 2.8822
13883.1 2.88296
13883.4 2.88371
13883.8 2.88447
13884.2 2.88523
13884.5 2.88598
13884.9 2.88674
13885.3 2.88749
13885.6 2.88825
13886 2.889
13886.4 2.88976
13886.7 2.89051
13887.1 2.89126
13887.5 2.89202
13887.8 2.89277
13888.2 2.89352
13888.5 2.89427
13888.9 2.89502
13889.3 2.89577
13889.6 2.89653
13890 2.89727
13890.4 2.89802
13890.7 2.89877
13891.1 2.89952
13891.5 2.90027
13891.8 2.90102
13892.2 2.90177
13892.6 2.90251
13892.9 2.90326
13893.3 2.90401
13893.7 2.90475
13894 2.9055
13894.4 2.90625
13894.8 2.90699
13895.1 2.90773
13895.5 2.90848
13895.9 2.90922
13896.2 2.90997
13896.6 2.91071
13897 2.91145
13897.3 2.91219
13897.7 2.91294
13898.1 2.91368
13898.4 2.91442
13898.8 2.91516
13899.2 2.9159
13899.5 2.91664
13899.9 2.91738
13900.3 2.91812
13900.6 2.91885
13901 2.91959
13901.4 2.92033
13901.7 2.92107
13902.1 2.9218
13902.5 2.92254
13902.8 2.92328
13903.2 2.92401
13903.6 2.92475
13903.9 2.92548
13904.3 2.92622
13904.7 2.92695
13905 2.92768
13905.4 2.92842
13905.8 2.92915
13906.1 2.92988
13906.5 2.93061
13906.9 2.93135
13907.2 2.93208
13907.6 2.93281
13908 2.93354
13908.3 2.93427
13908.7 2.935
13909.1 2.93573
13909.4 2.93645
13909.8 2.93718
13910.2 2.93791
13910.5 2.93864
13910.9 2.93936
13911.3 2.94009
13911.6 2.94082
13912 2.94154
13912.4 2.94227
13912.7 2.94299
13913.1 2.94371
13913.5 2.94444
13913.8 2.94516
13914.2 2.94588
13914.5 2.94661
13914.9 2.94733
13915.3 2.94805
13915.6 2.94877
13916 2.94949
13916.4 2.95021
13916.7 2.95093
13917.1 2.95165
13917.5 2.95237
13917.8 2.95309
13918.2 2.95381
13918.6 2.95452
13918.9 2.95524
13919.3 2.95596
13919.7 2.95667
13920 2.95739
13920.4 2.95811
13920.8 2.95882
13921.1 2.95954
13921.5 2.96025
13921.9 2.96096
13922.2 2.96168
13922.6 2.96239
13923 2.9631
13923.3 2.96381
13923.7 2.96452
13924.1 2.96524
13924.4 2.96595
13924.8 2.96666
13925.2 2.96737
13925.5 2.96808
13925.9 2.96878
13926.3 2.96949
13926.6 2.9702
13927 2.97091
13927.4 2.97161
13927.7 2.97232
13928.1 2.97303
13928.5 2.97373
13928.8 2.97444
13929.2 2.97514
13929.6 2.97584
13929.9 2.97655
13930.3 2.97725
13930.7 2.97795
13931 2.97866
13931.4 2.97936
13931.8 2.98006
13932.1 2.98076
13932.5 2.98146
13932.9 2.98216
13933.2 2.98286
13933.6 2.98356
13934 2.98426
13934.3 2.98496
13934.7 2.98565
13935.1 2.98635
13935.4 2.98705
13935.8 2.98774
13936.2 2.98844
13936.5 2.98913
13936.9 2.98983
13937.3 2.99052
13937.6 2.99122
13938 2.99191
13938.4 2.9926
13938.7 2.9933
13939.1 2.99399
13939.5 2.99468
13939.8 2.99537
13940.2 2.99606
13940.6 2.99675
13940.9 2.99744
13941.3 2.99813
13941.6 2.99882
13942 2.99951
13942.4 3.00019
13942.7 3.00088
13943.1 3.00157
13943.5 3.00225
13943.8 3.00294
13944.2 3.00362
13944.6 3.00431
13944.9 3.00499
13945.3 3.00568
13945.7 3.00636
13946 3.00704
13946.4 3.00773
13946.8 3.00841
13947.1 3.00909
13947.5 3.00977
13947.9 3.01045
13948.2 3.01113
13948.6 3.01181
13949 3.01249
13949.3 3.01317
13949.7 3.01384
13950.1 3.01452
13950.4 3.0152
13950.8 3.01587
13951.2 3.01655
13951.5 3.01723
13951.9 3.0179
13952.3 3.01857
13952.6 3.01925
13953 3.01992
13953.4 3.02059
13953.7 3.02127
13954.1 3.02194
13954.5 3.02261
13954.8 3.02328
13955.2 3.02395
13955.6 3.02462
13955.9 3.02529
13956.3 3.02596
13956.7 3.02663
13957 3.0273
13957.4 3.02796
13957.8 3.02863
13958.1 3.0293
13958.5 3.02996
13958.9 3.03063
13959.2 3.03129
13959.6 3.03196
13960 3.03262
13960.3 3.03328
13960.7 3.03395
13961.1 3.03461
13961.4 3.03527
13961.8 3.03593
13962.2 3.03659
13962.5 3.03725
13962.9 3.03791
13963.3 3.03857
13963.6 3.03923
13964 3.03989
13964.4 3.04054
13964.7 3.0412
13965.1 3.04186
13965.5 3.04251
13965.8 3.04317
13966.2 3.04382
13966.6 3.04448
13966.9 3.04513
13967.3 3.04579
13967.7 3.04644
13968 3.04709
13968.4 3.04774
13968.7 3.04839
13969.1 3.04905
13969.5 3.04969
13969.8 3.05034
13970.2 3.05099
13970.6 3.05164
13970.9 3.05229
13971.3 3.05294
13971.7 3.05358
13972 3.05423
13972.4 3.05488
13972.8 3.05552
13973.1 3.05617
13973.5 3.05681
13973.9 3.05746
13974.2 3.0581
13974.6 3.05874
13975 3.05938
13975.3 3.06003
13975.7 3.06067
13976.1 3.06131
13976.4 3.06195
13976.8 3.06259
13977.2 3.06323
13977.5 3.06386
13977.9 3.0645
13978.3 3.06514
13978.6 3.06578
13979 3.06641
13979.4 3.06705
13979.7 3.06768
13980.1 3.06832
13980.5 3.06895
13980.8 3.06958
13981.2 3.07022
13981.6 3.07085
13981.9 3.07148
13982.3 3.07211
13982.7 3.07274
13983 3.07337
13983.4 3.074
13983.8 3.07463
13984.1 3.07526
13984.5 3.07589
13984.9 3.07652
13985.2 3.07714
13985.6 3.07777
13986 3.0784
13986.3 3.07902
13986.7 3.07965
13987.1 3.08027
13987.4 3.08089
13987.8 3.08152
13988.2 3.08214
13988.5 3.08276
13988.9 3.08338
13989.3 3.084
13989.6 3.08462
13990 3.08524
13990.4 3.08586
13990.7 3.08648
13991.1 3.0871
13991.5 3.08772
13991.8 3.08833
13992.2 3.08895
13992.6 3.08957
13992.9 3.09018
13993.3 3.09079
13993.7 3.09141
13994 3.09202
13994.4 3.09264
13994.8 3.09325
13995.1 3.09386
13995.5 3.09447
13995.8 3.09508
13996.2 3.09569
13996.6 3.0963
13996.9 3.09691
13997.3 3.09752
13997.7 3.09812
13998 3.09873
13998.4 3.09934
13998.8 3.09994
13999.1 3.10055
13999.5 3.10115
13999.9 3.10176
14000.2 3.10236
14000.6 3.10297
14001 3.10357
14001.3 3.10417
14001.7 3.10477
14002.1 3.10537
14002.4 3.10597
14002.8 3.10657
14003.2 3.10717
14003.5 3.10777
14003.9 3.10837
14004.3 3.10896
14004.6 3.10956
14005 3.11016
14005.4 3.11075
14005.7 3.11135
14006.1 3.11194
14006.5 3.11254
14006.8 3.11313
14007.2 3.11372
14007.6 3.11431
14007.9 3.1149
14008.3 3.1155
14008.7 3.11609
14009 3.11668
14009.4 3.11726
14009.8 3.11785
14010.1 3.11844
14010.5 3.11903
14010.9 3.11961
14011.2 3.1202
14011.6 3.12079
14012 3.12137
14012.3 3.12195
14012.7 3.12254
14013.1 3.12312
14013.4 3.1237
14013.8 3.12429
14014.2 3.12487
14014.5 3.12545
14014.9 3.12603
14015.3 3.12661
14015.6 3.12719
14016 3.12776
14016.4 3.12834
14016.7 3.12892
14017.1 3.12949
14017.5 3.13007
14017.8 3.13065
14018.2 3.13122
14018.6 3.13179
14018.9 3.13237
14019.3 3.13294
14019.7 3.13351
14020 3.13408
14020.4 3.13465
14020.8 3.13523
14021.1 3.13579
14021.5 3.13636
14021.8 3.13693
14022.2 3.1375
14022.6 3.13807
14022.9 3.13863
14023.3 3.1392
14023.7 3.13977
14024 3.14033
14024.4 3.14089
14024.8 3.14146
14025.1 3.14202
14025.5 3.14258
14025.9 3.14314
14026.2 3.14371
14026.6 3.14427
14027 3.14483
14027.3 3.14538
14027.7 3.14594
14028.1 3.1465
14028.4 3.14706
14028.8 3.14762
14029.2 3.14817
14029.5 3.14873
14029.9 3.14928
14030.3 3.14984
14030.6 3.15039
14031 3.15094
14031.4 3.1515
14031.7 3.15205
14032.1 3.1526
14032.5 3.15315
14032.8 3.1537
14033.2 3.15425
14033.6 3.1548
14033.9 3.15534
14034.3 3.15589
14034.7 3.15644
14035 3.15698
14035.4 3.15753
14035.8 3.15807
14036.1 3.15862
14036.5 3.15916
14036.9 3.1597
14037.2 3.16025
14037.6 3.16079
14038 3.16133
14038.3 3.16187
14038.7 3.16241
14039.1 3.16295
14039.4 3.16349
14039.8 3.16403
14040.2 3.16456
14040.5 3.1651
14040.9 3.16563
14041.3 3.16617
14041.6 3.1667
14042 3.16724
14042.4 3.16777
14042.7 3.1683
14043.1 3.16884
14043.5 3.16937
14043.8 3.1699
14044.2 3.17043
14044.6 3.17096
14044.9 3.17149
14045.3 3.17201
14045.7 3.17254
14046 3.17307
14046.4 3.17359
14046.8 3.17412
14047.1 3.17464
14047.5 3.17517
14047.9 3.17569
14048.2 3.17621
14048.6 3.17674
14048.9 3.17726
14049.3 3.17778
14049.7 3.1783
14050 3.17882
14050.4 3.17934
14050.8 3.17986
14051.1 3.18037
14051.5 3.18089
14051.9 3.18141
14052.2 3.18192
14052.6 3.18244
14053 3.18295
14053.3 3.18347
14053.7 3.18398
14054.1 3.18449
14054.4 3.185
14054.8 3.18551
14055.2 3.18602
14055.5 3.18653
14055.9 3.18704
14056.3 3.18755
14056.6 3.18806
14057 3.18857
14057.4 3.18907
14057.7 3.18958
14058.1 3.19008
14058.5 3.19059
14058.8 3.19109
14059.2 3.19159
14059.6 3.1921
14059.9 3.1926
14060.3 3.1931
14060.7 3.1936
14061 3.1941
14061.4 3.1946
14061.8 3.1951
14062.1 3.19559
14062.5 3.19609
14062.9 3.19659
14063.2 3.19708
14063.6 3.19758
14064 3.19807
14064.3 3.19857
14064.7 3.19906
14065.1 3.19955
14065.4 3.20004
14065.8 3.20053
14066.2 3.20102
14066.5 3.20151
14066.9 3.202
14067.3 3.20249
14067.6 3.20298
14068 3.20347
14068.4 3.20395
14068.7 3.20444
14069.1 3.20492
14069.5 3.20541
14069.8 3.20589
14070.2 3.20637
14070.6 3.20685
14070.9 3.20734
14071.3 3.20782
14071.7 3.2083
14072 3.20878
14072.4 3.20926
14072.8 3.20973
14073.1 3.21021
14073.5 3.21069
14073.9 3.21116
14074.2 3.21164
14074.6 3.21211
14075 3.21259
14075.3 3.21306
14075.7 3.21353
14076 3.214
14076.4 3.21448
14076.8 3.21495
14077.1 3.21542
14077.5 3.21588
14077.9 3.21635
14078.2 3.21682
14078.6 3.21729
14079 3.21775
14079.3 3.21822
14079.7 3.21868
14080.1 3.21915
14080.4 3.21961
14080.8 3.22007
14081.2 3.22054
14081.5 3.221
14081.9 3.22146
14082.3 3.22192
14082.6 3.22238
14083 3.22284
14083.4 3.22329
14083.7 3.22375
14084.1 3.22421
14084.5 3.22466
14084.8 3.22512
14085.2 3.22557
14085.6 3.22603
14085.9 3.22648
14086.3 3.22693
14086.7 3.22738
14087 3.22783
14087.4 3.22828
14087.8 3.22873
14088.1 3.22918
14088.5 3.22963
14088.9 3.23008
14089.2 3.23052
14089.6 3.23097
14090 3.23141
14090.3 3.23186
14090.7 3.2323
14091.1 3.23275
14091.4 3.23319
14091.8 3.23363
14092.2 3.23407
14092.5 3.23451
14092.9 3.23495
14093.3 3.23539
14093.6 3.23583
14094 3.23626
14094.4 3.2367
14094.7 3.23714
14095.1 3.23757
14095.5 3.23801
14095.8 3.23844
14096.2 3.23887
14096.6 3.23931
14096.9 3.23974
14097.3 3.24017
14097.7 3.2406
14098 3.24103
14098.4 3.24146
14098.8 3.24188
14099.1 3.24231
14099.5 3.24274
14099.9 3.24316
14100.2 3.24359
14100.6 3.24401
14101 3.24444
14101.3 3.24486
14101.7 3.24528
14102 3.2457
14102.4 3.24613
14102.8 3.24655
14103.1 3.24696
14103.5 3.24738
14103.9 3.2478
14104.2 3.24822
14104.6 3.24864
14105 3.24905
14105.3 3.24947
14105.7 3.24988
14106.1 3.25029
14106.4 3.25071
14106.8 3.25112
14107.2 3.25153
14107.5 3.25194
14107.9 3.25235
14108.3 3.25276
14108.6 3.25317
14109 3.25358
14109.4 3.25398
14109.7 3.25439
14110.1 3.25479
14110.5 3.2552
14110.8 3.2556
14111.2 3.25601
14111.6 3.25641
14111.9 3.25681
14112.3 3.25721
14112.7 3.25761
14113 3.25801
14113.4 3.25841
14113.8 3.25881
14114.1 3.25921
14114.5 3.2596
14114.9 3.26
14115.2 3.2604
14115.6 3.26079
14116 3.26118
14116.3 3.26158
14116.7 3.26197
14117.1 3.26236
14117.4 3.26275
14117.8 3.26314
14118.2 3.26353
14118.5 3.26392
14118.9 3.26431
14119.3 3.26469
14119.6 3.26508
14120 3.26547
14120.4 3.26585
14120.7 3.26623
14121.1 3.26662
14121.5 3.267
14121.8 3.26738
14122.2 3.26776
14122.6 3.26814
14122.9 3.26852
14123.3 3.2689
14123.7 3.26928
14124 3.26966
14124.4 3.27004
14124.8 3.27041
14125.1 3.27079
14125.5 3.27116
14125.9 3.27153
14126.2 3.27191
14126.6 3.27228
14127 3.27265
14127.3 3.27302
14127.7 3.27339
14128.1 3.27376
14128.4 3.27413
14128.8 3.2745
14129.1 3.27486
14129.5 3.27523
14129.9 3.2756
14130.2 3.27596
14130.6 3.27632
14131 3.27669
14131.3 3.27705
14131.7 3.27741
14132.1 3.27777
14132.4 3.27813
14132.8 3.27849
14133.2 3.27885
14133.5 3.27921
14133.9 3.27957
14134.3 3.27992
14134.6 3.28028
14135 3.28063
14135.4 3.28099
14135.7 3.28134
14136.1 3.28169
14136.5 3.28204
14136.8 3.2824
14137.2 3.28275
14137.6 3.2831
14137.9 3.28344
14138.3 3.28379
14138.7 3.28414
14139 3.28449
14139.4 3.28483
14139.8 3.28518
14140.1 3.28552
14140.5 3.28586
14140.9 3.28621
14141.2 3.28655
14141.6 3.28689
14142 3.28723
14142.3 3.28757
14142.7 3.28791
14143.1 3.28825
14143.4 3.28858
14143.8 3.28892
14144.2 3.28926
14144.5 3.28959
14144.9 3.28993
14145.3 3.29026
14145.6 3.29059
14146 3.29092
14146.4 3.29125
14146.7 3.29158
14147.1 3.29192
14147.5 3.29224
14147.8 3.29257
14148.2 3.2929
14148.6 3.29323
14148.9 3.29355
14149.3 3.29388
14149.7 3.2942
14150 3.29452
14150.4 3.29485
14150.8 3.29517
14151.1 3.29549
14151.5 3.29581
14151.9 3.29613
14152.2 3.29645
14152.6 3.29677
14153 3.29708
14153.3 3.2974
14153.7 3.29772
14154.1 3.29803
14154.4 3.29835
14154.8 3.29866
14155.2 3.29897
14155.5 3.29928
14155.9 3.2996
14156.2 3.29991
14156.6 3.30021
14157 3.30052
14157.3 3.30083
14157.7 3.30114
14158.1 3.30145
14158.4 3.30175
14158.8 3.30206
14159.2 3.30236
14159.5 3.30266
14159.9 3.30297
14160.3 3.30327
14160.6 3.30357
14161 3.30387
14161.4 3.30417
14161.7 3.30447
14162.1 3.30476
14162.5 3.30506
14162.8 3.30536
14163.2 3.30565
14163.6 3.30595
14163.9 3.30624
14164.3 3.30653
14164.7 3.30683
14165 3.30712
14165.4 3.30741
14165.8 3.3077
14166.1 3.30799
14166.5 3.30828
14166.9 3.30856
14167.2 3.30885
14167.6 3.30914
14168 3.30942
14168.3 3.30971
14168.7 3.30999
14169.1 3.31027
14169.4 3.31056
14169.8 3.31084
14170.2 3.31112
14170.5 3.3114
14170.9 3.31168
14171.3 3.31196
14171.6 3.31223
14172 3.31251
14172.4 3.31279
14172.7 3.31306
14173.1 3.31334
14173.5 3.31361
14173.8 3.31388
14174.2 3.31415
14174.6 3.31442
14174.9 3.31469
14175.3 3.31496
14175.7 3.31523
14176 3.3155
14176.4 3.31577
14176.8 3.31603
14177.1 3.3163
14177.5 3.31656
14177.9 3.31683
14178.2 3.31709
14178.6 3.31736
14179 3.31762
14179.3 3.31788
14179.7 3.31814
14180.1 3.3184
14180.4 3.31865
14180.8 3.31891
14181.2 3.31917
14181.5 3.31943
14181.9 3.31968
14182.3 3.31994
14182.6 3.32019
14183 3.32044
14183.3 3.32069
14183.7 3.32095
14184.1 3.3212
14184.4 3.32145
14184.8 3.32169
14185.2 3.32194
14185.5 3.32219
14185.9 3.32244
14186.3 3.32268
14186.6 3.32293
14187 3.32317
14187.4 3.32342
14187.7 3.32366
14188.1 3.3239
14188.5 3.32414
14188.8 3.32438
14189.2 3.32462
14189.6 3.32486
14189.9 3.3251
14190.3 3.32533
14190.7 3.32557
14191 3.3258
14191.4 3.32604
14191.8 3.32627
14192.1 3.32651
14192.5 3.32674
14192.9 3.32697
14193.2 3.3272
14193.6 3.32743
14194 3.32766
14194.3 3.32789
14194.7 3.32811
14195.1 3.32834
14195.4 3.32857
14195.8 3.32879
14196.2 3.32902
14196.5 3.32924
14196.9 3.32946
14197.3 3.32968
14197.6 3.3299
14198 3.33012
14198.4 3.33034
14198.7 3.33056
14199.1 3.33078
14199.5 3.331
14199.8 3.33121
14200.2 3.33143
14200.6 3.33164
14200.9 3.33186
14201.3 3.33207
14201.7 3.33228
14202 3.33249
14202.4 3.3327
14202.8 3.33291
14203.1 3.33312
14203.5 3.33333
14203.9 3.33354
14204.2 3.33375
14204.6 3.33395
14205 3.33416
14205.3 3.33436
14205.7 3.33456
14206.1 3.33477
14206.4 3.33497
14206.8 3.33517
14207.2 3.33537
14207.5 3.33557
14207.9 3.33576
14208.3 3.33596
14208.6 3.33616
14209 3.33636
14209.3 3.33655
14209.7 3.33674
14210.1 3.33694
14210.4 3.33713
14210.8 3.33732
14211.2 3.33751
14211.5 3.33771
14211.9 3.33789
14212.3 3.33808
14212.6 3.33827
14213 3.33846
14213.4 3.33864
14213.7 3.33883
14214.1 3.33901
14214.5 3.3392
14214.8 3.33938
14215.2 3.33956
14215.6 3.33975
14215.9 3.33993
14216.3 3.34011
14216.7 3.34028
14217 3.34046
14217.4 3.34064
14217.8 3.34082
14218.1 3.34099
14218.5 3.34117
14218.9 3.34134
14219.2 3.34151
14219.6 3.34169
14220 3.34186
14220.3 3.34203
14220.7 3.3422
14221.1 3.34237
14221.4 3.34254
14221.8 3.3427
14222.2 3.34287
14222.5 3.34304
14222.9 3.3432
14223.3 3.34337
14223.6 3.34353
14224 3.34369
14224.4 3.34385
14224.7 3.34402
14225.1 3.34418
14225.5 3.34434
14225.8 3.34449
14226.2 3.34465
14226.6 3.34481
14226.9 3.34497
14227.3 3.34512
14227.7 3.34528
14228 3.34543
14228.4 3.34558
14228.8 3.34573
14229.1 3.34589
14229.5 3.34604
14229.9 3.34619
14230.2 3.34634
14230.6 3.34648
14231 3.34663
14231.3 3.34678
14231.7 3.34692
14232.1 3.34707
14232.4 3.34721
14232.8 3.34735
14233.2 3.3475
14233.5 3.34764
14233.9 3.34778
14234.3 3.34792
14234.6 3.34806
14235 3.3482
14235.4 3.34834
14235.7 3.34847
14236.1 3.34861
14236.4 3.34874
14236.8 3.34888
14237.2 3.34901
14237.5 3.34914
14237.9 3.34927
14238.3 3.34941
14238.6 3.34954
14239 3.34966
14239.4 3.34979
14239.7 3.34992
14240.1 3.35005
14240.5 3.35017
14240.8 3.3503
14241.2 3.35042
14241.6 3.35055
14241.9 3.35067
14242.3 3.35079
14242.7 3.35091
14243 3.35103
14243.4 3.35115
14243.8 3.35127
14244.1 3.35139
14244.5 3.35151
14244.9 3.35162
14245.2 3.35174
14245.6 3.35185
14246 3.35197
14246.3 3.35208
14246.7 3.35219
14247.1 3.3523
14247.4 3.35241
14247.8 3.35252
14248.2 3.35263
14248.5 3.35274
14248.9 3.35285
14249.3 3.35296
14249.6 3.35306
14250 3.35317
14250.4 3.35327
14250.7 3.35337
14251.1 3.35348
14251.5 3.35358
14251.8 3.35368
14252.2 3.35378
14252.6 3.35388
14252.9 3.35398
14253.3 3.35407
14253.7 3.35417
14254 3.35427
14254.4 3.35436
14254.8 3.35446
14255.1 3.35455
14255.5 3.35464
14255.9 3.35473
14256.2 3.35482
14256.6 3.35491
14257 3.355
14257.3 3.35509
14257.7 3.35518
14258.1 3.35527
14258.4 3.35535
14258.8 3.35544
14259.2 3.35552
14259.5 3.35561
14259.9 3.35569
14260.3 3.35577
14260.6 3.35585
14261 3.35593
14261.4 3.35601
14261.7 3.35609
14262.1 3.35617
14262.5 3.35625
14262.8 3.35632
14263.2 3.3564
14263.5 3.35647
14263.9 3.35655
14264.3 3.35662
14264.6 3.35669
14265 3.35676
14265.4 3.35683
14265.7 3.3569
14266.1 3.35697
14266.5 3.35704
14266.8 3.35711
14267.2 3.35717
14267.6 3.35724
14267.9 3.3573
14268.3 3.35737
14268.7 3.35743
14269 3.35749
14269.4 3.35756
14269.8 3.35762
14270.1 3.35768
14270.5 3.35774
14270.9 3.35779
14271.2 3.35785
14271.6 3.35791
14272 3.35796
14272.3 3.35802
14272.7 3.35807
14273.1 3.35813
14273.4 3.35818
14273.8 3.35823
14274.2 3.35828
14274.5 3.35833
14274.9 3.35838
14275.3 3.35843
14275.6 3.35848
14276 3.35852
14276.4 3.35857
14276.7 3.35862
14277.1 3.35866
14277.5 3.3587
14277.8 3.35875
14278.2 3.35879
14278.6 3.35883
14278.9 3.35887
14279.3 3.35891
14279.7 3.35895
14280 3.35899
14280.4 3.35902
14280.8 3.35906
14281.1 3.3591
14281.5 3.35913
14281.9 3.35916
14282.2 3.3592
14282.6 3.35923
14283 3.35926
14283.3 3.35929
14283.7 3.35932
14284.1 3.35935
14284.4 3.35938
14284.8 3.35941
14285.2 3.35943
14285.5 3.35946
14285.9 3.35948
14286.3 3.35951
14286.6 3.35953
14287 3.35955
14287.4 3.35957
14287.7 3.3596
14288.1 3.35962
14288.5 3.35963
14288.8 3.35965
14289.2 3.35967
14289.5 3.35969
14289.9 3.3597
14290.3 3.35972
14290.6 3.35973
14291 3.35975
14291.4 3.35976
14291.7 3.35977
14292.1 3.35978
14292.5 3.35979
14292.8 3.3598
14293.2 3.35981
14293.6 3.35982
14293.9 3.35983
14294.3 3.35983
14294.7 3.35984
14295 3.35984
14295.4 3.35985
14295.8 3.35985
14296.1 3.35985
14296.5 3.35985
14296.9 3.35985
14297.2 3.35985
14297.6 3.35985
14298 3.35985
14298.3 3.35985
14298.7 3.35984
14299.1 3.35984
14299.4 3.35983
14299.8 3.35983
14300.2 3.35982
14300.5 3.35982
14300.9 3.35981
14301.3 3.3598
14301.6 3.35979
14302 3.35978
14302.4 3.35977
14302.7 3.35975
14303.1 3.35974
14303.5 3.35973
14303.8 3.35971
14304.2 3.3597
14304.6 3.35968
14304.9 3.35966
14305.3 3.35964
14305.7 3.35962
14306 3.35961
14306.4 3.35958
14306.8 3.35956
14307.1 3.35954
14307.5 3.35952
14307.9 3.35949
14308.2 3.35947
14308.6 3.35945
14309 3.35942
14309.3 3.35939
14309.7 3.35936
14310.1 3.35934
14310.4 3.35931
14310.8 3.35928
14311.2 3.35925
14311.5 3.35921
14311.9 3.35918
14312.3 3.35915
14312.6 3.35911
14313 3.35908
14313.4 3.35904
14313.7 3.35901
14314.1 3.35897
14314.5 3.35893
14314.8 3.35889
14315.2 3.35885
14315.6 3.35881
14315.9 3.35877
14316.3 3.35873
14316.6 3.35869
14317 3.35864
14317.4 3.3586
14317.7 3.35855
14318.1 3.35851
14318.5 3.35846
14318.8 3.35841
14319.2 3.35836
14319.6 3.35831
14319.9 3.35826
14320.3 3.35821
14320.7 3.35816
14321 3.35811
14321.4 3.35806
14321.8 3.358
14322.1 3.35795
14322.5 3.35789
14322.9 3.35783
14323.2 3.35778
14323.6 3.35772
14324 3.35766
14324.3 3.3576
14324.7 3.35754
14325.1 3.35748
14325.4 3.35742
14325.8 3.35735
14326.2 3.35729
14326.5 3.35723
14326.9 3.35716
14327.3 3.35709
14327.6 3.35703
14328 3.35696
14328.4 3.35689
14328.7 3.35682
14329.1 3.35675
14329.5 3.35668
14329.8 3.35661
14330.2 3.35654
14330.6 3.35646
14330.9 3.35639
14331.3 3.35631
14331.7 3.35624
14332 3.35616
14332.4 3.35609
14332.8 3.35601
14333.1 3.35593
14333.5 3.35585
14333.9 3.35577
14334.2 3.35569
14334.6 3.35561
14335 3.35552
14335.3 3.35544
14335.7 3.35536
14336.1 3.35527
14336.4 3.35518
14336.8 3.3551
14337.2 3.35501
14337.5 3.35492
14337.9 3.35483
14338.3 3.35474
14338.6 3.35465
14339 3.35456
14339.4 3.35447
14339.7 3.35438
14340.1 3.35428
14340.5 3.35419
14340.8 3.35409
14341.2 3.354
14341.6 3.3539
14341.9 3.3538
14342.3 3.3537
14342.7 3.3536
14343 3.3535
14343.4 3.3534
14343.7 3.3533
14344.1 3.3532
14344.5 3.3531
14344.8 3.35299
14345.2 3.35289
14345.6 3.35278
14345.9 3.35267
14346.3 3.35257
14346.7 3.35246
14347 3.35235
14347.4 3.35224
14347.8 3.35213
14348.1 3.35202
14348.5 3.35191
14348.9 3.3518
14349.2 3.35168
14349.6 3.35157
14350 3.35145
14350.3 3.35134
14350.7 3.35122
14351.1 3.3511
14351.4 3.35099
14351.8 3.35087
14352.2 3.35075
14352.5 3.35063
14352.9 3.35051
14353.3 3.35038
14353.6 3.35026
14354 3.35014
14354.4 3.35001
14354.7 3.34989
14355.1 3.34976
14355.5 3.34964
14355.8 3.34951
14356.2 3.34938
14356.6 3.34925
14356.9 3.34912
14357.3 3.34899
14357.7 3.34886
14358 3.34873
14358.4 3.3486
14358.8 3.34846
14359.1 3.34833
14359.5 3.34819
14359.9 3.34806
14360.2 3.34792
14360.6 3.34778
14361 3.34764
14361.3 3.3475
14361.7 3.34736
14362.1 3.34722
14362.4 3.34708
14362.8 3.34694
14363.2 3.3468
14363.5 3.34665
14363.9 3.34651
14364.3 3.34637
14364.6 3.34622
14365 3.34607
14365.4 3.34593
14365.7 3.34578
14366.1 3.34563
14366.5 3.34548
14366.8 3.34533
14367.2 3.34518
14367.6 3.34502
14367.9 3.34487
14368.3 3.34472
14368.7 3.34456
14369 3.34441
14369.4 3.34425
14369.8 3.3441
14370.1 3.34394
14370.5 3.34378
14370.8 3.34362
14371.2 3.34346
14371.6 3.3433
14371.9 3.34314
14372.3 3.34298
14372.7 3.34282
14373 3.34265
14373.4 3.34249
14373.8 3.34232
14374.1 3.34216
14374.5 3.34199
14374.9 3.34182
14375.2 3.34165
14375.6 3.34149
14376 3.34132
14376.3 3.34115
14376.7 3.34097
14377.1 3.3408
14377.4 3.34063
14377.8 3.34046
14378.2 3.34028
14378.5 3.34011
14378.9 3.33993
14379.3 3.33976
14379.6 3.33958
14380 3.3394
14380.4 3.33922
14380.7 3.33904
14381.1 3.33886
14381.5 3.33868
14381.8 3.3385
14382.2 3.33832
14382.6 3.33813
14382.9 3.33795
14383.3 3.33777
14383.7 3.33758
14384 3.33739
14384.4 3.33721
14384.8 3.33702
14385.1 3.33683
14385.5 3.33664
14385.9 3.33645
14386.2 3.33626
14386.6 3.33607
14387 3.33588
14387.3 3.33569
14387.7 3.33549
14388.1 3.3353
14388.4 3.3351
14388.8 3.33491
14389.2 3.33471
14389.5 3.33451
14389.9 3.33431
14390.3 3.33412
14390.6 3.33392
14391 3.33372
14391.4 3.33351
14391.7 3.33331
14392.1 3.33311
14392.5 3.33291
14392.8 3.3327
14393.2 3.3325
14393.6 3.33229
14393.9 3.33209
14394.3 3.33188
14394.7 3.33167
14395 3.33146
14395.4 3.33125
14395.8 3.33104
14396.1 3.33083
14396.5 3.33062
14396.8 3.33041
14397.2 3.3302
14397.6 3.32998
14397.9 3.32977
14398.3 3.32955
14398.7 3.32934
14399 3.32912
14399.4 3.3289
14399.8 3.32868
14400.1 3.32847
14400.5 3.32825
14400.9 3.32803
14401.2 3.32781
14401.6 3.32758
14402 3.32736
14402.3 3.32714
14402.7 3.32691
14403.1 3.32669
14403.4 3.32646
14403.8 3.32624
14404.2 3.32601
14404.5 3.32578
14404.9 3.32555
14405.3 3.32533
14405.6 3.3251
14406 3.32486
14406.4 3.32463
14406.7 3.3244
14407.1 3.32417
14407.5 3.32394
14407.8 3.3237
14408.2 3.32347
14408.6 3.32323
14408.9 3.323
14409.3 3.32276
14409.7 3.32252
14410 3.32228
14410.4 3.32204
14410.8 3.3218
14411.1 3.32156
14411.5 3.32132
14411.9 3.32108
14412.2 3.32084
14412.6 3.32059
14413 3.32035
14413.3 3.3201
14413.7 3.31986
14414.1 3.31961
14414.4 3.31936
14414.8 3.31912
14415.2 3.31887
14415.5 3.31862
14415.9 3.31837
14416.3 3.31812
14416.6 3.31787
14417 3.31761
14417.4 3.31736
14417.7 3.31711
14418.1 3.31685
14418.5 3.3166
14418.8 3.31634
14419.2 3.31609
14419.6 3.31583
14419.9 3.31557
14420.3 3.31531
14420.7 3.31505
14421 3.31479
14421.4 3.31453
14421.8 3.31427
14422.1 3.31401
14422.5 3.31375
14422.9 3.31348
14423.2 3.31322
14423.6 3.31295
14423.9 3.31269
14424.3 3.31242
14424.7 3.31216
14425 3.31189
14425.4 3.31162
14425.8 3.31135
14426.1 3.31108
14426.5 3.31081
14426.9 3.31054
14427.2 3.31027
14427.6 3.30999
14428 3.30972
14428.3 3.30945
14428.7 3.30917
14429.1 3.3089
14429.4 3.30862
14429.8 3.30834
14430.2 3.30807
14430.5 3.30779
14430.9 3.30751
14431.3 3.30723
14431.6 3.30695
14432 3.30667
14432.4 3.30639
14432.7 3.3061
14433.1 3.30582
14433.5 3.30554
14433.8 3.30525
14434.2 3.30497
14434.6 3.30468
14434.9 3.30439
14435.3 3.30411
14435.7 3.30382
14436 3.30353
14436.4 3.30324
14436.8 3.30295
14437.1 3.30266
14437.5 3.30237
14437.9 3.30208
14438.2 3.30178
14438.6 3.30149
14439 3.3012
14439.3 3.3009
14439.7 3.30061
14440.1 3.30031
14440.4 3.30001
14440.8 3.29971
14441.2 3.29942
14441.5 3.29912
14441.9 3.29882
14442.3 3.29852
14442.6 3.29822
14443 3.29791
14443.4 3.29761
14443.7 3.29731
14444.1 3.297
14444.5 3.2967
14444.8 3.2964
14445.2 3.29609
14445.6 3.29578
14445.9 3.29548
14446.3 3.29517
14446.7 3.29486
14447 3.29455
14447.4 3.29424
14447.8 3.29393
14448.1 3.29362
14448.5 3.29331
14448.9 3.29299
14449.2 3.29268
14449.6 3.29237
14450 3.29205
14450.3 3.29174
14450.7 3.29142
14451 3.2911
14451.4 3.29079
14451.8 3.29047
14452.1 3.29015
14452.5 3.28983
14452.9 3.28951
14453.2 3.28919
14453.6 3.28887
14454 3.28855
14454.3 3.28823
14454.7 3.2879
14455.1 3.28758
14455.4 3.28725
14455.8 3.28693
14456.2 3.2866
14456.5 3.28628
14456.9 3.28595
14457.3 3.28562
14457.6 3.28529
14458 3.28496
14458.4 3.28463
14458.7 3.2843
14459.1 3.28397
14459.5 3.28364
14459.8 3.28331
14460.2 3.28297
14460.6 3.28264
14460.9 3.28231
14461.3 3.28197
14461.7 3.28164
14462 3.2813
14462.4 3.28096
14462.8 3.28062
14463.1 3.28029
14463.5 3.27995
14463.9 3.27961
14464.2 3.27927
14464.6 3.27892
14465 3.27858
14465.3 3.27824
14465.7 3.2779
14466.1 3.27755
14466.4 3.27721
14466.8 3.27687
14467.2 3.27652
14467.5 3.27617
14467.9 3.27583
14468.3 3.27548
14468.6 3.27513
14469 3.27478
14469.4 3.27443
14469.7 3.27408
14470.1 3.27373
14470.5 3.27338
14470.8 3.27303
14471.2 3.27268
14471.6 3.27232
14471.9 3.27197
14472.3 3.27161
14472.7 3.27126
14473 3.2709
14473.4 3.27055
14473.8 3.27019
14474.1 3.26983
14474.5 3.26947
14474.9 3.26911
14475.2 3.26875
14475.6 3.26839
14476 3.26803
14476.3 3.26767
14476.7 3.26731
14477 3.26695
14477.4 3.26658
14477.8 3.26622
14478.1 3.26585
14478.5 3.26549
14478.9 3.26512
14479.2 3.26476
14479.6 3.26439
14480 3.26402
14480.3 3.26365
14480.7 3.26328
14481.1 3.26291
14481.4 3.26254
14481.8 3.26217
14482.2 3.2618
14482.5 3.26143
14482.9 3.26105
14483.3 3.26068
14483.6 3.26031
14484 3.25993
14484.4 3.25956
14484.7 3.25918
14485.1 3.2588
14485.5 3.25843
14485.8 3.25805
14486.2 3.25767
14486.6 3.25729
14486.9 3.25691
14487.3 3.25653
14487.7 3.25615
14488 3.25577
14488.4 3.25539
14488.8 3.255
14489.1 3.25462
14489.5 3.25424
14489.9 3.25385
14490.2 3.25346
14490.6 3.25308
14491 3.25269
14491.3 3.25231
14491.7 3.25192
14492.1 3.25153
14492.4 3.25114
14492.8 3.25075
14493.2 3.25036
14493.5 3.24997
14493.9 3.24958
14494.3 3.24919
14494.6 3.24879
14495 3.2484
14495.4 3.24801
14495.7 3.24761
14496.1 3.24722
14496.5 3.24682
14496.8 3.24642
14497.2 3.24603
14497.6 3.24563
14497.9 3.24523
14498.3 3.24483
14498.7 3.24443
14499 3.24403
14499.4 3.24363
14499.8 3.24323
14500.1 3.24283
14500.5 3.24243
14500.9 3.24203
14501.2 3.24162
14501.6 3.24122
14502 3.24081
14502.3 3.24041
14502.7 3.24
14503.1 3.2396
14503.4 3.23919
14503.8 3.23878
14504.1 3.23837
14504.5 3.23796
14504.9 3.23756
14505.2 3.23714
14505.6 3.23673
14506 3.23632
14506.3 3.23591
14506.7 3.2355
14507.1 3.23509
14507.4 3.23467
14507.8 3.23426
14508.2 3.23384
14508.5 3.23343
14508.9 3.23301
14509.3 3.2326
14509.6 3.23218
14510 3.23176
14510.4 3.23134
14510.7 3.23092
14511.1 3.2305
14511.5 3.23009
14511.8 3.22966
14512.2 3.22924
14512.6 3.22882
14512.9 3.2284
14513.3 3.22798
14513.7 3.22755
14514 3.22713
14514.4 3.2267
14514.8 3.22628
14515.1 3.22585
14515.5 3.22543
14515.9 3.225
14516.2 3.22457
14516.6 3.22414
14517 3.22372
14517.3 3.22329
14517.7 3.22286
14518.1 3.22243
14518.4 3.222
14518.8 3.22156
14519.2 3.22113
14519.5 3.2207
14519.9 3.22027
14520.3 3.21983
14520.6 3.2194
14521 3.21896
14521.4 3.21853
14521.7 3.21809
14522.1 3.21765
14522.5 3.21722
14522.8 3.21678
14523.2 3.21634
14523.6 3.2159
14523.9 3.21546
14524.3 3.21502
14524.7 3.21458
14525 3.21414
14525.4 3.2137
14525.8 3.21326
14526.1 3.21282
14526.5 3.21237
14526.9 3.21193
14527.2 3.21148
14527.6 3.21104
14528 3.21059
14528.3 3.21015
14528.7 3.2097
14529.1 3.20925
14529.4 3.20881
14529.8 3.20836
14530.2 3.20791
14530.5 3.20746
14530.9 3.20701
14531.2 3.20656
14531.6 3.20611
14532 3.20566
14532.3 3.2052
14532.7 3.20475
14533.1 3.2043
14533.4 3.20384
14533.8 3.20339
14534.2 3.20293
14534.5 3.20248
14534.9 3.20202
14535.3 3.20157
14535.6 3.20111
14536 3.20065
14536.4 3.20019
14536.7 3.19974
14537.1 3.19928
14537.5 3.19882
14537.8 3.19836
14538.2 3.19789
14538.6 3.19743
14538.9 3.19697
14539.3 3.19651
14539.7 3.19605
14540 3.19558
14540.4 3.19512
14540.8 3.19465
14541.1 3.19419
14541.5 3.19372
14541.9 3.19326
14542.2 3.19279
14542.6 3.19232
14543 3.19186
14543.3 3.19139
14543.7 3.19092
14544.1 3.19045
14544.4 3.18998
14544.8 3.18951
14545.2 3.18904
14545.5 3.18857
14545.9 3.18809
14546.3 3.18762
14546.6 3.18715
14547 3.18668
14547.4 3.1862
14547.7 3.18573
14548.1 3.18525
14548.5 3.18478
14548.8 3.1843
14549.2 3.18382
14549.6 3.18335
14549.9 3.18287
14550.3 3.18239
14550.7 3.18191
14551 3.18143
14551.4 3.18095
14551.8 3.18047
14552.1 3.17999
14552.5 3.17951
14552.9 3.17903
14553.2 3.17855
14553.6 3.17806
14554 3.17758
14554.3 3.1771
14554.7 3.17661
14555.1 3.17613
14555.4 3.17564
14555.8 3.17515
14556.2 3.17467
14556.5 3.17418
14556.9 3.17369
14557.3 3.17321
14557.6 3.17272
14558 3.17223
14558.3 3.17174
14558.7 3.17125
14559.1 3.17076
14559.4 3.17027
14559.8 3.16978
14560.2 3.16928
14560.5 3.16879
14560.9 3.1683
14561.3 3.1678
14561.6 3.16731
14562 3.16682
14562.4 3.16632
14562.7 3.16583
14563.1 3.16533
14563.5 3.16483
14563.8 3.16434
14564.2 3.16384
14564.6 3.16334
14564.9 3.16284
14565.3 3.16234
14565.7 3.16184
14566 3.16134
14566.4 3.16084
14566.8 3.16034
14567.1 3.15984
14567.5 3.15934
14567.9 3.15884
14568.2 3.15833
14568.6 3.15783
14569 3.15733
14569.3 3.15682
14569.7 3.15632
14570.1 3.15581
14570.4 3.15531
14570.8 3.1548
14571.2 3.15429
14571.5 3.15379
14571.9 3.15328
14572.3 3.15277
14572.6 3.15226
14573 3.15175
14573.4 3.15124
14573.7 3.15073
14574.1 3.15022
14574.5 3.14971
14574.8 3.1492
14575.2 3.14869
14575.6 3.14818
14575.9 3.14766
14576.3 3.14715
14576.7 3.14663
14577 3.14612
14577.4 3.14561
14577.8 3.14509
14578.1 3.14457
14578.5 3.14406
14578.9 3.14354
14579.2 3.14302
14579.6 3.14251
14580 3.14199
14580.3 3.14147
14580.7 3.14095
14581.1 3.14043
14581.4 3.13991
14581.8 3.13939
14582.2 3.13887
14582.5 3.13835
14582.9 3.13783
14583.3 3.1373
14583.6 3.13678
14584 3.13626
14584.3 3.13573
14584.7 3.13521
14585.1 3.13468
14585.4 3.13416
14585.8 3.13363
14586.2 3.13311
14586.5 3.13258
14586.9 3.13205
14587.3 3.13153
14587.6 3.131
14588 3.13047
14588.4 3.12994
14588.7 3.12941
14589.1 3.12888
14589.5 3.12835
14589.8 3.12782
14590.2 3.12729
14590.6 3.12676
14590.9 3.12623
14591.3 3.1257
14591.7 3.12516
14592 3.12463
14592.4 3.1241
14592.8 3.12356
14593.1 3.12303
14593.5 3.12249
14593.9 3.12196
14594.2 3.12142
14594.6 3.12088
14595 3.12035
14595.3 3.11981
14595.7 3.11927
14596.1 3.11873
14596.4 3.11819
14596.8 3.11766
14597.2 3.11712
14597.5 3.11658
14597.9 3.11604
14598.3 3.1155
14598.6 3.11495
14599 3.11441
14599.4 3.11387
14599.7 3.11333
14600.1 3.11278
14600.5 3.11224
14600.8 3.1117
14601.2 3.11115
14601.6 3.11061
14601.9 3.11006
14602.3 3.10952
14602.7 3.10897
14603 3.10843
14603.4 3.10788
14603.8 3.10733
14604.1 3.10678
14604.5 3.10623
14604.9 3.10569
14605.2 3.10514
14605.6 3.10459
14606 3.10404
14606.3 3.10349
14606.7 3.10294
14607.1 3.10239
14607.4 3.10183
14607.8 3.10128
14608.2 3.10073
14608.5 3.10018
14608.9 3.09962
14609.3 3.09907
14609.6 3.09852
14610 3.09796
14610.4 3.09741
14610.7 3.09685
14611.1 3.0963
14611.4 3.09574
14611.8 3.09518
14612.2 3.09463
14612.5 3.09407
14612.9 3.09351
14613.3 3.09295
14613.6 3.09239
14614 3.09184
14614.4 3.09128
14614.7 3.09072
14615.1 3.09016
14615.5 3.0896
14615.8 3.08903
14616.2 3.08847
14616.6 3.08791
14616.9 3.08735
14617.3 3.08679
14617.7 3.08622
14618 3.08566
14618.4 3.08509
14618.8 3.08453
14619.1 3.08397
14619.5 3.0834
14619.9 3.08283
14620.2 3.08227
14620.6 3.0817
14621 3.08114
14621.3 3.08057
14621.7 3.08
14622.1 3.07943
14622.4 3.07887
14622.8 3.0783
14623.2 3.07773
14623.5 3.07716
14623.9 3.07659
14624.3 3.07602
14624.6 3.07545
14625 3.07488
14625.4 3.0743
14625.7 3.07373
14626.1 3.07316
14626.5 3.07259
14626.8 3.07202
14627.2 3.07144
14627.6 3.07087
14627.9 3.07029
14628.3 3.06972
14628.7 3.06914
14629 3.06857
14629.4 3.06799
14629.8 3.06742
14630.1 3.06684
14630.5 3.06626
14630.9 3.06569
14631.2 3.06511
14631.6 3.06453
14632 3.06395
14632.3 3.06337
14632.7 3.06279
14633.1 3.06221
14633.4 3.06163
14633.8 3.06105
14634.2 3.06047
14634.5 3.05989
14634.9 3.05931
14635.3 3.05873
14635.6 3.05815
14636 3.05756
14636.4 3.05698
14636.7 3.0564
14637.1 3.05581
14637.5 3.05523
14637.8 3.05465
14638.2 3.05406
14638.5 3.05348
14638.9 3.05289
14639.3 3.0523
14639.6 3.05172
14640 3.05113
14640.4 3.05054
14640.7 3.04996
14641.1 3.04937
14641.5 3.04878
14641.8 3.04819
14642.2 3.0476
14642.6 3.04702
14642.9 3.04643
14643.3 3.04584
14643.7 3.04525
14644 3.04466
14644.4 3.04406
14644.8 3.04347
14645.1 3.04288
14645.5 3.04229
14645.9 3.0417
14646.2 3.0411
14646.6 3.04051
14647 3.03992
14647.3 3.03932
14647.7 3.03873
14648.1 3.03813
14648.4 3.03754
14648.8 3.03694
14649.2 3.03635
14649.5 3.03575
14649.9 3.03516
14650.3 3.03456
14650.6 3.03396
14651 3.03337
14651.4 3.03277
14651.7 3.03217
14652.1 3.03157
14652.5 3.03097
14652.8 3.03037
14653.2 3.02977
14653.6 3.02917
14653.9 3.02857
14654.3 3.02797
14654.7 3.02737
14655 3.02677
14655.4 3.02617
14655.8 3.02557
14656.1 3.02497
14656.5 3.02436
14656.9 3.02376
14657.2 3.02316
14657.6 3.02255
14658 3.02195
14658.3 3.02135
14658.7 3.02074
14659.1 3.02014
14659.4 3.01953
14659.8 3.01892
14660.2 3.01832
14660.5 3.01771
14660.9 3.01711
14661.3 3.0165
14661.6 3.01589
14662 3.01528
14662.4 3.01468
14662.7 3.01407
14663.1 3.01346
14663.5 3.01285
14663.8 3.01224
14664.2 3.01163
14664.5 3.01102
14664.9 3.01041
14665.3 3.0098
14665.6 3.00919
14666 3.00858
14666.4 3.00797
14666.7 3.00736
14667.1 3.00674
14667.5 3.00613
14667.8 3.00552
14668.2 3.00491
14668.6 3.00429
14668.9 3.00368
14669.3 3.00307
14669.7 3.00245
14670 3.00184
14670.4 3.00122
14670.8 3.00061
14671.1 2.99999
14671.5 2.99937
14671.9 2.99876
14672.2 2.99814
14672.6 2.99752
14673 2.99691
14673.3 2.99629
14673.7 2.99567
14674.1 2.99505
14674.4 2.99444
14674.8 2.99382
14675.2 2.9932
14675.5 2.99258
14675.9 2.99196
14676.3 2.99134
14676.6 2.99072
14677 2.9901
14677.4 2.98948
14677.7 2.98886
14678.1 2.98823
14678.5 2.98761
14678.8 2.98699
14679.2 2.98637
14679.6 2.98574
14679.9 2.98512
14680.3 2.9845
14680.7 2.98387
14681 2.98325
14681.4 2.98263
14681.8 2.982
14682.1 2.98138
14682.5 2.98075
14682.9 2.98013
14683.2 2.9795
14683.6 2.97888
14684 2.97825
14684.3 2.97762
14684.7 2.97699
14685.1 2.97637
14685.4 2.97574
14685.8 2.97511
14686.2 2.97448
14686.5 2.97386
14686.9 2.97323
14687.3 2.9726
14687.6 2.97197
14688 2.97134
14688.4 2.97071
14688.7 2.97008
14689.1 2.96945
14689.5 2.96882
14689.8 2.96819
14690.2 2.96756
14690.6 2.96693
14690.9 2.96629
14691.3 2.96566
14691.6 2.96503
14692 2.9644
14692.4 2.96376
14692.7 2.96313
14693.1 2.9625
14693.5 2.96186
14693.8 2.96123
14694.2 2.96059
14694.6 2.95996
14694.9 2.95932
14695.3 2.95869
14695.7 2.95805
14696 2.95742
14696.4 2.95678
14696.8 2.95615
14697.1 2.95551
14697.5 2.95487
14697.9 2.95424
14698.2 2.9536
14698.6 2.95296
14699 2.95232
14699.3 2.95168
14699.7 2.95105
14700.1 2.95041
14700.4 2.94977
14700.8 2.94913
14701.2 2.94849
14701.5 2.94785
14701.9 2.94721
14702.3 2.94657
14702.6 2.94593
14703 2.94529
14703.4 2.94465
14703.7 2.94401
14704.1 2.94336
14704.5 2.94272
14704.8 2.94208
14705.2 2.94144
14705.6 2.9408
14705.9 2.94015
14706.3 2.93951
14706.7 2.93887
14707 2.93822
14707.4 2.93758
14707.8 2.93693
14708.1 2.93629
14708.5 2.93564
14708.9 2.935
14709.2 2.93435
14709.6 2.93371
14710 2.93306
14710.3 2.93242
14710.7 2.93177
14711.1 2.93112
14711.4 2.93048
14711.8 2.92983
14712.2 2.92918
14712.5 2.92854
14712.9 2.92789
14713.3 2.92724
14713.6 2.92659
14714 2.92594
14714.4 2.92529
14714.7 2.92464
14715.1 2.924
14715.5 2.92335
14715.8 2.9227
14716.2 2.92205
14716.6 2.9214
14716.9 2.92075
14717.3 2.92009
14717.7 2.91944
14718 2.91879
14718.4 2.91814
14718.7 2.91749
14719.1 2.91684
14719.5 2.91618
14719.8 2.91553
14720.2 2.91488
14720.6 2.91423
14720.9 2.91357
14721.3 2.91292
14721.7 2.91227
14722 2.91161
14722.4 2.91096
14722.8 2.91031
14723.1 2.90965
14723.5 2.909
14723.9 2.90834
14724.2 2.90769
14724.6 2.90703
14725 2.90637
14725.3 2.90572
14725.7 2.90506
14726.1 2.90441
14726.4 2.90375
14726.8 2.90309
14727.2 2.90244
14727.5 2.90178
14727.9 2.90112
14728.3 2.90046
14728.6 2.8998
14729 2.89915
14729.4 2.89849
14729.7 2.89783
14730.1 2.89717
14730.5 2.89651
14730.8 2.89585
14731.2 2.89519
14731.6 2.89453
14731.9 2.89387
14732.3 2.89321
14732.7 2.89255
14733 2.89189
14733.4 2.89123
14733.8 2.89057
14734.1 2.88991
14734.5 2.88925
14734.9 2.88858
14735.2 2.88792
14735.6 2.88726
14736 2.8866
14736.3 2.88594
14736.7 2.88527
14737.1 2.88461
14737.4 2.88395
14737.8 2.88328
14738.2 2.88262
14738.5 2.88196
14738.9 2.88129
14739.3 2.88063
14739.6 2.87996
14740 2.8793
14740.4 2.87863
14740.7 2.87797
14741.1 2.8773
14741.5 2.87664
14741.8 2.87597
14742.2 2.87531
14742.6 2.87464
14742.9 2.87397
14743.3 2.87331
14743.7 2.87264
14744 2.87197
14744.4 2.87131
14744.8 2.87064
14745.1 2.86997
14745.5 2.8693
14745.8 2.86863
14746.2 2.86797
14746.6 2.8673
14746.9 2.86663
14747.3 2.86596
14747.7 2.86529
14748 2.86462
14748.4 2.86395
14748.8 2.86328
14749.1 2.86261
14749.5 2.86194
14749.9 2.86127
14750.2 2.8606
14750.6 2.85993
14751 2.85926
14751.3 2.85859
14751.7 2.85792
14752.1 2.85725
14752.4 2.85658
14752.8 2.85591
14753.2 2.85523
14753.5 2.85456
14753.9 2.85389
14754.3 2.85322
14754.6 2.85255
14755 2.85187
14755.4 2.8512
14755.7 2.85053
14756.1 2.84985
14756.5 2.84918
14756.8 2.84851
14757.2 2.84783
14757.6 2.84716
14757.9 2.84648
14758.3 2.84581
14758.7 2.84513
14759 2.84446
14759.4 2.84378
14759.8 2.84311
14760.1 2.84243
14760.5 2.84176
14760.9 2.84108
14761.2 2.84041
14761.6 2.83973
14762 2.83905
14762.3 2.83838
14762.7 2.8377
14763.1 2.83702
14763.4 2.83635
14763.8 2.83567
14764.2 2.83499
14764.5 2.83432
14764.9 2.83364
14765.3 2.83296
14765.6 2.83228
14766 2.8316
14766.4 2.83093
14766.7 2.83025
14767.1 2.82957
14767.5 2.82889
14767.8 2.82821
14768.2 2.82753
14768.6 2.82685
14768.9 2.82617
14769.3 2.82549
14769.7 2.82481
14770 2.82413
14770.4 2.82345
14770.8 2.82277
14771.1 2.82209
14771.5 2.82141
14771.8 2.82073
14772.2 2.82005
14772.6 2.81937
14772.9 2.81869
14773.3 2.81801
14773.7 2.81732
14774 2.81664
14774.4 2.81596
14774.8 2.81528
14775.1 2.8146
14775.5 2.81392
14775.9 2.81323
14776.2 2.81255
14776.6 2.81187
14777 2.81118
14777.3 2.8105
14777.7 2.80982
14778.1 2.80913
14778.4 2.80845
14778.8 2.80777
14779.2 2.80708
14779.5 2.8064
14779.9 2.80571
14780.3 2.80503
14780.6 2.80434
14781 2.80366
14781.4 2.80298
14781.7 2.80229
14782.1 2.80161
14782.5 2.80092
14782.8 2.80023
14783.2 2.79955
14783.6 2.79886
14783.9 2.79818
14784.3 2.79749
14784.7 2.79681
14785 2.79612
14785.4 2.79543
14785.8 2.79475
14786.1 2.79406
14786.5 2.79337
14786.9 2.79268
14787.2 2.792
14787.6 2.79131
14788 2.79062
14788.3 2.78994
14788.7 2.78925
14789.1 2.78856
14789.4 2.78787
14789.8 2.78718
14790.2 2.78649
14790.5 2.78581
14790.9 2.78512
14791.3 2.78443
14791.6 2.78374
14792 2.78305
14792.4 2.78236
14792.7 2.78167
14793.1 2.78098
14793.5 2.78029
14793.8 2.7796
14794.2 2.77891
14794.6 2.77822
14794.9 2.77753
14795.3 2.77684
14795.7 2.77615
14796 2.77546
14796.4 2.77477
14796.8 2.77408
14797.1 2.77339
14797.5 2.7727
14797.9 2.77201
14798.2 2.77132
14798.6 2.77063
14798.9 2.76993
14799.3 2.76924
14799.7 2.76855
14800 2.76786
14800.4 2.76717
14800.8 2.76648
14801.1 2.76578
14801.5 2.76509
14801.9 2.7644
14802.2 2.76371
14802.6 2.76301
14803 2.76232
14803.3 2.76163
14803.7 2.76093
14804.1 2.76024
14804.4 2.75955
14804.8 2.75885
14805.2 2.75816
14805.5 2.75747
14805.9 2.75677
14806.3 2.75608
14806.6 2.75539
14807 2.75469
14807.4 2.754
14807.7 2.7533
14808.1 2.75261
14808.5 2.75191
14808.8 2.75122
14809.2 2.75052
14809.6 2.74983
14809.9 2.74913
14810.3 2.74844
14810.7 2.74774
14811 2.74705
14811.4 2.74635
14811.8 2.74566
14812.1 2.74496
14812.5 2.74427
14812.9 2.74357
14813.2 2.74287
14813.6 2.74218
14814 2.74148
14814.3 2.74079
14814.7 2.74009
14815.1 2.73939
14815.4 2.7387
14815.8 2.738
14816.2 2.7373
14816.5 2.7366
14816.9 2.73591
14817.3 2.73521
14817.6 2.73451
14818 2.73382
14818.4 2.73312
14818.7 2.73242
14819.1 2.73172
14819.5 2.73103
14819.8 2.73033
14820.2 2.72963
14820.6 2.72893
14820.9 2.72823
14821.3 2.72754
14821.7 2.72684
14822 2.72614
14822.4 2.72544
14822.8 2.72474
14823.1 2.72404
14823.5 2.72334
14823.9 2.72264
14824.2 2.72195
14824.6 2.72125
14825 2.72055
14825.3 2.71985
14825.7 2.71915
14826 2.71845
14826.4 2.71775
14826.8 2.71705
14827.1 2.71635
14827.5 2.71565
14827.9 2.71495
14828.2 2.71425
14828.6 2.71355
14829 2.71285
14829.3 2.71215
14829.7 2.71145
14830.1 2.71075
14830.4 2.71005
14830.8 2.70935
14831.2 2.70865
14831.5 2.70795
14831.9 2.70724
14832.3 2.70654
14832.6 2.70584
14833 2.70514
14833.4 2.70444
14833.7 2.70374
14834.1 2.70304
14834.5 2.70234
14834.8 2.70163
14835.2 2.70093
14835.6 2.70023
14835.9 2.69953
14836.3 2.69883
14836.7 2.69812
14837 2.69742
14837.4 2.69672
14837.8 2.69602
14838.1 2.69532
14838.5 2.69461
14838.9 2.69391
14839.2 2.69321
14839.6 2.69251
14840 2.6918
14840.3 2.6911
14840.7 2.6904
14841.1 2.68969
14841.4 2.68899
14841.8 2.68829
14842.2 2.68759
14842.5 2.68688
14842.9 2.68618
14843.3 2.68548
14843.6 2.68477
14844 2.68407
14844.4 2.68337
14844.7 2.68266
14845.1 2.68196
14845.5 2.68125
14845.8 2.68055
14846.2 2.67985
14846.6 2.67914
14846.9 2.67844
14847.3 2.67773
14847.7 2.67703
14848 2.67632
14848.4 2.67562
14848.8 2.67492
14849.1 2.67421
14849.5 2.67351
14849.9 2.6728
14850.2 2.6721
14850.6 2.67139
14851 2.67069
14851.3 2.66998
14851.7 2.66928
14852 2.66857
14852.4 2.66787
14852.8 2.66716
14853.1 2.66646
14853.5 2.66575
14853.9 2.66505
14854.2 2.66434
14854.6 2.66364
14855 2.66293
14855.3 2.66223
14855.7 2.66152
14856.1 2.66082
14856.4 2.66011
14856.8 2.6594
14857.2 2.6587
14857.5 2.65799
14857.9 2.65729
14858.3 2.65658
14858.6 2.65588
14859 2.65517
14859.4 2.65446
14859.7 2.65376
14860.1 2.65305
14860.5 2.65234
14860.8 2.65164
14861.2 2.65093
14861.6 2.65023
14861.9 2.64952
14862.3 2.64881
14862.7 2.64811
14863 2.6474
14863.4 2.64669
14863.8 2.64599
14864.1 2.64528
14864.5 2.64457
14864.9 2.64387
14865.2 2.64316
14865.6 2.64245
14866 2.64174
14866.3 2.64104
14866.7 2.64033
14867.1 2.63962
14867.4 2.63892
14867.8 2.63821
14868.2 2.6375
14868.5 2.6368
14868.9 2.63609
14869.3 2.63538
14869.6 2.63467
14870 2.63397
14870.4 2.63326
14870.7 2.63255
14871.1 2.63184
14871.5 2.63114
14871.8 2.63043
14872.2 2.62972
14872.6 2.62901
14872.9 2.6283
14873.3 2.6276
14873.7 2.62689
14874 2.62618
14874.4 2.62547
14874.8 2.62476
14875.1 2.62406
14875.5 2.62335
14875.9 2.62264
14876.2 2.62193
14876.6 2.62123
14877 2.62052
14877.3 2.61981
14877.7 2.6191
14878.1 2.61839
14878.4 2.61768
14878.8 2.61698
14879.1 2.61627
14879.5 2.61556
14879.9 2.61485
14880.2 2.61414
14880.6 2.61343
14881 2.61272
14881.3 2.61202
14881.7 2.61131
14882.1 2.6106
14882.4 2.60989
14882.8 2.60918
14883.2 2.60847
14883.5 2.60776
14883.9 2.60706
14884.3 2.60635
14884.6 2.60564
14885 2.60493
14885.4 2.60422
14885.7 2.60351
14886.1 2.6028
14886.5 2.60209
14886.8 2.60138
14887.2 2.60068
14887.6 2.59997
14887.9 2.59926
14888.3 2.59855
14888.7 2.59784
14889 2.59713
14889.4 2.59642
14889.8 2.59571
14890.1 2.595
14890.5 2.59429
14890.9 2.59358
14891.2 2.59287
14891.6 2.59217
14892 2.59146
14892.3 2.59075
14892.7 2.59004
14893.1 2.58933
14893.4 2.58862
14893.8 2.58791
14894.2 2.5872
14894.5 2.58649
14894.9 2.58578
14895.3 2.58507
14895.6 2.58436
14896 2.58365
14896.4 2.58294
14896.7 2.58223
14897.1 2.58153
14897.5 2.58082
14897.8 2.58011
14898.2 2.5794
14898.6 2.57869
14898.9 2.57798
14899.3 2.57727
14899.7 2.57656
14900 2.57585
14900.4 2.57514
14900.8 2.57443
14901.1 2.57372
14901.5 2.57301
14901.9 2.5723
14902.2 2.57159
14902.6 2.57088
14903 2.57017
14903.3 2.56946
14903.7 2.56875
14904.1 2.56804
14904.4 2.56733
14904.8 2.56662
14905.2 2.56591
14905.5 2.5652
14905.9 2.5645
14906.2 2.56379
14906.6 2.56308
14907 2.56237
14907.3 2.56166
14907.7 2.56095
14908.1 2.56024
14908.4 2.55953
14908.8 2.55882
14909.2 2.55811
14909.5 2.5574
14909.9 2.55669
14910.3 2.55598
14910.6 2.55527
14911 2.55456
14911.4 2.55385
14911.7 2.55314
14912.1 2.55243
14912.5 2.55172
14912.8 2.55101
14913.2 2.5503
14913.6 2.54959
14913.9 2.54888
14914.3 2.54817
14914.7 2.54746
14915 2.54675
14915.4 2.54604
14915.8 2.54533
14916.1 2.54462
14916.5 2.54391
14916.9 2.5432
14917.2 2.54249
14917.6 2.54178
14918 2.54107
14918.3 2.54037
14918.7 2.53966
14919.1 2.53895
14919.4 2.53824
14919.8 2.53753
14920.2 2.53682
14920.5 2.53611
14920.9 2.5354
14921.3 2.53469
14921.6 2.53398
14922 2.53327
14922.4 2.53256
14922.7 2.53185
14923.1 2.53114
14923.5 2.53043
14923.8 2.52972
14924.2 2.52901
14924.6 2.5283
14924.9 2.52759
14925.3 2.52688
14925.7 2.52617
14926 2.52547
14926.4 2.52476
14926.8 2.52405
14927.1 2.52334
14927.5 2.52263
14927.9 2.52192
14928.2 2.52121
14928.6 2.5205
14929 2.51979
14929.3 2.51908
14929.7 2.51837
14930.1 2.51766
14930.4 2.51695
14930.8 2.51624
14931.2 2.51553
14931.5 2.51483
14931.9 2.51412
14932.3 2.51341
14932.6 2.5127
14933 2.51199
14933.3 2.51128
14933.7 2.51057
14934.1 2.50986
14934.4 2.50915
14934.8 2.50844
14935.2 2.50774
14935.5 2.50703
14935.9 2.50632
14936.3 2.50561
14936.6 2.5049
14937 2.50419
14937.4 2.50348
14937.7 2.50277
14938.1 2.50206
14938.5 2.50136
14938.8 2.50065
14939.2 2.49994
14939.6 2.49923
14939.9 2.49852
14940.3 2.49781
14940.7 2.4971
14941 2.49639
14941.4 2.49569
14941.8 2.49498
14942.1 2.49427
14942.5 2.49356
14942.9 2.49285
14943.2 2.49214
14943.6 2.49144
14944 2.49073
14944.3 2.49002
14944.7 2.48931
14945.1 2.4886
14945.4 2.48789
14945.8 2.48719
14946.2 2.48648
14946.5 2.48577
14946.9 2.48506
14947.3 2.48435
14947.6 2.48365
14948 2.48294
14948.4 2.48223
14948.7 2.48152
14949.1 2.48081
14949.5 2.48011
14949.8 2.4794
14950.2 2.47869
14950.6 2.47798
14950.9 2.47727
14951.3 2.47657
14951.7 2.47586
14952 2.47515
14952.4 2.47444
14952.8 2.47374
14953.1 2.47303
14953.5 2.47232
14953.9 2.47161
14954.2 2.47091
14954.6 2.4702
14955 2.46949
14955.3 2.46878
14955.7 2.46808
14956.1 2.46737
14956.4 2.46666
14956.8 2.46595
14957.2 2.46525
14957.5 2.46454
14957.9 2.46383
14958.3 2.46313
14958.6 2.46242
14959 2.46171
14959.3 2.46101
14959.7 2.4603
14960.1 2.45959
14960.4 2.45889
14960.8 2.45818
14961.2 2.45747
14961.5 2.45677
14961.9 2.45606
14962.3 2.45535
14962.6 2.45465
14963 2.45394
14963.4 2.45323
14963.7 2.45253
14964.1 2.45182
14964.5 2.45111
14964.8 2.45041
14965.2 2.4497
14965.6 2.449
14965.9 2.44829
14966.3 2.44758
14966.7 2.44688
14967 2.44617
14967.4 2.44547
14967.8 2.44476
14968.1 2.44405
14968.5 2.44335
14968.9 2.44264
14969.2 2.44194
14969.6 2.44123
14970 2.44053
14970.3 2.43982
14970.7 2.43912
14971.1 2.43841
14971.4 2.43771
14971.8 2.437
14972.2 2.43629
14972.5 2.43559
14972.9 2.43488
14973.3 2.43418
14973.6 2.43347
14974 2.43277
14974.4 2.43206
14974.7 2.43136
14975.1 2.43065
14975.5 2.42995
14975.8 2.42924
14976.2 2.42854
14976.6 2.42784
14976.9 2.42713
14977.3 2.42643
14977.7 2.42572
14978 2.42502
14978.4 2.42431
14978.8 2.42361
14979.1 2.42291
14979.5 2.4222
14979.9 2.4215
14980.2 2.42079
14980.6 2.42009
14981 2.41939
14981.3 2.41868
14981.7 2.41798
14982.1 2.41727
14982.4 2.41657
14982.8 2.41587
14983.2 2.41516
14983.5 2.41446
14983.9 2.41376
14984.3 2.41305
14984.6 2.41235
14985 2.41165
14985.4 2.41094
14985.7 2.41024
14986.1 2.40954
14986.4 2.40883
14986.8 2.40813
14987.2 2.40743
14987.5 2.40673
14987.9 2.40602
14988.3 2.40532
14988.6 2.40462
14989 2.40392
14989.4 2.40321
14989.7 2.40251
14990.1 2.40181
14990.5 2.40111
14990.8 2.4004
14991.2 2.3997
14991.6 2.399
14991.9 2.3983
14992.3 2.3976
14992.7 2.39689
14993 2.39619
14993.4 2.39549
14993.8 2.39479
14994.1 2.39409
14994.5 2.39339
14994.9 2.39268
14995.2 2.39198
14995.6 2.39128
14996 2.39058
14996.3 2.38988
14996.7 2.38918
14997.1 2.38848
14997.4 2.38778
14997.8 2.38708
14998.2 2.38637
14998.5 2.38567
14998.9 2.38497
14999.3 2.38427
14999.6 2.38357
15000 2.38287
15000.4 2.38217
15000.7 2.38147
15001.1 2.38077
15001.5 2.38007
15001.8 2.37937
15002.2 2.37867
15002.6 2.37797
15002.9 2.37727
15003.3 2.37657
15003.7 2.37587
15004 2.37517
15004.4 2.37447
15004.8 2.37377
15005.1 2.37307
15005.5 2.37237
15005.9 2.37167
15006.2 2.37097
15006.6 2.37027
15007 2.36958
15007.3 2.36888
15007.7 2.36818
15008.1 2.36748
15008.4 2.36678
15008.8 2.36608
15009.2 2.36538
15009.5 2.36468
15009.9 2.36399
15010.3 2.36329
15010.6 2.36259
15011 2.36189
15011.4 2.36119
15011.7 2.36049
15012.1 2.3598
15012.5 2.3591
15012.8 2.3584
15013.2 2.3577
15013.5 2.35701
15013.9 2.35631
15014.3 2.35561
15014.6 2.35491
15015 2.35422
15015.4 2.35352
15015.7 2.35282
15016.1 2.35212
15016.5 2.35143
15016.8 2.35073
15017.2 2.35003
15017.6 2.34934
15017.9 2.34864
15018.3 2.34794
15018.7 2.34725
15019 2.34655
15019.4 2.34585
15019.8 2.34516
15020.1 2.34446
15020.5 2.34376
15020.9 2.34307
15021.2 2.34237
15021.6 2.34168
15022 2.34098
15022.3 2.34028
15022.7 2.33959
15023.1 2.33889
15023.4 2.3382
15023.8 2.3375
15024.2 2.33681
15024.5 2.33611
15024.9 2.33542
15025.3 2.33472
15025.6 2.33403
15026 2.33333
15026.4 2.33264
15026.7 2.33194
15027.1 2.33125
15027.5 2.33055
15027.8 2.32986
15028.2 2.32917
15028.6 2.32847
15028.9 2.32778
15029.3 2.32708
15029.7 2.32639
15030 2.3257
15030.4 2.325
15030.8 2.32431
15031.1 2.32362
15031.5 2.32292
15031.9 2.32223
15032.2 2.32153
15032.6 2.32084
15033 2.32015
15033.3 2.31946
15033.7 2.31876
15034.1 2.31807
15034.4 2.31738
15034.8 2.31668
15035.2 2.31599
15035.5 2.3153
15035.9 2.31461
15036.3 2.31392
15036.6 2.31322
15037 2.31253
15037.4 2.31184
15037.7 2.31115
15038.1 2.31045
15038.5 2.30976
15038.8 2.30907
15039.2 2.30838
15039.5 2.30769
15039.9 2.307
15040.3 2.30631
15040.6 2.30562
15041 2.30492
15041.4 2.30423
15041.7 2.30354
15042.1 2.30285
15042.5 2.30216
15042.8 2.30147
15043.2 2.30078
15043.6 2.30009
15043.9 2.2994
15044.3 2.29871
15044.7 2.29802
15045 2.29733
15045.4 2.29664
15045.8 2.29595
15046.1 2.29526
15046.5 2.29457
15046.9 2.29388
15047.2 2.29319
15047.6 2.2925
15048 2.29181
15048.3 2.29112
15048.7 2.29044
15049.1 2.28975
15049.4 2.28906
15049.8 2.28837
15050.2 2.28768
15050.5 2.28699
15050.9 2.2863
15051.3 2.28562
15051.6 2.28493
15052 2.28424
15052.4 2.28355
15052.7 2.28286
15053.1 2.28218
15053.5 2.28149
15053.8 2.2808
15054.2 2.28011
15054.6 2.27943
15054.9 2.27874
15055.3 2.27805
15055.7 2.27737
15056 2.27668
15056.4 2.27599
15056.8 2.2753
15057.1 2.27462
15057.5 2.27393
15057.9 2.27325
15058.2 2.27256
15058.6 2.27187
15059 2.27119
15059.3 2.2705
15059.7 2.26981
15060.1 2.26913
15060.4 2.26844
15060.8 2.26776
15061.2 2.26707
15061.5 2.26639
15061.9 2.2657
15062.3 2.26502
15062.6 2.26433
15063 2.26365
15063.4 2.26296
15063.7 2.26228
15064.1 2.26159
15064.5 2.26091
15064.8 2.26023
15065.2 2.25954
15065.6 2.25886
15065.9 2.25817
15066.3 2.25749
15066.6 2.25681
15067 2.25612
15067.4 2.25544
15067.7 2.25475
15068.1 2.25407
15068.5 2.25339
15068.8 2.25271
15069.2 2.25202
15069.6 2.25134
15069.9 2.25066
15070.3 2.24997
15070.7 2.24929
15071 2.24861
15071.4 2.24793
15071.8 2.24725
15072.1 2.24656
15072.5 2.24588
15072.9 2.2452
15073.2 2.24452
15073.6 2.24384
15074 2.24315
15074.3 2.24247
15074.7 2.24179
15075.1 2.24111
15075.4 2.24043
15075.8 2.23975
15076.2 2.23907
15076.5 2.23839
15076.9 2.23771
15077.3 2.23703
15077.6 2.23635
15078 2.23567
15078.4 2.23499
15078.7 2.23431
15079.1 2.23363
15079.5 2.23295
15079.8 2.23227
15080.2 2.23159
15080.6 2.23091
15080.9 2.23023
15081.3 2.22955
15081.7 2.22887
15082 2.22819
15082.4 2.22751
15082.8 2.22683
15083.1 2.22615
15083.5 2.22548
15083.9 2.2248
15084.2 2.22412
15084.6 2.22344
15085 2.22276
15085.3 2.22209
15085.7 2.22141
15086.1 2.22073
15086.4 2.22005
15086.8 2.21938
15087.2 2.2187
15087.5 2.21802
15087.9 2.21734
15088.3 2.21667
15088.6 2.21599
15089 2.21531
15089.4 2.21464
15089.7 2.21396
15090.1 2.21328
15090.5 2.21261
15090.8 2.21193
15091.2 2.21126
15091.6 2.21058
15091.9 2.2099
15092.3 2.20923
15092.7 2.20855
15093 2.20788
15093.4 2.2072
15093.7 2.20653
15094.1 2.20585
15094.5 2.20518
15094.8 2.2045
15095.2 2.20383
15095.6 2.20315
15095.9 2.20248
15096.3 2.20181
15096.7 2.20113
15097 2.20046
15097.4 2.19978
15097.8 2.19911
15098.1 2.19844
15098.5 2.19776
15098.9 2.19709
15099.2 2.19642
15099.6 2.19574
15100 2.19507
15100.3 2.1944
15100.7 2.19372
15101.1 2.19305
15101.4 2.19238
15101.8 2.19171
15102.2 2.19103
15102.5 2.19036
15102.9 2.18969
15103.3 2.18902
15103.6 2.18835
15104 2.18768
15104.4 2.187
15104.7 2.18633
15105.1 2.18566
15105.5 2.18499
15105.8 2.18432
15106.2 2.18365
15106.6 2.18298
15106.9 2.18231
15107.3 2.18164
15107.7 2.18097
15108 2.1803
15108.4 2.17963
15108.8 2.17896
15109.1 2.17829
15109.5 2.17762
15109.9 2.17695
15110.2 2.17628
15110.6 2.17561
15111 2.17494
15111.3 2.17427
15111.7 2.1736
15112.1 2.17293
15112.4 2.17227
15112.8 2.1716
15113.2 2.17093
15113.5 2.17026
15113.9 2.16959
15114.3 2.16892
15114.6 2.16826
15115 2.16759
15115.4 2.16692
15115.7 2.16625
15116.1 2.16559
15116.5 2.16492
15116.8 2.16425
15117.2 2.16358
15117.6 2.16292
15117.9 2.16225
15118.3 2.16158
15118.7 2.16092
15119 2.16025
15119.4 2.15959
15119.8 2.15892
15120.1 2.15825
15120.5 2.15759
15120.8 2.15692
15121.2 2.15626
15121.6 2.15559
15121.9 2.15493
15122.3 2.15426
15122.7 2.1536
15123 2.15293
15123.4 2.15227
15123.8 2.1516
15124.1 2.15094
15124.5 2.15027
15124.9 2.14961
15125.2 2.14895
15125.6 2.14828
15126 2.14762
15126.3 2.14695
15126.7 2.14629
15127.1 2.14563
15127.4 2.14497
15127.8 2.1443
15128.2 2.14364
15128.5 2.14298
15128.9 2.14231
15129.3 2.14165
15129.6 2.14099
15130 2.14033
15130.4 2.13967
15130.7 2.139
15131.1 2.13834
15131.5 2.13768
15131.8 2.13702
15132.2 2.13636
15132.6 2.1357
15132.9 2.13503
15133.3 2.13437
15133.7 2.13371
15134 2.13305
15134.4 2.13239
15134.8 2.13173
15135.1 2.13107
15135.5 2.13041
15135.9 2.12975
15136.2 2.12909
15136.6 2.12843
15137 2.12777
15137.3 2.12711
15137.7 2.12645
15138.1 2.12579
15138.4 2.12513
15138.8 2.12448
15139.2 2.12382
15139.5 2.12316
15139.9 2.1225
15140.3 2.12184
15140.6 2.12118
15141 2.12053
15141.4 2.11987
15141.7 2.11921
15142.1 2.11855
15142.5 2.1179
15142.8 2.11724
15143.2 2.11658
15143.6 2.11592
15143.9 2.11527
15144.3 2.11461
15144.7 2.11395
15145 2.1133
15145.4 2.11264
15145.8 2.11198
15146.1 2.11133
15146.5 2.11067
15146.8 2.11002
15147.2 2.10936
15147.6 2.10871
15147.9 2.10805
15148.3 2.10739
15148.7 2.10674
15149 2.10609
15149.4 2.10543
15149.8 2.10478
15150.1 2.10412
15150.5 2.10347
15150.9 2.10281
15151.2 2.10216
15151.6 2.10151
15152 2.10085
15152.3 2.1002
15152.7 2.09954
15153.1 2.09889
15153.4 2.09824
15153.8 2.09758
15154.2 2.09693
15154.5 2.09628
15154.9 2.09563
15155.3 2.09497
15155.6 2.09432
15156 2.09367
15156.4 2.09302
15156.7 2.09237
15157.1 2.09171
15157.5 2.09106
15157.8 2.09041
15158.2 2.08976
15158.6 2.08911
15158.9 2.08846
15159.3 2.08781
15159.7 2.08716
15160 2.08651
15160.4 2.08586
15160.8 2.08521
15161.1 2.08456
15161.5 2.08391
15161.9 2.08326
15162.2 2.08261
15162.6 2.08196
15163 2.08131
15163.3 2.08066
15163.7 2.08001
15164.1 2.07936
15164.4 2.07871
15164.8 2.07806
15165.2 2.07741
15165.5 2.07677
15165.9 2.07612
15166.3 2.07547
15166.6 2.07482
15167 2.07417
15167.4 2.07353
15167.7 2.07288
15168.1 2.07223
15168.5 2.07158
15168.8 2.07094
15169.2 2.07029
15169.6 2.06964
15169.9 2.069
15170.3 2.06835
15170.7 2.0677
15171 2.06706
15171.4 2.06641
15171.8 2.06577
15172.1 2.06512
15172.5 2.06448
15172.9 2.06383
15173.2 2.06319
15173.6 2.06254
15173.9 2.0619
15174.3 2.06125
15174.7 2.06061
15175 2.05996
15175.4 2.05932
15175.8 2.05867
15176.1 2.05803
15176.5 2.05738
15176.9 2.05674
15177.2 2.0561
15177.6 2.05545
15178 2.05481
15178.3 2.05417
15178.7 2.05353
15179.1 2.05288
15179.4 2.05224
15179.8 2.0516
15180.2 2.05096
15180.5 2.05031
15180.9 2.04967
15181.3 2.04903
15181.6 2.04839
15182 2.04775
15182.4 2.0471
15182.7 2.04646
15183.1 2.04582
15183.5 2.04518
15183.8 2.04454
15184.2 2.0439
15184.6 2.04326
15184.9 2.04262
15185.3 2.04198
15185.7 2.04134
15186 2.0407
15186.4 2.04006
15186.8 2.03942
15187.1 2.03878
15187.5 2.03814
15187.9 2.0375
15188.2 2.03686
15188.6 2.03622
15189 2.03559
15189.3 2.03495
15189.7 2.03431
15190.1 2.03367
15190.4 2.03303
15190.8 2.03239
15191.2 2.03176
15191.5 2.03112
15191.9 2.03048
15192.3 2.02984
15192.6 2.02921
15193 2.02857
15193.4 2.02793
15193.7 2.0273
15194.1 2.02666
15194.5 2.02602
15194.8 2.02539
15195.2 2.02475
15195.6 2.02412
15195.9 2.02348
15196.3 2.02285
15196.7 2.02221
15197 2.02157
15197.4 2.02094
15197.8 2.0203
15198.1 2.01967
15198.5 2.01904
15198.9 2.0184
15199.2 2.01777
15199.6 2.01713
15200 2.0165
15200.3 2.01586
15200.7 2.01523
15201 2.0146
15201.4 2.01396
15201.8 2.01333
15202.1 2.0127
15202.5 2.01207
15202.9 2.01143
15203.2 2.0108
15203.6 2.01017
15204 2.00954
15204.3 2.0089
15204.7 2.00827
15205.1 2.00764
15205.4 2.00701
15205.8 2.00638
15206.2 2.00575
15206.5 2.00511
15206.9 2.00448
15207.3 2.00385
15207.6 2.00322
15208 2.00259
15208.4 2.00196
15208.7 2.00133
15209.1 2.0007
15209.5 2.00007
15209.8 1.99944
15210.2 1.99881
15210.6 1.99818
15210.9 1.99755
15211.3 1.99692
15211.7 1.99629
15212 1.99567
15212.4 1.99504
15212.8 1.99441
15213.1 1.99378
15213.5 1.99315
15213.9 1.99252
15214.2 1.9919
15214.6 1.99127
15215 1.99064
15215.3 1.99001
15215.7 1.98939
15216.1 1.98876
15216.4 1.98813
15216.8 1.98751
15217.2 1.98688
15217.5 1.98625
15217.9 1.98563
15218.3 1.985
15218.6 1.98438
15219 1.98375
15219.4 1.98312
15219.7 1.9825
15220.1 1.98187
15220.5 1.98125
15220.8 1.98062
15221.2 1.98
15221.6 1.97937
15221.9 1.97875
15222.3 1.97813
15222.7 1.9775
15223 1.97688
15223.4 1.97625
15223.8 1.97563
15224.1 1.97501
15224.5 1.97438
15224.9 1.97376
15225.2 1.97314
15225.6 1.97251
15226 1.97189
15226.3 1.97127
15226.7 1.97065
15227 1.97002
15227.4 1.9694
15227.8 1.96878
15228.1 1.96816
15228.5 1.96754
15228.9 1.96692
15229.2 1.9663
15229.6 1.96567
15230 1.96505
15230.3 1.96443
15230.7 1.96381
15231.1 1.96319
15231.4 1.96257
15231.8 1.96195
15232.2 1.96133
15232.5 1.96071
15232.9 1.96009
15233.3 1.95947
15233.6 1.95885
15234 1.95824
15234.4 1.95762
15234.7 1.957
15235.1 1.95638
15235.5 1.95576
15235.8 1.95514
15236.2 1.95452
15236.6 1.95391
15236.9 1.95329
15237.3 1.95267
15237.7 1.95205
15238 1.95144
15238.4 1.95082
15238.8 1.9502
15239.1 1.94959
15239.5 1.94897
15239.9 1.94835
15240.2 1.94774
15240.6 1.94712
15241 1.9465
15241.3 1.94589
15241.7 1.94527
15242.1 1.94466
15242.4 1.94404
15242.8 1.94343
15243.2 1.94281
15243.5 1.9422
15243.9 1.94158
15244.3 1.94097
15244.6 1.94035
15245 1.93974
15245.4 1.93913
15245.7 1.93851
15246.1 1.9379
15246.5 1.93728
15246.8 1.93667
15247.2 1.93606
15247.6 1.93545
15247.9 1.93483
15248.3 1.93422
15248.7 1.93361
15249 1.93299
15249.4 1.93238
15249.8 1.93177
15250.1 1.93116
15250.5 1.93055
15250.9 1.92994
15251.2 1.92932
15251.6 1.92871
15252 1.9281
15252.3 1.92749
15252.7 1.92688
15253.1 1.92627
15253.4 1.92566
15253.8 1.92505
15254.1 1.92444
15254.5 1.92383
15254.9 1.92322
15255.2 1.92261
15255.6 1.922
15256 1.92139
15256.3 1.92078
15256.7 1.92018
15257.1 1.91957
15257.4 1.91896
15257.8 1.91835
15258.2 1.91774
15258.5 1.91713
15258.9 1.91653
15259.3 1.91592
15259.6 1.91531
15260 1.9147
15260.4 1.9141
15260.7 1.91349
15261.1 1.91288
15261.5 1.91228
15261.8 1.91167
15262.2 1.91106
15262.6 1.91046
15262.9 1.90985
15263.3 1.90924
15263.7 1.90864
15264 1.90803
15264.4 1.90743
15264.8 1.90682
15265.1 1.90622
15265.5 1.90561
15265.9 1.90501
15266.2 1.90441
15266.6 1.9038
15267 1.9032
15267.3 1.90259
15267.7 1.90199
15268.1 1.90139
15268.4 1.90078
15268.8 1.90018
15269.2 1.89957
15269.5 1.89897
15269.9 1.89837
15270.3 1.89777
15270.6 1.89716
15271 1.89656
15271.4 1.89596
15271.7 1.89536
15272.1 1.89476
15272.5 1.89415
15272.8 1.89355
15273.2 1.89295
15273.6 1.89235
15273.9 1.89175
15274.3 1.89115
15274.7 1.89055
15275 1.88995
15275.4 1.88935
15275.8 1.88875
15276.1 1.88815
15276.5 1.88755
15276.9 1.88695
15277.2 1.88635
15277.6 1.88575
15278 1.88515
15278.3 1.88455
15278.7 1.88395
15279.1 1.88335
15279.4 1.88276
15279.8 1.88216
15280.2 1.88156
15280.5 1.88096
15280.9 1.88036
15281.2 1.87977
15281.6 1.87917
15282 1.87857
15282.3 1.87797
15282.7 1.87738
15283.1 1.87678
15283.4 1.87618
15283.8 1.87559
15284.2 1.87499
15284.5 1.8744
15284.9 1.8738
15285.3 1.87321
15285.6 1.87261
15286 1.87201
15286.4 1.87142
15286.7 1.87082
15287.1 1.87023
15287.5 1.86963
15287.8 1.86904
15288.2 1.86845
15288.6 1.86785
15288.9 1.86726
15289.3 1.86666
15289.7 1.86607
15290 1.86548
15290.4 1.86488
15290.8 1.86429
15291.1 1.8637
15291.5 1.8631
15291.9 1.86251
15292.2 1.86192
15292.6 1.86133
15293 1.86074
15293.3 1.86014
15293.7 1.85955
15294.1 1.85896
15294.4 1.85837
15294.8 1.85778
15295.2 1.85719
15295.5 1.8566
15295.9 1.856
15296.3 1.85541
15296.6 1.85482
15297 1.85423
15297.4 1.85364
15297.7 1.85305
15298.1 1.85246
15298.5 1.85187
15298.8 1.85128
15299.2 1.8507
15299.6 1.85011
15299.9 1.84952
15300.3 1.84893
15300.7 1.84834
15301 1.84775
15301.4 1.84716
15301.8 1.84658
15302.1 1.84599
15302.5 1.8454
15302.9 1.84481
15303.2 1.84423
15303.6 1.84364
15304 1.84305
15304.3 1.84247
15304.7 1.84188
15305.1 1.84129
15305.4 1.84071
15305.8 1.84012
15306.2 1.83953
15306.5 1.83895
15306.9 1.83836
15307.3 1.83778
15307.6 1.83719
15308 1.83661
15308.3 1.83602
15308.7 1.83544
15309.1 1.83485
15309.4 1.83427
15309.8 1.83368
15310.2 1.8331
15310.5 1.83252
15310.9 1.83193
15311.3 1.83135
15311.6 1.83077
15312 1.83018
15312.4 1.8296
15312.7 1.82902
15313.1 1.82843
15313.5 1.82785
15313.8 1.82727
15314.2 1.82669
15314.6 1.82611
15314.9 1.82552
15315.3 1.82494
15315.7 1.82436
15316 1.82378
15316.4 1.8232
15316.8 1.82262
15317.1 1.82204
15317.5 1.82146
15317.9 1.82088
15318.2 1.8203
15318.6 1.81972
15319 1.81914
15319.3 1.81856
15319.7 1.81798
15320.1 1.8174
15320.4 1.81682
15320.8 1.81624
15321.2 1.81566
15321.5 1.81508
15321.9 1.8145
15322.3 1.81392
15322.6 1.81335
15323 1.81277
15323.4 1.81219
15323.7 1.81161
15324.1 1.81104
15324.5 1.81046
15324.8 1.80988
15325.2 1.8093
15325.6 1.80873
15325.9 1.80815
15326.3 1.80757
15326.7 1.807
15327 1.80642
15327.4 1.80585
15327.8 1.80527
15328.1 1.8047
15328.5 1.80412
15328.9 1.80354
15329.2 1.80297
15329.6 1.80239
15330 1.80182
15330.3 1.80125
15330.7 1.80067
15331.1 1.8001
15331.4 1.79952
15331.8 1.79895
15332.2 1.79838
15332.5 1.7978
15332.9 1.79723
15333.3 1.79666
15333.6 1.79608
15334 1.79551
15334.3 1.79494
15334.7 1.79436
15335.1 1.79379
15335.4 1.79322
15335.8 1.79265
15336.2 1.79208
15336.5 1.7915
15336.9 1.79093
15337.3 1.79036
15337.6 1.78979
15338 1.78922
15338.4 1.78865
15338.7 1.78808
15339.1 1.78751
15339.5 1.78694
15339.8 1.78637
15340.2 1.7858
15340.6 1.78523
15340.9 1.78466
15341.3 1.78409
15341.7 1.78352
15342 1.78295
15342.4 1.78238
15342.8 1.78181
15343.1 1.78125
15343.5 1.78068
15343.9 1.78011
15344.2 1.77954
15344.6 1.77897
15345 1.77841
15345.3 1.77784
15345.7 1.77727
15346.1 1.7767
15346.4 1.77614
15346.8 1.77557
15347.2 1.775
15347.5 1.77444
15347.9 1.77387
15348.3 1.77331
15348.6 1.77274
15349 1.77217
15349.4 1.77161
15349.7 1.77104
15350.1 1.77048
15350.5 1.76991
15350.8 1.76935
15351.2 1.76878
15351.6 1.76822
15351.9 1.76766
15352.3 1.76709
15352.7 1.76653
15353 1.76596
15353.4 1.7654
15353.8 1.76484
15354.1 1.76427
15354.5 1.76371
15354.9 1.76315
15355.2 1.76258
15355.6 1.76202
15356 1.76146
15356.3 1.7609
15356.7 1.76034
15357.1 1.75977
15357.4 1.75921
15357.8 1.75865
15358.2 1.75809
15358.5 1.75753
15358.9 1.75697
15359.3 1.75641
15359.6 1.75585
15360 1.75529
15360.4 1.75473
15360.7 1.75417
15361.1 1.75361
15361.4 1.75305
15361.8 1.75249
15362.2 1.75193
15362.5 1.75137
15362.9 1.75081
15363.3 1.75025
15363.6 1.74969
15364 1.74913
15364.4 1.74857
15364.7 1.74802
15365.1 1.74746
15365.5 1.7469
15365.8 1.74634
15366.2 1.74579
15366.6 1.74523
15366.9 1.74467
15367.3 1.74411
15367.7 1.74356
15368 1.743
15368.4 1.74244
15368.8 1.74189
15369.1 1.74133
15369.5 1.74078
15369.9 1.74022
15370.2 1.73966
15370.6 1.73911
15371 1.73855
15371.3 1.738
15371.7 1.73744
15372.1 1.73689
15372.4 1.73633
15372.8 1.73578
15373.2 1.73523
15373.5 1.73467
15373.9 1.73412
15374.3 1.73356
15374.6 1.73301
15375 1.73246
15375.4 1.7319
15375.7 1.73135
15376.1 1.7308
15376.5 1.73025
15376.8 1.72969
15377.2 1.72914
15377.6 1.72859
15377.9 1.72804
15378.3 1.72749
15378.7 1.72693
15379 1.72638
15379.4 1.72583
15379.8 1.72528
15380.1 1.72473
15380.5 1.72418
15380.9 1.72363
15381.2 1.72308
15381.6 1.72253
15382 1.72198
15382.3 1.72143
15382.7 1.72088
15383.1 1.72033
15383.4 1.71978
15383.8 1.71923
15384.2 1.71868
15384.5 1.71813
15384.9 1.71759
15385.3 1.71704
15385.6 1.71649
15386 1.71594
15386.4 1.71539
15386.7 1.71485
15387.1 1.7143
15387.5 1.71375
15387.8 1.7132
15388.2 1.71266
15388.5 1.71211
15388.9 1.71156
15389.3 1.71102
15389.6 1.71047
15390 1.70992
15390.4 1.70938
15390.7 1.70883
15391.1 1.70829
15391.5 1.70774
15391.8 1.7072
15392.2 1.70665
15392.6 1.70611
15392.9 1.70556
15393.3 1.70502
15393.7 1.70447
15394 1.70393
15394.4 1.70338
15394.8 1.70284
15395.1 1.7023
15395.5 1.70175
15395.9 1.70121
15396.2 1.70067
15396.6 1.70012
15397 1.69958
15397.3 1.69904
15397.7 1.6985
15398.1 1.69795
15398.4 1.69741
15398.8 1.69687
15399.2 1.69633
15399.5 1.69579
15399.9 1.69524
15400.3 1.6947
15400.6 1.69416
15401 1.69362
15401.4 1.69308
15401.7 1.69254
15402.1 1.692
15402.5 1.69146
15402.8 1.69092
15403.2 1.69038
15403.6 1.68984
15403.9 1.6893
15404.3 1.68876
15404.7 1.68822
15405 1.68768
15405.4 1.68714
15405.8 1.68661
15406.1 1.68607
15406.5 1.68553
15406.9 1.68499
15407.2 1.68445
15407.6 1.68391
15408 1.68338
15408.3 1.68284
15408.7 1.6823
15409.1 1.68177
15409.4 1.68123
15409.8 1.68069
15410.2 1.68016
15410.5 1.67962
15410.9 1.67908
15411.3 1.67855
15411.6 1.67801
15412 1.67748
15412.4 1.67694
15412.7 1.6764
15413.1 1.67587
15413.5 1.67533
15413.8 1.6748
15414.2 1.67427
15414.5 1.67373
15414.9 1.6732
15415.3 1.67266
15415.6 1.67213
15416 1.67159
15416.4 1.67106
15416.7 1.67053
15417.1 1.66999
15417.5 1.66946
15417.8 1.66893
15418.2 1.6684
15418.6 1.66786
15418.9 1.66733
15419.3 1.6668
15419.7 1.66627
15420 1.66573
15420.4 1.6652
15420.8 1.66467
15421.1 1.66414
15421.5 1.66361
15421.9 1.66308
15422.2 1.66255
15422.6 1.66202
15423 1.66149
15423.3 1.66096
15423.7 1.66043
15424.1 1.6599
15424.4 1.65937
15424.8 1.65884
15425.2 1.65831
15425.5 1.65778
15425.9 1.65725
15426.3 1.65672
15426.6 1.65619
15427 1.65566
15427.4 1.65513
15427.7 1.65461
15428.1 1.65408
15428.5 1.65355
15428.8 1.65302
15429.2 1.6525
15429.6 1.65197
15429.9 1.65144
15430.3 1.65091
15430.7 1.65039
15431 1.64986
15431.4 1.64933
15431.8 1.64881
15432.1 1.64828
15432.5 1.64776
15432.9 1.64723
15433.2 1.6467
15433.6 1.64618
15434 1.64565
15434.3 1.64513
15434.7 1.6446
15435.1 1.64408
15435.4 1.64355
15435.8 1.64303
15436.2 1.64251
15436.5 1.64198
15436.9 1.64146
15437.3 1.64093
15437.6 1.64041
15438 1.63989
15438.4 1.63936
15438.7 1.63884
15439.1 1.63832
15439.5 1.6378
15439.8 1.63727
15440.2 1.63675
15440.6 1.63623
15440.9 1.63571
15441.3 1.63519
15441.6 1.63466
15442 1.63414
15442.4 1.63362
15442.7 1.6331
15443.1 1.63258
15443.5 1.63206
15443.8 1.63154
15444.2 1.63102
15444.6 1.6305
15444.9 1.62998
15445.3 1.62946
15445.7 1.62894
15446 1.62842
15446.4 1.6279
15446.8 1.62738
15447.1 1.62686
15447.5 1.62634
15447.9 1.62582
15448.2 1.62531
15448.6 1.62479
15449 1.62427
15449.3 1.62375
15449.7 1.62323
15450.1 1.62272
15450.4 1.6222
15450.8 1.62168
15451.2 1.62116
15451.5 1.62065
15451.9 1.62013
15452.3 1.61961
15452.6 1.6191
15453 1.61858
15453.4 1.61806
15453.7 1.61755
15454.1 1.61703
15454.5 1.61652
15454.8 1.616
15455.2 1.61549
15455.6 1.61497
15455.9 1.61446
15456.3 1.61394
15456.7 1.61343
15457 1.61291
15457.4 1.6124
15457.8 1.61189
15458.1 1.61137
15458.5 1.61086
15458.9 1.61034
15459.2 1.60983
15459.6 1.60932
15460 1.6088
15460.3 1.60829
15460.7 1.60778
15461.1 1.60727
15461.4 1.60675
15461.8 1.60624
15462.2 1.60573
15462.5 1.60522
15462.9 1.60471
15463.3 1.6042
15463.6 1.60368
15464 1.60317
15464.4 1.60266
15464.7 1.60215
15465.1 1.60164
15465.5 1.60113
15465.8 1.60062
15466.2 1.60011
15466.6 1.5996
15466.9 1.59909
15467.3 1.59858
15467.7 1.59807
15468 1.59756
15468.4 1.59705
15468.7 1.59654
15469.1 1.59604
15469.5 1.59553
15469.8 1.59502
15470.2 1.59451
15470.6 1.594
15470.9 1.5935
15471.3 1.59299
15471.7 1.59248
15472 1.59197
15472.4 1.59147
15472.8 1.59096
15473.1 1.59045
15473.5 1.58995
15473.9 1.58944
15474.2 1.58893
15474.6 1.58843
15475 1.58792
15475.3 1.58742
15475.7 1.58691
15476.1 1.5864
15476.4 1.5859
15476.8 1.58539
15477.2 1.58489
15477.5 1.58439
15477.9 1.58388
15478.3 1.58338
15478.6 1.58287
15479 1.58237
15479.4 1.58186
15479.7 1.58136
15480.1 1.58086
15480.5 1.58035
15480.8 1.57985
15481.2 1.57935
15481.6 1.57884
15481.9 1.57834
15482.3 1.57784
15482.7 1.57734
15483 1.57684
15483.4 1.57633
15483.8 1.57583
15484.1 1.57533
15484.5 1.57483
15484.9 1.57433
15485.2 1.57383
15485.6 1.57332
15486 1.57282
15486.3 1.57232
15486.7 1.57182
15487.1 1.57132
15487.4 1.57082
15487.8 1.57032
15488.2 1.56982
15488.5 1.56932
15488.9 1.56882
15489.3 1.56832
15489.6 1.56783
15490 1.56733
15490.4 1.56683
15490.7 1.56633
15491.1 1.56583
15491.5 1.56533
15491.8 1.56484
15492.2 1.56434
15492.6 1.56384
15492.9 1.56334
15493.3 1.56284
15493.7 1.56235
15494 1.56185
15494.4 1.56135
15494.8 1.56086
15495.1 1.56036
15495.5 1.55986
15495.8 1.55937
15496.2 1.55887
15496.6 1.55838
15496.9 1.55788
15497.3 1.55738
15497.7 1.55689
15498 1.55639
15498.4 1.5559
15498.8 1.5554
15499.1 1.55491
15499.5 1.55442
15499.9 1.55392
15500.2 1.55343
15500.6 1.55293
15501 1.55244
15501.3 1.55195
15501.7 1.55145
15502.1 1.55096
15502.4 1.55047
15502.8 1.54997
15503.2 1.54948
15503.5 1.54899
15503.9 1.54849
15504.3 1.548
15504.6 1.54751
15505 1.54702
15505.4 1.54653
15505.7 1.54604
15506.1 1.54554
15506.5 1.54505
15506.8 1.54456
15507.2 1.54407
15507.6 1.54358
15507.9 1.54309
15508.3 1.5426
15508.7 1.54211
15509 1.54162
15509.4 1.54113
15509.8 1.54064
15510.1 1.54015
15510.5 1.53966
15510.9 1.53917
15511.2 1.53868
15511.6 1.53819
15512 1.5377
15512.3 1.53721
15512.7 1.53673
15513.1 1.53624
15513.4 1.53575
15513.8 1.53526
15514.2 1.53477
15514.5 1.53429
15514.9 1.5338
15515.3 1.53331
15515.6 1.53283
15516 1.53234
15516.4 1.53185
15516.7 1.53137
15517.1 1.53088
15517.5 1.53039
15517.8 1.52991
15518.2 1.52942
15518.6 1.52894
15518.9 1.52845
15519.3 1.52796
15519.7 1.52748
15520 1.52699
15520.4 1.52651
15520.8 1.52603
15521.1 1.52554
15521.5 1.52506
15521.8 1.52457
15522.2 1.52409
15522.6 1.5236
15522.9 1.52312
15523.3 1.52264
15523.7 1.52215
15524 1.52167
15524.4 1.52119
15524.8 1.52071
15525.1 1.52022
15525.5 1.51974
15525.9 1.51926
15526.2 1.51878
15526.6 1.51829
15527 1.51781
15527.3 1.51733
15527.7 1.51685
15528.1 1.51637
15528.4 1.51589
15528.8 1.51541
15529.2 1.51492
15529.5 1.51444
15529.9 1.51396
15530.3 1.51348
15530.6 1.513
15531 1.51252
15531.4 1.51204
15531.7 1.51156
15532.1 1.51108
15532.5 1.5106
15532.8 1.51013
15533.2 1.50965
15533.6 1.50917
15533.9 1.50869
15534.3 1.50821
15534.7 1.50773
15535 1.50725
15535.4 1.50678
15535.8 1.5063
15536.1 1.50582
15536.5 1.50534
15536.9 1.50487
15537.2 1.50439
15537.6 1.50391
15538 1.50344
15538.3 1.50296
15538.7 1.50248
15539.1 1.50201
15539.4 1.50153
15539.8 1.50105
15540.2 1.50058
15540.5 1.5001
15540.9 1.49963
15541.3 1.49915
15541.6 1.49868
15542 1.4982
15542.4 1.49773
15542.7 1.49725
15543.1 1.49678
15543.5 1.4963
15543.8 1.49583
15544.2 1.49536
15544.6 1.49488
15544.9 1.49441
15545.3 1.49393
15545.7 1.49346
15546 1.49299
15546.4 1.49251
15546.8 1.49204
15547.1 1.49157
15547.5 1.4911
15547.9 1.49062
15548.2 1.49015
15548.6 1.48968
15548.9 1.48921
15549.3 1.48874
15549.7 1.48827
15550 1.48779
15550.4 1.48732
15550.8 1.48685
15551.1 1.48638
15551.5 1.48591
15551.9 1.48544
15552.2 1.48497
15552.6 1.4845
15553 1.48403
15553.3 1.48356
15553.7 1.48309
15554.1 1.48262
15554.4 1.48215
15554.8 1.48168
15555.2 1.48121
15555.5 1.48074
15555.9 1.48028
15556.3 1.47981
15556.6 1.47934
15557 1.47887
15557.4 1.4784
15557.7 1.47793
15558.1 1.47747
15558.5 1.477
15558.8 1.47653
15559.2 1.47607
15559.6 1.4756
15559.9 1.47513
15560.3 1.47466
15560.7 1.4742
15561 1.47373
15561.4 1.47327
15561.8 1.4728
15562.1 1.47233
15562.5 1.47187
15562.9 1.4714
15563.2 1.47094
15563.6 1.47047
15564 1.47001
15564.3 1.46954
15564.7 1.46908
15565.1 1.46861
15565.4 1.46815
15565.8 1.46768
15566.2 1.46722
15566.5 1.46676
15566.9 1.46629
15567.3 1.46583
15567.6 1.46537
15568 1.4649
15568.4 1.46444
15568.7 1.46398
15569.1 1.46351
15569.5 1.46305
15569.8 1.46259
15570.2 1.46213
15570.6 1.46166
15570.9 1.4612
15571.3 1.46074
15571.7 1.46028
15572 1.45982
15572.4 1.45936
15572.8 1.45889
15573.1 1.45843
15573.5 1.45797
15573.9 1.45751
15574.2 1.45705
15574.6 1.45659
15575 1.45613
15575.3 1.45567
15575.7 1.45521
15576 1.45475
15576.4 1.45429
15576.8 1.45383
15577.1 1.45337
15577.5 1.45292
15577.9 1.45246
15578.2 1.452
15578.6 1.45154
15579 1.45108
15579.3 1.45062
15579.7 1.45016
15580.1 1.44971
15580.4 1.44925
15580.8 1.44879
15581.2 1.44833
15581.5 1.44788
15581.9 1.44742
15582.3 1.44696
15582.6 1.44651
15583 1.44605
15583.4 1.44559
15583.7 1.44514
15584.1 1.44468
15584.5 1.44423
15584.8 1.44377
15585.2 1.44331
15585.6 1.44286
15585.9 1.4424
15586.3 1.44195
15586.7 1.44149
15587 1.44104
15587.4 1.44058
15587.8 1.44013
15588.1 1.43968
15588.5 1.43922
15588.9 1.43877
15589.2 1.43831
15589.6 1.43786
15590 1.43741
15590.3 1.43695
15590.7 1.4365
15591.1 1.43605
15591.4 1.43559
15591.8 1.43514
15592.2 1.43469
15592.5 1.43424
15592.9 1.43378
15593.3 1.43333
15593.6 1.43288
15594 1.43243
15594.4 1.43198
15594.7 1.43153
15595.1 1.43107
15595.5 1.43062
15595.8 1.43017
15596.2 1.42972
15596.6 1.42927
15596.9 1.42882
15597.3 1.42837
15597.7 1.42792
15598 1.42747
15598.4 1.42702
15598.8 1.42657
15599.1 1.42612
15599.5 1.42567
15599.9 1.42522
15600.2 1.42478
15600.6 1.42433
15601 1.42388
15601.3 1.42343
15601.7 1.42298
15602 1.42253
15602.4 1.42208
15602.8 1.42164
15603.1 1.42119
15603.5 1.42074
15603.9 1.42029
15604.2 1.41985
15604.6 1.4194
15605 1.41895
15605.3 1.41851
15605.7 1.41806
15606.1 1.41761
15606.4 1.41717
15606.8 1.41672
15607.2 1.41628
15607.5 1.41583
15607.9 1.41538
15608.3 1.41494
15608.6 1.41449
15609 1.41405
15609.4 1.4136
15609.7 1.41316
15610.1 1.41271
15610.5 1.41227
15610.8 1.41182
15611.2 1.41138
15611.6 1.41094
15611.9 1.41049
15612.3 1.41005
15612.7 1.40961
15613 1.40916
15613.4 1.40872
15613.8 1.40828
15614.1 1.40783
15614.5 1.40739
15614.9 1.40695
15615.2 1.40651
15615.6 1.40606
15616 1.40562
15616.3 1.40518
15616.7 1.40474
15617.1 1.4043
15617.4 1.40385
15617.8 1.40341
15618.2 1.40297
15618.5 1.40253
15618.9 1.40209
15619.3 1.40165
15619.6 1.40121
15620 1.40077
15620.4 1.40033
15620.7 1.39989
15621.1 1.39945
15621.5 1.39901
15621.8 1.39857
15622.2 1.39813
15622.6 1.39769
15622.9 1.39725
15623.3 1.39681
15623.7 1.39637
15624 1.39594
15624.4 1.3955
15624.8 1.39506
15625.1 1.39462
15625.5 1.39418
15625.9 1.39375
15626.2 1.39331
15626.6 1.39287
15627 1.39243
15627.3 1.392
15627.7 1.39156
15628.1 1.39112
15628.4 1.39068
15628.8 1.39025
15629.1 1.38981
15629.5 1.38938
15629.9 1.38894
15630.2 1.3885
15630.6 1.38807
15631 1.38763
15631.3 1.3872
15631.7 1.38676
15632.1 1.38633
15632.4 1.38589
15632.8 1.38546
15633.2 1.38502
15633.5 1.38459
15633.9 1.38415
15634.3 1.38372
15634.6 1.38329
15635 1.38285
15635.4 1.38242
15635.7 1.38198
15636.1 1.38155
15636.5 1.38112
15636.8 1.38068
15637.2 1.38025
15637.6 1.37982
15637.9 1.37939
15638.3 1.37895
15638.7 1.37852
15639 1.37809
15639.4 1.37766
15639.8 1.37723
15640.1 1.37679
15640.5 1.37636
15640.9 1.37593
15641.2 1.3755
15641.6 1.37507
15642 1.37464
15642.3 1.37421
15642.7 1.37378
15643.1 1.37335
15643.4 1.37292
15643.8 1.37249
15644.2 1.37206
15644.5 1.37163
15644.9 1.3712
15645.3 1.37077
15645.6 1.37034
15646 1.36991
15646.4 1.36948
15646.7 1.36905
15647.1 1.36862
15647.5 1.36819
15647.8 1.36776
15648.2 1.36734
15648.6 1.36691
15648.9 1.36648
15649.3 1.36605
15649.7 1.36562
15650 1.3652
15650.4 1.36477
15650.8 1.36434
15651.1 1.36392
15651.5 1.36349
15651.9 1.36306
15652.2 1.36264
15652.6 1.36221
15653 1.36178
15653.3 1.36136
15653.7 1.36093
15654.1 1.36051
15654.4 1.36008
15654.8 1.35965
15655.2 1.35923
15655.5 1.3588
15655.9 1.35838
15656.2 1.35795
15656.6 1.35753
15657 1.3571
15657.3 1.35668
15657.7 1.35626
15658.1 1.35583
15658.4 1.35541
15658.8 1.35498
15659.2 1.35456
15659.5 1.35414
15659.9 1.35371
15660.3 1.35329
15660.6 1.35287
15661 1.35245
15661.4 1.35202
15661.7 1.3516
15662.1 1.35118
15662.5 1.35076
15662.8 1.35033
15663.2 1.34991
15663.6 1.34949
15663.9 1.34907
15664.3 1.34865
15664.7 1.34823
15665 1.3478
15665.4 1.34738
15665.8 1.34696
15666.1 1.34654
15666.5 1.34612
15666.9 1.3457
15667.2 1.34528
15667.6 1.34486
15668 1.34444
15668.3 1.34402
15668.7 1.3436
15669.1 1.34318
15669.4 1.34276
15669.8 1.34234
15670.2 1.34192
15670.5 1.34151
15670.9 1.34109
15671.3 1.34067
15671.6 1.34025
15672 1.33983
15672.4 1.33941
15672.7 1.339
15673.1 1.33858
15673.5 1.33816
15673.8 1.33774
15674.2 1.33732
15674.6 1.33691
15674.9 1.33649
15675.3 1.33607
15675.7 1.33566
15676 1.33524
15676.4 1.33482
15676.8 1.33441
15677.1 1.33399
15677.5 1.33358
15677.9 1.33316
15678.2 1.33274
15678.6 1.33233
15679 1.33191
15679.3 1.3315
15679.7 1.33108
15680.1 1.33067
15680.4 1.33025
15680.8 1.32984
15681.2 1.32942
15681.5 1.32901
15681.9 1.3286
15682.3 1.32818
15682.6 1.32777
15683 1.32735
15683.3 1.32694
15683.7 1.32653
15684.1 1.32611
15684.4 1.3257
15684.8 1.32529
15685.2 1.32488
15685.5 1.32446
15685.9 1.32405
15686.3 1.32364
15686.6 1.32323
15687 1.32281
15687.4 1.3224
15687.7 1.32199
15688.1 1.32158
15688.5 1.32117
15688.8 1.32076
15689.2 1.32035
15689.6 1.31993
15689.9 1.31952
15690.3 1.31911
15690.7 1.3187
15691 1.31829
15691.4 1.31788
15691.8 1.31747
15692.1 1.31706
15692.5 1.31665
15692.9 1.31624
15693.2 1.31583
15693.6 1.31542
15694 1.31501
15694.3 1.31461
15694.7 1.3142
15695.1 1.31379
15695.4 1.31338
15695.8 1.31297
15696.2 1.31256
15696.5 1.31215
15696.9 1.31175
15697.3 1.31134
15697.6 1.31093
15698 1.31052
15698.4 1.31012
15698.7 1.30971
15699.1 1.3093
15699.5 1.30889
15699.8 1.30849
15700.2 1.30808
15700.6 1.30767
15700.9 1.30727
15701.3 1.30686
15701.7 1.30646
15702 1.30605
15702.4 1.30564
15702.8 1.30524
15703.1 1.30483
15703.5 1.30443
15703.9 1.30402
15704.2 1.30362
15704.6 1.30321
15705 1.30281
15705.3 1.3024
15705.7 1.302
15706.1 1.3016
15706.4 1.30119
15706.8 1.30079
15707.2 1.30038
15707.5 1.29998
15707.9 1.29958
15708.3 1.29917
15708.6 1.29877
15709 1.29837
15709.3 1.29796
15709.7 1.29756
15710.1 1.29716
15710.4 1.29676
15710.8 1.29635
15711.2 1.29595
15711.5 1.29555
15711.9 1.29515
15712.3 1.29475
15712.6 1.29434
15713 1.29394
15713.4 1.29354
15713.7 1.29314
15714.1 1.29274
15714.5 1.29234
15714.8 1.29194
15715.2 1.29154
15715.6 1.29114
15715.9 1.29074
15716.3 1.29034
15716.7 1.28994
15717 1.28954
15717.4 1.28914
15717.8 1.28874
15718.1 1.28834
15718.5 1.28794
15718.9 1.28754
15719.2 1.28714
15719.6 1.28674
15720 1.28634
15720.3 1.28594
15720.7 1.28555
15721.1 1.28515
15721.4 1.28475
15721.8 1.28435
15722.2 1.28396
15722.5 1.28356
15722.9 1.28316
15723.3 1.28276
15723.6 1.28237
15724 1.28197
15724.4 1.28157
15724.7 1.28117
15725.1 1.28078
15725.5 1.28038
15725.8 1.27999
15726.2 1.27959
15726.6 1.27919
15726.9 1.2788
15727.3 1.2784
15727.7 1.27801
15728 1.27761
15728.4 1.27722
15728.8 1.27682
15729.1 1.27643
15729.5 1.27603
15729.9 1.27564
15730.2 1.27524
15730.6 1.27485
15731 1.27445
15731.3 1.27406
15731.7 1.27366
15732.1 1.27327
15732.4 1.27288
15732.8 1.27248
15733.2 1.27209
15733.5 1.2717
15733.9 1.2713
15734.3 1.27091
15734.6 1.27052
15735 1.27013
15735.4 1.26973
15735.7 1.26934
15736.1 1.26895
15736.4 1.26856
15736.8 1.26816
15737.2 1.26777
15737.5 1.26738
15737.9 1.26699
15738.3 1.2666
15738.6 1.26621
15739 1.26582
15739.4 1.26542
15739.7 1.26503
15740.1 1.26464
15740.5 1.26425
15740.8 1.26386
15741.2 1.26347
15741.6 1.26308
15741.9 1.26269
15742.3 1.2623
15742.7 1.26191
15743 1.26152
15743.4 1.26113
15743.8 1.26074
15744.1 1.26036
15744.5 1.25997
15744.9 1.25958
15745.2 1.25919
15745.6 1.2588
15746 1.25841
15746.3 1.25802
15746.7 1.25764
15747.1 1.25725
15747.4 1.25686
15747.8 1.25647
15748.2 1.25609
15748.5 1.2557
15748.9 1.25531
15749.3 1.25492
15749.6 1.25454
15750 1.25415
15750.4 1.25376
15750.7 1.25338
15751.1 1.25299
15751.5 1.2526
15751.8 1.25222
15752.2 1.25183
15752.6 1.25145
15752.9 1.25106
15753.3 1.25068
15753.7 1.25029
15754 1.24991
15754.4 1.24952
15754.8 1.24914
15755.1 1.24875
15755.5 1.24837
15755.9 1.24798
15756.2 1.2476
15756.6 1.24721
15757 1.24683
15757.3 1.24644
15757.7 1.24606
15758.1 1.24568
15758.4 1.24529
15758.8 1.24491
15759.2 1.24453
15759.5 1.24414
15759.9 1.24376
15760.3 1.24338
15760.6 1.243
15761 1.24261
15761.4 1.24223
15761.7 1.24185
15762.1 1.24147
15762.5 1.24109
15762.8 1.2407
15763.2 1.24032
15763.5 1.23994
15763.9 1.23956
15764.3 1.23918
15764.6 1.2388
15765 1.23842
15765.4 1.23803
15765.7 1.23765
15766.1 1.23727
15766.5 1.23689
15766.8 1.23651
15767.2 1.23613
15767.6 1.23575
15767.9 1.23537
15768.3 1.23499
15768.7 1.23461
15769 1.23423
15769.4 1.23386
15769.8 1.23348
15770.1 1.2331
15770.5 1.23272
15770.9 1.23234
15771.2 1.23196
15771.6 1.23158
15772 1.2312
15772.3 1.23083
15772.7 1.23045
15773.1 1.23007
15773.4 1.22969
15773.8 1.22932
15774.2 1.22894
15774.5 1.22856
15774.9 1.22818
15775.3 1.22781
15775.6 1.22743
15776 1.22705
15776.4 1.22668
15776.7 1.2263
15777.1 1.22592
15777.5 1.22555
15777.8 1.22517
15778.2 1.2248
15778.6 1.22442
15778.9 1.22404
15779.3 1.22367
15779.7 1.22329
15780 1.22292
15780.4 1.22254
15780.8 1.22217
15781.1 1.22179
15781.5 1.22142
15781.9 1.22104
15782.2 1.22067
15782.6 1.2203
15783 1.21992
15783.3 1.21955
15783.7 1.21917
15784.1 1.2188
15784.4 1.21843
15784.8 1.21805
15785.2 1.21768
15785.5 1.21731
15785.9 1.21693
15786.3 1.21656
15786.6 1.21619
15787 1.21582
15787.4 1.21544
15787.7 1.21507
15788.1 1.2147
15788.5 1.21433
15788.8 1.21395
15789.2 1.21358
15789.5 1.21321
15789.9 1.21284
15790.3 1.21247
15790.6 1.2121
15791 1.21173
15791.4 1.21136
15791.7 1.21098
15792.1 1.21061
15792.5 1.21024
15792.8 1.20987
15793.2 1.2095
15793.6 1.20913
15793.9 1.20876
15794.3 1.20839
15794.7 1.20802
15795 1.20765
15795.4 1.20728
15795.8 1.20692
15796.1 1.20655
15796.5 1.20618
15796.9 1.20581
15797.2 1.20544
15797.6 1.20507
15798 1.2047
15798.3 1.20433
15798.7 1.20397
15799.1 1.2036
15799.4 1.20323
15799.8 1.20286
15800.2 1.20249
15800.5 1.20213
15800.9 1.20176
15801.3 1.20139
15801.6 1.20103
15802 1.20066
15802.4 1.20029
15802.7 1.19993
15803.1 1.19956
15803.5 1.19919
15803.8 1.19883
15804.2 1.19846
15804.6 1.19809
15804.9 1.19773
15805.3 1.19736
15805.7 1.197
15806 1.19663
15806.4 1.19627
15806.8 1.1959
15807.1 1.19554
15807.5 1.19517
15807.9 1.19481
15808.2 1.19444
15808.6 1.19408
15809 1.19371
15809.3 1.19335
15809.7 1.19298
15810.1 1.19262
15810.4 1.19226
15810.8 1.19189
15811.2 1.19153
15811.5 1.19117
15811.9 1.1908
15812.3 1.19044
15812.6 1.19008
15813 1.18971
15813.4 1.18935
15813.7 1.18899
15814.1 1.18863
15814.5 1.18826
15814.8 1.1879
15815.2 1.18754
15815.6 1.18718
15815.9 1.18682
15816.3 1.18645
15816.6 1.18609
15817 1.18573
15817.4 1.18537
15817.7 1.18501
15818.1 1.18465
15818.5 1.18429
15818.8 1.18393
15819.2 1.18357
15819.6 1.18321
15819.9 1.18284
15820.3 1.18248
15820.7 1.18212
15821 1.18176
15821.4 1.18141
15821.8 1.18105
15822.1 1.18069
15822.5 1.18033
15822.9 1.17997
15823.2 1.17961
15823.6 1.17925
15824 1.17889
15824.3 1.17853
15824.7 1.17817
15825.1 1.17781
15825.4 1.17746
15825.8 1.1771
15826.2 1.17674
15826.5 1.17638
15826.9 1.17602
15827.3 1.17567
15827.6 1.17531
15828 1.17495
15828.4 1.17459
15828.7 1.17424
15829.1 1.17388
15829.5 1.17352
15829.8 1.17317
15830.2 1.17281
15830.6 1.17245
15830.9 1.1721
15831.3 1.17174
15831.7 1.17139
15832 1.17103
15832.4 1.17067
15832.8 1.17032
15833.1 1.16996
15833.5 1.16961
15833.9 1.16925
15834.2 1.1689
15834.6 1.16854
15835 1.16819
15835.3 1.16783
15835.7 1.16748
15836.1 1.16712
15836.4 1.16677
15836.8 1.16642
15837.2 1.16606
15837.5 1.16571
15837.9 1.16535
15838.3 1.165
15838.6 1.16465
15839 1.16429
15839.4 1.16394
15839.7 1.16359
15840.1 1.16323
15840.5 1.16288
15840.8 1.16253
15841.2 1.16217
15841.6 1.16182
15841.9 1.16147
15842.3 1.16112
15842.7 1.16077
15843 1.16041
15843.4 1.16006
15843.7 1.15971
15844.1 1.15936
15844.5 1.15901
15844.8 1.15866
15845.2 1.1583
15845.6 1.15795
15845.9 1.1576
15846.3 1.15725
15846.7 1.1569
15847 1.15655
15847.4 1.1562
15847.8 1.15585
15848.1 1.1555
15848.5 1.15515
15848.9 1.1548
15849.2 1.15445
15849.6 1.1541
15850 1.15375
15850.3 1.1534
15850.7 1.15305
15851.1 1.1527
15851.4 1.15236
15851.8 1.15201
15852.2 1.15166
15852.5 1.15131
15852.9 1.15096
15853.3 1.15061
15853.6 1.15026
15854 1.14992
15854.4 1.14957
15854.7 1.14922
15855.1 1.14887
15855.5 1.14853
15855.8 1.14818
15856.2 1.14783
15856.6 1.14748
15856.9 1.14714
15857.3 1.14679
15857.7 1.14644
15858 1.1461
15858.4 1.14575
15858.8 1.1454
15859.1 1.14506
15859.5 1.14471
15859.9 1.14437
15860.2 1.14402
15860.6 1.14367
15861 1.14333
15861.3 1.14298
15861.7 1.14264
15862.1 1.14229
15862.4 1.14195
15862.8 1.1416
15863.2 1.14126
15863.5 1.14091
15863.9 1.14057
15864.3 1.14022
15864.6 1.13988
15865 1.13954
15865.4 1.13919
15865.7 1.13885
15866.1 1.1385
15866.5 1.13816
15866.8 1.13782
15867.2 1.13747
15867.6 1.13713
15867.9 1.13679
15868.3 1.13644
15868.7 1.1361
15869 1.13576
15869.4 1.13542
15869.8 1.13507
15870.1 1.13473
15870.5 1.13439
15870.8 1.13405
15871.2 1.1337
15871.6 1.13336
15871.9 1.13302
15872.3 1.13268
15872.7 1.13234
15873 1.132
15873.4 1.13165
15873.8 1.13131
15874.1 1.13097
15874.5 1.13063
15874.9 1.13029
15875.2 1.12995
15875.6 1.12961
15876 1.12927
15876.3 1.12893
15876.7 1.12859
15877.1 1.12825
15877.4 1.12791
15877.8 1.12757
15878.2 1.12723
15878.5 1.12689
15878.9 1.12655
15879.3 1.12621
15879.6 1.12587
15880 1.12553
15880.4 1.1252
15880.7 1.12486
15881.1 1.12452
15881.5 1.12418
15881.8 1.12384
15882.2 1.1235
15882.6 1.12317
15882.9 1.12283
15883.3 1.12249
15883.7 1.12215
15884 1.12181
15884.4 1.12148
15884.8 1.12114
15885.1 1.1208
15885.5 1.12047
15885.9 1.12013
15886.2 1.11979
15886.6 1.11945
15887 1.11912
15887.3 1.11878
15887.7 1.11845
15888.1 1.11811
15888.4 1.11777
15888.8 1.11744
15889.2 1.1171
15889.5 1.11677
15889.9 1.11643
15890.3 1.1161
15890.6 1.11576
15891 1.11542
15891.4 1.11509
15891.7 1.11475
15892.1 1.11442
15892.5 1.11409
15892.8 1.11375
15893.2 1.11342
15893.6 1.11308
15893.9 1.11275
15894.3 1.11241
15894.7 1.11208
15895 1.11175
15895.4 1.11141
15895.8 1.11108
15896.1 1.11075
15896.5 1.11041
15896.8 1.11008
15897.2 1.10975
15897.6 1.10941
15897.9 1.10908
15898.3 1.10875
15898.7 1.10842
15899 1.10808
15899.4 1.10775
15899.8 1.10742
15900.1 1.10709
15900.5 1.10675
15900.9 1.10642
15901.2 1.10609
15901.6 1.10576
15902 1.10543
15902.3 1.1051
15902.7 1.10476
15903.1 1.10443
15903.4 1.1041
15903.8 1.10377
15904.2 1.10344
15904.5 1.10311
15904.9 1.10278
15905.3 1.10245
15905.6 1.10212
15906 1.10179
15906.4 1.10146
15906.7 1.10113
15907.1 1.1008
15907.5 1.10047
15907.8 1.10014
15908.2 1.09981
15908.6 1.09948
15908.9 1.09915
15909.3 1.09882
15909.7 1.0985
15910 1.09817
15910.4 1.09784
15910.8 1.09751
15911.1 1.09718
15911.5 1.09685
15911.9 1.09652
15912.2 1.0962
15912.6 1.09587
15913 1.09554
15913.3 1.09521
15913.7 1.09489
15914.1 1.09456
15914.4 1.09423
15914.8 1.0939
15915.2 1.09358
15915.5 1.09325
15915.9 1.09292
15916.3 1.0926
15916.6 1.09227
15917 1.09194
15917.4 1.09162
15917.7 1.09129
15918.1 1.09097
15918.5 1.09064
15918.8 1.09031
15919.2 1.08999
15919.6 1.08966
15919.9 1.08934
15920.3 1.08901
15920.7 1.08869
15921 1.08836
15921.4 1.08804
15921.8 1.08771
15922.1 1.08739
15922.5 1.08706
15922.9 1.08674
15923.2 1.08641
15923.6 1.08609
15923.9 1.08577
15924.3 1.08544
15924.7 1.08512
15925 1.08479
15925.4 1.08447
15925.8 1.08415
15926.1 1.08382
15926.5 1.0835
15926.9 1.08318
15927.2 1.08285
15927.6 1.08253
15928 1.08221
15928.3 1.08189
15928.7 1.08156
15929.1 1.08124
15929.4 1.08092
15929.8 1.0806
15930.2 1.08027
15930.5 1.07995
15930.9 1.07963
15931.3 1.07931
15931.6 1.07899
15932 1.07867
15932.4 1.07834
15932.7 1.07802
15933.1 1.0777
15933.5 1.07738
15933.8 1.07706
15934.2 1.07674
15934.6 1.07642
15934.9 1.0761
15935.3 1.07578
15935.7 1.07546
15936 1.07514
15936.4 1.07482
15936.8 1.0745
15937.1 1.07418
15937.5 1.07386
15937.9 1.07354
15938.2 1.07322
15938.6 1.0729
15939 1.07258
15939.3 1.07226
15939.7 1.07194
15940.1 1.07162
15940.4 1.07131
15940.8 1.07099
15941.2 1.07067
15941.5 1.07035
15941.9 1.07003
15942.3 1.06971
15942.6 1.0694
15943 1.06908
15943.4 1.06876
15943.7 1.06844
15944.1 1.06813
15944.5 1.06781
15944.8 1.06749
15945.2 1.06717
15945.6 1.06686
15945.9 1.06654
15946.3 1.06622
15946.7 1.06591
15947 1.06559
15947.4 1.06527
15947.8 1.06496
15948.1 1.06464
15948.5 1.06432
15948.9 1.06401
15949.2 1.06369
15949.6 1.06338
15950 1.06306
15950.3 1.06275
15950.7 1.06243
15951 1.06212
15951.4 1.0618
15951.8 1.06149
15952.1 1.06117
15952.5 1.06086
15952.9 1.06054
15953.2 1.06023
15953.6 1.05991
15954 1.0596
15954.3 1.05928
15954.7 1.05897
15955.1 1.05866
15955.4 1.05834
15955.8 1.05803
15956.2 1.05771
15956.5 1.0574
15956.9 1.05709
15957.3 1.05677
15957.6 1.05646
15958 1.05615
15958.4 1.05583
15958.7 1.05552
15959.1 1.05521
15959.5 1.0549
15959.8 1.05458
15960.2 1.05427
15960.6 1.05396
15960.9 1.05365
15961.3 1.05334
15961.7 1.05302
15962 1.05271
15962.4 1.0524
15962.8 1.05209
15963.1 1.05178
15963.5 1.05147
15963.9 1.05115
15964.2 1.05084
15964.6 1.05053
15965 1.05022
15965.3 1.04991
15965.7 1.0496
15966.1 1.04929
15966.4 1.04898
15966.8 1.04867
15967.2 1.04836
15967.5 1.04805
15967.9 1.04774
15968.3 1.04743
15968.6 1.04712
15969 1.04681
15969.4 1.0465
15969.7 1.04619
15970.1 1.04588
15970.5 1.04557
15970.8 1.04526
15971.2 1.04496
15971.6 1.04465
15971.9 1.04434
15972.3 1.04403
15972.7 1.04372
15973 1.04341
15973.4 1.0431
15973.8 1.0428
15974.1 1.04249
15974.5 1.04218
15974.9 1.04187
15975.2 1.04157
15975.6 1.04126
15976 1.04095
15976.3 1.04064
15976.7 1.04034
15977 1.04003
15977.4 1.03972
15977.8 1.03942
15978.1 1.03911
15978.5 1.0388
15978.9 1.0385
15979.2 1.03819
15979.6 1.03788
15980 1.03758
15980.3 1.03727
15980.7 1.03697
15981.1 1.03666
15981.4 1.03635
15981.8 1.03605
15982.2 1.03574
15982.5 1.03544
15982.9 1.03513
15983.3 1.03483
15983.6 1.03452
15984 1.03422
15984.4 1.03391
15984.7 1.03361
15985.1 1.0333
15985.5 1.033
15985.8 1.03269
15986.2 1.03239
15986.6 1.03209
15986.9 1.03178
15987.3 1.03148
15987.7 1.03117
15988 1.03087
15988.4 1.03057
15988.8 1.03026
15989.1 1.02996
15989.5 1.02966
15989.9 1.02936
15990.2 1.02905
15990.6 1.02875
15991 1.02845
15991.3 1.02814
15991.7 1.02784
15992.1 1.02754
15992.4 1.02724
15992.8 1.02693
15993.2 1.02663
15993.5 1.02633
15993.9 1.02603
15994.3 1.02573
15994.6 1.02543
15995 1.02512
15995.4 1.02482
15995.7 1.02452
15996.1 1.02422
15996.5 1.02392
15996.8 1.02362
15997.2 1.02332
15997.6 1.02302
15997.9 1.02272
15998.3 1.02242
15998.7 1.02212
15999 1.02182
15999.4 1.02152
15999.8 1.02122
16000.1 1.02092
16000.5 1.02062
16000.9 1.02032
16001.2 1.02002
16001.6 1.01972
16002 1.01942
16002.3 1.01912
16002.7 1.01882
16003.1 1.01852
16003.4 1.01822
16003.8 1.01792
16004.1 1.01762
16004.5 1.01733
16004.9 1.01703
16005.2 1.01673
16005.6 1.01643
16006 1.01613
16006.3 1.01583
16006.7 1.01554
16007.1 1.01524
16007.4 1.01494
16007.8 1.01464
16008.2 1.01435
16008.5 1.01405
16008.9 1.01375
16009.3 1.01345
16009.6 1.01316
16010 1.01286
16010.4 1.01256
16010.7 1.01227
16011.1 1.01197
16011.5 1.01167
16011.8 1.01138
16012.2 1.01108
16012.6 1.01079
16012.9 1.01049
16013.3 1.01019
16013.7 1.0099
16014 1.0096
16014.4 1.00931
16014.8 1.00901
16015.1 1.00872
16015.5 1.00842
16015.9 1.00813
16016.2 1.00783
16016.6 1.00754
16017 1.00724
16017.3 1.00695
16017.7 1.00665
16018.1 1.00636
16018.4 1.00606
16018.8 1.00577
16019.2 1.00547
16019.5 1.00518
16019.9 1.00489
16020.3 1.00459
16020.6 1.0043
16021 1.004
16021.4 1.00371
16021.7 1.00342
16022.1 1.00312
16022.5 1.00283
16022.8 1.00254
16023.2 1.00225
16023.6 1.00195
16023.9 1.00166
16024.3 1.00137
16024.7 1.00108
16025 1.00078
16025.4 1.00049
16025.8 1.0002
16026.1 0.999906
16026.5 0.999614
16026.9 0.999322
16027.2 0.99903
16027.6 0.998739
16028 0.998447
16028.3 0.998156
16028.7 0.997865
16029.1 0.997574
16029.4 0.997282
16029.8 0.996992
16030.2 0.996701
16030.5 0.99641
16030.9 0.996119
16031.2 0.995829
16031.6 0.995538
16032 0.995248
16032.3 0.994958
16032.7 0.994668
16033.1 0.994378
16033.4 0.994088
16033.8 0.993798
16034.2 0.993508
16034.5 0.993219
16034.9 0.992929
16035.3 0.99264
16035.6 0.992351
16036 0.992061
16036.4 0.991772
16036.7 0.991483
16037.1 0.991195
16037.5 0.990906
16037.8 0.990617
16038.2 0.990329
16038.6 0.99004
16038.9 0.989752
16039.3 0.989464
16039.7 0.989176
16040 0.988888
16040.4 0.9886
16040.8 0.988312
16041.1 0.988025
16041.5 0.987737
16041.9 0.98745
16042.2 0.987162
16042.6 0.986875
16043 0.986588
16043.3 0.986301
16043.7 0.986014
16044.1 0.985727
16044.4 0.985441
16044.8 0.985154
16045.2 0.984867
16045.5 0.984581
16045.9 0.984295
16046.3 0.984009
16046.6 0.983723
16047 0.983437
16047.4 0.983151
16047.7 0.982865
16048.1 0.982579
16048.5 0.982294
16048.8 0.982009
16049.2 0.981723
16049.6 0.981438
16049.9 0.981153
16050.3 0.980868
16050.7 0.980583
16051 0.980298
16051.4 0.980014
16051.8 0.979729
16052.1 0.979445
16052.5 0.97916
16052.9 0.978876
16053.2 0.978592
16053.6 0.978308
16054 0.978024
16054.3 0.97774
16054.7 0.977456
16055.1 0.977173
16055.4 0.976889
16055.8 0.976606
16056.2 0.976322
16056.5 0.976039
16056.9 0.975756
16057.3 0.975473
16057.6 0.97519
16058 0.974908
16058.3 0.974625
16058.7 0.974342
16059.1 0.97406
16059.4 0.973778
16059.8 0.973495
16060.2 0.973213
16060.5 0.972931
16060.9 0.972649
16061.3 0.972367
16061.6 0.972086
16062 0.971804
16062.4 0.971523
16062.7 0.971241
16063.1 0.97096
16063.5 0.970678
16063.8 0.970398
16064.2 0.970117
16064.6 0.969836
16064.9 0.969555
16065.3 0.969274
16065.7 0.968994
16066 0.968713
16066.4 0.968433
16066.8 0.968152
16067.1 0.967872
16067.5 0.967593
16067.9 0.967313
16068.2 0.967033
16068.6 0.966753
16069 0.966473
16069.3 0.966194
16069.7 0.965914
16070.1 0.965635
16070.4 0.965356
16070.8 0.965077
16071.2 0.964797
16071.5 0.964519
16071.9 0.96424
16072.3 0.963961
16072.6 0.963682
16073 0.963404
16073.4 0.963126
16073.7 0.962847
16074.1 0.962569
16074.5 0.962291
16074.8 0.962013
16075.2 0.961735
16075.6 0.961457
16075.9 0.96118
16076.3 0.960902
16076.7 0.960625
16077 0.960347
16077.4 0.96007
16077.8 0.959793
16078.1 0.959516
16078.5 0.959239
16078.9 0.958962
16079.2 0.958685
16079.6 0.958409
16080 0.958132
16080.3 0.957855
16080.7 0.957579
16081.1 0.957303
16081.4 0.957027
16081.8 0.956751
16082.2 0.956475
16082.5 0.956199
16082.9 0.955924
16083.3 0.955648
16083.6 0.955372
16084 0.955097
16084.3 0.954822
16084.7 0.954546
16085.1 0.954271
16085.4 0.953996
16085.8 0.953721
16086.2 0.953447
16086.5 0.953172
16086.9 0.952897
16087.3 0.952623
16087.6 0.952348
16088 0.952074
16088.4 0.9518
16088.7 0.951526
16089.1 0.951252
16089.5 0.950978
16089.8 0.950704
16090.2 0.95043
16090.6 0.950157
16090.9 0.949883
16091.3 0.94961
16091.7 0.949337
16092 0.949064
16092.4 0.948791
16092.8 0.948517
16093.1 0.948245
16093.5 0.947972
16093.9 0.947699
16094.2 0.947426
16094.6 0.947154
16095 0.946882
16095.3 0.946609
16095.7 0.946337
16096.1 0.946065
16096.4 0.945793
16096.8 0.945521
16097.2 0.945249
16097.5 0.944978
16097.9 0.944706
16098.3 0.944435
16098.6 0.944163
16099 0.943892
16099.4 0.943621
16099.7 0.94335
16100.1 0.943079
16100.5 0.942808
16100.8 0.942537
16101.2 0.942267
16101.6 0.941996
16101.9 0.941725
16102.3 0.941455
16102.7 0.941185
16103 0.940915
16103.4 0.940645
16103.8 0.940375
16104.1 0.940105
16104.5 0.939835
16104.9 0.939566
16105.2 0.939296
16105.6 0.939026
16106 0.938757
16106.3 0.938488
16106.7 0.938219
16107.1 0.93795
16107.4 0.93768
16107.8 0.937412
16108.2 0.937143
16108.5 0.936874
16108.9 0.936606
16109.3 0.936337
16109.6 0.936069
16110 0.9358
16110.4 0.935532
16110.7 0.935265
16111.1 0.934996
16111.4 0.934728
16111.8 0.934461
16112.2 0.934193
16112.5 0.933925
16112.9 0.933658
16113.3 0.933391
16113.6 0.933123
16114 0.932856
16114.4 0.932589
16114.7 0.932322
16115.1 0.932055
16115.5 0.931788
16115.8 0.931522
16116.2 0.931255
16116.6 0.930989
16116.9 0.930722
16117.3 0.930456
16117.7 0.93019
16118 0.929924
16118.4 0.929658
16118.8 0.929392
16119.1 0.929126
16119.5 0.92886
16119.9 0.928595
16120.2 0.928329
16120.6 0.928064
16121 0.927799
16121.3 0.927533
16121.7 0.927268
16122.1 0.927003
16122.4 0.926738
16122.8 0.926473
16123.2 0.926209
16123.5 0.925944
16123.9 0.92568
16124.3 0.925415
16124.6 0.925151
16125 0.924886
16125.4 0.924623
16125.7 0.924359
16126.1 0.924094
16126.5 0.923831
16126.8 0.923567
16127.2 0.923303
16127.6 0.92304
16127.9 0.922776
16128.3 0.922513
16128.7 0.922249
16129 0.921987
16129.4 0.921723
16129.8 0.92146
16130.1 0.921198
16130.5 0.920935
16130.9 0.920672
16131.2 0.92041
16131.6 0.920147
16132 0.919885
16132.3 0.919623
16132.7 0.91936
16133.1 0.919098
16133.4 0.918836
16133.8 0.918574
16134.2 0.918313
16134.5 0.918051
16134.9 0.917789
16135.3 0.917528
16135.6 0.917266
16136 0.917005
16136.4 0.916744
16136.7 0.916483
16137.1 0.916221
16137.5 0.915961
16137.8 0.9157
16138.2 0.915439
16138.5 0.915178
16138.9 0.914918
16139.3 0.914658
16139.6 0.914397
16140 0.914137
16140.4 0.913877
16140.7 0.913617
16141.1 0.913357
16141.5 0.913097
16141.8 0.912837
16142.2 0.912577
16142.6 0.912318
16142.9 0.912058
16143.3 0.911799
16143.7 0.911539
16144 0.91128
16144.4 0.911021
16144.8 0.910762
16145.1 0.910503
16145.5 0.910244
16145.9 0.909985
16146.2 0.909727
16146.6 0.909469
16147 0.90921
16147.3 0.908952
16147.7 0.908693
16148.1 0.908436
16148.4 0.908177
16148.8 0.907919
16149.2 0.907661
16149.5 0.907404
16149.9 0.907146
16150.3 0.906888
16150.6 0.906631
16151 0.906373
16151.4 0.906116
16151.7 0.905859
16152.1 0.905602
16152.5 0.905345
16152.8 0.905088
16153.2 0.904831
16153.6 0.904575
16153.9 0.904318
16154.3 0.904061
16154.7 0.903805
16155 0.903548
16155.4 0.903292
16155.8 0.903036
16156.1 0.90278
16156.5 0.902524
16156.9 0.902268
16157.2 0.902012
16157.6 0.901756
16158 0.901501
16158.3 0.901245
16158.7 0.90099
16159.1 0.900734
16159.4 0.900479
16159.8 0.900224
16160.2 0.899969
16160.5 0.899714
16160.9 0.899459
16161.3 0.899205
16161.6 0.89895
16162 0.898696
16162.4 0.898441
16162.7 0.898187
16163.1 0.897932
16163.5 0.897678
16163.8 0.897424
16164.2 0.89717
16164.5 0.896916
16164.9 0.896662
16165.3 0.896408
16165.6 0.896155
16166 0.895901
16166.4 0.895648
16166.7 0.895395
16167.1 0.895142
16167.5 0.894888
16167.8 0.894635
16168.2 0.894382
16168.6 0.894129
16168.9 0.893877
16169.3 0.893624
16169.7 0.893371
16170 0.893119
16170.4 0.892866
16170.8 0.892614
16171.1 0.892362
16171.5 0.89211
16171.9 0.891858
16172.2 0.891606
16172.6 0.891354
16173 0.891102
16173.3 0.89085
16173.7 0.890599
16174.1 0.890347
16174.4 0.890096
16174.8 0.889844
16175.2 0.889593
16175.5 0.889342
16175.9 0.889091
16176.3 0.88884
16176.6 0.888589
16177 0.888338
16177.4 0.888088
16177.7 0.887837
16178.1 0.887587
16178.5 0.887337
16178.8 0.887086
16179.2 0.886836
16179.6 0.886586
16179.9 0.886336
16180.3 0.886086
16180.7 0.885836
16181 0.885586
16181.4 0.885337
16181.8 0.885087
16182.1 0.884838
16182.5 0.884588
16182.9 0.884339
16183.2 0.88409
16183.6 0.883841
16184 0.883592
16184.3 0.883343
16184.7 0.883094
16185.1 0.882845
16185.4 0.882597
16185.8 0.882348
16186.2 0.882099
16186.5 0.881851
16186.9 0.881603
16187.3 0.881355
16187.6 0.881106
16188 0.880859
16188.4 0.880611
16188.7 0.880363
16189.1 0.880115
16189.5 0.879867
16189.8 0.87962
16190.2 0.879373
16190.6 0.879125
16190.9 0.878878
16191.3 0.878631
16191.6 0.878383
16192 0.878136
16192.4 0.87789
16192.7 0.877642
16193.1 0.877396
16193.5 0.877149
16193.8 0.876903
16194.2 0.876656
16194.6 0.87641
16194.9 0.876164
16195.3 0.875918
16195.7 0.875672
16196 0.875425
16196.4 0.875179
16196.8 0.874934
16197.1 0.874688
16197.5 0.874442
16197.9 0.874197
16198.2 0.873952
16198.6 0.873706
16199 0.873461
16199.3 0.873216
16199.7 0.87297
16200.1 0.872725
16200.4 0.87248
16200.8 0.872235
16201.2 0.87199
16201.5 0.871746
16201.9 0.871501
16202.3 0.871257
16202.6 0.871013
16203 0.870768
16203.4 0.870524
16203.7 0.87028
16204.1 0.870036
16204.5 0.869792
16204.8 0.869548
16205.2 0.869304
16205.6 0.869061
16205.9 0.868817
16206.3 0.868573
16206.7 0.86833
16207 0.868087
16207.4 0.867844
16207.8 0.8676
16208.1 0.867357
16208.5 0.867115
16208.9 0.866872
16209.2 0.866629
16209.6 0.866386
16210 0.866143
16210.3 0.865901
16210.7 0.865659
16211.1 0.865416
16211.4 0.865174
16211.8 0.864932
16212.2 0.86469
16212.5 0.864448
16212.9 0.864206
16213.3 0.863964
16213.6 0.863722
16214 0.863481
16214.4 0.863239
16214.7 0.862998
16215.1 0.862756
16215.5 0.862515
16215.8 0.862274
16216.2 0.862033
16216.6 0.861792
16216.9 0.861551
16217.3 0.86131
16217.7 0.861069
16218 0.860828
16218.4 0.860588
16218.7 0.860348
16219.1 0.860107
16219.5 0.859867
16219.8 0.859626
16220.2 0.859386
16220.6 0.859146
16220.9 0.858906
16221.3 0.858667
16221.7 0.858427
16222 0.858187
16222.4 0.857947
16222.8 0.857708
16223.1 0.857469
16223.5 0.857229
16223.9 0.85699
16224.2 0.856751
16224.6 0.856512
16225 0.856273
16225.3 0.856034
16225.7 0.855795
16226.1 0.855556
16226.4 0.855318
16226.8 0.855079
16227.2 0.854841
16227.5 0.854602
16227.9 0.854364
16228.3 0.854126
16228.6 0.853888
16229 0.853649
16229.4 0.853412
16229.7 0.853174
16230.1 0.852936
16230.5 0.852698
16230.8 0.852461
16231.2 0.852223
16231.6 0.851986
16231.9 0.851748
16232.3 0.851511
16232.7 0.851274
16233 0.851037
16233.4 0.8508
16233.8 0.850563
16234.1 0.850326
16234.5 0.850089
16234.9 0.849853
16235.2 0.849616
16235.6 0.849379
16236 0.849143
16236.3 0.848907
16236.7 0.848671
16237.1 0.848435
16237.4 0.848198
16237.8 0.847962
16238.2 0.847727
16238.5 0.847491
16238.9 0.847255
16239.3 0.847019
16239.6 0.846784
16240 0.846549
16240.4 0.846313
16240.7 0.846078
16241.1 0.845843
16241.5 0.845608
16241.8 0.845373
16242.2 0.845138
16242.6 0.844903
16242.9 0.844668
16243.3 0.844433
16243.7 0.844199
16244 0.843964
16244.4 0.84373
16244.8 0.843496
16245.1 0.843261
16245.5 0.843027
16245.8 0.842793
16246.2 0.842559
16246.6 0.842325
16246.9 0.842091
16247.3 0.841858
16247.7 0.841624
16248 0.841391
16248.4 0.841157
16248.8 0.840924
16249.1 0.84069
16249.5 0.840457
16249.9 0.840224
16250.2 0.839991
16250.6 0.839758
16251 0.839525
16251.3 0.839292
16251.7 0.83906
16252.1 0.838827
16252.4 0.838594
16252.8 0.838362
16253.2 0.83813
16253.5 0.837897
16253.9 0.837665
16254.3 0.837433
16254.6 0.837201
16255 0.836969
16255.4 0.836737
16255.7 0.836505
16256.1 0.836274
16256.5 0.836042
16256.8 0.835811
16257.2 0.835579
16257.6 0.835348
16257.9 0.835117
16258.3 0.834885
16258.7 0.834654
16259 0.834423
16259.4 0.834192
16259.8 0.833961
16260.1 0.833731
16260.5 0.8335
16260.9 0.833269
16261.2 0.833039
16261.6 0.832808
16262 0.832578
16262.3 0.832348
16262.7 0.832118
16263.1 0.831887
16263.4 0.831658
16263.8 0.831428
16264.2 0.831198
16264.5 0.830968
16264.9 0.830738
16265.3 0.830509
16265.6 0.830279
16266 0.83005
16266.4 0.82982
16266.7 0.829591
16267.1 0.829362
16267.5 0.829133
16267.8 0.828904
16268.2 0.828675
16268.6 0.828446
16268.9 0.828217
16269.3 0.827989
16269.7 0.82776
16270 0.827531
16270.4 0.827303
16270.8 0.827075
16271.1 0.826846
16271.5 0.826618
16271.8 0.82639
16272.2 0.826162
16272.6 0.825934
16272.9 0.825707
16273.3 0.825479
16273.7 0.825251
16274 0.825023
16274.4 0.824796
16274.8 0.824568
16275.1 0.824341
16275.5 0.824114
16275.9 0.823887
16276.2 0.823659
16276.6 0.823432
16277 0.823206
16277.3 0.822979
16277.7 0.822752
16278.1 0.822525
16278.4 0.822299
16278.8 0.822072
16279.2 0.821846
16279.5 0.821619
16279.9 0.821393
16280.3 0.821167
16280.6 0.820941
16281 0.820715
16281.4 0.820489
16281.7 0.820263
16282.1 0.820037
16282.5 0.819811
16282.8 0.819586
16283.2 0.81936
16283.6 0.819135
16283.9 0.818909
16284.3 0.818684
16284.7 0.818459
16285 0.818234
16285.4 0.818009
16285.8 0.817784
16286.1 0.817559
16286.5 0.817334
16286.9 0.817109
16287.2 0.816884
16287.6 0.81666
16288 0.816435
16288.3 0.816211
16288.7 0.815987
16289.1 0.815763
16289.4 0.815538
16289.8 0.815314
16290.2 0.81509
16290.5 0.814866
16290.9 0.814643
16291.3 0.814419
16291.6 0.814195
16292 0.813971
16292.4 0.813748
16292.7 0.813525
16293.1 0.813301
16293.5 0.813078
16293.8 0.812855
16294.2 0.812631
16294.6 0.812409
16294.9 0.812186
16295.3 0.811963
16295.7 0.81174
16296 0.811517
16296.4 0.811295
16296.8 0.811072
16297.1 0.81085
16297.5 0.810627
16297.9 0.810405
16298.2 0.810183
16298.6 0.809961
16298.9 0.809739
16299.3 0.809517
16299.7 0.809295
16300 0.809073
16300.4 0.808851
16300.8 0.80863
16301.1 0.808408
16301.5 0.808186
16301.9 0.807965
16302.2 0.807743
16302.6 0.807522
16303 0.807301
16303.3 0.80708
16303.7 0.806859
16304.1 0.806638
16304.4 0.806417
16304.8 0.806197
16305.2 0.805976
16305.5 0.805755
16305.9 0.805535
16306.3 0.805314
16306.6 0.805094
16307 0.804874
16307.4 0.804653
16307.7 0.804433
16308.1 0.804213
16308.5 0.803993
16308.8 0.803773
16309.2 0.803554
16309.6 0.803334
16309.9 0.803114
16310.3 0.802895
16310.7 0.802675
16311 0.802456
16311.4 0.802236
16311.8 0.802017
16312.1 0.801798
16312.5 0.801579
16312.9 0.80136
16313.2 0.801141
16313.6 0.800922
16314 0.800703
16314.3 0.800485
16314.7 0.800266
16315.1 0.800047
16315.4 0.799829
16315.8 0.799611
16316.2 0.799392
16316.5 0.799174
16316.9 0.798956
16317.3 0.798738
16317.6 0.79852
16318 0.798302
16318.4 0.798084
16318.7 0.797866
16319.1 0.797648
16319.5 0.797431
16319.8 0.797213
16320.2 0.796996
16320.6 0.796778
16320.9 0.796561
16321.3 0.796344
16321.7 0.796127
16322 0.79591
16322.4 0.795693
16322.8 0.795476
16323.1 0.795259
16323.5 0.795042
16323.9 0.794826
16324.2 0.794609
16324.6 0.794393
16325 0.794176
16325.3 0.79396
16325.7 0.793744
16326 0.793527
16326.4 0.793311
16326.8 0.793095
16327.1 0.792879
16327.5 0.792663
16327.9 0.792448
16328.2 0.792232
16328.6 0.792016
16329 0.791801
16329.3 0.791585
16329.7 0.79137
16330.1 0.791154
16330.4 0.790939
16330.8 0.790724
16331.2 0.790509
16331.5 0.790294
16331.9 0.790079
16332.3 0.789864
16332.6 0.789649
16333 0.789435
16333.4 0.78922
16333.7 0.789005
16334.1 0.788791
16334.5 0.788576
16334.8 0.788362
16335.2 0.788148
16335.6 0.787934
16335.9 0.78772
16336.3 0.787506
16336.7 0.787292
16337 0.787078
16337.4 0.786864
16337.8 0.78665
16338.1 0.786437
16338.5 0.786223
16338.9 0.78601
16339.2 0.785796
16339.6 0.785583
16340 0.785369
16340.3 0.785156
16340.7 0.784943
16341.1 0.78473
16341.4 0.784517
16341.8 0.784304
16342.2 0.784092
16342.5 0.783879
16342.9 0.783666
16343.3 0.783454
16343.6 0.783241
16344 0.783029
16344.4 0.782817
16344.7 0.782604
16345.1 0.782392
16345.5 0.78218
16345.8 0.781968
16346.2 0.781756
16346.6 0.781544
16346.9 0.781332
16347.3 0.781121
16347.7 0.780909
16348 0.780697
16348.4 0.780486
16348.8 0.780275
16349.1 0.780063
16349.5 0.779852
16349.9 0.779641
16350.2 0.77943
16350.6 0.779219
16351 0.779007
16351.3 0.778797
16351.7 0.778586
16352 0.778375
16352.4 0.778165
16352.8 0.777954
16353.1 0.777743
16353.5 0.777533
16353.9 0.777322
16354.2 0.777112
16354.6 0.776902
16355 0.776692
16355.3 0.776482
16355.7 0.776272
16356.1 0.776062
16356.4 0.775852
16356.8 0.775642
16357.2 0.775433
16357.5 0.775223
16357.9 0.775014
16358.3 0.774804
16358.6 0.774595
16359 0.774386
16359.4 0.774176
16359.7 0.773967
16360.1 0.773758
16360.5 0.773549
16360.8 0.77334
16361.2 0.773131
16361.6 0.772923
16361.9 0.772714
16362.3 0.772505
16362.7 0.772297
16363 0.772088
16363.4 0.77188
16363.8 0.771671
16364.1 0.771463
16364.5 0.771255
16364.9 0.771047
16365.2 0.770839
16365.6 0.770631
16366 0.770423
16366.3 0.770215
16366.7 0.770008
16367.1 0.7698
16367.4 0.769592
16367.8 0.769385
16368.2 0.769177
16368.5 0.76897
16368.9 0.768763
16369.3 0.768555
16369.6 0.768348
16370 0.768141
16370.4 0.767934
16370.7 0.767727
16371.1 0.76752
16371.5 0.767314
16371.8 0.767107
16372.2 0.7669
16372.6 0.766694
16372.9 0.766487
16373.3 0.766281
16373.7 0.766075
16374 0.765868
16374.4 0.765662
16374.8 0.765456
16375.1 0.76525
16375.5 0.765044
16375.9 0.764838
16376.2 0.764633
16376.6 0.764427
16377 0.764221
16377.3 0.764015
16377.7 0.76381
16378.1 0.763605
16378.4 0.763399
16378.8 0.763194
16379.1 0.762989
16379.5 0.762784
16379.9 0.762578
16380.2 0.762374
16380.6 0.762169
16381 0.761964
16381.3 0.761759
16381.7 0.761554
16382.1 0.76135
16382.4 0.761145
16382.8 0.760941
16383.2 0.760736
16383.5 0.760532
16383.9 0.760328
16384.3 0.760124
16384.6 0.759919
16385 0.759716
16385.4 0.759511
16385.7 0.759308
16386.1 0.759104
16386.5 0.7589
16386.8 0.758696
16387.2 0.758493
16387.6 0.758289
16387.9 0.758086
16388.3 0.757882
16388.7 0.757679
16389 0.757476
16389.4 0.757273
16389.8 0.757069
16390.1 0.756867
16390.5 0.756663
16390.9 0.756461
16391.2 0.756258
16391.6 0.756056
16392 0.755852
16392.3 0.75565
16392.7 0.755447
16393.1 0.755245
16393.4 0.755042
16393.8 0.754841
16394.2 0.754638
16394.5 0.754436
16394.9 0.754233
16395.3 0.754032
16395.6 0.753829
16396 0.753628
16396.4 0.753426
16396.7 0.753225
16397.1 0.753022
16397.5 0.752821
16397.8 0.752619
16398.2 0.752418
16398.6 0.752216
16398.9 0.752016
16399.3 0.751814
16399.7 0.751613
16400 0.751412
16400.4 0.751211
16400.8 0.75101
16401.1 0.75081
16401.5 0.750608
16401.9 0.750408
16402.2 0.750207
16402.6 0.750007
16403 0.749806
16403.3 0.749606
16403.7 0.749405
16404.1 0.749205
16404.4 0.749004
16404.8 0.748805
16405.2 0.748604
16405.5 0.748405
16405.9 0.748204
16406.2 0.748005
16406.6 0.747805
16407 0.747605
16407.3 0.747405
16407.7 0.747206
16408.1 0.747006
16408.4 0.746807
16408.8 0.746607
16409.2 0.746409
16409.5 0.746209
16409.9 0.74601
16410.3 0.745811
16410.6 0.745612
16411 0.745413
16411.4 0.745214
16411.7 0.745015
16412.1 0.744817
16412.5 0.744618
16412.8 0.74442
16413.2 0.744221
16413.6 0.744023
16413.9 0.743824
16414.3 0.743626
16414.7 0.743427
16415 0.74323
16415.4 0.743031
16415.8 0.742834
16416.1 0.742635
16416.5 0.742438
16416.9 0.742239
16417.2 0.742042
16417.6 0.741844
16418 0.741647
16418.3 0.741449
16418.7 0.741252
16419.1 0.741054
16419.4 0.740857
16419.8 0.74066
16420.2 0.740463
16420.5 0.740265
16420.9 0.740069
16421.3 0.739871
16421.6 0.739675
16422 0.739478
16422.4 0.739281
16422.7 0.739084
16423.1 0.738888
16423.5 0.738691
16423.8 0.738495
16424.2 0.738298
16424.6 0.738102
16424.9 0.737906
16425.3 0.73771
16425.7 0.737513
16426 0.737318
16426.4 0.737121
16426.8 0.736926
16427.1 0.736729
16427.5 0.736534
16427.9 0.736338
16428.2 0.736143
16428.6 0.735947
16429 0.735752
16429.3 0.735556
16429.7 0.735361
16430.1 0.735165
16430.4 0.73497
16430.8 0.734775
16431.2 0.73458
16431.5 0.734385
16431.9 0.73419
16432.3 0.733995
16432.6 0.733801
16433 0.733605
16433.3 0.733411
16433.7 0.733216
16434.1 0.733022
16434.4 0.732827
16434.8 0.732633
16435.2 0.732438
16435.5 0.732245
16435.9 0.73205
16436.3 0.731856
16436.6 0.731662
16437 0.731468
16437.4 0.731274
16437.7 0.731081
16438.1 0.730886
16438.5 0.730693
16438.8 0.730499
16439.2 0.730306
16439.6 0.730112
16439.9 0.729919
16440.3 0.729725
16440.7 0.729532
16441 0.729339
16441.4 0.729146
16441.8 0.728952
16442.1 0.72876
16442.5 0.728566
16442.9 0.728374
16443.2 0.728181
16443.6 0.727988
16444 0.727795
16444.3 0.727603
16444.7 0.72741
16445.1 0.727218
16445.4 0.727025
16445.8 0.726833
16446.2 0.726641
16446.5 0.726449
16446.9 0.726256
16447.3 0.726065
16447.6 0.725872
16448 0.725681
16448.4 0.725488
16448.7 0.725297
16449.1 0.725105
16449.5 0.724914
16449.8 0.724721
16450.2 0.72453
16450.6 0.724339
16450.9 0.724148
16451.3 0.723956
16451.7 0.723765
16452 0.723574
16452.4 0.723383
16452.8 0.723191
16453.1 0.723001
16453.5 0.722809
16453.9 0.722619
16454.2 0.722428
16454.6 0.722238
16455 0.722046
16455.3 0.721856
16455.7 0.721666
16456.1 0.721475
16456.4 0.721285
16456.8 0.721095
16457.2 0.720904
16457.5 0.720714
16457.9 0.720524
16458.3 0.720334
16458.6 0.720144
16459 0.719954
16459.3 0.719764
16459.7 0.719575
16460.1 0.719385
16460.4 0.719195
16460.8 0.719005
16461.2 0.718816
16461.5 0.718626
16461.9 0.718438
16462.3 0.718248
16462.6 0.718059
16463 0.717869
16463.4 0.717681
16463.7 0.717491
16464.1 0.717303
16464.5 0.717113
16464.8 0.716925
16465.2 0.716736
16465.6 0.716548
16465.9 0.716359
16466.3 0.71617
16466.7 0.715981
16467 0.715793
16467.4 0.715604
16467.8 0.715417
16468.1 0.715228
16468.5 0.71504
16468.9 0.714852
16469.2 0.714664
16469.6 0.714476
16470 0.714289
16470.3 0.7141
16470.7 0.713913
16471.1 0.713725
16471.4 0.713538
16471.8 0.713349
16472.2 0.713163
16472.5 0.712975
16472.9 0.712788
16473.3 0.7126
16473.6 0.712413
16474 0.712225
16474.4 0.712039
16474.7 0.711851
16475.1 0.711665
16475.5 0.711477
16475.8 0.711291
16476.2 0.711104
16476.6 0.710918
16476.9 0.710731
16477.3 0.710544
16477.7 0.710357
16478 0.710172
16478.4 0.709985
16478.8 0.709799
16479.1 0.709612
16479.5 0.709426
16479.9 0.70924
16480.2 0.709054
16480.6 0.708868
16481 0.708682
16481.3 0.708496
16481.7 0.708311
16482.1 0.708124
16482.4 0.707939
16482.8 0.707753
16483.2 0.707568
16483.5 0.707382
16483.9 0.707197
16484.3 0.707011
16484.6 0.706827
16485 0.706641
16485.3 0.706457
16485.7 0.706271
16486.1 0.706086
16486.4 0.705901
16486.8 0.705717
16487.2 0.705531
16487.5 0.705347
16487.9 0.705162
16488.3 0.704978
16488.6 0.704793
16489 0.704609
16489.4 0.704424
16489.7 0.70424
16490.1 0.704055
16490.5 0.703871
16490.8 0.703687
16491.2 0.703503
16491.6 0.703318
16491.9 0.703135
16492.3 0.702951
16492.7 0.702767
16493 0.702583
16493.4 0.7024
16493.8 0.702216
16494.1 0.702033
16494.5 0.701848
16494.9 0.701666
16495.2 0.701482
16495.6 0.701299
16496 0.701115
16496.3 0.700932
16496.7 0.700749
16497.1 0.700566
16497.4 0.700383
16497.8 0.7002
16498.2 0.700017
16498.5 0.699834
16498.9 0.699651
16499.3 0.699469
16499.6 0.699286
16500 0.699104
16500.4 0.698921
16500.7 0.698739
16501.1 0.698556
16501.5 0.698374
16501.8 0.698192
16502.2 0.69801
16502.6 0.697827
16502.9 0.697646
16503.3 0.697463
16503.7 0.697282
16504 0.6971
16504.4 0.696918
16504.8 0.696736
16505.1 0.696555
16505.5 0.696373
16505.9 0.696192
16506.2 0.69601
16506.6 0.695829
16507 0.695647
16507.3 0.695466
16507.7 0.695285
16508.1 0.695104
16508.4 0.694922
16508.8 0.694742
16509.2 0.69456
16509.5 0.69438
16509.9 0.694199
16510.3 0.694019
16510.6 0.693837
16511 0.693657
16511.4 0.693476
16511.7 0.693296
16512.1 0.693115
16512.4 0.692935
16512.8 0.692754
16513.2 0.692575
16513.5 0.692394
16513.9 0.692214
16514.3 0.692034
16514.6 0.691854
16515 0.691674
16515.4 0.691494
16515.7 0.691314
16516.1 0.691135
16516.5 0.690955
16516.8 0.690775
16517.2 0.690595
16517.6 0.690416
16517.9 0.690236
16518.3 0.690058
16518.7 0.689878
16519 0.689699
16519.4 0.689519
16519.8 0.689341
16520.1 0.689161
16520.5 0.688983
16520.9 0.688803
16521.2 0.688625
16521.6 0.688445
16522 0.688267
16522.3 0.688088
16522.7 0.68791
16523.1 0.687731
16523.4 0.687553
16523.8 0.687374
16524.2 0.687196
16524.5 0.687017
16524.9 0.686839
16525.3 0.686661
16525.6 0.686483
16526 0.686305
16526.4 0.686127
16526.7 0.685948
16527.1 0.685771
16527.5 0.685593
16527.8 0.685416
16528.2 0.685237
16528.6 0.68506
16528.9 0.684882
16529.3 0.684705
16529.7 0.684527
16530 0.68435
16530.4 0.684172
16530.8 0.683996
16531.1 0.683818
16531.5 0.683641
16531.9 0.683464
16532.2 0.683287
16532.6 0.68311
16533 0.682933
16533.3 0.682756
16533.7 0.68258
16534.1 0.682403
16534.4 0.682226
16534.8 0.682049
16535.2 0.681873
16535.5 0.681697
16535.9 0.681521
16536.3 0.681344
16536.6 0.681168
16537 0.680991
16537.4 0.680816
16537.7 0.680639
16538.1 0.680464
16538.5 0.680287
16538.8 0.680112
16539.2 0.679935
16539.5 0.67976
16539.9 0.679584
16540.3 0.679409
16540.6 0.679233
16541 0.679058
16541.4 0.678882
16541.7 0.678707
16542.1 0.678531
16542.5 0.678356
16542.8 0.67818
16543.2 0.678005
16543.6 0.67783
16543.9 0.677655
16544.3 0.67748
16544.7 0.677305
16545 0.67713
16545.4 0.676956
16545.8 0.676781
16546.1 0.676606
16546.5 0.676431
16546.9 0.676257
16547.2 0.676082
16547.6 0.675908
16548 0.675733
16548.3 0.675559
16548.7 0.675385
16549.1 0.675211
16549.4 0.675036
16549.8 0.674863
16550.2 0.674688
16550.5 0.674515
16550.9 0.67434
16551.3 0.674167
16551.6 0.673993
16552 0.67382
16552.4 0.673646
16552.7 0.673472
16553.1 0.673298
16553.5 0.673125
16553.8 0.672952
16554.2 0.672779
16554.6 0.672605
16554.9 0.672432
16555.3 0.672259
16555.7 0.672086
16556 0.671912
16556.4 0.67174
16556.8 0.671566
16557.1 0.671394
16557.5 0.671221
16557.9 0.671049
16558.2 0.670875
16558.6 0.670703
16559 0.67053
16559.3 0.670358
16559.7 0.670185
16560.1 0.670013
16560.4 0.669841
16560.8 0.669669
16561.2 0.669496
16561.5 0.669324
16561.9 0.669152
16562.3 0.66898
16562.6 0.668808
16563 0.668636
16563.4 0.668464
16563.7 0.668293
16564.1 0.66812
16564.5 0.667949
16564.8 0.667777
16565.2 0.667606
16565.6 0.667434
16565.9 0.667263
16566.3 0.667091
16566.6 0.66692
16567 0.666749
16567.4 0.666578
16567.7 0.666406
16568.1 0.666236
16568.5 0.666064
16568.8 0.665894
16569.2 0.665722
16569.6 0.665552
16569.9 0.665381
16570.3 0.66521
16570.7 0.665039
16571 0.664869
16571.4 0.664698
16571.8 0.664528
16572.1 0.664357
16572.5 0.664187
16572.9 0.664017
16573.2 0.663847
16573.6 0.663676
16574 0.663506
16574.3 0.663336
16574.7 0.663166
16575.1 0.662996
16575.4 0.662827
16575.8 0.662656
16576.2 0.662487
16576.5 0.662317
16576.9 0.662148
16577.3 0.661978
16577.6 0.661808
16578 0.661638
16578.4 0.661469
16578.7 0.6613
16579.1 0.661131
16579.5 0.660961
16579.8 0.660792
16580.2 0.660623
16580.6 0.660454
16580.9 0.660285
16581.3 0.660116
16581.7 0.659947
16582 0.659779
16582.4 0.659609
16582.8 0.659441
16583.1 0.659272
16583.5 0.659104
16583.9 0.658935
16584.2 0.658767
16584.6 0.658598
16585 0.65843
16585.3 0.658261
16585.7 0.658093
16586.1 0.657925
16586.4 0.657757
16586.8 0.657589
16587.2 0.657421
16587.5 0.657253
16587.9 0.657085
16588.3 0.656917
16588.6 0.656749
16589 0.656581
16589.4 0.656414
16589.7 0.656246
16590.1 0.656079
16590.5 0.655911
16590.8 0.655744
16591.2 0.655576
16591.6 0.655409
16591.9 0.655241
16592.3 0.655075
16592.7 0.654907
16593 0.65474
16593.4 0.654573
16593.7 0.654406
16594.1 0.654239
16594.5 0.654073
16594.8 0.653905
16595.2 0.653739
16595.6 0.653572
16595.9 0.653406
16596.3 0.653239
16596.7 0.653073
16597 0.652906
16597.4 0.65274
16597.8 0.652573
16598.1 0.652407
16598.5 0.652241
16598.9 0.652075
16599.2 0.651908
16599.6 0.651743
16600 0.651576
16600.3 0.65141
16600.7 0.651244
16601.1 0.651079
16601.4 0.650913
16601.8 0.650747
16602.2 0.650581
16602.5 0.650416
16602.9 0.65025
16603.3 0.650085
16603.6 0.649919
16604 0.649754
16604.4 0.649588
16604.7 0.649424
16605.1 0.649258
16605.5 0.649093
16605.8 0.648928
16606.2 0.648763
16606.6 0.648598
16606.9 0.648433
16607.3 0.648268
16607.7 0.648104
16608 0.647938
16608.4 0.647774
16608.8 0.647609
16609.1 0.647445
16609.5 0.64728
16609.9 0.647116
16610.2 0.646951
16610.6 0.646787
16611 0.646622
16611.3 0.646459
16611.7 0.646294
16612.1 0.64613
16612.4 0.645966
16612.8 0.645802
16613.2 0.645638
16613.5 0.645474
16613.9 0.64531
16614.3 0.645147
16614.6 0.644983
16615 0.644819
16615.4 0.644655
16615.7 0.644492
16616.1 0.644328
16616.5 0.644165
16616.8 0.644001
16617.2 0.643838
16617.6 0.643675
16617.9 0.643512
16618.3 0.643348
16618.7 0.643186
16619 0.643022
16619.4 0.64286
16619.8 0.642696
16620.1 0.642534
16620.5 0.642371
16620.8 0.642208
16621.2 0.642045
16621.6 0.641883
16621.9 0.64172
16622.3 0.641558
16622.7 0.641395
16623 0.641233
16623.4 0.64107
16623.8 0.640908
16624.1 0.640745
16624.5 0.640584
16624.9 0.640421
16625.2 0.640259
16625.6 0.640097
16626 0.639935
16626.3 0.639773
16626.7 0.639611
16627.1 0.639449
16627.4 0.639288
16627.8 0.639126
16628.2 0.638964
16628.5 0.638802
16628.9 0.638641
16629.3 0.638479
16629.6 0.638318
16630 0.638156
16630.4 0.637996
16630.7 0.637834
16631.1 0.637673
16631.5 0.637511
16631.8 0.637351
16632.2 0.637189
16632.6 0.637029
16632.9 0.636867
16633.3 0.636707
16633.7 0.636546
16634 0.636385
16634.4 0.636224
16634.8 0.636064
16635.1 0.635903
16635.5 0.635743
16635.9 0.635582
16636.2 0.635422
16636.6 0.635261
16637 0.635101
16637.3 0.63494
16637.7 0.63478
16638.1 0.63462
16638.4 0.63446
16638.8 0.6343
16639.2 0.63414
16639.5 0.63398
16639.9 0.63382
16640.3 0.63366
16640.6 0.633501
16641 0.633341
16641.4 0.633181
16641.7 0.633021
16642.1 0.632862
16642.5 0.632702
16642.8 0.632543
16643.2 0.632383
16643.6 0.632224
16643.9 0.632065
16644.3 0.631906
16644.7 0.631746
16645 0.631588
16645.4 0.631428
16645.8 0.631269
16646.1 0.63111
16646.5 0.630951
16646.8 0.630792
16647.2 0.630634
16647.6 0.630475
16647.9 0.630316
16648.3 0.630157
16648.7 0.629999
16649 0.62984
16649.4 0.629682
16649.8 0.629523
16650.1 0.629365
16650.5 0.629207
16650.9 0.629049
16651.2 0.62889
16651.6 0.628732
16652 0.628574
16652.3 0.628416
16652.7 0.628258
16653.1 0.6281
16653.4 0.627942
16653.8 0.627785
16654.2 0.627626
16654.5 0.627469
16654.9 0.627311
16655.3 0.627154
16655.6 0.626996
16656 0.626839
16656.4 0.626681
16656.7 0.626524
16657.1 0.626366
16657.5 0.626209
16657.8 0.626051
16658.2 0.625895
16658.6 0.625737
16658.9 0.62558
16659.3 0.625423
16659.7 0.625266
16660 0.625109
16660.4 0.624953
16660.8 0.624795
16661.1 0.624639
16661.5 0.624482
16661.9 0.624326
16662.2 0.624169
16662.6 0.624013
16663 0.623856
16663.3 0.6237
16663.7 0.623543
16664.1 0.623387
16664.4 0.62323
16664.8 0.623074
16665.2 0.622918
16665.5 0.622762
16665.9 0.622606
16666.3 0.62245
16666.6 0.622294
16667 0.622138
16667.4 0.621982
16667.7 0.621826
16668.1 0.62167
16668.5 0.621515
16668.8 0.621359
16669.2 0.621204
16669.6 0.621048
16669.9 0.620893
16670.3 0.620737
16670.7 0.620582
16671 0.620426
16671.4 0.620271
16671.8 0.620116
16672.1 0.619961
16672.5 0.619806
16672.8 0.619651
16673.2 0.619496
16673.6 0.619341
16673.9 0.619186
16674.3 0.619031
16674.7 0.618876
16675 0.618722
16675.4 0.618567
16675.8 0.618412
16676.1 0.618257
16676.5 0.618103
16676.9 0.617948
16677.2 0.617794
16677.6 0.617639
16678 0.617486
16678.3 0.617331
16678.7 0.617177
16679.1 0.617022
16679.4 0.616869
16679.8 0.616714
16680.2 0.616561
16680.5 0.616406
16680.9 0.616253
16681.3 0.616099
16681.6 0.615945
16682 0.615791
16682.4 0.615638
16682.7 0.615484
16683.1 0.61533
16683.5 0.615176
16683.8 0.615023
16684.2 0.61487
16684.6 0.614717
16684.9 0.614563
16685.3 0.61441
16685.7 0.614257
16686 0.614104
16686.4 0.61395
16686.8 0.613798
16687.1 0.613644
16687.5 0.613492
16687.9 0.613338
16688.2 0.613186
16688.6 0.613033
16689 0.61288
16689.3 0.612727
16689.7 0.612575
16690.1 0.612422
16690.4 0.61227
16690.8 0.612117
16691.2 0.611965
16691.5 0.611812
16691.9 0.61166
16692.3 0.611507
16692.6 0.611356
16693 0.611203
16693.4 0.611051
16693.7 0.610899
16694.1 0.610747
16694.5 0.610595
16694.8 0.610443
16695.2 0.610291
16695.6 0.61014
16695.9 0.609987
16696.3 0.609836
16696.7 0.609684
16697 0.609533
16697.4 0.609381
16697.8 0.60923
16698.1 0.609078
16698.5 0.608927
16698.9 0.608775
16699.2 0.608624
16699.6 0.608472
16699.9 0.608322
16700.3 0.60817
16700.7 0.608019
16701 0.607868
16701.4 0.607717
16701.8 0.607566
16702.1 0.607416
16702.5 0.607264
16702.9 0.607114
16703.2 0.606963
16703.6 0.606812
16704 0.606661
16704.3 0.606511
16704.7 0.60636
16705.1 0.60621
16705.4 0.606059
16705.8 0.605909
16706.2 0.605758
16706.5 0.605608
16706.9 0.605458
16707.3 0.605308
16707.6 0.605158
16708 0.605008
16708.4 0.604858
16708.7 0.604708
16709.1 0.604557
16709.5 0.604408
16709.8 0.604258
16710.2 0.604108
16710.6 0.603958
16710.9 0.603809
16711.3 0.603659
16711.7 0.60351
16712 0.60336
16712.4 0.603211
16712.8 0.603061
16713.1 0.602912
16713.5 0.602762
16713.9 0.602613
16714.2 0.602464
16714.6 0.602315
16715 0.602165
16715.3 0.602017
16715.7 0.601867
16716.1 0.601719
16716.4 0.601569
16716.8 0.601421
16717.2 0.601272
16717.5 0.601123
16717.9 0.600974
16718.3 0.600826
16718.6 0.600677
16719 0.600529
16719.4 0.60038
16719.7 0.600232
16720.1 0.600083
16720.5 0.599935
16720.8 0.599786
16721.2 0.599638
16721.6 0.59949
16721.9 0.599342
16722.3 0.599193
16722.7 0.599046
16723 0.598897
16723.4 0.59875
16723.8 0.598601
16724.1 0.598454
16724.5 0.598306
16724.9 0.598158
16725.2 0.59801
16725.6 0.597863
16726 0.597715
16726.3 0.597568
16726.7 0.59742
16727 0.597273
16727.4 0.597125
16727.8 0.596978
16728.1 0.59683
16728.5 0.596683
16728.9 0.596536
16729.2 0.596389
16729.6 0.596241
16730 0.596094
16730.3 0.595947
16730.7 0.595801
16731.1 0.595653
16731.4 0.595507
16731.8 0.595359
16732.2 0.595213
16732.5 0.595066
16732.9 0.59492
16733.3 0.594773
16733.6 0.594626
16734 0.59448
16734.4 0.594333
16734.7 0.594187
16735.1 0.594041
16735.5 0.593894
16735.8 0.593748
16736.2 0.593601
16736.6 0.593455
16736.9 0.593309
16737.3 0.593163
16737.7 0.593017
16738 0.592871
16738.4 0.592725
16738.8 0.59258
16739.1 0.592433
16739.5 0.592288
16739.9 0.592142
16740.2 0.591996
16740.6 0.59185
16741 0.591705
16741.3 0.591559
16741.7 0.591414
16742.1 0.591268
16742.4 0.591123
16742.8 0.590977
16743.2 0.590832
16743.5 0.590687
16743.9 0.590542
16744.3 0.590396
16744.6 0.590252
16745 0.590106
16745.4 0.589962
16745.7 0.589816
16746.1 0.589672
16746.5 0.589526
16746.8 0.589382
16747.2 0.589237
16747.6 0.589093
16747.9 0.588948
16748.3 0.588803
16748.7 0.588658
16749 0.588514
16749.4 0.588369
16749.8 0.588225
16750.1 0.588081
16750.5 0.587937
16750.9 0.587792
16751.2 0.587648
16751.6 0.587503
16752 0.58736
16752.3 0.587215
16752.7 0.587071
16753.1 0.586927
16753.4 0.586784
16753.8 0.586639
16754.1 0.586496
16754.5 0.586352
16754.9 0.586208
16755.2 0.586064
16755.6 0.585921
16756 0.585777
16756.3 0.585634
16756.7 0.58549
16757.1 0.585347
16757.4 0.585203
16757.8 0.58506
16758.2 0.584916
16758.5 0.584774
16758.9 0.58463
16759.3 0.584487
16759.6 0.584343
16760 0.584201
16760.4 0.584057
16760.7 0.583915
16761.1 0.583771
16761.5 0.583629
16761.8 0.583486
16762.2 0.583343
16762.6 0.5832
16762.9 0.583058
16763.3 0.582915
16763.7 0.582772
16764 0.58263
16764.4 0.582487
16764.8 0.582345
16765.1 0.582202
16765.5 0.58206
16765.9 0.581918
16766.2 0.581775
16766.6 0.581633
16767 0.581491
16767.3 0.581349
16767.7 0.581207
16768.1 0.581065
16768.4 0.580922
16768.8 0.580781
16769.2 0.580639
16769.5 0.580497
16769.9 0.580355
16770.3 0.580214
16770.6 0.580072
16771 0.57993
16771.4 0.579788
16771.7 0.579647
16772.1 0.579505
16772.5 0.579364
16772.8 0.579222
16773.2 0.579081
16773.6 0.57894
16773.9 0.578799
16774.3 0.578657
16774.7 0.578516
16775 0.578375
16775.4 0.578234
16775.8 0.578093
16776.1 0.577952
16776.5 0.577811
16776.9 0.57767
16777.2 0.577529
16777.6 0.577389
16778 0.577248
16778.3 0.577107
16778.7 0.576966
16779.1 0.576826
16779.4 0.576685
16779.8 0.576545
16780.2 0.576404
16780.5 0.576264
16780.9 0.576123
16781.2 0.575983
16781.6 0.575842
16782 0.575703
16782.3 0.575562
16782.7 0.575422
16783.1 0.575282
16783.4 0.575142
16783.8 0.575002
16784.2 0.574862
16784.5 0.574722
16784.9 0.574582
16785.3 0.574442
16785.6 0.574303
16786 0.574162
16786.4 0.574023
16786.7 0.573883
16787.1 0.573744
16787.5 0.573604
16787.8 0.573465
16788.2 0.573325
16788.6 0.573186
16788.9 0.573046
16789.3 0.572907
16789.7 0.572768
16790 0.572629
16790.4 0.572489
16790.8 0.572351
16791.1 0.572211
16791.5 0.572073
16791.9 0.571933
16792.2 0.571795
16792.6 0.571655
16793 0.571517
16793.3 0.571378
16793.7 0.571239
16794.1 0.5711
16794.4 0.570962
16794.8 0.570823
16795.2 0.570685
16795.5 0.570546
16795.9 0.570408
16796.3 0.570269
16796.6 0.570131
16797 0.569992
16797.4 0.569854
16797.7 0.569715
16798.1 0.569578
16798.5 0.569439
16798.8 0.569301
16799.2 0.569163
16799.6 0.569025
16799.9 0.568887
16800.3 0.568749
16800.7 0.568611
16801 0.568474
16801.4 0.568336
16801.8 0.568198
16802.1 0.56806
16802.5 0.567923
16802.9 0.567785
16803.2 0.567648
16803.6 0.56751
16804 0.567373
16804.3 0.567235
16804.7 0.567098
16805.1 0.56696
16805.4 0.566823
16805.8 0.566686
16806.2 0.566549
16806.5 0.566411
16806.9 0.566275
16807.3 0.566137
16807.6 0.566
16808 0.565863
16808.3 0.565727
16808.7 0.565589
16809.1 0.565453
16809.4 0.565316
16809.8 0.565179
16810.2 0.565042
16810.5 0.564906
16810.9 0.564769
16811.3 0.564633
16811.6 0.564496
16812 0.56436
16812.4 0.564223
16812.7 0.564087
16813.1 0.56395
16813.5 0.563814
16813.8 0.563678
16814.2 0.563542
16814.6 0.563405
16814.9 0.56327
16815.3 0.563133
16815.7 0.562997
16816 0.562861
16816.4 0.562726
16816.8 0.562589
16817.1 0.562454
16817.5 0.562318
16817.9 0.562182
16818.2 0.562046
16818.6 0.561911
16819 0.561775
16819.3 0.56164
16819.7 0.561504
16820.1 0.561369
16820.4 0.561233
16820.8 0.561098
16821.2 0.560962
16821.5 0.560827
16821.9 0.560692
16822.3 0.560557
16822.6 0.560421
16823 0.560287
16823.4 0.560151
16823.7 0.560016
16824.1 0.559881
16824.5 0.559747
16824.8 0.559611
16825.2 0.559477
16825.6 0.559342
16825.9 0.559207
16826.3 0.559072
16826.7 0.558938
16827 0.558803
16827.4 0.558668
16827.8 0.558534
16828.1 0.5584
16828.5 0.558265
16828.9 0.558131
16829.2 0.557996
16829.6 0.557862
16830 0.557727
16830.3 0.557594
16830.7 0.557459
16831.1 0.557325
16831.4 0.557191
16831.8 0.557057
16832.2 0.556923
16832.5 0.556789
16832.9 0.556655
16833.3 0.556521
16833.6 0.556387
16834 0.556254
16834.3 0.55612
16834.7 0.555986
16835.1 0.555852
16835.4 0.555719
16835.8 0.555585
16836.2 0.555452
16836.5 0.555318
16836.9 0.555185
16837.3 0.555051
16837.6 0.554918
16838 0.554785
16838.4 0.554652
16838.7 0.554518
16839.1 0.554385
16839.5 0.554252
16839.8 0.554119
16840.2 0.553986
16840.6 0.553853
16840.9 0.55372
16841.3 0.553587
16841.7 0.553454
16842 0.553321
16842.4 0.553188
16842.8 0.553056
16843.1 0.552923
16843.5 0.55279
16843.9 0.552657
16844.2 0.552525
16844.6 0.552392
16845 0.55226
16845.3 0.552128
16845.7 0.551996
16846.1 0.551863
16846.4 0.551731
16846.8 0.551598
16847.2 0.551466
16847.5 0.551334
16847.9 0.551202
16848.3 0.55107
16848.6 0.550938
16849 0.550806
16849.4 0.550674
16849.7 0.550542
16850.1 0.55041
16850.5 0.550278
16850.8 0.550147
16851.2 0.550014
16851.6 0.549883
16851.9 0.549751
16852.3 0.54962
16852.7 0.549488
16853 0.549357
16853.4 0.549225
16853.8 0.549094
16854.1 0.548962
16854.5 0.548831
16854.9 0.548699
16855.2 0.548569
16855.6 0.548437
16856 0.548306
16856.3 0.548175
16856.7 0.548044
16857.1 0.547913
16857.4 0.547782
16857.8 0.547651
16858.2 0.54752
16858.5 0.547389
16858.9 0.547258
16859.3 0.547127
16859.6 0.546997
16860 0.546866
16860.3 0.546736
16860.7 0.546605
16861.1 0.546475
16861.4 0.546344
16861.8 0.546214
16862.2 0.546083
16862.5 0.545953
16862.9 0.545822
16863.3 0.545692
16863.6 0.545561
16864 0.545431
16864.4 0.545301
16864.7 0.545171
16865.1 0.545041
16865.5 0.544911
16865.8 0.544781
16866.2 0.544651
16866.6 0.544521
16866.9 0.544391
16867.3 0.544261
16867.7 0.544132
16868 0.544001
16868.4 0.543872
16868.8 0.543742
16869.1 0.543613
16869.5 0.543483
16869.9 0.543354
16870.2 0.543224
16870.6 0.543095
16871 0.542965
16871.3 0.542836
16871.7 0.542706
16872.1 0.542577
16872.4 0.542448
16872.8 0.542319
16873.2 0.542189
16873.5 0.54206
16873.9 0.541931
16874.3 0.541802
16874.6 0.541673
16875 0.541544
16875.4 0.541415
16875.7 0.541287
16876.1 0.541157
16876.5 0.541029
16876.8 0.5409
16877.2 0.540771
16877.6 0.540643
16877.9 0.540514
16878.3 0.540385
16878.7 0.540257
16879 0.540128
16879.4 0.54
16879.8 0.539872
16880.1 0.539743
16880.5 0.539615
16880.9 0.539487
16881.2 0.539358
16881.6 0.53923
16882 0.539102
16882.3 0.538974
16882.7 0.538846
16883.1 0.538718
16883.4 0.53859
16883.8 0.538462
16884.2 0.538334
16884.5 0.538206
16884.9 0.538078
16885.3 0.537951
16885.6 0.537823
16886 0.537695
16886.4 0.537567
16886.7 0.53744
16887.1 0.537312
16887.4 0.537185
16887.8 0.537057
16888.2 0.53693
16888.5 0.536802
16888.9 0.536675
16889.3 0.536548
16889.6 0.536421
16890 0.536293
16890.4 0.536166
16890.7 0.536039
16891.1 0.535912
16891.5 0.535785
16891.8 0.535658
16892.2 0.535531
16892.6 0.535404
16892.9 0.535277
16893.3 0.53515
16893.7 0.535023
16894 0.534897
16894.4 0.53477
16894.8 0.534643
16895.1 0.534516
16895.5 0.53439
16895.9 0.534263
16896.2 0.534137
16896.6 0.53401
16897 0.533884
16897.3 0.533757
16897.7 0.533631
16898.1 0.533504
16898.4 0.533378
16898.8 0.533252
16899.2 0.533126
16899.5 0.532999
16899.9 0.532874
16900.3 0.532747
16900.6 0.532622
16901 0.532495
16901.4 0.53237
16901.7 0.532243
16902.1 0.532118
16902.5 0.531992
16902.8 0.531866
16903.2 0.53174
16903.6 0.531615
16903.9 0.531489
16904.3 0.531364
16904.7 0.531238
16905 0.531112
16905.4 0.530986
16905.8 0.530861
16906.1 0.530736
16906.5 0.530611
16906.9 0.530485
16907.2 0.53036
16907.6 0.530234
16908 0.530109
16908.3 0.529984
16908.7 0.529859
16909.1 0.529734
16909.4 0.529609
16909.8 0.529484
16910.2 0.529359
16910.5 0.529234
16910.9 0.529109
16911.3 0.528984
16911.6 0.52886
16912 0.528734
16912.4 0.52861
16912.7 0.528485
16913.1 0.528361
16913.5 0.528236
16913.8 0.528111
16914.2 0.527987
16914.5 0.527862
16914.9 0.527738
16915.3 0.527614
16915.6 0.527489
16916 0.527365
16916.4 0.52724
16916.7 0.527116
16917.1 0.526992
16917.5 0.526868
16917.8 0.526744
16918.2 0.52662
16918.6 0.526496
16918.9 0.526372
16919.3 0.526247
16919.7 0.526124
16920 0.526
16920.4 0.525876
16920.8 0.525752
16921.1 0.525629
16921.5 0.525504
16921.9 0.525381
16922.2 0.525257
16922.6 0.525134
16923 0.52501
16923.3 0.524887
16923.7 0.524763
16924.1 0.52464
16924.4 0.524516
16924.8 0.524393
16925.2 0.52427
16925.5 0.524146
16925.9 0.524023
16926.3 0.5239
16926.6 0.523776
16927 0.523654
16927.4 0.52353
16927.7 0.523408
16928.1 0.523284
16928.5 0.523162
16928.8 0.523038
16929.2 0.522916
16929.6 0.522793
16929.9 0.52267
16930.3 0.522547
16930.7 0.522425
16931 0.522302
16931.4 0.522179
16931.8 0.522057
16932.1 0.521934
16932.5 0.521811
16932.9 0.521689
16933.2 0.521566
16933.6 0.521444
16934 0.521321
16934.3 0.5212
16934.7 0.521077
16935.1 0.520955
16935.4 0.520832
16935.8 0.520711
16936.2 0.520588
16936.5 0.520467
16936.9 0.520344
16937.3 0.520222
16937.6 0.5201
16938 0.519979
16938.4 0.519856
16938.7 0.519735
16939.1 0.519613
16939.5 0.519491
16939.8 0.519369
16940.2 0.519248
16940.6 0.519126
16940.9 0.519005
16941.3 0.518883
16941.6 0.518761
16942 0.51864
16942.4 0.518518
16942.7 0.518397
16943.1 0.518276
16943.5 0.518154
16943.8 0.518033
16944.2 0.517911
16944.6 0.517791
16944.9 0.517669
16945.3 0.517548
16945.7 0.517427
16946 0.517306
16946.4 0.517185
16946.8 0.517064
16947.1 0.516943
16947.5 0.516822
16947.9 0.516701
16948.2 0.516581
16948.6 0.516459
16949 0.516339
16949.3 0.516218
16949.7 0.516098
16950.1 0.515976
16950.4 0.515856
16950.8 0.515735
16951.2 0.515615
16951.5 0.515494
16951.9 0.515374
16952.3 0.515253
16952.6 0.515133
16953 0.515013
16953.4 0.514893
16953.7 0.514772
16954.1 0.514652
16954.5 0.514532
16954.8 0.514412
16955.2 0.514292
16955.6 0.514172
16955.9 0.514051
16956.3 0.513932
16956.7 0.513812
16957 0.513692
16957.4 0.513572
16957.8 0.513452
16958.1 0.513332
16958.5 0.513213
16958.9 0.513093
16959.2 0.512973
16959.6 0.512854
16960 0.512734
16960.3 0.512614
16960.7 0.512495
16961.1 0.512375
16961.4 0.512256
16961.8 0.512136
16962.2 0.512017
16962.5 0.511898
16962.9 0.511779
16963.3 0.511659
16963.6 0.51154
16964 0.511421
16964.4 0.511302
16964.7 0.511183
16965.1 0.511064
16965.5 0.510945
16965.8 0.510826
16966.2 0.510707
16966.6 0.510588
16966.9 0.510469
16967.3 0.51035
16967.7 0.510231
16968 0.510113
16968.4 0.509994
16968.7 0.509875
16969.1 0.509756
16969.5 0.509638
16969.8 0.509519
16970.2 0.509401
16970.6 0.509282
16970.9 0.509164
16971.3 0.509045
16971.7 0.508927
16972 0.508809
16972.4 0.508691
16972.8 0.508572
16973.1 0.508454
16973.5 0.508336
16973.9 0.508218
16974.2 0.5081
16974.6 0.507982
16975 0.507864
16975.3 0.507746
16975.7 0.507628
16976.1 0.50751
16976.4 0.507392
16976.8 0.507274
16977.2 0.507156
16977.5 0.507039
16977.9 0.506921
16978.3 0.506803
16978.6 0.506685
16979 0.506568
16979.4 0.50645
16979.7 0.506333
16980.1 0.506215
16980.5 0.506098
16980.8 0.50598
16981.2 0.505863
16981.6 0.505745
16981.9 0.505628
16982.3 0.505511
16982.7 0.505394
16983 0.505276
16983.4 0.505159
16983.8 0.505042
16984.1 0.504925
16984.5 0.504808
16984.9 0.504691
16985.2 0.504574
16985.6 0.504457
16986 0.50434
16986.3 0.504224
16986.7 0.504106
16987.1 0.50399
16987.4 0.503873
16987.8 0.503756
16988.2 0.50364
16988.5 0.503523
16988.9 0.503406
16989.3 0.50329
16989.6 0.503173
16990 0.503057
16990.4 0.50294
16990.7 0.502824
16991.1 0.502708
16991.5 0.502591
16991.8 0.502475
16992.2 0.502359
16992.6 0.502242
16992.9 0.502126
16993.3 0.50201
16993.7 0.501894
16994 0.501778
16994.4 0.501662
16994.8 0.501546
16995.1 0.50143
16995.5 0.501314
16995.8 0.501198
16996.2 0.501082
16996.6 0.500967
16996.9 0.50085
16997.3 0.500735
16997.7 0.500619
16998 0.500504
16998.4 0.500388
16998.8 0.500272
16999.1 0.500157
16999.5 0.500041
16999.9 0.499926
17000.2 0.499811
17000.6 0.499695
17001 0.49958
17001.3 0.499464
17001.7 0.499349
17002.1 0.499233
17002.4 0.499118
17002.8 0.499003
17003.2 0.498888
17003.5 0.498773
17003.9 0.498658
17004.3 0.498543
17004.6 0.498428
17005 0.498313
17005.4 0.498198
17005.7 0.498083
17006.1 0.497968
17006.5 0.497853
17006.8 0.497739
17007.2 0.497624
17007.6 0.497509
17007.9 0.497394
17008.3 0.49728
17008.7 0.497165
17009 0.497051
17009.4 0.496936
17009.8 0.496822
17010.1 0.496707
17010.5 0.496593
17010.9 0.496478
17011.2 0.496364
17011.6 0.496249
17012 0.496136
17012.3 0.496021
17012.7 0.495907
17013.1 0.495793
17013.4 0.495679
17013.8 0.495564
17014.2 0.495451
17014.5 0.495336
17014.9 0.495223
17015.3 0.495108
17015.6 0.494995
17016 0.494881
17016.4 0.494767
17016.7 0.494653
17017.1 0.49454
17017.5 0.494426
17017.8 0.494312
17018.2 0.494198
17018.6 0.494085
17018.9 0.493971
17019.3 0.493858
17019.7 0.493744
17020 0.493631
17020.4 0.493517
17020.8 0.493404
17021.1 0.49329
17021.5 0.493177
17021.8 0.493064
17022.2 0.49295
17022.6 0.492837
17022.9 0.492724
17023.3 0.492611
17023.7 0.492498
17024 0.492384
17024.4 0.492272
17024.8 0.492158
17025.1 0.492046
17025.5 0.491933
17025.9 0.49182
17026.2 0.491707
17026.6 0.491594
17027 0.491481
17027.3 0.491369
17027.7 0.491256
17028.1 0.491143
17028.4 0.49103
17028.8 0.490918
17029.2 0.490805
17029.5 0.490693
17029.9 0.49058
17030.3 0.490468
17030.6 0.490355
17031 0.490243
17031.4 0.49013
17031.7 0.490018
17032.1 0.489906
17032.5 0.489794
17032.8 0.489681
17033.2 0.489569
17033.6 0.489457
17033.9 0.489345
17034.3 0.489233
17034.7 0.489121
17035 0.489008
17035.4 0.488897
17035.8 0.488785
17036.1 0.488673
17036.5 0.488561
17036.9 0.488449
17037.2 0.488337
17037.6 0.488226
17038 0.488114
17038.3 0.488002
17038.7 0.48789
17039.1 0.487779
17039.4 0.487667
17039.8 0.487556
17040.2 0.487444
17040.5 0.487333
17040.9 0.487221
17041.3 0.48711
17041.6 0.486998
17042 0.486887
17042.4 0.486776
17042.7 0.486665
17043.1 0.486553
17043.5 0.486442
17043.8 0.486331
17044.2 0.48622
17044.6 0.486109
17044.9 0.485998
17045.3 0.485887
17045.7 0.485776
17046 0.485665
17046.4 0.485554
17046.8 0.485443
17047.1 0.485332
17047.5 0.485221
17047.8 0.485111
17048.2 0.485
17048.6 0.484889
17048.9 0.484778
17049.3 0.484668
17049.7 0.484557
17050 0.484447
17050.4 0.484336
17050.8 0.484226
17051.1 0.484115
17051.5 0.484005
17051.9 0.483894
17052.2 0.483784
17052.6 0.483674
17053 0.483564
17053.3 0.483453
17053.7 0.483343
17054.1 0.483233
17054.4 0.483123
17054.8 0.483012
17055.2 0.482903
17055.5 0.482792
17055.9 0.482683
17056.3 0.482572
17056.6 0.482463
17057 0.482352
17057.4 0.482243
17057.7 0.482133
17058.1 0.482023
17058.5 0.481913
17058.8 0.481804
17059.2 0.481694
17059.6 0.481584
17059.9 0.481475
17060.3 0.481365
17060.7 0.481255
17061 0.481146
17061.4 0.481036
17061.8 0.480927
17062.1 0.480818
17062.5 0.480708
17062.9 0.480599
17063.2 0.48049
17063.6 0.48038
17064 0.480271
17064.3 0.480162
17064.7 0.480053
17065.1 0.479943
17065.4 0.479835
17065.8 0.479725
17066.2 0.479616
17066.5 0.479507
17066.9 0.479398
17067.3 0.479289
17067.6 0.479181
17068 0.479071
17068.4 0.478963
17068.7 0.478854
17069.1 0.478745
17069.5 0.478636
17069.8 0.478528
17070.2 0.478419
17070.6 0.478311
17070.9 0.478202
17071.3 0.478093
17071.7 0.477985
17072 0.477876
17072.4 0.477768
17072.8 0.477659
17073.1 0.477551
17073.5 0.477443
17073.9 0.477334
17074.2 0.477226
17074.6 0.477118
17074.9 0.47701
17075.3 0.476901
17075.7 0.476793
17076 0.476685
17076.4 0.476577
17076.8 0.476469
17077.1 0.476361
17077.5 0.476253
17077.9 0.476145
17078.2 0.476037
17078.6 0.475929
17079 0.475821
17079.3 0.475714
17079.7 0.475606
17080.1 0.475498
17080.4 0.47539
17080.8 0.475283
17081.2 0.475175
17081.5 0.475068
17081.9 0.47496
17082.3 0.474853
17082.6 0.474745
17083 0.474638
17083.4 0.47453
17083.7 0.474423
17084.1 0.474315
17084.5 0.474208
17084.8 0.4741
17085.2 0.473993
17085.6 0.473886
17085.9 0.473779
17086.3 0.473672
17086.7 0.473565
17087 0.473457
17087.4 0.473351
17087.8 0.473243
17088.1 0.473137
17088.5 0.473029
17088.9 0.472923
17089.2 0.472816
17089.6 0.472709
17090 0.472602
17090.3 0.472495
17090.7 0.472388
17091.1 0.472282
17091.4 0.472175
17091.8 0.472068
17092.2 0.471961
17092.5 0.471855
17092.9 0.471748
17093.3 0.471642
17093.6 0.471535
17094 0.471429
17094.4 0.471322
17094.7 0.471216
17095.1 0.47111
17095.5 0.471003
17095.8 0.470897
17096.2 0.470791
17096.6 0.470684
17096.9 0.470579
17097.3 0.470472
17097.7 0.470366
17098 0.47026
17098.4 0.470154
17098.8 0.470048
17099.1 0.469942
17099.5 0.469836
17099.9 0.46973
17100.2 0.469624
17100.6 0.469518
17101 0.469412
17101.3 0.469307
17101.7 0.469201
17102 0.469095
17102.4 0.468989
17102.8 0.468884
17103.1 0.468778
17103.5 0.468673
17103.9 0.468567
17104.2 0.468462
17104.6 0.468356
17105 0.468251
17105.3 0.468145
17105.7 0.46804
17106.1 0.467934
17106.4 0.467829
17106.8 0.467723
17107.2 0.467618
17107.5 0.467513
17107.9 0.467408
17108.3 0.467302
17108.6 0.467198
17109 0.467092
17109.4 0.466987
17109.7 0.466882
17110.1 0.466777
17110.5 0.466672
17110.8 0.466568
17111.2 0.466462
17111.6 0.466358
17111.9 0.466253
17112.3 0.466148
17112.7 0.466043
17113 0.465938
17113.4 0.465833
17113.8 0.465729
17114.1 0.465624
17114.5 0.46552
17114.9 0.465415
17115.2 0.465311
17115.6 0.465206
17116 0.465102
17116.3 0.464997
17116.7 0.464893
17117.1 0.464788
17117.4 0.464684
17117.8 0.464579
17118.2 0.464475
17118.5 0.464371
17118.9 0.464267
17119.3 0.464162
17119.6 0.464059
17120 0.463954
17120.4 0.46385
17120.7 0.463746
17121.1 0.463642
17121.5 0.463538
17121.8 0.463434
17122.2 0.46333
17122.6 0.463226
17122.9 0.463122
17123.3 0.463019
17123.7 0.462915
17124 0.462811
17124.4 0.462707
17124.8 0.462604
17125.1 0.4625
17125.5 0.462396
17125.9 0.462292
17126.2 0.462189
17126.6 0.462085
17127 0.461982
17127.3 0.461878
17127.7 0.461775
17128.1 0.461671
17128.4 0.461568
17128.8 0.461465
17129.1 0.461362
17129.5 0.461258
17129.9 0.461155
17130.2 0.461052
17130.6 0.460949
17131 0.460845
17131.3 0.460742
17131.7 0.460639
17132.1 0.460536
17132.4 0.460433
17132.8 0.46033
17133.2 0.460227
17133.5 0.460124
17133.9 0.460021
17134.3 0.459918
17134.6 0.459816
17135 0.459713
17135.4 0.45961
17135.7 0.459507
17136.1 0.459404
17136.5 0.459302
17136.8 0.459199
17137.2 0.459097
17137.6 0.458994
17137.9 0.458892
17138.3 0.458789
17138.7 0.458687
17139 0.458584
17139.4 0.458482
17139.8 0.458379
17140.1 0.458277
17140.5 0.458174
17140.9 0.458072
17141.2 0.45797
17141.6 0.457868
17142 0.457765
17142.3 0.457664
17142.7 0.457561
17143.1 0.457459
17143.4 0.457357
17143.8 0.457255
17144.2 0.457153
17144.5 0.457051
17144.9 0.456949
17145.3 0.456847
17145.6 0.456745
17146 0.456644
17146.4 0.456541
17146.7 0.45644
17147.1 0.456338
17147.5 0.456236
17147.8 0.456134
17148.2 0.456033
17148.6 0.455931
17148.9 0.45583
17149.3 0.455728
17149.7 0.455627
17150 0.455525
17150.4 0.455424
17150.8 0.455322
17151.1 0.455221
17151.5 0.455119
17151.9 0.455018
17152.2 0.454917
17152.6 0.454815
17153 0.454714
17153.3 0.454613
17153.7 0.454512
17154.1 0.454411
17154.4 0.454309
17154.8 0.454208
17155.2 0.454107
17155.5 0.454006
17155.9 0.453905
17156.2 0.453804
17156.6 0.453703
17157 0.453603
17157.3 0.453501
17157.7 0.453401
17158.1 0.4533
17158.4 0.453199
17158.8 0.453098
17159.2 0.452998
17159.5 0.452897
17159.9 0.452796
17160.3 0.452695
17160.6 0.452595
17161 0.452494
17161.4 0.452394
17161.7 0.452293
17162.1 0.452193
17162.5 0.452092
17162.8 0.451992
17163.2 0.451891
17163.6 0.451791
17163.9 0.451691
17164.3 0.451591
17164.7 0.45149
17165 0.45139
17165.4 0.45129
17165.8 0.45119
17166.1 0.45109
17166.5 0.45099
17166.9 0.450889
17167.2 0.45079
17167.6 0.450689
17168 0.45059
17168.3 0.450489
17168.7 0.45039
17169.1 0.45029
17169.4 0.45019
17169.8 0.45009
17170.2 0.44999
17170.5 0.44989
17170.9 0.449791
17171.3 0.449691
17171.6 0.449591
17172 0.449491
17172.4 0.449392
17172.7 0.449292
17173.1 0.449193
17173.5 0.449093
17173.8 0.448994
17174.2 0.448894
17174.6 0.448795
17174.9 0.448696
17175.3 0.448597
17175.7 0.448497
17176 0.448398
17176.4 0.448298
17176.8 0.448199
17177.1 0.4481
17177.5 0.448001
17177.9 0.447902
17178.2 0.447803
17178.6 0.447703
17179 0.447604
17179.3 0.447505
17179.7 0.447406
17180.1 0.447307
17180.4 0.447209
17180.8 0.447109
17181.2 0.447011
17181.5 0.446912
17181.9 0.446813
17182.3 0.446714
17182.6 0.446616
17183 0.446517
17183.3 0.446418
17183.7 0.446319
17184.1 0.446221
17184.4 0.446122
17184.8 0.446024
17185.2 0.445925
17185.5 0.445827
17185.9 0.445728
17186.3 0.44563
17186.6 0.445531
17187 0.445433
17187.4 0.445334
17187.7 0.445236
17188.1 0.445138
17188.5 0.44504
17188.8 0.444941
17189.2 0.444843
17189.6 0.444745
17189.9 0.444647
17190.3 0.444548
17190.7 0.444451
17191 0.444352
17191.4 0.444255
17191.8 0.444156
17192.1 0.444059
17192.5 0.44396
17192.9 0.443863
17193.2 0.443765
17193.6 0.443667
17194 0.443569
17194.3 0.443472
17194.7 0.443373
17195.1 0.443276
17195.4 0.443178
17195.8 0.443081
17196.2 0.442983
17196.5 0.442885
17196.9 0.442787
17197.3 0.44269
17197.6 0.442592
17198 0.442495
17198.4 0.442397
17198.7 0.4423
17199.1 0.442203
17199.5 0.442105
17199.8 0.442008
17200.2 0.441911
17200.6 0.441813
17200.9 0.441716
17201.3 0.441619
17201.7 0.441522
17202 0.441425
17202.4 0.441328
17202.8 0.44123
17203.1 0.441133
17203.5 0.441036
17203.9 0.440939
17204.2 0.440842
17204.6 0.440746
17205 0.440648
17205.3 0.440552
17205.7 0.440454
17206.1 0.440358
17206.4 0.440261
17206.8 0.440164
17207.2 0.440067
17207.5 0.439971
17207.9 0.439874
17208.3 0.439778
17208.6 0.43968
17209 0.439584
17209.3 0.439487
17209.7 0.439391
17210.1 0.439294
17210.4 0.439198
17210.8 0.439102
17211.2 0.439005
17211.5 0.438909
17211.9 0.438813
17212.3 0.438716
17212.6 0.43862
17213 0.438524
17213.4 0.438428
17213.7 0.438331
17214.1 0.438235
17214.5 0.438139
17214.8 0.438043
17215.2 0.437946
17215.6 0.437851
17215.9 0.437754
17216.3 0.437659
17216.7 0.437562
17217 0.437467
17217.4 0.43737
17217.8 0.437275
17218.1 0.437179
17218.5 0.437083
17218.9 0.436987
17219.2 0.436891
17219.6 0.436796
17220 0.4367
17220.3 0.436604
17220.7 0.436509
17221.1 0.436413
17221.4 0.436318
17221.8 0.436222
17222.2 0.436126
17222.5 0.436031
17222.9 0.435935
17223.3 0.43584
17223.6 0.435744
17224 0.435649
17224.4 0.435554
17224.7 0.435458
17225.1 0.435363
17225.5 0.435268
17225.8 0.435173
17226.2 0.435077
17226.6 0.434982
17226.9 0.434887
17227.3 0.434792
17227.7 0.434696
17228 0.434602
17228.4 0.434506
17228.8 0.434412
17229.1 0.434316
17229.5 0.434222
17229.9 0.434126
17230.2 0.434032
17230.6 0.433937
17231 0.433842
17231.3 0.433747
17231.7 0.433653
17232.1 0.433558
17232.4 0.433463
17232.8 0.433368
17233.2 0.433274
17233.5 0.433179
17233.9 0.433085
17234.3 0.43299
17234.6 0.432895
17235 0.432801
17235.3 0.432706
17235.7 0.432612
17236.1 0.432517
17236.4 0.432423
17236.8 0.432329
17237.2 0.432234
17237.5 0.43214
17237.9 0.432045
17238.3 0.431951
17238.6 0.431857
17239 0.431763
17239.4 0.431669
17239.7 0.431574
17240.1 0.43148
17240.5 0.431386
17240.8 0.431292
17241.2 0.431198
17241.6 0.431104
17241.9 0.43101
17242.3 0.430916
17242.7 0.430823
17243 0.430728
17243.4 0.430635
17243.8 0.430541
17244.1 0.430447
17244.5 0.430353
17244.9 0.43026
17245.2 0.430166
17245.6 0.430072
17246 0.429978
17246.3 0.429885
17246.7 0.429791
17247.1 0.429698
17247.4 0.429604
17247.8 0.429511
17248.2 0.429417
17248.5 0.429324
17248.9 0.42923
17249.3 0.429137
17249.6 0.429043
17250 0.42895
17250.4 0.428857
17250.7 0.428764
17251.1 0.42867
17251.5 0.428577
17251.8 0.428483
17252.2 0.428391
17252.6 0.428297
17252.9 0.428204
17253.3 0.428111
17253.7 0.428018
17254 0.427925
17254.4 0.427832
17254.8 0.427739
17255.1 0.427646
17255.5 0.427553
17255.9 0.42746
17256.2 0.427367
17256.6 0.427275
17257 0.427181
17257.3 0.427089
17257.7 0.426996
17258.1 0.426904
17258.4 0.426811
17258.8 0.426718
17259.2 0.426625
17259.5 0.426533
17259.9 0.42644
17260.3 0.426348
17260.6 0.426255
17261 0.426163
17261.4 0.42607
17261.7 0.425978
17262.1 0.425885
17262.4 0.425793
17262.8 0.4257
17263.2 0.425608
17263.5 0.425516
17263.9 0.425424
17264.3 0.425331
17264.6 0.425239
17265 0.425147
17265.4 0.425055
17265.7 0.424962
17266.1 0.42487
17266.5 0.424778
17266.8 0.424686
17267.2 0.424594
17267.6 0.424502
17267.9 0.42441
17268.3 0.424318
17268.7 0.424226
17269 0.424134
17269.4 0.424042
17269.8 0.423951
17270.1 0.423859
17270.5 0.423767
17270.9 0.423675
17271.2 0.423584
17271.6 0.423492
17272 0.4234
17272.3 0.423308
17272.7 0.423217
17273.1 0.423125
17273.4 0.423034
17273.8 0.422942
17274.2 0.422851
17274.5 0.422759
17274.9 0.422668
17275.3 0.422576
17275.6 0.422485
17276 0.422393
17276.4 0.422303
17276.7 0.422211
17277.1 0.42212
17277.5 0.422028
17277.8 0.421937
17278.2 0.421846
17278.6 0.421755
17278.9 0.421664
17279.3 0.421573
17279.7 0.421481
17280 0.421391
17280.4 0.421299
17280.8 0.421209
17281.1 0.421117
17281.5 0.421027
17281.9 0.420936
17282.2 0.420845
17282.6 0.420754
17283 0.420663
17283.3 0.420572
17283.7 0.420481
17284.1 0.42039
17284.4 0.4203
17284.8 0.420209
17285.2 0.420119
17285.5 0.420028
17285.9 0.419937
17286.3 0.419846
17286.6 0.419756
17287 0.419665
17287.4 0.419575
17287.7 0.419484
17288.1 0.419394
17288.5 0.419303
17288.8 0.419213
17289.2 0.419123
17289.5 0.419033
17289.9 0.418942
17290.3 0.418852
17290.6 0.418762
17291 0.418671
17291.4 0.418581
17291.7 0.418491
17292.1 0.418401
17292.5 0.418311
17292.8 0.41822
17293.2 0.41813
17293.6 0.41804
17293.9 0.41795
17294.3 0.41786
17294.7 0.41777
17295 0.41768
17295.4 0.417591
17295.8 0.4175
17296.1 0.417411
17296.5 0.417321
17296.9 0.417231
17297.2 0.417141
17297.6 0.417052
17298 0.416962
17298.3 0.416872
17298.7 0.416782
17299.1 0.416693
17299.4 0.416603
17299.8 0.416514
17300.2 0.416424
17300.5 0.416335
17300.9 0.416245
17301.3 0.416156
17301.6 0.416066
17302 0.415977
17302.4 0.415887
17302.7 0.415798
17303.1 0.415708
17303.5 0.415619
17303.8 0.41553
17304.2 0.415441
17304.6 0.415351
17304.9 0.415262
17305.3 0.415173
17305.7 0.415084
17306 0.414994
17306.4 0.414906
17306.8 0.414816
17307.1 0.414728
17307.5 0.414638
17307.9 0.414549
17308.2 0.41446
17308.6 0.414371
17309 0.414282
17309.3 0.414194
17309.7 0.414104
17310.1 0.414016
17310.4 0.413927
17310.8 0.413838
17311.2 0.413749
17311.5 0.413661
17311.9 0.413572
17312.3 0.413483
17312.6 0.413394
17313 0.413306
17313.4 0.413217
17313.7 0.413129
17314.1 0.41304
17314.5 0.412952
17314.8 0.412863
17315.2 0.412775
17315.6 0.412686
17315.9 0.412598
17316.3 0.412509
17316.6 0.412421
17317 0.412332
17317.4 0.412245
17317.7 0.412156
17318.1 0.412068
17318.5 0.41198
17318.8 0.411892
17319.2 0.411803
17319.6 0.411715
17319.9 0.411627
17320.3 0.411539
17320.7 0.411451
17321 0.411363
17321.4 0.411275
17321.8 0.411187
17322.1 0.411099
17322.5 0.411011
17322.9 0.410923
17323.2 0.410835
17323.6 0.410747
17324 0.41066
17324.3 0.410571
17324.7 0.410484
17325.1 0.410396
17325.4 0.410308
17325.8 0.41022
17326.2 0.410133
17326.5 0.410045
17326.9 0.409958
17327.3 0.40987
17327.6 0.409783
17328 0.409695
17328.4 0.409607
17328.7 0.40952
17329.1 0.409433
17329.5 0.409345
17329.8 0.409258
17330.2 0.40917
17330.6 0.409083
17330.9 0.408995
17331.3 0.408908
17331.7 0.408821
17332 0.408734
17332.4 0.408646
17332.8 0.408559
17333.1 0.408472
17333.5 0.408385
17333.9 0.408297
17334.2 0.408211
17334.6 0.408123
17335 0.408036
17335.3 0.407949
17335.7 0.407862
17336.1 0.407775
17336.4 0.407688
17336.8 0.407601
17337.2 0.407515
17337.5 0.407428
17337.9 0.407341
17338.3 0.407254
17338.6 0.407167
17339 0.40708
17339.4 0.406994
17339.7 0.406907
17340.1 0.40682
17340.5 0.406734
17340.8 0.406647
17341.2 0.40656
17341.6 0.406474
17341.9 0.406387
17342.3 0.406301
17342.7 0.406214
17343 0.406128
17343.4 0.406041
17343.7 0.405955
17344.1 0.405868
17344.5 0.405782
17344.8 0.405695
17345.2 0.405609
17345.6 0.405523
17345.9 0.405437
17346.3 0.40535
17346.7 0.405264
17347 0.405178
17347.4 0.405092
17347.8 0.405005
17348.1 0.40492
17348.5 0.404833
17348.9 0.404748
17349.2 0.404661
17349.6 0.404575
17350 0.404489
17350.3 0.404403
17350.7 0.404317
17351.1 0.404232
17351.4 0.404145
17351.8 0.40406
17352.2 0.403974
17352.5 0.403888
17352.9 0.403802
17353.3 0.403717
17353.6 0.403631
17354 0.403545
17354.4 0.403459
17354.7 0.403374
17355.1 0.403288
17355.5 0.403202
17355.8 0.403117
17356.2 0.403031
17356.6 0.402945
17356.9 0.40286
17357.3 0.402775
17357.7 0.402689
17358 0.402604
17358.4 0.402519
17358.8 0.402433
17359.1 0.402348
17359.5 0.402262
17359.9 0.402177
17360.2 0.402092
17360.6 0.402007
17361 0.401921
17361.3 0.401836
17361.7 0.401751
17362.1 0.401666
17362.4 0.40158
17362.8 0.401495
17363.2 0.40141
17363.5 0.401325
17363.9 0.40124
17364.3 0.401155
17364.6 0.40107
17365 0.400985
17365.4 0.4009
17365.7 0.400815
17366.1 0.40073
17366.5 0.400646
17366.8 0.400561
17367.2 0.400476
17367.6 0.400391
17367.9 0.400307
17368.3 0.400222
17368.7 0.400137
17369 0.400052
17369.4 0.399968
17369.8 0.399883
17370.1 0.399799
17370.5 0.399714
17370.8 0.39963
17371.2 0.399545
17371.6 0.39946
17371.9 0.399376
17372.3 0.399292
17372.7 0.399207
17373 0.399123
17373.4 0.399038
17373.8 0.398954
17374.1 0.398869
17374.5 0.398785
17374.9 0.398701
17375.2 0.398617
17375.6 0.398532
17376 0.398448
17376.3 0.398364
17376.7 0.39828
17377.1 0.398196
17377.4 0.398112
17377.8 0.398027
17378.2 0.397944
17378.5 0.397859
17378.9 0.397776
17379.3 0.397691
17379.6 0.397608
17380 0.397523
17380.4 0.39744
17380.7 0.397356
17381.1 0.397272
17381.5 0.397188
17381.8 0.397104
17382.2 0.39702
17382.6 0.396937
17382.9 0.396853
17383.3 0.396769
17383.7 0.396686
17384 0.396602
17384.4 0.396518
17384.8 0.396435
17385.1 0.396351
17385.5 0.396268
17385.9 0.396184
17386.2 0.396101
17386.6 0.396017
17387 0.395934
17387.3 0.39585
17387.7 0.395767
17388.1 0.395683
17388.4 0.3956
17388.8 0.395517
17389.2 0.395434
17389.5 0.39535
17389.9 0.395267
17390.3 0.395183
17390.6 0.3951
17391 0.395017
17391.4 0.394934
17391.7 0.394851
17392.1 0.394768
17392.5 0.394685
17392.8 0.394602
17393.2 0.394518
17393.6 0.394436
17393.9 0.394352
17394.3 0.39427
17394.7 0.394186
17395 0.394104
17395.4 0.394021
17395.8 0.393938
17396.1 0.393855
17396.5 0.393772
17396.8 0.393689
17397.2 0.393607
17397.6 0.393524
17397.9 0.393441
17398.3 0.393358
17398.7 0.393276
17399 0.393193
17399.4 0.393111
17399.8 0.393028
17400.1 0.392945
17400.5 0.392863
17400.9 0.39278
17401.2 0.392698
17401.6 0.392615
17402 0.392533
17402.3 0.39245
17402.7 0.392368
17403.1 0.392286
17403.4 0.392203
17403.8 0.392121
17404.2 0.392038
17404.5 0.391956
17404.9 0.391874
17405.3 0.391792
17405.6 0.391709
17406 0.391627
17406.4 0.391545
17406.7 0.391463
17407.1 0.391381
17407.5 0.391299
17407.8 0.391217
17408.2 0.391135
17408.6 0.391053
17408.9 0.390971
17409.3 0.390889
17409.7 0.390807
17410 0.390725
17410.4 0.390643
17410.8 0.390561
17411.1 0.390479
17411.5 0.390397
17411.9 0.390316
17412.2 0.390234
17412.6 0.390152
17413 0.39007
17413.3 0.389989
17413.7 0.389907
17414.1 0.389825
17414.4 0.389743
17414.8 0.389662
17415.2 0.38958
17415.5 0.389499
17415.9 0.389417
17416.3 0.389336
17416.6 0.389254
17417 0.389173
17417.4 0.389091
17417.7 0.38901
17418.1 0.388928
17418.5 0.388847
17418.8 0.388766
17419.2 0.388685
17419.6 0.388603
17419.9 0.388522
17420.3 0.388441
17420.7 0.38836
17421 0.388278
17421.4 0.388197
17421.8 0.388116
17422.1 0.388035
17422.5 0.387953
17422.8 0.387873
17423.2 0.387791
17423.6 0.387711
17423.9 0.387629
17424.3 0.387548
17424.7 0.387467
17425 0.387387
17425.4 0.387305
17425.8 0.387225
17426.1 0.387144
17426.5 0.387063
17426.9 0.386982
17427.2 0.386901
17427.6 0.38682
17428 0.38674
17428.3 0.386659
17428.7 0.386578
17429.1 0.386497
17429.4 0.386417
17429.8 0.386336
17430.2 0.386256
17430.5 0.386175
17430.9 0.386095
17431.3 0.386014
17431.6 0.385934
17432 0.385853
17432.4 0.385773
17432.7 0.385692
17433.1 0.385612
17433.5 0.385531
17433.8 0.385451
17434.2 0.38537
17434.6 0.38529
17434.9 0.38521
17435.3 0.38513
17435.7 0.385049
17436 0.384969
17436.4 0.384889
17436.8 0.384809
17437.1 0.384728
17437.5 0.384648
17437.9 0.384568
17438.2 0.384488
17438.6 0.384408
17439 0.384328
17439.3 0.384248
17439.7 0.384168
17440.1 0.384088
17440.4 0.384008
17440.8 0.383928
17441.2 0.383848
17441.5 0.383768
17441.9 0.383689
17442.3 0.383608
17442.6 0.383529
17443 0.383449
17443.4 0.383369
17443.7 0.383289
17444.1 0.38321
17444.5 0.38313
17444.8 0.38305
17445.2 0.382971
17445.6 0.382891
17445.9 0.382811
17446.3 0.382732
17446.7 0.382652
17447 0.382573
17447.4 0.382493
17447.8 0.382414
17448.1 0.382334
17448.5 0.382255
17448.9 0.382175
17449.2 0.382096
17449.6 0.382017
17449.9 0.381937
17450.3 0.381858
17450.7 0.381779
17451 0.381699
17451.4 0.38162
17451.8 0.381541
17452.1 0.381462
17452.5 0.381382
17452.9 0.381303
17453.2 0.381224
17453.6 0.381145
17454 0.381066
17454.3 0.380987
17454.7 0.380908
17455.1 0.380829
17455.4 0.38075
17455.8 0.380671
17456.2 0.380592
17456.5 0.380513
17456.9 0.380434
17457.3 0.380355
17457.6 0.380276
17458 0.380197
17458.4 0.380118
17458.7 0.38004
17459.1 0.379961
17459.5 0.379882
17459.8 0.379803
17460.2 0.379725
17460.6 0.379646
17460.9 0.379568
17461.3 0.379489
17461.7 0.37941
17462 0.379332
17462.4 0.379253
17462.8 0.379174
17463.1 0.379096
17463.5 0.379017
17463.9 0.378939
17464.2 0.37886
17464.6 0.378782
17465 0.378704
17465.3 0.378625
17465.7 0.378547
17466.1 0.378469
17466.4 0.37839
17466.8 0.378312
17467.2 0.378234
17467.5 0.378156
17467.9 0.378077
17468.3 0.377999
17468.6 0.377921
17469 0.377843
17469.4 0.377764
17469.7 0.377687
17470.1 0.377608
17470.5 0.37753
17470.8 0.377452
17471.2 0.377374
17471.6 0.377296
17471.9 0.377218
17472.3 0.37714
17472.7 0.377062
17473 0.376984
17473.4 0.376907
17473.8 0.376829
17474.1 0.376751
17474.5 0.376673
17474.9 0.376595
17475.2 0.376517
17475.6 0.37644
17476 0.376362
17476.3 0.376284
17476.7 0.376206
17477 0.376129
17477.4 0.376051
17477.8 0.375974
17478.1 0.375896
17478.5 0.375818
17478.9 0.375741
17479.2 0.375663
17479.6 0.375586
17480 0.375508
17480.3 0.375431
17480.7 0.375354
17481.1 0.375276
17481.4 0.375199
17481.8 0.375121
17482.2 0.375044
17482.5 0.374967
17482.9 0.374889
17483.3 0.374812
17483.6 0.374735
17484 0.374657
17484.4 0.37458
17484.7 0.374503
17485.1 0.374426
17485.5 0.374349
17485.8 0.374272
17486.2 0.374194
17486.6 0.374117
17486.9 0.37404
17487.3 0.373963
17487.7 0.373886
17488 0.373809
17488.4 0.373732
17488.8 0.373655
17489.1 0.373578
17489.5 0.373502
17489.9 0.373425
17490.2 0.373348
17490.6 0.373271
17491 0.373194
17491.3 0.373117
17491.7 0.373041
17492.1 0.372964
17492.4 0.372887
17492.8 0.37281
17493.2 0.372734
17493.5 0.372657
17493.9 0.372581
17494.3 0.372504
17494.6 0.372427
17495 0.372351
17495.4 0.372274
17495.7 0.372198
17496.1 0.372121
17496.5 0.372045
17496.8 0.371968
17497.2 0.371892
17497.6 0.371815
17497.9 0.371739
17498.3 0.371663
17498.7 0.371586
17499 0.37151
17499.4 0.371433
17499.8 0.371357
17500.1 0.371281
17500.5 0.371205
17500.9 0.371128
17501.2 0.371053
17501.6 0.370976
17502 0.3709
17502.3 0.370824
17502.7 0.370748
17503.1 0.370672
17503.4 0.370596
17503.8 0.370519
17504.1 0.370444
17504.5 0.370367
17504.9 0.370292
17505.2 0.370215
17505.6 0.37014
17506 0.370064
17506.3 0.369988
17506.7 0.369912
17507.1 0.369836
17507.4 0.36976
17507.8 0.369685
17508.2 0.369609
17508.5 0.369533
17508.9 0.369457
17509.3 0.369382
17509.6 0.369306
17510 0.36923
17510.4 0.369154
17510.7 0.369079
17511.1 0.369003
17511.5 0.368928
17511.8 0.368852
17512.2 0.368777
17512.6 0.368701
17512.9 0.368626
17513.3 0.36855
17513.7 0.368475
17514 0.368399
17514.4 0.368324
17514.8 0.368248
17515.1 0.368173
17515.5 0.368098
17515.9 0.368023
17516.2 0.367947
17516.6 0.367872
17517 0.367797
17517.3 0.367721
17517.7 0.367646
17518.1 0.367571
17518.4 0.367496
17518.8 0.367421
17519.2 0.367345
17519.5 0.367271
17519.9 0.367195
17520.3 0.36712
17520.6 0.367045
17521 0.36697
17521.4 0.366895
17521.7 0.36682
17522.1 0.366745
17522.5 0.36667
17522.8 0.366595
17523.2 0.366521
17523.6 0.366446
17523.9 0.366371
17524.3 0.366296
17524.7 0.366221
17525 0.366146
17525.4 0.366072
17525.8 0.365997
17526.1 0.365922
17526.5 0.365847
17526.9 0.365773
17527.2 0.365698
17527.6 0.365624
17528 0.365549
17528.3 0.365474
17528.7 0.3654
17529.1 0.365325
17529.4 0.365251
17529.8 0.365176
17530.2 0.365102
17530.5 0.365027
17530.9 0.364953
17531.2 0.364879
17531.6 0.364804
17532 0.36473
17532.3 0.364655
17532.7 0.364581
17533.1 0.364507
17533.4 0.364432
17533.8 0.364358
17534.2 0.364284
17534.5 0.36421
17534.9 0.364136
17535.3 0.364061
17535.6 0.363987
17536 0.363913
17536.4 0.363839
17536.7 0.363765
17537.1 0.363691
17537.5 0.363616
17537.8 0.363543
17538.2 0.363468
17538.6 0.363395
17538.9 0.36332
17539.3 0.363247
17539.7 0.363173
17540 0.363099
17540.4 0.363025
17540.8 0.362951
17541.1 0.362877
17541.5 0.362803
17541.9 0.362729
17542.2 0.362656
17542.6 0.362582
17543 0.362508
17543.3 0.362434
17543.7 0.362361
17544.1 0.362287
17544.4 0.362214
17544.8 0.36214
17545.2 0.362066
17545.5 0.361993
17545.9 0.361919
17546.3 0.361845
17546.6 0.361772
17547 0.361698
17547.4 0.361625
17547.7 0.361551
17548.1 0.361478
17548.5 0.361404
17548.8 0.361331
17549.2 0.361258
17549.6 0.361185
17549.9 0.361111
17550.3 0.361038
17550.7 0.360964
17551 0.360891
17551.4 0.360818
17551.8 0.360745
17552.1 0.360671
17552.5 0.360598
17552.9 0.360525
17553.2 0.360452
17553.6 0.360379
17554 0.360306
17554.3 0.360233
17554.7 0.36016
17555.1 0.360086
17555.4 0.360014
17555.8 0.35994
17556.2 0.359868
17556.5 0.359794
17556.9 0.359722
17557.3 0.359649
17557.6 0.359576
17558 0.359503
17558.3 0.35943
17558.7 0.359357
17559.1 0.359285
17559.4 0.359212
17559.8 0.359139
17560.2 0.359066
17560.5 0.358993
17560.9 0.35892
17561.3 0.358848
17561.6 0.358775
17562 0.358703
17562.4 0.35863
17562.7 0.358558
17563.1 0.358485
17563.5 0.358412
17563.8 0.35834
17564.2 0.358267
17564.6 0.358195
17564.9 0.358122
17565.3 0.35805
17565.7 0.357977
17566 0.357905
17566.4 0.357832
17566.8 0.35776
17567.1 0.357688
17567.5 0.357615
17567.9 0.357543
17568.2 0.357471
17568.6 0.357398
17569 0.357326
17569.3 0.357254
17569.7 0.357182
17570.1 0.35711
17570.4 0.357037
17570.8 0.356965
17571.2 0.356893
17571.5 0.356821
17571.9 0.356749
17572.3 0.356677
17572.6 0.356605
17573 0.356533
17573.4 0.356461
17573.7 0.356389
17574.1 0.356317
17574.5 0.356245
17574.8 0.356173
17575.2 0.356101
17575.6 0.356029
17575.9 0.355957
17576.3 0.355885
17576.7 0.355814
17577 0.355742
17577.4 0.35567
17577.8 0.355598
17578.1 0.355527
17578.5 0.355455
17578.9 0.355383
17579.2 0.355311
17579.6 0.35524
17580 0.355168
17580.3 0.355096
17580.7 0.355025
17581.1 0.354953
17581.4 0.354881
17581.8 0.35481
17582.2 0.354738
17582.5 0.354667
17582.9 0.354595
17583.3 0.354524
17583.6 0.354452
17584 0.354381
17584.3 0.354309
17584.7 0.354238
17585.1 0.354167
17585.4 0.354096
17585.8 0.354024
17586.2 0.353953
17586.5 0.353882
17586.9 0.35381
17587.3 0.353739
17587.6 0.353668
17588 0.353597
17588.4 0.353526
17588.7 0.353454
17589.1 0.353383
17589.5 0.353312
17589.8 0.353241
17590.2 0.35317
17590.6 0.353099
17590.9 0.353028
17591.3 0.352957
17591.7 0.352886
17592 0.352815
17592.4 0.352744
17592.8 0.352673
17593.1 0.352602
17593.5 0.352531
17593.9 0.35246
17594.2 0.35239
17594.6 0.352319
17595 0.352248
17595.3 0.352177
17595.7 0.352106
17596.1 0.352035
17596.4 0.351965
17596.8 0.351894
17597.2 0.351823
17597.5 0.351752
17597.9 0.351682
17598.3 0.351611
17598.6 0.351541
17599 0.35147
17599.4 0.3514
17599.7 0.351329
17600.1 0.351258
17600.5 0.351188
17600.8 0.351117
17601.2 0.351047
17601.6 0.350976
17601.9 0.350906
17602.3 0.350836
17602.7 0.350765
17603 0.350695
17603.4 0.350624
17603.8 0.350554
17604.1 0.350484
17604.5 0.350414
17604.9 0.350343
17605.2 0.350273
17605.6 0.350203
17606 0.350133
17606.3 0.350062
17606.7 0.349992
17607.1 0.349922
17607.4 0.349852
17607.8 0.349781
17608.2 0.349712
17608.5 0.349641
17608.9 0.349571
17609.3 0.349501
17609.6 0.349431
17610 0.349361
17610.3 0.349291
17610.7 0.349221
17611.1 0.349152
17611.4 0.349081
17611.8 0.349012
17612.2 0.348942
17612.5 0.348872
17612.9 0.348802
17613.3 0.348732
17613.6 0.348662
17614 0.348593
17614.4 0.348523
17614.7 0.348453
17615.1 0.348383
17615.5 0.348314
17615.8 0.348244
17616.2 0.348174
17616.6 0.348105
17616.9 0.348035
17617.3 0.347965
17617.7 0.347896
17618 0.347826
17618.4 0.347757
17618.8 0.347687
17619.1 0.347618
17619.5 0.347548
17619.9 0.347479
17620.2 0.347409
17620.6 0.34734
17621 0.34727
17621.3 0.347201
17621.7 0.347131
17622.1 0.347062
17622.4 0.346993
17622.8 0.346924
17623.2 0.346854
17623.5 0.346785
17623.9 0.346716
17624.3 0.346647
17624.6 0.346577
17625 0.346508
17625.4 0.346439
17625.7 0.34637
17626.1 0.346301
17626.5 0.346232
17626.8 0.346162
17627.2 0.346093
17627.6 0.346024
17627.9 0.345955
17628.3 0.345886
17628.7 0.345817
17629 0.345748
17629.4 0.345679
17629.8 0.34561
17630.1 0.345541
17630.5 0.345472
17630.9 0.345404
17631.2 0.345334
17631.6 0.345266
17632 0.345197
17632.3 0.345128
17632.7 0.345059
17633.1 0.344991
17633.4 0.344922
17633.8 0.344853
17634.2 0.344784
17634.5 0.344716
17634.9 0.344647
17635.3 0.344578
17635.6 0.34451
17636 0.344441
17636.4 0.344372
17636.7 0.344304
17637.1 0.344235
17637.4 0.344167
17637.8 0.344098
17638.2 0.34403
17638.5 0.343961
17638.9 0.343893
17639.3 0.343824
17639.6 0.343756
17640 0.343688
17640.4 0.343619
17640.7 0.343551
17641.1 0.343483
17641.5 0.343414
17641.8 0.343346
17642.2 0.343277
17642.6 0.343209
17642.9 0.343141
17643.3 0.343073
17643.7 0.343005
17644 0.342937
17644.4 0.342868
17644.8 0.3428
17645.1 0.342732
17645.5 0.342664
17645.9 0.342596
17646.2 0.342528
17646.6 0.342459
17647 0.342392
17647.3 0.342323
17647.7 0.342256
17648.1 0.342187
17648.4 0.34212
17648.8 0.342051
17649.2 0.341984
17649.5 0.341916
17649.9 0.341848
17650.3 0.34178
17650.6 0.341712
17651 0.341644
17651.4 0.341577
17651.7 0.341509
17652.1 0.341441
17652.5 0.341373
17652.8 0.341305
17653.2 0.341238
17653.6 0.34117
17653.9 0.341102
17654.3 0.341035
17654.7 0.340967
17655 0.3409
17655.4 0.340832
17655.8 0.340764
17656.1 0.340697
17656.5 0.340629
17656.9 0.340562
17657.2 0.340494
17657.6 0.340426
17658 0.340359
17658.3 0.340292
17658.7 0.340224
17659.1 0.340157
17659.4 0.340089
17659.8 0.340022
17660.2 0.339955
17660.5 0.339887
17660.9 0.33982
17661.3 0.339753
17661.6 0.339685
17662 0.339618
17662.4 0.339551
17662.7 0.339483
17663.1 0.339417
17663.5 0.339349
17663.8 0.339282
17664.2 0.339215
17664.5 0.339148
17664.9 0.339081
17665.3 0.339014
17665.6 0.338946
17666 0.33888
17666.4 0.338812
17666.7 0.338745
17667.1 0.338678
17667.5 0.338611
17667.8 0.338544
17668.2 0.338477
17668.6 0.33841
17668.9 0.338344
17669.3 0.338277
17669.7 0.33821
17670 0.338143
17670.4 0.338076
17670.8 0.338009
17671.1 0.337943
17671.5 0.337876
17671.9 0.337809
17672.2 0.337742
17672.6 0.337676
17673 0.337609
17673.3 0.337542
17673.7 0.337475
17674.1 0.337409
17674.4 0.337342
17674.8 0.337276
17675.2 0.337209
17675.5 0.337143
17675.9 0.337076
17676.3 0.337009
17676.6 0.336943
17677 0.336876
17677.4 0.33681
17677.7 0.336743
17678.1 0.336677
17678.5 0.336611
17678.8 0.336544
17679.2 0.336478
17679.6 0.336411
17679.9 0.336345
17680.3 0.336279
17680.7 0.336212
17681 0.336146
17681.4 0.33608
17681.8 0.336013
17682.1 0.335947
17682.5 0.335881
17682.9 0.335815
17683.2 0.335749
17683.6 0.335683
17684 0.335616
17684.3 0.33555
17684.7 0.335484
17685.1 0.335418
17685.4 0.335352
17685.8 0.335286
17686.2 0.33522
17686.5 0.335154
17686.9 0.335088
17687.3 0.335022
17687.6 0.334956
17688 0.33489
17688.4 0.334824
17688.7 0.334758
17689.1 0.334692
17689.5 0.334626
17689.8 0.33456
17690.2 0.334495
17690.6 0.334429
17690.9 0.334363
17691.3 0.334297
17691.6 0.334232
17692 0.334166
17692.4 0.3341
17692.7 0.334034
17693.1 0.333969
17693.5 0.333903
17693.8 0.333837
17694.2 0.333771
17694.6 0.333706
17694.9 0.33364
17695.3 0.333575
17695.7 0.333509
17696 0.333444
17696.4 0.333378
17696.8 0.333313
17697.1 0.333247
17697.5 0.333182
17697.9 0.333116
17698.2 0.333051
17698.6 0.332985
17699 0.33292
17699.3 0.332854
17699.7 0.332789
17700.1 0.332724
17700.4 0.332659
17700.8 0.332593
17701.2 0.332528
17701.5 0.332463
17701.9 0.332397
17702.3 0.332332
17702.6 0.332267
17703 0.332202
17703.4 0.332137
17703.7 0.332071
17704.1 0.332006
17704.5 0.331941
17704.8 0.331876
17705.2 0.331811
17705.6 0.331746
17705.9 0.331681
17706.3 0.331616
17706.7 0.331551
17707 0.331486
17707.4 0.331421
17707.8 0.331356
17708.1 0.331291
17708.5 0.331226
17708.9 0.331161
17709.2 0.331096
17709.6 0.331031
17710 0.330966
17710.3 0.330901
17710.7 0.330837
17711.1 0.330772
17711.4 0.330707
17711.8 0.330642
17712.2 0.330578
17712.5 0.330513
17712.9 0.330448
17713.3 0.330383
17713.6 0.330319
17714 0.330254
17714.4 0.33019
17714.7 0.330125
17715.1 0.33006
17715.5 0.329995
17715.8 0.329931
17716.2 0.329866
17716.6 0.329802
17716.9 0.329737
17717.3 0.329673
17717.7 0.329608
17718 0.329544
17718.4 0.329479
17718.7 0.329415
17719.1 0.329351
17719.5 0.329286
17719.8 0.329222
17720.2 0.329158
17720.6 0.329093
17720.9 0.329029
17721.3 0.328964
17721.7 0.3289
17722 0.328836
17722.4 0.328772
17722.8 0.328707
17723.1 0.328643
17723.5 0.328579
17723.9 0.328515
17724.2 0.328451
17724.6 0.328387
17725 0.328322
17725.3 0.328258
17725.7 0.328194
17726.1 0.32813
17726.4 0.328066
17726.8 0.328002
17727.2 0.327938
17727.5 0.327874
17727.9 0.32781
17728.3 0.327746
17728.6 0.327682
17729 0.327618
17729.4 0.327554
17729.7 0.32749
17730.1 0.327426
17730.5 0.327363
17730.8 0.327299
17731.2 0.327235
17731.6 0.327171
17731.9 0.327107
17732.3 0.327043
17732.7 0.32698
17733 0.326916
17733.4 0.326852
17733.8 0.326788
17734.1 0.326725
17734.5 0.326661
17734.9 0.326598
17735.2 0.326534
17735.6 0.32647
17736 0.326407
17736.3 0.326343
17736.7 0.326279
17737.1 0.326216
17737.4 0.326152
17737.8 0.326089
17738.2 0.326025
17738.5 0.325962
17738.9 0.325898
17739.3 0.325835
17739.6 0.325771
17740 0.325708
17740.4 0.325645
17740.7 0.325581
17741.1 0.325518
17741.5 0.325455
17741.8 0.325391
17742.2 0.325328
17742.6 0.325265
17742.9 0.325202
17743.3 0.325138
17743.7 0.325075
17744 0.325012
17744.4 0.324949
17744.8 0.324885
17745.1 0.324822
17745.5 0.324759
17745.8 0.324696
17746.2 0.324633
17746.6 0.32457
17746.9 0.324507
17747.3 0.324444
17747.7 0.324381
17748 0.324318
17748.4 0.324254
17748.8 0.324192
17749.1 0.324129
17749.5 0.324066
17749.9 0.324003
17750.2 0.32394
17750.6 0.323877
17751 0.323814
17751.3 0.323751
17751.7 0.323688
17752.1 0.323625
17752.4 0.323563
17752.8 0.3235
17753.2 0.323437
17753.5 0.323374
17753.9 0.323312
17754.3 0.323249
17754.6 0.323186
17755 0.323123
17755.4 0.323061
17755.7 0.322998
17756.1 0.322935
17756.5 0.322873
17756.8 0.32281
17757.2 0.322747
17757.6 0.322685
17757.9 0.322622
17758.3 0.32256
17758.7 0.322497
17759 0.322435
17759.4 0.322372
17759.8 0.32231
17760.1 0.322247
17760.5 0.322185
17760.9 0.322122
17761.2 0.32206
17761.6 0.321998
17762 0.321935
17762.3 0.321873
17762.7 0.321811
17763.1 0.321748
17763.4 0.321686
17763.8 0.321624
17764.2 0.321561
17764.5 0.321499
17764.9 0.321437
17765.3 0.321375
17765.6 0.321312
17766 0.32125
17766.4 0.321188
17766.7 0.321126
17767.1 0.321064
17767.5 0.321002
17767.8 0.32094
17768.2 0.320877
17768.6 0.320816
17768.9 0.320753
17769.3 0.320691
17769.7 0.320629
17770 0.320567
17770.4 0.320505
17770.8 0.320443
17771.1 0.320381
17771.5 0.32032
17771.8 0.320257
17772.2 0.320196
17772.6 0.320134
17772.9 0.320072
17773.3 0.32001
17773.7 0.319948
17774 0.319886
17774.4 0.319825
17774.8 0.319763
17775.1 0.319701
17775.5 0.319639
17775.9 0.319578
17776.2 0.319516
17776.6 0.319454
17777 0.319392
17777.3 0.319331
17777.7 0.319269
17778.1 0.319208
17778.4 0.319146
17778.8 0.319084
17779.2 0.319023
17779.5 0.318961
17779.9 0.3189
17780.3 0.318838
17780.6 0.318777
17781 0.318715
17781.4 0.318654
17781.7 0.318592
17782.1 0.318531
17782.5 0.31847
17782.8 0.318408
17783.2 0.318347
17783.6 0.318285
17783.9 0.318224
17784.3 0.318162
17784.7 0.318101
17785 0.31804
17785.4 0.317979
17785.8 0.317917
17786.1 0.317856
17786.5 0.317795
17786.9 0.317734
17787.2 0.317672
17787.6 0.317611
17788 0.31755
17788.3 0.317489
17788.7 0.317428
17789.1 0.317367
17789.4 0.317305
17789.8 0.317244
17790.2 0.317183
17790.5 0.317122
17790.9 0.317061
17791.3 0.317
17791.6 0.316939
17792 0.316878
17792.4 0.316817
17792.7 0.316756
17793.1 0.316695
17793.5 0.316634
17793.8 0.316573
17794.2 0.316513
17794.6 0.316452
17794.9 0.316391
17795.3 0.31633
17795.7 0.316269
17796 0.316208
17796.4 0.316148
17796.8 0.316087
17797.1 0.316026
17797.5 0.315965
17797.8 0.315905
17798.2 0.315844
17798.6 0.315783
17798.9 0.315722
17799.3 0.315662
17799.7 0.315601
17800 0.31554
17800.4 0.31548
17800.8 0.315419
17801.1 0.315359
17801.5 0.315298
17801.9 0.315237
17802.2 0.315177
17802.6 0.315117
17803 0.315056
17803.3 0.314996
17803.7 0.314935
17804.1 0.314875
17804.4 0.314814
17804.8 0.314754
17805.2 0.314693
17805.5 0.314633
17805.9 0.314573
17806.3 0.314512
17806.6 0.314452
17807 0.314392
17807.4 0.314331
17807.7 0.314271
17808.1 0.314211
17808.5 0.314151
17808.8 0.31409
17809.2 0.31403
17809.6 0.31397
17809.9 0.31391
17810.3 0.31385
17810.7 0.313789
17811 0.313729
17811.4 0.313669
17811.8 0.313609
17812.1 0.313549
17812.5 0.313489
17812.9 0.313429
17813.2 0.313369
17813.6 0.313309
17814 0.313249
17814.3 0.313189
17814.7 0.313129
17815.1 0.313069
17815.4 0.313009
17815.8 0.312949
17816.2 0.312889
17816.5 0.312829
17816.9 0.312769
17817.3 0.312709
17817.6 0.31265
17818 0.31259
17818.4 0.31253
17818.7 0.31247
17819.1 0.31241
17819.5 0.31235
17819.8 0.312291
17820.2 0.312231
17820.6 0.312171
17820.9 0.312112
17821.3 0.312052
17821.7 0.311992
17822 0.311933
17822.4 0.311873
17822.8 0.311813
17823.1 0.311754
17823.5 0.311694
17823.9 0.311635
17824.2 0.311575
17824.6 0.311515
17824.9 0.311456
17825.3 0.311396
17825.7 0.311337
17826 0.311277
17826.4 0.311218
17826.8 0.311159
17827.1 0.311099
17827.5 0.31104
17827.9 0.31098
17828.2 0.310921
17828.6 0.310862
17829 0.310802
17829.3 0.310743
17829.7 0.310684
17830.1 0.310624
17830.4 0.310565
17830.8 0.310506
17831.2 0.310447
17831.5 0.310388
17831.9 0.310328
17832.3 0.310269
17832.6 0.31021
17833 0.310151
17833.4 0.310091
17833.7 0.310032
17834.1 0.309973
17834.5 0.309914
17834.8 0.309855
17835.2 0.309796
17835.6 0.309737
17835.9 0.309678
17836.3 0.309619
17836.7 0.30956
17837 0.309501
17837.4 0.309442
17837.8 0.309383
17838.1 0.309324
17838.5 0.309265
17838.9 0.309206
17839.2 0.309147
17839.6 0.309088
17840 0.309029
17840.3 0.308971
17840.7 0.308912
17841.1 0.308853
17841.4 0.308794
17841.8 0.308735
17842.2 0.308676
17842.5 0.308618
17842.9 0.308559
17843.3 0.3085
17843.6 0.308441
17844 0.308383
17844.4 0.308324
17844.7 0.308266
17845.1 0.308207
17845.5 0.308148
17845.8 0.30809
17846.2 0.308031
17846.6 0.307972
17846.9 0.307914
17847.3 0.307855
17847.7 0.307797
17848 0.307738
17848.4 0.30768
17848.8 0.307621
17849.1 0.307563
17849.5 0.307504
17849.9 0.307446
17850.2 0.307387
17850.6 0.307329
17851 0.307271
17851.3 0.307212
17851.7 0.307154
17852 0.307096
17852.4 0.307037
17852.8 0.306979
17853.1 0.306921
17853.5 0.306863
17853.9 0.306804
17854.2 0.306746
17854.6 0.306688
17855 0.30663
17855.3 0.306571
17855.7 0.306513
17856.1 0.306455
17856.4 0.306397
17856.8 0.306338
17857.2 0.30628
17857.5 0.306222
17857.9 0.306164
17858.3 0.306106
17858.6 0.306048
17859 0.30599
17859.4 0.305932
17859.7 0.305874
17860.1 0.305816
17860.5 0.305758
17860.8 0.3057
17861.2 0.305642
17861.6 0.305584
17861.9 0.305526
17862.3 0.305468
17862.7 0.30541
17863 0.305353
17863.4 0.305295
17863.8 0.305237
17864.1 0.305179
17864.5 0.305121
17864.9 0.305063
17865.2 0.305006
17865.6 0.304948
17866 0.30489
17866.3 0.304832
17866.7 0.304775
17867.1 0.304717
17867.4 0.304659
17867.8 0.304601
17868.2 0.304544
17868.5 0.304486
17868.9 0.304429
17869.3 0.304371
17869.6 0.304314
17870 0.304256
17870.4 0.304198
17870.7 0.304141
17871.1 0.304083
17871.5 0.304026
17871.8 0.303968
17872.2 0.303911
17872.6 0.303853
17872.9 0.303796
17873.3 0.303738
17873.7 0.303681
17874 0.303623
17874.4 0.303566
17874.8 0.303509
17875.1 0.303451
17875.5 0.303394
17875.9 0.303337
17876.2 0.303279
17876.6 0.303222
17877 0.303165
17877.3 0.303107
17877.7 0.30305
17878.1 0.302993
17878.4 0.302936
17878.8 0.302878
17879.1 0.302821
17879.5 0.302764
17879.9 0.302707
17880.2 0.30265
17880.6 0.302593
17881 0.302535
17881.3 0.302478
17881.7 0.302421
17882.1 0.302364
17882.4 0.302307
17882.8 0.30225
17883.2 0.302193
17883.5 0.302136
17883.9 0.302079
17884.3 0.302022
17884.6 0.301965
17885 0.301908
17885.4 0.301851
17885.7 0.301794
17886.1 0.301737
17886.5 0.301681
17886.8 0.301624
17887.2 0.301567
17887.6 0.30151
17887.9 0.301453
17888.3 0.301396
17888.7 0.30134
17889 0.301283
17889.4 0.301226
17889.8 0.301169
17890.1 0.301112
17890.5 0.301056
17890.9 0.300999
17891.2 0.300942
17891.6 0.300886
17892 0.300829
17892.3 0.300772
17892.7 0.300716
17893.1 0.300659
17893.4 0.300602
17893.8 0.300546
17894.2 0.300489
17894.5 0.300433
17894.9 0.300376
17895.3 0.30032
17895.6 0.300263
17896 0.300207
17896.4 0.30015
17896.7 0.300094
17897.1 0.300037
17897.5 0.299981
17897.8 0.299924
17898.2 0.299868
17898.6 0.299811
17898.9 0.299755
17899.3 0.299699
17899.7 0.299642
17900 0.299586
17900.4 0.29953
17900.8 0.299473
17901.1 0.299417
17901.5 0.299361
17901.9 0.299305
17902.2 0.299248
17902.6 0.299192
17903 0.299136
17903.3 0.29908
17903.7 0.299023
17904.1 0.298967
17904.4 0.298911
17904.8 0.298855
17905.2 0.298799
17905.5 0.298743
17905.9 0.298687
17906.2 0.298631
17906.6 0.298575
17907 0.298519
17907.3 0.298462
17907.7 0.298407
17908.1 0.29835
17908.4 0.298295
17908.8 0.298238
17909.2 0.298183
17909.5 0.298126
17909.9 0.298071
17910.3 0.298015
17910.6 0.297959
17911 0.297903
17911.4 0.297847
17911.7 0.297791
17912.1 0.297735
17912.5 0.297679
17912.8 0.297624
17913.2 0.297568
17913.6 0.297512
17913.9 0.297456
17914.3 0.297401
17914.7 0.297345
17915 0.297289
17915.4 0.297233
17915.8 0.297178
17916.1 0.297122
17916.5 0.297066
17916.9 0.297011
17917.2 0.296955
17917.6 0.296899
17918 0.296844
17918.3 0.296788
17918.7 0.296733
17919.1 0.296677
17919.4 0.296622
17919.8 0.296566
17920.2 0.296511
17920.5 0.296455
17920.9 0.2964
17921.3 0.296344
17921.6 0.296289
17922 0.296233
17922.4 0.296178
17922.7 0.296122
17923.1 0.296067
17923.5 0.296012
17923.8 0.295956
17924.2 0.295901
17924.6 0.295846
17924.9 0.29579
17925.3 0.295735
17925.7 0.29568
17926 0.295624
17926.4 0.295569
17926.8 0.295514
17927.1 0.295458
17927.5 0.295403
17927.9 0.295348
17928.2 0.295293
17928.6 0.295238
17929 0.295183
17929.3 0.295127
17929.7 0.295072
17930.1 0.295017
17930.4 0.294962
17930.8 0.294907
17931.2 0.294852
17931.5 0.294797
17931.9 0.294742
17932.3 0.294687
17932.6 0.294632
17933 0.294577
17933.3 0.294522
17933.7 0.294467
17934.1 0.294412
17934.4 0.294357
17934.8 0.294302
17935.2 0.294247
17935.5 0.294192
17935.9 0.294137
17936.3 0.294082
17936.6 0.294027
17937 0.293973
17937.4 0.293918
17937.7 0.293863
17938.1 0.293808
17938.5 0.293754
17938.8 0.293699
17939.2 0.293644
17939.6 0.293589
17939.9 0.293535
17940.3 0.29348
17940.7 0.293425
17941 0.29337
17941.4 0.293316
17941.8 0.293261
17942.1 0.293206
17942.5 0.293152
17942.9 0.293097
17943.2 0.293042
17943.6 0.292988
17944 0.292933
17944.3 0.292879
17944.7 0.292824
17945.1 0.29277
17945.4 0.292715
17945.8 0.292661
17946.2 0.292606
17946.5 0.292552
17946.9 0.292497
17947.3 0.292443
17947.6 0.292388
17948 0.292334
17948.4 0.29228
17948.7 0.292225
17949.1 0.292171
17949.5 0.292117
17949.8 0.292062
17950.2 0.292008
17950.6 0.291953
17950.9 0.291899
17951.3 0.291845
17951.7 0.291791
17952 0.291736
17952.4 0.291682
17952.8 0.291628
17953.1 0.291574
17953.5 0.291519
17953.9 0.291465
17954.2 0.291411
17954.6 0.291357
17955 0.291303
17955.3 0.291249
17955.7 0.291195
17956.1 0.291141
17956.4 0.291086
17956.8 0.291032
17957.2 0.290978
17957.5 0.290924
17957.9 0.29087
17958.3 0.290816
17958.6 0.290762
17959 0.290708
17959.3 0.290654
17959.7 0.2906
17960.1 0.290546
17960.4 0.290493
17960.8 0.290439
17961.2 0.290385
17961.5 0.290331
17961.9 0.290277
17962.3 0.290223
17962.6 0.290169
17963 0.290115
17963.4 0.290062
17963.7 0.290008
17964.1 0.289954
17964.5 0.2899
17964.8 0.289847
17965.2 0.289793
17965.6 0.289739
17965.9 0.289685
17966.3 0.289632
17966.7 0.289578
17967 0.289524
17967.4 0.289471
17967.8 0.289417
17968.1 0.289363
17968.5 0.28931
17968.9 0.289256
17969.2 0.289203
17969.6 0.289149
17970 0.289095
17970.3 0.289042
17970.7 0.288988
17971.1 0.288935
17971.4 0.288881
17971.8 0.288828
17972.2 0.288774
17972.5 0.288721
17972.9 0.288668
17973.3 0.288614
17973.6 0.288561
17974 0.288507
17974.4 0.288454
17974.7 0.2884
17975.1 0.288347
17975.5 0.288294
17975.8 0.28824
17976.2 0.288187
17976.6 0.288134
17976.9 0.28808
17977.3 0.288027
17977.7 0.287974
17978 0.287921
17978.4 0.287867
17978.8 0.287814
17979.1 0.287761
17979.5 0.287708
17979.9 0.287655
17980.2 0.287602
17980.6 0.287548
17981 0.287495
17981.3 0.287442
17981.7 0.287389
17982.1 0.287336
17982.4 0.287283
17982.8 0.28723
17983.2 0.287177
17983.5 0.287124
17983.9 0.287071
17984.3 0.287018
17984.6 0.286965
17985 0.286912
17985.3 0.286859
17985.7 0.286806
17986.1 0.286753
17986.4 0.2867
17986.8 0.286647
17987.2 0.286594
17987.5 0.286541
17987.9 0.286488
17988.3 0.286435
17988.6 0.286382
17989 0.28633
17989.4 0.286277
17989.7 0.286224
17990.1 0.286171
17990.5 0.286119
17990.8 0.286066
17991.2 0.286013
17991.6 0.28596
17991.9 0.285908
17992.3 0.285855
17992.7 0.285802
17993 0.285749
17993.4 0.285697
17993.8 0.285644
17994.1 0.285592
17994.5 0.285539
17994.9 0.285486
17995.2 0.285434
17995.6 0.285381
17996 0.285328
17996.3 0.285276
17996.7 0.285223
17997.1 0.285171
17997.4 0.285118
17997.8 0.285066
17998.2 0.285013
17998.5 0.284961
17998.9 0.284908
17999.3 0.284856
17999.6 0.284803
18000 0.284751
18000.4 0.284699
18000.7 0.284646
18001.1 0.284594
18001.5 0.284542
18001.8 0.284489
18002.2 0.284437
18002.6 0.284385
18002.9 0.284332
18003.3 0.28428
18003.7 0.284228
18004 0.284175
18004.4 0.284123
18004.8 0.284071
18005.1 0.284019
18005.5 0.283967
18005.9 0.283914
18006.2 0.283862
18006.6 0.28381
18007 0.283758
18007.3 0.283706
18007.7 0.283653
18008.1 0.283602
18008.4 0.283549
18008.8 0.283497
18009.2 0.283445
18009.5 0.283393
18009.9 0.283341
18010.3 0.283289
18010.6 0.283237
18011 0.283185
18011.4 0.283133
18011.7 0.283081
18012.1 0.283029
18012.4 0.282977
18012.8 0.282925
18013.2 0.282873
18013.5 0.282821
18013.9 0.282769
18014.3 0.282717
18014.6 0.282666
18015 0.282614
18015.4 0.282562
18015.7 0.28251
18016.1 0.282458
18016.5 0.282406
18016.8 0.282355
18017.2 0.282303
18017.6 0.282251
18017.9 0.282199
18018.3 0.282148
18018.7 0.282096
18019 0.282044
18019.4 0.281992
18019.8 0.281941
18020.1 0.281889
18020.5 0.281837
18020.9 0.281786
18021.2 0.281734
18021.6 0.281682
18022 0.281631
18022.3 0.281579
18022.7 0.281528
18023.1 0.281476
18023.4 0.281425
18023.8 0.281373
18024.2 0.281322
18024.5 0.28127
18024.9 0.281219
18025.3 0.281167
18025.6 0.281116
18026 0.281064
18026.4 0.281013
18026.7 0.280961
18027.1 0.28091
18027.5 0.280858
18027.8 0.280807
18028.2 0.280756
18028.6 0.280704
18028.9 0.280653
18029.3 0.280602
18029.7 0.28055
18030 0.280499
18030.4 0.280448
18030.8 0.280397
18031.1 0.280345
18031.5 0.280294
18031.9 0.280243
18032.2 0.280192
18032.6 0.28014
18033 0.280089
18033.3 0.280038
18033.7 0.279987
18034.1 0.279935
18034.4 0.279884
18034.8 0.279833
18035.2 0.279782
18035.5 0.279731
18035.9 0.27968
18036.3 0.279629
18036.6 0.279578
18037 0.279527
18037.4 0.279476
18037.7 0.279424
18038.1 0.279374
18038.5 0.279322
18038.8 0.279272
18039.2 0.27922
18039.5 0.27917
18039.9 0.279119
18040.3 0.279068
18040.6 0.279017
18041 0.278966
18041.4 0.278915
18041.7 0.278864
18042.1 0.278813
18042.5 0.278762
18042.8 0.278711
18043.2 0.278661
18043.6 0.27861
18043.9 0.278559
18044.3 0.278508
18044.7 0.278458
18045 0.278407
18045.4 0.278356
18045.8 0.278305
18046.1 0.278255
18046.5 0.278204
18046.9 0.278153
18047.2 0.278102
18047.6 0.278052
18048 0.278001
18048.3 0.27795
18048.7 0.2779
18049.1 0.277849
18049.4 0.277798
18049.8 0.277748
18050.2 0.277697
18050.5 0.277647
18050.9 0.277596
18051.3 0.277546
18051.6 0.277495
18052 0.277445
18052.4 0.277394
18052.7 0.277344
18053.1 0.277293
18053.5 0.277243
18053.8 0.277192
18054.2 0.277142
18054.6 0.277091
18054.9 0.277041
18055.3 0.27699
18055.7 0.27694
18056 0.27689
18056.4 0.276839
18056.8 0.276789
18057.1 0.276739
18057.5 0.276688
18057.9 0.276638
18058.2 0.276588
18058.6 0.276538
18059 0.276487
18059.3 0.276437
18059.7 0.276387
18060.1 0.276337
18060.4 0.276286
18060.8 0.276236
18061.2 0.276186
18061.5 0.276136
18061.9 0.276085
18062.3 0.276035
18062.6 0.275985
18063 0.275935
18063.4 0.275885
18063.7 0.275835
18064.1 0.275785
18064.5 0.275735
18064.8 0.275684
18065.2 0.275635
18065.6 0.275584
18065.9 0.275535
18066.3 0.275484
18066.6 0.275435
18067 0.275385
18067.4 0.275335
18067.7 0.275284
18068.1 0.275235
18068.5 0.275185
18068.8 0.275135
18069.2 0.275085
18069.6 0.275035
18069.9 0.274985
18070.3 0.274935
18070.7 0.274885
18071 0.274836
18071.4 0.274786
18071.8 0.274736
18072.1 0.274686
18072.5 0.274636
18072.9 0.274586
18073.2 0.274537
18073.6 0.274487
18074 0.274437
18074.3 0.274387
18074.7 0.274338
18075.1 0.274288
18075.4 0.274238
18075.8 0.274189
18076.2 0.274139
18076.5 0.274089
18076.9 0.27404
18077.3 0.27399
18077.6 0.273941
18078 0.273891
18078.4 0.273841
18078.7 0.273792
18079.1 0.273742
18079.5 0.273693
18079.8 0.273643
18080.2 0.273593
18080.6 0.273544
18080.9 0.273494
18081.3 0.273445
18081.7 0.273395
18082 0.273346
18082.4 0.273297
18082.8 0.273247
18083.1 0.273198
18083.5 0.273148
18083.9 0.273099
18084.2 0.27305
18084.6 0.273
18085 0.272951
18085.3 0.272901
18085.7 0.272852
18086.1 0.272803
18086.4 0.272754
18086.8 0.272704
18087.2 0.272655
18087.5 0.272606
18087.9 0.272556
18088.3 0.272507
18088.6 0.272458
18089 0.272409
18089.4 0.27236
18089.7 0.27231
18090.1 0.272261
18090.5 0.272212
18090.8 0.272163
18091.2 0.272114
18091.6 0.272065
18091.9 0.272015
18092.3 0.271966
18092.7 0.271917
18093 0.271868
18093.4 0.271819
18093.7 0.27177
18094.1 0.271721
18094.5 0.271672
18094.8 0.271623
18095.2 0.271574
18095.6 0.271525
18095.9 0.271476
18096.3 0.271427
18096.7 0.271378
18097 0.271329
18097.4 0.27128
18097.8 0.271231
18098.1 0.271182
18098.5 0.271133
18098.9 0.271085
18099.2 0.271035
18099.6 0.270987
18100 0.270938
18100.3 0.270889
18100.7 0.27084
18101.1 0.270791
18101.4 0.270743
18101.8 0.270694
18102.2 0.270645
18102.5 0.270596
18102.9 0.270548
18103.3 0.270499
18103.6 0.27045
18104 0.270402
18104.4 0.270353
18104.7 0.270304
18105.1 0.270255
18105.5 0.270207
18105.8 0.270158
18106.2 0.27011
18106.6 0.270061
18106.9 0.270012
18107.3 0.269964
18107.7 0.269915
18108 0.269866
18108.4 0.269818
18108.8 0.269769
18109.1 0.269721
18109.5 0.269672
18109.9 0.269624
18110.2 0.269575
18110.6 0.269527
18111 0.269478
18111.3 0.26943
18111.7 0.269381
18112.1 0.269333
18112.4 0.269285
18112.8 0.269236
18113.2 0.269188
18113.5 0.269139
18113.9 0.269091
18114.3 0.269043
18114.6 0.268994
18115 0.268946
18115.4 0.268898
18115.7 0.268849
18116.1 0.268801
18116.5 0.268753
18116.8 0.268705
18117.2 0.268656
18117.6 0.268608
18117.9 0.26856
18118.3 0.268512
18118.7 0.268463
18119 0.268415
18119.4 0.268367
18119.8 0.268319
18120.1 0.268271
18120.5 0.268222
18120.8 0.268174
18121.2 0.268126
18121.6 0.268078
18121.9 0.26803
18122.3 0.267982
18122.7 0.267934
18123 0.267886
18123.4 0.267838
18123.8 0.26779
18124.1 0.267742
18124.5 0.267694
18124.9 0.267646
18125.2 0.267598
18125.6 0.26755
18126 0.267502
18126.3 0.267454
18126.7 0.267406
18127.1 0.267358
18127.4 0.26731
18127.8 0.267262
18128.2 0.267214
18128.5 0.267166
18128.9 0.267118
18129.3 0.26707
18129.6 0.267023
18130 0.266975
18130.4 0.266927
18130.7 0.266879
18131.1 0.266831
18131.5 0.266784
18131.8 0.266736
18132.2 0.266688
18132.6 0.26664
18132.9 0.266593
18133.3 0.266545
18133.7 0.266497
18134 0.26645
18134.4 0.266402
18134.8 0.266354
18135.1 0.266306
18135.5 0.266259
18135.9 0.266211
18136.2 0.266164
18136.6 0.266116
18137 0.266068
18137.3 0.266021
18137.7 0.265973
18138.1 0.265926
18138.4 0.265878
18138.8 0.265831
18139.2 0.265783
18139.5 0.265736
18139.9 0.265688
18140.3 0.265641
18140.6 0.265593
18141 0.265546
18141.4 0.265498
18141.7 0.265451
18142.1 0.265403
18142.5 0.265356
18142.8 0.265309
18143.2 0.265261
18143.6 0.265214
18143.9 0.265166
18144.3 0.265119
18144.7 0.265072
18145 0.265024
18145.4 0.264977
18145.8 0.26493
18146.1 0.264882
18146.5 0.264835
18146.8 0.264788
18147.2 0.264741
18147.6 0.264693
18147.9 0.264646
18148.3 0.264599
18148.7 0.264552
18149 0.264504
18149.4 0.264457
18149.8 0.26441
18150.1 0.264363
18150.5 0.264316
18150.9 0.264269
18151.2 0.264221
18151.6 0.264174
18152 0.264127
18152.3 0.26408
18152.7 0.264033
18153.1 0.263986
18153.4 0.263939
18153.8 0.263892
18154.2 0.263845
18154.5 0.263798
18154.9 0.263751
18155.3 0.263704
18155.6 0.263657
18156 0.26361
18156.4 0.263563
18156.7 0.263516
18157.1 0.263469
18157.5 0.263422
18157.8 0.263375
18158.2 0.263328
18158.6 0.263281
18158.9 0.263235
18159.3 0.263188
18159.7 0.263141
18160 0.263094
18160.4 0.263047
18160.8 0.263
18161.1 0.262954
18161.5 0.262907
18161.9 0.26286
18162.2 0.262813
18162.6 0.262766
18163 0.26272
18163.3 0.262673
18163.7 0.262626
18164.1 0.26258
18164.4 0.262533
18164.8 0.262486
18165.2 0.262439
18165.5 0.262393
18165.9 0.262346
18166.3 0.2623
18166.6 0.262253
18167 0.262206
18167.4 0.26216
18167.7 0.262113
18168.1 0.262066
18168.5 0.26202
18168.8 0.261973
18169.2 0.261927
18169.6 0.26188
18169.9 0.261834
18170.3 0.261787
18170.7 0.261741
18171 0.261694
18171.4 0.261648
18171.8 0.261601
18172.1 0.261555
18172.5 0.261508
18172.8 0.261462
18173.2 0.261415
18173.6 0.261369
18173.9 0.261322
18174.3 0.261276
18174.7 0.26123
18175 0.261184
18175.4 0.261137
18175.8 0.261091
18176.1 0.261044
18176.5 0.260998
18176.9 0.260952
18177.2 0.260906
18177.6 0.260859
18178 0.260813
18178.3 0.260767
18178.7 0.260721
18179.1 0.260674
18179.4 0.260628
18179.8 0.260582
18180.2 0.260536
18180.5 0.260489
18180.9 0.260443
18181.3 0.260397
18181.6 0.260351
18182 0.260305
18182.4 0.260259
18182.7 0.260213
18183.1 0.260167
18183.5 0.26012
18183.8 0.260074
18184.2 0.260028
18184.6 0.259982
18184.9 0.259936
18185.3 0.25989
18185.7 0.259844
18186 0.259798
18186.4 0.259752
18186.8 0.259706
18187.1 0.25966
18187.5 0.259614
18187.9 0.259568
18188.2 0.259522
18188.6 0.259476
18189 0.25943
18189.3 0.259385
18189.7 0.259339
18190.1 0.259293
18190.4 0.259247
18190.8 0.259201
18191.2 0.259155
18191.5 0.259109
18191.9 0.259063
18192.3 0.259018
18192.6 0.258972
18193 0.258926
18193.4 0.25888
18193.7 0.258834
18194.1 0.258789
18194.5 0.258743
18194.8 0.258697
18195.2 0.258652
18195.6 0.258606
18195.9 0.25856
18196.3 0.258515
18196.7 0.258469
18197 0.258423
18197.4 0.258377
18197.8 0.258332
18198.1 0.258286
18198.5 0.258241
18198.9 0.258195
18199.2 0.258149
18199.6 0.258104
18199.9 0.258058
18200.3 0.258013
18200.7 0.257967
18201 0.257922
18201.4 0.257876
18201.8 0.25783
18202.1 0.257785
18202.5 0.25774
18202.9 0.257694
18203.2 0.257649
18203.6 0.257603
18204 0.257558
18204.3 0.257512
18204.7 0.257467
18205.1 0.257421
18205.4 0.257376
18205.8 0.257331
18206.2 0.257285
18206.5 0.25724
18206.9 0.257194
18207.3 0.257149
18207.6 0.257104
18208 0.257059
18208.4 0.257013
18208.7 0.256968
18209.1 0.256923
18209.5 0.256877
18209.8 0.256832
18210.2 0.256787
18210.6 0.256741
18210.9 0.256696
18211.3 0.256651
18211.7 0.256606
18212 0.256561
18212.4 0.256516
18212.8 0.25647
18213.1 0.256425
18213.5 0.25638
18213.9 0.256335
18214.2 0.25629
18214.6 0.256245
18215 0.256199
18215.3 0.256155
18215.7 0.256109
18216.1 0.256064
18216.4 0.256019
18216.8 0.255974
18217.2 0.255929
18217.5 0.255884
18217.9 0.255839
18218.3 0.255794
18218.6 0.255749
18219 0.255704
18219.4 0.255659
18219.7 0.255614
18220.1 0.255569
18220.5 0.255524
18220.8 0.255479
18221.2 0.255435
18221.6 0.255389
18221.9 0.255345
18222.3 0.2553
18222.7 0.255255
18223 0.25521
18223.4 0.255165
18223.8 0.25512
18224.1 0.255076
18224.5 0.255031
18224.9 0.254986
18225.2 0.254941
18225.6 0.254896
18226 0.254852
18226.3 0.254807
18226.7 0.254762
18227 0.254717
18227.4 0.254673
18227.8 0.254628
18228.1 0.254583
18228.5 0.254539
18228.9 0.254494
18229.2 0.254449
18229.6 0.254404
18230 0.25436
18230.3 0.254315
18230.7 0.254271
18231.1 0.254226
18231.4 0.254181
18231.8 0.254137
18232.2 0.254092
18232.5 0.254048
18232.9 0.254003
18233.3 0.253959
18233.6 0.253914
18234 0.253869
18234.4 0.253825
18234.7 0.253781
18235.1 0.253736
18235.5 0.253691
18235.8 0.253647
18236.2 0.253603
18236.6 0.253558
18236.9 0.253514
18237.3 0.253469
18237.7 0.253425
18238 0.253381
18238.4 0.253336
18238.8 0.253292
18239.1 0.253247
18239.5 0.253203
18239.9 0.253159
18240.2 0.253114
18240.6 0.25307
18241 0.253026
18241.3 0.252981
18241.7 0.252937
18242.1 0.252893
18242.4 0.252849
18242.8 0.252804
18243.2 0.25276
18243.5 0.252716
18243.9 0.252672
18244.3 0.252627
18244.6 0.252583
18245 0.252539
18245.4 0.252495
18245.7 0.252451
18246.1 0.252407
18246.5 0.252362
18246.8 0.252318
18247.2 0.252274
18247.6 0.25223
18247.9 0.252186
18248.3 0.252142
18248.7 0.252098
18249 0.252054
18249.4 0.252009
18249.8 0.251966
18250.1 0.251921
18250.5 0.251878
18250.9 0.251833
18251.2 0.251789
18251.6 0.251745
18252 0.251702
18252.3 0.251657
18252.7 0.251614
18253.1 0.25157
18253.4 0.251526
18253.8 0.251482
18254.1 0.251438
18254.5 0.251394
18254.9 0.25135
18255.2 0.251306
18255.6 0.251262
18256 0.251218
18256.3 0.251175
18256.7 0.251131
18257.1 0.251087
18257.4 0.251043
18257.8 0.250999
18258.2 0.250955
18258.5 0.250912
18258.9 0.250868
18259.3 0.250824
18259.6 0.25078
18260 0.250737
18260.4 0.250693
18260.7 0.250649
18261.1 0.250605
18261.5 0.250562
18261.8 0.250518
18262.2 0.250474
18262.6 0.250431
18262.9 0.250387
18263.3 0.250343
18263.7 0.2503
18264 0.250256
18264.4 0.250213
18264.8 0.250169
18265.1 0.250125
18265.5 0.250082
18265.9 0.250038
18266.2 0.249995
18266.6 0.249951
18267 0.249908
18267.3 0.249864
18267.7 0.249821
18268.1 0.249777
18268.4 0.249734
18268.8 0.24969
18269.2 0.249647
18269.5 0.249603
18269.9 0.24956
18270.3 0.249516
18270.6 0.249473
18271 0.24943
18271.4 0.249386
18271.7 0.249343
18272.1 0.249299
18272.5 0.249256
18272.8 0.249212
18273.2 0.249169
18273.6 0.249126
18273.9 0.249083
18274.3 0.249039
18274.7 0.248996
18275 0.248952
18275.4 0.248909
18275.8 0.248866
18276.1 0.248823
18276.5 0.248779
18276.9 0.248736
18277.2 0.248693
18277.6 0.24865
18278 0.248606
18278.3 0.248563
18278.7 0.24852
18279.1 0.248477
18279.4 0.248434
18279.8 0.248391
18280.2 0.248347
18280.5 0.248304
18280.9 0.248261
18281.2 0.248218
18281.6 0.248175
18282 0.248132
18282.3 0.248089
18282.7 0.248046
18283.1 0.248003
18283.4 0.24796
18283.8 0.247917
18284.2 0.247874
18284.5 0.247831
18284.9 0.247788
18285.3 0.247744
18285.6 0.247702
18286 0.247659
18286.4 0.247616
18286.7 0.247573
18287.1 0.24753
18287.5 0.247487
18287.8 0.247444
18288.2 0.247401
18288.6 0.247358
18288.9 0.247315
18289.3 0.247272
18289.7 0.247229
18290 0.247187
18290.4 0.247144
18290.8 0.247101
18291.1 0.247058
18291.5 0.247015
18291.9 0.246972
18292.2 0.24693
18292.6 0.246887
18293 0.246844
18293.3 0.246801
18293.7 0.246759
18294.1 0.246716
18294.4 0.246673
18294.8 0.24663
18295.2 0.246588
18295.5 0.246545
18295.9 0.246502
18296.3 0.246459
18296.6 0.246417
18297 0.246374
18297.4 0.246332
18297.7 0.246289
18298.1 0.246246
18298.5 0.246204
18298.8 0.246161
18299.2 0.246118
18299.6 0.246076
18299.9 0.246033
18300.3 0.245991
18300.7 0.245948
18301 0.245906
18301.4 0.245863
18301.8 0.245821
18302.1 0.245778
18302.5 0.245736
18302.9 0.245693
18303.2 0.245651
18303.6 0.245608
18304 0.245566
18304.3 0.245523
18304.7 0.245481
18305.1 0.245438
18305.4 0.245396
18305.8 0.245353
18306.2 0.245311
18306.5 0.245269
18306.9 0.245226
18307.3 0.245184
18307.6 0.245142
18308 0.245099
18308.3 0.245057
18308.7 0.245015
18309.1 0.244972
18309.4 0.24493
18309.8 0.244888
18310.2 0.244845
18310.5 0.244803
18310.9 0.244761
18311.3 0.244719
18311.6 0.244676
18312 0.244634
18312.4 0.244592
18312.7 0.24455
18313.1 0.244507
18313.5 0.244465
18313.8 0.244423
18314.2 0.244381
18314.6 0.244339
18314.9 0.244297
18315.3 0.244254
18315.7 0.244212
18316 0.24417
18316.4 0.244128
18316.8 0.244086
18317.1 0.244044
18317.5 0.244002
18317.9 0.24396
18318.2 0.243918
18318.6 0.243876
18319 0.243834
18319.3 0.243792
18319.7 0.24375
18320.1 0.243708
18320.4 0.243666
18320.8 0.243624
18321.2 0.243582
18321.5 0.24354
18321.9 0.243498
18322.3 0.243456
18322.6 0.243414
18323 0.243372
18323.4 0.24333
18323.7 0.243288
18324.1 0.243246
18324.5 0.243205
18324.8 0.243162
18325.2 0.243121
18325.6 0.243079
18325.9 0.243037
18326.3 0.242995
18326.7 0.242953
18327 0.242911
18327.4 0.24287
18327.8 0.242828
18328.1 0.242786
18328.5 0.242744
18328.9 0.242703
18329.2 0.242661
18329.6 0.242619
18330 0.242577
18330.3 0.242536
18330.7 0.242494
18331.1 0.242452
18331.4 0.242411
18331.8 0.242369
18332.2 0.242327
18332.5 0.242286
18332.9 0.242244
18333.3 0.242202
18333.6 0.242161
18334 0.242119
18334.3 0.242077
18334.7 0.242036
18335.1 0.241994
18335.4 0.241953
18335.8 0.241911
18336.2 0.24187
18336.5 0.241828
18336.9 0.241787
18337.3 0.241745
18337.6 0.241704
18338 0.241662
18338.4 0.241621
18338.7 0.241579
18339.1 0.241538
18339.5 0.241496
18339.8 0.241455
18340.2 0.241413
18340.6 0.241372
18340.9 0.24133
18341.3 0.241289
18341.7 0.241248
18342 0.241206
18342.4 0.241165
18342.8 0.241124
18343.1 0.241082
18343.5 0.241041
18343.9 0.240999
18344.2 0.240958
18344.6 0.240917
18345 0.240875
18345.3 0.240834
18345.7 0.240793
18346.1 0.240751
18346.4 0.24071
18346.8 0.240669
18347.2 0.240628
18347.5 0.240587
18347.9 0.240545
18348.3 0.240504
18348.6 0.240463
18349 0.240422
18349.4 0.24038
18349.7 0.240339
18350.1 0.240298
18350.5 0.240257
18350.8 0.240216
18351.2 0.240175
18351.6 0.240134
18351.9 0.240092
18352.3 0.240051
18352.7 0.24001
18353 0.239969
18353.4 0.239928
18353.8 0.239887
18354.1 0.239846
18354.5 0.239805
18354.9 0.239764
18355.2 0.239723
18355.6 0.239682
18356 0.239641
18356.3 0.2396
18356.7 0.239559
18357.1 0.239518
18357.4 0.239477
18357.8 0.239436
18358.2 0.239395
18358.5 0.239354
18358.9 0.239313
18359.3 0.239272
18359.6 0.239231
18360 0.23919
18360.3 0.23915
18360.7 0.239109
18361.1 0.239068
18361.4 0.239027
18361.8 0.238986
18362.2 0.238945
18362.5 0.238904
18362.9 0.238864
18363.3 0.238823
18363.6 0.238782
18364 0.238741
18364.4 0.2387
18364.7 0.23866
18365.1 0.238619
18365.5 0.238578
18365.8 0.238537
18366.2 0.238497
18366.6 0.238456
18366.9 0.238415
18367.3 0.238374
18367.7 0.238334
18368 0.238293
18368.4 0.238253
18368.8 0.238212
18369.1 0.238171
18369.5 0.23813
18369.9 0.23809
18370.2 0.238049
18370.6 0.238009
18371 0.237968
18371.3 0.237928
18371.7 0.237887
18372.1 0.237846
18372.4 0.237806
18372.8 0.237765
18373.2 0.237725
18373.5 0.237684
18373.9 0.237644
18374.3 0.237603
18374.6 0.237563
18375 0.237522
18375.4 0.237482
18375.7 0.237441
18376.1 0.237401
18376.5 0.23736
18376.8 0.23732
18377.2 0.23728
18377.6 0.237239
18377.9 0.237199
18378.3 0.237158
18378.7 0.237118
18379 0.237077
18379.4 0.237037
18379.8 0.236997
18380.1 0.236956
18380.5 0.236916
18380.9 0.236876
18381.2 0.236835
18381.6 0.236795
18382 0.236755
18382.3 0.236714
18382.7 0.236674
18383.1 0.236634
18383.4 0.236594
18383.8 0.236553
18384.2 0.236513
18384.5 0.236473
18384.9 0.236433
18385.3 0.236392
18385.6 0.236352
18386 0.236312
18386.4 0.236272
18386.7 0.236232
18387.1 0.236191
18387.4 0.236151
18387.8 0.236111
18388.2 0.236071
18388.5 0.236031
18388.9 0.235991
18389.3 0.235951
18389.6 0.235911
18390 0.23587
18390.4 0.23583
18390.7 0.23579
18391.1 0.23575
18391.5 0.23571
18391.8 0.23567
18392.2 0.23563
18392.6 0.23559
18392.9 0.23555
18393.3 0.23551
18393.7 0.23547
18394 0.23543
18394.4 0.23539
18394.8 0.23535
18395.1 0.23531
18395.5 0.23527
18395.9 0.23523
18396.2 0.235191
18396.6 0.235151
18397 0.235111
18397.3 0.235071
18397.7 0.235031
18398.1 0.234991
18398.4 0.234951
18398.8 0.234911
18399.2 0.234872
18399.5 0.234832
18399.9 0.234792
18400.3 0.234752
18400.6 0.234712
18401 0.234672
18401.4 0.234633
18401.7 0.234593
18402.1 0.234553
18402.5 0.234513
18402.8 0.234474
18403.2 0.234434
18403.6 0.234394
18403.9 0.234354
18404.3 0.234315
18404.7 0.234275
18405 0.234235
18405.4 0.234195
18405.8 0.234156
18406.1 0.234116
18406.5 0.234077
18406.9 0.234037
18407.2 0.233997
18407.6 0.233958
18408 0.233918
18408.3 0.233878
18408.7 0.233839
18409.1 0.233799
18409.4 0.23376
18409.8 0.23372
18410.2 0.233681
18410.5 0.233641
18410.9 0.233602
18411.3 0.233562
18411.6 0.233522
18412 0.233483
18412.4 0.233443
18412.7 0.233404
18413.1 0.233364
18413.5 0.233325
18413.8 0.233285
18414.2 0.233246
18414.5 0.233207
18414.9 0.233167
18415.3 0.233128
18415.6 0.233088
18416 0.233049
18416.4 0.233009
18416.7 0.23297
18417.1 0.232931
18417.5 0.232891
18417.8 0.232852
18418.2 0.232813
18418.6 0.232773
18418.9 0.232734
18419.3 0.232694
18419.7 0.232655
18420 0.232616
18420.4 0.232577
18420.8 0.232537
18421.1 0.232498
18421.5 0.232459
18421.9 0.23242
18422.2 0.23238
18422.6 0.232341
18423 0.232302
18423.3 0.232263
18423.7 0.232223
18424.1 0.232184
18424.4 0.232145
18424.8 0.232106
18425.2 0.232067
18425.5 0.232028
18425.9 0.231988
18426.3 0.231949
18426.6 0.23191
18427 0.231871
18427.4 0.231832
18427.7 0.231793
18428.1 0.231754
18428.5 0.231715
18428.8 0.231676
18429.2 0.231637
18429.6 0.231597
18429.9 0.231558
18430.3 0.231519
18430.7 0.23148
18431 0.231441
18431.4 0.231402
18431.8 0.231363
18432.1 0.231324
18432.5 0.231285
18432.9 0.231247
18433.2 0.231207
18433.6 0.231168
18434 0.231129
18434.3 0.231091
18434.7 0.231052
18435.1 0.231013
18435.4 0.230974
18435.8 0.230935
18436.2 0.230896
18436.5 0.230857
18436.9 0.230818
18437.3 0.230779
18437.6 0.230741
18438 0.230702
18438.4 0.230663
18438.7 0.230624
18439.1 0.230585
18439.5 0.230547
18439.8 0.230508
18440.2 0.230469
18440.6 0.23043
18440.9 0.230391
18441.3 0.230353
18441.6 0.230314
18442 0.230275
18442.4 0.230236
18442.7 0.230198
18443.1 0.230159
18443.5 0.23012
18443.8 0.230082
18444.2 0.230043
18444.6 0.230004
18444.9 0.229966
18445.3 0.229927
18445.7 0.229888
18446 0.22985
18446.4 0.229811
18446.8 0.229772
18447.1 0.229734
18447.5 0.229695
18447.9 0.229657
18448.2 0.229618
18448.6 0.229579
18449 0.229541
18449.3 0.229502
18449.7 0.229464
18450.1 0.229425
18450.4 0.229387
18450.8 0.229348
18451.2 0.22931
18451.5 0.229271
18451.9 0.229233
18452.3 0.229194
18452.6 0.229156
18453 0.229117
18453.4 0.229079
18453.7 0.22904
18454.1 0.229002
18454.5 0.228964
18454.8 0.228925
18455.2 0.228887
18455.6 0.228848
18455.9 0.22881
18456.3 0.228772
18456.7 0.228733
18457 0.228695
18457.4 0.228656
18457.8 0.228618
18458.1 0.22858
18458.5 0.228542
18458.9 0.228503
18459.2 0.228465
18459.6 0.228427
18460 0.228388
18460.3 0.22835
18460.7 0.228312
18461.1 0.228274
18461.4 0.228235
18461.8 0.228197
18462.2 0.228159
18462.5 0.228121
18462.9 0.228083
18463.3 0.228044
18463.6 0.228006
18464 0.227968
18464.4 0.22793
18464.7 0.227891
18465.1 0.227853
18465.5 0.227815
18465.8 0.227777
18466.2 0.227739
18466.6 0.227701
18466.9 0.227663
18467.3 0.227625
18467.7 0.227586
18468 0.227548
18468.4 0.22751
18468.7 0.227472
18469.1 0.227434
18469.5 0.227396
18469.8 0.227358
18470.2 0.22732
18470.6 0.227282
18470.9 0.227244
18471.3 0.227206
18471.7 0.227168
18472 0.22713
18472.4 0.227092
18472.8 0.227054
18473.1 0.227016
18473.5 0.226978
18473.9 0.22694
18474.2 0.226902
18474.6 0.226864
18475 0.226826
18475.3 0.226789
18475.7 0.226751
18476.1 0.226713
18476.4 0.226675
18476.8 0.226637
18477.2 0.226599
18477.5 0.226561
18477.9 0.226523
18478.3 0.226486
18478.6 0.226448
18479 0.22641
18479.4 0.226372
18479.7 0.226334
18480.1 0.226297
18480.5 0.226259
18480.8 0.226221
18481.2 0.226183
18481.6 0.226145
18481.9 0.226108
18482.3 0.22607
18482.7 0.226032
18483 0.225995
18483.4 0.225957
18483.8 0.225919
18484.1 0.225882
18484.5 0.225844
18484.9 0.225806
18485.2 0.225769
18485.6 0.225731
18486 0.225693
18486.3 0.225656
18486.7 0.225618
18487.1 0.22558
18487.4 0.225543
18487.8 0.225505
18488.2 0.225468
18488.5 0.22543
18488.9 0.225392
18489.3 0.225355
18489.6 0.225317
18490 0.22528
18490.4 0.225242
18490.7 0.225205
18491.1 0.225167
18491.5 0.22513
18491.8 0.225092
18492.2 0.225055
18492.6 0.225017
18492.9 0.22498
18493.3 0.224942
18493.7 0.224905
18494 0.224867
18494.4 0.22483
18494.8 0.224793
18495.1 0.224755
18495.5 0.224718
18495.8 0.22468
18496.2 0.224643
18496.6 0.224606
18496.9 0.224568
18497.3 0.224531
18497.7 0.224494
18498 0.224456
18498.4 0.224419
18498.8 0.224382
18499.1 0.224344
18499.5 0.224307
18499.9 0.22427
18500.2 0.224232
18500.6 0.224195
18501 0.224158
18501.3 0.22412
18501.7 0.224083
18502.1 0.224046
18502.4 0.224009
18502.8 0.223971
18503.2 0.223934
18503.5 0.223897
18503.9 0.22386
18504.3 0.223823
18504.6 0.223786
18505 0.223748
18505.4 0.223711
18505.7 0.223674
18506.1 0.223637
18506.5 0.2236
18506.8 0.223563
18507.2 0.223525
18507.6 0.223488
18507.9 0.223451
18508.3 0.223414
18508.7 0.223377
18509 0.22334
18509.4 0.223303
18509.8 0.223266
18510.1 0.223229
18510.5 0.223192
18510.9 0.223155
18511.2 0.223118
18511.6 0.223081
18512 0.223044
18512.3 0.223006
18512.7 0.22297
18513.1 0.222933
18513.4 0.222896
18513.8 0.222859
18514.2 0.222822
18514.5 0.222785
18514.9 0.222748
18515.3 0.222711
18515.6 0.222674
18516 0.222637
18516.4 0.2226
18516.7 0.222563
18517.1 0.222526
18517.5 0.222489
18517.8 0.222453
18518.2 0.222416
18518.6 0.222379
18518.9 0.222342
18519.3 0.222305
18519.7 0.222268
18520 0.222232
18520.4 0.222195
18520.8 0.222158
18521.1 0.222121
18521.5 0.222084
18521.8 0.222047
18522.2 0.222011
18522.6 0.221974
18522.9 0.221937
18523.3 0.2219
18523.7 0.221864
18524 0.221827
18524.4 0.22179
18524.8 0.221754
18525.1 0.221717
18525.5 0.22168
18525.9 0.221644
18526.2 0.221607
18526.6 0.22157
18527 0.221534
18527.3 0.221497
18527.7 0.22146
18528.1 0.221424
18528.4 0.221387
18528.8 0.221351
18529.2 0.221314
18529.5 0.221277
18529.9 0.221241
18530.3 0.221204
18530.6 0.221168
18531 0.221131
18531.4 0.221094
18531.7 0.221058
18532.1 0.221021
18532.5 0.220985
18532.8 0.220948
18533.2 0.220912
18533.6 0.220875
18533.9 0.220839
18534.3 0.220802
18534.7 0.220766
18535 0.220729
18535.4 0.220693
18535.8 0.220656
18536.1 0.22062
18536.5 0.220584
18536.9 0.220547
18537.2 0.220511
18537.6 0.220475
18538 0.220438
18538.3 0.220402
18538.7 0.220365
18539.1 0.220329
18539.4 0.220292
18539.8 0.220256
18540.2 0.22022
18540.5 0.220184
18540.9 0.220147
18541.3 0.220111
18541.6 0.220075
18542 0.220038
18542.4 0.220002
18542.7 0.219966
18543.1 0.219929
18543.5 0.219893
18543.8 0.219857
18544.2 0.219821
18544.6 0.219784
18544.9 0.219748
18545.3 0.219712
18545.7 0.219676
18546 0.219639
18546.4 0.219603
18546.8 0.219567
18547.1 0.219531
18547.5 0.219495
18547.8 0.219459
18548.2 0.219422
18548.6 0.219386
18548.9 0.21935
18549.3 0.219314
18549.7 0.219278
18550 0.219242
18550.4 0.219206
18550.8 0.21917
18551.1 0.219134
18551.5 0.219098
18551.9 0.219061
18552.2 0.219025
18552.6 0.218989
18553 0.218953
18553.3 0.218917
18553.7 0.218881
18554.1 0.218845
18554.4 0.218809
18554.8 0.218773
18555.2 0.218737
18555.5 0.218701
18555.9 0.218665
18556.3 0.218629
18556.6 0.218593
18557 0.218557
18557.4 0.218522
18557.7 0.218485
18558.1 0.21845
18558.5 0.218414
18558.8 0.218378
18559.2 0.218342
18559.6 0.218306
18559.9 0.21827
18560.3 0.218234
18560.7 0.218198
18561 0.218163
18561.4 0.218127
18561.8 0.218091
18562.1 0.218055
18562.5 0.218019
18562.9 0.217983
18563.2 0.217948
18563.6 0.217912
18564 0.217876
18564.3 0.21784
18564.7 0.217804
18565.1 0.217769
18565.4 0.217733
18565.8 0.217697
18566.2 0.217661
18566.5 0.217625
18566.9 0.21759
18567.3 0.217554
18567.6 0.217518
18568 0.217483
18568.4 0.217447
18568.7 0.217411
18569.1 0.217376
18569.5 0.21734
18569.8 0.217304
18570.2 0.217269
18570.6 0.217233
18570.9 0.217197
18571.3 0.217162
18571.7 0.217126
18572 0.217091
18572.4 0.217055
18572.8 0.217019
18573.1 0.216984
18573.5 0.216948
18573.9 0.216913
18574.2 0.216877
18574.6 0.216842
18574.9 0.216806
18575.3 0.21677
18575.7 0.216735
18576 0.216699
18576.4 0.216664
18576.8 0.216628
18577.1 0.216593
18577.5 0.216558
18577.9 0.216522
18578.2 0.216487
18578.6 0.216451
18579 0.216416
18579.3 0.21638
18579.7 0.216345
18580.1 0.216309
18580.4 0.216274
18580.8 0.216239
18581.2 0.216203
18581.5 0.216168
18581.9 0.216132
18582.3 0.216097
18582.6 0.216062
18583 0.216026
18583.4 0.215991
18583.7 0.215956
18584.1 0.21592
18584.5 0.215885
18584.8 0.21585
18585.2 0.215815
18585.6 0.215779
18585.9 0.215744
18586.3 0.215708
18586.7 0.215673
18587 0.215638
18587.4 0.215603
18587.8 0.215567
18588.1 0.215532
18588.5 0.215497
18588.9 0.215462
18589.2 0.215427
18589.6 0.215391
18590 0.215356
18590.3 0.215321
18590.7 0.215286
18591.1 0.215251
18591.4 0.215215
18591.8 0.21518
18592.2 0.215145
18592.5 0.21511
18592.9 0.215075
18593.3 0.21504
18593.6 0.215005
18594 0.21497
18594.4 0.214934
18594.7 0.214899
18595.1 0.214864
18595.5 0.214829
18595.8 0.214794
18596.2 0.214759
18596.6 0.214724
18596.9 0.214689
18597.3 0.214654
18597.7 0.214619
18598 0.214584
18598.4 0.214549
18598.8 0.214514
18599.1 0.214479
18599.5 0.214444
18599.9 0.214409
18600.2 0.214374
18600.6 0.214339
18601 0.214304
18601.3 0.214269
18601.7 0.214234
18602 0.214199
18602.4 0.214164
18602.8 0.214129
18603.1 0.214094
18603.5 0.214059
18603.9 0.214025
18604.2 0.21399
18604.6 0.213955
18605 0.21392
18605.3 0.213885
18605.7 0.21385
18606.1 0.213815
18606.4 0.213781
18606.8 0.213746
18607.2 0.213711
18607.5 0.213676
18607.9 0.213641
18608.3 0.213607
18608.6 0.213572
18609 0.213537
18609.4 0.213502
18609.7 0.213467
18610.1 0.213433
18610.5 0.213398
18610.8 0.213363
18611.2 0.213328
18611.6 0.213294
18611.9 0.213259
18612.3 0.213225
18612.7 0.21319
18613 0.213155
18613.4 0.21312
18613.8 0.213086
18614.1 0.213051
18614.5 0.213016
18614.9 0.212982
18615.2 0.212947
18615.6 0.212912
18616 0.212878
18616.3 0.212843
18616.7 0.212809
18617.1 0.212774
18617.4 0.212739
18617.8 0.212705
18618.2 0.21267
18618.5 0.212636
18618.9 0.212601
18619.3 0.212566
18619.6 0.212532
18620 0.212497
18620.4 0.212463
18620.7 0.212428
18621.1 0.212394
18621.5 0.212359
18621.8 0.212325
18622.2 0.21229
18622.6 0.212256
18622.9 0.212221
18623.3 0.212187
18623.7 0.212152
18624 0.212118
18624.4 0.212084
18624.8 0.212049
18625.1 0.212015
18625.5 0.21198
18625.9 0.211946
18626.2 0.211912
18626.6 0.211877
18627 0.211843
18627.3 0.211808
18627.7 0.211774
18628.1 0.21174
18628.4 0.211705
18628.8 0.211671
18629.1 0.211637
18629.5 0.211602
18629.9 0.211568
18630.2 0.211534
18630.6 0.2115
18631 0.211465
18631.3 0.211431
18631.7 0.211397
18632.1 0.211362
18632.4 0.211328
18632.8 0.211294
18633.2 0.21126
18633.5 0.211226
18633.9 0.211191
18634.3 0.211157
18634.6 0.211123
18635 0.211089
18635.4 0.211054
18635.7 0.21102
18636.1 0.210986
18636.5 0.210952
18636.8 0.210918
18637.2 0.210883
18637.6 0.210849
18637.9 0.210815
18638.3 0.210781
18638.7 0.210747
18639 0.210713
18639.4 0.210679
18639.8 0.210644
18640.1 0.210611
18640.5 0.210576
18640.9 0.210542
18641.2 0.210508
18641.6 0.210474
18642 0.21044
18642.3 0.210406
18642.7 0.210372
18643.1 0.210338
18643.4 0.210304
18643.8 0.21027
18644.2 0.210236
18644.5 0.210202
18644.9 0.210168
18645.3 0.210134
18645.6 0.2101
18646 0.210066
18646.4 0.210032
18646.7 0.209998
18647.1 0.209964
18647.5 0.20993
18647.8 0.209896
18648.2 0.209862
18648.6 0.209828
18648.9 0.209795
18649.3 0.209761
18649.7 0.209727
18650 0.209693
18650.4 0.209659
18650.8 0.209625
18651.1 0.209591
18651.5 0.209557
18651.9 0.209524
18652.2 0.20949
18652.6 0.209456
18653 0.209422
18653.3 0.209388
18653.7 0.209354
18654.1 0.209321
18654.4 0.209287
18654.8 0.209253
18655.2 0.209219
18655.5 0.209186
18655.9 0.209152
18656.2 0.209118
18656.6 0.209084
18657 0.209051
18657.3 0.209017
18657.7 0.208983
18658.1 0.20895
18658.4 0.208916
18658.8 0.208882
18659.2 0.208848
18659.5 0.208815
18659.9 0.208781
18660.3 0.208747
18660.6 0.208714
18661 0.20868
18661.4 0.208647
18661.7 0.208613
18662.1 0.208579
18662.5 0.208546
18662.8 0.208512
18663.2 0.208478
18663.6 0.208445
18663.9 0.208411
18664.3 0.208378
18664.7 0.208344
18665 0.208311
18665.4 0.208277
18665.8 0.208243
18666.1 0.20821
18666.5 0.208176
18666.9 0.208143
18667.2 0.208109
18667.6 0.208076
18668 0.208042
18668.3 0.208009
18668.7 0.207975
18669.1 0.207942
18669.4 0.207908
18669.8 0.207875
18670.2 0.207841
18670.5 0.207808
18670.9 0.207775
18671.3 0.207741
18671.6 0.207708
18672 0.207674
18672.4 0.207641
18672.7 0.207607
18673.1 0.207574
18673.5 0.207541
18673.8 0.207507
18674.2 0.207474
18674.6 0.207441
18674.9 0.207407
18675.3 0.207374
18675.7 0.20734
18676 0.207307
18676.4 0.207274
18676.8 0.207241
18677.1 0.207207
18677.5 0.207174
18677.9 0.207141
18678.2 0.207107
18678.6 0.207074
18679 0.207041
18679.3 0.207007
18679.7 0.206974
18680.1 0.206941
18680.4 0.206908
18680.8 0.206875
18681.2 0.206841
18681.5 0.206808
18681.9 0.206775
18682.3 0.206742
18682.6 0.206709
18683 0.206675
18683.3 0.206642
18683.7 0.206609
18684.1 0.206576
18684.4 0.206543
18684.8 0.20651
18685.2 0.206476
18685.5 0.206443
18685.9 0.20641
18686.3 0.206377
18686.6 0.206344
18687 0.206311
18687.4 0.206278
18687.7 0.206245
18688.1 0.206212
18688.5 0.206179
18688.8 0.206145
18689.2 0.206112
18689.6 0.206079
18689.9 0.206046
18690.3 0.206013
18690.7 0.20598
18691 0.205947
18691.4 0.205914
18691.8 0.205881
18692.1 0.205848
18692.5 0.205815
18692.9 0.205782
18693.2 0.205749
18693.6 0.205716
18694 0.205683
18694.3 0.20565
18694.7 0.205617
18695.1 0.205585
18695.4 0.205552
18695.8 0.205519
18696.2 0.205486
18696.5 0.205453
18696.9 0.20542
18697.3 0.205387
18697.6 0.205354
18698 0.205321
18698.4 0.205288
18698.7 0.205256
18699.1 0.205223
18699.5 0.20519
18699.8 0.205157
18700.2 0.205124
18700.6 0.205091
18700.9 0.205059
18701.3 0.205026
18701.7 0.204993
18702 0.20496
18702.4 0.204927
18702.8 0.204895
18703.1 0.204862
18703.5 0.204829
18703.9 0.204796
18704.2 0.204764
18704.6 0.204731
18705 0.204698
18705.3 0.204665
18705.7 0.204633
18706.1 0.2046
18706.4 0.204567
18706.8 0.204535
18707.2 0.204502
18707.5 0.204469
18707.9 0.204437
18708.3 0.204404
18708.6 0.204371
18709 0.204339
18709.3 0.204306
18709.7 0.204273
18710.1 0.204241
18710.4 0.204208
18710.8 0.204175
18711.2 0.204143
18711.5 0.20411
18711.9 0.204078
18712.3 0.204045
18712.6 0.204013
18713 0.20398
18713.4 0.203947
18713.7 0.203915
18714.1 0.203882
18714.5 0.20385
18714.8 0.203817
18715.2 0.203785
18715.6 0.203752
18715.9 0.20372
18716.3 0.203687
18716.7 0.203655
18717 0.203622
18717.4 0.20359
18717.8 0.203557
18718.1 0.203525
18718.5 0.203492
18718.9 0.20346
18719.2 0.203427
18719.6 0.203395
18720 0.203363
18720.3 0.20333
18720.7 0.203298
18721.1 0.203265
18721.4 0.203233
18721.8 0.203201
18722.2 0.203168
18722.5 0.203136
18722.9 0.203103
18723.3 0.203071
18723.6 0.203039
18724 0.203006
18724.4 0.202974
18724.7 0.202942
18725.1 0.202909
18725.5 0.202877
18725.8 0.202845
18726.2 0.202813
18726.6 0.20278
18726.9 0.202748
18727.3 0.202716
18727.7 0.202683
18728 0.202651
18728.4 0.202619
18728.8 0.202587
18729.1 0.202554
18729.5 0.202522
18729.9 0.20249
18730.2 0.202458
18730.6 0.202425
18731 0.202393
18731.3 0.202361
18731.7 0.202329
18732.1 0.202297
18732.4 0.202265
18732.8 0.202232
18733.2 0.2022
18733.5 0.202168
18733.9 0.202136
18734.3 0.202104
18734.6 0.202072
18735 0.20204
18735.3 0.202007
18735.7 0.201975
18736.1 0.201943
18736.4 0.201911
18736.8 0.201879
18737.2 0.201847
18737.5 0.201815
18737.9 0.201783
18738.3 0.201751
18738.6 0.201719
18739 0.201687
18739.4 0.201655
18739.7 0.201623
18740.1 0.201591
18740.5 0.201559
18740.8 0.201527
18741.2 0.201495
18741.6 0.201463
18741.9 0.201431
18742.3 0.201399
18742.7 0.201367
18743 0.201335
18743.4 0.201303
18743.8 0.201271
18744.1 0.201239
18744.5 0.201207
18744.9 0.201175
18745.2 0.201143
18745.6 0.201111
18746 0.201079
18746.3 0.201047
18746.7 0.201015
18747.1 0.200984
18747.4 0.200952
18747.8 0.20092
18748.2 0.200888
18748.5 0.200856
18748.9 0.200824
18749.3 0.200792
18749.6 0.200761
18750 0.200729
18750.4 0.200697
18750.7 0.200665
18751.1 0.200633
18751.5 0.200601
18751.8 0.200569
18752.2 0.200538
18752.6 0.200506
18752.9 0.200474
18753.3 0.200442
18753.7 0.200411
18754 0.200379
18754.4 0.200347
18754.8 0.200316
18755.1 0.200284
18755.5 0.200252
18755.9 0.200221
18756.2 0.200189
18756.6 0.200157
18757 0.200125
18757.3 0.200094
18757.7 0.200062
18758.1 0.20003
18758.4 0.199999
18758.8 0.199967
18759.2 0.199935
18759.5 0.199904
18759.9 0.199872
18760.3 0.199841
18760.6 0.199809
18761 0.199777
18761.4 0.199746
18761.7 0.199714
18762.1 0.199682
18762.4 0.199651
18762.8 0.199619
18763.2 0.199588
18763.5 0.199556
18763.9 0.199525
18764.3 0.199493
18764.6 0.199462
18765 0.19943
18765.4 0.199399
18765.7 0.199367
18766.1 0.199336
18766.5 0.199304
18766.8 0.199272
18767.2 0.199241
18767.6 0.199209
18767.9 0.199178
18768.3 0.199147
18768.7 0.199115
18769 0.199084
18769.4 0.199052
18769.8 0.199021
18770.1 0.198989
18770.5 0.198958
18770.9 0.198926
18771.2 0.198895
18771.6 0.198864
18772 0.198832
18772.3 0.198801
18772.7 0.19877
18773.1 0.198738
18773.4 0.198707
18773.8 0.198675
18774.2 0.198644
18774.5 0.198613
18774.9 0.198582
18775.3 0.19855
18775.6 0.198519
18776 0.198487
18776.4 0.198456
18776.7 0.198425
18777.1 0.198394
18777.5 0.198362
18777.8 0.198331
18778.2 0.1983
18778.6 0.198268
18778.9 0.198237
18779.3 0.198206
18779.7 0.198175
18780 0.198144
18780.4 0.198112
18780.8 0.198081
18781.1 0.19805
18781.5 0.198019
18781.9 0.197987
18782.2 0.197956
18782.6 0.197925
18783 0.197894
18783.3 0.197863
18783.7 0.197831
18784.1 0.1978
18784.4 0.197769
18784.8 0.197738
18785.2 0.197707
18785.5 0.197676
18785.9 0.197645
18786.3 0.197613
18786.6 0.197582
18787 0.197551
18787.4 0.19752
18787.7 0.197489
18788.1 0.197458
18788.5 0.197427
18788.8 0.197396
18789.2 0.197365
18789.5 0.197334
18789.9 0.197302
18790.3 0.197272
18790.6 0.19724
18791 0.19721
18791.4 0.197178
18791.7 0.197147
18792.1 0.197116
18792.5 0.197085
18792.8 0.197054
18793.2 0.197023
18793.6 0.196992
18793.9 0.196962
18794.3 0.196931
18794.7 0.1969
18795 0.196869
18795.4 0.196838
18795.8 0.196807
18796.1 0.196776
18796.5 0.196745
18796.9 0.196714
18797.2 0.196683
18797.6 0.196652
18798 0.196621
18798.3 0.19659
18798.7 0.19656
18799.1 0.196529
18799.4 0.196498
18799.8 0.196467
18800.2 0.196436
18800.5 0.196405
18800.9 0.196374
18801.3 0.196344
18801.6 0.196313
18802 0.196282
18802.4 0.196251
18802.7 0.19622
18803.1 0.196189
18803.5 0.196159
18803.8 0.196128
18804.2 0.196097
18804.6 0.196066
18804.9 0.196036
18805.3 0.196005
18805.7 0.195974
18806 0.195943
18806.4 0.195913
18806.8 0.195882
18807.1 0.195851
18807.5 0.19582
18807.9 0.19579
18808.2 0.195759
18808.6 0.195728
18809 0.195698
18809.3 0.195667
18809.7 0.195636
18810.1 0.195606
18810.4 0.195575
18810.8 0.195544
18811.2 0.195514
18811.5 0.195483
18811.9 0.195452
18812.3 0.195422
18812.6 0.195391
18813 0.195361
18813.4 0.19533
18813.7 0.195299
18814.1 0.195269
18814.5 0.195238
18814.8 0.195208
18815.2 0.195177
18815.6 0.195146
18815.9 0.195116
18816.3 0.195085
18816.6 0.195055
18817 0.195024
18817.4 0.194994
18817.7 0.194963
18818.1 0.194933
18818.5 0.194902
18818.8 0.194872
18819.2 0.194841
18819.6 0.194811
18819.9 0.19478
18820.3 0.19475
18820.7 0.194719
18821 0.194689
18821.4 0.194658
18821.8 0.194628
18822.1 0.194597
18822.5 0.194567
18822.9 0.194537
18823.2 0.194506
18823.6 0.194476
18824 0.194445
18824.3 0.194415
18824.7 0.194385
18825.1 0.194354
18825.4 0.194324
18825.8 0.194293
18826.2 0.194263
18826.5 0.194233
18826.9 0.194202
18827.3 0.194172
18827.6 0.194142
18828 0.194111
18828.4 0.194081
18828.7 0.194051
18829.1 0.19402
18829.5 0.19399
18829.8 0.19396
18830.2 0.193929
18830.6 0.193899
18830.9 0.193869
18831.3 0.193839
18831.7 0.193808
18832 0.193778
18832.4 0.193748
18832.8 0.193718
18833.1 0.193687
18833.5 0.193657
18833.9 0.193627
18834.2 0.193597
18834.6 0.193567
18835 0.193536
18835.3 0.193506
18835.7 0.193476
18836.1 0.193446
18836.4 0.193416
18836.8 0.193385
18837.2 0.193355
18837.5 0.193325
18837.9 0.193295
18838.3 0.193265
18838.6 0.193235
18839 0.193205
18839.4 0.193174
18839.7 0.193144
18840.1 0.193114
18840.5 0.193084
18840.8 0.193054
18841.2 0.193024
18841.6 0.192994
18841.9 0.192964
18842.3 0.192934
18842.7 0.192904
18843 0.192874
18843.4 0.192843
18843.7 0.192813
18844.1 0.192783
18844.5 0.192753
18844.8 0.192723
18845.2 0.192693
18845.6 0.192663
18845.9 0.192633
18846.3 0.192603
18846.7 0.192573
18847 0.192543
18847.4 0.192513
18847.8 0.192483
18848.1 0.192453
18848.5 0.192423
18848.9 0.192394
18849.2 0.192364
18849.6 0.192334
18850 0.192304
18850.3 0.192274
18850.7 0.192244
18851.1 0.192214
18851.4 0.192184
18851.8 0.192154
18852.2 0.192124
18852.5 0.192095
18852.9 0.192065
18853.3 0.192035
18853.6 0.192005
18854 0.191975
18854.4 0.191945
18854.7 0.191915
18855.1 0.191886
18855.5 0.191856
18855.8 0.191826
18856.2 0.191796
18856.6 0.191766
18856.9 0.191737
18857.3 0.191707
18857.7 0.191677
18858 0.191647
18858.4 0.191617
18858.8 0.191587
18859.1 0.191558
18859.5 0.191528
18859.9 0.191498
18860.2 0.191469
18860.6 0.191439
18861 0.191409
18861.3 0.191379
18861.7 0.19135
18862.1 0.19132
18862.4 0.19129
18862.8 0.191261
18863.2 0.191231
18863.5 0.191201
18863.9 0.191171
18864.3 0.191142
18864.6 0.191112
18865 0.191083
18865.4 0.191053
18865.7 0.191023
18866.1 0.190994
18866.5 0.190964
18866.8 0.190934
18867.2 0.190905
18867.6 0.190875
18867.9 0.190846
18868.3 0.190816
18868.7 0.190786
18869 0.190757
18869.4 0.190727
18869.8 0.190698
18870.1 0.190668
18870.5 0.190638
18870.8 0.190609
18871.2 0.190579
18871.6 0.19055
18871.9 0.19052
18872.3 0.190491
18872.7 0.190461
18873 0.190432
18873.4 0.190402
18873.8 0.190373
18874.1 0.190343
18874.5 0.190314
18874.9 0.190284
18875.2 0.190255
18875.6 0.190225
18876 0.190196
18876.3 0.190166
18876.7 0.190137
18877.1 0.190108
18877.4 0.190078
18877.8 0.190049
18878.2 0.190019
18878.5 0.18999
18878.9 0.189961
18879.3 0.189931
18879.6 0.189902
18880 0.189872
18880.4 0.189843
18880.7 0.189814
18881.1 0.189784
18881.5 0.189755
18881.8 0.189726
18882.2 0.189696
18882.6 0.189667
18882.9 0.189637
18883.3 0.189608
18883.7 0.189579
18884 0.18955
18884.4 0.18952
18884.8 0.189491
18885.1 0.189462
18885.5 0.189432
18885.9 0.189403
18886.2 0.189374
18886.6 0.189344
18887 0.189315
18887.3 0.189286
18887.7 0.189257
18888.1 0.189227
18888.4 0.189198
18888.8 0.189169
18889.2 0.18914
18889.5 0.189111
18889.9 0.189081
18890.3 0.189052
18890.6 0.189023
18891 0.188994
18891.4 0.188965
18891.7 0.188935
18892.1 0.188906
18892.5 0.188877
18892.8 0.188848
18893.2 0.188819
18893.6 0.18879
18893.9 0.18876
18894.3 0.188731
18894.7 0.188702
18895 0.188673
18895.4 0.188644
18895.8 0.188615
18896.1 0.188586
18896.5 0.188557
18896.8 0.188528
18897.2 0.188499
18897.6 0.188469
18897.9 0.18844
18898.3 0.188411
18898.7 0.188382
18899 0.188353
18899.4 0.188324
18899.8 0.188295
18900.1 0.188266
18900.5 0.188237
18900.9 0.188208
18901.2 0.188179
18901.6 0.18815
18902 0.188121
18902.3 0.188092
18902.7 0.188063
18903.1 0.188034
18903.4 0.188005
18903.8 0.187976
18904.2 0.187947
18904.5 0.187918
18904.9 0.187889
18905.3 0.18786
18905.6 0.187831
18906 0.187803
18906.4 0.187774
18906.7 0.187745
18907.1 0.187716
18907.5 0.187687
18907.8 0.187658
18908.2 0.187629
18908.6 0.1876
18908.9 0.187571
18909.3 0.187542
18909.7 0.187514
18910 0.187485
18910.4 0.187456
18910.8 0.187427
18911.1 0.187398
18911.5 0.187369
18911.9 0.187341
18912.2 0.187312
18912.6 0.187283
18913 0.187254
18913.3 0.187225
18913.7 0.187197
18914.1 0.187168
18914.4 0.187139
18914.8 0.18711
18915.2 0.187081
18915.5 0.187053
18915.9 0.187024
18916.3 0.186995
18916.6 0.186966
18917 0.186938
18917.4 0.186909
18917.7 0.18688
18918.1 0.186851
18918.5 0.186823
18918.8 0.186794
18919.2 0.186765
18919.6 0.186737
18919.9 0.186708
18920.3 0.186679
18920.7 0.186651
18921 0.186622
18921.4 0.186593
18921.8 0.186565
18922.1 0.186536
18922.5 0.186507
18922.8 0.186479
18923.2 0.18645
18923.6 0.186422
18923.9 0.186393
18924.3 0.186364
18924.7 0.186336
18925 0.186307
18925.4 0.186279
18925.8 0.18625
18926.1 0.186221
18926.5 0.186193
18926.9 0.186164
18927.2 0.186136
18927.6 0.186107
18928 0.186079
18928.3 0.18605
18928.7 0.186022
18929.1 0.185993
18929.4 0.185964
18929.8 0.185936
18930.2 0.185907
18930.5 0.185879
18930.9 0.18585
18931.3 0.185822
18931.6 0.185793
18932 0.185765
18932.4 0.185737
18932.7 0.185708
18933.1 0.18568
18933.5 0.185651
18933.8 0.185623
18934.2 0.185594
18934.6 0.185566
18934.9 0.185537
18935.3 0.185509
18935.7 0.18548
18936 0.185452
18936.4 0.185424
18936.8 0.185395
18937.1 0.185367
18937.5 0.185339
18937.9 0.18531
18938.2 0.185282
18938.6 0.185253
18939 0.185225
18939.3 0.185197
18939.7 0.185168
18940.1 0.18514
18940.4 0.185112
18940.8 0.185083
18941.2 0.185055
18941.5 0.185027
18941.9 0.184998
18942.3 0.18497
18942.6 0.184942
18943 0.184914
18943.4 0.184885
18943.7 0.184857
18944.1 0.184829
18944.5 0.1848
18944.8 0.184772
18945.2 0.184744
18945.6 0.184716
18945.9 0.184687
18946.3 0.184659
18946.7 0.184631
18947 0.184603
18947.4 0.184575
18947.8 0.184546
18948.1 0.184518
18948.5 0.18449
18948.9 0.184462
18949.2 0.184434
18949.6 0.184405
18949.9 0.184377
18950.3 0.184349
18950.7 0.184321
18951 0.184293
18951.4 0.184265
18951.8 0.184236
18952.1 0.184208
18952.5 0.18418
18952.9 0.184152
18953.2 0.184124
18953.6 0.184096
18954 0.184068
18954.3 0.18404
18954.7 0.184012
18955.1 0.183983
18955.4 0.183955
18955.8 0.183927
18956.2 0.183899
18956.5 0.183871
18956.9 0.183843
18957.3 0.183815
18957.6 0.183787
18958 0.183759
18958.4 0.183731
18958.7 0.183703
18959.1 0.183675
18959.5 0.183647
18959.8 0.183619
18960.2 0.183591
18960.6 0.183563
18960.9 0.183535
18961.3 0.183507
18961.7 0.183479
18962 0.183451
18962.4 0.183423
18962.8 0.183395
18963.1 0.183367
18963.5 0.183339
18963.9 0.183311
18964.2 0.183283
18964.6 0.183255
18965 0.183227
18965.3 0.1832
18965.7 0.183172
18966.1 0.183144
18966.4 0.183116
18966.8 0.183088
18967.2 0.18306
18967.5 0.183032
18967.9 0.183004
18968.3 0.182976
18968.6 0.182949
18969 0.182921
18969.4 0.182893
18969.7 0.182865
18970.1 0.182837
18970.5 0.182809
18970.8 0.182782
18971.2 0.182754
18971.6 0.182726
18971.9 0.182698
18972.3 0.18267
18972.7 0.182643
18973 0.182615
18973.4 0.182587
18973.8 0.182559
18974.1 0.182531
18974.5 0.182504
18974.9 0.182476
18975.2 0.182448
18975.6 0.18242
18976 0.182393
18976.3 0.182365
18976.7 0.182337
18977 0.18231
18977.4 0.182282
18977.8 0.182254
18978.1 0.182226
18978.5 0.182199
18978.9 0.182171
18979.2 0.182143
18979.6 0.182116
18980 0.182088
18980.3 0.18206
18980.7 0.182033
18981.1 0.182005
18981.4 0.181977
18981.8 0.18195
18982.2 0.181922
18982.5 0.181894
18982.9 0.181867
18983.3 0.181839
18983.6 0.181812
18984 0.181784
18984.4 0.181756
18984.7 0.181729
18985.1 0.181701
18985.5 0.181674
18985.8 0.181646
18986.2 0.181618
18986.6 0.181591
18986.9 0.181563
18987.3 0.181536
18987.7 0.181508
18988 0.181481
18988.4 0.181453
18988.8 0.181426
18989.1 0.181398
18989.5 0.181371
18989.9 0.181343
18990.2 0.181316
18990.6 0.181288
18991 0.181261
18991.3 0.181233
18991.7 0.181206
18992.1 0.181178
18992.4 0.181151
18992.8 0.181123
18993.2 0.181096
18993.5 0.181068
18993.9 0.181041
18994.3 0.181013
18994.6 0.180986
18995 0.180959
18995.4 0.180931
18995.7 0.180904
18996.1 0.180876
18996.5 0.180849
18996.8 0.180822
18997.2 0.180794
18997.6 0.180767
18997.9 0.180739
18998.3 0.180712
18998.7 0.180685
18999 0.180657
18999.4 0.18063
18999.8 0.180603
19000.1 0.180575
19000.5 0.180548
19000.9 0.180521
19001.2 0.180493
19001.6 0.180466
19002 0.180439
19002.3 0.180411
19002.7 0.180384
19003.1 0.180357
19003.4 0.18033
19003.8 0.180302
19004.1 0.180275
19004.5 0.180248
19004.9 0.18022
19005.2 0.180193
19005.6 0.180166
19006 0.180139
19006.3 0.180111
19006.7 0.180084
19007.1 0.180057
19007.4 0.18003
19007.8 0.180003
19008.2 0.179975
19008.5 0.179948
19008.9 0.179921
19009.3 0.179894
19009.6 0.179867
19010 0.179839
19010.4 0.179812
19010.7 0.179785
19011.1 0.179758
19011.5 0.179731
19011.8 0.179703
19012.2 0.179676
19012.6 0.179649
19012.9 0.179622
19013.3 0.179595
19013.7 0.179568
19014 0.179541
19014.4 0.179514
19014.8 0.179486
19015.1 0.179459
19015.5 0.179432
19015.9 0.179405
19016.2 0.179378
19016.6 0.179351
19017 0.179324
19017.3 0.179297
19017.7 0.17927
19018.1 0.179243
19018.4 0.179216
19018.8 0.179189
19019.2 0.179162
19019.5 0.179135
19019.9 0.179108
19020.3 0.179081
19020.6 0.179054
19021 0.179027
19021.4 0.179
19021.7 0.178973
19022.1 0.178946
19022.5 0.178919
19022.8 0.178892
19023.2 0.178865
19023.6 0.178838
19023.9 0.178811
19024.3 0.178784
19024.7 0.178757
19025 0.17873
19025.4 0.178703
19025.8 0.178676
19026.1 0.178649
19026.5 0.178622
19026.9 0.178595
19027.2 0.178568
19027.6 0.178542
19028 0.178515
19028.3 0.178488
19028.7 0.178461
19029.1 0.178434
19029.4 0.178407
19029.8 0.17838
19030.2 0.178353
19030.5 0.178327
19030.9 0.1783
19031.2 0.178273
19031.6 0.178246
19032 0.178219
19032.3 0.178192
19032.7 0.178166
19033.1 0.178139
19033.4 0.178112
19033.8 0.178085
19034.2 0.178058
19034.5 0.178032
19034.9 0.178005
19035.3 0.177978
19035.6 0.177951
19036 0.177924
19036.4 0.177898
19036.7 0.177871
19037.1 0.177844
19037.5 0.177817
19037.8 0.177791
19038.2 0.177764
19038.6 0.177737
19038.9 0.177711
19039.3 0.177684
19039.7 0.177657
19040 0.17763
19040.4 0.177604
19040.8 0.177577
19041.1 0.17755
19041.5 0.177524
19041.9 0.177497
19042.2 0.17747
19042.6 0.177444
19043 0.177417
19043.3 0.17739
19043.7 0.177364
19044.1 0.177337
19044.4 0.17731
19044.8 0.177284
19045.2 0.177257
19045.5 0.177231
19045.9 0.177204
19046.3 0.177177
19046.6 0.177151
19047 0.177124
19047.4 0.177098
19047.7 0.177071
19048.1 0.177045
19048.5 0.177018
19048.8 0.176991
19049.2 0.176965
19049.6 0.176938
19049.9 0.176912
19050.3 0.176885
19050.7 0.176859
19051 0.176832
19051.4 0.176805
19051.8 0.176779
19052.1 0.176752
19052.5 0.176726
19052.9 0.176699
19053.2 0.176673
19053.6 0.176646
19054 0.17662
19054.3 0.176593
19054.7 0.176567
19055.1 0.176541
19055.4 0.176514
19055.8 0.176488
19056.2 0.176461
19056.5 0.176435
19056.9 0.176408
19057.3 0.176382
19057.6 0.176356
19058 0.176329
19058.3 0.176303
19058.7 0.176276
19059.1 0.17625
19059.4 0.176223
19059.8 0.176197
19060.2 0.176171
19060.5 0.176144
19060.9 0.176118
19061.3 0.176092
19061.6 0.176065
19062 0.176039
19062.4 0.176012
19062.7 0.175986
19063.1 0.17596
19063.5 0.175933
19063.8 0.175907
19064.2 0.175881
19064.6 0.175854
19064.9 0.175828
19065.3 0.175802
19065.7 0.175776
19066 0.175749
19066.4 0.175723
19066.8 0.175697
19067.1 0.17567
19067.5 0.175644
19067.9 0.175618
19068.2 0.175592
19068.6 0.175565
19069 0.175539
19069.3 0.175513
19069.7 0.175487
19070.1 0.17546
19070.4 0.175434
19070.8 0.175408
19071.2 0.175382
19071.5 0.175356
19071.9 0.175329
19072.3 0.175303
19072.6 0.175277
19073 0.175251
19073.4 0.175224
19073.7 0.175198
19074.1 0.175172
19074.5 0.175146
19074.8 0.17512
19075.2 0.175094
19075.6 0.175067
19075.9 0.175041
19076.3 0.175015
19076.7 0.174989
19077 0.174963
19077.4 0.174937
19077.8 0.174911
19078.1 0.174885
19078.5 0.174858
19078.9 0.174832
19079.2 0.174806
19079.6 0.17478
19080 0.174754
19080.3 0.174728
19080.7 0.174702
19081.1 0.174676
19081.4 0.17465
19081.8 0.174624
19082.2 0.174598
19082.5 0.174572
19082.9 0.174546
19083.3 0.17452
19083.6 0.174494
19084 0.174468
19084.3 0.174442
19084.7 0.174416
19085.1 0.17439
19085.4 0.174364
19085.8 0.174338
19086.2 0.174312
19086.5 0.174286
19086.9 0.17426
19087.3 0.174234
19087.6 0.174208
19088 0.174182
19088.4 0.174156
19088.7 0.17413
19089.1 0.174104
19089.5 0.174078
19089.8 0.174052
19090.2 0.174026
19090.6 0.174
19090.9 0.173974
19091.3 0.173948
19091.7 0.173922
19092 0.173897
19092.4 0.173871
19092.8 0.173845
19093.1 0.173819
19093.5 0.173793
19093.9 0.173767
19094.2 0.173741
19094.6 0.173715
19095 0.17369
19095.3 0.173664
19095.7 0.173638
19096.1 0.173612
19096.4 0.173586
19096.8 0.17356
19097.2 0.173535
19097.5 0.173509
19097.9 0.173483
19098.3 0.173457
19098.6 0.173431
19099 0.173405
19099.4 0.17338
19099.7 0.173354
19100.1 0.173328
19100.5 0.173302
19100.8 0.173277
19101.2 0.173251
19101.6 0.173225
19101.9 0.173199
19102.3 0.173174
19102.7 0.173148
19103 0.173122
19103.4 0.173096
19103.8 0.173071
19104.1 0.173045
19104.5 0.173019
19104.9 0.172993
19105.2 0.172968
19105.6 0.172942
19106 0.172916
19106.3 0.172891
19106.7 0.172865
19107.1 0.172839
19107.4 0.172814
19107.8 0.172788
19108.2 0.172762
19108.5 0.172737
19108.9 0.172711
19109.3 0.172685
19109.6 0.17266
19110 0.172634
19110.3 0.172609
19110.7 0.172583
19111.1 0.172557
19111.4 0.172532
19111.8 0.172506
19112.2 0.172481
19112.5 0.172455
19112.9 0.172429
19113.3 0.172404
19113.6 0.172378
19114 0.172353
19114.4 0.172327
19114.7 0.172302
19115.1 0.172276
19115.5 0.17225
19115.8 0.172225
19116.2 0.172199
19116.6 0.172174
19116.9 0.172148
19117.3 0.172123
19117.7 0.172097
19118 0.172072
19118.4 0.172046
19118.8 0.172021
19119.1 0.171995
19119.5 0.17197
19119.9 0.171944
19120.2 0.171919
19120.6 0.171893
19121 0.171868
19121.3 0.171842
19121.7 0.171817
19122.1 0.171792
19122.4 0.171766
19122.8 0.171741
19123.2 0.171715
19123.5 0.17169
19123.9 0.171664
19124.3 0.171639
19124.6 0.171614
19125 0.171588
19125.4 0.171563
19125.7 0.171537
19126.1 0.171512
19126.5 0.171487
19126.8 0.171461
19127.2 0.171436
19127.6 0.17141
19127.9 0.171385
19128.3 0.17136
19128.7 0.171334
19129 0.171309
19129.4 0.171284
19129.8 0.171258
19130.1 0.171233
19130.5 0.171208
19130.9 0.171182
19131.2 0.171157
19131.6 0.171132
19132 0.171106
19132.3 0.171081
19132.7 0.171056
19133.1 0.171031
19133.4 0.171005
19133.8 0.17098
19134.2 0.170955
19134.5 0.170929
19134.9 0.170904
19135.3 0.170879
19135.6 0.170854
19136 0.170828
19136.4 0.170803
19136.7 0.170778
19137.1 0.170753
19137.4 0.170728
19137.8 0.170702
19138.2 0.170677
19138.5 0.170652
19138.9 0.170627
19139.3 0.170602
19139.6 0.170576
19140 0.170551
19140.4 0.170526
19140.7 0.170501
19141.1 0.170476
19141.5 0.17045
19141.8 0.170425
19142.2 0.1704
19142.6 0.170375
19142.9 0.17035
19143.3 0.170325
19143.7 0.1703
19144 0.170274
19144.4 0.170249
19144.8 0.170224
19145.1 0.170199
19145.5 0.170174
19145.9 0.170149
19146.2 0.170124
19146.6 0.170099
19147 0.170074
19147.3 0.170048
19147.7 0.170024
19148.1 0.169998
19148.4 0.169973
19148.8 0.169948
19149.2 0.169923
19149.5 0.169898
19149.9 0.169873
19150.3 0.169848
19150.6 0.169823
19151 0.169798
19151.4 0.169773
19151.7 0.169748
19152.1 0.169723
19152.5 0.169698
19152.8 0.169673
19153.2 0.169648
19153.6 0.169623
19153.9 0.169598
19154.3 0.169573
19154.7 0.169548
19155 0.169523
19155.4 0.169498
19155.8 0.169473
19156.1 0.169448
19156.5 0.169423
19156.9 0.169398
19157.2 0.169373
19157.6 0.169348
19158 0.169324
19158.3 0.169299
19158.7 0.169274
19159.1 0.169249
19159.4 0.169224
19159.8 0.169199
19160.2 0.169174
19160.5 0.169149
19160.9 0.169124
19161.3 0.169099
19161.6 0.169075
19162 0.16905
19162.4 0.169025
19162.7 0.169
19163.1 0.168975
19163.5 0.16895
19163.8 0.168926
19164.2 0.168901
19164.5 0.168876
19164.9 0.168851
19165.3 0.168826
19165.6 0.168801
19166 0.168777
19166.4 0.168752
19166.7 0.168727
19167.1 0.168702
19167.5 0.168677
19167.8 0.168653
19168.2 0.168628
19168.6 0.168603
19168.9 0.168578
19169.3 0.168554
19169.7 0.168529
19170 0.168504
19170.4 0.168479
19170.8 0.168455
19171.1 0.16843
19171.5 0.168405
19171.9 0.16838
19172.2 0.168356
19172.6 0.168331
19173 0.168306
19173.3 0.168281
19173.7 0.168257
19174.1 0.168232
19174.4 0.168207
19174.8 0.168183
19175.2 0.168158
19175.5 0.168133
19175.9 0.168109
19176.3 0.168084
19176.6 0.168059
19177 0.168035
19177.4 0.16801
19177.7 0.167985
19178.1 0.167961
19178.5 0.167936
19178.8 0.167912
19179.2 0.167887
19179.6 0.167862
19179.9 0.167838
19180.3 0.167813
19180.7 0.167789
19181 0.167764
19181.4 0.167739
19181.8 0.167715
19182.1 0.16769
19182.5 0.167666
19182.9 0.167641
19183.2 0.167616
19183.6 0.167592
19184 0.167567
19184.3 0.167543
19184.7 0.167518
19185.1 0.167494
19185.4 0.167469
19185.8 0.167445
19186.2 0.16742
19186.5 0.167396
19186.9 0.167371
19187.3 0.167347
19187.6 0.167322
19188 0.167298
19188.4 0.167273
19188.7 0.167249
19189.1 0.167224
19189.5 0.1672
19189.8 0.167175
19190.2 0.167151
19190.6 0.167126
19190.9 0.167102
19191.3 0.167077
19191.6 0.167053
19192 0.167028
19192.4 0.167004
19192.7 0.16698
19193.1 0.166955
19193.5 0.166931
19193.8 0.166906
19194.2 0.166882
19194.6 0.166858
19194.9 0.166833
19195.3 0.166809
19195.7 0.166784
19196 0.16676
19196.4 0.166736
19196.8 0.166711
19197.1 0.166687
19197.5 0.166662
19197.9 0.166638
19198.2 0.166614
19198.6 0.166589
19199 0.166565
19199.3 0.166541
19199.7 0.166516
19200.1 0.166492
19200.4 0.166468
19200.8 0.166443
19201.2 0.166419
19201.5 0.166395
19201.9 0.166371
19202.3 0.166346
19202.6 0.166322
19203 0.166298
19203.4 0.166273
19203.7 0.166249
19204.1 0.166225
19204.5 0.166201
19204.8 0.166176
19205.2 0.166152
19205.6 0.166128
19205.9 0.166103
19206.3 0.166079
19206.7 0.166055
19207 0.166031
19207.4 0.166007
19207.8 0.165982
19208.1 0.165958
19208.5 0.165934
19208.9 0.16591
19209.2 0.165886
19209.6 0.165861
19210 0.165837
19210.3 0.165813
19210.7 0.165789
19211.1 0.165765
19211.4 0.16574
19211.8 0.165716
19212.2 0.165692
19212.5 0.165668
19212.9 0.165644
19213.3 0.16562
19213.6 0.165596
19214 0.165571
19214.4 0.165547
19214.7 0.165523
19215.1 0.165499
19215.5 0.165475
19215.8 0.165451
19216.2 0.165427
19216.6 0.165403
19216.9 0.165378
19217.3 0.165354
19217.7 0.16533
19218 0.165306
19218.4 0.165282
19218.7 0.165258
19219.1 0.165234
19219.5 0.16521
19219.8 0.165186
19220.2 0.165162
19220.6 0.165138
19220.9 0.165114
19221.3 0.16509
19221.7 0.165066
19222 0.165042
19222.4 0.165018
19222.8 0.164994
19223.1 0.16497
19223.5 0.164946
19223.9 0.164922
19224.2 0.164898
19224.6 0.164874
19225 0.16485
19225.3 0.164826
19225.7 0.164802
19226.1 0.164778
19226.4 0.164754
19226.8 0.16473
19227.2 0.164706
19227.5 0.164682
19227.9 0.164658
19228.3 0.164634
19228.6 0.16461
19229 0.164586
19229.4 0.164562
19229.7 0.164538
19230.1 0.164515
19230.5 0.164491
19230.8 0.164467
19231.2 0.164443
19231.6 0.164419
19231.9 0.164395
19232.3 0.164371
19232.7 0.164347
19233 0.164323
19233.4 0.1643
19233.8 0.164276
19234.1 0.164252
19234.5 0.164228
19234.9 0.164204
19235.2 0.16418
19235.6 0.164156
19236 0.164133
19236.3 0.164109
19236.7 0.164085
19237.1 0.164061
19237.4 0.164037
19237.8 0.164014
19238.2 0.16399
19238.5 0.163966
19238.9 0.163942
19239.3 0.163918
19239.6 0.163895
19240 0.163871
19240.4 0.163847
19240.7 0.163823
19241.1 0.163799
19241.5 0.163776
19241.8 0.163752
19242.2 0.163728
19242.6 0.163704
19242.9 0.163681
19243.3 0.163657
19243.7 0.163633
19244 0.16361
19244.4 0.163586
19244.8 0.163562
19245.1 0.163538
19245.5 0.163515
19245.8 0.163491
19246.2 0.163467
19246.6 0.163444
19246.9 0.16342
19247.3 0.163396
19247.7 0.163373
19248 0.163349
19248.4 0.163325
19248.8 0.163302
19249.1 0.163278
19249.5 0.163254
19249.9 0.163231
19250.2 0.163207
19250.6 0.163183
19251 0.16316
19251.3 0.163136
19251.7 0.163113
19252.1 0.163089
19252.4 0.163065
19252.8 0.163042
19253.2 0.163018
19253.5 0.162994
19253.9 0.162971
19254.3 0.162947
19254.6 0.162924
19255 0.1629
19255.4 0.162877
19255.7 0.162853
19256.1 0.162829
19256.5 0.162806
19256.8 0.162782
19257.2 0.162759
19257.6 0.162735
19257.9 0.162712
19258.3 0.162688
19258.7 0.162665
19259 0.162641
19259.4 0.162618
19259.8 0.162594
19260.1 0.162571
19260.5 0.162547
19260.9 0.162524
19261.2 0.1625
19261.6 0.162477
19262 0.162453
19262.3 0.16243
19262.7 0.162406
19263.1 0.162383
19263.4 0.162359
19263.8 0.162336
19264.2 0.162312
19264.5 0.162289
19264.9 0.162266
19265.3 0.162242
19265.6 0.162219
19266 0.162195
19266.4 0.162172
19266.7 0.162148
19267.1 0.162125
19267.5 0.162102
19267.8 0.162078
19268.2 0.162055
19268.6 0.162031
19268.9 0.162008
19269.3 0.161985
19269.7 0.161961
19270 0.161938
19270.4 0.161914
19270.8 0.161891
19271.1 0.161868
19271.5 0.161844
19271.8 0.161821
19272.2 0.161798
19272.6 0.161774
19272.9 0.161751
19273.3 0.161728
19273.7 0.161704
19274 0.161681
19274.4 0.161658
19274.8 0.161634
19275.1 0.161611
19275.5 0.161588
19275.9 0.161565
19276.2 0.161541
19276.6 0.161518
19277 0.161495
19277.3 0.161471
19277.7 0.161448
19278.1 0.161425
19278.4 0.161402
19278.8 0.161378
19279.2 0.161355
19279.5 0.161332
19279.9 0.161309
19280.3 0.161285
19280.6 0.161262
19281 0.161239
19281.4 0.161216
19281.7 0.161192
19282.1 0.161169
19282.5 0.161146
19282.8 0.161123
19283.2 0.1611
19283.6 0.161076
19283.9 0.161053
19284.3 0.16103
19284.7 0.161007
19285 0.160984
19285.4 0.160961
19285.8 0.160937
19286.1 0.160914
19286.5 0.160891
19286.9 0.160868
19287.2 0.160845
19287.6 0.160822
19288 0.160798
19288.3 0.160775
19288.7 0.160752
19289.1 0.160729
19289.4 0.160706
19289.8 0.160683
19290.2 0.16066
19290.5 0.160637
19290.9 0.160613
19291.3 0.16059
19291.6 0.160567
19292 0.160544
19292.4 0.160521
19292.7 0.160498
19293.1 0.160475
19293.5 0.160452
19293.8 0.160429
19294.2 0.160406
19294.6 0.160383
19294.9 0.16036
19295.3 0.160337
19295.7 0.160314
19296 0.160291
19296.4 0.160268
19296.8 0.160245
19297.1 0.160222
19297.5 0.160198
19297.8 0.160176
19298.2 0.160152
19298.6 0.16013
19298.9 0.160106
19299.3 0.160084
19299.7 0.16006
19300 0.160038
19300.4 0.160015
19300.8 0.159992
19301.1 0.159969
19301.5 0.159946
19301.9 0.159923
19302.2 0.1599
19302.6 0.159877
19303 0.159854
19303.3 0.159831
19303.7 0.159808
19304.1 0.159785
19304.4 0.159762
19304.8 0.159739
19305.2 0.159716
19305.5 0.159693
19305.9 0.159671
19306.3 0.159648
19306.6 0.159625
19307 0.159602
19307.4 0.159579
19307.7 0.159556
19308.1 0.159533
19308.5 0.15951
19308.8 0.159487
19309.2 0.159465
19309.6 0.159442
19309.9 0.159419
19310.3 0.159396
19310.7 0.159373
19311 0.15935
19311.4 0.159327
19311.8 0.159305
19312.1 0.159282
19312.5 0.159259
19312.9 0.159236
19313.2 0.159213
19313.6 0.159191
19314 0.159168
19314.3 0.159145
19314.7 0.159122
19315.1 0.159099
19315.4 0.159077
19315.8 0.159054
19316.2 0.159031
19316.5 0.159008
19316.9 0.158986
19317.3 0.158963
19317.6 0.15894
19318 0.158917
19318.4 0.158895
19318.7 0.158872
19319.1 0.158849
19319.5 0.158826
19319.8 0.158804
19320.2 0.158781
19320.6 0.158758
19320.9 0.158735
19321.3 0.158713
19321.7 0.15869
19322 0.158667
19322.4 0.158645
19322.8 0.158622
19323.1 0.158599
19323.5 0.158577
19323.9 0.158554
19324.2 0.158531
19324.6 0.158509
19324.9 0.158486
19325.3 0.158463
19325.7 0.158441
19326 0.158418
19326.4 0.158395
19326.8 0.158373
19327.1 0.15835
19327.5 0.158327
19327.9 0.158305
19328.2 0.158282
19328.6 0.15826
19329 0.158237
19329.3 0.158214
19329.7 0.158192
19330.1 0.158169
19330.4 0.158147
19330.8 0.158124
19331.2 0.158101
19331.5 0.158079
19331.9 0.158056
19332.3 0.158034
19332.6 0.158011
19333 0.157989
19333.4 0.157966
19333.7 0.157944
19334.1 0.157921
19334.5 0.157898
19334.8 0.157876
19335.2 0.157853
19335.6 0.157831
19335.9 0.157808
19336.3 0.157786
19336.7 0.157763
19337 0.157741
19337.4 0.157718
19337.8 0.157696
19338.1 0.157673
19338.5 0.157651
19338.9 0.157628
19339.2 0.157606
19339.6 0.157583
19340 0.157561
19340.3 0.157538
19340.7 0.157516
19341.1 0.157494
19341.4 0.157471
19341.8 0.157449
19342.2 0.157426
19342.5 0.157404
19342.9 0.157381
19343.3 0.157359
19343.6 0.157336
19344 0.157314
19344.4 0.157292
19344.7 0.157269
19345.1 0.157247
19345.5 0.157224
19345.8 0.157202
19346.2 0.15718
19346.6 0.157157
19346.9 0.157135
19347.3 0.157112
19347.7 0.15709
19348 0.157068
19348.4 0.157045
19348.8 0.157023
19349.1 0.157001
19349.5 0.156978
19349.9 0.156956
19350.2 0.156934
19350.6 0.156911
19351 0.156889
19351.3 0.156867
19351.7 0.156844
19352 0.156822
19352.4 0.1568
19352.8 0.156777
19353.1 0.156755
19353.5 0.156733
19353.9 0.15671
19354.2 0.156688
19354.6 0.156666
19355 0.156644
19355.3 0.156621
19355.7 0.156599
19356.1 0.156577
19356.4 0.156555
19356.8 0.156532
19357.2 0.15651
19357.5 0.156488
19357.9 0.156466
19358.3 0.156443
19358.6 0.156421
19359 0.156399
19359.4 0.156377
19359.7 0.156354
19360.1 0.156332
19360.5 0.15631
19360.8 0.156288
19361.2 0.156265
19361.6 0.156243
19361.9 0.156221
19362.3 0.156199
19362.7 0.156177
19363 0.156155
19363.4 0.156132
19363.8 0.15611
19364.1 0.156088
19364.5 0.156066
19364.9 0.156044
19365.2 0.156022
19365.6 0.155999
19366 0.155977
19366.3 0.155955
19366.7 0.155933
19367.1 0.155911
19367.4 0.155889
19367.8 0.155867
19368.2 0.155845
19368.5 0.155822
19368.9 0.1558
19369.3 0.155778
19369.6 0.155756
19370 0.155734
19370.4 0.155712
19370.7 0.15569
19371.1 0.155668
19371.5 0.155646
19371.8 0.155624
19372.2 0.155601
19372.6 0.155579
19372.9 0.155557
19373.3 0.155535
19373.7 0.155513
19374 0.155491
19374.4 0.155469
19374.8 0.155447
19375.1 0.155425
19375.5 0.155403
19375.9 0.155381
19376.2 0.155359
19376.6 0.155337
19377 0.155315
19377.3 0.155293
19377.7 0.155271
19378.1 0.155249
19378.4 0.155227
19378.8 0.155205
19379.1 0.155183
19379.5 0.155161
19379.9 0.155139
19380.2 0.155117
19380.6 0.155095
19381 0.155073
19381.3 0.155051
19381.7 0.155029
19382.1 0.155007
19382.4 0.154985
19382.8 0.154964
19383.2 0.154942
19383.5 0.15492
19383.9 0.154898
19384.3 0.154876
19384.6 0.154854
19385 0.154832
19385.4 0.15481
19385.7 0.154788
19386.1 0.154766
19386.5 0.154744
19386.8 0.154722
19387.2 0.154701
19387.6 0.154679
19387.9 0.154657
19388.3 0.154635
19388.7 0.154613
19389 0.154591
19389.4 0.154569
19389.8 0.154547
19390.1 0.154526
19390.5 0.154504
19390.9 0.154482
19391.2 0.15446
19391.6 0.154438
19392 0.154416
19392.3 0.154395
19392.7 0.154373
19393.1 0.154351
19393.4 0.154329
19393.8 0.154307
19394.2 0.154286
19394.5 0.154264
19394.9 0.154242
19395.3 0.15422
19395.6 0.154198
19396 0.154177
19396.4 0.154155
19396.7 0.154133
19397.1 0.154111
19397.5 0.15409
19397.8 0.154068
19398.2 0.154046
19398.6 0.154024
19398.9 0.154003
19399.3 0.153981
19399.7 0.153959
19400 0.153937
19400.4 0.153916
19400.8 0.153894
19401.1 0.153872
19401.5 0.153851
19401.9 0.153829
19402.2 0.153807
19402.6 0.153786
19403 0.153764
19403.3 0.153742
19403.7 0.15372
19404.1 0.153699
19404.4 0.153677
19404.8 0.153655
19405.2 0.153634
19405.5 0.153612
19405.9 0.15359
19406.2 0.153569
19406.6 0.153547
19407 0.153525
19407.3 0.153504
19407.7 0.153482
19408.1 0.153461
19408.4 0.153439
19408.8 0.153417
19409.2 0.153396
19409.5 0.153374
19409.9 0.153352
19410.3 0.153331
19410.6 0.153309
19411 0.153288
19411.4 0.153266
19411.7 0.153244
19412.1 0.153223
19412.5 0.153201
19412.8 0.15318
19413.2 0.153158
19413.6 0.153137
19413.9 0.153115
19414.3 0.153093
19414.7 0.153072
19415 0.15305
19415.4 0.153029
19415.8 0.153007
19416.1 0.152986
19416.5 0.152964
19416.9 0.152943
19417.2 0.152921
19417.6 0.1529
19418 0.152878
19418.3 0.152857
19418.7 0.152835
19419.1 0.152814
19419.4 0.152792
19419.8 0.152771
19420.2 0.152749
19420.5 0.152728
19420.9 0.152706
19421.3 0.152685
19421.6 0.152663
19422 0.152642
19422.4 0.15262
19422.7 0.152599
19423.1 0.152577
19423.5 0.152556
19423.8 0.152535
19424.2 0.152513
19424.6 0.152492
19424.9 0.15247
19425.3 0.152449
19425.7 0.152427
19426 0.152406
19426.4 0.152385
19426.8 0.152363
19427.1 0.152342
19427.5 0.15232
19427.9 0.152299
19428.2 0.152278
19428.6 0.152256
19429 0.152235
19429.3 0.152213
19429.7 0.152192
19430.1 0.152171
19430.4 0.152149
19430.8 0.152128
19431.2 0.152107
19431.5 0.152085
19431.9 0.152064
19432.3 0.152042
19432.6 0.152021
19433 0.152
19433.3 0.151979
19433.7 0.151957
19434.1 0.151936
19434.4 0.151914
19434.8 0.151893
19435.2 0.151872
19435.5 0.151851
19435.9 0.151829
19436.3 0.151808
19436.6 0.151787
19437 0.151765
19437.4 0.151744
19437.7 0.151723
19438.1 0.151702
19438.5 0.15168
19438.8 0.151659
19439.2 0.151638
19439.6 0.151617
19439.9 0.151595
19440.3 0.151574
19440.7 0.151553
19441 0.151532
19441.4 0.15151
19441.8 0.151489
19442.1 0.151468
19442.5 0.151447
19442.9 0.151425
19443.2 0.151404
19443.6 0.151383
19444 0.151362
19444.3 0.151341
19444.7 0.151319
19445.1 0.151298
19445.4 0.151277
19445.8 0.151256
19446.2 0.151235
19446.5 0.151213
19446.9 0.151192
19447.3 0.151171
19447.6 0.15115
19448 0.151129
19448.4 0.151108
19448.7 0.151086
19449.1 0.151065
19449.5 0.151044
19449.8 0.151023
19450.2 0.151002
19450.6 0.150981
19450.9 0.15096
19451.3 0.150939
19451.7 0.150917
19452 0.150896
19452.4 0.150875
19452.8 0.150854
19453.1 0.150833
19453.5 0.150812
19453.9 0.150791
19454.2 0.15077
19454.6 0.150749
19455 0.150728
19455.3 0.150707
19455.7 0.150685
19456.1 0.150664
19456.4 0.150643
19456.8 0.150622
19457.2 0.150601
19457.5 0.15058
19457.9 0.150559
19458.3 0.150538
19458.6 0.150517
19459 0.150496
19459.3 0.150475
19459.7 0.150454
19460.1 0.150433
19460.4 0.150412
19460.8 0.150391
19461.2 0.15037
19461.5 0.150349
19461.9 0.150328
19462.3 0.150307
19462.6 0.150286
19463 0.150265
19463.4 0.150244
19463.7 0.150223
19464.1 0.150202
19464.5 0.150181
19464.8 0.15016
19465.2 0.150139
19465.6 0.150118
19465.9 0.150097
19466.3 0.150076
19466.7 0.150055
19467 0.150034
19467.4 0.150013
19467.8 0.149993
19468.1 0.149972
19468.5 0.149951
19468.9 0.14993
19469.2 0.149909
19469.6 0.149888
19470 0.149867
19470.3 0.149846
19470.7 0.149825
19471.1 0.149804
19471.4 0.149783
19471.8 0.149763
19472.2 0.149742
19472.5 0.149721
19472.9 0.1497
19473.3 0.149679
19473.6 0.149658
19474 0.149637
19474.4 0.149617
19474.7 0.149596
19475.1 0.149575
19475.5 0.149554
19475.8 0.149533
19476.2 0.149512
19476.6 0.149491
19476.9 0.149471
19477.3 0.14945
19477.7 0.149429
19478 0.149408
19478.4 0.149387
19478.8 0.149367
19479.1 0.149346
19479.5 0.149325
19479.9 0.149304
19480.2 0.149283
19480.6 0.149263
19481 0.149242
19481.3 0.149221
19481.7 0.1492
19482.1 0.149179
19482.4 0.149159
19482.8 0.149138
19483.2 0.149117
19483.5 0.149096
19483.9 0.149076
19484.3 0.149055
19484.6 0.149034
19485 0.149014
19485.3 0.148993
19485.7 0.148972
19486.1 0.148951
19486.4 0.148931
19486.8 0.14891
19487.2 0.148889
19487.5 0.148869
19487.9 0.148848
19488.3 0.148827
19488.6 0.148806
19489 0.148786
19489.4 0.148765
19489.7 0.148744
19490.1 0.148724
19490.5 0.148703
19490.8 0.148682
19491.2 0.148662
19491.6 0.148641
19491.9 0.14862
19492.3 0.1486
19492.7 0.148579
19493 0.148558
19493.4 0.148538
19493.8 0.148517
19494.1 0.148497
19494.5 0.148476
19494.9 0.148455
19495.2 0.148435
19495.6 0.148414
19496 0.148393
19496.3 0.148373
19496.7 0.148352
19497.1 0.148332
19497.4 0.148311
19497.8 0.14829
19498.2 0.14827
19498.5 0.148249
19498.9 0.148229
19499.3 0.148208
19499.6 0.148188
19500 0.148167
19500.4 0.148146
19500.7 0.148126
19501.1 0.148105
19501.5 0.148085
19501.8 0.148064
19502.2 0.148044
19502.6 0.148023
19502.9 0.148003
19503.3 0.147982
19503.7 0.147962
19504 0.147941
19504.4 0.147921
19504.8 0.1479
19505.1 0.14788
19505.5 0.147859
19505.9 0.147839
19506.2 0.147818
19506.6 0.147798
19507 0.147777
19507.3 0.147757
19507.7 0.147736
19508.1 0.147716
19508.4 0.147695
19508.8 0.147675
19509.2 0.147654
19509.5 0.147634
19509.9 0.147613
19510.3 0.147593
19510.6 0.147572
19511 0.147552
19511.4 0.147532
19511.7 0.147511
19512.1 0.147491
19512.4 0.14747
19512.8 0.14745
19513.2 0.14743
19513.5 0.147409
19513.9 0.147389
19514.3 0.147368
19514.6 0.147348
19515 0.147327
19515.4 0.147307
19515.7 0.147287
19516.1 0.147266
19516.5 0.147246
19516.8 0.147226
19517.2 0.147205
19517.6 0.147185
19517.9 0.147164
19518.3 0.147144
19518.7 0.147124
19519 0.147103
19519.4 0.147083
19519.8 0.147063
19520.1 0.147042
19520.5 0.147022
19520.9 0.147002
19521.2 0.146981
19521.6 0.146961
19522 0.146941
19522.3 0.14692
19522.7 0.1469
19523.1 0.14688
19523.4 0.14686
19523.8 0.146839
19524.2 0.146819
19524.5 0.146799
19524.9 0.146778
19525.3 0.146758
19525.6 0.146738
19526 0.146717
19526.4 0.146697
19526.7 0.146677
19527.1 0.146657
19527.5 0.146636
19527.8 0.146616
19528.2 0.146596
19528.6 0.146576
19528.9 0.146555
19529.3 0.146535
19529.7 0.146515
19530 0.146495
19530.4 0.146474
19530.8 0.146454
19531.1 0.146434
19531.5 0.146414
19531.9 0.146394
19532.2 0.146373
19532.6 0.146353
19533 0.146333
19533.3 0.146313
19533.7 0.146293
19534.1 0.146272
19534.4 0.146252
19534.8 0.146232
19535.2 0.146212
19535.5 0.146192
19535.9 0.146172
19536.3 0.146151
19536.6 0.146131
19537 0.146111
19537.4 0.146091
19537.7 0.146071
19538.1 0.146051
19538.5 0.146031
19538.8 0.14601
19539.2 0.14599
19539.5 0.14597
19539.9 0.14595
19540.3 0.14593
19540.6 0.14591
19541 0.14589
19541.4 0.14587
19541.7 0.145849
19542.1 0.145829
19542.5 0.145809
19542.8 0.145789
19543.2 0.145769
19543.6 0.145749
19543.9 0.145729
19544.3 0.145709
19544.7 0.145689
19545 0.145669
19545.4 0.145649
19545.8 0.145629
19546.1 0.145609
19546.5 0.145589
19546.9 0.145569
19547.2 0.145548
19547.6 0.145528
19548 0.145508
19548.3 0.145488
19548.7 0.145468
19549.1 0.145448
19549.4 0.145428
19549.8 0.145408
19550.2 0.145388
19550.5 0.145368
19550.9 0.145348
19551.3 0.145328
19551.6 0.145308
19552 0.145288
19552.4 0.145268
19552.7 0.145248
19553.1 0.145228
19553.5 0.145208
19553.8 0.145188
19554.2 0.145168
19554.6 0.145148
19554.9 0.145129
19555.3 0.145109
19555.7 0.145089
19556 0.145069
19556.4 0.145049
19556.8 0.145029
19557.1 0.145009
19557.5 0.144989
19557.9 0.144969
19558.2 0.144949
19558.6 0.144929
19559 0.144909
19559.3 0.144889
19559.7 0.144869
19560.1 0.14485
19560.4 0.14483
19560.8 0.14481
19561.2 0.14479
19561.5 0.14477
19561.9 0.14475
19562.3 0.14473
19562.6 0.14471
19563 0.14469
19563.4 0.144671
19563.7 0.144651
19564.1 0.144631
19564.5 0.144611
19564.8 0.144591
19565.2 0.144571
19565.6 0.144551
19565.9 0.144532
19566.3 0.144512
19566.6 0.144492
19567 0.144472
19567.4 0.144452
19567.7 0.144432
19568.1 0.144413
19568.5 0.144393
19568.8 0.144373
19569.2 0.144353
19569.6 0.144333
19569.9 0.144314
19570.3 0.144294
19570.7 0.144274
19571 0.144254
19571.4 0.144234
19571.8 0.144215
19572.1 0.144195
19572.5 0.144175
19572.9 0.144155
19573.2 0.144136
19573.6 0.144116
19574 0.144096
19574.3 0.144076
19574.7 0.144057
19575.1 0.144037
19575.4 0.144017
19575.8 0.143997
19576.2 0.143978
19576.5 0.143958
19576.9 0.143938
19577.3 0.143919
19577.6 0.143899
19578 0.143879
19578.4 0.143859
19578.7 0.14384
19579.1 0.14382
19579.5 0.1438
19579.8 0.143781
19580.2 0.143761
19580.6 0.143741
19580.9 0.143722
19581.3 0.143702
19581.7 0.143682
19582 0.143663
19582.4 0.143643
19582.8 0.143623
19583.1 0.143604
19583.5 0.143584
19583.9 0.143564
19584.2 0.143545
19584.6 0.143525
19585 0.143505
19585.3 0.143486
19585.7 0.143466
19586.1 0.143446
19586.4 0.143427
19586.8 0.143407
19587.2 0.143388
19587.5 0.143368
19587.9 0.143348
19588.3 0.143329
19588.6 0.143309
19589 0.14329
19589.4 0.14327
19589.7 0.14325
19590.1 0.143231
19590.5 0.143211
19590.8 0.143192
19591.2 0.143172
19591.6 0.143153
19591.9 0.143133
19592.3 0.143113
19592.7 0.143094
19593 0.143074
19593.4 0.143055
19593.7 0.143035
19594.1 0.143016
19594.5 0.142996
19594.8 0.142977
19595.2 0.142957
19595.6 0.142938
19595.9 0.142918
19596.3 0.142899
19596.7 0.142879
19597 0.142859
19597.4 0.14284
19597.8 0.142821
19598.1 0.142801
19598.5 0.142781
19598.9 0.142762
19599.2 0.142743
19599.6 0.142723
19600 0.142704
19600.3 0.142684
19600.7 0.142665
19601.1 0.142645
19601.4 0.142626
19601.8 0.142606
19602.2 0.142587
19602.5 0.142567
19602.9 0.142548
19603.3 0.142528
19603.6 0.142509
19604 0.14249
19604.4 0.14247
19604.7 0.142451
19605.1 0.142431
19605.5 0.142412
19605.8 0.142392
19606.2 0.142373
19606.6 0.142354
19606.9 0.142334
19607.3 0.142315
19607.7 0.142295
19608 0.142276
19608.4 0.142257
19608.8 0.142237
19609.1 0.142218
19609.5 0.142198
19609.9 0.142179
19610.2 0.14216
19610.6 0.14214
19611 0.142121
19611.3 0.142102
19611.7 0.142082
19612.1 0.142063
19612.4 0.142044
19612.8 0.142024
19613.2 0.142005
19613.5 0.141986
19613.9 0.141966
19614.3 0.141947
19614.6 0.141928
19615 0.141908
19615.4 0.141889
19615.7 0.14187
19616.1 0.14185
19616.5 0.141831
19616.8 0.141812
19617.2 0.141792
19617.6 0.141773
19617.9 0.141754
19618.3 0.141735
19618.7 0.141715
19619 0.141696
19619.4 0.141677
19619.8 0.141657
19620.1 0.141638
19620.5 0.141619
19620.8 0.1416
19621.2 0.14158
19621.6 0.141561
19621.9 0.141542
19622.3 0.141523
19622.7 0.141503
19623 0.141484
19623.4 0.141465
19623.8 0.141446
19624.1 0.141426
19624.5 0.141407
19624.9 0.141388
19625.2 0.141369
19625.6 0.14135
19626 0.14133
19626.3 0.141311
19626.7 0.141292
19627.1 0.141273
19627.4 0.141254
19627.8 0.141234
19628.2 0.141215
19628.5 0.141196
19628.9 0.141177
19629.3 0.141158
19629.6 0.141139
19630 0.141119
19630.4 0.1411
19630.7 0.141081
19631.1 0.141062
19631.5 0.141043
19631.8 0.141024
19632.2 0.141004
19632.6 0.140985
19632.9 0.140966
19633.3 0.140947
19633.7 0.140928
19634 0.140909
19634.4 0.14089
19634.8 0.140871
19635.1 0.140851
19635.5 0.140832
19635.9 0.140813
19636.2 0.140794
19636.6 0.140775
19637 0.140756
19637.3 0.140737
19637.7 0.140718
19638.1 0.140699
19638.4 0.14068
19638.8 0.14066
19639.2 0.140641
19639.5 0.140622
19639.9 0.140603
19640.3 0.140584
19640.6 0.140565
19641 0.140546
19641.4 0.140527
19641.7 0.140508
19642.1 0.140489
19642.5 0.14047
19642.8 0.140451
19643.2 0.140432
19643.6 0.140413
19643.9 0.140394
19644.3 0.140375
19644.7 0.140356
19645 0.140337
19645.4 0.140318
19645.8 0.140299
19646.1 0.14028
19646.5 0.140261
19646.8 0.140242
19647.2 0.140223
19647.6 0.140204
19647.9 0.140185
19648.3 0.140166
19648.7 0.140147
19649 0.140128
19649.4 0.140109
19649.8 0.14009
19650.1 0.140071
19650.5 0.140052
19650.9 0.140033
19651.2 0.140014
19651.6 0.139995
19652 0.139976
19652.3 0.139957
19652.7 0.139938
19653.1 0.139919
19653.4 0.139901
19653.8 0.139882
19654.2 0.139863
19654.5 0.139844
19654.9 0.139825
19655.3 0.139806
19655.6 0.139787
19656 0.139768
19656.4 0.139749
19656.7 0.13973
19657.1 0.139711
19657.5 0.139693
19657.8 0.139674
19658.2 0.139655
19658.6 0.139636
19658.9 0.139617
19659.3 0.139598
19659.7 0.139579
19660 0.13956
19660.4 0.139542
19660.8 0.139523
19661.1 0.139504
19661.5 0.139485
19661.9 0.139466
19662.2 0.139447
19662.6 0.139429
19663 0.13941
19663.3 0.139391
19663.7 0.139372
19664.1 0.139353
19664.4 0.139334
19664.8 0.139316
19665.2 0.139297
19665.5 0.139278
19665.9 0.139259
19666.3 0.13924
19666.6 0.139222
19667 0.139203
19667.4 0.139184
19667.7 0.139165
19668.1 0.139146
19668.5 0.139128
19668.8 0.139109
19669.2 0.13909
19669.6 0.139071
19669.9 0.139053
19670.3 0.139034
19670.7 0.139015
19671 0.138996
19671.4 0.138978
19671.8 0.138959
19672.1 0.13894
19672.5 0.138921
19672.8 0.138903
19673.2 0.138884
19673.6 0.138865
19673.9 0.138846
19674.3 0.138828
19674.7 0.138809
19675 0.13879
19675.4 0.138771
19675.8 0.138753
19676.1 0.138734
19676.5 0.138715
19676.9 0.138697
19677.2 0.138678
19677.6 0.138659
19678 0.138641
19678.3 0.138622
19678.7 0.138603
19679.1 0.138585
19679.4 0.138566
19679.8 0.138547
19680.2 0.138529
19680.5 0.13851
19680.9 0.138491
19681.3 0.138473
19681.6 0.138454
19682 0.138435
19682.4 0.138417
19682.7 0.138398
19683.1 0.13838
19683.5 0.138361
19683.8 0.138342
19684.2 0.138324
19684.6 0.138305
19684.9 0.138286
19685.3 0.138268
19685.7 0.138249
19686 0.138231
19686.4 0.138212
19686.8 0.138193
19687.1 0.138175
19687.5 0.138156
19687.9 0.138138
19688.2 0.138119
19688.6 0.1381
19689 0.138082
19689.3 0.138063
19689.7 0.138045
19690.1 0.138026
19690.4 0.138008
19690.8 0.137989
19691.2 0.137971
19691.5 0.137952
19691.9 0.137933
19692.3 0.137915
19692.6 0.137896
19693 0.137878
19693.4 0.137859
19693.7 0.137841
19694.1 0.137822
19694.5 0.137804
19694.8 0.137785
19695.2 0.137767
19695.6 0.137748
19695.9 0.13773
19696.3 0.137711
19696.7 0.137693
19697 0.137674
19697.4 0.137656
19697.8 0.137637
19698.1 0.137619
19698.5 0.1376
19698.9 0.137582
19699.2 0.137563
19699.6 0.137545
19699.9 0.137526
19700.3 0.137508
19700.7 0.13749
19701 0.137471
19701.4 0.137453
19701.8 0.137434
19702.1 0.137416
19702.5 0.137397
19702.9 0.137379
19703.2 0.13736
19703.6 0.137342
19704 0.137323
19704.3 0.137305
19704.7 0.137287
19705.1 0.137268
19705.4 0.13725
19705.8 0.137232
19706.2 0.137213
19706.5 0.137195
19706.9 0.137176
19707.3 0.137158
19707.6 0.137139
19708 0.137121
19708.4 0.137103
19708.7 0.137084
19709.1 0.137066
19709.5 0.137048
19709.8 0.137029
19710.2 0.137011
19710.6 0.136992
19710.9 0.136974
19711.3 0.136956
19711.7 0.136937
19712 0.136919
19712.4 0.136901
19712.8 0.136882
19713.1 0.136864
19713.5 0.136846
19713.9 0.136827
19714.2 0.136809
19714.6 0.136791
19715 0.136772
19715.3 0.136754
19715.7 0.136736
19716.1 0.136717
19716.4 0.136699
19716.8 0.136681
19717.2 0.136662
19717.5 0.136644
19717.9 0.136626
19718.3 0.136608
19718.6 0.136589
19719 0.136571
19719.4 0.136553
19719.7 0.136535
19720.1 0.136516
19720.5 0.136498
19720.8 0.13648
19721.2 0.136461
19721.6 0.136443
19721.9 0.136425
19722.3 0.136407
19722.7 0.136389
19723 0.13637
19723.4 0.136352
19723.8 0.136334
19724.1 0.136316
19724.5 0.136297
19724.9 0.136279
19725.2 0.136261
19725.6 0.136243
19726 0.136224
19726.3 0.136206
19726.7 0.136188
19727 0.13617
19727.4 0.136152
19727.8 0.136133
19728.1 0.136115
19728.5 0.136097
19728.9 0.136079
19729.2 0.136061
19729.6 0.136042
19730 0.136024
19730.3 0.136006
19730.7 0.135988
19731.1 0.13597
19731.4 0.135952
19731.8 0.135933
19732.2 0.135915
19732.5 0.135897
19732.9 0.135879
19733.3 0.135861
19733.6 0.135843
19734 0.135825
19734.4 0.135806
19734.7 0.135788
19735.1 0.13577
19735.5 0.135752
19735.8 0.135734
19736.2 0.135716
19736.6 0.135698
19736.9 0.13568
19737.3 0.135662
19737.7 0.135643
19738 0.135625
19738.4 0.135607
19738.8 0.135589
19739.1 0.135571
19739.5 0.135553
19739.9 0.135535
19740.2 0.135517
19740.6 0.135499
19741 0.135481
19741.3 0.135463
19741.7 0.135445
19742.1 0.135426
19742.4 0.135408
19742.8 0.13539
19743.2 0.135372
19743.5 0.135354
19743.9 0.135336
19744.3 0.135318
19744.6 0.1353
19745 0.135282
19745.4 0.135264
19745.7 0.135246
19746.1 0.135228
19746.5 0.13521
19746.8 0.135192
19747.2 0.135174
19747.6 0.135156
19747.9 0.135138
19748.3 0.13512
19748.7 0.135102
19749 0.135084
19749.4 0.135066
19749.8 0.135048
19750.1 0.13503
19750.5 0.135012
19750.9 0.134994
19751.2 0.134976
19751.6 0.134958
19752 0.13494
19752.3 0.134922
19752.7 0.134904
19753.1 0.134886
19753.4 0.134868
19753.8 0.13485
19754.1 0.134833
19754.5 0.134815
19754.9 0.134797
19755.2 0.134779
19755.6 0.134761
19756 0.134743
19756.3 0.134725
19756.7 0.134707
19757.1 0.134689
19757.4 0.134671
19757.8 0.134653
19758.2 0.134635
19758.5 0.134617
19758.9 0.1346
19759.3 0.134582
19759.6 0.134564
19760 0.134546
19760.4 0.134528
19760.7 0.13451
19761.1 0.134492
19761.5 0.134474
19761.8 0.134456
19762.2 0.134439
19762.6 0.134421
19762.9 0.134403
19763.3 0.134385
19763.7 0.134367
19764 0.134349
19764.4 0.134331
19764.8 0.134314
19765.1 0.134296
19765.5 0.134278
19765.9 0.13426
19766.2 0.134242
19766.6 0.134224
19767 0.134207
19767.3 0.134189
19767.7 0.134171
19768.1 0.134153
19768.4 0.134135
19768.8 0.134117
19769.2 0.1341
19769.5 0.134082
19769.9 0.134064
19770.3 0.134046
19770.6 0.134028
19771 0.134011
19771.4 0.133993
19771.7 0.133975
19772.1 0.133957
19772.5 0.13394
19772.8 0.133922
19773.2 0.133904
19773.6 0.133886
19773.9 0.133869
19774.3 0.133851
19774.7 0.133833
19775 0.133815
19775.4 0.133798
19775.8 0.13378
19776.1 0.133762
19776.5 0.133744
19776.9 0.133727
19777.2 0.133709
19777.6 0.133691
19778 0.133673
19778.3 0.133656
19778.7 0.133638
19779.1 0.13362
19779.4 0.133603
19779.8 0.133585
19780.2 0.133567
19780.5 0.133549
19780.9 0.133532
19781.2 0.133514
19781.6 0.133496
19782 0.133479
19782.3 0.133461
19782.7 0.133443
19783.1 0.133426
19783.4 0.133408
19783.8 0.13339
19784.2 0.133373
19784.5 0.133355
19784.9 0.133337
19785.3 0.13332
19785.6 0.133302
19786 0.133284
19786.4 0.133267
19786.7 0.133249
19787.1 0.133231
19787.5 0.133214
19787.8 0.133196
19788.2 0.133178
19788.6 0.133161
19788.9 0.133143
19789.3 0.133126
19789.7 0.133108
19790 0.13309
19790.4 0.133073
19790.8 0.133055
19791.1 0.133038
19791.5 0.13302
19791.9 0.133002
19792.2 0.132985
19792.6 0.132967
19793 0.13295
19793.3 0.132932
19793.7 0.132915
19794.1 0.132897
19794.4 0.132879
19794.8 0.132862
19795.2 0.132844
19795.5 0.132827
19795.9 0.132809
19796.3 0.132792
19796.6 0.132774
19797 0.132756
19797.4 0.132739
19797.7 0.132721
19798.1 0.132704
19798.5 0.132686
19798.8 0.132669
19799.2 0.132651
19799.6 0.132634
19799.9 0.132616
19800.3 0.132599
19800.7 0.132581
19801 0.132564
19801.4 0.132546
19801.8 0.132529
19802.1 0.132511
19802.5 0.132494
19802.9 0.132476
19803.2 0.132459
19803.6 0.132441
19804 0.132424
19804.3 0.132406
19804.7 0.132389
19805.1 0.132371
19805.4 0.132354
19805.8 0.132336
19806.2 0.132319
19806.5 0.132301
19806.9 0.132284
19807.3 0.132267
19807.6 0.132249
19808 0.132232
19808.3 0.132214
19808.7 0.132197
19809.1 0.132179
19809.4 0.132162
19809.8 0.132144
19810.2 0.132127
19810.5 0.13211
19810.9 0.132092
19811.3 0.132075
19811.6 0.132057
19812 0.13204
19812.4 0.132023
19812.7 0.132005
19813.1 0.131988
19813.5 0.13197
19813.8 0.131953
19814.2 0.131936
19814.6 0.131918
19814.9 0.131901
19815.3 0.131883
19815.7 0.131866
19816 0.131849
19816.4 0.131831
19816.8 0.131814
19817.1 0.131797
19817.5 0.131779
19817.9 0.131762
19818.2 0.131744
19818.6 0.131727
19819 0.13171
19819.3 0.131692
19819.7 0.131675
19820.1 0.131658
19820.4 0.13164
19820.8 0.131623
19821.2 0.131606
19821.5 0.131588
19821.9 0.131571
19822.3 0.131554
19822.6 0.131536
19823 0.131519
19823.4 0.131502
19823.7 0.131485
19824.1 0.131467
19824.5 0.13145
19824.8 0.131433
19825.2 0.131415
19825.6 0.131398
19825.9 0.131381
19826.3 0.131363
19826.7 0.131346
19827 0.131329
19827.4 0.131312
19827.8 0.131294
19828.1 0.131277
19828.5 0.13126
19828.9 0.131243
19829.2 0.131225
19829.6 0.131208
19830 0.131191
19830.3 0.131174
19830.7 0.131156
19831.1 0.131139
19831.4 0.131122
19831.8 0.131105
19832.2 0.131087
19832.5 0.13107
19832.9 0.131053
19833.3 0.131036
19833.6 0.131019
19834 0.131001
19834.3 0.130984
19834.7 0.130967
19835.1 0.13095
19835.4 0.130932
19835.8 0.130915
19836.2 0.130898
19836.5 0.130881
19836.9 0.130864
19837.3 0.130847
19837.6 0.130829
19838 0.130812
19838.4 0.130795
19838.7 0.130778
19839.1 0.130761
19839.5 0.130744
19839.8 0.130726
19840.2 0.130709
19840.6 0.130692
19840.9 0.130675
19841.3 0.130658
19841.7 0.130641
19842 0.130624
19842.4 0.130606
19842.8 0.130589
19843.1 0.130572
19843.5 0.130555
19843.9 0.130538
19844.2 0.130521
19844.6 0.130504
19845 0.130486
19845.3 0.130469
19845.7 0.130452
19846.1 0.130435
19846.4 0.130418
19846.8 0.130401
19847.2 0.130384
19847.5 0.130367
19847.9 0.13035
19848.3 0.130333
19848.6 0.130316
19849 0.130298
19849.4 0.130281
19849.7 0.130264
19850.1 0.130247
19850.5 0.13023
19850.8 0.130213
19851.2 0.130196
19851.6 0.130179
19851.9 0.130162
19852.3 0.130145
19852.7 0.130128
19853 0.130111
19853.4 0.130094
19853.8 0.130077
19854.1 0.13006
19854.5 0.130043
19854.9 0.130026
19855.2 0.130009
19855.6 0.129992
19856 0.129975
19856.3 0.129957
19856.7 0.12994
19857.1 0.129923
19857.4 0.129907
19857.8 0.129889
19858.2 0.129872
19858.5 0.129855
19858.9 0.129838
19859.3 0.129822
19859.6 0.129805
19860 0.129788
19860.3 0.129771
19860.7 0.129754
19861.1 0.129737
19861.4 0.12972
19861.8 0.129703
19862.2 0.129686
19862.5 0.129669
19862.9 0.129652
19863.3 0.129635
19863.6 0.129618
19864 0.129601
19864.4 0.129584
19864.7 0.129567
19865.1 0.12955
19865.5 0.129533
19865.8 0.129516
19866.2 0.129499
19866.6 0.129482
19866.9 0.129465
19867.3 0.129449
19867.7 0.129432
19868 0.129415
19868.4 0.129398
19868.8 0.129381
19869.1 0.129364
19869.5 0.129347
19869.9 0.12933
19870.2 0.129313
19870.6 0.129296
19871 0.129279
19871.3 0.129263
19871.7 0.129246
19872.1 0.129229
19872.4 0.129212
19872.8 0.129195
19873.2 0.129178
19873.5 0.129161
19873.9 0.129145
19874.3 0.129128
19874.6 0.129111
19875 0.129094
19875.4 0.129077
19875.7 0.12906
19876.1 0.129043
19876.5 0.129027
19876.8 0.12901
19877.2 0.128993
19877.6 0.128976
19877.9 0.128959
19878.3 0.128942
19878.7 0.128926
19879 0.128909
19879.4 0.128892
19879.8 0.128875
19880.1 0.128858
19880.5 0.128842
19880.9 0.128825
19881.2 0.128808
19881.6 0.128791
19882 0.128774
19882.3 0.128758
19882.7 0.128741
19883.1 0.128724
19883.4 0.128707
19883.8 0.128691
19884.2 0.128674
19884.5 0.128657
19884.9 0.12864
19885.3 0.128624
19885.6 0.128607
19886 0.12859
19886.4 0.128573
19886.7 0.128556
19887.1 0.12854
19887.4 0.128523
19887.8 0.128506
19888.2 0.128489
19888.5 0.128473
19888.9 0.128456
19889.3 0.128439
19889.6 0.128423
19890 0.128406
19890.4 0.128389
19890.7 0.128372
19891.1 0.128356
19891.5 0.128339
19891.8 0.128322
19892.2 0.128306
19892.6 0.128289
19892.9 0.128272
19893.3 0.128256
19893.7 0.128239
19894 0.128222
19894.4 0.128205
19894.8 0.128189
19895.1 0.128172
19895.5 0.128155
19895.9 0.128139
19896.2 0.128122
19896.6 0.128105
19897 0.128089
19897.3 0.128072
19897.7 0.128055
19898.1 0.128039
19898.4 0.128022
19898.8 0.128005
19899.2 0.127989
19899.5 0.127972
19899.9 0.127956
19900.3 0.127939
19900.6 0.127922
19901 0.127906
19901.4 0.127889
19901.7 0.127872
19902.1 0.127856
19902.5 0.127839
19902.8 0.127823
19903.2 0.127806
19903.6 0.127789
19903.9 0.127773
19904.3 0.127756
19904.7 0.12774
19905 0.127723
19905.4 0.127706
19905.8 0.12769
19906.1 0.127673
19906.5 0.127657
19906.9 0.12764
19907.2 0.127623
19907.6 0.127607
19908 0.12759
19908.3 0.127574
19908.7 0.127557
19909.1 0.127541
19909.4 0.127524
19909.8 0.127507
19910.2 0.127491
19910.5 0.127474
19910.9 0.127458
19911.3 0.127441
19911.6 0.127425
19912 0.127408
19912.4 0.127392
19912.7 0.127375
19913.1 0.127359
19913.5 0.127342
19913.8 0.127326
19914.2 0.127309
19914.5 0.127293
19914.9 0.127276
19915.3 0.12726
19915.6 0.127243
19916 0.127227
19916.4 0.12721
19916.7 0.127194
19917.1 0.127177
19917.5 0.127161
19917.8 0.127144
19918.2 0.127128
19918.6 0.127111
19918.9 0.127095
19919.3 0.127078
19919.7 0.127062
19920 0.127045
19920.4 0.127029
19920.8 0.127012
19921.1 0.126996
19921.5 0.126979
19921.9 0.126963
19922.2 0.126947
19922.6 0.12693
19923 0.126914
19923.3 0.126897
19923.7 0.126881
19924.1 0.126864
19924.4 0.126848
19924.8 0.126832
19925.2 0.126815
19925.5 0.126799
19925.9 0.126782
19926.3 0.126766
19926.6 0.126749
19927 0.126733
19927.4 0.126717
19927.7 0.1267
19928.1 0.126684
19928.5 0.126667
19928.8 0.126651
19929.2 0.126635
19929.6 0.126618
19929.9 0.126602
19930.3 0.126586
19930.7 0.126569
19931 0.126553
19931.4 0.126536
19931.8 0.12652
19932.1 0.126504
19932.5 0.126487
19932.9 0.126471
19933.2 0.126455
19933.6 0.126438
19934 0.126422
19934.3 0.126406
19934.7 0.126389
19935.1 0.126373
19935.4 0.126357
19935.8 0.12634
19936.2 0.126324
19936.5 0.126308
19936.9 0.126291
19937.3 0.126275
19937.6 0.126259
19938 0.126242
19938.4 0.126226
19938.7 0.12621
19939.1 0.126193
19939.5 0.126177
19939.8 0.126161
19940.2 0.126144
19940.6 0.126128
19940.9 0.126112
19941.3 0.126096
19941.6 0.126079
19942 0.126063
19942.4 0.126047
19942.7 0.12603
19943.1 0.126014
19943.5 0.125998
19943.8 0.125982
19944.2 0.125965
19944.6 0.125949
19944.9 0.125933
19945.3 0.125917
19945.7 0.1259
19946 0.125884
19946.4 0.125868
19946.8 0.125852
19947.1 0.125835
19947.5 0.125819
19947.9 0.125803
19948.2 0.125787
19948.6 0.12577
19949 0.125754
19949.3 0.125738
19949.7 0.125722
19950.1 0.125705
19950.4 0.125689
19950.8 0.125673
19951.2 0.125657
19951.5 0.125641
19951.9 0.125624
19952.3 0.125608
19952.6 0.125592
19953 0.125576
19953.4 0.12556
19953.7 0.125544
19954.1 0.125527
19954.5 0.125511
19954.8 0.125495
19955.2 0.125479
19955.6 0.125463
19955.9 0.125446
19956.3 0.12543
19956.7 0.125414
19957 0.125398
19957.4 0.125382
19957.8 0.125366
19958.1 0.125349
19958.5 0.125333
19958.9 0.125317
19959.2 0.125301
19959.6 0.125285
19960 0.125269
19960.3 0.125253
19960.7 0.125237
19961.1 0.12522
19961.4 0.125204
19961.8 0.125188
19962.2 0.125172
19962.5 0.125156
19962.9 0.12514
19963.3 0.125124
19963.6 0.125108
19964 0.125092
19964.4 0.125075
19964.7 0.125059
19965.1 0.125043
19965.5 0.125027
19965.8 0.125011
19966.2 0.124995
19966.6 0.124979
19966.9 0.124963
19967.3 0.124947
19967.7 0.124931
19968 0.124915
19968.4 0.124899
19968.7 0.124883
19969.1 0.124866
19969.5 0.12485
19969.8 0.124834
19970.2 0.124818
19970.6 0.124802
19970.9 0.124786
19971.3 0.12477
19971.7 0.124754
19972 0.124738
19972.4 0.124722
19972.8 0.124706
19973.1 0.12469
19973.5 0.124674
19973.9 0.124658
19974.2 0.124642
19974.6 0.124626
19975 0.12461
19975.3 0.124594
19975.7 0.124578
19976.1 0.124562
19976.4 0.124546
19976.8 0.12453
19977.2 0.124514
19977.5 0.124498
19977.9 0.124482
19978.3 0.124466
19978.6 0.12445
19979 0.124434
19979.4 0.124418
19979.7 0.124402
19980.1 0.124386
19980.5 0.12437
19980.8 0.124354
19981.2 0.124338
19981.6 0.124322
19981.9 0.124306
19982.3 0.12429
19982.7 0.124274
19983 0.124258
19983.4 0.124243
19983.8 0.124227
19984.1 0.124211
19984.5 0.124195
19984.9 0.124179
19985.2 0.124163
19985.6 0.124147
19986 0.124131
19986.3 0.124115
19986.7 0.124099
19987.1 0.124083
19987.4 0.124067
19987.8 0.124051
19988.2 0.124035
19988.5 0.12402
19988.9 0.124004
19989.3 0.123988
19989.6 0.123972
19990 0.123956
19990.4 0.12394
19990.7 0.123924
19991.1 0.123908
19991.5 0.123893
19991.8 0.123877
19992.2 0.123861
19992.6 0.123845
19992.9 0.123829
19993.3 0.123813
19993.7 0.123797
19994 0.123781
19994.4 0.123766
19994.8 0.12375
19995.1 0.123734
19995.5 0.123718
19995.8 0.123702
19996.2 0.123686
19996.6 0.123671
19996.9 0.123655
19997.3 0.123639
19997.7 0.123623
19998 0.123607
19998.4 0.123591
19998.8 0.123576
19999.1 0.12356
19999.5 0.123544
19999.9 0.123528
